0	0	0	0	0
0	0	0	0	1.4978526e-9
0	0	0	0	1.1547356e-8
0	0	0	0	3.9265252e-8
0	0	0	1.1907522e-9	9.2047249e-8
0	0	1.3551868e-9	2.3251566e-9	1.7971474e-7
0	0	2.3408718e-9	4.0163436e-9	3.1078299e-7
0	0	3.7162011e-9	6.3760592e-9	4.934977e-7
0	0	5.5460819e-9	9.5156744e-9	7.3624989e-7
0	0	7.8941506e-9	1.3544366e-8	0.0000010486121
0	0	1.0826354e-8	1.8575286e-8	0.0000014378143
0	0	1.4406309e-8	2.4717584e-8	0.000001913305
0	0	1.8698891e-8	3.208257e-8	0.0000024832264
0	0	2.3768333e-8	4.078045e-8	0.0000031562809
0	0	2.9678644e-8	5.0921051e-8	0.000003941316
0	0	3.6494255e-8	6.2614916e-8	0.0000048467024
0	0	4.4280003e-8	7.5973292e-8	0.0000058803344
0	0	5.3099242e-8	9.1104875e-8	0.0000070514951
0	0	6.3015949e-8	1.0811944e-7	0.0000083687841
0	0	7.4094516e-8	1.2712746e-7	0.000009840324
0	0	8.6399325e-8	1.482394e-7	0.000011474176
0	0	9.9993483e-8	1.7156353e-7	0.000013279582
0	0	1.1494114e-7	1.9720994e-7	0.000015264687
0	0	1.3130603e-7	2.2528794e-7	0.000017437988
0	0	1.4915186e-7	2.5590687e-7	0.00001980792
0	0	1.6854212e-7	2.8917565e-7	0.000022383062
0	0	1.895401e-7	3.2520286e-7	0.000025172142
0	0	2.122101e-7	3.6409885e-7	0.000028182786
0	0	2.366154e-7	4.0597215e-7	0.000031423597
0	0	2.6281881e-7	4.5093056e-7	0.000034903529
0	0	2.90884e-7	4.9908331e-7	0.000038630647
0	0	3.2087377e-7	5.5053816e-7	0.000042613782
0	0	3.528522e-7	6.0540504e-7	0.000046860459
0	0	3.8688166e-7	6.6379095e-7	0.0000513798
0	0	4.2302556e-7	7.2580471e-7	0.00005617983
0	0	4.6134667e-7	7.9155401e-7	0.000061269133
0	0	5.019082e-7	8.6114728e-7	0.000066655817
0	0	5.4477267e-7	9.3469183e-7	0.000072348549
0	0	5.9000348e-7	0.0000010122964	0.000078355106
0	0	6.3766252e-7	0.0000010940672	0.000084684656
0	0	6.8781316e-7	0.0000011801129	0.000091344851
0	0	7.405177e-7	0.0000012705405	0.00009834432
0	0	7.9583842e-7	0.0000013654568	0.00010569163
0	0	8.5383911e-7	0.0000014649712	0.00011339383
0	0	9.1458076e-7	0.0000015691883	0.00012146062
0	0	9.7812606e-7	0.0000016782158	0.00012989996
0	0	0.0000010445375	0.0000017921609	0.00013871995
0	0	0.0000011138777	0.000001911131	0.00014792845
0	0	0.0000011862083	0.0000020352319	0.00015753428
0	0	0.000001261592	0.000002164571	0.00016754515
0	0	0.0000013400898	0.000002299253	0.00017797038
0	0	0.0000014217646	0.000002439386	0.00018881716
0	0	0.000001506678	0.0000025850757	0.00020009406
0	0	0.0000015948919	0.0000027364281	0.00021180937
0	0	0.0000016864681	0.0000028935492	0.00022397135
0	0	0.0000017814686	0.0000030565456	0.00023658776
0	0	0.000001879955	0.000003225523	0.00024966691
0	0	0.0000019819883	0.0000034005858	0.00026321771
0	0	0.0000020876306	0.0000035818407	0.00027724773
0	0	0.0000021969436	0.0000037693935	0.00029176491
0	0	0.0000023099884	0.0000039633492	0.00030677773
0	0	0.0000024268263	0.0000041638128	0.00032229443
0	0	0.0000025475191	0.0000043708902	0.00033832275
0	0	0.000002672127	0.0000045846852	0.00035487163
0	0	0.0000028007124	0.0000048053041	0.00037194827
0	0	0.0000029333357	0.0000050328512	0.00038956128
0	0	0.0000030700582	0.0000052674314	0.00040771858
0	0	0.0000032109405	0.0000055091487	0.00042642865
0	0	0.0000033560444	0.000005758109	0.00044569885
0	0	0.0000035054299	0.0000060144154	0.00046553798
0	0	0.0000036591581	0.0000062781726	0.00048595389
0	0	0.0000038172897	0.0000065494849	0.00050695462
0	0	0.0000039798857	0.000006828457	0.00052854793
0	0	0.0000041470066	0.0000071151923	0.00055074213
0	0	0.0000043187124	0.0000074097941	0.00057354568
0	0	0.0000044950641	0.0000077123669	0.00059696616
0	0	0.0000046761222	0.0000080230147	0.00062101149
0	0	0.0000048619466	0.00000834184	0.00064569015
0	0	0.0000050525985	0.000008668948	0.00067100933
0	0	0.0000052481371	0.0000090044402	0.000696978
0	0	0.0000054486234	0.0000093484211	0.00072360344
0	0	0.0000056541172	0.0000097009935	0.00075089388
0	0	0.0000058646782	0.00001006226	0.00077885771
0	0	0.000006080367	0.000010432324	0.00080750221
0	0	0.0000063012435	0.000010811288	0.00083683544
0	0	0.0000065273676	0.000011199256	0.0008668654
0	0	0.0000067587981	0.000011596328	0.00089760084
0	0	0.0000069955961	0.00001200261	0.0009290486
0	0	0.0000072378204	0.000012418201	0.00096121731
0	0	0.0000074855315	0.000012843205	0.00099411411
0	0	0.0000077387879	0.000013277724	0.0010277479
0	0	0.0000079976496	0.00001372186	0.0010621262
0	0	0.0000082621765	0.000014175716	0.0010972564
0	0	0.0000085324273	0.000014639392	0.0011331469
0	0	0.0000088084616	0.00001511299	0.0011698057
0	0	0.0000090903387	0.000015596614	0.0012072402
0	0	0.0000093781177	0.000016090362	0.0012454586
0	0	0.0000096718578	0.000016594339	0.0012844685
0	0	0.0000099716178	0.000017108643	0.0013242783
0	0	0.000010277457	0.000017633378	0.0013648953
0	0	0.000010589435	0.000018168645	0.0014063269
0	0	0.000010907609	0.000018714542	0.0014485819
0	0	0.000011232039	0.000019271173	0.0014916681
0	0	0.000011562784	0.000019838637	0.0015355925
0	0	0.000011899903	0.000020417036	0.0015803633
0	0	0.000012243453	0.00002100647	0.0016259883
0	0	0.000012593493	0.00002160704	0.0016724752
0	0	0.000012950083	0.000022218846	0.0017198319
0	0	0.00001331328	0.000022841988	0.0017680661
0	0	0.000013683143	0.000023476566	0.0018171858
0	0	0.000014059731	0.000024122681	0.0018671978
0	0	0.000014443101	0.000024780432	0.0019181112
0	0	0.000014833311	0.000025449919	0.001969933
0	0	0.00001523042	0.000026131242	0.0020226709
0	0	0.000015634487	0.000026824502	0.0020763326
0	0	0.000016045568	0.000027529796	0.002130926
0	0	0.000016463722	0.000028247225	0.0021864588
0	0	0.000016889007	0.000028976887	0.0022429387
0	0	0.000017321481	0.000029718884	0.0023003729
0	0	0.000017761202	0.000030473312	0.0023587698
0	0	0.000018208226	0.000031240271	0.0024181369
0	0	0.000018662613	0.000032019862	0.0024784811
0	0	0.000019124419	0.000032812181	0.0025398108
0	0	0.000019593702	0.000033617327	0.0026021337
0	0	0.000020070519	0.000034435401	0.002665457
0	0	0.000020554928	0.000035266498	0.0027297888
0	0	0.000021046987	0.000036110719	0.0027951364
0	0	0.000021546752	0.000036968161	0.0028615072
0	0	0.000022054281	0.000037838923	0.0029289094
0	0	0.000022569631	0.000038723103	0.0029973499
0	0	0.000023092859	0.000039620798	0.0030668369
0	0	0.000023624022	0.000040532106	0.0031373778
0	0	0.000024163178	0.000041457126	0.0032089798
0	0	0.000024710382	0.000042395955	0.0032816508
0	0	0.000025265693	0.000043348691	0.0033553981
-1.0083115e-9	0	0.000025829166	0.00004431543	0.0034302299
-1.030629e-9	0	0.000026400858	0.00004529627	0.0035061529
-1.0532696e-9	0	0.000026980827	0.000046291308	0.0035831753
-1.0762356e-9	0	0.000027569128	0.000047300642	0.0036613044
-1.0995287e-9	0	0.00002816582	0.000048324369	0.0037405469
-1.1231518e-9	0	0.000028770957	0.000049362585	0.0038209116
-1.1471069e-9	0	0.000029384596	0.000050415387	0.0039024054
-1.1713959e-9	0	0.000030006794	0.000051482872	0.0039850357
-1.1960213e-9	0	0.000030637607	0.000052565136	0.0040688102
-1.2209852e-9	0	0.000031277091	0.000053662277	0.0041537362
-1.2462899e-9	0	0.000031925302	0.000054774389	0.0042398215
-1.2719374e-9	0	0.000032582298	0.00005590157	0.0043270733
-1.29793e-9	0	0.000033248133	0.000057043917	0.0044154988
-1.3242697e-9	0	0.000033922864	0.000058201524	0.0045051054
-1.350959e-9	0	0.000034606546	0.000059374488	0.0045959012
-1.3779999e-9	0	0.000035299236	0.000060562904	0.0046878932
-1.4053946e-9	-1.0012529e-9	0.00003600099	0.000061766869	0.0047810887
-1.4331452e-9	-1.0210234e-9	0.000036711863	0.000062986478	0.0048754951
-1.4612542e-9	-1.0410493e-9	0.00003743191	0.000064221827	0.0049711203
-1.4897234e-9	-1.0613314e-9	0.000038161188	0.00006547301	0.0050679715
-1.5185551e-9	-1.0818725e-9	0.000038899753	0.000066740124	0.0051660555
-1.5477514e-9	-1.1026727e-9	0.000039647659	0.000068023264	0.0052653801
-1.5773148e-9	-1.1237347e-9	0.000040404962	0.000069322523	0.0053659532
-1.6072469e-9	-1.1450597e-9	0.000041171718	0.000070638	0.005467781
-1.6375503e-9	-1.1666487e-9	0.000041947982	0.000071969786	0.0055708719
-1.668227e-9	-1.1885039e-9	0.00004273381	0.000073317978	0.0056752325
-1.6992792e-9	-1.2106265e-9	0.000043529255	0.00007468267	0.0057808708
-1.7307089e-9	-1.2330183e-9	0.000044334375	0.000076063958	0.0058877932
-1.7625185e-9	-1.2556805e-9	0.000045149223	0.000077461934	0.005996008
-1.79471e-9	-1.2786151e-9	0.000045973855	0.000078876693	0.0061055221
-1.8272856e-9	-1.3018228e-9	0.000046808326	0.000080308331	0.0062163427
-1.8602475e-9	-1.325306e-9	0.00004765269	0.000081756941	0.0063284776
-1.8935977e-9	-1.3490658e-9	0.000048507004	0.000083222617	0.0064419334
-1.9273384e-9	-1.3731041e-9	0.00004937132	0.000084705453	0.0065567176
-1.9614717e-9	-1.3974217e-9	0.000050245696	0.000086205543	0.0066728376
-1.9959998e-9	-1.4220208e-9	0.000051130183	0.000087722981	0.0067903008
-2.0309248e-9	-1.4469026e-9	0.000052024839	0.00008925786	0.0069091139
-2.0662488e-9	-1.4720686e-9	0.000052929716	0.000090810275	0.0070292847
-2.1019741e-9	-1.4975208e-9	0.00005384487	0.000092380317	0.0071508205
-2.1381026e-9	-1.5232598e-9	0.000054770356	0.000093968082	0.0072737279
-2.1746365e-9	-1.5492882e-9	0.000055706226	0.000095573661	0.0073980147
-2.2115779e-9	-1.5756064e-9	0.000056652537	0.00009719715	0.0075236876
-2.2489291e-9	-1.6022166e-9	0.000057609342	0.000098838638	0.0076507546
-2.2866919e-9	-1.6291202e-9	0.000058576695	0.00010049822	0.0077792219
-2.3248687e-9	-1.6563186e-9	0.00005955465	0.00010217599	0.0079090978
-2.3634614e-9	-1.6838135e-9	0.000060543262	0.00010387204	0.0080403884
-2.4024723e-9	-1.7116062e-9	0.000061542585	0.00010558646	0.0081731018
-2.4419033e-9	-1.739698e-9	0.000062552672	0.00010731935	0.0083072443
-2.4817568e-9	-1.7680911e-9	0.000063573577	0.00010907079	0.008442824
-2.5220346e-9	-1.7967865e-9	0.000064605355	0.00011084089	0.0085798472
-2.5627388e-9	-1.8257857e-9	0.00006564806	0.00011262972	0.0087183212
-2.6038718e-9	-1.8550903e-9	0.000066701744	0.00011443739	0.0088582538
-2.6454355e-9	-1.8847018e-9	0.000067766461	0.00011626399	0.0089996515
-2.687432e-9	-1.9146215e-9	0.000068842266	0.0001181096	0.0091425216
-2.7298633e-9	-1.944851e-9	0.000069929211	0.00011997432	0.0092868709
-2.7727316e-9	-1.975392e-9	0.000071027351	0.00012185825	0.009432707
-2.8160391e-9	-2.0062456e-9	0.000072136738	0.00012376146	0.009580037
-2.8597874e-9	-2.0374135e-9	0.000073257426	0.00012568406	0.0097288671
-2.9039793e-9	-2.0688972e-9	0.000074389469	0.00012762614	0.0098792056
-2.9486163e-9	-2.1006983e-9	0.000075532919	0.00012958778	0.010031059
-2.9937008e-9	-2.1328182e-9	0.00007668783	0.00013156908	0.010184434
-3.0392348e-9	-2.1652582e-9	0.000077854255	0.00013357013	0.010339339
-3.0852202e-9	-2.1980199e-9	0.000079032247	0.00013559102	0.010495779
-3.1316593e-9	-2.2311046e-9	0.000080221859	0.00013763184	0.010653763
-3.1785541e-9	-2.2645142e-9	0.000081423144	0.00013969268	0.010813297
-3.2259065e-9	-2.2982498e-9	0.000082636155	0.00014177364	0.010974387
-3.2737188e-9	-2.3323127e-9	0.000083860945	0.00014387479	0.011137043
-3.3219929e-9	-2.366705e-9	0.000085097566	0.00014599625	0.011301269
-3.3707309e-9	-2.4014276e-9	0.000086346072	0.00014813808	0.011467074
-3.4199349e-9	-2.4364824e-9	0.000087606515	0.00015030039	0.011634463
-3.469607e-9	-2.4718706e-9	0.000088878946	0.00015248326	0.011803445
-3.5197491e-9	-2.5075934e-9	0.000090163421	0.00015468679	0.011974027
-3.5703632e-9	-2.5436528e-9	0.00009145999	0.00015691106	0.012146214
-3.6214516e-9	-2.5800501e-9	0.000092768705	0.00015915616	0.012320014
-3.6730162e-9	-2.6167864e-9	0.000094089621	0.00016142219	0.012495434
-3.7250592e-9	-2.6538637e-9	0.000095422787	0.00016370923	0.012672482
-3.7775823e-9	-2.6912827e-9	0.000096768258	0.00016601737	0.012851163
-3.8305879e-9	-2.7290457e-9	0.000098126084	0.0001683467	0.013031486
-3.8840776e-9	-2.7671541e-9	0.00009949632	0.00017069732	0.013213456
-3.9380538e-9	-2.8056087e-9	0.00010087902	0.0001730693	0.01339708
-3.9925186e-9	-2.8444111e-9	0.00010227422	0.00017546275	0.013582367
-4.0474738e-9	-2.883563e-9	0.00010368199	0.00017787774	0.013769322
-4.1029214e-9	-2.9230657e-9	0.00010510238	0.00018031437	0.013957952
-4.1588634e-9	-2.9629212e-9	0.00010653544	0.00018277273	0.014148265
-4.215302e-9	-3.0031298e-9	0.00010798122	0.0001852529	0.014340266
-4.2722392e-9	-3.0436939e-9	0.00010943976	0.00018775498	0.014533964
-4.3296771e-9	-3.0846147e-9	0.00011091113	0.00019027905	0.014729365
-4.3876173e-9	-3.1258935e-9	0.00011239538	0.00019282519	0.014926475
-4.4460623e-9	-3.1675317e-9	0.00011389255	0.00019539351	0.015125302
-4.5050136e-9	-3.2095307e-9	0.0001154027	0.00019798408	0.015325852
-4.5644738e-9	-3.251892e-9	0.00011692588	0.000200597	0.015528133
-4.6244445e-9	-3.2946176e-9	0.00011846214	0.00020323235	0.01573215
-4.6849279e-9	-3.3377078e-9	0.00012001153	0.00020589022	0.015937912
-4.7459258e-9	-3.3811649e-9	0.00012157411	0.0002085707	0.016145424
-4.8074403e-9	-3.42499e-9	0.00012314991	0.00021127388	0.016354694
-4.8694734e-9	-3.4691848e-9	0.00012473901	0.00021399983	0.016565728
-4.9320272e-9	-3.5137504e-9	0.00012634144	0.00021674866	0.016778533
-4.9951035e-9	-3.5586878e-9	0.00012795726	0.00021952045	0.016993115
-5.0587043e-9	-3.6039993e-9	0.00012958652	0.00022231528	0.017209482
-5.1228317e-9	-3.6496861e-9	0.00013122926	0.00022513325	0.017427641
-5.1874878e-9	-3.6957492e-9	0.00013288555	0.00022797444	0.017647598
-5.2526744e-9	-3.7421902e-9	0.00013455543	0.00023083893	0.01786936
-5.3183933e-9	-3.7890109e-9	0.00013623895	0.00023372681	0.018092933
-5.3846468e-9	-3.8362126e-9	0.00013793616	0.00023663818	0.018318324
-5.4514366e-9	-3.8837958e-9	0.00013964711	0.00023957311	0.01854554
-5.5187652e-9	-3.9317628e-9	0.00014137186	0.0002425317	0.018774589
-5.5866339e-9	-3.9801152e-9	0.00014311046	0.00024551402	0.019005475
-5.6550451e-9	-4.0288534e-9	0.00014486294	0.00024852017	0.019238207
-5.7240006e-9	-4.0779798e-9	0.00014662937	0.00025155024	0.01947279
-5.7935024e-9	-4.1274954e-9	0.0001484098	0.0002546043	0.019709232
-5.8635524e-9	-4.1774014e-9	0.00015020427	0.00025768244	0.019947539
-5.9341527e-9	-4.2276995e-9	0.00015201284	0.00026078476	0.020187718
-6.0053052e-9	-4.2783912e-9	0.00015383556	0.00026391133	0.020429776
-6.0770118e-9	-4.3294774e-9	0.00015567247	0.00026706224	0.020673718
-6.1492744e-9	-4.38096e-9	0.00015752362	0.00027023759	0.020919552
-6.222095e-9	-4.4328401e-9	0.00015938907	0.00027343744	0.021167285
-6.2954757e-9	-4.4851188e-9	0.00016126887	0.00027666189	0.021416923
-6.3694183e-9	-4.5377984e-9	0.00016316306	0.00027991103	0.021668472
-6.4439246e-9	-4.5908792e-9	0.0001650717	0.00028318493	0.021921939
-6.5189969e-9	-4.6443634e-9	0.00016699483	0.00028648369	0.022177331
-6.5946368e-9	-4.6982518e-9	0.00016893251	0.00028980738	0.022434655
-6.6708465e-9	-4.7525465e-9	0.00017088478	0.0002931561	0.022693917
-6.7476279e-9	-4.8072483e-9	0.0001728517	0.00029652993	0.022955124
-6.8249826e-9	-4.8623584e-9	0.00017483331	0.00029992895	0.023218281
-6.902913e-9	-4.9178787e-9	0.00017682966	0.00030335325	0.023483397
-6.9814206e-9	-4.97381e-9	0.00017884081	0.00030680291	0.023750476
-7.0605077e-9	-5.0301545e-9	0.00018086679	0.00031027802	0.024019527
-7.140176e-9	-5.0869131e-9	0.00018290767	0.00031377866	0.024290554
-7.2204274e-9	-5.144087e-9	0.00018496349	0.00031730491	0.024563566
-7.3012639e-9	-5.2016779e-9	0.00018703429	0.00032085686	0.024838568
-7.3826874e-9	-5.2596869e-9	0.00018912014	0.00032443459	0.025115567
-7.4646998e-9	-5.3181152e-9	0.00019122107	0.00032803819	0.02539457
-7.5473031e-9	-5.3769647e-9	0.00019333714	0.00033166774	0.025675583
-7.6304991e-9	-5.4362366e-9	0.00019546839	0.00033532333	0.025958612
-7.7142898e-9	-5.4959321e-9	0.00019761488	0.00033900503	0.026243664
-7.7986768e-9	-5.5560523e-9	0.00019977665	0.00034271294	0.026530744
-7.8836624e-9	-5.6165992e-9	0.00020195375	0.00034644712	0.026819862
-7.9692485e-9	-5.6775735e-9	0.00020414623	0.00035020768	0.027111021
-8.0554366e-9	-5.7389771e-9	0.00020635414	0.00035399468	0.02740423
-8.1422289e-9	-5.8008109e-9	0.00020857753	0.00035780822	0.027699493
-8.2296273e-9	-5.8630769e-9	0.00021081644	0.00036164838	0.027996818
-8.3176336e-9	-5.9257753e-9	0.00021307093	0.00036551524	0.028296212
-8.4062496e-9	-5.9889085e-9	0.00021534104	0.00036940887	0.02859768
-8.4954776e-9	-6.0524777e-9	0.00021762682	0.00037332938	0.028901229
-8.5853189e-9	-6.1164836e-9	0.00021992832	0.00037727683	0.029206865
-8.6757758e-9	-6.1809287e-9	0.00022224559	0.00038125131	0.029514595
-8.7668498e-9	-6.2458129e-9	0.00022457868	0.0003852529	0.029824425
-8.8585433e-9	-6.3111385e-9	0.00022692763	0.00038928169	0.030136362
-8.9508577e-9	-6.3769066e-9	0.00022929249	0.00039333775	0.030450412
-9.0437951e-9	-6.4431186e-9	0.00023167331	0.00039742117	0.03076658
-9.1373575e-9	-6.5097757e-9	0.00023407014	0.00040153203	0.031084875
-9.2315464e-9	-6.5768793e-9	0.00023648302	0.00040567042	0.031405302
-9.326364e-9	-6.6444307e-9	0.00023891201	0.0004098364	0.031727867
-9.421812e-9	-6.712431e-9	0.00024135715	0.00041403008	0.032052577
-9.5178922e-9	-6.7808819e-9	0.00024381849	0.00041825152	0.032379437
-9.6146067e-9	-6.8497848e-9	0.00024629607	0.0004225008	0.032708456
-9.7119571e-9	-6.9191405e-9	0.00024878995	0.00042677802	0.033039637
-9.8099454e-9	-6.988951e-9	0.00025130017	0.00043108325	0.033372989
-9.9085734e-9	-7.0592168e-9	0.00025382678	0.00043541657	0.033708517
-1.0007843e-8	-7.12994e-9	0.00025636983	0.00043977807	0.034046227
-1.0107756e-8	-7.2011215e-9	0.00025892936	0.00044416781	0.034386127
-1.0208314e-8	-7.272763e-9	0.00026150542	0.0004485859	0.034728221
-1.0309519e-8	-7.3448653e-9	0.00026409806	0.00045303239	0.035072517
-1.0411374e-8	-7.4174296e-9	0.00026670733	0.00045750739	0.035419021
-1.0513879e-8	-7.4904579e-9	0.00026933327	0.00046201096	0.035767739
-1.0617037e-8	-7.5639511e-9	0.00027197593	0.00046654318	0.036118676
-1.0720849e-8	-7.6379104e-9	0.00027463536	0.00047110415	0.03647184
-1.0825317e-8	-7.7123375e-9	0.0002773116	0.00047569393	0.036827237
-1.0930444e-8	-7.7872331e-9	0.0002800047	0.00048031261	0.037184873
-1.103623e-8	-7.8625994e-9	0.00028271471	0.00048496026	0.037544754
-1.1142678e-8	-7.9384368e-9	0.00028544167	0.00048963698	0.037906886
-1.124979e-8	-8.014747e-9	0.00028818564	0.00049434282	0.038271275
-1.1357567e-8	-8.0915312e-9	0.00029094665	0.00049907789	0.038637928
-1.1466012e-8	-8.1687909e-9	0.00029372476	0.00050384225	0.039006852
-1.1575125e-8	-8.2465273e-9	0.00029652001	0.00050863599	0.039378051
-1.168491e-8	-8.3247416e-9	0.00029933245	0.00051345919	0.039751532
-1.1795367e-8	-8.403435e-9	0.00030216212	0.00051831191	0.040127302
-1.1906498e-8	-8.4826089e-9	0.00030500907	0.00052319425	0.040505366
-1.2018306e-8	-8.562265e-9	0.00030787335	0.00052810629	0.040885731
-1.2130792e-8	-8.6424038e-9	0.000310755	0.00053304809	0.041268403
-1.2243958e-8	-8.7230271e-9	0.00031365407	0.00053801975	0.041653388
-1.2357805e-8	-8.8041359e-9	0.0003165706	0.00054302133	0.042040692
-1.2472336e-8	-8.8857319e-9	0.00031950465	0.00054805292	0.042430321
-1.2587552e-8	-8.9678159e-9	0.00032245626	0.0005531146	0.042822282
-1.2703456e-8	-9.0503895e-9	0.00032542547	0.00055820645	0.04321658
-1.2820048e-8	-9.1334538e-9	0.00032841232	0.00056332853	0.043613221
-1.2937331e-8	-9.2170106e-9	0.00033141688	0.00056848094	0.044012212
-1.3055306e-8	-9.3010602e-9	0.00033443917	0.00057366375	0.044413559
-1.3173976e-8	-9.3856046e-9	0.00033747925	0.00057887703	0.044817268
-1.3293341e-8	-9.4706448e-9	0.00034053717	0.00058412087	0.045223344
-1.3413405e-8	-9.5561825e-9	0.00034361296	0.00058939535	0.045631794
-1.3534168e-8	-9.6422183e-9	0.00034670668	0.00059470053	0.046042624
-1.3655632e-8	-9.7287536e-9	0.00034981836	0.0006000365	0.046455841
-1.37778e-8	-9.81579e-9	0.00035294807	0.00060540334	0.046871449
-1.3900672e-8	-9.9033288e-9	0.00035609583	0.00061080113	0.047289455
-1.4024251e-8	-9.9913708e-9	0.00035926169	0.00061622993	0.047709865
-1.4148539e-8	-1.0079918e-8	0.00036244571	0.00062168984	0.048132686
-1.4273536e-8	-1.016897e-8	0.00036564793	0.00062718092	0.048557922
-1.4399246e-8	-1.025853e-8	0.00036886838	0.00063270325	0.048985581
-1.4525669e-8	-1.0348599e-8	0.00037210713	0.00063825691	0.049415668
-1.4652808e-8	-1.0439177e-8	0.0003753642	0.00064384198	0.049848188
-1.4780664e-8	-1.0530266e-8	0.00037863965	0.00064945853	0.050283149
-1.4909239e-8	-1.0621868e-8	0.00038193353	0.00065510664	0.050720556
-1.5038535e-8	-1.0713983e-8	0.00038524587	0.00066078638	0.051160415
-1.5168554e-8	-1.0806612e-8	0.00038857672	0.00066649784	0.051602731
-1.5299296e-8	-1.0899758e-8	0.00039192613	0.00067224109	0.052047511
-1.5430765e-8	-1.0993421e-8	0.00039529414	0.0006780162	0.052494762
-1.5562961e-8	-1.1087602e-8	0.00039868079	0.00068382326	0.052944488
-1.5695887e-8	-1.1182303e-8	0.00040208614	0.00068966233	0.053396695
-1.5829544e-8	-1.1277525e-8	0.00040551022	0.00069553349	0.05385139
-1.5963934e-8	-1.1373269e-8	0.00040895308	0.00070143683	0.054308579
-1.6099059e-8	-1.1469537e-8	0.00041241476	0.00070737241	0.054768267
-1.623492e-8	-1.1566329e-8	0.00041589531	0.00071334031	0.05523046
-1.6371519e-8	-1.1663647e-8	0.00041939478	0.0007193406	0.055695164
-1.6508858e-8	-1.1761492e-8	0.0004229132	0.00072537337	0.056162386
-1.6646939e-8	-1.1859866e-8	0.00042645062	0.00073143869	0.05663213
-1.6785763e-8	-1.1958769e-8	0.00043000709	0.00073753662	0.057104403
-1.6925332e-8	-1.2058203e-8	0.00043358265	0.00074366726	0.057579211
-1.7065648e-8	-1.2158169e-8	0.00043717735	0.00074983066	0.058056558
-1.7206712e-8	-1.2258668e-8	0.00044079122	0.00075602692	0.058536453
-1.7348526e-8	-1.2359701e-8	0.00044442431	0.00076225609	0.059018899
-1.7491093e-8	-1.2461271e-8	0.00044807667	0.00076851826	0.059503904
-1.7634413e-8	-1.2563377e-8	0.00045174833	0.00077481351	0.059991472
-1.7778488e-8	-1.2666022e-8	0.00045543935	0.00078114189	0.06048161
-1.7923321e-8	-1.2769205e-8	0.00045914977	0.0007875035	0.060974323
-1.8068912e-8	-1.287293e-8	0.00046287963	0.00079389841	0.061469617
-1.8215263e-8	-1.2977196e-8	0.00046662897	0.00080032668	0.061967498
-1.8362377e-8	-1.3082005e-8	0.00047039784	0.00080678839	0.062467972
-1.8510254e-8	-1.3187357e-8	0.00047418628	0.00081328363	0.062971045
-1.8658897e-8	-1.3293256e-8	0.00047799434	0.00081981245	0.063476722
-1.8808308e-8	-1.3399701e-8	0.00048182205	0.00082637494	0.063985008
-1.8958487e-8	-1.3506694e-8	0.00048566947	0.00083297116	0.064495911
-1.9109436e-8	-1.3614236e-8	0.00048953663	0.0008396012	0.065009435
-1.9261158e-8	-1.3722328e-8	0.00049342358	0.00084626512	0.065525586
-1.9413654e-8	-1.3830972e-8	0.00049733036	0.00085296301	0.066044371
-1.9566926e-8	-1.3940168e-8	0.00050125702	0.00085969492	0.066565793
-1.9720975e-8	-1.4049917e-8	0.00050520359	0.00086646094	0.067089861
-1.9875803e-8	-1.4160222e-8	0.00050917013	0.00087326114	0.067616579
-2.0031411e-8	-1.4271083e-8	0.00051315666	0.00088009559	0.068145952
-2.0187802e-8	-1.4382502e-8	0.00051716325	0.00088696437	0.068677987
-2.0344977e-8	-1.4494479e-8	0.00052118992	0.00089386754	0.069212689
-2.0502938e-8	-1.4607015e-8	0.00052523672	0.00090080518	0.069750064
-2.0661686e-8	-1.4720113e-8	0.0005293037	0.00090777737	0.070290118
-2.0821223e-8	-1.4833773e-8	0.0005333909	0.00091478417	0.070832855
-2.0981551e-8	-1.4947996e-8	0.00053749836	0.00092182566	0.071378283
-2.1142671e-8	-1.5062784e-8	0.00054162612	0.0009289019	0.071926406
-2.1304585e-8	-1.5178137e-8	0.00054577422	0.00093601298	0.07247723
-2.1467294e-8	-1.5294057e-8	0.00054994272	0.00094315897	0.073030761
-2.1630801e-8	-1.5410545e-8	0.00055413164	0.00095033993	0.073587004
-2.1795107e-8	-1.5527603e-8	0.00055834103	0.00095755594	0.074145966
-2.1960214e-8	-1.564523e-8	0.00056257094	0.00096480707	0.074707651
-2.2126123e-8	-1.576343e-8	0.00056682141	0.00097209339	0.075272065
-2.2292836e-8	-1.5882202e-8	0.00057109248	0.00097941497	0.075839214
-2.2460354e-8	-1.6001547e-8	0.00057538418	0.00098677189	0.076409104
-2.2628679e-8	-1.6121469e-8	0.00057969657	0.00099416422	0.076981739
-2.2797813e-8	-1.6241966e-8	0.00058402969	0.001001592	0.077557126
-2.2967758e-8	-1.636304e-8	0.00058838357	0.0010090554	0.07813527
-2.3138515e-8	-1.6484693e-8	0.00059275827	0.0010165543	0.078716177
-2.3310085e-8	-1.6606926e-8	0.00059715381	0.001024089	0.079299852
-2.3482471e-8	-1.672974e-8	0.00060157025	0.0010316594	0.079886301
-2.3655674e-8	-1.6853136e-8	0.00060600762	0.0010392657	0.080475529
-2.3829695e-8	-1.6977115e-8	0.00061046597	0.0010469078	0.081067542
-2.4004537e-8	-1.7101678e-8	0.00061494533	0.001054586	0.081662345
-2.41802e-8	-1.7226827e-8	0.00061944576	0.0010623002	0.082259944
-2.4356687e-8	-1.7352562e-8	0.00062396728	0.0010700505	0.082860344
-2.4533999e-8	-1.7478886e-8	0.00062850995	0.0010778369	0.083463552
-2.4712138e-8	-1.7605798e-8	0.00063307381	0.0010856597	0.084069571
-2.4891105e-8	-1.7733301e-8	0.00063765888	0.0010935187	0.084678409
-2.5070902e-8	-1.7861394e-8	0.00064226523	0.0011014142	0.08529007
-2.525153e-8	-1.799008e-8	0.00064689288	0.0011093461	0.085904559
-2.5432992e-8	-1.811936e-8	0.00065154188	0.0011173146	0.086521883
-2.5615288e-8	-1.8249234e-8	0.00065621227	0.0011253196	0.087142047
-2.5798421e-8	-1.8379704e-8	0.0006609041	0.0011333614	0.087765056
-2.5982391e-8	-1.8510771e-8	0.00066561739	0.0011414398	0.088390915
-2.6167201e-8	-1.8642436e-8	0.0006703522	0.0011495551	0.08901963
-2.6352852e-8	-1.8774701e-8	0.00067510857	0.0011577073	0.089651207
-2.6539346e-8	-1.8907566e-8	0.00067988652	0.0011658965	0.090285651
-2.6726684e-8	-1.9041032e-8	0.00068468612	0.0011741226	0.090922967
-2.6914868e-8	-1.9175101e-8	0.00068950739	0.0011823858	0.091563161
-2.71039e-8	-1.9309773e-8	0.00069435038	0.0011906862	0.092206238
-2.7293781e-8	-1.9445051e-8	0.00069921512	0.0011990239	0.092852203
-2.7484512e-8	-1.9580935e-8	0.00070410167	0.0012073988	0.093501062
-2.7676095e-8	-1.9717425e-8	0.00070901005	0.0012158111	0.09415282
-2.7868533e-8	-1.9854525e-8	0.00071394031	0.0012242608	0.094807483
-2.8061825e-8	-1.9992233e-8	0.0007188925	0.001232748	0.095465055
-2.8255975e-8	-2.0130552e-8	0.00072386664	0.0012412728	0.096125544
-2.8450983e-8	-2.0269483e-8	0.00072886279	0.0012498353	0.096788952
-2.8646851e-8	-2.0409026e-8	0.00073388097	0.0012584354	0.097455287
-2.8843581e-8	-2.0549184e-8	0.00073892124	0.0012670733	0.098124553
-2.9041174e-8	-2.0689956e-8	0.00074398363	0.0012757491	0.098796755
-2.9239632e-8	-2.0831344e-8	0.00074906818	0.0012844628	0.0994719
-2.9438956e-8	-2.097335e-8	0.00075417493	0.0012932144	0.10014999
-2.9639148e-8	-2.1115973e-8	0.00075930392	0.0013020041	0.10083104
-2.9840209e-8	-2.1259217e-8	0.00076445519	0.0013108319	0.10151504
-3.0042142e-8	-2.1403081e-8	0.00076962879	0.0013196979	0.102202
-3.0244947e-8	-2.1547566e-8	0.00077482475	0.0013286022	0.10289194
-3.0448626e-8	-2.1692674e-8	0.0007800431	0.0013375447	0.10358485
-3.0653181e-8	-2.1838406e-8	0.0007852839	0.0013465257	0.10428073
-3.0858613e-8	-2.1984764e-8	0.00079054718	0.0013555451	0.1049796
-3.1064924e-8	-2.2131747e-8	0.00079583298	0.001364603	0.10568146
-3.1272115e-8	-2.2279357e-8	0.00080114134	0.0013736995	0.10638632
-3.1480188e-8	-2.2427595e-8	0.00080647229	0.0013828346	0.10709417
-3.1689144e-8	-2.2576463e-8	0.00081182589	0.0013920085	0.10780503
-3.1898986e-8	-2.2725962e-8	0.00081720216	0.0014012211	0.1085189
-3.2109713e-8	-2.2876091e-8	0.00082260115	0.0014104726	0.10923579
-3.2321329e-8	-2.3026854e-8	0.0008280229	0.001419763	0.10995569
-3.2533834e-8	-2.317825e-8	0.00083346744	0.0014290924	0.11067863
-3.274723e-8	-2.333028e-8	0.00083893482	0.0014384609	0.11140459
-3.2961519e-8	-2.3482947e-8	0.00084442507	0.0014478684	0.11213359
-3.3176702e-8	-2.3636251e-8	0.00084993824	0.0014573152	0.11286563
-3.339278e-8	-2.3790193e-8	0.00085547436	0.0014668011	0.11360072
-3.3609755e-8	-2.3944774e-8	0.00086103347	0.0014763264	0.11433886
-3.3827629e-8	-2.4099995e-8	0.0008666156	0.0014858911	0.11508006
-3.4046403e-8	-2.4255857e-8	0.00087222081	0.0014954952	0.11582432
-3.4266079e-8	-2.4412362e-8	0.00087784913	0.0015051389	0.11657165
-3.4486658e-8	-2.456951e-8	0.00088350059	0.0015148221	0.11732204
-3.4708142e-8	-2.4727303e-8	0.00088917523	0.0015245449	0.11807552
-3.4930531e-8	-2.4885741e-8	0.00089487311	0.0015343074	0.11883208
-3.5153829e-8	-2.5044826e-8	0.00090059424	0.0015441098	0.11959173
-3.5378035e-8	-2.5204559e-8	0.00090633867	0.0015539519	0.12035447
-3.5603152e-8	-2.536494e-8	0.00091210644	0.001563834	0.12112031
-3.5829182e-8	-2.5525971e-8	0.0009178976	0.001573756	0.12188925
-3.6056125e-8	-2.5687654e-8	0.00092371216	0.001583718	0.1226613
-3.6283983e-8	-2.5849988e-8	0.00092955018	0.0015937202	0.12343646
-3.6512758e-8	-2.6012975e-8	0.0009354117	0.0016037625	0.12421474
-3.6742451e-8	-2.6176617e-8	0.00094129674	0.001613845	0.12499615
-3.6973063e-8	-2.6340913e-8	0.00094720536	0.0016239678	0.12578068
-3.7204597e-8	-2.6505866e-8	0.00095313758	0.0016341309	0.12656835
-3.7437053e-8	-2.6671476e-8	0.00095909345	0.0016443345	0.12735915
-3.7670433e-8	-2.6837744e-8	0.000965073	0.0016545786	0.1281531
-3.7904739e-8	-2.7004672e-8	0.00097107627	0.0016648632	0.1289502
-3.8139972e-8	-2.717226e-8	0.0009771033	0.0016751884	0.12975045
-3.8376133e-8	-2.7340509e-8	0.00098315413	0.0016855542	0.13055386
-3.8613224e-8	-2.7509421e-8	0.00098922879	0.0016959609	0.13136044
-3.8851247e-8	-2.7678997e-8	0.00099532733	0.0017064083	0.13217018
-3.9090202e-8	-2.7849238e-8	0.0010014498	0.0017168965	0.13298309
-3.9330092e-8	-2.8020143e-8	0.0010075962	0.0017274257	0.13379919
-3.9570918e-8	-2.8191716e-8	0.0010137665	0.0017379959	0.13461847
-3.9812681e-8	-2.8363957e-8	0.0010199609	0.0017486071	0.13544093
-4.0055383e-8	-2.8536866e-8	0.0010261794	0.0017592595	0.13626659
-4.0299024e-8	-2.8710445e-8	0.001032422	0.001769953	0.13709545
-4.0543608e-8	-2.8884695e-8	0.0010386887	0.0017806877	0.13792751
-4.0789135e-8	-2.9059617e-8	0.0010449795	0.0017914638	0.13876279
-4.1035606e-8	-2.9235211e-8	0.0010512946	0.0018022812	0.13960127
-4.1283023e-8	-2.941148e-8	0.0010576339	0.0018131401	0.14044297
-4.1531388e-8	-2.9588424e-8	0.0010639975	0.0018240404	0.1412879
-4.1780701e-8	-2.9766044e-8	0.0010703855	0.0018349823	0.14213605
-4.2030965e-8	-2.9944341e-8	0.0010767978	0.0018459658	0.14298743
-4.228218e-8	-3.0123315e-8	0.0010832344	0.001856991	0.14384206
-4.2534349e-8	-3.0302969e-8	0.0010896955	0.0018680579	0.14469993
-4.2787473e-8	-3.0483303e-8	0.0010961811	0.0018791666	0.14556104
-4.3041552e-8	-3.0664318e-8	0.0011026912	0.0018903172	0.14642541
-4.3296589e-8	-3.0846016e-8	0.0011092259	0.0019015097	0.14729303
-4.3552585e-8	-3.1028396e-8	0.0011157851	0.0019127442	0.14816392
-4.3809541e-8	-3.1211461e-8	0.0011223689	0.0019240207	0.14903807
-4.406746e-8	-3.1395211e-8	0.0011289774	0.0019353394	0.1499155
-4.4326341e-8	-3.1579647e-8	0.0011356105	0.0019467002	0.1507962
-4.4586187e-8	-3.176477e-8	0.0011422684	0.0019581032	0.15168018
-4.4846999e-8	-3.1950582e-8	0.0011489511	0.0019695486	0.15256745
-4.5108778e-8	-3.2137083e-8	0.0011556585	0.0019810362	0.15345802
-4.5371526e-8	-3.2324274e-8	0.0011623908	0.0019925663	0.15435187
-4.5635245e-8	-3.2512156e-8	0.001169148	0.0020041389	0.15524903
-4.5899935e-8	-3.2700731e-8	0.0011759301	0.002015754	0.1561495
-4.6165599e-8	-3.2889999e-8	0.0011827371	0.0020274117	0.15705327
-4.6432237e-8	-3.3079962e-8	0.0011895691	0.0020391121	0.15796036
-4.669985e-8	-3.3270619e-8	0.0011964261	0.0020508552	0.15887077
-4.6968442e-8	-3.3461973e-8	0.0012033081	0.002062641	0.15978451
-4.7238011e-8	-3.3654024e-8	0.0012102153	0.0020744697	0.16070157
-4.7508561e-8	-3.3846773e-8	0.0012171476	0.0020863413	0.16162197
-4.7780093e-8	-3.4040222e-8	0.001224105	0.0020982559	0.16254571
-4.8052607e-8	-3.4234371e-8	0.0012310876	0.0021102134	0.16347279
-4.8326106e-8	-3.4429221e-8	0.0012380955	0.0021222141	0.16440322
-4.860059e-8	-3.4624773e-8	0.0012451286	0.0021342579	0.165337
-4.8876062e-8	-3.4821029e-8	0.001252187	0.0021463448	0.16627414
-4.9152522e-8	-3.5017989e-8	0.0012592708	0.0021584751	0.16721465
-4.9429971e-8	-3.5215653e-8	0.0012663799	0.0021706486	0.16815852
-4.9708412e-8	-3.5414024e-8	0.0012735145	0.0021828656	0.16910576
-4.9987846e-8	-3.5613103e-8	0.0012806745	0.0021951259	0.17005638
-5.0268274e-8	-3.5812889e-8	0.0012878599	0.0022074298	0.17101039
-5.0549697e-8	-3.6013385e-8	0.0012950709	0.0022197772	0.17196777
-5.0832116e-8	-3.6214591e-8	0.0013023075	0.0022321682	0.17292855
-5.1115534e-8	-3.6416508e-8	0.0013095696	0.0022446029	0.17389273
-5.1399951e-8	-3.6619137e-8	0.0013168573	0.0022570813	0.1748603
-5.1685369e-8	-3.6822478e-8	0.0013241707	0.0022696035	0.17583128
-5.197179e-8	-3.7026534e-8	0.0013315098	0.0022821696	0.17680567
-5.2259214e-8	-3.7231305e-8	0.0013388747	0.0022947795	0.17778347
-5.2547642e-8	-3.7436792e-8	0.0013462652	0.0023074335	0.17876469
-5.2837077e-8	-3.7642996e-8	0.0013536816	0.0023201314	0.17974934
-5.312752e-8	-3.7849917e-8	0.0013611238	0.0023328734	0.18073741
-5.3418972e-8	-3.8057558e-8	0.0013685919	0.0023456596	0.18172892
-5.3711434e-8	-3.8265918e-8	0.0013760859	0.0023584899	0.18272386
-5.4004907e-8	-3.8474999e-8	0.0013836058	0.0023713646	0.18372224
-5.4299394e-8	-3.8684802e-8	0.0013911517	0.0023842835	0.18472407
-5.4594895e-8	-3.8895327e-8	0.0013987236	0.0023972468	0.18572936
-5.4891412e-8	-3.9106576e-8	0.0014063215	0.0024102545	0.18673809
-5.5188946e-8	-3.931855e-8	0.0014139455	0.0024233067	0.18775029
-5.5487499e-8	-3.9531249e-8	0.0014215956	0.0024364035	0.18876595
-5.5787071e-8	-3.9744675e-8	0.0014292719	0.0024495448	0.18978508
-5.6087664e-8	-3.9958828e-8	0.0014369743	0.0024627308	0.19080769
-5.638928e-8	-4.017371e-8	0.0014447029	0.0024759615	0.19183377
-5.6691919e-8	-4.0389321e-8	0.0014524578	0.002489237	0.19286334
-5.6995584e-8	-4.0605662e-8	0.001460239	0.0025025573	0.19389639
-5.7300275e-8	-4.0822735e-8	0.0014680465	0.0025159225	0.19493293
-5.7605993e-8	-4.1040539e-8	0.0014758803	0.0025293327	0.19597297
-5.7912741e-8	-4.1259077e-8	0.0014837405	0.0025427878	0.19701652
-5.8220519e-8	-4.1478349e-8	0.0014916272	0.002556288	0.19806356
-5.8529329e-8	-4.1698356e-8	0.0014995402	0.0025698333	0.19911412
-5.8839172e-8	-4.1919099e-8	0.0015074798	0.0025834238	0.20016819
-5.9150049e-8	-4.2140579e-8	0.0015154459	0.0025970595	0.20122578
-5.9461962e-8	-4.2362797e-8	0.0015234385	0.0026107405	0.20228689
-5.9774912e-8	-4.2585753e-8	0.0015314578	0.0026244668	0.20335154
-6.00889e-8	-4.2809449e-8	0.0015395036	0.0026382385	0.20441971
-6.0403927e-8	-4.3033886e-8	0.0015475761	0.0026520556	0.20549142
-6.0719996e-8	-4.3259065e-8	0.0015556753	0.0026659183	0.20656667
-6.1037106e-8	-4.3484985e-8	0.0015638012	0.0026798265	0.20764547
-6.1355261e-8	-4.371165e-8	0.0015719538	0.0026937803	0.20872781
-6.1674459e-8	-4.3939058e-8	0.0015801333	0.0027077799	0.20981371
-6.1994705e-8	-4.4167212e-8	0.0015883395	0.0027218251	0.21090317
-6.2315997e-8	-4.4396112e-8	0.0015965726	0.0027359161	0.21199619
-6.2638338e-8	-4.4625759e-8	0.0016048326	0.0027500529	0.21309278
-6.2961729e-8	-4.4856154e-8	0.0016131196	0.0027642357	0.21419294
-6.3286172e-8	-4.5087298e-8	0.0016214334	0.0027784643	0.21529668
-6.3611666e-8	-4.5319192e-8	0.0016297743	0.002792739	0.216404
-6.3938215e-8	-4.5551837e-8	0.0016381422	0.0028070598	0.21751491
-6.4265819e-8	-4.5785234e-8	0.0016465371	0.0028214266	0.2186294
-6.4594479e-8	-4.6019383e-8	0.0016549591	0.0028358396	0.21974749
-6.4924197e-8	-4.6254286e-8	0.0016634083	0.0028502989	0.22086917
-6.5254974e-8	-4.6489943e-8	0.0016718845	0.0028648044	0.22199446
-6.5586811e-8	-4.6726355e-8	0.001680388	0.0028793562	0.22312335
-6.5919709e-8	-4.6963523e-8	0.0016889187	0.0028939544	0.22425586
-6.625367e-8	-4.7201449e-8	0.0016974766	0.0029085991	0.22539198
-6.6588696e-8	-4.7440133e-8	0.0017060619	0.0029232902	0.22653172
-6.6924786e-8	-4.7679576e-8	0.0017146744	0.0029380279	0.22767508
-6.7261943e-8	-4.7919778e-8	0.0017233143	0.0029528122	0.22882208
-6.7600168e-8	-4.8160742e-8	0.0017319815	0.0029676431	0.2299727
-6.7939462e-8	-4.8402467e-8	0.0017406762	0.0029825208	0.23112697
-6.8279826e-8	-4.8644954e-8	0.0017493983	0.0029974452	0.23228487
-6.8621263e-8	-4.8888205e-8	0.0017581479	0.0030124164	0.23344642
-6.8963771e-8	-4.913222e-8	0.001766925	0.0030274345	0.23461162
-6.9307354e-8	-4.9377001e-8	0.0017757297	0.0030424995	0.23578047
-6.9652013e-8	-4.9622548e-8	0.0017845619	0.0030576115	0.23695298
-6.9997747e-8	-4.9868861e-8	0.0017934217	0.0030727705	0.23812916
-7.034456e-8	-5.0115943e-8	0.0018023092	0.0030879766	0.239309
-7.0692452e-8	-5.0363794e-8	0.0018112243	0.0031032298	0.24049251
-7.1041424e-8	-5.0612414e-8	0.0018201672	0.0031185302	0.2416797
-7.1391478e-8	-5.0861804e-8	0.0018291378	0.0031338778	0.24287057
-7.1742614e-8	-5.1111966e-8	0.0018381361	0.0031492727	0.24406512
-7.2094835e-8	-5.1362901e-8	0.0018471622	0.003164715	0.24526335
-7.2448141e-8	-5.1614608e-8	0.0018562162	0.0031802047	0.24646529
-7.2802533e-8	-5.186709e-8	0.001865298	0.0031957418	0.24767091
-7.3158013e-8	-5.2120346e-8	0.0018744077	0.0032113264	0.24888024
-7.3514582e-8	-5.2374379e-8	0.0018835454	0.0032269586	0.25009327
-7.3872241e-8	-5.2629188e-8	0.001892711	0.0032426383	0.25131001
-7.4230992e-8	-5.2884774e-8	0.0019019046	0.0032583657	0.25253047
-7.4590835e-8	-5.3141139e-8	0.0019111262	0.0032741409	0.25375464
-7.4951772e-8	-5.3398284e-8	0.0019203758	0.0032899637	0.25498253
-7.5313805e-8	-5.3656208e-8	0.0019296536	0.0033058344	0.25621415
-7.5676933e-8	-5.3914914e-8	0.0019389594	0.003321753	0.25744949
-7.604116e-8	-5.4174401e-8	0.0019482934	0.0033377195	0.25868857
-7.6406484e-8	-5.4434672e-8	0.0019576556	0.0033537339	0.25993139
-7.6772909e-8	-5.4695725e-8	0.001967046	0.0033697963	0.26117795
-7.7140435e-8	-5.4957564e-8	0.0019764646	0.0033859069	0.26242826
-7.7509063e-8	-5.5220188e-8	0.0019859115	0.0034020655	0.26368231
-7.7878795e-8	-5.5483597e-8	0.0019953867	0.0034182723	0.26494013
-7.8249632e-8	-5.5747795e-8	0.0020048902	0.0034345273	0.26620169
-7.8621574e-8	-5.601278e-8	0.0020144221	0.0034508306	0.26746703
-7.8994624e-8	-5.6278553e-8	0.0020239824	0.0034671822	0.26873612
-7.9368782e-8	-5.6545116e-8	0.0020335711	0.0034835822	0.27000899
-7.9744049e-8	-5.6812471e-8	0.0020431882	0.0035000306	0.27128564
-8.0120428e-8	-5.7080616e-8	0.0020528339	0.0035165275	0.27256606
-8.0497918e-8	-5.7349553e-8	0.002062508	0.0035330729	0.27385026
-8.0876521e-8	-5.7619283e-8	0.0020722107	0.0035496669	0.27513825
-8.1256239e-8	-5.7889808e-8	0.002081942	0.0035663095	0.27643004
-8.1637072e-8	-5.8161127e-8	0.0020917019	0.0035830008	0.27772561
-8.2019022e-8	-5.8433241e-8	0.0021014904	0.0035997408	0.27902499
-8.2402089e-8	-5.8706152e-8	0.0021113076	0.0036165296	0.28032817
-8.2786276e-8	-5.897986e-8	0.0021211535	0.0036333672	0.28163515
-8.3171583e-8	-5.9254366e-8	0.0021310282	0.0036502536	0.28294595
-8.3558011e-8	-5.9529671e-8	0.0021409315	0.003667189	0.28426056
-8.3945562e-8	-5.9805776e-8	0.0021508637	0.0036841734	0.28557899
-8.4334236e-8	-6.0082681e-8	0.0021608247	0.0037012068	0.28690124
-8.4724036e-8	-6.0360388e-8	0.0021708146	0.0037182892	0.28822732
-8.5114961e-8	-6.0638897e-8	0.0021808333	0.0037354208	0.28955723
-8.5507014e-8	-6.091821e-8	0.0021908809	0.0037526015	0.29089098
-8.5900195e-8	-6.1198326e-8	0.0022009575	0.0037698315	0.29222856
-8.6294505e-8	-6.1479246e-8	0.0022110631	0.0037871107	0.29356999
-8.6689947e-8	-6.1760973e-8	0.0022211976	0.0038044392	0.29491526
-8.708652e-8	-6.2043505e-8	0.0022313612	0.0038218171	0.29626439
-8.7484226e-8	-6.2326845e-8	0.0022415538	0.0038392444	0.29761737
-8.7883066e-8	-6.2610993e-8	0.0022517755	0.0038567212	0.2989742
-8.8283042e-8	-6.2895949e-8	0.0022620264	0.0038742475	0.3003349
-8.8684154e-8	-6.3181716e-8	0.0022723064	0.0038918233	0.30169947
-8.9086404e-8	-6.3468293e-8	0.0022826156	0.0039094488	0.3030679
-8.9489792e-8	-6.3755681e-8	0.0022929539	0.0039271239	0.30444021
-8.989432e-8	-6.4043881e-8	0.0023033216	0.0039448487	0.3058164
-9.0299989e-8	-6.4332894e-8	0.0023137184	0.0039626232	0.30719646
-9.0706801e-8	-6.4622721e-8	0.0023241446	0.0039804476	0.30858042
-9.1114756e-8	-6.4913362e-8	0.0023346001	0.0039983218	0.30996826
-9.1523855e-8	-6.5204819e-8	0.002345085	0.0040162458	0.31136
-9.19341e-8	-6.5497092e-8	0.0023555992	0.0040342199	0.31275563
-9.2345491e-8	-6.5790182e-8	0.0023661429	0.0040522439	0.31415517
-9.275803e-8	-6.6084089e-8	0.002376716	0.0040703179	0.31555861
-9.3171719e-8	-6.6378815e-8	0.0023873186	0.004088442	0.31696596
-9.3586557e-8	-6.6674361e-8	0.0023979507	0.0041066163	0.31837722
-9.4002547e-8	-6.6970726e-8	0.0024086123	0.0041248407	0.3197924
-9.4419688e-8	-6.7267913e-8	0.0024193034	0.0041431154	0.32121149
-9.4837984e-8	-6.7565921e-8	0.0024300242	0.0041614403	0.32263452
-9.5257434e-8	-6.7864752e-8	0.0024407745	0.0041798156	0.32406147
-9.5678039e-8	-6.8164406e-8	0.0024515545	0.0041982412	0.32549235
-9.6099802e-8	-6.8464885e-8	0.0024623642	0.0042167172	0.32692716
-9.6522722e-8	-6.8766188e-8	0.0024732036	0.0042352436	0.32836592
-9.6946801e-8	-6.9068317e-8	0.0024840727	0.0042538206	0.32980862
-9.7372041e-8	-6.9371273e-8	0.0024949716	0.0042724481	0.33125526
-9.7798441e-8	-6.9675056e-8	0.0025059003	0.0042911263	0.33270586
-9.8226004e-8	-6.9979666e-8	0.0025168587	0.004309855	0.33416041
-9.8654731e-8	-7.0285106e-8	0.0025278471	0.0043286345	0.33561892
-9.9084622e-8	-7.0591376e-8	0.0025388653	0.0043474646	0.33708138
-9.9515678e-8	-7.0898475e-8	0.0025499134	0.0043663456	0.33854782
-9.9947901e-8	-7.1206407e-8	0.0025609914	0.0043852774	0.34001822
-1.0038129e-7	-7.151517e-8	0.0025720994	0.00440426	0.3414926
-1.0081585e-7	-7.1824765e-8	0.0025832374	0.0044232936	0.34297095
-1.0125158e-7	-7.2135195e-8	0.0025944054	0.0044423781	0.34445329
-1.0168848e-7	-7.2446458e-8	0.0026056034	0.0044615137	0.3459396
-1.0212656e-7	-7.2758557e-8	0.0026168315	0.0044807003	0.34742991
-1.025658e-7	-7.3071492e-8	0.0026280897	0.004499938	0.34892421
-1.0300622e-7	-7.3385263e-8	0.002639378	0.0045192268	0.3504225
-1.0344782e-7	-7.3699872e-8	0.0026506965	0.0045385668	0.35192479
-1.0389059e-7	-7.4015318e-8	0.0026620452	0.0045579581	0.35343108
-1.0433454e-7	-7.4331604e-8	0.002673424	0.0045774006	0.35494138
-1.0477967e-7	-7.464873e-8	0.0026848332	0.0045968944	0.35645569
-1.0522598e-7	-7.4966695e-8	0.0026962725	0.0046164397	0.35797401
-1.0567347e-7	-7.5285503e-8	0.0027077422	0.0046360363	0.35949635
-1.0612214e-7	-7.5605152e-8	0.0027192422	0.0046556844	0.3610227
-1.0657199e-7	-7.5925644e-8	0.0027307725	0.0046753839	0.36255309
-1.0702303e-7	-7.6246979e-8	0.0027423333	0.0046951351	0.3640875
-1.0747526e-7	-7.6569159e-8	0.0027539244	0.0047149378	0.36562594
-1.0792866e-7	-7.6892183e-8	0.0027655459	0.0047347921	0.36716842
-1.0838326e-7	-7.7216054e-8	0.0027771979	0.0047546981	0.36871493
-1.0883905e-7	-7.7540771e-8	0.0027888804	0.0047746559	0.37026549
-1.0929602e-7	-7.7866335e-8	0.0028005934	0.0047946654	0.3718201
-1.0975418e-7	-7.8192747e-8	0.002812337	0.0048147267	0.37337875
-1.1021354e-7	-7.8520008e-8	0.0028241111	0.0048348399	0.37494146
-1.1067409e-7	-7.8848119e-8	0.0028359158	0.0048550049	0.37650822
-1.1113583e-7	-7.917708e-8	0.0028477511	0.0048752219	0.37807904
-1.1159876e-7	-7.9506891e-8	0.0028596171	0.0048954909	0.37965393
-1.120629e-7	-7.9837555e-8	0.0028715138	0.0049158119	0.38123288
-1.1252822e-7	-8.0169071e-8	0.0028834411	0.0049361849	0.38281591
-1.1299475e-7	-8.050144e-8	0.0028953992	0.0049566101	0.38440301
-1.1346247e-7	-8.0834664e-8	0.0029073881	0.0049770874	0.38599418
-1.139314e-7	-8.1168742e-8	0.0029194077	0.004997617	0.38758944
-1.1440152e-7	-8.1503675e-8	0.0029314581	0.0050181987	0.38918878
-1.1487285e-7	-8.1839465e-8	0.0029435394	0.0050388328	0.39079222
-1.1534538e-7	-8.2176111e-8	0.0029556515	0.0050595191	0.39239974
-1.1581911e-7	-8.2513615e-8	0.0029677945	0.0050802579	0.39401136
-1.1629405e-7	-8.2851978e-8	0.0029799685	0.005101049	0.39562707
-1.1677019e-7	-8.3191199e-8	0.0029921733	0.0051218926	0.39724689
-1.1724754e-7	-8.3531281e-8	0.0030044092	0.0051427887	0.39887082
-1.177261e-7	-8.3872223e-8	0.003016676	0.0051637373	0.40049885
-1.1820587e-7	-8.4214026e-8	0.0030289739	0.0051847385	0.402131
-1.1868685e-7	-8.4556692e-8	0.0030413028	0.0052057923	0.40376727
-1.1916904e-7	-8.490022e-8	0.0030536628	0.0052268988	0.40540765
-1.1965244e-7	-8.5244611e-8	0.0030660539	0.005248058	0.40705216
-1.2013705e-7	-8.5589867e-8	0.0030784761	0.0052692699	0.40870079
-1.2062288e-7	-8.5935987e-8	0.0030909294	0.0052905346	0.41035355
-1.2110992e-7	-8.6282973e-8	0.003103414	0.0053118521	0.41201045
-1.2159818e-7	-8.6630826e-8	0.0031159297	0.0053332225	0.41367148
-1.2208765e-7	-8.6979545e-8	0.0031284767	0.0053546458	0.41533665
-1.2257835e-7	-8.7329133e-8	0.0031410549	0.0053761221	0.41700597
-1.2307026e-7	-8.7679588e-8	0.0031536644	0.0053976513	0.41867943
-1.2356339e-7	-8.8030913e-8	0.0031663052	0.0054192336	0.42035705
-1.2405774e-7	-8.8383108e-8	0.0031789774	0.005440869	0.42203881
-1.2455332e-7	-8.8736173e-8	0.0031916809	0.0054625575	0.42372474
-1.2505012e-7	-8.909011e-8	0.0032044158	0.0054842991	0.42541482
-1.2554814e-7	-8.9444918e-8	0.0032171821	0.0055060939	0.42710907
-1.2604739e-7	-8.98006e-8	0.0032299799	0.005527942	0.42880749
-1.2654786e-7	-9.0157155e-8	0.0032428091	0.0055498433	0.43051008
-1.2704956e-7	-9.0514583e-8	0.0032556698	0.0055717979	0.43221684
-1.2755249e-7	-9.0872887e-8	0.003268562	0.0055938059	0.43392778
-1.2805665e-7	-9.1232066e-8	0.0032814857	0.0056158673	0.43564289
-1.2856203e-7	-9.1592121e-8	0.003294441	0.0056379822	0.4373622
-1.2906865e-7	-9.1953053e-8	0.0033074279	0.0056601505	0.43908569
-1.295765e-7	-9.2314863e-8	0.0033204464	0.0056823723	0.44081337
-1.3008558e-7	-9.2677551e-8	0.0033334966	0.0057046477	0.44254524
-1.305959e-7	-9.3041118e-8	0.0033465784	0.0057269767	0.44428131
-1.3110745e-7	-9.3405565e-8	0.0033596919	0.0057493593	0.44602158
-1.3162023e-7	-9.3770891e-8	0.0033728371	0.0057717956	0.44776606
-1.3213426e-7	-9.4137099e-8	0.003386014	0.0057942856	0.44951474
-1.3264952e-7	-9.4504189e-8	0.0033992227	0.0058168294	0.45126763
-1.3316602e-7	-9.4872161e-8	0.0034124633	0.0058394269	0.45302474
-1.3368375e-7	-9.5241016e-8	0.0034257356	0.0058620783	0.45478606
-1.3420273e-7	-9.5610755e-8	0.0034390397	0.0058847836	0.45655161
-1.3472295e-7	-9.5981379e-8	0.0034523758	0.0059075427	0.45832137
-1.3524442e-7	-9.6352887e-8	0.0034657437	0.0059303558	0.46009536
-1.3576712e-7	-9.6725282e-8	0.0034791435	0.0059532229	0.46187359
-1.3629107e-7	-9.7098562e-8	0.0034925752	0.0059761441	0.46365604
-1.3681627e-7	-9.747273e-8	0.003506039	0.0059991192	0.46544273
-1.3734271e-7	-9.7847786e-8	0.0035195347	0.0060221485	0.46723367
-1.378704e-7	-9.822373e-8	0.0035330624	0.006045232	0.46902884
-1.3839934e-7	-9.8600563e-8	0.0035466221	0.0060683696	0.47082826
-1.3892952e-7	-9.8978287e-8	0.003560214	0.0060915614	0.47263193
-1.3946096e-7	-9.93569e-8	0.0035738379	0.0061148075	0.47443985
-1.3999364e-7	-9.9736405e-8	0.0035874939	0.0061381079	0.47625203
-1.4052758e-7	-1.001168e-7	0.003601182	0.0061614626	0.47806846
-1.4106278e-7	-1.0049809e-7	0.0036149023	0.0061848717	0.47988916
-1.4159922e-7	-1.0088027e-7	0.0036286548	0.0062083351	0.48171412
-1.4213692e-7	-1.0126335e-7	0.0036424394	0.0062318531	0.48354335
-1.4267587e-7	-1.0164732e-7	0.0036562563	0.0062554255	0.48537685
-1.4321609e-7	-1.0203219e-7	0.0036701055	0.0062790524	0.48721462
-1.4375756e-7	-1.0241795e-7	0.0036839869	0.0063027339	0.48905668
-1.4430028e-7	-1.0280461e-7	0.0036979007	0.00632647	0.49090301
-1.4484427e-7	-1.0319216e-7	0.0037118467	0.0063502607	0.49275363
-1.4538952e-7	-1.0358061e-7	0.0037258252	0.0063741061	0.49460853
-1.4593602e-7	-1.0396996e-7	0.0037398359	0.0063980062	0.49646773
-1.4648379e-7	-1.0436022e-7	0.0037538791	0.006421961	0.49833121
-1.4703283e-7	-1.0475137e-7	0.0037679547	0.0064459706	0.500199
-1.4758312e-7	-1.0514342e-7	0.0037820628	0.006470035	0.50207108
-1.4813468e-7	-1.0553637e-7	0.0037962033	0.0064941543	0.50394746
-1.4868751e-7	-1.0593022e-7	0.0038103763	0.0065183284	0.50582816
-1.492416e-7	-1.0632498e-7	0.0038245818	0.0065425575	0.50771315
-1.4979696e-7	-1.0672063e-7	0.0038388198	0.0065668416	0.50960247
-1.5035359e-7	-1.071172e-7	0.0038530904	0.0065911806	0.51149609
-1.5091149e-7	-1.0751466e-7	0.0038673936	0.0066155747	0.51339403
-1.5147066e-7	-1.0791303e-7	0.0038817294	0.0066400238	0.5152963
-1.520311e-7	-1.0831231e-7	0.0038960979	0.0066645281	0.51720288
-1.5259281e-7	-1.0871249e-7	0.0039104989	0.0066890875	0.5191138
-1.5315579e-7	-1.0911358e-7	0.0039249327	0.0067137021	0.52102904
-1.5372005e-7	-1.0951558e-7	0.0039393992	0.0067383718	0.52294862
-1.5428558e-7	-1.0991848e-7	0.0039538983	0.0067630969	0.52487253
-1.5485239e-7	-1.103223e-7	0.0039684303	0.0067878772	0.52680079
-1.5542047e-7	-1.1072702e-7	0.003982995	0.0068127128	0.52873338
-1.5598983e-7	-1.1113265e-7	0.0039975924	0.0068376038	0.53067032
-1.5656047e-7	-1.1153919e-7	0.0040122227	0.0068625502	0.53261161
-1.5713239e-7	-1.1194665e-7	0.0040268859	0.006887552	0.53455724
-1.5770558e-7	-1.1235501e-7	0.0040415819	0.0069126093	0.53650723
-1.5828006e-7	-1.1276429e-7	0.0040563108	0.006937722	0.53846158
-1.5885582e-7	-1.1317448e-7	0.0040710726	0.0069628903	0.54042029
-1.5943286e-7	-1.1358559e-7	0.0040858673	0.0069881142	0.54238336
-1.6001119e-7	-1.1399761e-7	0.0041006949	0.0070133936	0.5443508
-1.605908e-7	-1.1441054e-7	0.0041155556	0.0070387287	0.5463226
-1.6117169e-7	-1.1482439e-7	0.0041304492	0.0070641195	0.54829878
-1.6175387e-7	-1.1523916e-7	0.0041453759	0.0070895659	0.55027933
-1.6233734e-7	-1.1565484e-7	0.0041603356	0.0071150681	0.55226426
-1.6292209e-7	-1.1607144e-7	0.0041753283	0.0071406261	0.55425357
-1.6350814e-7	-1.1648896e-7	0.0041903541	0.0071662399	0.55624726
-1.6409547e-7	-1.1690739e-7	0.0042054131	0.0071919095	0.55824534
-1.6468409e-7	-1.1732675e-7	0.0042205052	0.007217635	0.56024781
-1.6527401e-7	-1.1774703e-7	0.0042356304	0.0072434164	0.56225467
-1.6586521e-7	-1.1816822e-7	0.0042507888	0.0072692537	0.56426593
-1.6645771e-7	-1.1859034e-7	0.0042659804	0.007295147	0.56628158
-1.670515e-7	-1.1901338e-7	0.0042812052	0.0073210963	0.56830163
-1.6764659e-7	-1.1943734e-7	0.0042964633	0.0073471017	0.57032609
-1.6824297e-7	-1.1986222e-7	0.0043117546	0.0073731631	0.57235495
-1.6884065e-7	-1.2028803e-7	0.0043270792	0.0073992806	0.57438822
-1.6943962e-7	-1.2071476e-7	0.0043424371	0.0074254543	0.57642591
-1.700399e-7	-1.2114241e-7	0.0043578283	0.0074516842	0.57846801
-1.7064147e-7	-1.2157099e-7	0.0043732529	0.0074779702	0.58051453
-1.7124434e-7	-1.220005e-7	0.0043887109	0.0075043125	0.58256546
-1.7184851e-7	-1.2243093e-7	0.0044042022	0.0075307111	0.58462083
-1.7245398e-7	-1.2286229e-7	0.004419727	0.007557166	0.58668061
-1.7306075e-7	-1.2329458e-7	0.0044352852	0.0075836772	0.58874483
-1.7366883e-7	-1.2372779e-7	0.0044508768	0.0076102448	0.59081348
-1.7427821e-7	-1.2416194e-7	0.004466502	0.0076368688	0.59288656
-1.748889e-7	-1.2459701e-7	0.0044821606	0.0076635493	0.59496408
-1.7550089e-7	-1.2503301e-7	0.0044978528	0.0076902862	0.59704604
-1.7611418e-7	-1.2546995e-7	0.0045135784	0.0077170796	0.59913245
-1.7672878e-7	-1.2590781e-7	0.0045293377	0.0077439295	0.6012233
-1.7734469e-7	-1.2634661e-7	0.0045451306	0.007770836	0.6033186
-1.7796191e-7	-1.2678634e-7	0.004560957	0.0077977991	0.60541835
-1.7858044e-7	-1.27227e-7	0.0045768171	0.0078248188	0.60752255
-1.7920028e-7	-1.2766859e-7	0.0045927108	0.0078518952	0.60963121
-1.7982143e-7	-1.2811112e-7	0.0046086382	0.0078790283	0.61174433
-1.8044389e-7	-1.2855458e-7	0.0046245993	0.0079062181	0.61386192
-1.8106766e-7	-1.2899898e-7	0.0046405941	0.0079334647	0.61598397
-1.8169275e-7	-1.2944432e-7	0.0046566226	0.007960768	0.61811048
-1.8231915e-7	-1.2989059e-7	0.0046726849	0.0079881282	0.62024147
-1.8294686e-7	-1.3033779e-7	0.004688781	0.0080155452	0.62237693
-1.835759e-7	-1.3078594e-7	0.0047049108	0.0080430191	0.62451686
-1.8420624e-7	-1.3123502e-7	0.0047210745	0.0080705499	0.62666128
-1.8483791e-7	-1.3168504e-7	0.004737272	0.0080981377	0.62881018
-1.8547089e-7	-1.32136e-7	0.0047535034	0.0081257824	0.63096356
-1.8610519e-7	-1.325879e-7	0.0047697686	0.0081534841	0.63312142
-1.8674082e-7	-1.3304074e-7	0.0047860677	0.0081812429	0.63528378
-1.8737776e-7	-1.3349452e-7	0.0048024008	0.0082090587	0.63745063
-1.8801602e-7	-1.3394924e-7	0.0048187678	0.0082369316	0.63962197
-1.8865561e-7	-1.344049e-7	0.0048351688	0.0082648617	0.64179781
-1.8929651e-7	-1.3486151e-7	0.0048516037	0.0082928489	0.64397815
-1.8993875e-7	-1.3531906e-7	0.0048680726	0.0083208933	0.64616299
-1.905823e-7	-1.3577755e-7	0.0048845756	0.0083489949	0.64835234
-1.9122718e-7	-1.3623698e-7	0.0049011126	0.0083771537	0.6505462
-1.9187339e-7	-1.3669736e-7	0.0049176837	0.0084053699	0.65274457
-1.9252092e-7	-1.3715869e-7	0.0049342888	0.0084336433	0.65494745
-1.9316979e-7	-1.3762096e-7	0.004950928	0.0084619741	0.65715484
-1.9381998e-7	-1.3808418e-7	0.0049676014	0.0084903622	0.65936676
-1.9447149e-7	-1.3854834e-7	0.0049843089	0.0085188077	0.66158319
-1.9512434e-7	-1.3901346e-7	0.0050010506	0.0085473107	0.66380415
-1.9577852e-7	-1.3947952e-7	0.0050178264	0.0085758711	0.66602964
-1.9643403e-7	-1.3994652e-7	0.0050346365	0.008604489	0.66825965
-1.9709087e-7	-1.4041448e-7	0.0050514807	0.0086331645	0.6704942
-1.9774905e-7	-1.4088339e-7	0.0050683592	0.0086618974	0.67273328
-1.9840855e-7	-1.4135324e-7	0.005085272	0.0086906879	0.6749769
-1.990694e-7	-1.4182405e-7	0.0051022191	0.0087195361	0.67722505
-1.9973157e-7	-1.4229581e-7	0.0051192004	0.0087484418	0.67947775
-2.0039509e-7	-1.4276852e-7	0.0051362161	0.0087774053	0.68173499
-2.0105994e-7	-1.4324218e-7	0.0051532661	0.0088064264	0.68399678
-2.0172612e-7	-1.437168e-7	0.0051703504	0.0088355052	0.68626312
-2.0239365e-7	-1.4419237e-7	0.0051874692	0.0088646418	0.68853401
-2.0306251e-7	-1.4466889e-7	0.0052046223	0.0088938361	0.69080945
-2.0373272e-7	-1.4514636e-7	0.0052218099	0.0089230882	0.69308945
-2.0440426e-7	-1.456248e-7	0.0052390319	0.0089523982	0.69537401
-2.0507714e-7	-1.4610418e-7	0.0052562883	0.008981766	0.69766313
-2.0575137e-7	-1.4658452e-7	0.0052735792	0.0090111917	0.69995682
-2.0642694e-7	-1.4706582e-7	0.0052909047	0.0090406754	0.70225507
-2.0710385e-7	-1.4754808e-7	0.0053082646	0.0090702169	0.70455789
-2.077821e-7	-1.4803129e-7	0.005325659	0.0090998165	0.70686529
-2.084617e-7	-1.4851546e-7	0.0053430881	0.009129474	0.70917726
-2.0914265e-7	-1.4900059e-7	0.0053605516	0.0091591896	0.7114938
-2.0982494e-7	-1.4948668e-7	0.0053780498	0.0091889632	0.71381493
-2.1050858e-7	-1.4997373e-7	0.0053955826	0.0092187949	0.71614063
-2.1119357e-7	-1.5046174e-7	0.00541315	0.0092486847	0.71847092
-2.118799e-7	-1.5095071e-7	0.005430752	0.0092786326	0.7208058
-2.1256758e-7	-1.5144064e-7	0.0054483887	0.0093086387	0.72314527
-2.1325661e-7	-1.5193153e-7	0.0054660601	0.009338703	0.72548932
-2.13947e-7	-1.5242338e-7	0.0054837662	0.0093688255	0.72783797
-2.1463873e-7	-1.5291619e-7	0.005501507	0.0093990062	0.73019122
-2.1533182e-7	-1.5340997e-7	0.0055192826	0.0094292452	0.73254907
-2.1602626e-7	-1.5390472e-7	0.0055370929	0.0094595425	0.73491152
-2.1672205e-7	-1.5440042e-7	0.005554938	0.0094898982	0.73727857
-2.1741919e-7	-1.5489709e-7	0.0055728179	0.0095203121	0.73965022
-2.1811769e-7	-1.5539473e-7	0.0055907326	0.0095507845	0.74202649
-2.1881755e-7	-1.5589333e-7	0.0056086821	0.0095813152	0.74440736
-2.1951876e-7	-1.563929e-7	0.0056266665	0.0096119044	0.74679285
-2.2022133e-7	-1.5689343e-7	0.0056446857	0.0096425521	0.74918296
-2.2092525e-7	-1.5739493e-7	0.0056627399	0.0096732582	0.75157768
-2.2163054e-7	-1.578974e-7	0.0056808289	0.0097040228	0.75397702
-2.2233718e-7	-1.5840084e-7	0.0056989529	0.009734846	0.75638099
-2.2304518e-7	-1.5890524e-7	0.0057171118	0.0097657277	0.75878958
-2.2375454e-7	-1.5941062e-7	0.0057353056	0.009796668	0.76120279
-2.2446526e-7	-1.5991696e-7	0.0057535345	0.0098276669	0.76362064
-2.2517735e-7	-1.6042428e-7	0.0057717983	0.0098587245	0.76604312
-2.2589079e-7	-1.6093256e-7	0.0057900971	0.0098898407	0.76847023
-2.266056e-7	-1.6144182e-7	0.005808431	0.0099210156	0.77090198
-2.2732178e-7	-1.6195204e-7	0.0058267999	0.0099522492	0.77333836
-2.2803931e-7	-1.6246324e-7	0.0058452039	0.0099835415	0.77577939
-2.2875822e-7	-1.6297541e-7	0.005863643	0.010014893	0.77822506
-2.2947848e-7	-1.6348856e-7	0.0058821171	0.010046303	0.78067538
-2.3020012e-7	-1.6400267e-7	0.0059006264	0.010077771	0.78313035
-2.3092312e-7	-1.6451776e-7	0.0059191709	0.010109299	0.78558996
-2.3164749e-7	-1.6503383e-7	0.0059377504	0.010140885	0.78805423
-2.3237322e-7	-1.6555087e-7	0.0059563652	0.010172531	0.79052315
-2.3310033e-7	-1.6606889e-7	0.0059750151	0.010204235	0.79299673
-2.338288e-7	-1.6658788e-7	0.0059937003	0.010235998	0.79547497
-2.3455865e-7	-1.6710785e-7	0.0060124207	0.01026782	0.79795788
-2.3528986e-7	-1.6762879e-7	0.0060311763	0.010299701	0.80044544
-2.3602245e-7	-1.6815071e-7	0.0060499671	0.010331641	0.80293767
-2.3675641e-7	-1.6867361e-7	0.0060687933	0.01036364	0.80543457
-2.3749175e-7	-1.6919749e-7	0.0060876547	0.010395699	0.80793614
-2.3822845e-7	-1.6972234e-7	0.0061065515	0.010427816	0.81044238
-2.3896653e-7	-1.7024818e-7	0.0061254836	0.010459992	0.8129533
-2.3970599e-7	-1.7077499e-7	0.006144451	0.010492228	0.81546889
-2.4044682e-7	-1.7130279e-7	0.0061634538	0.010524522	0.81798917
-2.4118903e-7	-1.7183156e-7	0.006182492	0.010556876	0.82051412
-2.4193261e-7	-1.7236132e-7	0.0062015655	0.010589289	0.82304376
-2.4267757e-7	-1.7289205e-7	0.0062206745	0.010621762	0.82557808
-2.4342391e-7	-1.7342377e-7	0.0062398189	0.010654293	0.8281171
-2.4417163e-7	-1.7395647e-7	0.0062589988	0.010686884	0.8306608
-2.4492073e-7	-1.7449016e-7	0.0062782141	0.010719534	0.8332092
-2.456712e-7	-1.7502482e-7	0.0062974649	0.010752243	0.83576229
-2.4642306e-7	-1.7556047e-7	0.0063167512	0.010785012	0.83832007
-2.471763e-7	-1.7609711e-7	0.006336073	0.01081784	0.84088256
-2.4793092e-7	-1.7663472e-7	0.0063554303	0.010850728	0.84344974
-2.4868693e-7	-1.7717333e-7	0.0063748232	0.010883675	0.84602163
-2.4944431e-7	-1.7771292e-7	0.0063942516	0.010916681	0.84859823
-2.5020308e-7	-1.7825349e-7	0.0064137157	0.010949747	0.85117953
-2.5096324e-7	-1.7879505e-7	0.0064332153	0.010982872	0.85376554
-2.5172478e-7	-1.793376e-7	0.0064527505	0.011016057	0.85635627
-2.524877e-7	-1.7988114e-7	0.0064723214	0.011049301	0.8589517
-2.5325201e-7	-1.8042566e-7	0.0064919279	0.011082605	0.86155186
-2.5401771e-7	-1.8097117e-7	0.0065115701	0.011115968	0.86415673
-2.547848e-7	-1.8151767e-7	0.0065312479	0.011149391	0.86676632
-2.5555327e-7	-1.8206516e-7	0.0065509615	0.011182874	0.86938063
-2.5632313e-7	-1.8261363e-7	0.0065707107	0.011216416	0.87199967
-2.5709439e-7	-1.831631e-7	0.0065904957	0.011250018	0.87462343
-2.5786703e-7	-1.8371356e-7	0.0066103164	0.011283679	0.87725192
-2.5864106e-7	-1.84265e-7	0.0066301729	0.011317401	0.87988515
-2.5941648e-7	-1.8481744e-7	0.0066500651	0.011351182	0.8825231
-2.601933e-7	-1.8537087e-7	0.0066699932	0.011385022	0.88516579
-2.6097151e-7	-1.859253e-7	0.006689957	0.011418923	0.88781322
-2.6175111e-7	-1.8648071e-7	0.0067099567	0.011452883	0.89046538
-2.625321e-7	-1.8703712e-7	0.0067299922	0.011486903	0.89312228
-2.6331449e-7	-1.8759452e-7	0.0067500636	0.011520983	0.89578393
-2.6409827e-7	-1.8815291e-7	0.0067701708	0.011555123	0.89845032
-2.6488345e-7	-1.887123e-7	0.0067903139	0.011589323	0.90112146
-2.6567002e-7	-1.8927268e-7	0.0068104929	0.011623582	0.90379735
-2.6645799e-7	-1.8983406e-7	0.0068307078	0.011657901	0.90647799
-2.6724736e-7	-1.9039643e-7	0.0068509587	0.011692281	0.90916338
-2.6803812e-7	-1.909598e-7	0.0068712455	0.01172672	0.91185352
-2.6883028e-7	-1.9152417e-7	0.0068915683	0.011761219	0.91454842
-2.6962385e-7	-1.9208953e-7	0.006911927	0.011795779	0.91724808
-2.7041881e-7	-1.9265588e-7	0.0069323218	0.011830398	0.9199525
-2.7121517e-7	-1.9322324e-7	0.0069527525	0.011865077	0.92266169
-2.7201293e-7	-1.9379159e-7	0.0069732193	0.011899816	0.92537563
-2.7281209e-7	-1.9436094e-7	0.0069937221	0.011934616	0.92809435
-2.7361265e-7	-1.9493129e-7	0.007014261	0.011969475	0.93081783
-2.7441462e-7	-1.9550264e-7	0.0070348359	0.012004395	0.93354608
-2.7521799e-7	-1.9607499e-7	0.0070554469	0.012039375	0.93627911
-2.7602276e-7	-1.9664834e-7	0.007076094	0.012074415	0.9390169
-2.7682894e-7	-1.9722269e-7	0.0070967772	0.012109515	0.94175948
-2.7763652e-7	-1.9779804e-7	0.0071174966	0.012144675	0.94450683
-2.784455e-7	-1.9837439e-7	0.0071382521	0.012179896	0.94725896
-2.792559e-7	-1.9895174e-7	0.0071590438	0.012215176	0.95001588
-2.8006769e-7	-1.9953009e-7	0.0071798716	0.012250517	0.95277758
-2.808809e-7	-2.0010945e-7	0.0072007356	0.012285919	0.95554406
-2.8169551e-7	-2.0068981e-7	0.0072216358	0.01232138	0.95831533
-2.8251153e-7	-2.0127117e-7	0.0072425723	0.012356902	0.96109139
-2.8332896e-7	-2.0185353e-7	0.007263545	0.012392484	0.96387224
-2.8414779e-7	-2.024369e-7	0.0072845539	0.012428127	0.96665789
-2.8496804e-7	-2.0302127e-7	0.0073055991	0.01246383	0.96944833
-2.8578969e-7	-2.0360665e-7	0.0073266805	0.012499593	0.97224357
-2.8661276e-7	-2.0419303e-7	0.0073477983	0.012535416	0.9750436
-2.8743724e-7	-2.0478042e-7	0.0073689523	0.012571301	0.97784844
-2.8826313e-7	-2.0536881e-7	0.0073901427	0.012607245	0.98065808
-2.8909043e-7	-2.0595821e-7	0.0074113694	0.01264325	0.98347252
-2.8991914e-7	-2.0654861e-7	0.0074326325	0.012679316	0.98629177
-2.9074927e-7	-2.0714002e-7	0.0074539319	0.012715442	0.98911582
-2.9158081e-7	-2.0773244e-7	0.0074752677	0.012751628	0.99194469
-2.9241377e-7	-2.0832587e-7	0.0074966399	0.012787875	0.99477837
-2.9324814e-7	-2.0892031e-7	0.0075180485	0.012824183	0.99761686
-2.9408392e-7	-2.0951575e-7	0.0075394935	0.012860551	1.0004602
-2.9492113e-7	-2.101122e-7	0.007560975	0.012896979	1.0033083
-2.9575974e-7	-2.1070966e-7	0.0075824929	0.012933469	1.0061612
-2.9659978e-7	-2.1130813e-7	0.0076040472	0.012970019	1.009019
-2.9744123e-7	-2.1190761e-7	0.0076256381	0.013006629	1.0118816
-2.982841e-7	-2.125081e-7	0.0076472654	0.0130433	1.014749
-2.9912839e-7	-2.1310961e-7	0.0076689292	0.013080032	1.0176212
-2.999741e-7	-2.1371212e-7	0.0076906295	0.013116825	1.0204983
-3.0082123e-7	-2.1431564e-7	0.0077123664	0.013153678	1.0233802
-3.0166978e-7	-2.1492018e-7	0.0077341398	0.013190592	1.0262669
-3.0251975e-7	-2.1552573e-7	0.0077559498	0.013227567	1.0291584
-3.0337114e-7	-2.1613229e-7	0.0077777964	0.013264602	1.0320548
-3.0422395e-7	-2.1673986e-7	0.0077996795	0.013301699	1.0349561
-3.0507818e-7	-2.1734844e-7	0.0078215992	0.013338856	1.0378621
-3.0593384e-7	-2.1795804e-7	0.0078435556	0.013376074	1.040773
-3.0679091e-7	-2.1856866e-7	0.0078655485	0.013413352	1.0436888
-3.0764942e-7	-2.1918028e-7	0.0078875781	0.013450692	1.0466094
-3.0850934e-7	-2.1979293e-7	0.0079096444	0.013488092	1.0495348
-3.093707e-7	-2.2040658e-7	0.0079317473	0.013525554	1.0524651
-3.1023347e-7	-2.2102126e-7	0.0079538869	0.013563076	1.0554002
-3.1109767e-7	-2.2163694e-7	0.0079760632	0.013600659	1.0583402
-3.119633e-7	-2.2225365e-7	0.0079982762	0.013638303	1.061285
-3.1283036e-7	-2.2287137e-7	0.008020526	0.013676008	1.0642347
-3.1369884e-7	-2.2349011e-7	0.0080428124	0.013713774	1.0671892
-3.1456875e-7	-2.2410986e-7	0.0080651356	0.013751601	1.0701486
-3.1544009e-7	-2.2473063e-7	0.0080874956	0.013789489	1.0731129
-3.1631285e-7	-2.2535242e-7	0.0081098923	0.013827437	1.076082
-3.1718705e-7	-2.2597523e-7	0.0081323258	0.013865447	1.0790559
-3.1806267e-7	-2.2659905e-7	0.0081547962	0.013903518	1.0820348
-3.1893973e-7	-2.272239e-7	0.0081773033	0.01394165	1.0850185
-3.1981821e-7	-2.2784976e-7	0.0081998472	0.013979843	1.088007
-3.2069813e-7	-2.2847665e-7	0.008222428	0.014018097	1.0910005
-3.2157948e-7	-2.2910455e-7	0.0082450456	0.014056413	1.0939988
-3.2246226e-7	-2.2973347e-7	0.0082677001	0.014094789	1.097002
-3.2334647e-7	-2.3036342e-7	0.0082903915	0.014133226	1.10001
-3.2423211e-7	-2.3099438e-7	0.0083131198	0.014171725	1.1030229
-3.2511919e-7	-2.3162637e-7	0.0083358849	0.014210285	1.1060407
-3.260077e-7	-2.3225937e-7	0.008358687	0.014248906	1.1090634
-3.2689765e-7	-2.328934e-7	0.008381526	0.014287588	1.112091
-3.2778903e-7	-2.3352845e-7	0.0084044019	0.014326331	1.1151234
-3.2868184e-7	-2.3416453e-7	0.0084273148	0.014365135	1.1181607
-3.2957609e-7	-2.3480162e-7	0.0084502646	0.014404001	1.1212029
-3.3047178e-7	-2.3543974e-7	0.0084732514	0.014442928	1.12425
-3.3136891e-7	-2.3607888e-7	0.0084962752	0.014481916	1.127302
-3.3226747e-7	-2.3671905e-7	0.008519336	0.014520966	1.1303588
-3.3316747e-7	-2.3736024e-7	0.0085424338	0.014560077	1.1334206
-3.340689e-7	-2.3800246e-7	0.0085655686	0.014599249	1.1364872
-3.3497178e-7	-2.386457e-7	0.0085887405	0.014638482	1.1395588
-3.3587609e-7	-2.3928996e-7	0.0086119494	0.014677777	1.1426352
-3.3678184e-7	-2.3993525e-7	0.0086351954	0.014717133	1.1457165
-3.3768903e-7	-2.4058157e-7	0.0086584784	0.014756551	1.1488028
-3.3859767e-7	-2.4122891e-7	0.0086817985	0.014796029	1.1518939
-3.3950774e-7	-2.4187728e-7	0.0087051557	0.014835569	1.1549899
-3.4041925e-7	-2.4252667e-7	0.0087285501	0.014875171	1.1580909
-3.4133221e-7	-2.4317709e-7	0.0087519815	0.014914834	1.1611967
-3.4224661e-7	-2.4382854e-7	0.0087754501	0.014954558	1.1643074
-3.4316245e-7	-2.4448102e-7	0.0087989558	0.014994344	1.1674231
-3.4407973e-7	-2.4513452e-7	0.0088224987	0.015034192	1.1705436
-3.4499845e-7	-2.4578905e-7	0.0088460787	0.0150741	1.1736691
-3.4591862e-7	-2.4644462e-7	0.0088696959	0.015114071	1.1767995
-3.4684024e-7	-2.4710121e-7	0.0088933503	0.015154102	1.1799347
-3.477633e-7	-2.4775882e-7	0.0089170419	0.015194196	1.1830749
-3.486878e-7	-2.4841747e-7	0.0089407707	0.01523435	1.1862201
-3.4961375e-7	-2.4907715e-7	0.0089645367	0.015274567	1.1893701
-3.5054114e-7	-2.4973786e-7	0.00898834	0.015314844	1.192525
-3.5146998e-7	-2.503996e-7	0.0090121805	0.015355184	1.1956849
-3.5240027e-7	-2.5106237e-7	0.0090360583	0.015395585	1.1988497
-3.53332e-7	-2.5172616e-7	0.0090599734	0.015436047	1.2020194
-3.5426518e-7	-2.52391e-7	0.0090839257	0.015476571	1.2051941
-3.5519981e-7	-2.5305686e-7	0.0091079153	0.015517157	1.2083736
-3.5613588e-7	-2.5372375e-7	0.0091319422	0.015557804	1.2115581
-3.5707341e-7	-2.5439168e-7	0.0091560064	0.015598513	1.2147475
-3.5801238e-7	-2.5506064e-7	0.009180108	0.015639284	1.2179419
-3.5895281e-7	-2.5573063e-7	0.0092042469	0.015680116	1.2211412
-3.5989468e-7	-2.5640165e-7	0.0092284231	0.01572101	1.2243454
-3.6083801e-7	-2.5707371e-7	0.0092526367	0.015761965	1.2275545
-3.6178278e-7	-2.577468e-7	0.0092768877	0.015802983	1.2307686
-3.6272901e-7	-2.5842092e-7	0.009301176	0.015844061	1.2339876
-3.6367668e-7	-2.5909608e-7	0.0093255018	0.015885202	1.2372116
-3.6462581e-7	-2.5977228e-7	0.0093498649	0.015926404	1.2404405
-3.6557639e-7	-2.604495e-7	0.0093742655	0.015967668	1.2436743
-3.6652843e-7	-2.6112777e-7	0.0093987034	0.016008994	1.2469131
-3.6748192e-7	-2.6180706e-7	0.0094231788	0.016050382	1.2501568
-3.6843686e-7	-2.624874e-7	0.0094476917	0.016091831	1.2534055
-3.6939325e-7	-2.6316877e-7	0.009472242	0.016133342	1.2566591
-3.703511e-7	-2.6385117e-7	0.0094968298	0.016174915	1.2599176
-3.713104e-7	-2.6453461e-7	0.009521455	0.01621655	1.2631811
-3.7227116e-7	-2.6521909e-7	0.0095461178	0.016258246	1.2664496
-3.7323337e-7	-2.659046e-7	0.009570818	0.016300005	1.269723
-3.7419704e-7	-2.6659116e-7	0.0095955557	0.016341825	1.2730014
-3.7516217e-7	-2.6727875e-7	0.009620331	0.016383707	1.2762847
-3.7612875e-7	-2.6796737e-7	0.0096451438	0.01642565	1.2795729
-3.7709679e-7	-2.6865704e-7	0.0096699941	0.016467656	1.2828662
-3.7806628e-7	-2.6934774e-7	0.009694882	0.016509724	1.2861643
-3.7903724e-7	-2.7003948e-7	0.0097198074	0.016551853	1.2894675
-3.8000965e-7	-2.7073226e-7	0.0097447704	0.016594044	1.2927756
-3.8098352e-7	-2.7142608e-7	0.009769771	0.016636297	1.2960886
-3.8195885e-7	-2.7212094e-7	0.0097948091	0.016678613	1.2994067
-3.8293563e-7	-2.7281684e-7	0.0098198849	0.01672099	1.3027296
-3.8391388e-7	-2.7351378e-7	0.0098449983	0.016763428	1.3060576
-3.8489359e-7	-2.7421175e-7	0.0098701493	0.016805929	1.3093905
-3.8587475e-7	-2.7491077e-7	0.0098953379	0.016848492	1.3127284
-3.8685738e-7	-2.7561083e-7	0.0099205641	0.016891117	1.3160713
-3.8784147e-7	-2.7631193e-7	0.0099458281	0.016933804	1.3194191
-3.8882702e-7	-2.7701407e-7	0.0099711296	0.016976552	1.3227719
-3.8981403e-7	-2.7771725e-7	0.0099964689	0.017019363	1.3261296
-3.908025e-7	-2.7842147e-7	0.010021846	0.017062236	1.3294924
-3.9179244e-7	-2.7912674e-7	0.01004726	0.017105171	1.3328601
-3.9278384e-7	-2.7983305e-7	0.010072713	0.017148167	1.3362328
-3.937767e-7	-2.8054039e-7	0.010098203	0.017191226	1.3396105
-3.9477102e-7	-2.8124879e-7	0.01012373	0.017234347	1.3429931
-3.9576681e-7	-2.8195822e-7	0.010149296	0.01727753	1.3463807
-3.9676406e-7	-2.826687e-7	0.010174899	0.017320774	1.3497733
-3.9776278e-7	-2.8338022e-7	0.01020054	0.017364081	1.3531709
-3.9876296e-7	-2.8409278e-7	0.010226219	0.01740745	1.3565735
-3.9976461e-7	-2.8480639e-7	0.010251935	0.017450881	1.3599811
-4.0076772e-7	-2.8552104e-7	0.010277689	0.017494374	1.3633936
-4.017723e-7	-2.8623674e-7	0.010303481	0.01753793	1.3668111
-4.0277834e-7	-2.8695348e-7	0.010329311	0.017581547	1.3702336
-4.0378585e-7	-2.8767127e-7	0.010355179	0.017625226	1.3736611
-4.0479483e-7	-2.883901e-7	0.010381084	0.017668968	1.3770936
-4.0580527e-7	-2.8910997e-7	0.010407027	0.017712771	1.3805311
-4.0681718e-7	-2.8983089e-7	0.010433008	0.017756637	1.3839736
-4.0783056e-7	-2.9055286e-7	0.010459027	0.017800565	1.3874211
-4.0884541e-7	-2.9127587e-7	0.010485084	0.017844555	1.3908735
-4.0986172e-7	-2.9199993e-7	0.010511179	0.017888607	1.394331
-4.1087951e-7	-2.9272504e-7	0.010537311	0.017932722	1.3977934
-4.1189876e-7	-2.9345119e-7	0.010563481	0.017976898	1.4012609
-4.1291948e-7	-2.9417839e-7	0.01058969	0.018021137	1.4047333
-4.1394167e-7	-2.9490663e-7	0.010615936	0.018065438	1.4082108
-4.1496533e-7	-2.9563592e-7	0.01064222	0.018109801	1.4116932
-4.1599047e-7	-2.9636626e-7	0.010668542	0.018154226	1.4151807
-4.1701707e-7	-2.9709765e-7	0.010694902	0.018198713	1.4186731
-4.1804514e-7	-2.9783009e-7	0.010721299	0.018243263	1.4221706
-4.1907469e-7	-2.9856357e-7	0.010747735	0.018287875	1.4256731
-4.201057e-7	-2.992981e-7	0.010774209	0.018332549	1.4291805
-4.2113819e-7	-3.0003368e-7	0.01080072	0.018377285	1.432693
-4.2217215e-7	-3.0077031e-7	0.01082727	0.018422084	1.4362105
-4.2320758e-7	-3.0150799e-7	0.010853857	0.018466945	1.439733
-4.2424449e-7	-3.0224672e-7	0.010880483	0.018511868	1.4432605
-4.2528286e-7	-3.029865e-7	0.010907146	0.018556853	1.446793
-4.2632272e-7	-3.0372732e-7	0.010933848	0.018601901	1.4503305
-4.2736404e-7	-3.044692e-7	0.010960587	0.018647011	1.4538731
-4.2840684e-7	-3.0521213e-7	0.010987365	0.018692183	1.4574206
-4.2945111e-7	-3.059561e-7	0.01101418	0.018737417	1.4609732
-4.3049686e-7	-3.0670113e-7	0.011041034	0.018782714	1.4645308
-4.3154408e-7	-3.0744721e-7	0.011067925	0.018828073	1.4680934
-4.3259278e-7	-3.0819434e-7	0.011094855	0.018873494	1.471661
-4.3364295e-7	-3.0894252e-7	0.011121822	0.018918978	1.4752336
-4.346946e-7	-3.0969175e-7	0.011148828	0.018964524	1.4788113
-4.3574772e-7	-3.1044203e-7	0.011175872	0.019010132	1.482394
-4.3680232e-7	-3.1119336e-7	0.011202954	0.019055803	1.4859817
-4.378584e-7	-3.1194575e-7	0.011230074	0.019101535	1.4895744
-4.3891595e-7	-3.1269919e-7	0.011257232	0.019147331	1.4931721
-4.3997498e-7	-3.1345368e-7	0.011284428	0.019193188	1.4967749
-4.4103549e-7	-3.1420922e-7	0.011311662	0.019239108	1.5003827
-4.4209747e-7	-3.1496581e-7	0.011338934	0.01928509	1.5039955
-4.4316093e-7	-3.1572346e-7	0.011366245	0.019331135	1.5076134
-4.4422587e-7	-3.1648216e-7	0.011393593	0.019377242	1.5112363
-4.4529229e-7	-3.1724192e-7	0.01142098	0.019423411	1.5148642
-4.4636019e-7	-3.1800273e-7	0.011448405	0.019469643	1.5184971
-4.4742957e-7	-3.1876459e-7	0.011475868	0.019515937	1.5221351
-4.4850042e-7	-3.195275e-7	0.011503369	0.019562293	1.5257781
-4.4957276e-7	-3.2029147e-7	0.011530908	0.019608712	1.5294261
-4.5064657e-7	-3.2105649e-7	0.011558486	0.019655193	1.5330792
-4.5172187e-7	-3.2182257e-7	0.011586102	0.019701737	1.5367373
-4.5279864e-7	-3.225897e-7	0.011613755	0.019748343	1.5404004
-4.538769e-7	-3.2335789e-7	0.011641448	0.019795011	1.5440686
-4.5495663e-7	-3.2412713e-7	0.011669178	0.019841742	1.5477418
-4.5603785e-7	-3.2489743e-7	0.011696946	0.019888535	1.5514201
-4.5712055e-7	-3.2566878e-7	0.011724753	0.019935391	1.5551033
-4.5820473e-7	-3.2644119e-7	0.011752598	0.019982309	1.5587917
-4.5929039e-7	-3.2721465e-7	0.011780481	0.02002929	1.562485
-4.6037753e-7	-3.2798917e-7	0.011808403	0.020076332	1.5661835
-4.6146615e-7	-3.2876475e-7	0.011836362	0.020123438	1.5698869
-4.6255626e-7	-3.2954138e-7	0.01186436	0.020170606	1.5735954
-4.6364785e-7	-3.3031907e-7	0.011892396	0.020217836	1.5773089
-4.6474093e-7	-3.3109781e-7	0.011920471	0.020265128	1.5810275
-4.6583548e-7	-3.3187761e-7	0.011948583	0.020312483	1.5847512
-4.6693152e-7	-3.3265847e-7	0.011976734	0.020359901	1.5884798
-4.6802904e-7	-3.3344038e-7	0.012004924	0.020407381	1.5922136
-4.6912805e-7	-3.3422335e-7	0.012033151	0.020454923	1.5959523
-4.7022854e-7	-3.3500738e-7	0.012061417	0.020502528	1.5996962
-4.7133052e-7	-3.3579247e-7	0.012089721	0.020550196	1.603445
-4.7243398e-7	-3.3657861e-7	0.012118064	0.020597925	1.6071989
-4.7353892e-7	-3.3736581e-7	0.012146445	0.020645718	1.6109579
-4.7464535e-7	-3.3815407e-7	0.012174864	0.020693572	1.6147219
-4.7575327e-7	-3.3894339e-7	0.012203321	0.02074149	1.618491
-4.7686267e-7	-3.3973377e-7	0.012231817	0.020789469	1.6222651
-4.7797355e-7	-3.405252e-7	0.012260351	0.020837511	1.6260443
-4.7908592e-7	-3.4131769e-7	0.012288924	0.020885616	1.6298286
-4.8019978e-7	-3.4211124e-7	0.012317534	0.020933783	1.6336179
-4.8131513e-7	-3.4290585e-7	0.012346184	0.020982013	1.6374122
-4.8243196e-7	-3.4370152e-7	0.012374871	0.021030305	1.6412116
-4.8355027e-7	-3.4449825e-7	0.012403597	0.021078659	1.6450161
-4.8467008e-7	-3.4529604e-7	0.012432362	0.021127077	1.6488256
-4.8579137e-7	-3.4609489e-7	0.012461164	0.021175556	1.6526402
-4.8691415e-7	-3.468948e-7	0.012490006	0.021224098	1.6564598
-4.8803842e-7	-3.4769576e-7	0.012518885	0.021272703	1.6602845
-4.8916417e-7	-3.4849779e-7	0.012547803	0.02132137	1.6641143
-4.9029141e-7	-3.4930088e-7	0.012576759	0.021370099	1.6679491
-4.9142014e-7	-3.5010502e-7	0.012605754	0.021418891	1.671789
-4.9255036e-7	-3.5091023e-7	0.012634788	0.021467746	1.675634
-4.9368207e-7	-3.517165e-7	0.012663859	0.021516663	1.679484
-4.9481526e-7	-3.5252383e-7	0.012692969	0.021565643	1.6833391
-4.9594995e-7	-3.5333222e-7	0.012722118	0.021614685	1.6871992
-4.9708612e-7	-3.5414167e-7	0.012751305	0.021663789	1.6910644
-4.9822379e-7	-3.5495218e-7	0.01278053	0.021712956	1.6949347
-4.9936294e-7	-3.5576375e-7	0.012809794	0.021762186	1.6988101
-5.0050358e-7	-3.5657639e-7	0.012839097	0.021811478	1.7026905
-5.0164572e-7	-3.5739008e-7	0.012868437	0.021860833	1.706576
-5.0278934e-7	-3.5820484e-7	0.012897817	0.02191025	1.7104665
-5.0393445e-7	-3.5902066e-7	0.012927235	0.02195973	1.7143621
-5.0508106e-7	-3.5983754e-7	0.012956691	0.022009272	1.7182628
-5.0622915e-7	-3.6065548e-7	0.012986186	0.022058877	1.7221686
-5.0737874e-7	-3.6147449e-7	0.013015719	0.022108544	1.7260794
-5.0852981e-7	-3.6229455e-7	0.013045291	0.022158274	1.7299953
-5.0968238e-7	-3.6311568e-7	0.013074901	0.022208066	1.7339163
-5.1083644e-7	-3.6393788e-7	0.01310455	0.022257921	1.7378424
-5.1199199e-7	-3.6476113e-7	0.013134237	0.022307838	1.7417735
-5.1314903e-7	-3.6558545e-7	0.013163963	0.022357818	1.7457097
-5.1430756e-7	-3.6641083e-7	0.013193728	0.02240786	1.749651
-5.1546759e-7	-3.6723727e-7	0.013223531	0.022457965	1.7535973
-5.1662911e-7	-3.6806478e-7	0.013253372	0.022508132	1.7575488
-5.1779212e-7	-3.6889335e-7	0.013283252	0.022558362	1.7615053
-5.1895662e-7	-3.6972298e-7	0.013313171	0.022608655	1.7654669
-5.2012262e-7	-3.7055368e-7	0.013343128	0.02265901	1.7694335
-5.2129011e-7	-3.7138544e-7	0.013373124	0.022709427	1.7734053
-5.2245909e-7	-3.7221826e-7	0.013403158	0.022759907	1.7773821
-5.2362956e-7	-3.7305215e-7	0.013433231	0.02281045	1.781364
-5.2480153e-7	-3.738871e-7	0.013463342	0.022861055	1.785351
-5.25975e-7	-3.7472312e-7	0.013493492	0.022911722	1.7893431
-5.2714995e-7	-3.755602e-7	0.013523681	0.022962452	1.7933402
-5.283264e-7	-3.7639834e-7	0.013553908	0.023013245	1.7973424
-5.2950434e-7	-3.7723755e-7	0.013584174	0.0230641	1.8013497
-5.3068378e-7	-3.7807782e-7	0.013614478	0.023115018	1.8053621
-5.3186471e-7	-3.7891916e-7	0.013644821	0.023165998	1.8093796
-5.3304714e-7	-3.7976156e-7	0.013675203	0.02321704	1.8134022
-5.3423106e-7	-3.8060503e-7	0.013705623	0.023268146	1.8174298
-5.3541648e-7	-3.8144956e-7	0.013736082	0.023319313	1.8214626
-5.3660339e-7	-3.8229516e-7	0.01376658	0.023370544	1.8255004
-5.3779179e-7	-3.8314182e-7	0.013797116	0.023421836	1.8295433
-5.3898169e-7	-3.8398955e-7	0.013827691	0.023473191	1.8335913
-5.4017309e-7	-3.8483834e-7	0.013858304	0.023524609	1.8376443
-5.4136598e-7	-3.856882e-7	0.013888956	0.023576089	1.8417025
-5.4256037e-7	-3.8653912e-7	0.013919647	0.023627632	1.8457657
-5.4375625e-7	-3.8739111e-7	0.013950376	0.023679237	1.8498341
-5.4495363e-7	-3.8824417e-7	0.013981144	0.023730905	1.8539075
-5.4615251e-7	-3.8909829e-7	0.014011951	0.023782635	1.857986
-5.4735288e-7	-3.8995347e-7	0.014042796	0.023834428	1.8620696
-5.4855474e-7	-3.9080973e-7	0.01407368	0.023886283	1.8661583
-5.4975811e-7	-3.9166704e-7	0.014104603	0.023938201	1.8702521
-5.5096297e-7	-3.9252543e-7	0.014135564	0.023990181	1.874351
-5.5216932e-7	-3.9338488e-7	0.014166564	0.024042224	1.878455
-5.5337717e-7	-3.942454e-7	0.014197603	0.024094329	1.882564
-5.5458652e-7	-3.9510698e-7	0.01422868	0.024146497	1.8866782
-5.5579737e-7	-3.9596963e-7	0.014259796	0.024198727	1.8907974
-5.5700972e-7	-3.9683335e-7	0.014290951	0.024251019	1.8949218
-5.5822356e-7	-3.9769813e-7	0.014322144	0.024303375	1.8990512
-5.5943889e-7	-3.9856398e-7	0.014353377	0.024355792	1.9031857
-5.6065573e-7	-3.994309e-7	0.014384648	0.024408272	1.9073253
-5.6187406e-7	-4.0029888e-7	0.014415957	0.024460815	1.9114701
-5.6309389e-7	-4.0116793e-7	0.014447305	0.02451342	1.9156199
-5.6431522e-7	-4.0203805e-7	0.014478692	0.024566087	1.9197748
-5.6553805e-7	-4.0290923e-7	0.014510118	0.024618817	1.9239348
-5.6676237e-7	-4.0378148e-7	0.014541583	0.024671609	1.9280999
-5.679882e-7	-4.046548e-7	0.014573086	0.024724464	1.9322701
-5.6921552e-7	-4.0552919e-7	0.014604628	0.024777381	1.9364453
-5.7044434e-7	-4.0640464e-7	0.014636209	0.024830361	1.9406257
-5.7167465e-7	-4.0728116e-7	0.014667828	0.024883403	1.9448112
-5.7290647e-7	-4.0815875e-7	0.014699486	0.024936508	1.9490018
-5.7413978e-7	-4.0903741e-7	0.014731183	0.024989675	1.9531975
-5.7537459e-7	-4.0991713e-7	0.014762919	0.025042904	1.9573983
-5.7661091e-7	-4.1079793e-7	0.014794693	0.025096196	1.9616041
-5.7784872e-7	-4.1167978e-7	0.014826506	0.025149551	1.9658151
-5.7908803e-7	-4.1256271e-7	0.014858358	0.025202967	1.9700312
-5.8032883e-7	-4.1344671e-7	0.014890249	0.025256447	1.9742524
-5.8157114e-7	-4.1433177e-7	0.014922178	0.025309988	1.9784786
-5.8281495e-7	-4.152179e-7	0.014954147	0.025363592	1.98271
-5.8406025e-7	-4.161051e-7	0.014986154	0.025417259	1.9869465
-5.8530706e-7	-4.1699337e-7	0.015018199	0.025470987	1.991188
-5.8655536e-7	-4.1788271e-7	0.015050284	0.025524779	1.9954347
-5.8780517e-7	-4.1877311e-7	0.015082407	0.025578632	1.9996865
-5.8905647e-7	-4.1966458e-7	0.015114569	0.025632548	2.0039434
-5.9030928e-7	-4.2055713e-7	0.01514677	0.025686526	2.0082054
-5.9156358e-7	-4.2145074e-7	0.01517901	0.025740567	2.0124724
-5.9281938e-7	-4.2234541e-7	0.015211288	0.02579467	2.0167446
-5.9407668e-7	-4.2324116e-7	0.015243606	0.025848836	2.0210219
-5.9533549e-7	-4.2413798e-7	0.015275962	0.025903064	2.0253043
-5.9659579e-7	-4.2503586e-7	0.015308357	0.025957354	2.0295918
-5.9785759e-7	-4.2593481e-7	0.01534079	0.026011706	2.0338844
-5.991209e-7	-4.2683483e-7	0.015373263	0.026066121	2.0381821
-6.003857e-7	-4.2773592e-7	0.015405774	0.026120599	2.0424849
-6.01652e-7	-4.2863808e-7	0.015438324	0.026175138	2.0467928
-6.0291981e-7	-4.2954131e-7	0.015470913	0.02622974	2.0511058
-6.0418911e-7	-4.3044561e-7	0.015503541	0.026284405	2.0554239
-6.0545991e-7	-4.3135098e-7	0.015536208	0.026339131	2.0597471
-6.0673222e-7	-4.3225741e-7	0.015568913	0.02639392	2.0640755
-6.0800603e-7	-4.3316491e-7	0.015601657	0.026448771	2.0684089
-6.0928133e-7	-4.3407349e-7	0.01563444	0.026503685	2.0727474
-6.1055814e-7	-4.3498313e-7	0.015667262	0.026558661	2.0770911
-6.1183645e-7	-4.3589384e-7	0.015700123	0.026613699	2.0814398
-6.1311626e-7	-4.3680562e-7	0.015733022	0.026668799	2.0857937
-6.1439757e-7	-4.3771847e-7	0.015765961	0.026723962	2.0901526
-6.1568038e-7	-4.3863239e-7	0.015798938	0.026779187	2.0945167
-6.1696469e-7	-4.3954738e-7	0.015831954	0.026834475	2.0988859
-6.182505e-7	-4.4046344e-7	0.015865009	0.026889824	2.1032601
-6.1953781e-7	-4.4138057e-7	0.015898102	0.026945236	2.1076395
-6.2082663e-7	-4.4229876e-7	0.015931235	0.02700071	2.112024
-6.2211694e-7	-4.4321803e-7	0.015964406	0.027056246	2.1164136
-6.2340876e-7	-4.4413836e-7	0.015997617	0.027111845	2.1208083
-6.2470208e-7	-4.4505977e-7	0.016030866	0.027167506	2.1252081
-6.259969e-7	-4.4598225e-7	0.016064154	0.027223229	2.129613
-6.2729322e-7	-4.4690579e-7	0.016097481	0.027279014	2.1340231
-6.2859104e-7	-4.478304e-7	0.016130846	0.027334862	2.1384382
-6.2989036e-7	-4.4875609e-7	0.016164251	0.027390772	2.1428584
-6.3119119e-7	-4.4968284e-7	0.016197694	0.027446744	2.1472838
-6.3249351e-7	-4.5061066e-7	0.016231176	0.027502778	2.1517142
-6.3379734e-7	-4.5153955e-7	0.016264698	0.027558874	2.1561498
-6.3510267e-7	-4.5246952e-7	0.016298258	0.027615033	2.1605904
-6.364095e-7	-4.5340055e-7	0.016331856	0.027671253	2.1650362
-6.3771783e-7	-4.5433265e-7	0.016365494	0.027727536	2.1694871
-6.3902766e-7	-4.5526582e-7	0.016399171	0.027783881	2.1739431
-6.40339e-7	-4.5620006e-7	0.016432886	0.027840288	2.1784042
-6.4165183e-7	-4.5713537e-7	0.01646664	0.027896758	2.1828704
-6.4296617e-7	-4.5807175e-7	0.016500434	0.027953289	2.1873417
-6.4428201e-7	-4.590092e-7	0.016534266	0.028009883	2.1918182
-6.4559935e-7	-4.5994772e-7	0.016568137	0.028066539	2.1962997
-6.4691819e-7	-4.6088731e-7	0.016602047	0.028123256	2.2007863
-6.4823854e-7	-4.6182797e-7	0.016635995	0.028180036	2.2052781
-6.4956038e-7	-4.627697e-7	0.016669983	0.028236879	2.2097749
-6.5088373e-7	-4.637125e-7	0.016704009	0.028293783	2.2142769
-6.5220858e-7	-4.6465637e-7	0.016738075	0.028350749	2.218784
-6.5353493e-7	-4.6560131e-7	0.016772179	0.028407777	2.2232962
-6.5486278e-7	-4.6654732e-7	0.016806322	0.028464868	2.2278135
-6.5619213e-7	-4.674944e-7	0.016840504	0.02852202	2.2323359
-6.5752299e-7	-4.6844254e-7	0.016874725	0.028579235	2.2368634
-6.5885535e-7	-4.6939176e-7	0.016908985	0.028636512	2.241396
-6.6018921e-7	-4.7034205e-7	0.016943284	0.02869385	2.2459337
-6.6152457e-7	-4.7129341e-7	0.016977621	0.028751251	2.2504765
-6.6286143e-7	-4.7224584e-7	0.017011998	0.028808714	2.2550245
-6.6419979e-7	-4.7319933e-7	0.017046413	0.028866238	2.2595775
-6.6553966e-7	-4.741539e-7	0.017080867	0.028923825	2.2641357
-6.6688102e-7	-4.7510954e-7	0.01711536	0.028981474	2.268699
-6.6822389e-7	-4.7606624e-7	0.017149892	0.029039185	2.2732673
-6.6956826e-7	-4.7702402e-7	0.017184463	0.029096957	2.2778408
-6.7091413e-7	-4.7798287e-7	0.017219073	0.029154792	2.2824194
-6.7226151e-7	-4.7894278e-7	0.017253722	0.029212689	2.2870031
-6.7361038e-7	-4.7990377e-7	0.017288409	0.029270647	2.2915919
-6.7496076e-7	-4.8086582e-7	0.017323136	0.029328668	2.2961859
-6.7631264e-7	-4.8182895e-7	0.017357901	0.02938675	2.3007849
-6.7766601e-7	-4.8279314e-7	0.017392706	0.029444895	2.305389
-6.790209e-7	-4.8375841e-7	0.017427549	0.029503101	2.3099983
-6.8037728e-7	-4.8472474e-7	0.017462431	0.029561369	2.3146126
-6.8173516e-7	-4.8569215e-7	0.017497352	0.029619699	2.3192321
-6.8309455e-7	-4.8666062e-7	0.017532312	0.029678092	2.3238566
-6.8445543e-7	-4.8763016e-7	0.017567311	0.029736545	2.3284863
-6.8581782e-7	-4.8860078e-7	0.017602349	0.029795061	2.3331211
-6.8718171e-7	-4.8957246e-7	0.017637425	0.029853639	2.337761
-6.885471e-7	-4.9054521e-7	0.017672541	0.029912278	2.342406
-6.8991399e-7	-4.9151903e-7	0.017707695	0.02997098	2.3470561
-6.9128238e-7	-4.9249392e-7	0.017742888	0.030029743	2.3517113
-6.9265228e-7	-4.9346989e-7	0.017778121	0.030088568	2.3563716
-6.9402367e-7	-4.9444692e-7	0.017813392	0.030147455	2.361037
-6.9539657e-7	-4.9542502e-7	0.017848702	0.030206404	2.3657076
-6.9677097e-7	-4.9640418e-7	0.017884051	0.030265414	2.3703832
-6.9814686e-7	-4.9738442e-7	0.017919438	0.030324486	2.3750639
-6.9952426e-7	-4.9836573e-7	0.017954865	0.03038362	2.3797498
-7.0090316e-7	-4.9934811e-7	0.017990331	0.030442816	2.3844407
-7.0228356e-7	-5.0033155e-7	0.018025835	0.030502074	2.3891368
-7.0366547e-7	-5.0131607e-7	0.018061379	0.030561393	2.393838
-7.0504887e-7	-5.0230165e-7	0.018096961	0.030620774	2.3985442
-7.0643377e-7	-5.0328831e-7	0.018132582	0.030680217	2.4032556
-7.0782018e-7	-5.0427603e-7	0.018168242	0.030739721	2.4079721
-7.0920808e-7	-5.0526482e-7	0.018203941	0.030799287	2.4126937
-7.1059748e-7	-5.0625468e-7	0.018239679	0.030858915	2.4174204
-7.1198839e-7	-5.0724561e-7	0.018275456	0.030918604	2.4221522
-7.133808e-7	-5.0823761e-7	0.018311272	0.030978356	2.4268891
-7.147747e-7	-5.0923068e-7	0.018347127	0.031038168	2.4316311
-7.1617011e-7	-5.1022482e-7	0.01838302	0.031098043	2.4363782
-7.1756702e-7	-5.1122002e-7	0.018418952	0.031157979	2.4411304
-7.1896543e-7	-5.122163e-7	0.018454924	0.031217977	2.4458877
-7.2036533e-7	-5.1321364e-7	0.018490934	0.031278036	2.4506502
-7.2176674e-7	-5.1421206e-7	0.018526983	0.031338157	2.4554177
-7.2316965e-7	-5.1521154e-7	0.018563071	0.03139834	2.4601903
-7.2457406e-7	-5.1621209e-7	0.018599198	0.031458584	2.464968
-7.2597996e-7	-5.172137e-7	0.018635364	0.031518889	2.4697509
-7.2738737e-7	-5.1821639e-7	0.018671568	0.031579257	2.4745388
-7.2879628e-7	-5.1922015e-7	0.018707812	0.031639685	2.4793319
-7.3020669e-7	-5.2022497e-7	0.018744094	0.031700176	2.48413
-7.3161859e-7	-5.2123086e-7	0.018780416	0.031760728	2.4889332
-7.33032e-7	-5.2223782e-7	0.018816776	0.031821341	2.4937416
-7.344469e-7	-5.2324585e-7	0.018853175	0.031882016	2.498555
-7.3586331e-7	-5.2425495e-7	0.018889613	0.031942752	2.5033736
-7.3728121e-7	-5.2526511e-7	0.01892609	0.03200355	2.5081972
-7.3870062e-7	-5.2627634e-7	0.018962606	0.032064409	2.513026
-7.4012152e-7	-5.2728865e-7	0.018999161	0.03212533	2.5178598
-7.4154392e-7	-5.2830201e-7	0.019035754	0.032186312	2.5226988
-7.4296782e-7	-5.2931645e-7	0.019072387	0.032247356	2.5275428
-7.4439322e-7	-5.3033196e-7	0.019109058	0.032308461	2.5323919
-7.4582012e-7	-5.3134853e-7	0.019145768	0.032369627	2.5372462
-7.4724851e-7	-5.3236617e-7	0.019182517	0.032430855	2.5421055
-7.4867841e-7	-5.3338488e-7	0.019219305	0.032492144	2.54697
-7.501098e-7	-5.3440465e-7	0.019256132	0.032553495	2.5518395
-7.515427e-7	-5.3542549e-7	0.019292998	0.032614907	2.5567141
-7.5297709e-7	-5.364474e-7	0.019329902	0.03267638	2.5615939
-7.5441297e-7	-5.3747038e-7	0.019366846	0.032737914	2.5664787
-7.5585036e-7	-5.3849443e-7	0.019403828	0.03279951	2.5713686
-7.5728925e-7	-5.3951954e-7	0.019440849	0.032861167	2.5762636
-7.5872963e-7	-5.4054572e-7	0.019477909	0.032922886	2.5811638
-7.6017151e-7	-5.4157297e-7	0.019515008	0.032984666	2.586069
-7.6161489e-7	-5.4260128e-7	0.019552146	0.033046506	2.5909793
-7.6305976e-7	-5.4363066e-7	0.019589322	0.033108409	2.5958947
-7.6450614e-7	-5.4466111e-7	0.019626538	0.033170372	2.6008152
-7.6595401e-7	-5.4569262e-7	0.019663792	0.033232397	2.6057408
-7.6740338e-7	-5.467252e-7	0.019701085	0.033294483	2.6106714
-7.6885424e-7	-5.4775885e-7	0.019738418	0.03335663	2.6156072
-7.703066e-7	-5.4879356e-7	0.019775788	0.033418838	2.6205481
-7.7176046e-7	-5.4982934e-7	0.019813198	0.033481108	2.6254941
-7.7321582e-7	-5.5086619e-7	0.019850647	0.033543438	2.6304451
-7.7467267e-7	-5.519041e-7	0.019888134	0.03360583	2.6354013
-7.7613102e-7	-5.5294308e-7	0.019925661	0.033668283	2.6403625
-7.7759087e-7	-5.5398313e-7	0.019963226	0.033730797	2.6453288
-7.7905221e-7	-5.5502424e-7	0.02000083	0.033793372	2.6503002
-7.8051505e-7	-5.5606642e-7	0.020038473	0.033856008	2.6552768
-7.8197938e-7	-5.5710966e-7	0.020076154	0.033918705	2.6602584
-7.8344521e-7	-5.5815397e-7	0.020113875	0.033981463	2.665245
-7.8491254e-7	-5.5919935e-7	0.020151634	0.034044283	2.6702368
-7.8638136e-7	-5.6024579e-7	0.020189432	0.034107163	2.6752337
-7.8785168e-7	-5.6129329e-7	0.020227269	0.034170104	2.6802356
-7.8932349e-7	-5.6234186e-7	0.020265145	0.034233107	2.6852427
-7.907968e-7	-5.633915e-7	0.02030306	0.03429617	2.6902548
-7.922716e-7	-5.644422e-7	0.020341013	0.034359294	2.695272
-7.937479e-7	-5.6549397e-7	0.020379006	0.03442248	2.7002943
-7.9522569e-7	-5.665468e-7	0.020417037	0.034485726	2.7053217
-7.9670498e-7	-5.676007e-7	0.020455107	0.034549033	2.7103542
-7.9818576e-7	-5.6865566e-7	0.020493215	0.034612401	2.7153917
-7.9966804e-7	-5.6971169e-7	0.020531363	0.03467583	2.7204344
-8.0115181e-7	-5.7076878e-7	0.020569549	0.03473932	2.7254821
-8.0263708e-7	-5.7182693e-7	0.020607774	0.034802871	2.7305349
-8.0412384e-7	-5.7288615e-7	0.020646038	0.034866482	2.7355928
-8.0561209e-7	-5.7394644e-7	0.020684341	0.034930154	2.7406558
-8.0710184e-7	-5.7500779e-7	0.020722683	0.034993888	2.7457238
-8.0859308e-7	-5.760702e-7	0.020761063	0.035057682	2.750797
-8.1008582e-7	-5.7713368e-7	0.020799482	0.035121537	2.7558752
-8.1158005e-7	-5.7819822e-7	0.02083794	0.035185452	2.7609585
-8.1307577e-7	-5.7926382e-7	0.020876437	0.035249428	2.7660469
-8.1457298e-7	-5.8033049e-7	0.020914972	0.035313466	2.7711403
-8.1607169e-7	-5.8139822e-7	0.020953547	0.035377563	2.7762388
-8.1757189e-7	-5.8246702e-7	0.02099216	0.035441722	2.7813425
-8.1907358e-7	-5.8353688e-7	0.021030812	0.035505941	2.7864511
-8.2057677e-7	-5.846078e-7	0.021069502	0.035570221	2.7915649
-8.2208145e-7	-5.8567979e-7	0.021108232	0.035634562	2.7966838
-8.2358761e-7	-5.8675283e-7	0.021147	0.035698963	2.8018077
-8.2509528e-7	-5.8782694e-7	0.021185807	0.035763425	2.8069367
-8.2660443e-7	-5.8890212e-7	0.021224652	0.035827947	2.8120707
-8.2811507e-7	-5.8997836e-7	0.021263537	0.03589253	2.8172099
-8.2962721e-7	-5.9105565e-7	0.02130246	0.035957174	2.8223541
-8.3114084e-7	-5.9213402e-7	0.021341422	0.036021878	2.8275034
-8.3265596e-7	-5.9321344e-7	0.021380423	0.036086643	2.8326578
-8.3417257e-7	-5.9429393e-7	0.021419462	0.036151469	2.8378172
-8.3569067e-7	-5.9537547e-7	0.02145854	0.036216355	2.8429817
-8.3721026e-7	-5.9645808e-7	0.021497657	0.036281301	2.8481513
-8.3873134e-7	-5.9754176e-7	0.021536813	0.036346308	2.8533259
-8.4025391e-7	-5.9862649e-7	0.021576007	0.036411375	2.8585057
-8.4177797e-7	-5.9971229e-7	0.02161524	0.036476503	2.8636905
-8.4330352e-7	-6.0079914e-7	0.021654512	0.036541691	2.8688803
-8.4483056e-7	-6.0188706e-7	0.021693823	0.03660694	2.8740752
-8.463591e-7	-6.0297604e-7	0.021733172	0.036672249	2.8792752
-8.4788912e-7	-6.0406608e-7	0.02177256	0.036737619	2.8844803
-8.4942063e-7	-6.0515718e-7	0.021811987	0.036803049	2.8896904
-8.5095362e-7	-6.0624934e-7	0.021851452	0.036868539	2.8949056
-8.5248811e-7	-6.0734256e-7	0.021890956	0.036934089	2.9001259
-8.5402409e-7	-6.0843685e-7	0.021930499	0.0369997	2.9053512
-8.5556155e-7	-6.0953219e-7	0.021970081	0.037065371	2.9105816
-8.571005e-7	-6.106286e-7	0.022009701	0.037131103	2.915817
-8.5864094e-7	-6.1172606e-7	0.02204936	0.037196895	2.9210575
-8.6018287e-7	-6.1282458e-7	0.022089057	0.037262747	2.9263031
-8.6172629e-7	-6.1392417e-7	0.022128793	0.037328659	2.9315537
-8.6327119e-7	-6.1502481e-7	0.022168568	0.037394632	2.9368094
-8.6481758e-7	-6.1612651e-7	0.022208382	0.037460664	2.9420701
-8.6636546e-7	-6.1722927e-7	0.022248234	0.037526757	2.947336
-8.6791482e-7	-6.183331e-7	0.022288125	0.03759291	2.9526068
-8.6946567e-7	-6.1943798e-7	0.022328055	0.037659123	2.9578827
-8.7101801e-7	-6.2054392e-7	0.022368023	0.037725397	2.9631637
-8.7257183e-7	-6.2165092e-7	0.02240803	0.03779173	2.9684498
-8.7412714e-7	-6.2275897e-7	0.022448075	0.037858124	2.9737409
-8.7568394e-7	-6.2386809e-7	0.02248816	0.037924577	2.979037
-8.7724222e-7	-6.2497826e-7	0.022528282	0.037991091	2.9843382
-8.7880198e-7	-6.260895e-7	0.022568444	0.038057665	2.9896445
-8.8036324e-7	-6.2720179e-7	0.022608644	0.038124299	2.9949558
-8.8192597e-7	-6.2831513e-7	0.022648883	0.038190992	3.0002721
-8.8349019e-7	-6.2942954e-7	0.02268916	0.038257746	3.0055935
-8.850559e-7	-6.3054501e-7	0.022729476	0.03832456	3.01092
-8.8662309e-7	-6.3166153e-7	0.022769831	0.038391433	3.0162515
-8.8819176e-7	-6.3277911e-7	0.022810224	0.038458367	3.0215881
-8.8976192e-7	-6.3389774e-7	0.022850656	0.038525361	3.0269297
-8.9133356e-7	-6.3501744e-7	0.022891126	0.038592414	3.0322763
-8.9290669e-7	-6.3613819e-7	0.022931635	0.038659527	3.037628
-8.944813e-7	-6.3725999e-7	0.022972183	0.038726701	3.0429848
-8.9605739e-7	-6.3838286e-7	0.023012769	0.038793934	3.0483466
-8.9763497e-7	-6.3950677e-7	0.023053394	0.038861226	3.0537134
-8.9921402e-7	-6.4063175e-7	0.023094057	0.038928579	3.0590853
-9.0079456e-7	-6.4175778e-7	0.023134759	0.038995991	3.0644622
-9.0237658e-7	-6.4288487e-7	0.023175499	0.039063464	3.0698442
-9.0396009e-7	-6.4401301e-7	0.023216278	0.039130996	3.0752312
-9.0554507e-7	-6.4514221e-7	0.023257096	0.039198587	3.0806232
-9.0713154e-7	-6.4627247e-7	0.023297952	0.039266239	3.0860203
-9.0871949e-7	-6.4740378e-7	0.023338847	0.03933395	3.0914224
-9.1030891e-7	-6.4853614e-7	0.02337978	0.039401721	3.0968296
-9.1189982e-7	-6.4966956e-7	0.023420752	0.039469551	3.1022418
-9.1349221e-7	-6.5080404e-7	0.023461762	0.039537441	3.107659
-9.1508608e-7	-6.5193957e-7	0.023502811	0.039605391	3.1130813
-9.1668143e-7	-6.5307615e-7	0.023543899	0.0396734	3.1185086
-9.1827826e-7	-6.5421379e-7	0.023585025	0.039741469	3.123941
-9.1987657e-7	-6.5535248e-7	0.023626189	0.039809597	3.1293783
-9.2147636e-7	-6.5649223e-7	0.023667392	0.039877785	3.1348208
-9.2307763e-7	-6.5763303e-7	0.023708634	0.039946033	3.1402682
-9.2468038e-7	-6.5877488e-7	0.023749913	0.040014339	3.1457207
-9.262846e-7	-6.5991778e-7	0.023791232	0.040082706	3.1511782
-9.278903e-7	-6.6106174e-7	0.023832589	0.040151132	3.1566407
-9.2949749e-7	-6.6220676e-7	0.023873984	0.040219617	3.1621083
-9.3110614e-7	-6.6335282e-7	0.023915418	0.040288162	3.1675808
-9.3271628e-7	-6.6449994e-7	0.023956891	0.040356766	3.1730584
-9.343279e-7	-6.6564811e-7	0.023998401	0.040425429	3.1785411
-9.3594099e-7	-6.6679733e-7	0.024039951	0.040494152	3.1840287
-9.3755555e-7	-6.6794761e-7	0.024081539	0.040562934	3.1895214
-9.391716e-7	-6.6909894e-7	0.024123165	0.040631776	3.1950191
-9.4078912e-7	-6.7025131e-7	0.02416483	0.040700677	3.2005219
-9.4240811e-7	-6.7140474e-7	0.024206533	0.040769637	3.2060296
-9.4402859e-7	-6.7255923e-7	0.024248274	0.040838656	3.2115424
-9.4565053e-7	-6.7371476e-7	0.024290054	0.040907735	3.2170602
-9.4727396e-7	-6.7487134e-7	0.024331873	0.040976873	3.222583
-9.4889886e-7	-6.7602898e-7	0.02437373	0.04104607	3.2281108
-9.5052523e-7	-6.7718766e-7	0.024415625	0.041115326	3.2336437
-9.5215307e-7	-6.783474e-7	0.024457558	0.041184641	3.2391815
-9.5378239e-7	-6.7950818e-7	0.024499531	0.041254016	3.2447244
-9.5541319e-7	-6.8067002e-7	0.024541541	0.041323449	3.2502723
-9.5704546e-7	-6.818329e-7	0.02458359	0.041392942	3.2558252
-9.586792e-7	-6.8299684e-7	0.024625677	0.041462493	3.2613831
-9.6031441e-7	-6.8416182e-7	0.024667803	0.041532104	3.266946
-9.619511e-7	-6.8532786e-7	0.024709967	0.041601774	3.272514
-9.6358926e-7	-6.8649494e-7	0.024752169	0.041671503	3.2780869
-9.6522889e-7	-6.8766307e-7	0.02479441	0.041741291	3.2836649
-9.6687e-7	-6.8883225e-7	0.024836689	0.041811137	3.2892478
-9.6851257e-7	-6.9000248e-7	0.024879006	0.041881043	3.2948358
-9.7015662e-7	-6.9117376e-7	0.024921362	0.041951008	3.3004288
-9.7180214e-7	-6.9234608e-7	0.024963756	0.042021031	3.3060268
-9.7344913e-7	-6.9351945e-7	0.025006189	0.042091114	3.3116297
-9.7509759e-7	-6.9469388e-7	0.02504866	0.042161255	3.3172377
-9.7674752e-7	-6.9586934e-7	0.025091169	0.042231455	3.3228507
-9.7839892e-7	-6.9704586e-7	0.025133716	0.042301714	3.3284687
-9.8005178e-7	-6.9822342e-7	0.025176302	0.042372032	3.3340917
-9.8170612e-7	-6.9940203e-7	0.025218926	0.042442408	3.3397197
-9.8336193e-7	-7.0058169e-7	0.025261588	0.042512843	3.3453527
-9.8501921e-7	-7.0176239e-7	0.025304289	0.042583337	3.3509906
-9.8667795e-7	-7.0294414e-7	0.025347028	0.04265389	3.3566336
-9.8833817e-7	-7.0412693e-7	0.025389805	0.042724501	3.3622816
-9.8999985e-7	-7.0531077e-7	0.02543262	0.042795171	3.3679345
-9.9166299e-7	-7.0649566e-7	0.025475474	0.0428659	3.3735925
-9.9332761e-7	-7.0768159e-7	0.025518366	0.042936687	3.3792554
-9.9499369e-7	-7.0886856e-7	0.025561296	0.043007533	3.3849234
-9.9666124e-7	-7.1005658e-7	0.025604265	0.043078438	3.3905963
-9.9833026e-7	-7.1124565e-7	0.025647272	0.043149401	3.3962742
-0.0000010000007	-7.1243576e-7	0.025690317	0.043220422	3.4019571
-0.0000010016727	-7.1362691e-7	0.0257334	0.043291502	3.407645
-0.0000010033461	-7.1481911e-7	0.025776521	0.043362641	3.4133379
-0.000001005021	-7.1601235e-7	0.025819681	0.043433838	3.4190357
-0.0000010066973	-7.1720664e-7	0.025862879	0.043505093	3.4247386
-0.0000010083751	-7.1840197e-7	0.025906115	0.043576407	3.4304464
-0.0000010100544	-7.1959834e-7	0.025949389	0.043647779	3.4361592
-0.0000010117351	-7.2079576e-7	0.025992701	0.04371921	3.441877
-0.0000010134173	-7.2199421e-7	0.026036052	0.043790699	3.4475998
-0.000001015101	-7.2319371e-7	0.02607944	0.043862246	3.4533275
-0.0000010167861	-7.2439426e-7	0.026122867	0.043933851	3.4590602
-0.0000010184727	-7.2559584e-7	0.026166332	0.044005515	3.4647979
-0.0000010201608	-7.2679847e-7	0.026209836	0.044077237	3.4705406
-0.0000010218503	-7.2800214e-7	0.026253377	0.044149018	3.4762882
-0.0000010235412	-7.2920685e-7	0.026296956	0.044220856	3.4820409
-0.0000010252337	-7.304126e-7	0.026340574	0.044292753	3.4877984
-0.0000010269276	-7.3161939e-7	0.02638423	0.044364708	3.493561
-0.0000010286229	-7.3282722e-7	0.026427924	0.044436721	3.4993285
-0.0000010303198	-7.3403609e-7	0.026471656	0.044508792	3.505101
-0.000001032018	-7.35246e-7	0.026515426	0.044580921	3.5108785
-0.0000010337178	-7.3645696e-7	0.026559234	0.044653109	3.5166609
-0.000001035419	-7.3766895e-7	0.02660308	0.044725354	3.5224483
-0.0000010371216	-7.3888198e-7	0.026646964	0.044797657	3.5282407
-0.0000010388257	-7.4009605e-7	0.026690887	0.044870019	3.534038
-0.0000010405313	-7.4131116e-7	0.026734847	0.044942438	3.5398403
-0.0000010422383	-7.4252731e-7	0.026778846	0.045014916	3.5456475
-0.0000010439468	-7.437445e-7	0.026822882	0.045087451	3.5514597
-0.0000010456568	-7.4496272e-7	0.026866957	0.045160044	3.5572769
-0.0000010473682	-7.4618198e-7	0.02691107	0.045232695	3.563099
-0.000001049081	-7.4740229e-7	0.02695522	0.045305404	3.568926
-0.0000010507953	-7.4862362e-7	0.026999409	0.045378171	3.5747581
-0.0000010525111	-7.49846e-7	0.027043636	0.045450995	3.580595
-0.0000010542283	-7.5106941e-7	0.027087901	0.045523877	3.586437
-0.000001055947	-7.5229386e-7	0.027132203	0.045596818	3.5922838
-0.0000010576672	-7.5351935e-7	0.027176544	0.045669815	3.5981357
-0.0000010593888	-7.5474587e-7	0.027220923	0.045742871	3.6039925
-0.0000010611118	-7.5597343e-7	0.027265339	0.045815984	3.6098542
-0.0000010628363	-7.5720203e-7	0.027309794	0.045889155	3.6157209
-0.0000010645623	-7.5843166e-7	0.027354287	0.045962384	3.6215925
-0.0000010662897	-7.5966232e-7	0.027398817	0.04603567	3.627469
-0.0000010680185	-7.6089402e-7	0.027443386	0.046109013	3.6333505
-0.0000010697488	-7.6212676e-7	0.027487992	0.046182415	3.639237
-0.0000010714806	-7.6336053e-7	0.027532637	0.046255874	3.6451284
-0.0000010732138	-7.6459533e-7	0.027577319	0.04632939	3.6510247
-0.0000010749485	-7.6583117e-7	0.027622039	0.046402964	3.6569259
-0.0000010766846	-7.6706804e-7	0.027666797	0.046476595	3.6628321
-0.0000010784222	-7.6830595e-7	0.027711593	0.046550284	3.6687433
-0.0000010801612	-7.6954489e-7	0.027756427	0.04662403	3.6746593
-0.0000010819017	-7.7078486e-7	0.027801299	0.046697834	3.6805803
-0.0000010836436	-7.7202586e-7	0.027846208	0.046771695	3.6865063
-0.0000010853869	-7.732679e-7	0.027891156	0.046845613	3.6924371
-0.0000010871318	-7.7451097e-7	0.027936141	0.046919588	3.6983729
-0.000001088878	-7.7575507e-7	0.027981165	0.046993621	3.7043136
-0.0000010906257	-7.770002e-7	0.028026226	0.047067711	3.7102593
-0.0000010923749	-7.7824637e-7	0.028071325	0.047141859	3.7162098
-0.0000010941255	-7.7949356e-7	0.028116461	0.047216063	3.7221653
-0.0000010958776	-7.8074179e-7	0.028161636	0.047290325	3.7281257
-0.0000010976311	-7.8199105e-7	0.028206848	0.047364644	3.7340911
-0.000001099386	-7.8324134e-7	0.028252098	0.04743902	3.7400613
-0.0000011011424	-7.8449265e-7	0.028297386	0.047513454	3.7460365
-0.0000011029003	-7.85745e-7	0.028342712	0.047587944	3.7520166
-0.0000011046595	-7.8699838e-7	0.028388075	0.047662491	3.7580016
-0.0000011064203	-7.8825278e-7	0.028433477	0.047737096	3.7639915
-0.0000011081824	-7.8950822e-7	0.028478916	0.047811757	3.7699864
-0.0000011099461	-7.9076468e-7	0.028524392	0.047886476	3.7759861
-0.0000011117111	-7.9202218e-7	0.028569907	0.047961251	3.7819908
-0.0000011134776	-7.932807e-7	0.028615459	0.048036083	3.7880004
-0.0000011152456	-7.9454024e-7	0.028661049	0.048110973	3.7940148
-0.000001117015	-7.9580082e-7	0.028706677	0.048185919	3.8000342
-0.0000011187858	-7.9706242e-7	0.028752342	0.048260922	3.8060585
-0.0000011205581	-7.9832505e-7	0.028798045	0.048335981	3.8120877
-0.0000011223318	-7.9958871e-7	0.028843786	0.048411098	3.8181218
-0.000001124107	-8.008534e-7	0.028889564	0.048486271	3.8241608
-0.0000011258835	-8.0211911e-7	0.028935381	0.048561501	3.8302047
-0.0000011276616	-8.0338584e-7	0.028981234	0.048636788	3.8362535
-0.0000011294411	-8.046536e-7	0.029027126	0.048712132	3.8423072
-0.000001131222	-8.0592239e-7	0.029073055	0.048787532	3.8483658
-0.0000011330043	-8.071922e-7	0.029119022	0.048862989	3.8544293
-0.0000011347881	-8.0846304e-7	0.029165026	0.048938502	3.8604977
-0.0000011365734	-8.097349e-7	0.029211068	0.049014073	3.866571
-0.00000113836	-8.1100779e-7	0.029257147	0.049089699	3.8726491
-0.0000011401481	-8.122817e-7	0.029303265	0.049165382	3.8787322
-0.0000011419377	-8.1355663e-7	0.029349419	0.049241122	3.8848201
-0.0000011437287	-8.1483259e-7	0.029395612	0.049316918	3.890913
-0.0000011455211	-8.1610957e-7	0.029441842	0.049392771	3.8970107
-0.0000011473149	-8.1738757e-7	0.029488109	0.04946868	3.9031133
-0.0000011491102	-8.186666e-7	0.029534414	0.049544646	3.9092208
-0.0000011509069	-8.1994665e-7	0.029580757	0.049620667	3.9153331
-0.0000011527051	-8.2122772e-7	0.029627137	0.049696746	3.9214504
-0.0000011545047	-8.2250981e-7	0.029673555	0.04977288	3.9275725
-0.0000011563057	-8.2379292e-7	0.02972001	0.049849071	3.9336995
-0.0000011581082	-8.2507705e-7	0.029766502	0.049925318	3.9398314
-0.000001159912	-8.2636221e-7	0.029813033	0.050001622	3.9459681
-0.0000011617174	-8.2764838e-7	0.0298596	0.050077981	3.9521097
-0.0000011635241	-8.2893558e-7	0.029906205	0.050154397	3.9582562
-0.0000011653323	-8.3022379e-7	0.029952848	0.050230869	3.9644076
-0.0000011671419	-8.3151303e-7	0.029999528	0.050307397	3.9705638
-0.000001168953	-8.3280328e-7	0.030046246	0.050383981	3.9767249
-0.0000011707654	-8.3409455e-7	0.030093001	0.050460621	3.9828909
-0.0000011725794	-8.3538684e-7	0.030139793	0.050537318	3.9890617
-0.0000011743947	-8.3668015e-7	0.030186623	0.05061407	3.9952374
-0.0000011762115	-8.3797448e-7	0.03023349	0.050690878	4.001418
-0.0000011780296	-8.3926983e-7	0.030280395	0.050767743	4.0076034
-0.0000011798493	-8.4056619e-7	0.030327337	0.050844663	4.0137937
-0.0000011816703	-8.4186357e-7	0.030374316	0.050921639	4.0199888
-0.0000011834928	-8.4316197e-7	0.030421333	0.050998671	4.0261888
-0.0000011853167	-8.4446138e-7	0.030468387	0.051075759	4.0323936
-0.000001187142	-8.4576181e-7	0.030515479	0.051152903	4.0386033
-0.0000011889688	-8.4706325e-7	0.030562607	0.051230102	4.0448178
-0.000001190797	-8.4836571e-7	0.030609774	0.051307358	4.0510372
-0.0000011926266	-8.4966919e-7	0.030656977	0.051384669	4.0572615
-0.0000011944576	-8.5097368e-7	0.030704218	0.051462035	4.0634906
-0.0000011962901	-8.5227919e-7	0.030751496	0.051539458	4.0697245
-0.0000011981239	-8.5358571e-7	0.030798812	0.051616936	4.0759633
-0.0000011999592	-8.5489324e-7	0.030846164	0.05169447	4.0822069
-0.000001201796	-8.5620179e-7	0.030893554	0.051772059	4.0884553
-0.0000012036341	-8.5751135e-7	0.030940982	0.051849704	4.0947086
-0.0000012054737	-8.5882192e-7	0.030988446	0.051927405	4.1009668
-0.0000012073147	-8.6013351e-7	0.031035948	0.052005161	4.1072297
-0.0000012091571	-8.6144611e-7	0.031083487	0.052082972	4.1134975
-0.0000012110009	-8.6275972e-7	0.031131063	0.052160839	4.1197702
-0.0000012128462	-8.6407434e-7	0.031178677	0.052238761	4.1260476
-0.0000012146928	-8.6538998e-7	0.031226327	0.052316739	4.1323299
-0.0000012165409	-8.6670662e-7	0.031274015	0.052394772	4.138617
-0.0000012183904	-8.6802428e-7	0.03132174	0.052472861	4.144909
-0.0000012202414	-8.6934295e-7	0.031369502	0.052551005	4.1512058
-0.0000012220937	-8.7066263e-7	0.031417302	0.052629204	4.1575074
-0.0000012239475	-8.7198331e-7	0.031465138	0.052707458	4.1638138
-0.0000012258027	-8.7330501e-7	0.031513012	0.052785768	4.170125
-0.0000012276593	-8.7462771e-7	0.031560923	0.052864133	4.1764411
-0.0000012295173	-8.7595143e-7	0.031608871	0.052942553	4.182762
-0.0000012313767	-8.7727615e-7	0.031656856	0.053021028	4.1890877
-0.0000012332376	-8.7860188e-7	0.031704878	0.053099558	4.1954182
-0.0000012350998	-8.7992862e-7	0.031752937	0.053178143	4.2017535
-0.0000012369635	-8.8125637e-7	0.031801034	0.053256784	4.2080936
-0.0000012388286	-8.8258512e-7	0.031849167	0.053335479	4.2144386
-0.0000012406951	-8.8391488e-7	0.031897338	0.053414229	4.2207883
-0.000001242563	-8.8524565e-7	0.031945545	0.053493035	4.2271429
-0.0000012444323	-8.8657743e-7	0.03199379	0.053571895	4.2335022
-0.0000012463031	-8.879102e-7	0.032042071	0.05365081	4.2398664
-0.0000012481752	-8.8924399e-7	0.03209039	0.053729781	4.2462354
-0.0000012500488	-8.9057878e-7	0.032138745	0.053808806	4.2526091
-0.0000012519237	-8.9191457e-7	0.032187138	0.053887885	4.2589877
-0.0000012538001	-8.9325137e-7	0.032235568	0.05396702	4.2653711
-0.0000012556779	-8.9458918e-7	0.032284034	0.054046209	4.2717592
-0.0000012575571	-8.9592799e-7	0.032332538	0.054125453	4.2781522
-0.0000012594377	-8.972678e-7	0.032381078	0.054204752	4.2845499
-0.0000012613197	-8.9860861e-7	0.032429656	0.054284105	4.2909524
-0.0000012632031	-8.9995043e-7	0.03247827	0.054363514	4.2973598
-0.000001265088	-9.0129325e-7	0.032526921	0.054442976	4.3037719
-0.0000012669742	-9.0263707e-7	0.03257561	0.054522494	4.3101888
-0.0000012688619	-9.0398189e-7	0.032624335	0.054602065	4.3166104
-0.0000012707509	-9.0532772e-7	0.032673097	0.054681692	4.3230369
-0.0000012726414	-9.0667454e-7	0.032721895	0.054761373	4.3294681
-0.0000012745332	-9.0802237e-7	0.032770731	0.054841108	4.3359041
-0.0000012764265	-9.0937119e-7	0.032819604	0.054920898	4.3423449
-0.0000012783211	-9.1072102e-7	0.032868513	0.055000742	4.3487905
-0.0000012802172	-9.1207185e-7	0.032917459	0.05508064	4.3552409
-0.0000012821147	-9.1342367e-7	0.032966442	0.055160593	4.361696
-0.0000012840136	-9.147765e-7	0.033015462	0.0552406	4.3681558
-0.0000012859138	-9.1613032e-7	0.033064519	0.055320662	4.3746205
-0.0000012878155	-9.1748514e-7	0.033113613	0.055400777	4.3810899
-0.0000012897186	-9.1884096e-7	0.033162743	0.055480947	4.3875641
-0.0000012916231	-9.2019778e-7	0.03321191	0.055561171	4.3940431
-0.0000012935289	-9.215556e-7	0.033261114	0.05564145	4.4005268
-0.0000012954362	-9.2291441e-7	0.033310354	0.055721782	4.4070152
-0.0000012973449	-9.2427422e-7	0.033359631	0.055802169	4.4135085
-0.000001299255	-9.2563502e-7	0.033408945	0.055882609	4.4200064
-0.0000013011664	-9.2699682e-7	0.033458296	0.055963104	4.4265092
-0.0000013030793	-9.2835961e-7	0.033507683	0.056043652	4.4330167
-0.0000013049936	-9.297234e-7	0.033557107	0.056124255	4.4395289
-0.0000013069092	-9.3108819e-7	0.033606568	0.056204911	4.4460459
-0.0000013088263	-9.3245397e-7	0.033656065	0.056285622	4.4525677
-0.0000013107448	-9.3382074e-7	0.033705599	0.056366386	4.4590942
-0.0000013126646	-9.3518851e-7	0.03375517	0.056447204	4.4656254
-0.0000013145858	-9.3655727e-7	0.033804777	0.056528076	4.4721614
-0.0000013165085	-9.3792702e-7	0.033854421	0.056609002	4.4787021
-0.0000013184325	-9.3929777e-7	0.033904102	0.056689981	4.4852475
-0.0000013203579	-9.4066951e-7	0.033953819	0.056771014	4.4917977
-0.0000013222847	-9.4204224e-7	0.034003572	0.056852101	4.4983527
-0.0000013242129	-9.4341596e-7	0.034053363	0.056933242	4.5049123
-0.0000013261425	-9.4479067e-7	0.034103189	0.057014436	4.5114767
-0.0000013280735	-9.4616637e-7	0.034153053	0.057095684	4.5180459
-0.0000013300059	-9.4754306e-7	0.034202953	0.057176985	4.5246197
-0.0000013319397	-9.4892075e-7	0.034252889	0.05725834	4.5311983
-0.0000013338748	-9.5029942e-7	0.034302862	0.057339748	4.5377816
-0.0000013358114	-9.5167908e-7	0.034352871	0.05742121	4.5443696
-0.0000013377493	-9.5305973e-7	0.034402917	0.057502725	4.5509624
-0.0000013396886	-9.5444137e-7	0.034453	0.057584294	4.5575599
-0.0000013416293	-9.55824e-7	0.034503118	0.057665916	4.5641621
-0.0000013435714	-9.5720761e-7	0.034553274	0.057747592	4.570769
-0.0000013455149	-9.5859221e-7	0.034603465	0.05782932	4.5773806
-0.0000013474598	-9.599778e-7	0.034653693	0.057911102	4.5839969
-0.000001349406	-9.6136438e-7	0.034703958	0.057992938	4.590618
-0.0000013513536	-9.6275194e-7	0.034754259	0.058074826	4.5972437
-0.0000013533026	-9.6414049e-7	0.034804596	0.058156768	4.6038742
-0.000001355253	-9.6553002e-7	0.03485497	0.058238763	4.6105094
-0.0000013572048	-9.6692054e-7	0.03490538	0.058320811	4.6171492
-0.000001359158	-9.6831204e-7	0.034955826	0.058402912	4.6237938
-0.0000013611125	-9.6970453e-7	0.035006309	0.058485066	4.6304431
-0.0000013630685	-9.71098e-7	0.035056828	0.058567273	4.637097
-0.0000013650258	-9.7249245e-7	0.035107383	0.058649533	4.6437557
-0.0000013669845	-9.7388789e-7	0.035157975	0.058731846	4.6504191
-0.0000013689445	-9.7528431e-7	0.035208603	0.058814212	4.6570871
-0.000001370906	-9.7668171e-7	0.035259267	0.058896631	4.6637599
-0.0000013728688	-9.780801e-7	0.035309968	0.058979102	4.6704373
-0.000001374833	-9.7947946e-7	0.035360705	0.059061627	4.6771194
-0.0000013767986	-9.8087981e-7	0.035411478	0.059144204	4.6838062
-0.0000013787655	-9.8228114e-7	0.035462287	0.059226834	4.6904977
-0.0000013807339	-9.8368344e-7	0.035513132	0.059309517	4.6971939
-0.0000013827036	-9.8508673e-7	0.035564014	0.059392253	4.7038948
-0.0000013846746	-9.86491e-7	0.035614932	0.059475041	4.7106003
-0.0000013866471	-9.8789625e-7	0.035665886	0.059557882	4.7173105
-0.0000013886209	-9.8930247e-7	0.035716876	0.059640775	4.7240254
-0.0000013905961	-9.9070968e-7	0.035767902	0.059723721	4.7307449
-0.0000013925727	-9.9211786e-7	0.035818964	0.05980672	4.7374691
-0.0000013945507	-9.9352702e-7	0.035870063	0.059889771	4.744198
-0.00000139653	-9.9493716e-7	0.035921198	0.059972874	4.7509316
-0.0000013985107	-9.9634827e-7	0.035972368	0.06005603	4.7576698
-0.0000014004927	-9.9776036e-7	0.036023575	0.060139239	4.7644127
-0.0000014024762	-9.9917343e-7	0.036074818	0.060222499	4.7711602
-0.000001404461	-0.0000010005875	0.036126097	0.060305812	4.7779124
-0.0000014064471	-0.0000010020025	0.036177412	0.060389178	4.7846693
-0.0000014084347	-0.0000010034185	0.036228763	0.060472595	4.7914308
-0.0000014104236	-0.0000010048354	0.03628015	0.060556065	4.798197
-0.0000014124138	-0.0000010062534	0.036331574	0.060639587	4.8049678
-0.0000014144055	-0.0000010076723	0.036383033	0.060723161	4.8117433
-0.0000014163985	-0.0000010090922	0.036434528	0.060806788	4.8185234
-0.0000014183929	-0.000001010513	0.036486059	0.060890466	4.8253081
-0.0000014203886	-0.0000010119349	0.036537626	0.060974197	4.8320975
-0.0000014223857	-0.0000010133577	0.036589229	0.061057979	4.8388916
-0.0000014243842	-0.0000010147815	0.036640868	0.061141814	4.8456903
-0.000001426384	-0.0000010162062	0.036692542	0.0612257	4.8524936
-0.0000014283852	-0.0000010176319	0.036744253	0.061309639	4.8593016
-0.0000014303877	-0.0000010190586	0.036796	0.061393629	4.8661141
-0.0000014323916	-0.0000010204863	0.036847782	0.061477671	4.8729314
-0.0000014343969	-0.0000010219149	0.0368996	0.061561766	4.8797532
-0.0000014364036	-0.0000010233445	0.036951455	0.061645911	4.8865797
-0.0000014384116	-0.0000010247751	0.037003345	0.061730109	4.8934108
-0.0000014404209	-0.0000010262066	0.03705527	0.061814358	4.9002465
-0.0000014424316	-0.0000010276391	0.037107232	0.061898659	4.9070869
-0.0000014444437	-0.0000010290726	0.037159229	0.061983012	4.9139319
-0.0000014464571	-0.000001030507	0.037211263	0.062067416	4.9207815
-0.0000014484719	-0.0000010319424	0.037263332	0.062151872	4.9276357
-0.000001450488	-0.0000010333788	0.037315436	0.06223638	4.9344945
-0.0000014525055	-0.0000010348161	0.037367577	0.062320939	4.9413579
-0.0000014545244	-0.0000010362544	0.037419753	0.062405549	4.948226
-0.0000014565446	-0.0000010376937	0.037471965	0.062490211	4.9550986
-0.0000014585662	-0.0000010391339	0.037524213	0.062574925	4.9619759
-0.0000014605891	-0.0000010405751	0.037576496	0.06265969	4.9688577
-0.0000014626133	-0.0000010420173	0.037628815	0.062744506	4.9757442
-0.000001464639	-0.0000010434604	0.037681169	0.062829373	4.9826352
-0.0000014666659	-0.0000010449045	0.03773356	0.062914292	4.9895309
-0.0000014686942	-0.0000010463495	0.037785986	0.062999262	4.9964312
-0.0000014707239	-0.0000010477955	0.037838447	0.063084283	5.003336
-0.0000014727549	-0.0000010492425	0.037890944	0.063169356	5.0102454
-0.0000014747873	-0.0000010506904	0.037943477	0.063254479	5.0171595
-0.000001476821	-0.0000010521393	0.037996045	0.063339654	5.0240781
-0.0000014788561	-0.0000010535892	0.038048649	0.06342488	5.0310013
-0.0000014808925	-0.00000105504	0.038101289	0.063510156	5.0379291
-0.0000014829303	-0.0000010564918	0.038153964	0.063595484	5.0448614
-0.0000014849694	-0.0000010579445	0.038206674	0.063680863	5.0517984
-0.0000014870098	-0.0000010593982	0.03825942	0.063766293	5.0587399
-0.0000014890516	-0.0000010608528	0.038312202	0.063851773	5.065686
-0.0000014910948	-0.0000010623084	0.038365018	0.063937305	5.0726367
-0.0000014931392	-0.000001063765	0.038417871	0.064022887	5.0795919
-0.0000014951851	-0.0000010652225	0.038470759	0.06410852	5.0865517
-0.0000014972322	-0.000001066681	0.038523682	0.064194204	5.0935161
-0.0000014992808	-0.0000010681404	0.038576641	0.064279939	5.1004851
-0.0000015013306	-0.0000010696008	0.038629635	0.064365724	5.1074586
-0.0000015033818	-0.0000010710622	0.038682664	0.06445156	5.1144366
-0.0000015054343	-0.0000010725245	0.038735729	0.064537446	5.1214193
-0.0000015074882	-0.0000010739877	0.03878883	0.064623384	5.1284065
-0.0000015095434	-0.0000010754519	0.038841965	0.064709371	5.1353982
-0.0000015116	-0.0000010769171	0.038895136	0.06479541	5.1423945
-0.0000015136579	-0.0000010783832	0.038948343	0.064881498	5.1493953
-0.0000015157171	-0.0000010798503	0.039001584	0.064967637	5.1564007
-0.0000015177776	-0.0000010813183	0.039054861	0.065053827	5.1634106
-0.0000015198395	-0.0000010827872	0.039108173	0.065140067	5.1704251
-0.0000015219028	-0.0000010842572	0.039161521	0.065226357	5.1774442
-0.0000015239673	-0.000001085728	0.039214903	0.065312698	5.1844677
-0.0000015260332	-0.0000010871998	0.039268321	0.065399089	5.1914958
-0.0000015281005	-0.0000010886726	0.039321774	0.06548553	5.1985284
-0.000001530169	-0.0000010901463	0.039375263	0.065572021	5.2055656
-0.0000015322389	-0.000001091621	0.039428786	0.065658563	5.2126073
-0.0000015343102	-0.0000010930966	0.039482345	0.065745154	5.2196535
-0.0000015363827	-0.0000010945732	0.039535939	0.065831796	5.2267043
-0.0000015384566	-0.0000010960507	0.039589568	0.065918488	5.2337596
-0.0000015405318	-0.0000010975292	0.039643232	0.066005229	5.2408194
-0.0000015426084	-0.0000010990086	0.039696931	0.066092021	5.2478837
-0.0000015446863	-0.0000011004889	0.039750666	0.066178863	5.2549525
-0.0000015467655	-0.0000011019702	0.039804435	0.066265754	5.2620259
-0.000001548846	-0.0000011034525	0.03985824	0.066352696	5.2691038
-0.0000015509279	-0.0000011049356	0.039912079	0.066439687	5.2761861
-0.000001553011	-0.0000011064198	0.039965954	0.066526728	5.283273
-0.0000015550955	-0.0000011079049	0.040019864	0.066613819	5.2903644
-0.0000015571814	-0.0000011093909	0.040073809	0.06670096	5.2974603
-0.0000015592685	-0.0000011108778	0.040127788	0.06678815	5.3045608
-0.000001561357	-0.0000011123657	0.040181803	0.06687539	5.3116657
-0.0000015634468	-0.0000011138546	0.040235853	0.06696268	5.3187751
-0.0000015655379	-0.0000011153444	0.040289937	0.067050019	5.325889
-0.0000015676304	-0.0000011168351	0.040344057	0.067137408	5.3330074
-0.0000015697241	-0.0000011183268	0.040398211	0.067224846	5.3401303
-0.0000015718192	-0.0000011198194	0.040452401	0.067312334	5.3472576
-0.0000015739156	-0.0000011213129	0.040506625	0.067399871	5.3543895
-0.0000015760133	-0.0000011228074	0.040560884	0.067487457	5.3615259
-0.0000015781124	-0.0000011243029	0.040615178	0.067575093	5.3686667
-0.0000015802127	-0.0000011257992	0.040669507	0.067662778	5.375812
-0.0000015823144	-0.0000011272965	0.040723871	0.067750513	5.3829618
-0.0000015844174	-0.0000011287948	0.040778269	0.067838297	5.3901161
-0.0000015865217	-0.000001130294	0.040832703	0.06792613	5.3972748
-0.0000015886273	-0.0000011317941	0.040887171	0.068014012	5.4044381
-0.0000015907343	-0.0000011332951	0.040941674	0.068101943	5.4116058
-0.0000015928425	-0.0000011347971	0.040996211	0.068189924	5.4187779
-0.0000015949521	-0.0000011363	0.041050784	0.068277953	5.4259545
-0.0000015970629	-0.0000011378039	0.041105391	0.068366032	5.4331356
-0.0000015991751	-0.0000011393087	0.041160033	0.06845416	5.4403212
-0.0000016012886	-0.0000011408144	0.041214709	0.068542336	5.4475112
-0.0000016034034	-0.0000011423211	0.041269421	0.068630562	5.4547057
-0.0000016055195	-0.0000011438287	0.041324167	0.068718836	5.4619046
-0.000001607637	-0.0000011453372	0.041378947	0.068807159	5.4691079
-0.0000016097557	-0.0000011468467	0.041433762	0.068895531	5.4763158
-0.0000016118757	-0.0000011483571	0.041488612	0.068983952	5.483528
-0.0000016139971	-0.0000011498684	0.041543497	0.069072421	5.4907448
-0.0000016161197	-0.0000011513806	0.041598416	0.06916094	5.4979659
-0.0000016182437	-0.0000011528938	0.041653369	0.069249507	5.5051915
-0.0000016203689	-0.0000011544079	0.041708357	0.069338122	5.5124215
-0.0000016224955	-0.000001155923	0.04176338	0.069426786	5.519656
-0.0000016246234	-0.0000011574389	0.041818437	0.069515499	5.5268949
-0.0000016267525	-0.0000011589558	0.041873529	0.06960426	5.5341383
-0.000001628883	-0.0000011604736	0.041928655	0.06969307	5.541386
-0.0000016310148	-0.0000011619924	0.041983816	0.069781928	5.5486382
-0.0000016331478	-0.0000011635121	0.042039011	0.069870834	5.5558948
-0.0000016352822	-0.0000011650327	0.042094241	0.069959789	5.5631559
-0.0000016374179	-0.0000011665542	0.042149505	0.070048792	5.5704213
-0.0000016395549	-0.0000011680766	0.042204803	0.070137844	5.5776912
-0.0000016416931	-0.0000011696	0.042260136	0.070226944	5.5849655
-0.0000016438327	-0.0000011711243	0.042315503	0.070316092	5.5922442
-0.0000016459736	-0.0000011726496	0.042370905	0.070405288	5.5995273
-0.0000016481157	-0.0000011741757	0.042426341	0.070494532	5.6068149
-0.0000016502592	-0.0000011757028	0.042481811	0.070583824	5.6141068
-0.0000016524039	-0.0000011772308	0.042537316	0.070673165	5.6214031
-0.00000165455	-0.0000011787597	0.042592855	0.070762553	5.6287039
-0.0000016566973	-0.0000011802895	0.042648428	0.07085199	5.636009
-0.0000016588459	-0.0000011818203	0.042704035	0.070941474	5.6433185
-0.0000016609958	-0.000001183352	0.042759677	0.071031007	5.6506325
-0.0000016631471	-0.0000011848846	0.042815353	0.071120587	5.6579508
-0.0000016652996	-0.0000011864181	0.042871063	0.071210215	5.6652735
-0.0000016674534	-0.0000011879525	0.042926808	0.071299891	5.6726006
-0.0000016696084	-0.0000011894879	0.042982586	0.071389614	5.6799321
-0.0000016717648	-0.0000011910241	0.043038399	0.071479386	5.687268
-0.0000016739225	-0.0000011925613	0.043094246	0.071569205	5.6946082
-0.0000016760814	-0.0000011940994	0.043150127	0.071659071	5.7019528
-0.0000016782416	-0.0000011956385	0.043206042	0.071748986	5.7093018
-0.0000016804031	-0.0000011971784	0.043261992	0.071838947	5.7166552
-0.0000016825659	-0.0000011987193	0.043317975	0.071928957	5.724013
-0.00000168473	-0.000001200261	0.043373993	0.072019014	5.7313751
-0.0000016868954	-0.0000012018037	0.043430044	0.072109118	5.7387415
-0.000001689062	-0.0000012033473	0.04348613	0.07219927	5.7461124
-0.00000169123	-0.0000012048918	0.043542249	0.072289469	5.7534876
-0.0000016933992	-0.0000012064372	0.043598403	0.072379715	5.7608672
-0.0000016955697	-0.0000012079836	0.043654591	0.072470009	5.7682511
-0.0000016977415	-0.0000012095308	0.043710812	0.07256035	5.7756394
-0.0000016999145	-0.000001211079	0.043767068	0.072650738	5.783032
-0.0000017020888	-0.0000012126281	0.043823358	0.072741174	5.790429
-0.0000017042644	-0.000001214178	0.043879681	0.072831656	5.7978303
-0.0000017064413	-0.0000012157289	0.043936038	0.072922186	5.805236
-0.0000017086195	-0.0000012172807	0.04399243	0.073012763	5.812646
-0.0000017107989	-0.0000012188334	0.044048855	0.073103386	5.8200603
-0.0000017129796	-0.0000012203871	0.044105314	0.073194057	5.827479
-0.0000017151616	-0.0000012219416	0.044161807	0.073284775	5.834902
-0.0000017173449	-0.000001223497	0.044218333	0.073375539	5.8423294
-0.0000017195294	-0.0000012250533	0.044274894	0.073466351	5.8497611
-0.0000017217152	-0.0000012266106	0.044331488	0.073557209	5.8571971
-0.0000017239023	-0.0000012281687	0.044388116	0.073648114	5.8646374
-0.0000017260907	-0.0000012297278	0.044444778	0.073739066	5.8720821
-0.0000017282803	-0.0000012312878	0.044501474	0.073830065	5.8795311
-0.0000017304712	-0.0000012328486	0.044558203	0.07392111	5.8869843
-0.0000017326633	-0.0000012344104	0.044614966	0.074012202	5.894442
-0.0000017348567	-0.0000012359731	0.044671763	0.074103341	5.9019039
-0.0000017370514	-0.0000012375366	0.044728593	0.074194526	5.9093701
-0.0000017392474	-0.0000012391011	0.044785457	0.074285757	5.9168407
-0.0000017414446	-0.0000012406665	0.044842355	0.074377035	5.9243155
-0.0000017436431	-0.0000012422328	0.044899286	0.07446836	5.9317947
-0.0000017458429	-0.0000012438	0.044956251	0.074559731	5.9392781
-0.0000017480439	-0.000001245368	0.04501325	0.074651148	5.9467659
-0.0000017502461	-0.000001246937	0.045070282	0.074742612	5.9542579
-0.0000017524497	-0.0000012485069	0.045127347	0.074834122	5.9617543
-0.0000017546545	-0.0000012500777	0.045184447	0.074925678	5.9692549
-0.0000017568605	-0.0000012516494	0.045241579	0.075017281	5.9767598
-0.0000017590679	-0.0000012532219	0.045298746	0.075108929	5.984269
-0.0000017612764	-0.0000012547954	0.045355945	0.075200624	5.9917825
-0.0000017634863	-0.0000012563698	0.045413179	0.075292365	5.9993003
-0.0000017656974	-0.000001257945	0.045470445	0.075384151	6.0068223
-0.0000017679097	-0.0000012595212	0.045527745	0.075475984	6.0143487
-0.0000017701233	-0.0000012610982	0.045585079	0.075567863	6.0218793
-0.0000017723382	-0.0000012626762	0.045642446	0.075659788	6.0294141
-0.0000017745543	-0.000001264255	0.045699846	0.075751759	6.0369533
-0.0000017767717	-0.0000012658348	0.04575728	0.075843775	6.0444967
-0.0000017789903	-0.0000012674154	0.045814747	0.075935837	6.0520443
-0.0000017812102	-0.0000012689969	0.045872247	0.076027945	6.0595963
-0.0000017834313	-0.0000012705793	0.045929781	0.076120099	6.0671525
-0.0000017856537	-0.0000012721626	0.045987348	0.076212299	6.0747129
-0.0000017878774	-0.0000012737468	0.046044948	0.076304544	6.0822776
-0.0000017901022	-0.0000012753319	0.046102582	0.076396835	6.0898465
-0.0000017923284	-0.0000012769179	0.046160248	0.076489171	6.0974197
-0.0000017945557	-0.0000012785047	0.046217948	0.076581553	6.1049972
-0.0000017967844	-0.0000012800925	0.046275682	0.07667398	6.1125789
-0.0000017990142	-0.0000012816811	0.046333448	0.076766453	6.1201648
-0.0000018012454	-0.0000012832707	0.046391248	0.076858971	6.1277549
-0.0000018034777	-0.0000012848611	0.04644908	0.076951535	6.1353493
-0.0000018057113	-0.0000012864524	0.046506946	0.077044144	6.142948
-0.0000018079462	-0.0000012880446	0.046564845	0.077136798	6.1505508
-0.0000018101823	-0.0000012896376	0.046622777	0.077229498	6.1581579
-0.0000018124196	-0.0000012912316	0.046680743	0.077322243	6.1657692
-0.0000018146582	-0.0000012928264	0.046738741	0.077415032	6.1733848
-0.000001816898	-0.0000012944221	0.046796772	0.077507867	6.1810045
-0.0000018191391	-0.0000012960188	0.046854837	0.077600748	6.1886285
-0.0000018213813	-0.0000012976162	0.046912934	0.077693673	6.1962567
-0.0000018236249	-0.0000012992146	0.046971064	0.077786643	6.2038891
-0.0000018258697	-0.0000013008139	0.047029228	0.077879658	6.2115257
-0.0000018281157	-0.000001302414	0.047087424	0.077972718	6.2191665
-0.0000018303629	-0.000001304015	0.047145653	0.078065823	6.2268115
-0.0000018326114	-0.0000013056169	0.047203916	0.078158973	6.2344607
-0.0000018348611	-0.0000013072197	0.047262211	0.078252168	6.2421142
-0.000001837112	-0.0000013088233	0.047320539	0.078345407	6.2497718
-0.0000018393642	-0.0000013104279	0.0473789	0.078438691	6.2574336
-0.0000018416176	-0.0000013120333	0.047437293	0.07853202	6.2650996
-0.0000018438723	-0.0000013136396	0.04749572	0.078625393	6.2727698
-0.0000018461281	-0.0000013152467	0.047554179	0.078718811	6.2804442
-0.0000018483853	-0.0000013168548	0.047612671	0.078812274	6.2881227
-0.0000018506436	-0.0000013184637	0.047671196	0.078905781	6.2958055
-0.0000018529031	-0.0000013200735	0.047729754	0.078999333	6.3034924
-0.0000018551639	-0.0000013216841	0.047788345	0.079092929	6.3111835
-0.0000018574259	-0.0000013232957	0.047846968	0.07918657	6.3188788
-0.0000018596892	-0.0000013249081	0.047905624	0.079280254	6.3265782
-0.0000018619537	-0.0000013265214	0.047964312	0.079373984	6.3342818
-0.0000018642193	-0.0000013281355	0.048023034	0.079467757	6.3419896
-0.0000018664863	-0.0000013297506	0.048081788	0.079561575	6.3497015
-0.0000018687544	-0.0000013313665	0.048140574	0.079655437	6.3574176
-0.0000018710238	-0.0000013329832	0.048199393	0.079749343	6.3651379
-0.0000018732943	-0.0000013346009	0.048258245	0.079843293	6.3728623
-0.0000018755661	-0.0000013362194	0.04831713	0.079937287	6.3805909
-0.0000018778392	-0.0000013378388	0.048376047	0.080031325	6.3883236
-0.0000018801134	-0.000001339459	0.048434996	0.080125408	6.3960604
-0.0000018823889	-0.0000013410801	0.048493978	0.080219534	6.4038014
-0.0000018846655	-0.0000013427021	0.048552993	0.080313704	6.4115466
-0.0000018869434	-0.000001344325	0.04861204	0.080407918	6.4192959
-0.0000018892225	-0.0000013459487	0.048671119	0.080502176	6.4270493
-0.0000018915028	-0.0000013475733	0.048730231	0.080596477	6.4348068
-0.0000018937844	-0.0000013491987	0.048789376	0.080690823	6.4425685
-0.0000018960671	-0.000001350825	0.048848552	0.080785212	6.4503343
-0.0000018983511	-0.0000013524522	0.048907762	0.080879644	6.4581043
-0.0000019006363	-0.0000013540802	0.048967003	0.080974121	6.4658783
-0.0000019029227	-0.0000013557091	0.049026277	0.081068641	6.4736565
-0.0000019052103	-0.0000013573389	0.049085583	0.081163204	6.4814388
-0.0000019074991	-0.0000013589695	0.049144922	0.081257811	6.4892252
-0.0000019097891	-0.000001360601	0.049204293	0.081352462	6.4970157
-0.0000019120803	-0.0000013622334	0.049263696	0.081447155	6.5048104
-0.0000019143727	-0.0000013638666	0.049323132	0.081541893	6.5126091
-0.0000019166664	-0.0000013655006	0.049382599	0.081636673	6.520412
-0.0000019189612	-0.0000013671356	0.049442099	0.081731497	6.5282189
-0.0000019212573	-0.0000013687714	0.049501631	0.081826364	6.53603
-0.0000019235545	-0.000001370408	0.049561196	0.081921274	6.5438451
-0.000001925853	-0.0000013720455	0.049620792	0.082016228	6.5516643
-0.0000019281526	-0.0000013736839	0.049680421	0.082111224	6.5594877
-0.0000019304535	-0.0000013753231	0.049740082	0.082206264	6.5673151
-0.0000019327555	-0.0000013769631	0.049799775	0.082301347	6.5751466
-0.0000019350588	-0.0000013786041	0.0498595	0.082396472	6.5829821
-0.0000019373632	-0.0000013802458	0.049919257	0.082491641	6.5908218
-0.0000019396689	-0.0000013818885	0.049979046	0.082586853	6.5986655
-0.0000019419757	-0.0000013835319	0.050038867	0.082682107	6.6065133
-0.0000019442838	-0.0000013851763	0.05009872	0.082777404	6.6143652
-0.000001946593	-0.0000013868215	0.050158605	0.082872744	6.6222212
-0.0000019489035	-0.0000013884675	0.050218523	0.082968127	6.6300812
-0.0000019512151	-0.0000013901144	0.050278472	0.083063553	6.6379453
-0.0000019535279	-0.0000013917621	0.050338453	0.083159021	6.6458134
-0.000001955842	-0.0000013934107	0.050398466	0.083254531	6.6536856
-0.0000019581572	-0.0000013950602	0.050458511	0.083350085	6.6615618
-0.0000019604736	-0.0000013967105	0.050518588	0.083445681	6.6694421
-0.0000019627912	-0.0000013983616	0.050578696	0.083541319	6.6773265
-0.00000196511	-0.0000014000136	0.050638837	0.083637	6.6852149
-0.0000019674299	-0.0000014016664	0.050699009	0.083732723	6.6931073
-0.0000019697511	-0.0000014033201	0.050759213	0.083828489	6.7010038
-0.0000019720734	-0.0000014049746	0.050819449	0.083924297	6.7089043
-0.000001974397	-0.00000140663	0.050879717	0.084020147	6.7168089
-0.0000019767217	-0.0000014082862	0.050940017	0.084116039	6.7247175
-0.0000019790476	-0.0000014099432	0.051000348	0.084211974	6.7326301
-0.0000019813747	-0.0000014116011	0.051060711	0.084307951	6.7405468
-0.000001983703	-0.0000014132599	0.051121105	0.08440397	6.7484674
-0.0000019860324	-0.0000014149195	0.051181532	0.084500031	6.7563921
-0.000001988363	-0.0000014165799	0.05124199	0.084596134	6.7643208
-0.0000019906949	-0.0000014182412	0.051302479	0.084692279	6.7722536
-0.0000019930279	-0.0000014199033	0.051363001	0.084788466	6.7801903
-0.000001995362	-0.0000014215662	0.051423553	0.084884695	6.788131
-0.0000019976974	-0.00000142323	0.051484138	0.084980965	6.7960758
-0.0000020000339	-0.0000014248946	0.051544754	0.085077278	6.8040246
-0.0000020023716	-0.0000014265601	0.051605401	0.085173632	6.8119773
-0.0000020047105	-0.0000014282264	0.05166608	0.085270028	6.8199341
-0.0000020070505	-0.0000014298935	0.051726791	0.085366466	6.8278948
-0.0000020093918	-0.0000014315615	0.051787533	0.085462945	6.8358596
-0.0000020117342	-0.0000014332303	0.051848306	0.085559466	6.8438283
-0.0000020140777	-0.0000014348999	0.051909111	0.085656029	6.8518011
-0.0000020164225	-0.0000014365704	0.051969947	0.085752633	6.8597778
-0.0000020187684	-0.0000014382417	0.052030815	0.085849278	6.8677585
-0.0000020211155	-0.0000014399139	0.052091714	0.085945965	6.8757432
-0.0000020234637	-0.0000014415869	0.052152644	0.086042694	6.8837318
-0.0000020258132	-0.0000014432607	0.052213606	0.086139463	6.8917244
-0.0000020281638	-0.0000014449353	0.052274599	0.086236274	6.899721
-0.0000020305155	-0.0000014466108	0.052335624	0.086333127	6.9077216
-0.0000020328684	-0.0000014482871	0.052396679	0.08643002	6.9157261
-0.0000020352225	-0.0000014499642	0.052457766	0.086526955	6.9237346
-0.0000020375778	-0.0000014516422	0.052518884	0.086623931	6.9317471
-0.0000020399342	-0.000001453321	0.052580034	0.086720947	6.9397635
-0.0000020422918	-0.0000014550006	0.052641214	0.086818005	6.9477838
-0.0000020446505	-0.000001456681	0.052702426	0.086915104	6.9558082
-0.0000020470104	-0.0000014583623	0.052763669	0.087012244	6.9638364
-0.0000020493714	-0.0000014600444	0.052824943	0.087109425	6.9718686
-0.0000020517337	-0.0000014617273	0.052886248	0.087206647	6.9799048
-0.000002054097	-0.0000014634111	0.052947585	0.087303909	6.9879449
-0.0000020564616	-0.0000014650957	0.053008952	0.087401212	6.9959889
-0.0000020588272	-0.0000014667811	0.053070351	0.087498556	7.0040368
-0.0000020611941	-0.0000014684673	0.05313178	0.087595941	7.0120887
-0.0000020635621	-0.0000014701543	0.053193241	0.087693367	7.0201445
-0.0000020659312	-0.0000014718422	0.053254732	0.087790833	7.0282043
-0.0000020683015	-0.0000014735309	0.053316255	0.087888339	7.0362679
-0.000002070673	-0.0000014752204	0.053377808	0.087985886	7.0443355
-0.0000020730456	-0.0000014769107	0.053439392	0.088083474	7.052407
-0.0000020754194	-0.0000014786019	0.053501008	0.088181102	7.0604824
-0.0000020777943	-0.0000014802938	0.053562654	0.08827877	7.0685618
-0.0000020801703	-0.0000014819866	0.053624331	0.088376479	7.076645
-0.0000020825475	-0.0000014836802	0.053686039	0.088474228	7.0847321
-0.0000020849259	-0.0000014853746	0.053747778	0.088572018	7.0928231
-0.0000020873054	-0.0000014870699	0.053809547	0.088669847	7.1009181
-0.000002089686	-0.0000014887659	0.053871348	0.088767717	7.1090169
-0.0000020920678	-0.0000014904628	0.053933179	0.088865627	7.1171196
-0.0000020944507	-0.0000014921605	0.053995041	0.088963577	7.1252262
-0.0000020968348	-0.000001493859	0.054056934	0.089061567	7.1333367
-0.00000209922	-0.0000014955583	0.054118857	0.089159597	7.1414511
-0.0000021016063	-0.0000014972584	0.054180811	0.089257667	7.1495694
-0.0000021039938	-0.0000014989593	0.054242796	0.089355777	7.1576915
-0.0000021063825	-0.0000015006611	0.054304811	0.089453927	7.1658176
-0.0000021087722	-0.0000015023636	0.054366857	0.089552117	7.1739474
-0.0000021111631	-0.000001504067	0.054428934	0.089650346	7.1820812
-0.0000021135552	-0.0000015057712	0.054491041	0.089748615	7.1902188
-0.0000021159484	-0.0000015074762	0.054553179	0.089846924	7.1983603
-0.0000021183427	-0.000001509182	0.054615347	0.089945273	7.2065057
-0.0000021207381	-0.0000015108886	0.054677546	0.090043661	7.2146549
-0.0000021231347	-0.000001512596	0.054739776	0.090142088	7.2228079
-0.0000021255324	-0.0000015143042	0.054802036	0.090240556	7.2309649
-0.0000021279313	-0.0000015160132	0.054864326	0.090339062	7.2391256
-0.0000021303313	-0.000001517723	0.054926647	0.090437609	7.2472902
-0.0000021327324	-0.0000015194337	0.054988998	0.090536194	7.2554587
-0.0000021351346	-0.0000015211451	0.05505138	0.090634819	7.263631
-0.000002137538	-0.0000015228573	0.055113792	0.090733483	7.2718071
-0.0000021399424	-0.0000015245704	0.055176234	0.090832187	7.2799871
-0.0000021423481	-0.0000015262842	0.055238707	0.09093093	7.2881709
-0.0000021447548	-0.0000015279989	0.05530121	0.091029711	7.2963585
-0.0000021471627	-0.0000015297143	0.055363743	0.091128532	7.3045499
-0.0000021495717	-0.0000015314306	0.055426307	0.091227393	7.3127452
-0.0000021519818	-0.0000015331476	0.055488901	0.091326292	7.3209443
-0.000002154393	-0.0000015348655	0.055551525	0.09142523	7.3291472
-0.0000021568053	-0.0000015365841	0.055614179	0.091524207	7.3373539
-0.0000021592188	-0.0000015383036	0.055676864	0.091623223	7.3455644
-0.0000021616334	-0.0000015400238	0.055739579	0.091722278	7.3537788
-0.0000021640491	-0.0000015417448	0.055802324	0.091821371	7.3619969
-0.000002166466	-0.0000015434667	0.055865099	0.091920504	7.3702188
-0.0000021688839	-0.0000015451893	0.055927904	0.092019675	7.3784446
-0.000002171303	-0.0000015469127	0.055990739	0.092118885	7.3866741
-0.0000021737231	-0.0000015486369	0.056053604	0.092218134	7.3949074
-0.0000021761444	-0.000001550362	0.0561165	0.092317421	7.4031445
-0.0000021785668	-0.0000015520878	0.056179425	0.092416746	7.4113854
-0.0000021809903	-0.0000015538144	0.056242381	0.092516111	7.4196301
-0.000002183415	-0.0000015555417	0.056305366	0.092615513	7.4278786
-0.0000021858407	-0.0000015572699	0.056368381	0.092714954	7.4361308
-0.0000021882675	-0.0000015589989	0.056431427	0.092814434	7.4443868
-0.0000021906955	-0.0000015607286	0.056494502	0.092913952	7.4526466
-0.0000021931245	-0.0000015624592	0.056557607	0.093013508	7.4609102
-0.0000021955547	-0.0000015641905	0.056620742	0.093113102	7.4691775
-0.000002197986	-0.0000015659227	0.056683907	0.093212735	7.4774485
-0.0000022004184	-0.0000015676556	0.056747101	0.093312405	7.4857234
-0.0000022028518	-0.0000015693893	0.056810326	0.093412114	7.494002
-0.0000022052864	-0.0000015711237	0.05687358	0.093511861	7.5022843
-0.0000022077221	-0.000001572859	0.056936864	0.093611646	7.5105704
-0.0000022101589	-0.0000015745951	0.057000178	0.093711469	7.5188603
-0.0000022125968	-0.0000015763319	0.057063522	0.093811329	7.5271538
-0.0000022150358	-0.0000015780695	0.057126895	0.093911228	7.5354512
-0.0000022174759	-0.0000015798079	0.057190298	0.094011165	7.5437522
-0.000002219917	-0.0000015815471	0.057253731	0.094111139	7.552057
-0.0000022223593	-0.0000015832871	0.057317193	0.094211151	7.5603655
-0.0000022248027	-0.0000015850278	0.057380685	0.094311201	7.5686778
-0.0000022272472	-0.0000015867694	0.057444206	0.094411288	7.5769938
-0.0000022296927	-0.0000015885117	0.057507757	0.094511413	7.5853135
-0.0000022321394	-0.0000015902547	0.057571338	0.094611576	7.5936369
-0.0000022345871	-0.0000015919986	0.057634948	0.094711776	7.601964
-0.000002237036	-0.0000015937433	0.057698588	0.094812014	7.6102949
-0.0000022394859	-0.0000015954887	0.057762257	0.094912289	7.6186294
-0.0000022419369	-0.0000015972349	0.057825956	0.095012602	7.6269677
-0.0000022443891	-0.0000015989818	0.057889684	0.095112951	7.6353097
-0.0000022468423	-0.0000016007296	0.057953441	0.095213339	7.6436553
-0.0000022492965	-0.0000016024781	0.058017228	0.095313763	7.6520047
-0.0000022517519	-0.0000016042274	0.058081044	0.095414225	7.6603578
-0.0000022542084	-0.0000016059775	0.05814489	0.095514723	7.6687145
-0.0000022566659	-0.0000016077283	0.058208765	0.095615259	7.677075
-0.0000022591245	-0.0000016094799	0.05827267	0.095715832	7.6854391
-0.0000022615842	-0.0000016112323	0.058336603	0.095816442	7.6938069
-0.000002264045	-0.0000016129854	0.058400566	0.095917089	7.7021784
-0.0000022665069	-0.0000016147394	0.058464558	0.096017773	7.7105535
-0.0000022689698	-0.000001616494	0.05852858	0.096118494	7.7189324
-0.0000022714339	-0.0000016182495	0.05859263	0.096219252	7.7273149
-0.000002273899	-0.0000016200057	0.05865671	0.096320047	7.735701
-0.0000022763651	-0.0000016217627	0.058720819	0.096420878	7.7440909
-0.0000022788324	-0.0000016235205	0.058784957	0.096521746	7.7524844
-0.0000022813007	-0.000001625279	0.058849124	0.096622651	7.7608815
-0.0000022837701	-0.0000016270383	0.058913321	0.096723592	7.7692823
-0.0000022862406	-0.0000016287984	0.058977546	0.09682457	7.7776868
-0.0000022887122	-0.0000016305592	0.059041801	0.096925584	7.7860949
-0.0000022911848	-0.0000016323208	0.059106084	0.097026635	7.7945066
-0.0000022936585	-0.0000016340831	0.059170397	0.097127723	7.802922
-0.0000022961332	-0.0000016358462	0.059234738	0.097228846	7.811341
-0.0000022986091	-0.0000016376101	0.059299109	0.097330007	7.8197637
-0.000002301086	-0.0000016393747	0.059363508	0.097431203	7.82819
-0.0000023035639	-0.0000016411401	0.059427936	0.097532436	7.8366199
-0.0000023060429	-0.0000016429062	0.059492394	0.097633705	7.8450534
-0.000002308523	-0.0000016446731	0.05955688	0.09773501	7.8534906
-0.0000023110042	-0.0000016464408	0.059621395	0.097836351	7.8619314
-0.0000023134864	-0.0000016482092	0.059685938	0.097937729	7.8703758
-0.0000023159697	-0.0000016499784	0.059750511	0.098039142	7.8788238
-0.000002318454	-0.0000016517483	0.059815113	0.098140591	7.8872754
-0.0000023209394	-0.000001653519	0.059879743	0.098242077	7.8957307
-0.0000023234259	-0.0000016552905	0.059944402	0.098343598	7.9041895
-0.0000023259134	-0.0000016570627	0.060009089	0.098445155	7.9126519
-0.000002328402	-0.0000016588356	0.060073806	0.098546748	7.9211179
-0.0000023308916	-0.0000016606093	0.060138551	0.098648377	7.9295876
-0.0000023333823	-0.0000016623838	0.060203324	0.098750041	7.9380608
-0.0000023358741	-0.000001664159	0.060268127	0.098851741	7.9465376
-0.0000023383669	-0.0000016659349	0.060332958	0.098953477	7.955018
-0.0000023408607	-0.0000016677117	0.060397817	0.099055248	7.9635019
-0.0000023433556	-0.0000016694891	0.060462705	0.099157055	7.9719895
-0.0000023458516	-0.0000016712673	0.060527622	0.099258897	7.9804806
-0.0000023483486	-0.0000016730463	0.060592567	0.099360775	7.9889753
-0.0000023508466	-0.000001674826	0.060657541	0.099462688	7.9974736
-0.0000023533457	-0.0000016766064	0.060722543	0.099564637	8.0059754
-0.0000023558459	-0.0000016783876	0.060787573	0.09966662	8.0144808
-0.0000023583471	-0.0000016801695	0.060852632	0.099768639	8.0229897
-0.0000023608493	-0.0000016819522	0.06091772	0.099870694	8.0315022
-0.0000023633526	-0.0000016837357	0.060982836	0.099972783	8.0400183
-0.0000023658569	-0.0000016855198	0.06104798	0.10007491	8.0485379
-0.0000023683623	-0.0000016873047	0.061113152	0.10017707	8.057061
-0.0000023708687	-0.0000016890904	0.061178353	0.10027926	8.0655877
-0.0000023733761	-0.0000016908768	0.061243582	0.10038149	8.0741179
-0.0000023758846	-0.0000016926639	0.06130884	0.10048376	8.0826517
-0.0000023783942	-0.0000016944518	0.061374125	0.10058606	8.091189
-0.0000023809047	-0.0000016962404	0.061439439	0.10068839	8.0997298
-0.0000023834163	-0.0000016980298	0.061504781	0.10079076	8.1082742
-0.000002385929	-0.0000016998199	0.061570151	0.10089316	8.116822
-0.0000023884426	-0.0000017016107	0.06163555	0.1009956	8.1253734
-0.0000023909573	-0.0000017034023	0.061700976	0.10109808	8.1339284
-0.0000023934731	-0.0000017051946	0.061766431	0.10120058	8.1424868
-0.0000023959899	-0.0000017069876	0.061831914	0.10130313	8.1510487
-0.0000023985077	-0.0000017087814	0.061897425	0.1014057	8.1596142
-0.0000024010265	-0.0000017105759	0.061962963	0.10150831	8.1681831
-0.0000024035463	-0.0000017123711	0.06202853	0.10161096	8.1767556
-0.0000024060672	-0.0000017141671	0.062094125	0.10171364	8.1853315
-0.0000024085891	-0.0000017159638	0.062159748	0.10181636	8.1939109
-0.0000024111121	-0.0000017177612	0.062225399	0.1019191	8.2024939
-0.0000024136361	-0.0000017195594	0.062291077	0.10202189	8.2110803
-0.000002416161	-0.0000017213583	0.062356784	0.10212471	8.2196702
-0.0000024186871	-0.0000017231579	0.062422519	0.10222756	8.2282636
-0.0000024212141	-0.0000017249582	0.062488281	0.10233044	8.2368604
-0.0000024237421	-0.0000017267593	0.062554071	0.10243336	8.2454608
-0.0000024262712	-0.0000017285611	0.062619889	0.10253632	8.2540646
-0.0000024288013	-0.0000017303636	0.062685735	0.1026393	8.2626718
-0.0000024313324	-0.0000017321669	0.062751609	0.10274233	8.2712826
-0.0000024338646	-0.0000017339709	0.06281751	0.10284538	8.2798968
-0.0000024363977	-0.0000017357756	0.062883439	0.10294847	8.2885144
-0.0000024389319	-0.000001737581	0.062949396	0.10305159	8.2971356
-0.0000024414671	-0.0000017393872	0.06301538	0.10315475	8.3057601
-0.0000024440033	-0.000001741194	0.063081392	0.10325794	8.3143881
-0.0000024465405	-0.0000017430016	0.063147432	0.10336117	8.3230196
-0.0000024490787	-0.0000017448099	0.063213499	0.10346442	8.3316545
-0.0000024516179	-0.000001746619	0.063279594	0.10356772	8.3402928
-0.0000024541581	-0.0000017484287	0.063345717	0.10367104	8.3489346
-0.0000024566994	-0.0000017502392	0.063411867	0.1037744	8.3575798
-0.0000024592416	-0.0000017520504	0.063478044	0.10387779	8.3662284
-0.0000024617849	-0.0000017538623	0.063544249	0.10398122	8.3748805
-0.0000024643292	-0.0000017556749	0.063610482	0.10408468	8.383536
-0.0000024668744	-0.0000017574883	0.063676741	0.10418817	8.3921948
-0.0000024694207	-0.0000017593023	0.063743029	0.10429169	8.4008572
-0.000002471968	-0.0000017611171	0.063809344	0.10439525	8.4095229
-0.0000024745163	-0.0000017629326	0.063875686	0.10449884	8.418192
-0.0000024770655	-0.0000017647488	0.063942055	0.10460247	8.4268646
-0.0000024796158	-0.0000017665657	0.064008452	0.10470612	8.4355405
-0.0000024821671	-0.0000017683833	0.064074876	0.10480981	8.4442198
-0.0000024847194	-0.0000017702016	0.064141327	0.10491354	8.4529026
-0.0000024872727	-0.0000017720207	0.064207806	0.10501729	8.4615887
-0.0000024898269	-0.0000017738404	0.064274312	0.10512108	8.4702782
-0.0000024923822	-0.0000017756609	0.064340845	0.10522491	8.4789711
-0.0000024949385	-0.0000017774821	0.064407405	0.10532876	8.4876674
-0.0000024974957	-0.0000017793039	0.064473992	0.10543265	8.496367
-0.000002500054	-0.0000017811265	0.064540607	0.10553657	8.5050701
-0.0000025026132	-0.0000017829498	0.064607248	0.10564052	8.5137765
-0.0000025051734	-0.0000017847738	0.064673917	0.10574451	8.5224862
-0.0000025077346	-0.0000017865985	0.064740613	0.10584852	8.5311994
-0.0000025102968	-0.0000017884239	0.064807335	0.10595258	8.5399159
-0.00000251286	-0.00000179025	0.064874085	0.10605666	8.5486357
-0.0000025154242	-0.0000017920768	0.064940862	0.10616077	8.557359
-0.0000025179894	-0.0000017939043	0.065007666	0.10626492	8.5660855
-0.0000025205555	-0.0000017957325	0.065074497	0.1063691	8.5748154
-0.0000025231226	-0.0000017975615	0.065141354	0.10647331	8.5835487
-0.0000025256908	-0.0000017993911	0.065208239	0.10657756	8.5922853
-0.0000025282598	-0.0000018012214	0.06527515	0.10668183	8.6010252
-0.0000025308299	-0.0000018030524	0.065342088	0.10678614	8.6097685
-0.000002533401	-0.0000018048841	0.065409054	0.10689048	8.6185151
-0.000002535973	-0.0000018067165	0.065476045	0.10699486	8.627265
-0.000002538546	-0.0000018085496	0.065543064	0.10709926	8.6360183
-0.00000254112	-0.0000018103834	0.06561011	0.1072037	8.6447749
-0.000002543695	-0.0000018122179	0.065677182	0.10730817	8.6535348
-0.0000025462709	-0.0000018140531	0.065744281	0.10741267	8.662298
-0.0000025488478	-0.000001815889	0.065811406	0.1075172	8.6710645
-0.0000025514257	-0.0000018177255	0.065878558	0.10762176	8.6798343
-0.0000025540045	-0.0000018195628	0.065945737	0.10772636	8.6886075
-0.0000025565844	-0.0000018214008	0.066012943	0.10783098	8.6973839
-0.0000025591651	-0.0000018232394	0.066080175	0.10793564	8.7061637
-0.0000025617469	-0.0000018250787	0.066147433	0.10804033	8.7149467
-0.0000025643296	-0.0000018269188	0.066214718	0.10814506	8.723733
-0.0000025669133	-0.0000018287595	0.06628203	0.10824981	8.7325226
-0.000002569498	-0.0000018306009	0.066349368	0.10835459	8.7413155
-0.0000025720836	-0.000001832443	0.066416733	0.10845941	8.7501117
-0.0000025746702	-0.0000018342858	0.066484124	0.10856426	8.7589111
-0.0000025772577	-0.0000018361292	0.066551541	0.10866914	8.7677138
-0.0000025798463	-0.0000018379734	0.066618985	0.10877405	8.7765198
-0.0000025824357	-0.0000018398182	0.066686456	0.10887899	8.7853291
-0.0000025850262	-0.0000018416637	0.066753952	0.10898396	8.7941416
-0.0000025876175	-0.0000018435099	0.066821475	0.10908896	8.8029574
-0.0000025902099	-0.0000018453568	0.066889024	0.109194	8.8117764
-0.0000025928032	-0.0000018472043	0.0669566	0.10929906	8.8205987
-0.0000025953974	-0.0000018490526	0.067024201	0.10940416	8.8294243
-0.0000025979927	-0.0000018509015	0.067091829	0.10950928	8.8382531
-0.0000026005888	-0.0000018527511	0.067159484	0.10961444	8.8470851
-0.0000026031859	-0.0000018546014	0.067227164	0.10971963	8.8559204
-0.000002605784	-0.0000018564523	0.06729487	0.10982485	8.8647589
-0.000002608383	-0.000001858304	0.067362603	0.1099301	8.8736006
-0.000002610983	-0.0000018601563	0.067430362	0.11003538	8.8824456
-0.0000026135839	-0.0000018620093	0.067498146	0.11014069	8.8912938
-0.0000026161858	-0.0000018638629	0.067565957	0.11024603	8.9001452
-0.0000026187886	-0.0000018657172	0.067633794	0.11035141	8.9089999
-0.0000026213923	-0.0000018675723	0.067701657	0.11045681	8.9178577
-0.000002623997	-0.0000018694279	0.067769546	0.11056224	8.9267188
-0.0000026266027	-0.0000018712843	0.067837461	0.11066771	8.9355831
-0.0000026292093	-0.0000018731413	0.067905401	0.1107732	8.9444505
-0.0000026318168	-0.000001874999	0.067973368	0.11087872	8.9533212
-0.0000026344252	-0.0000018768574	0.068041361	0.11098428	8.9621951
-0.0000026370347	-0.0000018787164	0.068109379	0.11108986	8.9710722
-0.000002639645	-0.0000018805761	0.068177423	0.11119548	8.9799525
-0.0000026422563	-0.0000018824365	0.068245493	0.11130112	8.9888359
-0.0000026448685	-0.0000018842975	0.068313589	0.1114068	8.9977226
-0.0000026474816	-0.0000018861592	0.068381711	0.1115125	9.0066124
-0.0000026500957	-0.0000018880216	0.068449858	0.11161824	9.0155054
-0.0000026527107	-0.0000018898846	0.068518031	0.111724	9.0244015
-0.0000026553267	-0.0000018917483	0.06858623	0.1118298	9.0333009
-0.0000026579436	-0.0000018936126	0.068654454	0.11193562	9.0422034
-0.0000026605614	-0.0000018954777	0.068722704	0.11204148	9.0511091
-0.0000026631801	-0.0000018973434	0.06879098	0.11214736	9.0600179
-0.0000026657998	-0.0000018992097	0.068859281	0.11225327	9.0689299
-0.0000026684204	-0.0000019010767	0.068927608	0.11235922	9.077845
-0.0000026710419	-0.0000019029444	0.06899596	0.11246519	9.0867633
-0.0000026736644	-0.0000019048127	0.069064338	0.11257119	9.0956848
-0.0000026762877	-0.0000019066817	0.069132741	0.11267722	9.1046094
-0.000002678912	-0.0000019085513	0.06920117	0.11278328	9.1135371
-0.0000026815372	-0.0000019104216	0.069269624	0.11288937	9.1224679
-0.0000026841634	-0.0000019122925	0.069338103	0.11299549	9.1314019
-0.0000026867904	-0.0000019141642	0.069406608	0.11310164	9.140339
-0.0000026894184	-0.0000019160364	0.069475139	0.11320782	9.1492793
-0.0000026920473	-0.0000019179093	0.069543694	0.11331403	9.1582226
-0.0000026946771	-0.0000019197829	0.069612275	0.11342026	9.1671691
-0.0000026973078	-0.0000019216571	0.069680882	0.11352653	9.1761187
-0.0000026999394	-0.000001923532	0.069749513	0.11363282	9.1850714
-0.000002702572	-0.0000019254075	0.06981817	0.11373915	9.1940272
-0.0000027052055	-0.0000019272837	0.069886852	0.1138455	9.2029862
-0.0000027078398	-0.0000019291605	0.069955559	0.11395188	9.2119482
-0.0000027104751	-0.000001931038	0.070024292	0.11405829	9.2209133
-0.0000027131113	-0.0000019329161	0.070093049	0.11416473	9.2298815
-0.0000027157484	-0.0000019347948	0.070161832	0.1142712	9.2388528
-0.0000027183864	-0.0000019366743	0.070230639	0.11437769	9.2478272
-0.0000027210253	-0.0000019385543	0.070299472	0.11448422	9.2568047
-0.0000027236652	-0.000001940435	0.07036833	0.11459077	9.2657852
-0.0000027263059	-0.0000019423164	0.070437213	0.11469736	9.2747689
-0.0000027289475	-0.0000019441984	0.07050612	0.11480397	9.2837556
-0.00000273159	-0.000001946081	0.070575053	0.11491061	9.2927453
-0.0000027342335	-0.0000019479643	0.070644011	0.11501727	9.3017382
-0.0000027368778	-0.0000019498482	0.070712993	0.11512397	9.3107341
-0.000002739523	-0.0000019517327	0.070782001	0.11523069	9.319733
-0.0000027421692	-0.0000019536179	0.070851033	0.11533745	9.328735
-0.0000027448162	-0.0000019555038	0.07092009	0.11544423	9.3377401
-0.0000027474641	-0.0000019573902	0.070989172	0.11555104	9.3467482
-0.0000027501129	-0.0000019592773	0.071058279	0.11565787	9.3557593
-0.0000027527626	-0.0000019611651	0.071127411	0.11576474	9.3647735
-0.0000027554132	-0.0000019630535	0.071196567	0.11587163	9.3737907
-0.0000027580647	-0.0000019649425	0.071265748	0.11597855	9.382811
-0.0000027607171	-0.0000019668321	0.071334953	0.1160855	9.3918343
-0.0000027633704	-0.0000019687224	0.071404184	0.11619248	9.4008606
-0.0000027660245	-0.0000019706133	0.071473439	0.11629948	9.40989
-0.0000027686796	-0.0000019725049	0.071542718	0.11640652	9.4189223
-0.0000027713355	-0.0000019743971	0.071612022	0.11651358	9.4279577
-0.0000027739924	-0.0000019762899	0.071681351	0.11662067	9.4369961
-0.0000027766501	-0.0000019781833	0.071750704	0.11672778	9.4460375
-0.0000027793087	-0.0000019800774	0.071820082	0.11683492	9.4550819
-0.0000027819681	-0.0000019819721	0.071889484	0.1169421	9.4641293
-0.0000027846285	-0.0000019838674	0.071958911	0.11704929	9.4731797
-0.0000027872897	-0.0000019857634	0.072028362	0.11715652	9.4822331
-0.0000027899518	-0.00000198766	0.072097837	0.11726377	9.4912894
-0.0000027926148	-0.0000019895572	0.072167337	0.11737105	9.5003488
-0.0000027952787	-0.000001991455	0.072236861	0.11747836	9.5094112
-0.0000027979434	-0.0000019933535	0.07230641	0.1175857	9.5184765
-0.000002800609	-0.0000019952525	0.072375983	0.11769306	9.5275448
-0.0000028032755	-0.0000019971522	0.07244558	0.11780045	9.5366161
-0.0000028059429	-0.0000019990526	0.072515201	0.11790786	9.5456903
-0.0000028086111	-0.0000020009535	0.072584847	0.11801531	9.5547676
-0.0000028112802	-0.0000020028551	0.072654516	0.11812278	9.5638477
-0.0000028139502	-0.0000020047573	0.07272421	0.11823028	9.5729309
-0.0000028166211	-0.0000020066601	0.072793928	0.1183378	9.582017
-0.0000028192928	-0.0000020085635	0.072863671	0.11844535	9.591106
-0.0000028219653	-0.0000020104675	0.072933437	0.11855293	9.600198
-0.0000028246388	-0.0000020123722	0.073003227	0.11866054	9.6092929
-0.0000028273131	-0.0000020142775	0.073073042	0.11876817	9.6183908
-0.0000028299883	-0.0000020161833	0.07314288	0.11887583	9.6274916
-0.0000028326643	-0.0000020180898	0.073212743	0.11898351	9.6365953
-0.0000028353412	-0.000002019997	0.073282629	0.11909122	9.645702
-0.0000028380189	-0.0000020219047	0.073352539	0.11919896	9.6548116
-0.0000028406976	-0.000002023813	0.073422474	0.11930673	9.6639241
-0.000002843377	-0.000002025722	0.073492432	0.11941452	9.6730396
-0.0000028460574	-0.0000020276315	0.073562414	0.11952234	9.6821579
-0.0000028487385	-0.0000020295417	0.07363242	0.11963018	9.6912792
-0.0000028514206	-0.0000020314525	0.073702449	0.11973805	9.7004034
-0.0000028541035	-0.0000020333639	0.073772503	0.11984595	9.7095304
-0.0000028567872	-0.0000020352759	0.07384258	0.11995387	9.7186604
-0.0000028594718	-0.0000020371885	0.073912681	0.12006182	9.7277933
-0.0000028621573	-0.0000020391017	0.073982805	0.12016979	9.736929
-0.0000028648435	-0.0000020410155	0.074052954	0.12027779	9.7460677
-0.0000028675307	-0.0000020429299	0.074123126	0.12038582	9.7552092
-0.0000028702187	-0.0000020448449	0.074193321	0.12049387	9.7643537
-0.0000028729075	-0.0000020467605	0.07426354	0.12060195	9.773501
-0.0000028755972	-0.0000020486768	0.074333783	0.12071006	9.7826511
-0.0000028782877	-0.0000020505936	0.07440405	0.12081819	9.7918042
-0.0000028809791	-0.000002052511	0.074474339	0.12092634	9.8009601
-0.0000028836713	-0.000002054429	0.074544653	0.12103453	9.8101189
-0.0000028863644	-0.0000020563477	0.07461499	0.12114273	9.8192805
-0.0000028890582	-0.0000020582669	0.07468535	0.12125097	9.828445
-0.000002891753	-0.0000020601867	0.074755734	0.12135922	9.8376124
-0.0000028944485	-0.0000020621071	0.074826141	0.12146751	9.8467826
-0.0000028971449	-0.0000020640281	0.074896571	0.12157582	9.8559556
-0.0000028998422	-0.0000020659497	0.074967025	0.12168415	9.8651315
-0.0000029025403	-0.0000020678719	0.075037502	0.12179251	9.8743102
-0.0000029052392	-0.0000020697947	0.075108002	0.1219009	9.8834918
-0.0000029079389	-0.0000020717181	0.075178526	0.12200931	9.8926762
-0.0000029106395	-0.0000020736421	0.075249073	0.12211775	9.9018634
-0.0000029133409	-0.0000020755667	0.075319643	0.12222621	9.9110534
-0.0000029160431	-0.0000020774918	0.075390236	0.1223347	9.9202463
-0.0000029187462	-0.0000020794176	0.075460853	0.12244321	9.9294419
-0.00000292145	-0.0000020813439	0.075531492	0.12255175	9.9386404
-0.0000029241548	-0.0000020832709	0.075602155	0.12266031	9.9478417
-0.0000029268603	-0.0000020851984	0.075672841	0.12276889	9.9570458
-0.0000029295666	-0.0000020871265	0.07574355	0.12287751	9.9662527
-0.0000029322738	-0.0000020890552	0.075814281	0.12298614	9.9754624
-0.0000029349818	-0.0000020909845	0.075885036	0.1230948	9.9846749
-0.0000029376906	-0.0000020929143	0.075955814	0.12320349	9.9938902
-0.0000029404003	-0.0000020948448	0.076026615	0.1233122	10.003108
-0.0000029431107	-0.0000020967758	0.076097438	0.12342094	10.012329
-0.000002945822	-0.0000020987074	0.076168285	0.1235297	10.021553
-0.0000029485341	-0.0000021006396	0.076239154	0.12363848	10.030779
-0.000002951247	-0.0000021025724	0.076310047	0.12374729	10.040008
-0.0000029539607	-0.0000021045057	0.076380962	0.12385612	10.04924
-0.0000029566753	-0.0000021064396	0.0764519	0.12396498	10.058475
-0.0000029593906	-0.0000021083741	0.07652286	0.12407386	10.067713
-0.0000029621068	-0.0000021103092	0.076593844	0.12418277	10.076953
-0.0000029648237	-0.0000021122449	0.07666485	0.1242917	10.086196
-0.0000029675415	-0.0000021141811	0.076735879	0.12440066	10.095441
-0.0000029702601	-0.0000021161179	0.07680693	0.12450963	10.10469
-0.0000029729795	-0.0000021180553	0.076878004	0.12461864	10.113941
-0.0000029756997	-0.0000021199933	0.076949101	0.12472767	10.123195
-0.0000029784206	-0.0000021219318	0.07702022	0.12483672	10.132452
-0.0000029811424	-0.0000021238709	0.077091362	0.12494579	10.141711
-0.000002983865	-0.0000021258106	0.077162526	0.12505489	10.150973
-0.0000029865884	-0.0000021277508	0.077233713	0.12516401	10.160238
-0.0000029893126	-0.0000021296916	0.077304922	0.12527316	10.169506
-0.0000029920376	-0.000002131633	0.077376154	0.12538233	10.178776
-0.0000029947634	-0.000002133575	0.077447408	0.12549153	10.188049
-0.00000299749	-0.0000021355175	0.077518684	0.12560074	10.197325
-0.0000030002174	-0.0000021374606	0.077589983	0.12570999	10.206603
-0.0000030029456	-0.0000021394042	0.077661304	0.12581925	10.215885
-0.0000030056746	-0.0000021413485	0.077732648	0.12592854	10.225168
-0.0000030084043	-0.0000021432932	0.077804014	0.12603785	10.234455
-0.0000030111349	-0.0000021452386	0.077875402	0.12614719	10.243744
-0.0000030138662	-0.0000021471845	0.077946812	0.12625655	10.253036
-0.0000030165984	-0.000002149131	0.078018244	0.12636593	10.262331
-0.0000030193313	-0.000002151078	0.078089699	0.12647534	10.271628
-0.000003022065	-0.0000021530256	0.078161176	0.12658476	10.280928
-0.0000030247995	-0.0000021549737	0.078232675	0.12669422	10.290231
-0.0000030275348	-0.0000021569224	0.078304196	0.12680369	10.299536
-0.0000030302708	-0.0000021588717	0.078375739	0.12691319	10.308844
-0.0000030330077	-0.0000021608215	0.078447304	0.12702271	10.318154
-0.0000030357453	-0.0000021627719	0.078518891	0.12713226	10.327468
-0.0000030384837	-0.0000021647228	0.0785905	0.12724182	10.336784
-0.0000030412229	-0.0000021666743	0.078662131	0.12735141	10.346102
-0.0000030439628	-0.0000021686264	0.078733784	0.12746103	10.355423
-0.0000030467036	-0.000002170579	0.078805459	0.12757066	10.364747
-0.0000030494451	-0.0000021725321	0.078877156	0.12768032	10.374074
-0.0000030521874	-0.0000021744858	0.078948874	0.12779	10.383403
-0.0000030549304	-0.0000021764401	0.079020615	0.12789971	10.392735
-0.0000030576743	-0.0000021783949	0.079092377	0.12800943	10.402069
-0.0000030604189	-0.0000021803502	0.079164161	0.12811918	10.411406
-0.0000030631642	-0.0000021823061	0.079235967	0.12822895	10.420746
-0.0000030659104	-0.0000021842626	0.079307794	0.12833875	10.430088
-0.0000030686573	-0.0000021862196	0.079379643	0.12844856	10.439433
-0.0000030714049	-0.0000021881771	0.079451514	0.1285584	10.44878
-0.0000030741534	-0.0000021901352	0.079523407	0.12866826	10.45813
-0.0000030769026	-0.0000021920938	0.079595321	0.12877815	10.467483
-0.0000030796526	-0.000002194053	0.079667256	0.12888805	10.476838
-0.0000030824033	-0.0000021960127	0.079739213	0.12899798	10.486196
-0.0000030851548	-0.000002197973	0.079811192	0.12910793	10.495556
-0.000003087907	-0.0000021999338	0.079883192	0.1292179	10.50492
-0.00000309066	-0.0000022018951	0.079955214	0.1293279	10.514285
-0.0000030934138	-0.000002203857	0.080027257	0.12943791	10.523653
-0.0000030961683	-0.0000022058194	0.080099322	0.12954795	10.533024
-0.0000030989236	-0.0000022077823	0.080171407	0.12965801	10.542397
-0.0000031016796	-0.0000022097458	0.080243515	0.12976809	10.551773
-0.0000031044364	-0.0000022117099	0.080315643	0.12987819	10.561152
-0.0000031071939	-0.0000022136744	0.080387793	0.12998832	10.570533
-0.0000031099522	-0.0000022156395	0.080459964	0.13009847	10.579916
-0.0000031127113	-0.0000022176052	0.080532157	0.13020863	10.589302
-0.000003115471	-0.0000022195713	0.08060437	0.13031882	10.598691
-0.0000031182316	-0.000002221538	0.080676605	0.13042904	10.608082
-0.0000031209929	-0.0000022235053	0.080748861	0.13053927	10.617476
-0.0000031237549	-0.000002225473	0.080821138	0.13064952	10.626872
-0.0000031265177	-0.0000022274413	0.080893437	0.1307598	10.636271
-0.0000031292812	-0.0000022294102	0.080965756	0.1308701	10.645672
-0.0000031320454	-0.0000022313795	0.081038096	0.13098041	10.655076
-0.0000031348104	-0.0000022333494	0.081110458	0.13109075	10.664483
-0.0000031375761	-0.0000022353198	0.08118284	0.13120111	10.673892
-0.0000031403426	-0.0000022372907	0.081255244	0.1313115	10.683303
-0.0000031431098	-0.0000022392622	0.081327668	0.1314219	10.692717
-0.0000031458778	-0.0000022412342	0.081400113	0.13153232	10.702133
-0.0000031486465	-0.0000022432067	0.08147258	0.13164277	10.711552
-0.0000031514159	-0.0000022451797	0.081545067	0.13175323	10.720974
-0.000003154186	-0.0000022471532	0.081617575	0.13186372	10.730398
-0.0000031569569	-0.0000022491273	0.081690103	0.13197423	10.739824
-0.0000031597285	-0.0000022511019	0.081762653	0.13208476	10.749253
-0.0000031625009	-0.000002253077	0.081835223	0.13219531	10.758684
-0.0000031652739	-0.0000022550527	0.081907814	0.13230587	10.768118
-0.0000031680477	-0.0000022570288	0.081980426	0.13241647	10.777555
-0.0000031708222	-0.0000022590055	0.082053058	0.13252708	10.786993
-0.0000031735975	-0.0000022609827	0.082125711	0.13263771	10.796435
-0.0000031763735	-0.0000022629604	0.082198385	0.13274836	10.805878
-0.0000031791501	-0.0000022649386	0.082271079	0.13285903	10.815324
-0.0000031819276	-0.0000022669173	0.082343794	0.13296973	10.824773
-0.0000031847057	-0.0000022688965	0.082416529	0.13308044	10.834224
-0.0000031874846	-0.0000022708763	0.082489285	0.13319117	10.843678
-0.0000031902641	-0.0000022728566	0.082562061	0.13330193	10.853134
-0.0000031930444	-0.0000022748373	0.082634858	0.1334127	10.862592
-0.0000031958254	-0.0000022768186	0.082707675	0.13352349	10.872053
-0.0000031986071	-0.0000022788004	0.082780512	0.13363431	10.881516
-0.0000032013896	-0.0000022807827	0.08285337	0.13374514	10.890982
-0.0000032041727	-0.0000022827655	0.082926249	0.133856	10.90045
-0.0000032069566	-0.0000022847489	0.082999147	0.13396687	10.909921
-0.0000032097412	-0.0000022867327	0.083072066	0.13407776	10.919394
-0.0000032125264	-0.000002288717	0.083145005	0.13418868	10.928869
-0.0000032153124	-0.0000022907019	0.083217964	0.13429961	10.938347
-0.0000032180991	-0.0000022926872	0.083290944	0.13441057	10.947827
-0.0000032208865	-0.000002294673	0.083363944	0.13452154	10.95731
-0.0000032236746	-0.0000022966594	0.083436963	0.13463253	10.966795
-0.0000032264634	-0.0000022986462	0.083510003	0.13474354	10.976282
-0.0000032292529	-0.0000023006336	0.083583063	0.13485458	10.985772
-0.0000032320431	-0.0000023026214	0.083656144	0.13496563	10.995264
-0.0000032348341	-0.0000023046098	0.083729244	0.1350767	11.004759
-0.0000032376257	-0.0000023065986	0.083802364	0.13518779	11.014256
-0.000003240418	-0.0000023085879	0.083875504	0.1352989	11.023755
-0.000003243211	-0.0000023105778	0.083948664	0.13541003	11.033257
-0.0000032460047	-0.0000023125681	0.084021844	0.13552118	11.042761
-0.0000032487991	-0.0000023145589	0.084095044	0.13563234	11.052267
-0.0000032515942	-0.0000023165502	0.084168264	0.13574353	11.061776
-0.0000032543899	-0.0000023185421	0.084241503	0.13585474	11.071287
-0.0000032571864	-0.0000023205344	0.084314763	0.13596596	11.0808
-0.0000032599836	-0.0000023225272	0.084388042	0.13607721	11.090316
-0.0000032627814	-0.0000023245204	0.084461341	0.13618847	11.099834
-0.00000326558	-0.0000023265142	0.084534659	0.13629975	11.109355
-0.0000032683792	-0.0000023285085	0.084607998	0.13641105	11.118878
-0.0000032711791	-0.0000023305032	0.084681356	0.13652237	11.128403
-0.0000032739797	-0.0000023324985	0.084754733	0.13663371	11.13793
-0.000003276781	-0.0000023344942	0.084828131	0.13674507	11.14746
-0.0000032795829	-0.0000023364904	0.084901548	0.13685644	11.156992
-0.0000032823855	-0.0000023384871	0.084974984	0.13696784	11.166527
-0.0000032851889	-0.0000023404843	0.08504844	0.13707925	11.176063
-0.0000032879929	-0.000002342482	0.085121915	0.13719068	11.185602
-0.0000032907975	-0.0000023444801	0.08519541	0.13730213	11.195144
-0.0000032936029	-0.0000023464787	0.085268925	0.1374136	11.204687
-0.0000032964089	-0.0000023484778	0.085342458	0.13752509	11.214233
-0.0000032992156	-0.0000023504774	0.085416011	0.13763659	11.223782
-0.000003302023	-0.0000023524775	0.085489584	0.13774811	11.233332
-0.000003304831	-0.000002354478	0.085563176	0.13785966	11.242885
-0.0000033076397	-0.0000023564791	0.085636787	0.13797122	11.25244
-0.0000033104491	-0.0000023584806	0.085710417	0.13808279	11.261998
-0.0000033132592	-0.0000023604826	0.085784067	0.13819439	11.271557
-0.0000033160699	-0.000002362485	0.085857736	0.138306	11.281119
-0.0000033188813	-0.0000023644879	0.085931424	0.13841764	11.290683
-0.0000033216933	-0.0000023664913	0.086005131	0.13852929	11.30025
-0.000003324506	-0.0000023684952	0.086078857	0.13864095	11.309819
-0.0000033273194	-0.0000023704996	0.086152603	0.13875264	11.319389
-0.0000033301334	-0.0000023725044	0.086226367	0.13886434	11.328963
-0.0000033329481	-0.0000023745097	0.086300151	0.13897606	11.338538
-0.0000033357635	-0.0000023765154	0.086373953	0.1390878	11.348116
-0.0000033385795	-0.0000023785216	0.086447775	0.13919956	11.357696
-0.0000033413961	-0.0000023805283	0.086521615	0.13931133	11.367278
-0.0000033442134	-0.0000023825355	0.086595475	0.13942312	11.376862
-0.0000033470314	-0.0000023845431	0.086669353	0.13953493	11.386449
-0.00000334985	-0.0000023865512	0.08674325	0.13964676	11.396038
-0.0000033526693	-0.0000023885597	0.086817167	0.1397586	11.405629
-0.0000033554893	-0.0000023905688	0.086891101	0.13987047	11.415222
-0.0000033583098	-0.0000023925782	0.086965055	0.13998234	11.424818
-0.0000033611311	-0.0000023945882	0.087039027	0.14009424	11.434415
-0.0000033639529	-0.0000023965986	0.087113019	0.14020615	11.444015
-0.0000033667755	-0.0000023986095	0.087187028	0.14031808	11.453617
-0.0000033695986	-0.0000024006208	0.087261057	0.14043003	11.463222
-0.0000033724224	-0.0000024026326	0.087335104	0.140542	11.472828
-0.0000033752469	-0.0000024046448	0.08740917	0.14065398	11.482437
-0.000003378072	-0.0000024066575	0.087483254	0.14076598	11.492048
-0.0000033808977	-0.0000024086706	0.087557357	0.14087799	11.501661
-0.0000033837241	-0.0000024106843	0.087631479	0.14099002	11.511276
-0.0000033865511	-0.0000024126983	0.087705619	0.14110207	11.520893
-0.0000033893787	-0.0000024147128	0.087779777	0.14121414	11.530513
-0.000003392207	-0.0000024167278	0.087853954	0.14132622	11.540134
-0.0000033950359	-0.0000024187432	0.087928149	0.14143832	11.549758
-0.0000033978655	-0.0000024207591	0.088002363	0.14155043	11.559384
-0.0000034006957	-0.0000024227754	0.088076595	0.14166257	11.569012
-0.0000034035265	-0.0000024247922	0.088150845	0.14177471	11.578643
-0.0000034063579	-0.0000024268094	0.088225114	0.14188688	11.588275
-0.00000340919	-0.0000024288271	0.088299401	0.14199906	11.59791
-0.0000034120227	-0.0000024308452	0.088373706	0.14211126	11.607546
-0.000003414856	-0.0000024328637	0.08844803	0.14222347	11.617185
-0.00000341769	-0.0000024348828	0.088522371	0.1423357	11.626826
-0.0000034205246	-0.0000024369022	0.088596731	0.14244795	11.636469
-0.0000034233598	-0.0000024389221	0.088671109	0.14256021	11.646114
-0.0000034261956	-0.0000024409424	0.088745505	0.14267249	11.655762
-0.000003429032	-0.0000024429632	0.088819919	0.14278479	11.665411
-0.0000034318691	-0.0000024449844	0.088894351	0.1428971	11.675063
-0.0000034347067	-0.0000024470061	0.088968801	0.14300943	11.684716
-0.000003437545	-0.0000024490282	0.089043269	0.14312177	11.694372
-0.0000034403839	-0.0000024510507	0.089117755	0.14323413	11.70403
-0.0000034432235	-0.0000024530737	0.089192259	0.1433465	11.71369
-0.0000034460636	-0.0000024550971	0.089266781	0.14345889	11.723352
-0.0000034489044	-0.000002457121	0.089341321	0.1435713	11.733016
-0.0000034517457	-0.0000024591453	0.089415878	0.14368372	11.742682
-0.0000034545877	-0.00000246117	0.089490454	0.14379616	11.75235
-0.0000034574303	-0.0000024631951	0.089565047	0.14390861	11.762021
-0.0000034602734	-0.0000024652207	0.089639658	0.14402108	11.771693
-0.0000034631172	-0.0000024672467	0.089714286	0.14413356	11.781368
-0.0000034659616	-0.0000024692732	0.089788933	0.14424606	11.791044
-0.0000034688066	-0.0000024713001	0.089863597	0.14435858	11.800723
-0.0000034716522	-0.0000024733274	0.089938278	0.14447111	11.810403
-0.0000034744985	-0.0000024753551	0.090012977	0.14458365	11.820086
-0.0000034773453	-0.0000024773833	0.090087694	0.14469621	11.829771
-0.0000034801927	-0.0000024794119	0.090162429	0.14480879	11.839457
-0.0000034830407	-0.0000024814409	0.09023718	0.14492138	11.849146
-0.0000034858893	-0.0000024834703	0.09031195	0.14503399	11.858837
-0.0000034887385	-0.0000024855002	0.090386737	0.14514661	11.86853
-0.0000034915883	-0.0000024875305	0.090461541	0.14525924	11.878225
-0.0000034944386	-0.0000024895612	0.090536362	0.14537189	11.887922
-0.0000034972896	-0.0000024915923	0.090611201	0.14548456	11.897621
-0.0000035001412	-0.0000024936239	0.090686058	0.14559724	11.907321
-0.0000035029933	-0.0000024956559	0.090760931	0.14570994	11.917024
-0.0000035058461	-0.0000024976883	0.090835822	0.14582265	11.926729
-0.0000035086994	-0.0000024997211	0.090910731	0.14593537	11.936436
-0.0000035115533	-0.0000025017543	0.090985656	0.14604811	11.946145
-0.0000035144079	-0.000002503788	0.091060599	0.14616086	11.955856
-0.0000035172629	-0.000002505822	0.091135558	0.14627363	11.965569
-0.0000035201186	-0.0000025078565	0.091210535	0.14638642	11.975284
-0.0000035229749	-0.0000025098914	0.091285529	0.14649921	11.985001
-0.0000035258317	-0.0000025119267	0.091360541	0.14661203	11.994719
-0.0000035286891	-0.0000025139624	0.091435569	0.14672485	12.00444
-0.0000035315471	-0.0000025159986	0.091510614	0.14683769	12.014163
-0.0000035344057	-0.0000025180351	0.091585676	0.14695055	12.023888
-0.0000035372648	-0.0000025200721	0.091660755	0.14706342	12.033614
-0.0000035401245	-0.0000025221094	0.091735851	0.1471763	12.043343
-0.0000035429848	-0.0000025241472	0.091810964	0.1472892	12.053074
-0.0000035458457	-0.0000025261854	0.091886094	0.14740211	12.062806
-0.0000035487071	-0.000002528224	0.091961241	0.14751503	12.072541
-0.0000035515691	-0.000002530263	0.092036405	0.14762797	12.082277
-0.0000035544317	-0.0000025323024	0.092111585	0.14774092	12.092015
-0.0000035572948	-0.0000025343422	0.092186782	0.14785389	12.101756
-0.0000035601586	-0.0000025363824	0.092261996	0.14796687	12.111498
-0.0000035630228	-0.000002538423	0.092337226	0.14807987	12.121242
-0.0000035658877	-0.000002540464	0.092412473	0.14819288	12.130988
-0.0000035687531	-0.0000025425054	0.092487737	0.1483059	12.140736
-0.000003571619	-0.0000025445472	0.092563018	0.14841893	12.150486
-0.0000035744855	-0.0000025465894	0.092638315	0.14853198	12.160238
-0.0000035773526	-0.000002548632	0.092713628	0.14864504	12.169991
-0.0000035802203	-0.000002550675	0.092788958	0.14875812	12.179747
-0.0000035830885	-0.0000025527185	0.092864305	0.14887121	12.189504
-0.0000035859572	-0.0000025547622	0.092939668	0.14898431	12.199264
-0.0000035888265	-0.0000025568064	0.093015047	0.14909743	12.209025
-0.0000035916964	-0.000002558851	0.093090443	0.14921056	12.218788
-0.0000035945668	-0.000002560896	0.093165856	0.1493237	12.228553
-0.0000035974377	-0.0000025629414	0.093241284	0.14943686	12.23832
-0.0000036003092	-0.0000025649871	0.093316729	0.14955002	12.248089
-0.0000036031813	-0.0000025670333	0.09339219	0.14966321	12.257859
-0.0000036060539	-0.0000025690798	0.093467668	0.1497764	12.267632
-0.000003608927	-0.0000025711268	0.093543161	0.14988961	12.277406
-0.0000036118007	-0.0000025731741	0.093618671	0.15000283	12.287182
-0.000003614675	-0.0000025752218	0.093694197	0.15011606	12.29696
-0.0000036175498	-0.0000025772699	0.093769739	0.15022931	12.30674
-0.0000036204251	-0.0000025793184	0.093845298	0.15034257	12.316522
-0.0000036233009	-0.0000025813673	0.093920872	0.15045584	12.326305
-0.0000036261774	-0.0000025834165	0.093996462	0.15056912	12.336091
-0.0000036290543	-0.0000025854661	0.094072069	0.15068242	12.345878
-0.0000036319318	-0.0000025875161	0.094147691	0.15079573	12.355667
-0.0000036348098	-0.0000025895665	0.09422333	0.15090905	12.365458
-0.0000036376883	-0.0000025916173	0.094298984	0.15102239	12.375251
-0.0000036405674	-0.0000025936685	0.094374654	0.15113574	12.385045
-0.000003643447	-0.00000259572	0.09445034	0.15124909	12.394841
-0.0000036463271	-0.0000025977719	0.094526042	0.15136247	12.404639
-0.0000036492078	-0.0000025998242	0.09460176	0.15147585	12.414439
-0.000003652089	-0.0000026018769	0.094677493	0.15158925	12.424241
-0.0000036549707	-0.0000026039299	0.094753242	0.15170266	12.434045
-0.000003657853	-0.0000026059833	0.094829007	0.15181608	12.44385
-0.0000036607358	-0.0000026080371	0.094904788	0.15192951	12.453657
-0.0000036636191	-0.0000026100913	0.094980584	0.15204295	12.463466
-0.0000036665029	-0.0000026121458	0.095056396	0.15215641	12.473276
-0.0000036693872	-0.0000026142007	0.095132224	0.15226988	12.483089
-0.0000036722721	-0.000002616256	0.095208067	0.15238336	12.492903
-0.0000036751574	-0.0000026183116	0.095283926	0.15249685	12.502719
-0.0000036780433	-0.0000026203677	0.0953598	0.15261036	12.512536
-0.0000036809298	-0.000002622424	0.095435689	0.15272387	12.522356
-0.0000036838167	-0.0000026244808	0.095511594	0.1528374	12.532177
-0.0000036867041	-0.0000026265379	0.095587515	0.15295094	12.542
-0.0000036895921	-0.0000026285954	0.095663451	0.15306449	12.551825
-0.0000036924805	-0.0000026306532	0.095739402	0.15317805	12.561651
-0.0000036953695	-0.0000026327114	0.095815369	0.15329162	12.571479
-0.000003698259	-0.00000263477	0.095891351	0.15340521	12.581309
-0.000003701149	-0.0000026368289	0.095967348	0.15351881	12.591141
-0.0000037040395	-0.0000026388882	0.09604336	0.15363241	12.600974
-0.0000037069305	-0.0000026409479	0.096119388	0.15374603	12.610809
-0.000003709822	-0.0000026430079	0.096195431	0.15385966	12.620646
-0.000003712714	-0.0000026450682	0.096271489	0.15397331	12.630484
-0.0000037156065	-0.000002647129	0.096347562	0.15408696	12.640325
-0.0000037184995	-0.0000026491901	0.09642365	0.15420062	12.650167
-0.000003721393	-0.0000026512515	0.096499753	0.1543143	12.66001
-0.000003724287	-0.0000026533133	0.096575871	0.15442798	12.669855
-0.0000037271815	-0.0000026553754	0.096652005	0.15454168	12.679702
-0.0000037300765	-0.0000026574379	0.096728153	0.15465539	12.689551
-0.000003732972	-0.0000026595008	0.096804316	0.15476911	12.699401
-0.000003735868	-0.000002661564	0.096880494	0.15488284	12.709253
-0.0000037387645	-0.0000026636275	0.096956687	0.15499658	12.719107
-0.0000037416614	-0.0000026656914	0.097032895	0.15511033	12.728962
-0.0000037445589	-0.0000026677557	0.097109118	0.15522409	12.738819
-0.0000037474569	-0.0000026698203	0.097185355	0.15533786	12.748678
-0.0000037503553	-0.0000026718852	0.097261607	0.15545164	12.758538
-0.0000037532542	-0.0000026739505	0.097337874	0.15556544	12.7684
-0.0000037561536	-0.0000026760162	0.097414156	0.15567924	12.778264
-0.0000037590535	-0.0000026780822	0.097490452	0.15579305	12.788129
-0.0000037619539	-0.0000026801485	0.097566763	0.15590688	12.797996
-0.0000037648547	-0.0000026822151	0.097643088	0.15602071	12.807865
-0.0000037677561	-0.0000026842822	0.097719429	0.15613456	12.817735
-0.0000037706579	-0.0000026863495	0.097795783	0.15624841	12.827607
-0.0000037735602	-0.0000026884172	0.097872152	0.15636228	12.83748
-0.0000037764629	-0.0000026904852	0.097948536	0.15647615	12.847355
-0.0000037793662	-0.0000026925536	0.098024934	0.15659004	12.857232
-0.0000037822699	-0.0000026946223	0.098101347	0.15670393	12.86711
-0.000003785174	-0.0000026966914	0.098177774	0.15681784	12.87699
-0.0000037880787	-0.0000026987607	0.098254215	0.15693175	12.886872
-0.0000037909838	-0.0000027008304	0.098330671	0.15704568	12.896755
-0.0000037938894	-0.0000027029005	0.098407141	0.15715961	12.90664
-0.0000037967955	-0.0000027049709	0.098483625	0.15727356	12.916526
-0.000003799702	-0.0000027070416	0.098560123	0.15738751	12.926414
-0.000003802609	-0.0000027091126	0.098636636	0.15750148	12.936303
-0.0000038055165	-0.000002711184	0.098713163	0.15761545	12.946194
-0.0000038084244	-0.0000027132557	0.098789704	0.15772943	12.956087
-0.0000038113328	-0.0000027153278	0.098866259	0.15784343	12.965981
-0.0000038142416	-0.0000027174001	0.098942828	0.15795743	12.975877
-0.0000038171509	-0.0000027194728	0.099019412	0.15807144	12.985774
-0.0000038200607	-0.0000027215458	0.099096009	0.15818546	12.995673
-0.0000038229709	-0.0000027236192	0.09917262	0.15829949	13.005573
-0.0000038258816	-0.0000027256928	0.099249246	0.15841353	13.015475
-0.0000038287927	-0.0000027277668	0.099325885	0.15852758	13.025379
-0.0000038317043	-0.0000027298411	0.099402538	0.15864164	13.035284
-0.0000038346163	-0.0000027319158	0.099479205	0.15875571	13.045191
-0.0000038375288	-0.0000027339907	0.099555886	0.15886978	13.055099
-0.0000038404417	-0.000002736066	0.099632581	0.15898387	13.065008
-0.0000038433551	-0.0000027381416	0.099709289	0.15909796	13.07492
-0.0000038462689	-0.0000027402175	0.099786012	0.15921207	13.084832
-0.0000038491832	-0.0000027422937	0.099862748	0.15932618	13.094747
-0.0000038520979	-0.0000027443703	0.099939497	0.1594403	13.104662
-0.0000038550131	-0.0000027464471	0.10001626	0.15955443	13.11458
-0.0000038579287	-0.0000027485243	0.10009304	0.15966857	13.124498
-0.0000038608447	-0.0000027506018	0.10016983	0.15978271	13.134419
-0.0000038637612	-0.0000027526796	0.10024663	0.15989687	13.14434
-0.0000038666781	-0.0000027547577	0.10032345	0.16001103	13.154264
-0.0000038695955	-0.0000027568362	0.10040028	0.16012521	13.164188
-0.0000038725133	-0.0000027589149	0.10047713	0.16023939	13.174114
-0.0000038754315	-0.000002760994	0.10055398	0.16035358	13.184042
-0.0000038783502	-0.0000027630733	0.10063086	0.16046778	13.193971
-0.0000038812693	-0.000002765153	0.10070774	0.16058198	13.203902
-0.0000038841888	-0.000002767233	0.10078464	0.1606962	13.213834
-0.0000038871088	-0.0000027693132	0.10086155	0.16081042	13.223768
-0.0000038900292	-0.0000027713938	0.10093848	0.16092465	13.233703
-0.00000389295	-0.0000027734747	0.10101541	0.16103889	13.243639
-0.0000038958712	-0.0000027755559	0.10109237	0.16115314	13.253577
-0.0000038987929	-0.0000027776374	0.10116933	0.1612674	13.263516
-0.000003901715	-0.0000027797192	0.10124631	0.16138166	13.273457
-0.0000039046375	-0.0000027818013	0.1013233	0.16149593	13.283399
-0.0000039075604	-0.0000027838837	0.1014003	0.16161021	13.293343
-0.0000039104838	-0.0000027859664	0.10147732	0.1617245	13.303288
-0.0000039134075	-0.0000027880494	0.10155435	0.16183879	13.313235
-0.0000039163317	-0.0000027901327	0.10163139	0.1619531	13.323183
-0.0000039192563	-0.0000027922163	0.10170845	0.16206741	13.333132
-0.0000039221814	-0.0000027943002	0.10178552	0.16218173	13.343083
-0.0000039251068	-0.0000027963844	0.1018626	0.16229605	13.353035
-0.0000039280326	-0.0000027984688	0.1019397	0.16241039	13.362989
-0.0000039309589	-0.0000028005536	0.1020168	0.16252473	13.372944
-0.0000039338856	-0.0000028026387	0.10209393	0.16263907	13.3829
-0.0000039368126	-0.000002804724	0.10217106	0.16275343	13.392858
-0.0000039397401	-0.0000028068097	0.10224821	0.16286779	13.402817
-0.000003942668	-0.0000028088956	0.10232536	0.16298216	13.412778
-0.0000039455963	-0.0000028109818	0.10240254	0.16309654	13.42274
-0.000003948525	-0.0000028130683	0.10247972	0.16321093	13.432703
-0.0000039514541	-0.0000028151551	0.10255692	0.16332532	13.442668
-0.0000039543836	-0.0000028172422	0.10263413	0.16343972	13.452634
-0.0000039573135	-0.0000028193296	0.10271135	0.16355413	13.462601
-0.0000039602438	-0.0000028214172	0.10278859	0.16366854	13.47257
-0.0000039631745	-0.0000028235052	0.10286583	0.16378296	13.48254
-0.0000039661057	-0.0000028255934	0.10294309	0.16389739	13.492511
-0.0000039690371	-0.0000028276819	0.10302037	0.16401182	13.502484
-0.000003971969	-0.0000028297707	0.10309765	0.16412626	13.512458
-0.0000039749013	-0.0000028318597	0.10317495	0.16424071	13.522434
-0.000003977834	-0.0000028339491	0.10325226	0.16435516	13.532411
-0.0000039807671	-0.0000028360387	0.10332958	0.16446963	13.542389
-0.0000039837005	-0.0000028381286	0.10340691	0.16458409	13.552368
-0.0000039866344	-0.0000028402188	0.10348426	0.16469857	13.562349
-0.0000039895686	-0.0000028423092	0.10356162	0.16481305	13.572331
-0.0000039925032	-0.0000028444	0.10363899	0.16492754	13.582315
-0.0000039954382	-0.000002846491	0.10371637	0.16504203	13.592299
-0.0000039983736	-0.0000028485822	0.10379377	0.16515653	13.602285
-0.0000040013094	-0.0000028506738	0.10387118	0.16527104	13.612273
-0.0000040042455	-0.0000028527656	0.1039486	0.16538555	13.622261
-0.000004007182	-0.0000028548577	0.10402603	0.16550007	13.632251
-0.0000040101189	-0.00000285695	0.10410347	0.1656146	13.642243
-0.0000040130562	-0.0000028590426	0.10418093	0.16572913	13.652235
-0.0000040159939	-0.0000028611355	0.10425839	0.16584366	13.662229
-0.0000040189319	-0.0000028632287	0.10433587	0.16595821	13.672224
-0.0000040218703	-0.0000028653221	0.10441337	0.16607276	13.68222
-0.0000040248091	-0.0000028674158	0.10449087	0.16618731	13.692218
-0.0000040277483	-0.0000028695098	0.10456838	0.16630188	13.702217
-0.0000040306878	-0.000002871604	0.10464591	0.16641644	13.712217
-0.0000040336277	-0.0000028736985	0.10472345	0.16653102	13.722218
-0.0000040365679	-0.0000028757932	0.104801	0.1666456	13.732221
-0.0000040395085	-0.0000028778882	0.10487856	0.16676018	13.742225
-0.0000040424495	-0.0000028799835	0.10495614	0.16687477	13.75223
-0.0000040453909	-0.000002882079	0.10503372	0.16698937	13.762236
-0.0000040483326	-0.0000028841748	0.10511132	0.16710397	13.772244
-0.0000040512746	-0.0000028862708	0.10518893	0.16721857	13.782252
-0.0000040542171	-0.0000028883671	0.10526655	0.16733319	13.792262
-0.0000040571599	-0.0000028904636	0.10534418	0.16744781	13.802274
-0.000004060103	-0.0000028925604	0.10542183	0.16756243	13.812286
-0.0000040630465	-0.0000028946575	0.10549948	0.16767706	13.8223
-0.0000040659904	-0.0000028967548	0.10557715	0.16779169	13.832315
-0.0000040689346	-0.0000028988524	0.10565483	0.16790633	13.842331
-0.0000040718791	-0.0000029009502	0.10573252	0.16802097	13.852348
-0.0000040748241	-0.0000029030482	0.10581022	0.16813562	13.862366
-0.0000040777693	-0.0000029051465	0.10588793	0.16825028	13.872386
-0.0000040807149	-0.0000029072451	0.10596565	0.16836494	13.882407
-0.0000040836609	-0.0000029093439	0.10604339	0.1684796	13.892429
-0.0000040866072	-0.000002911443	0.10612113	0.16859427	13.902452
-0.0000040895539	-0.0000029135422	0.10619889	0.16870895	13.912477
-0.0000040925009	-0.0000029156418	0.10627666	0.16882363	13.922502
-0.0000040954482	-0.0000029177416	0.10635444	0.16893831	13.932529
-0.0000040983959	-0.0000029198416	0.10643223	0.169053	13.942557
-0.0000041013439	-0.0000029219419	0.10651003	0.16916769	13.952586
-0.0000041042922	-0.0000029240424	0.10658784	0.16928239	13.962616
-0.0000041072409	-0.0000029261431	0.10666566	0.16939709	13.972647
-0.00000411019	-0.0000029282441	0.1067435	0.1695118	13.98268
-0.0000041131393	-0.0000029303454	0.10682134	0.16962651	13.992713
-0.000004116089	-0.0000029324468	0.1068992	0.16974123	14.002748
-0.0000041190391	-0.0000029345485	0.10697707	0.16985595	14.012784
-0.0000041219894	-0.0000029366505	0.10705494	0.16997067	14.022821
-0.0000041249401	-0.0000029387527	0.10713283	0.1700854	14.032859
-0.0000041278911	-0.0000029408551	0.10721073	0.17020014	14.042898
-0.0000041308425	-0.0000029429577	0.10728864	0.17031487	14.052939
-0.0000041337942	-0.0000029450606	0.10736656	0.17042962	14.06298
-0.0000041367462	-0.0000029471637	0.1074445	0.17054436	14.073023
-0.0000041396985	-0.0000029492671	0.10752244	0.17065911	14.083066
-0.0000041426511	-0.0000029513706	0.10760039	0.17077387	14.093111
-0.0000041456041	-0.0000029534744	0.10767835	0.17088862	14.103157
-0.0000041485574	-0.0000029555784	0.10775633	0.17100339	14.113204
-0.000004151511	-0.0000029576827	0.10783431	0.17111815	14.123252
-0.0000041544649	-0.0000029597872	0.10791231	0.17123292	14.133301
-0.0000041574192	-0.0000029618919	0.10799031	0.17134769	14.143351
-0.0000041603737	-0.0000029639968	0.10806833	0.17146247	14.153403
-0.0000041633286	-0.000002966102	0.10814636	0.17157725	14.163455
-0.0000041662838	-0.0000029682073	0.10822439	0.17169204	14.173508
-0.0000041692393	-0.0000029703129	0.10830244	0.17180682	14.183563
-0.0000041721951	-0.0000029724188	0.1083805	0.17192162	14.193618
-0.0000041751512	-0.0000029745248	0.10845857	0.17203641	14.203675
-0.0000041781076	-0.000002976631	0.10853664	0.17215121	14.213732
-0.0000041810643	-0.0000029787375	0.10861473	0.17226601	14.223791
-0.0000041840213	-0.0000029808442	0.10869283	0.17238082	14.233851
-0.0000041869787	-0.0000029829511	0.10877094	0.17249562	14.243911
-0.0000041899363	-0.0000029850583	0.10884906	0.17261044	14.253973
-0.0000041928943	-0.0000029871656	0.10892719	0.17272525	14.264036
-0.0000041958525	-0.0000029892731	0.10900533	0.17284007	14.2741
-0.000004198811	-0.0000029913809	0.10908348	0.17295489	14.284165
-0.0000042017699	-0.0000029934889	0.10916163	0.17306971	14.29423
-0.000004204729	-0.0000029955971	0.1092398	0.17318454	14.304297
-0.0000042076884	-0.0000029977055	0.10931798	0.17329937	14.314365
-0.0000042106481	-0.0000029998141	0.10939617	0.1734142	14.324434
-0.0000042136082	-0.0000030019229	0.10947437	0.17352904	14.334504
-0.0000042165685	-0.0000030040319	0.10955258	0.17364388	14.344574
-0.0000042195291	-0.0000030061412	0.1096308	0.17375872	14.354646
-0.0000042224899	-0.0000030082506	0.10970902	0.17387356	14.364719
-0.0000042254511	-0.0000030103602	0.10978726	0.17398841	14.374793
-0.0000042284126	-0.0000030124701	0.10986551	0.17410326	14.384868
-0.0000042313743	-0.0000030145801	0.10994377	0.17421811	14.394943
-0.0000042343363	-0.0000030166904	0.11002203	0.17433296	14.40502
-0.0000042372986	-0.0000030188008	0.11010031	0.17444782	14.415098
-0.0000042402612	-0.0000030209115	0.1101786	0.17456268	14.425176
-0.0000042432241	-0.0000030230223	0.11025689	0.17467754	14.435256
-0.0000042461872	-0.0000030251334	0.1103352	0.17479241	14.445336
-0.0000042491507	-0.0000030272446	0.11041351	0.17490727	14.455418
-0.0000042521144	-0.0000030293561	0.11049184	0.17502214	14.4655
-0.0000042550783	-0.0000030314677	0.11057017	0.17513701	14.475583
-0.0000042580426	-0.0000030335796	0.11064851	0.17525188	14.485668
-0.0000042610071	-0.0000030356916	0.11072686	0.17536676	14.495753
-0.0000042639719	-0.0000030378038	0.11080523	0.17548164	14.505839
-0.000004266937	-0.0000030399162	0.1108836	0.17559652	14.515926
-0.0000042699023	-0.0000030420288	0.11096198	0.1757114	14.526014
-0.0000042728679	-0.0000030441416	0.11104037	0.17582628	14.536103
-0.0000042758338	-0.0000030462546	0.11111877	0.17594116	14.546192
-0.0000042787999	-0.0000030483678	0.11119717	0.17605605	14.556283
-0.0000042817663	-0.0000030504812	0.11127559	0.17617094	14.566375
-0.000004284733	-0.0000030525947	0.11135402	0.17628583	14.576467
-0.0000042876999	-0.0000030547085	0.11143245	0.17640072	14.58656
-0.0000042906671	-0.0000030568224	0.1115109	0.17651561	14.596655
-0.0000042936345	-0.0000030589365	0.11158935	0.17663051	14.60675
-0.0000042966022	-0.0000030610508	0.11166781	0.1767454	14.616846
-0.0000042995702	-0.0000030631653	0.11174628	0.1768603	14.626942
-0.0000043025384	-0.0000030652799	0.11182476	0.1769752	14.63704
-0.0000043055068	-0.0000030673948	0.11190325	0.1770901	14.647139
-0.0000043084755	-0.0000030695098	0.11198175	0.177205	14.657238
-0.0000043114445	-0.000003071625	0.11206026	0.1773199	14.667338
-0.0000043144137	-0.0000030737403	0.11213877	0.17743481	14.67744
-0.0000043173832	-0.0000030758559	0.1122173	0.17754971	14.687542
-0.0000043203529	-0.0000030779716	0.11229583	0.17766462	14.697644
-0.0000043233229	-0.0000030800875	0.11237437	0.17777953	14.707748
-0.0000043262931	-0.0000030822036	0.11245292	0.17789444	14.717853
-0.0000043292635	-0.0000030843198	0.11253148	0.17800934	14.727958
-0.0000043322342	-0.0000030864363	0.11261005	0.17812426	14.738064
-0.0000043352051	-0.0000030885529	0.11268862	0.17823917	14.748171
-0.0000043381763	-0.0000030906696	0.11276721	0.17835408	14.758279
-0.0000043411477	-0.0000030927866	0.1128458	0.17846899	14.768387
-0.0000043441193	-0.0000030949037	0.1129244	0.17858391	14.778497
-0.0000043470912	-0.0000030970209	0.11300301	0.17869882	14.788607
-0.0000043500633	-0.0000030991384	0.11308163	0.17881373	14.798718
-0.0000043530357	-0.000003101256	0.11316026	0.17892865	14.80883
-0.0000043560083	-0.0000031033738	0.11323889	0.17904357	14.818942
-0.0000043589811	-0.0000031054917	0.11331753	0.17915848	14.829056
-0.0000043619541	-0.0000031076098	0.11339619	0.1792734	14.83917
-0.0000043649274	-0.0000031097281	0.11347485	0.17938832	14.849285
-0.0000043679009	-0.0000031118465	0.11355351	0.17950323	14.859401
-0.0000043708746	-0.0000031139651	0.11363219	0.17961815	14.869517
-0.0000043738486	-0.0000031160838	0.11371088	0.17973307	14.879634
-0.0000043768228	-0.0000031182027	0.11378957	0.17984799	14.889752
-0.0000043797972	-0.0000031203218	0.11386827	0.17996291	14.899871
-0.0000043827718	-0.000003122441	0.11394698	0.18007783	14.909991
-0.0000043857466	-0.0000031245604	0.11402569	0.18019275	14.920111
-0.0000043887217	-0.0000031266799	0.11410442	0.18030767	14.930232
-0.0000043916969	-0.0000031287996	0.11418315	0.18042258	14.940354
-0.0000043946724	-0.0000031309195	0.11426189	0.1805375	14.950476
-0.0000043976481	-0.0000031330395	0.11434064	0.18065242	14.960599
-0.000004400624	-0.0000031351596	0.1144194	0.18076734	14.970723
-0.0000044036002	-0.0000031372799	0.11449816	0.18088226	14.980848
-0.0000044065765	-0.0000031394004	0.11457693	0.18099718	14.990973
-0.0000044095531	-0.000003141521	0.11465571	0.18111209	15.001099
-0.0000044125298	-0.0000031436417	0.1147345	0.18122701	15.011226
-0.0000044155068	-0.0000031457626	0.1148133	0.18134193	15.021354
-0.000004418484	-0.0000031478837	0.1148921	0.18145685	15.031482
-0.0000044214613	-0.0000031500048	0.11497091	0.18157176	15.041611
-0.0000044244389	-0.0000031521262	0.11504973	0.18168668	15.05174
-0.0000044274167	-0.0000031542477	0.11512855	0.18180159	15.061871
-0.0000044303947	-0.0000031563693	0.11520739	0.18191651	15.072002
-0.0000044333729	-0.000003158491	0.11528623	0.18203142	15.082133
-0.0000044363513	-0.0000031606129	0.11536508	0.18214633	15.092266
-0.0000044393298	-0.000003162735	0.11544393	0.18226124	15.102399
-0.0000044423086	-0.0000031648572	0.1155228	0.18237616	15.112532
-0.0000044452876	-0.0000031669795	0.11560167	0.18249107	15.122667
-0.0000044482667	-0.000003169102	0.11568054	0.18260598	15.132802
-0.0000044512461	-0.0000031712245	0.11575943	0.18272088	15.142937
-0.0000044542256	-0.0000031733473	0.11583832	0.18283579	15.153073
-0.0000044572054	-0.0000031754702	0.11591722	0.1829507	15.16321
-0.0000044601853	-0.0000031775932	0.11599613	0.1830656	15.173348
-0.0000044631654	-0.0000031797163	0.11607504	0.18318051	15.183486
-0.0000044661457	-0.0000031818396	0.11615396	0.18329541	15.193625
-0.0000044691262	-0.000003183963	0.11623289	0.18341031	15.203764
-0.0000044721069	-0.0000031860865	0.11631183	0.18352521	15.213905
-0.0000044750877	-0.0000031882101	0.11639077	0.18364011	15.224045
-0.0000044780687	-0.0000031903339	0.11646972	0.18375501	15.234187
-0.0000044810499	-0.0000031924579	0.11654868	0.1838699	15.244328
-0.0000044840313	-0.0000031945819	0.11662764	0.1839848	15.254471
-0.0000044870129	-0.0000031967061	0.11670661	0.18409969	15.264614
-0.0000044899946	-0.0000031988304	0.11678559	0.18421458	15.274758
-0.0000044929765	-0.0000032009548	0.11686457	0.18432947	15.284902
-0.0000044959586	-0.0000032030793	0.11694356	0.18444436	15.295047
-0.0000044989409	-0.000003205204	0.11702256	0.18455925	15.305193
-0.0000045019233	-0.0000032073288	0.11710157	0.18467413	15.315339
-0.0000045049059	-0.0000032094537	0.11718058	0.18478901	15.325485
-0.0000045078887	-0.0000032115787	0.11725959	0.18490389	15.335633
-0.0000045108716	-0.0000032137039	0.11733862	0.18501877	15.34578
-0.0000045138547	-0.0000032158291	0.11741765	0.18513365	15.355929
-0.000004516838	-0.0000032179545	0.11749669	0.18524853	15.366078
-0.0000045198214	-0.00000322008	0.11757573	0.1853634	15.376227
-0.000004522805	-0.0000032222056	0.11765478	0.18547827	15.386377
-0.0000045257887	-0.0000032243313	0.11773384	0.18559314	15.396528
-0.0000045287726	-0.0000032264572	0.11781291	0.185708	15.406679
-0.0000045317567	-0.0000032285831	0.11789198	0.18582287	15.416831
-0.0000045347409	-0.0000032307092	0.11797105	0.18593773	15.426983
-0.0000045377253	-0.0000032328354	0.11805014	0.18605259	15.437135
-0.0000045407098	-0.0000032349616	0.11812923	0.18616745	15.447289
-0.0000045436945	-0.000003237088	0.11820832	0.1862823	15.457442
-0.0000045466793	-0.0000032392145	0.11828743	0.18639715	15.467597
-0.0000045496643	-0.0000032413412	0.11836653	0.186512	15.477751
-0.0000045526494	-0.0000032434679	0.11844565	0.18662685	15.487907
-0.0000045556347	-0.0000032455947	0.11852477	0.18674169	15.498063
-0.0000045586202	-0.0000032477216	0.1186039	0.18685653	15.508219
-0.0000045616057	-0.0000032498486	0.11868303	0.18697137	15.518376
-0.0000045645915	-0.0000032519758	0.11876217	0.18708621	15.528533
-0.0000045675773	-0.000003254103	0.11884131	0.18720104	15.538691
-0.0000045705633	-0.0000032562303	0.11892047	0.18731587	15.548849
-0.0000045735495	-0.0000032583578	0.11899962	0.1874307	15.559008
-0.0000045765357	-0.0000032604853	0.11907879	0.18754552	15.569167
-0.0000045795222	-0.0000032626129	0.11915796	0.18766035	15.579327
-0.0000045825087	-0.0000032647407	0.11923713	0.18777516	15.589487
-0.0000045854954	-0.0000032668685	0.11931631	0.18788998	15.599647
-0.0000045884822	-0.0000032689964	0.1193955	0.18800479	15.609808
-0.0000045914692	-0.0000032711244	0.11947469	0.1881196	15.61997
-0.0000045944563	-0.0000032732525	0.11955389	0.18823441	15.630132
-0.0000045974435	-0.0000032753807	0.11963309	0.18834921	15.640294
-0.0000046004308	-0.000003277509	0.1197123	0.18846401	15.650457
-0.0000046034183	-0.0000032796374	0.11979152	0.1885788	15.66062
-0.0000046064059	-0.0000032817659	0.11987074	0.1886936	15.670784
-0.0000046093937	-0.0000032838944	0.11994997	0.18880839	15.680948
-0.0000046123815	-0.0000032860231	0.1200292	0.18892317	15.691113
-0.0000046153695	-0.0000032881518	0.12010844	0.18903795	15.701277
-0.0000046183576	-0.0000032902807	0.12018768	0.18915273	15.711443
-0.0000046213458	-0.0000032924096	0.12026693	0.1892675	15.721609
-0.0000046243341	-0.0000032945386	0.12034618	0.18938228	15.731775
-0.0000046273226	-0.0000032966676	0.12042544	0.18949704	15.741941
-0.0000046303111	-0.0000032987968	0.12050471	0.18961181	15.752108
-0.0000046332998	-0.000003300926	0.12058398	0.18972656	15.762276
-0.0000046362886	-0.0000033030554	0.12066325	0.18984132	15.772443
-0.0000046392775	-0.0000033051848	0.12074253	0.18995607	15.782612
-0.0000046422665	-0.0000033073142	0.12082182	0.19007082	15.79278
-0.0000046452557	-0.0000033094438	0.12090111	0.19018556	15.802949
-0.0000046482449	-0.0000033115734	0.12098041	0.1903003	15.813118
-0.0000046512343	-0.0000033137032	0.12105971	0.19041504	15.823288
-0.0000046542237	-0.0000033158329	0.12113902	0.19052977	15.833458
-0.0000046572133	-0.0000033179628	0.12121833	0.19064449	15.843628
-0.0000046602029	-0.0000033200928	0.12129765	0.19075922	15.853799
-0.0000046631927	-0.0000033222228	0.12137697	0.19087393	15.86397
-0.0000046661826	-0.0000033243528	0.12145629	0.19098865	15.874141
-0.0000046691725	-0.000003326483	0.12153563	0.19110336	15.884313
-0.0000046721626	-0.0000033286132	0.12161496	0.19121806	15.894485
-0.0000046751527	-0.0000033307435	0.1216943	0.19133276	15.904657
-0.000004678143	-0.0000033328739	0.12177365	0.19144746	15.91483
-0.0000046811333	-0.0000033350043	0.121853	0.19156215	15.925003
-0.0000046841238	-0.0000033371348	0.12193236	0.19167684	15.935176
-0.0000046871143	-0.0000033392654	0.12201172	0.19179152	15.94535
-0.0000046901049	-0.000003341396	0.12209109	0.19190619	15.955524
-0.0000046930957	-0.0000033435267	0.12217046	0.19202087	15.965698
-0.0000046960865	-0.0000033456574	0.12224983	0.19213553	15.975873
-0.0000046990773	-0.0000033477883	0.12232921	0.1922502	15.986048
-0.0000047020683	-0.0000033499191	0.12240859	0.19236485	15.996223
-0.0000047050594	-0.0000033520501	0.12248798	0.19247951	16.006398
-0.0000047080505	-0.0000033541811	0.12256738	0.19259415	16.016574
-0.0000047110417	-0.0000033563121	0.12264677	0.1927088	16.02675
-0.0000047140331	-0.0000033584432	0.12272618	0.19282343	16.036926
-0.0000047170244	-0.0000033605744	0.12280558	0.19293807	16.047103
-0.0000047200159	-0.0000033627056	0.12288499	0.19305269	16.05728
-0.0000047230074	-0.0000033648369	0.12296441	0.19316731	16.067457
-0.0000047259991	-0.0000033669682	0.12304383	0.19328193	16.077634
-0.0000047289907	-0.0000033690996	0.12312325	0.19339654	16.087812
-0.0000047319825	-0.0000033712311	0.12320268	0.19351115	16.09799
-0.0000047349743	-0.0000033733625	0.12328211	0.19362575	16.108168
-0.0000047379663	-0.0000033754941	0.12336155	0.19374034	16.118346
-0.0000047409582	-0.0000033776257	0.12344099	0.19385493	16.128525
-0.0000047439503	-0.0000033797573	0.12352044	0.19396951	16.138703
-0.0000047469424	-0.000003381889	0.12359989	0.19408409	16.148882
-0.0000047499346	-0.0000033840207	0.12367934	0.19419867	16.159062
-0.0000047529268	-0.0000033861525	0.1237588	0.19431323	16.169241
-0.0000047559191	-0.0000033882843	0.12383826	0.19442779	16.179421
-0.0000047589115	-0.0000033904162	0.12391772	0.19454235	16.189601
-0.0000047619039	-0.0000033925481	0.12399719	0.1946569	16.199781
-0.0000047648964	-0.00000339468	0.12407666	0.19477144	16.209961
-0.0000047678889	-0.000003396812	0.12415614	0.19488598	16.220142
-0.0000047708815	-0.0000033989441	0.12423562	0.19500051	16.230322
-0.0000047738742	-0.0000034010761	0.12431511	0.19511503	16.240503
-0.0000047768669	-0.0000034032083	0.12439459	0.19522955	16.250684
-0.0000047798596	-0.0000034053404	0.12447409	0.19534407	16.260865
-0.0000047828524	-0.0000034074726	0.12455358	0.19545857	16.271047
-0.0000047858453	-0.0000034096048	0.12463308	0.19557307	16.281228
-0.0000047888382	-0.0000034117371	0.12471258	0.19568757	16.29141
-0.0000047918312	-0.0000034138693	0.12479209	0.19580205	16.301592
-0.0000047948242	-0.0000034160017	0.1248716	0.19591654	16.311774
-0.0000047978172	-0.000003418134	0.12495111	0.19603101	16.321956
-0.0000048008103	-0.0000034202664	0.12503063	0.19614548	16.332139
-0.0000048038034	-0.0000034223988	0.12511015	0.19625994	16.342321
-0.0000048067966	-0.0000034245313	0.12518968	0.1963744	16.352504
-0.0000048097898	-0.0000034266637	0.1252692	0.19648885	16.362687
-0.0000048127831	-0.0000034287962	0.12534873	0.19660329	16.37287
-0.0000048157764	-0.0000034309288	0.12542827	0.19671772	16.383053
-0.0000048187697	-0.0000034330613	0.12550781	0.19683215	16.393236
-0.0000048217631	-0.0000034351939	0.12558735	0.19694658	16.403419
-0.0000048247565	-0.0000034373265	0.12566689	0.19706099	16.413603
-0.0000048277499	-0.0000034394591	0.12574644	0.1971754	16.423786
-0.0000048307434	-0.0000034415918	0.12582599	0.1972898	16.43397
-0.0000048337369	-0.0000034437244	0.12590554	0.1974042	16.444153
-0.0000048367304	-0.0000034458571	0.1259851	0.19751858	16.454337
-0.0000048397239	-0.0000034479898	0.12606466	0.19763296	16.464521
-0.0000048427175	-0.0000034501226	0.12614422	0.19774734	16.474705
-0.0000048457111	-0.0000034522553	0.12622379	0.1978617	16.484889
-0.0000048487047	-0.0000034543881	0.12630336	0.19797606	16.495073
-0.0000048516984	-0.0000034565209	0.12638293	0.19809041	16.505258
-0.000004854692	-0.0000034586536	0.1264625	0.19820476	16.515442
-0.0000048576857	-0.0000034607865	0.12654208	0.19831909	16.525626
-0.0000048606794	-0.0000034629193	0.12662166	0.19843342	16.535811
-0.0000048636731	-0.0000034650521	0.12670125	0.19854775	16.545995
-0.0000048666669	-0.0000034671849	0.12678083	0.19866206	16.55618
-0.0000048696606	-0.0000034693178	0.12686042	0.19877637	16.566364
-0.0000048726544	-0.0000034714507	0.12694001	0.19889067	16.576549
-0.0000048756482	-0.0000034735835	0.12701961	0.19900496	16.586734
-0.000004878642	-0.0000034757164	0.1270992	0.19911924	16.596918
-0.0000048816358	-0.0000034778493	0.1271788	0.19923352	16.607103
-0.0000048846296	-0.0000034799822	0.1272584	0.19934779	16.617288
-0.0000048876234	-0.0000034821151	0.12733801	0.19946205	16.627473
-0.0000048906172	-0.000003484248	0.12741762	0.1995763	16.637658
-0.000004893611	-0.0000034863809	0.12749723	0.19969055	16.647843
-0.0000048966048	-0.0000034885138	0.12757684	0.19980479	16.658027
-0.0000048995987	-0.0000034906467	0.12765645	0.19991902	16.668212
-0.0000049025925	-0.0000034927796	0.12773607	0.20003324	16.678397
-0.0000049055863	-0.0000034949125	0.12781569	0.20014745	16.688582
-0.0000049085801	-0.0000034970454	0.12789531	0.20026166	16.698767
-0.000004911574	-0.0000034991783	0.12797493	0.20037585	16.708952
-0.0000049145678	-0.0000035013112	0.12805456	0.20049004	16.719137
-0.0000049175616	-0.0000035034441	0.12813419	0.20060422	16.729321
-0.0000049205554	-0.000003505577	0.12821382	0.20071839	16.739506
-0.0000049235492	-0.0000035077099	0.12829345	0.20083256	16.749691
-0.000004926543	-0.0000035098428	0.12837309	0.20094671	16.759876
-0.0000049295368	-0.0000035119757	0.12845272	0.20106086	16.77006
-0.0000049325305	-0.0000035141085	0.12853236	0.201175	16.780245
-0.0000049355243	-0.0000035162414	0.128612	0.20128913	16.79043
-0.000004938518	-0.0000035183742	0.12869165	0.20140325	16.800614
-0.0000049415117	-0.0000035205071	0.12877129	0.20151736	16.810799
-0.0000049445054	-0.0000035226399	0.12885094	0.20163147	16.820983
-0.0000049474991	-0.0000035247727	0.12893059	0.20174556	16.831167
-0.0000049504928	-0.0000035269055	0.12901024	0.20185965	16.841352
-0.0000049534864	-0.0000035290383	0.12908989	0.20197373	16.851536
-0.00000495648	-0.000003531171	0.12916954	0.2020878	16.86172
-0.0000049594736	-0.0000035333038	0.1292492	0.20220186	16.871904
-0.0000049624672	-0.0000035354365	0.12932886	0.20231591	16.882088
-0.0000049654608	-0.0000035375692	0.12940852	0.20242995	16.892272
-0.0000049684543	-0.0000035397019	0.12948818	0.20254398	16.902456
-0.0000049714478	-0.0000035418346	0.12956784	0.20265801	16.91264
-0.0000049744412	-0.0000035439672	0.12964751	0.20277202	16.922823
-0.0000049774347	-0.0000035460998	0.12972717	0.20288603	16.933007
-0.0000049804281	-0.0000035482324	0.12980684	0.20300002	16.94319
-0.0000049834214	-0.000003550365	0.12988651	0.20311401	16.953373
-0.0000049864148	-0.0000035524976	0.12996618	0.20322799	16.963557
-0.0000049894081	-0.0000035546301	0.13004585	0.20334196	16.97374
-0.0000049924013	-0.0000035567626	0.13012552	0.20345592	16.983923
-0.0000049953945	-0.0000035588951	0.1302052	0.20356987	16.994105
-0.0000049983877	-0.0000035610275	0.13028487	0.20368381	17.004288
-0.0000050013808	-0.0000035631599	0.13036455	0.20379774	17.014471
-0.0000050043739	-0.0000035652923	0.13044423	0.20391166	17.024653
-0.000005007367	-0.0000035674247	0.13052391	0.20402557	17.034835
-0.00000501036	-0.000003569557	0.13060359	0.20413947	17.045017
-0.0000050133529	-0.0000035716893	0.13068327	0.20425337	17.055199
-0.0000050163459	-0.0000035738215	0.13076295	0.20436725	17.065381
-0.0000050193387	-0.0000035759537	0.13084264	0.20448112	17.075562
-0.0000050223315	-0.0000035780859	0.13092232	0.20459498	17.085744
-0.0000050253243	-0.0000035802181	0.13100201	0.20470884	17.095925
-0.000005028317	-0.0000035823502	0.1310817	0.20482268	17.106106
-0.0000050313096	-0.0000035844823	0.13116139	0.20493651	17.116287
-0.0000050343022	-0.0000035866143	0.13124108	0.20505034	17.126468
-0.0000050372948	-0.0000035887463	0.13132077	0.20516415	17.136648
-0.0000050402873	-0.0000035908782	0.13140046	0.20527795	17.146828
-0.0000050432797	-0.0000035930101	0.13148015	0.20539174	17.157009
-0.0000050462721	-0.000003595142	0.13155984	0.20550553	17.167188
-0.0000050492644	-0.0000035972738	0.13163953	0.2056193	17.177368
-0.0000050522566	-0.0000035994056	0.13171923	0.20573306	17.187548
-0.0000050552488	-0.0000036015373	0.13179892	0.20584681	17.197727
-0.0000050582409	-0.000003603669	0.13187862	0.20596055	17.207906
-0.0000050612329	-0.0000036058007	0.13195832	0.20607428	17.218085
-0.0000050642249	-0.0000036079322	0.13203801	0.206188	17.228263
-0.0000050672168	-0.0000036100638	0.13211771	0.20630171	17.238442
-0.0000050702086	-0.0000036121953	0.13219741	0.20641541	17.24862
-0.0000050732004	-0.0000036143267	0.13227711	0.2065291	17.258797
-0.0000050761921	-0.0000036164581	0.1323568	0.20664278	17.268975
-0.0000050791837	-0.0000036185894	0.1324365	0.20675644	17.279152
-0.0000050821752	-0.0000036207207	0.1325162	0.2068701	17.289329
-0.0000050851667	-0.0000036228519	0.1325959	0.20698375	17.299506
-0.0000050881581	-0.0000036249831	0.1326756	0.20709738	17.309683
-0.0000050911494	-0.0000036271142	0.1327553	0.207211	17.319859
-0.0000050941406	-0.0000036292453	0.13283501	0.20732462	17.330035
-0.0000050971318	-0.0000036313763	0.13291471	0.20743822	17.340211
-0.0000051001228	-0.0000036335072	0.13299441	0.20755181	17.350386
-0.0000051031138	-0.0000036356381	0.13307411	0.20766539	17.360562
-0.0000051061047	-0.0000036377689	0.13315381	0.20777896	17.370736
-0.0000051090955	-0.0000036398996	0.13323351	0.20789252	17.380911
-0.0000051120862	-0.0000036420303	0.13331321	0.20800606	17.391085
-0.0000051150768	-0.000003644161	0.13339292	0.2081196	17.401259
-0.0000051180674	-0.0000036462915	0.13347262	0.20823312	17.411433
-0.0000051210578	-0.000003648422	0.13355232	0.20834663	17.421606
-0.0000051240482	-0.0000036505524	0.13363202	0.20846013	17.431779
-0.0000051270384	-0.0000036526828	0.13371172	0.20857362	17.441952
-0.0000051300286	-0.0000036548131	0.13379143	0.2086871	17.452124
-0.0000051330186	-0.0000036569433	0.13387113	0.20880057	17.462296
-0.0000051360086	-0.0000036590735	0.13395083	0.20891402	17.472468
-0.0000051389985	-0.0000036612036	0.13403053	0.20902747	17.482639
-0.0000051419882	-0.0000036633336	0.13411023	0.2091409	17.492811
-0.0000051449779	-0.0000036654635	0.13418993	0.20925432	17.502981
-0.0000051479674	-0.0000036675934	0.13426963	0.20936773	17.513152
-0.0000051509569	-0.0000036697232	0.13434933	0.20948112	17.523322
-0.0000051539462	-0.0000036718529	0.13442903	0.20959451	17.533491
-0.0000051569355	-0.0000036739825	0.13450873	0.20970788	17.54366
-0.0000051599246	-0.0000036761121	0.13458843	0.20982124	17.553829
-0.0000051629136	-0.0000036782416	0.13466812	0.20993459	17.563998
-0.0000051659025	-0.000003680371	0.13474782	0.21004793	17.574166
-0.0000051688913	-0.0000036825003	0.13482752	0.21016125	17.584334
-0.00000517188	-0.0000036846295	0.13490721	0.21027456	17.594501
-0.0000051748686	-0.0000036867587	0.13498691	0.21038787	17.604668
-0.000005177857	-0.0000036888878	0.13506661	0.21050115	17.614835
-0.0000051808454	-0.0000036910168	0.1351463	0.21061443	17.625001
-0.0000051838336	-0.0000036931457	0.13522599	0.21072769	17.635167
-0.0000051868217	-0.0000036952745	0.13530569	0.21084095	17.645332
-0.0000051898096	-0.0000036974032	0.13538538	0.21095419	17.655497
-0.0000051927975	-0.0000036995319	0.13546507	0.21106741	17.665661
-0.0000051957852	-0.0000037016605	0.13554476	0.21118063	17.675825
-0.0000051987728	-0.0000037037889	0.13562445	0.21129383	17.685989
-0.0000052017603	-0.0000037059173	0.13570414	0.21140702	17.696152
-0.0000052047476	-0.0000037080456	0.13578382	0.21152019	17.706315
-0.0000052077349	-0.0000037101738	0.13586351	0.21163336	17.716478
-0.000005210722	-0.0000037123019	0.1359432	0.21174651	17.72664
-0.0000052137089	-0.0000037144299	0.13602288	0.21185965	17.736801
-0.0000052166957	-0.0000037165578	0.13610256	0.21197277	17.746962
-0.0000052196824	-0.0000037186857	0.13618225	0.21208589	17.757123
-0.000005222669	-0.0000037208134	0.13626193	0.21219899	17.767283
-0.0000052256554	-0.000003722941	0.13634161	0.21231208	17.777442
-0.0000052286417	-0.0000037250686	0.13642129	0.21242515	17.787602
-0.0000052316278	-0.000003727196	0.13650096	0.21253821	17.79776
-0.0000052346138	-0.0000037293233	0.13658064	0.21265126	17.807919
-0.0000052375997	-0.0000037314506	0.13666031	0.2127643	17.818076
-0.0000052405854	-0.0000037335777	0.13673999	0.21287732	17.828234
-0.000005243571	-0.0000037357047	0.13681966	0.21299033	17.83839
-0.0000052465564	-0.0000037378316	0.13689933	0.21310332	17.848547
-0.0000052495417	-0.0000037399585	0.136979	0.21321631	17.858703
-0.0000052525268	-0.0000037420852	0.13705867	0.21332928	17.868858
-0.0000052555118	-0.0000037442118	0.13713833	0.21344223	17.879013
-0.0000052584967	-0.0000037463383	0.137218	0.21355517	17.889167
-0.0000052614813	-0.0000037484647	0.13729766	0.2136681	17.899321
-0.0000052644659	-0.000003750591	0.13737732	0.21378102	17.909474
-0.0000052674502	-0.0000037527171	0.13745698	0.21389392	17.919627
-0.0000052704345	-0.0000037548432	0.13753664	0.21400681	17.929779
-0.0000052734185	-0.0000037569692	0.1376163	0.21411969	17.93993
-0.0000052764024	-0.000003759095	0.13769595	0.21423255	17.950082
-0.0000052793862	-0.0000037612207	0.1377756	0.21434539	17.960232
-0.0000052823698	-0.0000037633463	0.13785525	0.21445823	17.970382
-0.0000052853532	-0.0000037654718	0.1379349	0.21457105	17.980532
-0.0000052883365	-0.0000037675972	0.13801455	0.21468385	17.990681
-0.0000052913196	-0.0000037697225	0.1380942	0.21479665	18.000829
-0.0000052943025	-0.0000037718476	0.13817384	0.21490943	18.010977
-0.0000052972853	-0.0000037739726	0.13825348	0.21502219	18.021124
-0.0000053002678	-0.0000037760976	0.13833312	0.21513494	18.031271
-0.0000053032503	-0.0000037782223	0.13841276	0.21524768	18.041417
-0.0000053062325	-0.000003780347	0.13849239	0.2153604	18.051562
-0.0000053092146	-0.0000037824715	0.13857202	0.21547311	18.061707
-0.0000053121965	-0.000003784596	0.13865165	0.2155858	18.071851
-0.0000053151783	-0.0000037867203	0.13873128	0.21569848	18.081995
-0.0000053181598	-0.0000037888444	0.13881091	0.21581115	18.092138
-0.0000053211412	-0.0000037909685	0.13889053	0.2159238	18.102281
-0.0000053241224	-0.0000037930924	0.13897016	0.21603644	18.112423
-0.0000053271034	-0.0000037952162	0.13904977	0.21614906	18.122564
-0.0000053300843	-0.0000037973398	0.13912939	0.21626167	18.132705
-0.000005333065	-0.0000037994634	0.13920901	0.21637426	18.142845
-0.0000053360454	-0.0000038015868	0.13928862	0.21648684	18.152984
-0.0000053390257	-0.00000380371	0.13936823	0.21659941	18.163123
-0.0000053420058	-0.0000038058332	0.13944784	0.21671196	18.173261
-0.0000053449858	-0.0000038079562	0.13952744	0.21682449	18.183399
-0.0000053479655	-0.000003810079	0.13960704	0.21693701	18.193536
-0.000005350945	-0.0000038122018	0.13968664	0.21704952	18.203672
-0.0000053539244	-0.0000038143244	0.13976624	0.21716201	18.213808
-0.0000053569036	-0.0000038164468	0.13984583	0.21727449	18.223943
-0.0000053598825	-0.0000038185692	0.13992543	0.21738695	18.234077
-0.0000053628613	-0.0000038206913	0.14000501	0.2174994	18.244211
-0.0000053658399	-0.0000038228134	0.1400846	0.21761183	18.254344
-0.0000053688183	-0.0000038249353	0.14016418	0.21772424	18.264476
-0.0000053717965	-0.0000038270571	0.14024376	0.21783665	18.274608
-0.0000053747744	-0.0000038291787	0.14032334	0.21794903	18.284739
-0.0000053777522	-0.0000038313002	0.14040292	0.2180614	18.294869
-0.0000053807298	-0.0000038334215	0.14048249	0.21817376	18.304999
-0.0000053837072	-0.0000038355427	0.14056206	0.2182861	18.315127
-0.0000053866844	-0.0000038376637	0.14064162	0.21839843	18.325256
-0.0000053896613	-0.0000038397846	0.14072119	0.21851074	18.335383
-0.0000053926381	-0.0000038419054	0.14080075	0.21862303	18.34551
-0.0000053956146	-0.000003844026	0.1408803	0.21873531	18.355636
-0.000005398591	-0.0000038461464	0.14095986	0.21884758	18.365761
-0.0000054015671	-0.0000038482667	0.14103941	0.21895982	18.375886
-0.000005404543	-0.0000038503869	0.14111895	0.21907206	18.38601
-0.0000054075187	-0.0000038525069	0.1411985	0.21918428	18.396133
-0.0000054104942	-0.0000038546267	0.14127804	0.21929648	18.406256
-0.0000054134695	-0.0000038567464	0.14135758	0.21940866	18.416377
-0.0000054164445	-0.0000038588659	0.14143711	0.21952083	18.426498
-0.0000054194194	-0.0000038609853	0.14151664	0.21963299	18.436619
-0.000005422394	-0.0000038631045	0.14159617	0.21974513	18.446738
-0.0000054253684	-0.0000038652236	0.14167569	0.21985725	18.456857
-0.0000054283426	-0.0000038673425	0.14175521	0.21996936	18.466975
-0.0000054313165	-0.0000038694612	0.14183473	0.22008145	18.477092
-0.0000054342902	-0.0000038715798	0.14191424	0.22019353	18.487209
-0.0000054372637	-0.0000038736983	0.14199375	0.22030559	18.497324
-0.000005440237	-0.0000038758165	0.14207326	0.22041763	18.507439
-0.0000054432101	-0.0000038779346	0.14215276	0.22052966	18.517554
-0.0000054461829	-0.0000038800526	0.14223226	0.22064167	18.527667
-0.0000054491555	-0.0000038821703	0.14231176	0.22075366	18.53778
-0.0000054521278	-0.0000038842879	0.14239125	0.22086564	18.547891
-0.0000054550999	-0.0000038864054	0.14247073	0.22097761	18.558002
-0.0000054580718	-0.0000038885227	0.14255022	0.22108955	18.568113
-0.0000054610435	-0.0000038906398	0.1426297	0.22120148	18.578222
-0.0000054640149	-0.0000038927567	0.14270917	0.2213134	18.588331
-0.000005466986	-0.0000038948735	0.14278865	0.22142529	18.598438
-0.000005469957	-0.0000038969901	0.14286812	0.22153717	18.608545
-0.0000054729277	-0.0000038991065	0.14294758	0.22164904	18.618651
-0.0000054758981	-0.0000039012227	0.14302704	0.22176088	18.628757
-0.0000054788683	-0.0000039033388	0.1431065	0.22187272	18.638861
-0.0000054818383	-0.0000039054547	0.14318595	0.22198453	18.648965
-0.000005484808	-0.0000039075704	0.1432654	0.22209633	18.659068
-0.0000054877774	-0.000003909686	0.14334484	0.22220811	18.66917
-0.0000054907466	-0.0000039118014	0.14342428	0.22231987	18.679271
-0.0000054937156	-0.0000039139166	0.14350372	0.22243162	18.689371
-0.0000054966843	-0.0000039160316	0.14358315	0.22254335	18.699471
-0.0000054996528	-0.0000039181464	0.14366258	0.22265506	18.709569
-0.000005502621	-0.0000039202611	0.143742	0.22276676	18.719667
-0.0000055055889	-0.0000039223755	0.14382142	0.22287844	18.729764
-0.0000055085566	-0.0000039244898	0.14390083	0.2229901	18.73986
-0.0000055115241	-0.0000039266039	0.14398024	0.22310175	18.749955
-0.0000055144913	-0.0000039287179	0.14405965	0.22321338	18.760049
-0.0000055174582	-0.0000039308316	0.14413905	0.22332499	18.770142
-0.0000055204248	-0.0000039329452	0.14421845	0.22343658	18.780235
-0.0000055233912	-0.0000039350585	0.14429784	0.22354816	18.790326
-0.0000055263574	-0.0000039371717	0.14437723	0.22365972	18.800417
-0.0000055293232	-0.0000039392847	0.14445661	0.22377126	18.810507
-0.0000055322888	-0.0000039413975	0.14453599	0.22388279	18.820595
-0.0000055352542	-0.0000039435101	0.14461536	0.22399429	18.830683
-0.0000055382192	-0.0000039456225	0.14469473	0.22410578	18.84077
-0.000005541184	-0.0000039477347	0.14477409	0.22421726	18.850857
-0.0000055441486	-0.0000039498468	0.14485345	0.22432871	18.860942
-0.0000055471128	-0.0000039519586	0.14493281	0.22444015	18.871026
-0.0000055500768	-0.0000039540702	0.14501216	0.22455157	18.881109
-0.0000055530405	-0.0000039561817	0.1450915	0.22466297	18.891192
-0.0000055560039	-0.0000039582929	0.14517084	0.22477436	18.901273
-0.0000055589671	-0.000003960404	0.14525018	0.22488572	18.911354
-0.0000055619299	-0.0000039625148	0.14532951	0.22499707	18.921433
-0.0000055648925	-0.0000039646255	0.14540883	0.2251084	18.931512
-0.0000055678548	-0.0000039667359	0.14548815	0.22521972	18.941589
-0.0000055708168	-0.0000039688462	0.14556747	0.22533101	18.951666
-0.0000055737786	-0.0000039709562	0.14564678	0.22544229	18.961742
-0.00000557674	-0.0000039730661	0.14572608	0.22555355	18.971816
-0.0000055797012	-0.0000039751757	0.14580538	0.22566479	18.98189
-0.0000055826621	-0.0000039772852	0.14588467	0.22577601	18.991963
-0.0000055856227	-0.0000039793944	0.14596396	0.22588722	19.002035
-0.000005588583	-0.0000039815034	0.14604325	0.2259984	19.012106
-0.000005591543	-0.0000039836122	0.14612253	0.22610957	19.022176
-0.0000055945027	-0.0000039857208	0.1462018	0.22622072	19.032244
-0.0000055974622	-0.0000039878292	0.14628107	0.22633185	19.042312
-0.0000056004213	-0.0000039899374	0.14636033	0.22644297	19.052379
-0.0000056033801	-0.0000039920454	0.14643959	0.22655406	19.062445
-0.0000056063387	-0.0000039941532	0.14651884	0.22666514	19.07251
-0.0000056092969	-0.0000039962607	0.14659808	0.2267762	19.082573
-0.0000056122548	-0.0000039983681	0.14667733	0.22688724	19.092636
-0.0000056152125	-0.0000040004752	0.14675656	0.22699826	19.102698
-0.0000056181698	-0.0000040025821	0.14683579	0.22710926	19.112759
-0.0000056211268	-0.0000040046888	0.14691501	0.22722024	19.122818
-0.0000056240836	-0.0000040067953	0.14699423	0.22733121	19.132877
-0.00000562704	-0.0000040089015	0.14707344	0.22744216	19.142935
-0.0000056299961	-0.0000040110076	0.14715265	0.22755308	19.152991
-0.0000056329519	-0.0000040131134	0.14723185	0.22766399	19.163047
-0.0000056359074	-0.000004015219	0.14731105	0.22777488	19.173101
-0.0000056388626	-0.0000040173244	0.14739024	0.22788575	19.183154
-0.0000056418174	-0.0000040194295	0.14746942	0.22799661	19.193207
-0.000005644772	-0.0000040215344	0.1475486	0.22810744	19.203258
-0.0000056477262	-0.0000040236391	0.14762777	0.22821825	19.213308
-0.0000056506802	-0.0000040257436	0.14770693	0.22832905	19.223357
-0.0000056536338	-0.0000040278479	0.14778609	0.22843982	19.233405
-0.0000056565871	-0.0000040299519	0.14786525	0.22855058	19.243452
-0.00000565954	-0.0000040320557	0.14794439	0.22866132	19.253498
-0.0000056624927	-0.0000040341593	0.14802354	0.22877204	19.263543
-0.000005665445	-0.0000040362626	0.14810267	0.22888274	19.273587
-0.000005668397	-0.0000040383657	0.1481818	0.22899342	19.283629
-0.0000056713487	-0.0000040404686	0.14826092	0.22910408	19.293671
-0.0000056743	-0.0000040425712	0.14834004	0.22921472	19.303711
-0.000005677251	-0.0000040446737	0.14841915	0.22932534	19.31375
-0.0000056802017	-0.0000040467758	0.14849825	0.22943594	19.323788
-0.0000056831521	-0.0000040488778	0.14857735	0.22954652	19.333825
-0.0000056861021	-0.0000040509795	0.14865644	0.22965709	19.343861
-0.0000056890518	-0.000004053081	0.14873553	0.22976763	19.353896
-0.0000056920012	-0.0000040551822	0.14881461	0.22987816	19.36393
-0.0000056949502	-0.0000040572832	0.14889368	0.22998866	19.373962
-0.0000056978989	-0.0000040593839	0.14897274	0.23009914	19.383993
-0.0000057008473	-0.0000040614844	0.1490518	0.23020961	19.394024
-0.0000057037953	-0.0000040635847	0.14913086	0.23032005	19.404053
-0.000005706743	-0.0000040656847	0.1492099	0.23043048	19.414081
-0.0000057096903	-0.0000040677845	0.14928894	0.23054088	19.424107
-0.0000057126373	-0.0000040698841	0.14936797	0.23065127	19.434133
-0.0000057155839	-0.0000040719834	0.149447	0.23076163	19.444157
-0.0000057185303	-0.0000040740824	0.14952602	0.23087198	19.45418
-0.0000057214762	-0.0000040761812	0.14960503	0.2309823	19.464202
-0.0000057244218	-0.0000040782798	0.14968404	0.23109261	19.474223
-0.0000057273671	-0.0000040803781	0.14976304	0.23120289	19.484243
-0.000005730312	-0.0000040824762	0.14984203	0.23131316	19.494261
-0.0000057332566	-0.000004084574	0.14992101	0.2314234	19.504279
-0.0000057362008	-0.0000040866715	0.14999999	0.23153363	19.514295
-0.0000057391446	-0.0000040887688	0.15007896	0.23164383	19.52431
-0.0000057420881	-0.0000040908659	0.15015793	0.23175401	19.534323
-0.0000057450313	-0.0000040929627	0.15023688	0.23186418	19.544336
-0.0000057479741	-0.0000040950592	0.15031583	0.23197432	19.554347
-0.0000057509165	-0.0000040971555	0.15039478	0.23208444	19.564357
-0.0000057538586	-0.0000040992516	0.15047371	0.23219454	19.574366
-0.0000057568003	-0.0000041013473	0.15055264	0.23230462	19.584373
-0.0000057597416	-0.0000041034429	0.15063156	0.23241468	19.59438
-0.0000057626826	-0.0000041055381	0.15071048	0.23252472	19.604385
-0.0000057656232	-0.0000041076331	0.15078938	0.23263474	19.614389
-0.0000057685635	-0.0000041097279	0.15086828	0.23274474	19.624391
-0.0000057715034	-0.0000041118224	0.15094717	0.23285472	19.634393
-0.0000057744429	-0.0000041139166	0.15102606	0.23296468	19.644393
-0.000005777382	-0.0000041160105	0.15110494	0.23307461	19.654391
-0.0000057803208	-0.0000041181042	0.15118381	0.23318453	19.664389
-0.0000057832592	-0.0000041201976	0.15126267	0.23329442	19.674385
-0.0000057861973	-0.0000041222908	0.15134153	0.23340429	19.68438
-0.0000057891349	-0.0000041243837	0.15142037	0.23351415	19.694374
-0.0000057920722	-0.0000041264763	0.15149921	0.23362398	19.704367
-0.0000057950091	-0.0000041285687	0.15157805	0.23373379	19.714358
-0.0000057979456	-0.0000041306607	0.15165687	0.23384358	19.724348
-0.0000058008818	-0.0000041327526	0.15173569	0.23395334	19.734337
-0.0000058038176	-0.0000041348441	0.1518145	0.23406309	19.744324
-0.0000058067529	-0.0000041369354	0.1518933	0.23417281	19.75431
-0.0000058096879	-0.0000041390264	0.15197209	0.23428252	19.764295
-0.0000058126226	-0.0000041411171	0.15205088	0.2343922	19.774278
-0.0000058155568	-0.0000041432075	0.15212966	0.23450186	19.78426
-0.0000058184906	-0.0000041452977	0.15220843	0.2346115	19.794241
-0.0000058214241	-0.0000041473876	0.15228719	0.23472112	19.80422
-0.0000058243572	-0.0000041494772	0.15236594	0.23483072	19.814199
-0.0000058272898	-0.0000041515666	0.15244469	0.23494029	19.824175
-0.0000058302221	-0.0000041536556	0.15252343	0.23504985	19.834151
-0.000005833154	-0.0000041557444	0.15260216	0.23515938	19.844125
-0.0000058360855	-0.0000041578329	0.15268088	0.23526889	19.854098
-0.0000058390166	-0.0000041599211	0.1527596	0.23537838	19.864069
-0.0000058419473	-0.0000041620091	0.1528383	0.23548784	19.87404
-0.0000058448776	-0.0000041640967	0.152917	0.23559729	19.884008
-0.0000058478075	-0.0000041661841	0.15299569	0.23570671	19.893976
-0.000005850737	-0.0000041682712	0.15307437	0.23581611	19.903942
-0.0000058536661	-0.000004170358	0.15315305	0.23592549	19.913906
-0.0000058565948	-0.0000041724445	0.15323171	0.23603485	19.92387
-0.0000058595231	-0.0000041745307	0.15331037	0.23614418	19.933832
-0.000005862451	-0.0000041766167	0.15338902	0.2362535	19.943792
-0.0000058653785	-0.0000041787023	0.15346766	0.23636279	19.953751
-0.0000058683056	-0.0000041807877	0.15354629	0.23647206	19.963709
-0.0000058712323	-0.0000041828727	0.15362491	0.2365813	19.973666
-0.0000058741585	-0.0000041849575	0.15370353	0.23669053	19.983621
-0.0000058770844	-0.000004187042	0.15378213	0.23679973	19.993574
-0.0000058800098	-0.0000041891261	0.15386073	0.23690891	20.003526
-0.0000058829348	-0.00000419121	0.15393932	0.23701807	20.013477
-0.0000058858594	-0.0000041932936	0.1540179	0.23712721	20.023427
-0.0000058887836	-0.0000041953769	0.15409647	0.23723632	20.033375
-0.0000058917074	-0.0000041974599	0.15417503	0.23734541	20.043321
-0.0000058946307	-0.0000041995426	0.15425359	0.23745448	20.053266
-0.0000058975537	-0.000004201625	0.15433213	0.23756352	20.06321
-0.0000059004762	-0.0000042037071	0.15441067	0.23767255	20.073152
-0.0000059033983	-0.0000042057889	0.1544892	0.23778155	20.083093
-0.0000059063199	-0.0000042078704	0.15456772	0.23789052	20.093032
-0.0000059092412	-0.0000042099516	0.15464623	0.23799948	20.10297
-0.000005912162	-0.0000042120325	0.15472473	0.23810841	20.112907
-0.0000059150824	-0.0000042141131	0.15480322	0.23821732	20.122842
-0.0000059180023	-0.0000042161934	0.1548817	0.23832621	20.132775
-0.0000059209219	-0.0000042182733	0.15496018	0.23843507	20.142707
-0.000005923841	-0.000004220353	0.15503864	0.23854391	20.152638
-0.0000059267596	-0.0000042224324	0.1551171	0.23865273	20.162567
-0.0000059296779	-0.0000042245114	0.15519554	0.23876153	20.172495
-0.0000059325956	-0.0000042265902	0.15527398	0.2388703	20.182421
-0.000005935513	-0.0000042286686	0.15535241	0.23897905	20.192346
-0.0000059384299	-0.0000042307467	0.15543083	0.23908777	20.202269
-0.0000059413464	-0.0000042328245	0.15550924	0.23919648	20.212191
-0.0000059442625	-0.000004234902	0.15558764	0.23930516	20.222111
-0.0000059471781	-0.0000042369792	0.15566603	0.23941381	20.23203
-0.0000059500932	-0.000004239056	0.15574441	0.23952245	20.241947
-0.0000059530079	-0.0000042411326	0.15582279	0.23963106	20.251863
-0.0000059559222	-0.0000042432088	0.15590115	0.23973964	20.261777
-0.000005958836	-0.0000042452847	0.1559795	0.23984821	20.27169
-0.0000059617494	-0.0000042473603	0.15605785	0.23995675	20.281601
-0.0000059646624	-0.0000042494356	0.15613618	0.24006526	20.291511
-0.0000059675748	-0.0000042515106	0.15621451	0.24017376	20.301419
-0.0000059704869	-0.0000042535852	0.15629282	0.24028223	20.311325
-0.0000059733984	-0.0000042556595	0.15637113	0.24039067	20.32123
-0.0000059763096	-0.0000042577335	0.15644943	0.24049909	20.331134
-0.0000059792202	-0.0000042598072	0.15652771	0.24060749	20.341036
-0.0000059821305	-0.0000042618805	0.15660599	0.24071587	20.350936
-0.0000059850402	-0.0000042639535	0.15668426	0.24082422	20.360835
-0.0000059879495	-0.0000042660262	0.15676251	0.24093255	20.370732
-0.0000059908584	-0.0000042680986	0.15684076	0.24104085	20.380628
-0.0000059937668	-0.0000042701706	0.156919	0.24114913	20.390522
-0.0000059966747	-0.0000042722423	0.15699723	0.24125738	20.400415
-0.0000059995821	-0.0000042743137	0.15707544	0.24136562	20.410306
-0.0000060024891	-0.0000042763847	0.15715365	0.24147382	20.420196
-0.0000060053957	-0.0000042784555	0.15723185	0.24158201	20.430083
-0.0000060083017	-0.0000042805258	0.15731004	0.24169017	20.43997
-0.0000060112073	-0.0000042825959	0.15738822	0.2417983	20.449854
-0.0000060141124	-0.0000042846656	0.15746638	0.24190641	20.459738
-0.0000060170171	-0.000004286735	0.15754454	0.2420145	20.469619
-0.0000060199213	-0.000004288804	0.15762269	0.24212257	20.479499
-0.000006022825	-0.0000042908727	0.15770083	0.2422306	20.489377
-0.0000060257282	-0.0000042929411	0.15777895	0.24233862	20.499254
-0.000006028631	-0.0000042950091	0.15785707	0.24244661	20.509129
-0.0000060315333	-0.0000042970768	0.15793518	0.24255458	20.519002
-0.0000060344351	-0.0000042991442	0.15801327	0.24266252	20.528874
-0.0000060373364	-0.0000043012112	0.15809136	0.24277043	20.538744
-0.0000060402373	-0.0000043032778	0.15816943	0.24287833	20.548613
-0.0000060431376	-0.0000043053442	0.1582475	0.2429862	20.55848
-0.0000060460375	-0.0000043074102	0.15832555	0.24309404	20.568345
-0.0000060489369	-0.0000043094758	0.1584036	0.24320186	20.578209
-0.0000060518359	-0.0000043115411	0.15848163	0.24330965	20.588071
-0.0000060547343	-0.000004313606	0.15855965	0.24341742	20.597931
-0.0000060576322	-0.0000043156706	0.15863766	0.24352517	20.60779
-0.0000060605297	-0.0000043177349	0.15871567	0.24363289	20.617647
-0.0000060634267	-0.0000043197988	0.15879366	0.24374058	20.627502
-0.0000060663231	-0.0000043218623	0.15887164	0.24384825	20.637356
-0.0000060692191	-0.0000043239255	0.15894961	0.2439559	20.647208
-0.0000060721146	-0.0000043259884	0.15902757	0.24406352	20.657058
-0.0000060750096	-0.0000043280509	0.15910551	0.24417112	20.666907
-0.0000060779041	-0.000004330113	0.15918345	0.24427869	20.676754
-0.0000060807981	-0.0000043321748	0.15926138	0.24438623	20.686599
-0.0000060836916	-0.0000043342363	0.15933929	0.24449375	20.696443
-0.0000060865847	-0.0000043362974	0.1594172	0.24460125	20.706285
-0.0000060894772	-0.0000043383581	0.15949509	0.24470872	20.716125
-0.0000060923692	-0.0000043404184	0.15957298	0.24481616	20.725963
-0.0000060952607	-0.0000043424785	0.15965085	0.24492358	20.7358
-0.0000060981517	-0.0000043445381	0.15972871	0.24503098	20.745635
-0.0000061010422	-0.0000043465974	0.15980656	0.24513835	20.755469
-0.0000061039322	-0.0000043486563	0.1598844	0.24524569	20.7653
-0.0000061068216	-0.0000043507149	0.15996222	0.24535301	20.77513
-0.0000061097106	-0.0000043527731	0.16004004	0.2454603	20.784958
-0.0000061125991	-0.0000043548309	0.16011784	0.24556757	20.794785
-0.000006115487	-0.0000043568884	0.16019564	0.24567481	20.804609
-0.0000061183745	-0.0000043589455	0.16027342	0.24578203	20.814432
-0.0000061212614	-0.0000043610023	0.16035119	0.24588922	20.824253
-0.0000061241478	-0.0000043630587	0.16042895	0.24599639	20.834073
-0.0000061270337	-0.0000043651147	0.1605067	0.24610353	20.843891
-0.0000061299191	-0.0000043671703	0.16058444	0.24621064	20.853706
-0.0000061328039	-0.0000043692256	0.16066216	0.24631773	20.863521
-0.0000061356883	-0.0000043712805	0.16073988	0.24642479	20.873333
-0.0000061385721	-0.000004373335	0.16081758	0.24653183	20.883144
-0.0000061414554	-0.0000043753892	0.16089527	0.24663884	20.892952
-0.0000061443382	-0.000004377443	0.16097295	0.24674582	20.90276
-0.0000061472204	-0.0000043794964	0.16105062	0.24685278	20.912565
-0.0000061501021	-0.0000043815494	0.16112827	0.24695972	20.922368
-0.0000061529833	-0.0000043836021	0.16120592	0.24706662	20.93217
-0.000006155864	-0.0000043856544	0.16128355	0.2471735	20.94197
-0.0000061587441	-0.0000043877063	0.16136117	0.24728036	20.951768
-0.0000061616238	-0.0000043897578	0.16143878	0.24738719	20.961564
-0.0000061645028	-0.000004391809	0.16151638	0.24749399	20.971359
-0.0000061673814	-0.0000043938598	0.16159396	0.24760077	20.981151
-0.0000061702594	-0.0000043959102	0.16167154	0.24770752	20.990942
-0.0000061731369	-0.0000043979602	0.1617491	0.24781424	21.000731
-0.0000061760138	-0.0000044000098	0.16182665	0.24792094	21.010519
-0.0000061788902	-0.0000044020591	0.16190419	0.24802761	21.020304
-0.0000061817661	-0.0000044041079	0.16198171	0.24813426	21.030088
-0.0000061846414	-0.0000044061564	0.16205923	0.24824087	21.039869
-0.0000061875162	-0.0000044082045	0.16213673	0.24834747	21.049649
-0.0000061903904	-0.0000044102522	0.16221422	0.24845403	21.059427
-0.0000061932641	-0.0000044122995	0.1622917	0.24856057	21.069203
-0.0000061961373	-0.0000044143465	0.16236916	0.24866708	21.078978
-0.0000061990099	-0.000004416393	0.16244662	0.24877357	21.08875
-0.0000062018819	-0.0000044184392	0.16252406	0.24888003	21.098521
-0.0000062047534	-0.0000044204849	0.16260149	0.24898646	21.108289
-0.0000062076244	-0.0000044225303	0.1626789	0.24909287	21.118056
-0.0000062104948	-0.0000044245753	0.16275631	0.24919924	21.127821
-0.0000062133646	-0.0000044266199	0.1628337	0.2493056	21.137584
-0.0000062162339	-0.0000044286641	0.16291108	0.24941192	21.147346
-0.0000062191027	-0.0000044307079	0.16298844	0.24951822	21.157105
-0.0000062219709	-0.0000044327513	0.1630658	0.24962449	21.166863
-0.0000062248385	-0.0000044347943	0.16314314	0.24973073	21.176618
-0.0000062277056	-0.0000044368369	0.16322047	0.24983695	21.186372
-0.0000062305721	-0.0000044388791	0.16329779	0.24994314	21.196124
-0.0000062334381	-0.0000044409209	0.16337509	0.25004931	21.205873
-0.0000062363035	-0.0000044429623	0.16345238	0.25015544	21.215621
-0.0000062391683	-0.0000044450033	0.16352966	0.25026155	21.225367
-0.0000062420326	-0.0000044470439	0.16360693	0.25036763	21.235112
-0.0000062448963	-0.0000044490841	0.16368418	0.25047369	21.244854
-0.0000062477594	-0.0000044511239	0.16376142	0.25057971	21.254594
-0.000006250622	-0.0000044531633	0.16383865	0.25068571	21.264332
-0.000006253484	-0.0000044552023	0.16391587	0.25079169	21.274069
-0.0000062563455	-0.0000044572409	0.16399307	0.25089763	21.283803
-0.0000062592063	-0.0000044592791	0.16407026	0.25100355	21.293536
-0.0000062620666	-0.0000044613169	0.16414744	0.25110944	21.303266
-0.0000062649263	-0.0000044633542	0.1642246	0.2512153	21.312995
-0.0000062677855	-0.0000044653912	0.16430175	0.25132114	21.322722
-0.000006270644	-0.0000044674277	0.16437889	0.25142694	21.332446
-0.000006273502	-0.0000044694639	0.16445601	0.25153272	21.342169
-0.0000062763594	-0.0000044714996	0.16453312	0.25163848	21.35189
-0.0000062792163	-0.0000044735349	0.16461022	0.2517442	21.361609
-0.0000062820725	-0.0000044755698	0.16468731	0.2518499	21.371326
-0.0000062849282	-0.0000044776043	0.16476438	0.25195557	21.38104
-0.0000062877833	-0.0000044796384	0.16484144	0.25206121	21.390753
-0.0000062906378	-0.000004481672	0.16491848	0.25216682	21.400464
-0.0000062934917	-0.0000044837052	0.16499552	0.25227241	21.410173
-0.0000062963451	-0.0000044857381	0.16507253	0.25237796	21.41988
-0.0000062991978	-0.0000044877704	0.16514954	0.25248349	21.429585
-0.00000630205	-0.0000044898024	0.16522653	0.252589	21.439288
-0.0000063049015	-0.000004491834	0.16530351	0.25269447	21.448989
-0.0000063077525	-0.0000044938651	0.16538048	0.25279991	21.458688
-0.0000063106029	-0.0000044958958	0.16545743	0.25290533	21.468385
-0.0000063134527	-0.0000044979261	0.16553437	0.25301072	21.478079
-0.0000063163019	-0.000004499956	0.16561129	0.25311608	21.487772
-0.0000063191505	-0.0000045019854	0.1656882	0.25322141	21.497463
-0.0000063219985	-0.0000045040145	0.1657651	0.25332672	21.507152
-0.0000063248459	-0.000004506043	0.16584199	0.253432	21.516839
-0.0000063276927	-0.0000045080712	0.16591886	0.25353724	21.526523
-0.0000063305389	-0.000004510099	0.16599571	0.25364246	21.536206
-0.0000063333845	-0.0000045121263	0.16607256	0.25374765	21.545887
-0.0000063362295	-0.0000045141531	0.16614938	0.25385282	21.555565
-0.0000063390739	-0.0000045161796	0.1662262	0.25395795	21.565242
-0.0000063419177	-0.0000045182056	0.166303	0.25406306	21.574916
-0.0000063447609	-0.0000045202312	0.16637979	0.25416813	21.584589
-0.0000063476035	-0.0000045222563	0.16645656	0.25427318	21.594259
-0.0000063504454	-0.0000045242811	0.16653332	0.2543782	21.603927
-0.0000063532868	-0.0000045263054	0.16661007	0.25448319	21.613593
-0.0000063561275	-0.0000045283292	0.1666868	0.25458816	21.623257
-0.0000063589677	-0.0000045303526	0.16676352	0.25469309	21.632919
-0.0000063618072	-0.0000045323756	0.16684022	0.25479799	21.642579
-0.0000063646461	-0.0000045343981	0.16691691	0.25490287	21.652237
-0.0000063674844	-0.0000045364202	0.16699359	0.25500772	21.661893
-0.0000063703221	-0.0000045384419	0.16707025	0.25511254	21.671547
-0.0000063731591	-0.0000045404631	0.1671469	0.25521733	21.681198
-0.0000063759956	-0.0000045424839	0.16722353	0.25532209	21.690848
-0.0000063788314	-0.0000045445042	0.16730015	0.25542682	21.700495
-0.0000063816666	-0.0000045465241	0.16737675	0.25553152	21.71014
-0.0000063845012	-0.0000045485436	0.16745334	0.25563619	21.719783
-0.0000063873351	-0.0000045505626	0.16752992	0.25574084	21.729424
-0.0000063901684	-0.0000045525811	0.16760648	0.25584545	21.739063
-0.0000063930011	-0.0000045545993	0.16768303	0.25595004	21.7487
-0.0000063958332	-0.0000045566169	0.16775956	0.25605459	21.758334
-0.0000063986647	-0.0000045586341	0.16783608	0.25615912	21.767967
-0.0000064014955	-0.0000045606509	0.16791258	0.25626362	21.777597
-0.0000064043257	-0.0000045626672	0.16798907	0.25636809	21.787225
-0.0000064071552	-0.0000045646831	0.16806554	0.25647253	21.796851
-0.0000064099841	-0.0000045666985	0.168142	0.25657694	21.806475
-0.0000064128124	-0.0000045687135	0.16821845	0.25668132	21.816097
-0.0000064156401	-0.000004570728	0.16829488	0.25678567	21.825716
-0.0000064184671	-0.0000045727421	0.1683713	0.25688999	21.835334
-0.0000064212934	-0.0000045747557	0.1684477	0.25699428	21.844949
-0.0000064241192	-0.0000045767688	0.16852408	0.25709855	21.854562
-0.0000064269443	-0.0000045787815	0.16860045	0.25720278	21.864173
-0.0000064297687	-0.0000045807938	0.16867681	0.25730698	21.873781
-0.0000064325925	-0.0000045828055	0.16875315	0.25741115	21.883388
-0.0000064354157	-0.0000045848169	0.16882948	0.2575153	21.892992
-0.0000064382382	-0.0000045868277	0.16890579	0.25761941	21.902594
-0.0000064410601	-0.0000045888381	0.16898209	0.25772349	21.912194
-0.0000064438813	-0.0000045908481	0.16905837	0.25782755	21.921792
-0.0000064467019	-0.0000045928576	0.16913464	0.25793157	21.931387
-0.0000064495218	-0.0000045948666	0.16921089	0.25803557	21.94098
-0.0000064523411	-0.0000045968751	0.16928713	0.25813953	21.950572
-0.0000064551597	-0.0000045988832	0.16936335	0.25824347	21.96016
-0.0000064579777	-0.0000046008908	0.16943955	0.25834737	21.969747
-0.000006460795	-0.000004602898	0.16951575	0.25845124	21.979331
-0.0000064636117	-0.0000046049047	0.16959192	0.25855509	21.988914
-0.0000064664277	-0.0000046069109	0.16966808	0.2586589	21.998494
-0.0000064692431	-0.0000046089167	0.16974423	0.25876269	22.008071
-0.0000064720577	-0.000004610922	0.16982036	0.25886644	22.017647
-0.0000064748718	-0.0000046129268	0.16989647	0.25897016	22.02722
-0.0000064776851	-0.0000046149311	0.16997257	0.25907386	22.036791
-0.0000064804979	-0.000004616935	0.17004866	0.25917752	22.04636
-0.0000064833099	-0.0000046189384	0.17012472	0.25928115	22.055926
-0.0000064861213	-0.0000046209413	0.17020078	0.25938475	22.06549
-0.000006488932	-0.0000046229438	0.17027682	0.25948832	22.075052
-0.000006491742	-0.0000046249457	0.17035284	0.25959186	22.084612
-0.0000064945514	-0.0000046269473	0.17042884	0.25969537	22.094169
-0.0000064973601	-0.0000046289483	0.17050483	0.25979885	22.103724
-0.0000065001682	-0.0000046309488	0.17058081	0.2599023	22.113277
-0.0000065029755	-0.0000046329489	0.17065677	0.26000572	22.122828
-0.0000065057822	-0.0000046349485	0.17073271	0.26010911	22.132376
-0.0000065085883	-0.0000046369476	0.17080864	0.26021247	22.141922
-0.0000065113936	-0.0000046389462	0.17088455	0.26031579	22.151466
-0.0000065141983	-0.0000046409444	0.17096045	0.26041909	22.161007
-0.0000065170023	-0.000004642942	0.17103633	0.26052235	22.170546
-0.0000065198056	-0.0000046449392	0.17111219	0.26062559	22.180083
-0.0000065226082	-0.0000046469359	0.17118804	0.26072879	22.189617
-0.0000065254102	-0.0000046489321	0.17126388	0.26083196	22.199149
-0.0000065282115	-0.0000046509279	0.17133969	0.26093511	22.208679
-0.0000065310121	-0.0000046529231	0.17141549	0.26103822	22.218207
-0.000006533812	-0.0000046549178	0.17149128	0.2611413	22.227732
-0.0000065366112	-0.0000046569121	0.17156705	0.26124434	22.237255
-0.0000065394097	-0.0000046589059	0.1716428	0.26134736	22.246775
-0.0000065422076	-0.0000046608992	0.17171854	0.26145035	22.256293
-0.0000065450047	-0.000004662892	0.17179426	0.2615533	22.265809
-0.0000065478012	-0.0000046648843	0.17186996	0.26165623	22.275322
-0.000006550597	-0.0000046668761	0.17194565	0.26175912	22.284834
-0.0000065533921	-0.0000046688674	0.17202132	0.26186198	22.294342
-0.0000065561865	-0.0000046708582	0.17209698	0.26196481	22.303849
-0.0000065589802	-0.0000046728486	0.17217262	0.26206761	22.313353
-0.0000065617732	-0.0000046748384	0.17224824	0.26217037	22.322854
-0.0000065645655	-0.0000046768277	0.17232385	0.26227311	22.332354
-0.0000065673571	-0.0000046788166	0.17239944	0.26237581	22.341851
-0.000006570148	-0.0000046808049	0.17247501	0.26247849	22.351345
-0.0000065729382	-0.0000046827928	0.17255057	0.26258113	22.360837
-0.0000065757277	-0.0000046847801	0.17262611	0.26268374	22.370327
-0.0000065785165	-0.0000046867669	0.17270163	0.26278632	22.379815
-0.0000065813046	-0.0000046887533	0.17277714	0.26288886	22.3893
-0.000006584092	-0.0000046907391	0.17285263	0.26299138	22.398782
-0.0000065868787	-0.0000046927245	0.1729281	0.26309386	22.408262
-0.0000065896647	-0.0000046947093	0.17300356	0.26319631	22.41774
-0.00000659245	-0.0000046966936	0.173079	0.26329873	22.427216
-0.0000065952346	-0.0000046986775	0.17315443	0.26340112	22.436689
-0.0000065980184	-0.0000047006608	0.17322983	0.26350348	22.446159
-0.0000066008016	-0.0000047026436	0.17330522	0.2636058	22.455627
-0.000006603584	-0.0000047046259	0.1733806	0.26370809	22.465093
-0.0000066063657	-0.0000047066077	0.17345595	0.26381035	22.474556
-0.0000066091467	-0.000004708589	0.17353129	0.26391258	22.484017
-0.000006611927	-0.0000047105698	0.17360662	0.26401478	22.493476
-0.0000066147066	-0.00000471255	0.17368192	0.26411694	22.502932
-0.0000066174854	-0.0000047145298	0.17375721	0.26421907	22.512385
-0.0000066202636	-0.000004716509	0.17383248	0.26432118	22.521836
-0.000006623041	-0.0000047184878	0.17390774	0.26442324	22.531285
-0.0000066258177	-0.000004720466	0.17398298	0.26452528	22.540731
-0.0000066285937	-0.0000047224437	0.1740582	0.26462728	22.550175
-0.0000066313689	-0.0000047244208	0.1741334	0.26472925	22.559616
-0.0000066341434	-0.0000047263975	0.17420859	0.26483119	22.569055
-0.0000066369172	-0.0000047283737	0.17428376	0.2649331	22.578491
-0.0000066396903	-0.0000047303493	0.17435891	0.26503497	22.587925
-0.0000066424626	-0.0000047323244	0.17443404	0.26513681	22.597356
-0.0000066452342	-0.000004734299	0.17450916	0.26523862	22.606785
-0.0000066480051	-0.0000047362731	0.17458426	0.2653404	22.616212
-0.0000066507753	-0.0000047382466	0.17465934	0.26544215	22.625636
-0.0000066535447	-0.0000047402197	0.17473441	0.26554386	22.635057
-0.0000066563134	-0.0000047421922	0.17480946	0.26564554	22.644476
-0.0000066590813	-0.0000047441641	0.17488449	0.26574718	22.653892
-0.0000066618485	-0.0000047461356	0.1749595	0.2658488	22.663306
-0.000006664615	-0.0000047481065	0.1750345	0.26595038	22.672718
-0.0000066673807	-0.0000047500769	0.17510947	0.26605193	22.682127
-0.0000066701457	-0.0000047520468	0.17518443	0.26615344	22.691533
-0.00000667291	-0.0000047540162	0.17525938	0.26625493	22.700937
-0.0000066756735	-0.000004755985	0.1753343	0.26635638	22.710338
-0.0000066784363	-0.0000047579533	0.17540921	0.26645779	22.719737
-0.0000066811983	-0.0000047599211	0.1754841	0.26655918	22.729133
-0.0000066839596	-0.0000047618883	0.17555897	0.26666053	22.738527
-0.0000066867201	-0.000004763855	0.17563382	0.26676185	22.747918
-0.0000066894799	-0.0000047658212	0.17570866	0.26686313	22.757307
-0.0000066922389	-0.0000047677868	0.17578348	0.26696439	22.766693
-0.0000066949972	-0.0000047697519	0.17585828	0.26706561	22.776077
-0.0000066977547	-0.0000047717165	0.17593306	0.26716679	22.785458
-0.0000067005115	-0.0000047736805	0.17600783	0.26726795	22.794836
-0.0000067032676	-0.000004775644	0.17608257	0.26736907	22.804212
-0.0000067060228	-0.0000047776069	0.1761573	0.26747015	22.813585
-0.0000067087774	-0.0000047795694	0.17623201	0.26757121	22.822956
-0.0000067115311	-0.0000047815312	0.1763067	0.26767223	22.832324
-0.0000067142841	-0.0000047834926	0.17638138	0.26777321	22.84169
-0.0000067170364	-0.0000047854534	0.17645604	0.26787417	22.851053
-0.0000067197879	-0.0000047874136	0.17653067	0.26797509	22.860413
-0.0000067225386	-0.0000047893733	0.17660529	0.26807598	22.869771
-0.0000067252886	-0.0000047913325	0.1766799	0.26817683	22.879126
-0.0000067280378	-0.0000047932911	0.17675448	0.26827765	22.888479
-0.0000067307862	-0.0000047952492	0.17682904	0.26837844	22.897829
-0.0000067335339	-0.0000047972068	0.17690359	0.26847919	22.907177
-0.0000067362808	-0.0000047991638	0.17697812	0.26857991	22.916521
-0.0000067390269	-0.0000048011202	0.17705263	0.26868059	22.925864
-0.0000067417723	-0.0000048030761	0.17712712	0.26878125	22.935203
-0.0000067445169	-0.0000048050315	0.17720159	0.26888186	22.94454
-0.0000067472607	-0.0000048069863	0.17727605	0.26898245	22.953875
-0.0000067500038	-0.0000048089405	0.17735049	0.269083	22.963206
-0.0000067527461	-0.0000048108942	0.1774249	0.26918352	22.972536
-0.0000067554876	-0.0000048128474	0.1774993	0.269284	22.981862
-0.0000067582283	-0.0000048148	0.17757368	0.26938445	22.991186
-0.0000067609683	-0.000004816752	0.17764804	0.26948486	23.000507
-0.0000067637075	-0.0000048187035	0.17772239	0.26958525	23.009826
-0.0000067664459	-0.0000048206544	0.17779671	0.26968559	23.019142
-0.0000067691835	-0.0000048226048	0.17787102	0.26978591	23.028455
-0.0000067719203	-0.0000048245546	0.17794531	0.26988619	23.037766
-0.0000067746564	-0.0000048265039	0.17801957	0.26998643	23.047074
-0.0000067773917	-0.0000048284526	0.17809382	0.27008664	23.056379
-0.0000067801262	-0.0000048304008	0.17816805	0.27018682	23.065681
-0.0000067828599	-0.0000048323483	0.17824227	0.27028697	23.074981
-0.0000067855928	-0.0000048342954	0.17831646	0.27038707	23.084279
-0.0000067883249	-0.0000048362418	0.17839063	0.27048715	23.093573
-0.0000067910563	-0.0000048381877	0.17846479	0.27058719	23.102865
-0.0000067937868	-0.0000048401331	0.17853892	0.2706872	23.112154
-0.0000067965166	-0.0000048420779	0.17861304	0.27078717	23.121441
-0.0000067992456	-0.0000048440221	0.17868714	0.27088711	23.130725
-0.0000068019737	-0.0000048459657	0.17876122	0.27098701	23.140006
-0.0000068047011	-0.0000048479088	0.17883528	0.27108688	23.149284
-0.0000068074277	-0.0000048498513	0.17890932	0.27118671	23.15856
-0.0000068101535	-0.0000048517933	0.17898334	0.27128651	23.167833
-0.0000068128785	-0.0000048537347	0.17905734	0.27138628	23.177103
-0.0000068156027	-0.0000048556755	0.17913132	0.27148601	23.186371
-0.0000068183261	-0.0000048576157	0.17920529	0.2715857	23.195636
-0.0000068210487	-0.0000048595554	0.17927923	0.27168536	23.204898
-0.0000068237705	-0.0000048614945	0.17935315	0.27178499	23.214157
-0.0000068264915	-0.0000048634331	0.17942706	0.27188458	23.223414
-0.0000068292117	-0.000004865371	0.17950095	0.27198414	23.232668
-0.0000068319311	-0.0000048673084	0.17957481	0.27208366	23.241919
-0.0000068346497	-0.0000048692452	0.17964866	0.27218315	23.251168
-0.0000068373674	-0.0000048711814	0.17972249	0.2722826	23.260414
-0.0000068400844	-0.0000048731171	0.17979629	0.27238202	23.269657
-0.0000068428005	-0.0000048750522	0.17987008	0.2724814	23.278897
-0.0000068455159	-0.0000048769867	0.17994385	0.27258075	23.288134
-0.0000068482304	-0.0000048789206	0.1800176	0.27268007	23.297369
-0.0000068509441	-0.000004880854	0.18009133	0.27277934	23.306601
-0.000006853657	-0.0000048827867	0.18016504	0.27287859	23.31583
-0.0000068563691	-0.0000048847189	0.18023873	0.27297779	23.325057
-0.0000068590804	-0.0000048866505	0.1803124	0.27307697	23.33428
-0.0000068617909	-0.0000048885816	0.18038605	0.27317611	23.343501
-0.0000068645005	-0.000004890512	0.18045968	0.27327521	23.352719
-0.0000068672093	-0.0000048924419	0.18053329	0.27337428	23.361934
-0.0000068699173	-0.0000048943711	0.18060688	0.27347331	23.371147
-0.0000068726245	-0.0000048962998	0.18068045	0.2735723	23.380357
-0.0000068753309	-0.0000048982279	0.18075401	0.27367127	23.389564
-0.0000068780364	-0.0000049001555	0.18082754	0.27377019	23.398768
-0.0000068807411	-0.0000049020824	0.18090105	0.27386908	23.407969
-0.000006883445	-0.0000049040087	0.18097454	0.27396794	23.417167
-0.000006886148	-0.0000049059345	0.18104801	0.27406676	23.426363
-0.0000068888503	-0.0000049078596	0.18112146	0.27416554	23.435556
-0.0000068915517	-0.0000049097842	0.18119489	0.27426429	23.444746
-0.0000068942522	-0.0000049117082	0.1812683	0.27436301	23.453933
-0.000006896952	-0.0000049136316	0.18134169	0.27446168	23.463118
-0.0000068996509	-0.0000049155544	0.18141506	0.27456033	23.472299
-0.000006902349	-0.0000049174766	0.18148841	0.27465893	23.481478
-0.0000069050462	-0.0000049193982	0.18156174	0.2747575	23.490654
-0.0000069077426	-0.0000049213192	0.18163505	0.27485604	23.499827
-0.0000069104382	-0.0000049232396	0.18170834	0.27495454	23.508997
-0.0000069131329	-0.0000049251594	0.18178161	0.275053	23.518164
-0.0000069158268	-0.0000049270787	0.18185486	0.27515143	23.527329
-0.0000069185198	-0.0000049289973	0.18192809	0.27524982	23.53649
-0.0000069212121	-0.0000049309153	0.18200129	0.27534818	23.545649
-0.0000069239034	-0.0000049328327	0.18207448	0.2754465	23.554805
-0.000006926594	-0.0000049347496	0.18214765	0.27554479	23.563958
-0.0000069292836	-0.0000049366658	0.18222079	0.27564303	23.573108
-0.0000069319725	-0.0000049385814	0.18229392	0.27574125	23.582256
-0.0000069346605	-0.0000049404964	0.18236702	0.27583942	23.5914
-0.0000069373476	-0.0000049424108	0.18244011	0.27593756	23.600542
-0.0000069400339	-0.0000049443247	0.18251317	0.27603567	23.60968
-0.0000069427193	-0.0000049462379	0.18258621	0.27613374	23.618816
-0.0000069454039	-0.0000049481505	0.18265923	0.27623177	23.627949
-0.0000069480877	-0.0000049500625	0.18273224	0.27632976	23.637079
-0.0000069507706	-0.0000049519738	0.18280522	0.27642772	23.646206
-0.0000069534526	-0.0000049538846	0.18287817	0.27652565	23.65533
-0.0000069561338	-0.0000049557948	0.18295111	0.27662354	23.664451
-0.0000069588141	-0.0000049577044	0.18302403	0.27672139	23.67357
-0.0000069614936	-0.0000049596133	0.18309693	0.2768192	23.682685
-0.0000069641722	-0.0000049615216	0.1831698	0.27691698	23.691798
-0.00000696685	-0.0000049634294	0.18324266	0.27701472	23.700907
-0.0000069695269	-0.0000049653365	0.18331549	0.27711243	23.710014
-0.0000069722029	-0.000004967243	0.1833883	0.27721009	23.719118
-0.0000069748781	-0.0000049691489	0.1834611	0.27730773	23.728219
-0.0000069775524	-0.0000049710541	0.18353387	0.27740532	23.737316
-0.0000069802258	-0.0000049729588	0.18360662	0.27750288	23.746411
-0.0000069828984	-0.0000049748628	0.18367934	0.2776004	23.755503
-0.0000069855701	-0.0000049767663	0.18375205	0.27769789	23.764592
-0.0000069882409	-0.0000049786691	0.18382474	0.27779534	23.773678
-0.0000069909109	-0.0000049805712	0.1838974	0.27789275	23.782762
-0.00000699358	-0.0000049824728	0.18397005	0.27799013	23.791842
-0.0000069962483	-0.0000049843738	0.18404267	0.27808747	23.800919
-0.0000069989156	-0.0000049862741	0.18411527	0.27818477	23.809993
-0.0000070015821	-0.0000049881738	0.18418785	0.27828203	23.819065
-0.0000070042477	-0.0000049900729	0.1842604	0.27837926	23.828133
-0.0000070069125	-0.0000049919713	0.18433294	0.27847645	23.837198
-0.0000070095763	-0.0000049938691	0.18440546	0.27857361	23.846261
-0.0000070122393	-0.0000049957664	0.18447795	0.27867073	23.85532
-0.0000070149014	-0.0000049976629	0.18455042	0.27876781	23.864376
-0.0000070175627	-0.0000049995589	0.18462287	0.27886485	23.87343
-0.000007020223	-0.0000050014542	0.1846953	0.27896186	23.88248
-0.0000070228825	-0.0000050033489	0.18476771	0.27905883	23.891527
-0.0000070255411	-0.000005005243	0.18484009	0.27915576	23.900572
-0.0000070281988	-0.0000050071364	0.18491246	0.27925266	23.909613
-0.0000070308556	-0.0000050090293	0.1849848	0.27934951	23.918652
-0.0000070335116	-0.0000050109214	0.18505712	0.27944633	23.927687
-0.0000070361666	-0.000005012813	0.18512942	0.27954312	23.936719
-0.0000070388208	-0.0000050147039	0.18520169	0.27963986	23.945749
-0.000007041474	-0.0000050165942	0.18527395	0.27973657	23.954775
-0.0000070441264	-0.0000050184838	0.18534618	0.27983325	23.963798
-0.0000070467779	-0.0000050203729	0.18541839	0.27992988	23.972819
-0.0000070494285	-0.0000050222612	0.18549058	0.28002648	23.981836
-0.0000070520782	-0.000005024149	0.18556275	0.28012304	23.99085
-0.000007054727	-0.0000050260361	0.18563489	0.28021956	23.999861
-0.000007057375	-0.0000050279226	0.18570702	0.28031604	24.008869
-0.000007060022	-0.0000050298084	0.18577912	0.28041249	24.017874
-0.0000070626681	-0.0000050316936	0.1858512	0.2805089	24.026876
-0.0000070653133	-0.0000050335782	0.18592325	0.28060527	24.035875
-0.0000070679577	-0.0000050354621	0.18599529	0.2807016	24.044871
-0.0000070706011	-0.0000050373453	0.1860673	0.2807979	24.053864
-0.0000070732436	-0.000005039228	0.18613929	0.28089416	24.062854
-0.0000070758853	-0.00000504111	0.18621126	0.28099038	24.07184
-0.000007078526	-0.0000050429913	0.1862832	0.28108656	24.080824
-0.0000070811658	-0.000005044872	0.18635513	0.28118271	24.089805
-0.0000070838047	-0.0000050467521	0.18642703	0.28127882	24.098782
-0.0000070864427	-0.0000050486315	0.18649891	0.28137489	24.107757
-0.0000070890798	-0.0000050505102	0.18657076	0.28147092	24.116728
-0.000007091716	-0.0000050523884	0.1866426	0.28156691	24.125696
-0.0000070943513	-0.0000050542658	0.18671441	0.28166287	24.134661
-0.0000070969857	-0.0000050561426	0.1867862	0.28175879	24.143623
-0.0000070996192	-0.0000050580188	0.18685797	0.28185467	24.152582
-0.0000071022517	-0.0000050598943	0.18692971	0.28195051	24.161538
-0.0000071048833	-0.0000050617692	0.18700143	0.28204632	24.170491
-0.0000071075141	-0.0000050636434	0.18707313	0.28214208	24.17944
-0.0000071101439	-0.000005065517	0.18714481	0.28223781	24.188387
-0.0000071127728	-0.0000050673899	0.18721646	0.2823335	24.19733
-0.0000071154007	-0.0000050692622	0.18728809	0.28242915	24.20627
-0.0000071180278	-0.0000050711338	0.1873597	0.28252476	24.215207
-0.0000071206539	-0.0000050730047	0.18743129	0.28262034	24.224141
-0.0000071232791	-0.000005074875	0.18750285	0.28271588	24.233072
-0.0000071259034	-0.0000050767447	0.18757439	0.28281137	24.242
-0.0000071285268	-0.0000050786136	0.18764591	0.28290683	24.250925
-0.0000071311492	-0.000005080482	0.1877174	0.28300226	24.259846
-0.0000071337708	-0.0000050823496	0.18778887	0.28309764	24.268764
-0.0000071363914	-0.0000050842166	0.18786032	0.28319298	24.277679
-0.000007139011	-0.000005086083	0.18793175	0.28328829	24.286591
-0.0000071416298	-0.0000050879487	0.18800315	0.28338356	24.2955
-0.0000071442476	-0.0000050898137	0.18807453	0.28347879	24.304406
-0.0000071468645	-0.000005091678	0.18814588	0.28357398	24.313308
-0.0000071494804	-0.0000050935417	0.18821722	0.28366913	24.322208
-0.0000071520954	-0.0000050954048	0.18828853	0.28376425	24.331104
-0.0000071547095	-0.0000050972671	0.18835982	0.28385932	24.339997
-0.0000071573227	-0.0000050991288	0.18843108	0.28395436	24.348887
-0.0000071599349	-0.0000051009899	0.18850232	0.28404935	24.357773
-0.0000071625462	-0.0000051028502	0.18857354	0.28414431	24.366657
-0.0000071651565	-0.0000051047099	0.18864473	0.28423923	24.375537
-0.0000071677659	-0.000005106569	0.1887159	0.28433411	24.384414
-0.0000071703744	-0.0000051084273	0.18878705	0.28442896	24.393288
-0.0000071729819	-0.000005110285	0.18885818	0.28452376	24.402159
-0.0000071755885	-0.000005112142	0.18892928	0.28461853	24.411026
-0.0000071781941	-0.0000051139984	0.18900035	0.28471325	24.419891
-0.0000071807988	-0.0000051158541	0.18907141	0.28480794	24.428752
-0.0000071834026	-0.0000051177091	0.18914244	0.28490259	24.437609
-0.0000071860054	-0.0000051195634	0.18921345	0.28499719	24.446464
-0.0000071886072	-0.0000051214171	0.18928443	0.28509176	24.455316
-0.0000071912082	-0.0000051232701	0.18935539	0.2851863	24.464164
-0.0000071938081	-0.0000051251224	0.18942633	0.28528079	24.473009
-0.0000071964071	-0.000005126974	0.18949724	0.28537524	24.48185
-0.0000071990052	-0.0000051288249	0.18956813	0.28546965	24.490689
-0.0000072016023	-0.0000051306752	0.189639	0.28556403	24.499524
-0.0000072041985	-0.0000051325248	0.18970984	0.28565836	24.508356
-0.0000072067937	-0.0000051343737	0.18978066	0.28575266	24.517185
-0.000007209388	-0.000005136222	0.18985145	0.28584691	24.526011
-0.0000072119813	-0.0000051380695	0.18992222	0.28594113	24.534833
-0.0000072145736	-0.0000051399164	0.18999297	0.28603531	24.543652
-0.000007217165	-0.0000051417626	0.19006369	0.28612945	24.552468
-0.0000072197554	-0.0000051436081	0.19013439	0.28622355	24.56128
-0.0000072223449	-0.000005145453	0.19020507	0.28631761	24.57009
-0.0000072249334	-0.0000051472971	0.19027572	0.28641163	24.578895
-0.000007227521	-0.0000051491406	0.19034635	0.28650561	24.587698
-0.0000072301075	-0.0000051509833	0.19041695	0.28659955	24.596498
-0.0000072326932	-0.0000051528254	0.19048753	0.28669345	24.605294
-0.0000072352778	-0.0000051546668	0.19055809	0.28678731	24.614087
-0.0000072378615	-0.0000051565076	0.19062862	0.28688113	24.622876
-0.0000072404442	-0.0000051583476	0.19069913	0.28697492	24.631663
-0.000007243026	-0.0000051601869	0.19076961	0.28706866	24.640446
-0.0000072456068	-0.0000051620256	0.19084007	0.28716236	24.649225
-0.0000072481866	-0.0000051638635	0.1909105	0.28725603	24.658002
-0.0000072507655	-0.0000051657008	0.19098092	0.28734965	24.666775
-0.0000072533434	-0.0000051675374	0.1910513	0.28744323	24.675545
-0.0000072559203	-0.0000051693732	0.19112166	0.28753678	24.684311
-0.0000072584962	-0.0000051712084	0.191192	0.28763028	24.693075
-0.0000072610712	-0.0000051730429	0.19126232	0.28772375	24.701834
-0.0000072636451	-0.0000051748767	0.19133261	0.28781717	24.710591
-0.0000072662181	-0.0000051767098	0.19140287	0.28791055	24.719344
-0.0000072687902	-0.0000051785422	0.19147311	0.2880039	24.728094
-0.0000072713612	-0.0000051803739	0.19154333	0.2880972	24.736841
-0.0000072739313	-0.0000051822049	0.19161352	0.28819047	24.745584
-0.0000072765004	-0.0000051840352	0.19168369	0.28828369	24.754324
-0.0000072790685	-0.0000051858649	0.19175383	0.28837688	24.763061
-0.0000072816356	-0.0000051876938	0.19182395	0.28847002	24.771794
-0.0000072842018	-0.000005189522	0.19189404	0.28856313	24.780524
-0.0000072867669	-0.0000051913495	0.19196411	0.28865619	24.78925
-0.0000072893311	-0.0000051931763	0.19203415	0.28874921	24.797974
-0.0000072918943	-0.0000051950024	0.19210417	0.2888422	24.806693
-0.0000072944565	-0.0000051968278	0.19217417	0.28893514	24.81541
-0.0000072970177	-0.0000051986525	0.19224414	0.28902804	24.824123
-0.000007299578	-0.0000052004765	0.19231408	0.28912091	24.832833
-0.0000073021372	-0.0000052022998	0.192384	0.28921373	24.841539
-0.0000073046954	-0.0000052041224	0.1924539	0.28930651	24.850242
-0.0000073072527	-0.0000052059443	0.19252377	0.28939925	24.858942
-0.000007309809	-0.0000052077654	0.19259361	0.28949195	24.867638
-0.0000073123642	-0.0000052095859	0.19266344	0.28958461	24.876331
-0.0000073149185	-0.0000052114057	0.19273323	0.28967723	24.885021
-0.0000073174718	-0.0000052132247	0.192803	0.28976981	24.893707
-0.000007320024	-0.000005215043	0.19287275	0.28986235	24.90239
-0.0000073225753	-0.0000052168606	0.19294247	0.28995485	24.911069
-0.0000073251256	-0.0000052186776	0.19301217	0.29004731	24.919745
-0.0000073276749	-0.0000052204938	0.19308184	0.29013973	24.928417
-0.0000073302232	-0.0000052223092	0.19315148	0.2902321	24.937086
-0.0000073327704	-0.000005224124	0.1932211	0.29032444	24.945752
-0.0000073353167	-0.0000052259381	0.1932907	0.29041673	24.954414
-0.000007337862	-0.0000052277514	0.19336027	0.29050899	24.963073
-0.0000073404063	-0.000005229564	0.19342981	0.2906012	24.971729
-0.0000073429495	-0.0000052313759	0.19349933	0.29069337	24.980381
-0.0000073454918	-0.0000052331871	0.19356883	0.29078551	24.98903
-0.000007348033	-0.0000052349976	0.1936383	0.2908776	24.997675
-0.0000073505732	-0.0000052368074	0.19370774	0.29096965	25.006317
-0.0000073531125	-0.0000052386164	0.19377716	0.29106166	25.014955
-0.0000073556507	-0.0000052404247	0.19384655	0.29115362	25.02359
-0.0000073581879	-0.0000052422323	0.19391592	0.29124555	25.032221
-0.0000073607241	-0.0000052440392	0.19398526	0.29133744	25.040849
-0.0000073632593	-0.0000052458453	0.19405458	0.29142928	25.049474
-0.0000073657934	-0.0000052476508	0.19412387	0.29152109	25.058095
-0.0000073683266	-0.0000052494555	0.19419313	0.29161285	25.066713
-0.0000073708587	-0.0000052512594	0.19426238	0.29170457	25.075327
-0.0000073733898	-0.0000052530627	0.19433159	0.29179625	25.083937
-0.0000073759199	-0.0000052548652	0.19440078	0.29188789	25.092545
-0.000007378449	-0.000005256667	0.19446994	0.29197949	25.101149
-0.0000073809771	-0.0000052584681	0.19453908	0.29207105	25.109749
-0.0000073835041	-0.0000052602685	0.19460819	0.29216256	25.118346
-0.0000073860301	-0.0000052620681	0.19467728	0.29225404	25.126939
-0.0000073885551	-0.000005263867	0.19474634	0.29234547	25.135529
-0.0000073910791	-0.0000052656651	0.19481537	0.29243686	25.144115
-0.000007393602	-0.0000052674626	0.19488438	0.29252821	25.152698
-0.0000073961239	-0.0000052692593	0.19495336	0.29261952	25.161278
-0.0000073986448	-0.0000052710552	0.19502232	0.29271079	25.169854
-0.0000074011647	-0.0000052728505	0.19509125	0.29280202	25.178426
-0.0000074036835	-0.000005274645	0.19516016	0.2928932	25.186995
-0.0000074062013	-0.0000052764387	0.19522904	0.29298434	25.195561
-0.0000074087181	-0.0000052782318	0.19529789	0.29307545	25.204123
-0.0000074112338	-0.0000052800241	0.19536672	0.29316651	25.212681
-0.0000074137485	-0.0000052818156	0.19543552	0.29325752	25.221236
-0.0000074162622	-0.0000052836065	0.19550429	0.2933485	25.229787
-0.0000074187748	-0.0000052853966	0.19557304	0.29343944	25.238335
-0.0000074212864	-0.0000052871859	0.19564176	0.29353033	25.24688
-0.000007423797	-0.0000052889745	0.19571046	0.29362118	25.25542
-0.0000074263065	-0.0000052907624	0.19577913	0.29371199	25.263958
-0.000007428815	-0.0000052925495	0.19584777	0.29380276	25.272491
-0.0000074313224	-0.0000052943359	0.19591639	0.29389349	25.281022
-0.0000074338289	-0.0000052961216	0.19598498	0.29398417	25.289548
-0.0000074363342	-0.0000052979065	0.19605355	0.29407481	25.298071
-0.0000074388386	-0.0000052996907	0.19612209	0.29416541	25.306591
-0.0000074413418	-0.0000053014741	0.1961906	0.29425597	25.315107
-0.0000074438441	-0.0000053032568	0.19625909	0.29434649	25.32362
-0.0000074463453	-0.0000053050387	0.19632755	0.29443696	25.332129
-0.0000074488454	-0.0000053068199	0.19639598	0.2945274	25.340634
-0.0000074513445	-0.0000053086004	0.19646439	0.29461779	25.349136
-0.0000074538426	-0.0000053103801	0.19653277	0.29470814	25.357634
-0.0000074563396	-0.000005312159	0.19660112	0.29479844	25.366129
-0.0000074588355	-0.0000053139372	0.19666945	0.29488871	25.37462
-0.0000074613304	-0.0000053157147	0.19673775	0.29497893	25.383107
-0.0000074638243	-0.0000053174914	0.19680602	0.29506911	25.391591
-0.0000074663171	-0.0000053192673	0.19687427	0.29515925	25.400072
-0.0000074688088	-0.0000053210425	0.19694249	0.29524935	25.408549
-0.0000074712995	-0.000005322817	0.19701068	0.2953394	25.417022
-0.0000074737891	-0.0000053245907	0.19707885	0.29542941	25.425491
-0.0000074762777	-0.0000053263637	0.19714699	0.29551938	25.433957
-0.0000074787652	-0.0000053281358	0.19721511	0.29560931	25.44242
-0.0000074812517	-0.0000053299073	0.19728319	0.29569919	25.450879
-0.0000074837371	-0.000005331678	0.19735125	0.29578903	25.459334
-0.0000074862214	-0.0000053334479	0.19741929	0.29587883	25.467786
-0.0000074887047	-0.0000053352171	0.19748729	0.29596859	25.476234
-0.000007491187	-0.0000053369855	0.19755527	0.29605831	25.484678
-0.0000074936681	-0.0000053387532	0.19762323	0.29614798	25.493119
-0.0000074961482	-0.0000053405201	0.19769115	0.29623761	25.501556
-0.0000074986272	-0.0000053422862	0.19775905	0.2963272	25.509989
-0.0000075011052	-0.0000053440516	0.19782692	0.29641674	25.518419
-0.0000075035821	-0.0000053458162	0.19789477	0.29650624	25.526846
-0.0000075060579	-0.0000053475801	0.19796258	0.2965957	25.535268
-0.0000075085327	-0.0000053493432	0.19803037	0.29668512	25.543687
-0.0000075110064	-0.0000053511056	0.19809814	0.29677449	25.552103
-0.000007513479	-0.0000053528671	0.19816587	0.29686383	25.560514
-0.0000075159505	-0.000005354628	0.19823358	0.29695311	25.568923
-0.000007518421	-0.000005356388	0.19830126	0.29704236	25.577327
-0.0000075208904	-0.0000053581473	0.19836892	0.29713156	25.585728
-0.0000075233588	-0.0000053599058	0.19843655	0.29722072	25.594125
-0.000007525826	-0.0000053616636	0.19850414	0.29730984	25.602518
-0.0000075282922	-0.0000053634206	0.19857172	0.29739892	25.610908
-0.0000075307573	-0.0000053651768	0.19863926	0.29748795	25.619294
-0.0000075332213	-0.0000053669323	0.19870678	0.29757694	25.627677
-0.0000075356843	-0.000005368687	0.19877427	0.29766588	25.636056
-0.0000075381461	-0.0000053704409	0.19884173	0.29775479	25.644431
-0.0000075406069	-0.000005372194	0.19890917	0.29784365	25.652802
-0.0000075430666	-0.0000053739464	0.19897658	0.29793246	25.66117
-0.0000075455252	-0.000005375698	0.19904396	0.29802124	25.669534
-0.0000075479828	-0.0000053774489	0.19911131	0.29810997	25.677895
-0.0000075504392	-0.0000053791989	0.19917863	0.29819866	25.686252
-0.0000075528946	-0.0000053809482	0.19924593	0.2982873	25.694605
-0.0000075553489	-0.0000053826967	0.1993132	0.2983759	25.702954
-0.0000075578021	-0.0000053844445	0.19938044	0.29846446	25.7113
-0.0000075602542	-0.0000053861915	0.19944766	0.29855298	25.719642
-0.0000075627052	-0.0000053879377	0.19951485	0.29864145	25.72798
-0.0000075651552	-0.0000053896831	0.19958201	0.29872988	25.736314
-0.000007567604	-0.0000053914277	0.19964914	0.29881826	25.744645
-0.0000075700518	-0.0000053931716	0.19971624	0.2989066	25.752972
-0.0000075724984	-0.0000053949147	0.19978332	0.2989949	25.761296
-0.000007574944	-0.000005396657	0.19985036	0.29908316	25.769616
-0.0000075773884	-0.0000053983985	0.19991738	0.29917137	25.777932
-0.0000075798318	-0.0000054001392	0.19998438	0.29925954	25.786244
-0.0000075822741	-0.0000054018792	0.20005134	0.29934766	25.794552
-0.0000075847153	-0.0000054036184	0.20011828	0.29943574	25.802857
-0.0000075871554	-0.0000054053568	0.20018519	0.29952378	25.811158
-0.0000075895944	-0.0000054070944	0.20025207	0.29961178	25.819456
-0.0000075920323	-0.0000054088313	0.20031892	0.29969973	25.827749
-0.000007594469	-0.0000054105673	0.20038574	0.29978764	25.836039
-0.0000075969047	-0.0000054123026	0.20045254	0.2998755	25.844325
-0.0000075993393	-0.0000054140371	0.20051931	0.29996332	25.852607
-0.0000076017728	-0.0000054157708	0.20058605	0.3000511	25.860886
-0.0000076042052	-0.0000054175037	0.20065276	0.30013883	25.869161
-0.0000076066364	-0.0000054192358	0.20071944	0.30022652	25.877432
-0.0000076090666	-0.0000054209671	0.2007861	0.30031416	25.885699
-0.0000076114957	-0.0000054226977	0.20085272	0.30040176	25.893963
-0.0000076139236	-0.0000054244274	0.20091932	0.30048932	25.902223
-0.0000076163505	-0.0000054261564	0.20098589	0.30057684	25.910479
-0.0000076187762	-0.0000054278846	0.20105244	0.30066431	25.918731
-0.0000076212008	-0.000005429612	0.20111895	0.30075173	25.926979
-0.0000076236243	-0.0000054313386	0.20118543	0.30083912	25.935224
-0.0000076260467	-0.0000054330644	0.20125189	0.30092645	25.943465
-0.000007628468	-0.0000054347894	0.20131832	0.30101375	25.951702
-0.0000076308882	-0.0000054365136	0.20138472	0.301101	25.959935
-0.0000076333073	-0.000005438237	0.20145109	0.30118821	25.968165
-0.0000076357252	-0.0000054399597	0.20151743	0.30127537	25.976391
-0.000007638142	-0.0000054416815	0.20158375	0.30136249	25.984612
-0.0000076405577	-0.0000054434025	0.20165003	0.30144956	25.992831
-0.0000076429723	-0.0000054451228	0.20171629	0.30153659	26.001045
-0.0000076453858	-0.0000054468422	0.20178252	0.30162358	26.009255
-0.0000076477982	-0.0000054485609	0.20184872	0.30171052	26.017462
-0.0000076502094	-0.0000054502787	0.20191489	0.30179742	26.025665
-0.0000076526195	-0.0000054519957	0.20198103	0.30188427	26.033864
-0.0000076550285	-0.000005453712	0.20204715	0.30197108	26.042059
-0.0000076574364	-0.0000054554274	0.20211323	0.30205785	26.050251
-0.0000076598431	-0.0000054571421	0.20217929	0.30214457	26.058438
-0.0000076622487	-0.0000054588559	0.20224532	0.30223125	26.066622
-0.0000076646532	-0.000005460569	0.20231132	0.30231788	26.074802
-0.0000076670566	-0.0000054622812	0.20237729	0.30240447	26.082978
-0.0000076694588	-0.0000054639927	0.20244323	0.30249101	26.091151
-0.0000076718599	-0.0000054657033	0.20250914	0.30257751	26.099319
-0.0000076742599	-0.0000054674131	0.20257502	0.30266397	26.107484
-0.0000076766587	-0.0000054691221	0.20264088	0.30275038	26.115644
-0.0000076790564	-0.0000054708304	0.2027067	0.30283674	26.123801
-0.000007681453	-0.0000054725378	0.2027725	0.30292307	26.131954
-0.0000076838485	-0.0000054742444	0.20283826	0.30300934	26.140104
-0.0000076862428	-0.0000054759502	0.202904	0.30309557	26.148249
-0.000007688636	-0.0000054776551	0.20296971	0.30318176	26.156391
-0.000007691028	-0.0000054793593	0.20303539	0.30326791	26.164528
-0.0000076934189	-0.0000054810627	0.20310104	0.30335401	26.172662
-0.0000076958087	-0.0000054827652	0.20316666	0.30344006	26.180792
-0.0000076981973	-0.000005484467	0.20323225	0.30352607	26.188918
-0.0000077005848	-0.0000054861679	0.20329782	0.30361203	26.19704
-0.0000077029712	-0.000005487868	0.20336335	0.30369795	26.205158
-0.0000077053564	-0.0000054895674	0.20342886	0.30378383	26.213273
-0.0000077077404	-0.0000054912658	0.20349433	0.30386966	26.221383
-0.0000077101234	-0.0000054929635	0.20355978	0.30395545	26.22949
-0.0000077125052	-0.0000054946604	0.20362519	0.30404119	26.237592
-0.0000077148858	-0.0000054963564	0.20369058	0.30412688	26.245691
-0.0000077172653	-0.0000054980517	0.20375594	0.30421253	26.253786
-0.0000077196436	-0.0000054997461	0.20382127	0.30429814	26.261877
-0.0000077220208	-0.0000055014397	0.20388656	0.3043837	26.269964
-0.0000077243969	-0.0000055031325	0.20395183	0.30446922	26.278048
-0.0000077267718	-0.0000055048245	0.20401707	0.30455469	26.286127
-0.0000077291456	-0.0000055065156	0.20408228	0.30464012	26.294202
-0.0000077315182	-0.0000055082059	0.20414746	0.3047255	26.302274
-0.0000077338896	-0.0000055098954	0.20421262	0.30481084	26.310341
-0.0000077362599	-0.0000055115841	0.20427774	0.30489613	26.318405
-0.0000077386291	-0.000005513272	0.20434283	0.30498137	26.326465
-0.0000077409971	-0.000005514959	0.20440789	0.30506658	26.334521
-0.0000077433639	-0.0000055166453	0.20447292	0.30515173	26.342573
-0.0000077457296	-0.0000055183307	0.20453793	0.30523684	26.35062
-0.0000077480941	-0.0000055200152	0.2046029	0.30532191	26.358664
-0.0000077504575	-0.000005521699	0.20466784	0.30540693	26.366705
-0.0000077528197	-0.0000055233819	0.20473275	0.3054919	26.374741
-0.0000077551808	-0.000005525064	0.20479764	0.30557684	26.382773
-0.0000077575407	-0.0000055267453	0.20486249	0.30566172	26.390801
-0.0000077598994	-0.0000055284257	0.20492732	0.30574656	26.398825
-0.000007762257	-0.0000055301053	0.20499211	0.30583135	26.406846
-0.0000077646134	-0.0000055317841	0.20505687	0.3059161	26.414862
-0.0000077669686	-0.0000055334621	0.20512161	0.30600081	26.422875
-0.0000077693227	-0.0000055351392	0.20518631	0.30608546	26.430883
-0.0000077716756	-0.0000055368155	0.20525098	0.30617008	26.438888
-0.0000077740274	-0.000005538491	0.20531563	0.30625465	26.446888
-0.000007776378	-0.0000055401657	0.20538024	0.30633917	26.454885
-0.0000077787274	-0.0000055418395	0.20544483	0.30642364	26.462878
-0.0000077810757	-0.0000055435124	0.20550938	0.30650807	26.470866
-0.0000077834227	-0.0000055451846	0.2055739	0.30659246	26.478851
-0.0000077857687	-0.0000055468559	0.2056384	0.3066768	26.486832
-0.0000077881134	-0.0000055485264	0.20570286	0.30676109	26.494808
-0.000007790457	-0.000005550196	0.20576729	0.30684534	26.502781
-0.0000077927994	-0.0000055518648	0.2058317	0.30692955	26.51075
-0.0000077951406	-0.0000055535328	0.20589607	0.3070137	26.518714
-0.0000077974807	-0.0000055551999	0.20596041	0.30709781	26.526675
-0.0000077998195	-0.0000055568662	0.20602472	0.30718188	26.534632
-0.0000078021572	-0.0000055585317	0.206089	0.3072659	26.542585
-0.0000078044938	-0.0000055601963	0.20615325	0.30734988	26.550534
-0.0000078068291	-0.0000055618601	0.20621748	0.3074338	26.558478
-0.0000078091633	-0.0000055635231	0.20628167	0.30751769	26.566419
-0.0000078114963	-0.0000055651852	0.20634583	0.30760152	26.574356
-0.0000078138281	-0.0000055668464	0.20640995	0.30768531	26.582289
-0.0000078161587	-0.0000055685069	0.20647405	0.30776906	26.590217
-0.0000078184882	-0.0000055701664	0.20653812	0.30785276	26.598142
-0.0000078208165	-0.0000055718252	0.20660216	0.30793641	26.606063
-0.0000078231435	-0.0000055734831	0.20666617	0.30802002	26.613979
-0.0000078254695	-0.0000055751401	0.20673014	0.30810358	26.621892
-0.0000078277942	-0.0000055767964	0.20679409	0.3081871	26.6298
-0.0000078301177	-0.0000055784517	0.20685801	0.30827057	26.637705
-0.0000078324401	-0.0000055801062	0.20692189	0.30835399	26.645606
-0.0000078347612	-0.0000055817599	0.20698575	0.30843737	26.653502
-0.0000078370812	-0.0000055834128	0.20704957	0.3085207	26.661394
-0.0000078394	-0.0000055850647	0.20711336	0.30860399	26.669283
-0.0000078417176	-0.0000055867159	0.20717712	0.30868723	26.677167
-0.000007844034	-0.0000055883662	0.20724085	0.30877042	26.685047
-0.0000078463492	-0.0000055900156	0.20730455	0.30885357	26.692924
-0.0000078486632	-0.0000055916642	0.20736822	0.30893667	26.700796
-0.000007850976	-0.0000055933119	0.20743186	0.30901972	26.708664
-0.0000078532877	-0.0000055949588	0.20749547	0.30910273	26.716528
-0.0000078555981	-0.0000055966049	0.20755905	0.30918569	26.724388
-0.0000078579074	-0.00000559825	0.20762259	0.30926861	26.732244
-0.0000078602154	-0.0000055998944	0.20768611	0.30935148	26.740096
-0.0000078625223	-0.0000056015379	0.20774959	0.3094343	26.747944
-0.0000078648279	-0.0000056031805	0.20781305	0.30951708	26.755788
-0.0000078671324	-0.0000056048223	0.20787647	0.30959981	26.763627
-0.0000078694356	-0.0000056064632	0.20793986	0.30968249	26.771463
-0.0000078717377	-0.0000056081033	0.20800322	0.30976513	26.779294
-0.0000078740385	-0.0000056097425	0.20806655	0.30984772	26.787122
-0.0000078763382	-0.0000056113808	0.20812984	0.30993027	26.794945
-0.0000078786366	-0.0000056130183	0.20819311	0.31001276	26.802764
-0.0000078809339	-0.000005614655	0.20825635	0.31009522	26.810579
-0.0000078832299	-0.0000056162908	0.20831955	0.31017762	26.81839
-0.0000078855248	-0.0000056179257	0.20838272	0.31025998	26.826197
-0.0000078878184	-0.0000056195597	0.20844586	0.31034229	26.834
-0.0000078901109	-0.000005621193	0.20850897	0.31042456	26.841799
-0.0000078924021	-0.0000056228253	0.20857205	0.31050678	26.849594
-0.0000078946921	-0.0000056244568	0.2086351	0.31058895	26.857384
-0.0000078969809	-0.0000056260874	0.20869812	0.31067107	26.865171
-0.0000078992685	-0.0000056277172	0.2087611	0.31075315	26.872953
-0.0000079015549	-0.0000056293461	0.20882405	0.31083519	26.880731
-0.0000079038401	-0.0000056309741	0.20888698	0.31091717	26.888505
-0.000007906124	-0.0000056326013	0.20894987	0.31099911	26.896275
-0.0000079084068	-0.0000056342276	0.20901273	0.311081	26.904041
-0.0000079106883	-0.0000056358531	0.20907555	0.31116285	26.911803
-0.0000079129686	-0.0000056374776	0.20913835	0.31124465	26.91956
-0.0000079152477	-0.0000056391014	0.20920111	0.3113264	26.927313
-0.0000079175256	-0.0000056407242	0.20926385	0.3114081	26.935063
-0.0000079198023	-0.0000056423462	0.20932655	0.31148976	26.942808
-0.0000079220778	-0.0000056439673	0.20938922	0.31157137	26.950549
-0.000007924352	-0.0000056455876	0.20945186	0.31165293	26.958286
-0.000007926625	-0.0000056472069	0.20951446	0.31173445	26.966018
-0.0000079288968	-0.0000056488254	0.20957704	0.31181592	26.973747
-0.0000079311674	-0.0000056504431	0.20963958	0.31189734	26.981471
-0.0000079334368	-0.0000056520599	0.20970209	0.31197872	26.989192
-0.0000079357049	-0.0000056536758	0.20976457	0.31206005	26.996908
-0.0000079379718	-0.0000056552908	0.20982702	0.31214133	27.00462
-0.0000079402375	-0.0000056569049	0.20988943	0.31222257	27.012328
-0.000007942502	-0.0000056585182	0.20995182	0.31230375	27.020031
-0.0000079447652	-0.0000056601306	0.21001417	0.31238489	27.027731
-0.0000079470272	-0.0000056617422	0.21007649	0.31246599	27.035426
-0.000007949288	-0.0000056633528	0.21013878	0.31254703	27.043117
-0.0000079515476	-0.0000056649626	0.21020104	0.31262803	27.050804
-0.0000079538059	-0.0000056665715	0.21026326	0.31270899	27.058487
-0.000007956063	-0.0000056681796	0.21032545	0.31278989	27.066165
-0.0000079583189	-0.0000056697868	0.21038761	0.31287075	27.07384
-0.0000079605735	-0.000005671393	0.21044974	0.31295156	27.08151
-0.0000079628269	-0.0000056729985	0.21051184	0.31303232	27.089176
-0.0000079650791	-0.000005674603	0.2105739	0.31311304	27.096838
-0.0000079673301	-0.0000056762066	0.21063593	0.3131937	27.104495
-0.0000079695798	-0.0000056778094	0.21069793	0.31327433	27.112149
-0.0000079718282	-0.0000056794113	0.2107599	0.3133549	27.119798
-0.0000079740755	-0.0000056810123	0.21082184	0.31343542	27.127443
-0.0000079763215	-0.0000056826125	0.21088374	0.3135159	27.135084
-0.0000079785663	-0.0000056842117	0.21094561	0.31359633	27.14272
-0.0000079808098	-0.0000056858101	0.21100745	0.31367672	27.150353
-0.0000079830521	-0.0000056874076	0.21106926	0.31375705	27.157981
-0.0000079852932	-0.0000056890042	0.21113103	0.31383734	27.165605
-0.000007987533	-0.0000056905999	0.21119277	0.31391758	27.173225
-0.0000079897715	-0.0000056921947	0.21125448	0.31399778	27.18084
-0.0000079920089	-0.0000056937887	0.21131616	0.31407792	27.188451
-0.000007994245	-0.0000056953818	0.21137781	0.31415802	27.196059
-0.0000079964798	-0.000005696974	0.21143942	0.31423807	27.203661
-0.0000079987134	-0.0000056985653	0.211501	0.31431808	27.21126
-0.0000080009458	-0.0000057001557	0.21156255	0.31439803	27.218854
-0.0000080031769	-0.0000057017452	0.21162406	0.31447794	27.226445
-0.0000080054068	-0.0000057033338	0.21168555	0.3145578	27.23403
-0.0000080076354	-0.0000057049216	0.211747	0.31463761	27.241612
-0.0000080098628	-0.0000057065085	0.21180841	0.31471738	27.24919
-0.0000080120889	-0.0000057080944	0.2118698	0.3147971	27.256763
-0.0000080143138	-0.0000057096795	0.21193115	0.31487676	27.264332
-0.0000080165374	-0.0000057112637	0.21199247	0.31495639	27.271896
-0.0000080187598	-0.000005712847	0.21205376	0.31503596	27.279457
-0.0000080209809	-0.0000057144294	0.21211501	0.31511549	27.287013
-0.0000080232008	-0.0000057160109	0.21217624	0.31519496	27.294565
-0.0000080254194	-0.0000057175916	0.21223743	0.31527439	27.302113
-0.0000080276368	-0.0000057191713	0.21229858	0.31535378	27.309656
-0.0000080298529	-0.0000057207501	0.21235971	0.31543311	27.317195
-0.0000080320678	-0.0000057223281	0.2124208	0.3155124	27.32473
-0.0000080342814	-0.0000057239051	0.21248186	0.31559163	27.332261
-0.0000080364938	-0.0000057254813	0.21254288	0.31567082	27.339787
-0.0000080387049	-0.0000057270566	0.21260387	0.31574997	27.347309
-0.0000080409147	-0.0000057286309	0.21266483	0.31582906	27.354827
-0.0000080431233	-0.0000057302044	0.21272576	0.31590811	27.36234
-0.0000080453306	-0.000005731777	0.21278665	0.31598711	27.36985
-0.0000080475367	-0.0000057333487	0.21284752	0.31606606	27.377354
-0.0000080497415	-0.0000057349194	0.21290834	0.31614496	27.384855
-0.000008051945	-0.0000057364893	0.21296914	0.31622381	27.392351
-0.0000080541473	-0.0000057380583	0.2130299	0.31630262	27.399843
-0.0000080563483	-0.0000057396264	0.21309063	0.31638138	27.407331
-0.000008058548	-0.0000057411935	0.21315133	0.31646008	27.414815
-0.0000080607465	-0.0000057427598	0.21321199	0.31653875	27.422294
-0.0000080629438	-0.0000057443252	0.21327262	0.31661736	27.429769
-0.0000080651397	-0.0000057458897	0.21333321	0.31669592	27.437239
-0.0000080673344	-0.0000057474533	0.21339378	0.31677444	27.444705
-0.0000080695278	-0.0000057490159	0.21345431	0.31685291	27.452167
-0.00000807172	-0.0000057505777	0.21351481	0.31693133	27.459625
-0.0000080739109	-0.0000057521386	0.21357527	0.3170097	27.467078
-0.0000080761005	-0.0000057536985	0.2136357	0.31708802	27.474527
-0.0000080782888	-0.0000057552576	0.2136961	0.3171663	27.481972
-0.0000080804759	-0.0000057568157	0.21375646	0.31724452	27.489412
-0.0000080826617	-0.000005758373	0.21381679	0.3173227	27.496848
-0.0000080848463	-0.0000057599293	0.21387709	0.31740083	27.50428
-0.0000080870295	-0.0000057614847	0.21393735	0.31747891	27.511707
-0.0000080892115	-0.0000057630393	0.21399759	0.31755695	27.51913
-0.0000080913922	-0.0000057645929	0.21405778	0.31763493	27.526549
-0.0000080935717	-0.0000057661456	0.21411795	0.31771287	27.533963
-0.0000080957498	-0.0000057676974	0.21417808	0.31779075	27.541373
-0.0000080979267	-0.0000057692483	0.21423817	0.31786859	27.548779
-0.0000081001023	-0.0000057707983	0.21429824	0.31794638	27.55618
-0.0000081022766	-0.0000057723473	0.21435827	0.31802412	27.563577
-0.0000081044497	-0.0000057738955	0.21441826	0.31810182	27.57097
-0.0000081066215	-0.0000057754427	0.21447823	0.31817946	27.578358
-0.000008108792	-0.0000057769891	0.21453816	0.31825706	27.585742
-0.0000081109612	-0.0000057785345	0.21459805	0.3183346	27.593122
-0.0000081131291	-0.000005780079	0.21465792	0.3184121	27.600497
-0.0000081152958	-0.0000057816226	0.21471774	0.31848955	27.607868
-0.0000081174611	-0.0000057831653	0.21477754	0.31856695	27.615234
-0.0000081196252	-0.0000057847071	0.2148373	0.3186443	27.622596
-0.000008121788	-0.0000057862479	0.21489703	0.31872161	27.629954
-0.0000081239495	-0.0000057877879	0.21495672	0.31879886	27.637308
-0.0000081261098	-0.0000057893269	0.21501638	0.31887607	27.644657
-0.0000081282687	-0.000005790865	0.21507601	0.31895323	27.652001
-0.0000081304264	-0.0000057924022	0.2151356	0.31903033	27.659341
-0.0000081325827	-0.0000057939385	0.21519516	0.31910739	27.666677
-0.0000081347378	-0.0000057954738	0.21525468	0.3191844	27.674009
-0.0000081368916	-0.0000057970082	0.21531418	0.31926137	27.681336
-0.0000081390441	-0.0000057985418	0.21537363	0.31933828	27.688659
-0.0000081411953	-0.0000058000744	0.21543306	0.31941514	27.695977
-0.0000081433452	-0.000005801606	0.21549245	0.31949196	27.703291
-0.0000081454938	-0.0000058031368	0.2155518	0.31956872	27.7106
-0.0000081476412	-0.0000058046666	0.21561112	0.31964544	27.717905
-0.0000081497872	-0.0000058061956	0.21567041	0.31972211	27.725206
-0.000008151932	-0.0000058077235	0.21572966	0.31979873	27.732503
-0.0000081540754	-0.0000058092506	0.21578888	0.3198753	27.739794
-0.0000081562176	-0.0000058107768	0.21584807	0.31995182	27.747082
-0.0000081583585	-0.000005812302	0.21590722	0.32002829	27.754365
-0.000008160498	-0.0000058138263	0.21596634	0.32010471	27.761644
-0.0000081626363	-0.0000058153497	0.21602542	0.32018109	27.768918
-0.0000081647733	-0.0000058168721	0.21608447	0.32025741	27.776188
-0.0000081669089	-0.0000058183937	0.21614348	0.32033368	27.783453
-0.0000081690433	-0.0000058199143	0.21620246	0.32040991	27.790715
-0.0000081711764	-0.0000058214339	0.21626141	0.32048609	27.797971
-0.0000081733081	-0.0000058229527	0.21632032	0.32056222	27.805223
-0.0000081754386	-0.0000058244705	0.2163792	0.32063829	27.812471
-0.0000081775678	-0.0000058259874	0.21643804	0.32071432	27.819714
-0.0000081796957	-0.0000058275034	0.21649685	0.3207903	27.826953
-0.0000081818222	-0.0000058290184	0.21655563	0.32086623	27.834188
-0.0000081839475	-0.0000058305325	0.21661437	0.32094212	27.841418
-0.0000081860714	-0.0000058320457	0.21667308	0.32101795	27.848643
-0.0000081881941	-0.000005833558	0.21673175	0.32109373	27.855865
-0.0000081903154	-0.0000058350693	0.21679039	0.32116946	27.863081
-0.0000081924355	-0.0000058365797	0.21684899	0.32124515	27.870294
-0.0000081945542	-0.0000058380891	0.21690756	0.32132078	27.877501
-0.0000081966716	-0.0000058395976	0.21696609	0.32139637	27.884705
-0.0000081987877	-0.0000058411052	0.21702459	0.3214719	27.891904
-0.0000082009025	-0.0000058426119	0.21708306	0.32154739	27.899098
-0.000008203016	-0.0000058441176	0.21714149	0.32162283	27.906288
-0.0000082051282	-0.0000058456224	0.21719988	0.32169822	27.913474
-0.0000082072391	-0.0000058471263	0.21725825	0.32177355	27.920655
-0.0000082093486	-0.0000058486292	0.21731657	0.32184884	27.927831
-0.0000082114569	-0.0000058501312	0.21737487	0.32192408	27.935004
-0.0000082135638	-0.0000058516322	0.21743312	0.32199927	27.942171
-0.0000082156694	-0.0000058531324	0.21749135	0.32207441	27.949334
-0.0000082177737	-0.0000058546315	0.21754953	0.3221495	27.956493
-0.0000082198767	-0.0000058561298	0.21760769	0.32222454	27.963648
-0.0000082219784	-0.0000058576271	0.21766581	0.32229953	27.970797
-0.0000082240788	-0.0000058591235	0.21772389	0.32237447	27.977943
-0.0000082261778	-0.0000058606189	0.21778194	0.32244937	27.985083
-0.0000082282755	-0.0000058621134	0.21783996	0.32252421	27.99222
-0.0000082303719	-0.0000058636069	0.21789794	0.322599	27.999352
-0.000008232467	-0.0000058650995	0.21795588	0.32267374	28.006479
-0.0000082345608	-0.0000058665912	0.21801379	0.32274844	28.013602
-0.0000082366532	-0.0000058680819	0.21807167	0.32282308	28.02072
-0.0000082387443	-0.0000058695717	0.21812951	0.32289767	28.027834
-0.0000082408341	-0.0000058710606	0.21818732	0.32297222	28.034944
-0.0000082429226	-0.0000058725485	0.21824509	0.32304671	28.042049
-0.0000082450098	-0.0000058740355	0.21830282	0.32312116	28.049149
-0.0000082470956	-0.0000058755215	0.21836052	0.32319555	28.056245
-0.0000082491801	-0.0000058770065	0.21841819	0.32326989	28.063336
-0.0000082512633	-0.0000058784907	0.21847582	0.32334419	28.070423
-0.0000082533452	-0.0000058799739	0.21853342	0.32341843	28.077506
-0.0000082554257	-0.0000058814561	0.21859098	0.32349263	28.084583
-0.0000082575049	-0.0000058829374	0.2186485	0.32356677	28.091657
-0.0000082595828	-0.0000058844178	0.21870599	0.32364087	28.098726
-0.0000082616593	-0.0000058858972	0.21876345	0.32371491	28.10579
-0.0000082637345	-0.0000058873756	0.21882087	0.32378891	28.11285
-0.0000082658084	-0.0000058888531	0.21887826	0.32386285	28.119905
-0.000008267881	-0.0000058903297	0.21893561	0.32393675	28.126956
-0.0000082699522	-0.0000058918053	0.21899292	0.3240106	28.134002
-0.0000082720221	-0.00000589328	0.2190502	0.32408439	28.141044
-0.0000082740907	-0.0000058947537	0.21910745	0.32415814	28.148081
-0.0000082761579	-0.0000058962265	0.21916466	0.32423183	28.155114
-0.0000082782238	-0.0000058976983	0.21922183	0.32430548	28.162142
-0.0000082802884	-0.0000058991692	0.21927897	0.32437907	28.169165
-0.0000082823516	-0.0000059006391	0.21933607	0.32445262	28.176184
-0.0000082844135	-0.0000059021081	0.21939314	0.32452611	28.183199
-0.0000082864741	-0.0000059035761	0.21945017	0.32459955	28.190209
-0.0000082885333	-0.0000059050431	0.21950717	0.32467295	28.197214
-0.0000082905912	-0.0000059065092	0.21956413	0.32474629	28.204215
-0.0000082926477	-0.0000059079744	0.21962106	0.32481959	28.211211
-0.0000082947029	-0.0000059094386	0.21967795	0.32489283	28.218203
-0.0000082967568	-0.0000059109019	0.21973481	0.32496602	28.22519
-0.0000082988093	-0.0000059123642	0.21979163	0.32503917	28.232173
-0.0000083008605	-0.0000059138255	0.21984841	0.32511226	28.239151
-0.0000083029104	-0.0000059152859	0.21990516	0.3251853	28.246124
-0.0000083049589	-0.0000059167453	0.21996188	0.3252583	28.253093
-0.0000083070061	-0.0000059182038	0.22001855	0.32533124	28.260058
-0.0000083090519	-0.0000059196613	0.2200752	0.32540413	28.267017
-0.0000083110964	-0.0000059211179	0.2201318	0.32547697	28.273973
-0.0000083131395	-0.0000059225735	0.22018838	0.32554976	28.280923
-0.0000083151813	-0.0000059240281	0.22024491	0.3256225	28.287869
-0.0000083172218	-0.0000059254818	0.22030141	0.32569519	28.294811
-0.0000083192609	-0.0000059269346	0.22035788	0.32576783	28.301748
-0.0000083212986	-0.0000059283863	0.22041431	0.32584042	28.30868
-0.0000083233351	-0.0000059298371	0.2204707	0.32591296	28.315608
-0.0000083253701	-0.000005931287	0.22052706	0.32598545	28.322531
-0.0000083274038	-0.0000059327359	0.22058338	0.32605789	28.32945
-0.0000083294362	-0.0000059341838	0.22063967	0.32613028	28.336364
-0.0000083314672	-0.0000059356308	0.22069592	0.32620262	28.343273
-0.0000083334969	-0.0000059370768	0.22075213	0.3262749	28.350178
-0.0000083355252	-0.0000059385218	0.22080831	0.32634714	28.357078
-0.0000083375522	-0.0000059399659	0.22086445	0.32641932	28.363974
-0.0000083395778	-0.0000059414091	0.22092056	0.32649146	28.370865
-0.0000083416021	-0.0000059428512	0.22097663	0.32656354	28.377752
-0.000008343625	-0.0000059442924	0.22103267	0.32663558	28.384633
-0.0000083456466	-0.0000059457326	0.22108867	0.32670756	28.391511
-0.0000083476668	-0.0000059471719	0.22114463	0.32677949	28.398383
-0.0000083496856	-0.0000059486102	0.22120056	0.32685138	28.405251
-0.0000083517031	-0.0000059500475	0.22125645	0.32692321	28.412115
-0.0000083537192	-0.0000059514839	0.2213123	0.32699499	28.418974
-0.000008355734	-0.0000059529193	0.22136812	0.32706672	28.425828
-0.0000083577475	-0.0000059543537	0.22142391	0.3271384	28.432677
-0.0000083597595	-0.0000059557872	0.22147965	0.32721003	28.439522
-0.0000083617702	-0.0000059572197	0.22153537	0.3272816	28.446363
-0.0000083637796	-0.0000059586513	0.22159104	0.32735313	28.453199
-0.0000083657876	-0.0000059600818	0.22164668	0.32742461	28.46003
-0.0000083677942	-0.0000059615114	0.22170228	0.32749603	28.466856
-0.0000083697995	-0.00000596294	0.22175785	0.32756741	28.473678
-0.0000083718034	-0.0000059643677	0.22181338	0.32763873	28.480495
-0.000008373806	-0.0000059657944	0.22186888	0.32771	28.487308
-0.0000083758072	-0.0000059672201	0.22192433	0.32778123	28.494116
-0.000008377807	-0.0000059686449	0.22197976	0.3278524	28.500919
-0.0000083798054	-0.0000059700686	0.22203514	0.32792352	28.507718
-0.0000083818025	-0.0000059714914	0.22209049	0.32799459	28.514512
-0.0000083837983	-0.0000059729133	0.22214581	0.32806561	28.521301
-0.0000083857927	-0.0000059743341	0.22220108	0.32813658	28.528086
-0.0000083877857	-0.000005975754	0.22225632	0.32820749	28.534866
-0.0000083897773	-0.0000059771729	0.22231153	0.32827836	28.541642
-0.0000083917676	-0.0000059785909	0.2223667	0.32834917	28.548412
-0.0000083937565	-0.0000059800078	0.22242183	0.32841994	28.555179
-0.000008395744	-0.0000059814238	0.22247692	0.32849065	28.56194
-0.0000083977302	-0.0000059828389	0.22253198	0.32856131	28.568697
-0.000008399715	-0.0000059842529	0.222587	0.32863192	28.575449
-0.0000084016984	-0.000005985666	0.22264199	0.32870248	28.582197
-0.0000084036805	-0.0000059870781	0.22269694	0.32877299	28.58894
-0.0000084056612	-0.0000059884892	0.22275185	0.32884345	28.595678
-0.0000084076405	-0.0000059898993	0.22280673	0.32891386	28.602411
-0.0000084096184	-0.0000059913085	0.22286157	0.32898421	28.60914
-0.000008411595	-0.0000059927166	0.22291637	0.32905452	28.615864
-0.0000084135702	-0.0000059941239	0.22297114	0.32912477	28.622584
-0.0000084155441	-0.0000059955301	0.22302587	0.32919498	28.629299
-0.0000084175165	-0.0000059969353	0.22308057	0.32926513	28.636009
-0.0000084194876	-0.0000059983396	0.22313522	0.32933523	28.642715
-0.0000084214573	-0.0000059997429	0.22318984	0.32940528	28.649415
-0.0000084234256	-0.0000060011452	0.22324443	0.32947527	28.656112
-0.0000084253926	-0.0000060025465	0.22329898	0.32954522	28.662803
-0.0000084273582	-0.0000060039469	0.22335349	0.32961512	28.66949
-0.0000084293224	-0.0000060053462	0.22340796	0.32968496	28.676172
-0.0000084312852	-0.0000060067446	0.2234624	0.32975475	28.682849
-0.0000084332466	-0.000006008142	0.2235168	0.32982449	28.689522
-0.0000084352067	-0.0000060095384	0.22357116	0.32989418	28.69619
-0.0000084371654	-0.0000060109339	0.22362549	0.32996382	28.702854
-0.0000084391227	-0.0000060123283	0.22367978	0.33003341	28.709512
-0.0000084410786	-0.0000060137218	0.22373403	0.33010295	28.716166
-0.0000084430332	-0.0000060151143	0.22378825	0.33017243	28.722816
-0.0000084449863	-0.0000060165058	0.22384243	0.33024187	28.72946
-0.0000084469381	-0.0000060178963	0.22389657	0.33031125	28.7361
-0.0000084488885	-0.0000060192858	0.22395068	0.33038058	28.742735
-0.0000084508375	-0.0000060206744	0.22400475	0.33044986	28.749366
-0.0000084527851	-0.0000060220619	0.22405878	0.33051909	28.755991
-0.0000084547314	-0.0000060234485	0.22411278	0.33058827	28.762612
-0.0000084566763	-0.0000060248341	0.22416673	0.33065739	28.769229
-0.0000084586197	-0.0000060262187	0.22422066	0.33072646	28.77584
-0.0000084605618	-0.0000060276023	0.22427454	0.33079549	28.782447
-0.0000084625025	-0.000006028985	0.22432839	0.33086446	28.789049
-0.0000084644419	-0.0000060303666	0.2243822	0.33093338	28.795647
-0.0000084663798	-0.0000060317472	0.22443597	0.33100225	28.80224
-0.0000084683163	-0.0000060331269	0.22448971	0.33107106	28.808828
-0.0000084702515	-0.0000060345056	0.22454341	0.33113983	28.815411
-0.0000084721852	-0.0000060358833	0.22459707	0.33120854	28.82199
-0.0000084741176	-0.00000603726	0.2246507	0.3312772	28.828563
-0.0000084760486	-0.0000060386357	0.22470428	0.33134581	28.835133
-0.0000084779782	-0.0000060400104	0.22475783	0.33141437	28.841697
-0.0000084799064	-0.0000060413841	0.22481135	0.33148288	28.848257
-0.0000084818332	-0.0000060427568	0.22486483	0.33155134	28.854812
-0.0000084837586	-0.0000060441286	0.22491826	0.33161974	28.861362
-0.0000084856827	-0.0000060454993	0.22497167	0.33168809	28.867907
-0.0000084876053	-0.0000060468691	0.22502503	0.33175639	28.874448
-0.0000084895265	-0.0000060482378	0.22507836	0.33182464	28.880984
-0.0000084914464	-0.0000060496056	0.22513165	0.33189284	28.887515
-0.0000084933648	-0.0000060509724	0.2251849	0.33196099	28.894042
-0.0000084952819	-0.0000060523381	0.22523812	0.33202908	28.900563
-0.0000084971976	-0.0000060537029	0.2252913	0.33209712	28.90708
-0.0000084991118	-0.0000060550667	0.22534444	0.33216511	28.913593
-0.0000085010247	-0.0000060564295	0.22539754	0.33223305	28.9201
-0.0000085029362	-0.0000060577913	0.22545061	0.33230094	28.926603
-0.0000085048462	-0.0000060591521	0.22550364	0.33236877	28.933101
-0.0000085067549	-0.0000060605119	0.22555663	0.33243656	28.939594
-0.0000085086622	-0.0000060618707	0.22560959	0.33250429	28.946083
-0.0000085105681	-0.0000060632285	0.2256625	0.33257197	28.952566
-0.0000085124726	-0.0000060645854	0.22571538	0.3326396	28.959045
-0.0000085143756	-0.0000060659412	0.22576822	0.33270717	28.965519
-0.0000085162773	-0.000006067296	0.22582103	0.3327747	28.971989
-0.0000085181776	-0.0000060686498	0.2258738	0.33284217	28.978453
-0.0000085200765	-0.0000060700027	0.22592653	0.33290959	28.984913
-0.0000085219739	-0.0000060713545	0.22597922	0.33297696	28.991368
-0.00000852387	-0.0000060727053	0.22603187	0.33304428	28.997819
-0.0000085257647	-0.0000060740551	0.22608449	0.33311154	29.004264
-0.0000085276579	-0.000006075404	0.22613707	0.33317876	29.010705
-0.0000085295498	-0.0000060767518	0.22618961	0.33324592	29.017141
-0.0000085314402	-0.0000060780986	0.22624212	0.33331303	29.023572
-0.0000085333293	-0.0000060794444	0.22629458	0.33338009	29.029999
-0.0000085352169	-0.0000060807893	0.22634701	0.33344709	29.036421
-0.0000085371032	-0.0000060821331	0.2263994	0.33351405	29.042837
-0.000008538988	-0.0000060834759	0.22645176	0.33358095	29.04925
-0.0000085408714	-0.0000060848177	0.22650407	0.3336478	29.055657
-0.0000085427534	-0.0000060861585	0.22655635	0.3337146	29.062059
-0.000008544634	-0.0000060874983	0.22660859	0.33378134	29.068457
-0.0000085465132	-0.0000060888371	0.22666079	0.33384804	29.07485
-0.000008548391	-0.000006090175	0.22671296	0.33391468	29.081238
-0.0000085502674	-0.0000060915118	0.22676509	0.33398127	29.087622
-0.0000085521424	-0.0000060928475	0.22681718	0.3340478	29.094
-0.0000085540159	-0.0000060941823	0.22686923	0.33411429	29.100374
-0.0000085558881	-0.0000060955161	0.22692124	0.33418072	29.106743
-0.0000085577588	-0.0000060968489	0.22697322	0.3342471	29.113107
-0.0000085596282	-0.0000060981807	0.22702516	0.33431343	29.119466
-0.0000085614961	-0.0000060995114	0.22707706	0.33437971	29.125821
-0.0000085633626	-0.0000061008412	0.22712892	0.33444594	29.132171
-0.0000085652277	-0.00000610217	0.22718074	0.33451211	29.138516
-0.0000085670913	-0.0000061034977	0.22723253	0.33457823	29.144856
-0.0000085689536	-0.0000061048244	0.22728428	0.3346443	29.151191
-0.0000085708144	-0.0000061061502	0.22733599	0.33471031	29.157522
-0.0000085726739	-0.0000061074749	0.22738766	0.33477628	29.163847
-0.0000085745319	-0.0000061087986	0.2274393	0.33484219	29.170168
-0.0000085763885	-0.0000061101213	0.22749089	0.33490805	29.176484
-0.0000085782437	-0.000006111443	0.22754245	0.33497386	29.182796
-0.0000085800974	-0.0000061127637	0.22759397	0.33503961	29.189102
-0.0000085819498	-0.0000061140834	0.22764546	0.33510532	29.195404
-0.0000085838007	-0.000006115402	0.2276969	0.33517097	29.2017
-0.0000085856502	-0.0000061167197	0.22774831	0.33523656	29.207992
-0.0000085874983	-0.0000061180363	0.22779968	0.33530211	29.214279
-0.000008589345	-0.000006119352	0.22785101	0.3353676	29.220562
-0.0000085911902	-0.0000061206666	0.2279023	0.33543305	29.226839
-0.0000085930341	-0.0000061219802	0.22795355	0.33549844	29.233112
-0.0000085948765	-0.0000061232928	0.22800477	0.33556377	29.23938
-0.0000085967175	-0.0000061246044	0.22805595	0.33562906	29.245643
-0.000008598557	-0.000006125915	0.22810709	0.33569429	29.251901
-0.0000086003952	-0.0000061272245	0.22815819	0.33575947	29.258154
-0.0000086022319	-0.0000061285331	0.22820925	0.3358246	29.264402
-0.0000086040672	-0.0000061298406	0.22826028	0.33588967	29.270646
-0.0000086059011	-0.0000061311471	0.22831126	0.33595469	29.276885
-0.0000086077335	-0.0000061324526	0.22836221	0.33601966	29.283119
-0.0000086095646	-0.0000061337571	0.22841312	0.33608458	29.289348
-0.0000086113942	-0.0000061350606	0.22846399	0.33614945	29.295572
-0.0000086132224	-0.0000061363631	0.22851483	0.33621426	29.301792
-0.0000086150491	-0.0000061376645	0.22856562	0.33627902	29.308006
-0.0000086168744	-0.0000061389649	0.22861638	0.33634373	29.314216
-0.0000086186984	-0.0000061402644	0.2286671	0.33640839	29.320421
-0.0000086205208	-0.0000061415628	0.22871778	0.33647299	29.326621
-0.0000086223419	-0.0000061428601	0.22876842	0.33653754	29.332816
-0.0000086241615	-0.0000061441565	0.22881903	0.33660204	29.339006
-0.0000086259797	-0.0000061454518	0.22886959	0.33666648	29.345191
-0.0000086277965	-0.0000061467462	0.22892012	0.33673088	29.351372
-0.0000086296118	-0.0000061480395	0.22897061	0.33679522	29.357548
-0.0000086314257	-0.0000061493318	0.22902106	0.33685951	29.363718
-0.0000086332382	-0.000006150623	0.22907147	0.33692374	29.369884
-0.0000086350492	-0.0000061519133	0.22912184	0.33698793	29.376046
-0.0000086368588	-0.0000061532025	0.22917218	0.33705206	29.382202
-0.000008638667	-0.0000061544907	0.22922247	0.33711613	29.388353
-0.0000086404738	-0.0000061557779	0.22927273	0.33718016	29.3945
-0.0000086422791	-0.0000061570641	0.22932295	0.33724413	29.400641
-0.000008644083	-0.0000061583493	0.22937313	0.33730805	29.406778
-0.0000086458855	-0.0000061596334	0.22942327	0.33737192	29.41291
-0.0000086476865	-0.0000061609165	0.22947337	0.33743574	29.419037
-0.0000086494861	-0.0000061621986	0.22952344	0.3374995	29.425159
-0.0000086512842	-0.0000061634797	0.22957346	0.33756321	29.431276
-0.0000086530809	-0.0000061647597	0.22962345	0.33762686	29.437389
-0.0000086548762	-0.0000061660388	0.2296734	0.33769047	29.443496
-0.0000086566701	-0.0000061673168	0.22972331	0.33775402	29.449599
-0.0000086584625	-0.0000061685937	0.22977318	0.33781752	29.455696
-0.0000086602535	-0.0000061698697	0.22982301	0.33788097	29.461789
-0.000008662043	-0.0000061711446	0.22987281	0.33794436	29.467877
-0.0000086638311	-0.0000061724185	0.22992256	0.3380077	29.47396
-0.0000086656178	-0.0000061736914	0.22997228	0.33807099	29.480038
-0.000008667403	-0.0000061749633	0.23002196	0.33813422	29.486112
-0.0000086691868	-0.0000061762341	0.2300716	0.33819741	29.49218
-0.0000086709692	-0.0000061775039	0.2301212	0.33826054	29.498244
-0.0000086727501	-0.0000061787727	0.23017076	0.33832361	29.504302
-0.0000086745296	-0.0000061800405	0.23022028	0.33838664	29.510356
-0.0000086763076	-0.0000061813072	0.23026977	0.33844961	29.516405
-0.0000086780842	-0.0000061825729	0.23031921	0.33851253	29.522449
-0.0000086798594	-0.0000061838376	0.23036862	0.33857539	29.528488
-0.0000086816331	-0.0000061851013	0.23041799	0.33863821	29.534522
-0.0000086834053	-0.0000061863639	0.23046732	0.33870097	29.540551
-0.0000086851762	-0.0000061876255	0.23051661	0.33876368	29.546575
-0.0000086869456	-0.0000061888861	0.23056586	0.33882633	29.552594
-0.0000086887135	-0.0000061901456	0.23061507	0.33888893	29.558609
-0.00000869048	-0.0000061914041	0.23066424	0.33895148	29.564619
-0.0000086922451	-0.0000061926616	0.23071338	0.33901398	29.570623
-0.0000086940087	-0.0000061939181	0.23076247	0.33907642	29.576623
-0.0000086957709	-0.0000061951735	0.23081153	0.33913881	29.582618
-0.0000086975316	-0.0000061964279	0.23086054	0.33920115	29.588608
-0.0000086992909	-0.0000061976813	0.23090952	0.33926343	29.594593
-0.0000087010487	-0.0000061989337	0.23095846	0.33932567	29.600573
-0.0000087028051	-0.000006200185	0.23100736	0.33938784	29.606548
-0.0000087045601	-0.0000062014353	0.23105622	0.33944997	29.612518
-0.0000087063136	-0.0000062026845	0.23110505	0.33951204	29.618484
-0.0000087080656	-0.0000062039328	0.23115383	0.33957406	29.624444
-0.0000087098162	-0.00000620518	0.23120257	0.33963603	29.630399
-0.0000087115654	-0.0000062064261	0.23125128	0.33969794	29.63635
-0.0000087133131	-0.0000062076713	0.23129994	0.33975981	29.642296
-0.0000087150594	-0.0000062089154	0.23134857	0.33982161	29.648236
-0.0000087168042	-0.0000062101584	0.23139716	0.33988337	29.654172
-0.0000087185476	-0.0000062114005	0.23144571	0.33994507	29.660103
-0.0000087202895	-0.0000062126415	0.23149422	0.34000672	29.666029
-0.00000872203	-0.0000062138814	0.23154269	0.34006832	29.67195
-0.000008723769	-0.0000062151204	0.23159112	0.34012986	29.677866
-0.0000087255065	-0.0000062163583	0.23163951	0.34019135	29.683777
-0.0000087272427	-0.0000062175952	0.23168786	0.34025279	29.689683
-0.0000087289773	-0.000006218831	0.23173618	0.34031417	29.695585
-0.0000087307106	-0.0000062200658	0.23178445	0.3403755	29.701481
-0.0000087324423	-0.0000062212996	0.23183269	0.34043678	29.707372
-0.0000087341726	-0.0000062225323	0.23188088	0.34049801	29.713259
-0.0000087359015	-0.000006223764	0.23192904	0.34055918	29.71914
-0.0000087376289	-0.0000062249947	0.23197716	0.3406203	29.725017
-0.0000087393548	-0.0000062262243	0.23202524	0.34068136	29.730888
-0.0000087410793	-0.0000062274529	0.23207327	0.34074237	29.736755
-0.0000087428024	-0.0000062286805	0.23212127	0.34080333	29.742617
-0.000008744524	-0.000006229907	0.23216923	0.34086424	29.748474
-0.0000087462441	-0.0000062311325	0.23221716	0.34092509	29.754325
-0.0000087479628	-0.0000062323569	0.23226504	0.34098589	29.760172
-0.00000874968	-0.0000062335803	0.23231288	0.34104664	29.766014
-0.0000087513958	-0.0000062348027	0.23236068	0.34110733	29.771851
-0.0000087531101	-0.000006236024	0.23240845	0.34116798	29.777683
-0.000008754823	-0.0000062372443	0.23245617	0.34122856	29.78351
-0.0000087565344	-0.0000062384636	0.23250385	0.3412891	29.789332
-0.0000087582443	-0.0000062396818	0.2325515	0.34134958	29.79515
-0.0000087599528	-0.000006240899	0.23259911	0.34141001	29.800962
-0.0000087616598	-0.0000062421152	0.23264667	0.34147038	29.806769
-0.0000087633654	-0.0000062433303	0.2326942	0.3415307	29.812571
-0.0000087650695	-0.0000062445443	0.23274169	0.34159097	29.818369
-0.0000087667722	-0.0000062457574	0.23278913	0.34165119	29.824161
-0.0000087684734	-0.0000062469694	0.23283654	0.34171135	29.829948
-0.0000087701731	-0.0000062481803	0.23288391	0.34177146	29.835731
-0.0000087718714	-0.0000062493902	0.23293124	0.34183151	29.841508
-0.0000087735682	-0.0000062505991	0.23297853	0.34189152	29.847281
-0.0000087752636	-0.0000062518069	0.23302578	0.34195146	29.853048
-0.0000087769575	-0.0000062530137	0.23307299	0.34201136	29.858811
-0.0000087786499	-0.0000062542195	0.23312016	0.3420712	29.864568
-0.0000087803409	-0.0000062554242	0.23316729	0.34213099	29.870321
-0.0000087820304	-0.0000062566279	0.23321439	0.34219073	29.876069
-0.0000087837184	-0.0000062578305	0.23326144	0.34225041	29.881811
-0.000008785405	-0.0000062590321	0.23330845	0.34231004	29.887549
-0.0000087870902	-0.0000062602326	0.23335543	0.34236962	29.893282
-0.0000087887738	-0.0000062614321	0.23340236	0.34242914	29.89901
-0.000008790456	-0.0000062626306	0.23344925	0.34248861	29.904732
-0.0000087921368	-0.000006263828	0.23349611	0.34254802	29.91045
-0.000008793816	-0.0000062650244	0.23354292	0.34260739	29.916163
-0.0000087954938	-0.0000062662197	0.2335897	0.3426667	29.921871
-0.0000087971702	-0.000006267414	0.23363643	0.34272595	29.927574
-0.0000087988451	-0.0000062686072	0.23368313	0.34278516	29.933271
-0.0000088005185	-0.0000062697994	0.23372978	0.34284431	29.938964
-0.0000088021904	-0.0000062709906	0.2337764	0.3429034	29.944652
-0.0000088038609	-0.0000062721807	0.23382298	0.34296245	29.950335
-0.0000088055299	-0.0000062733697	0.23386951	0.34302143	29.956013
-0.0000088071975	-0.0000062745578	0.23391601	0.34308037	29.961686
-0.0000088088635	-0.0000062757447	0.23396247	0.34313925	29.967354
-0.0000088105282	-0.0000062769307	0.23400888	0.34319808	29.973017
-0.0000088121913	-0.0000062781156	0.23405526	0.34325686	29.978675
-0.000008813853	-0.0000062792994	0.2341016	0.34331558	29.984328
-0.0000088155132	-0.0000062804822	0.2341479	0.34337425	29.989976
-0.0000088171719	-0.0000062816639	0.23419415	0.34343287	29.995619
-0.0000088188292	-0.0000062828446	0.23424037	0.34349143	30.001257
-0.000008820485	-0.0000062840243	0.23428655	0.34354994	30.00689
-0.0000088221394	-0.0000062852029	0.23433269	0.34360839	30.012518
-0.0000088237922	-0.0000062863805	0.23437879	0.34366679	30.018141
-0.0000088254436	-0.000006287557	0.23442485	0.34372514	30.023759
-0.0000088270936	-0.0000062887325	0.23447087	0.34378344	30.029372
-0.000008828742	-0.0000062899069	0.23451685	0.34384168	30.03498
-0.000008830389	-0.0000062910802	0.23456278	0.34389987	30.040583
-0.0000088320345	-0.0000062922526	0.23460868	0.343958	30.046181
-0.0000088336786	-0.0000062934238	0.23465454	0.34401608	30.051774
-0.0000088353212	-0.0000062945941	0.23470036	0.34407411	30.057361
-0.0000088369623	-0.0000062957633	0.23474614	0.34413209	30.062944
-0.0000088386019	-0.0000062969314	0.23479188	0.34419001	30.068522
-0.00000884024	-0.0000062980985	0.23483758	0.34424788	30.074095
-0.0000088418767	-0.0000062992645	0.23488324	0.34430569	30.079663
-0.0000088435119	-0.0000063004295	0.23492886	0.34436345	30.085226
-0.0000088451457	-0.0000063015934	0.23497444	0.34442116	30.090784
-0.000008846778	-0.0000063027563	0.23501998	0.34447881	30.096337
-0.0000088484088	-0.0000063039181	0.23506548	0.34453641	30.101885
-0.0000088500381	-0.0000063050789	0.23511094	0.34459396	30.107428
-0.0000088516659	-0.0000063062387	0.23515635	0.34465145	30.112966
-0.0000088532923	-0.0000063073973	0.23520173	0.34470889	30.118499
-0.0000088549172	-0.000006308555	0.23524707	0.34476627	30.124026
-0.0000088565406	-0.0000063097116	0.23529237	0.34482361	30.129549
-0.0000088581626	-0.0000063108671	0.23533763	0.34488088	30.135067
-0.000008859783	-0.0000063120216	0.23538285	0.34493811	30.14058
-0.000008861402	-0.000006313175	0.23542803	0.34499528	30.146087
-0.0000088630196	-0.0000063143274	0.23547317	0.3450524	30.15159
-0.0000088646356	-0.0000063154787	0.23551827	0.34510946	30.157088
-0.0000088662502	-0.000006316629	0.23556332	0.34516647	30.162581
-0.0000088678633	-0.0000063177782	0.23560834	0.34522343	30.168068
-0.0000088694749	-0.0000063189264	0.23565332	0.34528033	30.173551
-0.000008871085	-0.0000063200735	0.23569826	0.34533718	30.179029
-0.0000088726937	-0.0000063212196	0.23574315	0.34539398	30.184501
-0.0000088743008	-0.0000063223646	0.23578801	0.34545072	30.189969
-0.0000088759065	-0.0000063235085	0.23583283	0.34550741	30.195431
-0.0000088775108	-0.0000063246514	0.23587761	0.34556405	30.200889
-0.0000088791135	-0.0000063257933	0.23592234	0.34562063	30.206341
-0.0000088807148	-0.0000063269341	0.23596704	0.34567716	30.211789
-0.0000088823146	-0.0000063280738	0.2360117	0.34573363	30.217231
-0.0000088839129	-0.0000063292125	0.23605631	0.34579006	30.222668
-0.0000088855097	-0.0000063303502	0.23610089	0.34584642	30.228101
-0.0000088871051	-0.0000063314868	0.23614542	0.34590274	30.233528
-0.0000088886989	-0.0000063326223	0.23618992	0.345959	30.23895
-0.0000088902913	-0.0000063337568	0.23623437	0.3460152	30.244368
-0.0000088918822	-0.0000063348902	0.23627879	0.34607136	30.24978
-0.0000088934717	-0.0000063360225	0.23632316	0.34612746	30.255187
-0.0000088950596	-0.0000063371539	0.2363675	0.3461835	30.260589
-0.0000088966461	-0.0000063382841	0.23641179	0.34623949	30.265986
-0.0000088982311	-0.0000063394133	0.23645604	0.34629543	30.271378
-0.0000088998146	-0.0000063405415	0.23650026	0.34635132	30.276765
-0.0000089013966	-0.0000063416685	0.23654443	0.34640715	30.282147
-0.0000089029771	-0.0000063427946	0.23658856	0.34646292	30.287524
-0.0000089045562	-0.0000063439196	0.23663265	0.34651865	30.292896
-0.0000089061338	-0.0000063450435	0.23667671	0.34657432	30.298263
-0.0000089077099	-0.0000063461663	0.23672072	0.34662993	30.303625
-0.0000089092845	-0.0000063472881	0.23676469	0.3466855	30.308981
-0.0000089108576	-0.0000063484089	0.23680862	0.34674101	30.314333
-0.0000089124292	-0.0000063495286	0.23685251	0.34679646	30.31968
-0.0000089139994	-0.0000063506472	0.23689636	0.34685186	30.325021
-0.0000089155681	-0.0000063517648	0.23694017	0.34690721	30.330358
-0.0000089171352	-0.0000063528813	0.23698394	0.3469625	30.335689
-0.000008918701	-0.0000063539968	0.23702766	0.34701775	30.341016
-0.0000089202652	-0.0000063551112	0.23707135	0.34707293	30.346337
-0.0000089218279	-0.0000063562245	0.237115	0.34712806	30.351654
-0.0000089233892	-0.0000063573368	0.23715861	0.34718314	30.356965
-0.0000089249489	-0.0000063584481	0.23720217	0.34723817	30.362271
-0.0000089265072	-0.0000063595582	0.2372457	0.34729314	30.367572
-0.000008928064	-0.0000063606674	0.23728918	0.34734806	30.372868
-0.0000089296193	-0.0000063617754	0.23733263	0.34740292	30.37816
-0.0000089311731	-0.0000063628824	0.23737603	0.34745773	30.383446
-0.0000089327255	-0.0000063639883	0.2374194	0.34751249	30.388727
-0.0000089342763	-0.0000063650932	0.23746272	0.34756719	30.394003
-0.0000089358257	-0.0000063661971	0.237506	0.34762184	30.399273
-0.0000089373736	-0.0000063672998	0.23754924	0.34767644	30.404539
-0.00000893892	-0.0000063684015	0.23759245	0.34773098	30.4098
-0.0000089404649	-0.0000063695022	0.23763561	0.34778547	30.415056
-0.0000089420083	-0.0000063706017	0.23767873	0.3478399	30.420306
-0.0000089435502	-0.0000063717003	0.23772181	0.34789428	30.425552
-0.0000089450906	-0.0000063727977	0.23776485	0.34794861	30.430792
-0.0000089466296	-0.0000063738941	0.23780784	0.34800288	30.436028
-0.0000089481671	-0.0000063749895	0.2378508	0.3480571	30.441258
-0.000008949703	-0.0000063760838	0.23789372	0.34811127	30.446483
-0.0000089512375	-0.000006377177	0.2379366	0.34816538	30.451704
-0.0000089527705	-0.0000063782691	0.23797943	0.34821944	30.456919
-0.000008954302	-0.0000063793602	0.23802223	0.34827344	30.462129
-0.0000089558321	-0.0000063804503	0.23806498	0.34832739	30.467334
-0.0000089573606	-0.0000063815393	0.2381077	0.34838129	30.472534
-0.0000089588876	-0.0000063826272	0.23815037	0.34843513	30.477729
-0.0000089604132	-0.000006383714	0.238193	0.34848892	30.482919
-0.0000089619372	-0.0000063847998	0.2382356	0.34854265	30.488104
-0.0000089634598	-0.0000063858846	0.23827815	0.34859634	30.493283
-0.0000089649809	-0.0000063869682	0.23832066	0.34864996	30.498458
-0.0000089665005	-0.0000063880509	0.23836313	0.34870354	30.503628
-0.0000089680186	-0.0000063891324	0.23840556	0.34875706	30.508792
-0.0000089695352	-0.0000063902129	0.23844795	0.34881052	30.513952
-0.0000089710503	-0.0000063912923	0.23849029	0.34886394	30.519106
-0.0000089725639	-0.0000063923707	0.2385326	0.34891729	30.524255
-0.0000089740761	-0.000006393448	0.23857487	0.3489706	30.529399
-0.0000089755867	-0.0000063945242	0.23861709	0.34902385	30.534539
-0.0000089770959	-0.0000063955994	0.23865928	0.34907705	30.539673
-0.0000089786035	-0.0000063966735	0.23870142	0.34913019	30.544802
-0.0000089801097	-0.0000063977465	0.23874353	0.34918328	30.549926
-0.0000089816144	-0.0000063988185	0.23878559	0.34923631	30.555044
-0.0000089831176	-0.0000063998894	0.23882761	0.3492893	30.560158
-0.0000089846193	-0.0000064009593	0.23886959	0.34934222	30.565267
-0.0000089861195	-0.0000064020281	0.23891153	0.3493951	30.57037
-0.0000089876182	-0.0000064030958	0.23895343	0.34944792	30.575469
-0.0000089891154	-0.0000064041625	0.23899529	0.34950069	30.580562
-0.0000089906111	-0.0000064052281	0.23903711	0.3495534	30.585651
-0.0000089921053	-0.0000064062926	0.23907889	0.34960606	30.590734
-0.0000089935981	-0.0000064073561	0.23912062	0.34965866	30.595812
-0.0000089950893	-0.0000064084185	0.23916232	0.34971121	30.600886
-0.0000089965791	-0.0000064094799	0.23920397	0.34976371	30.605954
-0.0000089980673	-0.0000064105402	0.23924559	0.34981615	30.611017
-0.0000089995541	-0.0000064115994	0.23928716	0.34986854	30.616074
-0.0000090010393	-0.0000064126575	0.23932869	0.34992088	30.621127
-0.0000090025231	-0.0000064137146	0.23937018	0.34997316	30.626175
-0.0000090040054	-0.0000064147707	0.23941163	0.35002539	30.631218
-0.0000090054862	-0.0000064158256	0.23945304	0.35007756	30.636255
-0.0000090069655	-0.0000064168795	0.23949441	0.35012968	30.641288
-0.0000090084433	-0.0000064179324	0.23953574	0.35018175	30.646315
-0.0000090099195	-0.0000064189841	0.23957702	0.35023376	30.651337
-0.0000090113944	-0.0000064200348	0.23961827	0.35028572	30.656355
-0.0000090128677	-0.0000064210845	0.23965947	0.35033763	30.661367
-0.0000090143395	-0.000006422133	0.23970064	0.35038948	30.666374
-0.0000090158098	-0.0000064231805	0.23974176	0.35044128	30.671376
-0.0000090172786	-0.000006424227	0.23978284	0.35049302	30.676373
-0.0000090187459	-0.0000064252724	0.23982388	0.35054471	30.681364
-0.0000090202118	-0.0000064263167	0.23986488	0.35059634	30.686351
-0.0000090216761	-0.0000064273599	0.23990584	0.35064793	30.691333
-0.0000090231389	-0.0000064284021	0.23994676	0.35069945	30.696309
-0.0000090246003	-0.0000064294432	0.23998764	0.35075093	30.701281
-0.0000090260601	-0.0000064304832	0.24002848	0.35080235	30.706247
-0.0000090275185	-0.0000064315222	0.24006927	0.35085371	30.711208
-0.0000090289753	-0.0000064325601	0.24011002	0.35090503	30.716164
-0.0000090304307	-0.000006433597	0.24015074	0.35095629	30.721115
-0.0000090318845	-0.0000064346328	0.24019141	0.35100749	30.726061
-0.0000090333369	-0.0000064356675	0.24023204	0.35105864	30.731002
-0.0000090347878	-0.0000064367011	0.24027263	0.35110974	30.735938
-0.0000090362371	-0.0000064377337	0.24031318	0.35116078	30.740869
-0.000009037685	-0.0000064387652	0.24035369	0.35121177	30.745794
-0.0000090391314	-0.0000064397957	0.24039416	0.35126271	30.750715
-0.0000090405763	-0.000006440825	0.24043458	0.35131359	30.75563
-0.0000090420196	-0.0000064418534	0.24047497	0.35136442	30.76054
-0.0000090434615	-0.0000064428806	0.24051531	0.35141519	30.765446
-0.0000090449019	-0.0000064439068	0.24055562	0.35146591	30.770346
-0.0000090463408	-0.0000064449319	0.24059588	0.35151658	30.775241
-0.0000090477782	-0.0000064459559	0.2406361	0.35156719	30.780131
-0.0000090492141	-0.0000064469789	0.24067628	0.35161775	30.785015
-0.0000090506485	-0.0000064480008	0.24071642	0.35166825	30.789895
-0.0000090520813	-0.0000064490217	0.24075651	0.3517187	30.79477
-0.0000090535127	-0.0000064500414	0.24079657	0.3517691	30.799639
-0.0000090549426	-0.0000064510602	0.24083659	0.35181944	30.804504
-0.000009056371	-0.0000064520778	0.24087656	0.35186973	30.809363
-0.0000090577979	-0.0000064530944	0.24091649	0.35191997	30.814217
-0.0000090592233	-0.0000064541099	0.24095639	0.35197015	30.819067
-0.0000090606472	-0.0000064551243	0.24099624	0.35202028	30.823911
-0.0000090620696	-0.0000064561377	0.24103605	0.35207035	30.82875
-0.0000090634905	-0.00000645715	0.24107582	0.35212037	30.833583
-0.0000090649099	-0.0000064581612	0.24111555	0.35217034	30.838412
-0.0000090663278	-0.0000064591714	0.24115523	0.35222025	30.843236
-0.0000090677442	-0.0000064601805	0.24119488	0.35227011	30.848054
-0.0000090691592	-0.0000064611885	0.24123448	0.35231991	30.852868
-0.0000090705726	-0.0000064621955	0.24127405	0.35236966	30.857676
-0.0000090719845	-0.0000064632014	0.24131357	0.35241936	30.862479
-0.0000090733949	-0.0000064642062	0.24135305	0.352469	30.867277
-0.0000090748038	-0.0000064652099	0.24139249	0.35251859	30.872071
-0.0000090762112	-0.0000064662126	0.24143189	0.35256813	30.876858
-0.0000090776171	-0.0000064672142	0.24147124	0.35261761	30.881641
-0.0000090790215	-0.0000064682148	0.24151056	0.35266704	30.886419
-0.0000090804244	-0.0000064692143	0.24154984	0.35271641	30.891192
-0.0000090818258	-0.0000064702127	0.24158907	0.35276573	30.895959
-0.0000090832257	-0.00000647121	0.24162826	0.352815	30.900722
-0.0000090846241	-0.0000064722063	0.24166742	0.35286421	30.905479
-0.000009086021	-0.0000064732015	0.24170653	0.35291337	30.910231
-0.0000090874164	-0.0000064741956	0.24174559	0.35296247	30.914978
-0.0000090888104	-0.0000064751887	0.24178462	0.35301152	30.91972
-0.0000090902028	-0.0000064761807	0.24182361	0.35306052	30.924457
-0.0000090915937	-0.0000064771716	0.24186256	0.35310946	30.929189
-0.0000090929831	-0.0000064781615	0.24190146	0.35315835	30.933916
-0.000009094371	-0.0000064791503	0.24194032	0.35320719	30.938637
-0.0000090957574	-0.000006480138	0.24197915	0.35325597	30.943354
-0.0000090971423	-0.0000064811247	0.24201793	0.3533047	30.948065
-0.0000090985257	-0.0000064821103	0.24205667	0.35335337	30.952771
-0.0000090999076	-0.0000064830948	0.24209536	0.35340199	30.957473
-0.000009101288	-0.0000064840782	0.24213402	0.35345056	30.962169
-0.0000091026669	-0.0000064850606	0.24217264	0.35349907	30.96686
-0.0000091040443	-0.0000064860419	0.24221121	0.35354753	30.971545
-0.0000091054202	-0.0000064870221	0.24224975	0.35359593	30.976226
-0.0000091067946	-0.0000064880013	0.24228824	0.35364429	30.980902
-0.0000091081675	-0.0000064889794	0.24232669	0.35369258	30.985572
-0.0000091095389	-0.0000064899564	0.2423651	0.35374083	30.990238
-0.0000091109088	-0.0000064909324	0.24240347	0.35378902	30.994898
-0.0000091122772	-0.0000064919073	0.24244179	0.35383715	30.999553
-0.0000091136441	-0.0000064928811	0.24248008	0.35388523	31.004203
-0.0000091150094	-0.0000064938539	0.24251832	0.35393326	31.008848
-0.0000091163733	-0.0000064948255	0.24255653	0.35398124	31.013488
-0.0000091177357	-0.0000064957962	0.24259469	0.35402916	31.018123
-0.0000091190966	-0.0000064967657	0.24263281	0.35407702	31.022753
-0.000009120456	-0.0000064977342	0.24267089	0.35412484	31.027377
-0.0000091218139	-0.0000064987016	0.24270893	0.3541726	31.031997
-0.0000091231703	-0.0000064996679	0.24274693	0.3542203	31.036611
-0.0000091245251	-0.0000065006332	0.24278488	0.35426795	31.04122
-0.0000091258785	-0.0000065015974	0.2428228	0.35431555	31.045824
-0.0000091272304	-0.0000065025605	0.24286067	0.35436309	31.050423
-0.0000091285808	-0.0000065035226	0.2428985	0.35441059	31.055017
-0.0000091299296	-0.0000065044835	0.24293629	0.35445802	31.059606
-0.000009131277	-0.0000065054435	0.24297404	0.3545054	31.06419
-0.0000091326229	-0.0000065064023	0.24301175	0.35455273	31.068769
-0.0000091339673	-0.0000065073601	0.24304941	0.35460001	31.073342
-0.0000091353101	-0.0000065083168	0.24308704	0.35464723	31.07791
-0.0000091366515	-0.0000065092724	0.24312462	0.3546944	31.082474
-0.0000091379914	-0.000006510227	0.24316217	0.35474151	31.087032
-0.0000091393297	-0.0000065111805	0.24319967	0.35478857	31.091585
-0.0000091406666	-0.0000065121329	0.24323713	0.35483558	31.096133
-0.0000091420019	-0.0000065130843	0.24327455	0.35488253	31.100676
-0.0000091433358	-0.0000065140346	0.24331192	0.35492943	31.105213
-0.0000091446682	-0.0000065149838	0.24334926	0.35497628	31.109746
-0.000009145999	-0.0000065159319	0.24338655	0.35502307	31.114273
-0.0000091473284	-0.000006516879	0.24342381	0.35506981	31.118796
-0.0000091486562	-0.000006517825	0.24346102	0.35511649	31.123313
-0.0000091499826	-0.00000651877	0.24349819	0.35516312	31.127825
-0.0000091513074	-0.0000065197138	0.24353532	0.3552097	31.132332
-0.0000091526308	-0.0000065206566	0.24357241	0.35525622	31.136834
-0.0000091539526	-0.0000065215984	0.24360945	0.35530269	31.141331
-0.000009155273	-0.000006522539	0.24364646	0.3553491	31.145823
-0.0000091565918	-0.0000065234786	0.24368342	0.35539547	31.15031
-0.0000091579091	-0.0000065244171	0.24372034	0.35544177	31.154791
-0.000009159225	-0.0000065253546	0.24375723	0.35548803	31.159268
-0.0000091605393	-0.000006526291	0.24379406	0.35553423	31.163739
-0.0000091618522	-0.0000065272263	0.24383086	0.35558038	31.168205
-0.0000091631635	-0.0000065281605	0.24386762	0.35562647	31.172666
-0.0000091644733	-0.0000065290937	0.24390434	0.35567251	31.177122
-0.0000091657817	-0.0000065300258	0.24394101	0.35571849	31.181573
-0.0000091670885	-0.0000065309568	0.24397764	0.35576443	31.186019
-0.0000091683938	-0.0000065318868	0.24401423	0.3558103	31.19046
-0.0000091696976	-0.0000065328157	0.24405078	0.35585613	31.194895
-0.000009171	-0.0000065337435	0.24408729	0.3559019	31.199326
-0.0000091723008	-0.0000065346702	0.24412376	0.35594762	31.203751
-0.0000091736001	-0.0000065355959	0.24416019	0.35599328	31.208171
-0.0000091748979	-0.0000065365205	0.24419657	0.35603889	31.212586
-0.0000091761943	-0.0000065374441	0.24423291	0.35608445	31.216996
-0.0000091774891	-0.0000065383666	0.24426922	0.35612995	31.221401
-0.0000091787824	-0.000006539288	0.24430548	0.3561754	31.225801
-0.0000091800742	-0.0000065402083	0.2443417	0.3562208	31.230196
-0.0000091813645	-0.0000065411276	0.24437787	0.35626614	31.234585
-0.0000091826533	-0.0000065420458	0.24441401	0.35631143	31.23897
-0.0000091839406	-0.0000065429629	0.24445011	0.35635666	31.243349
-0.0000091852265	-0.0000065438789	0.24448616	0.35640184	31.247723
-0.0000091865108	-0.0000065447939	0.24452217	0.35644697	31.252093
-0.0000091877936	-0.0000065457079	0.24455814	0.35649205	31.256457
-0.0000091890749	-0.0000065466207	0.24459407	0.35653707	31.260816
-0.0000091903547	-0.0000065475325	0.24462996	0.35658203	31.26517
-0.000009191633	-0.0000065484432	0.24466581	0.35662695	31.269518
-0.0000091929098	-0.0000065493528	0.24470161	0.35667181	31.273862
-0.0000091941851	-0.0000065502614	0.24473737	0.35671661	31.2782
-0.0000091954589	-0.0000065511689	0.2447731	0.35676136	31.282534
-0.0000091967312	-0.0000065520754	0.24480878	0.35680606	31.286862
-0.000009198002	-0.0000065529807	0.24484442	0.35685071	31.291185
-0.0000091992713	-0.000006553885	0.24488002	0.3568953	31.295504
-0.0000092005391	-0.0000065547882	0.24491557	0.35693984	31.299817
-0.0000092018055	-0.0000065556904	0.24495109	0.35698432	31.304124
-0.0000092030703	-0.0000065565915	0.24498656	0.35702875	31.308427
-0.0000092043336	-0.0000065574915	0.245022	0.35707313	31.312725
-0.0000092055954	-0.0000065583905	0.24505739	0.35711745	31.317018
-0.0000092068557	-0.0000065592884	0.24509274	0.35716173	31.321305
-0.0000092081145	-0.0000065601852	0.24512804	0.35720594	31.325587
-0.0000092093718	-0.0000065610809	0.24516331	0.35725011	31.329865
-0.0000092106276	-0.0000065619756	0.24519854	0.35729422	31.334137
-0.0000092118819	-0.0000065628692	0.24523372	0.35733827	31.338404
-0.0000092131347	-0.0000065637617	0.24526886	0.35738228	31.342666
-0.000009214386	-0.0000065646532	0.24530397	0.35742622	31.346923
-0.0000092156358	-0.0000065655436	0.24533903	0.35747012	31.351175
-0.0000092168841	-0.000006566433	0.24537404	0.35751396	31.355421
-0.0000092181309	-0.0000065673212	0.24540902	0.35755775	31.359663
-0.0000092193762	-0.0000065682084	0.24544396	0.35760149	31.363899
-0.00000922062	-0.0000065690946	0.24547885	0.35764517	31.368131
-0.0000092218623	-0.0000065699796	0.2455137	0.3576888	31.372357
-0.0000092231031	-0.0000065708636	0.24554852	0.35773237	31.376578
-0.0000092243424	-0.0000065717465	0.24558329	0.35777589	31.380794
-0.0000092255802	-0.0000065726284	0.24561801	0.35781936	31.385005
-0.0000092268166	-0.0000065735092	0.2456527	0.35786278	31.389211
-0.0000092280514	-0.0000065743889	0.24568735	0.35790614	31.393412
-0.0000092292847	-0.0000065752676	0.24572195	0.35794945	31.397608
-0.0000092305165	-0.0000065761452	0.24575652	0.3579927	31.401798
-0.0000092317468	-0.0000065770217	0.24579104	0.3580359	31.405984
-0.0000092329756	-0.0000065778971	0.24582552	0.35807905	31.410164
-0.000009234203	-0.0000065787715	0.24585996	0.35812214	31.414339
-0.0000092354288	-0.0000065796448	0.24589435	0.35816519	31.418509
-0.0000092366531	-0.0000065805171	0.24592871	0.35820817	31.422675
-0.0000092378759	-0.0000065813883	0.24596302	0.35825111	31.426835
-0.0000092390973	-0.0000065822584	0.2459973	0.35829399	31.430989
-0.0000092403171	-0.0000065831274	0.24603153	0.35833682	31.435139
-0.0000092415354	-0.0000065839954	0.24606572	0.35837959	31.439284
-0.0000092427523	-0.0000065848623	0.24609987	0.35842231	31.443424
-0.0000092439676	-0.0000065857282	0.24613398	0.35846498	31.447558
-0.0000092451814	-0.000006586593	0.24616804	0.35850759	31.451688
-0.0000092463938	-0.0000065874567	0.24620207	0.35855015	31.455812
-0.0000092476046	-0.0000065883193	0.24623605	0.35859266	31.459931
-0.000009248814	-0.0000065891809	0.24626999	0.35863511	31.464045
-0.0000092500218	-0.0000065900414	0.24630389	0.35867751	31.468154
-0.0000092512282	-0.0000065909009	0.24633775	0.35871986	31.472258
-0.000009252433	-0.0000065917593	0.24637157	0.35876216	31.476357
-0.0000092536364	-0.0000065926166	0.24640535	0.3588044	31.480451
-0.0000092548383	-0.0000065934729	0.24643908	0.35884658	31.48454
-0.0000092560386	-0.000006594328	0.24647278	0.35888872	31.488623
-0.0000092572375	-0.0000065951822	0.24650643	0.3589308	31.492702
-0.0000092584349	-0.0000065960352	0.24654004	0.35897283	31.496775
-0.0000092596308	-0.0000065968872	0.24657361	0.3590148	31.500844
-0.0000092608252	-0.0000065977381	0.24660714	0.35905672	31.504907
-0.0000092620181	-0.000006598588	0.24664063	0.35909859	31.508965
-0.0000092632095	-0.0000065994368	0.24667407	0.35914041	31.513018
-0.0000092643994	-0.0000066002845	0.24670748	0.35918217	31.517066
-0.0000092655878	-0.0000066011312	0.24674084	0.35922388	31.521109
-0.0000092667747	-0.0000066019768	0.24677416	0.35926553	31.525147
-0.0000092679601	-0.0000066028213	0.24680744	0.35930713	31.52918
-0.000009269144	-0.0000066036648	0.24684068	0.35934868	31.533207
-0.0000092703264	-0.0000066045072	0.24687388	0.35939018	31.53723
-0.0000092715074	-0.0000066053485	0.24690703	0.35943162	31.541247
-0.0000092726868	-0.0000066061888	0.24694015	0.35947301	31.54526
-0.0000092738647	-0.000006607028	0.24697322	0.35951435	31.549267
-0.0000092750412	-0.0000066078661	0.24700625	0.35955563	31.553269
-0.0000092762162	-0.0000066087032	0.24703924	0.35959686	31.557266
-0.0000092773896	-0.0000066095392	0.24707219	0.35963804	31.561258
-0.0000092785616	-0.0000066103742	0.2471051	0.35967916	31.565245
-0.0000092797321	-0.0000066112081	0.24713796	0.35972023	31.569227
-0.000009280901	-0.0000066120409	0.24717079	0.35976125	31.573204
-0.0000092820685	-0.0000066128726	0.24720357	0.35980221	31.577176
-0.0000092832345	-0.0000066137033	0.24723632	0.35984312	31.581142
-0.000009284399	-0.000006614533	0.24726902	0.35988398	31.585104
-0.000009285562	-0.0000066153615	0.24730168	0.35992479	31.589061
-0.0000092867236	-0.0000066161891	0.2473343	0.35996554	31.593012
-0.0000092878836	-0.0000066170155	0.24736687	0.36000624	31.596958
-0.0000092890421	-0.0000066178409	0.24739941	0.36004688	31.6009
-0.0000092901992	-0.0000066186652	0.2474319	0.36008748	31.604836
-0.0000092913547	-0.0000066194884	0.24746436	0.36012802	31.608767
-0.0000092925088	-0.0000066203106	0.24749677	0.3601685	31.612693
-0.0000092936613	-0.0000066211318	0.24752914	0.36020894	31.616614
-0.0000092948124	-0.0000066219518	0.24756147	0.36024932	31.62053
-0.000009295962	-0.0000066227708	0.24759375	0.36028965	31.624441
-0.0000092971101	-0.0000066235888	0.247626	0.36032992	31.628347
-0.0000092982567	-0.0000066244057	0.24765821	0.36037014	31.632247
-0.0000092994018	-0.0000066252215	0.24769037	0.36041031	31.636143
-0.0000093005454	-0.0000066260362	0.24772249	0.36045043	31.640033
-0.0000093016876	-0.0000066268499	0.24775457	0.36049049	31.643919
-0.0000093028282	-0.0000066276626	0.24778661	0.3605305	31.647799
-0.0000093039674	-0.0000066284741	0.24781861	0.36057046	31.651675
-0.000009305105	-0.0000066292847	0.24785057	0.36061036	31.655545
-0.0000093062412	-0.0000066300941	0.24788249	0.36065021	31.65941
-0.0000093073759	-0.0000066309025	0.24791436	0.36069001	31.66327
-0.0000093085091	-0.0000066317098	0.24794619	0.36072976	31.667125
-0.0000093096408	-0.0000066325161	0.24797799	0.36076945	31.670975
-0.000009310771	-0.0000066333213	0.24800974	0.36080909	31.67482
-0.0000093118997	-0.0000066341254	0.24804145	0.36084868	31.67866
-0.000009313027	-0.0000066349285	0.24807312	0.36088821	31.682495
-0.0000093141527	-0.0000066357306	0.24810474	0.36092769	31.686325
-0.000009315277	-0.0000066365315	0.24813633	0.36096712	31.69015
-0.0000093163998	-0.0000066373314	0.24816787	0.3610065	31.693969
-0.0000093175211	-0.0000066381303	0.24819938	0.36104582	31.697784
-0.0000093186409	-0.0000066389281	0.24823084	0.36108509	31.701593
-0.0000093197592	-0.0000066397248	0.24826226	0.36112431	31.705398
-0.000009320876	-0.0000066405205	0.24829364	0.36116347	31.709197
-0.0000093219914	-0.0000066413151	0.24832498	0.36120258	31.712991
-0.0000093231052	-0.0000066421086	0.24835628	0.36124164	31.716781
-0.0000093242176	-0.0000066429011	0.24838753	0.36128065	31.720565
-0.0000093253285	-0.0000066436926	0.24841875	0.3613196	31.724344
-0.0000093264379	-0.0000066444829	0.24844992	0.3613585	31.728118
-0.0000093275458	-0.0000066452723	0.24848105	0.36139735	31.731887
-0.0000093286522	-0.0000066460605	0.24851214	0.36143614	31.735651
-0.0000093297572	-0.0000066468477	0.24854319	0.36147489	31.73941
-0.0000093308606	-0.0000066476339	0.2485742	0.36151358	31.743164
-0.0000093319626	-0.0000066484189	0.24860517	0.36155221	31.746913
-0.0000093330631	-0.000006649203	0.2486361	0.3615908	31.750657
-0.0000093341621	-0.0000066499859	0.24866698	0.36162933	31.754396
-0.0000093352596	-0.0000066507679	0.24869783	0.36166781	31.758129
-0.0000093363557	-0.0000066515487	0.24872863	0.36170623	31.761858
-0.0000093374502	-0.0000066523285	0.24875939	0.36174461	31.765582
-0.0000093385433	-0.0000066531073	0.24879011	0.36178293	31.7693
-0.0000093396349	-0.0000066538849	0.24882079	0.3618212	31.773014
-0.000009340725	-0.0000066546616	0.24885143	0.36185941	31.776722
-0.0000093418136	-0.0000066554372	0.24888203	0.36189758	31.780426
-0.0000093429008	-0.0000066562117	0.24891258	0.36193569	31.784124
-0.0000093439864	-0.0000066569851	0.2489431	0.36197375	31.787818
-0.0000093450706	-0.0000066577575	0.24897357	0.36201175	31.791506
-0.0000093461533	-0.0000066585289	0.249004	0.36204971	31.795189
-0.0000093472345	-0.0000066592992	0.24903439	0.36208761	31.798868
-0.0000093483143	-0.0000066600684	0.24906474	0.36212546	31.802541
-0.0000093493925	-0.0000066608366	0.24909505	0.36216325	31.806209
-0.0000093504693	-0.0000066616038	0.24912532	0.36220099	31.809872
-0.0000093515446	-0.0000066623698	0.24915555	0.36223869	31.81353
-0.0000093526184	-0.0000066631349	0.24918573	0.36227632	31.817183
-0.0000093536907	-0.0000066638988	0.24921588	0.36231391	31.820831
-0.0000093547616	-0.0000066646617	0.24924598	0.36235144	31.824474
-0.000009355831	-0.0000066654236	0.24927604	0.36238892	31.828112
-0.0000093568989	-0.0000066661844	0.24930607	0.36242635	31.831745
-0.0000093579653	-0.0000066669442	0.24933605	0.36246373	31.835373
-0.0000093590302	-0.0000066677029	0.24936598	0.36250105	31.838996
-0.0000093600937	-0.0000066684605	0.24939588	0.36253832	31.842614
-0.0000093611557	-0.0000066692171	0.24942574	0.36257554	31.846227
-0.0000093622162	-0.0000066699726	0.24945556	0.36261271	31.849834
-0.0000093632752	-0.0000066707271	0.24948533	0.36264982	31.853437
-0.0000093643328	-0.0000066714806	0.24951506	0.36268689	31.857035
-0.0000093653888	-0.000006672233	0.24954476	0.3627239	31.860628
-0.0000093664434	-0.0000066729843	0.24957441	0.36276085	31.864215
-0.0000093674966	-0.0000066737346	0.24960402	0.36279776	31.867798
-0.0000093685482	-0.0000066744838	0.24963359	0.36283461	31.871376
-0.0000093695984	-0.000006675232	0.24966312	0.36287141	31.874948
-0.0000093706471	-0.0000066759791	0.24969261	0.36290816	31.878516
-0.0000093716943	-0.0000066767252	0.24972205	0.36294486	31.882079
-0.00000937274	-0.0000066774702	0.24975146	0.3629815	31.885636
-0.0000093737843	-0.0000066782142	0.24978082	0.36301809	31.889189
-0.0000093748271	-0.0000066789571	0.24981015	0.36305463	31.892736
-0.0000093758684	-0.000006679699	0.24983943	0.36309112	31.896279
-0.0000093769083	-0.0000066804398	0.24986867	0.36312755	31.899816
-0.0000093779467	-0.0000066811796	0.24989787	0.36316393	31.903349
-0.0000093789836	-0.0000066819183	0.24992703	0.36320026	31.906876
-0.000009380019	-0.000006682656	0.24995615	0.36323654	31.910399
-0.000009381053	-0.0000066833926	0.24998523	0.36327277	31.913916
-0.0000093820854	-0.0000066841282	0.25001427	0.36330894	31.917429
-0.0000093831165	-0.0000066848628	0.25004326	0.36334507	31.920936
-0.000009384146	-0.0000066855962	0.25007222	0.36338114	31.924439
-0.0000093851741	-0.0000066863287	0.25010113	0.36341715	31.927936
-0.0000093862007	-0.0000066870601	0.25013001	0.36345312	31.931429
-0.0000093872258	-0.0000066877904	0.25015884	0.36348903	31.934916
-0.0000093882495	-0.0000066885197	0.25018763	0.36352489	31.938399
-0.0000093892717	-0.0000066892479	0.25021638	0.3635607	31.941876
-0.0000093902924	-0.0000066899751	0.25024509	0.36359646	31.945348
-0.0000093913116	-0.0000066907013	0.25027376	0.36363217	31.948816
-0.0000093923294	-0.0000066914264	0.25030239	0.36366782	31.952278
-0.0000093933457	-0.0000066921505	0.25033097	0.36370342	31.955736
-0.0000093943606	-0.0000066928735	0.25035952	0.36373897	31.959188
-0.000009395374	-0.0000066935954	0.25038803	0.36377447	31.962636
-0.0000093963859	-0.0000066943164	0.25041649	0.36380992	31.966078
-0.0000093973963	-0.0000066950362	0.25044491	0.36384531	31.969516
-0.0000093984053	-0.0000066957551	0.2504733	0.36388065	31.972948
-0.0000093994128	-0.0000066964728	0.25050164	0.36391594	31.976376
-0.0000094004189	-0.0000066971896	0.25052994	0.36395118	31.979798
-0.0000094014234	-0.0000066979053	0.2505582	0.36398637	31.983216
-0.0000094024265	-0.0000066986199	0.25058642	0.3640215	31.986628
-0.0000094034282	-0.0000066993335	0.2506146	0.36405658	31.990036
-0.0000094044284	-0.0000067000461	0.25064274	0.36409161	31.993438
-0.0000094054271	-0.0000067007576	0.25067084	0.36412659	31.996836
-0.0000094064243	-0.0000067014681	0.25069889	0.36416152	32.000229
-0.0000094074201	-0.0000067021775	0.25072691	0.3641964	32.003616
-0.0000094084144	-0.0000067028859	0.25075488	0.36423122	32.006999
-0.0000094094073	-0.0000067035933	0.25078282	0.36426599	32.010377
-0.0000094103987	-0.0000067042996	0.25081071	0.36430071	32.013749
-0.0000094113886	-0.0000067050049	0.25083856	0.36433538	32.017117
-0.0000094123771	-0.0000067057091	0.25086638	0.36437	32.02048
-0.0000094133641	-0.0000067064123	0.25089415	0.36440456	32.023837
-0.0000094143497	-0.0000067071144	0.25092188	0.36443908	32.02719
-0.0000094153338	-0.0000067078155	0.25094957	0.36447354	32.030538
-0.0000094163164	-0.0000067085156	0.25097722	0.36450795	32.033881
-0.0000094172976	-0.0000067092146	0.25100483	0.36454231	32.037219
-0.0000094182773	-0.0000067099126	0.25103239	0.36457661	32.040552
-0.0000094192555	-0.0000067106095	0.25105992	0.36461087	32.04388
-0.0000094202323	-0.0000067113054	0.25108741	0.36464507	32.047203
-0.0000094212076	-0.0000067120002	0.25111485	0.36467922	32.050521
-0.0000094221815	-0.0000067126941	0.25114226	0.36471332	32.053834
-0.0000094231539	-0.0000067133868	0.25116962	0.36474737	32.057142
-0.0000094241249	-0.0000067140786	0.25119695	0.36478137	32.060445
-0.0000094250944	-0.0000067147693	0.25122423	0.36481532	32.063743
-0.0000094260624	-0.000006715459	0.25125148	0.36484921	32.067036
-0.000009427029	-0.0000067161476	0.25127868	0.36488305	32.070325
-0.0000094279941	-0.0000067168352	0.25130584	0.36491685	32.073608
-0.0000094289578	-0.0000067175217	0.25133296	0.36495059	32.076886
-0.00000942992	-0.0000067182072	0.25136004	0.36498427	32.08016
-0.0000094308807	-0.0000067188917	0.25138708	0.36501791	32.083428
-0.0000094318401	-0.0000067195752	0.25141408	0.3650515	32.086692
-0.0000094327979	-0.0000067202576	0.25144104	0.36508503	32.08995
-0.0000094337543	-0.0000067209389	0.25146796	0.36511851	32.093204
-0.0000094347092	-0.0000067216193	0.25149484	0.36515195	32.096453
-0.0000094356627	-0.0000067222986	0.25152167	0.36518533	32.099696
-0.0000094366148	-0.0000067229768	0.25154847	0.36521865	32.102935
-0.0000094375653	-0.000006723654	0.25157523	0.36525193	32.106169
-0.0000094385145	-0.0000067243302	0.25160194	0.36528516	32.109398
-0.0000094394621	-0.0000067250054	0.25162862	0.36531833	32.112622
-0.0000094404084	-0.0000067256795	0.25165525	0.36535146	32.115841
-0.0000094413531	-0.0000067263526	0.25168185	0.36538453	32.119055
-0.0000094422965	-0.0000067270247	0.2517084	0.36541755	32.122264
-0.0000094432383	-0.0000067276957	0.25173491	0.36545052	32.125468
-0.0000094441788	-0.0000067283657	0.25176139	0.36548344	32.128667
-0.0000094451177	-0.0000067290346	0.25178782	0.36551631	32.131862
-0.0000094460553	-0.0000067297026	0.25181421	0.36554912	32.135051
-0.0000094469913	-0.0000067303695	0.25184056	0.36558189	32.138236
-0.000009447926	-0.0000067310353	0.25186688	0.3656146	32.141415
-0.0000094488592	-0.0000067317002	0.25189315	0.36564727	32.14459
-0.0000094497909	-0.000006732364	0.25191938	0.36567988	32.14776
-0.0000094507212	-0.0000067330267	0.25194557	0.36571244	32.150924
-0.00000945165	-0.0000067336885	0.25197172	0.36574495	32.154084
-0.0000094525774	-0.0000067343492	0.25199783	0.36577741	32.157239
-0.0000094535034	-0.0000067350089	0.2520239	0.36580982	32.160389
-0.0000094544279	-0.0000067356675	0.25204993	0.36584217	32.163534
-0.0000094553509	-0.0000067363251	0.25207592	0.36587448	32.166675
-0.0000094562725	-0.0000067369817	0.25210186	0.36590673	32.16981
-0.0000094571927	-0.0000067376373	0.25212777	0.36593894	32.17294
-0.0000094581114	-0.0000067382918	0.25215364	0.36597109	32.176066
-0.0000094590287	-0.0000067389453	0.25217947	0.36600319	32.179186
-0.0000094599445	-0.0000067395978	0.25220526	0.36603524	32.182302
-0.0000094608589	-0.0000067402492	0.252231	0.36606724	32.185413
-0.0000094617719	-0.0000067408997	0.25225671	0.36609919	32.188518
-0.0000094626834	-0.000006741549	0.25228238	0.36613109	32.191619
-0.0000094635935	-0.0000067421974	0.252308	0.36616294	32.194715
-0.0000094645021	-0.0000067428448	0.25233359	0.36619473	32.197807
-0.0000094654093	-0.0000067434911	0.25235913	0.36622648	32.200893
-0.0000094663151	-0.0000067441364	0.25238464	0.36625817	32.203974
-0.0000094672194	-0.0000067447806	0.25241011	0.36628982	32.207051
-0.0000094681222	-0.0000067454239	0.25243553	0.36632141	32.210122
-0.0000094690237	-0.0000067460661	0.25246092	0.36635295	32.213189
-0.0000094699237	-0.0000067467073	0.25248626	0.36638445	32.21625
-0.0000094708222	-0.0000067473474	0.25251157	0.36641589	32.219307
-0.0000094717194	-0.0000067479866	0.25253683	0.36644728	32.222359
-0.0000094726151	-0.0000067486247	0.25256206	0.36647862	32.225406
-0.0000094735093	-0.0000067492618	0.25258724	0.36650991	32.228449
-0.0000094744021	-0.0000067498979	0.25261239	0.36654115	32.231486
-0.0000094752935	-0.0000067505329	0.25263749	0.36657233	32.234518
-0.0000094761834	-0.000006751167	0.25266256	0.36660347	32.237546
-0.000009477072	-0.0000067518	0.25268758	0.36663456	32.240569
-0.000009477959	-0.0000067524319	0.25271256	0.3666656	32.243586
-0.0000094788447	-0.0000067530629	0.25273751	0.36669658	32.246599
-0.0000094797289	-0.0000067536929	0.25276241	0.36672752	32.249607
-0.0000094806117	-0.0000067543218	0.25278728	0.3667584	32.252611
-0.000009481493	-0.0000067549497	0.2528121	0.36678924	32.255609
-0.0000094823729	-0.0000067555766	0.25283689	0.36682002	32.258602
-0.0000094832514	-0.0000067562024	0.25286163	0.36685075	32.261591
-0.0000094841285	-0.0000067568273	0.25288634	0.36688144	32.264575
-0.0000094850041	-0.0000067574511	0.252911	0.36691207	32.267553
-0.0000094858783	-0.0000067580739	0.25293563	0.36694265	32.270527
-0.0000094867511	-0.0000067586957	0.25296021	0.36697318	32.273496
-0.0000094876224	-0.0000067593165	0.25298475	0.36700366	32.276461
-0.0000094884923	-0.0000067599362	0.25300926	0.36703409	32.27942
-0.0000094893608	-0.000006760555	0.25303372	0.36706447	32.282375
-0.0000094902278	-0.0000067611727	0.25305815	0.3670948	32.285324
-0.0000094910935	-0.0000067617894	0.25308254	0.36712508	32.288269
-0.0000094919577	-0.0000067624051	0.25310688	0.36715531	32.291209
-0.0000094928205	-0.0000067630197	0.25313119	0.36718549	32.294144
-0.0000094936818	-0.0000067636334	0.25315545	0.36721562	32.297075
-0.0000094945417	-0.000006764246	0.25317968	0.3672457	32.3
-0.0000094954002	-0.0000067648577	0.25320386	0.36727573	32.302921
-0.0000094962573	-0.0000067654683	0.25322801	0.36730571	32.305836
-0.000009497113	-0.0000067660779	0.25325212	0.36733564	32.308747
-0.0000094979672	-0.0000067666865	0.25327618	0.36736552	32.311653
-0.00000949882	-0.000006767294	0.25330021	0.36739535	32.314555
-0.0000094996714	-0.0000067679006	0.2533242	0.36742512	32.317451
-0.0000095005214	-0.0000067685061	0.25334815	0.36745485	32.320342
-0.0000095013699	-0.0000067691107	0.25337205	0.36748453	32.323229
-0.000009502217	-0.0000067697142	0.25339592	0.36751416	32.326111
-0.0000095030628	-0.0000067703167	0.25341975	0.36754374	32.328988
-0.000009503907	-0.0000067709182	0.25344354	0.36757327	32.33186
-0.0000095047499	-0.0000067715187	0.25346729	0.36760274	32.334728
-0.0000095055914	-0.0000067721182	0.253491	0.36763217	32.33759
-0.0000095064314	-0.0000067727167	0.25351467	0.36766155	32.340448
-0.00000950727	-0.0000067733141	0.2535383	0.36769088	32.343301
-0.0000095081072	-0.0000067739106	0.25356189	0.36772016	32.346149
-0.000009508943	-0.000006774506	0.25358544	0.36774939	32.348992
-0.0000095097774	-0.0000067751005	0.25360895	0.36777857	32.351831
-0.0000095106103	-0.0000067756939	0.25363242	0.36780769	32.354665
-0.0000095114419	-0.0000067762863	0.25365586	0.36783677	32.357494
-0.000009512272	-0.0000067768777	0.25367925	0.3678658	32.360318
-0.0000095131007	-0.0000067774681	0.2537026	0.36789478	32.363137
-0.000009513928	-0.0000067780575	0.25372592	0.36792371	32.365951
-0.0000095147539	-0.0000067786459	0.25374919	0.36795259	32.368761
-0.0000095155784	-0.0000067792333	0.25377243	0.36798142	32.371566
-0.0000095164015	-0.0000067798197	0.25379562	0.3680102	32.374366
-0.0000095172231	-0.0000067804051	0.25381878	0.36803894	32.377161
-0.0000095180434	-0.0000067809894	0.25384189	0.36806762	32.379951
-0.0000095188622	-0.0000067815728	0.25386497	0.36809625	32.382737
-0.0000095196796	-0.0000067821552	0.25388801	0.36812483	32.385518
-0.0000095204956	-0.0000067827365	0.25391101	0.36815336	32.388294
-0.0000095213103	-0.0000067833169	0.25393397	0.36818185	32.391065
-0.0000095221235	-0.0000067838962	0.25395688	0.36821028	32.393832
-0.0000095229353	-0.0000067844746	0.25397977	0.36823866	32.396593
-0.0000095237456	-0.0000067850519	0.25400261	0.368267	32.39935
-0.0000095245546	-0.0000067856283	0.25402541	0.36829528	32.402103
-0.0000095253622	-0.0000067862036	0.25404817	0.36832352	32.40485
-0.0000095261684	-0.000006786778	0.25407089	0.36835171	32.407592
-0.0000095269732	-0.0000067873513	0.25409358	0.36837984	32.41033
-0.0000095277765	-0.0000067879237	0.25411622	0.36840793	32.413063
-0.0000095285785	-0.000006788495	0.25413883	0.36843597	32.415792
-0.0000095293791	-0.0000067890654	0.25416139	0.36846396	32.418515
-0.0000095301782	-0.0000067896347	0.25418392	0.3684919	32.421234
-0.000009530976	-0.0000067902031	0.2542064	0.36851979	32.423948
-0.0000095317723	-0.0000067907704	0.25422885	0.36854763	32.426657
-0.0000095325673	-0.0000067913368	0.25425126	0.36857542	32.429361
-0.0000095333609	-0.0000067919022	0.25427363	0.36860316	32.432061
-0.000009534153	-0.0000067924665	0.25429596	0.36863085	32.434756
-0.0000095349438	-0.0000067930299	0.25431825	0.3686585	32.437446
-0.0000095357332	-0.0000067935923	0.25434051	0.36868609	32.440131
-0.0000095365211	-0.0000067941536	0.25436272	0.36871364	32.442812
-0.0000095373077	-0.000006794714	0.25438489	0.36874113	32.445488
-0.0000095380929	-0.0000067952734	0.25440703	0.36876858	32.448159
-0.0000095388767	-0.0000067958318	0.25442912	0.36879598	32.450825
-0.000009539659	-0.0000067963892	0.25445118	0.36882333	32.453487
-0.00000954044	-0.0000067969456	0.2544732	0.36885063	32.456144
-0.0000095412196	-0.000006797501	0.25449518	0.36887788	32.458796
-0.0000095419979	-0.0000067980555	0.25451712	0.36890508	32.461444
-0.0000095427747	-0.0000067986089	0.25453902	0.36893224	32.464086
-0.0000095435501	-0.0000067991613	0.25456088	0.36895934	32.466724
-0.0000095443241	-0.0000067997128	0.2545827	0.3689864	32.469357
-0.0000095450968	-0.0000068002632	0.25460449	0.3690134	32.471986
-0.000009545868	-0.0000068008127	0.25462623	0.36904036	32.47461
-0.0000095466379	-0.0000068013612	0.25464794	0.36906727	32.477229
-0.0000095474064	-0.0000068019087	0.25466961	0.36909413	32.479843
-0.0000095481734	-0.0000068024552	0.25469124	0.36912094	32.482453
-0.0000095489391	-0.0000068030007	0.25471282	0.3691477	32.485057
-0.0000095497034	-0.0000068035452	0.25473438	0.36917441	32.487658
-0.0000095504664	-0.0000068040887	0.25475589	0.36920108	32.490253
-0.0000095512279	-0.0000068046313	0.25477736	0.3692277	32.492844
-0.0000095519881	-0.0000068051728	0.25479879	0.36925426	32.49543
-0.0000095527468	-0.0000068057134	0.25482019	0.36928078	32.498011
-0.0000095535042	-0.000006806253	0.25484155	0.36930725	32.500588
-0.0000095542602	-0.0000068067916	0.25486286	0.36933367	32.50316
-0.0000095550148	-0.0000068073292	0.25488414	0.36936005	32.505727
-0.0000095557681	-0.0000068078659	0.25490538	0.36938637	32.508289
-0.0000095565199	-0.0000068084015	0.25492659	0.36941265	32.510847
-0.0000095572704	-0.0000068089362	0.25494775	0.36943887	32.5134
-0.0000095580195	-0.0000068094699	0.25496887	0.36946505	32.515949
-0.0000095587672	-0.0000068100026	0.25498996	0.36949118	32.518492
-0.0000095595136	-0.0000068105343	0.25501101	0.36951726	32.521031
-0.0000095602585	-0.000006811065	0.25503202	0.3695433	32.523566
-0.0000095610021	-0.0000068115948	0.25505299	0.36956928	32.526095
-0.0000095617443	-0.0000068121235	0.25507392	0.36959522	32.52862
-0.0000095624852	-0.0000068126513	0.25509481	0.36962111	32.53114
-0.0000095632246	-0.0000068131781	0.25511566	0.36964695	32.533656
-0.0000095639627	-0.000006813704	0.25513648	0.36967274	32.536167
-0.0000095646994	-0.0000068142288	0.25515726	0.36969848	32.538673
-0.0000095654347	-0.0000068147527	0.255178	0.36972418	32.541175
-0.0000095661687	-0.0000068152756	0.2551987	0.36974982	32.543672
-0.0000095669013	-0.0000068157975	0.25521936	0.36977542	32.546164
-0.0000095676325	-0.0000068163185	0.25523998	0.36980097	32.548651
-0.0000095683623	-0.0000068168384	0.25526057	0.36982647	32.551134
-0.0000095690908	-0.0000068173574	0.25528111	0.36985193	32.553613
-0.0000095698179	-0.0000068178755	0.25530162	0.36987733	32.556086
-0.0000095705437	-0.0000068183925	0.25532209	0.36990269	32.558555
-0.000009571268	-0.0000068189086	0.25534252	0.369928	32.561019
-0.000009571991	-0.0000068194237	0.25536291	0.36995326	32.563479
-0.0000095727127	-0.0000068199378	0.25538327	0.36997848	32.565934
-0.0000095734329	-0.0000068204509	0.25540359	0.37000364	32.568384
-0.0000095741518	-0.0000068209631	0.25542386	0.37002876	32.57083
-0.0000095748694	-0.0000068214743	0.2554441	0.37005383	32.573271
-0.0000095755855	-0.0000068219845	0.2554643	0.37007885	32.575707
-0.0000095763004	-0.0000068224938	0.25548447	0.37010382	32.578139
-0.0000095770138	-0.000006823002	0.25550459	0.37012875	32.580566
-0.0000095777259	-0.0000068235094	0.25552468	0.37015363	32.582989
-0.0000095784366	-0.0000068240157	0.25554473	0.37017846	32.585407
-0.000009579146	-0.0000068245211	0.25556474	0.37020324	32.58782
-0.000009579854	-0.0000068250255	0.25558471	0.37022798	32.590228
-0.0000095805606	-0.0000068255289	0.25560465	0.37025266	32.592632
-0.0000095812659	-0.0000068260314	0.25562454	0.3702773	32.595032
-0.0000095819698	-0.0000068265329	0.2556444	0.37030189	32.597426
-0.0000095826724	-0.0000068270334	0.25566422	0.37032644	32.599816
-0.0000095833736	-0.000006827533	0.255684	0.37035093	32.602202
-0.0000095840735	-0.0000068280316	0.25570375	0.37037538	32.604583
-0.000009584772	-0.0000068285292	0.25572345	0.37039978	32.606959
-0.0000095854691	-0.0000068290259	0.25574312	0.37042414	32.609331
-0.0000095861649	-0.0000068295216	0.25576275	0.37044844	32.611698
-0.0000095868593	-0.0000068300164	0.25578234	0.3704727	32.61406
-0.0000095875524	-0.0000068305101	0.2558019	0.37049691	32.616418
-0.0000095882442	-0.0000068310029	0.25582141	0.37052108	32.618771
-0.0000095889345	-0.0000068314948	0.25584089	0.37054519	32.62112
-0.0000095896236	-0.0000068319857	0.25586033	0.37056926	32.623464
-0.0000095903112	-0.0000068324756	0.25587973	0.37059328	32.625804
-0.0000095909976	-0.0000068329646	0.2558991	0.37061726	32.628138
-0.0000095916826	-0.0000068334526	0.25591842	0.37064118	32.630469
-0.0000095923662	-0.0000068339396	0.25593771	0.37066506	32.632794
-0.0000095930485	-0.0000068344257	0.25595696	0.37068889	32.635116
-0.0000095937294	-0.0000068349109	0.25597618	0.37071268	32.637432
-0.000009594409	-0.000006835395	0.25599535	0.37073642	32.639744
-0.0000095950873	-0.0000068358782	0.25601449	0.37076011	32.642051
-0.0000095957642	-0.0000068363605	0.25603359	0.37078375	32.644354
-0.0000095964398	-0.0000068368418	0.25605265	0.37080735	32.646653
-0.000009597114	-0.0000068373221	0.25607168	0.3708309	32.648946
-0.0000095977869	-0.0000068378015	0.25609066	0.3708544	32.651235
-0.0000095984584	-0.00000683828	0.25610961	0.37087785	32.65352
-0.0000095991286	-0.0000068387574	0.25612853	0.37090126	32.6558
-0.0000095997975	-0.000006839234	0.2561474	0.37092462	32.658075
-0.000009600465	-0.0000068397095	0.25616624	0.37094793	32.660346
-0.0000096011312	-0.0000068401841	0.25618503	0.3709712	32.662613
-0.0000096017961	-0.0000068406578	0.2562038	0.37099442	32.664874
-0.0000096024596	-0.0000068411305	0.25622252	0.37101759	32.667132
-0.0000096031218	-0.0000068416023	0.25624121	0.37104072	32.669384
-0.0000096037826	-0.0000068420731	0.25625986	0.3710638	32.671632
-0.0000096044421	-0.0000068425429	0.25627847	0.37108683	32.673876
-0.0000096051003	-0.0000068430118	0.25629704	0.37110982	32.676115
-0.0000096057571	-0.0000068434798	0.25631558	0.37113276	32.67835
-0.0000096064126	-0.0000068439468	0.25633408	0.37115565	32.68058
-0.0000096070668	-0.0000068444129	0.25635254	0.37117849	32.682805
-0.0000096077197	-0.000006844878	0.25637096	0.37120129	32.685026
-0.0000096083712	-0.0000068453421	0.25638935	0.37122405	32.687243
-0.0000096090214	-0.0000068458054	0.2564077	0.37124675	32.689454
-0.0000096096702	-0.0000068462676	0.25642601	0.37126941	32.691662
-0.0000096103178	-0.000006846729	0.25644429	0.37129202	32.693865
-0.000009610964	-0.0000068471893	0.25646253	0.37131459	32.696063
-0.0000096116088	-0.0000068476488	0.25648073	0.37133711	32.698257
-0.0000096122524	-0.0000068481073	0.25649889	0.37135958	32.700446
-0.0000096128946	-0.0000068485648	0.25651702	0.37138201	32.702631
-0.0000096135355	-0.0000068490214	0.25653511	0.37140439	32.704812
-0.0000096141751	-0.0000068494771	0.25655316	0.37142672	32.706987
-0.0000096148134	-0.0000068499318	0.25657117	0.37144901	32.709159
-0.0000096154503	-0.0000068503856	0.25658915	0.37147125	32.711326
-0.000009616086	-0.0000068508384	0.25660709	0.37149344	32.713488
-0.0000096167203	-0.0000068512903	0.256625	0.37151559	32.715646
-0.0000096173532	-0.0000068517413	0.25664286	0.37153769	32.717799
-0.0000096179849	-0.0000068521913	0.25666069	0.37155975	32.719948
-0.0000096186153	-0.0000068526404	0.25667848	0.37158176	32.722092
-0.0000096192443	-0.0000068530885	0.25669624	0.37160372	32.724232
-0.000009619872	-0.0000068535357	0.25671396	0.37162564	32.726368
-0.0000096204984	-0.000006853982	0.25673164	0.37164751	32.728499
-0.0000096211235	-0.0000068544273	0.25674929	0.37166934	32.730625
-0.0000096217473	-0.0000068548717	0.25676689	0.37169112	32.732747
-0.0000096223697	-0.0000068553152	0.25678446	0.37171285	32.734865
-0.0000096229909	-0.0000068557577	0.256802	0.37173454	32.736978
-0.0000096236107	-0.0000068561993	0.2568195	0.37175618	32.739087
-0.0000096242292	-0.00000685664	0.25683696	0.37177777	32.741191
-0.0000096248465	-0.0000068570797	0.25685438	0.37179932	32.743291
-0.0000096254624	-0.0000068575185	0.25687177	0.37182083	32.745386
-0.000009626077	-0.0000068579564	0.25688912	0.37184228	32.747477
-0.0000096266903	-0.0000068583933	0.25690643	0.3718637	32.749563
-0.0000096273023	-0.0000068588293	0.25692371	0.37188506	32.751645
-0.0000096279129	-0.0000068592644	0.25694095	0.37190638	32.753723
-0.0000096285223	-0.0000068596985	0.25695815	0.37192766	32.755796
-0.0000096291304	-0.0000068601317	0.25697532	0.37194889	32.757865
-0.0000096297372	-0.000006860564	0.25699245	0.37197007	32.759929
-0.0000096303426	-0.0000068609954	0.25700954	0.37199121	32.761989
-0.0000096309468	-0.0000068614258	0.2570266	0.3720123	32.764044
-0.0000096315497	-0.0000068618553	0.25704362	0.37203335	32.766095
-0.0000096321513	-0.0000068622839	0.2570606	0.37205435	32.768141
-0.0000096327515	-0.0000068627116	0.25707755	0.3720753	32.770183
-0.0000096333505	-0.0000068631383	0.25709446	0.37209621	32.772221
-0.0000096339482	-0.0000068635641	0.25711133	0.37211708	32.774254
-0.0000096345446	-0.000006863989	0.25712817	0.3721379	32.776283
-0.0000096351396	-0.0000068644129	0.25714497	0.37215867	32.778308
-0.0000096357334	-0.000006864836	0.25716174	0.3721794	32.780328
-0.0000096363259	-0.0000068652581	0.25717847	0.37220008	32.782343
-0.0000096369171	-0.0000068656793	0.25719516	0.37222072	32.784355
-0.0000096375071	-0.0000068660996	0.25721182	0.37224131	32.786362
-0.0000096380957	-0.0000068665189	0.25722844	0.37226186	32.788364
-0.000009638683	-0.0000068669374	0.25724502	0.37228236	32.790362
-0.0000096392691	-0.0000068673549	0.25726157	0.37230282	32.792356
-0.0000096398538	-0.0000068677715	0.25727808	0.37232323	32.794345
-0.0000096404373	-0.0000068681872	0.25729455	0.37234359	32.79633
-0.0000096410195	-0.0000068686019	0.25731099	0.37236392	32.798311
-0.0000096416004	-0.0000068690158	0.2573274	0.37238419	32.800287
-0.00000964218	-0.0000068694287	0.25734376	0.37240442	32.802259
-0.0000096427583	-0.0000068698407	0.25736009	0.37242461	32.804226
-0.0000096433353	-0.0000068702518	0.25737639	0.37244475	32.806189
-0.0000096439111	-0.000006870662	0.25739264	0.37246485	32.808148
-0.0000096444856	-0.0000068710713	0.25740887	0.3724849	32.810102
-0.0000096450588	-0.0000068714797	0.25742505	0.37250491	32.812052
-0.0000096456307	-0.0000068718871	0.2574412	0.37252487	32.813998
-0.0000096462013	-0.0000068722937	0.25745732	0.37254478	32.815939
-0.0000096467707	-0.0000068726993	0.2574734	0.37256466	32.817876
-0.0000096473388	-0.000006873104	0.25748944	0.37258448	32.819809
-0.0000096479056	-0.0000068735078	0.25750544	0.37260427	32.821737
-0.0000096484711	-0.0000068739107	0.25752141	0.37262401	32.823661
-0.0000096490354	-0.0000068743127	0.25753735	0.3726437	32.82558
-0.0000096495983	-0.0000068747138	0.25755325	0.37266335	32.827496
-0.0000096501601	-0.000006875114	0.25756911	0.37268295	32.829406
-0.0000096507205	-0.0000068755133	0.25758494	0.37270251	32.831313
-0.0000096512797	-0.0000068759117	0.25760073	0.37272203	32.833215
-0.0000096518376	-0.0000068763091	0.25761649	0.3727415	32.835113
-0.0000096523942	-0.0000068767057	0.25763221	0.37276092	32.837007
-0.0000096529495	-0.0000068771013	0.25764789	0.37278031	32.838896
-0.0000096535036	-0.0000068774961	0.25766354	0.37279964	32.840781
-0.0000096540565	-0.00000687789	0.25767915	0.37281894	32.842662
-0.000009654608	-0.0000068782829	0.25769473	0.37283819	32.844538
-0.0000096551583	-0.000006878675	0.25771027	0.37285739	32.84641
-0.0000096557074	-0.0000068790661	0.25772578	0.37287655	32.848278
-0.0000096562551	-0.0000068794564	0.25774125	0.37289567	32.850142
-0.0000096568016	-0.0000068798457	0.25775668	0.37291474	32.852001
-0.0000096573469	-0.0000068802342	0.25777208	0.37293377	32.853856
-0.0000096578909	-0.0000068806217	0.25778745	0.37295275	32.855706
-0.0000096584336	-0.0000068810084	0.25780278	0.37297169	32.857553
-0.0000096589751	-0.0000068813941	0.25781807	0.37299059	32.859395
-0.0000096595153	-0.000006881779	0.25783333	0.37300944	32.861232
-0.0000096600542	-0.000006882163	0.25784855	0.37302825	32.863066
-0.0000096605919	-0.0000068825461	0.25786374	0.37304701	32.864895
-0.0000096611284	-0.0000068829282	0.25787889	0.37306573	32.86672
-0.0000096616636	-0.0000068833095	0.25789401	0.3730844	32.868541
-0.0000096621975	-0.0000068836899	0.25790909	0.37310304	32.870357
-0.0000096627302	-0.0000068840694	0.25792414	0.37312162	32.872169
-0.0000096632616	-0.000006884448	0.25793915	0.37314017	32.873977
-0.0000096637918	-0.0000068848258	0.25795412	0.37315867	32.875781
-0.0000096643207	-0.0000068852026	0.25796906	0.37317713	32.87758
-0.0000096648484	-0.0000068855785	0.25798397	0.37319554	32.879376
-0.0000096653749	-0.0000068859536	0.25799884	0.37321391	32.881167
-0.0000096659001	-0.0000068863278	0.25801368	0.37323223	32.882953
-0.000009666424	-0.000006886701	0.25802848	0.37325052	32.884736
-0.0000096669467	-0.0000068870734	0.25804324	0.37326876	32.886514
-0.0000096674682	-0.0000068874449	0.25805797	0.37328695	32.888288
-0.0000096679884	-0.0000068878156	0.25807267	0.3733051	32.890058
-0.0000096685074	-0.0000068881853	0.25808733	0.37332321	32.891823
-0.0000096690251	-0.0000068885542	0.25810195	0.37334128	32.893585
-0.0000096695416	-0.0000068889221	0.25811654	0.3733593	32.895342
-0.0000096700569	-0.0000068892892	0.2581311	0.37337728	32.897095
-0.0000096705709	-0.0000068896554	0.25814562	0.37339521	32.898843
-0.0000096710837	-0.0000068900208	0.25816011	0.3734131	32.900588
-0.0000096715953	-0.0000068903852	0.25817456	0.37343095	32.902328
-0.0000096721056	-0.0000068907488	0.25818897	0.37344876	32.904064
-0.0000096726147	-0.0000068911115	0.25820336	0.37346652	32.905796
-0.0000096731225	-0.0000068914733	0.2582177	0.37348424	32.907524
-0.0000096736291	-0.0000068918342	0.25823202	0.37350191	32.909247
-0.0000096741345	-0.0000068921943	0.25824629	0.37351954	32.910966
-0.0000096746387	-0.0000068925534	0.25826054	0.37353713	32.912682
-0.0000096751416	-0.0000068929117	0.25827475	0.37355468	32.914393
-0.0000096756433	-0.0000068932692	0.25828892	0.37357218	32.916099
-0.0000096761438	-0.0000068936257	0.25830306	0.37358965	32.917802
-0.000009676643	-0.0000068939814	0.25831716	0.37360706	32.9195
-0.000009677141	-0.0000068943362	0.25833123	0.37362444	32.921195
-0.0000096776378	-0.0000068946902	0.25834527	0.37364177	32.922885
-0.0000096781334	-0.0000068950432	0.25835927	0.37365906	32.924571
-0.0000096786278	-0.0000068953954	0.25837324	0.37367631	32.926252
-0.0000096791209	-0.0000068957467	0.25838717	0.37369351	32.92793
-0.0000096796128	-0.0000068960972	0.25840107	0.37371067	32.929603
-0.0000096801035	-0.0000068964468	0.25841493	0.37372779	32.931273
-0.000009680593	-0.0000068967955	0.25842876	0.37374487	32.932938
-0.0000096810812	-0.0000068971434	0.25844256	0.3737619	32.934599
-0.0000096815683	-0.0000068974903	0.25845632	0.37377889	32.936256
-0.0000096820541	-0.0000068978365	0.25847005	0.37379584	32.937909
-0.0000096825387	-0.0000068981817	0.25848374	0.37381274	32.939557
-0.0000096830221	-0.0000068985261	0.2584974	0.37382961	32.941202
-0.0000096835043	-0.0000068988696	0.25851102	0.37384643	32.942842
-0.0000096839853	-0.0000068992123	0.25852461	0.37386321	32.944478
-0.000009684465	-0.0000068995541	0.25853817	0.37387994	32.94611
-0.0000096849436	-0.000006899895	0.25855169	0.37389664	32.947739
-0.000009685421	-0.0000069002351	0.25856518	0.37391329	32.949362
-0.0000096858971	-0.0000069005743	0.25857863	0.3739299	32.950982
-0.000009686372	-0.0000069009127	0.25859205	0.37394647	32.952598
-0.0000096868458	-0.0000069012502	0.25860544	0.37396299	32.95421
-0.0000096873183	-0.0000069015869	0.25861879	0.37397948	32.955817
-0.0000096877896	-0.0000069019227	0.25863211	0.37399592	32.957421
-0.0000096882598	-0.0000069022576	0.25864539	0.37401232	32.95902
-0.0000096887287	-0.0000069025917	0.25865865	0.37402867	32.960615
-0.0000096891964	-0.0000069029249	0.25867186	0.37404499	32.962206
-0.0000096896629	-0.0000069032573	0.25868505	0.37406126	32.963793
-0.0000096901283	-0.0000069035888	0.25869819	0.37407749	32.965376
-0.0000096905924	-0.0000069039194	0.25871131	0.37409368	32.966955
-0.0000096910553	-0.0000069042492	0.25872439	0.37410983	32.96853
-0.0000096915171	-0.0000069045782	0.25873744	0.37412594	32.970101
-0.0000096919776	-0.0000069049063	0.25875046	0.374142	32.971668
-0.000009692437	-0.0000069052336	0.25876344	0.37415802	32.973231
-0.0000096928951	-0.00000690556	0.25877638	0.374174	32.974789
-0.0000096933521	-0.0000069058856	0.2587893	0.37418994	32.976344
-0.0000096938079	-0.0000069062103	0.25880218	0.37420584	32.977894
-0.0000096942625	-0.0000069065341	0.25881503	0.3742217	32.979441
-0.0000096947159	-0.0000069068572	0.25882784	0.37423751	32.980983
-0.0000096951681	-0.0000069071793	0.25884062	0.37425328	32.982522
-0.0000096956192	-0.0000069075007	0.25885337	0.37426902	32.984056
-0.000009696069	-0.0000069078212	0.25886608	0.37428471	32.985587
-0.0000096965177	-0.0000069081408	0.25887876	0.37430035	32.987113
-0.0000096969652	-0.0000069084596	0.25889141	0.37431596	32.988635
-0.0000096974115	-0.0000069087776	0.25890402	0.37433153	32.990154
-0.0000096978566	-0.0000069090947	0.2589166	0.37434705	32.991668
-0.0000096983006	-0.000006909411	0.25892915	0.37436254	32.993178
-0.0000096987433	-0.0000069097265	0.25894166	0.37437798	32.994685
-0.0000096991849	-0.0000069100411	0.25895414	0.37439338	32.996187
-0.0000096996253	-0.0000069103548	0.25896659	0.37440874	32.997685
-0.0000097000646	-0.0000069106678	0.258979	0.37442406	32.999179
-0.0000097005027	-0.0000069109799	0.25899138	0.37443934	33.00067
-0.0000097009396	-0.0000069112911	0.25900373	0.37445458	33.002156
-0.0000097013753	-0.0000069116016	0.25901605	0.37446977	33.003638
-0.0000097018099	-0.0000069119112	0.25902833	0.37448493	33.005117
-0.0000097022432	-0.0000069122199	0.25904058	0.37450004	33.006591
-0.0000097026755	-0.0000069125278	0.25905279	0.37451512	33.008062
-0.0000097031065	-0.0000069128349	0.25906498	0.37453015	33.009528
-0.0000097035364	-0.0000069131412	0.25907713	0.37454514	33.01099
-0.0000097039651	-0.0000069134467	0.25908925	0.3745601	33.012449
-0.0000097043927	-0.0000069137513	0.25910133	0.37457501	33.013903
-0.0000097048191	-0.0000069140551	0.25911338	0.37458988	33.015354
-0.0000097052443	-0.000006914358	0.2591254	0.37460471	33.016801
-0.0000097056684	-0.0000069146601	0.25913739	0.3746195	33.018243
-0.0000097060913	-0.0000069149614	0.25914934	0.37463425	33.019682
-0.0000097065131	-0.0000069152619	0.25916126	0.37464895	33.021117
-0.0000097069337	-0.0000069155616	0.25917315	0.37466362	33.022548
-0.0000097073532	-0.0000069158604	0.25918501	0.37467825	33.023975
-0.0000097077715	-0.0000069161584	0.25919683	0.37469284	33.025398
-0.0000097081886	-0.0000069164556	0.25920862	0.37470738	33.026817
-0.0000097086046	-0.000006916752	0.25922038	0.37472189	33.028232
-0.0000097090194	-0.0000069170475	0.25923211	0.37473636	33.029643
-0.0000097094331	-0.0000069173422	0.2592438	0.37475078	33.031051
-0.0000097098457	-0.0000069176361	0.25925546	0.37476517	33.032454
-0.000009710257	-0.0000069179292	0.25926709	0.37477951	33.033854
-0.0000097106673	-0.0000069182215	0.25927869	0.37479382	33.035249
-0.0000097110764	-0.000006918513	0.25929025	0.37480809	33.036641
-0.0000097114843	-0.0000069188036	0.25930179	0.37482231	33.038029
-0.0000097118912	-0.0000069190934	0.25931329	0.3748365	33.039413
-0.0000097122968	-0.0000069193824	0.25932475	0.37485064	33.040793
-0.0000097127014	-0.0000069196706	0.25933619	0.37486475	33.042169
-0.0000097131047	-0.000006919958	0.25934759	0.37487882	33.043541
-0.000009713507	-0.0000069202446	0.25935896	0.37489284	33.04491
-0.0000097139081	-0.0000069205304	0.2593703	0.37490683	33.046274
-0.0000097143081	-0.0000069208153	0.25938161	0.37492078	33.047635
-0.0000097147069	-0.0000069210995	0.25939288	0.37493468	33.048992
-0.0000097151046	-0.0000069213828	0.25940413	0.37494855	33.050345
-0.0000097155012	-0.0000069216654	0.25941534	0.37496238	33.051694
-0.0000097158966	-0.0000069219471	0.25942652	0.37497617	33.053039
-0.000009716291	-0.000006922228	0.25943766	0.37498992	33.054381
-0.0000097166841	-0.0000069225081	0.25944878	0.37500363	33.055718
-0.0000097170762	-0.0000069227874	0.25945986	0.3750173	33.057052
-0.0000097174671	-0.0000069230659	0.25947091	0.37503093	33.058382
-0.0000097178569	-0.0000069233436	0.25948193	0.37504452	33.059708
-0.0000097182456	-0.0000069236205	0.25949292	0.37505807	33.06103
-0.0000097186331	-0.0000069238967	0.25950388	0.37507159	33.062349
-0.0000097190196	-0.000006924172	0.2595148	0.37508506	33.063663
-0.0000097194049	-0.0000069244465	0.2595257	0.37509849	33.064974
-0.0000097197891	-0.0000069247202	0.25953656	0.37511189	33.066281
-0.0000097201721	-0.0000069249931	0.25954739	0.37512525	33.067584
-0.0000097205541	-0.0000069252652	0.25955819	0.37513856	33.068884
-0.0000097209349	-0.0000069255365	0.25956895	0.37515184	33.070179
-0.0000097213146	-0.000006925807	0.25957969	0.37516508	33.071471
-0.0000097216932	-0.0000069260768	0.25959039	0.37517828	33.072759
-0.0000097220707	-0.0000069263457	0.25960107	0.37519144	33.074043
-0.0000097224471	-0.0000069266139	0.25961171	0.37520457	33.075324
-0.0000097228224	-0.0000069268812	0.25962232	0.37521765	33.0766
-0.0000097231965	-0.0000069271478	0.2596329	0.37523069	33.077873
-0.0000097235696	-0.0000069274135	0.25964344	0.3752437	33.079142
-0.0000097239415	-0.0000069276785	0.25965396	0.37525667	33.080408
-0.0000097243124	-0.0000069279427	0.25966444	0.3752696	33.081669
-0.0000097246821	-0.0000069282061	0.2596749	0.37528249	33.082927
-0.0000097250507	-0.0000069284688	0.25968532	0.37529534	33.084181
-0.0000097254182	-0.0000069287306	0.25969571	0.37530815	33.085431
-0.0000097257847	-0.0000069289917	0.25970607	0.37532093	33.086678
-0.00000972615	-0.0000069292519	0.2597164	0.37533367	33.087921
-0.0000097265142	-0.0000069295114	0.2597267	0.37534636	33.08916
-0.0000097268773	-0.0000069297701	0.25973697	0.37535902	33.090395
-0.0000097272394	-0.000006930028	0.2597472	0.37537165	33.091627
-0.0000097276003	-0.0000069302852	0.25975741	0.37538423	33.092855
-0.0000097279602	-0.0000069305416	0.25976758	0.37539677	33.094079
-0.0000097283189	-0.0000069307971	0.25977773	0.37540928	33.095299
-0.0000097286766	-0.0000069310519	0.25978784	0.37542175	33.096516
-0.0000097290331	-0.000006931306	0.25979792	0.37543418	33.097729
-0.0000097293886	-0.0000069315592	0.25980797	0.37544657	33.098938
-0.000009729743	-0.0000069318117	0.25981799	0.37545893	33.100144
-0.0000097300963	-0.0000069320634	0.25982798	0.37547125	33.101346
-0.0000097304485	-0.0000069323144	0.25983794	0.37548352	33.102544
-0.0000097307997	-0.0000069325645	0.25984787	0.37549577	33.103739
-0.0000097311497	-0.0000069328139	0.25985777	0.37550797	33.10493
-0.0000097314987	-0.0000069330625	0.25986764	0.37552014	33.106117
-0.0000097318466	-0.0000069333104	0.25987748	0.37553226	33.1073
-0.0000097321934	-0.0000069335575	0.25988728	0.37554435	33.10848
-0.0000097325391	-0.0000069338038	0.25989706	0.37555641	33.109656
-0.0000097328838	-0.0000069340493	0.25990681	0.37556842	33.110829
-0.0000097332274	-0.0000069342941	0.25991652	0.3755804	33.111998
-0.0000097335699	-0.0000069345381	0.25992621	0.37559234	33.113163
-0.0000097339113	-0.0000069347814	0.25993586	0.37560424	33.114324
-0.0000097342517	-0.0000069350239	0.25994549	0.37561611	33.115482
-0.000009734591	-0.0000069352656	0.25995508	0.37562793	33.116637
-0.0000097349292	-0.0000069355065	0.25996465	0.37563972	33.117787
-0.0000097352664	-0.0000069357467	0.25997418	0.37565148	33.118934
-0.0000097356025	-0.0000069359862	0.25998368	0.37566319	33.120078
-0.0000097359375	-0.0000069362249	0.25999316	0.37567487	33.121217
-0.0000097362714	-0.0000069364628	0.2600026	0.37568651	33.122353
-0.0000097366043	-0.0000069367	0.26001202	0.37569812	33.123486
-0.0000097369362	-0.0000069369364	0.2600214	0.37570969	33.124615
-0.000009737267	-0.000006937172	0.26003075	0.37572122	33.12574
-0.0000097375967	-0.0000069374069	0.26004008	0.37573271	33.126862
-0.0000097379253	-0.0000069376411	0.26004937	0.37574417	33.12798
-0.0000097382529	-0.0000069378745	0.26005864	0.37575559	33.129094
-0.0000097385795	-0.0000069381071	0.26006787	0.37576697	33.130205
-0.000009738905	-0.000006938339	0.26007708	0.37577831	33.131313
-0.0000097392294	-0.0000069385702	0.26008625	0.37578962	33.132416
-0.0000097395528	-0.0000069388006	0.2600954	0.3758009	33.133517
-0.0000097398752	-0.0000069390302	0.26010451	0.37581213	33.134613
-0.0000097401964	-0.0000069392591	0.2601136	0.37582333	33.135706
-0.0000097405167	-0.0000069394873	0.26012266	0.37583449	33.136796
-0.0000097408359	-0.0000069397147	0.26013169	0.37584562	33.137882
-0.000009741154	-0.0000069399413	0.26014068	0.37585671	33.138964
-0.0000097414712	-0.0000069401673	0.26014965	0.37586776	33.140043
-0.0000097417872	-0.0000069403924	0.26015859	0.37587878	33.141118
-0.0000097421022	-0.0000069406169	0.2601675	0.37588976	33.14219
-0.0000097424162	-0.0000069408406	0.26017638	0.37590071	33.143258
-0.0000097427292	-0.0000069410635	0.26018523	0.37591161	33.144322
-0.0000097430411	-0.0000069412857	0.26019405	0.37592249	33.145384
-0.000009743352	-0.0000069415072	0.26020284	0.37593332	33.146441
-0.0000097436618	-0.000006941728	0.26021161	0.37594412	33.147495
-0.0000097439706	-0.000006941948	0.26022034	0.37595488	33.148546
-0.0000097442784	-0.0000069421672	0.26022905	0.37596561	33.149593
-0.0000097445852	-0.0000069423858	0.26023772	0.3759763	33.150636
-0.0000097448909	-0.0000069426036	0.26024637	0.37598696	33.151676
-0.0000097451956	-0.0000069428207	0.26025499	0.37599758	33.152713
-0.0000097454992	-0.000006943037	0.26026357	0.37600816	33.153746
-0.0000097458019	-0.0000069432526	0.26027213	0.37601871	33.154776
-0.0000097461035	-0.0000069434675	0.26028066	0.37602922	33.155802
-0.0000097464041	-0.0000069436817	0.26028917	0.3760397	33.156824
-0.0000097467037	-0.0000069438951	0.26029764	0.37605014	33.157843
-0.0000097470022	-0.0000069441078	0.26030608	0.37606055	33.158859
-0.0000097472997	-0.0000069443197	0.2603145	0.37607092	33.159871
-0.0000097475963	-0.000006944531	0.26032289	0.37608125	33.16088
-0.0000097478918	-0.0000069447415	0.26033124	0.37609155	33.161885
-0.0000097481862	-0.0000069449513	0.26033957	0.37610182	33.162887
-0.0000097484797	-0.0000069451604	0.26034787	0.37611204	33.163885
-0.0000097487722	-0.0000069453688	0.26035615	0.37612224	33.16488
-0.0000097490636	-0.0000069455764	0.26036439	0.3761324	33.165872
-0.0000097493541	-0.0000069457833	0.2603726	0.37614252	33.16686
-0.0000097496435	-0.0000069459895	0.26038079	0.37615261	33.167845
-0.0000097499319	-0.000006946195	0.26038895	0.37616266	33.168826
-0.0000097502194	-0.0000069463998	0.26039708	0.37617268	33.169804
-0.0000097505058	-0.0000069466038	0.26040518	0.37618266	33.170778
-0.0000097507912	-0.0000069468072	0.26041325	0.37619261	33.171749
-0.0000097510756	-0.0000069470098	0.2604213	0.37620252	33.172717
-0.000009751359	-0.0000069472117	0.26042932	0.3762124	33.173681
-0.0000097516415	-0.0000069474129	0.2604373	0.37622224	33.174642
-0.0000097519229	-0.0000069476134	0.26044526	0.37623205	33.175599
-0.0000097522033	-0.0000069478132	0.2604532	0.37624182	33.176553
-0.0000097524827	-0.0000069480123	0.2604611	0.37625156	33.177504
-0.0000097527612	-0.0000069482107	0.26046898	0.37626126	33.178451
-0.0000097530386	-0.0000069484083	0.26047682	0.37627093	33.179395
-0.0000097533151	-0.0000069486053	0.26048464	0.37628057	33.180335
-0.0000097535906	-0.0000069488016	0.26049244	0.37629017	33.181272
-0.000009753865	-0.0000069489971	0.2605002	0.37629973	33.182206
-0.0000097541385	-0.000006949192	0.26050794	0.37630926	33.183137
-0.0000097544111	-0.0000069493861	0.26051565	0.37631876	33.184064
-0.0000097546826	-0.0000069495796	0.26052333	0.37632822	33.184987
-0.0000097549531	-0.0000069497723	0.26053098	0.37633765	33.185908
-0.0000097552227	-0.0000069499644	0.26053861	0.37634705	33.186825
-0.0000097554913	-0.0000069501557	0.2605462	0.37635641	33.187739
-0.0000097557589	-0.0000069503464	0.26055377	0.37636573	33.188649
-0.0000097560256	-0.0000069505363	0.26056132	0.37637503	33.189556
-0.0000097562912	-0.0000069507256	0.26056883	0.37638428	33.19046
-0.0000097565559	-0.0000069509142	0.26057632	0.37639351	33.19136
-0.0000097568196	-0.0000069511021	0.26058378	0.3764027	33.192257
-0.0000097570824	-0.0000069512892	0.26059121	0.37641186	33.193151
-0.0000097573442	-0.0000069514757	0.26059862	0.37642098	33.194042
-0.000009757605	-0.0000069516616	0.260606	0.37643007	33.194929
-0.0000097578648	-0.0000069518467	0.26061335	0.37643912	33.195813
-0.0000097581237	-0.0000069520311	0.26062067	0.37644814	33.196694
-0.0000097583816	-0.0000069522149	0.26062797	0.37645713	33.197571
-0.0000097586386	-0.0000069523979	0.26063523	0.37646609	33.198445
-0.0000097588946	-0.0000069525803	0.26064248	0.37647501	33.199316
-0.0000097591496	-0.000006952762	0.26064969	0.37648389	33.200184
-0.0000097594037	-0.000006952943	0.26065688	0.37649275	33.201048
-0.0000097596568	-0.0000069531234	0.26066404	0.37650157	33.201909
-0.000009759909	-0.000006953303	0.26067117	0.37651036	33.202767
-0.0000097601602	-0.000006953482	0.26067828	0.37651911	33.203622
-0.0000097604104	-0.0000069536603	0.26068536	0.37652783	33.204473
-0.0000097606598	-0.0000069538379	0.26069241	0.37653652	33.205321
-0.0000097609081	-0.0000069540148	0.26069944	0.37654517	33.206166
-0.0000097611555	-0.0000069541911	0.26070644	0.3765538	33.207008
-0.000009761402	-0.0000069543667	0.26071341	0.37656239	33.207847
-0.0000097616475	-0.0000069545416	0.26072036	0.37657094	33.208682
-0.0000097618921	-0.0000069547159	0.26072728	0.37657946	33.209514
-0.0000097621358	-0.0000069548895	0.26073417	0.37658795	33.210343
-0.0000097623785	-0.0000069550624	0.26074104	0.37659641	33.211168
-0.0000097626202	-0.0000069552346	0.26074788	0.37660484	33.211991
-0.0000097628611	-0.0000069554062	0.26075469	0.37661323	33.21281
-0.0000097631009	-0.0000069555771	0.26076148	0.37662159	33.213626
-0.0000097633399	-0.0000069557473	0.26076824	0.37662991	33.214439
-0.0000097635779	-0.0000069559169	0.26077497	0.37663821	33.215249
-0.000009763815	-0.0000069560858	0.26078168	0.37664647	33.216055
-0.0000097640512	-0.0000069562541	0.26078836	0.3766547	33.216859
-0.0000097642864	-0.0000069564217	0.26079501	0.3766629	33.217659
-0.0000097645207	-0.0000069565886	0.26080164	0.37667106	33.218456
-0.0000097647541	-0.0000069567548	0.26080825	0.37667919	33.21925
-0.0000097649866	-0.0000069569205	0.26081482	0.37668729	33.220041
-0.0000097652181	-0.0000069570854	0.26082137	0.37669536	33.220829
-0.0000097654487	-0.0000069572497	0.2608279	0.3767034	33.221613
-0.0000097656784	-0.0000069574134	0.2608344	0.3767114	33.222395
-0.0000097659072	-0.0000069575763	0.26084087	0.37671937	33.223173
-0.000009766135	-0.0000069577387	0.26084731	0.37672731	33.223948
-0.000009766362	-0.0000069579004	0.26085374	0.37673522	33.22472
-0.000009766588	-0.0000069580614	0.26086013	0.37674309	33.225489
-0.0000097668131	-0.0000069582218	0.2608665	0.37675094	33.226255
-0.0000097670373	-0.0000069583815	0.26087284	0.37675875	33.227018
-0.0000097672606	-0.0000069585406	0.26087916	0.37676653	33.227777
-0.000009767483	-0.000006958699	0.26088545	0.37677428	33.228534
-0.0000097677045	-0.0000069588568	0.26089172	0.376782	33.229287
-0.0000097679251	-0.000006959014	0.26089796	0.37678968	33.230038
-0.0000097681447	-0.0000069591705	0.26090418	0.37679734	33.230785
-0.0000097683635	-0.0000069593263	0.26091037	0.37680496	33.231529
-0.0000097685814	-0.0000069594816	0.26091653	0.37681255	33.23227
-0.0000097687984	-0.0000069596361	0.26092267	0.37682011	33.233009
-0.0000097690144	-0.0000069597901	0.26092878	0.37682764	33.233744
-0.0000097692296	-0.0000069599434	0.26093487	0.37683514	33.234476
-0.0000097694439	-0.000006960096	0.26094093	0.3768426	33.235205
-0.0000097696573	-0.0000069602481	0.26094697	0.37685004	33.235931
-0.0000097698698	-0.0000069603995	0.26095298	0.37685744	33.236654
-0.0000097700814	-0.0000069605502	0.26095897	0.37686482	33.237374
-0.0000097702922	-0.0000069607004	0.26096493	0.37687216	33.23809
-0.000009770502	-0.0000069608499	0.26097087	0.37687947	33.238804
-0.000009770711	-0.0000069609987	0.26097678	0.37688675	33.239515
-0.000009770919	-0.000006961147	0.26098267	0.376894	33.240223
-0.0000097711262	-0.0000069612946	0.26098853	0.37690122	33.240928
-0.0000097713325	-0.0000069614416	0.26099437	0.37690841	33.24163
-0.000009771538	-0.0000069615879	0.26100018	0.37691557	33.242329
-0.0000097717425	-0.0000069617337	0.26100597	0.37692269	33.243024
-0.0000097719462	-0.0000069618788	0.26101173	0.37692979	33.243717
-0.000009772149	-0.0000069620232	0.26101747	0.37693686	33.244407
-0.0000097723509	-0.0000069621671	0.26102319	0.37694389	33.245094
-0.000009772552	-0.0000069623104	0.26102888	0.3769509	33.245778
-0.0000097727522	-0.000006962453	0.26103454	0.37695787	33.246459
-0.0000097729515	-0.000006962595	0.26104018	0.37696482	33.247137
-0.00000977315	-0.0000069627364	0.2610458	0.37697173	33.247813
-0.0000097733476	-0.0000069628771	0.26105139	0.37697861	33.248485
-0.0000097735443	-0.0000069630173	0.26105695	0.37698547	33.249154
-0.0000097737402	-0.0000069631568	0.2610625	0.37699229	33.24982
-0.0000097739352	-0.0000069632958	0.26106801	0.37699909	33.250484
-0.0000097741293	-0.0000069634341	0.26107351	0.37700585	33.251144
-0.0000097743226	-0.0000069635718	0.26107898	0.37701259	33.251802
-0.0000097745151	-0.0000069637089	0.26108442	0.37701929	33.252457
-0.0000097747066	-0.0000069638454	0.26108984	0.37702597	33.253108
-0.0000097748974	-0.0000069639813	0.26109524	0.37703261	33.253757
-0.0000097750872	-0.0000069641166	0.26110061	0.37703923	33.254403
-0.0000097752763	-0.0000069642512	0.26110596	0.37704581	33.255046
-0.0000097754645	-0.0000069643853	0.26111129	0.37705237	33.255686
-0.0000097756518	-0.0000069645188	0.26111659	0.3770589	33.256324
-0.0000097758383	-0.0000069646516	0.26112186	0.37706539	33.256958
-0.0000097760239	-0.0000069647839	0.26112712	0.37707186	33.25759
-0.0000097762088	-0.0000069649156	0.26113235	0.3770783	33.258218
-0.0000097763927	-0.0000069650466	0.26113755	0.37708471	33.258844
-0.0000097765759	-0.0000069651771	0.26114274	0.37709109	33.259467
-0.0000097767582	-0.000006965307	0.26114789	0.37709744	33.260087
-0.0000097769396	-0.0000069654362	0.26115303	0.37710376	33.260705
-0.0000097771202	-0.0000069655649	0.26115814	0.37711006	33.261319
-0.0000097773	-0.000006965693	0.26116323	0.37711632	33.261931
-0.000009777479	-0.0000069658205	0.26116829	0.37712255	33.26254
-0.0000097776571	-0.0000069659474	0.26117333	0.37712876	33.263146
-0.0000097778345	-0.0000069660738	0.26117835	0.37713494	33.263749
-0.0000097780109	-0.0000069661995	0.26118334	0.37714109	33.264349
-0.0000097781866	-0.0000069663246	0.26118832	0.37714721	33.264947
-0.0000097783615	-0.0000069664492	0.26119326	0.3771533	33.265542
-0.0000097785355	-0.0000069665732	0.26119819	0.37715936	33.266134
-0.0000097787087	-0.0000069666966	0.26120309	0.37716539	33.266723
-0.0000097788811	-0.0000069668194	0.26120797	0.3771714	33.267309
-0.0000097790526	-0.0000069669416	0.26121282	0.37717738	33.267893
-0.0000097792234	-0.0000069670633	0.26121765	0.37718333	33.268474
-0.0000097793933	-0.0000069671844	0.26122246	0.37718925	33.269052
-0.0000097795625	-0.0000069673049	0.26122725	0.37719514	33.269628
-0.0000097797308	-0.0000069674248	0.26123201	0.377201	33.2702
-0.0000097798983	-0.0000069675441	0.26123675	0.37720684	33.27077
-0.000009780065	-0.0000069676629	0.26124147	0.37721265	33.271337
-0.0000097802309	-0.0000069677811	0.26124617	0.37721843	33.271902
-0.000009780396	-0.0000069678987	0.26125084	0.37722418	33.272463
-0.0000097805603	-0.0000069680158	0.26125549	0.3772299	33.273022
-0.0000097807239	-0.0000069681323	0.26126011	0.3772356	33.273579
-0.0000097808866	-0.0000069682482	0.26126472	0.37724127	33.274132
-0.0000097810485	-0.0000069683635	0.2612693	0.37724691	33.274683
-0.0000097812096	-0.0000069684783	0.26127386	0.37725252	33.275231
-0.0000097813699	-0.0000069685926	0.2612784	0.37725811	33.275776
-0.0000097815295	-0.0000069687062	0.26128291	0.37726366	33.276319
-0.0000097816882	-0.0000069688193	0.26128741	0.37726919	33.276859
-0.0000097818462	-0.0000069689318	0.26129188	0.3772747	33.277397
-0.0000097820033	-0.0000069690438	0.26129632	0.37728017	33.277931
-0.0000097821597	-0.0000069691552	0.26130075	0.37728562	33.278463
-0.0000097823153	-0.0000069692661	0.26130515	0.37729104	33.278993
-0.0000097824702	-0.0000069693764	0.26130953	0.37729644	33.279519
-0.0000097826242	-0.0000069694862	0.26131389	0.3773018	33.280044
-0.0000097827775	-0.0000069695954	0.26131823	0.37730714	33.280565
-0.00000978293	-0.000006969704	0.26132255	0.37731245	33.281084
-0.0000097830817	-0.0000069698121	0.26132684	0.37731774	33.2816
-0.0000097832327	-0.0000069699196	0.26133111	0.377323	33.282113
-0.0000097833828	-0.0000069700266	0.26133536	0.37732823	33.282624
-0.0000097835323	-0.0000069701331	0.26133959	0.37733343	33.283133
-0.0000097836809	-0.000006970239	0.2613438	0.37733861	33.283638
-0.0000097838288	-0.0000069703443	0.26134798	0.37734376	33.284141
-0.0000097839759	-0.0000069704491	0.26135215	0.37734889	33.284642
-0.0000097841222	-0.0000069705534	0.26135629	0.37735399	33.28514
-0.0000097842678	-0.0000069706571	0.26136041	0.37735906	33.285635
-0.0000097844127	-0.0000069707603	0.26136451	0.3773641	33.286128
-0.0000097845567	-0.0000069708629	0.26136858	0.37736912	33.286618
-0.0000097847001	-0.0000069709651	0.26137264	0.37737412	33.287105
-0.0000097848426	-0.0000069710666	0.26137668	0.37737908	33.28759
-0.0000097849844	-0.0000069711677	0.26138069	0.37738402	33.288073
-0.0000097851255	-0.0000069712682	0.26138468	0.37738894	33.288553
-0.0000097852658	-0.0000069713681	0.26138865	0.37739382	33.28903
-0.0000097854054	-0.0000069714676	0.2613926	0.37739869	33.289505
-0.0000097855442	-0.0000069715665	0.26139653	0.37740352	33.289977
-0.0000097856823	-0.0000069716648	0.26140044	0.37740833	33.290447
-0.0000097858196	-0.0000069717627	0.26140433	0.37741312	33.290914
-0.0000097859562	-0.00000697186	0.26140819	0.37741787	33.291379
-0.0000097860921	-0.0000069719568	0.26141204	0.37742261	33.291841
-0.0000097862272	-0.0000069720531	0.26141586	0.37742731	33.292301
-0.0000097863616	-0.0000069721488	0.26141966	0.377432	33.292758
-0.0000097864953	-0.000006972244	0.26142345	0.37743665	33.293213
-0.0000097866282	-0.0000069723387	0.26142721	0.37744128	33.293665
-0.0000097867604	-0.0000069724329	0.26143095	0.37744589	33.294115
-0.0000097868919	-0.0000069725266	0.26143467	0.37745047	33.294562
-0.0000097870226	-0.0000069726197	0.26143837	0.37745502	33.295007
-0.0000097871526	-0.0000069727123	0.26144205	0.37745955	33.295449
-0.0000097872819	-0.0000069728045	0.26144571	0.37746405	33.295889
-0.0000097874105	-0.0000069728961	0.26144935	0.37746853	33.296326
-0.0000097875383	-0.0000069729871	0.26145297	0.37747299	33.296761
-0.0000097876655	-0.0000069730777	0.26145657	0.37747742	33.297194
-0.0000097877919	-0.0000069731678	0.26146014	0.37748182	33.297624
-0.0000097879176	-0.0000069732574	0.2614637	0.3774862	33.298051
-0.0000097880426	-0.0000069733464	0.26146724	0.37749055	33.298477
-0.0000097881669	-0.000006973435	0.26147076	0.37749488	33.298899
-0.0000097882905	-0.000006973523	0.26147426	0.37749919	33.29932
-0.0000097884133	-0.0000069736105	0.26147773	0.37750347	33.299738
-0.0000097885355	-0.0000069736976	0.26148119	0.37750772	33.300153
-0.000009788657	-0.0000069737841	0.26148463	0.37751195	33.300567
-0.0000097887777	-0.0000069738701	0.26148805	0.37751616	33.300978
-0.0000097888978	-0.0000069739557	0.26149144	0.37752034	33.301386
-0.0000097890172	-0.0000069740407	0.26149482	0.3775245	33.301792
-0.0000097891358	-0.0000069741253	0.26149818	0.37752863	33.302196
-0.0000097892538	-0.0000069742093	0.26150152	0.37753274	33.302597
-0.0000097893711	-0.0000069742929	0.26150484	0.37753683	33.302996
-0.0000097894877	-0.0000069743759	0.26150814	0.37754089	33.303393
-0.0000097896036	-0.0000069744585	0.26151142	0.37754493	33.303787
-0.0000097897188	-0.0000069745406	0.26151468	0.37754894	33.304179
-0.0000097898333	-0.0000069746222	0.26151792	0.37755293	33.304569
-0.0000097899472	-0.0000069747033	0.26152114	0.3775569	33.304956
-0.0000097900604	-0.0000069747839	0.26152435	0.37756084	33.305341
-0.0000097901728	-0.0000069748641	0.26152753	0.37756476	33.305724
-0.0000097902847	-0.0000069749437	0.2615307	0.37756865	33.306104
-0.0000097903958	-0.0000069750229	0.26153384	0.37757252	33.306482
-0.0000097905062	-0.0000069751016	0.26153697	0.37757637	33.306858
-0.000009790616	-0.0000069751798	0.26154007	0.37758019	33.307231
-0.0000097907251	-0.0000069752575	0.26154316	0.37758399	33.307602
-0.0000097908336	-0.0000069753348	0.26154623	0.37758777	33.307971
-0.0000097909414	-0.0000069754116	0.26154928	0.37759152	33.308338
-0.0000097910485	-0.0000069754879	0.26155231	0.37759526	33.308702
-0.0000097911549	-0.0000069755637	0.26155533	0.37759896	33.309065
-0.0000097912607	-0.0000069756391	0.26155832	0.37760265	33.309424
-0.0000097913658	-0.000006975714	0.2615613	0.37760631	33.309782
-0.0000097914703	-0.0000069757884	0.26156425	0.37760995	33.310137
-0.0000097915741	-0.0000069758624	0.26156719	0.37761357	33.310491
-0.0000097916773	-0.0000069759359	0.26157011	0.37761716	33.310842
-0.0000097917798	-0.0000069760089	0.26157301	0.37762073	33.31119
-0.0000097918816	-0.0000069760815	0.2615759	0.37762428	33.311537
-0.0000097919828	-0.0000069761536	0.26157876	0.3776278	33.311881
-0.0000097920834	-0.0000069762252	0.26158161	0.3776313	33.312223
-0.0000097921833	-0.0000069762964	0.26158443	0.37763478	33.312563
-0.0000097922826	-0.0000069763671	0.26158724	0.37763824	33.312901
-0.0000097923812	-0.0000069764374	0.26159004	0.37764168	33.313236
-0.0000097924792	-0.0000069765072	0.26159281	0.37764509	33.31357
-0.0000097925765	-0.0000069765765	0.26159556	0.37764848	33.313901
-0.0000097926733	-0.0000069766454	0.2615983	0.37765185	33.31423
-0.0000097927693	-0.0000069767139	0.26160102	0.3776552	33.314557
-0.0000097928648	-0.0000069767819	0.26160372	0.37765852	33.314881
-0.0000097929596	-0.0000069768494	0.26160641	0.37766182	33.315204
-0.0000097930538	-0.0000069769165	0.26160907	0.37766511	33.315524
-0.0000097931474	-0.0000069769832	0.26161172	0.37766836	33.315843
-0.0000097932403	-0.0000069770494	0.26161435	0.3776716	33.316159
-0.0000097933326	-0.0000069771152	0.26161696	0.37767482	33.316473
-0.0000097934243	-0.0000069771805	0.26161956	0.37767801	33.316785
-0.0000097935154	-0.0000069772454	0.26162214	0.37768118	33.317095
-0.0000097936058	-0.0000069773098	0.2616247	0.37768433	33.317402
-0.0000097936957	-0.0000069773738	0.26162724	0.37768746	33.317708
-0.0000097937849	-0.0000069774374	0.26162977	0.37769057	33.318012
-0.0000097938735	-0.0000069775005	0.26163228	0.37769366	33.318313
-0.0000097939615	-0.0000069775632	0.26163477	0.37769672	33.318613
-0.0000097940489	-0.0000069776255	0.26163724	0.37769977	33.31891
-0.0000097941357	-0.0000069776873	0.2616397	0.37770279	33.319205
-0.0000097942219	-0.0000069777488	0.26164214	0.37770579	33.319498
-0.0000097943075	-0.0000069778097	0.26164456	0.37770877	33.319789
-0.0000097943925	-0.0000069778703	0.26164696	0.37771173	33.320079
-0.0000097944769	-0.0000069779304	0.26164935	0.37771467	33.320366
-0.0000097945606	-0.0000069779901	0.26165172	0.37771759	33.320651
-0.0000097946438	-0.0000069780494	0.26165408	0.37772049	33.320934
-0.0000097947264	-0.0000069781082	0.26165642	0.37772337	33.321215
-0.0000097948085	-0.0000069781666	0.26165874	0.37772622	33.321494
-0.0000097948899	-0.0000069782246	0.26166104	0.37772906	33.321771
-0.0000097949707	-0.0000069782822	0.26166333	0.37773187	33.322046
-0.000009795051	-0.0000069783394	0.2616656	0.37773467	33.322319
-0.0000097951306	-0.0000069783962	0.26166786	0.37773744	33.32259
-0.0000097952097	-0.0000069784525	0.2616701	0.3777402	33.322859
-0.0000097952882	-0.0000069785084	0.26167232	0.37774293	33.323126
-0.0000097953662	-0.000006978564	0.26167452	0.37774565	33.323391
-0.0000097954435	-0.0000069786191	0.26167671	0.37774834	33.323654
-0.0000097955203	-0.0000069786738	0.26167889	0.37775102	33.323915
-0.0000097955965	-0.0000069787281	0.26168104	0.37775367	33.324175
-0.0000097956722	-0.000006978782	0.26168319	0.3777563	33.324432
-0.0000097957472	-0.0000069788354	0.26168531	0.37775892	33.324687
-0.0000097958217	-0.0000069788885	0.26168742	0.37776151	33.324941
-0.0000097958957	-0.0000069789412	0.26168951	0.37776409	33.325192
-0.0000097959691	-0.0000069789935	0.26169159	0.37776665	33.325442
-0.0000097960419	-0.0000069790454	0.26169365	0.37776918	33.32569
-0.0000097961141	-0.0000069790968	0.2616957	0.3777717	33.325936
-0.0000097961858	-0.0000069791479	0.26169773	0.3777742	33.32618
-0.000009796257	-0.0000069791986	0.26169974	0.37777668	33.326422
-0.0000097963276	-0.0000069792489	0.26170174	0.37777913	33.326662
-0.0000097963976	-0.0000069792988	0.26170372	0.37778157	33.3269
-0.0000097964671	-0.0000069793483	0.26170569	0.37778399	33.327137
-0.0000097965361	-0.0000069793975	0.26170764	0.3777864	33.327371
-0.0000097966045	-0.0000069794462	0.26170958	0.37778878	33.327604
-0.0000097966724	-0.0000069794946	0.2617115	0.37779114	33.327835
-0.0000097967397	-0.0000069795425	0.2617134	0.37779349	33.328064
-0.0000097968065	-0.0000069795901	0.26171529	0.37779581	33.328291
-0.0000097968728	-0.0000069796373	0.26171717	0.37779812	33.328516
-0.0000097969385	-0.0000069796841	0.26171903	0.37780041	33.32874
-0.0000097970037	-0.0000069797306	0.26172088	0.37780268	33.328962
-0.0000097970683	-0.0000069797766	0.26172271	0.37780493	33.329182
-0.0000097971324	-0.0000069798223	0.26172452	0.37780717	33.3294
-0.000009797196	-0.0000069798676	0.26172632	0.37780938	33.329616
-0.0000097972591	-0.0000069799126	0.26172811	0.37781158	33.329831
-0.0000097973217	-0.0000069799571	0.26172988	0.37781376	33.330044
-0.0000097973837	-0.0000069800013	0.26173163	0.37781592	33.330255
-0.0000097974452	-0.0000069800452	0.26173337	0.37781806	33.330464
-0.0000097975062	-0.0000069800886	0.2617351	0.37782019	33.330671
-0.0000097975667	-0.0000069801317	0.26173681	0.37782229	33.330877
-0.0000097976267	-0.0000069801744	0.26173851	0.37782438	33.331081
-0.0000097976861	-0.0000069802168	0.26174019	0.37782645	33.331283
-0.0000097977451	-0.0000069802588	0.26174186	0.3778285	33.331484
-0.0000097978035	-0.0000069803004	0.26174352	0.37783054	33.331683
-0.0000097978615	-0.0000069803417	0.26174516	0.37783256	33.33188
-0.0000097979189	-0.0000069803826	0.26174678	0.37783456	33.332075
-0.0000097979758	-0.0000069804232	0.26174839	0.37783654	33.332269
-0.0000097980323	-0.0000069804634	0.26174999	0.37783851	33.332461
-0.0000097980882	-0.0000069805033	0.26175158	0.37784046	33.332651
-0.0000097981437	-0.0000069805428	0.26175315	0.37784239	33.33284
-0.0000097981986	-0.0000069805819	0.2617547	0.3778443	33.333027
-0.0000097982531	-0.0000069806207	0.26175624	0.3778462	33.333212
-0.0000097983071	-0.0000069806592	0.26175777	0.37784808	33.333396
-0.0000097983606	-0.0000069806973	0.26175928	0.37784994	33.333578
-0.0000097984136	-0.000006980735	0.26176079	0.37785179	33.333758
-0.0000097984661	-0.0000069807725	0.26176227	0.37785362	33.333937
-0.0000097985181	-0.0000069808095	0.26176375	0.37785543	33.334114
-0.0000097985697	-0.0000069808463	0.2617652	0.37785722	33.334289
-0.0000097986208	-0.0000069808827	0.26176665	0.377859	33.334463
-0.0000097986714	-0.0000069809187	0.26176808	0.37786077	33.334635
-0.0000097987215	-0.0000069809545	0.2617695	0.37786251	33.334806
-0.0000097987712	-0.0000069809898	0.26177091	0.37786424	33.334975
-0.0000097988204	-0.0000069810249	0.2617723	0.37786596	33.335142
-0.0000097988692	-0.0000069810596	0.26177368	0.37786765	33.335308
-0.0000097989174	-0.000006981094	0.26177505	0.37786934	33.335472
-0.0000097989652	-0.0000069811281	0.2617764	0.377871	33.335635
-0.0000097990126	-0.0000069811618	0.26177774	0.37787265	33.335796
-0.0000097990595	-0.0000069811952	0.26177907	0.37787428	33.335956
-0.0000097991059	-0.0000069812283	0.26178038	0.3778759	33.336114
-0.0000097991519	-0.0000069812611	0.26178169	0.3778775	33.33627
-0.0000097991974	-0.0000069812935	0.26178297	0.37787909	33.336425
-0.0000097992425	-0.0000069813256	0.26178425	0.37788066	33.336578
-0.0000097992872	-0.0000069813574	0.26178551	0.37788221	33.33673
-0.0000097993314	-0.0000069813889	0.26178677	0.37788375	33.33688
-0.0000097993751	-0.0000069814201	0.261788	0.37788528	33.337029
-0.0000097994184	-0.0000069814509	0.26178923	0.37788678	33.337177
-0.0000097994613	-0.0000069814815	0.26179044	0.37788828	33.337322
-0.0000097995037	-0.0000069815117	0.26179164	0.37788976	33.337467
-0.0000097995457	-0.0000069815416	0.26179283	0.37789122	33.33761
-0.0000097995873	-0.0000069815712	0.26179401	0.37789267	33.337751
-0.0000097996284	-0.0000069816005	0.26179517	0.3778941	33.337891
-0.0000097996691	-0.0000069816295	0.26179633	0.37789552	33.338029
-0.0000097997094	-0.0000069816582	0.26179747	0.37789692	33.338167
-0.0000097997492	-0.0000069816866	0.26179859	0.37789831	33.338302
-0.0000097997887	-0.0000069817147	0.26179971	0.37789968	33.338436
-0.0000097998277	-0.0000069817425	0.26180081	0.37790104	33.338569
-0.0000097998663	-0.00000698177	0.26180191	0.37790238	33.3387
-0.0000097999045	-0.0000069817972	0.26180299	0.37790371	33.33883
-0.0000097999422	-0.0000069818241	0.26180406	0.37790503	33.338959
-0.0000097999796	-0.0000069818507	0.26180511	0.37790633	33.339086
-0.0000098000165	-0.000006981877	0.26180616	0.37790762	33.339211
-0.000009800053	-0.0000069819031	0.26180719	0.37790889	33.339336
-0.0000098000892	-0.0000069819288	0.26180822	0.37791015	33.339459
-0.0000098001249	-0.0000069819543	0.26180923	0.37791139	33.33958
-0.0000098001602	-0.0000069819794	0.26181023	0.37791262	33.3397
-0.0000098001951	-0.0000069820043	0.26181122	0.37791384	33.339819
-0.0000098002297	-0.0000069820289	0.26181219	0.37791504	33.339937
-0.0000098002638	-0.0000069820532	0.26181316	0.37791623	33.340053
-0.0000098002976	-0.0000069820773	0.26181412	0.3779174	33.340167
-0.0000098003309	-0.000006982101	0.26181506	0.37791856	33.340281
-0.0000098003639	-0.0000069821245	0.26181599	0.37791971	33.340393
-0.0000098003964	-0.0000069821477	0.26181691	0.37792085	33.340504
-0.0000098004286	-0.0000069821706	0.26181783	0.37792197	33.340613
-0.0000098004604	-0.0000069821933	0.26181873	0.37792308	33.340722
-0.0000098004919	-0.0000069822157	0.26181962	0.37792417	33.340828
-0.0000098005229	-0.0000069822378	0.2618205	0.37792525	33.340934
-0.0000098005536	-0.0000069822597	0.26182136	0.37792632	33.341038
-0.0000098005839	-0.0000069822813	0.26182222	0.37792738	33.341142
-0.0000098006138	-0.0000069823026	0.26182307	0.37792842	33.341243
-0.0000098006434	-0.0000069823237	0.26182391	0.37792945	33.341344
-0.0000098006726	-0.0000069823445	0.26182473	0.37793047	33.341443
-0.0000098007014	-0.000006982365	0.26182555	0.37793147	33.341541
-0.0000098007299	-0.0000069823853	0.26182635	0.37793246	33.341638
-0.000009800758	-0.0000069824053	0.26182715	0.37793344	33.341734
-0.0000098007858	-0.0000069824251	0.26182794	0.37793441	33.341828
-0.0000098008131	-0.0000069824446	0.26182871	0.37793536	33.341921
-0.0000098008402	-0.0000069824639	0.26182948	0.3779363	33.342013
-0.0000098008669	-0.0000069824829	0.26183023	0.37793723	33.342104
-0.0000098008932	-0.0000069825016	0.26183098	0.37793815	33.342194
-0.0000098009192	-0.0000069825202	0.26183171	0.37793905	33.342282
-0.0000098009449	-0.0000069825384	0.26183244	0.37793995	33.34237
-0.0000098009702	-0.0000069825565	0.26183316	0.37794083	33.342456
-0.0000098009951	-0.0000069825742	0.26183386	0.3779417	33.342541
-0.0000098010198	-0.0000069825918	0.26183456	0.37794256	33.342624
-0.000009801044	-0.0000069826091	0.26183525	0.3779434	33.342707
-0.000009801068	-0.0000069826262	0.26183593	0.37794424	33.342788
-0.0000098010916	-0.000006982643	0.26183659	0.37794506	33.342869
-0.0000098011149	-0.0000069826596	0.26183725	0.37794587	33.342948
-0.0000098011379	-0.0000069826759	0.2618379	0.37794667	33.343026
-0.0000098011605	-0.0000069826921	0.26183854	0.37794746	33.343103
-0.0000098011828	-0.000006982708	0.26183918	0.37794824	33.343179
-0.0000098012048	-0.0000069827236	0.2618398	0.377949	33.343254
-0.0000098012265	-0.0000069827391	0.26184041	0.37794976	33.343328
-0.0000098012479	-0.0000069827543	0.26184102	0.3779505	33.3434
-0.0000098012689	-0.0000069827693	0.26184161	0.37795123	33.343472
-0.0000098012897	-0.0000069827841	0.2618422	0.37795196	33.343543
-0.0000098013101	-0.0000069827986	0.26184278	0.37795267	33.343612
-0.0000098013302	-0.000006982813	0.26184335	0.37795337	33.34368
-0.00000980135	-0.0000069828271	0.26184391	0.37795406	33.343748
-0.0000098013695	-0.000006982841	0.26184446	0.37795474	33.343814
-0.0000098013887	-0.0000069828547	0.261845	0.37795541	33.34388
-0.0000098014076	-0.0000069828681	0.26184554	0.37795607	33.343944
-0.0000098014263	-0.0000069828814	0.26184607	0.37795671	33.344007
-0.0000098014446	-0.0000069828944	0.26184659	0.37795735	33.34407
-0.0000098014626	-0.0000069829073	0.2618471	0.37795798	33.344131
-0.0000098014803	-0.0000069829199	0.2618476	0.3779586	33.344191
-0.0000098014978	-0.0000069829324	0.26184809	0.3779592	33.344251
-0.000009801515	-0.0000069829446	0.26184858	0.3779598	33.344309
-0.0000098015318	-0.0000069829566	0.26184906	0.37796039	33.344366
-0.0000098015484	-0.0000069829684	0.26184953	0.37796097	33.344423
-0.0000098015648	-0.0000069829801	0.26184999	0.37796154	33.344478
-0.0000098015808	-0.0000069829915	0.26185044	0.3779621	33.344533
-0.0000098015966	-0.0000069830027	0.26185089	0.37796265	33.344587
-0.0000098016121	-0.0000069830138	0.26185133	0.37796319	33.344639
-0.0000098016273	-0.0000069830246	0.26185176	0.37796372	33.344691
-0.0000098016423	-0.0000069830353	0.26185218	0.37796424	33.344742
-0.000009801657	-0.0000069830458	0.2618526	0.37796475	33.344792
-0.0000098016714	-0.0000069830561	0.26185301	0.37796525	33.344841
-0.0000098016856	-0.0000069830662	0.26185341	0.37796575	33.34489
-0.0000098016995	-0.0000069830761	0.2618538	0.37796623	33.344937
-0.0000098017132	-0.0000069830858	0.26185419	0.37796671	33.344983
-0.0000098017266	-0.0000069830954	0.26185457	0.37796717	33.345029
-0.0000098017398	-0.0000069831047	0.26185494	0.37796763	33.345074
-0.0000098017527	-0.0000069831139	0.26185531	0.37796808	33.345118
-0.0000098017653	-0.000006983123	0.26185567	0.37796852	33.345161
-0.0000098017778	-0.0000069831318	0.26185602	0.37796896	33.345203
-0.0000098017899	-0.0000069831405	0.26185636	0.37796938	33.345244
-0.0000098018019	-0.000006983149	0.2618567	0.3779698	33.345285
-0.0000098018136	-0.0000069831573	0.26185703	0.3779702	33.345325
-0.000009801825	-0.0000069831655	0.26185736	0.3779706	33.345364
-0.0000098018363	-0.0000069831735	0.26185767	0.37797099	33.345402
-0.0000098018473	-0.0000069831813	0.26185799	0.37797138	33.34544
-0.0000098018581	-0.000006983189	0.26185829	0.37797175	33.345476
-0.0000098018686	-0.0000069831965	0.26185859	0.37797212	33.345512
-0.0000098018789	-0.0000069832039	0.26185888	0.37797248	33.345547
-0.000009801889	-0.0000069832111	0.26185917	0.37797283	33.345582
-0.0000098018989	-0.0000069832181	0.26185945	0.37797318	33.345615
-0.0000098019086	-0.000006983225	0.26185972	0.37797351	33.345648
-0.0000098019181	-0.0000069832318	0.26185999	0.37797384	33.34568
-0.0000098019273	-0.0000069832384	0.26186025	0.37797416	33.345712
-0.0000098019363	-0.0000069832448	0.26186051	0.37797448	33.345742
-0.0000098019452	-0.0000069832511	0.26186076	0.37797479	33.345773
-0.0000098019538	-0.0000069832572	0.261861	0.37797509	33.345802
-0.0000098019622	-0.0000069832632	0.26186124	0.37797538	33.34583
-0.0000098019704	-0.0000069832691	0.26186147	0.37797567	33.345858
-0.0000098019784	-0.0000069832748	0.2618617	0.37797594	33.345886
-0.0000098019863	-0.0000069832804	0.26186192	0.37797622	33.345912
-0.0000098019939	-0.0000069832858	0.26186214	0.37797648	33.345938
-0.0000098020013	-0.0000069832911	0.26186235	0.37797674	33.345964
-0.0000098020086	-0.0000069832963	0.26186255	0.377977	33.345988
-0.0000098020157	-0.0000069833013	0.26186275	0.37797724	33.346012
-0.0000098020226	-0.0000069833062	0.26186295	0.37797748	33.346036
-0.0000098020293	-0.000006983311	0.26186314	0.37797771	33.346059
-0.0000098020358	-0.0000069833156	0.26186332	0.37797794	33.346081
-0.0000098020421	-0.0000069833202	0.2618635	0.37797816	33.346102
-0.0000098020483	-0.0000069833246	0.26186368	0.37797838	33.346123
-0.0000098020543	-0.0000069833288	0.26186385	0.37797859	33.346144
-0.0000098020601	-0.000006983333	0.26186401	0.37797879	33.346164
-0.0000098020658	-0.000006983337	0.26186417	0.37797899	33.346183
-0.0000098020713	-0.0000069833409	0.26186433	0.37797918	33.346202
-0.0000098020766	-0.0000069833447	0.26186448	0.37797936	33.34622
-0.0000098020818	-0.0000069833484	0.26186462	0.37797954	33.346237
-0.0000098020868	-0.000006983352	0.26186477	0.37797972	33.346254
-0.0000098020917	-0.0000069833555	0.2618649	0.37797989	33.346271
-0.0000098020964	-0.0000069833588	0.26186504	0.37798005	33.346287
-0.000009802101	-0.0000069833621	0.26186517	0.37798021	33.346303
-0.0000098021054	-0.0000069833652	0.26186529	0.37798037	33.346318
-0.0000098021097	-0.0000069833683	0.26186541	0.37798051	33.346332
-0.0000098021138	-0.0000069833712	0.26186553	0.37798066	33.346346
-0.0000098021178	-0.000006983374	0.26186564	0.3779808	33.34636
-0.0000098021216	-0.0000069833768	0.26186575	0.37798093	33.346373
-0.0000098021253	-0.0000069833794	0.26186586	0.37798106	33.346385
-0.0000098021289	-0.000006983382	0.26186596	0.37798118	33.346398
-0.0000098021323	-0.0000069833844	0.26186605	0.3779813	33.346409
-0.0000098021356	-0.0000069833868	0.26186615	0.37798142	33.346421
-0.0000098021388	-0.0000069833891	0.26186624	0.37798153	33.346431
-0.0000098021419	-0.0000069833912	0.26186633	0.37798164	33.346442
-0.0000098021448	-0.0000069833933	0.26186641	0.37798174	33.346452
-0.0000098021477	-0.0000069833953	0.26186649	0.37798184	33.346461
-0.0000098021504	-0.0000069833973	0.26186657	0.37798193	33.346471
-0.000009802153	-0.0000069833991	0.26186664	0.37798202	33.346479
-0.0000098021554	-0.0000069834009	0.26186671	0.37798211	33.346488
-0.0000098021578	-0.0000069834026	0.26186678	0.37798219	33.346496
-0.0000098021601	-0.0000069834042	0.26186684	0.37798227	33.346504
-0.0000098021622	-0.0000069834057	0.2618669	0.37798235	33.346511
-0.0000098021643	-0.0000069834072	0.26186696	0.37798242	33.346518
-0.0000098021663	-0.0000069834086	0.26186702	0.37798249	33.346525
-0.0000098021681	-0.0000069834099	0.26186707	0.37798255	33.346531
-0.0000098021699	-0.0000069834112	0.26186712	0.37798261	33.346537
-0.0000098021716	-0.0000069834124	0.26186717	0.37798267	33.346543
-0.0000098021731	-0.0000069834135	0.26186721	0.37798273	33.346548
-0.0000098021746	-0.0000069834146	0.26186725	0.37798278	33.346553
-0.000009802176	-0.0000069834156	0.26186729	0.37798283	33.346558
-0.0000098021774	-0.0000069834165	0.26186733	0.37798287	33.346562
-0.0000098021786	-0.0000069834174	0.26186737	0.37798292	33.346567
-0.0000098021798	-0.0000069834182	0.2618674	0.37798296	33.346571
-0.0000098021809	-0.000006983419	0.26186743	0.377983	33.346574
-0.0000098021819	-0.0000069834197	0.26186746	0.37798303	33.346578
-0.0000098021829	-0.0000069834204	0.26186749	0.37798306	33.346581
-0.0000098021837	-0.0000069834211	0.26186751	0.37798309	33.346584
-0.0000098021846	-0.0000069834216	0.26186753	0.37798312	33.346587
-0.0000098021853	-0.0000069834222	0.26186756	0.37798315	33.34659
-0.000009802186	-0.0000069834227	0.26186757	0.37798317	33.346592
-0.0000098021867	-0.0000069834231	0.26186759	0.3779832	33.346594
-0.0000098021872	-0.0000069834235	0.26186761	0.37798322	33.346596
-0.0000098021878	-0.0000069834239	0.26186762	0.37798324	33.346598
-0.0000098021883	-0.0000069834243	0.26186764	0.37798325	33.346599
-0.0000098021887	-0.0000069834246	0.26186765	0.37798327	33.346601
-0.0000098021891	-0.0000069834248	0.26186766	0.37798328	33.346602
-0.0000098021894	-0.0000069834251	0.26186767	0.37798329	33.346603
-0.0000098021897	-0.0000069834253	0.26186768	0.3779833	33.346604
-0.00000980219	-0.0000069834255	0.26186769	0.37798331	33.346605
-0.0000098021902	-0.0000069834257	0.26186769	0.37798332	33.346606
-0.0000098021904	-0.0000069834258	0.2618677	0.37798333	33.346607
-0.0000098021906	-0.0000069834259	0.2618677	0.37798333	33.346607
-0.0000098021907	-0.000006983426	0.26186771	0.37798334	33.346608
-0.0000098021908	-0.0000069834261	0.26186771	0.37798334	33.346608
-0.0000098021909	-0.0000069834262	0.26186771	0.37798335	33.346609
-0.000009802191	-0.0000069834262	0.26186772	0.37798335	33.346609
-0.0000098021911	-0.0000069834263	0.26186772	0.37798335	33.346609
-0.0000098021911	-0.0000069834263	0.26186772	0.37798335	33.346609
-0.0000098021911	-0.0000069834263	0.26186772	0.37798335	33.346609
-0.0000098021911	-0.0000069834263	0.26186772	0.37798335	33.346609
-0.0000098021911	-0.0000069834263	0.26186772	0.37798335	33.346609
-0.0000098021911	-0.0000069834263	0.26186772	0.37798335	33.346609
-0.0000098021911	-0.0000069834263	0.26186772	0.37798335	33.346609