0	0	0	0	0
-0.000011302666	-0.000021512126	0	0	0
-0.00008751733	-0.00016656989	0	0	0
-0.00028574119	-0.00054384517	0	0	0
-0.00065489205	-0.0012464422	0	0	0
-0.0012360888	-0.0023526217	0	0	0
-0.0020630317	-0.0039265247	0	0	0
-0.0031623831	-0.006018897	0	0	0
-0.0045541476	-0.0086678129	0	0	0
-0.0062520526	-0.0118994	0	0	0
-0.0082639287	-0.015728561	0	0	0
-0.01059209	-0.020159702	0	0	0
-0.013233716	-0.025187452	0	0	0
-0.016181228	-0.030797391	0	0	0
-0.019422676	-0.036966769	0	0	0
-0.022942111	-0.043665236	0	0	0
-0.026719974	-0.050855563	0	0	0
-0.03073347	-0.058494365	0	0	0
-0.034956951	-0.066532827	0	0	0
-0.039362297	-0.074917429	0	0	0
-0.043919294	-0.083590665	0	0	0
-0.048596018	-0.092491775	0	0	0
-0.053359211	-0.10155746	0	0	0
-0.058174668	-0.11072262	0	0	0
-0.063007608	-0.11992105	0	0	0
-0.067823064	-0.12908621	0	0	0
-0.072586258	-0.13815189	0	0	0
-0.077262982	-0.147053	0	0	0
-0.081819979	-0.15572624	0	0	0
-0.086225325	-0.16411084	0	0	0
-0.090448806	-0.1721493	0	0	0
-0.094462301	-0.1797881	0	0	0
-0.098240164	-0.18697843	0	0	0
-0.1017596	-0.1936769	0	0	0
-0.10500105	-0.19984628	0	0	0
-0.10794856	-0.20545622	0	0	0
-0.11059019	-0.21048397	0	0	0
-0.11291835	-0.21491511	0	0	0
-0.11493022	-0.21874427	0	0	0
-0.11662813	-0.22197585	0	0	0
-0.11801989	-0.22462477	0	0	0
-0.11911924	-0.22671714	0	0	0
-0.11994619	-0.22829105	0	0	0
-0.12052738	-0.22939723	0	0	0
-0.12089653	-0.23009982	0	0	0
-0.12109476	-0.2304771	0	0	0
-0.12117097	-0.23062216	0	0	0
-0.12118228	-0.23064367	0	0	0
-0.12118228	-0.23064367	0.0000010923325	0.0000020263036	0
-0.12118228	-0.23064367	0.0000086544733	0.000016054261	0
-0.12118228	-0.23064367	0.000028926186	0.000053658786	0
-0.12118228	-0.23064367	0.000067899242	0.00012595476	0
-0.12118228	-0.23064367	0.00013132069	0.0002436031	0
-0.12118228	-0.23064367	0.00022469609	0.00041681678	0
-0.12118228	-0.23064367	0.00035329284	0.00065536691	0
-0.12118228	-0.23064367	0.00052214336	0.00096858878	0
-0.12118228	-0.23064367	0.00073604842	0.0013653879	0
-0.12118228	-0.23064367	0.00099958036	0.0018542462	0
-0.12118228	-0.23064367	0.0013170864	0.0024432276	0
-0.12118228	-0.23064367	0.0016926918	0.0031399849	0
-0.12118228	-0.23064367	0.0021303032	0.0039517649	0
-0.12118228	-0.23064367	0.0026336121	0.0048854152	0
-0.12118228	-0.23064367	0.0032060976	0.0059473899	0
-0.12118228	-0.23064367	0.0038510301	0.0071437555	0
-0.12118228	-0.23064367	0.0045714744	0.0084801974	0
-0.12118228	-0.23064367	0.005370293	0.0099620256	0
-0.12118228	-0.23064367	0.0062501494	0.011594181	0
-0.12118228	-0.23064367	0.0072135114	0.013381241	0
-0.12118228	-0.23064367	0.0082626539	0.015327426	0
-0.12118228	-0.23064367	0.009399663	0.017436606	0
-0.12118228	-0.23064367	0.010626439	0.019712305	0
-0.12118228	-0.23064367	0.011944698	0.022157708	0
-0.12118228	-0.23064367	0.013355978	0.024775668	0
-0.12118228	-0.23064367	0.014861642	0.027568711	0
-0.12118228	-0.23064367	0.016462876	0.030539041	0
-0.12118228	-0.23064367	0.018160701	0.033688548	0
-0.12118228	-0.23064367	0.019955969	0.037018814	0
-0.12118228	-0.23064367	0.021849369	0.040531117	0
-0.12118228	-0.23064367	0.023841431	0.04422644	0
-0.12118228	-0.23064367	0.025932526	0.048105474	0
-0.12118228	-0.23064367	0.028122876	0.052168626	0
-0.12118228	-0.23064367	0.030412548	0.056416025	0
-0.12118228	-0.23064367	0.032801467	0.060847528	0
-0.12118228	-0.23064367	0.035289409	0.065462723	0
-0.12118228	-0.23064367	0.037876015	0.07026094	0
-0.12118228	-0.23064367	0.040560786	0.075241256	0
-0.12118228	-0.23064367	0.043343089	0.080402496	0
-0.12118228	-0.23064367	0.046222162	0.085743247	0
-0.12118228	-0.23064367	0.049197115	0.091261858	0
-0.12118228	-0.23064367	0.052266933	0.096956447	0
-0.12118228	-0.23064367	0.055430483	0.10282491	0
-0.12118228	-0.23064367	0.058686511	0.10886492	0
-0.12118228	-0.23064367	0.062033652	0.11507395	0
-0.12118228	-0.23064367	0.065470428	0.12144925	0
-0.12118228	-0.23064367	0.068995254	0.12798789	0
-0.12118228	-0.23064367	0.07260644	0.13468673	0
-0.12118228	-0.23064367	0.076302197	0.14154245	0
-0.12118228	-0.23064367	0.080080635	0.14855155	0
-0.12118228	-0.23064367	0.083939772	0.15571034	0
-0.12118228	-0.23064367	0.087877533	0.16301498	0
-0.12118228	-0.23064367	0.091891755	0.17046147	0
-0.12118228	-0.23064367	0.095980191	0.17804561	0
-0.12118228	-0.23064367	0.10014051	0.18576311	0
-0.12118228	-0.23064367	0.10437031	0.19360949	0
-0.12118228	-0.23064367	0.1086671	0.20158015	0
-0.12118228	-0.23064367	0.11302834	0.20967035	0
-0.12118228	-0.23064367	0.11745139	0.21787522	0
-0.12118228	-0.23064367	0.12193358	0.22618978	0
-0.12118228	-0.23064367	0.12647214	0.23460893	0
-0.12118228	-0.23064367	0.13106428	0.24312746	0
-0.12118228	-0.23064367	0.13570712	0.25174005	0
-0.12118228	-0.23064367	0.14039776	0.26044129	0
-0.12118228	-0.23064367	0.14513322	0.26922569	0
-0.12118228	-0.23064367	0.1499105	0.27808766	0
-0.12118228	-0.23064367	0.15472653	0.28702153	0
-0.12118228	-0.23064367	0.15957824	0.29602156	0
-0.12118228	-0.23064367	0.16446249	0.30508196	0
-0.12118228	-0.23064367	0.16937612	0.31419687	0
-0.12118228	-0.23064367	0.17431594	0.32336035	0
-0.12118228	-0.23064367	0.17927873	0.33256645	0
-0.12118228	-0.23064367	0.18426125	0.34180915	0
-0.12118228	-0.23064367	0.18926025	0.35108241	0
-0.12118228	-0.23064367	0.19427244	0.36038016	0
-0.12118228	-0.23064367	0.19929455	0.36969629	0
-0.12118228	-0.23064367	0.20432327	0.37902469	0
-0.12118228	-0.23064367	0.2093553	0.38835923	0
-0.12118228	-0.23064367	0.21438733	0.39769376	0
-0.12118228	-0.23064367	0.21941605	0.40702216	0
-0.12118228	-0.23064367	0.22443815	0.4163383	0
-0.12118228	-0.23064367	0.22945035	0.42563604	0
-0.12118228	-0.23064367	0.23444935	0.43490931	0
-0.12118228	-0.23064367	0.23943187	0.44415201	0
-0.12118228	-0.23064367	0.24439466	0.45335811	0
-0.12118228	-0.23064367	0.24933448	0.46252159	0
-0.12118228	-0.23064367	0.25424811	0.47163649	0
-0.12118228	-0.23064367	0.25913236	0.48069689	0
-0.12118228	-0.23064367	0.26398406	0.48969693	0
-0.12118228	-0.23064367	0.2688001	0.4986308	0
-0.12118228	-0.23064367	0.27357738	0.50749277	0
-0.12118228	-0.23064367	0.27831284	0.51627716	0
-0.12118228	-0.23064367	0.28300348	0.52497841	0
-0.12118228	-0.23064367	0.28764632	0.533591	0
-0.12118228	-0.23064367	0.29223846	0.54210952	0
-0.12118228	-0.23064367	0.29677702	0.55052867	0
-0.12118228	-0.23064367	0.3012592	0.55884323	0
-0.12118228	-0.23064367	0.30568226	0.56704811	0
-0.12118228	-0.23064367	0.31004349	0.57513831	0
-0.12118228	-0.23064367	0.31434029	0.58310896	0
-0.12118228	-0.23064367	0.31857009	0.59095534	0
-0.12118228	-0.23064367	0.32273041	0.59867284	0
-0.12118228	-0.23064367	0.32681884	0.60625699	0
-0.12118228	-0.23064367	0.33083306	0.61370347	0
-0.12118228	-0.23064367	0.33477082	0.62100811	0
-0.12118228	-0.23064367	0.33862996	0.62816691	0
-0.12118228	-0.23064367	0.3424084	0.635176	0
-0.12118228	-0.23064367	0.34610416	0.64203172	0
-0.12118228	-0.23064367	0.34971534	0.64873056	0
-0.12118228	-0.23064367	0.35324017	0.6552692	0
-0.12118228	-0.23064367	0.35667695	0.66164451	0
-0.12118228	-0.23064367	0.36002409	0.66785353	0
-0.12118228	-0.23064367	0.36328011	0.67389355	0
-0.12118228	-0.23064367	0.36644366	0.67976201	0
-0.12118228	-0.23064367	0.36951348	0.6854566	0
-0.12118228	-0.23064367	0.37248843	0.69097521	0
-0.12118228	-0.23064367	0.37536751	0.69631596	0
-0.12118228	-0.23064367	0.37814981	0.7014772	0
-0.12118228	-0.23064367	0.38083458	0.70645752	0
-0.12118228	-0.23064367	0.38342119	0.71125573	0
-0.12118228	-0.23064367	0.38590913	0.71587093	0
-0.12118228	-0.23064367	0.38829805	0.72030243	0
-0.12118228	-0.23064367	0.39058772	0.72454983	0
-0.12118228	-0.23064367	0.39277807	0.72861298	0
-0.12118228	-0.23064367	0.39486917	0.73249202	0
-0.12118228	-0.23064367	0.39686123	0.73618734	0
-0.12118228	-0.23064367	0.39875463	0.73969964	0
-0.12118228	-0.23064367	0.4005499	0.74302991	0
-0.12118228	-0.23064367	0.40224772	0.74617942	0
-0.12118228	-0.23064367	0.40384896	0.74914975	0
-0.12118228	-0.23064367	0.40535462	0.75194279	0
-0.12118228	-0.23064367	0.4067659	0.75456075	0
-0.12118228	-0.23064367	0.40808416	0.75700615	0
-0.12118228	-0.23064367	0.40931093	0.75928185	0
-0.12118228	-0.23064367	0.41044794	0.76139103	0
-0.12118228	-0.23064367	0.41149709	0.76333722	0
-0.12118228	-0.23064367	0.41246045	0.76512428	0
-0.12118228	-0.23064367	0.4133403	0.76675643	0
-0.12118228	-0.23064367	0.41413912	0.76823826	0
-0.12118228	-0.23064367	0.41485957	0.7695747	0
-0.12118228	-0.23064367	0.4155045	0.77077107	0
-0.12118228	-0.23064367	0.41607698	0.77183304	0
-0.12118228	-0.23064367	0.41658029	0.77276669	0
-0.12118228	-0.23064367	0.41701791	0.77357847	0
-0.12118228	-0.23064367	0.41739351	0.77427523	0
-0.12118228	-0.23064367	0.41771102	0.77486421	0
-0.12118228	-0.23064367	0.41797455	0.77535307	0
-0.12118228	-0.23064367	0.41818845	0.77574987	0
-0.12118228	-0.23064367	0.4183573	0.77606309	0
-0.12118228	-0.23064367	0.4184859	0.77630164	0
-0.12118228	-0.23064367	0.41857928	0.77647485	0
-0.12118228	-0.23064367	0.4186427	0.7765925	0
-0.12118228	-0.23064367	0.41868167	0.7766648	0
-0.12118228	-0.23064367	0.41870194	0.7767024	0
-0.12118228	-0.23064367	0.4187095	0.77671643	0
-0.12118228	-0.23064367	0.4187106	0.77671846	0
-0.12118228	-0.23064367	0.4187106	0.77671846	-1.8901495e-9
-0.12118228	-0.23064367	0.4187106	0.77671846	-1.5116784e-8
-0.12118228	-0.23064367	0.4187106	0.77671846	-5.1004261e-8
-0.12118228	-0.23064367	0.4187106	0.77671846	-1.2086371e-7
-0.12118228	-0.23064367	0.4187106	0.77671846	-2.3599304e-7
-0.12118228	-0.23064367	0.4187106	0.77671846	-4.0767694e-7
-0.12118228	-0.23064367	0.4187106	0.77671846	-6.4718689e-7
-0.12118228	-0.23064367	0.4187106	0.77671846	-9.6578117e-7
-0.12118228	-0.23064367	0.4187106	0.77671846	-0.0000013747048
-0.12118228	-0.23064367	0.4187106	0.77671846	-0.0000018851898
-0.12118228	-0.23064367	0.4187106	0.77671846	-0.0000025084547
-0.12118228	-0.23064367	0.4187106	0.77671846	-0.0000032557051
-0.12118228	-0.23064367	0.4187106	0.77671846	-0.0000041381333
-0.12118228	-0.23064367	0.4187106	0.77671846	-0.0000051669183
-0.12118228	-0.23064367	0.4187106	0.77671846	-0.0000063532263
-0.12118228	-0.23064367	0.4187106	0.77671846	-0.00000770821
-0.12118228	-0.23064367	0.4187106	0.77671846	-0.0000092430091
-0.12118228	-0.23064367	0.4187106	0.77671846	-0.00001096875
-0.12118228	-0.23064367	0.4187106	0.77671846	-0.000012896546
-0.12118228	-0.23064367	0.4187106	0.77671846	-0.000015037498
-0.12118228	-0.23064367	0.4187106	0.77671846	-0.000017402692
-0.12118228	-0.23064367	0.4187106	0.77671846	-0.000020003202
-0.12118228	-0.23064367	0.4187106	0.77671846	-0.00002285009
-0.12118228	-0.23064367	0.4187106	0.77671846	-0.000025954402
-0.12118228	-0.23064367	0.4187106	0.77671846	-0.000029327174
-0.12118228	-0.23064367	0.4187106	0.77671846	-0.000032979427
-0.12118228	-0.23064367	0.4187106	0.77671846	-0.000036922169
-0.12118228	-0.23064367	0.4187106	0.77671846	-0.000041166395
-0.12118228	-0.23064367	0.4187106	0.77671846	-0.000045723088
-0.12118228	-0.23064367	0.4187106	0.77671846	-0.000050603216
-0.12118228	-0.23064367	0.4187106	0.77671846	-0.000055817736
-0.12118228	-0.23064367	0.4187106	0.77671846	-0.000061377591
-0.12118228	-0.23064367	0.4187106	0.77671846	-0.00006729371
-0.12118228	-0.23064367	0.4187106	0.77671846	-0.000073577009
-0.12118228	-0.23064367	0.4187106	0.77671846	-0.000080238393
-0.12118228	-0.23064367	0.4187106	0.77671846	-0.000087288753
-0.12118228	-0.23064367	0.4187106	0.77671846	-0.000094738965
-0.12118228	-0.23064367	0.4187106	0.77671846	-0.00010259989
-0.12118228	-0.23064367	0.4187106	0.77671846	-0.00011088239
-0.12118228	-0.23064367	0.4187106	0.77671846	-0.0001195973
-0.12118228	-0.23064367	0.4187106	0.77671846	-0.00012875543
-0.12118228	-0.23064367	0.4187106	0.77671846	-0.00013836762
-0.12118228	-0.23064367	0.4187106	0.77671846	-0.00014844464
-0.12118228	-0.23064367	0.4187106	0.77671846	-0.0001589973
-0.12118228	-0.23064367	0.4187106	0.77671846	-0.00017003636
-0.12118228	-0.23064367	0.4187106	0.77671846	-0.00018157258
-0.12118228	-0.23064367	0.4187106	0.77671846	-0.00019361672
-0.12118228	-0.23064367	0.4187106	0.77671846	-0.0002061795
-0.12118228	-0.23064367	0.4187106	0.77671846	-0.00021927164
-0.12118228	-0.23064367	0.4187106	0.77671846	-0.00023290386
-0.12118228	-0.23064367	0.4187106	0.77671846	-0.00024708686
-0.12118228	-0.23064367	0.4187106	0.77671846	-0.0002618313
-0.12118228	-0.23064367	0.4187106	0.77671846	-0.00027714787
-0.12118228	-0.23064367	0.4187106	0.77671846	-0.00029304721
-0.12118228	-0.23064367	0.4187106	0.77671846	-0.00030953997
-0.12118228	-0.23064367	0.4187106	0.77671846	-0.00032663679
-0.12118228	-0.23064367	0.4187106	0.77671846	-0.00034434828
-0.12118228	-0.23064367	0.4187106	0.77671846	-0.00036268504
-0.12118228	-0.23064367	0.4187106	0.77671846	-0.00038165766
-0.12118228	-0.23064367	0.4187106	0.77671846	-0.00040127673
-0.12118228	-0.23064367	0.4187106	0.77671846	-0.00042155281
-0.12118228	-0.23064367	0.4187106	0.77671846	-0.00044249645
-0.12118228	-0.23064367	0.4187106	0.77671846	-0.0004641182
-0.12118228	-0.23064367	0.4187106	0.77671846	-0.00048642857
-0.12118228	-0.23064367	0.4187106	0.77671846	-0.00050943809
-0.12118228	-0.23064367	0.4187106	0.77671846	-0.00053315725
-0.12118228	-0.23064367	0.4187106	0.77671846	-0.00055759655
-0.12118228	-0.23064367	0.4187106	0.77671846	-0.00058276645
-0.12118228	-0.23064367	0.4187106	0.77671846	-0.00060867742
-0.12118228	-0.23064367	0.4187106	0.77671846	-0.00063533992
-0.12118228	-0.23064367	0.4187106	0.77671846	-0.00066276437
-0.12118228	-0.23064367	0.4187106	0.77671846	-0.0006909612
-0.12118228	-0.23064367	0.4187106	0.77671846	-0.00071994082
-0.12118228	-0.23064367	0.4187106	0.77671846	-0.00074971363
-0.12118228	-0.23064367	0.4187106	0.77671846	-0.00078029002
-0.12118228	-0.23064367	0.4187106	0.77671846	-0.00081168035
-0.12118228	-0.23064367	0.4187106	0.77671846	-0.00084389499
-0.12118228	-0.23064367	0.4187106	0.77671846	-0.00087694428
-0.12118228	-0.23064367	0.4187106	0.77671846	-0.00091083856
-0.12118228	-0.23064367	0.4187106	0.77671846	-0.00094558815
-0.12118228	-0.23064367	0.4187106	0.77671846	-0.00098120335
-0.12118228	-0.23064367	0.4187106	0.77671846	-0.0010176945
-0.12118228	-0.23064367	0.4187106	0.77671846	-0.0010550718
-0.12118228	-0.23064367	0.4187106	0.77671846	-0.0010933456
-0.12118228	-0.23064367	0.4187106	0.77671846	-0.001132526
-0.12118228	-0.23064367	0.4187106	0.77671846	-0.0011726235
-0.12118228	-0.23064367	0.4187106	0.77671846	-0.0012136482
-0.12118228	-0.23064367	0.4187106	0.77671846	-0.0012556102
-0.12118228	-0.23064367	0.4187106	0.77671846	-0.0012985199
-0.12118228	-0.23064367	0.4187106	0.77671846	-0.0013423874
-0.12118228	-0.23064367	0.4187106	0.77671846	-0.0013872229
-0.12118228	-0.23064367	0.4187106	0.77671846	-0.0014330365
-0.12118228	-0.23064367	0.4187106	0.77671846	-0.0014798385
-0.12118228	-0.23064367	0.4187106	0.77671846	-0.0015276389
-0.12118228	-0.23064367	0.4187106	0.77671846	-0.0015764479
-0.12118228	-0.23064367	0.4187106	0.77671846	-0.0016262757
-0.12118228	-0.23064367	0.4187106	0.77671846	-0.0016771322
-0.12118228	-0.23064367	0.4187106	0.77671846	-0.0017290276
-0.12118228	-0.23064367	0.4187106	0.77671846	-0.001781972
-0.12118228	-0.23064367	0.4187106	0.77671846	-0.0018359754
-0.12118228	-0.23064367	0.4187106	0.77671846	-0.0018910479
-0.12118228	-0.23064367	0.4187106	0.77671846	-0.0019471996
-0.12118228	-0.23064367	0.4187106	0.77671846	-0.0020044404
-0.12118228	-0.23064367	0.4187106	0.77671846	-0.0020627803
-0.12118228	-0.23064367	0.4187106	0.77671846	-0.0021222295
-0.12118228	-0.23064367	0.4187106	0.77671846	-0.0021827978
-0.12118228	-0.23064367	0.4187106	0.77671846	-0.0022444953
-0.12118228	-0.23064367	0.4187106	0.77671846	-0.0023073318
-0.12118228	-0.23064367	0.4187106	0.77671846	-0.0023713175
-0.12118228	-0.23064367	0.4187106	0.77671846	-0.0024364621
-0.12118228	-0.23064367	0.4187106	0.77671846	-0.0025027756
-0.12118228	-0.23064367	0.4187106	0.77671846	-0.002570268
-0.12118228	-0.23064367	0.4187106	0.77671846	-0.0026389491
-0.12118228	-0.23064367	0.4187106	0.77671846	-0.0027088288
-0.12118228	-0.23064367	0.4187106	0.77671846	-0.002779917
-0.12118228	-0.23064367	0.4187106	0.77671846	-0.0028522236
-0.12118228	-0.23064367	0.4187106	0.77671846	-0.0029257584
-0.12118228	-0.23064367	0.4187106	0.77671846	-0.0030005312
-0.12118228	-0.23064367	0.4187106	0.77671846	-0.0030765519
-0.12118228	-0.23064367	0.4187106	0.77671846	-0.0031538302
-0.12118228	-0.23064367	0.4187106	0.77671846	-0.0032323761
-0.12118228	-0.23064367	0.4187106	0.77671846	-0.0033121992
-0.12118228	-0.23064367	0.4187106	0.77671846	-0.0033933094
-0.12118228	-0.23064367	0.4187106	0.77671846	-0.0034757163
-0.12118228	-0.23064367	0.4187106	0.77671846	-0.0035594298
-0.12118228	-0.23064367	0.4187106	0.77671846	-0.0036444596
-0.12118228	-0.23064367	0.4187106	0.77671846	-0.0037308154
-0.12118228	-0.23064367	0.4187106	0.77671846	-0.0038185069
-0.12118228	-0.23064367	0.4187106	0.77671846	-0.0039075439
-0.12118228	-0.23064367	0.4187106	0.77671846	-0.0039979359
-0.12118228	-0.23064367	0.4187106	0.77671846	-0.0040896927
-0.12118228	-0.23064367	0.4187106	0.77671846	-0.004182824
-0.12118228	-0.23064367	0.4187106	0.77671846	-0.0042773393
-0.12118228	-0.23064367	0.4187106	0.77671846	-0.0043732484
-0.12118228	-0.23064367	0.4187106	0.77671846	-0.0044705608
-0.12118228	-0.23064367	0.4187106	0.77671846	-0.0045692862
-0.12118228	-0.23064367	0.4187106	0.77671846	-0.0046694341
-0.12118228	-0.23064367	0.4187106	0.77671846	-0.0047710142
-0.12118228	-0.23064367	0.4187106	0.77671846	-0.0048740359
-0.12118228	-0.23064367	0.4187106	0.77671846	-0.004978509
-0.12118228	-0.23064367	0.4187106	0.77671846	-0.0050844428
-0.12118228	-0.23064367	0.4187106	0.77671846	-0.005191847
-0.12118228	-0.23064367	0.4187106	0.77671846	-0.0053007311
-0.12118228	-0.23064367	0.4187106	0.77671846	-0.0054111046
-0.12118228	-0.23064367	0.4187106	0.77671846	-0.0055229769
-0.12118228	-0.23064367	0.4187106	0.77671846	-0.0056363577
-0.12118228	-0.23064367	0.4187106	0.77671846	-0.0057512562
-0.12118228	-0.23064367	0.4187106	0.77671846	-0.0058676821
-0.12118228	-0.23064367	0.4187106	0.77671846	-0.0059856447
-0.12118228	-0.23064367	0.4187106	0.77671846	-0.0061051535
-0.12118228	-0.23064367	0.4187106	0.77671846	-0.006226218
-0.12118228	-0.23064367	0.4187106	0.77671846	-0.0063488474
-0.12118228	-0.23064367	0.4187106	0.77671846	-0.0064730513
-0.12118228	-0.23064367	0.4187106	0.77671846	-0.0065988389
-0.12118228	-0.23064367	0.4187106	0.77671846	-0.0067262197
-0.12118228	-0.23064367	0.4187106	0.77671846	-0.0068552031
-0.12118228	-0.23064367	0.4187106	0.77671846	-0.0069857984
-0.12118228	-0.23064367	0.4187106	0.77671846	-0.0071180148
-0.12118228	-0.23064367	0.4187106	0.77671846	-0.0072518618
-0.12118228	-0.23064367	0.4187106	0.77671846	-0.0073873487
-0.12118228	-0.23064367	0.4187106	0.77671846	-0.0075244847
-0.12118228	-0.23064367	0.4187106	0.77671846	-0.0076632792
-0.12118228	-0.23064367	0.4187106	0.77671846	-0.0078037413
-0.12118228	-0.23064367	0.4187106	0.77671846	-0.0079458805
-0.12118228	-0.23064367	0.4187106	0.77671846	-0.0080897058
-0.12118228	-0.23064367	0.4187106	0.77671846	-0.0082352266
-0.12118228	-0.23064367	0.4187106	0.77671846	-0.0083824521
-0.12118228	-0.23064367	0.4187106	0.77671846	-0.0085313915
-0.12118228	-0.23064367	0.4187106	0.77671846	-0.008682054
-0.12118228	-0.23064367	0.4187106	0.77671846	-0.0088344488
-0.12118228	-0.23064367	0.4187106	0.77671846	-0.008988585
-0.12118228	-0.23064367	0.4187106	0.77671846	-0.0091444718
-0.12118228	-0.23064367	0.4187106	0.77671846	-0.0093021184
-0.12118228	-0.23064367	0.4187106	0.77671846	-0.0094615339
-0.12118228	-0.23064367	0.4187106	0.77671846	-0.0096227274
-0.12118228	-0.23064367	0.4187106	0.77671846	-0.0097857081
-0.12118228	-0.23064367	0.4187106	0.77671846	-0.009950485
-0.12118228	-0.23064367	0.4187106	0.77671846	-0.010117067
-0.12118228	-0.23064367	0.4187106	0.77671846	-0.010285464
-0.12118228	-0.23064367	0.4187106	0.77671846	-0.010455684
-0.12118228	-0.23064367	0.4187106	0.77671846	-0.010627737
-0.12118228	-0.23064367	0.4187106	0.77671846	-0.010801631
-0.12118228	-0.23064367	0.4187106	0.77671846	-0.010977376
-0.12118228	-0.23064367	0.4187106	0.77671846	-0.01115498
-0.12118228	-0.23064367	0.4187106	0.77671846	-0.011334453
-0.12118228	-0.23064367	0.4187106	0.77671846	-0.011515803
-0.12118228	-0.23064367	0.4187106	0.77671846	-0.011699041
-0.12118228	-0.23064367	0.4187106	0.77671846	-0.011884173
-0.12118228	-0.23064367	0.4187106	0.77671846	-0.01207121
-0.12118228	-0.23064367	0.4187106	0.77671846	-0.012260161
-0.12118228	-0.23064367	0.4187106	0.77671846	-0.012451034
-0.12118228	-0.23064367	0.4187106	0.77671846	-0.012643838
-0.12118228	-0.23064367	0.4187106	0.77671846	-0.012838582
-0.12118228	-0.23064367	0.4187106	0.77671846	-0.013035276
-0.12118228	-0.23064367	0.4187106	0.77671846	-0.013233927
-0.12118228	-0.23064367	0.4187106	0.77671846	-0.013434545
-0.12118228	-0.23064367	0.4187106	0.77671846	-0.013637139
-0.12118228	-0.23064367	0.4187106	0.77671846	-0.013841718
-0.12118228	-0.23064367	0.4187106	0.77671846	-0.014048289
-0.12118228	-0.23064367	0.4187106	0.77671846	-0.014256863
-0.12118228	-0.23064367	0.4187106	0.77671846	-0.014467448
-0.12118228	-0.23064367	0.4187106	0.77671846	-0.014680053
-0.12118228	-0.23064367	0.4187106	0.77671846	-0.014894686
-0.12118228	-0.23064367	0.4187106	0.77671846	-0.015111356
-0.12118228	-0.23064367	0.4187106	0.77671846	-0.015330073
-0.12118228	-0.23064367	0.4187106	0.77671846	-0.015550844
-0.12118228	-0.23064367	0.4187106	0.77671846	-0.015773679
-0.12118228	-0.23064367	0.4187106	0.77671846	-0.015998586
-0.12118228	-0.23064367	0.4187106	0.77671846	-0.016225574
-0.12118228	-0.23064367	0.4187106	0.77671846	-0.016454652
-0.12118228	-0.23064367	0.4187106	0.77671846	-0.016685828
-0.12118228	-0.23064367	0.4187106	0.77671846	-0.016919111
-0.12118228	-0.23064367	0.4187106	0.77671846	-0.01715451
-0.12118228	-0.23064367	0.4187106	0.77671846	-0.017392033
-0.12118228	-0.23064367	0.4187106	0.77671846	-0.017631689
-0.12118228	-0.23064367	0.4187106	0.77671846	-0.017873487
-0.12118228	-0.23064367	0.4187106	0.77671846	-0.018117434
-0.12118228	-0.23064367	0.4187106	0.77671846	-0.018363541
-0.12118228	-0.23064367	0.4187106	0.77671846	-0.018611815
-0.12118228	-0.23064367	0.4187106	0.77671846	-0.018862265
-0.12118228	-0.23064367	0.4187106	0.77671846	-0.0191149
-0.12118228	-0.23064367	0.4187106	0.77671846	-0.019369727
-0.12118228	-0.23064367	0.4187106	0.77671846	-0.019626757
-0.12118228	-0.23064367	0.4187106	0.77671846	-0.019885996
-0.12118228	-0.23064367	0.4187106	0.77671846	-0.020147454
-0.12118228	-0.23064367	0.4187106	0.77671846	-0.020411139
-0.12118228	-0.23064367	0.4187106	0.77671846	-0.02067706
-0.12118228	-0.23064367	0.4187106	0.77671846	-0.020945225
-0.12118228	-0.23064367	0.4187106	0.77671846	-0.021215643
-0.12118228	-0.23064367	0.4187106	0.77671846	-0.021488321
-0.12118228	-0.23064367	0.4187106	0.77671846	-0.021763269
-0.12118228	-0.23064367	0.4187106	0.77671846	-0.022040495
-0.12118228	-0.23064367	0.4187106	0.77671846	-0.022320007
-0.12118228	-0.23064367	0.4187106	0.77671846	-0.022601815
-0.12118228	-0.23064367	0.4187106	0.77671846	-0.022885925
-0.12118228	-0.23064367	0.4187106	0.77671846	-0.023172346
-0.12118228	-0.23064367	0.4187106	0.77671846	-0.023461088
-0.12118228	-0.23064367	0.4187106	0.77671846	-0.023752158
-0.12118228	-0.23064367	0.4187106	0.77671846	-0.024045564
-0.12118228	-0.23064367	0.4187106	0.77671846	-0.024341316
-0.12118228	-0.23064367	0.4187106	0.77671846	-0.02463942
-0.12118228	-0.23064367	0.4187106	0.77671846	-0.024939886
-0.12118228	-0.23064367	0.4187106	0.77671846	-0.025242722
-0.12118228	-0.23064367	0.4187106	0.77671846	-0.025547936
-0.12118228	-0.23064367	0.4187106	0.77671846	-0.025855537
-0.12118228	-0.23064367	0.4187106	0.77671846	-0.026165532
-0.12118228	-0.23064367	0.4187106	0.77671846	-0.02647793
-0.12118228	-0.23064367	0.4187106	0.77671846	-0.026792739
-0.12118228	-0.23064367	0.4187106	0.77671846	-0.027109968
-0.12118228	-0.23064367	0.4187106	0.77671846	-0.027429624
-0.12118228	-0.23064367	0.4187106	0.77671846	-0.027751716
-0.12118228	-0.23064367	0.4187106	0.77671846	-0.028076252
-0.12118228	-0.23064367	0.4187106	0.77671846	-0.028403241
-0.12118228	-0.23064367	0.4187106	0.77671846	-0.028732689
-0.12118228	-0.23064367	0.4187106	0.77671846	-0.029064606
-0.12118228	-0.23064367	0.4187106	0.77671846	-0.029399
-0.12118228	-0.23064367	0.4187106	0.77671846	-0.029735878
-0.12118228	-0.23064367	0.4187106	0.77671846	-0.030075249
-0.12118228	-0.23064367	0.4187106	0.77671846	-0.030417122
-0.12118228	-0.23064367	0.4187106	0.77671846	-0.030761503
-0.12118228	-0.23064367	0.4187106	0.77671846	-0.031108402
-0.12118228	-0.23064367	0.4187106	0.77671846	-0.031457825
-0.12118228	-0.23064367	0.4187106	0.77671846	-0.031809782
-0.12118228	-0.23064367	0.4187106	0.77671846	-0.032164281
-0.12118228	-0.23064367	0.4187106	0.77671846	-0.032521328
-0.12118228	-0.23064367	0.4187106	0.77671846	-0.032880934
-0.12118228	-0.23064367	0.4187106	0.77671846	-0.033243104
-0.12118228	-0.23064367	0.4187106	0.77671846	-0.033607848
-0.12118228	-0.23064367	0.4187106	0.77671846	-0.033975173
-0.12118228	-0.23064367	0.4187106	0.77671846	-0.034345088
-0.12118228	-0.23064367	0.4187106	0.77671846	-0.0347176
-0.12118228	-0.23064367	0.4187106	0.77671846	-0.035092717
-0.12118228	-0.23064367	0.4187106	0.77671846	-0.035470448
-0.12118228	-0.23064367	0.4187106	0.77671846	-0.0358508
-0.12118228	-0.23064367	0.4187106	0.77671846	-0.03623378
-0.12118228	-0.23064367	0.4187106	0.77671846	-0.036619398
-0.12118228	-0.23064367	0.4187106	0.77671846	-0.037007661
-0.12118228	-0.23064367	0.4187106	0.77671846	-0.037398576
-0.12118228	-0.23064367	0.4187106	0.77671846	-0.037792152
-0.12118228	-0.23064367	0.4187106	0.77671846	-0.038188396
-0.12118228	-0.23064367	0.4187106	0.77671846	-0.038587317
-0.12118228	-0.23064367	0.4187106	0.77671846	-0.038988922
-0.12118228	-0.23064367	0.4187106	0.77671846	-0.039393219
-0.12118228	-0.23064367	0.4187106	0.77671846	-0.039800216
-0.12118228	-0.23064367	0.4187106	0.77671846	-0.04020992
-0.12118228	-0.23064367	0.4187106	0.77671846	-0.040622339
-0.12118228	-0.23064367	0.4187106	0.77671846	-0.041037482
-0.12118228	-0.23064367	0.4187106	0.77671846	-0.041455356
-0.12118228	-0.23064367	0.4187106	0.77671846	-0.041875968
-0.12118228	-0.23064367	0.4187106	0.77671846	-0.042299327
-0.12118228	-0.23064367	0.4187106	0.77671846	-0.04272544
-0.12118228	-0.23064367	0.4187106	0.77671846	-0.043154314
-0.12118228	-0.23064367	0.4187106	0.77671846	-0.043585959
-0.12118228	-0.23064367	0.4187106	0.77671846	-0.04402038
-0.12118228	-0.23064367	0.4187106	0.77671846	-0.044457587
-0.12118228	-0.23064367	0.4187106	0.77671846	-0.044897585
-0.12118228	-0.23064367	0.4187106	0.77671846	-0.045340385
-0.12118228	-0.23064367	0.4187106	0.77671846	-0.045785992
-0.12118228	-0.23064367	0.4187106	0.77671846	-0.046234415
-0.12118228	-0.23064367	0.4187106	0.77671846	-0.04668566
-0.12118228	-0.23064367	0.4187106	0.77671846	-0.047139737
-0.12118228	-0.23064367	0.4187106	0.77671846	-0.047596652
-0.12118228	-0.23064367	0.4187106	0.77671846	-0.048056413
-0.12118228	-0.23064367	0.4187106	0.77671846	-0.048519027
-0.12118228	-0.23064367	0.4187106	0.77671846	-0.048984503
-0.12118228	-0.23064367	0.4187106	0.77671846	-0.049452847
-0.12118228	-0.23064367	0.4187106	0.77671846	-0.049924067
-0.12118228	-0.23064367	0.4187106	0.77671846	-0.050398171
-0.12118228	-0.23064367	0.4187106	0.77671846	-0.050875166
-0.12118228	-0.23064367	0.4187106	0.77671846	-0.05135506
-0.12118228	-0.23064367	0.4187106	0.77671846	-0.05183786
-0.12118228	-0.23064367	0.4187106	0.77671846	-0.052323574
-0.12118228	-0.23064367	0.4187106	0.77671846	-0.052812209
-0.12118228	-0.23064367	0.4187106	0.77671846	-0.053303773
-0.12118228	-0.23064367	0.4187106	0.77671846	-0.053798273
-0.12118228	-0.23064367	0.4187106	0.77671846	-0.054295716
-0.12118228	-0.23064367	0.4187106	0.77671846	-0.05479611
-0.12118228	-0.23064367	0.4187106	0.77671846	-0.055299463
-0.12118228	-0.23064367	0.4187106	0.77671846	-0.055805781
-0.12118228	-0.23064367	0.4187106	0.77671846	-0.056315073
-0.12118228	-0.23064367	0.4187106	0.77671846	-0.056827345
-0.12118228	-0.23064367	0.4187106	0.77671846	-0.057342604
-0.12118228	-0.23064367	0.4187106	0.77671846	-0.05786086
-0.12118228	-0.23064367	0.4187106	0.77671846	-0.058382117
-0.12118228	-0.23064367	0.4187106	0.77671846	-0.058906385
-0.12118228	-0.23064367	0.4187106	0.77671846	-0.05943367
-0.12118228	-0.23064367	0.4187106	0.77671846	-0.059963979
-0.12118228	-0.23064367	0.4187106	0.77671846	-0.060497321
-0.12118228	-0.23064367	0.4187106	0.77671846	-0.061033701
-0.12118228	-0.23064367	0.4187106	0.77671846	-0.061573128
-0.12118228	-0.23064367	0.4187106	0.77671846	-0.062115608
-0.12118228	-0.23064367	0.4187106	0.77671846	-0.06266115
-0.12118228	-0.23064367	0.4187106	0.77671846	-0.063209759
-0.12118228	-0.23064367	0.4187106	0.77671846	-0.063761444
-0.12118228	-0.23064367	0.4187106	0.77671846	-0.064316212
-0.12118228	-0.23064367	0.4187106	0.77671846	-0.064874069
-0.12118228	-0.23064367	0.4187106	0.77671846	-0.065435023
-0.12118228	-0.23064367	0.4187106	0.77671846	-0.065999082
-0.12118228	-0.23064367	0.4187106	0.77671846	-0.066566252
-0.12118228	-0.23064367	0.4187106	0.77671846	-0.06713654
-0.12118228	-0.23064367	0.4187106	0.77671846	-0.067709954
-0.12118228	-0.23064367	0.4187106	0.77671846	-0.068286501
-0.12118228	-0.23064367	0.4187106	0.77671846	-0.068866187
-0.12118228	-0.23064367	0.4187106	0.77671846	-0.069449021
-0.12118228	-0.23064367	0.4187106	0.77671846	-0.070035009
-0.12118228	-0.23064367	0.4187106	0.77671846	-0.070624158
-0.12118228	-0.23064367	0.4187106	0.77671846	-0.071216475
-0.12118228	-0.23064367	0.4187106	0.77671846	-0.071811968
-0.12118228	-0.23064367	0.4187106	0.77671846	-0.072410643
-0.12118228	-0.23064367	0.4187106	0.77671846	-0.073012508
-0.12118228	-0.23064367	0.4187106	0.77671846	-0.073617569
-0.12118228	-0.23064367	0.4187106	0.77671846	-0.074225833
-0.12118228	-0.23064367	0.4187106	0.77671846	-0.074837308
-0.12118228	-0.23064367	0.4187106	0.77671846	-0.075452001
-0.12118228	-0.23064367	0.4187106	0.77671846	-0.076069918
-0.12118228	-0.23064367	0.4187106	0.77671846	-0.076691067
-0.12118228	-0.23064367	0.4187106	0.77671846	-0.077315454
-0.12118228	-0.23064367	0.4187106	0.77671846	-0.077943086
-0.12118228	-0.23064367	0.4187106	0.77671846	-0.078573971
-0.12118228	-0.23064367	0.4187106	0.77671846	-0.079208115
-0.12118228	-0.23064367	0.4187106	0.77671846	-0.079845525
-0.12118228	-0.23064367	0.4187106	0.77671846	-0.080486208
-0.12118228	-0.23064367	0.4187106	0.77671846	-0.081130172
-0.12118228	-0.23064367	0.4187106	0.77671846	-0.081777422
-0.12118228	-0.23064367	0.4187106	0.77671846	-0.082427966
-0.12118228	-0.23064367	0.4187106	0.77671846	-0.08308181
-0.12118228	-0.23064367	0.4187106	0.77671846	-0.083738962
-0.12118228	-0.23064367	0.4187106	0.77671846	-0.084399428
-0.12118228	-0.23064367	0.4187106	0.77671846	-0.085063216
-0.12118228	-0.23064367	0.4187106	0.77671846	-0.085730331
-0.12118228	-0.23064367	0.4187106	0.77671846	-0.086400781
-0.12118228	-0.23064367	0.4187106	0.77671846	-0.087074573
-0.12118228	-0.23064367	0.4187106	0.77671846	-0.087751713
-0.12118228	-0.23064367	0.4187106	0.77671846	-0.088432208
-0.12118228	-0.23064367	0.4187106	0.77671846	-0.089116064
-0.12118228	-0.23064367	0.4187106	0.77671846	-0.08980329
-0.12118228	-0.23064367	0.4187106	0.77671846	-0.090493891
-0.12118228	-0.23064367	0.4187106	0.77671846	-0.091187873
-0.12118228	-0.23064367	0.4187106	0.77671846	-0.091885245
-0.12118228	-0.23064367	0.4187106	0.77671846	-0.092586012
-0.12118228	-0.23064367	0.4187106	0.77671846	-0.093290181
-0.12118228	-0.23064367	0.4187106	0.77671846	-0.093997759
-0.12118228	-0.23064367	0.4187106	0.77671846	-0.094708753
-0.12118228	-0.23064367	0.4187106	0.77671846	-0.095423168
-0.12118228	-0.23064367	0.4187106	0.77671846	-0.096141013
-0.12118228	-0.23064367	0.4187106	0.77671846	-0.096862293
-0.12118228	-0.23064367	0.4187106	0.77671846	-0.097587015
-0.12118228	-0.23064367	0.4187106	0.77671846	-0.098315186
-0.12118228	-0.23064367	0.4187106	0.77671846	-0.099046812
-0.12118228	-0.23064367	0.4187106	0.77671846	-0.0997819
-0.12118228	-0.23064367	0.4187106	0.77671846	-0.10052046
-0.12118228	-0.23064367	0.4187106	0.77671846	-0.10126249
-0.12118228	-0.23064367	0.4187106	0.77671846	-0.102008
-0.12118228	-0.23064367	0.4187106	0.77671846	-0.102757
-0.12118228	-0.23064367	0.4187106	0.77671846	-0.1035095
-0.12118228	-0.23064367	0.4187106	0.77671846	-0.10426549
-0.12118228	-0.23064367	0.4187106	0.77671846	-0.105025
-0.12118228	-0.23064367	0.4187106	0.77671846	-0.10578802
-0.12118228	-0.23064367	0.4187106	0.77671846	-0.10655456
-0.12118228	-0.23064367	0.4187106	0.77671846	-0.10732462
-0.12118228	-0.23064367	0.4187106	0.77671846	-0.10809822
-0.12118228	-0.23064367	0.4187106	0.77671846	-0.10887537
-0.12118228	-0.23064367	0.4187106	0.77671846	-0.10965605
-0.12118228	-0.23064367	0.4187106	0.77671846	-0.11044029
-0.12118228	-0.23064367	0.4187106	0.77671846	-0.11122809
-0.12118228	-0.23064367	0.4187106	0.77671846	-0.11201946
-0.12118228	-0.23064367	0.4187106	0.77671846	-0.11281439
-0.12118228	-0.23064367	0.4187106	0.77671846	-0.11361291
-0.12118228	-0.23064367	0.4187106	0.77671846	-0.11441501
-0.12118228	-0.23064367	0.4187106	0.77671846	-0.1152207
-0.12118228	-0.23064367	0.4187106	0.77671846	-0.11602999
-0.12118228	-0.23064367	0.4187106	0.77671846	-0.11684289
-0.12118228	-0.23064367	0.4187106	0.77671846	-0.11765939
-0.12118228	-0.23064367	0.4187106	0.77671846	-0.11847951
-0.12118228	-0.23064367	0.4187106	0.77671846	-0.11930326
-0.12118228	-0.23064367	0.4187106	0.77671846	-0.12013063
-0.12118228	-0.23064367	0.4187106	0.77671846	-0.12096164
-0.12118228	-0.23064367	0.4187106	0.77671846	-0.12179629
-0.12118228	-0.23064367	0.4187106	0.77671846	-0.12263459
-0.12118228	-0.23064367	0.4187106	0.77671846	-0.12347654
-0.12118228	-0.23064367	0.4187106	0.77671846	-0.12432215
-0.12118228	-0.23064367	0.4187106	0.77671846	-0.12517144
-0.12118228	-0.23064367	0.4187106	0.77671846	-0.12602439
-0.12118228	-0.23064367	0.4187106	0.77671846	-0.12688102
-0.12118228	-0.23064367	0.4187106	0.77671846	-0.12774134
-0.12118228	-0.23064367	0.4187106	0.77671846	-0.12860535
-0.12118228	-0.23064367	0.4187106	0.77671846	-0.12947306
-0.12118228	-0.23064367	0.4187106	0.77671846	-0.13034447
-0.12118228	-0.23064367	0.4187106	0.77671846	-0.13121959
-0.12118228	-0.23064367	0.4187106	0.77671846	-0.13209843
-0.12118228	-0.23064367	0.4187106	0.77671846	-0.13298099
-0.12118228	-0.23064367	0.4187106	0.77671846	-0.13386728
-0.12118228	-0.23064367	0.4187106	0.77671846	-0.13475731
-0.12118228	-0.23064367	0.4187106	0.77671846	-0.13565107
-0.12118228	-0.23064367	0.4187106	0.77671846	-0.13654858
-0.12118228	-0.23064367	0.4187106	0.77671846	-0.13744985
-0.12118228	-0.23064367	0.4187106	0.77671846	-0.13835487
-0.12118228	-0.23064367	0.4187106	0.77671846	-0.13926366
-0.12118228	-0.23064367	0.4187106	0.77671846	-0.14017622
-0.12118228	-0.23064367	0.4187106	0.77671846	-0.14109256
-0.12118228	-0.23064367	0.4187106	0.77671846	-0.14201268
-0.12118228	-0.23064367	0.4187106	0.77671846	-0.14293659
-0.12118228	-0.23064367	0.4187106	0.77671846	-0.1438643
-0.12118228	-0.23064367	0.4187106	0.77671846	-0.1447958
-0.12118228	-0.23064367	0.4187106	0.77671846	-0.14573112
-0.12118228	-0.23064367	0.4187106	0.77671846	-0.14667024
-0.12118228	-0.23064367	0.4187106	0.77671846	-0.14761319
-0.12118228	-0.23064367	0.4187106	0.77671846	-0.14855996
-0.12118228	-0.23064367	0.4187106	0.77671846	-0.14951056
-0.12118228	-0.23064367	0.4187106	0.77671846	-0.150465
-0.12118228	-0.23064367	0.4187106	0.77671846	-0.15142328
-0.12118228	-0.23064367	0.4187106	0.77671846	-0.15238541
-0.12118228	-0.23064367	0.4187106	0.77671846	-0.1533514
-0.12118228	-0.23064367	0.4187106	0.77671846	-0.15432124
-0.12118228	-0.23064367	0.4187106	0.77671846	-0.15529495
-0.12118228	-0.23064367	0.4187106	0.77671846	-0.15627254
-0.12118228	-0.23064367	0.4187106	0.77671846	-0.157254
-0.12118228	-0.23064367	0.4187106	0.77671846	-0.15823935
-0.12118228	-0.23064367	0.4187106	0.77671846	-0.15922858
-0.12118228	-0.23064367	0.4187106	0.77671846	-0.16022171
-0.12118228	-0.23064367	0.4187106	0.77671846	-0.16121874
-0.12118228	-0.23064367	0.4187106	0.77671846	-0.16221968
-0.12118228	-0.23064367	0.4187106	0.77671846	-0.16322454
-0.12118228	-0.23064367	0.4187106	0.77671846	-0.16423331
-0.12118228	-0.23064367	0.4187106	0.77671846	-0.165246
-0.12118228	-0.23064367	0.4187106	0.77671846	-0.16626263
-0.12118228	-0.23064367	0.4187106	0.77671846	-0.16728319
-0.12118228	-0.23064367	0.4187106	0.77671846	-0.1683077
-0.12118228	-0.23064367	0.4187106	0.77671846	-0.16933615
-0.12118228	-0.23064367	0.4187106	0.77671846	-0.17036855
-0.12118228	-0.23064367	0.4187106	0.77671846	-0.17140492
-0.12118228	-0.23064367	0.4187106	0.77671846	-0.17244524
-0.12118228	-0.23064367	0.4187106	0.77671846	-0.17348954
-0.12118228	-0.23064367	0.4187106	0.77671846	-0.17453782
-0.12118228	-0.23064367	0.4187106	0.77671846	-0.17559007
-0.12118228	-0.23064367	0.4187106	0.77671846	-0.17664631
-0.12118228	-0.23064367	0.4187106	0.77671846	-0.17770655
-0.12118228	-0.23064367	0.4187106	0.77671846	-0.17877078
-0.12118228	-0.23064367	0.4187106	0.77671846	-0.17983902
-0.12118228	-0.23064367	0.4187106	0.77671846	-0.18091127
-0.12118228	-0.23064367	0.4187106	0.77671846	-0.18198753
-0.12118228	-0.23064367	0.4187106	0.77671846	-0.18306781
-0.12118228	-0.23064367	0.4187106	0.77671846	-0.18415212
-0.12118228	-0.23064367	0.4187106	0.77671846	-0.18524046
-0.12118228	-0.23064367	0.4187106	0.77671846	-0.18633284
-0.12118228	-0.23064367	0.4187106	0.77671846	-0.18742927
-0.12118228	-0.23064367	0.4187106	0.77671846	-0.18852974
-0.12118228	-0.23064367	0.4187106	0.77671846	-0.18963426
-0.12118228	-0.23064367	0.4187106	0.77671846	-0.19074284
-0.12118228	-0.23064367	0.4187106	0.77671846	-0.19185549
-0.12118228	-0.23064367	0.4187106	0.77671846	-0.19297221
-0.12118228	-0.23064367	0.4187106	0.77671846	-0.19409301
-0.12118228	-0.23064367	0.4187106	0.77671846	-0.19521789
-0.12118228	-0.23064367	0.4187106	0.77671846	-0.19634685
-0.12118228	-0.23064367	0.4187106	0.77671846	-0.19747991
-0.12118228	-0.23064367	0.4187106	0.77671846	-0.19861706
-0.12118228	-0.23064367	0.4187106	0.77671846	-0.19975832
-0.12118228	-0.23064367	0.4187106	0.77671846	-0.20090368
-0.12118228	-0.23064367	0.4187106	0.77671846	-0.20205316
-0.12118228	-0.23064367	0.4187106	0.77671846	-0.20320676
-0.12118228	-0.23064367	0.4187106	0.77671846	-0.20436448
-0.12118228	-0.23064367	0.4187106	0.77671846	-0.20552634
-0.12118228	-0.23064367	0.4187106	0.77671846	-0.20669233
-0.12118228	-0.23064367	0.4187106	0.77671846	-0.20786246
-0.12118228	-0.23064367	0.4187106	0.77671846	-0.20903673
-0.12118228	-0.23064367	0.4187106	0.77671846	-0.21021516
-0.12118228	-0.23064367	0.4187106	0.77671846	-0.21139775
-0.12118228	-0.23064367	0.4187106	0.77671846	-0.21258449
-0.12118228	-0.23064367	0.4187106	0.77671846	-0.21377541
-0.12118228	-0.23064367	0.4187106	0.77671846	-0.21497049
-0.12118228	-0.23064367	0.4187106	0.77671846	-0.21616976
-0.12118228	-0.23064367	0.4187106	0.77671846	-0.2173732
-0.12118228	-0.23064367	0.4187106	0.77671846	-0.21858084
-0.12118228	-0.23064367	0.4187106	0.77671846	-0.21979267
-0.12118228	-0.23064367	0.4187106	0.77671846	-0.2210087
-0.12118228	-0.23064367	0.4187106	0.77671846	-0.22222893
-0.12118228	-0.23064367	0.4187106	0.77671846	-0.22345337
-0.12118228	-0.23064367	0.4187106	0.77671846	-0.22468203
-0.12118228	-0.23064367	0.4187106	0.77671846	-0.2259149
-0.12118228	-0.23064367	0.4187106	0.77671846	-0.227152
-0.12118228	-0.23064367	0.4187106	0.77671846	-0.22839333
-0.12118228	-0.23064367	0.4187106	0.77671846	-0.2296389
-0.12118228	-0.23064367	0.4187106	0.77671846	-0.2308887
-0.12118228	-0.23064367	0.4187106	0.77671846	-0.23214276
-0.12118228	-0.23064367	0.4187106	0.77671846	-0.23340106
-0.12118228	-0.23064367	0.4187106	0.77671846	-0.23466362
-0.12118228	-0.23064367	0.4187106	0.77671846	-0.23593043
-0.12118228	-0.23064367	0.4187106	0.77671846	-0.23720152
-0.12118228	-0.23064367	0.4187106	0.77671846	-0.23847687
-0.12118228	-0.23064367	0.4187106	0.77671846	-0.2397565
-0.12118228	-0.23064367	0.4187106	0.77671846	-0.24104042
-0.12118228	-0.23064367	0.4187106	0.77671846	-0.24232861
-0.12118228	-0.23064367	0.4187106	0.77671846	-0.2436211
-0.12118228	-0.23064367	0.4187106	0.77671846	-0.24491789
-0.12118228	-0.23064367	0.4187106	0.77671846	-0.24621897
-0.12118228	-0.23064367	0.4187106	0.77671846	-0.24752437
-0.12118228	-0.23064367	0.4187106	0.77671846	-0.24883407
-0.12118228	-0.23064367	0.4187106	0.77671846	-0.25014809
-0.12118228	-0.23064367	0.4187106	0.77671846	-0.25146643
-0.12118228	-0.23064367	0.4187106	0.77671846	-0.2527891
-0.12118228	-0.23064367	0.4187106	0.77671846	-0.2541161
-0.12118228	-0.23064367	0.4187106	0.77671846	-0.25544743
-0.12118228	-0.23064367	0.4187106	0.77671846	-0.2567831
-0.12118228	-0.23064367	0.4187106	0.77671846	-0.25812313
-0.12118228	-0.23064367	0.4187106	0.77671846	-0.2594675
-0.12118228	-0.23064367	0.4187106	0.77671846	-0.26081622
-0.12118228	-0.23064367	0.4187106	0.77671846	-0.26216931
-0.12118228	-0.23064367	0.4187106	0.77671846	-0.26352676
-0.12118228	-0.23064367	0.4187106	0.77671846	-0.26488859
-0.12118228	-0.23064367	0.4187106	0.77671846	-0.26625479
-0.12118228	-0.23064367	0.4187106	0.77671846	-0.26762536
-0.12118228	-0.23064367	0.4187106	0.77671846	-0.26900033
-0.12118228	-0.23064367	0.4187106	0.77671846	-0.27037968
-0.12118228	-0.23064367	0.4187106	0.77671846	-0.27176343
-0.12118228	-0.23064367	0.4187106	0.77671846	-0.27315157
-0.12118228	-0.23064367	0.4187106	0.77671846	-0.27454412
-0.12118228	-0.23064367	0.4187106	0.77671846	-0.27594108
-0.12118228	-0.23064367	0.4187106	0.77671846	-0.27734246
-0.12118228	-0.23064367	0.4187106	0.77671846	-0.27874825
-0.12118228	-0.23064367	0.4187106	0.77671846	-0.28015846
-0.12118228	-0.23064367	0.4187106	0.77671846	-0.2815731
-0.12118228	-0.23064367	0.4187106	0.77671846	-0.28299218
-0.12118228	-0.23064367	0.4187106	0.77671846	-0.28441569
-0.12118228	-0.23064367	0.4187106	0.77671846	-0.28584365
-0.12118228	-0.23064367	0.4187106	0.77671846	-0.28727605
-0.12118228	-0.23064367	0.4187106	0.77671846	-0.2887129
-0.12118228	-0.23064367	0.4187106	0.77671846	-0.29015421
-0.12118228	-0.23064367	0.4187106	0.77671846	-0.29159998
-0.12118228	-0.23064367	0.4187106	0.77671846	-0.29305021
-0.12118228	-0.23064367	0.4187106	0.77671846	-0.29450492
-0.12118228	-0.23064367	0.4187106	0.77671846	-0.2959641
-0.12118228	-0.23064367	0.4187106	0.77671846	-0.29742776
-0.12118228	-0.23064367	0.4187106	0.77671846	-0.2988959
-0.12118228	-0.23064367	0.4187106	0.77671846	-0.30036853
-0.12118228	-0.23064367	0.4187106	0.77671846	-0.30184565
-0.12118228	-0.23064367	0.4187106	0.77671846	-0.30332728
-0.12118228	-0.23064367	0.4187106	0.77671846	-0.3048134
-0.12118228	-0.23064367	0.4187106	0.77671846	-0.30630403
-0.12118228	-0.23064367	0.4187106	0.77671846	-0.30779918
-0.12118228	-0.23064367	0.4187106	0.77671846	-0.30929884
-0.12118228	-0.23064367	0.4187106	0.77671846	-0.31080302
-0.12118228	-0.23064367	0.4187106	0.77671846	-0.31231172
-0.12118228	-0.23064367	0.4187106	0.77671846	-0.31382496
-0.12118228	-0.23064367	0.4187106	0.77671846	-0.31534273
-0.12118228	-0.23064367	0.4187106	0.77671846	-0.31686503
-0.12118228	-0.23064367	0.4187106	0.77671846	-0.31839188
-0.12118228	-0.23064367	0.4187106	0.77671846	-0.31992328
-0.12118228	-0.23064367	0.4187106	0.77671846	-0.32145923
-0.12118228	-0.23064367	0.4187106	0.77671846	-0.32299974
-0.12118228	-0.23064367	0.4187106	0.77671846	-0.32454481
-0.12118228	-0.23064367	0.4187106	0.77671846	-0.32609444
-0.12118228	-0.23064367	0.4187106	0.77671846	-0.32764864
-0.12118228	-0.23064367	0.4187106	0.77671846	-0.32920742
-0.12118228	-0.23064367	0.4187106	0.77671846	-0.33077078
-0.12118228	-0.23064367	0.4187106	0.77671846	-0.33233872
-0.12118228	-0.23064367	0.4187106	0.77671846	-0.33391124
-0.12118228	-0.23064367	0.4187106	0.77671846	-0.33548836
-0.12118228	-0.23064367	0.4187106	0.77671846	-0.33707007
-0.12118228	-0.23064367	0.4187106	0.77671846	-0.33865639
-0.12118228	-0.23064367	0.4187106	0.77671846	-0.34024731
-0.12118228	-0.23064367	0.4187106	0.77671846	-0.34184284
-0.12118228	-0.23064367	0.4187106	0.77671846	-0.34344298
-0.12118228	-0.23064367	0.4187106	0.77671846	-0.34504774
-0.12118228	-0.23064367	0.4187106	0.77671846	-0.34665712
-0.12118228	-0.23064367	0.4187106	0.77671846	-0.34827113
-0.12118228	-0.23064367	0.4187106	0.77671846	-0.34988977
-0.12118228	-0.23064367	0.4187106	0.77671846	-0.35151305
-0.12118228	-0.23064367	0.4187106	0.77671846	-0.35314096
-0.12118228	-0.23064367	0.4187106	0.77671846	-0.35477352
-0.12118228	-0.23064367	0.4187106	0.77671846	-0.35641072
-0.12118228	-0.23064367	0.4187106	0.77671846	-0.35805258
-0.12118228	-0.23064367	0.4187106	0.77671846	-0.35969909
-0.12118228	-0.23064367	0.4187106	0.77671846	-0.36135026
-0.12118228	-0.23064367	0.4187106	0.77671846	-0.3630061
-0.12118228	-0.23064367	0.4187106	0.77671846	-0.36466661
-0.12118228	-0.23064367	0.4187106	0.77671846	-0.36633179
-0.12118228	-0.23064367	0.4187106	0.77671846	-0.36800165
-0.12118228	-0.23064367	0.4187106	0.77671846	-0.36967619
-0.12118228	-0.23064367	0.4187106	0.77671846	-0.37135541
-0.12118228	-0.23064367	0.4187106	0.77671846	-0.37303932
-0.12118228	-0.23064367	0.4187106	0.77671846	-0.37472793
-0.12118228	-0.23064367	0.4187106	0.77671846	-0.37642123
-0.12118228	-0.23064367	0.4187106	0.77671846	-0.37811924
-0.12118228	-0.23064367	0.4187106	0.77671846	-0.37982196
-0.12118228	-0.23064367	0.4187106	0.77671846	-0.38152938
-0.12118228	-0.23064367	0.4187106	0.77671846	-0.38324152
-0.12118228	-0.23064367	0.4187106	0.77671846	-0.38495837
-0.12118228	-0.23064367	0.4187106	0.77671846	-0.38667995
-0.12118228	-0.23064367	0.4187106	0.77671846	-0.38840625
-0.12118228	-0.23064367	0.4187106	0.77671846	-0.39013729
-0.12118228	-0.23064367	0.4187106	0.77671846	-0.39187306
-0.12118228	-0.23064367	0.4187106	0.77671846	-0.39361357
-0.12118228	-0.23064367	0.4187106	0.77671846	-0.39535882
-0.12118228	-0.23064367	0.4187106	0.77671846	-0.39710882
-0.12118228	-0.23064367	0.4187106	0.77671846	-0.39886356
-0.12118228	-0.23064367	0.4187106	0.77671846	-0.40062307
-0.12118228	-0.23064367	0.4187106	0.77671846	-0.40238733
-0.12118228	-0.23064367	0.4187106	0.77671846	-0.40415635
-0.12118228	-0.23064367	0.4187106	0.77671846	-0.40593014
-0.12118228	-0.23064367	0.4187106	0.77671846	-0.4077087
-0.12118228	-0.23064367	0.4187106	0.77671846	-0.40949203
-0.12118228	-0.23064367	0.4187106	0.77671846	-0.41128015
-0.12118228	-0.23064367	0.4187106	0.77671846	-0.41307304
-0.12118228	-0.23064367	0.4187106	0.77671846	-0.41487072
-0.12118228	-0.23064367	0.4187106	0.77671846	-0.41667319
-0.12118228	-0.23064367	0.4187106	0.77671846	-0.41848046
-0.12118228	-0.23064367	0.4187106	0.77671846	-0.42029252
-0.12118228	-0.23064367	0.4187106	0.77671846	-0.42210938
-0.12118228	-0.23064367	0.4187106	0.77671846	-0.42393105
-0.12118228	-0.23064367	0.4187106	0.77671846	-0.42575753
-0.12118228	-0.23064367	0.4187106	0.77671846	-0.42758882
-0.12118228	-0.23064367	0.4187106	0.77671846	-0.42942493
-0.12118228	-0.23064367	0.4187106	0.77671846	-0.43126586
-0.12118228	-0.23064367	0.4187106	0.77671846	-0.43311161
-0.12118228	-0.23064367	0.4187106	0.77671846	-0.43496219
-0.12118228	-0.23064367	0.4187106	0.77671846	-0.43681761
-0.12118228	-0.23064367	0.4187106	0.77671846	-0.43867786
-0.12118228	-0.23064367	0.4187106	0.77671846	-0.44054295
-0.12118228	-0.23064367	0.4187106	0.77671846	-0.44241288
-0.12118228	-0.23064367	0.4187106	0.77671846	-0.44428766
-0.12118228	-0.23064367	0.4187106	0.77671846	-0.44616729
-0.12118228	-0.23064367	0.4187106	0.77671846	-0.44805177
-0.12118228	-0.23064367	0.4187106	0.77671846	-0.44994112
-0.12118228	-0.23064367	0.4187106	0.77671846	-0.45183532
-0.12118228	-0.23064367	0.4187106	0.77671846	-0.45373439
-0.12118228	-0.23064367	0.4187106	0.77671846	-0.45563833
-0.12118228	-0.23064367	0.4187106	0.77671846	-0.45754714
-0.12118228	-0.23064367	0.4187106	0.77671846	-0.45946083
-0.12118228	-0.23064367	0.4187106	0.77671846	-0.4613794
-0.12118228	-0.23064367	0.4187106	0.77671846	-0.46330286
-0.12118228	-0.23064367	0.4187106	0.77671846	-0.4652312
-0.12118228	-0.23064367	0.4187106	0.77671846	-0.46716443
-0.12118228	-0.23064367	0.4187106	0.77671846	-0.46910256
-0.12118228	-0.23064367	0.4187106	0.77671846	-0.47104559
-0.12118228	-0.23064367	0.4187106	0.77671846	-0.47299352
-0.12118228	-0.23064367	0.4187106	0.77671846	-0.47494635
-0.12118228	-0.23064367	0.4187106	0.77671846	-0.47690409
-0.12118228	-0.23064367	0.4187106	0.77671846	-0.47886675
-0.12118228	-0.23064367	0.4187106	0.77671846	-0.48083432
-0.12118228	-0.23064367	0.4187106	0.77671846	-0.48280682
-0.12118228	-0.23064367	0.4187106	0.77671846	-0.48478423
-0.12118228	-0.23064367	0.4187106	0.77671846	-0.48676657
-0.12118228	-0.23064367	0.4187106	0.77671846	-0.48875385
-0.12118228	-0.23064367	0.4187106	0.77671846	-0.49074606
-0.12118228	-0.23064367	0.4187106	0.77671846	-0.4927432
-0.12118228	-0.23064367	0.4187106	0.77671846	-0.49474529
-0.12118228	-0.23064367	0.4187106	0.77671846	-0.49675232
-0.12118228	-0.23064367	0.4187106	0.77671846	-0.4987643
-0.12118228	-0.23064367	0.4187106	0.77671846	-0.50078123
-0.12118228	-0.23064367	0.4187106	0.77671846	-0.50280311
-0.12118228	-0.23064367	0.4187106	0.77671846	-0.50482995
-0.12118228	-0.23064367	0.4187106	0.77671846	-0.50686176
-0.12118228	-0.23064367	0.4187106	0.77671846	-0.50889853
-0.12118228	-0.23064367	0.4187106	0.77671846	-0.51094027
-0.12118228	-0.23064367	0.4187106	0.77671846	-0.51298698
-0.12118228	-0.23064367	0.4187106	0.77671846	-0.51503866
-0.12118228	-0.23064367	0.4187106	0.77671846	-0.51709533
-0.12118228	-0.23064367	0.4187106	0.77671846	-0.51915697
-0.12118228	-0.23064367	0.4187106	0.77671846	-0.52122361
-0.12118228	-0.23064367	0.4187106	0.77671846	-0.52329523
-0.12118228	-0.23064367	0.4187106	0.77671846	-0.52537184
-0.12118228	-0.23064367	0.4187106	0.77671846	-0.52745345
-0.12118228	-0.23064367	0.4187106	0.77671846	-0.52954006
-0.12118228	-0.23064367	0.4187106	0.77671846	-0.53163167
-0.12118228	-0.23064367	0.4187106	0.77671846	-0.53372828
-0.12118228	-0.23064367	0.4187106	0.77671846	-0.5358299
-0.12118228	-0.23064367	0.4187106	0.77671846	-0.53793654
-0.12118228	-0.23064367	0.4187106	0.77671846	-0.54004819
-0.12118228	-0.23064367	0.4187106	0.77671846	-0.54216486
-0.12118228	-0.23064367	0.4187106	0.77671846	-0.54428655
-0.12118228	-0.23064367	0.4187106	0.77671846	-0.54641327
-0.12118228	-0.23064367	0.4187106	0.77671846	-0.54854502
-0.12118228	-0.23064367	0.4187106	0.77671846	-0.55068179
-0.12118228	-0.23064367	0.4187106	0.77671846	-0.5528236
-0.12118228	-0.23064367	0.4187106	0.77671846	-0.55497045
-0.12118228	-0.23064367	0.4187106	0.77671846	-0.55712234
-0.12118228	-0.23064367	0.4187106	0.77671846	-0.55927928
-0.12118228	-0.23064367	0.4187106	0.77671846	-0.56144126
-0.12118228	-0.23064367	0.4187106	0.77671846	-0.56360829
-0.12118228	-0.23064367	0.4187106	0.77671846	-0.56578038
-0.12118228	-0.23064367	0.4187106	0.77671846	-0.56795753
-0.12118228	-0.23064367	0.4187106	0.77671846	-0.57013973
-0.12118228	-0.23064367	0.4187106	0.77671846	-0.572327
-0.12118228	-0.23064367	0.4187106	0.77671846	-0.57451933
-0.12118228	-0.23064367	0.4187106	0.77671846	-0.57671674
-0.12118228	-0.23064367	0.4187106	0.77671846	-0.57891921
-0.12118228	-0.23064367	0.4187106	0.77671846	-0.58112677
-0.12118228	-0.23064367	0.4187106	0.77671846	-0.5833394
-0.12118228	-0.23064367	0.4187106	0.77671846	-0.58555711
-0.12118228	-0.23064367	0.4187106	0.77671846	-0.58777991
-0.12118228	-0.23064367	0.4187106	0.77671846	-0.59000779
-0.12118228	-0.23064367	0.4187106	0.77671846	-0.59224077
-0.12118228	-0.23064367	0.4187106	0.77671846	-0.59447884
-0.12118228	-0.23064367	0.4187106	0.77671846	-0.59672201
-0.12118228	-0.23064367	0.4187106	0.77671846	-0.59897028
-0.12118228	-0.23064367	0.4187106	0.77671846	-0.60122365
-0.12118228	-0.23064367	0.4187106	0.77671846	-0.60348213
-0.12118228	-0.23064367	0.4187106	0.77671846	-0.60574572
-0.12118228	-0.23064367	0.4187106	0.77671846	-0.60801442
-0.12118228	-0.23064367	0.4187106	0.77671846	-0.61028823
-0.12118228	-0.23064367	0.4187106	0.77671846	-0.61256716
-0.12118228	-0.23064367	0.4187106	0.77671846	-0.61485122
-0.12118228	-0.23064367	0.4187106	0.77671846	-0.6171404
-0.12118228	-0.23064367	0.4187106	0.77671846	-0.6194347
-0.12118228	-0.23064367	0.4187106	0.77671846	-0.62173414
-0.12118228	-0.23064367	0.4187106	0.77671846	-0.6240387
-0.12118228	-0.23064367	0.4187106	0.77671846	-0.62634841
-0.12118228	-0.23064367	0.4187106	0.77671846	-0.62866325
-0.12118228	-0.23064367	0.4187106	0.77671846	-0.63098323
-0.12118228	-0.23064367	0.4187106	0.77671846	-0.63330836
-0.12118228	-0.23064367	0.4187106	0.77671846	-0.63563863
-0.12118228	-0.23064367	0.4187106	0.77671846	-0.63797406
-0.12118228	-0.23064367	0.4187106	0.77671846	-0.64031464
-0.12118228	-0.23064367	0.4187106	0.77671846	-0.64266037
-0.12118228	-0.23064367	0.4187106	0.77671846	-0.64501126
-0.12118228	-0.23064367	0.4187106	0.77671846	-0.64736732
-0.12118228	-0.23064367	0.4187106	0.77671846	-0.64972853
-0.12118228	-0.23064367	0.4187106	0.77671846	-0.65209492
-0.12118228	-0.23064367	0.4187106	0.77671846	-0.65446647
-0.12118228	-0.23064367	0.4187106	0.77671846	-0.6568432
-0.12118228	-0.23064367	0.4187106	0.77671846	-0.6592251
-0.12118228	-0.23064367	0.4187106	0.77671846	-0.66161219
-0.12118228	-0.23064367	0.4187106	0.77671846	-0.66400445
-0.12118228	-0.23064367	0.4187106	0.77671846	-0.66640189
-0.12118228	-0.23064367	0.4187106	0.77671846	-0.66880452
-0.12118228	-0.23064367	0.4187106	0.77671846	-0.67121235
-0.12118228	-0.23064367	0.4187106	0.77671846	-0.67362536
-0.12118228	-0.23064367	0.4187106	0.77671846	-0.67604357
-0.12118228	-0.23064367	0.4187106	0.77671846	-0.67846697
-0.12118228	-0.23064367	0.4187106	0.77671846	-0.68089558
-0.12118228	-0.23064367	0.4187106	0.77671846	-0.68332938
-0.12118228	-0.23064367	0.4187106	0.77671846	-0.6857684
-0.12118228	-0.23064367	0.4187106	0.77671846	-0.68821262
-0.12118228	-0.23064367	0.4187106	0.77671846	-0.69066205
-0.12118228	-0.23064367	0.4187106	0.77671846	-0.69311669
-0.12118228	-0.23064367	0.4187106	0.77671846	-0.69557655
-0.12118228	-0.23064367	0.4187106	0.77671846	-0.69804163
-0.12118228	-0.23064367	0.4187106	0.77671846	-0.70051193
-0.12118228	-0.23064367	0.4187106	0.77671846	-0.70298746
-0.12118228	-0.23064367	0.4187106	0.77671846	-0.70546821
-0.12118228	-0.23064367	0.4187106	0.77671846	-0.70795419
-0.12118228	-0.23064367	0.4187106	0.77671846	-0.7104454
-0.12118228	-0.23064367	0.4187106	0.77671846	-0.71294184
-0.12118228	-0.23064367	0.4187106	0.77671846	-0.71544353
-0.12118228	-0.23064367	0.4187106	0.77671846	-0.71795045
-0.12118228	-0.23064367	0.4187106	0.77671846	-0.72046261
-0.12118228	-0.23064367	0.4187106	0.77671846	-0.72298002
-0.12118228	-0.23064367	0.4187106	0.77671846	-0.72550267
-0.12118228	-0.23064367	0.4187106	0.77671846	-0.72803058
-0.12118228	-0.23064367	0.4187106	0.77671846	-0.73056373
-0.12118228	-0.23064367	0.4187106	0.77671846	-0.73310214
-0.12118228	-0.23064367	0.4187106	0.77671846	-0.73564581
-0.12118228	-0.23064367	0.4187106	0.77671846	-0.73819473
-0.12118228	-0.23064367	0.4187106	0.77671846	-0.74074892
-0.12118228	-0.23064367	0.4187106	0.77671846	-0.74330837
-0.12118228	-0.23064367	0.4187106	0.77671846	-0.74587309
-0.12118228	-0.23064367	0.4187106	0.77671846	-0.74844308
-0.12118228	-0.23064367	0.4187106	0.77671846	-0.75101834
-0.12118228	-0.23064367	0.4187106	0.77671846	-0.75359887
-0.12118228	-0.23064367	0.4187106	0.77671846	-0.75618468
-0.12118228	-0.23064367	0.4187106	0.77671846	-0.75877577
-0.12118228	-0.23064367	0.4187106	0.77671846	-0.76137214
-0.12118228	-0.23064367	0.4187106	0.77671846	-0.76397379
-0.12118228	-0.23064367	0.4187106	0.77671846	-0.76658073
-0.12118228	-0.23064367	0.4187106	0.77671846	-0.76919296
-0.12118228	-0.23064367	0.4187106	0.77671846	-0.77181048
-0.12118228	-0.23064367	0.4187106	0.77671846	-0.77443329
-0.12118228	-0.23064367	0.4187106	0.77671846	-0.7770614
-0.12118228	-0.23064367	0.4187106	0.77671846	-0.7796948
-0.12118228	-0.23064367	0.4187106	0.77671846	-0.78233351
-0.12118228	-0.23064367	0.4187106	0.77671846	-0.78497751
-0.12118228	-0.23064367	0.4187106	0.77671846	-0.78762683
-0.12118228	-0.23064367	0.4187106	0.77671846	-0.79028144
-0.12118228	-0.23064367	0.4187106	0.77671846	-0.79294137
-0.12118228	-0.23064367	0.4187106	0.77671846	-0.79560661
-0.12118228	-0.23064367	0.4187106	0.77671846	-0.79827717
-0.12118228	-0.23064367	0.4187106	0.77671846	-0.80095304
-0.12118228	-0.23064367	0.4187106	0.77671846	-0.80363422
-0.12118228	-0.23064367	0.4187106	0.77671846	-0.80632073
-0.12118228	-0.23064367	0.4187106	0.77671846	-0.80901256
-0.12118228	-0.23064367	0.4187106	0.77671846	-0.81170972
-0.12118228	-0.23064367	0.4187106	0.77671846	-0.81441221
-0.12118228	-0.23064367	0.4187106	0.77671846	-0.81712002
-0.12118228	-0.23064367	0.4187106	0.77671846	-0.81983316
-0.12118228	-0.23064367	0.4187106	0.77671846	-0.82255164
-0.12118228	-0.23064367	0.4187106	0.77671846	-0.82527546
-0.12118228	-0.23064367	0.4187106	0.77671846	-0.82800461
-0.12118228	-0.23064367	0.4187106	0.77671846	-0.83073911
-0.12118228	-0.23064367	0.4187106	0.77671846	-0.83347894
-0.12118228	-0.23064367	0.4187106	0.77671846	-0.83622412
-0.12118228	-0.23064367	0.4187106	0.77671846	-0.83897465
-0.12118228	-0.23064367	0.4187106	0.77671846	-0.84173053
-0.12118228	-0.23064367	0.4187106	0.77671846	-0.84449175
-0.12118228	-0.23064367	0.4187106	0.77671846	-0.84725834
-0.12118228	-0.23064367	0.4187106	0.77671846	-0.85003027
-0.12118228	-0.23064367	0.4187106	0.77671846	-0.85280757
-0.12118228	-0.23064367	0.4187106	0.77671846	-0.85559022
-0.12118228	-0.23064367	0.4187106	0.77671846	-0.85837823
-0.12118228	-0.23064367	0.4187106	0.77671846	-0.86117161
-0.12118228	-0.23064367	0.4187106	0.77671846	-0.86397035
-0.12118228	-0.23064367	0.4187106	0.77671846	-0.86677447
-0.12118228	-0.23064367	0.4187106	0.77671846	-0.86958395
-0.12118228	-0.23064367	0.4187106	0.77671846	-0.8723988
-0.12118228	-0.23064367	0.4187106	0.77671846	-0.87521903
-0.12118228	-0.23064367	0.4187106	0.77671846	-0.87804463
-0.12118228	-0.23064367	0.4187106	0.77671846	-0.88087561
-0.12118228	-0.23064367	0.4187106	0.77671846	-0.88371197
-0.12118228	-0.23064367	0.4187106	0.77671846	-0.88655371
-0.12118228	-0.23064367	0.4187106	0.77671846	-0.88940084
-0.12118228	-0.23064367	0.4187106	0.77671846	-0.89225335
-0.12118228	-0.23064367	0.4187106	0.77671846	-0.89511125
-0.12118228	-0.23064367	0.4187106	0.77671846	-0.89797453
-0.12118228	-0.23064367	0.4187106	0.77671846	-0.90084321
-0.12118228	-0.23064367	0.4187106	0.77671846	-0.90371729
-0.12118228	-0.23064367	0.4187106	0.77671846	-0.90659676
-0.12118228	-0.23064367	0.4187106	0.77671846	-0.90948162
-0.12118228	-0.23064367	0.4187106	0.77671846	-0.91237189
-0.12118228	-0.23064367	0.4187106	0.77671846	-0.91526755
-0.12118228	-0.23064367	0.4187106	0.77671846	-0.91816862
-0.12118228	-0.23064367	0.4187106	0.77671846	-0.9210751
-0.12118228	-0.23064367	0.4187106	0.77671846	-0.92398698
-0.12118228	-0.23064367	0.4187106	0.77671846	-0.92690427
-0.12118228	-0.23064367	0.4187106	0.77671846	-0.92982697
-0.12118228	-0.23064367	0.4187106	0.77671846	-0.93275508
-0.12118228	-0.23064367	0.4187106	0.77671846	-0.93568861
-0.12118228	-0.23064367	0.4187106	0.77671846	-0.93862755
-0.12118228	-0.23064367	0.4187106	0.77671846	-0.94157191
-0.12118228	-0.23064367	0.4187106	0.77671846	-0.94452169
-0.12118228	-0.23064367	0.4187106	0.77671846	-0.94747689
-0.12118228	-0.23064367	0.4187106	0.77671846	-0.95043751
-0.12118228	-0.23064367	0.4187106	0.77671846	-0.95340356
-0.12118228	-0.23064367	0.4187106	0.77671846	-0.95637504
-0.12118228	-0.23064367	0.4187106	0.77671846	-0.95935194
-0.12118228	-0.23064367	0.4187106	0.77671846	-0.96233428
-0.12118228	-0.23064367	0.4187106	0.77671846	-0.96532204
-0.12118228	-0.23064367	0.4187106	0.77671846	-0.96831524
-0.12118228	-0.23064367	0.4187106	0.77671846	-0.97131388
-0.12118228	-0.23064367	0.4187106	0.77671846	-0.97431795
-0.12118228	-0.23064367	0.4187106	0.77671846	-0.97732746
-0.12118228	-0.23064367	0.4187106	0.77671846	-0.98034242
-0.12118228	-0.23064367	0.4187106	0.77671846	-0.98336281
-0.12118228	-0.23064367	0.4187106	0.77671846	-0.98638865
-0.12118228	-0.23064367	0.4187106	0.77671846	-0.98941993
-0.12118228	-0.23064367	0.4187106	0.77671846	-0.99245667
-0.12118228	-0.23064367	0.4187106	0.77671846	-0.99549885
-0.12118228	-0.23064367	0.4187106	0.77671846	-0.99854648
-0.12118228	-0.23064367	0.4187106	0.77671846	-1.0015996
-0.12118228	-0.23064367	0.4187106	0.77671846	-1.0046581
-0.12118228	-0.23064367	0.4187106	0.77671846	-1.0077221
-0.12118228	-0.23064367	0.4187106	0.77671846	-1.0107915
-0.12118228	-0.23064367	0.4187106	0.77671846	-1.0138664
-0.12118228	-0.23064367	0.4187106	0.77671846	-1.0169468
-0.12118228	-0.23064367	0.4187106	0.77671846	-1.0200326
-0.12118228	-0.23064367	0.4187106	0.77671846	-1.0231239
-0.12118228	-0.23064367	0.4187106	0.77671846	-1.0262207
-0.12118228	-0.23064367	0.4187106	0.77671846	-1.0293229
-0.12118228	-0.23064367	0.4187106	0.77671846	-1.0324306
-0.12118228	-0.23064367	0.4187106	0.77671846	-1.0355438
-0.12118228	-0.23064367	0.4187106	0.77671846	-1.0386624
-0.12118228	-0.23064367	0.4187106	0.77671846	-1.0417865
-0.12118228	-0.23064367	0.4187106	0.77671846	-1.0449161
-0.12118228	-0.23064367	0.4187106	0.77671846	-1.0480512
-0.12118228	-0.23064367	0.4187106	0.77671846	-1.0511917
-0.12118228	-0.23064367	0.4187106	0.77671846	-1.0543377
-0.12118228	-0.23064367	0.4187106	0.77671846	-1.0574892
-0.12118228	-0.23064367	0.4187106	0.77671846	-1.0606462
-0.12118228	-0.23064367	0.4187106	0.77671846	-1.0638086
-0.12118228	-0.23064367	0.4187106	0.77671846	-1.0669766
-0.12118228	-0.23064367	0.4187106	0.77671846	-1.07015
-0.12118228	-0.23064367	0.4187106	0.77671846	-1.0733289
-0.12118228	-0.23064367	0.4187106	0.77671846	-1.0765133
-0.12118228	-0.23064367	0.4187106	0.77671846	-1.0797032
-0.12118228	-0.23064367	0.4187106	0.77671846	-1.0828986
-0.12118228	-0.23064367	0.4187106	0.77671846	-1.0860995
-0.12118228	-0.23064367	0.4187106	0.77671846	-1.0893059
-0.12118228	-0.23064367	0.4187106	0.77671846	-1.0925178
-0.12118228	-0.23064367	0.4187106	0.77671846	-1.0957351
-0.12118228	-0.23064367	0.4187106	0.77671846	-1.098958
-0.12118228	-0.23064367	0.4187106	0.77671846	-1.1021864
-0.12118228	-0.23064367	0.4187106	0.77671846	-1.1054202
-0.12118228	-0.23064367	0.4187106	0.77671846	-1.1086596
-0.12118228	-0.23064367	0.4187106	0.77671846	-1.1119045
-0.12118228	-0.23064367	0.4187106	0.77671846	-1.1151549
-0.12118228	-0.23064367	0.4187106	0.77671846	-1.1184108
-0.12118228	-0.23064367	0.4187106	0.77671846	-1.1216722
-0.12118228	-0.23064367	0.4187106	0.77671846	-1.1249391
-0.12118228	-0.23064367	0.4187106	0.77671846	-1.1282115
-0.12118228	-0.23064367	0.4187106	0.77671846	-1.1314894
-0.12118228	-0.23064367	0.4187106	0.77671846	-1.1347729
-0.12118228	-0.23064367	0.4187106	0.77671846	-1.1380618
-0.12118228	-0.23064367	0.4187106	0.77671846	-1.1413563
-0.12118228	-0.23064367	0.4187106	0.77671846	-1.1446563
-0.12118228	-0.23064367	0.4187106	0.77671846	-1.1479618
-0.12118228	-0.23064367	0.4187106	0.77671846	-1.1512729
-0.12118228	-0.23064367	0.4187106	0.77671846	-1.1545894
-0.12118228	-0.23064367	0.4187106	0.77671846	-1.1579115
-0.12118228	-0.23064367	0.4187106	0.77671846	-1.1612391
-0.12118228	-0.23064367	0.4187106	0.77671846	-1.1645722
-0.12118228	-0.23064367	0.4187106	0.77671846	-1.1679108
-0.12118228	-0.23064367	0.4187106	0.77671846	-1.171255
-0.12118228	-0.23064367	0.4187106	0.77671846	-1.1746047
-0.12118228	-0.23064367	0.4187106	0.77671846	-1.17796
-0.12118228	-0.23064367	0.4187106	0.77671846	-1.1813207
-0.12118228	-0.23064367	0.4187106	0.77671846	-1.184687
-0.12118228	-0.23064367	0.4187106	0.77671846	-1.1880588
-0.12118228	-0.23064367	0.4187106	0.77671846	-1.1914362
-0.12118228	-0.23064367	0.4187106	0.77671846	-1.1948191
-0.12118228	-0.23064367	0.4187106	0.77671846	-1.1982075
-0.12118228	-0.23064367	0.4187106	0.77671846	-1.2016015
-0.12118228	-0.23064367	0.4187106	0.77671846	-1.205001
-0.12118228	-0.23064367	0.4187106	0.77671846	-1.2084061
-0.12118228	-0.23064367	0.4187106	0.77671846	-1.2118166
-0.12118228	-0.23064367	0.4187106	0.77671846	-1.2152328
-0.12118228	-0.23064367	0.4187106	0.77671846	-1.2186544
-0.12118228	-0.23064367	0.4187106	0.77671846	-1.2220817
-0.12118228	-0.23064367	0.4187106	0.77671846	-1.2255144
-0.12118228	-0.23064367	0.4187106	0.77671846	-1.2289527
-0.12118228	-0.23064367	0.4187106	0.77671846	-1.2323966
-0.12118228	-0.23064367	0.4187106	0.77671846	-1.235846
-0.12118228	-0.23064367	0.4187106	0.77671846	-1.2393009
-0.12118228	-0.23064367	0.4187106	0.77671846	-1.2427614
-0.12118228	-0.23064367	0.4187106	0.77671846	-1.2462275
-0.12118228	-0.23064367	0.4187106	0.77671846	-1.2496991
-0.12118228	-0.23064367	0.4187106	0.77671846	-1.2531762
-0.12118228	-0.23064367	0.4187106	0.77671846	-1.256659
-0.12118228	-0.23064367	0.4187106	0.77671846	-1.2601472
-0.12118228	-0.23064367	0.4187106	0.77671846	-1.263641
-0.12118228	-0.23064367	0.4187106	0.77671846	-1.2671404
-0.12118228	-0.23064367	0.4187106	0.77671846	-1.2706454
-0.12118228	-0.23064367	0.4187106	0.77671846	-1.2741558
-0.12118228	-0.23064367	0.4187106	0.77671846	-1.2776719
-0.12118228	-0.23064367	0.4187106	0.77671846	-1.2811935
-0.12118228	-0.23064367	0.4187106	0.77671846	-1.2847207
-0.12118228	-0.23064367	0.4187106	0.77671846	-1.2882534
-0.12118228	-0.23064367	0.4187106	0.77671846	-1.2917917
-0.12118228	-0.23064367	0.4187106	0.77671846	-1.2953356
-0.12118228	-0.23064367	0.4187106	0.77671846	-1.298885
-0.12118228	-0.23064367	0.4187106	0.77671846	-1.30244
-0.12118228	-0.23064367	0.4187106	0.77671846	-1.3060006
-0.12118228	-0.23064367	0.4187106	0.77671846	-1.3095667
-0.12118228	-0.23064367	0.4187106	0.77671846	-1.3131384
-0.12118228	-0.23064367	0.4187106	0.77671846	-1.3167157
-0.12118228	-0.23064367	0.4187106	0.77671846	-1.3202985
-0.12118228	-0.23064367	0.4187106	0.77671846	-1.3238869
-0.12118228	-0.23064367	0.4187106	0.77671846	-1.3274809
-0.12118228	-0.23064367	0.4187106	0.77671846	-1.3310805
-0.12118228	-0.23064367	0.4187106	0.77671846	-1.3346856
-0.12118228	-0.23064367	0.4187106	0.77671846	-1.3382963
-0.12118228	-0.23064367	0.4187106	0.77671846	-1.3419126
-0.12118228	-0.23064367	0.4187106	0.77671846	-1.3455344
-0.12118228	-0.23064367	0.4187106	0.77671846	-1.3491619
-0.12118228	-0.23064367	0.4187106	0.77671846	-1.3527949
-0.12118228	-0.23064367	0.4187106	0.77671846	-1.3564335
-0.12118228	-0.23064367	0.4187106	0.77671846	-1.3600776
-0.12118228	-0.23064367	0.4187106	0.77671846	-1.3637274
-0.12118228	-0.23064367	0.4187106	0.77671846	-1.3673827
-0.12118228	-0.23064367	0.4187106	0.77671846	-1.3710436
-0.12118228	-0.23064367	0.4187106	0.77671846	-1.3747101
-0.12118228	-0.23064367	0.4187106	0.77671846	-1.3783821
-0.12118228	-0.23064367	0.4187106	0.77671846	-1.3820598
-0.12118228	-0.23064367	0.4187106	0.77671846	-1.385743
-0.12118228	-0.23064367	0.4187106	0.77671846	-1.3894319
-0.12118228	-0.23064367	0.4187106	0.77671846	-1.3931263
-0.12118228	-0.23064367	0.4187106	0.77671846	-1.3968263
-0.12118228	-0.23064367	0.4187106	0.77671846	-1.4005318
-0.12118228	-0.23064367	0.4187106	0.77671846	-1.404243
-0.12118228	-0.23064367	0.4187106	0.77671846	-1.4079597
-0.12118228	-0.23064367	0.4187106	0.77671846	-1.4116821
-0.12118228	-0.23064367	0.4187106	0.77671846	-1.41541
-0.12118228	-0.23064367	0.4187106	0.77671846	-1.4191435
-0.12118228	-0.23064367	0.4187106	0.77671846	-1.4228826
-0.12118228	-0.23064367	0.4187106	0.77671846	-1.4266273
-0.12118228	-0.23064367	0.4187106	0.77671846	-1.4303776
-0.12118228	-0.23064367	0.4187106	0.77671846	-1.4341335
-0.12118228	-0.23064367	0.4187106	0.77671846	-1.437895
-0.12118228	-0.23064367	0.4187106	0.77671846	-1.4416621
-0.12118228	-0.23064367	0.4187106	0.77671846	-1.4454347
-0.12118228	-0.23064367	0.4187106	0.77671846	-1.449213
-0.12118228	-0.23064367	0.4187106	0.77671846	-1.4529968
-0.12118228	-0.23064367	0.4187106	0.77671846	-1.4567863
-0.12118228	-0.23064367	0.4187106	0.77671846	-1.4605813
-0.12118228	-0.23064367	0.4187106	0.77671846	-1.464382
-0.12118228	-0.23064367	0.4187106	0.77671846	-1.4681882
-0.12118228	-0.23064367	0.4187106	0.77671846	-1.472
-0.12118228	-0.23064367	0.4187106	0.77671846	-1.4758175
-0.12118228	-0.23064367	0.4187106	0.77671846	-1.4796405
-0.12118228	-0.23064367	0.4187106	0.77671846	-1.4834691
-0.12118228	-0.23064367	0.4187106	0.77671846	-1.4873033
-0.12118228	-0.23064367	0.4187106	0.77671846	-1.4911432
-0.12118228	-0.23064367	0.4187106	0.77671846	-1.4949886
-0.12118228	-0.23064367	0.4187106	0.77671846	-1.4988396
-0.12118228	-0.23064367	0.4187106	0.77671846	-1.5026962
-0.12118228	-0.23064367	0.4187106	0.77671846	-1.5065585
-0.12118228	-0.23064367	0.4187106	0.77671846	-1.5104263
-0.12118228	-0.23064367	0.4187106	0.77671846	-1.5142997
-0.12118228	-0.23064367	0.4187106	0.77671846	-1.5181788
-0.12118228	-0.23064367	0.4187106	0.77671846	-1.5220634
-0.12118228	-0.23064367	0.4187106	0.77671846	-1.5259537
-0.12118228	-0.23064367	0.4187106	0.77671846	-1.5298495
-0.12118228	-0.23064367	0.4187106	0.77671846	-1.533751
-0.12118228	-0.23064367	0.4187106	0.77671846	-1.537658
-0.12118228	-0.23064367	0.4187106	0.77671846	-1.5415707
-0.12118228	-0.23064367	0.4187106	0.77671846	-1.5454889
-0.12118228	-0.23064367	0.4187106	0.77671846	-1.5494128
-0.12118228	-0.23064367	0.4187106	0.77671846	-1.5533423
-0.12118228	-0.23064367	0.4187106	0.77671846	-1.5572774
-0.12118228	-0.23064367	0.4187106	0.77671846	-1.5612181
-0.12118228	-0.23064367	0.4187106	0.77671846	-1.5651644
-0.12118228	-0.23064367	0.4187106	0.77671846	-1.5691163
-0.12118228	-0.23064367	0.4187106	0.77671846	-1.5730738
-0.12118228	-0.23064367	0.4187106	0.77671846	-1.5770369
-0.12118228	-0.23064367	0.4187106	0.77671846	-1.5810056
-0.12118228	-0.23064367	0.4187106	0.77671846	-1.58498
-0.12118228	-0.23064367	0.4187106	0.77671846	-1.5889599
-0.12118228	-0.23064367	0.4187106	0.77671846	-1.5929454
-0.12118228	-0.23064367	0.4187106	0.77671846	-1.5969366
-0.12118228	-0.23064367	0.4187106	0.77671846	-1.6009334
-0.12118228	-0.23064367	0.4187106	0.77671846	-1.6049358
-0.12118228	-0.23064367	0.4187106	0.77671846	-1.6089438
-0.12118228	-0.23064367	0.4187106	0.77671846	-1.6129574
-0.12118228	-0.23064367	0.4187106	0.77671846	-1.6169766
-0.12118228	-0.23064367	0.4187106	0.77671846	-1.6210014
-0.12118228	-0.23064367	0.4187106	0.77671846	-1.6250318
-0.12118228	-0.23064367	0.4187106	0.77671846	-1.6290679
-0.12118228	-0.23064367	0.4187106	0.77671846	-1.6331095
-0.12118228	-0.23064367	0.4187106	0.77671846	-1.6371568
-0.12118228	-0.23064367	0.4187106	0.77671846	-1.6412097
-0.12118228	-0.23064367	0.4187106	0.77671846	-1.6452682
-0.12118228	-0.23064367	0.4187106	0.77671846	-1.6493323
-0.12118228	-0.23064367	0.4187106	0.77671846	-1.653402
-0.12118228	-0.23064367	0.4187106	0.77671846	-1.6574773
-0.12118228	-0.23064367	0.4187106	0.77671846	-1.6615582
-0.12118228	-0.23064367	0.4187106	0.77671846	-1.6656448
-0.12118228	-0.23064367	0.4187106	0.77671846	-1.6697369
-0.12118228	-0.23064367	0.4187106	0.77671846	-1.6738347
-0.12118228	-0.23064367	0.4187106	0.77671846	-1.6779381
-0.12118228	-0.23064367	0.4187106	0.77671846	-1.6820471
-0.12118228	-0.23064367	0.4187106	0.77671846	-1.6861617
-0.12118228	-0.23064367	0.4187106	0.77671846	-1.6902819
-0.12118228	-0.23064367	0.4187106	0.77671846	-1.6944078
-0.12118228	-0.23064367	0.4187106	0.77671846	-1.6985392
-0.12118228	-0.23064367	0.4187106	0.77671846	-1.7026763
-0.12118228	-0.23064367	0.4187106	0.77671846	-1.706819
-0.12118228	-0.23064367	0.4187106	0.77671846	-1.7109672
-0.12118228	-0.23064367	0.4187106	0.77671846	-1.7151211
-0.12118228	-0.23064367	0.4187106	0.77671846	-1.7192807
-0.12118228	-0.23064367	0.4187106	0.77671846	-1.7234458
-0.12118228	-0.23064367	0.4187106	0.77671846	-1.7276165
-0.12118228	-0.23064367	0.4187106	0.77671846	-1.7317929
-0.12118228	-0.23064367	0.4187106	0.77671846	-1.7359748
-0.12118228	-0.23064367	0.4187106	0.77671846	-1.7401624
-0.12118228	-0.23064367	0.4187106	0.77671846	-1.7443556
-0.12118228	-0.23064367	0.4187106	0.77671846	-1.7485544
-0.12118228	-0.23064367	0.4187106	0.77671846	-1.7527588
-0.12118228	-0.23064367	0.4187106	0.77671846	-1.7569689
-0.12118228	-0.23064367	0.4187106	0.77671846	-1.7611845
-0.12118228	-0.23064367	0.4187106	0.77671846	-1.7654058
-0.12118228	-0.23064367	0.4187106	0.77671846	-1.7696326
-0.12118228	-0.23064367	0.4187106	0.77671846	-1.7738651
-0.12118228	-0.23064367	0.4187106	0.77671846	-1.7781032
-0.12118228	-0.23064367	0.4187106	0.77671846	-1.7823469
-0.12118228	-0.23064367	0.4187106	0.77671846	-1.7865962
-0.12118228	-0.23064367	0.4187106	0.77671846	-1.7908512
-0.12118228	-0.23064367	0.4187106	0.77671846	-1.7951117
-0.12118228	-0.23064367	0.4187106	0.77671846	-1.7993779
-0.12118228	-0.23064367	0.4187106	0.77671846	-1.8036496
-0.12118228	-0.23064367	0.4187106	0.77671846	-1.807927
-0.12118228	-0.23064367	0.4187106	0.77671846	-1.81221
-0.12118228	-0.23064367	0.4187106	0.77671846	-1.8164986
-0.12118228	-0.23064367	0.4187106	0.77671846	-1.8207928
-0.12118228	-0.23064367	0.4187106	0.77671846	-1.8250926
-0.12118228	-0.23064367	0.4187106	0.77671846	-1.829398
-0.12118228	-0.23064367	0.4187106	0.77671846	-1.8337091
-0.12118228	-0.23064367	0.4187106	0.77671846	-1.8380257
-0.12118228	-0.23064367	0.4187106	0.77671846	-1.842348
-0.12118228	-0.23064367	0.4187106	0.77671846	-1.8466759
-0.12118228	-0.23064367	0.4187106	0.77671846	-1.8510094
-0.12118228	-0.23064367	0.4187106	0.77671846	-1.8553485
-0.12118228	-0.23064367	0.4187106	0.77671846	-1.8596932
-0.12118228	-0.23064367	0.4187106	0.77671846	-1.8640435
-0.12118228	-0.23064367	0.4187106	0.77671846	-1.8683994
-0.12118228	-0.23064367	0.4187106	0.77671846	-1.8727609
-0.12118228	-0.23064367	0.4187106	0.77671846	-1.877128
-0.12118228	-0.23064367	0.4187106	0.77671846	-1.8815008
-0.12118228	-0.23064367	0.4187106	0.77671846	-1.8858791
-0.12118228	-0.23064367	0.4187106	0.77671846	-1.8902631
-0.12118228	-0.23064367	0.4187106	0.77671846	-1.8946527
-0.12118228	-0.23064367	0.4187106	0.77671846	-1.8990478
-0.12118228	-0.23064367	0.4187106	0.77671846	-1.9034486
-0.12118228	-0.23064367	0.4187106	0.77671846	-1.907855
-0.12118228	-0.23064367	0.4187106	0.77671846	-1.912267
-0.12118228	-0.23064367	0.4187106	0.77671846	-1.9166846
-0.12118228	-0.23064367	0.4187106	0.77671846	-1.9211078
-0.12118228	-0.23064367	0.4187106	0.77671846	-1.9255366
-0.12118228	-0.23064367	0.4187106	0.77671846	-1.929971
-0.12118228	-0.23064367	0.4187106	0.77671846	-1.934411
-0.12118228	-0.23064367	0.4187106	0.77671846	-1.9388567
-0.12118228	-0.23064367	0.4187106	0.77671846	-1.9433079
-0.12118228	-0.23064367	0.4187106	0.77671846	-1.9477647
-0.12118228	-0.23064367	0.4187106	0.77671846	-1.9522271
-0.12118228	-0.23064367	0.4187106	0.77671846	-1.9566952
-0.12118228	-0.23064367	0.4187106	0.77671846	-1.9611688
-0.12118228	-0.23064367	0.4187106	0.77671846	-1.965648
-0.12118228	-0.23064367	0.4187106	0.77671846	-1.9701329
-0.12118228	-0.23064367	0.4187106	0.77671846	-1.9746233
-0.12118228	-0.23064367	0.4187106	0.77671846	-1.9791193
-0.12118228	-0.23064367	0.4187106	0.77671846	-1.983621
-0.12118228	-0.23064367	0.4187106	0.77671846	-1.9881282
-0.12118228	-0.23064367	0.4187106	0.77671846	-1.992641
-0.12118228	-0.23064367	0.4187106	0.77671846	-1.9971595
-0.12118228	-0.23064367	0.4187106	0.77671846	-2.0016835
-0.12118228	-0.23064367	0.4187106	0.77671846	-2.0062131
-0.12118228	-0.23064367	0.4187106	0.77671846	-2.0107484
-0.12118228	-0.23064367	0.4187106	0.77671846	-2.0152892
-0.12118228	-0.23064367	0.4187106	0.77671846	-2.0198356
-0.12118228	-0.23064367	0.4187106	0.77671846	-2.0243876
-0.12118228	-0.23064367	0.4187106	0.77671846	-2.0289452
-0.12118228	-0.23064367	0.4187106	0.77671846	-2.0335084
-0.12118228	-0.23064367	0.4187106	0.77671846	-2.0380772
-0.12118228	-0.23064367	0.4187106	0.77671846	-2.0426516
-0.12118228	-0.23064367	0.4187106	0.77671846	-2.0472316
-0.12118228	-0.23064367	0.4187106	0.77671846	-2.0518172
-0.12118228	-0.23064367	0.4187106	0.77671846	-2.0564083
-0.12118228	-0.23064367	0.4187106	0.77671846	-2.0610051
-0.12118228	-0.23064367	0.4187106	0.77671846	-2.0656074
-0.12118228	-0.23064367	0.4187106	0.77671846	-2.0702154
-0.12118228	-0.23064367	0.4187106	0.77671846	-2.0748289
-0.12118228	-0.23064367	0.4187106	0.77671846	-2.079448
-0.12118228	-0.23064367	0.4187106	0.77671846	-2.0840727
-0.12118228	-0.23064367	0.4187106	0.77671846	-2.088703
-0.12118228	-0.23064367	0.4187106	0.77671846	-2.0933389
-0.12118228	-0.23064367	0.4187106	0.77671846	-2.0979803
-0.12118228	-0.23064367	0.4187106	0.77671846	-2.1026274
-0.12118228	-0.23064367	0.4187106	0.77671846	-2.10728
-0.12118228	-0.23064367	0.4187106	0.77671846	-2.1119382
-0.12118228	-0.23064367	0.4187106	0.77671846	-2.116602
-0.12118228	-0.23064367	0.4187106	0.77671846	-2.1212714
-0.12118228	-0.23064367	0.4187106	0.77671846	-2.1259464
-0.12118228	-0.23064367	0.4187106	0.77671846	-2.1306269
-0.12118228	-0.23064367	0.4187106	0.77671846	-2.1353131
-0.12118228	-0.23064367	0.4187106	0.77671846	-2.1400048
-0.12118228	-0.23064367	0.4187106	0.77671846	-2.1447021
-0.12118228	-0.23064367	0.4187106	0.77671846	-2.1494049
-0.12118228	-0.23064367	0.4187106	0.77671846	-2.1541134
-0.12118228	-0.23064367	0.4187106	0.77671846	-2.1588274
-0.12118228	-0.23064367	0.4187106	0.77671846	-2.163547
-0.12118228	-0.23064367	0.4187106	0.77671846	-2.1682722
-0.12118228	-0.23064367	0.4187106	0.77671846	-2.1730029
-0.12118228	-0.23064367	0.4187106	0.77671846	-2.1777393
-0.12118228	-0.23064367	0.4187106	0.77671846	-2.1824812
-0.12118228	-0.23064367	0.4187106	0.77671846	-2.1872287
-0.12118228	-0.23064367	0.4187106	0.77671846	-2.1919817
-0.12118228	-0.23064367	0.4187106	0.77671846	-2.1967403
-0.12118228	-0.23064367	0.4187106	0.77671846	-2.2015045
-0.12118228	-0.23064367	0.4187106	0.77671846	-2.2062743
-0.12118228	-0.23064367	0.4187106	0.77671846	-2.2110496
-0.12118228	-0.23064367	0.4187106	0.77671846	-2.2158305
-0.12118228	-0.23064367	0.4187106	0.77671846	-2.220617
-0.12118228	-0.23064367	0.4187106	0.77671846	-2.225409
-0.12118228	-0.23064367	0.4187106	0.77671846	-2.2302066
-0.12118228	-0.23064367	0.4187106	0.77671846	-2.2350098
-0.12118228	-0.23064367	0.4187106	0.77671846	-2.2398185
-0.12118228	-0.23064367	0.4187106	0.77671846	-2.2446328
-0.12118228	-0.23064367	0.4187106	0.77671846	-2.2494526
-0.12118228	-0.23064367	0.4187106	0.77671846	-2.254278
-0.12118228	-0.23064367	0.4187106	0.77671846	-2.259109
-0.12118228	-0.23064367	0.4187106	0.77671846	-2.2639456
-0.12118228	-0.23064367	0.4187106	0.77671846	-2.2687877
-0.12118228	-0.23064367	0.4187106	0.77671846	-2.2736353
-0.12118228	-0.23064367	0.4187106	0.77671846	-2.2784885
-0.12118228	-0.23064367	0.4187106	0.77671846	-2.2833473
-0.12118228	-0.23064367	0.4187106	0.77671846	-2.2882116
-0.12118228	-0.23064367	0.4187106	0.77671846	-2.2930815
-0.12118228	-0.23064367	0.4187106	0.77671846	-2.2979569
-0.12118228	-0.23064367	0.4187106	0.77671846	-2.3028379
-0.12118228	-0.23064367	0.4187106	0.77671846	-2.3077244
-0.12118228	-0.23064367	0.4187106	0.77671846	-2.3126165
-0.12118228	-0.23064367	0.4187106	0.77671846	-2.3175142
-0.12118228	-0.23064367	0.4187106	0.77671846	-2.3224173
-0.12118228	-0.23064367	0.4187106	0.77671846	-2.3273261
-0.12118228	-0.23064367	0.4187106	0.77671846	-2.3322404
-0.12118228	-0.23064367	0.4187106	0.77671846	-2.3371602
-0.12118228	-0.23064367	0.4187106	0.77671846	-2.3420856
-0.12118228	-0.23064367	0.4187106	0.77671846	-2.3470165
-0.12118228	-0.23064367	0.4187106	0.77671846	-2.3519529
-0.12118228	-0.23064367	0.4187106	0.77671846	-2.3568949
-0.12118228	-0.23064367	0.4187106	0.77671846	-2.3618425
-0.12118228	-0.23064367	0.4187106	0.77671846	-2.3667956
-0.12118228	-0.23064367	0.4187106	0.77671846	-2.3717542
-0.12118228	-0.23064367	0.4187106	0.77671846	-2.3767183
-0.12118228	-0.23064367	0.4187106	0.77671846	-2.381688
-0.12118228	-0.23064367	0.4187106	0.77671846	-2.3866633
-0.12118228	-0.23064367	0.4187106	0.77671846	-2.391644
-0.12118228	-0.23064367	0.4187106	0.77671846	-2.3966303
-0.12118228	-0.23064367	0.4187106	0.77671846	-2.4016222
-0.12118228	-0.23064367	0.4187106	0.77671846	-2.4066195
-0.12118228	-0.23064367	0.4187106	0.77671846	-2.4116224
-0.12118228	-0.23064367	0.4187106	0.77671846	-2.4166309
-0.12118228	-0.23064367	0.4187106	0.77671846	-2.4216448
-0.12118228	-0.23064367	0.4187106	0.77671846	-2.4266643
-0.12118228	-0.23064367	0.4187106	0.77671846	-2.4316893
-0.12118228	-0.23064367	0.4187106	0.77671846	-2.4367198
-0.12118228	-0.23064367	0.4187106	0.77671846	-2.4417559
-0.12118228	-0.23064367	0.4187106	0.77671846	-2.4467975
-0.12118228	-0.23064367	0.4187106	0.77671846	-2.4518446
-0.12118228	-0.23064367	0.4187106	0.77671846	-2.4568972
-0.12118228	-0.23064367	0.4187106	0.77671846	-2.4619553
-0.12118228	-0.23064367	0.4187106	0.77671846	-2.467019
-0.12118228	-0.23064367	0.4187106	0.77671846	-2.4720882
-0.12118228	-0.23064367	0.4187106	0.77671846	-2.4771629
-0.12118228	-0.23064367	0.4187106	0.77671846	-2.4822431
-0.12118228	-0.23064367	0.4187106	0.77671846	-2.4873288
-0.12118228	-0.23064367	0.4187106	0.77671846	-2.49242
-0.12118228	-0.23064367	0.4187106	0.77671846	-2.4975168
-0.12118228	-0.23064367	0.4187106	0.77671846	-2.502619
-0.12118228	-0.23064367	0.4187106	0.77671846	-2.5077268
-0.12118228	-0.23064367	0.4187106	0.77671846	-2.5128401
-0.12118228	-0.23064367	0.4187106	0.77671846	-2.5179588
-0.12118228	-0.23064367	0.4187106	0.77671846	-2.5230831
-0.12118228	-0.23064367	0.4187106	0.77671846	-2.5282129
-0.12118228	-0.23064367	0.4187106	0.77671846	-2.5333482
-0.12118228	-0.23064367	0.4187106	0.77671846	-2.538489
-0.12118228	-0.23064367	0.4187106	0.77671846	-2.5436353
-0.12118228	-0.23064367	0.4187106	0.77671846	-2.5487871
-0.12118228	-0.23064367	0.4187106	0.77671846	-2.5539443
-0.12118228	-0.23064367	0.4187106	0.77671846	-2.5591071
-0.12118228	-0.23064367	0.4187106	0.77671846	-2.5642754
-0.12118228	-0.23064367	0.4187106	0.77671846	-2.5694492
-0.12118228	-0.23064367	0.4187106	0.77671846	-2.5746284
-0.12118228	-0.23064367	0.4187106	0.77671846	-2.5798132
-0.12118228	-0.23064367	0.4187106	0.77671846	-2.5850034
-0.12118228	-0.23064367	0.4187106	0.77671846	-2.5901992
-0.12118228	-0.23064367	0.4187106	0.77671846	-2.5954004
-0.12118228	-0.23064367	0.4187106	0.77671846	-2.6006071
-0.12118228	-0.23064367	0.4187106	0.77671846	-2.6058193
-0.12118228	-0.23064367	0.4187106	0.77671846	-2.611037
-0.12118228	-0.23064367	0.4187106	0.77671846	-2.6162601
-0.12118228	-0.23064367	0.4187106	0.77671846	-2.6214887
-0.12118228	-0.23064367	0.4187106	0.77671846	-2.6267229
-0.12118228	-0.23064367	0.4187106	0.77671846	-2.6319625
-0.12118228	-0.23064367	0.4187106	0.77671846	-2.6372075
-0.12118228	-0.23064367	0.4187106	0.77671846	-2.6424581
-0.12118228	-0.23064367	0.4187106	0.77671846	-2.6477141
-0.12118228	-0.23064367	0.4187106	0.77671846	-2.6529756
-0.12118228	-0.23064367	0.4187106	0.77671846	-2.6582425
-0.12118228	-0.23064367	0.4187106	0.77671846	-2.663515
-0.12118228	-0.23064367	0.4187106	0.77671846	-2.6687929
-0.12118228	-0.23064367	0.4187106	0.77671846	-2.6740762
-0.12118228	-0.23064367	0.4187106	0.77671846	-2.6793651
-0.12118228	-0.23064367	0.4187106	0.77671846	-2.6846593
-0.12118228	-0.23064367	0.4187106	0.77671846	-2.6899591
-0.12118228	-0.23064367	0.4187106	0.77671846	-2.6952643
-0.12118228	-0.23064367	0.4187106	0.77671846	-2.700575
-0.12118228	-0.23064367	0.4187106	0.77671846	-2.7058911
-0.12118228	-0.23064367	0.4187106	0.77671846	-2.7112127
-0.12118228	-0.23064367	0.4187106	0.77671846	-2.7165398
-0.12118228	-0.23064367	0.4187106	0.77671846	-2.7218723
-0.12118228	-0.23064367	0.4187106	0.77671846	-2.7272102
-0.12118228	-0.23064367	0.4187106	0.77671846	-2.7325536
-0.12118228	-0.23064367	0.4187106	0.77671846	-2.7379025
-0.12118228	-0.23064367	0.4187106	0.77671846	-2.7432567
-0.12118228	-0.23064367	0.4187106	0.77671846	-2.7486165
-0.12118228	-0.23064367	0.4187106	0.77671846	-2.7539817
-0.12118228	-0.23064367	0.4187106	0.77671846	-2.7593523
-0.12118228	-0.23064367	0.4187106	0.77671846	-2.7647284
-0.12118228	-0.23064367	0.4187106	0.77671846	-2.7701099
-0.12118228	-0.23064367	0.4187106	0.77671846	-2.7754968
-0.12118228	-0.23064367	0.4187106	0.77671846	-2.7808892
-0.12118228	-0.23064367	0.4187106	0.77671846	-2.786287
-0.12118228	-0.23064367	0.4187106	0.77671846	-2.7916903
-0.12118228	-0.23064367	0.4187106	0.77671846	-2.797099
-0.12118228	-0.23064367	0.4187106	0.77671846	-2.8025131
-0.12118228	-0.23064367	0.4187106	0.77671846	-2.8079326
-0.12118228	-0.23064367	0.4187106	0.77671846	-2.8133576
-0.12118228	-0.23064367	0.4187106	0.77671846	-2.818788
-0.12118228	-0.23064367	0.4187106	0.77671846	-2.8242238
-0.12118228	-0.23064367	0.4187106	0.77671846	-2.8296651
-0.12118228	-0.23064367	0.4187106	0.77671846	-2.8351117
-0.12118228	-0.23064367	0.4187106	0.77671846	-2.8405638
-0.12118228	-0.23064367	0.4187106	0.77671846	-2.8460213
-0.12118228	-0.23064367	0.4187106	0.77671846	-2.8514842
-0.12118228	-0.23064367	0.4187106	0.77671846	-2.8569525
-0.12118228	-0.23064367	0.4187106	0.77671846	-2.8624263
-0.12118228	-0.23064367	0.4187106	0.77671846	-2.8679054
-0.12118228	-0.23064367	0.4187106	0.77671846	-2.87339
-0.12118228	-0.23064367	0.4187106	0.77671846	-2.87888
-0.12118228	-0.23064367	0.4187106	0.77671846	-2.8843754
-0.12118228	-0.23064367	0.4187106	0.77671846	-2.8898761
-0.12118228	-0.23064367	0.4187106	0.77671846	-2.8953823
-0.12118228	-0.23064367	0.4187106	0.77671846	-2.9008939
-0.12118228	-0.23064367	0.4187106	0.77671846	-2.9064109
-0.12118228	-0.23064367	0.4187106	0.77671846	-2.9119333
-0.12118228	-0.23064367	0.4187106	0.77671846	-2.917461
-0.12118228	-0.23064367	0.4187106	0.77671846	-2.9229942
-0.12118228	-0.23064367	0.4187106	0.77671846	-2.9285328
-0.12118228	-0.23064367	0.4187106	0.77671846	-2.9340767
-0.12118228	-0.23064367	0.4187106	0.77671846	-2.9396261
-0.12118228	-0.23064367	0.4187106	0.77671846	-2.9451808
-0.12118228	-0.23064367	0.4187106	0.77671846	-2.9507409
-0.12118228	-0.23064367	0.4187106	0.77671846	-2.9563064
-0.12118228	-0.23064367	0.4187106	0.77671846	-2.9618773
-0.12118228	-0.23064367	0.4187106	0.77671846	-2.9674535
-0.12118228	-0.23064367	0.4187106	0.77671846	-2.9730352
-0.12118228	-0.23064367	0.4187106	0.77671846	-2.9786222
-0.12118228	-0.23064367	0.4187106	0.77671846	-2.9842146
-0.12118228	-0.23064367	0.4187106	0.77671846	-2.9898123
-0.12118228	-0.23064367	0.4187106	0.77671846	-2.9954154
-0.12118228	-0.23064367	0.4187106	0.77671846	-3.0010239
-0.12118228	-0.23064367	0.4187106	0.77671846	-3.0066378
-0.12118228	-0.23064367	0.4187106	0.77671846	-3.012257
-0.12118228	-0.23064367	0.4187106	0.77671846	-3.0178816
-0.12118228	-0.23064367	0.4187106	0.77671846	-3.0235116
-0.12118228	-0.23064367	0.4187106	0.77671846	-3.0291469
-0.12118228	-0.23064367	0.4187106	0.77671846	-3.0347876
-0.12118228	-0.23064367	0.4187106	0.77671846	-3.0404336
-0.12118228	-0.23064367	0.4187106	0.77671846	-3.046085
-0.12118228	-0.23064367	0.4187106	0.77671846	-3.0517417
-0.12118228	-0.23064367	0.4187106	0.77671846	-3.0574038
-0.12118228	-0.23064367	0.4187106	0.77671846	-3.0630713
-0.12118228	-0.23064367	0.4187106	0.77671846	-3.068744
-0.12118228	-0.23064367	0.4187106	0.77671846	-3.0744222
-0.12118228	-0.23064367	0.4187106	0.77671846	-3.0801056
-0.12118228	-0.23064367	0.4187106	0.77671846	-3.0857945
-0.12118228	-0.23064367	0.4187106	0.77671846	-3.0914886
-0.12118228	-0.23064367	0.4187106	0.77671846	-3.0971881
-0.12118228	-0.23064367	0.4187106	0.77671846	-3.1028929
-0.12118228	-0.23064367	0.4187106	0.77671846	-3.1086031
-0.12118228	-0.23064367	0.4187106	0.77671846	-3.1143186
-0.12118228	-0.23064367	0.4187106	0.77671846	-3.1200394
-0.12118228	-0.23064367	0.4187106	0.77671846	-3.1257655
-0.12118228	-0.23064367	0.4187106	0.77671846	-3.131497
-0.12118228	-0.23064367	0.4187106	0.77671846	-3.1372338
-0.12118228	-0.23064367	0.4187106	0.77671846	-3.1429759
-0.12118228	-0.23064367	0.4187106	0.77671846	-3.1487234
-0.12118228	-0.23064367	0.4187106	0.77671846	-3.1544761
-0.12118228	-0.23064367	0.4187106	0.77671846	-3.1602342
-0.12118228	-0.23064367	0.4187106	0.77671846	-3.1659976
-0.12118228	-0.23064367	0.4187106	0.77671846	-3.1717663
-0.12118228	-0.23064367	0.4187106	0.77671846	-3.1775403
-0.12118228	-0.23064367	0.4187106	0.77671846	-3.1833196
-0.12118228	-0.23064367	0.4187106	0.77671846	-3.1891042
-0.12118228	-0.23064367	0.4187106	0.77671846	-3.1948941
-0.12118228	-0.23064367	0.4187106	0.77671846	-3.2006894
-0.12118228	-0.23064367	0.4187106	0.77671846	-3.2064899
-0.12118228	-0.23064367	0.4187106	0.77671846	-3.2122957
-0.12118228	-0.23064367	0.4187106	0.77671846	-3.2181068
-0.12118228	-0.23064367	0.4187106	0.77671846	-3.2239233
-0.12118228	-0.23064367	0.4187106	0.77671846	-3.229745
-0.12118228	-0.23064367	0.4187106	0.77671846	-3.235572
-0.12118228	-0.23064367	0.4187106	0.77671846	-3.2414042
-0.12118228	-0.23064367	0.4187106	0.77671846	-3.2472418
-0.12118228	-0.23064367	0.4187106	0.77671846	-3.2530847
-0.12118228	-0.23064367	0.4187106	0.77671846	-3.2589328
-0.12118228	-0.23064367	0.4187106	0.77671846	-3.2647862
-0.12118228	-0.23064367	0.4187106	0.77671846	-3.2706449
-0.12118228	-0.23064367	0.4187106	0.77671846	-3.2765088
-0.12118228	-0.23064367	0.4187106	0.77671846	-3.2823781
-0.12118228	-0.23064367	0.4187106	0.77671846	-3.2882526
-0.12118228	-0.23064367	0.4187106	0.77671846	-3.2941324
-0.12118228	-0.23064367	0.4187106	0.77671846	-3.3000174
-0.12118228	-0.23064367	0.4187106	0.77671846	-3.3059077
-0.12118228	-0.23064367	0.4187106	0.77671846	-3.3118033
-0.12118228	-0.23064367	0.4187106	0.77671846	-3.3177041
-0.12118228	-0.23064367	0.4187106	0.77671846	-3.3236102
-0.12118228	-0.23064367	0.4187106	0.77671846	-3.3295215
-0.12118228	-0.23064367	0.4187106	0.77671846	-3.3354381
-0.12118228	-0.23064367	0.4187106	0.77671846	-3.3413599
-0.12118228	-0.23064367	0.4187106	0.77671846	-3.347287
-0.12118228	-0.23064367	0.4187106	0.77671846	-3.3532194
-0.12118228	-0.23064367	0.4187106	0.77671846	-3.359157
-0.12118228	-0.23064367	0.4187106	0.77671846	-3.3650998
-0.12118228	-0.23064367	0.4187106	0.77671846	-3.3710479
-0.12118228	-0.23064367	0.4187106	0.77671846	-3.3770012
-0.12118228	-0.23064367	0.4187106	0.77671846	-3.3829597
-0.12118228	-0.23064367	0.4187106	0.77671846	-3.3889235
-0.12118228	-0.23064367	0.4187106	0.77671846	-3.3948925
-0.12118228	-0.23064367	0.4187106	0.77671846	-3.4008667
-0.12118228	-0.23064367	0.4187106	0.77671846	-3.4068462
-0.12118228	-0.23064367	0.4187106	0.77671846	-3.4128309
-0.12118228	-0.23064367	0.4187106	0.77671846	-3.4188208
-0.12118228	-0.23064367	0.4187106	0.77671846	-3.4248159
-0.12118228	-0.23064367	0.4187106	0.77671846	-3.4308162
-0.12118228	-0.23064367	0.4187106	0.77671846	-3.4368218
-0.12118228	-0.23064367	0.4187106	0.77671846	-3.4428326
-0.12118228	-0.23064367	0.4187106	0.77671846	-3.4488486
-0.12118228	-0.23064367	0.4187106	0.77671846	-3.4548698
-0.12118228	-0.23064367	0.4187106	0.77671846	-3.4608962
-0.12118228	-0.23064367	0.4187106	0.77671846	-3.4669278
-0.12118228	-0.23064367	0.4187106	0.77671846	-3.4729646
-0.12118228	-0.23064367	0.4187106	0.77671846	-3.4790066
-0.12118228	-0.23064367	0.4187106	0.77671846	-3.4850538
-0.12118228	-0.23064367	0.4187106	0.77671846	-3.4911062
-0.12118228	-0.23064367	0.4187106	0.77671846	-3.4971638
-0.12118228	-0.23064367	0.4187106	0.77671846	-3.5032266
-0.12118228	-0.23064367	0.4187106	0.77671846	-3.5092945
-0.12118228	-0.23064367	0.4187106	0.77671846	-3.5153677
-0.12118228	-0.23064367	0.4187106	0.77671846	-3.521446
-0.12118228	-0.23064367	0.4187106	0.77671846	-3.5275295
-0.12118228	-0.23064367	0.4187106	0.77671846	-3.5336182
-0.12118228	-0.23064367	0.4187106	0.77671846	-3.5397121
-0.12118228	-0.23064367	0.4187106	0.77671846	-3.5458112
-0.12118228	-0.23064367	0.4187106	0.77671846	-3.5519154
-0.12118228	-0.23064367	0.4187106	0.77671846	-3.5580248
-0.12118228	-0.23064367	0.4187106	0.77671846	-3.5641393
-0.12118228	-0.23064367	0.4187106	0.77671846	-3.570259
-0.12118228	-0.23064367	0.4187106	0.77671846	-3.5763839
-0.12118228	-0.23064367	0.4187106	0.77671846	-3.5825139
-0.12118228	-0.23064367	0.4187106	0.77671846	-3.5886491
-0.12118228	-0.23064367	0.4187106	0.77671846	-3.5947895
-0.12118228	-0.23064367	0.4187106	0.77671846	-3.600935
-0.12118228	-0.23064367	0.4187106	0.77671846	-3.6070856
-0.12118228	-0.23064367	0.4187106	0.77671846	-3.6132414
-0.12118228	-0.23064367	0.4187106	0.77671846	-3.6194024
-0.12118228	-0.23064367	0.4187106	0.77671846	-3.6255685
-0.12118228	-0.23064367	0.4187106	0.77671846	-3.6317397
-0.12118228	-0.23064367	0.4187106	0.77671846	-3.6379161
-0.12118228	-0.23064367	0.4187106	0.77671846	-3.6440976
-0.12118228	-0.23064367	0.4187106	0.77671846	-3.6502842
-0.12118228	-0.23064367	0.4187106	0.77671846	-3.656476
-0.12118228	-0.23064367	0.4187106	0.77671846	-3.6626728
-0.12118228	-0.23064367	0.4187106	0.77671846	-3.6688749
-0.12118228	-0.23064367	0.4187106	0.77671846	-3.675082
-0.12118228	-0.23064367	0.4187106	0.77671846	-3.6812942
-0.12118228	-0.23064367	0.4187106	0.77671846	-3.6875116
-0.12118228	-0.23064367	0.4187106	0.77671846	-3.6937341
-0.12118228	-0.23064367	0.4187106	0.77671846	-3.6999617
-0.12118228	-0.23064367	0.4187106	0.77671846	-3.7061944
-0.12118228	-0.23064367	0.4187106	0.77671846	-3.7124322
-0.12118228	-0.23064367	0.4187106	0.77671846	-3.7186752
-0.12118228	-0.23064367	0.4187106	0.77671846	-3.7249232
-0.12118228	-0.23064367	0.4187106	0.77671846	-3.7311763
-0.12118228	-0.23064367	0.4187106	0.77671846	-3.7374345
-0.12118228	-0.23064367	0.4187106	0.77671846	-3.7436978
-0.12118228	-0.23064367	0.4187106	0.77671846	-3.7499663
-0.12118228	-0.23064367	0.4187106	0.77671846	-3.7562398
-0.12118228	-0.23064367	0.4187106	0.77671846	-3.7625183
-0.12118228	-0.23064367	0.4187106	0.77671846	-3.768802
-0.12118228	-0.23064367	0.4187106	0.77671846	-3.7750908
-0.12118228	-0.23064367	0.4187106	0.77671846	-3.7813846
-0.12118228	-0.23064367	0.4187106	0.77671846	-3.7876835
-0.12118228	-0.23064367	0.4187106	0.77671846	-3.7939875
-0.12118228	-0.23064367	0.4187106	0.77671846	-3.8002965
-0.12118228	-0.23064367	0.4187106	0.77671846	-3.8066106
-0.12118228	-0.23064367	0.4187106	0.77671846	-3.8129298
-0.12118228	-0.23064367	0.4187106	0.77671846	-3.8192541
-0.12118228	-0.23064367	0.4187106	0.77671846	-3.8255834
-0.12118228	-0.23064367	0.4187106	0.77671846	-3.8319178
-0.12118228	-0.23064367	0.4187106	0.77671846	-3.8382572
-0.12118228	-0.23064367	0.4187106	0.77671846	-3.8446017
-0.12118228	-0.23064367	0.4187106	0.77671846	-3.8509512
-0.12118228	-0.23064367	0.4187106	0.77671846	-3.8573058
-0.12118228	-0.23064367	0.4187106	0.77671846	-3.8636654
-0.12118228	-0.23064367	0.4187106	0.77671846	-3.8700301
-0.12118228	-0.23064367	0.4187106	0.77671846	-3.8763998
-0.12118228	-0.23064367	0.4187106	0.77671846	-3.8827745
-0.12118228	-0.23064367	0.4187106	0.77671846	-3.8891543
-0.12118228	-0.23064367	0.4187106	0.77671846	-3.8955391
-0.12118228	-0.23064367	0.4187106	0.77671846	-3.9019289
-0.12118228	-0.23064367	0.4187106	0.77671846	-3.9083238
-0.12118228	-0.23064367	0.4187106	0.77671846	-3.9147236
-0.12118228	-0.23064367	0.4187106	0.77671846	-3.9211285
-0.12118228	-0.23064367	0.4187106	0.77671846	-3.9275385
-0.12118228	-0.23064367	0.4187106	0.77671846	-3.9339534
-0.12118228	-0.23064367	0.4187106	0.77671846	-3.9403734
-0.12118228	-0.23064367	0.4187106	0.77671846	-3.9467983
-0.12118228	-0.23064367	0.4187106	0.77671846	-3.9532283
-0.12118228	-0.23064367	0.4187106	0.77671846	-3.9596632
-0.12118228	-0.23064367	0.4187106	0.77671846	-3.9661032
-0.12118228	-0.23064367	0.4187106	0.77671846	-3.9725482
-0.12118228	-0.23064367	0.4187106	0.77671846	-3.9789982
-0.12118228	-0.23064367	0.4187106	0.77671846	-3.9854531
-0.12118228	-0.23064367	0.4187106	0.77671846	-3.9919131
-0.12118228	-0.23064367	0.4187106	0.77671846	-3.998378
-0.12118228	-0.23064367	0.4187106	0.77671846	-4.0048479
-0.12118228	-0.23064367	0.4187106	0.77671846	-4.0113228
-0.12118228	-0.23064367	0.4187106	0.77671846	-4.0178027
-0.12118228	-0.23064367	0.4187106	0.77671846	-4.0242876
-0.12118228	-0.23064367	0.4187106	0.77671846	-4.0307774
-0.12118228	-0.23064367	0.4187106	0.77671846	-4.0372722
-0.12118228	-0.23064367	0.4187106	0.77671846	-4.043772
-0.12118228	-0.23064367	0.4187106	0.77671846	-4.0502767
-0.12118228	-0.23064367	0.4187106	0.77671846	-4.0567864
-0.12118228	-0.23064367	0.4187106	0.77671846	-4.0633011
-0.12118228	-0.23064367	0.4187106	0.77671846	-4.0698207
-0.12118228	-0.23064367	0.4187106	0.77671846	-4.0763453
-0.12118228	-0.23064367	0.4187106	0.77671846	-4.0828748
-0.12118228	-0.23064367	0.4187106	0.77671846	-4.0894093
-0.12118228	-0.23064367	0.4187106	0.77671846	-4.0959487
-0.12118228	-0.23064367	0.4187106	0.77671846	-4.102493
-0.12118228	-0.23064367	0.4187106	0.77671846	-4.1090423
-0.12118228	-0.23064367	0.4187106	0.77671846	-4.1155966
-0.12118228	-0.23064367	0.4187106	0.77671846	-4.1221557
-0.12118228	-0.23064367	0.4187106	0.77671846	-4.1287198
-0.12118228	-0.23064367	0.4187106	0.77671846	-4.1352888
-0.12118228	-0.23064367	0.4187106	0.77671846	-4.1418628
-0.12118228	-0.23064367	0.4187106	0.77671846	-4.1484417
-0.12118228	-0.23064367	0.4187106	0.77671846	-4.1550255
-0.12118228	-0.23064367	0.4187106	0.77671846	-4.1616142
-0.12118228	-0.23064367	0.4187106	0.77671846	-4.1682078
-0.12118228	-0.23064367	0.4187106	0.77671846	-4.1748063
-0.12118228	-0.23064367	0.4187106	0.77671846	-4.1814098
-0.12118228	-0.23064367	0.4187106	0.77671846	-4.1880181
-0.12118228	-0.23064367	0.4187106	0.77671846	-4.1946313
-0.12118228	-0.23064367	0.4187106	0.77671846	-4.2012495
-0.12118228	-0.23064367	0.4187106	0.77671846	-4.2078725
-0.12118228	-0.23064367	0.4187106	0.77671846	-4.2145005
-0.12118228	-0.23064367	0.4187106	0.77671846	-4.2211333
-0.12118228	-0.23064367	0.4187106	0.77671846	-4.227771
-0.12118228	-0.23064367	0.4187106	0.77671846	-4.2344136
-0.12118228	-0.23064367	0.4187106	0.77671846	-4.2410611
-0.12118228	-0.23064367	0.4187106	0.77671846	-4.2477134
-0.12118228	-0.23064367	0.4187106	0.77671846	-4.2543706
-0.12118228	-0.23064367	0.4187106	0.77671846	-4.2610327
-0.12118228	-0.23064367	0.4187106	0.77671846	-4.2676997
-0.12118228	-0.23064367	0.4187106	0.77671846	-4.2743715
-0.12118228	-0.23064367	0.4187106	0.77671846	-4.2810482
-0.12118228	-0.23064367	0.4187106	0.77671846	-4.2877298
-0.12118228	-0.23064367	0.4187106	0.77671846	-4.2944162
-0.12118228	-0.23064367	0.4187106	0.77671846	-4.3011075
-0.12118228	-0.23064367	0.4187106	0.77671846	-4.3078036
-0.12118228	-0.23064367	0.4187106	0.77671846	-4.3145046
-0.12118228	-0.23064367	0.4187106	0.77671846	-4.3212104
-0.12118228	-0.23064367	0.4187106	0.77671846	-4.327921
-0.12118228	-0.23064367	0.4187106	0.77671846	-4.3346365
-0.12118228	-0.23064367	0.4187106	0.77671846	-4.3413568
-0.12118228	-0.23064367	0.4187106	0.77671846	-4.348082
-0.12118228	-0.23064367	0.4187106	0.77671846	-4.354812
-0.12118228	-0.23064367	0.4187106	0.77671846	-4.3615468
-0.12118228	-0.23064367	0.4187106	0.77671846	-4.3682864
-0.12118228	-0.23064367	0.4187106	0.77671846	-4.3750309
-0.12118228	-0.23064367	0.4187106	0.77671846	-4.3817802
-0.12118228	-0.23064367	0.4187106	0.77671846	-4.3885343
-0.12118228	-0.23064367	0.4187106	0.77671846	-4.3952932
-0.12118228	-0.23064367	0.4187106	0.77671846	-4.4020569
-0.12118228	-0.23064367	0.4187106	0.77671846	-4.4088254
-0.12118228	-0.23064367	0.4187106	0.77671846	-4.4155987
-0.12118228	-0.23064367	0.4187106	0.77671846	-4.4223768
-0.12118228	-0.23064367	0.4187106	0.77671846	-4.4291597
-0.12118228	-0.23064367	0.4187106	0.77671846	-4.4359474
-0.12118228	-0.23064367	0.4187106	0.77671846	-4.4427399
-0.12118228	-0.23064367	0.4187106	0.77671846	-4.4495372
-0.12118228	-0.23064367	0.4187106	0.77671846	-4.4563392
-0.12118228	-0.23064367	0.4187106	0.77671846	-4.4631461
-0.12118228	-0.23064367	0.4187106	0.77671846	-4.4699577
-0.12118228	-0.23064367	0.4187106	0.77671846	-4.4767741
-0.12118228	-0.23064367	0.4187106	0.77671846	-4.4835952
-0.12118228	-0.23064367	0.4187106	0.77671846	-4.4904212
-0.12118228	-0.23064367	0.4187106	0.77671846	-4.4972519
-0.12118228	-0.23064367	0.4187106	0.77671846	-4.5040873
-0.12118228	-0.23064367	0.4187106	0.77671846	-4.5109275
-0.12118228	-0.23064367	0.4187106	0.77671846	-4.5177725
-0.12118228	-0.23064367	0.4187106	0.77671846	-4.5246222
-0.12118228	-0.23064367	0.4187106	0.77671846	-4.5314766
-0.12118228	-0.23064367	0.4187106	0.77671846	-4.5383358
-0.12118228	-0.23064367	0.4187106	0.77671846	-4.5451998
-0.12118228	-0.23064367	0.4187106	0.77671846	-4.5520685
-0.12118228	-0.23064367	0.4187106	0.77671846	-4.5589419
-0.12118228	-0.23064367	0.4187106	0.77671846	-4.56582
-0.12118228	-0.23064367	0.4187106	0.77671846	-4.5727029
-0.12118228	-0.23064367	0.4187106	0.77671846	-4.5795905
-0.12118228	-0.23064367	0.4187106	0.77671846	-4.5864828
-0.12118228	-0.23064367	0.4187106	0.77671846	-4.5933799
-0.12118228	-0.23064367	0.4187106	0.77671846	-4.6002817
-0.12118228	-0.23064367	0.4187106	0.77671846	-4.6071881
-0.12118228	-0.23064367	0.4187106	0.77671846	-4.6140993
-0.12118228	-0.23064367	0.4187106	0.77671846	-4.6210152
-0.12118228	-0.23064367	0.4187106	0.77671846	-4.6279358
-0.12118228	-0.23064367	0.4187106	0.77671846	-4.6348611
-0.12118228	-0.23064367	0.4187106	0.77671846	-4.6417911
-0.12118228	-0.23064367	0.4187106	0.77671846	-4.6487257
-0.12118228	-0.23064367	0.4187106	0.77671846	-4.6556651
-0.12118228	-0.23064367	0.4187106	0.77671846	-4.6626092
-0.12118228	-0.23064367	0.4187106	0.77671846	-4.6695579
-0.12118228	-0.23064367	0.4187106	0.77671846	-4.6765113
-0.12118228	-0.23064367	0.4187106	0.77671846	-4.6834694
-0.12118228	-0.23064367	0.4187106	0.77671846	-4.6904322
-0.12118228	-0.23064367	0.4187106	0.77671846	-4.6973996
-0.12118228	-0.23064367	0.4187106	0.77671846	-4.7043717
-0.12118228	-0.23064367	0.4187106	0.77671846	-4.7113484
-0.12118228	-0.23064367	0.4187106	0.77671846	-4.7183299
-0.12118228	-0.23064367	0.4187106	0.77671846	-4.7253159
-0.12118228	-0.23064367	0.4187106	0.77671846	-4.7323067
-0.12118228	-0.23064367	0.4187106	0.77671846	-4.7393021
-0.12118228	-0.23064367	0.4187106	0.77671846	-4.7463021
-0.12118228	-0.23064367	0.4187106	0.77671846	-4.7533068
-0.12118228	-0.23064367	0.4187106	0.77671846	-4.7603161
-0.12118228	-0.23064367	0.4187106	0.77671846	-4.76733
-0.12118228	-0.23064367	0.4187106	0.77671846	-4.7743486
-0.12118228	-0.23064367	0.4187106	0.77671846	-4.7813718
-0.12118228	-0.23064367	0.4187106	0.77671846	-4.7883996
-0.12118228	-0.23064367	0.4187106	0.77671846	-4.7954321
-0.12118228	-0.23064367	0.4187106	0.77671846	-4.8024691
-0.12118228	-0.23064367	0.4187106	0.77671846	-4.8095108
-0.12118228	-0.23064367	0.4187106	0.77671846	-4.8165571
-0.12118228	-0.23064367	0.4187106	0.77671846	-4.823608
-0.12118228	-0.23064367	0.4187106	0.77671846	-4.8306636
-0.12118228	-0.23064367	0.4187106	0.77671846	-4.8377237
-0.12118228	-0.23064367	0.4187106	0.77671846	-4.8447884
-0.12118228	-0.23064367	0.4187106	0.77671846	-4.8518577
-0.12118228	-0.23064367	0.4187106	0.77671846	-4.8589316
-0.12118228	-0.23064367	0.4187106	0.77671846	-4.8660101
-0.12118228	-0.23064367	0.4187106	0.77671846	-4.8730932
-0.12118228	-0.23064367	0.4187106	0.77671846	-4.8801808
-0.12118228	-0.23064367	0.4187106	0.77671846	-4.8872731
-0.12118228	-0.23064367	0.4187106	0.77671846	-4.8943699
-0.12118228	-0.23064367	0.4187106	0.77671846	-4.9014713
-0.12118228	-0.23064367	0.4187106	0.77671846	-4.9085772
-0.12118228	-0.23064367	0.4187106	0.77671846	-4.9156877
-0.12118228	-0.23064367	0.4187106	0.77671846	-4.9228028
-0.12118228	-0.23064367	0.4187106	0.77671846	-4.9299224
-0.12118228	-0.23064367	0.4187106	0.77671846	-4.9370466
-0.12118228	-0.23064367	0.4187106	0.77671846	-4.9441753
-0.12118228	-0.23064367	0.4187106	0.77671846	-4.9513086
-0.12118228	-0.23064367	0.4187106	0.77671846	-4.9584464
-0.12118228	-0.23064367	0.4187106	0.77671846	-4.9655888
-0.12118228	-0.23064367	0.4187106	0.77671846	-4.9727357
-0.12118228	-0.23064367	0.4187106	0.77671846	-4.9798871
-0.12118228	-0.23064367	0.4187106	0.77671846	-4.9870431
-0.12118228	-0.23064367	0.4187106	0.77671846	-4.9942036
-0.12118228	-0.23064367	0.4187106	0.77671846	-5.0013686
-0.12118228	-0.23064367	0.4187106	0.77671846	-5.0085381
-0.12118228	-0.23064367	0.4187106	0.77671846	-5.0157122
-0.12118228	-0.23064367	0.4187106	0.77671846	-5.0228907
-0.12118228	-0.23064367	0.4187106	0.77671846	-5.0300738
-0.12118228	-0.23064367	0.4187106	0.77671846	-5.0372613
-0.12118228	-0.23064367	0.4187106	0.77671846	-5.0444534
-0.12118228	-0.23064367	0.4187106	0.77671846	-5.05165
-0.12118228	-0.23064367	0.4187106	0.77671846	-5.058851
-0.12118228	-0.23064367	0.4187106	0.77671846	-5.0660566
-0.12118228	-0.23064367	0.4187106	0.77671846	-5.0732666
-0.12118228	-0.23064367	0.4187106	0.77671846	-5.0804811
-0.12118228	-0.23064367	0.4187106	0.77671846	-5.0877001
-0.12118228	-0.23064367	0.4187106	0.77671846	-5.0949236
-0.12118228	-0.23064367	0.4187106	0.77671846	-5.1021515
-0.12118228	-0.23064367	0.4187106	0.77671846	-5.1093839
-0.12118228	-0.23064367	0.4187106	0.77671846	-5.1166208
-0.12118228	-0.23064367	0.4187106	0.77671846	-5.1238622
-0.12118228	-0.23064367	0.4187106	0.77671846	-5.131108
-0.12118228	-0.23064367	0.4187106	0.77671846	-5.1383582
-0.12118228	-0.23064367	0.4187106	0.77671846	-5.1456129
-0.12118228	-0.23064367	0.4187106	0.77671846	-5.1528721
-0.12118228	-0.23064367	0.4187106	0.77671846	-5.1601357
-0.12118228	-0.23064367	0.4187106	0.77671846	-5.1674037
-0.12118228	-0.23064367	0.4187106	0.77671846	-5.1746762
-0.12118228	-0.23064367	0.4187106	0.77671846	-5.1819531
-0.12118228	-0.23064367	0.4187106	0.77671846	-5.1892344
-0.12118228	-0.23064367	0.4187106	0.77671846	-5.1965201
-0.12118228	-0.23064367	0.4187106	0.77671846	-5.2038103
-0.12118228	-0.23064367	0.4187106	0.77671846	-5.2111049
-0.12118228	-0.23064367	0.4187106	0.77671846	-5.2184039
-0.12118228	-0.23064367	0.4187106	0.77671846	-5.2257073
-0.12118228	-0.23064367	0.4187106	0.77671846	-5.2330151
-0.12118228	-0.23064367	0.4187106	0.77671846	-5.2403274
-0.12118228	-0.23064367	0.4187106	0.77671846	-5.247644
-0.12118228	-0.23064367	0.4187106	0.77671846	-5.254965
-0.12118228	-0.23064367	0.4187106	0.77671846	-5.2622904
-0.12118228	-0.23064367	0.4187106	0.77671846	-5.2696202
-0.12118228	-0.23064367	0.4187106	0.77671846	-5.2769544
-0.12118228	-0.23064367	0.4187106	0.77671846	-5.284293
-0.12118228	-0.23064367	0.4187106	0.77671846	-5.2916359
-0.12118228	-0.23064367	0.4187106	0.77671846	-5.2989832
-0.12118228	-0.23064367	0.4187106	0.77671846	-5.3063349
-0.12118228	-0.23064367	0.4187106	0.77671846	-5.313691
-0.12118228	-0.23064367	0.4187106	0.77671846	-5.3210514
-0.12118228	-0.23064367	0.4187106	0.77671846	-5.3284162
-0.12118228	-0.23064367	0.4187106	0.77671846	-5.3357853
-0.12118228	-0.23064367	0.4187106	0.77671846	-5.3431588
-0.12118228	-0.23064367	0.4187106	0.77671846	-5.3505366
-0.12118228	-0.23064367	0.4187106	0.77671846	-5.3579188
-0.12118228	-0.23064367	0.4187106	0.77671846	-5.3653053
-0.12118228	-0.23064367	0.4187106	0.77671846	-5.3726961
-0.12118228	-0.23064367	0.4187106	0.77671846	-5.3800913
-0.12118228	-0.23064367	0.4187106	0.77671846	-5.3874908
-0.12118228	-0.23064367	0.4187106	0.77671846	-5.3948946
-0.12118228	-0.23064367	0.4187106	0.77671846	-5.4023028
-0.12118228	-0.23064367	0.4187106	0.77671846	-5.4097153
-0.12118228	-0.23064367	0.4187106	0.77671846	-5.417132
-0.12118228	-0.23064367	0.4187106	0.77671846	-5.4245531
-0.12118228	-0.23064367	0.4187106	0.77671846	-5.4319785
-0.12118228	-0.23064367	0.4187106	0.77671846	-5.4394082
-0.12118228	-0.23064367	0.4187106	0.77671846	-5.4468422
-0.12118228	-0.23064367	0.4187106	0.77671846	-5.4542805
-0.12118228	-0.23064367	0.4187106	0.77671846	-5.4617231
-0.12118228	-0.23064367	0.4187106	0.77671846	-5.46917
-0.12118228	-0.23064367	0.4187106	0.77671846	-5.4766211
-0.12118228	-0.23064367	0.4187106	0.77671846	-5.4840765
-0.12118228	-0.23064367	0.4187106	0.77671846	-5.4915363
-0.12118228	-0.23064367	0.4187106	0.77671846	-5.4990002
-0.12118228	-0.23064367	0.4187106	0.77671846	-5.5064685
-0.12118228	-0.23064367	0.4187106	0.77671846	-5.513941
-0.12118228	-0.23064367	0.4187106	0.77671846	-5.5214178
-0.12118228	-0.23064367	0.4187106	0.77671846	-5.5288988
-0.12118228	-0.23064367	0.4187106	0.77671846	-5.5363841
-0.12118228	-0.23064367	0.4187106	0.77671846	-5.5438736
-0.12118228	-0.23064367	0.4187106	0.77671846	-5.5513673
-0.12118228	-0.23064367	0.4187106	0.77671846	-5.5588654
-0.12118228	-0.23064367	0.4187106	0.77671846	-5.5663676
-0.12118228	-0.23064367	0.4187106	0.77671846	-5.5738741
-0.12118228	-0.23064367	0.4187106	0.77671846	-5.5813848
-0.12118228	-0.23064367	0.4187106	0.77671846	-5.5888997
-0.12118228	-0.23064367	0.4187106	0.77671846	-5.5964189
-0.12118228	-0.23064367	0.4187106	0.77671846	-5.6039422
-0.12118228	-0.23064367	0.4187106	0.77671846	-5.6114698
-0.12118228	-0.23064367	0.4187106	0.77671846	-5.6190016
-0.12118228	-0.23064367	0.4187106	0.77671846	-5.6265376
-0.12118228	-0.23064367	0.4187106	0.77671846	-5.6340778
-0.12118228	-0.23064367	0.4187106	0.77671846	-5.6416222
-0.12118228	-0.23064367	0.4187106	0.77671846	-5.6491708
-0.12118228	-0.23064367	0.4187106	0.77671846	-5.6567236
-0.12118228	-0.23064367	0.4187106	0.77671846	-5.6642806
-0.12118228	-0.23064367	0.4187106	0.77671846	-5.6718417
-0.12118228	-0.23064367	0.4187106	0.77671846	-5.679407
-0.12118228	-0.23064367	0.4187106	0.77671846	-5.6869765
-0.12118228	-0.23064367	0.4187106	0.77671846	-5.6945502
-0.12118228	-0.23064367	0.4187106	0.77671846	-5.702128
-0.12118228	-0.23064367	0.4187106	0.77671846	-5.70971
-0.12118228	-0.23064367	0.4187106	0.77671846	-5.7172962
-0.12118228	-0.23064367	0.4187106	0.77671846	-5.7248865
-0.12118228	-0.23064367	0.4187106	0.77671846	-5.732481
-0.12118228	-0.23064367	0.4187106	0.77671846	-5.7400796
-0.12118228	-0.23064367	0.4187106	0.77671846	-5.7476823
-0.12118228	-0.23064367	0.4187106	0.77671846	-5.7552892
-0.12118228	-0.23064367	0.4187106	0.77671846	-5.7629003
-0.12118228	-0.23064367	0.4187106	0.77671846	-5.7705154
-0.12118228	-0.23064367	0.4187106	0.77671846	-5.7781347
-0.12118228	-0.23064367	0.4187106	0.77671846	-5.7857581
-0.12118228	-0.23064367	0.4187106	0.77671846	-5.7933856
-0.12118228	-0.23064367	0.4187106	0.77671846	-5.8010173
-0.12118228	-0.23064367	0.4187106	0.77671846	-5.808653
-0.12118228	-0.23064367	0.4187106	0.77671846	-5.8162929
-0.12118228	-0.23064367	0.4187106	0.77671846	-5.8239368
-0.12118228	-0.23064367	0.4187106	0.77671846	-5.8315849
-0.12118228	-0.23064367	0.4187106	0.77671846	-5.839237
-0.12118228	-0.23064367	0.4187106	0.77671846	-5.8468932
-0.12118228	-0.23064367	0.4187106	0.77671846	-5.8545536
-0.12118228	-0.23064367	0.4187106	0.77671846	-5.862218
-0.12118228	-0.23064367	0.4187106	0.77671846	-5.8698865
-0.12118228	-0.23064367	0.4187106	0.77671846	-5.877559
-0.12118228	-0.23064367	0.4187106	0.77671846	-5.8852357
-0.12118228	-0.23064367	0.4187106	0.77671846	-5.8929163
-0.12118228	-0.23064367	0.4187106	0.77671846	-5.9006011
-0.12118228	-0.23064367	0.4187106	0.77671846	-5.9082899
-0.12118228	-0.23064367	0.4187106	0.77671846	-5.9159828
-0.12118228	-0.23064367	0.4187106	0.77671846	-5.9236797
-0.12118228	-0.23064367	0.4187106	0.77671846	-5.9313807
-0.12118228	-0.23064367	0.4187106	0.77671846	-5.9390857
-0.12118228	-0.23064367	0.4187106	0.77671846	-5.9467947
-0.12118228	-0.23064367	0.4187106	0.77671846	-5.9545078
-0.12118228	-0.23064367	0.4187106	0.77671846	-5.9622249
-0.12118228	-0.23064367	0.4187106	0.77671846	-5.969946
-0.12118228	-0.23064367	0.4187106	0.77671846	-5.9776712
-0.12118228	-0.23064367	0.4187106	0.77671846	-5.9854004
-0.12118228	-0.23064367	0.4187106	0.77671846	-5.9931335
-0.12118228	-0.23064367	0.4187106	0.77671846	-6.0008707
-0.12118228	-0.23064367	0.4187106	0.77671846	-6.0086119
-0.12118228	-0.23064367	0.4187106	0.77671846	-6.0163571
-0.12118228	-0.23064367	0.4187106	0.77671846	-6.0241063
-0.12118228	-0.23064367	0.4187106	0.77671846	-6.0318595
-0.12118228	-0.23064367	0.4187106	0.77671846	-6.0396167
-0.12118228	-0.23064367	0.4187106	0.77671846	-6.0473778
-0.12118228	-0.23064367	0.4187106	0.77671846	-6.055143
-0.12118228	-0.23064367	0.4187106	0.77671846	-6.0629121
-0.12118228	-0.23064367	0.4187106	0.77671846	-6.0706852
-0.12118228	-0.23064367	0.4187106	0.77671846	-6.0784622
-0.12118228	-0.23064367	0.4187106	0.77671846	-6.0862432
-0.12118228	-0.23064367	0.4187106	0.77671846	-6.0940282
-0.12118228	-0.23064367	0.4187106	0.77671846	-6.1018171
-0.12118228	-0.23064367	0.4187106	0.77671846	-6.10961
-0.12118228	-0.23064367	0.4187106	0.77671846	-6.1174068
-0.12118228	-0.23064367	0.4187106	0.77671846	-6.1252076
-0.12118228	-0.23064367	0.4187106	0.77671846	-6.1330123
-0.12118228	-0.23064367	0.4187106	0.77671846	-6.140821
-0.12118228	-0.23064367	0.4187106	0.77671846	-6.1486335
-0.12118228	-0.23064367	0.4187106	0.77671846	-6.15645
-0.12118228	-0.23064367	0.4187106	0.77671846	-6.1642704
-0.12118228	-0.23064367	0.4187106	0.77671846	-6.1720948
-0.12118228	-0.23064367	0.4187106	0.77671846	-6.179923
-0.12118228	-0.23064367	0.4187106	0.77671846	-6.1877552
-0.12118228	-0.23064367	0.4187106	0.77671846	-6.1955913
-0.12118228	-0.23064367	0.4187106	0.77671846	-6.2034312
-0.12118228	-0.23064367	0.4187106	0.77671846	-6.2112751
-0.12118228	-0.23064367	0.4187106	0.77671846	-6.2191228
-0.12118228	-0.23064367	0.4187106	0.77671846	-6.2269745
-0.12118228	-0.23064367	0.4187106	0.77671846	-6.23483
-0.12118228	-0.23064367	0.4187106	0.77671846	-6.2426894
-0.12118228	-0.23064367	0.4187106	0.77671846	-6.2505527
-0.12118228	-0.23064367	0.4187106	0.77671846	-6.2584198
-0.12118228	-0.23064367	0.4187106	0.77671846	-6.2662908
-0.12118228	-0.23064367	0.4187106	0.77671846	-6.2741657
-0.12118228	-0.23064367	0.4187106	0.77671846	-6.2820445
-0.12118228	-0.23064367	0.4187106	0.77671846	-6.289927
-0.12118228	-0.23064367	0.4187106	0.77671846	-6.2978135
-0.12118228	-0.23064367	0.4187106	0.77671846	-6.3057038
-0.12118228	-0.23064367	0.4187106	0.77671846	-6.3135979
-0.12118228	-0.23064367	0.4187106	0.77671846	-6.3214959
-0.12118228	-0.23064367	0.4187106	0.77671846	-6.3293976
-0.12118228	-0.23064367	0.4187106	0.77671846	-6.3373033
-0.12118228	-0.23064367	0.4187106	0.77671846	-6.3452127
-0.12118228	-0.23064367	0.4187106	0.77671846	-6.353126
-0.12118228	-0.23064367	0.4187106	0.77671846	-6.3610431
-0.12118228	-0.23064367	0.4187106	0.77671846	-6.368964
-0.12118228	-0.23064367	0.4187106	0.77671846	-6.3768887
-0.12118228	-0.23064367	0.4187106	0.77671846	-6.3848172
-0.12118228	-0.23064367	0.4187106	0.77671846	-6.3927495
-0.12118228	-0.23064367	0.4187106	0.77671846	-6.4006856
-0.12118228	-0.23064367	0.4187106	0.77671846	-6.4086255
-0.12118228	-0.23064367	0.4187106	0.77671846	-6.4165691
-0.12118228	-0.23064367	0.4187106	0.77671846	-6.4245166
-0.12118228	-0.23064367	0.4187106	0.77671846	-6.4324678
-0.12118228	-0.23064367	0.4187106	0.77671846	-6.4404228
-0.12118228	-0.23064367	0.4187106	0.77671846	-6.4483816
-0.12118228	-0.23064367	0.4187106	0.77671846	-6.4563441
-0.12118228	-0.23064367	0.4187106	0.77671846	-6.4643104
-0.12118228	-0.23064367	0.4187106	0.77671846	-6.4722804
-0.12118228	-0.23064367	0.4187106	0.77671846	-6.4802542
-0.12118228	-0.23064367	0.4187106	0.77671846	-6.4882318
-0.12118228	-0.23064367	0.4187106	0.77671846	-6.4962131
-0.12118228	-0.23064367	0.4187106	0.77671846	-6.5041981
-0.12118228	-0.23064367	0.4187106	0.77671846	-6.5121868
-0.12118228	-0.23064367	0.4187106	0.77671846	-6.5201793
-0.12118228	-0.23064367	0.4187106	0.77671846	-6.5281755
-0.12118228	-0.23064367	0.4187106	0.77671846	-6.5361755
-0.12118228	-0.23064367	0.4187106	0.77671846	-6.5441791
-0.12118228	-0.23064367	0.4187106	0.77671846	-6.5521865
-0.12118228	-0.23064367	0.4187106	0.77671846	-6.5601975
-0.12118228	-0.23064367	0.4187106	0.77671846	-6.5682123
-0.12118228	-0.23064367	0.4187106	0.77671846	-6.5762307
-0.12118228	-0.23064367	0.4187106	0.77671846	-6.5842529
-0.12118228	-0.23064367	0.4187106	0.77671846	-6.5922788
-0.12118228	-0.23064367	0.4187106	0.77671846	-6.6003083
-0.12118228	-0.23064367	0.4187106	0.77671846	-6.6083415
-0.12118228	-0.23064367	0.4187106	0.77671846	-6.6163784
-0.12118228	-0.23064367	0.4187106	0.77671846	-6.6244189
-0.12118228	-0.23064367	0.4187106	0.77671846	-6.6324632
-0.12118228	-0.23064367	0.4187106	0.77671846	-6.6405111
-0.12118228	-0.23064367	0.4187106	0.77671846	-6.6485626
-0.12118228	-0.23064367	0.4187106	0.77671846	-6.6566178
-0.12118228	-0.23064367	0.4187106	0.77671846	-6.6646767
-0.12118228	-0.23064367	0.4187106	0.77671846	-6.6727392
-0.12118228	-0.23064367	0.4187106	0.77671846	-6.6808053
-0.12118228	-0.23064367	0.4187106	0.77671846	-6.6888751
-0.12118228	-0.23064367	0.4187106	0.77671846	-6.6969485
-0.12118228	-0.23064367	0.4187106	0.77671846	-6.7050255
-0.12118228	-0.23064367	0.4187106	0.77671846	-6.7131062
-0.12118228	-0.23064367	0.4187106	0.77671846	-6.7211904
-0.12118228	-0.23064367	0.4187106	0.77671846	-6.7292783
-0.12118228	-0.23064367	0.4187106	0.77671846	-6.7373698
-0.12118228	-0.23064367	0.4187106	0.77671846	-6.7454649
-0.12118228	-0.23064367	0.4187106	0.77671846	-6.7535636
-0.12118228	-0.23064367	0.4187106	0.77671846	-6.7616659
-0.12118228	-0.23064367	0.4187106	0.77671846	-6.7697718
-0.12118228	-0.23064367	0.4187106	0.77671846	-6.7778813
-0.12118228	-0.23064367	0.4187106	0.77671846	-6.7859944
-0.12118228	-0.23064367	0.4187106	0.77671846	-6.794111
-0.12118228	-0.23064367	0.4187106	0.77671846	-6.8022312
-0.12118228	-0.23064367	0.4187106	0.77671846	-6.810355
-0.12118228	-0.23064367	0.4187106	0.77671846	-6.8184824
-0.12118228	-0.23064367	0.4187106	0.77671846	-6.8266133
-0.12118228	-0.23064367	0.4187106	0.77671846	-6.8347477
-0.12118228	-0.23064367	0.4187106	0.77671846	-6.8428858
-0.12118228	-0.23064367	0.4187106	0.77671846	-6.8510273
-0.12118228	-0.23064367	0.4187106	0.77671846	-6.8591724
-0.12118228	-0.23064367	0.4187106	0.77671846	-6.8673211
-0.12118228	-0.23064367	0.4187106	0.77671846	-6.8754732
-0.12118228	-0.23064367	0.4187106	0.77671846	-6.8836289
-0.12118228	-0.23064367	0.4187106	0.77671846	-6.8917882
-0.12118228	-0.23064367	0.4187106	0.77671846	-6.8999509
-0.12118228	-0.23064367	0.4187106	0.77671846	-6.9081172
-0.12118228	-0.23064367	0.4187106	0.77671846	-6.916287
-0.12118228	-0.23064367	0.4187106	0.77671846	-6.9244602
-0.12118228	-0.23064367	0.4187106	0.77671846	-6.932637
-0.12118228	-0.23064367	0.4187106	0.77671846	-6.9408173
-0.12118228	-0.23064367	0.4187106	0.77671846	-6.9490011
-0.12118228	-0.23064367	0.4187106	0.77671846	-6.9571883
-0.12118228	-0.23064367	0.4187106	0.77671846	-6.9653791
-0.12118228	-0.23064367	0.4187106	0.77671846	-6.9735733
-0.12118228	-0.23064367	0.4187106	0.77671846	-6.981771
-0.12118228	-0.23064367	0.4187106	0.77671846	-6.9899721
-0.12118228	-0.23064367	0.4187106	0.77671846	-6.9981768
-0.12118228	-0.23064367	0.4187106	0.77671846	-7.0063849
-0.12118228	-0.23064367	0.4187106	0.77671846	-7.0145964
-0.12118228	-0.23064367	0.4187106	0.77671846	-7.0228114
-0.12118228	-0.23064367	0.4187106	0.77671846	-7.0310298
-0.12118228	-0.23064367	0.4187106	0.77671846	-7.0392517
-0.12118228	-0.23064367	0.4187106	0.77671846	-7.047477
-0.12118228	-0.23064367	0.4187106	0.77671846	-7.0557058
-0.12118228	-0.23064367	0.4187106	0.77671846	-7.063938
-0.12118228	-0.23064367	0.4187106	0.77671846	-7.0721736
-0.12118228	-0.23064367	0.4187106	0.77671846	-7.0804126
-0.12118228	-0.23064367	0.4187106	0.77671846	-7.088655
-0.12118228	-0.23064367	0.4187106	0.77671846	-7.0969009
-0.12118228	-0.23064367	0.4187106	0.77671846	-7.1051502
-0.12118228	-0.23064367	0.4187106	0.77671846	-7.1134028
-0.12118228	-0.23064367	0.4187106	0.77671846	-7.1216589
-0.12118228	-0.23064367	0.4187106	0.77671846	-7.1299183
-0.12118228	-0.23064367	0.4187106	0.77671846	-7.1381811
-0.12118228	-0.23064367	0.4187106	0.77671846	-7.1464473
-0.12118228	-0.23064367	0.4187106	0.77671846	-7.1547169
-0.12118228	-0.23064367	0.4187106	0.77671846	-7.1629899
-0.12118228	-0.23064367	0.4187106	0.77671846	-7.1712662
-0.12118228	-0.23064367	0.4187106	0.77671846	-7.1795459
-0.12118228	-0.23064367	0.4187106	0.77671846	-7.187829
-0.12118228	-0.23064367	0.4187106	0.77671846	-7.1961154
-0.12118228	-0.23064367	0.4187106	0.77671846	-7.2044051
-0.12118228	-0.23064367	0.4187106	0.77671846	-7.2126982
-0.12118228	-0.23064367	0.4187106	0.77671846	-7.2209947
-0.12118228	-0.23064367	0.4187106	0.77671846	-7.2292944
-0.12118228	-0.23064367	0.4187106	0.77671846	-7.2375976
-0.12118228	-0.23064367	0.4187106	0.77671846	-7.245904
-0.12118228	-0.23064367	0.4187106	0.77671846	-7.2542137
-0.12118228	-0.23064367	0.4187106	0.77671846	-7.2625268
-0.12118228	-0.23064367	0.4187106	0.77671846	-7.2708432
-0.12118228	-0.23064367	0.4187106	0.77671846	-7.2791629
-0.12118228	-0.23064367	0.4187106	0.77671846	-7.2874859
-0.12118228	-0.23064367	0.4187106	0.77671846	-7.2958122
-0.12118228	-0.23064367	0.4187106	0.77671846	-7.3041418
-0.12118228	-0.23064367	0.4187106	0.77671846	-7.3124746
-0.12118228	-0.23064367	0.4187106	0.77671846	-7.3208108
-0.12118228	-0.23064367	0.4187106	0.77671846	-7.3291502
-0.12118228	-0.23064367	0.4187106	0.77671846	-7.337493
-0.12118228	-0.23064367	0.4187106	0.77671846	-7.3458389
-0.12118228	-0.23064367	0.4187106	0.77671846	-7.3541882
-0.12118228	-0.23064367	0.4187106	0.77671846	-7.3625407
-0.12118228	-0.23064367	0.4187106	0.77671846	-7.3708965
-0.12118228	-0.23064367	0.4187106	0.77671846	-7.3792555
-0.12118228	-0.23064367	0.4187106	0.77671846	-7.3876177
-0.12118228	-0.23064367	0.4187106	0.77671846	-7.3959832
-0.12118228	-0.23064367	0.4187106	0.77671846	-7.404352
-0.12118228	-0.23064367	0.4187106	0.77671846	-7.412724
-0.12118228	-0.23064367	0.4187106	0.77671846	-7.4210992
-0.12118228	-0.23064367	0.4187106	0.77671846	-7.4294776
-0.12118228	-0.23064367	0.4187106	0.77671846	-7.4378592
-0.12118228	-0.23064367	0.4187106	0.77671846	-7.4462441
-0.12118228	-0.23064367	0.4187106	0.77671846	-7.4546321
-0.12118228	-0.23064367	0.4187106	0.77671846	-7.4630234
-0.12118228	-0.23064367	0.4187106	0.77671846	-7.4714179
-0.12118228	-0.23064367	0.4187106	0.77671846	-7.4798155
-0.12118228	-0.23064367	0.4187106	0.77671846	-7.4882164
-0.12118228	-0.23064367	0.4187106	0.77671846	-7.4966204
-0.12118228	-0.23064367	0.4187106	0.77671846	-7.5050276
-0.12118228	-0.23064367	0.4187106	0.77671846	-7.513438
-0.12118228	-0.23064367	0.4187106	0.77671846	-7.5218516
-0.12118228	-0.23064367	0.4187106	0.77671846	-7.5302683
-0.12118228	-0.23064367	0.4187106	0.77671846	-7.5386882
-0.12118228	-0.23064367	0.4187106	0.77671846	-7.5471112
-0.12118228	-0.23064367	0.4187106	0.77671846	-7.5555374
-0.12118228	-0.23064367	0.4187106	0.77671846	-7.5639667
-0.12118228	-0.23064367	0.4187106	0.77671846	-7.5723992
-0.12118228	-0.23064367	0.4187106	0.77671846	-7.5808348
-0.12118228	-0.23064367	0.4187106	0.77671846	-7.5892736
-0.12118228	-0.23064367	0.4187106	0.77671846	-7.5977155
-0.12118228	-0.23064367	0.4187106	0.77671846	-7.6061605
-0.12118228	-0.23064367	0.4187106	0.77671846	-7.6146086
-0.12118228	-0.23064367	0.4187106	0.77671846	-7.6230598
-0.12118228	-0.23064367	0.4187106	0.77671846	-7.6315141
-0.12118228	-0.23064367	0.4187106	0.77671846	-7.6399716
-0.12118228	-0.23064367	0.4187106	0.77671846	-7.6484321
-0.12118228	-0.23064367	0.4187106	0.77671846	-7.6568957
-0.12118228	-0.23064367	0.4187106	0.77671846	-7.6653625
-0.12118228	-0.23064367	0.4187106	0.77671846	-7.6738323
-0.12118228	-0.23064367	0.4187106	0.77671846	-7.6823051
-0.12118228	-0.23064367	0.4187106	0.77671846	-7.6907811
-0.12118228	-0.23064367	0.4187106	0.77671846	-7.6992601
-0.12118228	-0.23064367	0.4187106	0.77671846	-7.7077422
-0.12118228	-0.23064367	0.4187106	0.77671846	-7.7162274
-0.12118228	-0.23064367	0.4187106	0.77671846	-7.7247156
-0.12118228	-0.23064367	0.4187106	0.77671846	-7.7332068
-0.12118228	-0.23064367	0.4187106	0.77671846	-7.7417011
-0.12118228	-0.23064367	0.4187106	0.77671846	-7.7501985
-0.12118228	-0.23064367	0.4187106	0.77671846	-7.7586988
-0.12118228	-0.23064367	0.4187106	0.77671846	-7.7672023
-0.12118228	-0.23064367	0.4187106	0.77671846	-7.7757087
-0.12118228	-0.23064367	0.4187106	0.77671846	-7.7842181
-0.12118228	-0.23064367	0.4187106	0.77671846	-7.7927306
-0.12118228	-0.23064367	0.4187106	0.77671846	-7.8012461
-0.12118228	-0.23064367	0.4187106	0.77671846	-7.8097646
-0.12118228	-0.23064367	0.4187106	0.77671846	-7.8182861
-0.12118228	-0.23064367	0.4187106	0.77671846	-7.8268105
-0.12118228	-0.23064367	0.4187106	0.77671846	-7.835338
-0.12118228	-0.23064367	0.4187106	0.77671846	-7.8438685
-0.12118228	-0.23064367	0.4187106	0.77671846	-7.8524019
-0.12118228	-0.23064367	0.4187106	0.77671846	-7.8609383
-0.12118228	-0.23064367	0.4187106	0.77671846	-7.8694777
-0.12118228	-0.23064367	0.4187106	0.77671846	-7.8780201
-0.12118228	-0.23064367	0.4187106	0.77671846	-7.8865654
-0.12118228	-0.23064367	0.4187106	0.77671846	-7.8951137
-0.12118228	-0.23064367	0.4187106	0.77671846	-7.9036649
-0.12118228	-0.23064367	0.4187106	0.77671846	-7.9122191
-0.12118228	-0.23064367	0.4187106	0.77671846	-7.9207762
-0.12118228	-0.23064367	0.4187106	0.77671846	-7.9293363
-0.12118228	-0.23064367	0.4187106	0.77671846	-7.9378993
-0.12118228	-0.23064367	0.4187106	0.77671846	-7.9464652
-0.12118228	-0.23064367	0.4187106	0.77671846	-7.955034
-0.12118228	-0.23064367	0.4187106	0.77671846	-7.9636058
-0.12118228	-0.23064367	0.4187106	0.77671846	-7.9721805
-0.12118228	-0.23064367	0.4187106	0.77671846	-7.9807581
-0.12118228	-0.23064367	0.4187106	0.77671846	-7.9893385
-0.12118228	-0.23064367	0.4187106	0.77671846	-7.9979219
-0.12118228	-0.23064367	0.4187106	0.77671846	-8.0065082
-0.12118228	-0.23064367	0.4187106	0.77671846	-8.0150974
-0.12118228	-0.23064367	0.4187106	0.77671846	-8.0236894
-0.12118228	-0.23064367	0.4187106	0.77671846	-8.0322843
-0.12118228	-0.23064367	0.4187106	0.77671846	-8.0408821
-0.12118228	-0.23064367	0.4187106	0.77671846	-8.0494828
-0.12118228	-0.23064367	0.4187106	0.77671846	-8.0580864
-0.12118228	-0.23064367	0.4187106	0.77671846	-8.0666927
-0.12118228	-0.23064367	0.4187106	0.77671846	-8.075302
-0.12118228	-0.23064367	0.4187106	0.77671846	-8.0839141
-0.12118228	-0.23064367	0.4187106	0.77671846	-8.092529
-0.12118228	-0.23064367	0.4187106	0.77671846	-8.1011468
-0.12118228	-0.23064367	0.4187106	0.77671846	-8.1097674
-0.12118228	-0.23064367	0.4187106	0.77671846	-8.1183908
-0.12118228	-0.23064367	0.4187106	0.77671846	-8.1270171
-0.12118228	-0.23064367	0.4187106	0.77671846	-8.1356462
-0.12118228	-0.23064367	0.4187106	0.77671846	-8.1442781
-0.12118228	-0.23064367	0.4187106	0.77671846	-8.1529128
-0.12118228	-0.23064367	0.4187106	0.77671846	-8.1615503
-0.12118228	-0.23064367	0.4187106	0.77671846	-8.1701906
-0.12118228	-0.23064367	0.4187106	0.77671846	-8.1788337
-0.12118228	-0.23064367	0.4187106	0.77671846	-8.1874796
-0.12118228	-0.23064367	0.4187106	0.77671846	-8.1961283
-0.12118228	-0.23064367	0.4187106	0.77671846	-8.2047797
-0.12118228	-0.23064367	0.4187106	0.77671846	-8.2134339
-0.12118228	-0.23064367	0.4187106	0.77671846	-8.2220909
-0.12118228	-0.23064367	0.4187106	0.77671846	-8.2307507
-0.12118228	-0.23064367	0.4187106	0.77671846	-8.2394132
-0.12118228	-0.23064367	0.4187106	0.77671846	-8.2480785
-0.12118228	-0.23064367	0.4187106	0.77671846	-8.2567465
-0.12118228	-0.23064367	0.4187106	0.77671846	-8.2654173
-0.12118228	-0.23064367	0.4187106	0.77671846	-8.2740908
-0.12118228	-0.23064367	0.4187106	0.77671846	-8.282767
-0.12118228	-0.23064367	0.4187106	0.77671846	-8.291446
-0.12118228	-0.23064367	0.4187106	0.77671846	-8.3001277
-0.12118228	-0.23064367	0.4187106	0.77671846	-8.3088121
-0.12118228	-0.23064367	0.4187106	0.77671846	-8.3174992
-0.12118228	-0.23064367	0.4187106	0.77671846	-8.326189
-0.12118228	-0.23064367	0.4187106	0.77671846	-8.3348816
-0.12118228	-0.23064367	0.4187106	0.77671846	-8.3435768
-0.12118228	-0.23064367	0.4187106	0.77671846	-8.3522747
-0.12118228	-0.23064367	0.4187106	0.77671846	-8.3609754
-0.12118228	-0.23064367	0.4187106	0.77671846	-8.3696787
-0.12118228	-0.23064367	0.4187106	0.77671846	-8.3783846
-0.12118228	-0.23064367	0.4187106	0.77671846	-8.3870933
-0.12118228	-0.23064367	0.4187106	0.77671846	-8.3958046
-0.12118228	-0.23064367	0.4187106	0.77671846	-8.4045186
-0.12118228	-0.23064367	0.4187106	0.77671846	-8.4132352
-0.12118228	-0.23064367	0.4187106	0.77671846	-8.4219545
-0.12118228	-0.23064367	0.4187106	0.77671846	-8.4306765
-0.12118228	-0.23064367	0.4187106	0.77671846	-8.439401
-0.12118228	-0.23064367	0.4187106	0.77671846	-8.4481283
-0.12118228	-0.23064367	0.4187106	0.77671846	-8.4568581
-0.12118228	-0.23064367	0.4187106	0.77671846	-8.4655906
-0.12118228	-0.23064367	0.4187106	0.77671846	-8.4743257
-0.12118228	-0.23064367	0.4187106	0.77671846	-8.4830634
-0.12118228	-0.23064367	0.4187106	0.77671846	-8.4918038
-0.12118228	-0.23064367	0.4187106	0.77671846	-8.5005467
-0.12118228	-0.23064367	0.4187106	0.77671846	-8.5092923
-0.12118228	-0.23064367	0.4187106	0.77671846	-8.5180404
-0.12118228	-0.23064367	0.4187106	0.77671846	-8.5267911
-0.12118228	-0.23064367	0.4187106	0.77671846	-8.5355445
-0.12118228	-0.23064367	0.4187106	0.77671846	-8.5443004
-0.12118228	-0.23064367	0.4187106	0.77671846	-8.5530588
-0.12118228	-0.23064367	0.4187106	0.77671846	-8.5618199
-0.12118228	-0.23064367	0.4187106	0.77671846	-8.5705835
-0.12118228	-0.23064367	0.4187106	0.77671846	-8.5793497
-0.12118228	-0.23064367	0.4187106	0.77671846	-8.5881184
-0.12118228	-0.23064367	0.4187106	0.77671846	-8.5968897
-0.12118228	-0.23064367	0.4187106	0.77671846	-8.6056635
-0.12118228	-0.23064367	0.4187106	0.77671846	-8.6144399
-0.12118228	-0.23064367	0.4187106	0.77671846	-8.6232188
-0.12118228	-0.23064367	0.4187106	0.77671846	-8.6320003
-0.12118228	-0.23064367	0.4187106	0.77671846	-8.6407842
-0.12118228	-0.23064367	0.4187106	0.77671846	-8.6495707
-0.12118228	-0.23064367	0.4187106	0.77671846	-8.6583597
-0.12118228	-0.23064367	0.4187106	0.77671846	-8.6671512
-0.12118228	-0.23064367	0.4187106	0.77671846	-8.6759453
-0.12118228	-0.23064367	0.4187106	0.77671846	-8.6847418
-0.12118228	-0.23064367	0.4187106	0.77671846	-8.6935408
-0.12118228	-0.23064367	0.4187106	0.77671846	-8.7023423
-0.12118228	-0.23064367	0.4187106	0.77671846	-8.7111463
-0.12118228	-0.23064367	0.4187106	0.77671846	-8.7199528
-0.12118228	-0.23064367	0.4187106	0.77671846	-8.7287617
-0.12118228	-0.23064367	0.4187106	0.77671846	-8.7375731
-0.12118228	-0.23064367	0.4187106	0.77671846	-8.746387
-0.12118228	-0.23064367	0.4187106	0.77671846	-8.7552033
-0.12118228	-0.23064367	0.4187106	0.77671846	-8.7640221
-0.12118228	-0.23064367	0.4187106	0.77671846	-8.7728433
-0.12118228	-0.23064367	0.4187106	0.77671846	-8.781667
-0.12118228	-0.23064367	0.4187106	0.77671846	-8.7904931
-0.12118228	-0.23064367	0.4187106	0.77671846	-8.7993217
-0.12118228	-0.23064367	0.4187106	0.77671846	-8.8081527
-0.12118228	-0.23064367	0.4187106	0.77671846	-8.8169861
-0.12118228	-0.23064367	0.4187106	0.77671846	-8.8258219
-0.12118228	-0.23064367	0.4187106	0.77671846	-8.8346601
-0.12118228	-0.23064367	0.4187106	0.77671846	-8.8435007
-0.12118228	-0.23064367	0.4187106	0.77671846	-8.8523438
-0.12118228	-0.23064367	0.4187106	0.77671846	-8.8611892
-0.12118228	-0.23064367	0.4187106	0.77671846	-8.870037
-0.12118228	-0.23064367	0.4187106	0.77671846	-8.8788872
-0.12118228	-0.23064367	0.4187106	0.77671846	-8.8877398
-0.12118228	-0.23064367	0.4187106	0.77671846	-8.8965948
-0.12118228	-0.23064367	0.4187106	0.77671846	-8.9054522
-0.12118228	-0.23064367	0.4187106	0.77671846	-8.9143119
-0.12118228	-0.23064367	0.4187106	0.77671846	-8.9231739
-0.12118228	-0.23064367	0.4187106	0.77671846	-8.9320384
-0.12118228	-0.23064367	0.4187106	0.77671846	-8.9409051
-0.12118228	-0.23064367	0.4187106	0.77671846	-8.9497742
-0.12118228	-0.23064367	0.4187106	0.77671846	-8.9586457
-0.12118228	-0.23064367	0.4187106	0.77671846	-8.9675195
-0.12118228	-0.23064367	0.4187106	0.77671846	-8.9763956
-0.12118228	-0.23064367	0.4187106	0.77671846	-8.9852741
-0.12118228	-0.23064367	0.4187106	0.77671846	-8.9941548
-0.12118228	-0.23064367	0.4187106	0.77671846	-9.0030379
-0.12118228	-0.23064367	0.4187106	0.77671846	-9.0119233
-0.12118228	-0.23064367	0.4187106	0.77671846	-9.020811
-0.12118228	-0.23064367	0.4187106	0.77671846	-9.0297009
-0.12118228	-0.23064367	0.4187106	0.77671846	-9.0385932
-0.12118228	-0.23064367	0.4187106	0.77671846	-9.0474878
-0.12118228	-0.23064367	0.4187106	0.77671846	-9.0563846
-0.12118228	-0.23064367	0.4187106	0.77671846	-9.0652838
-0.12118228	-0.23064367	0.4187106	0.77671846	-9.0741852
-0.12118228	-0.23064367	0.4187106	0.77671846	-9.0830888
-0.12118228	-0.23064367	0.4187106	0.77671846	-9.0919947
-0.12118228	-0.23064367	0.4187106	0.77671846	-9.1009029
-0.12118228	-0.23064367	0.4187106	0.77671846	-9.1098134
-0.12118228	-0.23064367	0.4187106	0.77671846	-9.118726
-0.12118228	-0.23064367	0.4187106	0.77671846	-9.1276409
-0.12118228	-0.23064367	0.4187106	0.77671846	-9.1365581
-0.12118228	-0.23064367	0.4187106	0.77671846	-9.1454775
-0.12118228	-0.23064367	0.4187106	0.77671846	-9.1543991
-0.12118228	-0.23064367	0.4187106	0.77671846	-9.1633229
-0.12118228	-0.23064367	0.4187106	0.77671846	-9.1722489
-0.12118228	-0.23064367	0.4187106	0.77671846	-9.1811772
-0.12118228	-0.23064367	0.4187106	0.77671846	-9.1901076
-0.12118228	-0.23064367	0.4187106	0.77671846	-9.1990403
-0.12118228	-0.23064367	0.4187106	0.77671846	-9.2079751
-0.12118228	-0.23064367	0.4187106	0.77671846	-9.2169122
-0.12118228	-0.23064367	0.4187106	0.77671846	-9.2258514
-0.12118228	-0.23064367	0.4187106	0.77671846	-9.2347928
-0.12118228	-0.23064367	0.4187106	0.77671846	-9.2437363
-0.12118228	-0.23064367	0.4187106	0.77671846	-9.252682
-0.12118228	-0.23064367	0.4187106	0.77671846	-9.2616299
-0.12118228	-0.23064367	0.4187106	0.77671846	-9.27058
-0.12118228	-0.23064367	0.4187106	0.77671846	-9.2795322
-0.12118228	-0.23064367	0.4187106	0.77671846	-9.2884865
-0.12118228	-0.23064367	0.4187106	0.77671846	-9.297443
-0.12118228	-0.23064367	0.4187106	0.77671846	-9.3064016
-0.12118228	-0.23064367	0.4187106	0.77671846	-9.3153623
-0.12118228	-0.23064367	0.4187106	0.77671846	-9.3243252
-0.12118228	-0.23064367	0.4187106	0.77671846	-9.3332902
-0.12118228	-0.23064367	0.4187106	0.77671846	-9.3422573
-0.12118228	-0.23064367	0.4187106	0.77671846	-9.3512265
-0.12118228	-0.23064367	0.4187106	0.77671846	-9.3601978
-0.12118228	-0.23064367	0.4187106	0.77671846	-9.3691712
-0.12118228	-0.23064367	0.4187106	0.77671846	-9.3781467
-0.12118228	-0.23064367	0.4187106	0.77671846	-9.3871243
-0.12118228	-0.23064367	0.4187106	0.77671846	-9.396104
-0.12118228	-0.23064367	0.4187106	0.77671846	-9.4050857
-0.12118228	-0.23064367	0.4187106	0.77671846	-9.4140696
-0.12118228	-0.23064367	0.4187106	0.77671846	-9.4230554
-0.12118228	-0.23064367	0.4187106	0.77671846	-9.4320434
-0.12118228	-0.23064367	0.4187106	0.77671846	-9.4410334
-0.12118228	-0.23064367	0.4187106	0.77671846	-9.4500254
-0.12118228	-0.23064367	0.4187106	0.77671846	-9.4590195
-0.12118228	-0.23064367	0.4187106	0.77671846	-9.4680157
-0.12118228	-0.23064367	0.4187106	0.77671846	-9.4770138
-0.12118228	-0.23064367	0.4187106	0.77671846	-9.486014
-0.12118228	-0.23064367	0.4187106	0.77671846	-9.4950162
-0.12118228	-0.23064367	0.4187106	0.77671846	-9.5040205
-0.12118228	-0.23064367	0.4187106	0.77671846	-9.5130267
-0.12118228	-0.23064367	0.4187106	0.77671846	-9.522035
-0.12118228	-0.23064367	0.4187106	0.77671846	-9.5310453
-0.12118228	-0.23064367	0.4187106	0.77671846	-9.5400575
-0.12118228	-0.23064367	0.4187106	0.77671846	-9.5490718
-0.12118228	-0.23064367	0.4187106	0.77671846	-9.558088
-0.12118228	-0.23064367	0.4187106	0.77671846	-9.5671062
-0.12118228	-0.23064367	0.4187106	0.77671846	-9.5761264
-0.12118228	-0.23064367	0.4187106	0.77671846	-9.5851485
-0.12118228	-0.23064367	0.4187106	0.77671846	-9.5941727
-0.12118228	-0.23064367	0.4187106	0.77671846	-9.6031988
-0.12118228	-0.23064367	0.4187106	0.77671846	-9.6122268
-0.12118228	-0.23064367	0.4187106	0.77671846	-9.6212568
-0.12118228	-0.23064367	0.4187106	0.77671846	-9.6302887
-0.12118228	-0.23064367	0.4187106	0.77671846	-9.6393226
-0.12118228	-0.23064367	0.4187106	0.77671846	-9.6483584
-0.12118228	-0.23064367	0.4187106	0.77671846	-9.6573961
-0.12118228	-0.23064367	0.4187106	0.77671846	-9.6664357
-0.12118228	-0.23064367	0.4187106	0.77671846	-9.6754773
-0.12118228	-0.23064367	0.4187106	0.77671846	-9.6845208
-0.12118228	-0.23064367	0.4187106	0.77671846	-9.6935662
-0.12118228	-0.23064367	0.4187106	0.77671846	-9.7026134
-0.12118228	-0.23064367	0.4187106	0.77671846	-9.7116626
-0.12118228	-0.23064367	0.4187106	0.77671846	-9.7207137
-0.12118228	-0.23064367	0.4187106	0.77671846	-9.7297666
-0.12118228	-0.23064367	0.4187106	0.77671846	-9.7388214
-0.12118228	-0.23064367	0.4187106	0.77671846	-9.7478781
-0.12118228	-0.23064367	0.4187106	0.77671846	-9.7569367
-0.12118228	-0.23064367	0.4187106	0.77671846	-9.7659971
-0.12118228	-0.23064367	0.4187106	0.77671846	-9.7750594
-0.12118228	-0.23064367	0.4187106	0.77671846	-9.7841236
-0.12118228	-0.23064367	0.4187106	0.77671846	-9.7931895
-0.12118228	-0.23064367	0.4187106	0.77671846	-9.8022574
-0.12118228	-0.23064367	0.4187106	0.77671846	-9.811327
-0.12118228	-0.23064367	0.4187106	0.77671846	-9.8203985
-0.12118228	-0.23064367	0.4187106	0.77671846	-9.8294718
-0.12118228	-0.23064367	0.4187106	0.77671846	-9.838547
-0.12118228	-0.23064367	0.4187106	0.77671846	-9.8476239
-0.12118228	-0.23064367	0.4187106	0.77671846	-9.8567027
-0.12118228	-0.23064367	0.4187106	0.77671846	-9.8657832
-0.12118228	-0.23064367	0.4187106	0.77671846	-9.8748656
-0.12118228	-0.23064367	0.4187106	0.77671846	-9.8839498
-0.12118228	-0.23064367	0.4187106	0.77671846	-9.8930357
-0.12118228	-0.23064367	0.4187106	0.77671846	-9.9021234
-0.12118228	-0.23064367	0.4187106	0.77671846	-9.9112129
-0.12118228	-0.23064367	0.4187106	0.77671846	-9.9203042
-0.12118228	-0.23064367	0.4187106	0.77671846	-9.9293972
-0.12118228	-0.23064367	0.4187106	0.77671846	-9.938492
-0.12118228	-0.23064367	0.4187106	0.77671846	-9.9475886
-0.12118228	-0.23064367	0.4187106	0.77671846	-9.9566868
-0.12118228	-0.23064367	0.4187106	0.77671846	-9.9657869
-0.12118228	-0.23064367	0.4187106	0.77671846	-9.9748887
-0.12118228	-0.23064367	0.4187106	0.77671846	-9.9839922
-0.12118228	-0.23064367	0.4187106	0.77671846	-9.9930974
-0.12118228	-0.23064367	0.4187106	0.77671846	-10.002204
-0.12118228	-0.23064367	0.4187106	0.77671846	-10.011313
-0.12118228	-0.23064367	0.4187106	0.77671846	-10.020423
-0.12118228	-0.23064367	0.4187106	0.77671846	-10.029536
-0.12118228	-0.23064367	0.4187106	0.77671846	-10.038649
-0.12118228	-0.23064367	0.4187106	0.77671846	-10.047765
-0.12118228	-0.23064367	0.4187106	0.77671846	-10.056882
-0.12118228	-0.23064367	0.4187106	0.77671846	-10.066001
-0.12118228	-0.23064367	0.4187106	0.77671846	-10.075121
-0.12118228	-0.23064367	0.4187106	0.77671846	-10.084244
-0.12118228	-0.23064367	0.4187106	0.77671846	-10.093367
-0.12118228	-0.23064367	0.4187106	0.77671846	-10.102493
-0.12118228	-0.23064367	0.4187106	0.77671846	-10.11162
-0.12118228	-0.23064367	0.4187106	0.77671846	-10.120749
-0.12118228	-0.23064367	0.4187106	0.77671846	-10.12988
-0.12118228	-0.23064367	0.4187106	0.77671846	-10.139012
-0.12118228	-0.23064367	0.4187106	0.77671846	-10.148145
-0.12118228	-0.23064367	0.4187106	0.77671846	-10.157281
-0.12118228	-0.23064367	0.4187106	0.77671846	-10.166418
-0.12118228	-0.23064367	0.4187106	0.77671846	-10.175557
-0.12118228	-0.23064367	0.4187106	0.77671846	-10.184697
-0.12118228	-0.23064367	0.4187106	0.77671846	-10.193839
-0.12118228	-0.23064367	0.4187106	0.77671846	-10.202982
-0.12118228	-0.23064367	0.4187106	0.77671846	-10.212127
-0.12118228	-0.23064367	0.4187106	0.77671846	-10.221274
-0.12118228	-0.23064367	0.4187106	0.77671846	-10.230422
-0.12118228	-0.23064367	0.4187106	0.77671846	-10.239572
-0.12118228	-0.23064367	0.4187106	0.77671846	-10.248723
-0.12118228	-0.23064367	0.4187106	0.77671846	-10.257876
-0.12118228	-0.23064367	0.4187106	0.77671846	-10.267031
-0.12118228	-0.23064367	0.4187106	0.77671846	-10.276187
-0.12118228	-0.23064367	0.4187106	0.77671846	-10.285345
-0.12118228	-0.23064367	0.4187106	0.77671846	-10.294504
-0.12118228	-0.23064367	0.4187106	0.77671846	-10.303664
-0.12118228	-0.23064367	0.4187106	0.77671846	-10.312827
-0.12118228	-0.23064367	0.4187106	0.77671846	-10.32199
-0.12118228	-0.23064367	0.4187106	0.77671846	-10.331156
-0.12118228	-0.23064367	0.4187106	0.77671846	-10.340323
-0.12118228	-0.23064367	0.4187106	0.77671846	-10.349491
-0.12118228	-0.23064367	0.4187106	0.77671846	-10.358661
-0.12118228	-0.23064367	0.4187106	0.77671846	-10.367832
-0.12118228	-0.23064367	0.4187106	0.77671846	-10.377005
-0.12118228	-0.23064367	0.4187106	0.77671846	-10.386179
-0.12118228	-0.23064367	0.4187106	0.77671846	-10.395355
-0.12118228	-0.23064367	0.4187106	0.77671846	-10.404533
-0.12118228	-0.23064367	0.4187106	0.77671846	-10.413711
-0.12118228	-0.23064367	0.4187106	0.77671846	-10.422892
-0.12118228	-0.23064367	0.4187106	0.77671846	-10.432073
-0.12118228	-0.23064367	0.4187106	0.77671846	-10.441257
-0.12118228	-0.23064367	0.4187106	0.77671846	-10.450441
-0.12118228	-0.23064367	0.4187106	0.77671846	-10.459627
-0.12118228	-0.23064367	0.4187106	0.77671846	-10.468815
-0.12118228	-0.23064367	0.4187106	0.77671846	-10.478004
-0.12118228	-0.23064367	0.4187106	0.77671846	-10.487194
-0.12118228	-0.23064367	0.4187106	0.77671846	-10.496386
-0.12118228	-0.23064367	0.4187106	0.77671846	-10.505579
-0.12118228	-0.23064367	0.4187106	0.77671846	-10.514774
-0.12118228	-0.23064367	0.4187106	0.77671846	-10.52397
-0.12118228	-0.23064367	0.4187106	0.77671846	-10.533168
-0.12118228	-0.23064367	0.4187106	0.77671846	-10.542367
-0.12118228	-0.23064367	0.4187106	0.77671846	-10.551567
-0.12118228	-0.23064367	0.4187106	0.77671846	-10.560769
-0.12118228	-0.23064367	0.4187106	0.77671846	-10.569972
-0.12118228	-0.23064367	0.4187106	0.77671846	-10.579176
-0.12118228	-0.23064367	0.4187106	0.77671846	-10.588382
-0.12118228	-0.23064367	0.4187106	0.77671846	-10.597589
-0.12118228	-0.23064367	0.4187106	0.77671846	-10.606798
-0.12118228	-0.23064367	0.4187106	0.77671846	-10.616007
-0.12118228	-0.23064367	0.4187106	0.77671846	-10.625219
-0.12118228	-0.23064367	0.4187106	0.77671846	-10.634431
-0.12118228	-0.23064367	0.4187106	0.77671846	-10.643645
-0.12118228	-0.23064367	0.4187106	0.77671846	-10.65286
-0.12118228	-0.23064367	0.4187106	0.77671846	-10.662077
-0.12118228	-0.23064367	0.4187106	0.77671846	-10.671295
-0.12118228	-0.23064367	0.4187106	0.77671846	-10.680514
-0.12118228	-0.23064367	0.4187106	0.77671846	-10.689735
-0.12118228	-0.23064367	0.4187106	0.77671846	-10.698957
-0.12118228	-0.23064367	0.4187106	0.77671846	-10.70818
-0.12118228	-0.23064367	0.4187106	0.77671846	-10.717404
-0.12118228	-0.23064367	0.4187106	0.77671846	-10.72663
-0.12118228	-0.23064367	0.4187106	0.77671846	-10.735857
-0.12118228	-0.23064367	0.4187106	0.77671846	-10.745085
-0.12118228	-0.23064367	0.4187106	0.77671846	-10.754315
-0.12118228	-0.23064367	0.4187106	0.77671846	-10.763545
-0.12118228	-0.23064367	0.4187106	0.77671846	-10.772778
-0.12118228	-0.23064367	0.4187106	0.77671846	-10.782011
-0.12118228	-0.23064367	0.4187106	0.77671846	-10.791245
-0.12118228	-0.23064367	0.4187106	0.77671846	-10.800481
-0.12118228	-0.23064367	0.4187106	0.77671846	-10.809718
-0.12118228	-0.23064367	0.4187106	0.77671846	-10.818957
-0.12118228	-0.23064367	0.4187106	0.77671846	-10.828196
-0.12118228	-0.23064367	0.4187106	0.77671846	-10.837437
-0.12118228	-0.23064367	0.4187106	0.77671846	-10.846679
-0.12118228	-0.23064367	0.4187106	0.77671846	-10.855922
-0.12118228	-0.23064367	0.4187106	0.77671846	-10.865166
-0.12118228	-0.23064367	0.4187106	0.77671846	-10.874412
-0.12118228	-0.23064367	0.4187106	0.77671846	-10.883659
-0.12118228	-0.23064367	0.4187106	0.77671846	-10.892907
-0.12118228	-0.23064367	0.4187106	0.77671846	-10.902156
-0.12118228	-0.23064367	0.4187106	0.77671846	-10.911406
-0.12118228	-0.23064367	0.4187106	0.77671846	-10.920658
-0.12118228	-0.23064367	0.4187106	0.77671846	-10.92991
-0.12118228	-0.23064367	0.4187106	0.77671846	-10.939164
-0.12118228	-0.23064367	0.4187106	0.77671846	-10.948419
-0.12118228	-0.23064367	0.4187106	0.77671846	-10.957675
-0.12118228	-0.23064367	0.4187106	0.77671846	-10.966933
-0.12118228	-0.23064367	0.4187106	0.77671846	-10.976191
-0.12118228	-0.23064367	0.4187106	0.77671846	-10.985451
-0.12118228	-0.23064367	0.4187106	0.77671846	-10.994711
-0.12118228	-0.23064367	0.4187106	0.77671846	-11.003973
-0.12118228	-0.23064367	0.4187106	0.77671846	-11.013236
-0.12118228	-0.23064367	0.4187106	0.77671846	-11.0225
-0.12118228	-0.23064367	0.4187106	0.77671846	-11.031765
-0.12118228	-0.23064367	0.4187106	0.77671846	-11.041031
-0.12118228	-0.23064367	0.4187106	0.77671846	-11.050299
-0.12118228	-0.23064367	0.4187106	0.77671846	-11.059567
-0.12118228	-0.23064367	0.4187106	0.77671846	-11.068837
-0.12118228	-0.23064367	0.4187106	0.77671846	-11.078107
-0.12118228	-0.23064367	0.4187106	0.77671846	-11.087379
-0.12118228	-0.23064367	0.4187106	0.77671846	-11.096651
-0.12118228	-0.23064367	0.4187106	0.77671846	-11.105925
-0.12118228	-0.23064367	0.4187106	0.77671846	-11.1152
-0.12118228	-0.23064367	0.4187106	0.77671846	-11.124476
-0.12118228	-0.23064367	0.4187106	0.77671846	-11.133753
-0.12118228	-0.23064367	0.4187106	0.77671846	-11.143031
-0.12118228	-0.23064367	0.4187106	0.77671846	-11.15231
-0.12118228	-0.23064367	0.4187106	0.77671846	-11.16159
-0.12118228	-0.23064367	0.4187106	0.77671846	-11.170871
-0.12118228	-0.23064367	0.4187106	0.77671846	-11.180153
-0.12118228	-0.23064367	0.4187106	0.77671846	-11.189436
-0.12118228	-0.23064367	0.4187106	0.77671846	-11.19872
-0.12118228	-0.23064367	0.4187106	0.77671846	-11.208005
-0.12118228	-0.23064367	0.4187106	0.77671846	-11.217291
-0.12118228	-0.23064367	0.4187106	0.77671846	-11.226578
-0.12118228	-0.23064367	0.4187106	0.77671846	-11.235866
-0.12118228	-0.23064367	0.4187106	0.77671846	-11.245155
-0.12118228	-0.23064367	0.4187106	0.77671846	-11.254445
-0.12118228	-0.23064367	0.4187106	0.77671846	-11.263736
-0.12118228	-0.23064367	0.4187106	0.77671846	-11.273028
-0.12118228	-0.23064367	0.4187106	0.77671846	-11.282321
-0.12118228	-0.23064367	0.4187106	0.77671846	-11.291615
-0.12118228	-0.23064367	0.4187106	0.77671846	-11.300909
-0.12118228	-0.23064367	0.4187106	0.77671846	-11.310205
-0.12118228	-0.23064367	0.4187106	0.77671846	-11.319502
-0.12118228	-0.23064367	0.4187106	0.77671846	-11.328799
-0.12118228	-0.23064367	0.4187106	0.77671846	-11.338098
-0.12118228	-0.23064367	0.4187106	0.77671846	-11.347397
-0.12118228	-0.23064367	0.4187106	0.77671846	-11.356697
-0.12118228	-0.23064367	0.4187106	0.77671846	-11.365999
-0.12118228	-0.23064367	0.4187106	0.77671846	-11.375301
-0.12118228	-0.23064367	0.4187106	0.77671846	-11.384604
-0.12118228	-0.23064367	0.4187106	0.77671846	-11.393908
-0.12118228	-0.23064367	0.4187106	0.77671846	-11.403212
-0.12118228	-0.23064367	0.4187106	0.77671846	-11.412518
-0.12118228	-0.23064367	0.4187106	0.77671846	-11.421825
-0.12118228	-0.23064367	0.4187106	0.77671846	-11.431132
-0.12118228	-0.23064367	0.4187106	0.77671846	-11.44044
-0.12118228	-0.23064367	0.4187106	0.77671846	-11.449749
-0.12118228	-0.23064367	0.4187106	0.77671846	-11.459059
-0.12118228	-0.23064367	0.4187106	0.77671846	-11.46837
-0.12118228	-0.23064367	0.4187106	0.77671846	-11.477681
-0.12118228	-0.23064367	0.4187106	0.77671846	-11.486994
-0.12118228	-0.23064367	0.4187106	0.77671846	-11.496307
-0.12118228	-0.23064367	0.4187106	0.77671846	-11.505621
-0.12118228	-0.23064367	0.4187106	0.77671846	-11.514936
-0.12118228	-0.23064367	0.4187106	0.77671846	-11.524252
-0.12118228	-0.23064367	0.4187106	0.77671846	-11.533568
-0.12118228	-0.23064367	0.4187106	0.77671846	-11.542886
-0.12118228	-0.23064367	0.4187106	0.77671846	-11.552204
-0.12118228	-0.23064367	0.4187106	0.77671846	-11.561523
-0.12118228	-0.23064367	0.4187106	0.77671846	-11.570842
-0.12118228	-0.23064367	0.4187106	0.77671846	-11.580163
-0.12118228	-0.23064367	0.4187106	0.77671846	-11.589484
-0.12118228	-0.23064367	0.4187106	0.77671846	-11.598806
-0.12118228	-0.23064367	0.4187106	0.77671846	-11.608129
-0.12118228	-0.23064367	0.4187106	0.77671846	-11.617452
-0.12118228	-0.23064367	0.4187106	0.77671846	-11.626776
-0.12118228	-0.23064367	0.4187106	0.77671846	-11.636101
-0.12118228	-0.23064367	0.4187106	0.77671846	-11.645427
-0.12118228	-0.23064367	0.4187106	0.77671846	-11.654754
-0.12118228	-0.23064367	0.4187106	0.77671846	-11.664081
-0.12118228	-0.23064367	0.4187106	0.77671846	-11.673409
-0.12118228	-0.23064367	0.4187106	0.77671846	-11.682737
-0.12118228	-0.23064367	0.4187106	0.77671846	-11.692066
-0.12118228	-0.23064367	0.4187106	0.77671846	-11.701396
-0.12118228	-0.23064367	0.4187106	0.77671846	-11.710727
-0.12118228	-0.23064367	0.4187106	0.77671846	-11.720059
-0.12118228	-0.23064367	0.4187106	0.77671846	-11.729391
-0.12118228	-0.23064367	0.4187106	0.77671846	-11.738723
-0.12118228	-0.23064367	0.4187106	0.77671846	-11.748057
-0.12118228	-0.23064367	0.4187106	0.77671846	-11.757391
-0.12118228	-0.23064367	0.4187106	0.77671846	-11.766726
-0.12118228	-0.23064367	0.4187106	0.77671846	-11.776061
-0.12118228	-0.23064367	0.4187106	0.77671846	-11.785397
-0.12118228	-0.23064367	0.4187106	0.77671846	-11.794734
-0.12118228	-0.23064367	0.4187106	0.77671846	-11.804071
-0.12118228	-0.23064367	0.4187106	0.77671846	-11.813409
-0.12118228	-0.23064367	0.4187106	0.77671846	-11.822748
-0.12118228	-0.23064367	0.4187106	0.77671846	-11.832087
-0.12118228	-0.23064367	0.4187106	0.77671846	-11.841427
-0.12118228	-0.23064367	0.4187106	0.77671846	-11.850767
-0.12118228	-0.23064367	0.4187106	0.77671846	-11.860108
-0.12118228	-0.23064367	0.4187106	0.77671846	-11.86945
-0.12118228	-0.23064367	0.4187106	0.77671846	-11.878792
-0.12118228	-0.23064367	0.4187106	0.77671846	-11.888135
-0.12118228	-0.23064367	0.4187106	0.77671846	-11.897479
-0.12118228	-0.23064367	0.4187106	0.77671846	-11.906823
-0.12118228	-0.23064367	0.4187106	0.77671846	-11.916167
-0.12118228	-0.23064367	0.4187106	0.77671846	-11.925512
-0.12118228	-0.23064367	0.4187106	0.77671846	-11.934858
-0.12118228	-0.23064367	0.4187106	0.77671846	-11.944204
-0.12118228	-0.23064367	0.4187106	0.77671846	-11.953551
-0.12118228	-0.23064367	0.4187106	0.77671846	-11.962899
-0.12118228	-0.23064367	0.4187106	0.77671846	-11.972246
-0.12118228	-0.23064367	0.4187106	0.77671846	-11.981595
-0.12118228	-0.23064367	0.4187106	0.77671846	-11.990944
-0.12118228	-0.23064367	0.4187106	0.77671846	-12.000293
-0.12118228	-0.23064367	0.4187106	0.77671846	-12.009643
-0.12118228	-0.23064367	0.4187106	0.77671846	-12.018994
-0.12118228	-0.23064367	0.4187106	0.77671846	-12.028345
-0.12118228	-0.23064367	0.4187106	0.77671846	-12.037696
-0.12118228	-0.23064367	0.4187106	0.77671846	-12.047048
-0.12118228	-0.23064367	0.4187106	0.77671846	-12.056401
-0.12118228	-0.23064367	0.4187106	0.77671846	-12.065754
-0.12118228	-0.23064367	0.4187106	0.77671846	-12.075107
-0.12118228	-0.23064367	0.4187106	0.77671846	-12.084461
-0.12118228	-0.23064367	0.4187106	0.77671846	-12.093815
-0.12118228	-0.23064367	0.4187106	0.77671846	-12.10317
-0.12118228	-0.23064367	0.4187106	0.77671846	-12.112526
-0.12118228	-0.23064367	0.4187106	0.77671846	-12.121881
-0.12118228	-0.23064367	0.4187106	0.77671846	-12.131238
-0.12118228	-0.23064367	0.4187106	0.77671846	-12.140594
-0.12118228	-0.23064367	0.4187106	0.77671846	-12.149951
-0.12118228	-0.23064367	0.4187106	0.77671846	-12.159309
-0.12118228	-0.23064367	0.4187106	0.77671846	-12.168667
-0.12118228	-0.23064367	0.4187106	0.77671846	-12.178025
-0.12118228	-0.23064367	0.4187106	0.77671846	-12.187384
-0.12118228	-0.23064367	0.4187106	0.77671846	-12.196743
-0.12118228	-0.23064367	0.4187106	0.77671846	-12.206102
-0.12118228	-0.23064367	0.4187106	0.77671846	-12.215462
-0.12118228	-0.23064367	0.4187106	0.77671846	-12.224822
-0.12118228	-0.23064367	0.4187106	0.77671846	-12.234183
-0.12118228	-0.23064367	0.4187106	0.77671846	-12.243544
-0.12118228	-0.23064367	0.4187106	0.77671846	-12.252906
-0.12118228	-0.23064367	0.4187106	0.77671846	-12.262267
-0.12118228	-0.23064367	0.4187106	0.77671846	-12.271629
-0.12118228	-0.23064367	0.4187106	0.77671846	-12.280992
-0.12118228	-0.23064367	0.4187106	0.77671846	-12.290355
-0.12118228	-0.23064367	0.4187106	0.77671846	-12.299718
-0.12118228	-0.23064367	0.4187106	0.77671846	-12.309081
-0.12118228	-0.23064367	0.4187106	0.77671846	-12.318445
-0.12118228	-0.23064367	0.4187106	0.77671846	-12.327809
-0.12118228	-0.23064367	0.4187106	0.77671846	-12.337174
-0.12118228	-0.23064367	0.4187106	0.77671846	-12.346539
-0.12118228	-0.23064367	0.4187106	0.77671846	-12.355904
-0.12118228	-0.23064367	0.4187106	0.77671846	-12.365269
-0.12118228	-0.23064367	0.4187106	0.77671846	-12.374635
-0.12118228	-0.23064367	0.4187106	0.77671846	-12.384001
-0.12118228	-0.23064367	0.4187106	0.77671846	-12.393367
-0.12118228	-0.23064367	0.4187106	0.77671846	-12.402734
-0.12118228	-0.23064367	0.4187106	0.77671846	-12.4121
-0.12118228	-0.23064367	0.4187106	0.77671846	-12.421468
-0.12118228	-0.23064367	0.4187106	0.77671846	-12.430835
-0.12118228	-0.23064367	0.4187106	0.77671846	-12.440202
-0.12118228	-0.23064367	0.4187106	0.77671846	-12.44957
-0.12118228	-0.23064367	0.4187106	0.77671846	-12.458938
-0.12118228	-0.23064367	0.4187106	0.77671846	-12.468307
-0.12118228	-0.23064367	0.4187106	0.77671846	-12.477675
-0.12118228	-0.23064367	0.4187106	0.77671846	-12.487044
-0.12118228	-0.23064367	0.4187106	0.77671846	-12.496413
-0.12118228	-0.23064367	0.4187106	0.77671846	-12.505782
-0.12118228	-0.23064367	0.4187106	0.77671846	-12.515152
-0.12118228	-0.23064367	0.4187106	0.77671846	-12.524521
-0.12118228	-0.23064367	0.4187106	0.77671846	-12.533891
-0.12118228	-0.23064367	0.4187106	0.77671846	-12.543261
-0.12118228	-0.23064367	0.4187106	0.77671846	-12.552631
-0.12118228	-0.23064367	0.4187106	0.77671846	-12.562002
-0.12118228	-0.23064367	0.4187106	0.77671846	-12.571372
-0.12118228	-0.23064367	0.4187106	0.77671846	-12.580743
-0.12118228	-0.23064367	0.4187106	0.77671846	-12.590114
-0.12118228	-0.23064367	0.4187106	0.77671846	-12.599485
-0.12118228	-0.23064367	0.4187106	0.77671846	-12.608856
-0.12118228	-0.23064367	0.4187106	0.77671846	-12.618228
-0.12118228	-0.23064367	0.4187106	0.77671846	-12.627599
-0.12118228	-0.23064367	0.4187106	0.77671846	-12.636971
-0.12118228	-0.23064367	0.4187106	0.77671846	-12.646343
-0.12118228	-0.23064367	0.4187106	0.77671846	-12.655714
-0.12118228	-0.23064367	0.4187106	0.77671846	-12.665087
-0.12118228	-0.23064367	0.4187106	0.77671846	-12.674459
-0.12118228	-0.23064367	0.4187106	0.77671846	-12.683831
-0.12118228	-0.23064367	0.4187106	0.77671846	-12.693203
-0.12118228	-0.23064367	0.4187106	0.77671846	-12.702576
-0.12118228	-0.23064367	0.4187106	0.77671846	-12.711948
-0.12118228	-0.23064367	0.4187106	0.77671846	-12.721321
-0.12118228	-0.23064367	0.4187106	0.77671846	-12.730693
-0.12118228	-0.23064367	0.4187106	0.77671846	-12.740066
-0.12118228	-0.23064367	0.4187106	0.77671846	-12.749439
-0.12118228	-0.23064367	0.4187106	0.77671846	-12.758812
-0.12118228	-0.23064367	0.4187106	0.77671846	-12.768185
-0.12118228	-0.23064367	0.4187106	0.77671846	-12.777558
-0.12118228	-0.23064367	0.4187106	0.77671846	-12.786931
-0.12118228	-0.23064367	0.4187106	0.77671846	-12.796304
-0.12118228	-0.23064367	0.4187106	0.77671846	-12.805677
-0.12118228	-0.23064367	0.4187106	0.77671846	-12.81505
-0.12118228	-0.23064367	0.4187106	0.77671846	-12.824424
-0.12118228	-0.23064367	0.4187106	0.77671846	-12.833797
-0.12118228	-0.23064367	0.4187106	0.77671846	-12.84317
-0.12118228	-0.23064367	0.4187106	0.77671846	-12.852543
-0.12118228	-0.23064367	0.4187106	0.77671846	-12.861916
-0.12118228	-0.23064367	0.4187106	0.77671846	-12.87129
-0.12118228	-0.23064367	0.4187106	0.77671846	-12.880663
-0.12118228	-0.23064367	0.4187106	0.77671846	-12.890036
-0.12118228	-0.23064367	0.4187106	0.77671846	-12.899409
-0.12118228	-0.23064367	0.4187106	0.77671846	-12.908782
-0.12118228	-0.23064367	0.4187106	0.77671846	-12.918155
-0.12118228	-0.23064367	0.4187106	0.77671846	-12.927528
-0.12118228	-0.23064367	0.4187106	0.77671846	-12.936901
-0.12118228	-0.23064367	0.4187106	0.77671846	-12.946274
-0.12118228	-0.23064367	0.4187106	0.77671846	-12.955647
-0.12118228	-0.23064367	0.4187106	0.77671846	-12.96502
-0.12118228	-0.23064367	0.4187106	0.77671846	-12.974393
-0.12118228	-0.23064367	0.4187106	0.77671846	-12.983765
-0.12118228	-0.23064367	0.4187106	0.77671846	-12.993138
-0.12118228	-0.23064367	0.4187106	0.77671846	-13.002511
-0.12118228	-0.23064367	0.4187106	0.77671846	-13.011883
-0.12118228	-0.23064367	0.4187106	0.77671846	-13.021255
-0.12118228	-0.23064367	0.4187106	0.77671846	-13.030628
-0.12118228	-0.23064367	0.4187106	0.77671846	-13.04
-0.12118228	-0.23064367	0.4187106	0.77671846	-13.049372
-0.12118228	-0.23064367	0.4187106	0.77671846	-13.058744
-0.12118228	-0.23064367	0.4187106	0.77671846	-13.068115
-0.12118228	-0.23064367	0.4187106	0.77671846	-13.077487
-0.12118228	-0.23064367	0.4187106	0.77671846	-13.086859
-0.12118228	-0.23064367	0.4187106	0.77671846	-13.09623
-0.12118228	-0.23064367	0.4187106	0.77671846	-13.105601
-0.12118228	-0.23064367	0.4187106	0.77671846	-13.114972
-0.12118228	-0.23064367	0.4187106	0.77671846	-13.124343
-0.12118228	-0.23064367	0.4187106	0.77671846	-13.133714
-0.12118228	-0.23064367	0.4187106	0.77671846	-13.143084
-0.12118228	-0.23064367	0.4187106	0.77671846	-13.152455
-0.12118228	-0.23064367	0.4187106	0.77671846	-13.161825
-0.12118228	-0.23064367	0.4187106	0.77671846	-13.171195
-0.12118228	-0.23064367	0.4187106	0.77671846	-13.180565
-0.12118228	-0.23064367	0.4187106	0.77671846	-13.189935
-0.12118228	-0.23064367	0.4187106	0.77671846	-13.199304
-0.12118228	-0.23064367	0.4187106	0.77671846	-13.208673
-0.12118228	-0.23064367	0.4187106	0.77671846	-13.218042
-0.12118228	-0.23064367	0.4187106	0.77671846	-13.227411
-0.12118228	-0.23064367	0.4187106	0.77671846	-13.236779
-0.12118228	-0.23064367	0.4187106	0.77671846	-13.246148
-0.12118228	-0.23064367	0.4187106	0.77671846	-13.255516
-0.12118228	-0.23064367	0.4187106	0.77671846	-13.264884
-0.12118228	-0.23064367	0.4187106	0.77671846	-13.274251
-0.12118228	-0.23064367	0.4187106	0.77671846	-13.283619
-0.12118228	-0.23064367	0.4187106	0.77671846	-13.292986
-0.12118228	-0.23064367	0.4187106	0.77671846	-13.302353
-0.12118228	-0.23064367	0.4187106	0.77671846	-13.311719
-0.12118228	-0.23064367	0.4187106	0.77671846	-13.321085
-0.12118228	-0.23064367	0.4187106	0.77671846	-13.330451
-0.12118228	-0.23064367	0.4187106	0.77671846	-13.339817
-0.12118228	-0.23064367	0.4187106	0.77671846	-13.349182
-0.12118228	-0.23064367	0.4187106	0.77671846	-13.358548
-0.12118228	-0.23064367	0.4187106	0.77671846	-13.367912
-0.12118228	-0.23064367	0.4187106	0.77671846	-13.377277
-0.12118228	-0.23064367	0.4187106	0.77671846	-13.386641
-0.12118228	-0.23064367	0.4187106	0.77671846	-13.396005
-0.12118228	-0.23064367	0.4187106	0.77671846	-13.405368
-0.12118228	-0.23064367	0.4187106	0.77671846	-13.414731
-0.12118228	-0.23064367	0.4187106	0.77671846	-13.424094
-0.12118228	-0.23064367	0.4187106	0.77671846	-13.433457
-0.12118228	-0.23064367	0.4187106	0.77671846	-13.442819
-0.12118228	-0.23064367	0.4187106	0.77671846	-13.452181
-0.12118228	-0.23064367	0.4187106	0.77671846	-13.461542
-0.12118228	-0.23064367	0.4187106	0.77671846	-13.470903
-0.12118228	-0.23064367	0.4187106	0.77671846	-13.480264
-0.12118228	-0.23064367	0.4187106	0.77671846	-13.489624
-0.12118228	-0.23064367	0.4187106	0.77671846	-13.498984
-0.12118228	-0.23064367	0.4187106	0.77671846	-13.508344
-0.12118228	-0.23064367	0.4187106	0.77671846	-13.517703
-0.12118228	-0.23064367	0.4187106	0.77671846	-13.527061
-0.12118228	-0.23064367	0.4187106	0.77671846	-13.53642
-0.12118228	-0.23064367	0.4187106	0.77671846	-13.545778
-0.12118228	-0.23064367	0.4187106	0.77671846	-13.555135
-0.12118228	-0.23064367	0.4187106	0.77671846	-13.564492
-0.12118228	-0.23064367	0.4187106	0.77671846	-13.573849
-0.12118228	-0.23064367	0.4187106	0.77671846	-13.583205
-0.12118228	-0.23064367	0.4187106	0.77671846	-13.592561
-0.12118228	-0.23064367	0.4187106	0.77671846	-13.601916
-0.12118228	-0.23064367	0.4187106	0.77671846	-13.611271
-0.12118228	-0.23064367	0.4187106	0.77671846	-13.620625
-0.12118228	-0.23064367	0.4187106	0.77671846	-13.629979
-0.12118228	-0.23064367	0.4187106	0.77671846	-13.639332
-0.12118228	-0.23064367	0.4187106	0.77671846	-13.648685
-0.12118228	-0.23064367	0.4187106	0.77671846	-13.658038
-0.12118228	-0.23064367	0.4187106	0.77671846	-13.66739
-0.12118228	-0.23064367	0.4187106	0.77671846	-13.676741
-0.12118228	-0.23064367	0.4187106	0.77671846	-13.686092
-0.12118228	-0.23064367	0.4187106	0.77671846	-13.695443
-0.12118228	-0.23064367	0.4187106	0.77671846	-13.704793
-0.12118228	-0.23064367	0.4187106	0.77671846	-13.714142
-0.12118228	-0.23064367	0.4187106	0.77671846	-13.723491
-0.12118228	-0.23064367	0.4187106	0.77671846	-13.73284
-0.12118228	-0.23064367	0.4187106	0.77671846	-13.742188
-0.12118228	-0.23064367	0.4187106	0.77671846	-13.751535
-0.12118228	-0.23064367	0.4187106	0.77671846	-13.760882
-0.12118228	-0.23064367	0.4187106	0.77671846	-13.770228
-0.12118228	-0.23064367	0.4187106	0.77671846	-13.779574
-0.12118228	-0.23064367	0.4187106	0.77671846	-13.788919
-0.12118228	-0.23064367	0.4187106	0.77671846	-13.798264
-0.12118228	-0.23064367	0.4187106	0.77671846	-13.807608
-0.12118228	-0.23064367	0.4187106	0.77671846	-13.816951
-0.12118228	-0.23064367	0.4187106	0.77671846	-13.826294
-0.12118228	-0.23064367	0.4187106	0.77671846	-13.835636
-0.12118228	-0.23064367	0.4187106	0.77671846	-13.844978
-0.12118228	-0.23064367	0.4187106	0.77671846	-13.854319
-0.12118228	-0.23064367	0.4187106	0.77671846	-13.863659
-0.12118228	-0.23064367	0.4187106	0.77671846	-13.872999
-0.12118228	-0.23064367	0.4187106	0.77671846	-13.882338
-0.12118228	-0.23064367	0.4187106	0.77671846	-13.891677
-0.12118228	-0.23064367	0.4187106	0.77671846	-13.901015
-0.12118228	-0.23064367	0.4187106	0.77671846	-13.910352
-0.12118228	-0.23064367	0.4187106	0.77671846	-13.919689
-0.12118228	-0.23064367	0.4187106	0.77671846	-13.929025
-0.12118228	-0.23064367	0.4187106	0.77671846	-13.938361
-0.12118228	-0.23064367	0.4187106	0.77671846	-13.947695
-0.12118228	-0.23064367	0.4187106	0.77671846	-13.957029
-0.12118228	-0.23064367	0.4187106	0.77671846	-13.966363
-0.12118228	-0.23064367	0.4187106	0.77671846	-13.975696
-0.12118228	-0.23064367	0.4187106	0.77671846	-13.985028
-0.12118228	-0.23064367	0.4187106	0.77671846	-13.994359
-0.12118228	-0.23064367	0.4187106	0.77671846	-14.00369
-0.12118228	-0.23064367	0.4187106	0.77671846	-14.01302
-0.12118228	-0.23064367	0.4187106	0.77671846	-14.022349
-0.12118228	-0.23064367	0.4187106	0.77671846	-14.031678
-0.12118228	-0.23064367	0.4187106	0.77671846	-14.041006
-0.12118228	-0.23064367	0.4187106	0.77671846	-14.050333
-0.12118228	-0.23064367	0.4187106	0.77671846	-14.059659
-0.12118228	-0.23064367	0.4187106	0.77671846	-14.068985
-0.12118228	-0.23064367	0.4187106	0.77671846	-14.07831
-0.12118228	-0.23064367	0.4187106	0.77671846	-14.087634
-0.12118228	-0.23064367	0.4187106	0.77671846	-14.096958
-0.12118228	-0.23064367	0.4187106	0.77671846	-14.10628
-0.12118228	-0.23064367	0.4187106	0.77671846	-14.115602
-0.12118228	-0.23064367	0.4187106	0.77671846	-14.124923
-0.12118228	-0.23064367	0.4187106	0.77671846	-14.134244
-0.12118228	-0.23064367	0.4187106	0.77671846	-14.143564
-0.12118228	-0.23064367	0.4187106	0.77671846	-14.152882
-0.12118228	-0.23064367	0.4187106	0.77671846	-14.162201
-0.12118228	-0.23064367	0.4187106	0.77671846	-14.171518
-0.12118228	-0.23064367	0.4187106	0.77671846	-14.180834
-0.12118228	-0.23064367	0.4187106	0.77671846	-14.19015
-0.12118228	-0.23064367	0.4187106	0.77671846	-14.199465
-0.12118228	-0.23064367	0.4187106	0.77671846	-14.208779
-0.12118228	-0.23064367	0.4187106	0.77671846	-14.218092
-0.12118228	-0.23064367	0.4187106	0.77671846	-14.227405
-0.12118228	-0.23064367	0.4187106	0.77671846	-14.236716
-0.12118228	-0.23064367	0.4187106	0.77671846	-14.246027
-0.12118228	-0.23064367	0.4187106	0.77671846	-14.255337
-0.12118228	-0.23064367	0.4187106	0.77671846	-14.264646
-0.12118228	-0.23064367	0.4187106	0.77671846	-14.273954
-0.12118228	-0.23064367	0.4187106	0.77671846	-14.283262
-0.12118228	-0.23064367	0.4187106	0.77671846	-14.292568
-0.12118228	-0.23064367	0.4187106	0.77671846	-14.301874
-0.12118228	-0.23064367	0.4187106	0.77671846	-14.311179
-0.12118228	-0.23064367	0.4187106	0.77671846	-14.320482
-0.12118228	-0.23064367	0.4187106	0.77671846	-14.329785
-0.12118228	-0.23064367	0.4187106	0.77671846	-14.339088
-0.12118228	-0.23064367	0.4187106	0.77671846	-14.348389
-0.12118228	-0.23064367	0.4187106	0.77671846	-14.357689
-0.12118228	-0.23064367	0.4187106	0.77671846	-14.366988
-0.12118228	-0.23064367	0.4187106	0.77671846	-14.376287
-0.12118228	-0.23064367	0.4187106	0.77671846	-14.385584
-0.12118228	-0.23064367	0.4187106	0.77671846	-14.394881
-0.12118228	-0.23064367	0.4187106	0.77671846	-14.404177
-0.12118228	-0.23064367	0.4187106	0.77671846	-14.413472
-0.12118228	-0.23064367	0.4187106	0.77671846	-14.422765
-0.12118228	-0.23064367	0.4187106	0.77671846	-14.432058
-0.12118228	-0.23064367	0.4187106	0.77671846	-14.44135
-0.12118228	-0.23064367	0.4187106	0.77671846	-14.450641
-0.12118228	-0.23064367	0.4187106	0.77671846	-14.459931
-0.12118228	-0.23064367	0.4187106	0.77671846	-14.46922
-0.12118228	-0.23064367	0.4187106	0.77671846	-14.478508
-0.12118228	-0.23064367	0.4187106	0.77671846	-14.487795
-0.12118228	-0.23064367	0.4187106	0.77671846	-14.497081
-0.12118228	-0.23064367	0.4187106	0.77671846	-14.506366
-0.12118228	-0.23064367	0.4187106	0.77671846	-14.51565
-0.12118228	-0.23064367	0.4187106	0.77671846	-14.524933
-0.12118228	-0.23064367	0.4187106	0.77671846	-14.534215
-0.12118228	-0.23064367	0.4187106	0.77671846	-14.543496
-0.12118228	-0.23064367	0.4187106	0.77671846	-14.552776
-0.12118228	-0.23064367	0.4187106	0.77671846	-14.562055
-0.12118228	-0.23064367	0.4187106	0.77671846	-14.571333
-0.12118228	-0.23064367	0.4187106	0.77671846	-14.58061
-0.12118228	-0.23064367	0.4187106	0.77671846	-14.589886
-0.12118228	-0.23064367	0.4187106	0.77671846	-14.599161
-0.12118228	-0.23064367	0.4187106	0.77671846	-14.608435
-0.12118228	-0.23064367	0.4187106	0.77671846	-14.617707
-0.12118228	-0.23064367	0.4187106	0.77671846	-14.626979
-0.12118228	-0.23064367	0.4187106	0.77671846	-14.63625
-0.12118228	-0.23064367	0.4187106	0.77671846	-14.645519
-0.12118228	-0.23064367	0.4187106	0.77671846	-14.654788
-0.12118228	-0.23064367	0.4187106	0.77671846	-14.664055
-0.12118228	-0.23064367	0.4187106	0.77671846	-14.673321
-0.12118228	-0.23064367	0.4187106	0.77671846	-14.682586
-0.12118228	-0.23064367	0.4187106	0.77671846	-14.69185
-0.12118228	-0.23064367	0.4187106	0.77671846	-14.701113
-0.12118228	-0.23064367	0.4187106	0.77671846	-14.710375
-0.12118228	-0.23064367	0.4187106	0.77671846	-14.719636
-0.12118228	-0.23064367	0.4187106	0.77671846	-14.728895
-0.12118228	-0.23064367	0.4187106	0.77671846	-14.738154
-0.12118228	-0.23064367	0.4187106	0.77671846	-14.747411
-0.12118228	-0.23064367	0.4187106	0.77671846	-14.756667
-0.12118228	-0.23064367	0.4187106	0.77671846	-14.765922
-0.12118228	-0.23064367	0.4187106	0.77671846	-14.775176
-0.12118228	-0.23064367	0.4187106	0.77671846	-14.784429
-0.12118228	-0.23064367	0.4187106	0.77671846	-14.79368
-0.12118228	-0.23064367	0.4187106	0.77671846	-14.80293
-0.12118228	-0.23064367	0.4187106	0.77671846	-14.812179
-0.12118228	-0.23064367	0.4187106	0.77671846	-14.821427
-0.12118228	-0.23064367	0.4187106	0.77671846	-14.830674
-0.12118228	-0.23064367	0.4187106	0.77671846	-14.83992
-0.12118228	-0.23064367	0.4187106	0.77671846	-14.849164
-0.12118228	-0.23064367	0.4187106	0.77671846	-14.858407
-0.12118228	-0.23064367	0.4187106	0.77671846	-14.867649
-0.12118228	-0.23064367	0.4187106	0.77671846	-14.87689
-0.12118228	-0.23064367	0.4187106	0.77671846	-14.88613
-0.12118228	-0.23064367	0.4187106	0.77671846	-14.895368
-0.12118228	-0.23064367	0.4187106	0.77671846	-14.904605
-0.12118228	-0.23064367	0.4187106	0.77671846	-14.913841
-0.12118228	-0.23064367	0.4187106	0.77671846	-14.923075
-0.12118228	-0.23064367	0.4187106	0.77671846	-14.932309
-0.12118228	-0.23064367	0.4187106	0.77671846	-14.941541
-0.12118228	-0.23064367	0.4187106	0.77671846	-14.950772
-0.12118228	-0.23064367	0.4187106	0.77671846	-14.960001
-0.12118228	-0.23064367	0.4187106	0.77671846	-14.969229
-0.12118228	-0.23064367	0.4187106	0.77671846	-14.978456
-0.12118228	-0.23064367	0.4187106	0.77671846	-14.987682
-0.12118228	-0.23064367	0.4187106	0.77671846	-14.996907
-0.12118228	-0.23064367	0.4187106	0.77671846	-15.00613
-0.12118228	-0.23064367	0.4187106	0.77671846	-15.015352
-0.12118228	-0.23064367	0.4187106	0.77671846	-15.024572
-0.12118228	-0.23064367	0.4187106	0.77671846	-15.033791
-0.12118228	-0.23064367	0.4187106	0.77671846	-15.043009
-0.12118228	-0.23064367	0.4187106	0.77671846	-15.052226
-0.12118228	-0.23064367	0.4187106	0.77671846	-15.061441
-0.12118228	-0.23064367	0.4187106	0.77671846	-15.070655
-0.12118228	-0.23064367	0.4187106	0.77671846	-15.079867
-0.12118228	-0.23064367	0.4187106	0.77671846	-15.089079
-0.12118228	-0.23064367	0.4187106	0.77671846	-15.098289
-0.12118228	-0.23064367	0.4187106	0.77671846	-15.107497
-0.12118228	-0.23064367	0.4187106	0.77671846	-15.116704
-0.12118228	-0.23064367	0.4187106	0.77671846	-15.12591
-0.12118228	-0.23064367	0.4187106	0.77671846	-15.135115
-0.12118228	-0.23064367	0.4187106	0.77671846	-15.144318
-0.12118228	-0.23064367	0.4187106	0.77671846	-15.153519
-0.12118228	-0.23064367	0.4187106	0.77671846	-15.16272
-0.12118228	-0.23064367	0.4187106	0.77671846	-15.171918
-0.12118228	-0.23064367	0.4187106	0.77671846	-15.181116
-0.12118228	-0.23064367	0.4187106	0.77671846	-15.190312
-0.12118228	-0.23064367	0.4187106	0.77671846	-15.199507
-0.12118228	-0.23064367	0.4187106	0.77671846	-15.2087
-0.12118228	-0.23064367	0.4187106	0.77671846	-15.217892
-0.12118228	-0.23064367	0.4187106	0.77671846	-15.227082
-0.12118228	-0.23064367	0.4187106	0.77671846	-15.236271
-0.12118228	-0.23064367	0.4187106	0.77671846	-15.245459
-0.12118228	-0.23064367	0.4187106	0.77671846	-15.254645
-0.12118228	-0.23064367	0.4187106	0.77671846	-15.26383
-0.12118228	-0.23064367	0.4187106	0.77671846	-15.273013
-0.12118228	-0.23064367	0.4187106	0.77671846	-15.282194
-0.12118228	-0.23064367	0.4187106	0.77671846	-15.291375
-0.12118228	-0.23064367	0.4187106	0.77671846	-15.300554
-0.12118228	-0.23064367	0.4187106	0.77671846	-15.309731
-0.12118228	-0.23064367	0.4187106	0.77671846	-15.318907
-0.12118228	-0.23064367	0.4187106	0.77671846	-15.328081
-0.12118228	-0.23064367	0.4187106	0.77671846	-15.337254
-0.12118228	-0.23064367	0.4187106	0.77671846	-15.346425
-0.12118228	-0.23064367	0.4187106	0.77671846	-15.355595
-0.12118228	-0.23064367	0.4187106	0.77671846	-15.364764
-0.12118228	-0.23064367	0.4187106	0.77671846	-15.37393
-0.12118228	-0.23064367	0.4187106	0.77671846	-15.383096
-0.12118228	-0.23064367	0.4187106	0.77671846	-15.39226
-0.12118228	-0.23064367	0.4187106	0.77671846	-15.401422
-0.12118228	-0.23064367	0.4187106	0.77671846	-15.410583
-0.12118228	-0.23064367	0.4187106	0.77671846	-15.419742
-0.12118228	-0.23064367	0.4187106	0.77671846	-15.428899
-0.12118228	-0.23064367	0.4187106	0.77671846	-15.438055
-0.12118228	-0.23064367	0.4187106	0.77671846	-15.44721
-0.12118228	-0.23064367	0.4187106	0.77671846	-15.456363
-0.12118228	-0.23064367	0.4187106	0.77671846	-15.465514
-0.12118228	-0.23064367	0.4187106	0.77671846	-15.474664
-0.12118228	-0.23064367	0.4187106	0.77671846	-15.483812
-0.12118228	-0.23064367	0.4187106	0.77671846	-15.492959
-0.12118228	-0.23064367	0.4187106	0.77671846	-15.502104
-0.12118228	-0.23064367	0.4187106	0.77671846	-15.511248
-0.12118228	-0.23064367	0.4187106	0.77671846	-15.520389
-0.12118228	-0.23064367	0.4187106	0.77671846	-15.52953
-0.12118228	-0.23064367	0.4187106	0.77671846	-15.538668
-0.12118228	-0.23064367	0.4187106	0.77671846	-15.547805
-0.12118228	-0.23064367	0.4187106	0.77671846	-15.556941
-0.12118228	-0.23064367	0.4187106	0.77671846	-15.566075
-0.12118228	-0.23064367	0.4187106	0.77671846	-15.575207
-0.12118228	-0.23064367	0.4187106	0.77671846	-15.584337
-0.12118228	-0.23064367	0.4187106	0.77671846	-15.593466
-0.12118228	-0.23064367	0.4187106	0.77671846	-15.602593
-0.12118228	-0.23064367	0.4187106	0.77671846	-15.611719
-0.12118228	-0.23064367	0.4187106	0.77671846	-15.620843
-0.12118228	-0.23064367	0.4187106	0.77671846	-15.629965
-0.12118228	-0.23064367	0.4187106	0.77671846	-15.639085
-0.12118228	-0.23064367	0.4187106	0.77671846	-15.648204
-0.12118228	-0.23064367	0.4187106	0.77671846	-15.657321
-0.12118228	-0.23064367	0.4187106	0.77671846	-15.666437
-0.12118228	-0.23064367	0.4187106	0.77671846	-15.675551
-0.12118228	-0.23064367	0.4187106	0.77671846	-15.684663
-0.12118228	-0.23064367	0.4187106	0.77671846	-15.693773
-0.12118228	-0.23064367	0.4187106	0.77671846	-15.702882
-0.12118228	-0.23064367	0.4187106	0.77671846	-15.711989
-0.12118228	-0.23064367	0.4187106	0.77671846	-15.721094
-0.12118228	-0.23064367	0.4187106	0.77671846	-15.730198
-0.12118228	-0.23064367	0.4187106	0.77671846	-15.739299
-0.12118228	-0.23064367	0.4187106	0.77671846	-15.748399
-0.12118228	-0.23064367	0.4187106	0.77671846	-15.757498
-0.12118228	-0.23064367	0.4187106	0.77671846	-15.766594
-0.12118228	-0.23064367	0.4187106	0.77671846	-15.775689
-0.12118228	-0.23064367	0.4187106	0.77671846	-15.784782
-0.12118228	-0.23064367	0.4187106	0.77671846	-15.793873
-0.12118228	-0.23064367	0.4187106	0.77671846	-15.802963
-0.12118228	-0.23064367	0.4187106	0.77671846	-15.812051
-0.12118228	-0.23064367	0.4187106	0.77671846	-15.821136
-0.12118228	-0.23064367	0.4187106	0.77671846	-15.830221
-0.12118228	-0.23064367	0.4187106	0.77671846	-15.839303
-0.12118228	-0.23064367	0.4187106	0.77671846	-15.848384
-0.12118228	-0.23064367	0.4187106	0.77671846	-15.857462
-0.12118228	-0.23064367	0.4187106	0.77671846	-15.866539
-0.12118228	-0.23064367	0.4187106	0.77671846	-15.875614
-0.12118228	-0.23064367	0.4187106	0.77671846	-15.884688
-0.12118228	-0.23064367	0.4187106	0.77671846	-15.893759
-0.12118228	-0.23064367	0.4187106	0.77671846	-15.902829
-0.12118228	-0.23064367	0.4187106	0.77671846	-15.911897
-0.12118228	-0.23064367	0.4187106	0.77671846	-15.920963
-0.12118228	-0.23064367	0.4187106	0.77671846	-15.930027
-0.12118228	-0.23064367	0.4187106	0.77671846	-15.939089
-0.12118228	-0.23064367	0.4187106	0.77671846	-15.94815
-0.12118228	-0.23064367	0.4187106	0.77671846	-15.957208
-0.12118228	-0.23064367	0.4187106	0.77671846	-15.966265
-0.12118228	-0.23064367	0.4187106	0.77671846	-15.97532
-0.12118228	-0.23064367	0.4187106	0.77671846	-15.984373
-0.12118228	-0.23064367	0.4187106	0.77671846	-15.993424
-0.12118228	-0.23064367	0.4187106	0.77671846	-16.002473
-0.12118228	-0.23064367	0.4187106	0.77671846	-16.01152
-0.12118228	-0.23064367	0.4187106	0.77671846	-16.020565
-0.12118228	-0.23064367	0.4187106	0.77671846	-16.029609
-0.12118228	-0.23064367	0.4187106	0.77671846	-16.03865
-0.12118228	-0.23064367	0.4187106	0.77671846	-16.04769
-0.12118228	-0.23064367	0.4187106	0.77671846	-16.056728
-0.12118228	-0.23064367	0.4187106	0.77671846	-16.065764
-0.12118228	-0.23064367	0.4187106	0.77671846	-16.074798
-0.12118228	-0.23064367	0.4187106	0.77671846	-16.083829
-0.12118228	-0.23064367	0.4187106	0.77671846	-16.092859
-0.12118228	-0.23064367	0.4187106	0.77671846	-16.101887
-0.12118228	-0.23064367	0.4187106	0.77671846	-16.110914
-0.12118228	-0.23064367	0.4187106	0.77671846	-16.119938
-0.12118228	-0.23064367	0.4187106	0.77671846	-16.12896
-0.12118228	-0.23064367	0.4187106	0.77671846	-16.13798
-0.12118228	-0.23064367	0.4187106	0.77671846	-16.146998
-0.12118228	-0.23064367	0.4187106	0.77671846	-16.156014
-0.12118228	-0.23064367	0.4187106	0.77671846	-16.165029
-0.12118228	-0.23064367	0.4187106	0.77671846	-16.174041
-0.12118228	-0.23064367	0.4187106	0.77671846	-16.183051
-0.12118228	-0.23064367	0.4187106	0.77671846	-16.192059
-0.12118228	-0.23064367	0.4187106	0.77671846	-16.201066
-0.12118228	-0.23064367	0.4187106	0.77671846	-16.21007
-0.12118228	-0.23064367	0.4187106	0.77671846	-16.219072
-0.12118228	-0.23064367	0.4187106	0.77671846	-16.228072
-0.12118228	-0.23064367	0.4187106	0.77671846	-16.237071
-0.12118228	-0.23064367	0.4187106	0.77671846	-16.246067
-0.12118228	-0.23064367	0.4187106	0.77671846	-16.255061
-0.12118228	-0.23064367	0.4187106	0.77671846	-16.264053
-0.12118228	-0.23064367	0.4187106	0.77671846	-16.273043
-0.12118228	-0.23064367	0.4187106	0.77671846	-16.282031
-0.12118228	-0.23064367	0.4187106	0.77671846	-16.291017
-0.12118228	-0.23064367	0.4187106	0.77671846	-16.3
-0.12118228	-0.23064367	0.4187106	0.77671846	-16.308982
-0.12118228	-0.23064367	0.4187106	0.77671846	-16.317962
-0.12118228	-0.23064367	0.4187106	0.77671846	-16.326939
-0.12118228	-0.23064367	0.4187106	0.77671846	-16.335915
-0.12118228	-0.23064367	0.4187106	0.77671846	-16.344888
-0.12118228	-0.23064367	0.4187106	0.77671846	-16.35386
-0.12118228	-0.23064367	0.4187106	0.77671846	-16.362829
-0.12118228	-0.23064367	0.4187106	0.77671846	-16.371796
-0.12118228	-0.23064367	0.4187106	0.77671846	-16.380761
-0.12118228	-0.23064367	0.4187106	0.77671846	-16.389724
-0.12118228	-0.23064367	0.4187106	0.77671846	-16.398685
-0.12118228	-0.23064367	0.4187106	0.77671846	-16.407643
-0.12118228	-0.23064367	0.4187106	0.77671846	-16.4166
-0.12118228	-0.23064367	0.4187106	0.77671846	-16.425554
-0.12118228	-0.23064367	0.4187106	0.77671846	-16.434506
-0.12118228	-0.23064367	0.4187106	0.77671846	-16.443456
-0.12118228	-0.23064367	0.4187106	0.77671846	-16.452404
-0.12118228	-0.23064367	0.4187106	0.77671846	-16.46135
-0.12118228	-0.23064367	0.4187106	0.77671846	-16.470293
-0.12118228	-0.23064367	0.4187106	0.77671846	-16.479235
-0.12118228	-0.23064367	0.4187106	0.77671846	-16.488174
-0.12118228	-0.23064367	0.4187106	0.77671846	-16.497111
-0.12118228	-0.23064367	0.4187106	0.77671846	-16.506046
-0.12118228	-0.23064367	0.4187106	0.77671846	-16.514979
-0.12118228	-0.23064367	0.4187106	0.77671846	-16.523909
-0.12118228	-0.23064367	0.4187106	0.77671846	-16.532837
-0.12118228	-0.23064367	0.4187106	0.77671846	-16.541763
-0.12118228	-0.23064367	0.4187106	0.77671846	-16.550687
-0.12118228	-0.23064367	0.4187106	0.77671846	-16.559609
-0.12118228	-0.23064367	0.4187106	0.77671846	-16.568528
-0.12118228	-0.23064367	0.4187106	0.77671846	-16.577445
-0.12118228	-0.23064367	0.4187106	0.77671846	-16.58636
-0.12118228	-0.23064367	0.4187106	0.77671846	-16.595273
-0.12118228	-0.23064367	0.4187106	0.77671846	-16.604183
-0.12118228	-0.23064367	0.4187106	0.77671846	-16.613091
-0.12118228	-0.23064367	0.4187106	0.77671846	-16.621997
-0.12118228	-0.23064367	0.4187106	0.77671846	-16.630901
-0.12118228	-0.23064367	0.4187106	0.77671846	-16.639802
-0.12118228	-0.23064367	0.4187106	0.77671846	-16.648702
-0.12118228	-0.23064367	0.4187106	0.77671846	-16.657598
-0.12118228	-0.23064367	0.4187106	0.77671846	-16.666493
-0.12118228	-0.23064367	0.4187106	0.77671846	-16.675385
-0.12118228	-0.23064367	0.4187106	0.77671846	-16.684275
-0.12118228	-0.23064367	0.4187106	0.77671846	-16.693163
-0.12118228	-0.23064367	0.4187106	0.77671846	-16.702048
-0.12118228	-0.23064367	0.4187106	0.77671846	-16.710931
-0.12118228	-0.23064367	0.4187106	0.77671846	-16.719812
-0.12118228	-0.23064367	0.4187106	0.77671846	-16.728691
-0.12118228	-0.23064367	0.4187106	0.77671846	-16.737567
-0.12118228	-0.23064367	0.4187106	0.77671846	-16.746441
-0.12118228	-0.23064367	0.4187106	0.77671846	-16.755312
-0.12118228	-0.23064367	0.4187106	0.77671846	-16.764181
-0.12118228	-0.23064367	0.4187106	0.77671846	-16.773048
-0.12118228	-0.23064367	0.4187106	0.77671846	-16.781912
-0.12118228	-0.23064367	0.4187106	0.77671846	-16.790774
-0.12118228	-0.23064367	0.4187106	0.77671846	-16.799634
-0.12118228	-0.23064367	0.4187106	0.77671846	-16.808491
-0.12118228	-0.23064367	0.4187106	0.77671846	-16.817346
-0.12118228	-0.23064367	0.4187106	0.77671846	-16.826199
-0.12118228	-0.23064367	0.4187106	0.77671846	-16.835049
-0.12118228	-0.23064367	0.4187106	0.77671846	-16.843897
-0.12118228	-0.23064367	0.4187106	0.77671846	-16.852742
-0.12118228	-0.23064367	0.4187106	0.77671846	-16.861585
-0.12118228	-0.23064367	0.4187106	0.77671846	-16.870426
-0.12118228	-0.23064367	0.4187106	0.77671846	-16.879264
-0.12118228	-0.23064367	0.4187106	0.77671846	-16.8881
-0.12118228	-0.23064367	0.4187106	0.77671846	-16.896934
-0.12118228	-0.23064367	0.4187106	0.77671846	-16.905765
-0.12118228	-0.23064367	0.4187106	0.77671846	-16.914593
-0.12118228	-0.23064367	0.4187106	0.77671846	-16.923419
-0.12118228	-0.23064367	0.4187106	0.77671846	-16.932243
-0.12118228	-0.23064367	0.4187106	0.77671846	-16.941064
-0.12118228	-0.23064367	0.4187106	0.77671846	-16.949883
-0.12118228	-0.23064367	0.4187106	0.77671846	-16.958699
-0.12118228	-0.23064367	0.4187106	0.77671846	-16.967513
-0.12118228	-0.23064367	0.4187106	0.77671846	-16.976325
-0.12118228	-0.23064367	0.4187106	0.77671846	-16.985133
-0.12118228	-0.23064367	0.4187106	0.77671846	-16.99394
-0.12118228	-0.23064367	0.4187106	0.77671846	-17.002744
-0.12118228	-0.23064367	0.4187106	0.77671846	-17.011545
-0.12118228	-0.23064367	0.4187106	0.77671846	-17.020344
-0.12118228	-0.23064367	0.4187106	0.77671846	-17.029141
-0.12118228	-0.23064367	0.4187106	0.77671846	-17.037935
-0.12118228	-0.23064367	0.4187106	0.77671846	-17.046726
-0.12118228	-0.23064367	0.4187106	0.77671846	-17.055515
-0.12118228	-0.23064367	0.4187106	0.77671846	-17.064302
-0.12118228	-0.23064367	0.4187106	0.77671846	-17.073086
-0.12118228	-0.23064367	0.4187106	0.77671846	-17.081867
-0.12118228	-0.23064367	0.4187106	0.77671846	-17.090646
-0.12118228	-0.23064367	0.4187106	0.77671846	-17.099423
-0.12118228	-0.23064367	0.4187106	0.77671846	-17.108197
-0.12118228	-0.23064367	0.4187106	0.77671846	-17.116968
-0.12118228	-0.23064367	0.4187106	0.77671846	-17.125737
-0.12118228	-0.23064367	0.4187106	0.77671846	-17.134503
-0.12118228	-0.23064367	0.4187106	0.77671846	-17.143266
-0.12118228	-0.23064367	0.4187106	0.77671846	-17.152027
-0.12118228	-0.23064367	0.4187106	0.77671846	-17.160786
-0.12118228	-0.23064367	0.4187106	0.77671846	-17.169542
-0.12118228	-0.23064367	0.4187106	0.77671846	-17.178295
-0.12118228	-0.23064367	0.4187106	0.77671846	-17.187046
-0.12118228	-0.23064367	0.4187106	0.77671846	-17.195794
-0.12118228	-0.23064367	0.4187106	0.77671846	-17.20454
-0.12118228	-0.23064367	0.4187106	0.77671846	-17.213282
-0.12118228	-0.23064367	0.4187106	0.77671846	-17.222023
-0.12118228	-0.23064367	0.4187106	0.77671846	-17.230761
-0.12118228	-0.23064367	0.4187106	0.77671846	-17.239496
-0.12118228	-0.23064367	0.4187106	0.77671846	-17.248228
-0.12118228	-0.23064367	0.4187106	0.77671846	-17.256958
-0.12118228	-0.23064367	0.4187106	0.77671846	-17.265685
-0.12118228	-0.23064367	0.4187106	0.77671846	-17.27441
-0.12118228	-0.23064367	0.4187106	0.77671846	-17.283132
-0.12118228	-0.23064367	0.4187106	0.77671846	-17.291851
-0.12118228	-0.23064367	0.4187106	0.77671846	-17.300568
-0.12118228	-0.23064367	0.4187106	0.77671846	-17.309282
-0.12118228	-0.23064367	0.4187106	0.77671846	-17.317993
-0.12118228	-0.23064367	0.4187106	0.77671846	-17.326702
-0.12118228	-0.23064367	0.4187106	0.77671846	-17.335408
-0.12118228	-0.23064367	0.4187106	0.77671846	-17.344111
-0.12118228	-0.23064367	0.4187106	0.77671846	-17.352811
-0.12118228	-0.23064367	0.4187106	0.77671846	-17.361509
-0.12118228	-0.23064367	0.4187106	0.77671846	-17.370205
-0.12118228	-0.23064367	0.4187106	0.77671846	-17.378897
-0.12118228	-0.23064367	0.4187106	0.77671846	-17.387587
-0.12118228	-0.23064367	0.4187106	0.77671846	-17.396274
-0.12118228	-0.23064367	0.4187106	0.77671846	-17.404959
-0.12118228	-0.23064367	0.4187106	0.77671846	-17.41364
-0.12118228	-0.23064367	0.4187106	0.77671846	-17.422319
-0.12118228	-0.23064367	0.4187106	0.77671846	-17.430995
-0.12118228	-0.23064367	0.4187106	0.77671846	-17.439669
-0.12118228	-0.23064367	0.4187106	0.77671846	-17.44834
-0.12118228	-0.23064367	0.4187106	0.77671846	-17.457008
-0.12118228	-0.23064367	0.4187106	0.77671846	-17.465673
-0.12118228	-0.23064367	0.4187106	0.77671846	-17.474336
-0.12118228	-0.23064367	0.4187106	0.77671846	-17.482995
-0.12118228	-0.23064367	0.4187106	0.77671846	-17.491652
-0.12118228	-0.23064367	0.4187106	0.77671846	-17.500306
-0.12118228	-0.23064367	0.4187106	0.77671846	-17.508958
-0.12118228	-0.23064367	0.4187106	0.77671846	-17.517607
-0.12118228	-0.23064367	0.4187106	0.77671846	-17.526253
-0.12118228	-0.23064367	0.4187106	0.77671846	-17.534896
-0.12118228	-0.23064367	0.4187106	0.77671846	-17.543536
-0.12118228	-0.23064367	0.4187106	0.77671846	-17.552173
-0.12118228	-0.23064367	0.4187106	0.77671846	-17.560808
-0.12118228	-0.23064367	0.4187106	0.77671846	-17.56944
-0.12118228	-0.23064367	0.4187106	0.77671846	-17.578069
-0.12118228	-0.23064367	0.4187106	0.77671846	-17.586695
-0.12118228	-0.23064367	0.4187106	0.77671846	-17.595319
-0.12118228	-0.23064367	0.4187106	0.77671846	-17.603939
-0.12118228	-0.23064367	0.4187106	0.77671846	-17.612557
-0.12118228	-0.23064367	0.4187106	0.77671846	-17.621172
-0.12118228	-0.23064367	0.4187106	0.77671846	-17.629784
-0.12118228	-0.23064367	0.4187106	0.77671846	-17.638393
-0.12118228	-0.23064367	0.4187106	0.77671846	-17.647
-0.12118228	-0.23064367	0.4187106	0.77671846	-17.655603
-0.12118228	-0.23064367	0.4187106	0.77671846	-17.664204
-0.12118228	-0.23064367	0.4187106	0.77671846	-17.672802
-0.12118228	-0.23064367	0.4187106	0.77671846	-17.681397
-0.12118228	-0.23064367	0.4187106	0.77671846	-17.689989
-0.12118228	-0.23064367	0.4187106	0.77671846	-17.698578
-0.12118228	-0.23064367	0.4187106	0.77671846	-17.707164
-0.12118228	-0.23064367	0.4187106	0.77671846	-17.715748
-0.12118228	-0.23064367	0.4187106	0.77671846	-17.724328
-0.12118228	-0.23064367	0.4187106	0.77671846	-17.732906
-0.12118228	-0.23064367	0.4187106	0.77671846	-17.74148
-0.12118228	-0.23064367	0.4187106	0.77671846	-17.750052
-0.12118228	-0.23064367	0.4187106	0.77671846	-17.758621
-0.12118228	-0.23064367	0.4187106	0.77671846	-17.767187
-0.12118228	-0.23064367	0.4187106	0.77671846	-17.77575
-0.12118228	-0.23064367	0.4187106	0.77671846	-17.78431
-0.12118228	-0.23064367	0.4187106	0.77671846	-17.792867
-0.12118228	-0.23064367	0.4187106	0.77671846	-17.801421
-0.12118228	-0.23064367	0.4187106	0.77671846	-17.809973
-0.12118228	-0.23064367	0.4187106	0.77671846	-17.818521
-0.12118228	-0.23064367	0.4187106	0.77671846	-17.827066
-0.12118228	-0.23064367	0.4187106	0.77671846	-17.835608
-0.12118228	-0.23064367	0.4187106	0.77671846	-17.844148
-0.12118228	-0.23064367	0.4187106	0.77671846	-17.852684
-0.12118228	-0.23064367	0.4187106	0.77671846	-17.861218
-0.12118228	-0.23064367	0.4187106	0.77671846	-17.869748
-0.12118228	-0.23064367	0.4187106	0.77671846	-17.878276
-0.12118228	-0.23064367	0.4187106	0.77671846	-17.8868
-0.12118228	-0.23064367	0.4187106	0.77671846	-17.895322
-0.12118228	-0.23064367	0.4187106	0.77671846	-17.90384
-0.12118228	-0.23064367	0.4187106	0.77671846	-17.912356
-0.12118228	-0.23064367	0.4187106	0.77671846	-17.920868
-0.12118228	-0.23064367	0.4187106	0.77671846	-17.929378
-0.12118228	-0.23064367	0.4187106	0.77671846	-17.937884
-0.12118228	-0.23064367	0.4187106	0.77671846	-17.946387
-0.12118228	-0.23064367	0.4187106	0.77671846	-17.954888
-0.12118228	-0.23064367	0.4187106	0.77671846	-17.963385
-0.12118228	-0.23064367	0.4187106	0.77671846	-17.971879
-0.12118228	-0.23064367	0.4187106	0.77671846	-17.980371
-0.12118228	-0.23064367	0.4187106	0.77671846	-17.988859
-0.12118228	-0.23064367	0.4187106	0.77671846	-17.997344
-0.12118228	-0.23064367	0.4187106	0.77671846	-18.005826
-0.12118228	-0.23064367	0.4187106	0.77671846	-18.014305
-0.12118228	-0.23064367	0.4187106	0.77671846	-18.022781
-0.12118228	-0.23064367	0.4187106	0.77671846	-18.031254
-0.12118228	-0.23064367	0.4187106	0.77671846	-18.039724
-0.12118228	-0.23064367	0.4187106	0.77671846	-18.04819
-0.12118228	-0.23064367	0.4187106	0.77671846	-18.056654
-0.12118228	-0.23064367	0.4187106	0.77671846	-18.065115
-0.12118228	-0.23064367	0.4187106	0.77671846	-18.073572
-0.12118228	-0.23064367	0.4187106	0.77671846	-18.082026
-0.12118228	-0.23064367	0.4187106	0.77671846	-18.090478
-0.12118228	-0.23064367	0.4187106	0.77671846	-18.098926
-0.12118228	-0.23064367	0.4187106	0.77671846	-18.107371
-0.12118228	-0.23064367	0.4187106	0.77671846	-18.115813
-0.12118228	-0.23064367	0.4187106	0.77671846	-18.124251
-0.12118228	-0.23064367	0.4187106	0.77671846	-18.132687
-0.12118228	-0.23064367	0.4187106	0.77671846	-18.141119
-0.12118228	-0.23064367	0.4187106	0.77671846	-18.149549
-0.12118228	-0.23064367	0.4187106	0.77671846	-18.157975
-0.12118228	-0.23064367	0.4187106	0.77671846	-18.166398
-0.12118228	-0.23064367	0.4187106	0.77671846	-18.174818
-0.12118228	-0.23064367	0.4187106	0.77671846	-18.183235
-0.12118228	-0.23064367	0.4187106	0.77671846	-18.191648
-0.12118228	-0.23064367	0.4187106	0.77671846	-18.200059
-0.12118228	-0.23064367	0.4187106	0.77671846	-18.208466
-0.12118228	-0.23064367	0.4187106	0.77671846	-18.21687
-0.12118228	-0.23064367	0.4187106	0.77671846	-18.225271
-0.12118228	-0.23064367	0.4187106	0.77671846	-18.233668
-0.12118228	-0.23064367	0.4187106	0.77671846	-18.242063
-0.12118228	-0.23064367	0.4187106	0.77671846	-18.250454
-0.12118228	-0.23064367	0.4187106	0.77671846	-18.258842
-0.12118228	-0.23064367	0.4187106	0.77671846	-18.267227
-0.12118228	-0.23064367	0.4187106	0.77671846	-18.275609
-0.12118228	-0.23064367	0.4187106	0.77671846	-18.283987
-0.12118228	-0.23064367	0.4187106	0.77671846	-18.292362
-0.12118228	-0.23064367	0.4187106	0.77671846	-18.300734
-0.12118228	-0.23064367	0.4187106	0.77671846	-18.309103
-0.12118228	-0.23064367	0.4187106	0.77671846	-18.317468
-0.12118228	-0.23064367	0.4187106	0.77671846	-18.325831
-0.12118228	-0.23064367	0.4187106	0.77671846	-18.33419
-0.12118228	-0.23064367	0.4187106	0.77671846	-18.342546
-0.12118228	-0.23064367	0.4187106	0.77671846	-18.350898
-0.12118228	-0.23064367	0.4187106	0.77671846	-18.359247
-0.12118228	-0.23064367	0.4187106	0.77671846	-18.367593
-0.12118228	-0.23064367	0.4187106	0.77671846	-18.375936
-0.12118228	-0.23064367	0.4187106	0.77671846	-18.384275
-0.12118228	-0.23064367	0.4187106	0.77671846	-18.392612
-0.12118228	-0.23064367	0.4187106	0.77671846	-18.400944
-0.12118228	-0.23064367	0.4187106	0.77671846	-18.409274
-0.12118228	-0.23064367	0.4187106	0.77671846	-18.4176
-0.12118228	-0.23064367	0.4187106	0.77671846	-18.425923
-0.12118228	-0.23064367	0.4187106	0.77671846	-18.434243
-0.12118228	-0.23064367	0.4187106	0.77671846	-18.442559
-0.12118228	-0.23064367	0.4187106	0.77671846	-18.450872
-0.12118228	-0.23064367	0.4187106	0.77671846	-18.459182
-0.12118228	-0.23064367	0.4187106	0.77671846	-18.467489
-0.12118228	-0.23064367	0.4187106	0.77671846	-18.475792
-0.12118228	-0.23064367	0.4187106	0.77671846	-18.484092
-0.12118228	-0.23064367	0.4187106	0.77671846	-18.492388
-0.12118228	-0.23064367	0.4187106	0.77671846	-18.500681
-0.12118228	-0.23064367	0.4187106	0.77671846	-18.508971
-0.12118228	-0.23064367	0.4187106	0.77671846	-18.517257
-0.12118228	-0.23064367	0.4187106	0.77671846	-18.52554
-0.12118228	-0.23064367	0.4187106	0.77671846	-18.53382
-0.12118228	-0.23064367	0.4187106	0.77671846	-18.542096
-0.12118228	-0.23064367	0.4187106	0.77671846	-18.550369
-0.12118228	-0.23064367	0.4187106	0.77671846	-18.558639
-0.12118228	-0.23064367	0.4187106	0.77671846	-18.566905
-0.12118228	-0.23064367	0.4187106	0.77671846	-18.575168
-0.12118228	-0.23064367	0.4187106	0.77671846	-18.583427
-0.12118228	-0.23064367	0.4187106	0.77671846	-18.591683
-0.12118228	-0.23064367	0.4187106	0.77671846	-18.599936
-0.12118228	-0.23064367	0.4187106	0.77671846	-18.608185
-0.12118228	-0.23064367	0.4187106	0.77671846	-18.616431
-0.12118228	-0.23064367	0.4187106	0.77671846	-18.624674
-0.12118228	-0.23064367	0.4187106	0.77671846	-18.632913
-0.12118228	-0.23064367	0.4187106	0.77671846	-18.641148
-0.12118228	-0.23064367	0.4187106	0.77671846	-18.64938
-0.12118228	-0.23064367	0.4187106	0.77671846	-18.657609
-0.12118228	-0.23064367	0.4187106	0.77671846	-18.665835
-0.12118228	-0.23064367	0.4187106	0.77671846	-18.674056
-0.12118228	-0.23064367	0.4187106	0.77671846	-18.682275
-0.12118228	-0.23064367	0.4187106	0.77671846	-18.69049
-0.12118228	-0.23064367	0.4187106	0.77671846	-18.698701
-0.12118228	-0.23064367	0.4187106	0.77671846	-18.706909
-0.12118228	-0.23064367	0.4187106	0.77671846	-18.715114
-0.12118228	-0.23064367	0.4187106	0.77671846	-18.723315
-0.12118228	-0.23064367	0.4187106	0.77671846	-18.731513
-0.12118228	-0.23064367	0.4187106	0.77671846	-18.739707
-0.12118228	-0.23064367	0.4187106	0.77671846	-18.747898
-0.12118228	-0.23064367	0.4187106	0.77671846	-18.756085
-0.12118228	-0.23064367	0.4187106	0.77671846	-18.764269
-0.12118228	-0.23064367	0.4187106	0.77671846	-18.772449
-0.12118228	-0.23064367	0.4187106	0.77671846	-18.780626
-0.12118228	-0.23064367	0.4187106	0.77671846	-18.788799
-0.12118228	-0.23064367	0.4187106	0.77671846	-18.796969
-0.12118228	-0.23064367	0.4187106	0.77671846	-18.805135
-0.12118228	-0.23064367	0.4187106	0.77671846	-18.813298
-0.12118228	-0.23064367	0.4187106	0.77671846	-18.821457
-0.12118228	-0.23064367	0.4187106	0.77671846	-18.829613
-0.12118228	-0.23064367	0.4187106	0.77671846	-18.837765
-0.12118228	-0.23064367	0.4187106	0.77671846	-18.845914
-0.12118228	-0.23064367	0.4187106	0.77671846	-18.854059
-0.12118228	-0.23064367	0.4187106	0.77671846	-18.8622
-0.12118228	-0.23064367	0.4187106	0.77671846	-18.870338
-0.12118228	-0.23064367	0.4187106	0.77671846	-18.878473
-0.12118228	-0.23064367	0.4187106	0.77671846	-18.886604
-0.12118228	-0.23064367	0.4187106	0.77671846	-18.894731
-0.12118228	-0.23064367	0.4187106	0.77671846	-18.902855
-0.12118228	-0.23064367	0.4187106	0.77671846	-18.910975
-0.12118228	-0.23064367	0.4187106	0.77671846	-18.919092
-0.12118228	-0.23064367	0.4187106	0.77671846	-18.927205
-0.12118228	-0.23064367	0.4187106	0.77671846	-18.935314
-0.12118228	-0.23064367	0.4187106	0.77671846	-18.94342
-0.12118228	-0.23064367	0.4187106	0.77671846	-18.951523
-0.12118228	-0.23064367	0.4187106	0.77671846	-18.959621
-0.12118228	-0.23064367	0.4187106	0.77671846	-18.967716
-0.12118228	-0.23064367	0.4187106	0.77671846	-18.975808
-0.12118228	-0.23064367	0.4187106	0.77671846	-18.983896
-0.12118228	-0.23064367	0.4187106	0.77671846	-18.99198
-0.12118228	-0.23064367	0.4187106	0.77671846	-19.000061
-0.12118228	-0.23064367	0.4187106	0.77671846	-19.008138
-0.12118228	-0.23064367	0.4187106	0.77671846	-19.016211
-0.12118228	-0.23064367	0.4187106	0.77671846	-19.024281
-0.12118228	-0.23064367	0.4187106	0.77671846	-19.032347
-0.12118228	-0.23064367	0.4187106	0.77671846	-19.04041
-0.12118228	-0.23064367	0.4187106	0.77671846	-19.048468
-0.12118228	-0.23064367	0.4187106	0.77671846	-19.056524
-0.12118228	-0.23064367	0.4187106	0.77671846	-19.064575
-0.12118228	-0.23064367	0.4187106	0.77671846	-19.072623
-0.12118228	-0.23064367	0.4187106	0.77671846	-19.080667
-0.12118228	-0.23064367	0.4187106	0.77671846	-19.088708
-0.12118228	-0.23064367	0.4187106	0.77671846	-19.096745
-0.12118228	-0.23064367	0.4187106	0.77671846	-19.104778
-0.12118228	-0.23064367	0.4187106	0.77671846	-19.112807
-0.12118228	-0.23064367	0.4187106	0.77671846	-19.120833
-0.12118228	-0.23064367	0.4187106	0.77671846	-19.128855
-0.12118228	-0.23064367	0.4187106	0.77671846	-19.136874
-0.12118228	-0.23064367	0.4187106	0.77671846	-19.144889
-0.12118228	-0.23064367	0.4187106	0.77671846	-19.1529
-0.12118228	-0.23064367	0.4187106	0.77671846	-19.160907
-0.12118228	-0.23064367	0.4187106	0.77671846	-19.168911
-0.12118228	-0.23064367	0.4187106	0.77671846	-19.176911
-0.12118228	-0.23064367	0.4187106	0.77671846	-19.184907
-0.12118228	-0.23064367	0.4187106	0.77671846	-19.192899
-0.12118228	-0.23064367	0.4187106	0.77671846	-19.200888
-0.12118228	-0.23064367	0.4187106	0.77671846	-19.208873
-0.12118228	-0.23064367	0.4187106	0.77671846	-19.216854
-0.12118228	-0.23064367	0.4187106	0.77671846	-19.224832
-0.12118228	-0.23064367	0.4187106	0.77671846	-19.232806
-0.12118228	-0.23064367	0.4187106	0.77671846	-19.240776
-0.12118228	-0.23064367	0.4187106	0.77671846	-19.248742
-0.12118228	-0.23064367	0.4187106	0.77671846	-19.256705
-0.12118228	-0.23064367	0.4187106	0.77671846	-19.264663
-0.12118228	-0.23064367	0.4187106	0.77671846	-19.272618
-0.12118228	-0.23064367	0.4187106	0.77671846	-19.28057
-0.12118228	-0.23064367	0.4187106	0.77671846	-19.288517
-0.12118228	-0.23064367	0.4187106	0.77671846	-19.296461
-0.12118228	-0.23064367	0.4187106	0.77671846	-19.304401
-0.12118228	-0.23064367	0.4187106	0.77671846	-19.312337
-0.12118228	-0.23064367	0.4187106	0.77671846	-19.320269
-0.12118228	-0.23064367	0.4187106	0.77671846	-19.328198
-0.12118228	-0.23064367	0.4187106	0.77671846	-19.336122
-0.12118228	-0.23064367	0.4187106	0.77671846	-19.344043
-0.12118228	-0.23064367	0.4187106	0.77671846	-19.35196
-0.12118228	-0.23064367	0.4187106	0.77671846	-19.359873
-0.12118228	-0.23064367	0.4187106	0.77671846	-19.367783
-0.12118228	-0.23064367	0.4187106	0.77671846	-19.375689
-0.12118228	-0.23064367	0.4187106	0.77671846	-19.38359
-0.12118228	-0.23064367	0.4187106	0.77671846	-19.391488
-0.12118228	-0.23064367	0.4187106	0.77671846	-19.399382
-0.12118228	-0.23064367	0.4187106	0.77671846	-19.407273
-0.12118228	-0.23064367	0.4187106	0.77671846	-19.415159
-0.12118228	-0.23064367	0.4187106	0.77671846	-19.423042
-0.12118228	-0.23064367	0.4187106	0.77671846	-19.430921
-0.12118228	-0.23064367	0.4187106	0.77671846	-19.438795
-0.12118228	-0.23064367	0.4187106	0.77671846	-19.446666
-0.12118228	-0.23064367	0.4187106	0.77671846	-19.454534
-0.12118228	-0.23064367	0.4187106	0.77671846	-19.462397
-0.12118228	-0.23064367	0.4187106	0.77671846	-19.470256
-0.12118228	-0.23064367	0.4187106	0.77671846	-19.478112
-0.12118228	-0.23064367	0.4187106	0.77671846	-19.485963
-0.12118228	-0.23064367	0.4187106	0.77671846	-19.493811
-0.12118228	-0.23064367	0.4187106	0.77671846	-19.501655
-0.12118228	-0.23064367	0.4187106	0.77671846	-19.509495
-0.12118228	-0.23064367	0.4187106	0.77671846	-19.517331
-0.12118228	-0.23064367	0.4187106	0.77671846	-19.525163
-0.12118228	-0.23064367	0.4187106	0.77671846	-19.532991
-0.12118228	-0.23064367	0.4187106	0.77671846	-19.540816
-0.12118228	-0.23064367	0.4187106	0.77671846	-19.548636
-0.12118228	-0.23064367	0.4187106	0.77671846	-19.556453
-0.12118228	-0.23064367	0.4187106	0.77671846	-19.564265
-0.12118228	-0.23064367	0.4187106	0.77671846	-19.572074
-0.12118228	-0.23064367	0.4187106	0.77671846	-19.579879
-0.12118228	-0.23064367	0.4187106	0.77671846	-19.587679
-0.12118228	-0.23064367	0.4187106	0.77671846	-19.595476
-0.12118228	-0.23064367	0.4187106	0.77671846	-19.603269
-0.12118228	-0.23064367	0.4187106	0.77671846	-19.611058
-0.12118228	-0.23064367	0.4187106	0.77671846	-19.618843
-0.12118228	-0.23064367	0.4187106	0.77671846	-19.626624
-0.12118228	-0.23064367	0.4187106	0.77671846	-19.634401
-0.12118228	-0.23064367	0.4187106	0.77671846	-19.642174
-0.12118228	-0.23064367	0.4187106	0.77671846	-19.649943
-0.12118228	-0.23064367	0.4187106	0.77671846	-19.657708
-0.12118228	-0.23064367	0.4187106	0.77671846	-19.66547
-0.12118228	-0.23064367	0.4187106	0.77671846	-19.673227
-0.12118228	-0.23064367	0.4187106	0.77671846	-19.68098
-0.12118228	-0.23064367	0.4187106	0.77671846	-19.688729
-0.12118228	-0.23064367	0.4187106	0.77671846	-19.696474
-0.12118228	-0.23064367	0.4187106	0.77671846	-19.704215
-0.12118228	-0.23064367	0.4187106	0.77671846	-19.711953
-0.12118228	-0.23064367	0.4187106	0.77671846	-19.719686
-0.12118228	-0.23064367	0.4187106	0.77671846	-19.727415
-0.12118228	-0.23064367	0.4187106	0.77671846	-19.73514
-0.12118228	-0.23064367	0.4187106	0.77671846	-19.742861
-0.12118228	-0.23064367	0.4187106	0.77671846	-19.750578
-0.12118228	-0.23064367	0.4187106	0.77671846	-19.758292
-0.12118228	-0.23064367	0.4187106	0.77671846	-19.766001
-0.12118228	-0.23064367	0.4187106	0.77671846	-19.773706
-0.12118228	-0.23064367	0.4187106	0.77671846	-19.781407
-0.12118228	-0.23064367	0.4187106	0.77671846	-19.789103
-0.12118228	-0.23064367	0.4187106	0.77671846	-19.796796
-0.12118228	-0.23064367	0.4187106	0.77671846	-19.804485
-0.12118228	-0.23064367	0.4187106	0.77671846	-19.81217
-0.12118228	-0.23064367	0.4187106	0.77671846	-19.819851
-0.12118228	-0.23064367	0.4187106	0.77671846	-19.827527
-0.12118228	-0.23064367	0.4187106	0.77671846	-19.8352
-0.12118228	-0.23064367	0.4187106	0.77671846	-19.842868
-0.12118228	-0.23064367	0.4187106	0.77671846	-19.850533
-0.12118228	-0.23064367	0.4187106	0.77671846	-19.858193
-0.12118228	-0.23064367	0.4187106	0.77671846	-19.865849
-0.12118228	-0.23064367	0.4187106	0.77671846	-19.873501
-0.12118228	-0.23064367	0.4187106	0.77671846	-19.881149
-0.12118228	-0.23064367	0.4187106	0.77671846	-19.888793
-0.12118228	-0.23064367	0.4187106	0.77671846	-19.896433
-0.12118228	-0.23064367	0.4187106	0.77671846	-19.904069
-0.12118228	-0.23064367	0.4187106	0.77671846	-19.911701
-0.12118228	-0.23064367	0.4187106	0.77671846	-19.919328
-0.12118228	-0.23064367	0.4187106	0.77671846	-19.926952
-0.12118228	-0.23064367	0.4187106	0.77671846	-19.934571
-0.12118228	-0.23064367	0.4187106	0.77671846	-19.942186
-0.12118228	-0.23064367	0.4187106	0.77671846	-19.949797
-0.12118228	-0.23064367	0.4187106	0.77671846	-19.957404
-0.12118228	-0.23064367	0.4187106	0.77671846	-19.965007
-0.12118228	-0.23064367	0.4187106	0.77671846	-19.972605
-0.12118228	-0.23064367	0.4187106	0.77671846	-19.9802
-0.12118228	-0.23064367	0.4187106	0.77671846	-19.98779
-0.12118228	-0.23064367	0.4187106	0.77671846	-19.995376
-0.12118228	-0.23064367	0.4187106	0.77671846	-20.002958
-0.12118228	-0.23064367	0.4187106	0.77671846	-20.010536
-0.12118228	-0.23064367	0.4187106	0.77671846	-20.01811
-0.12118228	-0.23064367	0.4187106	0.77671846	-20.025679
-0.12118228	-0.23064367	0.4187106	0.77671846	-20.033245
-0.12118228	-0.23064367	0.4187106	0.77671846	-20.040806
-0.12118228	-0.23064367	0.4187106	0.77671846	-20.048363
-0.12118228	-0.23064367	0.4187106	0.77671846	-20.055915
-0.12118228	-0.23064367	0.4187106	0.77671846	-20.063464
-0.12118228	-0.23064367	0.4187106	0.77671846	-20.071008
-0.12118228	-0.23064367	0.4187106	0.77671846	-20.078549
-0.12118228	-0.23064367	0.4187106	0.77671846	-20.086085
-0.12118228	-0.23064367	0.4187106	0.77671846	-20.093616
-0.12118228	-0.23064367	0.4187106	0.77671846	-20.101144
-0.12118228	-0.23064367	0.4187106	0.77671846	-20.108667
-0.12118228	-0.23064367	0.4187106	0.77671846	-20.116187
-0.12118228	-0.23064367	0.4187106	0.77671846	-20.123701
-0.12118228	-0.23064367	0.4187106	0.77671846	-20.131212
-0.12118228	-0.23064367	0.4187106	0.77671846	-20.138719
-0.12118228	-0.23064367	0.4187106	0.77671846	-20.146221
-0.12118228	-0.23064367	0.4187106	0.77671846	-20.153719
-0.12118228	-0.23064367	0.4187106	0.77671846	-20.161213
-0.12118228	-0.23064367	0.4187106	0.77671846	-20.168702
-0.12118228	-0.23064367	0.4187106	0.77671846	-20.176187
-0.12118228	-0.23064367	0.4187106	0.77671846	-20.183668
-0.12118228	-0.23064367	0.4187106	0.77671846	-20.191145
-0.12118228	-0.23064367	0.4187106	0.77671846	-20.198618
-0.12118228	-0.23064367	0.4187106	0.77671846	-20.206086
-0.12118228	-0.23064367	0.4187106	0.77671846	-20.21355
-0.12118228	-0.23064367	0.4187106	0.77671846	-20.22101
-0.12118228	-0.23064367	0.4187106	0.77671846	-20.228465
-0.12118228	-0.23064367	0.4187106	0.77671846	-20.235916
-0.12118228	-0.23064367	0.4187106	0.77671846	-20.243363
-0.12118228	-0.23064367	0.4187106	0.77671846	-20.250806
-0.12118228	-0.23064367	0.4187106	0.77671846	-20.258244
-0.12118228	-0.23064367	0.4187106	0.77671846	-20.265678
-0.12118228	-0.23064367	0.4187106	0.77671846	-20.273108
-0.12118228	-0.23064367	0.4187106	0.77671846	-20.280533
-0.12118228	-0.23064367	0.4187106	0.77671846	-20.287954
-0.12118228	-0.23064367	0.4187106	0.77671846	-20.295371
-0.12118228	-0.23064367	0.4187106	0.77671846	-20.302783
-0.12118228	-0.23064367	0.4187106	0.77671846	-20.310192
-0.12118228	-0.23064367	0.4187106	0.77671846	-20.317595
-0.12118228	-0.23064367	0.4187106	0.77671846	-20.324995
-0.12118228	-0.23064367	0.4187106	0.77671846	-20.33239
-0.12118228	-0.23064367	0.4187106	0.77671846	-20.339781
-0.12118228	-0.23064367	0.4187106	0.77671846	-20.347167
-0.12118228	-0.23064367	0.4187106	0.77671846	-20.35455
-0.12118228	-0.23064367	0.4187106	0.77671846	-20.361927
-0.12118228	-0.23064367	0.4187106	0.77671846	-20.369301
-0.12118228	-0.23064367	0.4187106	0.77671846	-20.37667
-0.12118228	-0.23064367	0.4187106	0.77671846	-20.384035
-0.12118228	-0.23064367	0.4187106	0.77671846	-20.391395
-0.12118228	-0.23064367	0.4187106	0.77671846	-20.398751
-0.12118228	-0.23064367	0.4187106	0.77671846	-20.406103
-0.12118228	-0.23064367	0.4187106	0.77671846	-20.41345
-0.12118228	-0.23064367	0.4187106	0.77671846	-20.420793
-0.12118228	-0.23064367	0.4187106	0.77671846	-20.428132
-0.12118228	-0.23064367	0.4187106	0.77671846	-20.435466
-0.12118228	-0.23064367	0.4187106	0.77671846	-20.442796
-0.12118228	-0.23064367	0.4187106	0.77671846	-20.450121
-0.12118228	-0.23064367	0.4187106	0.77671846	-20.457442
-0.12118228	-0.23064367	0.4187106	0.77671846	-20.464759
-0.12118228	-0.23064367	0.4187106	0.77671846	-20.472071
-0.12118228	-0.23064367	0.4187106	0.77671846	-20.479379
-0.12118228	-0.23064367	0.4187106	0.77671846	-20.486682
-0.12118228	-0.23064367	0.4187106	0.77671846	-20.493981
-0.12118228	-0.23064367	0.4187106	0.77671846	-20.501276
-0.12118228	-0.23064367	0.4187106	0.77671846	-20.508566
-0.12118228	-0.23064367	0.4187106	0.77671846	-20.515852
-0.12118228	-0.23064367	0.4187106	0.77671846	-20.523133
-0.12118228	-0.23064367	0.4187106	0.77671846	-20.53041
-0.12118228	-0.23064367	0.4187106	0.77671846	-20.537683
-0.12118228	-0.23064367	0.4187106	0.77671846	-20.544951
-0.12118228	-0.23064367	0.4187106	0.77671846	-20.552214
-0.12118228	-0.23064367	0.4187106	0.77671846	-20.559473
-0.12118228	-0.23064367	0.4187106	0.77671846	-20.566728
-0.12118228	-0.23064367	0.4187106	0.77671846	-20.573978
-0.12118228	-0.23064367	0.4187106	0.77671846	-20.581224
-0.12118228	-0.23064367	0.4187106	0.77671846	-20.588465
-0.12118228	-0.23064367	0.4187106	0.77671846	-20.595702
-0.12118228	-0.23064367	0.4187106	0.77671846	-20.602935
-0.12118228	-0.23064367	0.4187106	0.77671846	-20.610163
-0.12118228	-0.23064367	0.4187106	0.77671846	-20.617386
-0.12118228	-0.23064367	0.4187106	0.77671846	-20.624605
-0.12118228	-0.23064367	0.4187106	0.77671846	-20.63182
-0.12118228	-0.23064367	0.4187106	0.77671846	-20.63903
-0.12118228	-0.23064367	0.4187106	0.77671846	-20.646235
-0.12118228	-0.23064367	0.4187106	0.77671846	-20.653436
-0.12118228	-0.23064367	0.4187106	0.77671846	-20.660633
-0.12118228	-0.23064367	0.4187106	0.77671846	-20.667825
-0.12118228	-0.23064367	0.4187106	0.77671846	-20.675012
-0.12118228	-0.23064367	0.4187106	0.77671846	-20.682196
-0.12118228	-0.23064367	0.4187106	0.77671846	-20.689374
-0.12118228	-0.23064367	0.4187106	0.77671846	-20.696548
-0.12118228	-0.23064367	0.4187106	0.77671846	-20.703718
-0.12118228	-0.23064367	0.4187106	0.77671846	-20.710883
-0.12118228	-0.23064367	0.4187106	0.77671846	-20.718043
-0.12118228	-0.23064367	0.4187106	0.77671846	-20.725199
-0.12118228	-0.23064367	0.4187106	0.77671846	-20.732351
-0.12118228	-0.23064367	0.4187106	0.77671846	-20.739497
-0.12118228	-0.23064367	0.4187106	0.77671846	-20.74664
-0.12118228	-0.23064367	0.4187106	0.77671846	-20.753778
-0.12118228	-0.23064367	0.4187106	0.77671846	-20.760911
-0.12118228	-0.23064367	0.4187106	0.77671846	-20.76804
-0.12118228	-0.23064367	0.4187106	0.77671846	-20.775164
-0.12118228	-0.23064367	0.4187106	0.77671846	-20.782283
-0.12118228	-0.23064367	0.4187106	0.77671846	-20.789399
-0.12118228	-0.23064367	0.4187106	0.77671846	-20.796509
-0.12118228	-0.23064367	0.4187106	0.77671846	-20.803615
-0.12118228	-0.23064367	0.4187106	0.77671846	-20.810716
-0.12118228	-0.23064367	0.4187106	0.77671846	-20.817813
-0.12118228	-0.23064367	0.4187106	0.77671846	-20.824905
-0.12118228	-0.23064367	0.4187106	0.77671846	-20.831993
-0.12118228	-0.23064367	0.4187106	0.77671846	-20.839076
-0.12118228	-0.23064367	0.4187106	0.77671846	-20.846155
-0.12118228	-0.23064367	0.4187106	0.77671846	-20.853229
-0.12118228	-0.23064367	0.4187106	0.77671846	-20.860298
-0.12118228	-0.23064367	0.4187106	0.77671846	-20.867363
-0.12118228	-0.23064367	0.4187106	0.77671846	-20.874423
-0.12118228	-0.23064367	0.4187106	0.77671846	-20.881478
-0.12118228	-0.23064367	0.4187106	0.77671846	-20.888529
-0.12118228	-0.23064367	0.4187106	0.77671846	-20.895575
-0.12118228	-0.23064367	0.4187106	0.77671846	-20.902617
-0.12118228	-0.23064367	0.4187106	0.77671846	-20.909654
-0.12118228	-0.23064367	0.4187106	0.77671846	-20.916687
-0.12118228	-0.23064367	0.4187106	0.77671846	-20.923714
-0.12118228	-0.23064367	0.4187106	0.77671846	-20.930738
-0.12118228	-0.23064367	0.4187106	0.77671846	-20.937756
-0.12118228	-0.23064367	0.4187106	0.77671846	-20.94477
-0.12118228	-0.23064367	0.4187106	0.77671846	-20.951779
-0.12118228	-0.23064367	0.4187106	0.77671846	-20.958784
-0.12118228	-0.23064367	0.4187106	0.77671846	-20.965784
-0.12118228	-0.23064367	0.4187106	0.77671846	-20.97278
-0.12118228	-0.23064367	0.4187106	0.77671846	-20.97977
-0.12118228	-0.23064367	0.4187106	0.77671846	-20.986756
-0.12118228	-0.23064367	0.4187106	0.77671846	-20.993738
-0.12118228	-0.23064367	0.4187106	0.77671846	-21.000715
-0.12118228	-0.23064367	0.4187106	0.77671846	-21.007687
-0.12118228	-0.23064367	0.4187106	0.77671846	-21.014654
-0.12118228	-0.23064367	0.4187106	0.77671846	-21.021617
-0.12118228	-0.23064367	0.4187106	0.77671846	-21.028575
-0.12118228	-0.23064367	0.4187106	0.77671846	-21.035528
-0.12118228	-0.23064367	0.4187106	0.77671846	-21.042477
-0.12118228	-0.23064367	0.4187106	0.77671846	-21.049421
-0.12118228	-0.23064367	0.4187106	0.77671846	-21.05636
-0.12118228	-0.23064367	0.4187106	0.77671846	-21.063295
-0.12118228	-0.23064367	0.4187106	0.77671846	-21.070225
-0.12118228	-0.23064367	0.4187106	0.77671846	-21.07715
-0.12118228	-0.23064367	0.4187106	0.77671846	-21.084071
-0.12118228	-0.23064367	0.4187106	0.77671846	-21.090987
-0.12118228	-0.23064367	0.4187106	0.77671846	-21.097898
-0.12118228	-0.23064367	0.4187106	0.77671846	-21.104805
-0.12118228	-0.23064367	0.4187106	0.77671846	-21.111706
-0.12118228	-0.23064367	0.4187106	0.77671846	-21.118603
-0.12118228	-0.23064367	0.4187106	0.77671846	-21.125496
-0.12118228	-0.23064367	0.4187106	0.77671846	-21.132383
-0.12118228	-0.23064367	0.4187106	0.77671846	-21.139266
-0.12118228	-0.23064367	0.4187106	0.77671846	-21.146144
-0.12118228	-0.23064367	0.4187106	0.77671846	-21.153018
-0.12118228	-0.23064367	0.4187106	0.77671846	-21.159886
-0.12118228	-0.23064367	0.4187106	0.77671846	-21.16675
-0.12118228	-0.23064367	0.4187106	0.77671846	-21.17361
-0.12118228	-0.23064367	0.4187106	0.77671846	-21.180464
-0.12118228	-0.23064367	0.4187106	0.77671846	-21.187314
-0.12118228	-0.23064367	0.4187106	0.77671846	-21.194159
-0.12118228	-0.23064367	0.4187106	0.77671846	-21.200999
-0.12118228	-0.23064367	0.4187106	0.77671846	-21.207834
-0.12118228	-0.23064367	0.4187106	0.77671846	-21.214665
-0.12118228	-0.23064367	0.4187106	0.77671846	-21.221491
-0.12118228	-0.23064367	0.4187106	0.77671846	-21.228312
-0.12118228	-0.23064367	0.4187106	0.77671846	-21.235129
-0.12118228	-0.23064367	0.4187106	0.77671846	-21.24194
-0.12118228	-0.23064367	0.4187106	0.77671846	-21.248747
-0.12118228	-0.23064367	0.4187106	0.77671846	-21.255549
-0.12118228	-0.23064367	0.4187106	0.77671846	-21.262346
-0.12118228	-0.23064367	0.4187106	0.77671846	-21.269139
-0.12118228	-0.23064367	0.4187106	0.77671846	-21.275926
-0.12118228	-0.23064367	0.4187106	0.77671846	-21.282709
-0.12118228	-0.23064367	0.4187106	0.77671846	-21.289488
-0.12118228	-0.23064367	0.4187106	0.77671846	-21.296261
-0.12118228	-0.23064367	0.4187106	0.77671846	-21.303029
-0.12118228	-0.23064367	0.4187106	0.77671846	-21.309793
-0.12118228	-0.23064367	0.4187106	0.77671846	-21.316552
-0.12118228	-0.23064367	0.4187106	0.77671846	-21.323306
-0.12118228	-0.23064367	0.4187106	0.77671846	-21.330055
-0.12118228	-0.23064367	0.4187106	0.77671846	-21.3368
-0.12118228	-0.23064367	0.4187106	0.77671846	-21.343539
-0.12118228	-0.23064367	0.4187106	0.77671846	-21.350274
-0.12118228	-0.23064367	0.4187106	0.77671846	-21.357004
-0.12118228	-0.23064367	0.4187106	0.77671846	-21.363729
-0.12118228	-0.23064367	0.4187106	0.77671846	-21.37045
-0.12118228	-0.23064367	0.4187106	0.77671846	-21.377165
-0.12118228	-0.23064367	0.4187106	0.77671846	-21.383876
-0.12118228	-0.23064367	0.4187106	0.77671846	-21.390582
-0.12118228	-0.23064367	0.4187106	0.77671846	-21.397283
-0.12118228	-0.23064367	0.4187106	0.77671846	-21.403979
-0.12118228	-0.23064367	0.4187106	0.77671846	-21.41067
-0.12118228	-0.23064367	0.4187106	0.77671846	-21.417356
-0.12118228	-0.23064367	0.4187106	0.77671846	-21.424038
-0.12118228	-0.23064367	0.4187106	0.77671846	-21.430715
-0.12118228	-0.23064367	0.4187106	0.77671846	-21.437387
-0.12118228	-0.23064367	0.4187106	0.77671846	-21.444053
-0.12118228	-0.23064367	0.4187106	0.77671846	-21.450716
-0.12118228	-0.23064367	0.4187106	0.77671846	-21.457373
-0.12118228	-0.23064367	0.4187106	0.77671846	-21.464025
-0.12118228	-0.23064367	0.4187106	0.77671846	-21.470673
-0.12118228	-0.23064367	0.4187106	0.77671846	-21.477315
-0.12118228	-0.23064367	0.4187106	0.77671846	-21.483953
-0.12118228	-0.23064367	0.4187106	0.77671846	-21.490586
-0.12118228	-0.23064367	0.4187106	0.77671846	-21.497214
-0.12118228	-0.23064367	0.4187106	0.77671846	-21.503837
-0.12118228	-0.23064367	0.4187106	0.77671846	-21.510455
-0.12118228	-0.23064367	0.4187106	0.77671846	-21.517068
-0.12118228	-0.23064367	0.4187106	0.77671846	-21.523676
-0.12118228	-0.23064367	0.4187106	0.77671846	-21.53028
-0.12118228	-0.23064367	0.4187106	0.77671846	-21.536878
-0.12118228	-0.23064367	0.4187106	0.77671846	-21.543472
-0.12118228	-0.23064367	0.4187106	0.77671846	-21.550061
-0.12118228	-0.23064367	0.4187106	0.77671846	-21.556645
-0.12118228	-0.23064367	0.4187106	0.77671846	-21.563223
-0.12118228	-0.23064367	0.4187106	0.77671846	-21.569797
-0.12118228	-0.23064367	0.4187106	0.77671846	-21.576366
-0.12118228	-0.23064367	0.4187106	0.77671846	-21.582931
-0.12118228	-0.23064367	0.4187106	0.77671846	-21.58949
-0.12118228	-0.23064367	0.4187106	0.77671846	-21.596044
-0.12118228	-0.23064367	0.4187106	0.77671846	-21.602593
-0.12118228	-0.23064367	0.4187106	0.77671846	-21.609138
-0.12118228	-0.23064367	0.4187106	0.77671846	-21.615677
-0.12118228	-0.23064367	0.4187106	0.77671846	-21.622211
-0.12118228	-0.23064367	0.4187106	0.77671846	-21.628741
-0.12118228	-0.23064367	0.4187106	0.77671846	-21.635266
-0.12118228	-0.23064367	0.4187106	0.77671846	-21.641785
-0.12118228	-0.23064367	0.4187106	0.77671846	-21.6483
-0.12118228	-0.23064367	0.4187106	0.77671846	-21.65481
-0.12118228	-0.23064367	0.4187106	0.77671846	-21.661314
-0.12118228	-0.23064367	0.4187106	0.77671846	-21.667814
-0.12118228	-0.23064367	0.4187106	0.77671846	-21.674309
-0.12118228	-0.23064367	0.4187106	0.77671846	-21.680799
-0.12118228	-0.23064367	0.4187106	0.77671846	-21.687284
-0.12118228	-0.23064367	0.4187106	0.77671846	-21.693763
-0.12118228	-0.23064367	0.4187106	0.77671846	-21.700238
-0.12118228	-0.23064367	0.4187106	0.77671846	-21.706708
-0.12118228	-0.23064367	0.4187106	0.77671846	-21.713173
-0.12118228	-0.23064367	0.4187106	0.77671846	-21.719633
-0.12118228	-0.23064367	0.4187106	0.77671846	-21.726088
-0.12118228	-0.23064367	0.4187106	0.77671846	-21.732538
-0.12118228	-0.23064367	0.4187106	0.77671846	-21.738983
-0.12118228	-0.23064367	0.4187106	0.77671846	-21.745423
-0.12118228	-0.23064367	0.4187106	0.77671846	-21.751858
-0.12118228	-0.23064367	0.4187106	0.77671846	-21.758288
-0.12118228	-0.23064367	0.4187106	0.77671846	-21.764713
-0.12118228	-0.23064367	0.4187106	0.77671846	-21.771133
-0.12118228	-0.23064367	0.4187106	0.77671846	-21.777548
-0.12118228	-0.23064367	0.4187106	0.77671846	-21.783958
-0.12118228	-0.23064367	0.4187106	0.77671846	-21.790363
-0.12118228	-0.23064367	0.4187106	0.77671846	-21.796762
-0.12118228	-0.23064367	0.4187106	0.77671846	-21.803157
-0.12118228	-0.23064367	0.4187106	0.77671846	-21.809547
-0.12118228	-0.23064367	0.4187106	0.77671846	-21.815932
-0.12118228	-0.23064367	0.4187106	0.77671846	-21.822312
-0.12118228	-0.23064367	0.4187106	0.77671846	-21.828686
-0.12118228	-0.23064367	0.4187106	0.77671846	-21.835056
-0.12118228	-0.23064367	0.4187106	0.77671846	-21.841421
-0.12118228	-0.23064367	0.4187106	0.77671846	-21.84778
-0.12118228	-0.23064367	0.4187106	0.77671846	-21.854135
-0.12118228	-0.23064367	0.4187106	0.77671846	-21.860485
-0.12118228	-0.23064367	0.4187106	0.77671846	-21.866829
-0.12118228	-0.23064367	0.4187106	0.77671846	-21.873168
-0.12118228	-0.23064367	0.4187106	0.77671846	-21.879503
-0.12118228	-0.23064367	0.4187106	0.77671846	-21.885832
-0.12118228	-0.23064367	0.4187106	0.77671846	-21.892156
-0.12118228	-0.23064367	0.4187106	0.77671846	-21.898476
-0.12118228	-0.23064367	0.4187106	0.77671846	-21.90479
-0.12118228	-0.23064367	0.4187106	0.77671846	-21.911099
-0.12118228	-0.23064367	0.4187106	0.77671846	-21.917403
-0.12118228	-0.23064367	0.4187106	0.77671846	-21.923702
-0.12118228	-0.23064367	0.4187106	0.77671846	-21.929995
-0.12118228	-0.23064367	0.4187106	0.77671846	-21.936284
-0.12118228	-0.23064367	0.4187106	0.77671846	-21.942568
-0.12118228	-0.23064367	0.4187106	0.77671846	-21.948846
-0.12118228	-0.23064367	0.4187106	0.77671846	-21.95512
-0.12118228	-0.23064367	0.4187106	0.77671846	-21.961388
-0.12118228	-0.23064367	0.4187106	0.77671846	-21.967652
-0.12118228	-0.23064367	0.4187106	0.77671846	-21.97391
-0.12118228	-0.23064367	0.4187106	0.77671846	-21.980163
-0.12118228	-0.23064367	0.4187106	0.77671846	-21.986411
-0.12118228	-0.23064367	0.4187106	0.77671846	-21.992654
-0.12118228	-0.23064367	0.4187106	0.77671846	-21.998892
-0.12118228	-0.23064367	0.4187106	0.77671846	-22.005125
-0.12118228	-0.23064367	0.4187106	0.77671846	-22.011352
-0.12118228	-0.23064367	0.4187106	0.77671846	-22.017575
-0.12118228	-0.23064367	0.4187106	0.77671846	-22.023792
-0.12118228	-0.23064367	0.4187106	0.77671846	-22.030004
-0.12118228	-0.23064367	0.4187106	0.77671846	-22.036211
-0.12118228	-0.23064367	0.4187106	0.77671846	-22.042413
-0.12118228	-0.23064367	0.4187106	0.77671846	-22.04861
-0.12118228	-0.23064367	0.4187106	0.77671846	-22.054802
-0.12118228	-0.23064367	0.4187106	0.77671846	-22.060989
-0.12118228	-0.23064367	0.4187106	0.77671846	-22.06717
-0.12118228	-0.23064367	0.4187106	0.77671846	-22.073347
-0.12118228	-0.23064367	0.4187106	0.77671846	-22.079518
-0.12118228	-0.23064367	0.4187106	0.77671846	-22.085684
-0.12118228	-0.23064367	0.4187106	0.77671846	-22.091845
-0.12118228	-0.23064367	0.4187106	0.77671846	-22.098001
-0.12118228	-0.23064367	0.4187106	0.77671846	-22.104151
-0.12118228	-0.23064367	0.4187106	0.77671846	-22.110297
-0.12118228	-0.23064367	0.4187106	0.77671846	-22.116437
-0.12118228	-0.23064367	0.4187106	0.77671846	-22.122572
-0.12118228	-0.23064367	0.4187106	0.77671846	-22.128702
-0.12118228	-0.23064367	0.4187106	0.77671846	-22.134827
-0.12118228	-0.23064367	0.4187106	0.77671846	-22.140947
-0.12118228	-0.23064367	0.4187106	0.77671846	-22.147061
-0.12118228	-0.23064367	0.4187106	0.77671846	-22.153171
-0.12118228	-0.23064367	0.4187106	0.77671846	-22.159275
-0.12118228	-0.23064367	0.4187106	0.77671846	-22.165374
-0.12118228	-0.23064367	0.4187106	0.77671846	-22.171468
-0.12118228	-0.23064367	0.4187106	0.77671846	-22.177557
-0.12118228	-0.23064367	0.4187106	0.77671846	-22.18364
-0.12118228	-0.23064367	0.4187106	0.77671846	-22.189719
-0.12118228	-0.23064367	0.4187106	0.77671846	-22.195792
-0.12118228	-0.23064367	0.4187106	0.77671846	-22.20186
-0.12118228	-0.23064367	0.4187106	0.77671846	-22.207922
-0.12118228	-0.23064367	0.4187106	0.77671846	-22.21398
-0.12118228	-0.23064367	0.4187106	0.77671846	-22.220032
-0.12118228	-0.23064367	0.4187106	0.77671846	-22.22608
-0.12118228	-0.23064367	0.4187106	0.77671846	-22.232122
-0.12118228	-0.23064367	0.4187106	0.77671846	-22.238158
-0.12118228	-0.23064367	0.4187106	0.77671846	-22.24419
-0.12118228	-0.23064367	0.4187106	0.77671846	-22.250216
-0.12118228	-0.23064367	0.4187106	0.77671846	-22.256238
-0.12118228	-0.23064367	0.4187106	0.77671846	-22.262254
-0.12118228	-0.23064367	0.4187106	0.77671846	-22.268264
-0.12118228	-0.23064367	0.4187106	0.77671846	-22.27427
-0.12118228	-0.23064367	0.4187106	0.77671846	-22.28027
-0.12118228	-0.23064367	0.4187106	0.77671846	-22.286265
-0.12118228	-0.23064367	0.4187106	0.77671846	-22.292255
-0.12118228	-0.23064367	0.4187106	0.77671846	-22.29824
-0.12118228	-0.23064367	0.4187106	0.77671846	-22.30422
-0.12118228	-0.23064367	0.4187106	0.77671846	-22.310194
-0.12118228	-0.23064367	0.4187106	0.77671846	-22.316163
-0.12118228	-0.23064367	0.4187106	0.77671846	-22.322127
-0.12118228	-0.23064367	0.4187106	0.77671846	-22.328085
-0.12118228	-0.23064367	0.4187106	0.77671846	-22.334038
-0.12118228	-0.23064367	0.4187106	0.77671846	-22.339986
-0.12118228	-0.23064367	0.4187106	0.77671846	-22.345929
-0.12118228	-0.23064367	0.4187106	0.77671846	-22.351867
-0.12118228	-0.23064367	0.4187106	0.77671846	-22.357799
-0.12118228	-0.23064367	0.4187106	0.77671846	-22.363726
-0.12118228	-0.23064367	0.4187106	0.77671846	-22.369648
-0.12118228	-0.23064367	0.4187106	0.77671846	-22.375565
-0.12118228	-0.23064367	0.4187106	0.77671846	-22.381476
-0.12118228	-0.23064367	0.4187106	0.77671846	-22.387382
-0.12118228	-0.23064367	0.4187106	0.77671846	-22.393283
-0.12118228	-0.23064367	0.4187106	0.77671846	-22.399179
-0.12118228	-0.23064367	0.4187106	0.77671846	-22.405069
-0.12118228	-0.23064367	0.4187106	0.77671846	-22.410954
-0.12118228	-0.23064367	0.4187106	0.77671846	-22.416834
-0.12118228	-0.23064367	0.4187106	0.77671846	-22.422708
-0.12118228	-0.23064367	0.4187106	0.77671846	-22.428577
-0.12118228	-0.23064367	0.4187106	0.77671846	-22.434441
-0.12118228	-0.23064367	0.4187106	0.77671846	-22.4403
-0.12118228	-0.23064367	0.4187106	0.77671846	-22.446153
-0.12118228	-0.23064367	0.4187106	0.77671846	-22.452002
-0.12118228	-0.23064367	0.4187106	0.77671846	-22.457844
-0.12118228	-0.23064367	0.4187106	0.77671846	-22.463682
-0.12118228	-0.23064367	0.4187106	0.77671846	-22.469514
-0.12118228	-0.23064367	0.4187106	0.77671846	-22.475341
-0.12118228	-0.23064367	0.4187106	0.77671846	-22.481163
-0.12118228	-0.23064367	0.4187106	0.77671846	-22.486979
-0.12118228	-0.23064367	0.4187106	0.77671846	-22.49279
-0.12118228	-0.23064367	0.4187106	0.77671846	-22.498596
-0.12118228	-0.23064367	0.4187106	0.77671846	-22.504397
-0.12118228	-0.23064367	0.4187106	0.77671846	-22.510192
-0.12118228	-0.23064367	0.4187106	0.77671846	-22.515982
-0.12118228	-0.23064367	0.4187106	0.77671846	-22.521767
-0.12118228	-0.23064367	0.4187106	0.77671846	-22.527546
-0.12118228	-0.23064367	0.4187106	0.77671846	-22.53332
-0.12118228	-0.23064367	0.4187106	0.77671846	-22.539089
-0.12118228	-0.23064367	0.4187106	0.77671846	-22.544852
-0.12118228	-0.23064367	0.4187106	0.77671846	-22.55061
-0.12118228	-0.23064367	0.4187106	0.77671846	-22.556363
-0.12118228	-0.23064367	0.4187106	0.77671846	-22.56211
-0.12118228	-0.23064367	0.4187106	0.77671846	-22.567852
-0.12118228	-0.23064367	0.4187106	0.77671846	-22.573589
-0.12118228	-0.23064367	0.4187106	0.77671846	-22.579321
-0.12118228	-0.23064367	0.4187106	0.77671846	-22.585047
-0.12118228	-0.23064367	0.4187106	0.77671846	-22.590768
-0.12118228	-0.23064367	0.4187106	0.77671846	-22.596483
-0.12118228	-0.23064367	0.4187106	0.77671846	-22.602193
-0.12118228	-0.23064367	0.4187106	0.77671846	-22.607898
-0.12118228	-0.23064367	0.4187106	0.77671846	-22.613598
-0.12118228	-0.23064367	0.4187106	0.77671846	-22.619292
-0.12118228	-0.23064367	0.4187106	0.77671846	-22.624981
-0.12118228	-0.23064367	0.4187106	0.77671846	-22.630664
-0.12118228	-0.23064367	0.4187106	0.77671846	-22.636342
-0.12118228	-0.23064367	0.4187106	0.77671846	-22.642015
-0.12118228	-0.23064367	0.4187106	0.77671846	-22.647682
-0.12118228	-0.23064367	0.4187106	0.77671846	-22.653344
-0.12118228	-0.23064367	0.4187106	0.77671846	-22.659001
-0.12118228	-0.23064367	0.4187106	0.77671846	-22.664653
-0.12118228	-0.23064367	0.4187106	0.77671846	-22.670299
-0.12118228	-0.23064367	0.4187106	0.77671846	-22.675939
-0.12118228	-0.23064367	0.4187106	0.77671846	-22.681575
-0.12118228	-0.23064367	0.4187106	0.77671846	-22.687205
-0.12118228	-0.23064367	0.4187106	0.77671846	-22.692829
-0.12118228	-0.23064367	0.4187106	0.77671846	-22.698448
-0.12118228	-0.23064367	0.4187106	0.77671846	-22.704062
-0.12118228	-0.23064367	0.4187106	0.77671846	-22.709671
-0.12118228	-0.23064367	0.4187106	0.77671846	-22.715274
-0.12118228	-0.23064367	0.4187106	0.77671846	-22.720872
-0.12118228	-0.23064367	0.4187106	0.77671846	-22.726464
-0.12118228	-0.23064367	0.4187106	0.77671846	-22.732051
-0.12118228	-0.23064367	0.4187106	0.77671846	-22.737633
-0.12118228	-0.23064367	0.4187106	0.77671846	-22.743209
-0.12118228	-0.23064367	0.4187106	0.77671846	-22.74878
-0.12118228	-0.23064367	0.4187106	0.77671846	-22.754345
-0.12118228	-0.23064367	0.4187106	0.77671846	-22.759905
-0.12118228	-0.23064367	0.4187106	0.77671846	-22.76546
-0.12118228	-0.23064367	0.4187106	0.77671846	-22.77101
-0.12118228	-0.23064367	0.4187106	0.77671846	-22.776553
-0.12118228	-0.23064367	0.4187106	0.77671846	-22.782092
-0.12118228	-0.23064367	0.4187106	0.77671846	-22.787625
-0.12118228	-0.23064367	0.4187106	0.77671846	-22.793153
-0.12118228	-0.23064367	0.4187106	0.77671846	-22.798675
-0.12118228	-0.23064367	0.4187106	0.77671846	-22.804192
-0.12118228	-0.23064367	0.4187106	0.77671846	-22.809704
-0.12118228	-0.23064367	0.4187106	0.77671846	-22.81521
-0.12118228	-0.23064367	0.4187106	0.77671846	-22.820711
-0.12118228	-0.23064367	0.4187106	0.77671846	-22.826206
-0.12118228	-0.23064367	0.4187106	0.77671846	-22.831696
-0.12118228	-0.23064367	0.4187106	0.77671846	-22.837181
-0.12118228	-0.23064367	0.4187106	0.77671846	-22.84266
-0.12118228	-0.23064367	0.4187106	0.77671846	-22.848134
-0.12118228	-0.23064367	0.4187106	0.77671846	-22.853602
-0.12118228	-0.23064367	0.4187106	0.77671846	-22.859065
-0.12118228	-0.23064367	0.4187106	0.77671846	-22.864522
-0.12118228	-0.23064367	0.4187106	0.77671846	-22.869974
-0.12118228	-0.23064367	0.4187106	0.77671846	-22.875421
-0.12118228	-0.23064367	0.4187106	0.77671846	-22.880862
-0.12118228	-0.23064367	0.4187106	0.77671846	-22.886298
-0.12118228	-0.23064367	0.4187106	0.77671846	-22.891729
-0.12118228	-0.23064367	0.4187106	0.77671846	-22.897154
-0.12118228	-0.23064367	0.4187106	0.77671846	-22.902573
-0.12118228	-0.23064367	0.4187106	0.77671846	-22.907987
-0.12118228	-0.23064367	0.4187106	0.77671846	-22.913396
-0.12118228	-0.23064367	0.4187106	0.77671846	-22.918799
-0.12118228	-0.23064367	0.4187106	0.77671846	-22.924197
-0.12118228	-0.23064367	0.4187106	0.77671846	-22.929589
-0.12118228	-0.23064367	0.4187106	0.77671846	-22.934976
-0.12118228	-0.23064367	0.4187106	0.77671846	-22.940358
-0.12118228	-0.23064367	0.4187106	0.77671846	-22.945734
-0.12118228	-0.23064367	0.4187106	0.77671846	-22.951105
-0.12118228	-0.23064367	0.4187106	0.77671846	-22.95647
-0.12118228	-0.23064367	0.4187106	0.77671846	-22.961829
-0.12118228	-0.23064367	0.4187106	0.77671846	-22.967184
-0.12118228	-0.23064367	0.4187106	0.77671846	-22.972533
-0.12118228	-0.23064367	0.4187106	0.77671846	-22.977876
-0.12118228	-0.23064367	0.4187106	0.77671846	-22.983214
-0.12118228	-0.23064367	0.4187106	0.77671846	-22.988546
-0.12118228	-0.23064367	0.4187106	0.77671846	-22.993874
-0.12118228	-0.23064367	0.4187106	0.77671846	-22.999195
-0.12118228	-0.23064367	0.4187106	0.77671846	-23.004511
-0.12118228	-0.23064367	0.4187106	0.77671846	-23.009822
-0.12118228	-0.23064367	0.4187106	0.77671846	-23.015127
-0.12118228	-0.23064367	0.4187106	0.77671846	-23.020427
-0.12118228	-0.23064367	0.4187106	0.77671846	-23.025721
-0.12118228	-0.23064367	0.4187106	0.77671846	-23.03101
-0.12118228	-0.23064367	0.4187106	0.77671846	-23.036293
-0.12118228	-0.23064367	0.4187106	0.77671846	-23.041571
-0.12118228	-0.23064367	0.4187106	0.77671846	-23.046844
-0.12118228	-0.23064367	0.4187106	0.77671846	-23.052111
-0.12118228	-0.23064367	0.4187106	0.77671846	-23.057372
-0.12118228	-0.23064367	0.4187106	0.77671846	-23.062628
-0.12118228	-0.23064367	0.4187106	0.77671846	-23.067879
-0.12118228	-0.23064367	0.4187106	0.77671846	-23.073124
-0.12118228	-0.23064367	0.4187106	0.77671846	-23.078363
-0.12118228	-0.23064367	0.4187106	0.77671846	-23.083597
-0.12118228	-0.23064367	0.4187106	0.77671846	-23.088826
-0.12118228	-0.23064367	0.4187106	0.77671846	-23.094049
-0.12118228	-0.23064367	0.4187106	0.77671846	-23.099267
-0.12118228	-0.23064367	0.4187106	0.77671846	-23.104479
-0.12118228	-0.23064367	0.4187106	0.77671846	-23.109686
-0.12118228	-0.23064367	0.4187106	0.77671846	-23.114887
-0.12118228	-0.23064367	0.4187106	0.77671846	-23.120083
-0.12118228	-0.23064367	0.4187106	0.77671846	-23.125273
-0.12118228	-0.23064367	0.4187106	0.77671846	-23.130458
-0.12118228	-0.23064367	0.4187106	0.77671846	-23.135637
-0.12118228	-0.23064367	0.4187106	0.77671846	-23.140811
-0.12118228	-0.23064367	0.4187106	0.77671846	-23.145979
-0.12118228	-0.23064367	0.4187106	0.77671846	-23.151142
-0.12118228	-0.23064367	0.4187106	0.77671846	-23.156299
-0.12118228	-0.23064367	0.4187106	0.77671846	-23.161451
-0.12118228	-0.23064367	0.4187106	0.77671846	-23.166597
-0.12118228	-0.23064367	0.4187106	0.77671846	-23.171738
-0.12118228	-0.23064367	0.4187106	0.77671846	-23.176873
-0.12118228	-0.23064367	0.4187106	0.77671846	-23.182003
-0.12118228	-0.23064367	0.4187106	0.77671846	-23.187127
-0.12118228	-0.23064367	0.4187106	0.77671846	-23.192246
-0.12118228	-0.23064367	0.4187106	0.77671846	-23.197359
-0.12118228	-0.23064367	0.4187106	0.77671846	-23.202467
-0.12118228	-0.23064367	0.4187106	0.77671846	-23.207569
-0.12118228	-0.23064367	0.4187106	0.77671846	-23.212666
-0.12118228	-0.23064367	0.4187106	0.77671846	-23.217757
-0.12118228	-0.23064367	0.4187106	0.77671846	-23.222843
-0.12118228	-0.23064367	0.4187106	0.77671846	-23.227923
-0.12118228	-0.23064367	0.4187106	0.77671846	-23.232998
-0.12118228	-0.23064367	0.4187106	0.77671846	-23.238067
-0.12118228	-0.23064367	0.4187106	0.77671846	-23.243131
-0.12118228	-0.23064367	0.4187106	0.77671846	-23.248189
-0.12118228	-0.23064367	0.4187106	0.77671846	-23.253242
-0.12118228	-0.23064367	0.4187106	0.77671846	-23.258289
-0.12118228	-0.23064367	0.4187106	0.77671846	-23.26333
-0.12118228	-0.23064367	0.4187106	0.77671846	-23.268366
-0.12118228	-0.23064367	0.4187106	0.77671846	-23.273397
-0.12118228	-0.23064367	0.4187106	0.77671846	-23.278422
-0.12118228	-0.23064367	0.4187106	0.77671846	-23.283441
-0.12118228	-0.23064367	0.4187106	0.77671846	-23.288455
-0.12118228	-0.23064367	0.4187106	0.77671846	-23.293464
-0.12118228	-0.23064367	0.4187106	0.77671846	-23.298467
-0.12118228	-0.23064367	0.4187106	0.77671846	-23.303464
-0.12118228	-0.23064367	0.4187106	0.77671846	-23.308456
-0.12118228	-0.23064367	0.4187106	0.77671846	-23.313442
-0.12118228	-0.23064367	0.4187106	0.77671846	-23.318423
-0.12118228	-0.23064367	0.4187106	0.77671846	-23.323398
-0.12118228	-0.23064367	0.4187106	0.77671846	-23.328368
-0.12118228	-0.23064367	0.4187106	0.77671846	-23.333332
-0.12118228	-0.23064367	0.4187106	0.77671846	-23.338291
-0.12118228	-0.23064367	0.4187106	0.77671846	-23.343244
-0.12118228	-0.23064367	0.4187106	0.77671846	-23.348191
-0.12118228	-0.23064367	0.4187106	0.77671846	-23.353133
-0.12118228	-0.23064367	0.4187106	0.77671846	-23.35807
-0.12118228	-0.23064367	0.4187106	0.77671846	-23.363001
-0.12118228	-0.23064367	0.4187106	0.77671846	-23.367926
-0.12118228	-0.23064367	0.4187106	0.77671846	-23.372846
-0.12118228	-0.23064367	0.4187106	0.77671846	-23.37776
-0.12118228	-0.23064367	0.4187106	0.77671846	-23.382669
-0.12118228	-0.23064367	0.4187106	0.77671846	-23.387572
-0.12118228	-0.23064367	0.4187106	0.77671846	-23.39247
-0.12118228	-0.23064367	0.4187106	0.77671846	-23.397362
-0.12118228	-0.23064367	0.4187106	0.77671846	-23.402248
-0.12118228	-0.23064367	0.4187106	0.77671846	-23.407129
-0.12118228	-0.23064367	0.4187106	0.77671846	-23.412005
-0.12118228	-0.23064367	0.4187106	0.77671846	-23.416875
-0.12118228	-0.23064367	0.4187106	0.77671846	-23.421739
-0.12118228	-0.23064367	0.4187106	0.77671846	-23.426598
-0.12118228	-0.23064367	0.4187106	0.77671846	-23.431451
-0.12118228	-0.23064367	0.4187106	0.77671846	-23.436299
-0.12118228	-0.23064367	0.4187106	0.77671846	-23.441141
-0.12118228	-0.23064367	0.4187106	0.77671846	-23.445977
-0.12118228	-0.23064367	0.4187106	0.77671846	-23.450808
-0.12118228	-0.23064367	0.4187106	0.77671846	-23.455634
-0.12118228	-0.23064367	0.4187106	0.77671846	-23.460453
-0.12118228	-0.23064367	0.4187106	0.77671846	-23.465268
-0.12118228	-0.23064367	0.4187106	0.77671846	-23.470076
-0.12118228	-0.23064367	0.4187106	0.77671846	-23.47488
-0.12118228	-0.23064367	0.4187106	0.77671846	-23.479677
-0.12118228	-0.23064367	0.4187106	0.77671846	-23.484469
-0.12118228	-0.23064367	0.4187106	0.77671846	-23.489256
-0.12118228	-0.23064367	0.4187106	0.77671846	-23.494037
-0.12118228	-0.23064367	0.4187106	0.77671846	-23.498812
-0.12118228	-0.23064367	0.4187106	0.77671846	-23.503582
-0.12118228	-0.23064367	0.4187106	0.77671846	-23.508346
-0.12118228	-0.23064367	0.4187106	0.77671846	-23.513105
-0.12118228	-0.23064367	0.4187106	0.77671846	-23.517858
-0.12118228	-0.23064367	0.4187106	0.77671846	-23.522605
-0.12118228	-0.23064367	0.4187106	0.77671846	-23.527347
-0.12118228	-0.23064367	0.4187106	0.77671846	-23.532083
-0.12118228	-0.23064367	0.4187106	0.77671846	-23.536814
-0.12118228	-0.23064367	0.4187106	0.77671846	-23.541539
-0.12118228	-0.23064367	0.4187106	0.77671846	-23.546259
-0.12118228	-0.23064367	0.4187106	0.77671846	-23.550973
-0.12118228	-0.23064367	0.4187106	0.77671846	-23.555681
-0.12118228	-0.23064367	0.4187106	0.77671846	-23.560384
-0.12118228	-0.23064367	0.4187106	0.77671846	-23.565081
-0.12118228	-0.23064367	0.4187106	0.77671846	-23.569773
-0.12118228	-0.23064367	0.4187106	0.77671846	-23.574459
-0.12118228	-0.23064367	0.4187106	0.77671846	-23.57914
-0.12118228	-0.23064367	0.4187106	0.77671846	-23.583815
-0.12118228	-0.23064367	0.4187106	0.77671846	-23.588484
-0.12118228	-0.23064367	0.4187106	0.77671846	-23.593148
-0.12118228	-0.23064367	0.4187106	0.77671846	-23.597806
-0.12118228	-0.23064367	0.4187106	0.77671846	-23.602459
-0.12118228	-0.23064367	0.4187106	0.77671846	-23.607106
-0.12118228	-0.23064367	0.4187106	0.77671846	-23.611747
-0.12118228	-0.23064367	0.4187106	0.77671846	-23.616383
-0.12118228	-0.23064367	0.4187106	0.77671846	-23.621014
-0.12118228	-0.23064367	0.4187106	0.77671846	-23.625638
-0.12118228	-0.23064367	0.4187106	0.77671846	-23.630257
-0.12118228	-0.23064367	0.4187106	0.77671846	-23.634871
-0.12118228	-0.23064367	0.4187106	0.77671846	-23.639479
-0.12118228	-0.23064367	0.4187106	0.77671846	-23.644081
-0.12118228	-0.23064367	0.4187106	0.77671846	-23.648678
-0.12118228	-0.23064367	0.4187106	0.77671846	-23.653269
-0.12118228	-0.23064367	0.4187106	0.77671846	-23.657855
-0.12118228	-0.23064367	0.4187106	0.77671846	-23.662435
-0.12118228	-0.23064367	0.4187106	0.77671846	-23.667009
-0.12118228	-0.23064367	0.4187106	0.77671846	-23.671578
-0.12118228	-0.23064367	0.4187106	0.77671846	-23.676141
-0.12118228	-0.23064367	0.4187106	0.77671846	-23.680699
-0.12118228	-0.23064367	0.4187106	0.77671846	-23.685251
-0.12118228	-0.23064367	0.4187106	0.77671846	-23.689797
-0.12118228	-0.23064367	0.4187106	0.77671846	-23.694338
-0.12118228	-0.23064367	0.4187106	0.77671846	-23.698873
-0.12118228	-0.23064367	0.4187106	0.77671846	-23.703403
-0.12118228	-0.23064367	0.4187106	0.77671846	-23.707927
-0.12118228	-0.23064367	0.4187106	0.77671846	-23.712445
-0.12118228	-0.23064367	0.4187106	0.77671846	-23.716958
-0.12118228	-0.23064367	0.4187106	0.77671846	-23.721465
-0.12118228	-0.23064367	0.4187106	0.77671846	-23.725967
-0.12118228	-0.23064367	0.4187106	0.77671846	-23.730463
-0.12118228	-0.23064367	0.4187106	0.77671846	-23.734953
-0.12118228	-0.23064367	0.4187106	0.77671846	-23.739438
-0.12118228	-0.23064367	0.4187106	0.77671846	-23.743917
-0.12118228	-0.23064367	0.4187106	0.77671846	-23.748391
-0.12118228	-0.23064367	0.4187106	0.77671846	-23.752859
-0.12118228	-0.23064367	0.4187106	0.77671846	-23.757322
-0.12118228	-0.23064367	0.4187106	0.77671846	-23.761778
-0.12118228	-0.23064367	0.4187106	0.77671846	-23.76623
-0.12118228	-0.23064367	0.4187106	0.77671846	-23.770675
-0.12118228	-0.23064367	0.4187106	0.77671846	-23.775115
-0.12118228	-0.23064367	0.4187106	0.77671846	-23.77955
-0.12118228	-0.23064367	0.4187106	0.77671846	-23.783978
-0.12118228	-0.23064367	0.4187106	0.77671846	-23.788402
-0.12118228	-0.23064367	0.4187106	0.77671846	-23.792819
-0.12118228	-0.23064367	0.4187106	0.77671846	-23.797231
-0.12118228	-0.23064367	0.4187106	0.77671846	-23.801638
-0.12118228	-0.23064367	0.4187106	0.77671846	-23.806038
-0.12118228	-0.23064367	0.4187106	0.77671846	-23.810434
-0.12118228	-0.23064367	0.4187106	0.77671846	-23.814823
-0.12118228	-0.23064367	0.4187106	0.77671846	-23.819207
-0.12118228	-0.23064367	0.4187106	0.77671846	-23.823585
-0.12118228	-0.23064367	0.4187106	0.77671846	-23.827958
-0.12118228	-0.23064367	0.4187106	0.77671846	-23.832325
-0.12118228	-0.23064367	0.4187106	0.77671846	-23.836687
-0.12118228	-0.23064367	0.4187106	0.77671846	-23.841043
-0.12118228	-0.23064367	0.4187106	0.77671846	-23.845393
-0.12118228	-0.23064367	0.4187106	0.77671846	-23.849738
-0.12118228	-0.23064367	0.4187106	0.77671846	-23.854077
-0.12118228	-0.23064367	0.4187106	0.77671846	-23.85841
-0.12118228	-0.23064367	0.4187106	0.77671846	-23.862738
-0.12118228	-0.23064367	0.4187106	0.77671846	-23.86706
-0.12118228	-0.23064367	0.4187106	0.77671846	-23.871377
-0.12118228	-0.23064367	0.4187106	0.77671846	-23.875688
-0.12118228	-0.23064367	0.4187106	0.77671846	-23.879994
-0.12118228	-0.23064367	0.4187106	0.77671846	-23.884293
-0.12118228	-0.23064367	0.4187106	0.77671846	-23.888588
-0.12118228	-0.23064367	0.4187106	0.77671846	-23.892876
-0.12118228	-0.23064367	0.4187106	0.77671846	-23.897159
-0.12118228	-0.23064367	0.4187106	0.77671846	-23.901437
-0.12118228	-0.23064367	0.4187106	0.77671846	-23.905708
-0.12118228	-0.23064367	0.4187106	0.77671846	-23.909975
-0.12118228	-0.23064367	0.4187106	0.77671846	-23.914235
-0.12118228	-0.23064367	0.4187106	0.77671846	-23.91849
-0.12118228	-0.23064367	0.4187106	0.77671846	-23.922739
-0.12118228	-0.23064367	0.4187106	0.77671846	-23.926983
-0.12118228	-0.23064367	0.4187106	0.77671846	-23.931221
-0.12118228	-0.23064367	0.4187106	0.77671846	-23.935454
-0.12118228	-0.23064367	0.4187106	0.77671846	-23.93968
-0.12118228	-0.23064367	0.4187106	0.77671846	-23.943902
-0.12118228	-0.23064367	0.4187106	0.77671846	-23.948117
-0.12118228	-0.23064367	0.4187106	0.77671846	-23.952327
-0.12118228	-0.23064367	0.4187106	0.77671846	-23.956532
-0.12118228	-0.23064367	0.4187106	0.77671846	-23.960731
-0.12118228	-0.23064367	0.4187106	0.77671846	-23.964924
-0.12118228	-0.23064367	0.4187106	0.77671846	-23.969111
-0.12118228	-0.23064367	0.4187106	0.77671846	-23.973293
-0.12118228	-0.23064367	0.4187106	0.77671846	-23.97747
-0.12118228	-0.23064367	0.4187106	0.77671846	-23.98164
-0.12118228	-0.23064367	0.4187106	0.77671846	-23.985806
-0.12118228	-0.23064367	0.4187106	0.77671846	-23.989965
-0.12118228	-0.23064367	0.4187106	0.77671846	-23.994119
-0.12118228	-0.23064367	0.4187106	0.77671846	-23.998267
-0.12118228	-0.23064367	0.4187106	0.77671846	-24.00241
-0.12118228	-0.23064367	0.4187106	0.77671846	-24.006547
-0.12118228	-0.23064367	0.4187106	0.77671846	-24.010678
-0.12118228	-0.23064367	0.4187106	0.77671846	-24.014804
-0.12118228	-0.23064367	0.4187106	0.77671846	-24.018925
-0.12118228	-0.23064367	0.4187106	0.77671846	-24.023039
-0.12118228	-0.23064367	0.4187106	0.77671846	-24.027148
-0.12118228	-0.23064367	0.4187106	0.77671846	-24.031252
-0.12118228	-0.23064367	0.4187106	0.77671846	-24.035349
-0.12118228	-0.23064367	0.4187106	0.77671846	-24.039441
-0.12118228	-0.23064367	0.4187106	0.77671846	-24.043528
-0.12118228	-0.23064367	0.4187106	0.77671846	-24.047609
-0.12118228	-0.23064367	0.4187106	0.77671846	-24.051684
-0.12118228	-0.23064367	0.4187106	0.77671846	-24.055754
-0.12118228	-0.23064367	0.4187106	0.77671846	-24.059818
-0.12118228	-0.23064367	0.4187106	0.77671846	-24.063877
-0.12118228	-0.23064367	0.4187106	0.77671846	-24.067929
-0.12118228	-0.23064367	0.4187106	0.77671846	-24.071977
-0.12118228	-0.23064367	0.4187106	0.77671846	-24.076018
-0.12118228	-0.23064367	0.4187106	0.77671846	-24.080054
-0.12118228	-0.23064367	0.4187106	0.77671846	-24.084085
-0.12118228	-0.23064367	0.4187106	0.77671846	-24.08811
-0.12118228	-0.23064367	0.4187106	0.77671846	-24.092129
-0.12118228	-0.23064367	0.4187106	0.77671846	-24.096142
-0.12118228	-0.23064367	0.4187106	0.77671846	-24.10015
-0.12118228	-0.23064367	0.4187106	0.77671846	-24.104153
-0.12118228	-0.23064367	0.4187106	0.77671846	-24.10815
-0.12118228	-0.23064367	0.4187106	0.77671846	-24.112141
-0.12118228	-0.23064367	0.4187106	0.77671846	-24.116126
-0.12118228	-0.23064367	0.4187106	0.77671846	-24.120106
-0.12118228	-0.23064367	0.4187106	0.77671846	-24.124081
-0.12118228	-0.23064367	0.4187106	0.77671846	-24.128049
-0.12118228	-0.23064367	0.4187106	0.77671846	-24.132012
-0.12118228	-0.23064367	0.4187106	0.77671846	-24.13597
-0.12118228	-0.23064367	0.4187106	0.77671846	-24.139922
-0.12118228	-0.23064367	0.4187106	0.77671846	-24.143868
-0.12118228	-0.23064367	0.4187106	0.77671846	-24.147809
-0.12118228	-0.23064367	0.4187106	0.77671846	-24.151744
-0.12118228	-0.23064367	0.4187106	0.77671846	-24.155673
-0.12118228	-0.23064367	0.4187106	0.77671846	-24.159597
-0.12118228	-0.23064367	0.4187106	0.77671846	-24.163516
-0.12118228	-0.23064367	0.4187106	0.77671846	-24.167428
-0.12118228	-0.23064367	0.4187106	0.77671846	-24.171335
-0.12118228	-0.23064367	0.4187106	0.77671846	-24.175237
-0.12118228	-0.23064367	0.4187106	0.77671846	-24.179133
-0.12118228	-0.23064367	0.4187106	0.77671846	-24.183023
-0.12118228	-0.23064367	0.4187106	0.77671846	-24.186907
-0.12118228	-0.23064367	0.4187106	0.77671846	-24.190786
-0.12118228	-0.23064367	0.4187106	0.77671846	-24.19466
-0.12118228	-0.23064367	0.4187106	0.77671846	-24.198528
-0.12118228	-0.23064367	0.4187106	0.77671846	-24.20239
-0.12118228	-0.23064367	0.4187106	0.77671846	-24.206247
-0.12118228	-0.23064367	0.4187106	0.77671846	-24.210098
-0.12118228	-0.23064367	0.4187106	0.77671846	-24.213943
-0.12118228	-0.23064367	0.4187106	0.77671846	-24.217783
-0.12118228	-0.23064367	0.4187106	0.77671846	-24.221617
-0.12118228	-0.23064367	0.4187106	0.77671846	-24.225446
-0.12118228	-0.23064367	0.4187106	0.77671846	-24.229269
-0.12118228	-0.23064367	0.4187106	0.77671846	-24.233086
-0.12118228	-0.23064367	0.4187106	0.77671846	-24.236898
-0.12118228	-0.23064367	0.4187106	0.77671846	-24.240704
-0.12118228	-0.23064367	0.4187106	0.77671846	-24.244505
-0.12118228	-0.23064367	0.4187106	0.77671846	-24.2483
-0.12118228	-0.23064367	0.4187106	0.77671846	-24.252089
-0.12118228	-0.23064367	0.4187106	0.77671846	-24.255873
-0.12118228	-0.23064367	0.4187106	0.77671846	-24.259651
-0.12118228	-0.23064367	0.4187106	0.77671846	-24.263424
-0.12118228	-0.23064367	0.4187106	0.77671846	-24.267191
-0.12118228	-0.23064367	0.4187106	0.77671846	-24.270953
-0.12118228	-0.23064367	0.4187106	0.77671846	-24.274709
-0.12118228	-0.23064367	0.4187106	0.77671846	-24.278459
-0.12118228	-0.23064367	0.4187106	0.77671846	-24.282204
-0.12118228	-0.23064367	0.4187106	0.77671846	-24.285943
-0.12118228	-0.23064367	0.4187106	0.77671846	-24.289676
-0.12118228	-0.23064367	0.4187106	0.77671846	-24.293404
-0.12118228	-0.23064367	0.4187106	0.77671846	-24.297126
-0.12118228	-0.23064367	0.4187106	0.77671846	-24.300843
-0.12118228	-0.23064367	0.4187106	0.77671846	-24.304554
-0.12118228	-0.23064367	0.4187106	0.77671846	-24.30826
-0.12118228	-0.23064367	0.4187106	0.77671846	-24.31196
-0.12118228	-0.23064367	0.4187106	0.77671846	-24.315654
-0.12118228	-0.23064367	0.4187106	0.77671846	-24.319343
-0.12118228	-0.23064367	0.4187106	0.77671846	-24.323026
-0.12118228	-0.23064367	0.4187106	0.77671846	-24.326704
-0.12118228	-0.23064367	0.4187106	0.77671846	-24.330376
-0.12118228	-0.23064367	0.4187106	0.77671846	-24.334043
-0.12118228	-0.23064367	0.4187106	0.77671846	-24.337704
-0.12118228	-0.23064367	0.4187106	0.77671846	-24.341359
-0.12118228	-0.23064367	0.4187106	0.77671846	-24.345009
-0.12118228	-0.23064367	0.4187106	0.77671846	-24.348653
-0.12118228	-0.23064367	0.4187106	0.77671846	-24.352291
-0.12118228	-0.23064367	0.4187106	0.77671846	-24.355924
-0.12118228	-0.23064367	0.4187106	0.77671846	-24.359552
-0.12118228	-0.23064367	0.4187106	0.77671846	-24.363174
-0.12118228	-0.23064367	0.4187106	0.77671846	-24.36679
-0.12118228	-0.23064367	0.4187106	0.77671846	-24.370401
-0.12118228	-0.23064367	0.4187106	0.77671846	-24.374006
-0.12118228	-0.23064367	0.4187106	0.77671846	-24.377605
-0.12118228	-0.23064367	0.4187106	0.77671846	-24.381199
-0.12118228	-0.23064367	0.4187106	0.77671846	-24.384788
-0.12118228	-0.23064367	0.4187106	0.77671846	-24.388371
-0.12118228	-0.23064367	0.4187106	0.77671846	-24.391948
-0.12118228	-0.23064367	0.4187106	0.77671846	-24.395519
-0.12118228	-0.23064367	0.4187106	0.77671846	-24.399086
-0.12118228	-0.23064367	0.4187106	0.77671846	-24.402646
-0.12118228	-0.23064367	0.4187106	0.77671846	-24.406201
-0.12118228	-0.23064367	0.4187106	0.77671846	-24.409751
-0.12118228	-0.23064367	0.4187106	0.77671846	-24.413294
-0.12118228	-0.23064367	0.4187106	0.77671846	-24.416833
-0.12118228	-0.23064367	0.4187106	0.77671846	-24.420366
-0.12118228	-0.23064367	0.4187106	0.77671846	-24.423893
-0.12118228	-0.23064367	0.4187106	0.77671846	-24.427414
-0.12118228	-0.23064367	0.4187106	0.77671846	-24.43093
-0.12118228	-0.23064367	0.4187106	0.77671846	-24.434441
-0.12118228	-0.23064367	0.4187106	0.77671846	-24.437946
-0.12118228	-0.23064367	0.4187106	0.77671846	-24.441445
-0.12118228	-0.23064367	0.4187106	0.77671846	-24.444939
-0.12118228	-0.23064367	0.4187106	0.77671846	-24.448427
-0.12118228	-0.23064367	0.4187106	0.77671846	-24.45191
-0.12118228	-0.23064367	0.4187106	0.77671846	-24.455387
-0.12118228	-0.23064367	0.4187106	0.77671846	-24.458859
-0.12118228	-0.23064367	0.4187106	0.77671846	-24.462325
-0.12118228	-0.23064367	0.4187106	0.77671846	-24.465785
-0.12118228	-0.23064367	0.4187106	0.77671846	-24.46924
-0.12118228	-0.23064367	0.4187106	0.77671846	-24.47269
-0.12118228	-0.23064367	0.4187106	0.77671846	-24.476133
-0.12118228	-0.23064367	0.4187106	0.77671846	-24.479572
-0.12118228	-0.23064367	0.4187106	0.77671846	-24.483005
-0.12118228	-0.23064367	0.4187106	0.77671846	-24.486432
-0.12118228	-0.23064367	0.4187106	0.77671846	-24.489853
-0.12118228	-0.23064367	0.4187106	0.77671846	-24.49327
-0.12118228	-0.23064367	0.4187106	0.77671846	-24.49668
-0.12118228	-0.23064367	0.4187106	0.77671846	-24.500085
-0.12118228	-0.23064367	0.4187106	0.77671846	-24.503485
-0.12118228	-0.23064367	0.4187106	0.77671846	-24.506879
-0.12118228	-0.23064367	0.4187106	0.77671846	-24.510267
-0.12118228	-0.23064367	0.4187106	0.77671846	-24.51365
-0.12118228	-0.23064367	0.4187106	0.77671846	-24.517027
-0.12118228	-0.23064367	0.4187106	0.77671846	-24.520399
-0.12118228	-0.23064367	0.4187106	0.77671846	-24.523766
-0.12118228	-0.23064367	0.4187106	0.77671846	-24.527126
-0.12118228	-0.23064367	0.4187106	0.77671846	-24.530481
-0.12118228	-0.23064367	0.4187106	0.77671846	-24.533831
-0.12118228	-0.23064367	0.4187106	0.77671846	-24.537175
-0.12118228	-0.23064367	0.4187106	0.77671846	-24.540514
-0.12118228	-0.23064367	0.4187106	0.77671846	-24.543847
-0.12118228	-0.23064367	0.4187106	0.77671846	-24.547175
-0.12118228	-0.23064367	0.4187106	0.77671846	-24.550497
-0.12118228	-0.23064367	0.4187106	0.77671846	-24.553813
-0.12118228	-0.23064367	0.4187106	0.77671846	-24.557124
-0.12118228	-0.23064367	0.4187106	0.77671846	-24.56043
-0.12118228	-0.23064367	0.4187106	0.77671846	-24.56373
-0.12118228	-0.23064367	0.4187106	0.77671846	-24.567024
-0.12118228	-0.23064367	0.4187106	0.77671846	-24.570313
-0.12118228	-0.23064367	0.4187106	0.77671846	-24.573597
-0.12118228	-0.23064367	0.4187106	0.77671846	-24.576875
-0.12118228	-0.23064367	0.4187106	0.77671846	-24.580147
-0.12118228	-0.23064367	0.4187106	0.77671846	-24.583414
-0.12118228	-0.23064367	0.4187106	0.77671846	-24.586675
-0.12118228	-0.23064367	0.4187106	0.77671846	-24.589931
-0.12118228	-0.23064367	0.4187106	0.77671846	-24.593182
-0.12118228	-0.23064367	0.4187106	0.77671846	-24.596427
-0.12118228	-0.23064367	0.4187106	0.77671846	-24.599666
-0.12118228	-0.23064367	0.4187106	0.77671846	-24.6029
-0.12118228	-0.23064367	0.4187106	0.77671846	-24.606128
-0.12118228	-0.23064367	0.4187106	0.77671846	-24.609351
-0.12118228	-0.23064367	0.4187106	0.77671846	-24.612568
-0.12118228	-0.23064367	0.4187106	0.77671846	-24.61578
-0.12118228	-0.23064367	0.4187106	0.77671846	-24.618987
-0.12118228	-0.23064367	0.4187106	0.77671846	-24.622188
-0.12118228	-0.23064367	0.4187106	0.77671846	-24.625383
-0.12118228	-0.23064367	0.4187106	0.77671846	-24.628573
-0.12118228	-0.23064367	0.4187106	0.77671846	-24.631757
-0.12118228	-0.23064367	0.4187106	0.77671846	-24.634936
-0.12118228	-0.23064367	0.4187106	0.77671846	-24.63811
-0.12118228	-0.23064367	0.4187106	0.77671846	-24.641278
-0.12118228	-0.23064367	0.4187106	0.77671846	-24.64444
-0.12118228	-0.23064367	0.4187106	0.77671846	-24.647597
-0.12118228	-0.23064367	0.4187106	0.77671846	-24.650749
-0.12118228	-0.23064367	0.4187106	0.77671846	-24.653895
-0.12118228	-0.23064367	0.4187106	0.77671846	-24.657035
-0.12118228	-0.23064367	0.4187106	0.77671846	-24.66017
-0.12118228	-0.23064367	0.4187106	0.77671846	-24.6633
-0.12118228	-0.23064367	0.4187106	0.77671846	-24.666424
-0.12118228	-0.23064367	0.4187106	0.77671846	-24.669542
-0.12118228	-0.23064367	0.4187106	0.77671846	-24.672656
-0.12118228	-0.23064367	0.4187106	0.77671846	-24.675763
-0.12118228	-0.23064367	0.4187106	0.77671846	-24.678866
-0.12118228	-0.23064367	0.4187106	0.77671846	-24.681962
-0.12118228	-0.23064367	0.4187106	0.77671846	-24.685054
-0.12118228	-0.23064367	0.4187106	0.77671846	-24.688139
-0.12118228	-0.23064367	0.4187106	0.77671846	-24.69122
-0.12118228	-0.23064367	0.4187106	0.77671846	-24.694295
-0.12118228	-0.23064367	0.4187106	0.77671846	-24.697364
-0.12118228	-0.23064367	0.4187106	0.77671846	-24.700428
-0.12118228	-0.23064367	0.4187106	0.77671846	-24.703487
-0.12118228	-0.23064367	0.4187106	0.77671846	-24.70654
-0.12118228	-0.23064367	0.4187106	0.77671846	-24.709587
-0.12118228	-0.23064367	0.4187106	0.77671846	-24.71263
-0.12118228	-0.23064367	0.4187106	0.77671846	-24.715666
-0.12118228	-0.23064367	0.4187106	0.77671846	-24.718698
-0.12118228	-0.23064367	0.4187106	0.77671846	-24.721723
-0.12118228	-0.23064367	0.4187106	0.77671846	-24.724744
-0.12118228	-0.23064367	0.4187106	0.77671846	-24.727759
-0.12118228	-0.23064367	0.4187106	0.77671846	-24.730768
-0.12118228	-0.23064367	0.4187106	0.77671846	-24.733772
-0.12118228	-0.23064367	0.4187106	0.77671846	-24.736771
-0.12118228	-0.23064367	0.4187106	0.77671846	-24.739764
-0.12118228	-0.23064367	0.4187106	0.77671846	-24.742752
-0.12118228	-0.23064367	0.4187106	0.77671846	-24.745734
-0.12118228	-0.23064367	0.4187106	0.77671846	-24.748711
-0.12118228	-0.23064367	0.4187106	0.77671846	-24.751683
-0.12118228	-0.23064367	0.4187106	0.77671846	-24.754649
-0.12118228	-0.23064367	0.4187106	0.77671846	-24.757609
-0.12118228	-0.23064367	0.4187106	0.77671846	-24.760565
-0.12118228	-0.23064367	0.4187106	0.77671846	-24.763514
-0.12118228	-0.23064367	0.4187106	0.77671846	-24.766459
-0.12118228	-0.23064367	0.4187106	0.77671846	-24.769398
-0.12118228	-0.23064367	0.4187106	0.77671846	-24.772331
-0.12118228	-0.23064367	0.4187106	0.77671846	-24.775259
-0.12118228	-0.23064367	0.4187106	0.77671846	-24.778182
-0.12118228	-0.23064367	0.4187106	0.77671846	-24.781099
-0.12118228	-0.23064367	0.4187106	0.77671846	-24.784011
-0.12118228	-0.23064367	0.4187106	0.77671846	-24.786918
-0.12118228	-0.23064367	0.4187106	0.77671846	-24.789819
-0.12118228	-0.23064367	0.4187106	0.77671846	-24.792714
-0.12118228	-0.23064367	0.4187106	0.77671846	-24.795605
-0.12118228	-0.23064367	0.4187106	0.77671846	-24.798489
-0.12118228	-0.23064367	0.4187106	0.77671846	-24.801369
-0.12118228	-0.23064367	0.4187106	0.77671846	-24.804243
-0.12118228	-0.23064367	0.4187106	0.77671846	-24.807112
-0.12118228	-0.23064367	0.4187106	0.77671846	-24.809975
-0.12118228	-0.23064367	0.4187106	0.77671846	-24.812833
-0.12118228	-0.23064367	0.4187106	0.77671846	-24.815685
-0.12118228	-0.23064367	0.4187106	0.77671846	-24.818533
-0.12118228	-0.23064367	0.4187106	0.77671846	-24.821374
-0.12118228	-0.23064367	0.4187106	0.77671846	-24.824211
-0.12118228	-0.23064367	0.4187106	0.77671846	-24.827042
-0.12118228	-0.23064367	0.4187106	0.77671846	-24.829867
-0.12118228	-0.23064367	0.4187106	0.77671846	-24.832687
-0.12118228	-0.23064367	0.4187106	0.77671846	-24.835502
-0.12118228	-0.23064367	0.4187106	0.77671846	-24.838312
-0.12118228	-0.23064367	0.4187106	0.77671846	-24.841116
-0.12118228	-0.23064367	0.4187106	0.77671846	-24.843915
-0.12118228	-0.23064367	0.4187106	0.77671846	-24.846708
-0.12118228	-0.23064367	0.4187106	0.77671846	-24.849496
-0.12118228	-0.23064367	0.4187106	0.77671846	-24.852279
-0.12118228	-0.23064367	0.4187106	0.77671846	-24.855056
-0.12118228	-0.23064367	0.4187106	0.77671846	-24.857828
-0.12118228	-0.23064367	0.4187106	0.77671846	-24.860594
-0.12118228	-0.23064367	0.4187106	0.77671846	-24.863356
-0.12118228	-0.23064367	0.4187106	0.77671846	-24.866112
-0.12118228	-0.23064367	0.4187106	0.77671846	-24.868862
-0.12118228	-0.23064367	0.4187106	0.77671846	-24.871607
-0.12118228	-0.23064367	0.4187106	0.77671846	-24.874347
-0.12118228	-0.23064367	0.4187106	0.77671846	-24.877082
-0.12118228	-0.23064367	0.4187106	0.77671846	-24.879811
-0.12118228	-0.23064367	0.4187106	0.77671846	-24.882535
-0.12118228	-0.23064367	0.4187106	0.77671846	-24.885253
-0.12118228	-0.23064367	0.4187106	0.77671846	-24.887966
-0.12118228	-0.23064367	0.4187106	0.77671846	-24.890674
-0.12118228	-0.23064367	0.4187106	0.77671846	-24.893376
-0.12118228	-0.23064367	0.4187106	0.77671846	-24.896074
-0.12118228	-0.23064367	0.4187106	0.77671846	-24.898765
-0.12118228	-0.23064367	0.4187106	0.77671846	-24.901452
-0.12118228	-0.23064367	0.4187106	0.77671846	-24.904133
-0.12118228	-0.23064367	0.4187106	0.77671846	-24.906809
-0.12118228	-0.23064367	0.4187106	0.77671846	-24.90948
-0.12118228	-0.23064367	0.4187106	0.77671846	-24.912145
-0.12118228	-0.23064367	0.4187106	0.77671846	-24.914805
-0.12118228	-0.23064367	0.4187106	0.77671846	-24.917459
-0.12118228	-0.23064367	0.4187106	0.77671846	-24.920109
-0.12118228	-0.23064367	0.4187106	0.77671846	-24.922753
-0.12118228	-0.23064367	0.4187106	0.77671846	-24.925391
-0.12118228	-0.23064367	0.4187106	0.77671846	-24.928025
-0.12118228	-0.23064367	0.4187106	0.77671846	-24.930653
-0.12118228	-0.23064367	0.4187106	0.77671846	-24.933276
-0.12118228	-0.23064367	0.4187106	0.77671846	-24.935893
-0.12118228	-0.23064367	0.4187106	0.77671846	-24.938505
-0.12118228	-0.23064367	0.4187106	0.77671846	-24.941112
-0.12118228	-0.23064367	0.4187106	0.77671846	-24.943714
-0.12118228	-0.23064367	0.4187106	0.77671846	-24.94631
-0.12118228	-0.23064367	0.4187106	0.77671846	-24.948902
-0.12118228	-0.23064367	0.4187106	0.77671846	-24.951487
-0.12118228	-0.23064367	0.4187106	0.77671846	-24.954068
-0.12118228	-0.23064367	0.4187106	0.77671846	-24.956643
-0.12118228	-0.23064367	0.4187106	0.77671846	-24.959213
-0.12118228	-0.23064367	0.4187106	0.77671846	-24.961778
-0.12118228	-0.23064367	0.4187106	0.77671846	-24.964337
-0.12118228	-0.23064367	0.4187106	0.77671846	-24.966891
-0.12118228	-0.23064367	0.4187106	0.77671846	-24.96944
-0.12118228	-0.23064367	0.4187106	0.77671846	-24.971984
-0.12118228	-0.23064367	0.4187106	0.77671846	-24.974522
-0.12118228	-0.23064367	0.4187106	0.77671846	-24.977056
-0.12118228	-0.23064367	0.4187106	0.77671846	-24.979584
-0.12118228	-0.23064367	0.4187106	0.77671846	-24.982106
-0.12118228	-0.23064367	0.4187106	0.77671846	-24.984624
-0.12118228	-0.23064367	0.4187106	0.77671846	-24.987136
-0.12118228	-0.23064367	0.4187106	0.77671846	-24.989643
-0.12118228	-0.23064367	0.4187106	0.77671846	-24.992144
-0.12118228	-0.23064367	0.4187106	0.77671846	-24.994641
-0.12118228	-0.23064367	0.4187106	0.77671846	-24.997132
-0.12118228	-0.23064367	0.4187106	0.77671846	-24.999618
-0.12118228	-0.23064367	0.4187106	0.77671846	-25.002099
-0.12118228	-0.23064367	0.4187106	0.77671846	-25.004574
-0.12118228	-0.23064367	0.4187106	0.77671846	-25.007045
-0.12118228	-0.23064367	0.4187106	0.77671846	-25.00951
-0.12118228	-0.23064367	0.4187106	0.77671846	-25.01197
-0.12118228	-0.23064367	0.4187106	0.77671846	-25.014424
-0.12118228	-0.23064367	0.4187106	0.77671846	-25.016874
-0.12118228	-0.23064367	0.4187106	0.77671846	-25.019318
-0.12118228	-0.23064367	0.4187106	0.77671846	-25.021757
-0.12118228	-0.23064367	0.4187106	0.77671846	-25.024191
-0.12118228	-0.23064367	0.4187106	0.77671846	-25.026619
-0.12118228	-0.23064367	0.4187106	0.77671846	-25.029043
-0.12118228	-0.23064367	0.4187106	0.77671846	-25.031461
-0.12118228	-0.23064367	0.4187106	0.77671846	-25.033874
-0.12118228	-0.23064367	0.4187106	0.77671846	-25.036282
-0.12118228	-0.23064367	0.4187106	0.77671846	-25.038684
-0.12118228	-0.23064367	0.4187106	0.77671846	-25.041082
-0.12118228	-0.23064367	0.4187106	0.77671846	-25.043474
-0.12118228	-0.23064367	0.4187106	0.77671846	-25.045861
-0.12118228	-0.23064367	0.4187106	0.77671846	-25.048243
-0.12118228	-0.23064367	0.4187106	0.77671846	-25.05062
-0.12118228	-0.23064367	0.4187106	0.77671846	-25.052991
-0.12118228	-0.23064367	0.4187106	0.77671846	-25.055358
-0.12118228	-0.23064367	0.4187106	0.77671846	-25.057719
-0.12118228	-0.23064367	0.4187106	0.77671846	-25.060075
-0.12118228	-0.23064367	0.4187106	0.77671846	-25.062426
-0.12118228	-0.23064367	0.4187106	0.77671846	-25.064772
-0.12118228	-0.23064367	0.4187106	0.77671846	-25.067112
-0.12118228	-0.23064367	0.4187106	0.77671846	-25.069448
-0.12118228	-0.23064367	0.4187106	0.77671846	-25.071778
-0.12118228	-0.23064367	0.4187106	0.77671846	-25.074103
-0.12118228	-0.23064367	0.4187106	0.77671846	-25.076423
-0.12118228	-0.23064367	0.4187106	0.77671846	-25.078738
-0.12118228	-0.23064367	0.4187106	0.77671846	-25.081048
-0.12118228	-0.23064367	0.4187106	0.77671846	-25.083352
-0.12118228	-0.23064367	0.4187106	0.77671846	-25.085652
-0.12118228	-0.23064367	0.4187106	0.77671846	-25.087946
-0.12118228	-0.23064367	0.4187106	0.77671846	-25.090235
-0.12118228	-0.23064367	0.4187106	0.77671846	-25.092519
-0.12118228	-0.23064367	0.4187106	0.77671846	-25.094798
-0.12118228	-0.23064367	0.4187106	0.77671846	-25.097072
-0.12118228	-0.23064367	0.4187106	0.77671846	-25.099341
-0.12118228	-0.23064367	0.4187106	0.77671846	-25.101604
-0.12118228	-0.23064367	0.4187106	0.77671846	-25.103863
-0.12118228	-0.23064367	0.4187106	0.77671846	-25.106116
-0.12118228	-0.23064367	0.4187106	0.77671846	-25.108364
-0.12118228	-0.23064367	0.4187106	0.77671846	-25.110607
-0.12118228	-0.23064367	0.4187106	0.77671846	-25.112845
-0.12118228	-0.23064367	0.4187106	0.77671846	-25.115078
-0.12118228	-0.23064367	0.4187106	0.77671846	-25.117306
-0.12118228	-0.23064367	0.4187106	0.77671846	-25.119529
-0.12118228	-0.23064367	0.4187106	0.77671846	-25.121747
-0.12118228	-0.23064367	0.4187106	0.77671846	-25.123959
-0.12118228	-0.23064367	0.4187106	0.77671846	-25.126167
-0.12118228	-0.23064367	0.4187106	0.77671846	-25.128369
-0.12118228	-0.23064367	0.4187106	0.77671846	-25.130567
-0.12118228	-0.23064367	0.4187106	0.77671846	-25.132759
-0.12118228	-0.23064367	0.4187106	0.77671846	-25.134946
-0.12118228	-0.23064367	0.4187106	0.77671846	-25.137129
-0.12118228	-0.23064367	0.4187106	0.77671846	-25.139306
-0.12118228	-0.23064367	0.4187106	0.77671846	-25.141478
-0.12118228	-0.23064367	0.4187106	0.77671846	-25.143645
-0.12118228	-0.23064367	0.4187106	0.77671846	-25.145807
-0.12118228	-0.23064367	0.4187106	0.77671846	-25.147964
-0.12118228	-0.23064367	0.4187106	0.77671846	-25.150116
-0.12118228	-0.23064367	0.4187106	0.77671846	-25.152263
-0.12118228	-0.23064367	0.4187106	0.77671846	-25.154404
-0.12118228	-0.23064367	0.4187106	0.77671846	-25.156541
-0.12118228	-0.23064367	0.4187106	0.77671846	-25.158673
-0.12118228	-0.23064367	0.4187106	0.77671846	-25.1608
-0.12118228	-0.23064367	0.4187106	0.77671846	-25.162921
-0.12118228	-0.23064367	0.4187106	0.77671846	-25.165038
-0.12118228	-0.23064367	0.4187106	0.77671846	-25.16715
-0.12118228	-0.23064367	0.4187106	0.77671846	-25.169256
-0.12118228	-0.23064367	0.4187106	0.77671846	-25.171358
-0.12118228	-0.23064367	0.4187106	0.77671846	-25.173455
-0.12118228	-0.23064367	0.4187106	0.77671846	-25.175546
-0.12118228	-0.23064367	0.4187106	0.77671846	-25.177633
-0.12118228	-0.23064367	0.4187106	0.77671846	-25.179714
-0.12118228	-0.23064367	0.4187106	0.77671846	-25.181791
-0.12118228	-0.23064367	0.4187106	0.77671846	-25.183863
-0.12118228	-0.23064367	0.4187106	0.77671846	-25.185929
-0.12118228	-0.23064367	0.4187106	0.77671846	-25.187991
-0.12118228	-0.23064367	0.4187106	0.77671846	-25.190048
-0.12118228	-0.23064367	0.4187106	0.77671846	-25.192099
-0.12118228	-0.23064367	0.4187106	0.77671846	-25.194146
-0.12118228	-0.23064367	0.4187106	0.77671846	-25.196188
-0.12118228	-0.23064367	0.4187106	0.77671846	-25.198224
-0.12118228	-0.23064367	0.4187106	0.77671846	-25.200256
-0.12118228	-0.23064367	0.4187106	0.77671846	-25.202283
-0.12118228	-0.23064367	0.4187106	0.77671846	-25.204305
-0.12118228	-0.23064367	0.4187106	0.77671846	-25.206322
-0.12118228	-0.23064367	0.4187106	0.77671846	-25.208334
-0.12118228	-0.23064367	0.4187106	0.77671846	-25.210341
-0.12118228	-0.23064367	0.4187106	0.77671846	-25.212343
-0.12118228	-0.23064367	0.4187106	0.77671846	-25.21434
-0.12118228	-0.23064367	0.4187106	0.77671846	-25.216332
-0.12118228	-0.23064367	0.4187106	0.77671846	-25.21832
-0.12118228	-0.23064367	0.4187106	0.77671846	-25.220302
-0.12118228	-0.23064367	0.4187106	0.77671846	-25.222279
-0.12118228	-0.23064367	0.4187106	0.77671846	-25.224252
-0.12118228	-0.23064367	0.4187106	0.77671846	-25.226219
-0.12118228	-0.23064367	0.4187106	0.77671846	-25.228182
-0.12118228	-0.23064367	0.4187106	0.77671846	-25.23014
-0.12118228	-0.23064367	0.4187106	0.77671846	-25.232093
-0.12118228	-0.23064367	0.4187106	0.77671846	-25.234041
-0.12118228	-0.23064367	0.4187106	0.77671846	-25.235984
-0.12118228	-0.23064367	0.4187106	0.77671846	-25.237922
-0.12118228	-0.23064367	0.4187106	0.77671846	-25.239855
-0.12118228	-0.23064367	0.4187106	0.77671846	-25.241783
-0.12118228	-0.23064367	0.4187106	0.77671846	-25.243707
-0.12118228	-0.23064367	0.4187106	0.77671846	-25.245625
-0.12118228	-0.23064367	0.4187106	0.77671846	-25.247539
-0.12118228	-0.23064367	0.4187106	0.77671846	-25.249448
-0.12118228	-0.23064367	0.4187106	0.77671846	-25.251352
-0.12118228	-0.23064367	0.4187106	0.77671846	-25.253251
-0.12118228	-0.23064367	0.4187106	0.77671846	-25.255145
-0.12118228	-0.23064367	0.4187106	0.77671846	-25.257034
-0.12118228	-0.23064367	0.4187106	0.77671846	-25.258919
-0.12118228	-0.23064367	0.4187106	0.77671846	-25.260799
-0.12118228	-0.23064367	0.4187106	0.77671846	-25.262673
-0.12118228	-0.23064367	0.4187106	0.77671846	-25.264543
-0.12118228	-0.23064367	0.4187106	0.77671846	-25.266408
-0.12118228	-0.23064367	0.4187106	0.77671846	-25.268269
-0.12118228	-0.23064367	0.4187106	0.77671846	-25.270124
-0.12118228	-0.23064367	0.4187106	0.77671846	-25.271975
-0.12118228	-0.23064367	0.4187106	0.77671846	-25.27382
-0.12118228	-0.23064367	0.4187106	0.77671846	-25.275661
-0.12118228	-0.23064367	0.4187106	0.77671846	-25.277497
-0.12118228	-0.23064367	0.4187106	0.77671846	-25.279329
-0.12118228	-0.23064367	0.4187106	0.77671846	-25.281155
-0.12118228	-0.23064367	0.4187106	0.77671846	-25.282977
-0.12118228	-0.23064367	0.4187106	0.77671846	-25.284794
-0.12118228	-0.23064367	0.4187106	0.77671846	-25.286606
-0.12118228	-0.23064367	0.4187106	0.77671846	-25.288413
-0.12118228	-0.23064367	0.4187106	0.77671846	-25.290215
-0.12118228	-0.23064367	0.4187106	0.77671846	-25.292013
-0.12118228	-0.23064367	0.4187106	0.77671846	-25.293806
-0.12118228	-0.23064367	0.4187106	0.77671846	-25.295594
-0.12118228	-0.23064367	0.4187106	0.77671846	-25.297378
-0.12118228	-0.23064367	0.4187106	0.77671846	-25.299156
-0.12118228	-0.23064367	0.4187106	0.77671846	-25.30093
-0.12118228	-0.23064367	0.4187106	0.77671846	-25.302699
-0.12118228	-0.23064367	0.4187106	0.77671846	-25.304463
-0.12118228	-0.23064367	0.4187106	0.77671846	-25.306223
-0.12118228	-0.23064367	0.4187106	0.77671846	-25.307977
-0.12118228	-0.23064367	0.4187106	0.77671846	-25.309727
-0.12118228	-0.23064367	0.4187106	0.77671846	-25.311473
-0.12118228	-0.23064367	0.4187106	0.77671846	-25.313213
-0.12118228	-0.23064367	0.4187106	0.77671846	-25.314949
-0.12118228	-0.23064367	0.4187106	0.77671846	-25.31668
-0.12118228	-0.23064367	0.4187106	0.77671846	-25.318406
-0.12118228	-0.23064367	0.4187106	0.77671846	-25.320128
-0.12118228	-0.23064367	0.4187106	0.77671846	-25.321845
-0.12118228	-0.23064367	0.4187106	0.77671846	-25.323557
-0.12118228	-0.23064367	0.4187106	0.77671846	-25.325264
-0.12118228	-0.23064367	0.4187106	0.77671846	-25.326967
-0.12118228	-0.23064367	0.4187106	0.77671846	-25.328665
-0.12118228	-0.23064367	0.4187106	0.77671846	-25.330358
-0.12118228	-0.23064367	0.4187106	0.77671846	-25.332047
-0.12118228	-0.23064367	0.4187106	0.77671846	-25.333731
-0.12118228	-0.23064367	0.4187106	0.77671846	-25.33541
-0.12118228	-0.23064367	0.4187106	0.77671846	-25.337085
-0.12118228	-0.23064367	0.4187106	0.77671846	-25.338754
-0.12118228	-0.23064367	0.4187106	0.77671846	-25.34042
-0.12118228	-0.23064367	0.4187106	0.77671846	-25.34208
-0.12118228	-0.23064367	0.4187106	0.77671846	-25.343736
-0.12118228	-0.23064367	0.4187106	0.77671846	-25.345387
-0.12118228	-0.23064367	0.4187106	0.77671846	-25.347034
-0.12118228	-0.23064367	0.4187106	0.77671846	-25.348675
-0.12118228	-0.23064367	0.4187106	0.77671846	-25.350313
-0.12118228	-0.23064367	0.4187106	0.77671846	-25.351945
-0.12118228	-0.23064367	0.4187106	0.77671846	-25.353573
-0.12118228	-0.23064367	0.4187106	0.77671846	-25.355196
-0.12118228	-0.23064367	0.4187106	0.77671846	-25.356815
-0.12118228	-0.23064367	0.4187106	0.77671846	-25.358429
-0.12118228	-0.23064367	0.4187106	0.77671846	-25.360038
-0.12118228	-0.23064367	0.4187106	0.77671846	-25.361643
-0.12118228	-0.23064367	0.4187106	0.77671846	-25.363243
-0.12118228	-0.23064367	0.4187106	0.77671846	-25.364839
-0.12118228	-0.23064367	0.4187106	0.77671846	-25.36643
-0.12118228	-0.23064367	0.4187106	0.77671846	-25.368016
-0.12118228	-0.23064367	0.4187106	0.77671846	-25.369598
-0.12118228	-0.23064367	0.4187106	0.77671846	-25.371175
-0.12118228	-0.23064367	0.4187106	0.77671846	-25.372748
-0.12118228	-0.23064367	0.4187106	0.77671846	-25.374315
-0.12118228	-0.23064367	0.4187106	0.77671846	-25.375879
-0.12118228	-0.23064367	0.4187106	0.77671846	-25.377438
-0.12118228	-0.23064367	0.4187106	0.77671846	-25.378992
-0.12118228	-0.23064367	0.4187106	0.77671846	-25.380541
-0.12118228	-0.23064367	0.4187106	0.77671846	-25.382086
-0.12118228	-0.23064367	0.4187106	0.77671846	-25.383627
-0.12118228	-0.23064367	0.4187106	0.77671846	-25.385163
-0.12118228	-0.23064367	0.4187106	0.77671846	-25.386694
-0.12118228	-0.23064367	0.4187106	0.77671846	-25.388221
-0.12118228	-0.23064367	0.4187106	0.77671846	-25.389743
-0.12118228	-0.23064367	0.4187106	0.77671846	-25.391261
-0.12118228	-0.23064367	0.4187106	0.77671846	-25.392774
-0.12118228	-0.23064367	0.4187106	0.77671846	-25.394283
-0.12118228	-0.23064367	0.4187106	0.77671846	-25.395787
-0.12118228	-0.23064367	0.4187106	0.77671846	-25.397287
-0.12118228	-0.23064367	0.4187106	0.77671846	-25.398782
-0.12118228	-0.23064367	0.4187106	0.77671846	-25.400273
-0.12118228	-0.23064367	0.4187106	0.77671846	-25.401759
-0.12118228	-0.23064367	0.4187106	0.77671846	-25.403241
-0.12118228	-0.23064367	0.4187106	0.77671846	-25.404718
-0.12118228	-0.23064367	0.4187106	0.77671846	-25.40619
-0.12118228	-0.23064367	0.4187106	0.77671846	-25.407658
-0.12118228	-0.23064367	0.4187106	0.77671846	-25.409122
-0.12118228	-0.23064367	0.4187106	0.77671846	-25.410581
-0.12118228	-0.23064367	0.4187106	0.77671846	-25.412036
-0.12118228	-0.23064367	0.4187106	0.77671846	-25.413486
-0.12118228	-0.23064367	0.4187106	0.77671846	-25.414932
-0.12118228	-0.23064367	0.4187106	0.77671846	-25.416373
-0.12118228	-0.23064367	0.4187106	0.77671846	-25.41781
-0.12118228	-0.23064367	0.4187106	0.77671846	-25.419243
-0.12118228	-0.23064367	0.4187106	0.77671846	-25.420671
-0.12118228	-0.23064367	0.4187106	0.77671846	-25.422094
-0.12118228	-0.23064367	0.4187106	0.77671846	-25.423513
-0.12118228	-0.23064367	0.4187106	0.77671846	-25.424928
-0.12118228	-0.23064367	0.4187106	0.77671846	-25.426338
-0.12118228	-0.23064367	0.4187106	0.77671846	-25.427744
-0.12118228	-0.23064367	0.4187106	0.77671846	-25.429145
-0.12118228	-0.23064367	0.4187106	0.77671846	-25.430542
-0.12118228	-0.23064367	0.4187106	0.77671846	-25.431935
-0.12118228	-0.23064367	0.4187106	0.77671846	-25.433323
-0.12118228	-0.23064367	0.4187106	0.77671846	-25.434707
-0.12118228	-0.23064367	0.4187106	0.77671846	-25.436086
-0.12118228	-0.23064367	0.4187106	0.77671846	-25.437461
-0.12118228	-0.23064367	0.4187106	0.77671846	-25.438831
-0.12118228	-0.23064367	0.4187106	0.77671846	-25.440198
-0.12118228	-0.23064367	0.4187106	0.77671846	-25.441559
-0.12118228	-0.23064367	0.4187106	0.77671846	-25.442917
-0.12118228	-0.23064367	0.4187106	0.77671846	-25.44427
-0.12118228	-0.23064367	0.4187106	0.77671846	-25.445619
-0.12118228	-0.23064367	0.4187106	0.77671846	-25.446963
-0.12118228	-0.23064367	0.4187106	0.77671846	-25.448303
-0.12118228	-0.23064367	0.4187106	0.77671846	-25.449639
-0.12118228	-0.23064367	0.4187106	0.77671846	-25.45097
-0.12118228	-0.23064367	0.4187106	0.77671846	-25.452297
-0.12118228	-0.23064367	0.4187106	0.77671846	-25.45362
-0.12118228	-0.23064367	0.4187106	0.77671846	-25.454938
-0.12118228	-0.23064367	0.4187106	0.77671846	-25.456252
-0.12118228	-0.23064367	0.4187106	0.77671846	-25.457562
-0.12118228	-0.23064367	0.4187106	0.77671846	-25.458867
-0.12118228	-0.23064367	0.4187106	0.77671846	-25.460168
-0.12118228	-0.23064367	0.4187106	0.77671846	-25.461465
-0.12118228	-0.23064367	0.4187106	0.77671846	-25.462758
-0.12118228	-0.23064367	0.4187106	0.77671846	-25.464046
-0.12118228	-0.23064367	0.4187106	0.77671846	-25.46533
-0.12118228	-0.23064367	0.4187106	0.77671846	-25.466609
-0.12118228	-0.23064367	0.4187106	0.77671846	-25.467885
-0.12118228	-0.23064367	0.4187106	0.77671846	-25.469156
-0.12118228	-0.23064367	0.4187106	0.77671846	-25.470423
-0.12118228	-0.23064367	0.4187106	0.77671846	-25.471685
-0.12118228	-0.23064367	0.4187106	0.77671846	-25.472943
-0.12118228	-0.23064367	0.4187106	0.77671846	-25.474198
-0.12118228	-0.23064367	0.4187106	0.77671846	-25.475447
-0.12118228	-0.23064367	0.4187106	0.77671846	-25.476693
-0.12118228	-0.23064367	0.4187106	0.77671846	-25.477934
-0.12118228	-0.23064367	0.4187106	0.77671846	-25.479171
-0.12118228	-0.23064367	0.4187106	0.77671846	-25.480404
-0.12118228	-0.23064367	0.4187106	0.77671846	-25.481633
-0.12118228	-0.23064367	0.4187106	0.77671846	-25.482857
-0.12118228	-0.23064367	0.4187106	0.77671846	-25.484078
-0.12118228	-0.23064367	0.4187106	0.77671846	-25.485294
-0.12118228	-0.23064367	0.4187106	0.77671846	-25.486505
-0.12118228	-0.23064367	0.4187106	0.77671846	-25.487713
-0.12118228	-0.23064367	0.4187106	0.77671846	-25.488916
-0.12118228	-0.23064367	0.4187106	0.77671846	-25.490116
-0.12118228	-0.23064367	0.4187106	0.77671846	-25.491311
-0.12118228	-0.23064367	0.4187106	0.77671846	-25.492502
-0.12118228	-0.23064367	0.4187106	0.77671846	-25.493688
-0.12118228	-0.23064367	0.4187106	0.77671846	-25.494871
-0.12118228	-0.23064367	0.4187106	0.77671846	-25.496049
-0.12118228	-0.23064367	0.4187106	0.77671846	-25.497224
-0.12118228	-0.23064367	0.4187106	0.77671846	-25.498394
-0.12118228	-0.23064367	0.4187106	0.77671846	-25.49956
-0.12118228	-0.23064367	0.4187106	0.77671846	-25.500722
-0.12118228	-0.23064367	0.4187106	0.77671846	-25.501879
-0.12118228	-0.23064367	0.4187106	0.77671846	-25.503033
-0.12118228	-0.23064367	0.4187106	0.77671846	-25.504183
-0.12118228	-0.23064367	0.4187106	0.77671846	-25.505328
-0.12118228	-0.23064367	0.4187106	0.77671846	-25.506469
-0.12118228	-0.23064367	0.4187106	0.77671846	-25.507606
-0.12118228	-0.23064367	0.4187106	0.77671846	-25.508739
-0.12118228	-0.23064367	0.4187106	0.77671846	-25.509868
-0.12118228	-0.23064367	0.4187106	0.77671846	-25.510993
-0.12118228	-0.23064367	0.4187106	0.77671846	-25.512114
-0.12118228	-0.23064367	0.4187106	0.77671846	-25.513231
-0.12118228	-0.23064367	0.4187106	0.77671846	-25.514343
-0.12118228	-0.23064367	0.4187106	0.77671846	-25.515452
-0.12118228	-0.23064367	0.4187106	0.77671846	-25.516556
-0.12118228	-0.23064367	0.4187106	0.77671846	-25.517657
-0.12118228	-0.23064367	0.4187106	0.77671846	-25.518753
-0.12118228	-0.23064367	0.4187106	0.77671846	-25.519846
-0.12118228	-0.23064367	0.4187106	0.77671846	-25.520934
-0.12118228	-0.23064367	0.4187106	0.77671846	-25.522018
-0.12118228	-0.23064367	0.4187106	0.77671846	-25.523099
-0.12118228	-0.23064367	0.4187106	0.77671846	-25.524175
-0.12118228	-0.23064367	0.4187106	0.77671846	-25.525247
-0.12118228	-0.23064367	0.4187106	0.77671846	-25.526315
-0.12118228	-0.23064367	0.4187106	0.77671846	-25.52738
-0.12118228	-0.23064367	0.4187106	0.77671846	-25.52844
-0.12118228	-0.23064367	0.4187106	0.77671846	-25.529496
-0.12118228	-0.23064367	0.4187106	0.77671846	-25.530548
-0.12118228	-0.23064367	0.4187106	0.77671846	-25.531597
-0.12118228	-0.23064367	0.4187106	0.77671846	-25.532641
-0.12118228	-0.23064367	0.4187106	0.77671846	-25.533681
-0.12118228	-0.23064367	0.4187106	0.77671846	-25.534718
-0.12118228	-0.23064367	0.4187106	0.77671846	-25.53575
-0.12118228	-0.23064367	0.4187106	0.77671846	-25.536779
-0.12118228	-0.23064367	0.4187106	0.77671846	-25.537803
-0.12118228	-0.23064367	0.4187106	0.77671846	-25.538824
-0.12118228	-0.23064367	0.4187106	0.77671846	-25.53984
-0.12118228	-0.23064367	0.4187106	0.77671846	-25.540853
-0.12118228	-0.23064367	0.4187106	0.77671846	-25.541862
-0.12118228	-0.23064367	0.4187106	0.77671846	-25.542867
-0.12118228	-0.23064367	0.4187106	0.77671846	-25.543867
-0.12118228	-0.23064367	0.4187106	0.77671846	-25.544865
-0.12118228	-0.23064367	0.4187106	0.77671846	-25.545858
-0.12118228	-0.23064367	0.4187106	0.77671846	-25.546847
-0.12118228	-0.23064367	0.4187106	0.77671846	-25.547832
-0.12118228	-0.23064367	0.4187106	0.77671846	-25.548814
-0.12118228	-0.23064367	0.4187106	0.77671846	-25.549791
-0.12118228	-0.23064367	0.4187106	0.77671846	-25.550765
-0.12118228	-0.23064367	0.4187106	0.77671846	-25.551735
-0.12118228	-0.23064367	0.4187106	0.77671846	-25.552701
-0.12118228	-0.23064367	0.4187106	0.77671846	-25.553663
-0.12118228	-0.23064367	0.4187106	0.77671846	-25.554621
-0.12118228	-0.23064367	0.4187106	0.77671846	-25.555576
-0.12118228	-0.23064367	0.4187106	0.77671846	-25.556526
-0.12118228	-0.23064367	0.4187106	0.77671846	-25.557473
-0.12118228	-0.23064367	0.4187106	0.77671846	-25.558416
-0.12118228	-0.23064367	0.4187106	0.77671846	-25.559355
-0.12118228	-0.23064367	0.4187106	0.77671846	-25.56029
-0.12118228	-0.23064367	0.4187106	0.77671846	-25.561222
-0.12118228	-0.23064367	0.4187106	0.77671846	-25.56215
-0.12118228	-0.23064367	0.4187106	0.77671846	-25.563074
-0.12118228	-0.23064367	0.4187106	0.77671846	-25.563994
-0.12118228	-0.23064367	0.4187106	0.77671846	-25.56491
-0.12118228	-0.23064367	0.4187106	0.77671846	-25.565823
-0.12118228	-0.23064367	0.4187106	0.77671846	-25.566731
-0.12118228	-0.23064367	0.4187106	0.77671846	-25.567636
-0.12118228	-0.23064367	0.4187106	0.77671846	-25.568538
-0.12118228	-0.23064367	0.4187106	0.77671846	-25.569435
-0.12118228	-0.23064367	0.4187106	0.77671846	-25.570329
-0.12118228	-0.23064367	0.4187106	0.77671846	-25.571219
-0.12118228	-0.23064367	0.4187106	0.77671846	-25.572105
-0.12118228	-0.23064367	0.4187106	0.77671846	-25.572988
-0.12118228	-0.23064367	0.4187106	0.77671846	-25.573867
-0.12118228	-0.23064367	0.4187106	0.77671846	-25.574742
-0.12118228	-0.23064367	0.4187106	0.77671846	-25.575613
-0.12118228	-0.23064367	0.4187106	0.77671846	-25.576481
-0.12118228	-0.23064367	0.4187106	0.77671846	-25.577345
-0.12118228	-0.23064367	0.4187106	0.77671846	-25.578205
-0.12118228	-0.23064367	0.4187106	0.77671846	-25.579062
-0.12118228	-0.23064367	0.4187106	0.77671846	-25.579915
-0.12118228	-0.23064367	0.4187106	0.77671846	-25.580764
-0.12118228	-0.23064367	0.4187106	0.77671846	-25.58161
-0.12118228	-0.23064367	0.4187106	0.77671846	-25.582452
-0.12118228	-0.23064367	0.4187106	0.77671846	-25.58329
-0.12118228	-0.23064367	0.4187106	0.77671846	-25.584125
-0.12118228	-0.23064367	0.4187106	0.77671846	-25.584956
-0.12118228	-0.23064367	0.4187106	0.77671846	-25.585783
-0.12118228	-0.23064367	0.4187106	0.77671846	-25.586607
-0.12118228	-0.23064367	0.4187106	0.77671846	-25.587427
-0.12118228	-0.23064367	0.4187106	0.77671846	-25.588243
-0.12118228	-0.23064367	0.4187106	0.77671846	-25.589056
-0.12118228	-0.23064367	0.4187106	0.77671846	-25.589866
-0.12118228	-0.23064367	0.4187106	0.77671846	-25.590671
-0.12118228	-0.23064367	0.4187106	0.77671846	-25.591473
-0.12118228	-0.23064367	0.4187106	0.77671846	-25.592272
-0.12118228	-0.23064367	0.4187106	0.77671846	-25.593067
-0.12118228	-0.23064367	0.4187106	0.77671846	-25.593858
-0.12118228	-0.23064367	0.4187106	0.77671846	-25.594646
-0.12118228	-0.23064367	0.4187106	0.77671846	-25.59543
-0.12118228	-0.23064367	0.4187106	0.77671846	-25.596211
-0.12118228	-0.23064367	0.4187106	0.77671846	-25.596988
-0.12118228	-0.23064367	0.4187106	0.77671846	-25.597762
-0.12118228	-0.23064367	0.4187106	0.77671846	-25.598532
-0.12118228	-0.23064367	0.4187106	0.77671846	-25.599298
-0.12118228	-0.23064367	0.4187106	0.77671846	-25.600061
-0.12118228	-0.23064367	0.4187106	0.77671846	-25.600821
-0.12118228	-0.23064367	0.4187106	0.77671846	-25.601577
-0.12118228	-0.23064367	0.4187106	0.77671846	-25.602329
-0.12118228	-0.23064367	0.4187106	0.77671846	-25.603078
-0.12118228	-0.23064367	0.4187106	0.77671846	-25.603824
-0.12118228	-0.23064367	0.4187106	0.77671846	-25.604566
-0.12118228	-0.23064367	0.4187106	0.77671846	-25.605304
-0.12118228	-0.23064367	0.4187106	0.77671846	-25.606039
-0.12118228	-0.23064367	0.4187106	0.77671846	-25.606771
-0.12118228	-0.23064367	0.4187106	0.77671846	-25.607499
-0.12118228	-0.23064367	0.4187106	0.77671846	-25.608224
-0.12118228	-0.23064367	0.4187106	0.77671846	-25.608945
-0.12118228	-0.23064367	0.4187106	0.77671846	-25.609663
-0.12118228	-0.23064367	0.4187106	0.77671846	-25.610377
-0.12118228	-0.23064367	0.4187106	0.77671846	-25.611088
-0.12118228	-0.23064367	0.4187106	0.77671846	-25.611796
-0.12118228	-0.23064367	0.4187106	0.77671846	-25.6125
-0.12118228	-0.23064367	0.4187106	0.77671846	-25.613201
-0.12118228	-0.23064367	0.4187106	0.77671846	-25.613898
-0.12118228	-0.23064367	0.4187106	0.77671846	-25.614592
-0.12118228	-0.23064367	0.4187106	0.77671846	-25.615283
-0.12118228	-0.23064367	0.4187106	0.77671846	-25.61597
-0.12118228	-0.23064367	0.4187106	0.77671846	-25.616654
-0.12118228	-0.23064367	0.4187106	0.77671846	-25.617335
-0.12118228	-0.23064367	0.4187106	0.77671846	-25.618012
-0.12118228	-0.23064367	0.4187106	0.77671846	-25.618685
-0.12118228	-0.23064367	0.4187106	0.77671846	-25.619356
-0.12118228	-0.23064367	0.4187106	0.77671846	-25.620023
-0.12118228	-0.23064367	0.4187106	0.77671846	-25.620687
-0.12118228	-0.23064367	0.4187106	0.77671846	-25.621347
-0.12118228	-0.23064367	0.4187106	0.77671846	-25.622004
-0.12118228	-0.23064367	0.4187106	0.77671846	-25.622658
-0.12118228	-0.23064367	0.4187106	0.77671846	-25.623309
-0.12118228	-0.23064367	0.4187106	0.77671846	-25.623956
-0.12118228	-0.23064367	0.4187106	0.77671846	-25.6246
-0.12118228	-0.23064367	0.4187106	0.77671846	-25.625241
-0.12118228	-0.23064367	0.4187106	0.77671846	-25.625878
-0.12118228	-0.23064367	0.4187106	0.77671846	-25.626512
-0.12118228	-0.23064367	0.4187106	0.77671846	-25.627143
-0.12118228	-0.23064367	0.4187106	0.77671846	-25.627771
-0.12118228	-0.23064367	0.4187106	0.77671846	-25.628395
-0.12118228	-0.23064367	0.4187106	0.77671846	-25.629016
-0.12118228	-0.23064367	0.4187106	0.77671846	-25.629634
-0.12118228	-0.23064367	0.4187106	0.77671846	-25.630249
-0.12118228	-0.23064367	0.4187106	0.77671846	-25.63086
-0.12118228	-0.23064367	0.4187106	0.77671846	-25.631469
-0.12118228	-0.23064367	0.4187106	0.77671846	-25.632074
-0.12118228	-0.23064367	0.4187106	0.77671846	-25.632676
-0.12118228	-0.23064367	0.4187106	0.77671846	-25.633274
-0.12118228	-0.23064367	0.4187106	0.77671846	-25.63387
-0.12118228	-0.23064367	0.4187106	0.77671846	-25.634462
-0.12118228	-0.23064367	0.4187106	0.77671846	-25.635051
-0.12118228	-0.23064367	0.4187106	0.77671846	-25.635637
-0.12118228	-0.23064367	0.4187106	0.77671846	-25.63622
-0.12118228	-0.23064367	0.4187106	0.77671846	-25.6368
-0.12118228	-0.23064367	0.4187106	0.77671846	-25.637376
-0.12118228	-0.23064367	0.4187106	0.77671846	-25.63795
-0.12118228	-0.23064367	0.4187106	0.77671846	-25.63852
-0.12118228	-0.23064367	0.4187106	0.77671846	-25.639087
-0.12118228	-0.23064367	0.4187106	0.77671846	-25.639651
-0.12118228	-0.23064367	0.4187106	0.77671846	-25.640212
-0.12118228	-0.23064367	0.4187106	0.77671846	-25.64077
-0.12118228	-0.23064367	0.4187106	0.77671846	-25.641325
-0.12118228	-0.23064367	0.4187106	0.77671846	-25.641876
-0.12118228	-0.23064367	0.4187106	0.77671846	-25.642425
-0.12118228	-0.23064367	0.4187106	0.77671846	-25.642971
-0.12118228	-0.23064367	0.4187106	0.77671846	-25.643513
-0.12118228	-0.23064367	0.4187106	0.77671846	-25.644053
-0.12118228	-0.23064367	0.4187106	0.77671846	-25.644589
-0.12118228	-0.23064367	0.4187106	0.77671846	-25.645122
-0.12118228	-0.23064367	0.4187106	0.77671846	-25.645653
-0.12118228	-0.23064367	0.4187106	0.77671846	-25.64618
-0.12118228	-0.23064367	0.4187106	0.77671846	-25.646704
-0.12118228	-0.23064367	0.4187106	0.77671846	-25.647225
-0.12118228	-0.23064367	0.4187106	0.77671846	-25.647744
-0.12118228	-0.23064367	0.4187106	0.77671846	-25.648259
-0.12118228	-0.23064367	0.4187106	0.77671846	-25.648771
-0.12118228	-0.23064367	0.4187106	0.77671846	-25.64928
-0.12118228	-0.23064367	0.4187106	0.77671846	-25.649787
-0.12118228	-0.23064367	0.4187106	0.77671846	-25.65029
-0.12118228	-0.23064367	0.4187106	0.77671846	-25.650791
-0.12118228	-0.23064367	0.4187106	0.77671846	-25.651288
-0.12118228	-0.23064367	0.4187106	0.77671846	-25.651782
-0.12118228	-0.23064367	0.4187106	0.77671846	-25.652274
-0.12118228	-0.23064367	0.4187106	0.77671846	-25.652763
-0.12118228	-0.23064367	0.4187106	0.77671846	-25.653248
-0.12118228	-0.23064367	0.4187106	0.77671846	-25.653731
-0.12118228	-0.23064367	0.4187106	0.77671846	-25.654211
-0.12118228	-0.23064367	0.4187106	0.77671846	-25.654688
-0.12118228	-0.23064367	0.4187106	0.77671846	-25.655162
-0.12118228	-0.23064367	0.4187106	0.77671846	-25.655633
-0.12118228	-0.23064367	0.4187106	0.77671846	-25.656102
-0.12118228	-0.23064367	0.4187106	0.77671846	-25.656567
-0.12118228	-0.23064367	0.4187106	0.77671846	-25.65703
-0.12118228	-0.23064367	0.4187106	0.77671846	-25.65749
-0.12118228	-0.23064367	0.4187106	0.77671846	-25.657946
-0.12118228	-0.23064367	0.4187106	0.77671846	-25.658401
-0.12118228	-0.23064367	0.4187106	0.77671846	-25.658852
-0.12118228	-0.23064367	0.4187106	0.77671846	-25.6593
-0.12118228	-0.23064367	0.4187106	0.77671846	-25.659746
-0.12118228	-0.23064367	0.4187106	0.77671846	-25.660189
-0.12118228	-0.23064367	0.4187106	0.77671846	-25.660629
-0.12118228	-0.23064367	0.4187106	0.77671846	-25.661066
-0.12118228	-0.23064367	0.4187106	0.77671846	-25.6615
-0.12118228	-0.23064367	0.4187106	0.77671846	-25.661932
-0.12118228	-0.23064367	0.4187106	0.77671846	-25.662361
-0.12118228	-0.23064367	0.4187106	0.77671846	-25.662787
-0.12118228	-0.23064367	0.4187106	0.77671846	-25.66321
-0.12118228	-0.23064367	0.4187106	0.77671846	-25.663631
-0.12118228	-0.23064367	0.4187106	0.77671846	-25.664049
-0.12118228	-0.23064367	0.4187106	0.77671846	-25.664464
-0.12118228	-0.23064367	0.4187106	0.77671846	-25.664876
-0.12118228	-0.23064367	0.4187106	0.77671846	-25.665286
-0.12118228	-0.23064367	0.4187106	0.77671846	-25.665693
-0.12118228	-0.23064367	0.4187106	0.77671846	-25.666097
-0.12118228	-0.23064367	0.4187106	0.77671846	-25.666499
-0.12118228	-0.23064367	0.4187106	0.77671846	-25.666898
-0.12118228	-0.23064367	0.4187106	0.77671846	-25.667294
-0.12118228	-0.23064367	0.4187106	0.77671846	-25.667688
-0.12118228	-0.23064367	0.4187106	0.77671846	-25.668079
-0.12118228	-0.23064367	0.4187106	0.77671846	-25.668467
-0.12118228	-0.23064367	0.4187106	0.77671846	-25.668852
-0.12118228	-0.23064367	0.4187106	0.77671846	-25.669235
-0.12118228	-0.23064367	0.4187106	0.77671846	-25.669616
-0.12118228	-0.23064367	0.4187106	0.77671846	-25.669994
-0.12118228	-0.23064367	0.4187106	0.77671846	-25.670369
-0.12118228	-0.23064367	0.4187106	0.77671846	-25.670741
-0.12118228	-0.23064367	0.4187106	0.77671846	-25.671111
-0.12118228	-0.23064367	0.4187106	0.77671846	-25.671478
-0.12118228	-0.23064367	0.4187106	0.77671846	-25.671843
-0.12118228	-0.23064367	0.4187106	0.77671846	-25.672205
-0.12118228	-0.23064367	0.4187106	0.77671846	-25.672565
-0.12118228	-0.23064367	0.4187106	0.77671846	-25.672922
-0.12118228	-0.23064367	0.4187106	0.77671846	-25.673276
-0.12118228	-0.23064367	0.4187106	0.77671846	-25.673628
-0.12118228	-0.23064367	0.4187106	0.77671846	-25.673978
-0.12118228	-0.23064367	0.4187106	0.77671846	-25.674325
-0.12118228	-0.23064367	0.4187106	0.77671846	-25.674669
-0.12118228	-0.23064367	0.4187106	0.77671846	-25.675011
-0.12118228	-0.23064367	0.4187106	0.77671846	-25.67535
-0.12118228	-0.23064367	0.4187106	0.77671846	-25.675687
-0.12118228	-0.23064367	0.4187106	0.77671846	-25.676022
-0.12118228	-0.23064367	0.4187106	0.77671846	-25.676354
-0.12118228	-0.23064367	0.4187106	0.77671846	-25.676683
-0.12118228	-0.23064367	0.4187106	0.77671846	-25.67701
-0.12118228	-0.23064367	0.4187106	0.77671846	-25.677335
-0.12118228	-0.23064367	0.4187106	0.77671846	-25.677657
-0.12118228	-0.23064367	0.4187106	0.77671846	-25.677976
-0.12118228	-0.23064367	0.4187106	0.77671846	-25.678293
-0.12118228	-0.23064367	0.4187106	0.77671846	-25.678608
-0.12118228	-0.23064367	0.4187106	0.77671846	-25.678921
-0.12118228	-0.23064367	0.4187106	0.77671846	-25.679231
-0.12118228	-0.23064367	0.4187106	0.77671846	-25.679538
-0.12118228	-0.23064367	0.4187106	0.77671846	-25.679843
-0.12118228	-0.23064367	0.4187106	0.77671846	-25.680146
-0.12118228	-0.23064367	0.4187106	0.77671846	-25.680447
-0.12118228	-0.23064367	0.4187106	0.77671846	-25.680745
-0.12118228	-0.23064367	0.4187106	0.77671846	-25.681041
-0.12118228	-0.23064367	0.4187106	0.77671846	-25.681334
-0.12118228	-0.23064367	0.4187106	0.77671846	-25.681625
-0.12118228	-0.23064367	0.4187106	0.77671846	-25.681914
-0.12118228	-0.23064367	0.4187106	0.77671846	-25.6822
-0.12118228	-0.23064367	0.4187106	0.77671846	-25.682484
-0.12118228	-0.23064367	0.4187106	0.77671846	-25.682766
-0.12118228	-0.23064367	0.4187106	0.77671846	-25.683046
-0.12118228	-0.23064367	0.4187106	0.77671846	-25.683323
-0.12118228	-0.23064367	0.4187106	0.77671846	-25.683598
-0.12118228	-0.23064367	0.4187106	0.77671846	-25.683871
-0.12118228	-0.23064367	0.4187106	0.77671846	-25.684141
-0.12118228	-0.23064367	0.4187106	0.77671846	-25.684409
-0.12118228	-0.23064367	0.4187106	0.77671846	-25.684675
-0.12118228	-0.23064367	0.4187106	0.77671846	-25.684939
-0.12118228	-0.23064367	0.4187106	0.77671846	-25.6852
-0.12118228	-0.23064367	0.4187106	0.77671846	-25.685459
-0.12118228	-0.23064367	0.4187106	0.77671846	-25.685716
-0.12118228	-0.23064367	0.4187106	0.77671846	-25.685971
-0.12118228	-0.23064367	0.4187106	0.77671846	-25.686224
-0.12118228	-0.23064367	0.4187106	0.77671846	-25.686474
-0.12118228	-0.23064367	0.4187106	0.77671846	-25.686723
-0.12118228	-0.23064367	0.4187106	0.77671846	-25.686969
-0.12118228	-0.23064367	0.4187106	0.77671846	-25.687213
-0.12118228	-0.23064367	0.4187106	0.77671846	-25.687455
-0.12118228	-0.23064367	0.4187106	0.77671846	-25.687694
-0.12118228	-0.23064367	0.4187106	0.77671846	-25.687932
-0.12118228	-0.23064367	0.4187106	0.77671846	-25.688167
-0.12118228	-0.23064367	0.4187106	0.77671846	-25.6884
-0.12118228	-0.23064367	0.4187106	0.77671846	-25.688632
-0.12118228	-0.23064367	0.4187106	0.77671846	-25.688861
-0.12118228	-0.23064367	0.4187106	0.77671846	-25.689088
-0.12118228	-0.23064367	0.4187106	0.77671846	-25.689313
-0.12118228	-0.23064367	0.4187106	0.77671846	-25.689535
-0.12118228	-0.23064367	0.4187106	0.77671846	-25.689756
-0.12118228	-0.23064367	0.4187106	0.77671846	-25.689975
-0.12118228	-0.23064367	0.4187106	0.77671846	-25.690192
-0.12118228	-0.23064367	0.4187106	0.77671846	-25.690406
-0.12118228	-0.23064367	0.4187106	0.77671846	-25.690619
-0.12118228	-0.23064367	0.4187106	0.77671846	-25.690829
-0.12118228	-0.23064367	0.4187106	0.77671846	-25.691038
-0.12118228	-0.23064367	0.4187106	0.77671846	-25.691245
-0.12118228	-0.23064367	0.4187106	0.77671846	-25.691449
-0.12118228	-0.23064367	0.4187106	0.77671846	-25.691652
-0.12118228	-0.23064367	0.4187106	0.77671846	-25.691852
-0.12118228	-0.23064367	0.4187106	0.77671846	-25.692051
-0.12118228	-0.23064367	0.4187106	0.77671846	-25.692248
-0.12118228	-0.23064367	0.4187106	0.77671846	-25.692442
-0.12118228	-0.23064367	0.4187106	0.77671846	-25.692635
-0.12118228	-0.23064367	0.4187106	0.77671846	-25.692826
-0.12118228	-0.23064367	0.4187106	0.77671846	-25.693015
-0.12118228	-0.23064367	0.4187106	0.77671846	-25.693202
-0.12118228	-0.23064367	0.4187106	0.77671846	-25.693387
-0.12118228	-0.23064367	0.4187106	0.77671846	-25.69357
-0.12118228	-0.23064367	0.4187106	0.77671846	-25.693752
-0.12118228	-0.23064367	0.4187106	0.77671846	-25.693931
-0.12118228	-0.23064367	0.4187106	0.77671846	-25.694109
-0.12118228	-0.23064367	0.4187106	0.77671846	-25.694285
-0.12118228	-0.23064367	0.4187106	0.77671846	-25.694458
-0.12118228	-0.23064367	0.4187106	0.77671846	-25.694631
-0.12118228	-0.23064367	0.4187106	0.77671846	-25.694801
-0.12118228	-0.23064367	0.4187106	0.77671846	-25.694969
-0.12118228	-0.23064367	0.4187106	0.77671846	-25.695136
-0.12118228	-0.23064367	0.4187106	0.77671846	-25.695301
-0.12118228	-0.23064367	0.4187106	0.77671846	-25.695463
-0.12118228	-0.23064367	0.4187106	0.77671846	-25.695625
-0.12118228	-0.23064367	0.4187106	0.77671846	-25.695784
-0.12118228	-0.23064367	0.4187106	0.77671846	-25.695942
-0.12118228	-0.23064367	0.4187106	0.77671846	-25.696098
-0.12118228	-0.23064367	0.4187106	0.77671846	-25.696252
-0.12118228	-0.23064367	0.4187106	0.77671846	-25.696404
-0.12118228	-0.23064367	0.4187106	0.77671846	-25.696555
-0.12118228	-0.23064367	0.4187106	0.77671846	-25.696704
-0.12118228	-0.23064367	0.4187106	0.77671846	-25.696851
-0.12118228	-0.23064367	0.4187106	0.77671846	-25.696997
-0.12118228	-0.23064367	0.4187106	0.77671846	-25.69714
-0.12118228	-0.23064367	0.4187106	0.77671846	-25.697282
-0.12118228	-0.23064367	0.4187106	0.77671846	-25.697423
-0.12118228	-0.23064367	0.4187106	0.77671846	-25.697562
-0.12118228	-0.23064367	0.4187106	0.77671846	-25.697699
-0.12118228	-0.23064367	0.4187106	0.77671846	-25.697834
-0.12118228	-0.23064367	0.4187106	0.77671846	-25.697968
-0.12118228	-0.23064367	0.4187106	0.77671846	-25.6981
-0.12118228	-0.23064367	0.4187106	0.77671846	-25.698231
-0.12118228	-0.23064367	0.4187106	0.77671846	-25.69836
-0.12118228	-0.23064367	0.4187106	0.77671846	-25.698487
-0.12118228	-0.23064367	0.4187106	0.77671846	-25.698613
-0.12118228	-0.23064367	0.4187106	0.77671846	-25.698737
-0.12118228	-0.23064367	0.4187106	0.77671846	-25.69886
-0.12118228	-0.23064367	0.4187106	0.77671846	-25.698981
-0.12118228	-0.23064367	0.4187106	0.77671846	-25.699101
-0.12118228	-0.23064367	0.4187106	0.77671846	-25.699219
-0.12118228	-0.23064367	0.4187106	0.77671846	-25.699335
-0.12118228	-0.23064367	0.4187106	0.77671846	-25.69945
-0.12118228	-0.23064367	0.4187106	0.77671846	-25.699563
-0.12118228	-0.23064367	0.4187106	0.77671846	-25.699675
-0.12118228	-0.23064367	0.4187106	0.77671846	-25.699785
-0.12118228	-0.23064367	0.4187106	0.77671846	-25.699894
-0.12118228	-0.23064367	0.4187106	0.77671846	-25.700002
-0.12118228	-0.23064367	0.4187106	0.77671846	-25.700108
-0.12118228	-0.23064367	0.4187106	0.77671846	-25.700212
-0.12118228	-0.23064367	0.4187106	0.77671846	-25.700315
-0.12118228	-0.23064367	0.4187106	0.77671846	-25.700417
-0.12118228	-0.23064367	0.4187106	0.77671846	-25.700517
-0.12118228	-0.23064367	0.4187106	0.77671846	-25.700616
-0.12118228	-0.23064367	0.4187106	0.77671846	-25.700713
-0.12118228	-0.23064367	0.4187106	0.77671846	-25.700809
-0.12118228	-0.23064367	0.4187106	0.77671846	-25.700903
-0.12118228	-0.23064367	0.4187106	0.77671846	-25.700997
-0.12118228	-0.23064367	0.4187106	0.77671846	-25.701088
-0.12118228	-0.23064367	0.4187106	0.77671846	-25.701179
-0.12118228	-0.23064367	0.4187106	0.77671846	-25.701268
-0.12118228	-0.23064367	0.4187106	0.77671846	-25.701355
-0.12118228	-0.23064367	0.4187106	0.77671846	-25.701442
-0.12118228	-0.23064367	0.4187106	0.77671846	-25.701527
-0.12118228	-0.23064367	0.4187106	0.77671846	-25.701611
-0.12118228	-0.23064367	0.4187106	0.77671846	-25.701693
-0.12118228	-0.23064367	0.4187106	0.77671846	-25.701774
-0.12118228	-0.23064367	0.4187106	0.77671846	-25.701854
-0.12118228	-0.23064367	0.4187106	0.77671846	-25.701932
-0.12118228	-0.23064367	0.4187106	0.77671846	-25.70201
-0.12118228	-0.23064367	0.4187106	0.77671846	-25.702086
-0.12118228	-0.23064367	0.4187106	0.77671846	-25.70216
-0.12118228	-0.23064367	0.4187106	0.77671846	-25.702234
-0.12118228	-0.23064367	0.4187106	0.77671846	-25.702306
-0.12118228	-0.23064367	0.4187106	0.77671846	-25.702377
-0.12118228	-0.23064367	0.4187106	0.77671846	-25.702447
-0.12118228	-0.23064367	0.4187106	0.77671846	-25.702516
-0.12118228	-0.23064367	0.4187106	0.77671846	-25.702583
-0.12118228	-0.23064367	0.4187106	0.77671846	-25.70265
-0.12118228	-0.23064367	0.4187106	0.77671846	-25.702715
-0.12118228	-0.23064367	0.4187106	0.77671846	-25.702779
-0.12118228	-0.23064367	0.4187106	0.77671846	-25.702842
-0.12118228	-0.23064367	0.4187106	0.77671846	-25.702903
-0.12118228	-0.23064367	0.4187106	0.77671846	-25.702964
-0.12118228	-0.23064367	0.4187106	0.77671846	-25.703023
-0.12118228	-0.23064367	0.4187106	0.77671846	-25.703082
-0.12118228	-0.23064367	0.4187106	0.77671846	-25.703139
-0.12118228	-0.23064367	0.4187106	0.77671846	-25.703195
-0.12118228	-0.23064367	0.4187106	0.77671846	-25.70325
-0.12118228	-0.23064367	0.4187106	0.77671846	-25.703304
-0.12118228	-0.23064367	0.4187106	0.77671846	-25.703357
-0.12118228	-0.23064367	0.4187106	0.77671846	-25.703409
-0.12118228	-0.23064367	0.4187106	0.77671846	-25.70346
-0.12118228	-0.23064367	0.4187106	0.77671846	-25.70351
-0.12118228	-0.23064367	0.4187106	0.77671846	-25.703559
-0.12118228	-0.23064367	0.4187106	0.77671846	-25.703606
-0.12118228	-0.23064367	0.4187106	0.77671846	-25.703653
-0.12118228	-0.23064367	0.4187106	0.77671846	-25.703699
-0.12118228	-0.23064367	0.4187106	0.77671846	-25.703744
-0.12118228	-0.23064367	0.4187106	0.77671846	-25.703788
-0.12118228	-0.23064367	0.4187106	0.77671846	-25.703831
-0.12118228	-0.23064367	0.4187106	0.77671846	-25.703873
-0.12118228	-0.23064367	0.4187106	0.77671846	-25.703914
-0.12118228	-0.23064367	0.4187106	0.77671846	-25.703954
-0.12118228	-0.23064367	0.4187106	0.77671846	-25.703993
-0.12118228	-0.23064367	0.4187106	0.77671846	-25.704031
-0.12118228	-0.23064367	0.4187106	0.77671846	-25.704069
-0.12118228	-0.23064367	0.4187106	0.77671846	-25.704105
-0.12118228	-0.23064367	0.4187106	0.77671846	-25.704141
-0.12118228	-0.23064367	0.4187106	0.77671846	-25.704175
-0.12118228	-0.23064367	0.4187106	0.77671846	-25.704209
-0.12118228	-0.23064367	0.4187106	0.77671846	-25.704242
-0.12118228	-0.23064367	0.4187106	0.77671846	-25.704275
-0.12118228	-0.23064367	0.4187106	0.77671846	-25.704306
-0.12118228	-0.23064367	0.4187106	0.77671846	-25.704337
-0.12118228	-0.23064367	0.4187106	0.77671846	-25.704366
-0.12118228	-0.23064367	0.4187106	0.77671846	-25.704395
-0.12118228	-0.23064367	0.4187106	0.77671846	-25.704423
-0.12118228	-0.23064367	0.4187106	0.77671846	-25.704451
-0.12118228	-0.23064367	0.4187106	0.77671846	-25.704478
-0.12118228	-0.23064367	0.4187106	0.77671846	-25.704503
-0.12118228	-0.23064367	0.4187106	0.77671846	-25.704529
-0.12118228	-0.23064367	0.4187106	0.77671846	-25.704553
-0.12118228	-0.23064367	0.4187106	0.77671846	-25.704577
-0.12118228	-0.23064367	0.4187106	0.77671846	-25.7046
-0.12118228	-0.23064367	0.4187106	0.77671846	-25.704622
-0.12118228	-0.23064367	0.4187106	0.77671846	-25.704644
-0.12118228	-0.23064367	0.4187106	0.77671846	-25.704665
-0.12118228	-0.23064367	0.4187106	0.77671846	-25.704685
-0.12118228	-0.23064367	0.4187106	0.77671846	-25.704705
-0.12118228	-0.23064367	0.4187106	0.77671846	-25.704724
-0.12118228	-0.23064367	0.4187106	0.77671846	-25.704742
-0.12118228	-0.23064367	0.4187106	0.77671846	-25.70476
-0.12118228	-0.23064367	0.4187106	0.77671846	-25.704777
-0.12118228	-0.23064367	0.4187106	0.77671846	-25.704793
-0.12118228	-0.23064367	0.4187106	0.77671846	-25.704809
-0.12118228	-0.23064367	0.4187106	0.77671846	-25.704824
-0.12118228	-0.23064367	0.4187106	0.77671846	-25.704839
-0.12118228	-0.23064367	0.4187106	0.77671846	-25.704853
-0.12118228	-0.23064367	0.4187106	0.77671846	-25.704867
-0.12118228	-0.23064367	0.4187106	0.77671846	-25.70488
-0.12118228	-0.23064367	0.4187106	0.77671846	-25.704893
-0.12118228	-0.23064367	0.4187106	0.77671846	-25.704905
-0.12118228	-0.23064367	0.4187106	0.77671846	-25.704916
-0.12118228	-0.23064367	0.4187106	0.77671846	-25.704927
-0.12118228	-0.23064367	0.4187106	0.77671846	-25.704938
-0.12118228	-0.23064367	0.4187106	0.77671846	-25.704948
-0.12118228	-0.23064367	0.4187106	0.77671846	-25.704957
-0.12118228	-0.23064367	0.4187106	0.77671846	-25.704967
-0.12118228	-0.23064367	0.4187106	0.77671846	-25.704975
-0.12118228	-0.23064367	0.4187106	0.77671846	-25.704984
-0.12118228	-0.23064367	0.4187106	0.77671846	-25.704991
-0.12118228	-0.23064367	0.4187106	0.77671846	-25.704999
-0.12118228	-0.23064367	0.4187106	0.77671846	-25.705006
-0.12118228	-0.23064367	0.4187106	0.77671846	-25.705013
-0.12118228	-0.23064367	0.4187106	0.77671846	-25.705019
-0.12118228	-0.23064367	0.4187106	0.77671846	-25.705025
-0.12118228	-0.23064367	0.4187106	0.77671846	-25.70503
-0.12118228	-0.23064367	0.4187106	0.77671846	-25.705036
-0.12118228	-0.23064367	0.4187106	0.77671846	-25.70504
-0.12118228	-0.23064367	0.4187106	0.77671846	-25.705045
-0.12118228	-0.23064367	0.4187106	0.77671846	-25.705049
-0.12118228	-0.23064367	0.4187106	0.77671846	-25.705053
-0.12118228	-0.23064367	0.4187106	0.77671846	-25.705057
-0.12118228	-0.23064367	0.4187106	0.77671846	-25.70506
-0.12118228	-0.23064367	0.4187106	0.77671846	-25.705063
-0.12118228	-0.23064367	0.4187106	0.77671846	-25.705066
-0.12118228	-0.23064367	0.4187106	0.77671846	-25.705069
-0.12118228	-0.23064367	0.4187106	0.77671846	-25.705071
-0.12118228	-0.23064367	0.4187106	0.77671846	-25.705073
-0.12118228	-0.23064367	0.4187106	0.77671846	-25.705075
-0.12118228	-0.23064367	0.4187106	0.77671846	-25.705077
-0.12118228	-0.23064367	0.4187106	0.77671846	-25.705079
-0.12118228	-0.23064367	0.4187106	0.77671846	-25.70508
-0.12118228	-0.23064367	0.4187106	0.77671846	-25.705081
-0.12118228	-0.23064367	0.4187106	0.77671846	-25.705082
-0.12118228	-0.23064367	0.4187106	0.77671846	-25.705083
-0.12118228	-0.23064367	0.4187106	0.77671846	-25.705084
-0.12118228	-0.23064367	0.4187106	0.77671846	-25.705084
-0.12118228	-0.23064367	0.4187106	0.77671846	-25.705085
-0.12118228	-0.23064367	0.4187106	0.77671846	-25.705085
-0.12118228	-0.23064367	0.4187106	0.77671846	-25.705086
-0.12118228	-0.23064367	0.4187106	0.77671846	-25.705086
-0.12118228	-0.23064367	0.4187106	0.77671846	-25.705086
-0.12118228	-0.23064367	0.4187106	0.77671846	-25.705086
-0.12118228	-0.23064367	0.4187106	0.77671846	-25.705086
-0.12118228	-0.23064367	0.4187106	0.77671846	-25.705086
-0.12118228	-0.23064367	0.4187106	0.77671846	-25.705086
-0.12118228	-0.23064367	0.4187106	0.77671846	-25.705086