-0.0031	69.8409	-10.0357	-0.0045	113.8079
-0.0031	69.8409	-10.0357	-0.0045	113.8079
-0.0031	69.8409	-10.0357	-0.0045	113.8079
-0.0031	69.8409	-10.0357	-0.0045	113.8079
-0.0031	69.8409	-10.0357	-0.0045	113.8079
-0.0031	69.8409	-10.0357	-0.0045	113.8079
-0.0031	69.8409	-10.0357	-0.0045	113.8079
-0.0031	69.8409	-10.0357	-0.0045	113.8079
-0.0031	69.8409	-10.0357	-0.0045	113.8079
-0.0031	69.8409	-10.0357	-0.0045	113.8079
-0.0031	69.8409	-10.0357	-0.0045	113.8079
-0.0031	69.8409	-10.0357	-0.0045	113.8079
-0.0031	69.8409	-10.0357	-0.0045	113.8079
-0.0031	69.8409	-10.0357	-0.0045	113.8079
-0.0031	69.8409	-10.0357	-0.0045	113.8079
-0.0031	69.8409	-10.0357	-0.0045	113.8079
-0.0031	69.8409	-10.0357	-0.0045	113.8079
-0.0031	69.8409	-10.0357	-0.0045	113.8079
-0.0031	69.8409	-10.0357	-0.0045	113.8079
-0.0031	69.8409	-10.0357	-0.0045	113.8079
-0.0031	69.8409	-10.0357	-0.0045	113.8079
-0.0031	69.8409	-10.0357	-0.0045	113.8079
-0.0031	69.8409	-10.0357	-0.0045	113.8079
-0.0031	69.8409	-10.0357	-0.0045	113.8079
-0.0031	69.8409	-10.0357	-0.0045	113.8079
-0.0031	69.8409	-10.0357	-0.0045	113.8079
-0.0031	69.8409	-10.0357	-0.0045	113.8079
-0.0031	69.8409	-10.0357	-0.0045	113.8079
-0.0031	69.8409	-10.0357	-0.0045	113.8079
-0.0031	69.8409	-10.0357	-0.0045	113.8079
-0.0031	69.8409	-10.0357	-0.0045	113.8079
-0.0031	69.8409	-10.0357	-0.0045	113.8079
-0.0031	69.8409	-10.0357	-0.0045	113.808
-0.0031	69.8409	-10.0357	-0.0045	113.808
-0.0031	69.8409	-10.0357	-0.0045	113.808
-0.0031	69.841	-10.0357	-0.0045	113.808
-0.0031	69.841	-10.0357	-0.0045	113.808
-0.0031	69.841	-10.0357	-0.0045	113.808
-0.0032	69.841	-10.0357	-0.0045	113.808
-0.0032	69.841	-10.0357	-0.0045	113.808
-0.0032	69.841	-10.0357	-0.0045	113.808
-0.0032	69.841	-10.0357	-0.0045	113.808
-0.0032	69.841	-10.0357	-0.0046	113.808
-0.0032	69.841	-10.0357	-0.0046	113.808
-0.0032	69.841	-10.0357	-0.0046	113.808
-0.0032	69.841	-10.0357	-0.0046	113.8081
-0.0032	69.841	-10.0357	-0.0046	113.8081
-0.0032	69.841	-10.0357	-0.0046	113.8081
-0.0032	69.841	-10.0357	-0.0046	113.8081
-0.0032	69.841	-10.0357	-0.0046	113.8081
-0.0032	69.8411	-10.0357	-0.0046	113.8081
-0.0032	69.8411	-10.0357	-0.0046	113.8081
-0.0032	69.8411	-10.0357	-0.0046	113.8081
-0.0032	69.8411	-10.0357	-0.0046	113.8081
-0.0032	69.8411	-10.0357	-0.0046	113.8082
-0.0033	69.8411	-10.0357	-0.0046	113.8082
-0.0033	69.8411	-10.0357	-0.0046	113.8082
-0.0033	69.8411	-10.0357	-0.0046	113.8082
-0.0033	69.8411	-10.0357	-0.0046	113.8082
-0.0033	69.8411	-10.0357	-0.0046	113.8082
-0.0033	69.8412	-10.0357	-0.0046	113.8083
-0.0033	69.8412	-10.0357	-0.0047	113.8083
-0.0033	69.8412	-10.0357	-0.0047	113.8083
-0.0033	69.8412	-10.0357	-0.0047	113.8083
-0.0033	69.8412	-10.0357	-0.0047	113.8083
-0.0034	69.8412	-10.0357	-0.0047	113.8084
-0.0034	69.8412	-10.0357	-0.0047	113.8084
-0.0034	69.8413	-10.0357	-0.0047	113.8084
-0.0034	69.8413	-10.0357	-0.0047	113.8084
-0.0034	69.8413	-10.0357	-0.0047	113.8084
-0.0034	69.8413	-10.0357	-0.0047	113.8085
-0.0034	69.8413	-10.0357	-0.0047	113.8085
-0.0034	69.8413	-10.0357	-0.0048	113.8085
-0.0035	69.8414	-10.0357	-0.0048	113.8085
-0.0035	69.8414	-10.0357	-0.0048	113.8086
-0.0035	69.8414	-10.0357	-0.0048	113.8086
-0.0035	69.8414	-10.0357	-0.0048	113.8086
-0.0035	69.8414	-10.0357	-0.0048	113.8086
-0.0035	69.8415	-10.0357	-0.0048	113.8087
-0.0035	69.8415	-10.0357	-0.0048	113.8087
-0.0036	69.8415	-10.0357	-0.0048	113.8087
-0.0036	69.8415	-10.0357	-0.0049	113.8088
-0.0036	69.8416	-10.0357	-0.0049	113.8088
-0.0036	69.8416	-10.0357	-0.0049	113.8088
-0.0036	69.8416	-10.0357	-0.0049	113.8089
-0.0037	69.8416	-10.0357	-0.0049	113.8089
-0.0037	69.8417	-10.0357	-0.0049	113.8089
-0.0037	69.8417	-10.0357	-0.0049	113.809
-0.0037	69.8417	-10.0357	-0.005	113.809
-0.0037	69.8417	-10.0357	-0.005	113.8091
-0.0038	69.8418	-10.0358	-0.005	113.8091
-0.0038	69.8418	-10.0358	-0.005	113.8091
-0.0038	69.8418	-10.0358	-0.005	113.8092
-0.0038	69.8419	-10.0358	-0.005	113.8092
-0.0039	69.8419	-10.0358	-0.0051	113.8093
-0.0039	69.8419	-10.0358	-0.0051	113.8093
-0.0039	69.842	-10.0358	-0.0051	113.8093
-0.0039	69.842	-10.0358	-0.0051	113.8094
-0.004	69.842	-10.0358	-0.0051	113.8094
-0.004	69.8421	-10.0358	-0.0051	113.8095
-0.004	69.8421	-10.0358	-0.0052	113.8095
-0.004	69.8421	-10.0358	-0.0052	113.8096
-0.0041	69.8422	-10.0358	-0.0052	113.8096
-0.0041	69.8422	-10.0358	-0.0052	113.8097
-0.0041	69.8422	-10.0358	-0.0053	113.8097
-0.0041	69.8423	-10.0358	-0.0053	113.8098
-0.0042	69.8423	-10.0358	-0.0053	113.8098
-0.0042	69.8423	-10.0358	-0.0053	113.8099
-0.0042	69.8424	-10.0358	-0.0053	113.81
-0.0043	69.8424	-10.0358	-0.0054	113.81
-0.0043	69.8425	-10.0358	-0.0054	113.8101
-0.0043	69.8425	-10.0358	-0.0054	113.8101
-0.0044	69.8426	-10.0358	-0.0054	113.8102
-0.0044	69.8426	-10.0358	-0.0055	113.8102
-0.0044	69.8426	-10.0358	-0.0055	113.8103
-0.0045	69.8427	-10.0358	-0.0055	113.8104
-0.0045	69.8427	-10.0358	-0.0055	113.8104
-0.0045	69.8428	-10.0358	-0.0056	113.8105
-0.0046	69.8428	-10.0358	-0.0056	113.8106
-0.0046	69.8429	-10.0358	-0.0056	113.8106
-0.0047	69.8429	-10.0358	-0.0057	113.8107
-0.0047	69.843	-10.0358	-0.0057	113.8108
-0.0047	69.843	-10.0358	-0.0057	113.8108
-0.0048	69.8431	-10.0358	-0.0057	113.8109
-0.0048	69.8431	-10.0358	-0.0058	113.811
-0.0049	69.8432	-10.0358	-0.0058	113.8111
-0.0049	69.8433	-10.0358	-0.0058	113.8111
-0.0049	69.8433	-10.0358	-0.0059	113.8112
-0.005	69.8434	-10.0358	-0.0059	113.8113
-0.005	69.8434	-10.0358	-0.0059	113.8114
-0.0051	69.8435	-10.0359	-0.006	113.8115
-0.0051	69.8435	-10.0359	-0.006	113.8115
-0.0052	69.8436	-10.0359	-0.006	113.8116
-0.0052	69.8437	-10.0359	-0.0061	113.8117
-0.0053	69.8437	-10.0359	-0.0061	113.8118
-0.0053	69.8438	-10.0359	-0.0061	113.8119
-0.0054	69.8439	-10.0359	-0.0062	113.812
-0.0054	69.8439	-10.0359	-0.0062	113.8121
-0.0055	69.844	-10.0359	-0.0062	113.8121
-0.0055	69.8441	-10.0359	-0.0063	113.8122
-0.0056	69.8441	-10.0359	-0.0063	113.8123
-0.0056	69.8442	-10.0359	-0.0064	113.8124
-0.0057	69.8443	-10.0359	-0.0064	113.8125
-0.0057	69.8443	-10.0359	-0.0064	113.8126
-0.0058	69.8444	-10.0359	-0.0065	113.8127
-0.0058	69.8445	-10.0359	-0.0065	113.8128
-0.0059	69.8445	-10.0359	-0.0066	113.8129
-0.0059	69.8446	-10.0359	-0.0066	113.813
-0.006	69.8447	-10.0359	-0.0066	113.8131
-0.0061	69.8448	-10.0359	-0.0067	113.8132
-0.0061	69.8448	-10.0359	-0.0067	113.8133
-0.0062	69.8449	-10.0359	-0.0068	113.8134
-0.0062	69.845	-10.0359	-0.0068	113.8135
-0.0063	69.8451	-10.0359	-0.0069	113.8137
-0.0064	69.8452	-10.036	-0.0069	113.8138
-0.0064	69.8452	-10.036	-0.007	113.8139
-0.0065	69.8453	-10.036	-0.007	113.814
-0.0066	69.8454	-10.036	-0.007	113.8141
-0.0066	69.8455	-10.036	-0.0071	113.8142
-0.0067	69.8456	-10.036	-0.0071	113.8144
-0.0068	69.8457	-10.036	-0.0072	113.8145
-0.0068	69.8458	-10.036	-0.0072	113.8146
-0.0069	69.8459	-10.036	-0.0073	113.8147
-0.007	69.8459	-10.036	-0.0073	113.8148
-0.007	69.846	-10.036	-0.0074	113.815
-0.0071	69.8461	-10.036	-0.0075	113.8151
-0.0072	69.8462	-10.036	-0.0075	113.8152
-0.0072	69.8463	-10.036	-0.0076	113.8154
-0.0073	69.8464	-10.036	-0.0076	113.8155
-0.0074	69.8465	-10.036	-0.0077	113.8156
-0.0075	69.8466	-10.036	-0.0077	113.8158
-0.0075	69.8467	-10.036	-0.0078	113.8159
-0.0076	69.8468	-10.036	-0.0078	113.816
-0.0077	69.8469	-10.0361	-0.0079	113.8162
-0.0078	69.847	-10.0361	-0.008	113.8163
-0.0079	69.8471	-10.0361	-0.008	113.8165
-0.0079	69.8472	-10.0361	-0.0081	113.8166
-0.008	69.8473	-10.0361	-0.0081	113.8168
-0.0081	69.8474	-10.0361	-0.0082	113.8169
-0.0082	69.8476	-10.0361	-0.0083	113.8171
-0.0083	69.8477	-10.0361	-0.0083	113.8172
-0.0084	69.8478	-10.0361	-0.0084	113.8174
-0.0084	69.8479	-10.0361	-0.0084	113.8175
-0.0085	69.848	-10.0361	-0.0085	113.8177
-0.0086	69.8481	-10.0361	-0.0086	113.8178
-0.0087	69.8482	-10.0361	-0.0086	113.818
-0.0088	69.8483	-10.0361	-0.0087	113.8182
-0.0089	69.8485	-10.0361	-0.0088	113.8183
-0.009	69.8486	-10.0362	-0.0088	113.8185
-0.0091	69.8487	-10.0362	-0.0089	113.8186
-0.0092	69.8488	-10.0362	-0.009	113.8188
-0.0093	69.849	-10.0362	-0.009	113.819
-0.0094	69.8491	-10.0362	-0.0091	113.8192
-0.0095	69.8492	-10.0362	-0.0092	113.8193
-0.0096	69.8493	-10.0362	-0.0093	113.8195
-0.0097	69.8495	-10.0362	-0.0093	113.8197
-0.0098	69.8496	-10.0362	-0.0094	113.8199
-0.0099	69.8497	-10.0362	-0.0095	113.82
-0.01	69.8499	-10.0362	-0.0096	113.8202
-0.0101	69.85	-10.0362	-0.0096	113.8204
-0.0102	69.8501	-10.0362	-0.0097	113.8206
-0.0103	69.8503	-10.0362	-0.0098	113.8208
-0.0104	69.8504	-10.0363	-0.0099	113.821
-0.0105	69.8505	-10.0363	-0.0099	113.8212
-0.0106	69.8507	-10.0363	-0.01	113.8214
-0.0107	69.8508	-10.0363	-0.0101	113.8216
-0.0108	69.851	-10.0363	-0.0102	113.8217
-0.0109	69.8511	-10.0363	-0.0103	113.8219
-0.011	69.8513	-10.0363	-0.0103	113.8221
-0.0111	69.8514	-10.0363	-0.0104	113.8223
-0.0112	69.8515	-10.0363	-0.0105	113.8226
-0.0114	69.8517	-10.0363	-0.0106	113.8228
-0.0115	69.8518	-10.0363	-0.0107	113.823
-0.0116	69.852	-10.0364	-0.0108	113.8232
-0.0117	69.8522	-10.0364	-0.0109	113.8234
-0.0118	69.8523	-10.0364	-0.0109	113.8236
-0.012	69.8525	-10.0364	-0.011	113.8238
-0.0121	69.8526	-10.0364	-0.0111	113.824
-0.0122	69.8528	-10.0364	-0.0112	113.8243
-0.0123	69.8529	-10.0364	-0.0113	113.8245
-0.0124	69.8531	-10.0364	-0.0114	113.8247
-0.0126	69.8533	-10.0364	-0.0115	113.8249
-0.0127	69.8534	-10.0364	-0.0116	113.8252
-0.0128	69.8536	-10.0364	-0.0117	113.8254
-0.0129	69.8538	-10.0365	-0.0118	113.8256
-0.0131	69.8539	-10.0365	-0.0119	113.8258
-0.0132	69.8541	-10.0365	-0.012	113.8261
-0.0133	69.8543	-10.0365	-0.0121	113.8263
-0.0135	69.8545	-10.0365	-0.0122	113.8266
-0.0136	69.8546	-10.0365	-0.0123	113.8268
-0.0137	69.8548	-10.0365	-0.0124	113.827
-0.0139	69.855	-10.0365	-0.0125	113.8273
-0.014	69.8552	-10.0365	-0.0126	113.8275
-0.0142	69.8553	-10.0365	-0.0127	113.8278
-0.0143	69.8555	-10.0366	-0.0128	113.828
-0.0144	69.8557	-10.0366	-0.0129	113.8283
-0.0146	69.8559	-10.0366	-0.013	113.8285
-0.0147	69.8561	-10.0366	-0.0131	113.8288
-0.0149	69.8563	-10.0366	-0.0132	113.8291
-0.015	69.8565	-10.0366	-0.0133	113.8293
-0.0152	69.8567	-10.0366	-0.0134	113.8296
-0.0153	69.8569	-10.0366	-0.0135	113.8299
-0.0155	69.857	-10.0366	-0.0136	113.8301
-0.0156	69.8572	-10.0367	-0.0137	113.8304
-0.0158	69.8574	-10.0367	-0.0138	113.8307
-0.0159	69.8576	-10.0367	-0.014	113.8309
-0.0161	69.8578	-10.0367	-0.0141	113.8312
-0.0162	69.858	-10.0367	-0.0142	113.8315
-0.0164	69.8583	-10.0367	-0.0143	113.8318
-0.0165	69.8585	-10.0367	-0.0144	113.8321
-0.0167	69.8587	-10.0367	-0.0145	113.8323
-0.0169	69.8589	-10.0368	-0.0146	113.8326
-0.017	69.8591	-10.0368	-0.0148	113.8329
-0.0172	69.8593	-10.0368	-0.0149	113.8332
-0.0173	69.8595	-10.0368	-0.015	113.8335
-0.0175	69.8597	-10.0368	-0.0151	113.8338
-0.0177	69.8599	-10.0368	-0.0152	113.8341
-0.0178	69.8602	-10.0368	-0.0154	113.8344
-0.018	69.8604	-10.0368	-0.0155	113.8347
-0.0182	69.8606	-10.0369	-0.0156	113.835
-0.0183	69.8608	-10.0369	-0.0157	113.8353
-0.0185	69.861	-10.0369	-0.0159	113.8356
-0.0187	69.8613	-10.0369	-0.016	113.8359
-0.0189	69.8615	-10.0369	-0.0161	113.8363
-0.019	69.8617	-10.0369	-0.0163	113.8366
-0.0192	69.862	-10.0369	-0.0164	113.8369
-0.0194	69.8622	-10.037	-0.0165	113.8372
-0.0196	69.8624	-10.037	-0.0167	113.8375
-0.0198	69.8627	-10.037	-0.0168	113.8379
-0.0199	69.8629	-10.037	-0.0169	113.8382
-0.0201	69.8631	-10.037	-0.0171	113.8385
-0.0203	69.8634	-10.037	-0.0172	113.8389
-0.0205	69.8636	-10.037	-0.0173	113.8392
-0.0207	69.8639	-10.037	-0.0175	113.8395
-0.0209	69.8641	-10.0371	-0.0176	113.8399
-0.0211	69.8644	-10.0371	-0.0178	113.8402
-0.0213	69.8646	-10.0371	-0.0179	113.8406
-0.0214	69.8649	-10.0371	-0.018	113.8409
-0.0216	69.8651	-10.0371	-0.0182	113.8412
-0.0218	69.8654	-10.0371	-0.0183	113.8416
-0.022	69.8656	-10.0372	-0.0185	113.842
-0.0222	69.8659	-10.0372	-0.0186	113.8423
-0.0224	69.8662	-10.0372	-0.0188	113.8427
-0.0226	69.8664	-10.0372	-0.0189	113.843
-0.0228	69.8667	-10.0372	-0.0191	113.8434
-0.023	69.867	-10.0372	-0.0192	113.8438
-0.0232	69.8672	-10.0372	-0.0194	113.8441
-0.0234	69.8675	-10.0373	-0.0195	113.8445
-0.0237	69.8678	-10.0373	-0.0197	113.8449
-0.0239	69.868	-10.0373	-0.0198	113.8452
-0.0241	69.8683	-10.0373	-0.02	113.8456
-0.0243	69.8686	-10.0373	-0.0201	113.846
-0.0245	69.8689	-10.0373	-0.0203	113.8464
-0.0247	69.8691	-10.0374	-0.0204	113.8468
-0.0249	69.8694	-10.0374	-0.0206	113.8472
-0.0251	69.8697	-10.0374	-0.0208	113.8476
-0.0254	69.87	-10.0374	-0.0209	113.8479
-0.0256	69.8703	-10.0374	-0.0211	113.8483
-0.0258	69.8706	-10.0374	-0.0213	113.8487
-0.026	69.8709	-10.0375	-0.0214	113.8491
-0.0263	69.8712	-10.0375	-0.0216	113.8495
-0.0265	69.8715	-10.0375	-0.0217	113.85
-0.0267	69.8718	-10.0375	-0.0219	113.8504
-0.0269	69.8721	-10.0375	-0.0221	113.8508
-0.0272	69.8724	-10.0375	-0.0223	113.8512
-0.0274	69.8727	-10.0376	-0.0224	113.8516
-0.0276	69.873	-10.0376	-0.0226	113.852
-0.0279	69.8733	-10.0376	-0.0228	113.8524
-0.0281	69.8736	-10.0376	-0.0229	113.8529
-0.0283	69.8739	-10.0376	-0.0231	113.8533
-0.0286	69.8742	-10.0377	-0.0233	113.8537
-0.0288	69.8745	-10.0377	-0.0235	113.8541
-0.0291	69.8748	-10.0377	-0.0237	113.8546
-0.0293	69.8751	-10.0377	-0.0238	113.855
-0.0295	69.8755	-10.0377	-0.024	113.8555
-0.0298	69.8758	-10.0377	-0.0242	113.8559
-0.03	69.8761	-10.0378	-0.0244	113.8563
-0.0303	69.8764	-10.0378	-0.0246	113.8568
-0.0305	69.8768	-10.0378	-0.0247	113.8572
-0.0308	69.8771	-10.0378	-0.0249	113.8577
-0.031	69.8774	-10.0378	-0.0251	113.8582
-0.0313	69.8777	-10.0379	-0.0253	113.8586
-0.0315	69.8781	-10.0379	-0.0255	113.8591
-0.0318	69.8784	-10.0379	-0.0257	113.8595
-0.0321	69.8788	-10.0379	-0.0259	113.86
-0.0323	69.8791	-10.0379	-0.0261	113.8605
-0.0326	69.8794	-10.038	-0.0263	113.8609
-0.0329	69.8798	-10.038	-0.0265	113.8614
-0.0331	69.8801	-10.038	-0.0266	113.8619
-0.0334	69.8805	-10.038	-0.0268	113.8624
-0.0337	69.8808	-10.038	-0.027	113.8629
-0.0339	69.8812	-10.0381	-0.0272	113.8633
-0.0342	69.8815	-10.0381	-0.0274	113.8638
-0.0345	69.8819	-10.0381	-0.0276	113.8643
-0.0347	69.8823	-10.0381	-0.0278	113.8648
-0.035	69.8826	-10.0381	-0.028	113.8653
-0.0353	69.883	-10.0382	-0.0283	113.8658
-0.0356	69.8833	-10.0382	-0.0285	113.8663
-0.0359	69.8837	-10.0382	-0.0287	113.8668
-0.0361	69.8841	-10.0382	-0.0289	113.8673
-0.0364	69.8844	-10.0383	-0.0291	113.8678
-0.0367	69.8848	-10.0383	-0.0293	113.8683
-0.037	69.8852	-10.0383	-0.0295	113.8689
-0.0373	69.8856	-10.0383	-0.0297	113.8694
-0.0376	69.886	-10.0383	-0.0299	113.8699
-0.0379	69.8863	-10.0384	-0.0301	113.8704
-0.0382	69.8867	-10.0384	-0.0304	113.871
-0.0384	69.8871	-10.0384	-0.0306	113.8715
-0.0387	69.8875	-10.0384	-0.0308	113.872
-0.039	69.8879	-10.0385	-0.031	113.8725
-0.0393	69.8883	-10.0385	-0.0312	113.8731
-0.0396	69.8887	-10.0385	-0.0315	113.8736
-0.0399	69.8891	-10.0385	-0.0317	113.8742
-0.0403	69.8895	-10.0386	-0.0319	113.8747
-0.0406	69.8899	-10.0386	-0.0321	113.8753
-0.0409	69.8903	-10.0386	-0.0324	113.8758
-0.0412	69.8907	-10.0386	-0.0326	113.8764
-0.0415	69.8911	-10.0386	-0.0328	113.8769
-0.0418	69.8915	-10.0387	-0.0331	113.8775
-0.0421	69.8919	-10.0387	-0.0333	113.8781
-0.0424	69.8923	-10.0387	-0.0335	113.8786
-0.0427	69.8927	-10.0387	-0.0337	113.8792
-0.0431	69.8931	-10.0388	-0.034	113.8798
-0.0434	69.8935	-10.0388	-0.0342	113.8804
-0.0437	69.894	-10.0388	-0.0345	113.8809
-0.044	69.8944	-10.0388	-0.0347	113.8815
-0.0444	69.8948	-10.0389	-0.0349	113.8821
-0.0447	69.8952	-10.0389	-0.0352	113.8827
-0.045	69.8957	-10.0389	-0.0354	113.8833
-0.0453	69.8961	-10.0389	-0.0357	113.8839
-0.0457	69.8965	-10.039	-0.0359	113.8845
-0.046	69.897	-10.039	-0.0362	113.8851
-0.0463	69.8974	-10.039	-0.0364	113.8857
-0.0467	69.8979	-10.039	-0.0367	113.8863
-0.047	69.8983	-10.0391	-0.0369	113.8869
-0.0474	69.8987	-10.0391	-0.0372	113.8875
-0.0477	69.8992	-10.0391	-0.0374	113.8881
-0.048	69.8996	-10.0391	-0.0377	113.8887
-0.0484	69.9001	-10.0392	-0.0379	113.8894
-0.0487	69.9005	-10.0392	-0.0382	113.89
-0.0491	69.901	-10.0392	-0.0384	113.8906
-0.0494	69.9015	-10.0393	-0.0387	113.8912
-0.0498	69.9019	-10.0393	-0.0389	113.8919
-0.0501	69.9024	-10.0393	-0.0392	113.8925
-0.0505	69.9028	-10.0393	-0.0395	113.8932
-0.0509	69.9033	-10.0394	-0.0397	113.8938
-0.0512	69.9038	-10.0394	-0.04	113.8944
-0.0516	69.9043	-10.0394	-0.0403	113.8951
-0.0519	69.9047	-10.0394	-0.0405	113.8957
-0.0523	69.9052	-10.0395	-0.0408	113.8964
-0.0527	69.9057	-10.0395	-0.0411	113.8971
-0.053	69.9062	-10.0395	-0.0413	113.8977
-0.0534	69.9066	-10.0396	-0.0416	113.8984
-0.0538	69.9071	-10.0396	-0.0419	113.8991
-0.0541	69.9076	-10.0396	-0.0422	113.8997
-0.0545	69.9081	-10.0396	-0.0424	113.9004
-0.0549	69.9086	-10.0397	-0.0427	113.9011
-0.0553	69.9091	-10.0397	-0.043	113.9018
-0.0557	69.9096	-10.0397	-0.0433	113.9024
-0.056	69.9101	-10.0398	-0.0436	113.9031
-0.0564	69.9106	-10.0398	-0.0438	113.9038
-0.0568	69.9111	-10.0398	-0.0441	113.9045
-0.0572	69.9116	-10.0399	-0.0444	113.9052
-0.0576	69.9121	-10.0399	-0.0447	113.9059
-0.058	69.9126	-10.0399	-0.045	113.9066
-0.0584	69.9131	-10.0399	-0.0453	113.9073
-0.0588	69.9137	-10.04	-0.0456	113.908
-0.0592	69.9142	-10.04	-0.0459	113.9087
-0.0596	69.9147	-10.04	-0.0462	113.9094
-0.06	69.9152	-10.0401	-0.0465	113.9102
-0.0604	69.9157	-10.0401	-0.0467	113.9109
-0.0608	69.9163	-10.0401	-0.047	113.9116
-0.0612	69.9168	-10.0402	-0.0473	113.9123
-0.0616	69.9173	-10.0402	-0.0476	113.9131
-0.062	69.9179	-10.0402	-0.0479	113.9138
-0.0624	69.9184	-10.0402	-0.0482	113.9145
-0.0628	69.9189	-10.0403	-0.0486	113.9153
-0.0632	69.9195	-10.0403	-0.0489	113.916
-0.0636	69.92	-10.0403	-0.0492	113.9168
-0.0641	69.9206	-10.0404	-0.0495	113.9175
-0.0645	69.9211	-10.0404	-0.0498	113.9183
-0.0649	69.9217	-10.0404	-0.0501	113.919
-0.0653	69.9222	-10.0405	-0.0504	113.9198
-0.0657	69.9228	-10.0405	-0.0507	113.9206
-0.0662	69.9233	-10.0405	-0.051	113.9213
-0.0666	69.9239	-10.0406	-0.0514	113.9221
-0.067	69.9245	-10.0406	-0.0517	113.9229
-0.0675	69.925	-10.0406	-0.052	113.9237
-0.0679	69.9256	-10.0407	-0.0523	113.9244
-0.0683	69.9262	-10.0407	-0.0526	113.9252
-0.0688	69.9267	-10.0407	-0.053	113.926
-0.0692	69.9273	-10.0408	-0.0533	113.9268
-0.0697	69.9279	-10.0408	-0.0536	113.9276
-0.0701	69.9285	-10.0408	-0.0539	113.9284
-0.0705	69.929	-10.0409	-0.0543	113.9292
-0.071	69.9296	-10.0409	-0.0546	113.93
-0.0714	69.9302	-10.0409	-0.0549	113.9308
-0.0719	69.9308	-10.041	-0.0553	113.9316
-0.0723	69.9314	-10.041	-0.0556	113.9324
-0.0728	69.932	-10.041	-0.0559	113.9333
-0.0733	69.9326	-10.0411	-0.0563	113.9341
-0.0737	69.9332	-10.0411	-0.0566	113.9349
-0.0742	69.9338	-10.0412	-0.0569	113.9357
-0.0746	69.9344	-10.0412	-0.0573	113.9366
-0.0751	69.935	-10.0412	-0.0576	113.9374
-0.0756	69.9356	-10.0413	-0.058	113.9382
-0.076	69.9362	-10.0413	-0.0583	113.9391
-0.0765	69.9368	-10.0413	-0.0587	113.9399
-0.077	69.9375	-10.0414	-0.059	113.9408
-0.0775	69.9381	-10.0414	-0.0594	113.9416
-0.0779	69.9387	-10.0414	-0.0597	113.9425
-0.0784	69.9393	-10.0415	-0.0601	113.9434
-0.0789	69.94	-10.0415	-0.0604	113.9442
-0.0794	69.9406	-10.0416	-0.0608	113.9451
-0.0799	69.9412	-10.0416	-0.0611	113.946
-0.0803	69.9419	-10.0416	-0.0615	113.9468
-0.0808	69.9425	-10.0417	-0.0618	113.9477
-0.0813	69.9431	-10.0417	-0.0622	113.9486
-0.0818	69.9438	-10.0417	-0.0626	113.9495
-0.0823	69.9444	-10.0418	-0.0629	113.9504
-0.0828	69.9451	-10.0418	-0.0633	113.9513
-0.0833	69.9457	-10.0419	-0.0637	113.9521
-0.0838	69.9464	-10.0419	-0.064	113.953
-0.0843	69.947	-10.0419	-0.0644	113.9539
-0.0848	69.9477	-10.042	-0.0648	113.9549
-0.0853	69.9483	-10.042	-0.0652	113.9558
-0.0858	69.949	-10.042	-0.0655	113.9567
-0.0863	69.9497	-10.0421	-0.0659	113.9576
-0.0868	69.9503	-10.0421	-0.0663	113.9585
-0.0873	69.951	-10.0422	-0.0667	113.9594
-0.0879	69.9517	-10.0422	-0.067	113.9604
-0.0884	69.9524	-10.0422	-0.0674	113.9613
-0.0889	69.953	-10.0423	-0.0678	113.9622
-0.0894	69.9537	-10.0423	-0.0682	113.9632
-0.0899	69.9544	-10.0424	-0.0686	113.9641
-0.0905	69.9551	-10.0424	-0.069	113.965
-0.091	69.9558	-10.0424	-0.0694	113.966
-0.0915	69.9565	-10.0425	-0.0697	113.9669
-0.0921	69.9572	-10.0425	-0.0701	113.9679
-0.0926	69.9579	-10.0426	-0.0705	113.9689
-0.0931	69.9586	-10.0426	-0.0709	113.9698
-0.0937	69.9593	-10.0426	-0.0713	113.9708
-0.0942	69.96	-10.0427	-0.0717	113.9718
-0.0947	69.9607	-10.0427	-0.0721	113.9727
-0.0953	69.9614	-10.0428	-0.0725	113.9737
-0.0958	69.9621	-10.0428	-0.0729	113.9747
-0.0964	69.9628	-10.0429	-0.0733	113.9757
-0.0969	69.9635	-10.0429	-0.0737	113.9767
-0.0975	69.9643	-10.0429	-0.0741	113.9777
-0.098	69.965	-10.043	-0.0745	113.9787
-0.0986	69.9657	-10.043	-0.075	113.9797
-0.0991	69.9664	-10.0431	-0.0754	113.9807
-0.0997	69.9672	-10.0431	-0.0758	113.9817
-0.1003	69.9679	-10.0432	-0.0762	113.9827
-0.1008	69.9686	-10.0432	-0.0766	113.9837
-0.1014	69.9694	-10.0432	-0.077	113.9847
-0.102	69.9701	-10.0433	-0.0774	113.9857
-0.1025	69.9709	-10.0433	-0.0779	113.9868
-0.1031	69.9716	-10.0434	-0.0783	113.9878
-0.1037	69.9724	-10.0434	-0.0787	113.9888
-0.1043	69.9731	-10.0435	-0.0791	113.9898
-0.1048	69.9739	-10.0435	-0.0796	113.9909
-0.1054	69.9746	-10.0436	-0.08	113.9919
-0.106	69.9754	-10.0436	-0.0804	113.993
-0.1066	69.9762	-10.0436	-0.0809	113.994
-0.1072	69.9769	-10.0437	-0.0813	113.9951
-0.1078	69.9777	-10.0437	-0.0817	113.9961
-0.1083	69.9785	-10.0438	-0.0822	113.9972
-0.1089	69.9792	-10.0438	-0.0826	113.9983
-0.1095	69.98	-10.0439	-0.083	113.9993
-0.1101	69.9808	-10.0439	-0.0835	114.0004
-0.1107	69.9816	-10.044	-0.0839	114.0015
-0.1113	69.9824	-10.044	-0.0844	114.0026
-0.1119	69.9832	-10.0441	-0.0848	114.0037
-0.1125	69.9839	-10.0441	-0.0853	114.0048
-0.1132	69.9847	-10.0441	-0.0857	114.0058
-0.1138	69.9855	-10.0442	-0.0861	114.0069
-0.1144	69.9863	-10.0442	-0.0866	114.008
-0.115	69.9871	-10.0443	-0.0871	114.0091
-0.1156	69.9879	-10.0443	-0.0875	114.0103
-0.1162	69.9888	-10.0444	-0.088	114.0114
-0.1168	69.9896	-10.0444	-0.0884	114.0125
-0.1175	69.9904	-10.0445	-0.0889	114.0136
-0.1181	69.9912	-10.0445	-0.0893	114.0147
-0.1187	69.992	-10.0446	-0.0898	114.0159
-0.1193	69.9928	-10.0446	-0.0903	114.017
-0.12	69.9937	-10.0447	-0.0907	114.0181
-0.1206	69.9945	-10.0447	-0.0912	114.0193
-0.1212	69.9953	-10.0448	-0.0917	114.0204
-0.1219	69.9961	-10.0448	-0.0921	114.0216
-0.1225	69.997	-10.0449	-0.0926	114.0227
-0.1232	69.9978	-10.0449	-0.0931	114.0239
-0.1238	69.9987	-10.045	-0.0936	114.025
-0.1245	69.9995	-10.045	-0.094	114.0262
-0.1251	70.0004	-10.0451	-0.0945	114.0273
-0.1258	70.0012	-10.0451	-0.095	114.0285
-0.1264	70.0021	-10.0452	-0.0955	114.0297
-0.1271	70.0029	-10.0452	-0.096	114.0309
-0.1277	70.0038	-10.0453	-0.0964	114.032
-0.1284	70.0046	-10.0453	-0.0969	114.0332
-0.129	70.0055	-10.0454	-0.0974	114.0344
-0.1297	70.0064	-10.0454	-0.0979	114.0356
-0.1304	70.0072	-10.0455	-0.0984	114.0368
-0.131	70.0081	-10.0455	-0.0989	114.038
-0.1317	70.009	-10.0456	-0.0994	114.0392
-0.1324	70.0099	-10.0456	-0.0999	114.0404
-0.1331	70.0107	-10.0457	-0.1004	114.0416
-0.1337	70.0116	-10.0457	-0.1009	114.0429
-0.1344	70.0125	-10.0458	-0.1014	114.0441
-0.1351	70.0134	-10.0458	-0.1019	114.0453
-0.1358	70.0143	-10.0459	-0.1024	114.0465
-0.1365	70.0152	-10.0459	-0.1029	114.0478
-0.1371	70.0161	-10.046	-0.1034	114.049
-0.1378	70.017	-10.046	-0.1039	114.0502
-0.1385	70.0179	-10.0461	-0.1044	114.0515
-0.1392	70.0188	-10.0461	-0.1049	114.0527
-0.1399	70.0197	-10.0462	-0.1054	114.054
-0.1406	70.0206	-10.0463	-0.106	114.0553
-0.1413	70.0216	-10.0463	-0.1065	114.0565
-0.142	70.0225	-10.0464	-0.107	114.0578
-0.1427	70.0234	-10.0464	-0.1075	114.059
-0.1434	70.0243	-10.0465	-0.108	114.0603
-0.1441	70.0252	-10.0465	-0.1086	114.0616
-0.1449	70.0262	-10.0466	-0.1091	114.0629
-0.1456	70.0271	-10.0466	-0.1096	114.0642
-0.1463	70.0281	-10.0467	-0.1102	114.0655
-0.147	70.029	-10.0467	-0.1107	114.0667
-0.1477	70.0299	-10.0468	-0.1112	114.068
-0.1485	70.0309	-10.0469	-0.1117	114.0693
-0.1492	70.0318	-10.0469	-0.1123	114.0706
-0.1499	70.0328	-10.047	-0.1128	114.072
-0.1506	70.0337	-10.047	-0.1134	114.0733
-0.1514	70.0347	-10.0471	-0.1139	114.0746
-0.1521	70.0357	-10.0471	-0.1144	114.0759
-0.1528	70.0366	-10.0472	-0.115	114.0772
-0.1536	70.0376	-10.0472	-0.1155	114.0786
-0.1543	70.0386	-10.0473	-0.1161	114.0799
-0.1551	70.0395	-10.0474	-0.1166	114.0812
-0.1558	70.0405	-10.0474	-0.1172	114.0826
-0.1566	70.0415	-10.0475	-0.1177	114.0839
-0.1573	70.0425	-10.0475	-0.1183	114.0853
-0.1581	70.0434	-10.0476	-0.1188	114.0866
-0.1588	70.0444	-10.0476	-0.1194	114.088
-0.1596	70.0454	-10.0477	-0.12	114.0894
-0.1603	70.0464	-10.0478	-0.1205	114.0907
-0.1611	70.0474	-10.0478	-0.1211	114.0921
-0.1619	70.0484	-10.0479	-0.1216	114.0935
-0.1626	70.0494	-10.0479	-0.1222	114.0948
-0.1634	70.0504	-10.048	-0.1228	114.0962
-0.1642	70.0514	-10.0481	-0.1233	114.0976
-0.1649	70.0524	-10.0481	-0.1239	114.099
-0.1657	70.0534	-10.0482	-0.1245	114.1004
-0.1665	70.0545	-10.0482	-0.1251	114.1018
-0.1673	70.0555	-10.0483	-0.1256	114.1032
-0.1681	70.0565	-10.0484	-0.1262	114.1046
-0.1688	70.0575	-10.0484	-0.1268	114.106
-0.1696	70.0586	-10.0485	-0.1274	114.1074
-0.1704	70.0596	-10.0485	-0.128	114.1089
-0.1712	70.0606	-10.0486	-0.1285	114.1103
-0.172	70.0617	-10.0487	-0.1291	114.1117
-0.1728	70.0627	-10.0487	-0.1297	114.1132
-0.1736	70.0638	-10.0488	-0.1303	114.1146
-0.1744	70.0648	-10.0488	-0.1309	114.116
-0.1752	70.0659	-10.0489	-0.1315	114.1175
-0.176	70.0669	-10.049	-0.1321	114.1189
-0.1768	70.068	-10.049	-0.1327	114.1204
-0.1776	70.069	-10.0491	-0.1333	114.1218
-0.1785	70.0701	-10.0492	-0.1339	114.1233
-0.1793	70.0712	-10.0492	-0.1345	114.1248
-0.1801	70.0722	-10.0493	-0.1351	114.1262
-0.1809	70.0733	-10.0493	-0.1357	114.1277
-0.1817	70.0744	-10.0494	-0.1363	114.1292
-0.1826	70.0755	-10.0495	-0.1369	114.1307
-0.1834	70.0765	-10.0495	-0.1375	114.1322
-0.1842	70.0776	-10.0496	-0.1381	114.1337
-0.185	70.0787	-10.0497	-0.1387	114.1352
-0.1859	70.0798	-10.0497	-0.1394	114.1367
-0.1867	70.0809	-10.0498	-0.14	114.1382
-0.1876	70.082	-10.0499	-0.1406	114.1397
-0.1884	70.0831	-10.0499	-0.1412	114.1412
-0.1892	70.0842	-10.05	-0.1418	114.1427
-0.1901	70.0853	-10.05	-0.1425	114.1442
-0.1909	70.0864	-10.0501	-0.1431	114.1458
-0.1918	70.0875	-10.0502	-0.1437	114.1473
-0.1926	70.0886	-10.0502	-0.1443	114.1488
-0.1935	70.0898	-10.0503	-0.145	114.1504
-0.1944	70.0909	-10.0504	-0.1456	114.1519
-0.1952	70.092	-10.0504	-0.1462	114.1535
-0.1961	70.0931	-10.0505	-0.1469	114.155
-0.1969	70.0943	-10.0506	-0.1475	114.1566
-0.1978	70.0954	-10.0506	-0.1482	114.1581
-0.1987	70.0965	-10.0507	-0.1488	114.1597
-0.1996	70.0977	-10.0508	-0.1495	114.1613
-0.2004	70.0988	-10.0508	-0.1501	114.1628
-0.2013	70.1	-10.0509	-0.1507	114.1644
-0.2022	70.1011	-10.051	-0.1514	114.166
-0.2031	70.1023	-10.051	-0.152	114.1676
-0.204	70.1034	-10.0511	-0.1527	114.1692
-0.2048	70.1046	-10.0512	-0.1534	114.1708
-0.2057	70.1057	-10.0512	-0.154	114.1724
-0.2066	70.1069	-10.0513	-0.1547	114.174
-0.2075	70.1081	-10.0514	-0.1553	114.1756
-0.2084	70.1092	-10.0515	-0.156	114.1772
-0.2093	70.1104	-10.0515	-0.1567	114.1788
-0.2102	70.1116	-10.0516	-0.1573	114.1804
-0.2111	70.1128	-10.0517	-0.158	114.1821
-0.212	70.114	-10.0517	-0.1587	114.1837
-0.2129	70.1152	-10.0518	-0.1593	114.1853
-0.2138	70.1163	-10.0519	-0.16	114.187
-0.2148	70.1175	-10.0519	-0.1607	114.1886
-0.2157	70.1187	-10.052	-0.1613	114.1903
-0.2166	70.1199	-10.0521	-0.162	114.1919
-0.2175	70.1211	-10.0522	-0.1627	114.1936
-0.2184	70.1224	-10.0522	-0.1634	114.1952
-0.2194	70.1236	-10.0523	-0.1641	114.1969
-0.2203	70.1248	-10.0524	-0.1648	114.1986
-0.2212	70.126	-10.0524	-0.1654	114.2002
-0.2222	70.1272	-10.0525	-0.1661	114.2019
-0.2231	70.1284	-10.0526	-0.1668	114.2036
-0.224	70.1297	-10.0527	-0.1675	114.2053
-0.225	70.1309	-10.0527	-0.1682	114.207
-0.2259	70.1321	-10.0528	-0.1689	114.2087
-0.2269	70.1334	-10.0529	-0.1696	114.2104
-0.2278	70.1346	-10.0529	-0.1703	114.2121
-0.2288	70.1358	-10.053	-0.171	114.2138
-0.2297	70.1371	-10.0531	-0.1717	114.2155
-0.2307	70.1383	-10.0532	-0.1724	114.2172
-0.2316	70.1396	-10.0532	-0.1731	114.2189
-0.2326	70.1408	-10.0533	-0.1738	114.2207
-0.2336	70.1421	-10.0534	-0.1745	114.2224
-0.2345	70.1434	-10.0535	-0.1752	114.2241
-0.2355	70.1446	-10.0535	-0.176	114.2259
-0.2365	70.1459	-10.0536	-0.1767	114.2276
-0.2374	70.1472	-10.0537	-0.1774	114.2294
-0.2384	70.1484	-10.0538	-0.1781	114.2311
-0.2394	70.1497	-10.0538	-0.1788	114.2329
-0.2404	70.151	-10.0539	-0.1796	114.2347
-0.2413	70.1523	-10.054	-0.1803	114.2364
-0.2423	70.1536	-10.0541	-0.181	114.2382
-0.2433	70.1549	-10.0541	-0.1817	114.24
-0.2443	70.1562	-10.0542	-0.1825	114.2418
-0.2453	70.1575	-10.0543	-0.1832	114.2435
-0.2463	70.1588	-10.0544	-0.1839	114.2453
-0.2473	70.1601	-10.0544	-0.1847	114.2471
-0.2483	70.1614	-10.0545	-0.1854	114.2489
-0.2493	70.1627	-10.0546	-0.1862	114.2507
-0.2503	70.164	-10.0547	-0.1869	114.2525
-0.2513	70.1653	-10.0547	-0.1876	114.2543
-0.2523	70.1666	-10.0548	-0.1884	114.2562
-0.2533	70.168	-10.0549	-0.1891	114.258
-0.2543	70.1693	-10.055	-0.1899	114.2598
-0.2554	70.1706	-10.0551	-0.1906	114.2616
-0.2564	70.1719	-10.0551	-0.1914	114.2635
-0.2574	70.1733	-10.0552	-0.1921	114.2653
-0.2584	70.1746	-10.0553	-0.1929	114.2672
-0.2595	70.176	-10.0554	-0.1937	114.269
-0.2605	70.1773	-10.0555	-0.1944	114.2709
-0.2615	70.1787	-10.0555	-0.1952	114.2727
-0.2626	70.18	-10.0556	-0.1959	114.2746
-0.2636	70.1814	-10.0557	-0.1967	114.2765
-0.2646	70.1827	-10.0558	-0.1975	114.2783
-0.2657	70.1841	-10.0558	-0.1982	114.2802
-0.2667	70.1855	-10.0559	-0.199	114.2821
-0.2678	70.1868	-10.056	-0.1998	114.284
-0.2688	70.1882	-10.0561	-0.2006	114.2859
-0.2699	70.1896	-10.0562	-0.2013	114.2878
-0.2709	70.191	-10.0563	-0.2021	114.2897
-0.272	70.1924	-10.0563	-0.2029	114.2916
-0.2731	70.1937	-10.0564	-0.2037	114.2935
-0.2741	70.1951	-10.0565	-0.2045	114.2954
-0.2752	70.1965	-10.0566	-0.2053	114.2973
-0.2763	70.1979	-10.0567	-0.206	114.2992
-0.2773	70.1993	-10.0567	-0.2068	114.3011
-0.2784	70.2007	-10.0568	-0.2076	114.3031
-0.2795	70.2021	-10.0569	-0.2084	114.305
-0.2806	70.2035	-10.057	-0.2092	114.307
-0.2816	70.205	-10.0571	-0.21	114.3089
-0.2827	70.2064	-10.0572	-0.2108	114.3109
-0.2838	70.2078	-10.0572	-0.2116	114.3128
-0.2849	70.2092	-10.0573	-0.2124	114.3148
-0.286	70.2106	-10.0574	-0.2132	114.3167
-0.2871	70.2121	-10.0575	-0.214	114.3187
-0.2882	70.2135	-10.0576	-0.2148	114.3207
-0.2893	70.2149	-10.0577	-0.2157	114.3226
-0.2904	70.2164	-10.0577	-0.2165	114.3246
-0.2915	70.2178	-10.0578	-0.2173	114.3266
-0.2926	70.2193	-10.0579	-0.2181	114.3286
-0.2937	70.2207	-10.058	-0.2189	114.3306
-0.2948	70.2222	-10.0581	-0.2197	114.3326
-0.2959	70.2236	-10.0582	-0.2206	114.3346
-0.2971	70.2251	-10.0583	-0.2214	114.3366
-0.2982	70.2266	-10.0583	-0.2222	114.3386
-0.2993	70.228	-10.0584	-0.223	114.3407
-0.3004	70.2295	-10.0585	-0.2239	114.3427
-0.3015	70.231	-10.0586	-0.2247	114.3447
-0.3027	70.2325	-10.0587	-0.2255	114.3467
-0.3038	70.2339	-10.0588	-0.2264	114.3488
-0.3049	70.2354	-10.0589	-0.2272	114.3508
-0.3061	70.2369	-10.0589	-0.2281	114.3529
-0.3072	70.2384	-10.059	-0.2289	114.3549
-0.3084	70.2399	-10.0591	-0.2297	114.357
-0.3095	70.2414	-10.0592	-0.2306	114.359
-0.3107	70.2429	-10.0593	-0.2314	114.3611
-0.3118	70.2444	-10.0594	-0.2323	114.3632
-0.313	70.2459	-10.0595	-0.2331	114.3653
-0.3141	70.2474	-10.0596	-0.234	114.3673
-0.3153	70.2489	-10.0597	-0.2348	114.3694
-0.3165	70.2505	-10.0597	-0.2357	114.3715
-0.3176	70.252	-10.0598	-0.2366	114.3736
-0.3188	70.2535	-10.0599	-0.2374	114.3757
-0.32	70.255	-10.06	-0.2383	114.3778
-0.3211	70.2566	-10.0601	-0.2391	114.3799
-0.3223	70.2581	-10.0602	-0.24	114.382
-0.3235	70.2596	-10.0603	-0.2409	114.3842
-0.3247	70.2612	-10.0604	-0.2418	114.3863
-0.3258	70.2627	-10.0605	-0.2426	114.3884
-0.327	70.2643	-10.0606	-0.2435	114.3905
-0.3282	70.2658	-10.0606	-0.2444	114.3927
-0.3294	70.2674	-10.0607	-0.2453	114.3948
-0.3306	70.2689	-10.0608	-0.2461	114.397
-0.3318	70.2705	-10.0609	-0.247	114.3991
-0.333	70.2721	-10.061	-0.2479	114.4013
-0.3342	70.2736	-10.0611	-0.2488	114.4034
-0.3354	70.2752	-10.0612	-0.2497	114.4056
-0.3366	70.2768	-10.0613	-0.2506	114.4078
-0.3378	70.2784	-10.0614	-0.2515	114.4099
-0.339	70.28	-10.0615	-0.2524	114.4121
-0.3402	70.2815	-10.0616	-0.2533	114.4143
-0.3415	70.2831	-10.0617	-0.2542	114.4165
-0.3427	70.2847	-10.0618	-0.2551	114.4187
-0.3439	70.2863	-10.0619	-0.256	114.4209
-0.3451	70.2879	-10.0619	-0.2569	114.4231
-0.3464	70.2895	-10.062	-0.2578	114.4253
-0.3476	70.2911	-10.0621	-0.2587	114.4275
-0.3488	70.2928	-10.0622	-0.2596	114.4297
-0.3501	70.2944	-10.0623	-0.2605	114.432
-0.3513	70.296	-10.0624	-0.2614	114.4342
-0.3525	70.2976	-10.0625	-0.2623	114.4364
-0.3538	70.2992	-10.0626	-0.2632	114.4387
-0.355	70.3009	-10.0627	-0.2642	114.4409
-0.3563	70.3025	-10.0628	-0.2651	114.4431
-0.3575	70.3041	-10.0629	-0.266	114.4454
-0.3588	70.3058	-10.063	-0.2669	114.4477
-0.36	70.3074	-10.0631	-0.2679	114.4499
-0.3613	70.3091	-10.0632	-0.2688	114.4522
-0.3626	70.3107	-10.0633	-0.2697	114.4545
-0.3638	70.3124	-10.0634	-0.2707	114.4567
-0.3651	70.314	-10.0635	-0.2716	114.459
-0.3664	70.3157	-10.0636	-0.2725	114.4613
-0.3676	70.3174	-10.0637	-0.2735	114.4636
-0.3689	70.319	-10.0638	-0.2744	114.4659
-0.3702	70.3207	-10.0639	-0.2754	114.4682
-0.3715	70.3224	-10.064	-0.2763	114.4705
-0.3728	70.3241	-10.0641	-0.2772	114.4728
-0.374	70.3257	-10.0642	-0.2782	114.4751
-0.3753	70.3274	-10.0643	-0.2791	114.4774
-0.3766	70.3291	-10.0644	-0.2801	114.4798
-0.3779	70.3308	-10.0645	-0.2811	114.4821
-0.3792	70.3325	-10.0646	-0.282	114.4844
-0.3805	70.3342	-10.0647	-0.283	114.4868
-0.3818	70.3359	-10.0648	-0.2839	114.4891
-0.3831	70.3376	-10.0649	-0.2849	114.4915
-0.3844	70.3393	-10.065	-0.2859	114.4938
-0.3858	70.341	-10.0651	-0.2868	114.4962
-0.3871	70.3427	-10.0652	-0.2878	114.4985
-0.3884	70.3445	-10.0653	-0.2888	114.5009
-0.3897	70.3462	-10.0654	-0.2897	114.5033
-0.391	70.3479	-10.0655	-0.2907	114.5056
-0.3923	70.3497	-10.0656	-0.2917	114.508
-0.3937	70.3514	-10.0657	-0.2927	114.5104
-0.395	70.3531	-10.0658	-0.2937	114.5128
-0.3963	70.3549	-10.0659	-0.2946	114.5152
-0.3977	70.3566	-10.066	-0.2956	114.5176
-0.399	70.3584	-10.0661	-0.2966	114.52
-0.4004	70.3601	-10.0662	-0.2976	114.5224
-0.4017	70.3619	-10.0663	-0.2986	114.5248
-0.403	70.3636	-10.0664	-0.2996	114.5273
-0.4044	70.3654	-10.0665	-0.3006	114.5297
-0.4057	70.3672	-10.0666	-0.3016	114.5321
-0.4071	70.3689	-10.0667	-0.3026	114.5346
-0.4085	70.3707	-10.0668	-0.3036	114.537
-0.4098	70.3725	-10.0669	-0.3046	114.5394
-0.4112	70.3743	-10.067	-0.3056	114.5419
-0.4125	70.376	-10.0671	-0.3066	114.5444
-0.4139	70.3778	-10.0672	-0.3076	114.5468
-0.4153	70.3796	-10.0673	-0.3086	114.5493
-0.4167	70.3814	-10.0674	-0.3096	114.5518
-0.418	70.3832	-10.0675	-0.3107	114.5542
-0.4194	70.385	-10.0676	-0.3117	114.5567
-0.4208	70.3868	-10.0678	-0.3127	114.5592
-0.4222	70.3886	-10.0679	-0.3137	114.5617
-0.4236	70.3905	-10.068	-0.3147	114.5642
-0.425	70.3923	-10.0681	-0.3158	114.5667
-0.4264	70.3941	-10.0682	-0.3168	114.5692
-0.4277	70.3959	-10.0683	-0.3178	114.5717
-0.4291	70.3977	-10.0684	-0.3188	114.5742
-0.4305	70.3996	-10.0685	-0.3199	114.5767
-0.4319	70.4014	-10.0686	-0.3209	114.5793
-0.4334	70.4032	-10.0687	-0.322	114.5818
-0.4348	70.4051	-10.0688	-0.323	114.5843
-0.4362	70.4069	-10.0689	-0.324	114.5869
-0.4376	70.4088	-10.069	-0.3251	114.5894
-0.439	70.4106	-10.0691	-0.3261	114.592
-0.4404	70.4125	-10.0693	-0.3272	114.5945
-0.4419	70.4144	-10.0694	-0.3282	114.5971
-0.4433	70.4162	-10.0695	-0.3293	114.5996
-0.4447	70.4181	-10.0696	-0.3303	114.6022
-0.4461	70.42	-10.0697	-0.3314	114.6048
-0.4476	70.4218	-10.0698	-0.3324	114.6074
-0.449	70.4237	-10.0699	-0.3335	114.6099
-0.4505	70.4256	-10.07	-0.3346	114.6125
-0.4519	70.4275	-10.0701	-0.3356	114.6151
-0.4533	70.4294	-10.0702	-0.3367	114.6177
-0.4548	70.4313	-10.0704	-0.3378	114.6203
-0.4562	70.4332	-10.0705	-0.3388	114.6229
-0.4577	70.4351	-10.0706	-0.3399	114.6256
-0.4591	70.437	-10.0707	-0.341	114.6282
-0.4606	70.4389	-10.0708	-0.3421	114.6308
-0.4621	70.4408	-10.0709	-0.3431	114.6334
-0.4635	70.4427	-10.071	-0.3442	114.6361
-0.465	70.4446	-10.0711	-0.3453	114.6387
-0.4665	70.4465	-10.0713	-0.3464	114.6413
-0.4679	70.4485	-10.0714	-0.3475	114.644
-0.4694	70.4504	-10.0715	-0.3486	114.6467
-0.4709	70.4523	-10.0716	-0.3497	114.6493
-0.4724	70.4543	-10.0717	-0.3507	114.652
-0.4739	70.4562	-10.0718	-0.3518	114.6546
-0.4753	70.4581	-10.0719	-0.3529	114.6573
-0.4768	70.4601	-10.0721	-0.354	114.66
-0.4783	70.462	-10.0722	-0.3551	114.6627
-0.4798	70.464	-10.0723	-0.3562	114.6654
-0.4813	70.4659	-10.0724	-0.3573	114.6681
-0.4828	70.4679	-10.0725	-0.3585	114.6708
-0.4843	70.4699	-10.0726	-0.3596	114.6735
-0.4858	70.4718	-10.0727	-0.3607	114.6762
-0.4873	70.4738	-10.0729	-0.3618	114.6789
-0.4889	70.4758	-10.073	-0.3629	114.6816
-0.4904	70.4778	-10.0731	-0.364	114.6843
-0.4919	70.4798	-10.0732	-0.3651	114.6871
-0.4934	70.4817	-10.0733	-0.3663	114.6898
-0.4949	70.4837	-10.0734	-0.3674	114.6925
-0.4965	70.4857	-10.0736	-0.3685	114.6953
-0.498	70.4877	-10.0737	-0.3696	114.698
-0.4995	70.4897	-10.0738	-0.3708	114.7008
-0.5011	70.4917	-10.0739	-0.3719	114.7036
-0.5026	70.4937	-10.074	-0.373	114.7063
-0.5041	70.4958	-10.0741	-0.3742	114.7091
-0.5057	70.4978	-10.0743	-0.3753	114.7119
-0.5072	70.4998	-10.0744	-0.3765	114.7146
-0.5088	70.5018	-10.0745	-0.3776	114.7174
-0.5103	70.5038	-10.0746	-0.3787	114.7202
-0.5119	70.5059	-10.0747	-0.3799	114.723
-0.5134	70.5079	-10.0749	-0.381	114.7258
-0.515	70.5099	-10.075	-0.3822	114.7286
-0.5166	70.512	-10.0751	-0.3833	114.7314
-0.5181	70.514	-10.0752	-0.3845	114.7342
-0.5197	70.5161	-10.0753	-0.3857	114.7371
-0.5213	70.5181	-10.0755	-0.3868	114.7399
-0.5228	70.5202	-10.0756	-0.388	114.7427
-0.5244	70.5223	-10.0757	-0.3891	114.7456
-0.526	70.5243	-10.0758	-0.3903	114.7484
-0.5276	70.5264	-10.0759	-0.3915	114.7512
-0.5292	70.5285	-10.0761	-0.3926	114.7541
-0.5307	70.5305	-10.0762	-0.3938	114.7569
-0.5323	70.5326	-10.0763	-0.395	114.7598
-0.5339	70.5347	-10.0764	-0.3962	114.7627
-0.5355	70.5368	-10.0766	-0.3973	114.7655
-0.5371	70.5389	-10.0767	-0.3985	114.7684
-0.5387	70.541	-10.0768	-0.3997	114.7713
-0.5403	70.5431	-10.0769	-0.4009	114.7742
-0.5419	70.5452	-10.077	-0.4021	114.7771
-0.5435	70.5473	-10.0772	-0.4033	114.78
-0.5452	70.5494	-10.0773	-0.4044	114.7829
-0.5468	70.5515	-10.0774	-0.4056	114.7858
-0.5484	70.5536	-10.0775	-0.4068	114.7887
-0.55	70.5557	-10.0777	-0.408	114.7916
-0.5516	70.5578	-10.0778	-0.4092	114.7945
-0.5533	70.56	-10.0779	-0.4104	114.7975
-0.5549	70.5621	-10.078	-0.4116	114.8004
-0.5565	70.5642	-10.0782	-0.4128	114.8033
-0.5582	70.5664	-10.0783	-0.414	114.8063
-0.5598	70.5685	-10.0784	-0.4153	114.8092
-0.5614	70.5707	-10.0785	-0.4165	114.8122
-0.5631	70.5728	-10.0787	-0.4177	114.8151
-0.5647	70.575	-10.0788	-0.4189	114.8181
-0.5664	70.5771	-10.0789	-0.4201	114.8211
-0.568	70.5793	-10.079	-0.4213	114.824
-0.5697	70.5814	-10.0792	-0.4226	114.827
-0.5714	70.5836	-10.0793	-0.4238	114.83
-0.573	70.5858	-10.0794	-0.425	114.833
-0.5747	70.588	-10.0796	-0.4262	114.836
-0.5763	70.5901	-10.0797	-0.4275	114.839
-0.578	70.5923	-10.0798	-0.4287	114.842
-0.5797	70.5945	-10.0799	-0.4299	114.845
-0.5814	70.5967	-10.0801	-0.4312	114.848
-0.583	70.5989	-10.0802	-0.4324	114.851
-0.5847	70.6011	-10.0803	-0.4336	114.8541
-0.5864	70.6033	-10.0805	-0.4349	114.8571
-0.5881	70.6055	-10.0806	-0.4361	114.8601
-0.5898	70.6077	-10.0807	-0.4374	114.8632
-0.5915	70.6099	-10.0808	-0.4386	114.8662
-0.5932	70.6121	-10.081	-0.4399	114.8693
-0.5949	70.6144	-10.0811	-0.4411	114.8723
-0.5966	70.6166	-10.0812	-0.4424	114.8754
-0.5983	70.6188	-10.0814	-0.4436	114.8784
-0.6	70.621	-10.0815	-0.4449	114.8815
-0.6017	70.6233	-10.0816	-0.4462	114.8846
-0.6034	70.6255	-10.0818	-0.4474	114.8877
-0.6051	70.6278	-10.0819	-0.4487	114.8907
-0.6068	70.63	-10.082	-0.45	114.8938
-0.6086	70.6323	-10.0822	-0.4512	114.8969
-0.6103	70.6345	-10.0823	-0.4525	114.9
-0.612	70.6368	-10.0824	-0.4538	114.9031
-0.6137	70.639	-10.0826	-0.4551	114.9063
-0.6155	70.6413	-10.0827	-0.4563	114.9094
-0.6172	70.6436	-10.0828	-0.4576	114.9125
-0.619	70.6458	-10.083	-0.4589	114.9156
-0.6207	70.6481	-10.0831	-0.4602	114.9188
-0.6224	70.6504	-10.0832	-0.4615	114.9219
-0.6242	70.6527	-10.0834	-0.4628	114.925
-0.6259	70.655	-10.0835	-0.4641	114.9282
-0.6277	70.6572	-10.0836	-0.4653	114.9313
-0.6294	70.6595	-10.0838	-0.4666	114.9345
-0.6312	70.6618	-10.0839	-0.4679	114.9377
-0.633	70.6641	-10.084	-0.4692	114.9408
-0.6347	70.6664	-10.0842	-0.4705	114.944
-0.6365	70.6688	-10.0843	-0.4718	114.9472
-0.6383	70.6711	-10.0844	-0.4731	114.9504
-0.64	70.6734	-10.0846	-0.4745	114.9535
-0.6418	70.6757	-10.0847	-0.4758	114.9567
-0.6436	70.678	-10.0848	-0.4771	114.9599
-0.6454	70.6804	-10.085	-0.4784	114.9631
-0.6472	70.6827	-10.0851	-0.4797	114.9664
-0.649	70.685	-10.0853	-0.481	114.9696
-0.6507	70.6874	-10.0854	-0.4824	114.9728
-0.6525	70.6897	-10.0855	-0.4837	114.976
-0.6543	70.6921	-10.0857	-0.485	114.9792
-0.6561	70.6944	-10.0858	-0.4863	114.9825
-0.6579	70.6968	-10.0859	-0.4877	114.9857
-0.6597	70.6991	-10.0861	-0.489	114.989
-0.6615	70.7015	-10.0862	-0.4903	114.9922
-0.6634	70.7039	-10.0864	-0.4917	114.9955
-0.6652	70.7062	-10.0865	-0.493	114.9987
-0.667	70.7086	-10.0866	-0.4943	115.002
-0.6688	70.711	-10.0868	-0.4957	115.0053
-0.6706	70.7134	-10.0869	-0.497	115.0086
-0.6725	70.7157	-10.0871	-0.4984	115.0118
-0.6743	70.7181	-10.0872	-0.4997	115.0151
-0.6761	70.7205	-10.0873	-0.5011	115.0184
-0.6779	70.7229	-10.0875	-0.5024	115.0217
-0.6798	70.7253	-10.0876	-0.5038	115.025
-0.6816	70.7277	-10.0878	-0.5051	115.0283
-0.6835	70.7301	-10.0879	-0.5065	115.0316
-0.6853	70.7325	-10.088	-0.5079	115.035
-0.6872	70.735	-10.0882	-0.5092	115.0383
-0.689	70.7374	-10.0883	-0.5106	115.0416
-0.6909	70.7398	-10.0885	-0.512	115.0449
-0.6927	70.7422	-10.0886	-0.5133	115.0483
-0.6946	70.7447	-10.0888	-0.5147	115.0516
-0.6964	70.7471	-10.0889	-0.5161	115.055
-0.6983	70.7495	-10.089	-0.5174	115.0583
-0.7002	70.752	-10.0892	-0.5188	115.0617
-0.702	70.7544	-10.0893	-0.5202	115.0651
-0.7039	70.7569	-10.0895	-0.5216	115.0684
-0.7058	70.7593	-10.0896	-0.523	115.0718
-0.7077	70.7618	-10.0898	-0.5244	115.0752
-0.7096	70.7642	-10.0899	-0.5257	115.0786
-0.7114	70.7667	-10.0901	-0.5271	115.082
-0.7133	70.7692	-10.0902	-0.5285	115.0854
-0.7152	70.7717	-10.0903	-0.5299	115.0888
-0.7171	70.7741	-10.0905	-0.5313	115.0922
-0.719	70.7766	-10.0906	-0.5327	115.0956
-0.7209	70.7791	-10.0908	-0.5341	115.099
-0.7228	70.7816	-10.0909	-0.5355	115.1024
-0.7247	70.7841	-10.0911	-0.5369	115.1059
-0.7266	70.7866	-10.0912	-0.5383	115.1093
-0.7285	70.7891	-10.0914	-0.5398	115.1127
-0.7305	70.7916	-10.0915	-0.5412	115.1162
-0.7324	70.7941	-10.0917	-0.5426	115.1196
-0.7343	70.7966	-10.0918	-0.544	115.1231
-0.7362	70.7991	-10.092	-0.5454	115.1265
-0.7381	70.8016	-10.0921	-0.5468	115.13
-0.7401	70.8041	-10.0922	-0.5483	115.1335
-0.742	70.8067	-10.0924	-0.5497	115.137
-0.7439	70.8092	-10.0925	-0.5511	115.1404
-0.7459	70.8117	-10.0927	-0.5525	115.1439
-0.7478	70.8143	-10.0928	-0.554	115.1474
-0.7498	70.8168	-10.093	-0.5554	115.1509
-0.7517	70.8193	-10.0931	-0.5569	115.1544
-0.7537	70.8219	-10.0933	-0.5583	115.1579
-0.7556	70.8244	-10.0934	-0.5597	115.1614
-0.7576	70.827	-10.0936	-0.5612	115.1649
-0.7595	70.8296	-10.0937	-0.5626	115.1685
-0.7615	70.8321	-10.0939	-0.5641	115.172
-0.7635	70.8347	-10.094	-0.5655	115.1755
-0.7654	70.8373	-10.0942	-0.567	115.1791
-0.7674	70.8398	-10.0943	-0.5684	115.1826
-0.7694	70.8424	-10.0945	-0.5699	115.1862
-0.7713	70.845	-10.0946	-0.5713	115.1897
-0.7733	70.8476	-10.0948	-0.5728	115.1933
-0.7753	70.8502	-10.095	-0.5743	115.1968
-0.7773	70.8528	-10.0951	-0.5757	115.2004
-0.7793	70.8554	-10.0953	-0.5772	115.204
-0.7813	70.858	-10.0954	-0.5787	115.2076
-0.7833	70.8606	-10.0956	-0.5801	115.2111
-0.7853	70.8632	-10.0957	-0.5816	115.2147
-0.7873	70.8658	-10.0959	-0.5831	115.2183
-0.7893	70.8684	-10.096	-0.5846	115.2219
-0.7913	70.871	-10.0962	-0.586	115.2255
-0.7933	70.8737	-10.0963	-0.5875	115.2291
-0.7953	70.8763	-10.0965	-0.589	115.2328
-0.7973	70.8789	-10.0966	-0.5905	115.2364
-0.7993	70.8816	-10.0968	-0.592	115.24
-0.8013	70.8842	-10.097	-0.5935	115.2436
-0.8034	70.8868	-10.0971	-0.595	115.2473
-0.8054	70.8895	-10.0973	-0.5964	115.2509
-0.8074	70.8921	-10.0974	-0.5979	115.2546
-0.8094	70.8948	-10.0976	-0.5994	115.2582
-0.8115	70.8974	-10.0977	-0.6009	115.2619
-0.8135	70.9001	-10.0979	-0.6024	115.2656
-0.8155	70.9028	-10.098	-0.604	115.2692
-0.8176	70.9054	-10.0982	-0.6055	115.2729
-0.8196	70.9081	-10.0984	-0.607	115.2766
-0.8217	70.9108	-10.0985	-0.6085	115.2803
-0.8237	70.9135	-10.0987	-0.61	115.284
-0.8258	70.9162	-10.0988	-0.6115	115.2877
-0.8279	70.9189	-10.099	-0.613	115.2914
-0.8299	70.9215	-10.0991	-0.6145	115.2951
-0.832	70.9242	-10.0993	-0.6161	115.2988
-0.834	70.9269	-10.0995	-0.6176	115.3025
-0.8361	70.9297	-10.0996	-0.6191	115.3062
-0.8382	70.9324	-10.0998	-0.6207	115.3099
-0.8403	70.9351	-10.0999	-0.6222	115.3137
-0.8423	70.9378	-10.1001	-0.6237	115.3174
-0.8444	70.9405	-10.1003	-0.6253	115.3211
-0.8465	70.9432	-10.1004	-0.6268	115.3249
-0.8486	70.946	-10.1006	-0.6283	115.3287
-0.8507	70.9487	-10.1007	-0.6299	115.3324
-0.8528	70.9514	-10.1009	-0.6314	115.3362
-0.8549	70.9542	-10.1011	-0.633	115.3399
-0.857	70.9569	-10.1012	-0.6345	115.3437
-0.8591	70.9597	-10.1014	-0.6361	115.3475
-0.8612	70.9624	-10.1015	-0.6376	115.3513
-0.8633	70.9652	-10.1017	-0.6392	115.3551
-0.8654	70.9679	-10.1019	-0.6407	115.3589
-0.8675	70.9707	-10.102	-0.6423	115.3627
-0.8696	70.9734	-10.1022	-0.6438	115.3665
-0.8717	70.9762	-10.1024	-0.6454	115.3703
-0.8739	70.979	-10.1025	-0.647	115.3741
-0.876	70.9818	-10.1027	-0.6485	115.3779
-0.8781	70.9845	-10.1028	-0.6501	115.3818
-0.8802	70.9873	-10.103	-0.6517	115.3856
-0.8824	70.9901	-10.1032	-0.6533	115.3894
-0.8845	70.9929	-10.1033	-0.6548	115.3933
-0.8867	70.9957	-10.1035	-0.6564	115.3971
-0.8888	70.9985	-10.1037	-0.658	115.401
-0.8909	71.0013	-10.1038	-0.6596	115.4048
-0.8931	71.0041	-10.104	-0.6612	115.4087
-0.8952	71.0069	-10.1042	-0.6628	115.4126
-0.8974	71.0098	-10.1043	-0.6643	115.4164
-0.8996	71.0126	-10.1045	-0.6659	115.4203
-0.9017	71.0154	-10.1047	-0.6675	115.4242
-0.9039	71.0182	-10.1048	-0.6691	115.4281
-0.906	71.0211	-10.105	-0.6707	115.432
-0.9082	71.0239	-10.1052	-0.6723	115.4359
-0.9104	71.0267	-10.1053	-0.6739	115.4398
-0.9126	71.0296	-10.1055	-0.6755	115.4437
-0.9147	71.0324	-10.1057	-0.6771	115.4476
-0.9169	71.0353	-10.1058	-0.6787	115.4516
-0.9191	71.0381	-10.106	-0.6804	115.4555
-0.9213	71.041	-10.1062	-0.682	115.4594
-0.9235	71.0438	-10.1063	-0.6836	115.4634
-0.9257	71.0467	-10.1065	-0.6852	115.4673
-0.9279	71.0496	-10.1067	-0.6868	115.4712
-0.9301	71.0524	-10.1068	-0.6884	115.4752
-0.9323	71.0553	-10.107	-0.6901	115.4792
-0.9345	71.0582	-10.1072	-0.6917	115.4831
-0.9367	71.0611	-10.1073	-0.6933	115.4871
-0.9389	71.064	-10.1075	-0.695	115.4911
-0.9411	71.0669	-10.1077	-0.6966	115.495
-0.9433	71.0698	-10.1078	-0.6982	115.499
-0.9455	71.0727	-10.108	-0.6999	115.503
-0.9478	71.0756	-10.1082	-0.7015	115.507
-0.95	71.0785	-10.1084	-0.7031	115.511
-0.9522	71.0814	-10.1085	-0.7048	115.515
-0.9544	71.0843	-10.1087	-0.7064	115.519
-0.9567	71.0872	-10.1089	-0.7081	115.5231
-0.9589	71.0902	-10.109	-0.7097	115.5271
-0.9611	71.0931	-10.1092	-0.7114	115.5311
-0.9634	71.096	-10.1094	-0.713	115.5351
-0.9656	71.0989	-10.1096	-0.7147	115.5392
-0.9679	71.1019	-10.1097	-0.7163	115.5432
-0.9701	71.1048	-10.1099	-0.718	115.5473
-0.9724	71.1078	-10.1101	-0.7197	115.5513
-0.9746	71.1107	-10.1102	-0.7213	115.5554
-0.9769	71.1137	-10.1104	-0.723	115.5595
-0.9792	71.1166	-10.1106	-0.7247	115.5635
-0.9814	71.1196	-10.1108	-0.7263	115.5676
-0.9837	71.1226	-10.1109	-0.728	115.5717
-0.986	71.1255	-10.1111	-0.7297	115.5758
-0.9883	71.1285	-10.1113	-0.7314	115.5799
-0.9905	71.1315	-10.1115	-0.7331	115.584
-0.9928	71.1345	-10.1116	-0.7347	115.5881
-0.9951	71.1374	-10.1118	-0.7364	115.5922
-0.9974	71.1404	-10.112	-0.7381	115.5963
-0.9997	71.1434	-10.1122	-0.7398	115.6004
-1.002	71.1464	-10.1123	-0.7415	115.6045
-1.0043	71.1494	-10.1125	-0.7432	115.6086
-1.0066	71.1524	-10.1127	-0.7449	115.6128
-1.0089	71.1554	-10.1129	-0.7466	115.6169
-1.0112	71.1584	-10.1131	-0.7483	115.6211
-1.0135	71.1615	-10.1132	-0.75	115.6252
-1.0158	71.1645	-10.1134	-0.7517	115.6294
-1.0181	71.1675	-10.1136	-0.7534	115.6335
-1.0204	71.1705	-10.1138	-0.7551	115.6377
-1.0227	71.1736	-10.1139	-0.7568	115.6419
-1.025	71.1766	-10.1141	-0.7585	115.646
-1.0274	71.1796	-10.1143	-0.7602	115.6502
-1.0297	71.1827	-10.1145	-0.762	115.6544
-1.032	71.1857	-10.1147	-0.7637	115.6586
-1.0344	71.1888	-10.1148	-0.7654	115.6628
-1.0367	71.1918	-10.115	-0.7671	115.667
-1.039	71.1949	-10.1152	-0.7688	115.6712
-1.0414	71.1979	-10.1154	-0.7706	115.6754
-1.0437	71.201	-10.1155	-0.7723	115.6796
-1.0461	71.2041	-10.1157	-0.774	115.6839
-1.0484	71.2072	-10.1159	-0.7758	115.6881
-1.0508	71.2102	-10.1161	-0.7775	115.6923
-1.0531	71.2133	-10.1163	-0.7793	115.6966
-1.0555	71.2164	-10.1165	-0.781	115.7008
-1.0579	71.2195	-10.1166	-0.7827	115.7051
-1.0602	71.2226	-10.1168	-0.7845	115.7093
-1.0626	71.2257	-10.117	-0.7862	115.7136
-1.065	71.2288	-10.1172	-0.788	115.7178
-1.0673	71.2319	-10.1174	-0.7897	115.7221
-1.0697	71.235	-10.1175	-0.7915	115.7264
-1.0721	71.2381	-10.1177	-0.7932	115.7307
-1.0745	71.2412	-10.1179	-0.795	115.735
-1.0769	71.2443	-10.1181	-0.7968	115.7393
-1.0793	71.2475	-10.1183	-0.7985	115.7436
-1.0817	71.2506	-10.1185	-0.8003	115.7479
-1.084	71.2537	-10.1186	-0.8021	115.7522
-1.0864	71.2568	-10.1188	-0.8038	115.7565
-1.0888	71.26	-10.119	-0.8056	115.7608
-1.0913	71.2631	-10.1192	-0.8074	115.7651
-1.0937	71.2663	-10.1194	-0.8091	115.7695
-1.0961	71.2694	-10.1196	-0.8109	115.7738
-1.0985	71.2726	-10.1198	-0.8127	115.7781
-1.1009	71.2757	-10.1199	-0.8145	115.7825
-1.1033	71.2789	-10.1201	-0.8163	115.7868
-1.1057	71.2821	-10.1203	-0.8181	115.7912
-1.1082	71.2852	-10.1205	-0.8199	115.7955
-1.1106	71.2884	-10.1207	-0.8216	115.7999
-1.113	71.2916	-10.1209	-0.8234	115.8043
-1.1155	71.2948	-10.1211	-0.8252	115.8087
-1.1179	71.2979	-10.1212	-0.827	115.813
-1.1203	71.3011	-10.1214	-0.8288	115.8174
-1.1228	71.3043	-10.1216	-0.8306	115.8218
-1.1252	71.3075	-10.1218	-0.8324	115.8262
-1.1277	71.3107	-10.122	-0.8342	115.8306
-1.1301	71.3139	-10.1222	-0.836	115.835
-1.1326	71.3171	-10.1224	-0.8379	115.8394
-1.135	71.3203	-10.1226	-0.8397	115.8439
-1.1375	71.3236	-10.1227	-0.8415	115.8483
-1.14	71.3268	-10.1229	-0.8433	115.8527
-1.1424	71.33	-10.1231	-0.8451	115.8572
-1.1449	71.3332	-10.1233	-0.8469	115.8616
-1.1474	71.3365	-10.1235	-0.8488	115.866
-1.1498	71.3397	-10.1237	-0.8506	115.8705
-1.1523	71.3429	-10.1239	-0.8524	115.8749
-1.1548	71.3462	-10.1241	-0.8543	115.8794
-1.1573	71.3494	-10.1243	-0.8561	115.8839
-1.1598	71.3527	-10.1245	-0.8579	115.8883
-1.1622	71.3559	-10.1246	-0.8598	115.8928
-1.1647	71.3592	-10.1248	-0.8616	115.8973
-1.1672	71.3624	-10.125	-0.8634	115.9018
-1.1697	71.3657	-10.1252	-0.8653	115.9063
-1.1722	71.369	-10.1254	-0.8671	115.9108
-1.1747	71.3722	-10.1256	-0.869	115.9153
-1.1772	71.3755	-10.1258	-0.8708	115.9198
-1.1798	71.3788	-10.126	-0.8727	115.9243
-1.1823	71.3821	-10.1262	-0.8745	115.9288
-1.1848	71.3854	-10.1264	-0.8764	115.9334
-1.1873	71.3887	-10.1266	-0.8782	115.9379
-1.1898	71.392	-10.1268	-0.8801	115.9424
-1.1923	71.3953	-10.127	-0.882	115.947
-1.1949	71.3986	-10.1271	-0.8838	115.9515
-1.1974	71.4019	-10.1273	-0.8857	115.9561
-1.1999	71.4052	-10.1275	-0.8876	115.9606
-1.2025	71.4085	-10.1277	-0.8894	115.9652
-1.205	71.4118	-10.1279	-0.8913	115.9697
-1.2076	71.4151	-10.1281	-0.8932	115.9743
-1.2101	71.4185	-10.1283	-0.8951	115.9789
-1.2126	71.4218	-10.1285	-0.8969	115.9835
-1.2152	71.4251	-10.1287	-0.8988	115.9881
-1.2178	71.4285	-10.1289	-0.9007	115.9927
-1.2203	71.4318	-10.1291	-0.9026	115.9973
-1.2229	71.4351	-10.1293	-0.9045	116.0019
-1.2254	71.4385	-10.1295	-0.9064	116.0065
-1.228	71.4419	-10.1297	-0.9083	116.0111
-1.2306	71.4452	-10.1299	-0.9102	116.0157
-1.2331	71.4486	-10.1301	-0.9121	116.0203
-1.2357	71.4519	-10.1303	-0.914	116.025
-1.2383	71.4553	-10.1305	-0.9159	116.0296
-1.2409	71.4587	-10.1307	-0.9178	116.0342
-1.2435	71.4621	-10.1309	-0.9197	116.0389
-1.246	71.4654	-10.1311	-0.9216	116.0435
-1.2486	71.4688	-10.1313	-0.9235	116.0482
-1.2512	71.4722	-10.1315	-0.9254	116.0528
-1.2538	71.4756	-10.1317	-0.9273	116.0575
-1.2564	71.479	-10.1319	-0.9292	116.0622
-1.259	71.4824	-10.1321	-0.9312	116.0669
-1.2616	71.4858	-10.1323	-0.9331	116.0715
-1.2642	71.4892	-10.1325	-0.935	116.0762
-1.2668	71.4926	-10.1327	-0.9369	116.0809
-1.2694	71.496	-10.1329	-0.9388	116.0856
-1.2721	71.4994	-10.1331	-0.9408	116.0903
-1.2747	71.5029	-10.1333	-0.9427	116.095
-1.2773	71.5063	-10.1335	-0.9446	116.0998
-1.2799	71.5097	-10.1337	-0.9466	116.1045
-1.2825	71.5131	-10.1339	-0.9485	116.1092
-1.2852	71.5166	-10.1341	-0.9505	116.1139
-1.2878	71.52	-10.1343	-0.9524	116.1187
-1.2904	71.5235	-10.1345	-0.9543	116.1234
-1.2931	71.5269	-10.1347	-0.9563	116.1282
-1.2957	71.5304	-10.1349	-0.9582	116.1329
-1.2984	71.5338	-10.1351	-0.9602	116.1377
-1.301	71.5373	-10.1353	-0.9621	116.1424
-1.3037	71.5408	-10.1355	-0.9641	116.1472
-1.3063	71.5442	-10.1357	-0.9661	116.152
-1.309	71.5477	-10.1359	-0.968	116.1567
-1.3116	71.5512	-10.1361	-0.97	116.1615
-1.3143	71.5546	-10.1363	-0.9719	116.1663
-1.317	71.5581	-10.1365	-0.9739	116.1711
-1.3196	71.5616	-10.1367	-0.9759	116.1759
-1.3223	71.5651	-10.1369	-0.9778	116.1807
-1.325	71.5686	-10.1371	-0.9798	116.1855
-1.3277	71.5721	-10.1373	-0.9818	116.1903
-1.3303	71.5756	-10.1375	-0.9838	116.1951
-1.333	71.5791	-10.1377	-0.9858	116.2
-1.3357	71.5826	-10.138	-0.9877	116.2048
-1.3384	71.5861	-10.1382	-0.9897	116.2096
-1.3411	71.5896	-10.1384	-0.9917	116.2145
-1.3438	71.5932	-10.1386	-0.9937	116.2193
-1.3465	71.5967	-10.1388	-0.9957	116.2242
-1.3492	71.6002	-10.139	-0.9977	116.229
-1.3519	71.6038	-10.1392	-0.9997	116.2339
-1.3546	71.6073	-10.1394	-1.0017	116.2388
-1.3573	71.6108	-10.1396	-1.0037	116.2436
-1.36	71.6144	-10.1398	-1.0057	116.2485
-1.3627	71.6179	-10.14	-1.0077	116.2534
-1.3654	71.6215	-10.1402	-1.0097	116.2583
-1.3681	71.625	-10.1404	-1.0117	116.2632
-1.3709	71.6286	-10.1407	-1.0137	116.2681
-1.3736	71.6321	-10.1409	-1.0157	116.273
-1.3763	71.6357	-10.1411	-1.0177	116.2779
-1.3791	71.6393	-10.1413	-1.0197	116.2828
-1.3818	71.6429	-10.1415	-1.0217	116.2877
-1.3845	71.6464	-10.1417	-1.0238	116.2926
-1.3873	71.65	-10.1419	-1.0258	116.2976
-1.39	71.6536	-10.1421	-1.0278	116.3025
-1.3928	71.6572	-10.1423	-1.0298	116.3074
-1.3955	71.6608	-10.1425	-1.0319	116.3124
-1.3983	71.6644	-10.1428	-1.0339	116.3173
-1.401	71.668	-10.143	-1.0359	116.3223
-1.4038	71.6716	-10.1432	-1.038	116.3272
-1.4065	71.6752	-10.1434	-1.04	116.3322
-1.4093	71.6788	-10.1436	-1.042	116.3372
-1.4121	71.6824	-10.1438	-1.0441	116.3422
-1.4148	71.686	-10.144	-1.0461	116.3471
-1.4176	71.6897	-10.1442	-1.0482	116.3521
-1.4204	71.6933	-10.1445	-1.0502	116.3571
-1.4232	71.6969	-10.1447	-1.0523	116.3621
-1.4259	71.7006	-10.1449	-1.0543	116.3671
-1.4287	71.7042	-10.1451	-1.0564	116.3721
-1.4315	71.7078	-10.1453	-1.0584	116.3771
-1.4343	71.7115	-10.1455	-1.0605	116.3822
-1.4371	71.7151	-10.1457	-1.0625	116.3872
-1.4399	71.7188	-10.1459	-1.0646	116.3922
-1.4427	71.7225	-10.1462	-1.0667	116.3972
-1.4455	71.7261	-10.1464	-1.0687	116.4023
-1.4483	71.7298	-10.1466	-1.0708	116.4073
-1.4511	71.7334	-10.1468	-1.0729	116.4124
-1.4539	71.7371	-10.147	-1.075	116.4174
-1.4567	71.7408	-10.1472	-1.077	116.4225
-1.4595	71.7445	-10.1475	-1.0791	116.4275
-1.4624	71.7482	-10.1477	-1.0812	116.4326
-1.4652	71.7518	-10.1479	-1.0833	116.4377
-1.468	71.7555	-10.1481	-1.0854	116.4428
-1.4708	71.7592	-10.1483	-1.0874	116.4479
-1.4737	71.7629	-10.1485	-1.0895	116.4529
-1.4765	71.7666	-10.1488	-1.0916	116.458
-1.4793	71.7703	-10.149	-1.0937	116.4631
-1.4822	71.7741	-10.1492	-1.0958	116.4682
-1.485	71.7778	-10.1494	-1.0979	116.4734
-1.4879	71.7815	-10.1496	-1.1	116.4785
-1.4907	71.7852	-10.1498	-1.1021	116.4836
-1.4936	71.7889	-10.1501	-1.1042	116.4887
-1.4964	71.7927	-10.1503	-1.1063	116.4939
-1.4993	71.7964	-10.1505	-1.1084	116.499
-1.5021	71.8001	-10.1507	-1.1105	116.5041
-1.505	71.8039	-10.1509	-1.1126	116.5093
-1.5078	71.8076	-10.1512	-1.1147	116.5144
-1.5107	71.8114	-10.1514	-1.1169	116.5196
-1.5136	71.8151	-10.1516	-1.119	116.5248
-1.5165	71.8189	-10.1518	-1.1211	116.5299
-1.5193	71.8226	-10.152	-1.1232	116.5351
-1.5222	71.8264	-10.1523	-1.1253	116.5403
-1.5251	71.8302	-10.1525	-1.1275	116.5455
-1.528	71.8339	-10.1527	-1.1296	116.5507
-1.5309	71.8377	-10.1529	-1.1317	116.5558
-1.5338	71.8415	-10.1532	-1.1339	116.561
-1.5367	71.8453	-10.1534	-1.136	116.5662
-1.5395	71.8491	-10.1536	-1.1381	116.5715
-1.5424	71.8528	-10.1538	-1.1403	116.5767
-1.5453	71.8566	-10.154	-1.1424	116.5819
-1.5483	71.8604	-10.1543	-1.1446	116.5871
-1.5512	71.8642	-10.1545	-1.1467	116.5923
-1.5541	71.868	-10.1547	-1.1489	116.5976
-1.557	71.8718	-10.1549	-1.151	116.6028
-1.5599	71.8757	-10.1552	-1.1532	116.6081
-1.5628	71.8795	-10.1554	-1.1553	116.6133
-1.5657	71.8833	-10.1556	-1.1575	116.6186
-1.5687	71.8871	-10.1558	-1.1596	116.6238
-1.5716	71.8909	-10.1561	-1.1618	116.6291
-1.5745	71.8948	-10.1563	-1.1639	116.6344
-1.5775	71.8986	-10.1565	-1.1661	116.6397
-1.5804	71.9024	-10.1567	-1.1683	116.6449
-1.5833	71.9063	-10.157	-1.1705	116.6502
-1.5863	71.9101	-10.1572	-1.1726	116.6555
-1.5892	71.914	-10.1574	-1.1748	116.6608
-1.5922	71.9178	-10.1576	-1.177	116.6661
-1.5951	71.9217	-10.1579	-1.1791	116.6714
-1.5981	71.9256	-10.1581	-1.1813	116.6767
-1.601	71.9294	-10.1583	-1.1835	116.6821
-1.604	71.9333	-10.1585	-1.1857	116.6874
-1.607	71.9372	-10.1588	-1.1879	116.6927
-1.6099	71.941	-10.159	-1.1901	116.698
-1.6129	71.9449	-10.1592	-1.1923	116.7034
-1.6159	71.9488	-10.1595	-1.1944	116.7087
-1.6188	71.9527	-10.1597	-1.1966	116.7141
-1.6218	71.9566	-10.1599	-1.1988	116.7194
-1.6248	71.9605	-10.1601	-1.201	116.7248
-1.6278	71.9644	-10.1604	-1.2032	116.7301
-1.6308	71.9683	-10.1606	-1.2054	116.7355
-1.6337	71.9722	-10.1608	-1.2076	116.7409
-1.6367	71.9761	-10.1611	-1.2098	116.7463
-1.6397	71.98	-10.1613	-1.2121	116.7517
-1.6427	71.9839	-10.1615	-1.2143	116.757
-1.6457	71.9878	-10.1617	-1.2165	116.7624
-1.6487	71.9918	-10.162	-1.2187	116.7678
-1.6517	71.9957	-10.1622	-1.2209	116.7732
-1.6547	71.9996	-10.1624	-1.2231	116.7787
-1.6578	72.0035	-10.1627	-1.2254	116.7841
-1.6608	72.0075	-10.1629	-1.2276	116.7895
-1.6638	72.0114	-10.1631	-1.2298	116.7949
-1.6668	72.0154	-10.1634	-1.232	116.8003
-1.6698	72.0193	-10.1636	-1.2343	116.8058
-1.6728	72.0233	-10.1638	-1.2365	116.8112
-1.6759	72.0272	-10.1641	-1.2387	116.8167
-1.6789	72.0312	-10.1643	-1.241	116.8221
-1.6819	72.0352	-10.1645	-1.2432	116.8276
-1.685	72.0391	-10.1648	-1.2454	116.833
-1.688	72.0431	-10.165	-1.2477	116.8385
-1.6911	72.0471	-10.1652	-1.2499	116.844
-1.6941	72.0511	-10.1655	-1.2522	116.8495
-1.6972	72.055	-10.1657	-1.2544	116.8549
-1.7002	72.059	-10.1659	-1.2567	116.8604
-1.7033	72.063	-10.1662	-1.2589	116.8659
-1.7063	72.067	-10.1664	-1.2612	116.8714
-1.7094	72.071	-10.1666	-1.2634	116.8769
-1.7124	72.075	-10.1669	-1.2657	116.8824
-1.7155	72.079	-10.1671	-1.268	116.8879
-1.7186	72.083	-10.1673	-1.2702	116.8934
-1.7216	72.087	-10.1676	-1.2725	116.899
-1.7247	72.0911	-10.1678	-1.2748	116.9045
-1.7278	72.0951	-10.168	-1.277	116.91
-1.7309	72.0991	-10.1683	-1.2793	116.9156
-1.7339	72.1031	-10.1685	-1.2816	116.9211
-1.737	72.1072	-10.1687	-1.2838	116.9267
-1.7401	72.1112	-10.169	-1.2861	116.9322
-1.7432	72.1152	-10.1692	-1.2884	116.9378
-1.7463	72.1193	-10.1695	-1.2907	116.9433
-1.7494	72.1233	-10.1697	-1.293	116.9489
-1.7525	72.1274	-10.1699	-1.2953	116.9545
-1.7556	72.1314	-10.1702	-1.2975	116.9601
-1.7587	72.1355	-10.1704	-1.2998	116.9656
-1.7618	72.1395	-10.1706	-1.3021	116.9712
-1.7649	72.1436	-10.1709	-1.3044	116.9768
-1.768	72.1477	-10.1711	-1.3067	116.9824
-1.7711	72.1517	-10.1714	-1.309	116.988
-1.7743	72.1558	-10.1716	-1.3113	116.9936
-1.7774	72.1599	-10.1718	-1.3136	116.9992
-1.7805	72.164	-10.1721	-1.3159	117.0049
-1.7836	72.1681	-10.1723	-1.3182	117.0105
-1.7868	72.1722	-10.1726	-1.3205	117.0161
-1.7899	72.1763	-10.1728	-1.3229	117.0217
-1.793	72.1804	-10.173	-1.3252	117.0274
-1.7962	72.1845	-10.1733	-1.3275	117.033
-1.7993	72.1886	-10.1735	-1.3298	117.0387
-1.8024	72.1927	-10.1738	-1.3321	117.0443
-1.8056	72.1968	-10.174	-1.3344	117.05
-1.8087	72.2009	-10.1743	-1.3368	117.0557
-1.8119	72.205	-10.1745	-1.3391	117.0613
-1.8151	72.2091	-10.1747	-1.3414	117.067
-1.8182	72.2133	-10.175	-1.3437	117.0727
-1.8214	72.2174	-10.1752	-1.3461	117.0784
-1.8245	72.2215	-10.1755	-1.3484	117.0841
-1.8277	72.2257	-10.1757	-1.3507	117.0897
-1.8309	72.2298	-10.1759	-1.3531	117.0954
-1.834	72.234	-10.1762	-1.3554	117.1011
-1.8372	72.2381	-10.1764	-1.3578	117.1069
-1.8404	72.2423	-10.1767	-1.3601	117.1126
-1.8436	72.2464	-10.1769	-1.3625	117.1183
-1.8468	72.2506	-10.1772	-1.3648	117.124
-1.8499	72.2547	-10.1774	-1.3672	117.1297
-1.8531	72.2589	-10.1777	-1.3695	117.1355
-1.8563	72.2631	-10.1779	-1.3719	117.1412
-1.8595	72.2672	-10.1781	-1.3742	117.147
-1.8627	72.2714	-10.1784	-1.3766	117.1527
-1.8659	72.2756	-10.1786	-1.3789	117.1585
-1.8691	72.2798	-10.1789	-1.3813	117.1642
-1.8723	72.284	-10.1791	-1.3837	117.17
-1.8755	72.2882	-10.1794	-1.386	117.1758
-1.8787	72.2924	-10.1796	-1.3884	117.1815
-1.8819	72.2966	-10.1799	-1.3908	117.1873
-1.8852	72.3008	-10.1801	-1.3931	117.1931
-1.8884	72.305	-10.1804	-1.3955	117.1989
-1.8916	72.3092	-10.1806	-1.3979	117.2047
-1.8948	72.3134	-10.1809	-1.4003	117.2105
-1.8981	72.3176	-10.1811	-1.4027	117.2163
-1.9013	72.3218	-10.1814	-1.405	117.2221
-1.9045	72.3261	-10.1816	-1.4074	117.2279
-1.9078	72.3303	-10.1818	-1.4098	117.2337
-1.911	72.3345	-10.1821	-1.4122	117.2396
-1.9142	72.3388	-10.1823	-1.4146	117.2454
-1.9175	72.343	-10.1826	-1.417	117.2512
-1.9207	72.3472	-10.1828	-1.4194	117.2571
-1.924	72.3515	-10.1831	-1.4218	117.2629
-1.9272	72.3557	-10.1833	-1.4242	117.2688
-1.9305	72.36	-10.1836	-1.4266	117.2746
-1.9337	72.3643	-10.1838	-1.429	117.2805
-1.937	72.3685	-10.1841	-1.4314	117.2863
-1.9403	72.3728	-10.1843	-1.4338	117.2922
-1.9435	72.3771	-10.1846	-1.4362	117.2981
-1.9468	72.3813	-10.1848	-1.4386	117.304
-1.9501	72.3856	-10.1851	-1.441	117.3098
-1.9533	72.3899	-10.1853	-1.4434	117.3157
-1.9566	72.3942	-10.1856	-1.4459	117.3216
-1.9599	72.3984	-10.1858	-1.4483	117.3275
-1.9632	72.4027	-10.1861	-1.4507	117.3334
-1.9665	72.407	-10.1864	-1.4531	117.3393
-1.9698	72.4113	-10.1866	-1.4556	117.3452
-1.973	72.4156	-10.1869	-1.458	117.3512
-1.9763	72.4199	-10.1871	-1.4604	117.3571
-1.9796	72.4242	-10.1874	-1.4628	117.363
-1.9829	72.4286	-10.1876	-1.4653	117.369
-1.9862	72.4329	-10.1879	-1.4677	117.3749
-1.9895	72.4372	-10.1881	-1.4702	117.3808
-1.9928	72.4415	-10.1884	-1.4726	117.3868
-1.9962	72.4458	-10.1886	-1.475	117.3927
-1.9995	72.4502	-10.1889	-1.4775	117.3987
-2.0028	72.4545	-10.1891	-1.4799	117.4047
-2.0061	72.4588	-10.1894	-1.4824	117.4106
-2.0094	72.4632	-10.1896	-1.4848	117.4166
-2.0127	72.4675	-10.1899	-1.4873	117.4226
-2.0161	72.4719	-10.1902	-1.4897	117.4286
-2.0194	72.4762	-10.1904	-1.4922	117.4345
-2.0227	72.4806	-10.1907	-1.4946	117.4405
-2.0261	72.4849	-10.1909	-1.4971	117.4465
-2.0294	72.4893	-10.1912	-1.4996	117.4525
-2.0327	72.4937	-10.1914	-1.502	117.4586
-2.0361	72.498	-10.1917	-1.5045	117.4646
-2.0394	72.5024	-10.192	-1.507	117.4706
-2.0428	72.5068	-10.1922	-1.5094	117.4766
-2.0461	72.5112	-10.1925	-1.5119	117.4826
-2.0495	72.5155	-10.1927	-1.5144	117.4887
-2.0528	72.5199	-10.193	-1.5169	117.4947
-2.0562	72.5243	-10.1932	-1.5193	117.5007
-2.0596	72.5287	-10.1935	-1.5218	117.5068
-2.0629	72.5331	-10.1938	-1.5243	117.5128
-2.0663	72.5375	-10.194	-1.5268	117.5189
-2.0697	72.5419	-10.1943	-1.5293	117.525
-2.073	72.5463	-10.1945	-1.5318	117.531
-2.0764	72.5507	-10.1948	-1.5343	117.5371
-2.0798	72.5552	-10.195	-1.5367	117.5432
-2.0832	72.5596	-10.1953	-1.5392	117.5493
-2.0866	72.564	-10.1956	-1.5417	117.5553
-2.0899	72.5684	-10.1958	-1.5442	117.5614
-2.0933	72.5728	-10.1961	-1.5467	117.5675
-2.0967	72.5773	-10.1963	-1.5492	117.5736
-2.1001	72.5817	-10.1966	-1.5517	117.5797
-2.1035	72.5862	-10.1969	-1.5543	117.5858
-2.1069	72.5906	-10.1971	-1.5568	117.592
-2.1103	72.595	-10.1974	-1.5593	117.5981
-2.1137	72.5995	-10.1977	-1.5618	117.6042
-2.1171	72.604	-10.1979	-1.5643	117.6103
-2.1205	72.6084	-10.1982	-1.5668	117.6165
-2.124	72.6129	-10.1984	-1.5693	117.6226
-2.1274	72.6173	-10.1987	-1.5719	117.6287
-2.1308	72.6218	-10.199	-1.5744	117.6349
-2.1342	72.6263	-10.1992	-1.5769	117.6411
-2.1376	72.6308	-10.1995	-1.5794	117.6472
-2.1411	72.6352	-10.1998	-1.582	117.6534
-2.1445	72.6397	-10.2	-1.5845	117.6595
-2.1479	72.6442	-10.2003	-1.587	117.6657
-2.1514	72.6487	-10.2005	-1.5896	117.6719
-2.1548	72.6532	-10.2008	-1.5921	117.6781
-2.1582	72.6577	-10.2011	-1.5946	117.6843
-2.1617	72.6622	-10.2013	-1.5972	117.6905
-2.1651	72.6667	-10.2016	-1.5997	117.6967
-2.1686	72.6712	-10.2019	-1.6023	117.7029
-2.172	72.6757	-10.2021	-1.6048	117.7091
-2.1755	72.6802	-10.2024	-1.6073	117.7153
-2.1789	72.6847	-10.2027	-1.6099	117.7215
-2.1824	72.6892	-10.2029	-1.6124	117.7277
-2.1859	72.6938	-10.2032	-1.615	117.7339
-2.1893	72.6983	-10.2035	-1.6176	117.7402
-2.1928	72.7028	-10.2037	-1.6201	117.7464
-2.1963	72.7074	-10.204	-1.6227	117.7527
-2.1997	72.7119	-10.2043	-1.6252	117.7589
-2.2032	72.7164	-10.2045	-1.6278	117.7651
-2.2067	72.721	-10.2048	-1.6304	117.7714
-2.2102	72.7255	-10.2051	-1.6329	117.7777
-2.2136	72.7301	-10.2053	-1.6355	117.7839
-2.2171	72.7347	-10.2056	-1.6381	117.7902
-2.2206	72.7392	-10.2059	-1.6407	117.7965
-2.2241	72.7438	-10.2061	-1.6432	117.8028
-2.2276	72.7483	-10.2064	-1.6458	117.809
-2.2311	72.7529	-10.2067	-1.6484	117.8153
-2.2346	72.7575	-10.2069	-1.651	117.8216
-2.2381	72.7621	-10.2072	-1.6536	117.8279
-2.2416	72.7666	-10.2075	-1.6561	117.8342
-2.2451	72.7712	-10.2077	-1.6587	117.8405
-2.2486	72.7758	-10.208	-1.6613	117.8468
-2.2521	72.7804	-10.2083	-1.6639	117.8532
-2.2556	72.785	-10.2085	-1.6665	117.8595
-2.2592	72.7896	-10.2088	-1.6691	117.8658
-2.2627	72.7942	-10.2091	-1.6717	117.8721
-2.2662	72.7988	-10.2094	-1.6743	117.8785
-2.2697	72.8034	-10.2096	-1.6769	117.8848
-2.2733	72.808	-10.2099	-1.6795	117.8912
-2.2768	72.8126	-10.2102	-1.6821	117.8975
-2.2803	72.8173	-10.2104	-1.6847	117.9039
-2.2839	72.8219	-10.2107	-1.6873	117.9102
-2.2874	72.8265	-10.211	-1.6899	117.9166
-2.2909	72.8311	-10.2113	-1.6925	117.923
-2.2945	72.8358	-10.2115	-1.6952	117.9293
-2.298	72.8404	-10.2118	-1.6978	117.9357
-2.3016	72.845	-10.2121	-1.7004	117.9421
-2.3051	72.8497	-10.2123	-1.703	117.9485
-2.3087	72.8543	-10.2126	-1.7056	117.9549
-2.3122	72.859	-10.2129	-1.7083	117.9613
-2.3158	72.8636	-10.2132	-1.7109	117.9677
-2.3194	72.8683	-10.2134	-1.7135	117.9741
-2.3229	72.8729	-10.2137	-1.7161	117.9805
-2.3265	72.8776	-10.214	-1.7188	117.9869
-2.3301	72.8823	-10.2143	-1.7214	117.9933
-2.3336	72.8869	-10.2145	-1.724	117.9998
-2.3372	72.8916	-10.2148	-1.7267	118.0062
-2.3408	72.8963	-10.2151	-1.7293	118.0126
-2.3444	72.901	-10.2154	-1.732	118.0191
-2.348	72.9057	-10.2156	-1.7346	118.0255
-2.3515	72.9103	-10.2159	-1.7373	118.032
-2.3551	72.915	-10.2162	-1.7399	118.0384
-2.3587	72.9197	-10.2165	-1.7426	118.0449
-2.3623	72.9244	-10.2167	-1.7452	118.0514
-2.3659	72.9291	-10.217	-1.7479	118.0578
-2.3695	72.9338	-10.2173	-1.7505	118.0643
-2.3731	72.9385	-10.2176	-1.7532	118.0708
-2.3767	72.9432	-10.2178	-1.7558	118.0773
-2.3803	72.948	-10.2181	-1.7585	118.0837
-2.3839	72.9527	-10.2184	-1.7612	118.0902
-2.3876	72.9574	-10.2187	-1.7638	118.0967
-2.3912	72.9621	-10.2189	-1.7665	118.1032
-2.3948	72.9669	-10.2192	-1.7692	118.1097
-2.3984	72.9716	-10.2195	-1.7718	118.1163
-2.402	72.9763	-10.2198	-1.7745	118.1228
-2.4057	72.9811	-10.2201	-1.7772	118.1293
-2.4093	72.9858	-10.2203	-1.7799	118.1358
-2.4129	72.9905	-10.2206	-1.7825	118.1423
-2.4165	72.9953	-10.2209	-1.7852	118.1489
-2.4202	73	-10.2212	-1.7879	118.1554
-2.4238	73.0048	-10.2214	-1.7906	118.162
-2.4275	73.0096	-10.2217	-1.7933	118.1685
-2.4311	73.0143	-10.222	-1.796	118.1751
-2.4347	73.0191	-10.2223	-1.7986	118.1816
-2.4384	73.0239	-10.2226	-1.8013	118.1882
-2.442	73.0286	-10.2228	-1.804	118.1948
-2.4457	73.0334	-10.2231	-1.8067	118.2013
-2.4494	73.0382	-10.2234	-1.8094	118.2079
-2.453	73.043	-10.2237	-1.8121	118.2145
-2.4567	73.0477	-10.224	-1.8148	118.2211
-2.4603	73.0525	-10.2243	-1.8175	118.2277
-2.464	73.0573	-10.2245	-1.8202	118.2343
-2.4677	73.0621	-10.2248	-1.8229	118.2409
-2.4713	73.0669	-10.2251	-1.8257	118.2475
-2.475	73.0717	-10.2254	-1.8284	118.2541
-2.4787	73.0765	-10.2257	-1.8311	118.2607
-2.4824	73.0813	-10.2259	-1.8338	118.2673
-2.4861	73.0862	-10.2262	-1.8365	118.2739
-2.4897	73.091	-10.2265	-1.8392	118.2805
-2.4934	73.0958	-10.2268	-1.8419	118.2872
-2.4971	73.1006	-10.2271	-1.8447	118.2938
-2.5008	73.1054	-10.2274	-1.8474	118.3005
-2.5045	73.1103	-10.2276	-1.8501	118.3071
-2.5082	73.1151	-10.2279	-1.8528	118.3138
-2.5119	73.1199	-10.2282	-1.8556	118.3204
-2.5156	73.1248	-10.2285	-1.8583	118.3271
-2.5193	73.1296	-10.2288	-1.861	118.3337
-2.523	73.1345	-10.2291	-1.8638	118.3404
-2.5267	73.1393	-10.2293	-1.8665	118.3471
-2.5304	73.1442	-10.2296	-1.8693	118.3538
-2.5342	73.149	-10.2299	-1.872	118.3604
-2.5379	73.1539	-10.2302	-1.8747	118.3671
-2.5416	73.1587	-10.2305	-1.8775	118.3738
-2.5453	73.1636	-10.2308	-1.8802	118.3805
-2.549	73.1685	-10.2311	-1.883	118.3872
-2.5528	73.1733	-10.2313	-1.8857	118.3939
-2.5565	73.1782	-10.2316	-1.8885	118.4006
-2.5602	73.1831	-10.2319	-1.8912	118.4073
-2.564	73.188	-10.2322	-1.894	118.4141
-2.5677	73.1929	-10.2325	-1.8968	118.4208
-2.5715	73.1978	-10.2328	-1.8995	118.4275
-2.5752	73.2026	-10.2331	-1.9023	118.4342
-2.5789	73.2075	-10.2334	-1.905	118.441
-2.5827	73.2124	-10.2336	-1.9078	118.4477
-2.5864	73.2173	-10.2339	-1.9106	118.4545
-2.5902	73.2223	-10.2342	-1.9133	118.4612
-2.5939	73.2272	-10.2345	-1.9161	118.468
-2.5977	73.2321	-10.2348	-1.9189	118.4747
-2.6015	73.237	-10.2351	-1.9217	118.4815
-2.6052	73.2419	-10.2354	-1.9244	118.4883
-2.609	73.2468	-10.2357	-1.9272	118.495
-2.6128	73.2518	-10.2359	-1.93	118.5018
-2.6165	73.2567	-10.2362	-1.9328	118.5086
-2.6203	73.2616	-10.2365	-1.9356	118.5154
-2.6241	73.2665	-10.2368	-1.9383	118.5222
-2.6279	73.2715	-10.2371	-1.9411	118.529
-2.6316	73.2764	-10.2374	-1.9439	118.5358
-2.6354	73.2814	-10.2377	-1.9467	118.5426
-2.6392	73.2863	-10.238	-1.9495	118.5494
-2.643	73.2913	-10.2383	-1.9523	118.5562
-2.6468	73.2962	-10.2386	-1.9551	118.563
-2.6506	73.3012	-10.2388	-1.9579	118.5698
-2.6544	73.3061	-10.2391	-1.9607	118.5767
-2.6582	73.3111	-10.2394	-1.9635	118.5835
-2.662	73.3161	-10.2397	-1.9663	118.5903
-2.6658	73.321	-10.24	-1.9691	118.5972
-2.6696	73.326	-10.2403	-1.9719	118.604
-2.6734	73.331	-10.2406	-1.9747	118.6109
-2.6772	73.336	-10.2409	-1.9775	118.6177
-2.681	73.341	-10.2412	-1.9804	118.6246
-2.6848	73.346	-10.2415	-1.9832	118.6314
-2.6887	73.3509	-10.2418	-1.986	118.6383
-2.6925	73.3559	-10.2421	-1.9888	118.6452
-2.6963	73.3609	-10.2424	-1.9916	118.6521
-2.7001	73.3659	-10.2426	-1.9944	118.6589
-2.704	73.3709	-10.2429	-1.9973	118.6658
-2.7078	73.3759	-10.2432	-2.0001	118.6727
-2.7116	73.381	-10.2435	-2.0029	118.6796
-2.7154	73.386	-10.2438	-2.0058	118.6865
-2.7193	73.391	-10.2441	-2.0086	118.6934
-2.7231	73.396	-10.2444	-2.0114	118.7003
-2.727	73.401	-10.2447	-2.0143	118.7072
-2.7308	73.406	-10.245	-2.0171	118.7142
-2.7347	73.4111	-10.2453	-2.0199	118.7211
-2.7385	73.4161	-10.2456	-2.0228	118.728
-2.7424	73.4211	-10.2459	-2.0256	118.7349
-2.7462	73.4262	-10.2462	-2.0285	118.7419
-2.7501	73.4312	-10.2465	-2.0313	118.7488
-2.7539	73.4363	-10.2468	-2.0342	118.7557
-2.7578	73.4413	-10.2471	-2.037	118.7627
-2.7617	73.4464	-10.2474	-2.0399	118.7696
-2.7655	73.4514	-10.2477	-2.0427	118.7766
-2.7694	73.4565	-10.248	-2.0456	118.7836
-2.7733	73.4615	-10.2483	-2.0484	118.7905
-2.7772	73.4666	-10.2486	-2.0513	118.7975
-2.781	73.4717	-10.2489	-2.0541	118.8045
-2.7849	73.4767	-10.2492	-2.057	118.8115
-2.7888	73.4818	-10.2495	-2.0599	118.8184
-2.7927	73.4869	-10.2498	-2.0627	118.8254
-2.7966	73.492	-10.25	-2.0656	118.8324
-2.8005	73.4971	-10.2503	-2.0685	118.8394
-2.8043	73.5022	-10.2506	-2.0713	118.8464
-2.8082	73.5072	-10.2509	-2.0742	118.8534
-2.8121	73.5123	-10.2512	-2.0771	118.8604
-2.816	73.5174	-10.2515	-2.08	118.8674
-2.8199	73.5225	-10.2518	-2.0829	118.8745
-2.8238	73.5276	-10.2521	-2.0857	118.8815
-2.8277	73.5327	-10.2524	-2.0886	118.8885
-2.8317	73.5378	-10.2527	-2.0915	118.8955
-2.8356	73.543	-10.253	-2.0944	118.9026
-2.8395	73.5481	-10.2533	-2.0973	118.9096
-2.8434	73.5532	-10.2536	-2.1002	118.9166
-2.8473	73.5583	-10.2539	-2.1031	118.9237
-2.8512	73.5634	-10.2542	-2.1059	118.9308
-2.8552	73.5686	-10.2545	-2.1088	118.9378
-2.8591	73.5737	-10.2548	-2.1117	118.9449
-2.863	73.5788	-10.2551	-2.1146	118.9519
-2.8669	73.584	-10.2554	-2.1175	118.959
-2.8709	73.5891	-10.2558	-2.1204	118.9661
-2.8748	73.5943	-10.2561	-2.1233	118.9732
-2.8788	73.5994	-10.2564	-2.1262	118.9802
-2.8827	73.6046	-10.2567	-2.1292	118.9873
-2.8866	73.6097	-10.257	-2.1321	118.9944
-2.8906	73.6149	-10.2573	-2.135	119.0015
-2.8945	73.62	-10.2576	-2.1379	119.0086
-2.8985	73.6252	-10.2579	-2.1408	119.0157
-2.9024	73.6303	-10.2582	-2.1437	119.0228
-2.9064	73.6355	-10.2585	-2.1466	119.0299
-2.9103	73.6407	-10.2588	-2.1496	119.0371
-2.9143	73.6459	-10.2591	-2.1525	119.0442
-2.9183	73.651	-10.2594	-2.1554	119.0513
-2.9222	73.6562	-10.2597	-2.1583	119.0584
-2.9262	73.6614	-10.26	-2.1612	119.0656
-2.9302	73.6666	-10.2603	-2.1642	119.0727
-2.9341	73.6718	-10.2606	-2.1671	119.0799
-2.9381	73.677	-10.2609	-2.17	119.087
-2.9421	73.6822	-10.2612	-2.173	119.0941
-2.9461	73.6874	-10.2615	-2.1759	119.1013
-2.95	73.6926	-10.2618	-2.1788	119.1085
-2.954	73.6978	-10.2621	-2.1818	119.1156
-2.958	73.703	-10.2624	-2.1847	119.1228
-2.962	73.7082	-10.2627	-2.1877	119.13
-2.966	73.7134	-10.263	-2.1906	119.1371
-2.97	73.7186	-10.2634	-2.1936	119.1443
-2.974	73.7239	-10.2637	-2.1965	119.1515
-2.978	73.7291	-10.264	-2.1995	119.1587
-2.982	73.7343	-10.2643	-2.2024	119.1659
-2.986	73.7395	-10.2646	-2.2054	119.1731
-2.99	73.7448	-10.2649	-2.2083	119.1803
-2.994	73.75	-10.2652	-2.2113	119.1875
-2.998	73.7553	-10.2655	-2.2142	119.1947
-3.002	73.7605	-10.2658	-2.2172	119.2019
-3.006	73.7657	-10.2661	-2.2201	119.2092
-3.01	73.771	-10.2664	-2.2231	119.2164
-3.0141	73.7762	-10.2667	-2.2261	119.2236
-3.0181	73.7815	-10.267	-2.229	119.2308
-3.0221	73.7868	-10.2674	-2.232	119.2381
-3.0261	73.792	-10.2677	-2.235	119.2453
-3.0302	73.7973	-10.268	-2.238	119.2526
-3.0342	73.8025	-10.2683	-2.2409	119.2598
-3.0382	73.8078	-10.2686	-2.2439	119.2671
-3.0422	73.8131	-10.2689	-2.2469	119.2743
-3.0463	73.8184	-10.2692	-2.2499	119.2816
-3.0503	73.8236	-10.2695	-2.2528	119.2888
-3.0544	73.8289	-10.2698	-2.2558	119.2961
-3.0584	73.8342	-10.2701	-2.2588	119.3034
-3.0625	73.8395	-10.2705	-2.2618	119.3107
-3.0665	73.8448	-10.2708	-2.2648	119.3179
-3.0706	73.8501	-10.2711	-2.2678	119.3252
-3.0746	73.8554	-10.2714	-2.2708	119.3325
-3.0787	73.8607	-10.2717	-2.2738	119.3398
-3.0827	73.866	-10.272	-2.2767	119.3471
-3.0868	73.8713	-10.2723	-2.2797	119.3544
-3.0908	73.8766	-10.2726	-2.2827	119.3617
-3.0949	73.8819	-10.2729	-2.2857	119.369
-3.099	73.8872	-10.2733	-2.2887	119.3764
-3.103	73.8926	-10.2736	-2.2917	119.3837
-3.1071	73.8979	-10.2739	-2.2947	119.391
-3.1112	73.9032	-10.2742	-2.2978	119.3983
-3.1153	73.9085	-10.2745	-2.3008	119.4057
-3.1193	73.9139	-10.2748	-2.3038	119.413
-3.1234	73.9192	-10.2751	-2.3068	119.4203
-3.1275	73.9245	-10.2754	-2.3098	119.4277
-3.1316	73.9299	-10.2758	-2.3128	119.435
-3.1357	73.9352	-10.2761	-2.3158	119.4424
-3.1398	73.9406	-10.2764	-2.3188	119.4497
-3.1439	73.9459	-10.2767	-2.3219	119.4571
-3.148	73.9513	-10.277	-2.3249	119.4645
-3.1521	73.9566	-10.2773	-2.3279	119.4718
-3.1562	73.962	-10.2776	-2.3309	119.4792
-3.1603	73.9673	-10.278	-2.334	119.4866
-3.1644	73.9727	-10.2783	-2.337	119.494
-3.1685	73.9781	-10.2786	-2.34	119.5014
-3.1726	73.9834	-10.2789	-2.343	119.5087
-3.1767	73.9888	-10.2792	-2.3461	119.5161
-3.1808	73.9942	-10.2795	-2.3491	119.5235
-3.1849	73.9996	-10.2798	-2.3521	119.5309
-3.189	74.0049	-10.2802	-2.3552	119.5383
-3.1932	74.0103	-10.2805	-2.3582	119.5458
-3.1973	74.0157	-10.2808	-2.3613	119.5532
-3.2014	74.0211	-10.2811	-2.3643	119.5606
-3.2055	74.0265	-10.2814	-2.3674	119.568
-3.2097	74.0319	-10.2817	-2.3704	119.5754
-3.2138	74.0373	-10.2821	-2.3734	119.5829
-3.2179	74.0427	-10.2824	-2.3765	119.5903
-3.2221	74.0481	-10.2827	-2.3795	119.5977
-3.2262	74.0535	-10.283	-2.3826	119.6052
-3.2303	74.0589	-10.2833	-2.3857	119.6126
-3.2345	74.0643	-10.2837	-2.3887	119.6201
-3.2386	74.0698	-10.284	-2.3918	119.6275
-3.2428	74.0752	-10.2843	-2.3948	119.635
-3.2469	74.0806	-10.2846	-2.3979	119.6424
-3.2511	74.086	-10.2849	-2.401	119.6499
-3.2552	74.0915	-10.2852	-2.404	119.6574
-3.2594	74.0969	-10.2856	-2.4071	119.6649
-3.2635	74.1023	-10.2859	-2.4102	119.6723
-3.2677	74.1078	-10.2862	-2.4132	119.6798
-3.2719	74.1132	-10.2865	-2.4163	119.6873
-3.276	74.1186	-10.2868	-2.4194	119.6948
-3.2802	74.1241	-10.2872	-2.4224	119.7023
-3.2844	74.1295	-10.2875	-2.4255	119.7098
-3.2885	74.135	-10.2878	-2.4286	119.7173
-3.2927	74.1404	-10.2881	-2.4317	119.7248
-3.2969	74.1459	-10.2884	-2.4348	119.7323
-3.3011	74.1514	-10.2888	-2.4378	119.7398
-3.3052	74.1568	-10.2891	-2.4409	119.7473
-3.3094	74.1623	-10.2894	-2.444	119.7549
-3.3136	74.1678	-10.2897	-2.4471	119.7624
-3.3178	74.1732	-10.29	-2.4502	119.7699
-3.322	74.1787	-10.2904	-2.4533	119.7775
-3.3262	74.1842	-10.2907	-2.4564	119.785
-3.3304	74.1897	-10.291	-2.4595	119.7925
-3.3346	74.1951	-10.2913	-2.4626	119.8001
-3.3388	74.2006	-10.2917	-2.4657	119.8076
-3.343	74.2061	-10.292	-2.4688	119.8152
-3.3472	74.2116	-10.2923	-2.4719	119.8228
-3.3514	74.2171	-10.2926	-2.475	119.8303
-3.3556	74.2226	-10.2929	-2.4781	119.8379
-3.3598	74.2281	-10.2933	-2.4812	119.8454
-3.364	74.2336	-10.2936	-2.4843	119.853
-3.3682	74.2391	-10.2939	-2.4874	119.8606
-3.3724	74.2446	-10.2942	-2.4905	119.8682
-3.3766	74.2501	-10.2946	-2.4936	119.8758
-3.3809	74.2557	-10.2949	-2.4967	119.8834
-3.3851	74.2612	-10.2952	-2.4998	119.891
-3.3893	74.2667	-10.2955	-2.5029	119.8985
-3.3935	74.2722	-10.2959	-2.5061	119.9061
-3.3978	74.2777	-10.2962	-2.5092	119.9138
-3.402	74.2833	-10.2965	-2.5123	119.9214
-3.4062	74.2888	-10.2968	-2.5154	119.929
-3.4105	74.2943	-10.2972	-2.5186	119.9366
-3.4147	74.2999	-10.2975	-2.5217	119.9442
-3.4189	74.3054	-10.2978	-2.5248	119.9518
-3.4232	74.311	-10.2981	-2.5279	119.9595
-3.4274	74.3165	-10.2985	-2.5311	119.9671
-3.4317	74.3221	-10.2988	-2.5342	119.9747
-3.4359	74.3276	-10.2991	-2.5373	119.9824
-3.4402	74.3332	-10.2994	-2.5405	119.99
-3.4444	74.3387	-10.2998	-2.5436	119.9977
-3.4487	74.3443	-10.3001	-2.5467	120.0053
-3.4529	74.3498	-10.3004	-2.5499	120.013
-3.4572	74.3554	-10.3007	-2.553	120.0206
-3.4614	74.361	-10.3011	-2.5562	120.0283
-3.4657	74.3665	-10.3014	-2.5593	120.036
-3.47	74.3721	-10.3017	-2.5625	120.0436
-3.4742	74.3777	-10.302	-2.5656	120.0513
-3.4785	74.3833	-10.3024	-2.5688	120.059
-3.4828	74.3889	-10.3027	-2.5719	120.0667
-3.487	74.3944	-10.303	-2.5751	120.0744
-3.4913	74.4	-10.3034	-2.5782	120.082
-3.4956	74.4056	-10.3037	-2.5814	120.0897
-3.4999	74.4112	-10.304	-2.5845	120.0974
-3.5042	74.4168	-10.3043	-2.5877	120.1051
-3.5084	74.4224	-10.3047	-2.5909	120.1128
-3.5127	74.428	-10.305	-2.594	120.1206
-3.517	74.4336	-10.3053	-2.5972	120.1283
-3.5213	74.4392	-10.3057	-2.6003	120.136
-3.5256	74.4448	-10.306	-2.6035	120.1437
-3.5299	74.4505	-10.3063	-2.6067	120.1514
-3.5342	74.4561	-10.3066	-2.6099	120.1592
-3.5385	74.4617	-10.307	-2.613	120.1669
-3.5428	74.4673	-10.3073	-2.6162	120.1746
-3.5471	74.4729	-10.3076	-2.6194	120.1824
-3.5514	74.4786	-10.308	-2.6225	120.1901
-3.5557	74.4842	-10.3083	-2.6257	120.1979
-3.56	74.4898	-10.3086	-2.6289	120.2056
-3.5643	74.4955	-10.309	-2.6321	120.2134
-3.5686	74.5011	-10.3093	-2.6353	120.2211
-3.573	74.5067	-10.3096	-2.6385	120.2289
-3.5773	74.5124	-10.31	-2.6416	120.2366
-3.5816	74.518	-10.3103	-2.6448	120.2444
-3.5859	74.5237	-10.3106	-2.648	120.2522
-3.5902	74.5293	-10.3109	-2.6512	120.26
-3.5946	74.535	-10.3113	-2.6544	120.2677
-3.5989	74.5406	-10.3116	-2.6576	120.2755
-3.6032	74.5463	-10.3119	-2.6608	120.2833
-3.6076	74.552	-10.3123	-2.664	120.2911
-3.6119	74.5576	-10.3126	-2.6672	120.2989
-3.6162	74.5633	-10.3129	-2.6704	120.3067
-3.6206	74.569	-10.3133	-2.6736	120.3145
-3.6249	74.5746	-10.3136	-2.6768	120.3223
-3.6292	74.5803	-10.3139	-2.68	120.3301
-3.6336	74.586	-10.3143	-2.6832	120.3379
-3.6379	74.5917	-10.3146	-2.6864	120.3458
-3.6423	74.5973	-10.3149	-2.6896	120.3536
-3.6466	74.603	-10.3153	-2.6928	120.3614
-3.651	74.6087	-10.3156	-2.696	120.3692
-3.6553	74.6144	-10.3159	-2.6992	120.3771
-3.6597	74.6201	-10.3163	-2.7025	120.3849
-3.6641	74.6258	-10.3166	-2.7057	120.3927
-3.6684	74.6315	-10.3169	-2.7089	120.4006
-3.6728	74.6372	-10.3173	-2.7121	120.4084
-3.6771	74.6429	-10.3176	-2.7153	120.4163
-3.6815	74.6486	-10.318	-2.7186	120.4241
-3.6859	74.6543	-10.3183	-2.7218	120.432
-3.6903	74.66	-10.3186	-2.725	120.4399
-3.6946	74.6658	-10.319	-2.7282	120.4477
-3.699	74.6715	-10.3193	-2.7315	120.4556
-3.7034	74.6772	-10.3196	-2.7347	120.4635
-3.7078	74.6829	-10.32	-2.7379	120.4713
-3.7121	74.6886	-10.3203	-2.7411	120.4792
-3.7165	74.6944	-10.3206	-2.7444	120.4871
-3.7209	74.7001	-10.321	-2.7476	120.495
-3.7253	74.7058	-10.3213	-2.7509	120.5029
-3.7297	74.7116	-10.3216	-2.7541	120.5108
-3.7341	74.7173	-10.322	-2.7573	120.5187
-3.7385	74.7231	-10.3223	-2.7606	120.5266
-3.7429	74.7288	-10.3227	-2.7638	120.5345
-3.7473	74.7346	-10.323	-2.7671	120.5424
-3.7517	74.7403	-10.3233	-2.7703	120.5503
-3.7561	74.7461	-10.3237	-2.7736	120.5582
-3.7605	74.7518	-10.324	-2.7768	120.5661
-3.7649	74.7576	-10.3243	-2.7801	120.5741
-3.7693	74.7633	-10.3247	-2.7833	120.582
-3.7737	74.7691	-10.325	-2.7866	120.5899
-3.7781	74.7749	-10.3254	-2.7898	120.5979
-3.7825	74.7806	-10.3257	-2.7931	120.6058
-3.7869	74.7864	-10.326	-2.7963	120.6137
-3.7913	74.7922	-10.3264	-2.7996	120.6217
-3.7958	74.7979	-10.3267	-2.8028	120.6296
-3.8002	74.8037	-10.3271	-2.8061	120.6376
-3.8046	74.8095	-10.3274	-2.8094	120.6455
-3.809	74.8153	-10.3277	-2.8126	120.6535
-3.8135	74.8211	-10.3281	-2.8159	120.6615
-3.8179	74.8269	-10.3284	-2.8192	120.6694
-3.8223	74.8327	-10.3288	-2.8224	120.6774
-3.8268	74.8384	-10.3291	-2.8257	120.6854
-3.8312	74.8442	-10.3294	-2.829	120.6934
-3.8356	74.85	-10.3298	-2.8323	120.7013
-3.8401	74.8558	-10.3301	-2.8355	120.7093
-3.8445	74.8616	-10.3305	-2.8388	120.7173
-3.8489	74.8675	-10.3308	-2.8421	120.7253
-3.8534	74.8733	-10.3311	-2.8454	120.7333
-3.8578	74.8791	-10.3315	-2.8486	120.7413
-3.8623	74.8849	-10.3318	-2.8519	120.7493
-3.8667	74.8907	-10.3322	-2.8552	120.7573
-3.8712	74.8965	-10.3325	-2.8585	120.7653
-3.8756	74.9023	-10.3328	-2.8618	120.7733
-3.8801	74.9082	-10.3332	-2.8651	120.7813
-3.8846	74.914	-10.3335	-2.8684	120.7893
-3.889	74.9198	-10.3339	-2.8717	120.7974
-3.8935	74.9257	-10.3342	-2.8749	120.8054
-3.8979	74.9315	-10.3346	-2.8782	120.8134
-3.9024	74.9373	-10.3349	-2.8815	120.8215
-3.9069	74.9432	-10.3352	-2.8848	120.8295
-3.9113	74.949	-10.3356	-2.8881	120.8375
-3.9158	74.9549	-10.3359	-2.8914	120.8456
-3.9203	74.9607	-10.3363	-2.8947	120.8536
-3.9248	74.9666	-10.3366	-2.898	120.8617
-3.9292	74.9724	-10.337	-2.9013	120.8697
-3.9337	74.9783	-10.3373	-2.9046	120.8778
-3.9382	74.9841	-10.3377	-2.9079	120.8858
-3.9427	74.99	-10.338	-2.9113	120.8939
-3.9472	74.9958	-10.3383	-2.9146	120.902
-3.9517	75.0017	-10.3387	-2.9179	120.91
-3.9562	75.0076	-10.339	-2.9212	120.9181
-3.9606	75.0134	-10.3394	-2.9245	120.9262
-3.9651	75.0193	-10.3397	-2.9278	120.9343
-3.9696	75.0252	-10.3401	-2.9311	120.9424
-3.9741	75.0311	-10.3404	-2.9344	120.9505
-3.9786	75.0369	-10.3408	-2.9378	120.9585
-3.9831	75.0428	-10.3411	-2.9411	120.9666
-3.9876	75.0487	-10.3414	-2.9444	120.9747
-3.9921	75.0546	-10.3418	-2.9477	120.9828
-3.9966	75.0605	-10.3421	-2.9511	120.9909
-4.0011	75.0664	-10.3425	-2.9544	120.9991
-4.0057	75.0723	-10.3428	-2.9577	121.0072
-4.0102	75.0782	-10.3432	-2.961	121.0153
-4.0147	75.0841	-10.3435	-2.9644	121.0234
-4.0192	75.09	-10.3439	-2.9677	121.0315
-4.0237	75.0959	-10.3442	-2.971	121.0396
-4.0282	75.1018	-10.3446	-2.9744	121.0478
-4.0328	75.1077	-10.3449	-2.9777	121.0559
-4.0373	75.1136	-10.3453	-2.981	121.064
-4.0418	75.1195	-10.3456	-2.9844	121.0722
-4.0463	75.1254	-10.3459	-2.9877	121.0803
-4.0509	75.1313	-10.3463	-2.9911	121.0885
-4.0554	75.1373	-10.3466	-2.9944	121.0966
-4.0599	75.1432	-10.347	-2.9977	121.1048
-4.0644	75.1491	-10.3473	-3.0011	121.1129
-4.069	75.155	-10.3477	-3.0044	121.1211
-4.0735	75.161	-10.348	-3.0078	121.1292
-4.0781	75.1669	-10.3484	-3.0111	121.1374
-4.0826	75.1728	-10.3487	-3.0145	121.1456
-4.0871	75.1788	-10.3491	-3.0178	121.1537
-4.0917	75.1847	-10.3494	-3.0212	121.1619
-4.0962	75.1907	-10.3498	-3.0245	121.1701
-4.1008	75.1966	-10.3501	-3.0279	121.1783
-4.1053	75.2026	-10.3505	-3.0313	121.1865
-4.1099	75.2085	-10.3508	-3.0346	121.1946
-4.1144	75.2145	-10.3512	-3.038	121.2028
-4.119	75.2204	-10.3515	-3.0413	121.211
-4.1236	75.2264	-10.3519	-3.0447	121.2192
-4.1281	75.2323	-10.3522	-3.0481	121.2274
-4.1327	75.2383	-10.3526	-3.0514	121.2356
-4.1372	75.2443	-10.3529	-3.0548	121.2438
-4.1418	75.2502	-10.3533	-3.0582	121.2521
-4.1464	75.2562	-10.3536	-3.0615	121.2603
-4.1509	75.2622	-10.354	-3.0649	121.2685
-4.1555	75.2681	-10.3543	-3.0683	121.2767
-4.1601	75.2741	-10.3547	-3.0717	121.2849
-4.1647	75.2801	-10.355	-3.075	121.2932
-4.1692	75.2861	-10.3554	-3.0784	121.3014
-4.1738	75.2921	-10.3557	-3.0818	121.3096
-4.1784	75.298	-10.3561	-3.0852	121.3179
-4.183	75.304	-10.3564	-3.0885	121.3261
-4.1876	75.31	-10.3568	-3.0919	121.3343
-4.1921	75.316	-10.3571	-3.0953	121.3426
-4.1967	75.322	-10.3575	-3.0987	121.3508
-4.2013	75.328	-10.3578	-3.1021	121.3591
-4.2059	75.334	-10.3582	-3.1055	121.3673
-4.2105	75.34	-10.3585	-3.1089	121.3756
-4.2151	75.346	-10.3589	-3.1122	121.3839
-4.2197	75.352	-10.3592	-3.1156	121.3921
-4.2243	75.358	-10.3596	-3.119	121.4004
-4.2289	75.364	-10.36	-3.1224	121.4087
-4.2335	75.37	-10.3603	-3.1258	121.417
-4.2381	75.3761	-10.3607	-3.1292	121.4252
-4.2427	75.3821	-10.361	-3.1326	121.4335
-4.2473	75.3881	-10.3614	-3.136	121.4418
-4.2519	75.3941	-10.3617	-3.1394	121.4501
-4.2565	75.4002	-10.3621	-3.1428	121.4584
-4.2611	75.4062	-10.3624	-3.1462	121.4667
-4.2657	75.4122	-10.3628	-3.1496	121.475
-4.2704	75.4182	-10.3631	-3.153	121.4833
-4.275	75.4243	-10.3635	-3.1564	121.4916
-4.2796	75.4303	-10.3638	-3.1598	121.4999
-4.2842	75.4363	-10.3642	-3.1632	121.5082
-4.2888	75.4424	-10.3646	-3.1666	121.5165
-4.2935	75.4484	-10.3649	-3.1701	121.5248
-4.2981	75.4545	-10.3653	-3.1735	121.5331
-4.3027	75.4605	-10.3656	-3.1769	121.5415
-4.3073	75.4666	-10.366	-3.1803	121.5498
-4.312	75.4726	-10.3663	-3.1837	121.5581
-4.3166	75.4787	-10.3667	-3.1871	121.5664
-4.3212	75.4847	-10.367	-3.1906	121.5748
-4.3259	75.4908	-10.3674	-3.194	121.5831
-4.3305	75.4969	-10.3678	-3.1974	121.5915
-4.3351	75.5029	-10.3681	-3.2008	121.5998
-4.3398	75.509	-10.3685	-3.2042	121.6082
-4.3444	75.5151	-10.3688	-3.2077	121.6165
-4.3491	75.5211	-10.3692	-3.2111	121.6249
-4.3537	75.5272	-10.3695	-3.2145	121.6332
-4.3584	75.5333	-10.3699	-3.218	121.6416
-4.363	75.5393	-10.3702	-3.2214	121.6499
-4.3677	75.5454	-10.3706	-3.2248	121.6583
-4.3723	75.5515	-10.371	-3.2282	121.6667
-4.377	75.5576	-10.3713	-3.2317	121.675
-4.3816	75.5637	-10.3717	-3.2351	121.6834
-4.3863	75.5698	-10.372	-3.2386	121.6918
-4.3909	75.5759	-10.3724	-3.242	121.7002
-4.3956	75.5819	-10.3727	-3.2454	121.7086
-4.4003	75.588	-10.3731	-3.2489	121.7169
-4.4049	75.5941	-10.3735	-3.2523	121.7253
-4.4096	75.6002	-10.3738	-3.2558	121.7337
-4.4143	75.6063	-10.3742	-3.2592	121.7421
-4.4189	75.6124	-10.3745	-3.2626	121.7505
-4.4236	75.6185	-10.3749	-3.2661	121.7589
-4.4283	75.6246	-10.3753	-3.2695	121.7673
-4.433	75.6308	-10.3756	-3.273	121.7757
-4.4376	75.6369	-10.376	-3.2764	121.7841
-4.4423	75.643	-10.3763	-3.2799	121.7926
-4.447	75.6491	-10.3767	-3.2833	121.801
-4.4517	75.6552	-10.377	-3.2868	121.8094
-4.4564	75.6613	-10.3774	-3.2903	121.8178
-4.461	75.6675	-10.3778	-3.2937	121.8262
-4.4657	75.6736	-10.3781	-3.2972	121.8347
-4.4704	75.6797	-10.3785	-3.3006	121.8431
-4.4751	75.6858	-10.3788	-3.3041	121.8515
-4.4798	75.692	-10.3792	-3.3075	121.86
-4.4845	75.6981	-10.3796	-3.311	121.8684
-4.4892	75.7042	-10.3799	-3.3145	121.8769
-4.4939	75.7104	-10.3803	-3.3179	121.8853
-4.4986	75.7165	-10.3806	-3.3214	121.8938
-4.5033	75.7227	-10.381	-3.3249	121.9022
-4.508	75.7288	-10.3814	-3.3283	121.9107
-4.5127	75.735	-10.3817	-3.3318	121.9191
-4.5174	75.7411	-10.3821	-3.3353	121.9276
-4.5221	75.7472	-10.3825	-3.3387	121.936
-4.5268	75.7534	-10.3828	-3.3422	121.9445
-4.5315	75.7596	-10.3832	-3.3457	121.953
-4.5362	75.7657	-10.3835	-3.3492	121.9615
-4.5409	75.7719	-10.3839	-3.3526	121.9699
-4.5456	75.778	-10.3843	-3.3561	121.9784
-4.5504	75.7842	-10.3846	-3.3596	121.9869
-4.5551	75.7904	-10.385	-3.3631	121.9954
-4.5598	75.7965	-10.3853	-3.3666	122.0039
-4.5645	75.8027	-10.3857	-3.3701	122.0124
-4.5692	75.8089	-10.3861	-3.3735	122.0208
-4.574	75.815	-10.3864	-3.377	122.0293
-4.5787	75.8212	-10.3868	-3.3805	122.0378
-4.5834	75.8274	-10.3872	-3.384	122.0463
-4.5881	75.8336	-10.3875	-3.3875	122.0548
-4.5929	75.8398	-10.3879	-3.391	122.0634
-4.5976	75.8459	-10.3882	-3.3945	122.0719
-4.6023	75.8521	-10.3886	-3.398	122.0804
-4.6071	75.8583	-10.389	-3.4014	122.0889
-4.6118	75.8645	-10.3893	-3.4049	122.0974
-4.6165	75.8707	-10.3897	-3.4084	122.1059
-4.6213	75.8769	-10.3901	-3.4119	122.1145
-4.626	75.8831	-10.3904	-3.4154	122.123
-4.6308	75.8893	-10.3908	-3.4189	122.1315
-4.6355	75.8955	-10.3912	-3.4224	122.14
-4.6402	75.9017	-10.3915	-3.4259	122.1486
-4.645	75.9079	-10.3919	-3.4294	122.1571
-4.6497	75.9141	-10.3922	-3.4329	122.1657
-4.6545	75.9203	-10.3926	-3.4364	122.1742
-4.6592	75.9265	-10.393	-3.4399	122.1827
-4.664	75.9327	-10.3933	-3.4435	122.1913
-4.6687	75.9389	-10.3937	-3.447	122.1998
-4.6735	75.9452	-10.3941	-3.4505	122.2084
-4.6783	75.9514	-10.3944	-3.454	122.217
-4.683	75.9576	-10.3948	-3.4575	122.2255
-4.6878	75.9638	-10.3952	-3.461	122.2341
-4.6925	75.97	-10.3955	-3.4645	122.2427
-4.6973	75.9763	-10.3959	-3.468	122.2512
-4.7021	75.9825	-10.3963	-3.4716	122.2598
-4.7068	75.9887	-10.3966	-3.4751	122.2684
-4.7116	75.995	-10.397	-3.4786	122.2769
-4.7164	76.0012	-10.3974	-3.4821	122.2855
-4.7212	76.0074	-10.3977	-3.4856	122.2941
-4.7259	76.0137	-10.3981	-3.4892	122.3027
-4.7307	76.0199	-10.3985	-3.4927	122.3113
-4.7355	76.0262	-10.3988	-3.4962	122.3199
-4.7403	76.0324	-10.3992	-3.4997	122.3285
-4.745	76.0386	-10.3996	-3.5032	122.3371
-4.7498	76.0449	-10.3999	-3.5068	122.3457
-4.7546	76.0511	-10.4003	-3.5103	122.3543
-4.7594	76.0574	-10.4007	-3.5138	122.3629
-4.7642	76.0637	-10.401	-3.5174	122.3715
-4.769	76.0699	-10.4014	-3.5209	122.3801
-4.7737	76.0762	-10.4018	-3.5244	122.3887
-4.7785	76.0824	-10.4021	-3.528	122.3973
-4.7833	76.0887	-10.4025	-3.5315	122.4059
-4.7881	76.095	-10.4029	-3.535	122.4145
-4.7929	76.1012	-10.4032	-3.5386	122.4232
-4.7977	76.1075	-10.4036	-3.5421	122.4318
-4.8025	76.1138	-10.404	-3.5456	122.4404
-4.8073	76.12	-10.4043	-3.5492	122.4491
-4.8121	76.1263	-10.4047	-3.5527	122.4577
-4.8169	76.1326	-10.4051	-3.5563	122.4663
-4.8217	76.1389	-10.4054	-3.5598	122.475
-4.8265	76.1451	-10.4058	-3.5634	122.4836
-4.8313	76.1514	-10.4062	-3.5669	122.4922
-4.8361	76.1577	-10.4065	-3.5705	122.5009
-4.8409	76.164	-10.4069	-3.574	122.5095
-4.8457	76.1703	-10.4073	-3.5776	122.5182
-4.8505	76.1766	-10.4077	-3.5811	122.5268
-4.8554	76.1828	-10.408	-3.5847	122.5355
-4.8602	76.1891	-10.4084	-3.5882	122.5442
-4.865	76.1954	-10.4088	-3.5918	122.5528
-4.8698	76.2017	-10.4091	-3.5953	122.5615
-4.8746	76.208	-10.4095	-3.5989	122.5702
-4.8794	76.2143	-10.4099	-3.6024	122.5788
-4.8843	76.2206	-10.4102	-3.606	122.5875
-4.8891	76.2269	-10.4106	-3.6095	122.5962
-4.8939	76.2332	-10.411	-3.6131	122.6049
-4.8987	76.2396	-10.4114	-3.6167	122.6135
-4.9036	76.2459	-10.4117	-3.6202	122.6222
-4.9084	76.2522	-10.4121	-3.6238	122.6309
-4.9132	76.2585	-10.4125	-3.6274	122.6396
-4.9181	76.2648	-10.4128	-3.6309	122.6483
-4.9229	76.2711	-10.4132	-3.6345	122.657
-4.9277	76.2774	-10.4136	-3.638	122.6657
-4.9326	76.2838	-10.4139	-3.6416	122.6744
-4.9374	76.2901	-10.4143	-3.6452	122.6831
-4.9422	76.2964	-10.4147	-3.6488	122.6918
-4.9471	76.3027	-10.4151	-3.6523	122.7005
-4.9519	76.3091	-10.4154	-3.6559	122.7092
-4.9568	76.3154	-10.4158	-3.6595	122.7179
-4.9616	76.3217	-10.4162	-3.663	122.7266
-4.9665	76.3281	-10.4166	-3.6666	122.7353
-4.9713	76.3344	-10.4169	-3.6702	122.744
-4.9762	76.3407	-10.4173	-3.6738	122.7528
-4.981	76.3471	-10.4177	-3.6774	122.7615
-4.9859	76.3534	-10.418	-3.6809	122.7702
-4.9907	76.3597	-10.4184	-3.6845	122.7789
-4.9956	76.3661	-10.4188	-3.6881	122.7877
-5.0004	76.3724	-10.4192	-3.6917	122.7964
-5.0053	76.3788	-10.4195	-3.6953	122.8051
-5.0101	76.3851	-10.4199	-3.6988	122.8139
-5.015	76.3915	-10.4203	-3.7024	122.8226
-5.0199	76.3978	-10.4206	-3.706	122.8314
-5.0247	76.4042	-10.421	-3.7096	122.8401
-5.0296	76.4106	-10.4214	-3.7132	122.8489
-5.0344	76.4169	-10.4218	-3.7168	122.8576
-5.0393	76.4233	-10.4221	-3.7204	122.8664
-5.0442	76.4296	-10.4225	-3.724	122.8751
-5.049	76.436	-10.4229	-3.7276	122.8839
-5.0539	76.4424	-10.4233	-3.7312	122.8926
-5.0588	76.4487	-10.4236	-3.7347	122.9014
-5.0637	76.4551	-10.424	-3.7383	122.9102
-5.0685	76.4615	-10.4244	-3.7419	122.9189
-5.0734	76.4678	-10.4248	-3.7455	122.9277
-5.0783	76.4742	-10.4251	-3.7491	122.9365
-5.0832	76.4806	-10.4255	-3.7527	122.9453
-5.088	76.487	-10.4259	-3.7563	122.954
-5.0929	76.4934	-10.4263	-3.7599	122.9628
-5.0978	76.4997	-10.4266	-3.7635	122.9716
-5.1027	76.5061	-10.427	-3.7671	122.9804
-5.1076	76.5125	-10.4274	-3.7707	122.9892
-5.1125	76.5189	-10.4278	-3.7744	122.998
-5.1174	76.5253	-10.4281	-3.778	123.0067
-5.1222	76.5317	-10.4285	-3.7816	123.0155
-5.1271	76.5381	-10.4289	-3.7852	123.0243
-5.132	76.5445	-10.4293	-3.7888	123.0331
-5.1369	76.5508	-10.4296	-3.7924	123.0419
-5.1418	76.5572	-10.43	-3.796	123.0507
-5.1467	76.5636	-10.4304	-3.7996	123.0595
-5.1516	76.57	-10.4308	-3.8032	123.0683
-5.1565	76.5764	-10.4311	-3.8068	123.0772
-5.1614	76.5828	-10.4315	-3.8105	123.086
-5.1663	76.5893	-10.4319	-3.8141	123.0948
-5.1712	76.5957	-10.4323	-3.8177	123.1036
-5.1761	76.6021	-10.4326	-3.8213	123.1124
-5.181	76.6085	-10.433	-3.8249	123.1212
-5.1859	76.6149	-10.4334	-3.8285	123.1301
-5.1908	76.6213	-10.4338	-3.8322	123.1389
-5.1957	76.6277	-10.4341	-3.8358	123.1477
-5.2006	76.6341	-10.4345	-3.8394	123.1566
-5.2056	76.6406	-10.4349	-3.843	123.1654
-5.2105	76.647	-10.4353	-3.8467	123.1742
-5.2154	76.6534	-10.4357	-3.8503	123.1831
-5.2203	76.6598	-10.436	-3.8539	123.1919
-5.2252	76.6662	-10.4364	-3.8575	123.2007
-5.2301	76.6727	-10.4368	-3.8612	123.2096
-5.235	76.6791	-10.4372	-3.8648	123.2184
-5.24	76.6855	-10.4375	-3.8684	123.2273
-5.2449	76.692	-10.4379	-3.8721	123.2361
-5.2498	76.6984	-10.4383	-3.8757	123.245
-5.2547	76.7048	-10.4387	-3.8793	123.2538
-5.2597	76.7113	-10.439	-3.883	123.2627
-5.2646	76.7177	-10.4394	-3.8866	123.2716
-5.2695	76.7241	-10.4398	-3.8902	123.2804
-5.2744	76.7306	-10.4402	-3.8939	123.2893
-5.2794	76.737	-10.4406	-3.8975	123.2982
-5.2843	76.7435	-10.4409	-3.9011	123.307
-5.2892	76.7499	-10.4413	-3.9048	123.3159
-5.2942	76.7564	-10.4417	-3.9084	123.3248
-5.2991	76.7628	-10.4421	-3.9121	123.3336
-5.304	76.7693	-10.4425	-3.9157	123.3425
-5.309	76.7757	-10.4428	-3.9193	123.3514
-5.3139	76.7822	-10.4432	-3.923	123.3603
-5.3189	76.7886	-10.4436	-3.9266	123.3692
-5.3238	76.7951	-10.444	-3.9303	123.3781
-5.3287	76.8016	-10.4443	-3.9339	123.3869
-5.3337	76.808	-10.4447	-3.9376	123.3958
-5.3386	76.8145	-10.4451	-3.9412	123.4047
-5.3436	76.8209	-10.4455	-3.9449	123.4136
-5.3485	76.8274	-10.4459	-3.9485	123.4225
-5.3535	76.8339	-10.4462	-3.9522	123.4314
-5.3584	76.8403	-10.4466	-3.9558	123.4403
-5.3634	76.8468	-10.447	-3.9595	123.4492
-5.3683	76.8533	-10.4474	-3.9631	123.4581
-5.3733	76.8598	-10.4478	-3.9668	123.467
-5.3782	76.8662	-10.4481	-3.9704	123.476
-5.3832	76.8727	-10.4485	-3.9741	123.4849
-5.3881	76.8792	-10.4489	-3.9777	123.4938
-5.3931	76.8857	-10.4493	-3.9814	123.5027
-5.398	76.8921	-10.4497	-3.9851	123.5116
-5.403	76.8986	-10.45	-3.9887	123.5205
-5.408	76.9051	-10.4504	-3.9924	123.5295
-5.4129	76.9116	-10.4508	-3.996	123.5384
-5.4179	76.9181	-10.4512	-3.9997	123.5473
-5.4229	76.9246	-10.4516	-4.0034	123.5562
-5.4278	76.9311	-10.452	-4.007	123.5652
-5.4328	76.9376	-10.4523	-4.0107	123.5741
-5.4378	76.944	-10.4527	-4.0144	123.583
-5.4427	76.9505	-10.4531	-4.018	123.592
-5.4477	76.957	-10.4535	-4.0217	123.6009
-5.4527	76.9635	-10.4539	-4.0254	123.6099
-5.4576	76.97	-10.4542	-4.029	123.6188
-5.4626	76.9765	-10.4546	-4.0327	123.6277
-5.4676	76.983	-10.455	-4.0364	123.6367
-5.4726	76.9895	-10.4554	-4.04	123.6456
-5.4775	76.996	-10.4558	-4.0437	123.6546
-5.4825	77.0025	-10.4561	-4.0474	123.6636
-5.4875	77.0091	-10.4565	-4.0511	123.6725
-5.4925	77.0156	-10.4569	-4.0547	123.6815
-5.4975	77.0221	-10.4573	-4.0584	123.6904
-5.5024	77.0286	-10.4577	-4.0621	123.6994
-5.5074	77.0351	-10.4581	-4.0658	123.7084
-5.5124	77.0416	-10.4584	-4.0694	123.7173
-5.5174	77.0481	-10.4588	-4.0731	123.7263
-5.5224	77.0547	-10.4592	-4.0768	123.7353
-5.5274	77.0612	-10.4596	-4.0805	123.7442
-5.5324	77.0677	-10.46	-4.0842	123.7532
-5.5374	77.0742	-10.4604	-4.0878	123.7622
-5.5423	77.0807	-10.4607	-4.0915	123.7712
-5.5473	77.0873	-10.4611	-4.0952	123.7801
-5.5523	77.0938	-10.4615	-4.0989	123.7891
-5.5573	77.1003	-10.4619	-4.1026	123.7981
-5.5623	77.1068	-10.4623	-4.1063	123.8071
-5.5673	77.1134	-10.4627	-4.11	123.8161
-5.5723	77.1199	-10.463	-4.1136	123.8251
-5.5773	77.1264	-10.4634	-4.1173	123.8341
-5.5823	77.133	-10.4638	-4.121	123.843
-5.5873	77.1395	-10.4642	-4.1247	123.852
-5.5923	77.1461	-10.4646	-4.1284	123.861
-5.5973	77.1526	-10.465	-4.1321	123.87
-5.6023	77.1591	-10.4653	-4.1358	123.879
-5.6073	77.1657	-10.4657	-4.1395	123.888
-5.6123	77.1722	-10.4661	-4.1432	123.897
-5.6173	77.1788	-10.4665	-4.1469	123.9061
-5.6223	77.1853	-10.4669	-4.1506	123.9151
-5.6274	77.1919	-10.4673	-4.1543	123.9241
-5.6324	77.1984	-10.4676	-4.158	123.9331
-5.6374	77.205	-10.468	-4.1617	123.9421
-5.6424	77.2115	-10.4684	-4.1653	123.9511
-5.6474	77.2181	-10.4688	-4.169	123.9601
-5.6524	77.2246	-10.4692	-4.1727	123.9691
-5.6574	77.2312	-10.4696	-4.1764	123.9782
-5.6625	77.2377	-10.47	-4.1802	123.9872
-5.6675	77.2443	-10.4703	-4.1839	123.9962
-5.6725	77.2508	-10.4707	-4.1876	124.0052
-5.6775	77.2574	-10.4711	-4.1913	124.0143
-5.6825	77.264	-10.4715	-4.195	124.0233
-5.6876	77.2705	-10.4719	-4.1987	124.0323
-5.6926	77.2771	-10.4723	-4.2024	124.0414
-5.6976	77.2837	-10.4727	-4.2061	124.0504
-5.7026	77.2902	-10.473	-4.2098	124.0594
-5.7077	77.2968	-10.4734	-4.2135	124.0685
-5.7127	77.3034	-10.4738	-4.2172	124.0775
-5.7177	77.3099	-10.4742	-4.2209	124.0866
-5.7227	77.3165	-10.4746	-4.2246	124.0956
-5.7278	77.3231	-10.475	-4.2283	124.1047
-5.7328	77.3297	-10.4754	-4.2321	124.1137
-5.7378	77.3362	-10.4757	-4.2358	124.1228
-5.7429	77.3428	-10.4761	-4.2395	124.1318
-5.7479	77.3494	-10.4765	-4.2432	124.1409
-5.7529	77.356	-10.4769	-4.2469	124.1499
-5.758	77.3626	-10.4773	-4.2506	124.159
-5.763	77.3691	-10.4777	-4.2543	124.168
-5.768	77.3757	-10.4781	-4.2581	124.1771
-5.7731	77.3823	-10.4784	-4.2618	124.1862
-5.7781	77.3889	-10.4788	-4.2655	124.1952
-5.7832	77.3955	-10.4792	-4.2692	124.2043
-5.7882	77.4021	-10.4796	-4.2729	124.2134
-5.7932	77.4087	-10.48	-4.2767	124.2224
-5.7983	77.4153	-10.4804	-4.2804	124.2315
-5.8033	77.4219	-10.4808	-4.2841	124.2406
-5.8084	77.4284	-10.4812	-4.2878	124.2497
-5.8134	77.435	-10.4815	-4.2915	124.2587
-5.8185	77.4416	-10.4819	-4.2953	124.2678
-5.8235	77.4482	-10.4823	-4.299	124.2769
-5.8286	77.4548	-10.4827	-4.3027	124.286
-5.8336	77.4614	-10.4831	-4.3064	124.2951
-5.8387	77.468	-10.4835	-4.3102	124.3041
-5.8437	77.4746	-10.4839	-4.3139	124.3132
-5.8488	77.4812	-10.4843	-4.3176	124.3223
-5.8538	77.4879	-10.4846	-4.3214	124.3314
-5.8589	77.4945	-10.485	-4.3251	124.3405
-5.8639	77.5011	-10.4854	-4.3288	124.3496
-5.869	77.5077	-10.4858	-4.3325	124.3587
-5.8741	77.5143	-10.4862	-4.3363	124.3678
-5.8791	77.5209	-10.4866	-4.34	124.3769
-5.8842	77.5275	-10.487	-4.3437	124.386
-5.8892	77.5341	-10.4874	-4.3475	124.3951
-5.8943	77.5407	-10.4877	-4.3512	124.4042
-5.8994	77.5474	-10.4881	-4.3549	124.4133
-5.9044	77.554	-10.4885	-4.3587	124.4224
-5.9095	77.5606	-10.4889	-4.3624	124.4315
-5.9145	77.5672	-10.4893	-4.3662	124.4406
-5.9196	77.5738	-10.4897	-4.3699	124.4497
-5.9247	77.5805	-10.4901	-4.3736	124.4589
-5.9297	77.5871	-10.4905	-4.3774	124.468
-5.9348	77.5937	-10.4909	-4.3811	124.4771
-5.9399	77.6003	-10.4912	-4.3848	124.4862
-5.945	77.607	-10.4916	-4.3886	124.4953
-5.95	77.6136	-10.492	-4.3923	124.5044
-5.9551	77.6202	-10.4924	-4.3961	124.5136
-5.9602	77.6268	-10.4928	-4.3998	124.5227
-5.9652	77.6335	-10.4932	-4.4036	124.5318
-5.9703	77.6401	-10.4936	-4.4073	124.5409
-5.9754	77.6467	-10.494	-4.411	124.5501
-5.9805	77.6534	-10.4944	-4.4148	124.5592
-5.9855	77.66	-10.4947	-4.4185	124.5683
-5.9906	77.6667	-10.4951	-4.4223	124.5775
-5.9957	77.6733	-10.4955	-4.426	124.5866
-6.0008	77.6799	-10.4959	-4.4298	124.5957
-6.0059	77.6866	-10.4963	-4.4335	124.6049
-6.0109	77.6932	-10.4967	-4.4373	124.614
-6.016	77.6999	-10.4971	-4.441	124.6232
-6.0211	77.7065	-10.4975	-4.4448	124.6323
-6.0262	77.7131	-10.4979	-4.4485	124.6414
-6.0313	77.7198	-10.4983	-4.4523	124.6506
-6.0364	77.7264	-10.4986	-4.456	124.6597
-6.0415	77.7331	-10.499	-4.4598	124.6689
-6.0465	77.7397	-10.4994	-4.4635	124.678
-6.0516	77.7464	-10.4998	-4.4673	124.6872
-6.0567	77.753	-10.5002	-4.4711	124.6963
-6.0618	77.7597	-10.5006	-4.4748	124.7055
-6.0669	77.7663	-10.501	-4.4786	124.7147
-6.072	77.773	-10.5014	-4.4823	124.7238
-6.0771	77.7796	-10.5018	-4.4861	124.733
-6.0822	77.7863	-10.5022	-4.4898	124.7421
-6.0873	77.793	-10.5026	-4.4936	124.7513
-6.0924	77.7996	-10.5029	-4.4974	124.7605
-6.0975	77.8063	-10.5033	-4.5011	124.7696
-6.1026	77.8129	-10.5037	-4.5049	124.7788
-6.1077	77.8196	-10.5041	-4.5086	124.788
-6.1128	77.8263	-10.5045	-4.5124	124.7971
-6.1178	77.8329	-10.5049	-4.5162	124.8063
-6.1229	77.8396	-10.5053	-4.5199	124.8155
-6.128	77.8463	-10.5057	-4.5237	124.8246
-6.1331	77.8529	-10.5061	-4.5274	124.8338
-6.1383	77.8596	-10.5065	-4.5312	124.843
-6.1434	77.8663	-10.5069	-4.535	124.8522
-6.1485	77.8729	-10.5072	-4.5387	124.8614
-6.1536	77.8796	-10.5076	-4.5425	124.8705
-6.1587	77.8863	-10.508	-4.5463	124.8797
-6.1638	77.893	-10.5084	-4.55	124.8889
-6.1689	77.8996	-10.5088	-4.5538	124.8981
-6.174	77.9063	-10.5092	-4.5576	124.9073
-6.1791	77.913	-10.5096	-4.5613	124.9165
-6.1842	77.9197	-10.51	-4.5651	124.9256
-6.1893	77.9263	-10.5104	-4.5689	124.9348
-6.1944	77.933	-10.5108	-4.5727	124.944
-6.1995	77.9397	-10.5112	-4.5764	124.9532
-6.2046	77.9464	-10.5116	-4.5802	124.9624
-6.2098	77.9531	-10.512	-4.584	124.9716
-6.2149	77.9597	-10.5123	-4.5877	124.9808
-6.22	77.9664	-10.5127	-4.5915	124.99
-6.2251	77.9731	-10.5131	-4.5953	124.9992
-6.2302	77.9798	-10.5135	-4.5991	125.0084
-6.2353	77.9865	-10.5139	-4.6028	125.0176
-6.2404	77.9932	-10.5143	-4.6066	125.0268
-6.2456	77.9999	-10.5147	-4.6104	125.036
-6.2507	78.0065	-10.5151	-4.6142	125.0452
-6.2558	78.0132	-10.5155	-4.6179	125.0544
-6.2609	78.0199	-10.5159	-4.6217	125.0636
-6.266	78.0266	-10.5163	-4.6255	125.0728
-6.2712	78.0333	-10.5167	-4.6293	125.0821
-6.2763	78.04	-10.5171	-4.6331	125.0913
-6.2814	78.0467	-10.5174	-4.6368	125.1005
-6.2865	78.0534	-10.5178	-4.6406	125.1097
-6.2917	78.0601	-10.5182	-4.6444	125.1189
-6.2968	78.0668	-10.5186	-4.6482	125.1281
-6.3019	78.0735	-10.519	-4.652	125.1374
-6.307	78.0802	-10.5194	-4.6557	125.1466
-6.3122	78.0869	-10.5198	-4.6595	125.1558
-6.3173	78.0936	-10.5202	-4.6633	125.165
-6.3224	78.1003	-10.5206	-4.6671	125.1742
-6.3275	78.107	-10.521	-4.6709	125.1835
-6.3327	78.1137	-10.5214	-4.6747	125.1927
-6.3378	78.1204	-10.5218	-4.6784	125.2019
-6.3429	78.1271	-10.5222	-4.6822	125.2111
-6.3481	78.1338	-10.5226	-4.686	125.2204
-6.3532	78.1405	-10.523	-4.6898	125.2296
-6.3583	78.1472	-10.5234	-4.6936	125.2388
-6.3635	78.1539	-10.5237	-4.6974	125.2481
-6.3686	78.1607	-10.5241	-4.7012	125.2573
-6.3737	78.1674	-10.5245	-4.705	125.2665
-6.3789	78.1741	-10.5249	-4.7087	125.2758
-6.384	78.1808	-10.5253	-4.7125	125.285
-6.3891	78.1875	-10.5257	-4.7163	125.2943
-6.3943	78.1942	-10.5261	-4.7201	125.3035
-6.3994	78.2009	-10.5265	-4.7239	125.3127
-6.4045	78.2077	-10.5269	-4.7277	125.322
-6.4097	78.2144	-10.5273	-4.7315	125.3312
-6.4148	78.2211	-10.5277	-4.7353	125.3405
-6.42	78.2278	-10.5281	-4.7391	125.3497
-6.4251	78.2345	-10.5285	-4.7429	125.359
-6.4303	78.2412	-10.5289	-4.7467	125.3682
-6.4354	78.248	-10.5293	-4.7505	125.3775
-6.4405	78.2547	-10.5297	-4.7542	125.3867
-6.4457	78.2614	-10.5301	-4.758	125.396
-6.4508	78.2681	-10.5304	-4.7618	125.4052
-6.456	78.2749	-10.5308	-4.7656	125.4145
-6.4611	78.2816	-10.5312	-4.7694	125.4237
-6.4663	78.2883	-10.5316	-4.7732	125.433
-6.4714	78.295	-10.532	-4.777	125.4422
-6.4766	78.3018	-10.5324	-4.7808	125.4515
-6.4817	78.3085	-10.5328	-4.7846	125.4607
-6.4868	78.3152	-10.5332	-4.7884	125.47
-6.492	78.3219	-10.5336	-4.7922	125.4793
-6.4971	78.3287	-10.534	-4.796	125.4885
-6.5023	78.3354	-10.5344	-4.7998	125.4978
-6.5074	78.3421	-10.5348	-4.8036	125.5071
-6.5126	78.3489	-10.5352	-4.8074	125.5163
-6.5178	78.3556	-10.5356	-4.8112	125.5256
-6.5229	78.3623	-10.536	-4.815	125.5349
-6.5281	78.3691	-10.5364	-4.8188	125.5441
-6.5332	78.3758	-10.5368	-4.8226	125.5534
-6.5384	78.3826	-10.5372	-4.8264	125.5627
-6.5435	78.3893	-10.5376	-4.8302	125.5719
-6.5487	78.396	-10.538	-4.834	125.5812
-6.5538	78.4028	-10.5384	-4.8378	125.5905
-6.559	78.4095	-10.5387	-4.8416	125.5998
-6.5641	78.4162	-10.5391	-4.8454	125.609
-6.5693	78.423	-10.5395	-4.8493	125.6183
-6.5745	78.4297	-10.5399	-4.8531	125.6276
-6.5796	78.4365	-10.5403	-4.8569	125.6369
-6.5848	78.4432	-10.5407	-4.8607	125.6461
-6.5899	78.45	-10.5411	-4.8645	125.6554
-6.5951	78.4567	-10.5415	-4.8683	125.6647
-6.6003	78.4634	-10.5419	-4.8721	125.674
-6.6054	78.4702	-10.5423	-4.8759	125.6833
-6.6106	78.4769	-10.5427	-4.8797	125.6926
-6.6157	78.4837	-10.5431	-4.8835	125.7018
-6.6209	78.4904	-10.5435	-4.8873	125.7111
-6.6261	78.4972	-10.5439	-4.8911	125.7204
-6.6312	78.5039	-10.5443	-4.8949	125.7297
-6.6364	78.5107	-10.5447	-4.8988	125.739
-6.6416	78.5174	-10.5451	-4.9026	125.7483
-6.6467	78.5242	-10.5455	-4.9064	125.7576
-6.6519	78.5309	-10.5459	-4.9102	125.7669
-6.6571	78.5377	-10.5463	-4.914	125.7762
-6.6622	78.5444	-10.5467	-4.9178	125.7855
-6.6674	78.5512	-10.5471	-4.9216	125.7947
-6.6726	78.5579	-10.5475	-4.9254	125.804
-6.6777	78.5647	-10.5479	-4.9293	125.8133
-6.6829	78.5715	-10.5483	-4.9331	125.8226
-6.6881	78.5782	-10.5487	-4.9369	125.8319
-6.6932	78.585	-10.5491	-4.9407	125.8412
-6.6984	78.5917	-10.5494	-4.9445	125.8505
-6.7036	78.5985	-10.5498	-4.9483	125.8598
-6.7088	78.6052	-10.5502	-4.9521	125.8691
-6.7139	78.612	-10.5506	-4.956	125.8784
-6.7191	78.6188	-10.551	-4.9598	125.8877
-6.7243	78.6255	-10.5514	-4.9636	125.897
-6.7294	78.6323	-10.5518	-4.9674	125.9064
-6.7346	78.6391	-10.5522	-4.9712	125.9157
-6.7398	78.6458	-10.5526	-4.975	125.925
-6.745	78.6526	-10.553	-4.9789	125.9343
-6.7501	78.6593	-10.5534	-4.9827	125.9436
-6.7553	78.6661	-10.5538	-4.9865	125.9529
-6.7605	78.6729	-10.5542	-4.9903	125.9622
-6.7657	78.6796	-10.5546	-4.9941	125.9715
-6.7708	78.6864	-10.555	-4.998	125.9808
-6.776	78.6932	-10.5554	-5.0018	125.9901
-6.7812	78.6999	-10.5558	-5.0056	125.9994
-6.7864	78.7067	-10.5562	-5.0094	126.0088
-6.7916	78.7135	-10.5566	-5.0132	126.0181
-6.7967	78.7202	-10.557	-5.0171	126.0274
-6.8019	78.727	-10.5574	-5.0209	126.0367
-6.8071	78.7338	-10.5578	-5.0247	126.046
-6.8123	78.7405	-10.5582	-5.0285	126.0553
-6.8175	78.7473	-10.5586	-5.0323	126.0647
-6.8226	78.7541	-10.559	-5.0362	126.074
-6.8278	78.7609	-10.5594	-5.04	126.0833
-6.833	78.7676	-10.5598	-5.0438	126.0926
-6.8382	78.7744	-10.5602	-5.0476	126.1019
-6.8434	78.7812	-10.5606	-5.0515	126.1113
-6.8485	78.788	-10.561	-5.0553	126.1206
-6.8537	78.7947	-10.5614	-5.0591	126.1299
-6.8589	78.8015	-10.5618	-5.0629	126.1392
-6.8641	78.8083	-10.5622	-5.0668	126.1486
-6.8693	78.8151	-10.5626	-5.0706	126.1579
-6.8745	78.8218	-10.563	-5.0744	126.1672
-6.8797	78.8286	-10.5634	-5.0782	126.1765
-6.8848	78.8354	-10.5638	-5.0821	126.1859
-6.89	78.8422	-10.5642	-5.0859	126.1952
-6.8952	78.849	-10.5645	-5.0897	126.2045
-6.9004	78.8557	-10.5649	-5.0935	126.2138
-6.9056	78.8625	-10.5653	-5.0974	126.2232
-6.9108	78.8693	-10.5657	-5.1012	126.2325
-6.916	78.8761	-10.5661	-5.105	126.2418
-6.9211	78.8829	-10.5665	-5.1089	126.2512
-6.9263	78.8896	-10.5669	-5.1127	126.2605
-6.9315	78.8964	-10.5673	-5.1165	126.2698
-6.9367	78.9032	-10.5677	-5.1203	126.2792
-6.9419	78.91	-10.5681	-5.1242	126.2885
-6.9471	78.9168	-10.5685	-5.128	126.2978
-6.9523	78.9235	-10.5689	-5.1318	126.3072
-6.9575	78.9303	-10.5693	-5.1357	126.3165
-6.9627	78.9371	-10.5697	-5.1395	126.3258
-6.9679	78.9439	-10.5701	-5.1433	126.3352
-6.9731	78.9507	-10.5705	-5.1472	126.3445
-6.9782	78.9575	-10.5709	-5.151	126.3539
-6.9834	78.9643	-10.5713	-5.1548	126.3632
-6.9886	78.971	-10.5717	-5.1586	126.3725
-6.9938	78.9778	-10.5721	-5.1625	126.3819
-6.999	78.9846	-10.5725	-5.1663	126.3912
-7.0042	78.9914	-10.5729	-5.1701	126.4006
-7.0094	78.9982	-10.5733	-5.174	126.4099
-7.0146	79.005	-10.5737	-5.1778	126.4193
-7.0198	79.0118	-10.5741	-5.1816	126.4286
-7.025	79.0186	-10.5745	-5.1855	126.4379
-7.0302	79.0254	-10.5749	-5.1893	126.4473
-7.0354	79.0322	-10.5753	-5.1931	126.4566
-7.0406	79.0389	-10.5757	-5.197	126.466
-7.0458	79.0457	-10.5761	-5.2008	126.4753
-7.051	79.0525	-10.5765	-5.2046	126.4847
-7.0562	79.0593	-10.5769	-5.2085	126.494
-7.0614	79.0661	-10.5773	-5.2123	126.5034
-7.0666	79.0729	-10.5777	-5.2161	126.5127
-7.0718	79.0797	-10.5781	-5.22	126.5221
-7.077	79.0865	-10.5785	-5.2238	126.5314
-7.0822	79.0933	-10.5789	-5.2277	126.5408
-7.0874	79.1001	-10.5793	-5.2315	126.5501
-7.0926	79.1069	-10.5797	-5.2353	126.5595
-7.0977	79.1137	-10.5801	-5.2392	126.5688
-7.1029	79.1205	-10.5805	-5.243	126.5782
-7.1081	79.1273	-10.5809	-5.2468	126.5875
-7.1133	79.1341	-10.5813	-5.2507	126.5969
-7.1185	79.1409	-10.5817	-5.2545	126.6062
-7.1237	79.1477	-10.5821	-5.2583	126.6156
-7.1289	79.1544	-10.5825	-5.2622	126.6249
-7.1342	79.1612	-10.5829	-5.266	126.6343
-7.1394	79.168	-10.5833	-5.2699	126.6436
-7.1446	79.1748	-10.5837	-5.2737	126.653
-7.1498	79.1816	-10.5841	-5.2775	126.6624
-7.155	79.1884	-10.5845	-5.2814	126.6717
-7.1602	79.1952	-10.5849	-5.2852	126.6811
-7.1654	79.202	-10.5853	-5.289	126.6904
-7.1706	79.2088	-10.5857	-5.2929	126.6998
-7.1758	79.2156	-10.5861	-5.2967	126.7091
-7.181	79.2224	-10.5865	-5.3006	126.7185
-7.1862	79.2292	-10.5869	-5.3044	126.7279
-7.1914	79.236	-10.5873	-5.3082	126.7372
-7.1966	79.2428	-10.5877	-5.3121	126.7466
-7.2018	79.2496	-10.5881	-5.3159	126.7559
-7.207	79.2564	-10.5885	-5.3198	126.7653
-7.2122	79.2632	-10.5889	-5.3236	126.7747
-7.2174	79.27	-10.5893	-5.3274	126.784
-7.2226	79.2768	-10.5897	-5.3313	126.7934
-7.2278	79.2837	-10.5901	-5.3351	126.8027
-7.233	79.2905	-10.5905	-5.339	126.8121
-7.2382	79.2973	-10.5909	-5.3428	126.8215
-7.2434	79.3041	-10.5913	-5.3466	126.8308
-7.2486	79.3109	-10.5917	-5.3505	126.8402
-7.2538	79.3177	-10.5921	-5.3543	126.8496
-7.259	79.3245	-10.5925	-5.3582	126.8589
-7.2642	79.3313	-10.5929	-5.362	126.8683
-7.2694	79.3381	-10.5933	-5.3658	126.8776
-7.2747	79.3449	-10.5937	-5.3697	126.887
-7.2799	79.3517	-10.5941	-5.3735	126.8964
-7.2851	79.3585	-10.5945	-5.3774	126.9057
-7.2903	79.3653	-10.5949	-5.3812	126.9151
-7.2955	79.3721	-10.5953	-5.3851	126.9245
-7.3007	79.3789	-10.5957	-5.3889	126.9338
-7.3059	79.3857	-10.5961	-5.3927	126.9432
-7.3111	79.3925	-10.5965	-5.3966	126.9526
-7.3163	79.3993	-10.5969	-5.4004	126.9619
-7.3215	79.4061	-10.5973	-5.4043	126.9713
-7.3267	79.4129	-10.5977	-5.4081	126.9807
-7.3319	79.4198	-10.5981	-5.4119	126.99
-7.3371	79.4266	-10.5985	-5.4158	126.9994
-7.3424	79.4334	-10.5989	-5.4196	127.0088
-7.3476	79.4402	-10.5993	-5.4235	127.0181
-7.3528	79.447	-10.5997	-5.4273	127.0275
-7.358	79.4538	-10.6001	-5.4312	127.0369
-7.3632	79.4606	-10.6005	-5.435	127.0462
-7.3684	79.4674	-10.6009	-5.4389	127.0556
-7.3736	79.4742	-10.6013	-5.4427	127.065
-7.3788	79.481	-10.6017	-5.4465	127.0744
-7.384	79.4878	-10.6021	-5.4504	127.0837
-7.3892	79.4946	-10.6025	-5.4542	127.0931
-7.3944	79.5015	-10.6029	-5.4581	127.1025
-7.3997	79.5083	-10.6033	-5.4619	127.1118
-7.4049	79.5151	-10.6037	-5.4658	127.1212
-7.4101	79.5219	-10.6041	-5.4696	127.1306
-7.4153	79.5287	-10.6045	-5.4734	127.14
-7.4205	79.5355	-10.6049	-5.4773	127.1493
-7.4257	79.5423	-10.6053	-5.4811	127.1587
-7.4309	79.5491	-10.6057	-5.485	127.1681
-7.4361	79.5559	-10.6061	-5.4888	127.1774
-7.4413	79.5627	-10.6065	-5.4927	127.1868
-7.4465	79.5695	-10.6069	-5.4965	127.1962
-7.4518	79.5764	-10.6073	-5.5004	127.2056
-7.457	79.5832	-10.6077	-5.5042	127.2149
-7.4622	79.59	-10.6081	-5.508	127.2243
-7.4674	79.5968	-10.6085	-5.5119	127.2337
-7.4726	79.6036	-10.6089	-5.5157	127.243
-7.4778	79.6104	-10.6093	-5.5196	127.2524
-7.483	79.6172	-10.6097	-5.5234	127.2618
-7.4882	79.624	-10.6101	-5.5273	127.2712
-7.4934	79.6308	-10.6105	-5.5311	127.2805
-7.4987	79.6377	-10.6109	-5.535	127.2899
-7.5039	79.6445	-10.6113	-5.5388	127.2993
-7.5091	79.6513	-10.6117	-5.5426	127.3087
-7.5143	79.6581	-10.6121	-5.5465	127.318
-7.5195	79.6649	-10.6125	-5.5503	127.3274
-7.5247	79.6717	-10.6129	-5.5542	127.3368
-7.5299	79.6785	-10.6133	-5.558	127.3462
-7.5351	79.6853	-10.6137	-5.5619	127.3555
-7.5403	79.6921	-10.6141	-5.5657	127.3649
-7.5456	79.699	-10.6145	-5.5696	127.3743
-7.5508	79.7058	-10.6149	-5.5734	127.3836
-7.556	79.7126	-10.6153	-5.5773	127.393
-7.5612	79.7194	-10.6157	-5.5811	127.4024
-7.5664	79.7262	-10.6161	-5.5849	127.4118
-7.5716	79.733	-10.6165	-5.5888	127.4211
-7.5768	79.7398	-10.6169	-5.5926	127.4305
-7.582	79.7466	-10.6173	-5.5965	127.4399
-7.5873	79.7535	-10.6177	-5.6003	127.4493
-7.5925	79.7603	-10.618	-5.6042	127.4586
-7.5977	79.7671	-10.6184	-5.608	127.468
-7.6029	79.7739	-10.6188	-5.6119	127.4774
-7.6081	79.7807	-10.6192	-5.6157	127.4868
-7.6133	79.7875	-10.6196	-5.6196	127.4961
-7.6185	79.7943	-10.62	-5.6234	127.5055
-7.6237	79.8011	-10.6204	-5.6272	127.5149
-7.6289	79.8079	-10.6208	-5.6311	127.5243
-7.6342	79.8148	-10.6212	-5.6349	127.5336
-7.6394	79.8216	-10.6216	-5.6388	127.543
-7.6446	79.8284	-10.622	-5.6426	127.5524
-7.6498	79.8352	-10.6224	-5.6465	127.5617
-7.655	79.842	-10.6228	-5.6503	127.5711
-7.6602	79.8488	-10.6232	-5.6542	127.5805
-7.6654	79.8556	-10.6236	-5.658	127.5899
-7.6706	79.8624	-10.624	-5.6619	127.5992
-7.6758	79.8692	-10.6244	-5.6657	127.6086
-7.6811	79.8761	-10.6248	-5.6695	127.618
-7.6863	79.8829	-10.6252	-5.6734	127.6274
-7.6915	79.8897	-10.6256	-5.6772	127.6367
-7.6967	79.8965	-10.626	-5.6811	127.6461
-7.7019	79.9033	-10.6264	-5.6849	127.6555
-7.7071	79.9101	-10.6268	-5.6888	127.6649
-7.7123	79.9169	-10.6272	-5.6926	127.6742
-7.7175	79.9237	-10.6276	-5.6965	127.6836
-7.7227	79.9305	-10.628	-5.7003	127.693
-7.728	79.9374	-10.6284	-5.7041	127.7023
-7.7332	79.9442	-10.6288	-5.708	127.7117
-7.7384	79.951	-10.6292	-5.7118	127.7211
-7.7436	79.9578	-10.6296	-5.7157	127.7305
-7.7488	79.9646	-10.63	-5.7195	127.7398
-7.754	79.9714	-10.6304	-5.7234	127.7492
-7.7592	79.9782	-10.6308	-5.7272	127.7586
-7.7644	79.985	-10.6312	-5.7311	127.7679
-7.7696	79.9918	-10.6316	-5.7349	127.7773
-7.7748	79.9986	-10.632	-5.7387	127.7867
-7.7801	80.0055	-10.6324	-5.7426	127.7961
-7.7853	80.0123	-10.6328	-5.7464	127.8054
-7.7905	80.0191	-10.6332	-5.7503	127.8148
-7.7957	80.0259	-10.6336	-5.7541	127.8242
-7.8009	80.0327	-10.634	-5.758	127.8335
-7.8061	80.0395	-10.6344	-5.7618	127.8429
-7.8113	80.0463	-10.6348	-5.7656	127.8523
-7.8165	80.0531	-10.6352	-5.7695	127.8617
-7.8217	80.0599	-10.6356	-5.7733	127.871
-7.8269	80.0667	-10.636	-5.7772	127.8804
-7.8322	80.0735	-10.6364	-5.781	127.8898
-7.8374	80.0803	-10.6368	-5.7849	127.8991
-7.8426	80.0872	-10.6372	-5.7887	127.9085
-7.8478	80.094	-10.6376	-5.7926	127.9179
-7.853	80.1008	-10.638	-5.7964	127.9272
-7.8582	80.1076	-10.6384	-5.8002	127.9366
-7.8634	80.1144	-10.6388	-5.8041	127.946
-7.8686	80.1212	-10.6392	-5.8079	127.9553
-7.8738	80.128	-10.6396	-5.8118	127.9647
-7.879	80.1348	-10.64	-5.8156	127.9741
-7.8842	80.1416	-10.6404	-5.8194	127.9834
-7.8894	80.1484	-10.6408	-5.8233	127.9928
-7.8946	80.1552	-10.6412	-5.8271	128.0022
-7.8999	80.162	-10.6416	-5.831	128.0115
-7.9051	80.1688	-10.642	-5.8348	128.0209
-7.9103	80.1756	-10.6424	-5.8387	128.0303
-7.9155	80.1824	-10.6428	-5.8425	128.0396
-7.9207	80.1892	-10.6432	-5.8463	128.049
-7.9259	80.196	-10.6436	-5.8502	128.0583
-7.9311	80.2029	-10.644	-5.854	128.0677
-7.9363	80.2097	-10.6444	-5.8579	128.0771
-7.9415	80.2165	-10.6448	-5.8617	128.0864
-7.9467	80.2233	-10.6452	-5.8655	128.0958
-7.9519	80.2301	-10.6456	-5.8694	128.1052
-7.9571	80.2369	-10.646	-5.8732	128.1145
-7.9623	80.2437	-10.6464	-5.8771	128.1239
-7.9675	80.2505	-10.6468	-5.8809	128.1332
-7.9727	80.2573	-10.6472	-5.8847	128.1426
-7.9779	80.2641	-10.6476	-5.8886	128.152
-7.9831	80.2709	-10.648	-5.8924	128.1613
-7.9883	80.2777	-10.6484	-5.8963	128.1707
-7.9935	80.2845	-10.6488	-5.9001	128.18
-7.9987	80.2913	-10.6492	-5.9039	128.1894
-8.0039	80.2981	-10.6496	-5.9078	128.1988
-8.0091	80.3049	-10.65	-5.9116	128.2081
-8.0144	80.3117	-10.6504	-5.9155	128.2175
-8.0196	80.3185	-10.6508	-5.9193	128.2268
-8.0248	80.3253	-10.6512	-5.9231	128.2362
-8.03	80.3321	-10.6516	-5.927	128.2455
-8.0352	80.3389	-10.652	-5.9308	128.2549
-8.0404	80.3457	-10.6524	-5.9346	128.2643
-8.0456	80.3525	-10.6528	-5.9385	128.2736
-8.0508	80.3593	-10.6532	-5.9423	128.283
-8.056	80.3661	-10.6536	-5.9462	128.2923
-8.0612	80.3729	-10.654	-5.95	128.3017
-8.0664	80.3797	-10.6544	-5.9538	128.311
-8.0716	80.3865	-10.6548	-5.9577	128.3204
-8.0768	80.3932	-10.6552	-5.9615	128.3297
-8.082	80.4	-10.6556	-5.9653	128.3391
-8.0872	80.4068	-10.656	-5.9692	128.3484
-8.0924	80.4136	-10.6564	-5.973	128.3578
-8.0976	80.4204	-10.6568	-5.9768	128.3671
-8.1028	80.4272	-10.6572	-5.9807	128.3765
-8.108	80.434	-10.6576	-5.9845	128.3858
-8.1132	80.4408	-10.658	-5.9884	128.3952
-8.1184	80.4476	-10.6584	-5.9922	128.4045
-8.1235	80.4544	-10.6588	-5.996	128.4139
-8.1287	80.4612	-10.6592	-5.9999	128.4232
-8.1339	80.468	-10.6596	-6.0037	128.4326
-8.1391	80.4748	-10.66	-6.0075	128.4419
-8.1443	80.4816	-10.6604	-6.0114	128.4513
-8.1495	80.4884	-10.6608	-6.0152	128.4606
-8.1547	80.4951	-10.6612	-6.019	128.47
-8.1599	80.5019	-10.6616	-6.0229	128.4793
-8.1651	80.5087	-10.662	-6.0267	128.4886
-8.1703	80.5155	-10.6624	-6.0305	128.498
-8.1755	80.5223	-10.6628	-6.0344	128.5073
-8.1807	80.5291	-10.6632	-6.0382	128.5167
-8.1859	80.5359	-10.6636	-6.042	128.526
-8.1911	80.5427	-10.664	-6.0459	128.5354
-8.1963	80.5495	-10.6644	-6.0497	128.5447
-8.2015	80.5562	-10.6648	-6.0535	128.554
-8.2067	80.563	-10.6652	-6.0573	128.5634
-8.2119	80.5698	-10.6656	-6.0612	128.5727
-8.217	80.5766	-10.666	-6.065	128.5821
-8.2222	80.5834	-10.6664	-6.0688	128.5914
-8.2274	80.5902	-10.6668	-6.0727	128.6007
-8.2326	80.597	-10.6672	-6.0765	128.6101
-8.2378	80.6037	-10.6676	-6.0803	128.6194
-8.243	80.6105	-10.668	-6.0842	128.6287
-8.2482	80.6173	-10.6684	-6.088	128.6381
-8.2534	80.6241	-10.6688	-6.0918	128.6474
-8.2586	80.6309	-10.6692	-6.0956	128.6567
-8.2638	80.6376	-10.6696	-6.0995	128.6661
-8.2689	80.6444	-10.67	-6.1033	128.6754
-8.2741	80.6512	-10.6704	-6.1071	128.6847
-8.2793	80.658	-10.6708	-6.111	128.6941
-8.2845	80.6648	-10.6712	-6.1148	128.7034
-8.2897	80.6715	-10.6715	-6.1186	128.7127
-8.2949	80.6783	-10.6719	-6.1224	128.722
-8.3001	80.6851	-10.6723	-6.1263	128.7314
-8.3052	80.6919	-10.6727	-6.1301	128.7407
-8.3104	80.6987	-10.6731	-6.1339	128.75
-8.3156	80.7054	-10.6735	-6.1377	128.7593
-8.3208	80.7122	-10.6739	-6.1416	128.7687
-8.326	80.719	-10.6743	-6.1454	128.778
-8.3312	80.7258	-10.6747	-6.1492	128.7873
-8.3363	80.7325	-10.6751	-6.153	128.7966
-8.3415	80.7393	-10.6755	-6.1569	128.806
-8.3467	80.7461	-10.6759	-6.1607	128.8153
-8.3519	80.7529	-10.6763	-6.1645	128.8246
-8.3571	80.7596	-10.6767	-6.1683	128.8339
-8.3623	80.7664	-10.6771	-6.1722	128.8432
-8.3674	80.7732	-10.6775	-6.176	128.8526
-8.3726	80.7799	-10.6779	-6.1798	128.8619
-8.3778	80.7867	-10.6783	-6.1836	128.8712
-8.383	80.7935	-10.6787	-6.1874	128.8805
-8.3882	80.8002	-10.6791	-6.1913	128.8898
-8.3933	80.807	-10.6795	-6.1951	128.8991
-8.3985	80.8138	-10.6799	-6.1989	128.9085
-8.4037	80.8205	-10.6803	-6.2027	128.9178
-8.4089	80.8273	-10.6807	-6.2065	128.9271
-8.414	80.8341	-10.6811	-6.2104	128.9364
-8.4192	80.8408	-10.6815	-6.2142	128.9457
-8.4244	80.8476	-10.6819	-6.218	128.955
-8.4296	80.8544	-10.6823	-6.2218	128.9643
-8.4347	80.8611	-10.6827	-6.2256	128.9736
-8.4399	80.8679	-10.6831	-6.2295	128.9829
-8.4451	80.8747	-10.6835	-6.2333	128.9922
-8.4503	80.8814	-10.6839	-6.2371	129.0015
-8.4554	80.8882	-10.6843	-6.2409	129.0109
-8.4606	80.8949	-10.6847	-6.2447	129.0202
-8.4658	80.9017	-10.6851	-6.2485	129.0295
-8.471	80.9085	-10.6855	-6.2524	129.0388
-8.4761	80.9152	-10.6859	-6.2562	129.0481
-8.4813	80.922	-10.6863	-6.26	129.0574
-8.4865	80.9287	-10.6866	-6.2638	129.0667
-8.4916	80.9355	-10.687	-6.2676	129.076
-8.4968	80.9423	-10.6874	-6.2714	129.0853
-8.502	80.949	-10.6878	-6.2752	129.0946
-8.5071	80.9558	-10.6882	-6.2791	129.1039
-8.5123	80.9625	-10.6886	-6.2829	129.1132
-8.5175	80.9693	-10.689	-6.2867	129.1224
-8.5227	80.976	-10.6894	-6.2905	129.1317
-8.5278	80.9828	-10.6898	-6.2943	129.141
-8.533	80.9895	-10.6902	-6.2981	129.1503
-8.5381	80.9963	-10.6906	-6.3019	129.1596
-8.5433	81.003	-10.691	-6.3057	129.1689
-8.5485	81.0098	-10.6914	-6.3096	129.1782
-8.5536	81.0165	-10.6918	-6.3134	129.1875
-8.5588	81.0233	-10.6922	-6.3172	129.1968
-8.564	81.03	-10.6926	-6.321	129.2061
-8.5691	81.0368	-10.693	-6.3248	129.2153
-8.5743	81.0435	-10.6934	-6.3286	129.2246
-8.5795	81.0503	-10.6938	-6.3324	129.2339
-8.5846	81.057	-10.6942	-6.3362	129.2432
-8.5898	81.0638	-10.6946	-6.34	129.2525
-8.5949	81.0705	-10.695	-6.3438	129.2618
-8.6001	81.0772	-10.6954	-6.3476	129.271
-8.6053	81.084	-10.6958	-6.3514	129.2803
-8.6104	81.0907	-10.6962	-6.3552	129.2896
-8.6156	81.0975	-10.6966	-6.3591	129.2989
-8.6207	81.1042	-10.697	-6.3629	129.3081
-8.6259	81.111	-10.6973	-6.3667	129.3174
-8.631	81.1177	-10.6977	-6.3705	129.3267
-8.6362	81.1244	-10.6981	-6.3743	129.336
-8.6413	81.1312	-10.6985	-6.3781	129.3452
-8.6465	81.1379	-10.6989	-6.3819	129.3545
-8.6517	81.1446	-10.6993	-6.3857	129.3638
-8.6568	81.1514	-10.6997	-6.3895	129.373
-8.662	81.1581	-10.7001	-6.3933	129.3823
-8.6671	81.1648	-10.7005	-6.3971	129.3916
-8.6723	81.1716	-10.7009	-6.4009	129.4008
-8.6774	81.1783	-10.7013	-6.4047	129.4101
-8.6826	81.185	-10.7017	-6.4085	129.4194
-8.6877	81.1918	-10.7021	-6.4123	129.4286
-8.6929	81.1985	-10.7025	-6.4161	129.4379
-8.698	81.2052	-10.7029	-6.4199	129.4472
-8.7032	81.212	-10.7033	-6.4237	129.4564
-8.7083	81.2187	-10.7037	-6.4275	129.4657
-8.7135	81.2254	-10.7041	-6.4313	129.4749
-8.7186	81.2321	-10.7045	-6.4351	129.4842
-8.7237	81.2389	-10.7049	-6.4389	129.4934
-8.7289	81.2456	-10.7053	-6.4427	129.5027
-8.734	81.2523	-10.7056	-6.4465	129.5119
-8.7392	81.259	-10.706	-6.4503	129.5212
-8.7443	81.2658	-10.7064	-6.454	129.5304
-8.7495	81.2725	-10.7068	-6.4578	129.5397
-8.7546	81.2792	-10.7072	-6.4616	129.5489
-8.7597	81.2859	-10.7076	-6.4654	129.5582
-8.7649	81.2926	-10.708	-6.4692	129.5674
-8.77	81.2993	-10.7084	-6.473	129.5767
-8.7752	81.3061	-10.7088	-6.4768	129.5859
-8.7803	81.3128	-10.7092	-6.4806	129.5952
-8.7854	81.3195	-10.7096	-6.4844	129.6044
-8.7906	81.3262	-10.71	-6.4882	129.6136
-8.7957	81.3329	-10.7104	-6.492	129.6229
-8.8008	81.3396	-10.7108	-6.4958	129.6321
-8.806	81.3463	-10.7112	-6.4995	129.6414
-8.8111	81.3531	-10.7116	-6.5033	129.6506
-8.8163	81.3598	-10.712	-6.5071	129.6598
-8.8214	81.3665	-10.7123	-6.5109	129.6691
-8.8265	81.3732	-10.7127	-6.5147	129.6783
-8.8317	81.3799	-10.7131	-6.5185	129.6875
-8.8368	81.3866	-10.7135	-6.5223	129.6968
-8.8419	81.3933	-10.7139	-6.5261	129.706
-8.847	81.4	-10.7143	-6.5298	129.7152
-8.8522	81.4067	-10.7147	-6.5336	129.7244
-8.8573	81.4134	-10.7151	-6.5374	129.7337
-8.8624	81.4201	-10.7155	-6.5412	129.7429
-8.8676	81.4268	-10.7159	-6.545	129.7521
-8.8727	81.4335	-10.7163	-6.5488	129.7613
-8.8778	81.4402	-10.7167	-6.5525	129.7705
-8.8829	81.4469	-10.7171	-6.5563	129.7798
-8.8881	81.4536	-10.7175	-6.5601	129.789
-8.8932	81.4603	-10.7179	-6.5639	129.7982
-8.8983	81.467	-10.7183	-6.5677	129.8074
-8.9034	81.4737	-10.7186	-6.5714	129.8166
-8.9086	81.4804	-10.719	-6.5752	129.8258
-8.9137	81.4871	-10.7194	-6.579	129.8351
-8.9188	81.4938	-10.7198	-6.5828	129.8443
-8.9239	81.5005	-10.7202	-6.5866	129.8535
-8.929	81.5072	-10.7206	-6.5903	129.8627
-8.9341	81.5139	-10.721	-6.5941	129.8719
-8.9393	81.5205	-10.7214	-6.5979	129.8811
-8.9444	81.5272	-10.7218	-6.6017	129.8903
-8.9495	81.5339	-10.7222	-6.6054	129.8995
-8.9546	81.5406	-10.7226	-6.6092	129.9087
-8.9597	81.5473	-10.723	-6.613	129.9179
-8.9648	81.554	-10.7234	-6.6168	129.9271
-8.97	81.5607	-10.7237	-6.6205	129.9363
-8.9751	81.5673	-10.7241	-6.6243	129.9455
-8.9802	81.574	-10.7245	-6.6281	129.9547
-8.9853	81.5807	-10.7249	-6.6318	129.9639
-8.9904	81.5874	-10.7253	-6.6356	129.9731
-8.9955	81.5941	-10.7257	-6.6394	129.9823
-9.0006	81.6007	-10.7261	-6.6432	129.9914
-9.0057	81.6074	-10.7265	-6.6469	130.0006
-9.0108	81.6141	-10.7269	-6.6507	130.0098
-9.0159	81.6208	-10.7273	-6.6545	130.019
-9.021	81.6274	-10.7277	-6.6582	130.0282
-9.0262	81.6341	-10.7281	-6.662	130.0374
-9.0313	81.6408	-10.7285	-6.6658	130.0465
-9.0364	81.6474	-10.7288	-6.6695	130.0557
-9.0415	81.6541	-10.7292	-6.6733	130.0649
-9.0466	81.6608	-10.7296	-6.6771	130.0741
-9.0517	81.6675	-10.73	-6.6808	130.0833
-9.0568	81.6741	-10.7304	-6.6846	130.0924
-9.0619	81.6808	-10.7308	-6.6883	130.1016
-9.067	81.6874	-10.7312	-6.6921	130.1108
-9.0721	81.6941	-10.7316	-6.6959	130.1199
-9.0772	81.7008	-10.732	-6.6996	130.1291
-9.0823	81.7074	-10.7324	-6.7034	130.1383
-9.0873	81.7141	-10.7328	-6.7071	130.1474
-9.0924	81.7208	-10.7331	-6.7109	130.1566
-9.0975	81.7274	-10.7335	-6.7147	130.1658
-9.1026	81.7341	-10.7339	-6.7184	130.1749
-9.1077	81.7407	-10.7343	-6.7222	130.1841
-9.1128	81.7474	-10.7347	-6.7259	130.1932
-9.1179	81.754	-10.7351	-6.7297	130.2024
-9.123	81.7607	-10.7355	-6.7334	130.2116
-9.1281	81.7673	-10.7359	-6.7372	130.2207
-9.1332	81.774	-10.7363	-6.741	130.2299
-9.1383	81.7806	-10.7367	-6.7447	130.239
-9.1433	81.7873	-10.7371	-6.7485	130.2482
-9.1484	81.7939	-10.7374	-6.7522	130.2573
-9.1535	81.8006	-10.7378	-6.756	130.2665
-9.1586	81.8072	-10.7382	-6.7597	130.2756
-9.1637	81.8139	-10.7386	-6.7635	130.2847
-9.1688	81.8205	-10.739	-6.7672	130.2939
-9.1738	81.8271	-10.7394	-6.771	130.303
-9.1789	81.8338	-10.7398	-6.7747	130.3122
-9.184	81.8404	-10.7402	-6.7785	130.3213
-9.1891	81.8471	-10.7406	-6.7822	130.3304
-9.1942	81.8537	-10.741	-6.786	130.3396
-9.1992	81.8603	-10.7413	-6.7897	130.3487
-9.2043	81.867	-10.7417	-6.7935	130.3578
-9.2094	81.8736	-10.7421	-6.7972	130.367
-9.2145	81.8802	-10.7425	-6.8009	130.3761
-9.2195	81.8869	-10.7429	-6.8047	130.3852
-9.2246	81.8935	-10.7433	-6.8084	130.3943
-9.2297	81.9001	-10.7437	-6.8122	130.4035
-9.2348	81.9068	-10.7441	-6.8159	130.4126
-9.2398	81.9134	-10.7445	-6.8197	130.4217
-9.2449	81.92	-10.7448	-6.8234	130.4308
-9.25	81.9266	-10.7452	-6.8271	130.4399
-9.255	81.9333	-10.7456	-6.8309	130.449
-9.2601	81.9399	-10.746	-6.8346	130.4582
-9.2652	81.9465	-10.7464	-6.8383	130.4673
-9.2702	81.9531	-10.7468	-6.8421	130.4764
-9.2753	81.9597	-10.7472	-6.8458	130.4855
-9.2804	81.9664	-10.7476	-6.8496	130.4946
-9.2854	81.973	-10.748	-6.8533	130.5037
-9.2905	81.9796	-10.7483	-6.857	130.5128
-9.2955	81.9862	-10.7487	-6.8608	130.5219
-9.3006	81.9928	-10.7491	-6.8645	130.531
-9.3057	81.9994	-10.7495	-6.8682	130.5401
-9.3107	82.006	-10.7499	-6.872	130.5492
-9.3158	82.0126	-10.7503	-6.8757	130.5583
-9.3208	82.0193	-10.7507	-6.8794	130.5674
-9.3259	82.0259	-10.7511	-6.8831	130.5765
-9.3309	82.0325	-10.7514	-6.8869	130.5856
-9.336	82.0391	-10.7518	-6.8906	130.5947
-9.341	82.0457	-10.7522	-6.8943	130.6038
-9.3461	82.0523	-10.7526	-6.8981	130.6128
-9.3511	82.0589	-10.753	-6.9018	130.6219
-9.3562	82.0655	-10.7534	-6.9055	130.631
-9.3612	82.0721	-10.7538	-6.9092	130.6401
-9.3663	82.0787	-10.7542	-6.913	130.6492
-9.3713	82.0853	-10.7545	-6.9167	130.6582
-9.3764	82.0919	-10.7549	-6.9204	130.6673
-9.3814	82.0985	-10.7553	-6.9241	130.6764
-9.3865	82.105	-10.7557	-6.9278	130.6855
-9.3915	82.1116	-10.7561	-6.9316	130.6945
-9.3966	82.1182	-10.7565	-6.9353	130.7036
-9.4016	82.1248	-10.7569	-6.939	130.7127
-9.4066	82.1314	-10.7573	-6.9427	130.7217
-9.4117	82.138	-10.7576	-6.9464	130.7308
-9.4167	82.1446	-10.758	-6.9502	130.7399
-9.4217	82.1512	-10.7584	-6.9539	130.7489
-9.4268	82.1577	-10.7588	-6.9576	130.758
-9.4318	82.1643	-10.7592	-6.9613	130.767
-9.4369	82.1709	-10.7596	-6.965	130.7761
-9.4419	82.1775	-10.76	-6.9687	130.7851
-9.4469	82.1841	-10.7603	-6.9724	130.7942
-9.4519	82.1906	-10.7607	-6.9762	130.8032
-9.457	82.1972	-10.7611	-6.9799	130.8123
-9.462	82.2038	-10.7615	-6.9836	130.8213
-9.467	82.2103	-10.7619	-6.9873	130.8304
-9.4721	82.2169	-10.7623	-6.991	130.8394
-9.4771	82.2235	-10.7627	-6.9947	130.8485
-9.4821	82.2301	-10.763	-6.9984	130.8575
-9.4871	82.2366	-10.7634	-7.0021	130.8665
-9.4922	82.2432	-10.7638	-7.0058	130.8756
-9.4972	82.2497	-10.7642	-7.0095	130.8846
-9.5022	82.2563	-10.7646	-7.0132	130.8936
-9.5072	82.2629	-10.765	-7.0169	130.9027
-9.5122	82.2694	-10.7654	-7.0206	130.9117
-9.5173	82.276	-10.7657	-7.0243	130.9207
-9.5223	82.2825	-10.7661	-7.0281	130.9297
-9.5273	82.2891	-10.7665	-7.0318	130.9388
-9.5323	82.2957	-10.7669	-7.0355	130.9478
-9.5373	82.3022	-10.7673	-7.0392	130.9568
-9.5423	82.3088	-10.7677	-7.0428	130.9658
-9.5473	82.3153	-10.7681	-7.0465	130.9748
-9.5524	82.3219	-10.7684	-7.0502	130.9838
-9.5574	82.3284	-10.7688	-7.0539	130.9928
-9.5624	82.335	-10.7692	-7.0576	131.0018
-9.5674	82.3415	-10.7696	-7.0613	131.0109
-9.5724	82.348	-10.77	-7.065	131.0199
-9.5774	82.3546	-10.7704	-7.0687	131.0289
-9.5824	82.3611	-10.7707	-7.0724	131.0379
-9.5874	82.3677	-10.7711	-7.0761	131.0469
-9.5924	82.3742	-10.7715	-7.0798	131.0559
-9.5974	82.3807	-10.7719	-7.0835	131.0649
-9.6024	82.3873	-10.7723	-7.0872	131.0738
-9.6074	82.3938	-10.7727	-7.0909	131.0828
-9.6124	82.4003	-10.773	-7.0945	131.0918
-9.6174	82.4069	-10.7734	-7.0982	131.1008
-9.6224	82.4134	-10.7738	-7.1019	131.1098
-9.6274	82.4199	-10.7742	-7.1056	131.1188
-9.6324	82.4265	-10.7746	-7.1093	131.1278
-9.6374	82.433	-10.775	-7.113	131.1367
-9.6424	82.4395	-10.7753	-7.1167	131.1457
-9.6474	82.446	-10.7757	-7.1203	131.1547
-9.6523	82.4525	-10.7761	-7.124	131.1637
-9.6573	82.4591	-10.7765	-7.1277	131.1726
-9.6623	82.4656	-10.7769	-7.1314	131.1816
-9.6673	82.4721	-10.7773	-7.1351	131.1906
-9.6723	82.4786	-10.7776	-7.1387	131.1995
-9.6773	82.4851	-10.778	-7.1424	131.2085
-9.6823	82.4916	-10.7784	-7.1461	131.2175
-9.6872	82.4981	-10.7788	-7.1498	131.2264
-9.6922	82.5047	-10.7792	-7.1534	131.2354
-9.6972	82.5112	-10.7796	-7.1571	131.2443
-9.7022	82.5177	-10.7799	-7.1608	131.2533
-9.7071	82.5242	-10.7803	-7.1645	131.2623
-9.7121	82.5307	-10.7807	-7.1681	131.2712
-9.7171	82.5372	-10.7811	-7.1718	131.2802
-9.7221	82.5437	-10.7815	-7.1755	131.2891
-9.727	82.5502	-10.7818	-7.1791	131.298
-9.732	82.5567	-10.7822	-7.1828	131.307
-9.737	82.5632	-10.7826	-7.1865	131.3159
-9.742	82.5697	-10.783	-7.1901	131.3249
-9.7469	82.5762	-10.7834	-7.1938	131.3338
-9.7519	82.5827	-10.7837	-7.1975	131.3427
-9.7569	82.5891	-10.7841	-7.2011	131.3517
-9.7618	82.5956	-10.7845	-7.2048	131.3606
-9.7668	82.6021	-10.7849	-7.2085	131.3695
-9.7717	82.6086	-10.7853	-7.2121	131.3784
-9.7767	82.6151	-10.7857	-7.2158	131.3874
-9.7817	82.6216	-10.786	-7.2194	131.3963
-9.7866	82.6281	-10.7864	-7.2231	131.4052
-9.7916	82.6345	-10.7868	-7.2268	131.4141
-9.7965	82.641	-10.7872	-7.2304	131.423
-9.8015	82.6475	-10.7876	-7.2341	131.4319
-9.8064	82.654	-10.7879	-7.2377	131.4409
-9.8114	82.6604	-10.7883	-7.2414	131.4498
-9.8163	82.6669	-10.7887	-7.245	131.4587
-9.8213	82.6734	-10.7891	-7.2487	131.4676
-9.8262	82.6798	-10.7895	-7.2523	131.4765
-9.8312	82.6863	-10.7898	-7.256	131.4854
-9.8361	82.6928	-10.7902	-7.2596	131.4943
-9.8411	82.6992	-10.7906	-7.2633	131.5032
-9.846	82.7057	-10.791	-7.2669	131.5121
-9.851	82.7122	-10.7914	-7.2706	131.521
-9.8559	82.7186	-10.7917	-7.2742	131.5298
-9.8609	82.7251	-10.7921	-7.2779	131.5387
-9.8658	82.7315	-10.7925	-7.2815	131.5476
-9.8707	82.738	-10.7929	-7.2852	131.5565
-9.8757	82.7444	-10.7932	-7.2888	131.5654
-9.8806	82.7509	-10.7936	-7.2924	131.5743
-9.8855	82.7573	-10.794	-7.2961	131.5831
-9.8905	82.7638	-10.7944	-7.2997	131.592
-9.8954	82.7702	-10.7948	-7.3034	131.6009
-9.9003	82.7767	-10.7951	-7.307	131.6097
-9.9053	82.7831	-10.7955	-7.3106	131.6186
-9.9102	82.7896	-10.7959	-7.3143	131.6275
-9.9151	82.796	-10.7963	-7.3179	131.6363
-9.9201	82.8024	-10.7967	-7.3215	131.6452
-9.925	82.8089	-10.797	-7.3252	131.6541
-9.9299	82.8153	-10.7974	-7.3288	131.6629
-9.9348	82.8217	-10.7978	-7.3324	131.6718
-9.9397	82.8282	-10.7982	-7.3361	131.6806
-9.9447	82.8346	-10.7985	-7.3397	131.6895
-9.9496	82.841	-10.7989	-7.3433	131.6983
-9.9545	82.8475	-10.7993	-7.347	131.7072
-9.9594	82.8539	-10.7997	-7.3506	131.716
-9.9643	82.8603	-10.8	-7.3542	131.7248
-9.9692	82.8667	-10.8004	-7.3578	131.7337
-9.9742	82.8732	-10.8008	-7.3615	131.7425
-9.9791	82.8796	-10.8012	-7.3651	131.7513
-9.984	82.886	-10.8016	-7.3687	131.7602
-9.9889	82.8924	-10.8019	-7.3723	131.769
-9.9938	82.8988	-10.8023	-7.376	131.7778
-9.9987	82.9052	-10.8027	-7.3796	131.7867
-10.0036	82.9116	-10.8031	-7.3832	131.7955
-10.0085	82.9181	-10.8034	-7.3868	131.8043
-10.0134	82.9245	-10.8038	-7.3904	131.8131
-10.0183	82.9309	-10.8042	-7.394	131.8219
-10.0232	82.9373	-10.8046	-7.3977	131.8307
-10.0281	82.9437	-10.8049	-7.4013	131.8396
-10.033	82.9501	-10.8053	-7.4049	131.8484
-10.0379	82.9565	-10.8057	-7.4085	131.8572
-10.0428	82.9629	-10.8061	-7.4121	131.866
-10.0477	82.9693	-10.8064	-7.4157	131.8748
-10.0526	82.9757	-10.8068	-7.4193	131.8836
-10.0575	82.982	-10.8072	-7.4229	131.8924
-10.0624	82.9884	-10.8076	-7.4265	131.9012
-10.0672	82.9948	-10.8079	-7.4301	131.9099
-10.0721	83.0012	-10.8083	-7.4338	131.9187
-10.077	83.0076	-10.8087	-7.4374	131.9275
-10.0819	83.014	-10.8091	-7.441	131.9363
-10.0868	83.0204	-10.8094	-7.4446	131.9451
-10.0917	83.0267	-10.8098	-7.4482	131.9539
-10.0965	83.0331	-10.8102	-7.4518	131.9626
-10.1014	83.0395	-10.8106	-7.4554	131.9714
-10.1063	83.0459	-10.8109	-7.459	131.9802
-10.1112	83.0522	-10.8113	-7.4626	131.989
-10.116	83.0586	-10.8117	-7.4662	131.9977
-10.1209	83.065	-10.8121	-7.4698	132.0065
-10.1258	83.0714	-10.8124	-7.4733	132.0153
-10.1307	83.0777	-10.8128	-7.4769	132.024
-10.1355	83.0841	-10.8132	-7.4805	132.0328
-10.1404	83.0904	-10.8136	-7.4841	132.0415
-10.1453	83.0968	-10.8139	-7.4877	132.0503
-10.1501	83.1032	-10.8143	-7.4913	132.059
-10.155	83.1095	-10.8147	-7.4949	132.0678
-10.1599	83.1159	-10.8151	-7.4985	132.0765
-10.1647	83.1222	-10.8154	-7.5021	132.0853
-10.1696	83.1286	-10.8158	-7.5057	132.094
-10.1744	83.1349	-10.8162	-7.5092	132.1028
-10.1793	83.1413	-10.8165	-7.5128	132.1115
-10.1842	83.1476	-10.8169	-7.5164	132.1202
-10.189	83.154	-10.8173	-7.52	132.129
-10.1939	83.1603	-10.8177	-7.5236	132.1377
-10.1987	83.1667	-10.818	-7.5271	132.1464
-10.2036	83.173	-10.8184	-7.5307	132.1551
-10.2084	83.1793	-10.8188	-7.5343	132.1639
-10.2133	83.1857	-10.8191	-7.5379	132.1726
-10.2181	83.192	-10.8195	-7.5415	132.1813
-10.2229	83.1983	-10.8199	-7.545	132.19
-10.2278	83.2047	-10.8203	-7.5486	132.1987
-10.2326	83.211	-10.8206	-7.5522	132.2074
-10.2375	83.2173	-10.821	-7.5557	132.2161
-10.2423	83.2236	-10.8214	-7.5593	132.2248
-10.2471	83.23	-10.8218	-7.5629	132.2335
-10.252	83.2363	-10.8221	-7.5665	132.2422
-10.2568	83.2426	-10.8225	-7.57	132.2509
-10.2616	83.2489	-10.8229	-7.5736	132.2596
-10.2665	83.2552	-10.8232	-7.5771	132.2683
-10.2713	83.2615	-10.8236	-7.5807	132.277
-10.2761	83.2679	-10.824	-7.5843	132.2857
-10.281	83.2742	-10.8243	-7.5878	132.2944
-10.2858	83.2805	-10.8247	-7.5914	132.303
-10.2906	83.2868	-10.8251	-7.595	132.3117
-10.2954	83.2931	-10.8255	-7.5985	132.3204
-10.3003	83.2994	-10.8258	-7.6021	132.3291
-10.3051	83.3057	-10.8262	-7.6056	132.3377
-10.3099	83.312	-10.8266	-7.6092	132.3464
-10.3147	83.3183	-10.8269	-7.6127	132.3551
-10.3195	83.3246	-10.8273	-7.6163	132.3637
-10.3244	83.3309	-10.8277	-7.6198	132.3724
-10.3292	83.3372	-10.828	-7.6234	132.3811
-10.334	83.3434	-10.8284	-7.6269	132.3897
-10.3388	83.3497	-10.8288	-7.6305	132.3984
-10.3436	83.356	-10.8292	-7.634	132.407
-10.3484	83.3623	-10.8295	-7.6376	132.4157
-10.3532	83.3686	-10.8299	-7.6411	132.4243
-10.358	83.3749	-10.8303	-7.6447	132.4329
-10.3628	83.3811	-10.8306	-7.6482	132.4416
-10.3676	83.3874	-10.831	-7.6518	132.4502
-10.3724	83.3937	-10.8314	-7.6553	132.4588
-10.3772	83.4	-10.8317	-7.6589	132.4675
-10.382	83.4062	-10.8321	-7.6624	132.4761
-10.3868	83.4125	-10.8325	-7.6659	132.4847
-10.3916	83.4188	-10.8328	-7.6695	132.4934
-10.3964	83.425	-10.8332	-7.673	132.502
-10.4012	83.4313	-10.8336	-7.6765	132.5106
-10.406	83.4375	-10.8339	-7.6801	132.5192
-10.4108	83.4438	-10.8343	-7.6836	132.5278
-10.4155	83.4501	-10.8347	-7.6871	132.5364
-10.4203	83.4563	-10.835	-7.6907	132.545
-10.4251	83.4626	-10.8354	-7.6942	132.5536
-10.4299	83.4688	-10.8358	-7.6977	132.5622
-10.4347	83.4751	-10.8361	-7.7013	132.5708
-10.4395	83.4813	-10.8365	-7.7048	132.5794
-10.4442	83.4876	-10.8369	-7.7083	132.588
-10.449	83.4938	-10.8372	-7.7118	132.5966
-10.4538	83.5	-10.8376	-7.7153	132.6052
-10.4586	83.5063	-10.838	-7.7189	132.6138
-10.4633	83.5125	-10.8383	-7.7224	132.6224
-10.4681	83.5188	-10.8387	-7.7259	132.631
-10.4729	83.525	-10.8391	-7.7294	132.6395
-10.4776	83.5312	-10.8394	-7.7329	132.6481
-10.4824	83.5374	-10.8398	-7.7365	132.6567
-10.4872	83.5437	-10.8402	-7.74	132.6652
-10.4919	83.5499	-10.8405	-7.7435	132.6738
-10.4967	83.5561	-10.8409	-7.747	132.6824
-10.5014	83.5623	-10.8413	-7.7505	132.6909
-10.5062	83.5686	-10.8416	-7.754	132.6995
-10.511	83.5748	-10.842	-7.7575	132.7081
-10.5157	83.581	-10.8424	-7.761	132.7166
-10.5205	83.5872	-10.8427	-7.7646	132.7252
-10.5252	83.5934	-10.8431	-7.7681	132.7337
-10.53	83.5996	-10.8435	-7.7716	132.7422
-10.5347	83.6058	-10.8438	-7.7751	132.7508
-10.5395	83.612	-10.8442	-7.7786	132.7593
-10.5442	83.6182	-10.8445	-7.7821	132.7679
-10.549	83.6244	-10.8449	-7.7856	132.7764
-10.5537	83.6306	-10.8453	-7.7891	132.7849
-10.5584	83.6368	-10.8456	-7.7926	132.7934
-10.5632	83.643	-10.846	-7.7961	132.802
-10.5679	83.6492	-10.8464	-7.7996	132.8105
-10.5727	83.6554	-10.8467	-7.8031	132.819
-10.5774	83.6616	-10.8471	-7.8065	132.8275
-10.5821	83.6678	-10.8475	-7.81	132.836
-10.5869	83.674	-10.8478	-7.8135	132.8445
-10.5916	83.6801	-10.8482	-7.817	132.8531
-10.5963	83.6863	-10.8485	-7.8205	132.8616
-10.601	83.6925	-10.8489	-7.824	132.8701
-10.6058	83.6987	-10.8493	-7.8275	132.8786
-10.6105	83.7048	-10.8496	-7.831	132.8871
-10.6152	83.711	-10.85	-7.8344	132.8955
-10.6199	83.7172	-10.8504	-7.8379	132.904
-10.6246	83.7234	-10.8507	-7.8414	132.9125
-10.6294	83.7295	-10.8511	-7.8449	132.921
-10.6341	83.7357	-10.8514	-7.8484	132.9295
-10.6388	83.7418	-10.8518	-7.8519	132.938
-10.6435	83.748	-10.8522	-7.8553	132.9464
-10.6482	83.7542	-10.8525	-7.8588	132.9549
-10.6529	83.7603	-10.8529	-7.8623	132.9634
-10.6576	83.7665	-10.8532	-7.8658	132.9719
-10.6623	83.7726	-10.8536	-7.8692	132.9803
-10.667	83.7788	-10.854	-7.8727	132.9888
-10.6717	83.7849	-10.8543	-7.8762	132.9972
-10.6764	83.7911	-10.8547	-7.8796	133.0057
-10.6811	83.7972	-10.8551	-7.8831	133.0141
-10.6858	83.8033	-10.8554	-7.8866	133.0226
-10.6905	83.8095	-10.8558	-7.89	133.031
-10.6952	83.8156	-10.8561	-7.8935	133.0395
-10.6999	83.8217	-10.8565	-7.897	133.0479
-10.7046	83.8279	-10.8569	-7.9004	133.0564
-10.7093	83.834	-10.8572	-7.9039	133.0648
-10.714	83.8401	-10.8576	-7.9073	133.0732
-10.7187	83.8463	-10.8579	-7.9108	133.0817
-10.7234	83.8524	-10.8583	-7.9142	133.0901
-10.728	83.8585	-10.8587	-7.9177	133.0985
-10.7327	83.8646	-10.859	-7.9212	133.1069
-10.7374	83.8707	-10.8594	-7.9246	133.1153
-10.7421	83.8768	-10.8597	-7.9281	133.1238
-10.7468	83.883	-10.8601	-7.9315	133.1322
-10.7514	83.8891	-10.8604	-7.935	133.1406
-10.7561	83.8952	-10.8608	-7.9384	133.149
-10.7608	83.9013	-10.8612	-7.9419	133.1574
-10.7654	83.9074	-10.8615	-7.9453	133.1658
-10.7701	83.9135	-10.8619	-7.9487	133.1742
-10.7748	83.9196	-10.8622	-7.9522	133.1826
-10.7794	83.9257	-10.8626	-7.9556	133.191
-10.7841	83.9318	-10.863	-7.9591	133.1993
-10.7888	83.9379	-10.8633	-7.9625	133.2077
-10.7934	83.944	-10.8637	-7.9659	133.2161
-10.7981	83.95	-10.864	-7.9694	133.2245
-10.8027	83.9561	-10.8644	-7.9728	133.2329
-10.8074	83.9622	-10.8647	-7.9763	133.2412
-10.812	83.9683	-10.8651	-7.9797	133.2496
-10.8167	83.9744	-10.8655	-7.9831	133.258
-10.8213	83.9804	-10.8658	-7.9865	133.2663
-10.826	83.9865	-10.8662	-7.99	133.2747
-10.8306	83.9926	-10.8665	-7.9934	133.283
-10.8353	83.9987	-10.8669	-7.9968	133.2914
-10.8399	84.0047	-10.8672	-8.0003	133.2997
-10.8446	84.0108	-10.8676	-8.0037	133.3081
-10.8492	84.0169	-10.8679	-8.0071	133.3164
-10.8538	84.0229	-10.8683	-8.0105	133.3248
-10.8585	84.029	-10.8687	-8.0139	133.3331
-10.8631	84.035	-10.869	-8.0174	133.3415
-10.8677	84.0411	-10.8694	-8.0208	133.3498
-10.8724	84.0471	-10.8697	-8.0242	133.3581
-10.877	84.0532	-10.8701	-8.0276	133.3664
-10.8816	84.0592	-10.8704	-8.031	133.3748
-10.8863	84.0653	-10.8708	-8.0344	133.3831
-10.8909	84.0713	-10.8711	-8.0379	133.3914
-10.8955	84.0774	-10.8715	-8.0413	133.3997
-10.9001	84.0834	-10.8719	-8.0447	133.408
-10.9047	84.0894	-10.8722	-8.0481	133.4163
-10.9094	84.0955	-10.8726	-8.0515	133.4246
-10.914	84.1015	-10.8729	-8.0549	133.4329
-10.9186	84.1075	-10.8733	-8.0583	133.4412
-10.9232	84.1136	-10.8736	-8.0617	133.4495
-10.9278	84.1196	-10.874	-8.0651	133.4578
-10.9324	84.1256	-10.8743	-8.0685	133.4661
-10.937	84.1316	-10.8747	-8.0719	133.4744
-10.9416	84.1377	-10.875	-8.0753	133.4827
-10.9462	84.1437	-10.8754	-8.0787	133.4909
-10.9508	84.1497	-10.8757	-8.0821	133.4992
-10.9554	84.1557	-10.8761	-8.0855	133.5075
-10.96	84.1617	-10.8765	-8.0889	133.5158
-10.9646	84.1677	-10.8768	-8.0923	133.524
-10.9692	84.1737	-10.8772	-8.0956	133.5323
-10.9738	84.1797	-10.8775	-8.099	133.5406
-10.9784	84.1857	-10.8779	-8.1024	133.5488
-10.983	84.1917	-10.8782	-8.1058	133.5571
-10.9876	84.1977	-10.8786	-8.1092	133.5653
-10.9922	84.2037	-10.8789	-8.1126	133.5736
-10.9967	84.2097	-10.8793	-8.116	133.5818
-11.0013	84.2157	-10.8796	-8.1193	133.59
-11.0059	84.2217	-10.88	-8.1227	133.5983
-11.0105	84.2276	-10.8803	-8.1261	133.6065
-11.0151	84.2336	-10.8807	-8.1295	133.6147
-11.0196	84.2396	-10.881	-8.1328	133.623
-11.0242	84.2456	-10.8814	-8.1362	133.6312
-11.0288	84.2515	-10.8817	-8.1396	133.6394
-11.0333	84.2575	-10.8821	-8.143	133.6476
-11.0379	84.2635	-10.8824	-8.1463	133.6558
-11.0425	84.2695	-10.8828	-8.1497	133.6641
-11.047	84.2754	-10.8831	-8.1531	133.6723
-11.0516	84.2814	-10.8835	-8.1564	133.6805
-11.0562	84.2873	-10.8838	-8.1598	133.6887
-11.0607	84.2933	-10.8842	-8.1632	133.6969
-11.0653	84.2993	-10.8845	-8.1665	133.7051
-11.0698	84.3052	-10.8849	-8.1699	133.7133
-11.0744	84.3112	-10.8852	-8.1732	133.7214
-11.0789	84.3171	-10.8856	-8.1766	133.7296
-11.0835	84.323	-10.8859	-8.18	133.7378
-11.088	84.329	-10.8863	-8.1833	133.746
-11.0926	84.3349	-10.8866	-8.1867	133.7542
-11.0971	84.3409	-10.887	-8.19	133.7623
-11.1017	84.3468	-10.8873	-8.1934	133.7705
-11.1062	84.3527	-10.8877	-8.1967	133.7787
-11.1107	84.3587	-10.888	-8.2001	133.7868
-11.1153	84.3646	-10.8884	-8.2034	133.795
-11.1198	84.3705	-10.8887	-8.2068	133.8031
-11.1243	84.3764	-10.8891	-8.2101	133.8113
-11.1289	84.3824	-10.8894	-8.2134	133.8194
-11.1334	84.3883	-10.8898	-8.2168	133.8276
-11.1379	84.3942	-10.8901	-8.2201	133.8357
-11.1424	84.4001	-10.8904	-8.2235	133.8439
-11.147	84.406	-10.8908	-8.2268	133.852
-11.1515	84.4119	-10.8911	-8.2301	133.8601
-11.156	84.4178	-10.8915	-8.2335	133.8683
-11.1605	84.4237	-10.8918	-8.2368	133.8764
-11.165	84.4296	-10.8922	-8.2401	133.8845
-11.1695	84.4355	-10.8925	-8.2435	133.8926
-11.1741	84.4414	-10.8929	-8.2468	133.9007
-11.1786	84.4473	-10.8932	-8.2501	133.9088
-11.1831	84.4532	-10.8936	-8.2534	133.917
-11.1876	84.4591	-10.8939	-8.2568	133.9251
-11.1921	84.465	-10.8943	-8.2601	133.9332
-11.1966	84.4709	-10.8946	-8.2634	133.9413
-11.2011	84.4768	-10.8949	-8.2667	133.9494
-11.2056	84.4827	-10.8953	-8.2701	133.9574
-11.2101	84.4885	-10.8956	-8.2734	133.9655
-11.2146	84.4944	-10.896	-8.2767	133.9736
-11.2191	84.5003	-10.8963	-8.28	133.9817
-11.2236	84.5061	-10.8967	-8.2833	133.9898
-11.2281	84.512	-10.897	-8.2866	133.9979
-11.2325	84.5179	-10.8974	-8.2899	134.0059
-11.237	84.5237	-10.8977	-8.2932	134.014
-11.2415	84.5296	-10.898	-8.2966	134.0221
-11.246	84.5355	-10.8984	-8.2999	134.0301
-11.2505	84.5413	-10.8987	-8.3032	134.0382
-11.2549	84.5472	-10.8991	-8.3065	134.0462
-11.2594	84.553	-10.8994	-8.3098	134.0543
-11.2639	84.5589	-10.8998	-8.3131	134.0623
-11.2684	84.5647	-10.9001	-8.3164	134.0704
-11.2728	84.5705	-10.9005	-8.3197	134.0784
-11.2773	84.5764	-10.9008	-8.323	134.0864
-11.2818	84.5822	-10.9011	-8.3263	134.0945
-11.2862	84.5881	-10.9015	-8.3296	134.1025
-11.2907	84.5939	-10.9018	-8.3328	134.1105
-11.2952	84.5997	-10.9022	-8.3361	134.1186
-11.2996	84.6055	-10.9025	-8.3394	134.1266
-11.3041	84.6114	-10.9029	-8.3427	134.1346
-11.3085	84.6172	-10.9032	-8.346	134.1426
-11.313	84.623	-10.9035	-8.3493	134.1506
-11.3174	84.6288	-10.9039	-8.3526	134.1586
-11.3219	84.6346	-10.9042	-8.3559	134.1666
-11.3263	84.6405	-10.9046	-8.3591	134.1746
-11.3308	84.6463	-10.9049	-8.3624	134.1826
-11.3352	84.6521	-10.9052	-8.3657	134.1906
-11.3397	84.6579	-10.9056	-8.369	134.1986
-11.3441	84.6637	-10.9059	-8.3722	134.2066
-11.3485	84.6695	-10.9063	-8.3755	134.2145
-11.353	84.6753	-10.9066	-8.3788	134.2225
-11.3574	84.6811	-10.9069	-8.3821	134.2305
-11.3618	84.6869	-10.9073	-8.3853	134.2385
-11.3663	84.6926	-10.9076	-8.3886	134.2464
-11.3707	84.6984	-10.908	-8.3919	134.2544
-11.3751	84.7042	-10.9083	-8.3951	134.2624
-11.3795	84.71	-10.9086	-8.3984	134.2703
-11.384	84.7158	-10.909	-8.4017	134.2783
-11.3884	84.7215	-10.9093	-8.4049	134.2862
-11.3928	84.7273	-10.9097	-8.4082	134.2942
-11.3972	84.7331	-10.91	-8.4114	134.3021
-11.4016	84.7389	-10.9103	-8.4147	134.31
-11.406	84.7446	-10.9107	-8.4179	134.318
-11.4104	84.7504	-10.911	-8.4212	134.3259
-11.4148	84.7561	-10.9114	-8.4244	134.3338
-11.4192	84.7619	-10.9117	-8.4277	134.3418
-11.4237	84.7677	-10.912	-8.4309	134.3497
-11.4281	84.7734	-10.9124	-8.4342	134.3576
-11.4325	84.7792	-10.9127	-8.4374	134.3655
-11.4368	84.7849	-10.913	-8.4407	134.3734
-11.4412	84.7907	-10.9134	-8.4439	134.3813
-11.4456	84.7964	-10.9137	-8.4472	134.3892
-11.45	84.8021	-10.9141	-8.4504	134.3971
-11.4544	84.8079	-10.9144	-8.4536	134.405
-11.4588	84.8136	-10.9147	-8.4569	134.4129
-11.4632	84.8193	-10.9151	-8.4601	134.4208
-11.4676	84.8251	-10.9154	-8.4634	134.4287
-11.472	84.8308	-10.9157	-8.4666	134.4366
-11.4763	84.8365	-10.9161	-8.4698	134.4444
-11.4807	84.8422	-10.9164	-8.473	134.4523
-11.4851	84.848	-10.9167	-8.4763	134.4602
-11.4895	84.8537	-10.9171	-8.4795	134.468
-11.4938	84.8594	-10.9174	-8.4827	134.4759
-11.4982	84.8651	-10.9177	-8.4859	134.4838
-11.5026	84.8708	-10.9181	-8.4892	134.4916
-11.5069	84.8765	-10.9184	-8.4924	134.4995
-11.5113	84.8822	-10.9188	-8.4956	134.5073
-11.5157	84.8879	-10.9191	-8.4988	134.5152
-11.52	84.8936	-10.9194	-8.502	134.523
-11.5244	84.8993	-10.9198	-8.5053	134.5308
-11.5287	84.905	-10.9201	-8.5085	134.5387
-11.5331	84.9107	-10.9204	-8.5117	134.5465
-11.5374	84.9164	-10.9208	-8.5149	134.5543
-11.5418	84.9221	-10.9211	-8.5181	134.5621
-11.5461	84.9277	-10.9214	-8.5213	134.57
-11.5505	84.9334	-10.9218	-8.5245	134.5778
-11.5548	84.9391	-10.9221	-8.5277	134.5856
-11.5591	84.9448	-10.9224	-8.5309	134.5934
-11.5635	84.9504	-10.9228	-8.5341	134.6012
-11.5678	84.9561	-10.9231	-8.5373	134.609
-11.5722	84.9618	-10.9234	-8.5405	134.6168
-11.5765	84.9674	-10.9238	-8.5437	134.6246
-11.5808	84.9731	-10.9241	-8.5469	134.6324
-11.5851	84.9787	-10.9244	-8.5501	134.6402
-11.5895	84.9844	-10.9248	-8.5533	134.6479
-11.5938	84.99	-10.9251	-8.5565	134.6557
-11.5981	84.9957	-10.9254	-8.5597	134.6635
-11.6024	85.0013	-10.9257	-8.5629	134.6713
-11.6068	85.007	-10.9261	-8.566	134.679
-11.6111	85.0126	-10.9264	-8.5692	134.6868
-11.6154	85.0183	-10.9267	-8.5724	134.6945
-11.6197	85.0239	-10.9271	-8.5756	134.7023
-11.624	85.0295	-10.9274	-8.5788	134.71
-11.6283	85.0352	-10.9277	-8.582	134.7178
-11.6326	85.0408	-10.9281	-8.5851	134.7255
-11.6369	85.0464	-10.9284	-8.5883	134.7333
-11.6412	85.052	-10.9287	-8.5915	134.741
-11.6455	85.0576	-10.9291	-8.5946	134.7487
-11.6498	85.0633	-10.9294	-8.5978	134.7565
-11.6541	85.0689	-10.9297	-8.601	134.7642
-11.6584	85.0745	-10.93	-8.6042	134.7719
-11.6627	85.0801	-10.9304	-8.6073	134.7796
-11.667	85.0857	-10.9307	-8.6105	134.7873
-11.6713	85.0913	-10.931	-8.6136	134.7951
-11.6756	85.0969	-10.9314	-8.6168	134.8028
-11.6798	85.1025	-10.9317	-8.62	134.8105
-11.6841	85.1081	-10.932	-8.6231	134.8182
-11.6884	85.1137	-10.9323	-8.6263	134.8259
-11.6927	85.1193	-10.9327	-8.6294	134.8335
-11.6969	85.1249	-10.933	-8.6326	134.8412
-11.7012	85.1304	-10.9333	-8.6357	134.8489
-11.7055	85.136	-10.9337	-8.6389	134.8566
-11.7097	85.1416	-10.934	-8.642	134.8643
-11.714	85.1472	-10.9343	-8.6452	134.8719
-11.7183	85.1527	-10.9346	-8.6483	134.8796
-11.7225	85.1583	-10.935	-8.6515	134.8873
-11.7268	85.1639	-10.9353	-8.6546	134.8949
-11.731	85.1694	-10.9356	-8.6578	134.9026
-11.7353	85.175	-10.9359	-8.6609	134.9102
-11.7396	85.1806	-10.9363	-8.664	134.9179
-11.7438	85.1861	-10.9366	-8.6672	134.9255
-11.7481	85.1917	-10.9369	-8.6703	134.9332
-11.7523	85.1972	-10.9372	-8.6734	134.9408
-11.7565	85.2028	-10.9376	-8.6766	134.9484
-11.7608	85.2083	-10.9379	-8.6797	134.9561
-11.765	85.2138	-10.9382	-8.6828	134.9637
-11.7693	85.2194	-10.9385	-8.6859	134.9713
-11.7735	85.2249	-10.9389	-8.6891	134.9789
-11.7777	85.2304	-10.9392	-8.6922	134.9865
-11.782	85.236	-10.9395	-8.6953	134.9941
-11.7862	85.2415	-10.9398	-8.6984	135.0018
-11.7904	85.247	-10.9402	-8.7016	135.0094
-11.7946	85.2525	-10.9405	-8.7047	135.0169
-11.7989	85.2581	-10.9408	-8.7078	135.0245
-11.8031	85.2636	-10.9411	-8.7109	135.0321
-11.8073	85.2691	-10.9415	-8.714	135.0397
-11.8115	85.2746	-10.9418	-8.7171	135.0473
-11.8157	85.2801	-10.9421	-8.7202	135.0549
-11.8199	85.2856	-10.9424	-8.7233	135.0625
-11.8241	85.2911	-10.9428	-8.7264	135.07
-11.8283	85.2966	-10.9431	-8.7295	135.0776
-11.8326	85.3021	-10.9434	-8.7326	135.0851
-11.8368	85.3076	-10.9437	-8.7357	135.0927
-11.841	85.3131	-10.944	-8.7388	135.1003
-11.8452	85.3186	-10.9444	-8.7419	135.1078
-11.8493	85.3241	-10.9447	-8.745	135.1154
-11.8535	85.3295	-10.945	-8.7481	135.1229
-11.8577	85.335	-10.9453	-8.7512	135.1304
-11.8619	85.3405	-10.9457	-8.7543	135.138
-11.8661	85.346	-10.946	-8.7574	135.1455
-11.8703	85.3514	-10.9463	-8.7605	135.153
-11.8745	85.3569	-10.9466	-8.7636	135.1606
-11.8787	85.3624	-10.9469	-8.7667	135.1681
-11.8828	85.3678	-10.9473	-8.7697	135.1756
-11.887	85.3733	-10.9476	-8.7728	135.1831
-11.8912	85.3787	-10.9479	-8.7759	135.1906
-11.8954	85.3842	-10.9482	-8.779	135.1981
-11.8995	85.3896	-10.9485	-8.7821	135.2056
-11.9037	85.3951	-10.9489	-8.7851	135.2131
-11.9079	85.4005	-10.9492	-8.7882	135.2206
-11.912	85.406	-10.9495	-8.7913	135.2281
-11.9162	85.4114	-10.9498	-8.7943	135.2356
-11.9203	85.4168	-10.9501	-8.7974	135.243
-11.9245	85.4223	-10.9505	-8.8005	135.2505
-11.9286	85.4277	-10.9508	-8.8035	135.258
-11.9328	85.4331	-10.9511	-8.8066	135.2655
-11.9369	85.4385	-10.9514	-8.8097	135.2729
-11.9411	85.444	-10.9517	-8.8127	135.2804
-11.9452	85.4494	-10.952	-8.8158	135.2878
-11.9494	85.4548	-10.9524	-8.8188	135.2953
-11.9535	85.4602	-10.9527	-8.8219	135.3027
-11.9577	85.4656	-10.953	-8.825	135.3102
-11.9618	85.471	-10.9533	-8.828	135.3176
-11.9659	85.4764	-10.9536	-8.8311	135.325
-11.9701	85.4818	-10.954	-8.8341	135.3325
-11.9742	85.4872	-10.9543	-8.8371	135.3399
-11.9783	85.4926	-10.9546	-8.8402	135.3473
-11.9824	85.498	-10.9549	-8.8432	135.3547
-11.9866	85.5034	-10.9552	-8.8463	135.3621
-11.9907	85.5088	-10.9555	-8.8493	135.3696
-11.9948	85.5141	-10.9559	-8.8524	135.377
-11.9989	85.5195	-10.9562	-8.8554	135.3844
-12.003	85.5249	-10.9565	-8.8584	135.3918
-12.0071	85.5303	-10.9568	-8.8615	135.3992
-12.0112	85.5356	-10.9571	-8.8645	135.4065
-12.0153	85.541	-10.9574	-8.8675	135.4139
-12.0195	85.5464	-10.9577	-8.8705	135.4213
-12.0236	85.5517	-10.9581	-8.8736	135.4287
-12.0277	85.5571	-10.9584	-8.8766	135.4361
-12.0317	85.5624	-10.9587	-8.8796	135.4434
-12.0358	85.5678	-10.959	-8.8826	135.4508
-12.0399	85.5732	-10.9593	-8.8857	135.4582
-12.044	85.5785	-10.9596	-8.8887	135.4655
-12.0481	85.5838	-10.9599	-8.8917	135.4729
-12.0522	85.5892	-10.9603	-8.8947	135.4802
-12.0563	85.5945	-10.9606	-8.8977	135.4876
-12.0604	85.5998	-10.9609	-8.9007	135.4949
-12.0644	85.6052	-10.9612	-8.9037	135.5022
-12.0685	85.6105	-10.9615	-8.9067	135.5096
-12.0726	85.6158	-10.9618	-8.9098	135.5169
-12.0767	85.6212	-10.9621	-8.9128	135.5242
-12.0807	85.6265	-10.9624	-8.9158	135.5315
-12.0848	85.6318	-10.9628	-8.9188	135.5389
-12.0889	85.6371	-10.9631	-8.9218	135.5462
-12.0929	85.6424	-10.9634	-8.9248	135.5535
-12.097	85.6477	-10.9637	-8.9278	135.5608
-12.101	85.653	-10.964	-8.9307	135.5681
-12.1051	85.6583	-10.9643	-8.9337	135.5754
-12.1092	85.6636	-10.9646	-8.9367	135.5827
-12.1132	85.6689	-10.9649	-8.9397	135.59
-12.1173	85.6742	-10.9652	-8.9427	135.5972
-12.1213	85.6795	-10.9656	-8.9457	135.6045
-12.1253	85.6848	-10.9659	-8.9487	135.6118
-12.1294	85.6901	-10.9662	-8.9517	135.6191
-12.1334	85.6953	-10.9665	-8.9546	135.6263
-12.1375	85.7006	-10.9668	-8.9576	135.6336
-12.1415	85.7059	-10.9671	-8.9606	135.6408
-12.1455	85.7112	-10.9674	-8.9636	135.6481
-12.1496	85.7164	-10.9677	-8.9665	135.6553
-12.1536	85.7217	-10.968	-8.9695	135.6626
-12.1576	85.727	-10.9683	-8.9725	135.6698
-12.1616	85.7322	-10.9687	-8.9755	135.6771
-12.1657	85.7375	-10.969	-8.9784	135.6843
-12.1697	85.7427	-10.9693	-8.9814	135.6915
-12.1737	85.748	-10.9696	-8.9844	135.6987
-12.1777	85.7532	-10.9699	-8.9873	135.706
-12.1817	85.7585	-10.9702	-8.9903	135.7132
-12.1857	85.7637	-10.9705	-8.9932	135.7204
-12.1897	85.7689	-10.9708	-8.9962	135.7276
-12.1937	85.7742	-10.9711	-8.9991	135.7348
-12.1977	85.7794	-10.9714	-9.0021	135.742
-12.2017	85.7846	-10.9717	-9.005	135.7492
-12.2057	85.7899	-10.972	-9.008	135.7564
-12.2097	85.7951	-10.9723	-9.0109	135.7636
-12.2137	85.8003	-10.9727	-9.0139	135.7708
-12.2177	85.8055	-10.973	-9.0168	135.7779
-12.2217	85.8107	-10.9733	-9.0198	135.7851
-12.2257	85.8159	-10.9736	-9.0227	135.7923
-12.2297	85.8211	-10.9739	-9.0257	135.7994
-12.2337	85.8263	-10.9742	-9.0286	135.8066
-12.2376	85.8315	-10.9745	-9.0315	135.8138
-12.2416	85.8367	-10.9748	-9.0345	135.8209
-12.2456	85.8419	-10.9751	-9.0374	135.828
-12.2496	85.8471	-10.9754	-9.0403	135.8352
-12.2535	85.8523	-10.9757	-9.0433	135.8423
-12.2575	85.8575	-10.976	-9.0462	135.8495
-12.2615	85.8627	-10.9763	-9.0491	135.8566
-12.2654	85.8679	-10.9766	-9.052	135.8637
-12.2694	85.873	-10.9769	-9.0549	135.8708
-12.2733	85.8782	-10.9772	-9.0579	135.878
-12.2773	85.8834	-10.9775	-9.0608	135.8851
-12.2812	85.8885	-10.9778	-9.0637	135.8922
-12.2852	85.8937	-10.9781	-9.0666	135.8993
-12.2891	85.8989	-10.9784	-9.0695	135.9064
-12.2931	85.904	-10.9787	-9.0724	135.9135
-12.297	85.9092	-10.979	-9.0753	135.9206
-12.301	85.9143	-10.9793	-9.0783	135.9277
-12.3049	85.9195	-10.9796	-9.0812	135.9347
-12.3088	85.9246	-10.9799	-9.0841	135.9418
-12.3128	85.9297	-10.9803	-9.087	135.9489
-12.3167	85.9349	-10.9806	-9.0899	135.956
-12.3206	85.94	-10.9809	-9.0928	135.963
-12.3246	85.9451	-10.9812	-9.0957	135.9701
-12.3285	85.9503	-10.9815	-9.0986	135.9771
-12.3324	85.9554	-10.9818	-9.1014	135.9842
-12.3363	85.9605	-10.9821	-9.1043	135.9913
-12.3402	85.9656	-10.9824	-9.1072	135.9983
-12.3441	85.9708	-10.9827	-9.1101	136.0053
-12.3481	85.9759	-10.983	-9.113	136.0124
-12.352	85.981	-10.9833	-9.1159	136.0194
-12.3559	85.9861	-10.9836	-9.1188	136.0264
-12.3598	85.9912	-10.9839	-9.1216	136.0334
-12.3637	85.9963	-10.9842	-9.1245	136.0405
-12.3676	86.0014	-10.9845	-9.1274	136.0475
-12.3715	86.0065	-10.9848	-9.1303	136.0545
-12.3754	86.0116	-10.9851	-9.1332	136.0615
-12.3793	86.0167	-10.9854	-9.136	136.0685
-12.3831	86.0217	-10.9857	-9.1389	136.0755
-12.387	86.0268	-10.9859	-9.1418	136.0825
-12.3909	86.0319	-10.9862	-9.1446	136.0895
-12.3948	86.037	-10.9865	-9.1475	136.0964
-12.3987	86.042	-10.9868	-9.1504	136.1034
-12.4026	86.0471	-10.9871	-9.1532	136.1104
-12.4064	86.0522	-10.9874	-9.1561	136.1174
-12.4103	86.0572	-10.9877	-9.1589	136.1243
-12.4142	86.0623	-10.988	-9.1618	136.1313
-12.418	86.0673	-10.9883	-9.1646	136.1383
-12.4219	86.0724	-10.9886	-9.1675	136.1452
-12.4258	86.0774	-10.9889	-9.1703	136.1522
-12.4296	86.0825	-10.9892	-9.1732	136.1591
-12.4335	86.0875	-10.9895	-9.176	136.166
-12.4373	86.0926	-10.9898	-9.1789	136.173
-12.4412	86.0976	-10.9901	-9.1817	136.1799
-12.445	86.1026	-10.9904	-9.1846	136.1868
-12.4489	86.1077	-10.9907	-9.1874	136.1937
-12.4527	86.1127	-10.991	-9.1902	136.2007
-12.4566	86.1177	-10.9913	-9.1931	136.2076
-12.4604	86.1227	-10.9916	-9.1959	136.2145
-12.4643	86.1278	-10.9919	-9.1987	136.2214
-12.4681	86.1328	-10.9922	-9.2016	136.2283
-12.4719	86.1378	-10.9925	-9.2044	136.2352
-12.4758	86.1428	-10.9928	-9.2072	136.2421
-12.4796	86.1478	-10.9931	-9.2101	136.249
-12.4834	86.1528	-10.9933	-9.2129	136.2558
-12.4872	86.1578	-10.9936	-9.2157	136.2627
-12.4911	86.1628	-10.9939	-9.2185	136.2696
-12.4949	86.1678	-10.9942	-9.2213	136.2765
-12.4987	86.1728	-10.9945	-9.2241	136.2833
-12.5025	86.1777	-10.9948	-9.227	136.2902
-12.5063	86.1827	-10.9951	-9.2298	136.297
-12.5101	86.1877	-10.9954	-9.2326	136.3039
-12.5139	86.1927	-10.9957	-9.2354	136.3107
-12.5177	86.1976	-10.996	-9.2382	136.3176
-12.5215	86.2026	-10.9963	-9.241	136.3244
-12.5253	86.2076	-10.9966	-9.2438	136.3312
-12.5291	86.2125	-10.9969	-9.2466	136.3381
-12.5329	86.2175	-10.9971	-9.2494	136.3449
-12.5367	86.2224	-10.9974	-9.2522	136.3517
-12.5405	86.2274	-10.9977	-9.255	136.3585
-12.5443	86.2323	-10.998	-9.2578	136.3653
-12.5481	86.2373	-10.9983	-9.2606	136.3721
-12.5519	86.2422	-10.9986	-9.2634	136.3789
-12.5556	86.2472	-10.9989	-9.2662	136.3857
-12.5594	86.2521	-10.9992	-9.2689	136.3925
-12.5632	86.257	-10.9995	-9.2717	136.3993
-12.567	86.262	-10.9998	-9.2745	136.4061
-12.5707	86.2669	-11	-9.2773	136.4129
-12.5745	86.2718	-11.0003	-9.2801	136.4196
-12.5782	86.2767	-11.0006	-9.2828	136.4264
-12.582	86.2816	-11.0009	-9.2856	136.4332
-12.5858	86.2866	-11.0012	-9.2884	136.4399
-12.5895	86.2915	-11.0015	-9.2912	136.4467
-12.5933	86.2964	-11.0018	-9.2939	136.4534
-12.597	86.3013	-11.0021	-9.2967	136.4602
-12.6008	86.3062	-11.0023	-9.2995	136.4669
-12.6045	86.3111	-11.0026	-9.3022	136.4737
-12.6083	86.316	-11.0029	-9.305	136.4804
-12.612	86.3208	-11.0032	-9.3077	136.4871
-12.6157	86.3257	-11.0035	-9.3105	136.4938
-12.6195	86.3306	-11.0038	-9.3133	136.5006
-12.6232	86.3355	-11.0041	-9.316	136.5073
-12.6269	86.3404	-11.0044	-9.3188	136.514
-12.6307	86.3452	-11.0046	-9.3215	136.5207
-12.6344	86.3501	-11.0049	-9.3243	136.5274
-12.6381	86.355	-11.0052	-9.327	136.5341
-12.6418	86.3598	-11.0055	-9.3298	136.5408
-12.6456	86.3647	-11.0058	-9.3325	136.5475
-12.6493	86.3696	-11.0061	-9.3352	136.5541
-12.653	86.3744	-11.0064	-9.338	136.5608
-12.6567	86.3793	-11.0066	-9.3407	136.5675
-12.6604	86.3841	-11.0069	-9.3435	136.5742
-12.6641	86.3889	-11.0072	-9.3462	136.5808
-12.6678	86.3938	-11.0075	-9.3489	136.5875
-12.6715	86.3986	-11.0078	-9.3517	136.5941
-12.6752	86.4035	-11.0081	-9.3544	136.6008
-12.6789	86.4083	-11.0083	-9.3571	136.6074
-12.6826	86.4131	-11.0086	-9.3598	136.6141
-12.6863	86.4179	-11.0089	-9.3626	136.6207
-12.69	86.4227	-11.0092	-9.3653	136.6274
-12.6937	86.4276	-11.0095	-9.368	136.634
-12.6973	86.4324	-11.0098	-9.3707	136.6406
-12.701	86.4372	-11.01	-9.3734	136.6472
-12.7047	86.442	-11.0103	-9.3761	136.6538
-12.7084	86.4468	-11.0106	-9.3788	136.6604
-12.712	86.4516	-11.0109	-9.3816	136.667
-12.7157	86.4564	-11.0112	-9.3843	136.6736
-12.7194	86.4612	-11.0114	-9.387	136.6802
-12.723	86.466	-11.0117	-9.3897	136.6868
-12.7267	86.4708	-11.012	-9.3924	136.6934
-12.7304	86.4755	-11.0123	-9.3951	136.7
-12.734	86.4803	-11.0126	-9.3978	136.7066
-12.7377	86.4851	-11.0129	-9.4005	136.7131
-12.7413	86.4899	-11.0131	-9.4032	136.7197
-12.745	86.4946	-11.0134	-9.4059	136.7263
-12.7486	86.4994	-11.0137	-9.4085	136.7328
-12.7523	86.5042	-11.014	-9.4112	136.7394
-12.7559	86.5089	-11.0143	-9.4139	136.7459
-12.7595	86.5137	-11.0145	-9.4166	136.7525
-12.7632	86.5184	-11.0148	-9.4193	136.759
-12.7668	86.5232	-11.0151	-9.422	136.7656
-12.7704	86.5279	-11.0154	-9.4246	136.7721
-12.7741	86.5327	-11.0156	-9.4273	136.7786
-12.7777	86.5374	-11.0159	-9.43	136.7851
-12.7813	86.5421	-11.0162	-9.4327	136.7916
-12.7849	86.5469	-11.0165	-9.4353	136.7982
-12.7885	86.5516	-11.0168	-9.438	136.8047
-12.7922	86.5563	-11.017	-9.4407	136.8112
-12.7958	86.561	-11.0173	-9.4433	136.8177
-12.7994	86.5658	-11.0176	-9.446	136.8242
-12.803	86.5705	-11.0179	-9.4487	136.8306
-12.8066	86.5752	-11.0181	-9.4513	136.8371
-12.8102	86.5799	-11.0184	-9.454	136.8436
-12.8138	86.5846	-11.0187	-9.4566	136.8501
-12.8174	86.5893	-11.019	-9.4593	136.8565
-12.821	86.594	-11.0192	-9.4619	136.863
-12.8246	86.5987	-11.0195	-9.4646	136.8695
-12.8282	86.6034	-11.0198	-9.4672	136.8759
-12.8318	86.6081	-11.0201	-9.4699	136.8824
-12.8353	86.6127	-11.0203	-9.4725	136.8888
-12.8389	86.6174	-11.0206	-9.4752	136.8953
-12.8425	86.6221	-11.0209	-9.4778	136.9017
-12.8461	86.6268	-11.0212	-9.4805	136.9081
-12.8496	86.6314	-11.0214	-9.4831	136.9146
-12.8532	86.6361	-11.0217	-9.4857	136.921
-12.8568	86.6408	-11.022	-9.4884	136.9274
-12.8603	86.6454	-11.0223	-9.491	136.9338
-12.8639	86.6501	-11.0225	-9.4936	136.9402
-12.8675	86.6547	-11.0228	-9.4962	136.9466
-12.871	86.6594	-11.0231	-9.4989	136.953
-12.8746	86.664	-11.0234	-9.5015	136.9594
-12.8781	86.6687	-11.0236	-9.5041	136.9658
-12.8817	86.6733	-11.0239	-9.5067	136.9722
-12.8852	86.678	-11.0242	-9.5093	136.9786
-12.8888	86.6826	-11.0244	-9.512	136.9849
-12.8923	86.6872	-11.0247	-9.5146	136.9913
-12.8959	86.6918	-11.025	-9.5172	136.9977
-12.8994	86.6965	-11.0253	-9.5198	137.004
-12.9029	86.7011	-11.0255	-9.5224	137.0104
-12.9065	86.7057	-11.0258	-9.525	137.0167
-12.91	86.7103	-11.0261	-9.5276	137.0231
-12.9135	86.7149	-11.0263	-9.5302	137.0294
-12.917	86.7195	-11.0266	-9.5328	137.0358
-12.9205	86.7241	-11.0269	-9.5354	137.0421
-12.9241	86.7287	-11.0272	-9.538	137.0484
-12.9276	86.7333	-11.0274	-9.5406	137.0547
-12.9311	86.7379	-11.0277	-9.5432	137.0611
-12.9346	86.7425	-11.028	-9.5458	137.0674
-12.9381	86.7471	-11.0282	-9.5484	137.0737
-12.9416	86.7517	-11.0285	-9.5509	137.08
-12.9451	86.7562	-11.0288	-9.5535	137.0863
-12.9486	86.7608	-11.029	-9.5561	137.0926
-12.9521	86.7654	-11.0293	-9.5587	137.0989
-12.9556	86.7699	-11.0296	-9.5613	137.1051
-12.9591	86.7745	-11.0298	-9.5638	137.1114
-12.9626	86.7791	-11.0301	-9.5664	137.1177
-12.9661	86.7836	-11.0304	-9.569	137.124
-12.9696	86.7882	-11.0306	-9.5716	137.1302
-12.973	86.7927	-11.0309	-9.5741	137.1365
-12.9765	86.7973	-11.0312	-9.5767	137.1428
-12.98	86.8018	-11.0314	-9.5793	137.149
-12.9835	86.8063	-11.0317	-9.5818	137.1552
-12.9869	86.8109	-11.032	-9.5844	137.1615
-12.9904	86.8154	-11.0322	-9.5869	137.1677
-12.9939	86.8199	-11.0325	-9.5895	137.174
-12.9973	86.8245	-11.0328	-9.5921	137.1802
-13.0008	86.829	-11.033	-9.5946	137.1864
-13.0042	86.8335	-11.0333	-9.5972	137.1926
-13.0077	86.838	-11.0336	-9.5997	137.1988
-13.0111	86.8425	-11.0338	-9.6022	137.205
-13.0146	86.847	-11.0341	-9.6048	137.2112
-13.018	86.8515	-11.0344	-9.6073	137.2174
-13.0215	86.856	-11.0346	-9.6099	137.2236
-13.0249	86.8605	-11.0349	-9.6124	137.2298
-13.0284	86.865	-11.0352	-9.6149	137.236
-13.0318	86.8695	-11.0354	-9.6175	137.2422
-13.0352	86.874	-11.0357	-9.62	137.2484
-13.0387	86.8785	-11.0359	-9.6225	137.2545
-13.0421	86.883	-11.0362	-9.6251	137.2607
-13.0455	86.8874	-11.0365	-9.6276	137.2668
-13.0489	86.8919	-11.0367	-9.6301	137.273
-13.0523	86.8964	-11.037	-9.6326	137.2792
-13.0558	86.9008	-11.0373	-9.6352	137.2853
-13.0592	86.9053	-11.0375	-9.6377	137.2914
-13.0626	86.9098	-11.0378	-9.6402	137.2976
-13.066	86.9142	-11.038	-9.6427	137.3037
-13.0694	86.9187	-11.0383	-9.6452	137.3098
-13.0728	86.9231	-11.0386	-9.6477	137.3159
-13.0762	86.9276	-11.0388	-9.6502	137.3221
-13.0796	86.932	-11.0391	-9.6528	137.3282
-13.083	86.9364	-11.0394	-9.6553	137.3343
-13.0864	86.9409	-11.0396	-9.6578	137.3404
-13.0898	86.9453	-11.0399	-9.6603	137.3465
-13.0932	86.9497	-11.0401	-9.6628	137.3526
-13.0965	86.9541	-11.0404	-9.6653	137.3586
-13.0999	86.9586	-11.0407	-9.6678	137.3647
-13.1033	86.963	-11.0409	-9.6702	137.3708
-13.1067	86.9674	-11.0412	-9.6727	137.3769
-13.1101	86.9718	-11.0414	-9.6752	137.3829
-13.1134	86.9762	-11.0417	-9.6777	137.389
-13.1168	86.9806	-11.0419	-9.6802	137.3951
-13.1202	86.985	-11.0422	-9.6827	137.4011
-13.1235	86.9894	-11.0425	-9.6852	137.4072
-13.1269	86.9938	-11.0427	-9.6876	137.4132
-13.1302	86.9982	-11.043	-9.6901	137.4192
-13.1336	87.0026	-11.0432	-9.6926	137.4253
-13.1369	87.0069	-11.0435	-9.6951	137.4313
-13.1403	87.0113	-11.0437	-9.6975	137.4373
-13.1436	87.0157	-11.044	-9.7	137.4433
-13.147	87.0201	-11.0443	-9.7025	137.4493
-13.1503	87.0244	-11.0445	-9.7049	137.4554
-13.1536	87.0288	-11.0448	-9.7074	137.4614
-13.157	87.0331	-11.045	-9.7099	137.4674
-13.1603	87.0375	-11.0453	-9.7123	137.4734
-13.1636	87.0418	-11.0455	-9.7148	137.4793
-13.167	87.0462	-11.0458	-9.7172	137.4853
-13.1703	87.0505	-11.0461	-9.7197	137.4913
-13.1736	87.0549	-11.0463	-9.7221	137.4973
-13.1769	87.0592	-11.0466	-9.7246	137.5032
-13.1802	87.0635	-11.0468	-9.727	137.5092
-13.1836	87.0679	-11.0471	-9.7295	137.5152
-13.1869	87.0722	-11.0473	-9.7319	137.5211
-13.1902	87.0765	-11.0476	-9.7343	137.5271
-13.1935	87.0808	-11.0478	-9.7368	137.533
-13.1968	87.0852	-11.0481	-9.7392	137.5389
-13.2001	87.0895	-11.0483	-9.7417	137.5449
-13.2034	87.0938	-11.0486	-9.7441	137.5508
-13.2067	87.0981	-11.0488	-9.7465	137.5567
-13.21	87.1024	-11.0491	-9.7489	137.5627
-13.2133	87.1067	-11.0493	-9.7514	137.5686
-13.2165	87.111	-11.0496	-9.7538	137.5745
-13.2198	87.1153	-11.0499	-9.7562	137.5804
-13.2231	87.1196	-11.0501	-9.7586	137.5863
-13.2264	87.1238	-11.0504	-9.7611	137.5922
-13.2296	87.1281	-11.0506	-9.7635	137.5981
-13.2329	87.1324	-11.0509	-9.7659	137.6039
-13.2362	87.1367	-11.0511	-9.7683	137.6098
-13.2395	87.1409	-11.0514	-9.7707	137.6157
-13.2427	87.1452	-11.0516	-9.7731	137.6216
-13.246	87.1495	-11.0519	-9.7755	137.6274
-13.2492	87.1537	-11.0521	-9.7779	137.6333
-13.2525	87.158	-11.0524	-9.7803	137.6391
-13.2557	87.1622	-11.0526	-9.7827	137.645
-13.259	87.1665	-11.0529	-9.7851	137.6508
-13.2622	87.1707	-11.0531	-9.7875	137.6567
-13.2655	87.175	-11.0534	-9.7899	137.6625
-13.2687	87.1792	-11.0536	-9.7923	137.6683
-13.272	87.1834	-11.0539	-9.7947	137.6742
-13.2752	87.1876	-11.0541	-9.7971	137.68
-13.2784	87.1919	-11.0543	-9.7995	137.6858
-13.2817	87.1961	-11.0546	-9.8018	137.6916
-13.2849	87.2003	-11.0548	-9.8042	137.6974
-13.2881	87.2045	-11.0551	-9.8066	137.7032
-13.2913	87.2087	-11.0553	-9.809	137.709
-13.2946	87.2129	-11.0556	-9.8114	137.7148
-13.2978	87.2171	-11.0558	-9.8137	137.7206
-13.301	87.2213	-11.0561	-9.8161	137.7264
-13.3042	87.2255	-11.0563	-9.8185	137.7321
-13.3074	87.2297	-11.0566	-9.8208	137.7379
-13.3106	87.2339	-11.0568	-9.8232	137.7437
-13.3138	87.2381	-11.0571	-9.8256	137.7494
-13.317	87.2423	-11.0573	-9.8279	137.7552
-13.3202	87.2465	-11.0576	-9.8303	137.7609
-13.3234	87.2506	-11.0578	-9.8326	137.7667
-13.3266	87.2548	-11.058	-9.835	137.7724
-13.3298	87.259	-11.0583	-9.8373	137.7782
-13.333	87.2631	-11.0585	-9.8397	137.7839
-13.3361	87.2673	-11.0588	-9.842	137.7896
-13.3393	87.2715	-11.059	-9.8444	137.7953
-13.3425	87.2756	-11.0593	-9.8467	137.801
-13.3457	87.2798	-11.0595	-9.8491	137.8068
-13.3488	87.2839	-11.0598	-9.8514	137.8125
-13.352	87.288	-11.06	-9.8538	137.8182
-13.3552	87.2922	-11.0602	-9.8561	137.8238
-13.3583	87.2963	-11.0605	-9.8584	137.8295
-13.3615	87.3005	-11.0607	-9.8608	137.8352
-13.3647	87.3046	-11.061	-9.8631	137.8409
-13.3678	87.3087	-11.0612	-9.8654	137.8466
-13.371	87.3128	-11.0614	-9.8677	137.8522
-13.3741	87.3169	-11.0617	-9.8701	137.8579
-13.3773	87.321	-11.0619	-9.8724	137.8636
-13.3804	87.3252	-11.0622	-9.8747	137.8692
-13.3835	87.3293	-11.0624	-9.877	137.8749
-13.3867	87.3334	-11.0627	-9.8793	137.8805
-13.3898	87.3375	-11.0629	-9.8816	137.8862
-13.393	87.3416	-11.0631	-9.884	137.8918
-13.3961	87.3456	-11.0634	-9.8863	137.8974
-13.3992	87.3497	-11.0636	-9.8886	137.903
-13.4023	87.3538	-11.0639	-9.8909	137.9087
-13.4055	87.3579	-11.0641	-9.8932	137.9143
-13.4086	87.362	-11.0643	-9.8955	137.9199
-13.4117	87.366	-11.0646	-9.8978	137.9255
-13.4148	87.3701	-11.0648	-9.9001	137.9311
-13.4179	87.3742	-11.0651	-9.9024	137.9367
-13.421	87.3782	-11.0653	-9.9047	137.9423
-13.4241	87.3823	-11.0655	-9.907	137.9478
-13.4272	87.3863	-11.0658	-9.9092	137.9534
-13.4303	87.3904	-11.066	-9.9115	137.959
-13.4334	87.3944	-11.0662	-9.9138	137.9646
-13.4365	87.3985	-11.0665	-9.9161	137.9701
-13.4396	87.4025	-11.0667	-9.9184	137.9757
-13.4427	87.4066	-11.067	-9.9207	137.9812
-13.4458	87.4106	-11.0672	-9.9229	137.9868
-13.4489	87.4146	-11.0674	-9.9252	137.9923
-13.4519	87.4186	-11.0677	-9.9275	137.9979
-13.455	87.4227	-11.0679	-9.9297	138.0034
-13.4581	87.4267	-11.0681	-9.932	138.0089
-13.4611	87.4307	-11.0684	-9.9343	138.0145
-13.4642	87.4347	-11.0686	-9.9365	138.02
-13.4673	87.4387	-11.0688	-9.9388	138.0255
-13.4703	87.4427	-11.0691	-9.9411	138.031
-13.4734	87.4467	-11.0693	-9.9433	138.0365
-13.4765	87.4507	-11.0695	-9.9456	138.042
-13.4795	87.4547	-11.0698	-9.9478	138.0475
-13.4826	87.4587	-11.07	-9.9501	138.053
-13.4856	87.4627	-11.0702	-9.9523	138.0584
-13.4887	87.4666	-11.0705	-9.9546	138.0639
-13.4917	87.4706	-11.0707	-9.9568	138.0694
-13.4947	87.4746	-11.0709	-9.9591	138.0749
-13.4978	87.4786	-11.0712	-9.9613	138.0803
-13.5008	87.4825	-11.0714	-9.9635	138.0858
-13.5038	87.4865	-11.0716	-9.9658	138.0912
-13.5069	87.4904	-11.0719	-9.968	138.0967
-13.5099	87.4944	-11.0721	-9.9702	138.1021
-13.5129	87.4983	-11.0723	-9.9725	138.1076
-13.5159	87.5023	-11.0726	-9.9747	138.113
-13.5189	87.5062	-11.0728	-9.9769	138.1184
-13.522	87.5102	-11.073	-9.9791	138.1238
-13.525	87.5141	-11.0733	-9.9814	138.1292
-13.528	87.518	-11.0735	-9.9836	138.1347
-13.531	87.522	-11.0737	-9.9858	138.1401
-13.534	87.5259	-11.074	-9.988	138.1455
-13.537	87.5298	-11.0742	-9.9902	138.1509
-13.54	87.5337	-11.0744	-9.9924	138.1562
-13.543	87.5376	-11.0746	-9.9947	138.1616
-13.546	87.5415	-11.0749	-9.9969	138.167
-13.549	87.5455	-11.0751	-9.9991	138.1724
-13.5519	87.5494	-11.0753	-10.0013	138.1778
-13.5549	87.5533	-11.0756	-10.0035	138.1831
-13.5579	87.5571	-11.0758	-10.0057	138.1885
-13.5609	87.561	-11.076	-10.0079	138.1938
-13.5639	87.5649	-11.0762	-10.0101	138.1992
-13.5668	87.5688	-11.0765	-10.0122	138.2045
-13.5698	87.5727	-11.0767	-10.0144	138.2099
-13.5728	87.5766	-11.0769	-10.0166	138.2152
-13.5757	87.5804	-11.0772	-10.0188	138.2205
-13.5787	87.5843	-11.0774	-10.021	138.2258
-13.5816	87.5882	-11.0776	-10.0232	138.2312
-13.5846	87.592	-11.0778	-10.0254	138.2365
-13.5875	87.5959	-11.0781	-10.0275	138.2418
-13.5905	87.5997	-11.0783	-10.0297	138.2471
-13.5934	87.6036	-11.0785	-10.0319	138.2524
-13.5964	87.6074	-11.0787	-10.034	138.2577
-13.5993	87.6113	-11.079	-10.0362	138.263
-13.6023	87.6151	-11.0792	-10.0384	138.2682
-13.6052	87.6189	-11.0794	-10.0406	138.2735
-13.6081	87.6228	-11.0796	-10.0427	138.2788
-13.611	87.6266	-11.0799	-10.0449	138.2841
-13.614	87.6304	-11.0801	-10.047	138.2893
-13.6169	87.6342	-11.0803	-10.0492	138.2946
-13.6198	87.6381	-11.0805	-10.0513	138.2998
-13.6227	87.6419	-11.0808	-10.0535	138.3051
-13.6256	87.6457	-11.081	-10.0556	138.3103
-13.6286	87.6495	-11.0812	-10.0578	138.3156
-13.6315	87.6533	-11.0814	-10.0599	138.3208
-13.6344	87.6571	-11.0817	-10.0621	138.326
-13.6373	87.6609	-11.0819	-10.0642	138.3312
-13.6402	87.6647	-11.0821	-10.0664	138.3364
-13.6431	87.6685	-11.0823	-10.0685	138.3417
-13.646	87.6722	-11.0825	-10.0706	138.3469
-13.6488	87.676	-11.0828	-10.0728	138.3521
-13.6517	87.6798	-11.083	-10.0749	138.3572
-13.6546	87.6836	-11.0832	-10.077	138.3624
-13.6575	87.6873	-11.0834	-10.0792	138.3676
-13.6604	87.6911	-11.0837	-10.0813	138.3728
-13.6633	87.6948	-11.0839	-10.0834	138.378
-13.6661	87.6986	-11.0841	-10.0855	138.3831
-13.669	87.7024	-11.0843	-10.0876	138.3883
-13.6719	87.7061	-11.0845	-10.0898	138.3935
-13.6747	87.7098	-11.0848	-10.0919	138.3986
-13.6776	87.7136	-11.085	-10.094	138.4038
-13.6805	87.7173	-11.0852	-10.0961	138.4089
-13.6833	87.7211	-11.0854	-10.0982	138.414
-13.6862	87.7248	-11.0856	-10.1003	138.4192
-13.689	87.7285	-11.0859	-10.1024	138.4243
-13.6919	87.7322	-11.0861	-10.1045	138.4294
-13.6947	87.7359	-11.0863	-10.1066	138.4345
-13.6975	87.7397	-11.0865	-10.1087	138.4397
-13.7004	87.7434	-11.0867	-10.1108	138.4448
-13.7032	87.7471	-11.0869	-10.1129	138.4499
-13.7061	87.7508	-11.0872	-10.115	138.455
-13.7089	87.7545	-11.0874	-10.1171	138.46
-13.7117	87.7582	-11.0876	-10.1191	138.4651
-13.7145	87.7619	-11.0878	-10.1212	138.4702
-13.7174	87.7656	-11.088	-10.1233	138.4753
-13.7202	87.7692	-11.0882	-10.1254	138.4804
-13.723	87.7729	-11.0885	-10.1275	138.4854
-13.7258	87.7766	-11.0887	-10.1295	138.4905
-13.7286	87.7803	-11.0889	-10.1316	138.4955
-13.7314	87.7839	-11.0891	-10.1337	138.5006
-13.7342	87.7876	-11.0893	-10.1358	138.5056
-13.737	87.7913	-11.0895	-10.1378	138.5107
-13.7398	87.7949	-11.0898	-10.1399	138.5157
-13.7426	87.7986	-11.09	-10.142	138.5207
-13.7454	87.8022	-11.0902	-10.144	138.5257
-13.7482	87.8059	-11.0904	-10.1461	138.5308
-13.751	87.8095	-11.0906	-10.1481	138.5358
-13.7538	87.8132	-11.0908	-10.1502	138.5408
-13.7566	87.8168	-11.091	-10.1522	138.5458
-13.7593	87.8204	-11.0912	-10.1543	138.5508
-13.7621	87.824	-11.0915	-10.1563	138.5558
-13.7649	87.8277	-11.0917	-10.1584	138.5608
-13.7677	87.8313	-11.0919	-10.1604	138.5657
-13.7704	87.8349	-11.0921	-10.1625	138.5707
-13.7732	87.8385	-11.0923	-10.1645	138.5757
-13.7759	87.8421	-11.0925	-10.1665	138.5807
-13.7787	87.8457	-11.0927	-10.1686	138.5856
-13.7815	87.8493	-11.0929	-10.1706	138.5906
-13.7842	87.8529	-11.0932	-10.1726	138.5955
-13.787	87.8565	-11.0934	-10.1747	138.6005
-13.7897	87.8601	-11.0936	-10.1767	138.6054
-13.7924	87.8637	-11.0938	-10.1787	138.6103
-13.7952	87.8673	-11.094	-10.1807	138.6153
-13.7979	87.8709	-11.0942	-10.1828	138.6202
-13.8007	87.8744	-11.0944	-10.1848	138.6251
-13.8034	87.878	-11.0946	-10.1868	138.63
-13.8061	87.8816	-11.0948	-10.1888	138.6349
-13.8088	87.8851	-11.095	-10.1908	138.6398
-13.8116	87.8887	-11.0953	-10.1928	138.6447
-13.8143	87.8922	-11.0955	-10.1948	138.6496
-13.817	87.8958	-11.0957	-10.1968	138.6545
-13.8197	87.8993	-11.0959	-10.1988	138.6594
-13.8224	87.9029	-11.0961	-10.2008	138.6643
-13.8251	87.9064	-11.0963	-10.2028	138.6691
-13.8278	87.91	-11.0965	-10.2048	138.674
-13.8305	87.9135	-11.0967	-10.2068	138.6789
-13.8332	87.917	-11.0969	-10.2088	138.6837
-13.8359	87.9205	-11.0971	-10.2108	138.6886
-13.8386	87.9241	-11.0973	-10.2128	138.6934
-13.8413	87.9276	-11.0975	-10.2148	138.6983
-13.844	87.9311	-11.0977	-10.2168	138.7031
-13.8467	87.9346	-11.098	-10.2187	138.7079
-13.8494	87.9381	-11.0982	-10.2207	138.7128
-13.8521	87.9416	-11.0984	-10.2227	138.7176
-13.8547	87.9451	-11.0986	-10.2247	138.7224
-13.8574	87.9486	-11.0988	-10.2267	138.7272
-13.8601	87.9521	-11.099	-10.2286	138.732
-13.8628	87.9556	-11.0992	-10.2306	138.7368
-13.8654	87.9591	-11.0994	-10.2326	138.7416
-13.8681	87.9625	-11.0996	-10.2345	138.7464
-13.8707	87.966	-11.0998	-10.2365	138.7512
-13.8734	87.9695	-11.1	-10.2384	138.7559
-13.876	87.973	-11.1002	-10.2404	138.7607
-13.8787	87.9764	-11.1004	-10.2424	138.7655
-13.8813	87.9799	-11.1006	-10.2443	138.7702
-13.884	87.9833	-11.1008	-10.2463	138.775
-13.8866	87.9868	-11.101	-10.2482	138.7797
-13.8893	87.9902	-11.1012	-10.2502	138.7845
-13.8919	87.9937	-11.1014	-10.2521	138.7892
-13.8945	87.9971	-11.1016	-10.254	138.794
-13.8972	88.0006	-11.1018	-10.256	138.7987
-13.8998	88.004	-11.102	-10.2579	138.8034
-13.9024	88.0074	-11.1022	-10.2599	138.8081
-13.905	88.0109	-11.1024	-10.2618	138.8129
-13.9077	88.0143	-11.1026	-10.2637	138.8176
-13.9103	88.0177	-11.1028	-10.2657	138.8223
-13.9129	88.0211	-11.103	-10.2676	138.827
-13.9155	88.0245	-11.1032	-10.2695	138.8317
-13.9181	88.0279	-11.1034	-10.2714	138.8364
-13.9207	88.0313	-11.1036	-10.2733	138.841
-13.9233	88.0347	-11.1038	-10.2753	138.8457
-13.9259	88.0381	-11.104	-10.2772	138.8504
-13.9285	88.0415	-11.1042	-10.2791	138.8551
-13.9311	88.0449	-11.1044	-10.281	138.8597
-13.9337	88.0483	-11.1046	-10.2829	138.8644
-13.9363	88.0517	-11.1048	-10.2848	138.869
-13.9388	88.055	-11.105	-10.2867	138.8737
-13.9414	88.0584	-11.1052	-10.2886	138.8783
-13.944	88.0618	-11.1054	-10.2905	138.8829
-13.9466	88.0651	-11.1056	-10.2924	138.8876
-13.9491	88.0685	-11.1058	-10.2943	138.8922
-13.9517	88.0719	-11.106	-10.2962	138.8968
-13.9543	88.0752	-11.1062	-10.2981	138.9014
-13.9568	88.0786	-11.1064	-10.3	138.906
-13.9594	88.0819	-11.1066	-10.3019	138.9106
-13.962	88.0853	-11.1068	-10.3038	138.9152
-13.9645	88.0886	-11.107	-10.3057	138.9198
-13.9671	88.0919	-11.1072	-10.3076	138.9244
-13.9696	88.0953	-11.1074	-10.3094	138.929
-13.9722	88.0986	-11.1076	-10.3113	138.9336
-13.9747	88.1019	-11.1078	-10.3132	138.9382
-13.9772	88.1052	-11.108	-10.3151	138.9427
-13.9798	88.1085	-11.1082	-10.3169	138.9473
-13.9823	88.1118	-11.1084	-10.3188	138.9518
-13.9848	88.1152	-11.1086	-10.3207	138.9564
-13.9874	88.1185	-11.1087	-10.3225	138.9609
-13.9899	88.1218	-11.1089	-10.3244	138.9655
-13.9924	88.1251	-11.1091	-10.3263	138.97
-13.9949	88.1283	-11.1093	-10.3281	138.9745
-13.9974	88.1316	-11.1095	-10.33	138.9791
-14	88.1349	-11.1097	-10.3318	138.9836
-14.0025	88.1382	-11.1099	-10.3337	138.9881
-14.005	88.1415	-11.1101	-10.3355	138.9926
-14.0075	88.1447	-11.1103	-10.3374	138.9971
-14.01	88.148	-11.1105	-10.3392	139.0016
-14.0125	88.1513	-11.1107	-10.3411	139.0061
-14.015	88.1545	-11.1109	-10.3429	139.0106
-14.0175	88.1578	-11.1111	-10.3447	139.0151
-14.02	88.1611	-11.1112	-10.3466	139.0196
-14.0224	88.1643	-11.1114	-10.3484	139.024
-14.0249	88.1675	-11.1116	-10.3502	139.0285
-14.0274	88.1708	-11.1118	-10.3521	139.033
-14.0299	88.174	-11.112	-10.3539	139.0374
-14.0324	88.1773	-11.1122	-10.3557	139.0419
-14.0348	88.1805	-11.1124	-10.3576	139.0463
-14.0373	88.1837	-11.1126	-10.3594	139.0507
-14.0398	88.1869	-11.1128	-10.3612	139.0552
-14.0422	88.1902	-11.113	-10.363	139.0596
-14.0447	88.1934	-11.1131	-10.3648	139.064
-14.0471	88.1966	-11.1133	-10.3666	139.0685
-14.0496	88.1998	-11.1135	-10.3685	139.0729
-14.052	88.203	-11.1137	-10.3703	139.0773
-14.0545	88.2062	-11.1139	-10.3721	139.0817
-14.0569	88.2094	-11.1141	-10.3739	139.0861
-14.0594	88.2126	-11.1143	-10.3757	139.0905
-14.0618	88.2158	-11.1145	-10.3775	139.0949
-14.0643	88.219	-11.1146	-10.3793	139.0992
-14.0667	88.2221	-11.1148	-10.3811	139.1036
-14.0691	88.2253	-11.115	-10.3829	139.108
-14.0715	88.2285	-11.1152	-10.3846	139.1124
-14.074	88.2317	-11.1154	-10.3864	139.1167
-14.0764	88.2348	-11.1156	-10.3882	139.1211
-14.0788	88.238	-11.1158	-10.39	139.1254
-14.0812	88.2411	-11.1159	-10.3918	139.1298
-14.0836	88.2443	-11.1161	-10.3936	139.1341
-14.0861	88.2474	-11.1163	-10.3954	139.1384
-14.0885	88.2506	-11.1165	-10.3971	139.1428
-14.0909	88.2537	-11.1167	-10.3989	139.1471
-14.0933	88.2569	-11.1169	-10.4007	139.1514
-14.0957	88.26	-11.1171	-10.4024	139.1557
-14.0981	88.2631	-11.1172	-10.4042	139.16
-14.1005	88.2663	-11.1174	-10.406	139.1643
-14.1028	88.2694	-11.1176	-10.4077	139.1686
-14.1052	88.2725	-11.1178	-10.4095	139.1729
-14.1076	88.2756	-11.118	-10.4113	139.1772
-14.11	88.2787	-11.1182	-10.413	139.1815
-14.1124	88.2818	-11.1183	-10.4148	139.1858
-14.1147	88.2849	-11.1185	-10.4165	139.1901
-14.1171	88.288	-11.1187	-10.4183	139.1943
-14.1195	88.2911	-11.1189	-10.42	139.1986
-14.1219	88.2942	-11.1191	-10.4218	139.2028
-14.1242	88.2973	-11.1192	-10.4235	139.2071
-14.1266	88.3004	-11.1194	-10.4252	139.2113
-14.1289	88.3035	-11.1196	-10.427	139.2156
-14.1313	88.3066	-11.1198	-10.4287	139.2198
-14.1336	88.3096	-11.12	-10.4305	139.224
-14.136	88.3127	-11.1202	-10.4322	139.2283
-14.1383	88.3158	-11.1203	-10.4339	139.2325
-14.1407	88.3188	-11.1205	-10.4357	139.2367
-14.143	88.3219	-11.1207	-10.4374	139.2409
-14.1453	88.3249	-11.1209	-10.4391	139.2451
-14.1477	88.328	-11.121	-10.4408	139.2493
-14.15	88.331	-11.1212	-10.4425	139.2535
-14.1523	88.3341	-11.1214	-10.4443	139.2577
-14.1547	88.3371	-11.1216	-10.446	139.2619
-14.157	88.3402	-11.1218	-10.4477	139.266
-14.1593	88.3432	-11.1219	-10.4494	139.2702
-14.1616	88.3462	-11.1221	-10.4511	139.2744
-14.1639	88.3492	-11.1223	-10.4528	139.2785
-14.1662	88.3523	-11.1225	-10.4545	139.2827
-14.1686	88.3553	-11.1226	-10.4562	139.2868
-14.1709	88.3583	-11.1228	-10.4579	139.291
-14.1732	88.3613	-11.123	-10.4596	139.2951
-14.1755	88.3643	-11.1232	-10.4613	139.2993
-14.1778	88.3673	-11.1234	-10.463	139.3034
-14.18	88.3703	-11.1235	-10.4647	139.3075
-14.1823	88.3733	-11.1237	-10.4664	139.3116
-14.1846	88.3763	-11.1239	-10.4681	139.3157
-14.1869	88.3793	-11.1241	-10.4698	139.3198
-14.1892	88.3822	-11.1242	-10.4714	139.3239
-14.1915	88.3852	-11.1244	-10.4731	139.328
-14.1937	88.3882	-11.1246	-10.4748	139.3321
-14.196	88.3912	-11.1248	-10.4765	139.3362
-14.1983	88.3941	-11.1249	-10.4782	139.3403
-14.2005	88.3971	-11.1251	-10.4798	139.3444
-14.2028	88.4	-11.1253	-10.4815	139.3484
-14.2051	88.403	-11.1255	-10.4832	139.3525
-14.2073	88.4059	-11.1256	-10.4848	139.3566
-14.2096	88.4089	-11.1258	-10.4865	139.3606
-14.2118	88.4118	-11.126	-10.4882	139.3647
-14.2141	88.4148	-11.1261	-10.4898	139.3687
-14.2163	88.4177	-11.1263	-10.4915	139.3728
-14.2186	88.4206	-11.1265	-10.4931	139.3768
-14.2208	88.4236	-11.1267	-10.4948	139.3808
-14.223	88.4265	-11.1268	-10.4964	139.3848
-14.2253	88.4294	-11.127	-10.4981	139.3889
-14.2275	88.4323	-11.1272	-10.4997	139.3929
-14.2297	88.4352	-11.1273	-10.5014	139.3969
-14.232	88.4381	-11.1275	-10.503	139.4009
-14.2342	88.441	-11.1277	-10.5046	139.4049
-14.2364	88.4439	-11.1279	-10.5063	139.4089
-14.2386	88.4468	-11.128	-10.5079	139.4129
-14.2408	88.4497	-11.1282	-10.5095	139.4168
-14.243	88.4526	-11.1284	-10.5112	139.4208
-14.2452	88.4555	-11.1285	-10.5128	139.4248
-14.2474	88.4584	-11.1287	-10.5144	139.4287
-14.2496	88.4613	-11.1289	-10.5161	139.4327
-14.2518	88.4641	-11.129	-10.5177	139.4367
-14.254	88.467	-11.1292	-10.5193	139.4406
-14.2562	88.4699	-11.1294	-10.5209	139.4445
-14.2584	88.4727	-11.1295	-10.5225	139.4485
-14.2606	88.4756	-11.1297	-10.5241	139.4524
-14.2628	88.4784	-11.1299	-10.5258	139.4563
-14.265	88.4813	-11.13	-10.5274	139.4603
-14.2672	88.4841	-11.1302	-10.529	139.4642
-14.2693	88.487	-11.1304	-10.5306	139.4681
-14.2715	88.4898	-11.1305	-10.5322	139.472
-14.2737	88.4927	-11.1307	-10.5338	139.4759
-14.2758	88.4955	-11.1309	-10.5354	139.4798
-14.278	88.4983	-11.131	-10.537	139.4837
-14.2802	88.5011	-11.1312	-10.5386	139.4876
-14.2823	88.504	-11.1314	-10.5402	139.4915
-14.2845	88.5068	-11.1315	-10.5417	139.4953
-14.2866	88.5096	-11.1317	-10.5433	139.4992
-14.2888	88.5124	-11.1319	-10.5449	139.5031
-14.2909	88.5152	-11.132	-10.5465	139.5069
-14.2931	88.518	-11.1322	-10.5481	139.5108
-14.2952	88.5208	-11.1324	-10.5497	139.5146
-14.2973	88.5236	-11.1325	-10.5512	139.5185
-14.2995	88.5264	-11.1327	-10.5528	139.5223
-14.3016	88.5292	-11.1329	-10.5544	139.5261
-14.3037	88.5319	-11.133	-10.556	139.53
-14.3059	88.5347	-11.1332	-10.5575	139.5338
-14.308	88.5375	-11.1333	-10.5591	139.5376
-14.3101	88.5403	-11.1335	-10.5607	139.5414
-14.3122	88.543	-11.1337	-10.5622	139.5452
-14.3143	88.5458	-11.1338	-10.5638	139.549
-14.3164	88.5486	-11.134	-10.5653	139.5528
-14.3185	88.5513	-11.1342	-10.5669	139.5566
-14.3206	88.5541	-11.1343	-10.5684	139.5604
-14.3227	88.5568	-11.1345	-10.57	139.5642
-14.3248	88.5595	-11.1346	-10.5715	139.568
-14.3269	88.5623	-11.1348	-10.5731	139.5717
-14.329	88.565	-11.135	-10.5746	139.5755
-14.3311	88.5678	-11.1351	-10.5762	139.5792
-14.3332	88.5705	-11.1353	-10.5777	139.583
-14.3353	88.5732	-11.1354	-10.5792	139.5868
-14.3374	88.5759	-11.1356	-10.5808	139.5905
-14.3395	88.5786	-11.1358	-10.5823	139.5942
-14.3415	88.5814	-11.1359	-10.5838	139.598
-14.3436	88.5841	-11.1361	-10.5854	139.6017
-14.3457	88.5868	-11.1362	-10.5869	139.6054
-14.3477	88.5895	-11.1364	-10.5884	139.6091
-14.3498	88.5922	-11.1366	-10.59	139.6128
-14.3519	88.5949	-11.1367	-10.5915	139.6165
-14.3539	88.5975	-11.1369	-10.593	139.6202
-14.356	88.6002	-11.137	-10.5945	139.6239
-14.358	88.6029	-11.1372	-10.596	139.6276
-14.3601	88.6056	-11.1373	-10.5975	139.6313
-14.3621	88.6083	-11.1375	-10.599	139.635
-14.3642	88.6109	-11.1377	-10.6005	139.6387
-14.3662	88.6136	-11.1378	-10.6021	139.6423
-14.3682	88.6163	-11.138	-10.6036	139.646
-14.3703	88.6189	-11.1381	-10.6051	139.6497
-14.3723	88.6216	-11.1383	-10.6066	139.6533
-14.3743	88.6242	-11.1384	-10.6081	139.657
-14.3764	88.6269	-11.1386	-10.6095	139.6606
-14.3784	88.6295	-11.1387	-10.611	139.6643
-14.3804	88.6322	-11.1389	-10.6125	139.6679
-14.3824	88.6348	-11.1391	-10.614	139.6715
-14.3844	88.6374	-11.1392	-10.6155	139.6751
-14.3864	88.6401	-11.1394	-10.617	139.6788
-14.3885	88.6427	-11.1395	-10.6185	139.6824
-14.3905	88.6453	-11.1397	-10.6199	139.686
-14.3925	88.6479	-11.1398	-10.6214	139.6896
-14.3945	88.6505	-11.14	-10.6229	139.6932
-14.3965	88.6531	-11.1401	-10.6244	139.6968
-14.3984	88.6557	-11.1403	-10.6258	139.7003
-14.4004	88.6583	-11.1404	-10.6273	139.7039
-14.4024	88.6609	-11.1406	-10.6288	139.7075
-14.4044	88.6635	-11.1407	-10.6302	139.7111
-14.4064	88.6661	-11.1409	-10.6317	139.7146
-14.4084	88.6687	-11.1411	-10.6332	139.7182
-14.4103	88.6713	-11.1412	-10.6346	139.7217
-14.4123	88.6739	-11.1414	-10.6361	139.7253
-14.4143	88.6765	-11.1415	-10.6375	139.7288
-14.4163	88.679	-11.1417	-10.639	139.7324
-14.4182	88.6816	-11.1418	-10.6404	139.7359
-14.4202	88.6842	-11.142	-10.6419	139.7394
-14.4221	88.6867	-11.1421	-10.6433	139.743
-14.4241	88.6893	-11.1423	-10.6448	139.7465
-14.426	88.6918	-11.1424	-10.6462	139.75
-14.428	88.6944	-11.1426	-10.6476	139.7535
-14.4299	88.6969	-11.1427	-10.6491	139.757
-14.4319	88.6995	-11.1429	-10.6505	139.7605
-14.4338	88.702	-11.143	-10.652	139.764
-14.4358	88.7045	-11.1432	-10.6534	139.7675
-14.4377	88.7071	-11.1433	-10.6548	139.7709
-14.4396	88.7096	-11.1435	-10.6562	139.7744
-14.4416	88.7121	-11.1436	-10.6577	139.7779
-14.4435	88.7146	-11.1437	-10.6591	139.7814
-14.4454	88.7171	-11.1439	-10.6605	139.7848
-14.4473	88.7196	-11.144	-10.6619	139.7883
-14.4493	88.7222	-11.1442	-10.6633	139.7917
-14.4512	88.7247	-11.1443	-10.6647	139.7952
-14.4531	88.7272	-11.1445	-10.6662	139.7986
-14.455	88.7296	-11.1446	-10.6676	139.802
-14.4569	88.7321	-11.1448	-10.669	139.8055
-14.4588	88.7346	-11.1449	-10.6704	139.8089
-14.4607	88.7371	-11.1451	-10.6718	139.8123
-14.4626	88.7396	-11.1452	-10.6732	139.8157
-14.4645	88.7421	-11.1454	-10.6746	139.8191
-14.4664	88.7445	-11.1455	-10.676	139.8225
-14.4683	88.747	-11.1456	-10.6774	139.8259
-14.4702	88.7495	-11.1458	-10.6788	139.8293
-14.472	88.7519	-11.1459	-10.6801	139.8327
-14.4739	88.7544	-11.1461	-10.6815	139.8361
-14.4758	88.7568	-11.1462	-10.6829	139.8395
-14.4777	88.7593	-11.1464	-10.6843	139.8428
-14.4795	88.7617	-11.1465	-10.6857	139.8462
-14.4814	88.7642	-11.1467	-10.6871	139.8496
-14.4833	88.7666	-11.1468	-10.6884	139.8529
-14.4851	88.7691	-11.1469	-10.6898	139.8563
-14.487	88.7715	-11.1471	-10.6912	139.8596
-14.4889	88.7739	-11.1472	-10.6925	139.863
-14.4907	88.7763	-11.1474	-10.6939	139.8663
-14.4926	88.7788	-11.1475	-10.6953	139.8696
-14.4944	88.7812	-11.1477	-10.6966	139.8729
-14.4963	88.7836	-11.1478	-10.698	139.8763
-14.4981	88.786	-11.1479	-10.6994	139.8796
-14.4999	88.7884	-11.1481	-10.7007	139.8829
-14.5018	88.7908	-11.1482	-10.7021	139.8862
-14.5036	88.7932	-11.1484	-10.7034	139.8895
-14.5054	88.7956	-11.1485	-10.7048	139.8928
-14.5073	88.798	-11.1486	-10.7061	139.8961
-14.5091	88.8004	-11.1488	-10.7075	139.8993
-14.5109	88.8027	-11.1489	-10.7088	139.9026
-14.5127	88.8051	-11.1491	-10.7102	139.9059
-14.5145	88.8075	-11.1492	-10.7115	139.9092
-14.5164	88.8099	-11.1493	-10.7128	139.9124
-14.5182	88.8122	-11.1495	-10.7142	139.9157
-14.52	88.8146	-11.1496	-10.7155	139.9189
-14.5218	88.8169	-11.1498	-10.7168	139.9222
-14.5236	88.8193	-11.1499	-10.7182	139.9254
-14.5254	88.8217	-11.15	-10.7195	139.9287
-14.5272	88.824	-11.1502	-10.7208	139.9319
-14.529	88.8263	-11.1503	-10.7221	139.9351
-14.5308	88.8287	-11.1504	-10.7235	139.9383
-14.5325	88.831	-11.1506	-10.7248	139.9415
-14.5343	88.8334	-11.1507	-10.7261	139.9448
-14.5361	88.8357	-11.1509	-10.7274	139.948
-14.5379	88.838	-11.151	-10.7287	139.9512
-14.5397	88.8403	-11.1511	-10.73	139.9544
-14.5414	88.8426	-11.1513	-10.7314	139.9575
-14.5432	88.845	-11.1514	-10.7327	139.9607
-14.545	88.8473	-11.1515	-10.734	139.9639
-14.5467	88.8496	-11.1517	-10.7353	139.9671
-14.5485	88.8519	-11.1518	-10.7366	139.9702
-14.5503	88.8542	-11.1519	-10.7379	139.9734
-14.552	88.8565	-11.1521	-10.7392	139.9766
-14.5538	88.8588	-11.1522	-10.7404	139.9797
-14.5555	88.861	-11.1523	-10.7417	139.9829
-14.5573	88.8633	-11.1525	-10.743	139.986
-14.559	88.8656	-11.1526	-10.7443	139.9891
-14.5608	88.8679	-11.1527	-10.7456	139.9923
-14.5625	88.8702	-11.1529	-10.7469	139.9954
-14.5642	88.8724	-11.153	-10.7482	139.9985
-14.566	88.8747	-11.1531	-10.7494	140.0016
-14.5677	88.877	-11.1533	-10.7507	140.0048
-14.5694	88.8792	-11.1534	-10.752	140.0079
-14.5711	88.8815	-11.1535	-10.7533	140.011
-14.5729	88.8837	-11.1537	-10.7545	140.0141
-14.5746	88.886	-11.1538	-10.7558	140.0172
-14.5763	88.8882	-11.1539	-10.7571	140.0202
-14.578	88.8904	-11.1541	-10.7583	140.0233
-14.5797	88.8927	-11.1542	-10.7596	140.0264
-14.5814	88.8949	-11.1543	-10.7609	140.0295
-14.5831	88.8971	-11.1545	-10.7621	140.0325
-14.5848	88.8994	-11.1546	-10.7634	140.0356
-14.5865	88.9016	-11.1547	-10.7646	140.0386
-14.5882	88.9038	-11.1549	-10.7659	140.0417
-14.5899	88.906	-11.155	-10.7671	140.0447
-14.5916	88.9082	-11.1551	-10.7684	140.0478
-14.5933	88.9104	-11.1552	-10.7696	140.0508
-14.595	88.9126	-11.1554	-10.7709	140.0538
-14.5967	88.9148	-11.1555	-10.7721	140.0569
-14.5983	88.917	-11.1556	-10.7733	140.0599
-14.6	88.9192	-11.1558	-10.7746	140.0629
-14.6017	88.9214	-11.1559	-10.7758	140.0659
-14.6034	88.9236	-11.156	-10.777	140.0689
-14.605	88.9258	-11.1561	-10.7783	140.0719
-14.6067	88.9279	-11.1563	-10.7795	140.0749
-14.6084	88.9301	-11.1564	-10.7807	140.0779
-14.61	88.9323	-11.1565	-10.7819	140.0809
-14.6117	88.9344	-11.1567	-10.7832	140.0839
-14.6133	88.9366	-11.1568	-10.7844	140.0868
-14.615	88.9387	-11.1569	-10.7856	140.0898
-14.6166	88.9409	-11.157	-10.7868	140.0928
-14.6183	88.9431	-11.1572	-10.788	140.0957
-14.6199	88.9452	-11.1573	-10.7892	140.0987
-14.6215	88.9473	-11.1574	-10.7905	140.1016
-14.6232	88.9495	-11.1575	-10.7917	140.1046
-14.6248	88.9516	-11.1577	-10.7929	140.1075
-14.6264	88.9537	-11.1578	-10.7941	140.1104
-14.6281	88.9559	-11.1579	-10.7953	140.1134
-14.6297	88.958	-11.158	-10.7965	140.1163
-14.6313	88.9601	-11.1582	-10.7977	140.1192
-14.6329	88.9622	-11.1583	-10.7989	140.1221
-14.6346	88.9643	-11.1584	-10.8001	140.125
-14.6362	88.9664	-11.1585	-10.8012	140.1279
-14.6378	88.9686	-11.1587	-10.8024	140.1308
-14.6394	88.9707	-11.1588	-10.8036	140.1337
-14.641	88.9728	-11.1589	-10.8048	140.1366
-14.6426	88.9748	-11.159	-10.806	140.1395
-14.6442	88.9769	-11.1591	-10.8072	140.1424
-14.6458	88.979	-11.1593	-10.8083	140.1452
-14.6474	88.9811	-11.1594	-10.8095	140.1481
-14.649	88.9832	-11.1595	-10.8107	140.151
-14.6506	88.9853	-11.1596	-10.8119	140.1538
-14.6521	88.9873	-11.1598	-10.813	140.1567
-14.6537	88.9894	-11.1599	-10.8142	140.1595
-14.6553	88.9915	-11.16	-10.8154	140.1623
-14.6569	88.9935	-11.1601	-10.8165	140.1652
-14.6585	88.9956	-11.1602	-10.8177	140.168
-14.66	88.9976	-11.1604	-10.8188	140.1708
-14.6616	88.9997	-11.1605	-10.82	140.1737
-14.6632	89.0017	-11.1606	-10.8212	140.1765
-14.6647	89.0038	-11.1607	-10.8223	140.1793
-14.6663	89.0058	-11.1608	-10.8235	140.1821
-14.6678	89.0078	-11.161	-10.8246	140.1849
-14.6694	89.0099	-11.1611	-10.8258	140.1877
-14.6709	89.0119	-11.1612	-10.8269	140.1905
-14.6725	89.0139	-11.1613	-10.828	140.1933
-14.674	89.0159	-11.1614	-10.8292	140.196
-14.6756	89.018	-11.1616	-10.8303	140.1988
-14.6771	89.02	-11.1617	-10.8315	140.2016
-14.6787	89.022	-11.1618	-10.8326	140.2043
-14.6802	89.024	-11.1619	-10.8337	140.2071
-14.6817	89.026	-11.162	-10.8349	140.2099
-14.6833	89.028	-11.1621	-10.836	140.2126
-14.6848	89.03	-11.1623	-10.8371	140.2154
-14.6863	89.032	-11.1624	-10.8382	140.2181
-14.6878	89.034	-11.1625	-10.8394	140.2208
-14.6893	89.0359	-11.1626	-10.8405	140.2236
-14.6909	89.0379	-11.1627	-10.8416	140.2263
-14.6924	89.0399	-11.1628	-10.8427	140.229
-14.6939	89.0419	-11.163	-10.8438	140.2317
-14.6954	89.0438	-11.1631	-10.8449	140.2344
-14.6969	89.0458	-11.1632	-10.846	140.2371
-14.6984	89.0478	-11.1633	-10.8472	140.2398
-14.6999	89.0497	-11.1634	-10.8483	140.2425
-14.7014	89.0517	-11.1635	-10.8494	140.2452
-14.7029	89.0536	-11.1636	-10.8505	140.2479
-14.7044	89.0556	-11.1638	-10.8516	140.2506
-14.7059	89.0575	-11.1639	-10.8527	140.2533
-14.7073	89.0595	-11.164	-10.8538	140.2559
-14.7088	89.0614	-11.1641	-10.8548	140.2586
-14.7103	89.0633	-11.1642	-10.8559	140.2612
-14.7118	89.0653	-11.1643	-10.857	140.2639
-14.7132	89.0672	-11.1644	-10.8581	140.2666
-14.7147	89.0691	-11.1646	-10.8592	140.2692
-14.7162	89.071	-11.1647	-10.8603	140.2718
-14.7176	89.0729	-11.1648	-10.8614	140.2745
-14.7191	89.0749	-11.1649	-10.8624	140.2771
-14.7206	89.0768	-11.165	-10.8635	140.2797
-14.722	89.0787	-11.1651	-10.8646	140.2823
-14.7235	89.0806	-11.1652	-10.8657	140.285
-14.7249	89.0825	-11.1653	-10.8667	140.2876
-14.7264	89.0844	-11.1655	-10.8678	140.2902
-14.7278	89.0862	-11.1656	-10.8689	140.2928
-14.7293	89.0881	-11.1657	-10.8699	140.2954
-14.7307	89.09	-11.1658	-10.871	140.298
-14.7321	89.0919	-11.1659	-10.8721	140.3005
-14.7336	89.0938	-11.166	-10.8731	140.3031
-14.735	89.0956	-11.1661	-10.8742	140.3057
-14.7364	89.0975	-11.1662	-10.8752	140.3083
-14.7379	89.0994	-11.1663	-10.8763	140.3108
-14.7393	89.1012	-11.1664	-10.8773	140.3134
-14.7407	89.1031	-11.1666	-10.8784	140.3159
-14.7421	89.1049	-11.1667	-10.8794	140.3185
-14.7435	89.1068	-11.1668	-10.8805	140.321
-14.7449	89.1086	-11.1669	-10.8815	140.3236
-14.7464	89.1105	-11.167	-10.8825	140.3261
-14.7478	89.1123	-11.1671	-10.8836	140.3286
-14.7492	89.1141	-11.1672	-10.8846	140.3312
-14.7506	89.116	-11.1673	-10.8857	140.3337
-14.752	89.1178	-11.1674	-10.8867	140.3362
-14.7534	89.1196	-11.1675	-10.8877	140.3387
-14.7548	89.1214	-11.1676	-10.8887	140.3412
-14.7561	89.1233	-11.1677	-10.8898	140.3437
-14.7575	89.1251	-11.1678	-10.8908	140.3462
-14.7589	89.1269	-11.1679	-10.8918	140.3487
-14.7603	89.1287	-11.1681	-10.8928	140.3512
-14.7617	89.1305	-11.1682	-10.8938	140.3537
-14.7631	89.1323	-11.1683	-10.8949	140.3561
-14.7644	89.1341	-11.1684	-10.8959	140.3586
-14.7658	89.1359	-11.1685	-10.8969	140.3611
-14.7672	89.1377	-11.1686	-10.8979	140.3635
-14.7685	89.1395	-11.1687	-10.8989	140.366
-14.7699	89.1412	-11.1688	-10.8999	140.3685
-14.7713	89.143	-11.1689	-10.9009	140.3709
-14.7726	89.1448	-11.169	-10.9019	140.3733
-14.774	89.1466	-11.1691	-10.9029	140.3758
-14.7753	89.1483	-11.1692	-10.9039	140.3782
-14.7767	89.1501	-11.1693	-10.9049	140.3806
-14.778	89.1518	-11.1694	-10.9059	140.3831
-14.7794	89.1536	-11.1695	-10.9069	140.3855
-14.7807	89.1554	-11.1696	-10.9079	140.3879
-14.782	89.1571	-11.1697	-10.9089	140.3903
-14.7834	89.1588	-11.1698	-10.9099	140.3927
-14.7847	89.1606	-11.1699	-10.9108	140.3951
-14.786	89.1623	-11.17	-10.9118	140.3975
-14.7874	89.1641	-11.1701	-10.9128	140.3999
-14.7887	89.1658	-11.1702	-10.9138	140.4023
-14.79	89.1675	-11.1703	-10.9148	140.4046
-14.7913	89.1692	-11.1704	-10.9157	140.407
-14.7926	89.171	-11.1705	-10.9167	140.4094
-14.794	89.1727	-11.1706	-10.9177	140.4117
-14.7953	89.1744	-11.1707	-10.9186	140.4141
-14.7966	89.1761	-11.1708	-10.9196	140.4164
-14.7979	89.1778	-11.1709	-10.9206	140.4188
-14.7992	89.1795	-11.171	-10.9215	140.4211
-14.8005	89.1812	-11.1711	-10.9225	140.4235
-14.8018	89.1829	-11.1712	-10.9234	140.4258
-14.8031	89.1846	-11.1713	-10.9244	140.4281
-14.8044	89.1863	-11.1714	-10.9254	140.4305
-14.8057	89.188	-11.1715	-10.9263	140.4328
-14.807	89.1897	-11.1716	-10.9273	140.4351
-14.8082	89.1913	-11.1717	-10.9282	140.4374
-14.8095	89.193	-11.1718	-10.9291	140.4397
-14.8108	89.1947	-11.1719	-10.9301	140.442
-14.8121	89.1964	-11.172	-10.931	140.4443
-14.8133	89.198	-11.1721	-10.932	140.4466
-14.8146	89.1997	-11.1722	-10.9329	140.4489
-14.8159	89.2013	-11.1723	-10.9338	140.4512
-14.8171	89.203	-11.1724	-10.9348	140.4534
-14.8184	89.2046	-11.1725	-10.9357	140.4557
-14.8197	89.2063	-11.1726	-10.9366	140.458
-14.8209	89.2079	-11.1727	-10.9376	140.4602
-14.8222	89.2096	-11.1728	-10.9385	140.4625
-14.8234	89.2112	-11.1729	-10.9394	140.4648
-14.8247	89.2128	-11.173	-10.9403	140.467
-14.8259	89.2145	-11.1731	-10.9413	140.4692
-14.8272	89.2161	-11.1732	-10.9422	140.4715
-14.8284	89.2177	-11.1733	-10.9431	140.4737
-14.8297	89.2193	-11.1734	-10.944	140.4759
-14.8309	89.221	-11.1735	-10.9449	140.4782
-14.8321	89.2226	-11.1736	-10.9458	140.4804
-14.8334	89.2242	-11.1737	-10.9467	140.4826
-14.8346	89.2258	-11.1738	-10.9476	140.4848
-14.8358	89.2274	-11.1738	-10.9485	140.487
-14.837	89.229	-11.1739	-10.9494	140.4892
-14.8383	89.2306	-11.174	-10.9503	140.4914
-14.8395	89.2322	-11.1741	-10.9512	140.4936
-14.8407	89.2338	-11.1742	-10.9521	140.4958
-14.8419	89.2353	-11.1743	-10.953	140.498
-14.8431	89.2369	-11.1744	-10.9539	140.5001
-14.8443	89.2385	-11.1745	-10.9548	140.5023
-14.8455	89.2401	-11.1746	-10.9557	140.5045
-14.8467	89.2416	-11.1747	-10.9566	140.5066
-14.8479	89.2432	-11.1748	-10.9575	140.5088
-14.8491	89.2448	-11.1749	-10.9584	140.5109
-14.8503	89.2463	-11.175	-10.9592	140.5131
-14.8515	89.2479	-11.1751	-10.9601	140.5152
-14.8527	89.2494	-11.1751	-10.961	140.5174
-14.8539	89.251	-11.1752	-10.9619	140.5195
-14.8551	89.2525	-11.1753	-10.9627	140.5216
-14.8562	89.2541	-11.1754	-10.9636	140.5237
-14.8574	89.2556	-11.1755	-10.9645	140.5259
-14.8586	89.2572	-11.1756	-10.9654	140.528
-14.8598	89.2587	-11.1757	-10.9662	140.5301
-14.8609	89.2602	-11.1758	-10.9671	140.5322
-14.8621	89.2617	-11.1759	-10.9679	140.5343
-14.8633	89.2633	-11.176	-10.9688	140.5364
-14.8644	89.2648	-11.176	-10.9697	140.5385
-14.8656	89.2663	-11.1761	-10.9705	140.5406
-14.8667	89.2678	-11.1762	-10.9714	140.5426
-14.8679	89.2693	-11.1763	-10.9722	140.5447
-14.869	89.2708	-11.1764	-10.9731	140.5468
-14.8702	89.2723	-11.1765	-10.9739	140.5489
-14.8713	89.2738	-11.1766	-10.9748	140.5509
-14.8725	89.2753	-11.1767	-10.9756	140.553
-14.8736	89.2768	-11.1768	-10.9764	140.555
-14.8748	89.2783	-11.1768	-10.9773	140.5571
-14.8759	89.2798	-11.1769	-10.9781	140.5591
-14.877	89.2813	-11.177	-10.979	140.5612
-14.8782	89.2827	-11.1771	-10.9798	140.5632
-14.8793	89.2842	-11.1772	-10.9806	140.5652
-14.8804	89.2857	-11.1773	-10.9815	140.5672
-14.8815	89.2872	-11.1774	-10.9823	140.5693
-14.8827	89.2886	-11.1774	-10.9831	140.5713
-14.8838	89.2901	-11.1775	-10.9839	140.5733
-14.8849	89.2915	-11.1776	-10.9848	140.5753
-14.886	89.293	-11.1777	-10.9856	140.5773
-14.8871	89.2944	-11.1778	-10.9864	140.5793
-14.8882	89.2959	-11.1779	-10.9872	140.5813
-14.8893	89.2973	-11.178	-10.988	140.5833
-14.8904	89.2988	-11.178	-10.9888	140.5853
-14.8915	89.3002	-11.1781	-10.9897	140.5872
-14.8926	89.3016	-11.1782	-10.9905	140.5892
-14.8937	89.3031	-11.1783	-10.9913	140.5912
-14.8948	89.3045	-11.1784	-10.9921	140.5931
-14.8959	89.3059	-11.1785	-10.9929	140.5951
-14.897	89.3073	-11.1785	-10.9937	140.597
-14.8981	89.3088	-11.1786	-10.9945	140.599
-14.8992	89.3102	-11.1787	-10.9953	140.6009
-14.9002	89.3116	-11.1788	-10.9961	140.6029
-14.9013	89.313	-11.1789	-10.9969	140.6048
-14.9024	89.3144	-11.179	-10.9977	140.6068
-14.9035	89.3158	-11.179	-10.9985	140.6087
-14.9045	89.3172	-11.1791	-10.9992	140.6106
-14.9056	89.3186	-11.1792	-11	140.6125
-14.9067	89.32	-11.1793	-11.0008	140.6144
-14.9077	89.3214	-11.1794	-11.0016	140.6163
-14.9088	89.3227	-11.1794	-11.0024	140.6182
-14.9098	89.3241	-11.1795	-11.0032	140.6201
-14.9109	89.3255	-11.1796	-11.0039	140.622
-14.9119	89.3269	-11.1797	-11.0047	140.6239
-14.913	89.3282	-11.1798	-11.0055	140.6258
-14.914	89.3296	-11.1799	-11.0063	140.6277
-14.9151	89.331	-11.1799	-11.007	140.6296
-14.9161	89.3323	-11.18	-11.0078	140.6314
-14.9171	89.3337	-11.1801	-11.0086	140.6333
-14.9182	89.335	-11.1802	-11.0093	140.6352
-14.9192	89.3364	-11.1802	-11.0101	140.637
-14.9202	89.3377	-11.1803	-11.0108	140.6389
-14.9213	89.3391	-11.1804	-11.0116	140.6407
-14.9223	89.3404	-11.1805	-11.0124	140.6426
-14.9233	89.3418	-11.1806	-11.0131	140.6444
-14.9243	89.3431	-11.1806	-11.0139	140.6463
-14.9254	89.3444	-11.1807	-11.0146	140.6481
-14.9264	89.3458	-11.1808	-11.0154	140.6499
-14.9274	89.3471	-11.1809	-11.0161	140.6517
-14.9284	89.3484	-11.181	-11.0169	140.6536
-14.9294	89.3497	-11.181	-11.0176	140.6554
-14.9304	89.351	-11.1811	-11.0183	140.6572
-14.9314	89.3523	-11.1812	-11.0191	140.659
-14.9324	89.3537	-11.1813	-11.0198	140.6608
-14.9334	89.355	-11.1813	-11.0206	140.6626
-14.9344	89.3563	-11.1814	-11.0213	140.6644
-14.9354	89.3576	-11.1815	-11.022	140.6661
-14.9364	89.3589	-11.1816	-11.0228	140.6679
-14.9374	89.3601	-11.1816	-11.0235	140.6697
-14.9384	89.3614	-11.1817	-11.0242	140.6715
-14.9394	89.3627	-11.1818	-11.0249	140.6732
-14.9403	89.364	-11.1819	-11.0257	140.675
-14.9413	89.3653	-11.1819	-11.0264	140.6768
-14.9423	89.3665	-11.182	-11.0271	140.6785
-14.9433	89.3678	-11.1821	-11.0278	140.6803
-14.9442	89.3691	-11.1822	-11.0285	140.682
-14.9452	89.3704	-11.1822	-11.0293	140.6838
-14.9462	89.3716	-11.1823	-11.03	140.6855
-14.9471	89.3729	-11.1824	-11.0307	140.6872
-14.9481	89.3741	-11.1825	-11.0314	140.689
-14.949	89.3754	-11.1825	-11.0321	140.6907
-14.95	89.3766	-11.1826	-11.0328	140.6924
-14.951	89.3779	-11.1827	-11.0335	140.6941
-14.9519	89.3791	-11.1828	-11.0342	140.6958
-14.9529	89.3804	-11.1828	-11.0349	140.6975
-14.9538	89.3816	-11.1829	-11.0356	140.6992
-14.9547	89.3828	-11.183	-11.0363	140.7009
-14.9557	89.3841	-11.183	-11.037	140.7026
-14.9566	89.3853	-11.1831	-11.0377	140.7043
-14.9576	89.3865	-11.1832	-11.0384	140.706
-14.9585	89.3877	-11.1833	-11.0391	140.7077
-14.9594	89.3889	-11.1833	-11.0397	140.7093
-14.9603	89.3902	-11.1834	-11.0404	140.711
-14.9613	89.3914	-11.1835	-11.0411	140.7127
-14.9622	89.3926	-11.1835	-11.0418	140.7143
-14.9631	89.3938	-11.1836	-11.0425	140.716
-14.964	89.395	-11.1837	-11.0432	140.7176
-14.965	89.3962	-11.1838	-11.0438	140.7193
-14.9659	89.3974	-11.1838	-11.0445	140.7209
-14.9668	89.3986	-11.1839	-11.0452	140.7226
-14.9677	89.3997	-11.184	-11.0458	140.7242
-14.9686	89.4009	-11.184	-11.0465	140.7258
-14.9695	89.4021	-11.1841	-11.0472	140.7275
-14.9704	89.4033	-11.1842	-11.0478	140.7291
-14.9713	89.4045	-11.1842	-11.0485	140.7307
-14.9722	89.4056	-11.1843	-11.0492	140.7323
-14.9731	89.4068	-11.1844	-11.0498	140.7339
-14.974	89.408	-11.1845	-11.0505	140.7355
-14.9749	89.4091	-11.1845	-11.0511	140.7371
-14.9758	89.4103	-11.1846	-11.0518	140.7387
-14.9766	89.4115	-11.1847	-11.0525	140.7403
-14.9775	89.4126	-11.1847	-11.0531	140.7419
-14.9784	89.4138	-11.1848	-11.0538	140.7435
-14.9793	89.4149	-11.1849	-11.0544	140.7451
-14.9802	89.416	-11.1849	-11.055	140.7466
-14.981	89.4172	-11.185	-11.0557	140.7482
-14.9819	89.4183	-11.1851	-11.0563	140.7498
-14.9828	89.4195	-11.1851	-11.057	140.7513
-14.9836	89.4206	-11.1852	-11.0576	140.7529
-14.9845	89.4217	-11.1853	-11.0583	140.7544
-14.9854	89.4228	-11.1853	-11.0589	140.756
-14.9862	89.424	-11.1854	-11.0595	140.7575
-14.9871	89.4251	-11.1855	-11.0602	140.7591
-14.9879	89.4262	-11.1855	-11.0608	140.7606
-14.9888	89.4273	-11.1856	-11.0614	140.7621
-14.9896	89.4284	-11.1857	-11.062	140.7637
-14.9905	89.4295	-11.1857	-11.0627	140.7652
-14.9913	89.4306	-11.1858	-11.0633	140.7667
-14.9922	89.4317	-11.1858	-11.0639	140.7682
-14.993	89.4328	-11.1859	-11.0645	140.7697
-14.9938	89.4339	-11.186	-11.0651	140.7712
-14.9947	89.435	-11.186	-11.0658	140.7727
-14.9955	89.4361	-11.1861	-11.0664	140.7742
-14.9963	89.4372	-11.1862	-11.067	140.7757
-14.9972	89.4383	-11.1862	-11.0676	140.7772
-14.998	89.4393	-11.1863	-11.0682	140.7787
-14.9988	89.4404	-11.1864	-11.0688	140.7802
-14.9996	89.4415	-11.1864	-11.0694	140.7817
-15.0004	89.4426	-11.1865	-11.07	140.7831
-15.0013	89.4436	-11.1865	-11.0706	140.7846
-15.0021	89.4447	-11.1866	-11.0712	140.7861
-15.0029	89.4457	-11.1867	-11.0718	140.7875
-15.0037	89.4468	-11.1867	-11.0724	140.789
-15.0045	89.4479	-11.1868	-11.073	140.7904
-15.0053	89.4489	-11.1869	-11.0736	140.7919
-15.0061	89.45	-11.1869	-11.0742	140.7933
-15.0069	89.451	-11.187	-11.0748	140.7947
-15.0077	89.452	-11.187	-11.0754	140.7962
-15.0085	89.4531	-11.1871	-11.076	140.7976
-15.0093	89.4541	-11.1872	-11.0765	140.799
-15.0101	89.4551	-11.1872	-11.0771	140.8005
-15.0109	89.4562	-11.1873	-11.0777	140.8019
-15.0116	89.4572	-11.1873	-11.0783	140.8033
-15.0124	89.4582	-11.1874	-11.0789	140.8047
-15.0132	89.4592	-11.1875	-11.0794	140.8061
-15.014	89.4603	-11.1875	-11.08	140.8075
-15.0148	89.4613	-11.1876	-11.0806	140.8089
-15.0155	89.4623	-11.1876	-11.0812	140.8103
-15.0163	89.4633	-11.1877	-11.0817	140.8117
-15.0171	89.4643	-11.1878	-11.0823	140.8131
-15.0178	89.4653	-11.1878	-11.0829	140.8144
-15.0186	89.4663	-11.1879	-11.0834	140.8158
-15.0194	89.4673	-11.1879	-11.084	140.8172
-15.0201	89.4683	-11.188	-11.0845	140.8185
-15.0209	89.4693	-11.1881	-11.0851	140.8199
-15.0216	89.4703	-11.1881	-11.0857	140.8213
-15.0224	89.4713	-11.1882	-11.0862	140.8226
-15.0232	89.4722	-11.1882	-11.0868	140.824
-15.0239	89.4732	-11.1883	-11.0873	140.8253
-15.0246	89.4742	-11.1883	-11.0879	140.8267
-15.0254	89.4752	-11.1884	-11.0884	140.828
-15.0261	89.4761	-11.1885	-11.089	140.8293
-15.0269	89.4771	-11.1885	-11.0895	140.8307
-15.0276	89.4781	-11.1886	-11.0901	140.832
-15.0283	89.479	-11.1886	-11.0906	140.8333
-15.0291	89.48	-11.1887	-11.0911	140.8346
-15.0298	89.4809	-11.1887	-11.0917	140.8359
-15.0305	89.4819	-11.1888	-11.0922	140.8373
-15.0313	89.4828	-11.1888	-11.0928	140.8386
-15.032	89.4838	-11.1889	-11.0933	140.8399
-15.0327	89.4847	-11.189	-11.0938	140.8412
-15.0334	89.4857	-11.189	-11.0943	140.8424
-15.0341	89.4866	-11.1891	-11.0949	140.8437
-15.0349	89.4875	-11.1891	-11.0954	140.845
-15.0356	89.4885	-11.1892	-11.0959	140.8463
-15.0363	89.4894	-11.1892	-11.0965	140.8476
-15.037	89.4903	-11.1893	-11.097	140.8489
-15.0377	89.4912	-11.1893	-11.0975	140.8501
-15.0384	89.4922	-11.1894	-11.098	140.8514
-15.0391	89.4931	-11.1894	-11.0985	140.8526
-15.0398	89.494	-11.1895	-11.0991	140.8539
-15.0405	89.4949	-11.1896	-11.0996	140.8552
-15.0412	89.4958	-11.1896	-11.1001	140.8564
-15.0419	89.4967	-11.1897	-11.1006	140.8577
-15.0426	89.4976	-11.1897	-11.1011	140.8589
-15.0433	89.4985	-11.1898	-11.1016	140.8601
-15.0439	89.4994	-11.1898	-11.1021	140.8614
-15.0446	89.5003	-11.1899	-11.1026	140.8626
-15.0453	89.5012	-11.1899	-11.1031	140.8638
-15.046	89.5021	-11.19	-11.1036	140.865
-15.0467	89.503	-11.19	-11.1041	140.8663
-15.0473	89.5038	-11.1901	-11.1046	140.8675
-15.048	89.5047	-11.1901	-11.1051	140.8687
-15.0487	89.5056	-11.1902	-11.1056	140.8699
-15.0493	89.5065	-11.1902	-11.1061	140.8711
-15.05	89.5073	-11.1903	-11.1066	140.8723
-15.0507	89.5082	-11.1903	-11.1071	140.8735
-15.0513	89.5091	-11.1904	-11.1076	140.8747
-15.052	89.5099	-11.1904	-11.1081	140.8759
-15.0527	89.5108	-11.1905	-11.1085	140.877
-15.0533	89.5117	-11.1905	-11.109	140.8782
-15.054	89.5125	-11.1906	-11.1095	140.8794
-15.0546	89.5134	-11.1906	-11.11	140.8806
-15.0553	89.5142	-11.1907	-11.1105	140.8817
-15.0559	89.515	-11.1907	-11.1109	140.8829
-15.0565	89.5159	-11.1908	-11.1114	140.884
-15.0572	89.5167	-11.1908	-11.1119	140.8852
-15.0578	89.5176	-11.1909	-11.1124	140.8863
-15.0585	89.5184	-11.1909	-11.1128	140.8875
-15.0591	89.5192	-11.191	-11.1133	140.8886
-15.0597	89.5201	-11.191	-11.1138	140.8898
-15.0604	89.5209	-11.1911	-11.1142	140.8909
-15.061	89.5217	-11.1911	-11.1147	140.892
-15.0616	89.5225	-11.1912	-11.1152	140.8932
-15.0622	89.5233	-11.1912	-11.1156	140.8943
-15.0629	89.5242	-11.1913	-11.1161	140.8954
-15.0635	89.525	-11.1913	-11.1165	140.8965
-15.0641	89.5258	-11.1914	-11.117	140.8976
-15.0647	89.5266	-11.1914	-11.1174	140.8988
-15.0653	89.5274	-11.1915	-11.1179	140.8999
-15.066	89.5282	-11.1915	-11.1184	140.901
-15.0666	89.529	-11.1916	-11.1188	140.9021
-15.0672	89.5298	-11.1916	-11.1192	140.9031
-15.0678	89.5306	-11.1916	-11.1197	140.9042
-15.0684	89.5314	-11.1917	-11.1201	140.9053
-15.069	89.5321	-11.1917	-11.1206	140.9064
-15.0696	89.5329	-11.1918	-11.121	140.9075
-15.0702	89.5337	-11.1918	-11.1215	140.9086
-15.0708	89.5345	-11.1919	-11.1219	140.9096
-15.0714	89.5353	-11.1919	-11.1223	140.9107
-15.072	89.536	-11.192	-11.1228	140.9118
-15.0725	89.5368	-11.192	-11.1232	140.9128
-15.0731	89.5376	-11.1921	-11.1236	140.9139
-15.0737	89.5383	-11.1921	-11.1241	140.9149
-15.0743	89.5391	-11.1921	-11.1245	140.916
-15.0749	89.5398	-11.1922	-11.1249	140.917
-15.0755	89.5406	-11.1922	-11.1254	140.9181
-15.076	89.5414	-11.1923	-11.1258	140.9191
-15.0766	89.5421	-11.1923	-11.1262	140.9201
-15.0772	89.5429	-11.1924	-11.1266	140.9211
-15.0777	89.5436	-11.1924	-11.1271	140.9222
-15.0783	89.5443	-11.1925	-11.1275	140.9232
-15.0789	89.5451	-11.1925	-11.1279	140.9242
-15.0794	89.5458	-11.1925	-11.1283	140.9252
-15.08	89.5466	-11.1926	-11.1287	140.9262
-15.0806	89.5473	-11.1926	-11.1291	140.9272
-15.0811	89.548	-11.1927	-11.1295	140.9282
-15.0817	89.5487	-11.1927	-11.13	140.9292
-15.0822	89.5495	-11.1928	-11.1304	140.9302
-15.0828	89.5502	-11.1928	-11.1308	140.9312
-15.0833	89.5509	-11.1928	-11.1312	140.9322
-15.0839	89.5516	-11.1929	-11.1316	140.9332
-15.0844	89.5523	-11.1929	-11.132	140.9342
-15.085	89.553	-11.193	-11.1324	140.9352
-15.0855	89.5537	-11.193	-11.1328	140.9361
-15.0861	89.5545	-11.1931	-11.1332	140.9371
-15.0866	89.5552	-11.1931	-11.1336	140.9381
-15.0871	89.5559	-11.1931	-11.134	140.939
-15.0877	89.5565	-11.1932	-11.1344	140.94
-15.0882	89.5572	-11.1932	-11.1348	140.941
-15.0887	89.5579	-11.1933	-11.1351	140.9419
-15.0892	89.5586	-11.1933	-11.1355	140.9429
-15.0898	89.5593	-11.1933	-11.1359	140.9438
-15.0903	89.56	-11.1934	-11.1363	140.9447
-15.0908	89.5607	-11.1934	-11.1367	140.9457
-15.0913	89.5614	-11.1935	-11.1371	140.9466
-15.0919	89.562	-11.1935	-11.1375	140.9475
-15.0924	89.5627	-11.1935	-11.1378	140.9485
-15.0929	89.5634	-11.1936	-11.1382	140.9494
-15.0934	89.564	-11.1936	-11.1386	140.9503
-15.0939	89.5647	-11.1937	-11.139	140.9512
-15.0944	89.5654	-11.1937	-11.1393	140.9521
-15.0949	89.566	-11.1937	-11.1397	140.953
-15.0954	89.5667	-11.1938	-11.1401	140.954
-15.0959	89.5673	-11.1938	-11.1405	140.9549
-15.0964	89.568	-11.1938	-11.1408	140.9558
-15.0969	89.5686	-11.1939	-11.1412	140.9566
-15.0974	89.5693	-11.1939	-11.1416	140.9575
-15.0979	89.5699	-11.194	-11.1419	140.9584
-15.0984	89.5706	-11.194	-11.1423	140.9593
-15.0989	89.5712	-11.194	-11.1427	140.9602
-15.0994	89.5719	-11.1941	-11.143	140.9611
-15.0999	89.5725	-11.1941	-11.1434	140.9619
-15.1003	89.5731	-11.1941	-11.1437	140.9628
-15.1008	89.5738	-11.1942	-11.1441	140.9637
-15.1013	89.5744	-11.1942	-11.1444	140.9645
-15.1018	89.575	-11.1943	-11.1448	140.9654
-15.1023	89.5756	-11.1943	-11.1451	140.9663
-15.1027	89.5763	-11.1943	-11.1455	140.9671
-15.1032	89.5769	-11.1944	-11.1458	140.968
-15.1037	89.5775	-11.1944	-11.1462	140.9688
-15.1041	89.5781	-11.1944	-11.1465	140.9697
-15.1046	89.5787	-11.1945	-11.1469	140.9705
-15.1051	89.5793	-11.1945	-11.1472	140.9713
-15.1055	89.5799	-11.1945	-11.1476	140.9722
-15.106	89.5805	-11.1946	-11.1479	140.973
-15.1065	89.5811	-11.1946	-11.1482	140.9738
-15.1069	89.5817	-11.1947	-11.1486	140.9746
-15.1074	89.5823	-11.1947	-11.1489	140.9755
-15.1078	89.5829	-11.1947	-11.1492	140.9763
-15.1083	89.5835	-11.1948	-11.1496	140.9771
-15.1087	89.5841	-11.1948	-11.1499	140.9779
-15.1092	89.5847	-11.1948	-11.1502	140.9787
-15.1096	89.5853	-11.1949	-11.1506	140.9795
-15.1101	89.5858	-11.1949	-11.1509	140.9803
-15.1105	89.5864	-11.1949	-11.1512	140.9811
-15.1109	89.587	-11.195	-11.1515	140.9819
-15.1114	89.5876	-11.195	-11.1519	140.9827
-15.1118	89.5881	-11.195	-11.1522	140.9835
-15.1123	89.5887	-11.1951	-11.1525	140.9842
-15.1127	89.5893	-11.1951	-11.1528	140.985
-15.1131	89.5898	-11.1951	-11.1531	140.9858
-15.1135	89.5904	-11.1952	-11.1535	140.9866
-15.114	89.5909	-11.1952	-11.1538	140.9873
-15.1144	89.5915	-11.1952	-11.1541	140.9881
-15.1148	89.592	-11.1953	-11.1544	140.9889
-15.1152	89.5926	-11.1953	-11.1547	140.9896
-15.1157	89.5931	-11.1953	-11.155	140.9904
-15.1161	89.5937	-11.1954	-11.1553	140.9911
-15.1165	89.5942	-11.1954	-11.1556	140.9919
-15.1169	89.5948	-11.1954	-11.1559	140.9926
-15.1173	89.5953	-11.1955	-11.1563	140.9934
-15.1177	89.5959	-11.1955	-11.1566	140.9941
-15.1181	89.5964	-11.1955	-11.1569	140.9948
-15.1185	89.5969	-11.1955	-11.1572	140.9956
-15.119	89.5975	-11.1956	-11.1575	140.9963
-15.1194	89.598	-11.1956	-11.1578	140.997
-15.1198	89.5985	-11.1956	-11.158	140.9977
-15.1202	89.599	-11.1957	-11.1583	140.9985
-15.1206	89.5995	-11.1957	-11.1586	140.9992
-15.1209	89.6001	-11.1957	-11.1589	140.9999
-15.1213	89.6006	-11.1958	-11.1592	141.0006
-15.1217	89.6011	-11.1958	-11.1595	141.0013
-15.1221	89.6016	-11.1958	-11.1598	141.002
-15.1225	89.6021	-11.1958	-11.1601	141.0027
-15.1229	89.6026	-11.1959	-11.1604	141.0034
-15.1233	89.6031	-11.1959	-11.1607	141.0041
-15.1237	89.6036	-11.1959	-11.1609	141.0048
-15.1241	89.6041	-11.196	-11.1612	141.0055
-15.1244	89.6046	-11.196	-11.1615	141.0061
-15.1248	89.6051	-11.196	-11.1618	141.0068
-15.1252	89.6056	-11.1961	-11.1621	141.0075
-15.1256	89.6061	-11.1961	-11.1623	141.0082
-15.1259	89.6066	-11.1961	-11.1626	141.0088
-15.1263	89.6071	-11.1961	-11.1629	141.0095
-15.1267	89.6075	-11.1962	-11.1632	141.0102
-15.127	89.608	-11.1962	-11.1634	141.0108
-15.1274	89.6085	-11.1962	-11.1637	141.0115
-15.1278	89.609	-11.1963	-11.164	141.0122
-15.1281	89.6095	-11.1963	-11.1642	141.0128
-15.1285	89.6099	-11.1963	-11.1645	141.0135
-15.1289	89.6104	-11.1963	-11.1648	141.0141
-15.1292	89.6109	-11.1964	-11.165	141.0147
-15.1296	89.6113	-11.1964	-11.1653	141.0154
-15.1299	89.6118	-11.1964	-11.1656	141.016
-15.1303	89.6123	-11.1964	-11.1658	141.0167
-15.1306	89.6127	-11.1965	-11.1661	141.0173
-15.131	89.6132	-11.1965	-11.1663	141.0179
-15.1313	89.6136	-11.1965	-11.1666	141.0185
-15.1317	89.6141	-11.1966	-11.1668	141.0192
-15.132	89.6145	-11.1966	-11.1671	141.0198
-15.1324	89.615	-11.1966	-11.1673	141.0204
-15.1327	89.6154	-11.1966	-11.1676	141.021
-15.133	89.6159	-11.1967	-11.1678	141.0216
-15.1334	89.6163	-11.1967	-11.1681	141.0222
-15.1337	89.6167	-11.1967	-11.1683	141.0228
-15.134	89.6172	-11.1967	-11.1686	141.0234
-15.1344	89.6176	-11.1968	-11.1688	141.024
-15.1347	89.618	-11.1968	-11.1691	141.0246
-15.135	89.6185	-11.1968	-11.1693	141.0252
-15.1354	89.6189	-11.1968	-11.1696	141.0258
-15.1357	89.6193	-11.1969	-11.1698	141.0264
-15.136	89.6197	-11.1969	-11.17	141.027
-15.1363	89.6202	-11.1969	-11.1703	141.0275
-15.1367	89.6206	-11.1969	-11.1705	141.0281
-15.137	89.621	-11.197	-11.1708	141.0287
-15.1373	89.6214	-11.197	-11.171	141.0293
-15.1376	89.6218	-11.197	-11.1712	141.0298
-15.1379	89.6222	-11.197	-11.1714	141.0304
-15.1382	89.6226	-11.1971	-11.1717	141.031
-15.1385	89.6231	-11.1971	-11.1719	141.0315
-15.1388	89.6235	-11.1971	-11.1721	141.0321
-15.1392	89.6239	-11.1971	-11.1724	141.0326
-15.1395	89.6243	-11.1971	-11.1726	141.0332
-15.1398	89.6247	-11.1972	-11.1728	141.0337
-15.1401	89.6251	-11.1972	-11.173	141.0343
-15.1404	89.6254	-11.1972	-11.1733	141.0348
-15.1407	89.6258	-11.1972	-11.1735	141.0354
-15.141	89.6262	-11.1973	-11.1737	141.0359
-15.1413	89.6266	-11.1973	-11.1739	141.0364
-15.1416	89.627	-11.1973	-11.1741	141.0369
-15.1419	89.6274	-11.1973	-11.1744	141.0375
-15.1421	89.6278	-11.1974	-11.1746	141.038
-15.1424	89.6281	-11.1974	-11.1748	141.0385
-15.1427	89.6285	-11.1974	-11.175	141.039
-15.143	89.6289	-11.1974	-11.1752	141.0396
-15.1433	89.6293	-11.1974	-11.1754	141.0401
-15.1436	89.6296	-11.1975	-11.1756	141.0406
-15.1439	89.63	-11.1975	-11.1758	141.0411
-15.1441	89.6304	-11.1975	-11.176	141.0416
-15.1444	89.6307	-11.1975	-11.1762	141.0421
-15.1447	89.6311	-11.1976	-11.1765	141.0426
-15.145	89.6315	-11.1976	-11.1767	141.0431
-15.1452	89.6318	-11.1976	-11.1769	141.0436
-15.1455	89.6322	-11.1976	-11.1771	141.0441
-15.1458	89.6325	-11.1976	-11.1773	141.0446
-15.1461	89.6329	-11.1977	-11.1775	141.045
-15.1463	89.6332	-11.1977	-11.1777	141.0455
-15.1466	89.6336	-11.1977	-11.1779	141.046
-15.1469	89.6339	-11.1977	-11.178	141.0465
-15.1471	89.6343	-11.1977	-11.1782	141.047
-15.1474	89.6346	-11.1978	-11.1784	141.0474
-15.1476	89.635	-11.1978	-11.1786	141.0479
-15.1479	89.6353	-11.1978	-11.1788	141.0484
-15.1482	89.6356	-11.1978	-11.179	141.0488
-15.1484	89.636	-11.1978	-11.1792	141.0493
-15.1487	89.6363	-11.1979	-11.1794	141.0497
-15.1489	89.6366	-11.1979	-11.1796	141.0502
-15.1492	89.637	-11.1979	-11.1798	141.0507
-15.1494	89.6373	-11.1979	-11.1799	141.0511
-15.1497	89.6376	-11.1979	-11.1801	141.0516
-15.1499	89.6379	-11.198	-11.1803	141.052
-15.1502	89.6383	-11.198	-11.1805	141.0524
-15.1504	89.6386	-11.198	-11.1807	141.0529
-15.1507	89.6389	-11.198	-11.1808	141.0533
-15.1509	89.6392	-11.198	-11.181	141.0538
-15.1511	89.6395	-11.198	-11.1812	141.0542
-15.1514	89.6398	-11.1981	-11.1814	141.0546
-15.1516	89.6401	-11.1981	-11.1816	141.055
-15.1519	89.6405	-11.1981	-11.1817	141.0555
-15.1521	89.6408	-11.1981	-11.1819	141.0559
-15.1523	89.6411	-11.1981	-11.1821	141.0563
-15.1525	89.6414	-11.1982	-11.1822	141.0567
-15.1528	89.6417	-11.1982	-11.1824	141.0571
-15.153	89.642	-11.1982	-11.1826	141.0575
-15.1532	89.6423	-11.1982	-11.1828	141.0579
-15.1535	89.6426	-11.1982	-11.1829	141.0584
-15.1537	89.6428	-11.1982	-11.1831	141.0588
-15.1539	89.6431	-11.1983	-11.1832	141.0592
-15.1541	89.6434	-11.1983	-11.1834	141.0596
-15.1543	89.6437	-11.1983	-11.1836	141.06
-15.1546	89.644	-11.1983	-11.1837	141.0603
-15.1548	89.6443	-11.1983	-11.1839	141.0607
-15.155	89.6446	-11.1983	-11.1841	141.0611
-15.1552	89.6448	-11.1984	-11.1842	141.0615
-15.1554	89.6451	-11.1984	-11.1844	141.0619
-15.1556	89.6454	-11.1984	-11.1845	141.0623
-15.1558	89.6457	-11.1984	-11.1847	141.0627
-15.1561	89.646	-11.1984	-11.1848	141.063
-15.1563	89.6462	-11.1984	-11.185	141.0634
-15.1565	89.6465	-11.1985	-11.1851	141.0638
-15.1567	89.6468	-11.1985	-11.1853	141.0641
-15.1569	89.647	-11.1985	-11.1854	141.0645
-15.1571	89.6473	-11.1985	-11.1856	141.0649
-15.1573	89.6476	-11.1985	-11.1857	141.0652
-15.1575	89.6478	-11.1985	-11.1859	141.0656
-15.1577	89.6481	-11.1985	-11.186	141.0659
-15.1579	89.6483	-11.1986	-11.1862	141.0663
-15.1581	89.6486	-11.1986	-11.1863	141.0667
-15.1583	89.6488	-11.1986	-11.1865	141.067
-15.1585	89.6491	-11.1986	-11.1866	141.0673
-15.1587	89.6493	-11.1986	-11.1867	141.0677
-15.1588	89.6496	-11.1986	-11.1869	141.068
-15.159	89.6498	-11.1987	-11.187	141.0684
-15.1592	89.6501	-11.1987	-11.1872	141.0687
-15.1594	89.6503	-11.1987	-11.1873	141.069
-15.1596	89.6506	-11.1987	-11.1874	141.0694
-15.1598	89.6508	-11.1987	-11.1876	141.0697
-15.16	89.651	-11.1987	-11.1877	141.07
-15.1601	89.6513	-11.1987	-11.1878	141.0704
-15.1603	89.6515	-11.1987	-11.188	141.0707
-15.1605	89.6517	-11.1988	-11.1881	141.071
-15.1607	89.652	-11.1988	-11.1882	141.0713
-15.1608	89.6522	-11.1988	-11.1884	141.0716
-15.161	89.6524	-11.1988	-11.1885	141.072
-15.1612	89.6527	-11.1988	-11.1886	141.0723
-15.1614	89.6529	-11.1988	-11.1888	141.0726
-15.1615	89.6531	-11.1988	-11.1889	141.0729
-15.1617	89.6533	-11.1989	-11.189	141.0732
-15.1619	89.6536	-11.1989	-11.1891	141.0735
-15.162	89.6538	-11.1989	-11.1893	141.0738
-15.1622	89.654	-11.1989	-11.1894	141.0741
-15.1624	89.6542	-11.1989	-11.1895	141.0744
-15.1625	89.6544	-11.1989	-11.1896	141.0747
-15.1627	89.6546	-11.1989	-11.1897	141.075
-15.1629	89.6548	-11.1989	-11.1899	141.0753
-15.163	89.6551	-11.199	-11.19	141.0756
-15.1632	89.6553	-11.199	-11.1901	141.0758
-15.1633	89.6555	-11.199	-11.1902	141.0761
-15.1635	89.6557	-11.199	-11.1903	141.0764
-15.1636	89.6559	-11.199	-11.1904	141.0767
-15.1638	89.6561	-11.199	-11.1905	141.077
-15.164	89.6563	-11.199	-11.1907	141.0772
-15.1641	89.6565	-11.199	-11.1908	141.0775
-15.1643	89.6567	-11.1991	-11.1909	141.0778
-15.1644	89.6569	-11.1991	-11.191	141.078
-15.1646	89.6571	-11.1991	-11.1911	141.0783
-15.1647	89.6572	-11.1991	-11.1912	141.0786
-15.1648	89.6574	-11.1991	-11.1913	141.0788
-15.165	89.6576	-11.1991	-11.1914	141.0791
-15.1651	89.6578	-11.1991	-11.1915	141.0794
-15.1653	89.658	-11.1991	-11.1916	141.0796
-15.1654	89.6582	-11.1991	-11.1917	141.0799
-15.1656	89.6584	-11.1992	-11.1918	141.0801
-15.1657	89.6585	-11.1992	-11.1919	141.0804
-15.1658	89.6587	-11.1992	-11.192	141.0806
-15.166	89.6589	-11.1992	-11.1921	141.0809
-15.1661	89.6591	-11.1992	-11.1922	141.0811
-15.1662	89.6593	-11.1992	-11.1923	141.0813
-15.1664	89.6594	-11.1992	-11.1924	141.0816
-15.1665	89.6596	-11.1992	-11.1925	141.0818
-15.1666	89.6598	-11.1992	-11.1926	141.0821
-15.1668	89.6599	-11.1992	-11.1927	141.0823
-15.1669	89.6601	-11.1993	-11.1928	141.0825
-15.167	89.6603	-11.1993	-11.1929	141.0827
-15.1671	89.6604	-11.1993	-11.193	141.083
-15.1673	89.6606	-11.1993	-11.1931	141.0832
-15.1674	89.6608	-11.1993	-11.1932	141.0834
-15.1675	89.6609	-11.1993	-11.1933	141.0836
-15.1676	89.6611	-11.1993	-11.1934	141.0839
-15.1678	89.6612	-11.1993	-11.1935	141.0841
-15.1679	89.6614	-11.1993	-11.1936	141.0843
-15.168	89.6616	-11.1993	-11.1936	141.0845
-15.1681	89.6617	-11.1993	-11.1937	141.0847
-15.1682	89.6619	-11.1994	-11.1938	141.0849
-15.1684	89.662	-11.1994	-11.1939	141.0851
-15.1685	89.6622	-11.1994	-11.194	141.0853
-15.1686	89.6623	-11.1994	-11.1941	141.0856
-15.1687	89.6625	-11.1994	-11.1942	141.0858
-15.1688	89.6626	-11.1994	-11.1942	141.086
-15.1689	89.6628	-11.1994	-11.1943	141.0862
-15.169	89.6629	-11.1994	-11.1944	141.0863
-15.1691	89.663	-11.1994	-11.1945	141.0865
-15.1692	89.6632	-11.1994	-11.1946	141.0867
-15.1693	89.6633	-11.1994	-11.1946	141.0869
-15.1695	89.6635	-11.1995	-11.1947	141.0871
-15.1696	89.6636	-11.1995	-11.1948	141.0873
-15.1697	89.6637	-11.1995	-11.1949	141.0875
-15.1698	89.6639	-11.1995	-11.1949	141.0877
-15.1699	89.664	-11.1995	-11.195	141.0879
-15.17	89.6641	-11.1995	-11.1951	141.088
-15.1701	89.6643	-11.1995	-11.1952	141.0882
-15.1702	89.6644	-11.1995	-11.1952	141.0884
-15.1703	89.6645	-11.1995	-11.1953	141.0886
-15.1704	89.6646	-11.1995	-11.1954	141.0887
-15.1704	89.6648	-11.1995	-11.1955	141.0889
-15.1705	89.6649	-11.1995	-11.1955	141.0891
-15.1706	89.665	-11.1995	-11.1956	141.0893
-15.1707	89.6651	-11.1995	-11.1957	141.0894
-15.1708	89.6652	-11.1996	-11.1957	141.0896
-15.1709	89.6654	-11.1996	-11.1958	141.0897
-15.171	89.6655	-11.1996	-11.1959	141.0899
-15.1711	89.6656	-11.1996	-11.1959	141.0901
-15.1712	89.6657	-11.1996	-11.196	141.0902
-15.1713	89.6658	-11.1996	-11.1961	141.0904
-15.1714	89.6659	-11.1996	-11.1961	141.0905
-15.1714	89.6661	-11.1996	-11.1962	141.0907
-15.1715	89.6662	-11.1996	-11.1962	141.0908
-15.1716	89.6663	-11.1996	-11.1963	141.091
-15.1717	89.6664	-11.1996	-11.1964	141.0911
-15.1718	89.6665	-11.1996	-11.1964	141.0913
-15.1719	89.6666	-11.1996	-11.1965	141.0914
-15.1719	89.6667	-11.1996	-11.1965	141.0916
-15.172	89.6668	-11.1996	-11.1966	141.0917
-15.1721	89.6669	-11.1997	-11.1967	141.0919
-15.1722	89.667	-11.1997	-11.1967	141.092
-15.1722	89.6671	-11.1997	-11.1968	141.0921
-15.1723	89.6672	-11.1997	-11.1968	141.0923
-15.1724	89.6673	-11.1997	-11.1969	141.0924
-15.1725	89.6674	-11.1997	-11.1969	141.0925
-15.1725	89.6675	-11.1997	-11.197	141.0927
-15.1726	89.6676	-11.1997	-11.197	141.0928
-15.1727	89.6677	-11.1997	-11.1971	141.0929
-15.1728	89.6678	-11.1997	-11.1972	141.0931
-15.1728	89.6679	-11.1997	-11.1972	141.0932
-15.1729	89.668	-11.1997	-11.1973	141.0933
-15.173	89.668	-11.1997	-11.1973	141.0934
-15.173	89.6681	-11.1997	-11.1974	141.0935
-15.1731	89.6682	-11.1997	-11.1974	141.0937
-15.1732	89.6683	-11.1997	-11.1975	141.0938
-15.1732	89.6684	-11.1997	-11.1975	141.0939
-15.1733	89.6685	-11.1997	-11.1975	141.094
-15.1733	89.6685	-11.1997	-11.1976	141.0941
-15.1734	89.6686	-11.1998	-11.1976	141.0942
-15.1735	89.6687	-11.1998	-11.1977	141.0944
-15.1735	89.6688	-11.1998	-11.1977	141.0945
-15.1736	89.6689	-11.1998	-11.1978	141.0946
-15.1737	89.6689	-11.1998	-11.1978	141.0947
-15.1737	89.669	-11.1998	-11.1979	141.0948
-15.1738	89.6691	-11.1998	-11.1979	141.0949
-15.1738	89.6692	-11.1998	-11.1979	141.095
-15.1739	89.6692	-11.1998	-11.198	141.0951
-15.1739	89.6693	-11.1998	-11.198	141.0952
-15.174	89.6694	-11.1998	-11.1981	141.0953
-15.174	89.6695	-11.1998	-11.1981	141.0954
-15.1741	89.6695	-11.1998	-11.1981	141.0955
-15.1742	89.6696	-11.1998	-11.1982	141.0956
-15.1742	89.6697	-11.1998	-11.1982	141.0957
-15.1743	89.6697	-11.1998	-11.1983	141.0958
-15.1743	89.6698	-11.1998	-11.1983	141.0958
-15.1744	89.6699	-11.1998	-11.1983	141.0959
-15.1744	89.6699	-11.1998	-11.1984	141.096
-15.1745	89.67	-11.1998	-11.1984	141.0961
-15.1745	89.6701	-11.1998	-11.1984	141.0962
-15.1745	89.6701	-11.1998	-11.1985	141.0963
-15.1746	89.6702	-11.1998	-11.1985	141.0964
-15.1746	89.6702	-11.1998	-11.1985	141.0964
-15.1747	89.6703	-11.1999	-11.1986	141.0965
-15.1747	89.6703	-11.1999	-11.1986	141.0966
-15.1748	89.6704	-11.1999	-11.1986	141.0967
-15.1748	89.6705	-11.1999	-11.1987	141.0968
-15.1749	89.6705	-11.1999	-11.1987	141.0968
-15.1749	89.6706	-11.1999	-11.1987	141.0969
-15.1749	89.6706	-11.1999	-11.1988	141.097
-15.175	89.6707	-11.1999	-11.1988	141.0971
-15.175	89.6707	-11.1999	-11.1988	141.0971
-15.1751	89.6708	-11.1999	-11.1988	141.0972
-15.1751	89.6708	-11.1999	-11.1989	141.0973
-15.1751	89.6709	-11.1999	-11.1989	141.0973
-15.1752	89.6709	-11.1999	-11.1989	141.0974
-15.1752	89.671	-11.1999	-11.199	141.0975
-15.1752	89.671	-11.1999	-11.199	141.0975
-15.1753	89.6711	-11.1999	-11.199	141.0976
-15.1753	89.6711	-11.1999	-11.199	141.0977
-15.1753	89.6712	-11.1999	-11.1991	141.0977
-15.1754	89.6712	-11.1999	-11.1991	141.0978
-15.1754	89.6712	-11.1999	-11.1991	141.0978
-15.1754	89.6713	-11.1999	-11.1991	141.0979
-15.1755	89.6713	-11.1999	-11.1992	141.0979
-15.1755	89.6714	-11.1999	-11.1992	141.098
-15.1755	89.6714	-11.1999	-11.1992	141.0981
-15.1756	89.6714	-11.1999	-11.1992	141.0981
-15.1756	89.6715	-11.1999	-11.1992	141.0982
-15.1756	89.6715	-11.1999	-11.1993	141.0982
-15.1757	89.6716	-11.1999	-11.1993	141.0983
-15.1757	89.6716	-11.1999	-11.1993	141.0983
-15.1757	89.6716	-11.1999	-11.1993	141.0984
-15.1757	89.6717	-11.1999	-11.1994	141.0984
-15.1758	89.6717	-11.1999	-11.1994	141.0985
-15.1758	89.6717	-11.1999	-11.1994	141.0985
-15.1758	89.6718	-11.1999	-11.1994	141.0986
-15.1758	89.6718	-11.1999	-11.1994	141.0986
-15.1759	89.6718	-11.1999	-11.1994	141.0986
-15.1759	89.6719	-11.1999	-11.1995	141.0987
-15.1759	89.6719	-11.1999	-11.1995	141.0987
-15.1759	89.6719	-11.1999	-11.1995	141.0988
-15.1759	89.6719	-11.1999	-11.1995	141.0988
-15.176	89.672	-11.2	-11.1995	141.0988
-15.176	89.672	-11.2	-11.1995	141.0989
-15.176	89.672	-11.2	-11.1996	141.0989
-15.176	89.6721	-11.2	-11.1996	141.099
-15.1761	89.6721	-11.2	-11.1996	141.099
-15.1761	89.6721	-11.2	-11.1996	141.099
-15.1761	89.6721	-11.2	-11.1996	141.0991
-15.1761	89.6722	-11.2	-11.1996	141.0991
-15.1761	89.6722	-11.2	-11.1996	141.0991
-15.1761	89.6722	-11.2	-11.1997	141.0992
-15.1762	89.6722	-11.2	-11.1997	141.0992
-15.1762	89.6722	-11.2	-11.1997	141.0992
-15.1762	89.6723	-11.2	-11.1997	141.0993
-15.1762	89.6723	-11.2	-11.1997	141.0993
-15.1762	89.6723	-11.2	-11.1997	141.0993
-15.1762	89.6723	-11.2	-11.1997	141.0993
-15.1763	89.6724	-11.2	-11.1997	141.0994
-15.1763	89.6724	-11.2	-11.1997	141.0994
-15.1763	89.6724	-11.2	-11.1998	141.0994
-15.1763	89.6724	-11.2	-11.1998	141.0994
-15.1763	89.6724	-11.2	-11.1998	141.0995
-15.1763	89.6724	-11.2	-11.1998	141.0995
-15.1763	89.6725	-11.2	-11.1998	141.0995
-15.1763	89.6725	-11.2	-11.1998	141.0995
-15.1764	89.6725	-11.2	-11.1998	141.0995
-15.1764	89.6725	-11.2	-11.1998	141.0996
-15.1764	89.6725	-11.2	-11.1998	141.0996
-15.1764	89.6725	-11.2	-11.1998	141.0996
-15.1764	89.6725	-11.2	-11.1998	141.0996
-15.1764	89.6726	-11.2	-11.1999	141.0996
-15.1764	89.6726	-11.2	-11.1999	141.0997
-15.1764	89.6726	-11.2	-11.1999	141.0997
-15.1764	89.6726	-11.2	-11.1999	141.0997
-15.1765	89.6726	-11.2	-11.1999	141.0997
-15.1765	89.6726	-11.2	-11.1999	141.0997
-15.1765	89.6726	-11.2	-11.1999	141.0997
-15.1765	89.6726	-11.2	-11.1999	141.0998
-15.1765	89.6726	-11.2	-11.1999	141.0998
-15.1765	89.6727	-11.2	-11.1999	141.0998
-15.1765	89.6727	-11.2	-11.1999	141.0998
-15.1765	89.6727	-11.2	-11.1999	141.0998
-15.1765	89.6727	-11.2	-11.1999	141.0998
-15.1765	89.6727	-11.2	-11.1999	141.0998
-15.1765	89.6727	-11.2	-11.1999	141.0998
-15.1765	89.6727	-11.2	-11.1999	141.0998
-15.1765	89.6727	-11.2	-11.1999	141.0999
-15.1765	89.6727	-11.2	-11.1999	141.0999
-15.1765	89.6727	-11.2	-11.1999	141.0999
-15.1765	89.6727	-11.2	-11.2	141.0999
-15.1766	89.6727	-11.2	-11.2	141.0999
-15.1766	89.6727	-11.2	-11.2	141.0999
-15.1766	89.6727	-11.2	-11.2	141.0999
-15.1766	89.6728	-11.2	-11.2	141.0999
-15.1766	89.6728	-11.2	-11.2	141.0999
-15.1766	89.6728	-11.2	-11.2	141.0999
-15.1766	89.6728	-11.2	-11.2	141.0999
-15.1766	89.6728	-11.2	-11.2	141.0999
-15.1766	89.6728	-11.2	-11.2	141.0999
-15.1766	89.6728	-11.2	-11.2	141.1
-15.1766	89.6728	-11.2	-11.2	141.1
-15.1766	89.6728	-11.2	-11.2	141.1
-15.1766	89.6728	-11.2	-11.2	141.1
-15.1766	89.6728	-11.2	-11.2	141.1
-15.1766	89.6728	-11.2	-11.2	141.1
-15.1766	89.6728	-11.2	-11.2	141.1
-15.1766	89.6728	-11.2	-11.2	141.1
-15.1766	89.6728	-11.2	-11.2	141.1
-15.1766	89.6728	-11.2	-11.2	141.1
-15.1766	89.6728	-11.2	-11.2	141.1
-15.1766	89.6728	-11.2	-11.2	141.1
-15.1766	89.6728	-11.2	-11.2	141.1
-15.1766	89.6728	-11.2	-11.2	141.1
-15.1766	89.6728	-11.2	-11.2	141.1
-15.1766	89.6728	-11.2	-11.2	141.1
-15.1766	89.6728	-11.2	-11.2	141.1
-15.1766	89.6728	-11.2	-11.2	141.1
-15.1766	89.6728	-11.2	-11.2	141.1
-15.1766	89.6728	-11.2	-11.2	141.1
-15.1766	89.6728	-11.2	-11.2	141.1
-15.1766	89.6728	-11.2	-11.2	141.1
-15.1766	89.6728	-11.2	-11.2	141.1
-15.1766	89.6728	-11.2	-11.2	141.1
-15.1766	89.6728	-11.2	-11.2	141.1
-15.1766	89.6728	-11.2	-11.2	141.1
-15.1766	89.6728	-11.2	-11.2	141.1
-15.1766	89.6728	-11.2	-11.2	141.1
-15.1766	89.6728	-11.2	-11.2	141.1
-15.1766	89.6728	-11.2	-11.2	141.1
-15.1766	89.6728	-11.2	-11.2	141.1
-15.1766	89.6728	-11.2	-11.2	141.1