-0.0031	69.8409	-10.0357	-0.0045	113.8079
-0.0031	69.8409	-10.0357	-0.0045	113.8079
-0.0031	69.8409	-10.0357	-0.0045	113.8079
-0.0031	69.8409	-10.0357	-0.0045	113.8079
-0.0031	69.8409	-10.0357	-0.0045	113.8079
-0.0031	69.8409	-10.0357	-0.0045	113.8079
-0.0031	69.8409	-10.0357	-0.0045	113.8079
-0.0031	69.8409	-10.0357	-0.0045	113.8079
-0.0031	69.8409	-10.0357	-0.0045	113.8079
-0.0031	69.8409	-10.0357	-0.0045	113.8079
-0.0031	69.8409	-10.0357	-0.0045	113.8079
-0.0031	69.8409	-10.0357	-0.0045	113.8079
-0.0031	69.8409	-10.0357	-0.0045	113.8079
-0.0031	69.8409	-10.0357	-0.0045	113.8079
-0.0031	69.8409	-10.0357	-0.0045	113.8079
-0.0031	69.8409	-10.0357	-0.0045	113.8079
-0.0031	69.8409	-10.0357	-0.0045	113.8079
-0.0031	69.8409	-10.0357	-0.0045	113.8079
-0.0031	69.8409	-10.0357	-0.0045	113.8079
-0.0031	69.8409	-10.0357	-0.0045	113.8079
-0.0031	69.8409	-10.0357	-0.0045	113.8079
-0.0031	69.8409	-10.0357	-0.0045	113.8079
-0.0031	69.8409	-10.0357	-0.0045	113.8079
-0.0031	69.8409	-10.0357	-0.0045	113.8079
-0.0031	69.8409	-10.0357	-0.0045	113.8079
-0.0031	69.8409	-10.0357	-0.0045	113.8079
-0.0031	69.8409	-10.0357	-0.0045	113.8079
-0.0031	69.8409	-10.0357	-0.0045	113.8079
-0.0031	69.8409	-10.0357	-0.0045	113.8079
-0.0031	69.8409	-10.0357	-0.0045	113.8079
-0.0031	69.8409	-10.0357	-0.0045	113.8079
-0.0031	69.8409	-10.0357	-0.0045	113.8079
-0.0031	69.8409	-10.0357	-0.0045	113.8079
-0.0031	69.8409	-10.0357	-0.0045	113.8079
-0.0031	69.8409	-10.0357	-0.0045	113.8079
-0.0031	69.8409	-10.0357	-0.0045	113.8079
-0.0031	69.8409	-10.0357	-0.0045	113.8079
-0.0031	69.8409	-10.0357	-0.0045	113.8079
-0.0031	69.8409	-10.0357	-0.0045	113.808
-0.0031	69.8409	-10.0357	-0.0045	113.808
-0.0031	69.8409	-10.0357	-0.0045	113.808
-0.0031	69.8409	-10.0357	-0.0045	113.808
-0.0031	69.8409	-10.0357	-0.0045	113.808
-0.0031	69.8409	-10.0357	-0.0045	113.808
-0.0031	69.8409	-10.0357	-0.0045	113.808
-0.0031	69.8409	-10.0357	-0.0045	113.808
-0.0031	69.8409	-10.0357	-0.0045	113.808
-0.0031	69.8409	-10.0357	-0.0045	113.808
-0.0031	69.8409	-10.0357	-0.0045	113.808
-0.0031	69.8409	-10.0357	-0.0045	113.808
-0.0031	69.8409	-10.0357	-0.0045	113.808
-0.0031	69.8409	-10.0357	-0.0045	113.808
-0.0031	69.8409	-10.0357	-0.0045	113.808
-0.0031	69.8409	-10.0357	-0.0045	113.808
-0.0031	69.8409	-10.0357	-0.0045	113.808
-0.0031	69.8409	-10.0357	-0.0045	113.8081
-0.0031	69.8409	-10.0357	-0.0045	113.8081
-0.0031	69.8409	-10.0357	-0.0045	113.8081
-0.0031	69.8409	-10.0358	-0.0045	113.8081
-0.0031	69.8409	-10.0358	-0.0045	113.8081
-0.0031	69.8409	-10.0358	-0.0045	113.8081
-0.0031	69.8409	-10.0358	-0.0045	113.8081
-0.0031	69.8409	-10.0358	-0.0045	113.8081
-0.0031	69.8409	-10.0358	-0.0045	113.8081
-0.0031	69.8409	-10.0358	-0.0045	113.8081
-0.0031	69.8409	-10.0358	-0.0045	113.8082
-0.0031	69.8409	-10.0358	-0.0045	113.8082
-0.0031	69.8409	-10.0358	-0.0045	113.8082
-0.0031	69.8409	-10.0358	-0.0045	113.8082
-0.0031	69.8409	-10.0358	-0.0045	113.8082
-0.0031	69.8409	-10.0358	-0.0045	113.8082
-0.0031	69.8409	-10.0358	-0.0045	113.8082
-0.0031	69.8409	-10.0358	-0.0045	113.8083
-0.0031	69.8409	-10.0358	-0.0045	113.8083
-0.0031	69.8409	-10.0358	-0.0045	113.8083
-0.0031	69.8409	-10.0358	-0.0045	113.8083
-0.0031	69.8409	-10.0358	-0.0045	113.8083
-0.0031	69.8409	-10.0358	-0.0045	113.8083
-0.0031	69.8409	-10.0358	-0.0045	113.8083
-0.0031	69.8409	-10.0358	-0.0045	113.8084
-0.0031	69.8409	-10.0358	-0.0045	113.8084
-0.0031	69.8409	-10.0358	-0.0045	113.8084
-0.0031	69.8409	-10.0358	-0.0045	113.8084
-0.0031	69.8409	-10.0358	-0.0045	113.8084
-0.0031	69.8409	-10.0359	-0.0045	113.8085
-0.0031	69.8409	-10.0359	-0.0045	113.8085
-0.0031	69.8409	-10.0359	-0.0045	113.8085
-0.0031	69.8409	-10.0359	-0.0045	113.8085
-0.0031	69.8409	-10.0359	-0.0045	113.8085
-0.0031	69.8409	-10.0359	-0.0045	113.8086
-0.0031	69.8409	-10.0359	-0.0045	113.8086
-0.0031	69.8409	-10.0359	-0.0045	113.8086
-0.0031	69.8409	-10.0359	-0.0045	113.8086
-0.0031	69.8409	-10.0359	-0.0045	113.8087
-0.0031	69.8409	-10.0359	-0.0045	113.8087
-0.0031	69.8409	-10.0359	-0.0045	113.8087
-0.0031	69.8409	-10.0359	-0.0045	113.8087
-0.0031	69.8409	-10.0359	-0.0045	113.8088
-0.0031	69.8409	-10.0359	-0.0045	113.8088
-0.0031	69.8409	-10.0359	-0.0045	113.8088
-0.0031	69.8409	-10.036	-0.0045	113.8088
-0.0031	69.8409	-10.036	-0.0045	113.8089
-0.0031	69.8409	-10.036	-0.0045	113.8089
-0.0031	69.8409	-10.036	-0.0045	113.8089
-0.0031	69.8409	-10.036	-0.0045	113.809
-0.0031	69.8409	-10.036	-0.0045	113.809
-0.0031	69.8409	-10.036	-0.0045	113.809
-0.0031	69.8409	-10.036	-0.0045	113.809
-0.0031	69.8409	-10.036	-0.0045	113.8091
-0.0031	69.8409	-10.036	-0.0045	113.8091
-0.0031	69.8409	-10.036	-0.0045	113.8091
-0.0031	69.8409	-10.0361	-0.0045	113.8092
-0.0031	69.8409	-10.0361	-0.0045	113.8092
-0.0031	69.8409	-10.0361	-0.0045	113.8092
-0.0031	69.8409	-10.0361	-0.0045	113.8093
-0.0031	69.8409	-10.0361	-0.0045	113.8093
-0.0031	69.8409	-10.0361	-0.0045	113.8094
-0.0031	69.8409	-10.0361	-0.0045	113.8094
-0.0031	69.8409	-10.0361	-0.0045	113.8094
-0.0031	69.8409	-10.0361	-0.0045	113.8095
-0.0031	69.8409	-10.0361	-0.0045	113.8095
-0.0031	69.8409	-10.0362	-0.0045	113.8095
-0.0031	69.8409	-10.0362	-0.0045	113.8096
-0.0031	69.8409	-10.0362	-0.0045	113.8096
-0.0031	69.8409	-10.0362	-0.0045	113.8097
-0.0031	69.8409	-10.0362	-0.0045	113.8097
-0.0031	69.8409	-10.0362	-0.0045	113.8098
-0.0031	69.8409	-10.0362	-0.0045	113.8098
-0.0031	69.8409	-10.0362	-0.0045	113.8098
-0.0031	69.8409	-10.0362	-0.0045	113.8099
-0.0031	69.8409	-10.0363	-0.0045	113.8099
-0.0031	69.8409	-10.0363	-0.0045	113.81
-0.0031	69.8409	-10.0363	-0.0045	113.81
-0.0031	69.8409	-10.0363	-0.0045	113.8101
-0.0031	69.8409	-10.0363	-0.0045	113.8101
-0.0031	69.8409	-10.0363	-0.0045	113.8102
-0.0031	69.8409	-10.0363	-0.0045	113.8102
-0.0031	69.8409	-10.0364	-0.0045	113.8103
-0.0031	69.8409	-10.0364	-0.0045	113.8103
-0.0031	69.8409	-10.0364	-0.0045	113.8104
-0.0031	69.8409	-10.0364	-0.0045	113.8104
-0.0031	69.8409	-10.0364	-0.0045	113.8105
-0.0031	69.8409	-10.0364	-0.0045	113.8106
-0.0031	69.8409	-10.0364	-0.0045	113.8106
-0.0031	69.8409	-10.0365	-0.0045	113.8107
-0.0031	69.8409	-10.0365	-0.0045	113.8107
-0.0031	69.8409	-10.0365	-0.0045	113.8108
-0.0031	69.8409	-10.0365	-0.0045	113.8108
-0.0031	69.8409	-10.0365	-0.0045	113.8109
-0.0031	69.8409	-10.0365	-0.0045	113.811
-0.0031	69.8409	-10.0366	-0.0045	113.811
-0.0031	69.8409	-10.0366	-0.0045	113.8111
-0.0031	69.8409	-10.0366	-0.0045	113.8111
-0.0031	69.8409	-10.0366	-0.0045	113.8112
-0.0031	69.8409	-10.0366	-0.0045	113.8113
-0.0031	69.8409	-10.0366	-0.0045	113.8113
-0.0031	69.8409	-10.0367	-0.0045	113.8114
-0.0031	69.8409	-10.0367	-0.0045	113.8115
-0.0031	69.8409	-10.0367	-0.0045	113.8115
-0.0031	69.8409	-10.0367	-0.0045	113.8116
-0.0031	69.8409	-10.0367	-0.0045	113.8117
-0.0031	69.8409	-10.0368	-0.0045	113.8117
-0.0031	69.8409	-10.0368	-0.0045	113.8118
-0.0031	69.8409	-10.0368	-0.0045	113.8119
-0.0031	69.8409	-10.0368	-0.0045	113.812
-0.0031	69.8409	-10.0368	-0.0045	113.812
-0.0031	69.8409	-10.0369	-0.0045	113.8121
-0.0031	69.8409	-10.0369	-0.0045	113.8122
-0.0031	69.8409	-10.0369	-0.0045	113.8123
-0.0031	69.8409	-10.0369	-0.0045	113.8123
-0.0031	69.8409	-10.0369	-0.0045	113.8124
-0.0031	69.8409	-10.037	-0.0045	113.8125
-0.0031	69.8409	-10.037	-0.0045	113.8126
-0.0031	69.8409	-10.037	-0.0045	113.8127
-0.0031	69.8409	-10.037	-0.0045	113.8127
-0.0031	69.8409	-10.0371	-0.0045	113.8128
-0.0031	69.8409	-10.0371	-0.0045	113.8129
-0.0031	69.8409	-10.0371	-0.0045	113.813
-0.0031	69.8409	-10.0371	-0.0045	113.8131
-0.0031	69.8409	-10.0372	-0.0045	113.8132
-0.0031	69.8409	-10.0372	-0.0045	113.8133
-0.0031	69.8409	-10.0372	-0.0045	113.8133
-0.0031	69.8409	-10.0372	-0.0045	113.8134
-0.0031	69.8409	-10.0372	-0.0045	113.8135
-0.0031	69.8409	-10.0373	-0.0045	113.8136
-0.0031	69.8409	-10.0373	-0.0045	113.8137
-0.0031	69.8409	-10.0373	-0.0045	113.8138
-0.0031	69.8409	-10.0374	-0.0045	113.8139
-0.0031	69.8409	-10.0374	-0.0045	113.814
-0.0031	69.8409	-10.0374	-0.0045	113.8141
-0.0031	69.8409	-10.0374	-0.0045	113.8142
-0.0031	69.8409	-10.0375	-0.0045	113.8143
-0.0031	69.8409	-10.0375	-0.0045	113.8144
-0.0031	69.8409	-10.0375	-0.0045	113.8145
-0.0031	69.8409	-10.0375	-0.0045	113.8146
-0.0031	69.8409	-10.0376	-0.0045	113.8147
-0.0031	69.8409	-10.0376	-0.0045	113.8148
-0.0031	69.8409	-10.0376	-0.0045	113.8149
-0.0031	69.8409	-10.0377	-0.0045	113.815
-0.0031	69.8409	-10.0377	-0.0045	113.8151
-0.0031	69.8409	-10.0377	-0.0045	113.8152
-0.0031	69.8409	-10.0377	-0.0045	113.8153
-0.0031	69.8409	-10.0378	-0.0045	113.8154
-0.0031	69.8409	-10.0378	-0.0045	113.8155
-0.0031	69.8409	-10.0378	-0.0045	113.8157
-0.0031	69.8409	-10.0379	-0.0045	113.8158
-0.0031	69.8409	-10.0379	-0.0045	113.8159
-0.0031	69.8409	-10.0379	-0.0045	113.816
-0.0031	69.8409	-10.038	-0.0045	113.8161
-0.0031	69.8409	-10.038	-0.0045	113.8162
-0.0031	69.8409	-10.038	-0.0045	113.8164
-0.0031	69.8409	-10.0381	-0.0045	113.8165
-0.0031	69.8409	-10.0381	-0.0045	113.8166
-0.0031	69.8409	-10.0381	-0.0045	113.8167
-0.0031	69.8409	-10.0382	-0.0045	113.8168
-0.0031	69.8409	-10.0382	-0.0045	113.817
-0.0031	69.8409	-10.0382	-0.0045	113.8171
-0.0031	69.8409	-10.0383	-0.0045	113.8172
-0.0031	69.8409	-10.0383	-0.0045	113.8173
-0.0031	69.8409	-10.0383	-0.0045	113.8175
-0.0031	69.8409	-10.0384	-0.0045	113.8176
-0.0031	69.8409	-10.0384	-0.0045	113.8177
-0.0031	69.8409	-10.0384	-0.0045	113.8179
-0.0031	69.8409	-10.0385	-0.0045	113.818
-0.0031	69.8409	-10.0385	-0.0045	113.8181
-0.0031	69.8409	-10.0386	-0.0045	113.8183
-0.0031	69.8409	-10.0386	-0.0045	113.8184
-0.0031	69.8409	-10.0386	-0.0045	113.8185
-0.0031	69.8409	-10.0387	-0.0045	113.8187
-0.0031	69.8409	-10.0387	-0.0045	113.8188
-0.0031	69.8409	-10.0387	-0.0045	113.819
-0.0031	69.8409	-10.0388	-0.0045	113.8191
-0.0031	69.8409	-10.0388	-0.0045	113.8192
-0.0031	69.8409	-10.0389	-0.0045	113.8194
-0.0031	69.8409	-10.0389	-0.0045	113.8195
-0.0031	69.8409	-10.0389	-0.0045	113.8197
-0.0031	69.8409	-10.039	-0.0045	113.8198
-0.0031	69.8409	-10.039	-0.0045	113.82
-0.0031	69.8409	-10.0391	-0.0045	113.8201
-0.0031	69.8409	-10.0391	-0.0045	113.8203
-0.0031	69.8409	-10.0392	-0.0045	113.8204
-0.0031	69.8409	-10.0392	-0.0045	113.8206
-0.0031	69.8409	-10.0392	-0.0045	113.8208
-0.0031	69.8409	-10.0393	-0.0045	113.8209
-0.0031	69.8409	-10.0393	-0.0045	113.8211
-0.0031	69.8409	-10.0394	-0.0045	113.8212
-0.0031	69.8409	-10.0394	-0.0045	113.8214
-0.0031	69.8409	-10.0395	-0.0045	113.8216
-0.0031	69.8409	-10.0395	-0.0045	113.8217
-0.0031	69.8409	-10.0395	-0.0045	113.8219
-0.0031	69.8409	-10.0396	-0.0045	113.822
-0.0031	69.8409	-10.0396	-0.0045	113.8222
-0.0031	69.8409	-10.0397	-0.0045	113.8224
-0.0031	69.8409	-10.0397	-0.0045	113.8226
-0.0031	69.8409	-10.0398	-0.0045	113.8227
-0.0031	69.8409	-10.0398	-0.0045	113.8229
-0.0031	69.8409	-10.0399	-0.0045	113.8231
-0.0031	69.8409	-10.0399	-0.0045	113.8232
-0.0031	69.8409	-10.04	-0.0045	113.8234
-0.0031	69.8409	-10.04	-0.0045	113.8236
-0.0031	69.8409	-10.0401	-0.0045	113.8238
-0.0031	69.8409	-10.0401	-0.0045	113.824
-0.0031	69.8409	-10.0402	-0.0045	113.8241
-0.0031	69.8409	-10.0402	-0.0045	113.8243
-0.0031	69.8409	-10.0403	-0.0045	113.8245
-0.0031	69.8409	-10.0403	-0.0045	113.8247
-0.0031	69.8409	-10.0404	-0.0045	113.8249
-0.0031	69.8409	-10.0404	-0.0045	113.8251
-0.0031	69.8409	-10.0405	-0.0045	113.8253
-0.0031	69.8409	-10.0405	-0.0045	113.8255
-0.0031	69.8409	-10.0406	-0.0045	113.8256
-0.0031	69.8409	-10.0406	-0.0045	113.8258
-0.0031	69.8409	-10.0407	-0.0045	113.826
-0.0031	69.8409	-10.0407	-0.0045	113.8262
-0.0031	69.8409	-10.0408	-0.0045	113.8264
-0.0031	69.8409	-10.0409	-0.0045	113.8266
-0.0031	69.8409	-10.0409	-0.0045	113.8268
-0.0031	69.8409	-10.041	-0.0045	113.827
-0.0031	69.8409	-10.041	-0.0045	113.8272
-0.0031	69.8409	-10.0411	-0.0045	113.8274
-0.0031	69.8409	-10.0411	-0.0045	113.8276
-0.0031	69.8409	-10.0412	-0.0045	113.8279
-0.0031	69.8409	-10.0413	-0.0045	113.8281
-0.0031	69.8409	-10.0413	-0.0045	113.8283
-0.0031	69.8409	-10.0414	-0.0045	113.8285
-0.0031	69.8409	-10.0414	-0.0045	113.8287
-0.0031	69.8409	-10.0415	-0.0045	113.8289
-0.0031	69.8409	-10.0415	-0.0045	113.8291
-0.0031	69.8409	-10.0416	-0.0045	113.8294
-0.0031	69.8409	-10.0417	-0.0045	113.8296
-0.0031	69.8409	-10.0417	-0.0045	113.8298
-0.0031	69.8409	-10.0418	-0.0045	113.83
-0.0031	69.8409	-10.0419	-0.0045	113.8302
-0.0031	69.8409	-10.0419	-0.0045	113.8305
-0.0031	69.8409	-10.042	-0.0045	113.8307
-0.0031	69.8409	-10.042	-0.0045	113.8309
-0.0031	69.8409	-10.0421	-0.0045	113.8312
-0.0031	69.8409	-10.0422	-0.0045	113.8314
-0.0031	69.8409	-10.0422	-0.0045	113.8316
-0.0031	69.8409	-10.0423	-0.0045	113.8318
-0.0031	69.8409	-10.0424	-0.0045	113.8321
-0.0031	69.8409	-10.0424	-0.0045	113.8323
-0.0031	69.8409	-10.0425	-0.0045	113.8326
-0.0031	69.8409	-10.0426	-0.0045	113.8328
-0.0031	69.8409	-10.0426	-0.0045	113.833
-0.0031	69.8409	-10.0427	-0.0045	113.8333
-0.0031	69.8409	-10.0428	-0.0045	113.8335
-0.0031	69.8409	-10.0428	-0.0045	113.8338
-0.0031	69.8409	-10.0429	-0.0045	113.834
-0.0031	69.8409	-10.043	-0.0045	113.8343
-0.0031	69.8409	-10.043	-0.0045	113.8345
-0.0031	69.8409	-10.0431	-0.0045	113.8348
-0.0031	69.8409	-10.0432	-0.0045	113.835
-0.0031	69.8409	-10.0432	-0.0045	113.8353
-0.0031	69.8409	-10.0433	-0.0045	113.8355
-0.0031	69.8409	-10.0434	-0.0045	113.8358
-0.0031	69.8409	-10.0435	-0.0045	113.8361
-0.0031	69.8409	-10.0435	-0.0045	113.8363
-0.0031	69.8409	-10.0436	-0.0045	113.8366
-0.0031	69.8409	-10.0437	-0.0045	113.8369
-0.0031	69.8409	-10.0437	-0.0045	113.8371
-0.0031	69.8409	-10.0438	-0.0045	113.8374
-0.0031	69.8409	-10.0439	-0.0045	113.8377
-0.0031	69.8409	-10.044	-0.0045	113.8379
-0.0031	69.8409	-10.044	-0.0045	113.8382
-0.0031	69.8409	-10.0441	-0.0045	113.8385
-0.0031	69.8409	-10.0442	-0.0045	113.8388
-0.0031	69.8409	-10.0443	-0.0045	113.839
-0.0031	69.8409	-10.0444	-0.0045	113.8393
-0.0031	69.8409	-10.0444	-0.0045	113.8396
-0.0031	69.8409	-10.0445	-0.0045	113.8399
-0.0031	69.8409	-10.0446	-0.0045	113.8402
-0.0031	69.8409	-10.0447	-0.0045	113.8405
-0.0031	69.8409	-10.0447	-0.0045	113.8407
-0.0031	69.8409	-10.0448	-0.0045	113.841
-0.0031	69.8409	-10.0449	-0.0045	113.8413
-0.0031	69.8409	-10.045	-0.0045	113.8416
-0.0031	69.8409	-10.0451	-0.0045	113.8419
-0.0031	69.8409	-10.0451	-0.0045	113.8422
-0.0031	69.8409	-10.0452	-0.0045	113.8425
-0.0031	69.8409	-10.0453	-0.0045	113.8428
-0.0031	69.8409	-10.0454	-0.0045	113.8431
-0.0031	69.8409	-10.0455	-0.0045	113.8434
-0.0031	69.8409	-10.0456	-0.0045	113.8437
-0.0031	69.8409	-10.0456	-0.0045	113.844
-0.0031	69.8409	-10.0457	-0.0045	113.8443
-0.0031	69.8409	-10.0458	-0.0045	113.8446
-0.0031	69.8409	-10.0459	-0.0045	113.845
-0.0031	69.8409	-10.046	-0.0045	113.8453
-0.0031	69.8409	-10.0461	-0.0045	113.8456
-0.0031	69.8409	-10.0462	-0.0045	113.8459
-0.0031	69.8409	-10.0462	-0.0045	113.8462
-0.0031	69.8409	-10.0463	-0.0045	113.8465
-0.0031	69.8409	-10.0464	-0.0045	113.8469
-0.0031	69.8409	-10.0465	-0.0045	113.8472
-0.0031	69.8409	-10.0466	-0.0045	113.8475
-0.0031	69.8409	-10.0467	-0.0045	113.8478
-0.0031	69.8409	-10.0468	-0.0045	113.8482
-0.0031	69.8409	-10.0469	-0.0045	113.8485
-0.0031	69.8409	-10.047	-0.0045	113.8488
-0.0031	69.8409	-10.0471	-0.0045	113.8492
-0.0031	69.8409	-10.0472	-0.0045	113.8495
-0.0031	69.8409	-10.0472	-0.0045	113.8498
-0.0031	69.8409	-10.0473	-0.0045	113.8502
-0.0031	69.8409	-10.0474	-0.0045	113.8505
-0.0031	69.8409	-10.0475	-0.0045	113.8509
-0.0031	69.8409	-10.0476	-0.0045	113.8512
-0.0031	69.8409	-10.0477	-0.0045	113.8515
-0.0031	69.8409	-10.0478	-0.0045	113.8519
-0.0031	69.8409	-10.0479	-0.0045	113.8522
-0.0031	69.8409	-10.048	-0.0045	113.8526
-0.0031	69.8409	-10.0481	-0.0045	113.853
-0.0031	69.8409	-10.0482	-0.0045	113.8533
-0.0031	69.8409	-10.0483	-0.0045	113.8537
-0.0031	69.8409	-10.0484	-0.0045	113.854
-0.0031	69.8409	-10.0485	-0.0045	113.8544
-0.0031	69.8409	-10.0486	-0.0045	113.8547
-0.0031	69.8409	-10.0487	-0.0045	113.8551
-0.0031	69.8409	-10.0488	-0.0045	113.8555
-0.0031	69.8409	-10.0489	-0.0045	113.8558
-0.0031	69.8409	-10.049	-0.0045	113.8562
-0.0031	69.8409	-10.0491	-0.0045	113.8566
-0.0031	69.8409	-10.0492	-0.0045	113.857
-0.0031	69.8409	-10.0493	-0.0045	113.8573
-0.0031	69.8409	-10.0494	-0.0045	113.8577
-0.0031	69.8409	-10.0495	-0.0045	113.8581
-0.0031	69.8409	-10.0496	-0.0045	113.8585
-0.0031	69.8409	-10.0497	-0.0045	113.8589
-0.0031	69.8409	-10.0498	-0.0045	113.8592
-0.0031	69.8409	-10.0499	-0.0045	113.8596
-0.0031	69.8409	-10.05	-0.0045	113.86
-0.0031	69.8409	-10.0502	-0.0045	113.8604
-0.0031	69.8409	-10.0503	-0.0045	113.8608
-0.0031	69.8409	-10.0504	-0.0045	113.8612
-0.0031	69.8409	-10.0505	-0.0045	113.8616
-0.0031	69.8409	-10.0506	-0.0045	113.862
-0.0031	69.8409	-10.0507	-0.0045	113.8624
-0.0031	69.8409	-10.0508	-0.0045	113.8628
-0.0031	69.8409	-10.0509	-0.0045	113.8632
-0.0031	69.8409	-10.051	-0.0045	113.8636
-0.0031	69.8409	-10.0511	-0.0045	113.864
-0.0031	69.8409	-10.0513	-0.0045	113.8644
-0.0031	69.8409	-10.0514	-0.0045	113.8648
-0.0031	69.8409	-10.0515	-0.0045	113.8652
-0.0031	69.8409	-10.0516	-0.0045	113.8657
-0.0031	69.8409	-10.0517	-0.0045	113.8661
-0.0031	69.8409	-10.0518	-0.0045	113.8665
-0.0031	69.8409	-10.0519	-0.0045	113.8669
-0.0031	69.8409	-10.0521	-0.0045	113.8673
-0.0031	69.8409	-10.0522	-0.0045	113.8678
-0.0031	69.8409	-10.0523	-0.0045	113.8682
-0.0031	69.8409	-10.0524	-0.0045	113.8686
-0.0031	69.8409	-10.0525	-0.0045	113.8691
-0.0031	69.8409	-10.0527	-0.0045	113.8695
-0.0031	69.8409	-10.0528	-0.0045	113.8699
-0.0031	69.8409	-10.0529	-0.0045	113.8704
-0.0031	69.8409	-10.053	-0.0045	113.8708
-0.0031	69.8409	-10.0531	-0.0045	113.8712
-0.0031	69.8409	-10.0533	-0.0045	113.8717
-0.0031	69.8409	-10.0534	-0.0045	113.8721
-0.0031	69.8409	-10.0535	-0.0045	113.8726
-0.0031	69.8409	-10.0536	-0.0045	113.873
-0.0031	69.8409	-10.0538	-0.0045	113.8735
-0.0031	69.8409	-10.0539	-0.0045	113.8739
-0.0031	69.8409	-10.054	-0.0045	113.8744
-0.0031	69.8409	-10.0541	-0.0045	113.8748
-0.0031	69.8409	-10.0543	-0.0045	113.8753
-0.0031	69.8409	-10.0544	-0.0045	113.8758
-0.0031	69.8409	-10.0545	-0.0045	113.8762
-0.0031	69.8409	-10.0546	-0.0045	113.8767
-0.0031	69.8409	-10.0548	-0.0045	113.8772
-0.0031	69.8409	-10.0549	-0.0045	113.8776
-0.0031	69.8409	-10.055	-0.0045	113.8781
-0.0031	69.8409	-10.0552	-0.0045	113.8786
-0.0031	69.8409	-10.0553	-0.0045	113.879
-0.0031	69.8409	-10.0554	-0.0045	113.8795
-0.0031	69.8409	-10.0556	-0.0045	113.88
-0.0031	69.8409	-10.0557	-0.0045	113.8805
-0.0031	69.8409	-10.0558	-0.0045	113.881
-0.0031	69.8409	-10.056	-0.0045	113.8815
-0.0031	69.8409	-10.0561	-0.0045	113.8819
-0.0031	69.8409	-10.0562	-0.0045	113.8824
-0.0031	69.8409	-10.0564	-0.0045	113.8829
-0.0031	69.8409	-10.0565	-0.0045	113.8834
-0.0031	69.8409	-10.0566	-0.0045	113.8839
-0.0031	69.8409	-10.0568	-0.0045	113.8844
-0.0031	69.8409	-10.0569	-0.0045	113.8849
-0.0031	69.8409	-10.057	-0.0045	113.8854
-0.0031	69.8409	-10.0572	-0.0045	113.8859
-0.0031	69.8409	-10.0573	-0.0045	113.8864
-0.0031	69.8409	-10.0575	-0.0045	113.8869
-0.0031	69.8409	-10.0576	-0.0045	113.8874
-0.0031	69.8409	-10.0577	-0.0045	113.888
-0.0031	69.8409	-10.0579	-0.0045	113.8885
-0.0031	69.8409	-10.058	-0.0045	113.889
-0.0031	69.8409	-10.0582	-0.0045	113.8895
-0.0031	69.8409	-10.0583	-0.0045	113.89
-0.0031	69.8409	-10.0585	-0.0045	113.8906
-0.0031	69.8409	-10.0586	-0.0045	113.8911
-0.0031	69.8409	-10.0587	-0.0045	113.8916
-0.0031	69.8409	-10.0589	-0.0045	113.8921
-0.0031	69.8409	-10.059	-0.0045	113.8927
-0.0031	69.8409	-10.0592	-0.0045	113.8932
-0.0031	69.8409	-10.0593	-0.0045	113.8937
-0.0031	69.8409	-10.0595	-0.0045	113.8943
-0.0031	69.8409	-10.0596	-0.0045	113.8948
-0.0031	69.8409	-10.0598	-0.0045	113.8954
-0.0031	69.8409	-10.0599	-0.0045	113.8959
-0.0031	69.8409	-10.0601	-0.0045	113.8965
-0.0031	69.8409	-10.0602	-0.0045	113.897
-0.0031	69.8409	-10.0604	-0.0045	113.8976
-0.0031	69.8409	-10.0605	-0.0045	113.8981
-0.0031	69.8409	-10.0607	-0.0045	113.8987
-0.0031	69.8409	-10.0608	-0.0045	113.8992
-0.0031	69.8409	-10.061	-0.0045	113.8998
-0.0031	69.8409	-10.0612	-0.0045	113.9003
-0.0031	69.8409	-10.0613	-0.0045	113.9009
-0.0031	69.8409	-10.0615	-0.0045	113.9015
-0.0031	69.8409	-10.0616	-0.0045	113.9021
-0.0031	69.8409	-10.0618	-0.0045	113.9026
-0.0031	69.8409	-10.0619	-0.0045	113.9032
-0.0031	69.8409	-10.0621	-0.0045	113.9038
-0.0031	69.8409	-10.0623	-0.0045	113.9044
-0.0031	69.8409	-10.0624	-0.0045	113.9049
-0.0031	69.8409	-10.0626	-0.0045	113.9055
-0.0031	69.8409	-10.0627	-0.0045	113.9061
-0.0031	69.8409	-10.0629	-0.0045	113.9067
-0.0031	69.8409	-10.0631	-0.0045	113.9073
-0.0031	69.8409	-10.0632	-0.0045	113.9079
-0.0031	69.8409	-10.0634	-0.0045	113.9085
-0.0031	69.8409	-10.0636	-0.0045	113.9091
-0.0031	69.8409	-10.0637	-0.0045	113.9097
-0.0031	69.8409	-10.0639	-0.0045	113.9103
-0.0031	69.8409	-10.064	-0.0045	113.9109
-0.0031	69.8409	-10.0642	-0.0045	113.9115
-0.0031	69.8409	-10.0644	-0.0045	113.9121
-0.0031	69.8409	-10.0645	-0.0045	113.9127
-0.0031	69.8409	-10.0647	-0.0045	113.9133
-0.0031	69.8409	-10.0649	-0.0045	113.9139
-0.0031	69.8409	-10.0651	-0.0045	113.9145
-0.0031	69.8409	-10.0652	-0.0045	113.9151
-0.0031	69.8409	-10.0654	-0.0045	113.9158
-0.0031	69.8409	-10.0656	-0.0045	113.9164
-0.0031	69.8409	-10.0657	-0.0045	113.917
-0.0031	69.8409	-10.0659	-0.0045	113.9176
-0.0031	69.8409	-10.0661	-0.0045	113.9183
-0.0031	69.8409	-10.0663	-0.0045	113.9189
-0.0031	69.8409	-10.0664	-0.0045	113.9195
-0.0031	69.8409	-10.0666	-0.0045	113.9202
-0.0031	69.8409	-10.0668	-0.0045	113.9208
-0.0031	69.8409	-10.067	-0.0045	113.9215
-0.0031	69.8409	-10.0671	-0.0045	113.9221
-0.0031	69.8409	-10.0673	-0.0045	113.9228
-0.0031	69.8409	-10.0675	-0.0045	113.9234
-0.0031	69.8409	-10.0677	-0.0045	113.9241
-0.0031	69.8409	-10.0679	-0.0045	113.9247
-0.0031	69.8409	-10.068	-0.0045	113.9254
-0.0031	69.8409	-10.0682	-0.0045	113.926
-0.0031	69.8409	-10.0684	-0.0045	113.9267
-0.0031	69.8409	-10.0686	-0.0045	113.9273
-0.0031	69.8409	-10.0688	-0.0045	113.928
-0.0031	69.8409	-10.069	-0.0045	113.9287
-0.0031	69.8409	-10.0691	-0.0045	113.9293
-0.0031	69.8409	-10.0693	-0.0045	113.93
-0.0031	69.8409	-10.0695	-0.0045	113.9307
-0.0031	69.8409	-10.0697	-0.0045	113.9314
-0.0031	69.8409	-10.0699	-0.0045	113.9321
-0.0031	69.8409	-10.0701	-0.0045	113.9327
-0.0031	69.8409	-10.0703	-0.0045	113.9334
-0.0031	69.8409	-10.0704	-0.0045	113.9341
-0.0031	69.8409	-10.0706	-0.0045	113.9348
-0.0031	69.8409	-10.0708	-0.0045	113.9355
-0.0031	69.8409	-10.071	-0.0045	113.9362
-0.0031	69.8409	-10.0712	-0.0045	113.9369
-0.0031	69.8409	-10.0714	-0.0045	113.9376
-0.0031	69.8409	-10.0716	-0.0045	113.9383
-0.0031	69.8409	-10.0718	-0.0045	113.939
-0.0031	69.8409	-10.072	-0.0045	113.9397
-0.0031	69.8409	-10.0722	-0.0045	113.9404
-0.0031	69.8409	-10.0724	-0.0045	113.9411
-0.0031	69.8409	-10.0726	-0.0045	113.9418
-0.0031	69.8409	-10.0728	-0.0045	113.9425
-0.0031	69.8409	-10.073	-0.0045	113.9433
-0.0031	69.8409	-10.0732	-0.0045	113.944
-0.0031	69.8409	-10.0734	-0.0045	113.9447
-0.0031	69.8409	-10.0736	-0.0045	113.9454
-0.0031	69.8409	-10.0738	-0.0045	113.9462
-0.0031	69.8409	-10.074	-0.0045	113.9469
-0.0031	69.8409	-10.0742	-0.0045	113.9476
-0.0031	69.8409	-10.0744	-0.0045	113.9484
-0.0031	69.8409	-10.0746	-0.0045	113.9491
-0.0031	69.8409	-10.0748	-0.0045	113.9498
-0.0031	69.8409	-10.075	-0.0045	113.9506
-0.0031	69.8409	-10.0752	-0.0045	113.9513
-0.0031	69.8409	-10.0754	-0.0045	113.9521
-0.0031	69.8409	-10.0756	-0.0045	113.9528
-0.0031	69.8409	-10.0758	-0.0045	113.9536
-0.0031	69.8409	-10.076	-0.0045	113.9543
-0.0031	69.8409	-10.0762	-0.0045	113.9551
-0.0031	69.8409	-10.0764	-0.0045	113.9558
-0.0031	69.8409	-10.0766	-0.0045	113.9566
-0.0031	69.8409	-10.0769	-0.0045	113.9574
-0.0031	69.8409	-10.0771	-0.0045	113.9581
-0.0031	69.8409	-10.0773	-0.0045	113.9589
-0.0031	69.8409	-10.0775	-0.0045	113.9597
-0.0031	69.8409	-10.0777	-0.0045	113.9605
-0.0031	69.8409	-10.0779	-0.0045	113.9612
-0.0031	69.8409	-10.0781	-0.0045	113.962
-0.0031	69.8409	-10.0783	-0.0045	113.9628
-0.0031	69.8409	-10.0786	-0.0045	113.9636
-0.0031	69.8409	-10.0788	-0.0045	113.9644
-0.0031	69.8409	-10.079	-0.0045	113.9652
-0.0031	69.8409	-10.0792	-0.0045	113.966
-0.0031	69.8409	-10.0794	-0.0045	113.9668
-0.0031	69.8409	-10.0797	-0.0045	113.9676
-0.0031	69.8409	-10.0799	-0.0045	113.9684
-0.0031	69.8409	-10.0801	-0.0045	113.9692
-0.0031	69.8409	-10.0803	-0.0045	113.97
-0.0031	69.8409	-10.0805	-0.0045	113.9708
-0.0031	69.8409	-10.0808	-0.0045	113.9716
-0.0031	69.8409	-10.081	-0.0045	113.9724
-0.0031	69.8409	-10.0812	-0.0045	113.9732
-0.0031	69.8409	-10.0814	-0.0045	113.974
-0.0031	69.8409	-10.0817	-0.0045	113.9749
-0.0031	69.8409	-10.0819	-0.0045	113.9757
-0.0031	69.8409	-10.0821	-0.0045	113.9765
-0.0031	69.8409	-10.0823	-0.0045	113.9773
-0.0031	69.8409	-10.0826	-0.0045	113.9782
-0.0031	69.8409	-10.0828	-0.0045	113.979
-0.0031	69.8409	-10.083	-0.0045	113.9798
-0.0031	69.8409	-10.0833	-0.0045	113.9807
-0.0031	69.8409	-10.0835	-0.0045	113.9815
-0.0031	69.8409	-10.0837	-0.0045	113.9824
-0.0031	69.8409	-10.084	-0.0045	113.9832
-0.0031	69.8409	-10.0842	-0.0045	113.9841
-0.0031	69.8409	-10.0844	-0.0045	113.9849
-0.0031	69.8409	-10.0847	-0.0045	113.9858
-0.0031	69.8409	-10.0849	-0.0045	113.9866
-0.0031	69.8409	-10.0851	-0.0045	113.9875
-0.0031	69.8409	-10.0854	-0.0045	113.9883
-0.0031	69.8409	-10.0856	-0.0045	113.9892
-0.0031	69.8409	-10.0859	-0.0045	113.9901
-0.0031	69.8409	-10.0861	-0.0045	113.9909
-0.0031	69.8409	-10.0863	-0.0045	113.9918
-0.0031	69.8409	-10.0866	-0.0045	113.9927
-0.0031	69.8409	-10.0868	-0.0045	113.9936
-0.0031	69.8409	-10.0871	-0.0045	113.9945
-0.0031	69.8409	-10.0873	-0.0045	113.9953
-0.0031	69.8409	-10.0875	-0.0045	113.9962
-0.0031	69.8409	-10.0878	-0.0045	113.9971
-0.0031	69.8409	-10.088	-0.0045	113.998
-0.0031	69.8409	-10.0883	-0.0045	113.9989
-0.0031	69.8409	-10.0885	-0.0045	113.9998
-0.0031	69.8409	-10.0888	-0.0045	114.0007
-0.0031	69.8409	-10.089	-0.0045	114.0016
-0.0031	69.8409	-10.0893	-0.0045	114.0025
-0.0031	69.8409	-10.0895	-0.0045	114.0034
-0.0031	69.8409	-10.0898	-0.0045	114.0043
-0.0031	69.8409	-10.09	-0.0045	114.0052
-0.0031	69.8409	-10.0903	-0.0045	114.0062
-0.0031	69.8409	-10.0905	-0.0045	114.0071
-0.0031	69.8409	-10.0908	-0.0045	114.008
-0.0031	69.8409	-10.091	-0.0045	114.0089
-0.0031	69.8409	-10.0913	-0.0045	114.0098
-0.0031	69.8409	-10.0916	-0.0045	114.0108
-0.0031	69.8409	-10.0918	-0.0045	114.0117
-0.0031	69.8409	-10.0921	-0.0045	114.0126
-0.0031	69.8409	-10.0923	-0.0045	114.0136
-0.0031	69.8409	-10.0926	-0.0045	114.0145
-0.0031	69.8409	-10.0928	-0.0045	114.0155
-0.0031	69.8409	-10.0931	-0.0045	114.0164
-0.0031	69.8409	-10.0934	-0.0045	114.0174
-0.0031	69.8409	-10.0936	-0.0045	114.0183
-0.0031	69.8409	-10.0939	-0.0045	114.0193
-0.0031	69.8409	-10.0942	-0.0045	114.0202
-0.0031	69.8409	-10.0944	-0.0045	114.0212
-0.0031	69.8409	-10.0947	-0.0045	114.0221
-0.0031	69.8409	-10.0949	-0.0045	114.0231
-0.0031	69.8409	-10.0952	-0.0045	114.0241
-0.0031	69.8409	-10.0955	-0.0045	114.025
-0.0031	69.8409	-10.0957	-0.0045	114.026
-0.0031	69.8409	-10.096	-0.0045	114.027
-0.0031	69.8409	-10.0963	-0.0045	114.028
-0.0031	69.8409	-10.0966	-0.0045	114.0289
-0.0031	69.8409	-10.0968	-0.0045	114.0299
-0.0031	69.8409	-10.0971	-0.0045	114.0309
-0.0031	69.8409	-10.0974	-0.0045	114.0319
-0.0031	69.8409	-10.0976	-0.0045	114.0329
-0.0031	69.8409	-10.0979	-0.0045	114.0339
-0.0031	69.8409	-10.0982	-0.0045	114.0349
-0.0031	69.8409	-10.0985	-0.0045	114.0359
-0.0031	69.8409	-10.0987	-0.0045	114.0369
-0.0031	69.8409	-10.099	-0.0045	114.0379
-0.0031	69.8409	-10.0993	-0.0045	114.0389
-0.0031	69.8409	-10.0996	-0.0045	114.0399
-0.0031	69.8409	-10.0999	-0.0045	114.0409
-0.0031	69.8409	-10.1001	-0.0045	114.0419
-0.0031	69.8409	-10.1004	-0.0045	114.043
-0.0031	69.8409	-10.1007	-0.0045	114.044
-0.0031	69.8409	-10.101	-0.0045	114.045
-0.0031	69.8409	-10.1013	-0.0045	114.046
-0.0031	69.8409	-10.1015	-0.0045	114.0471
-0.0031	69.8409	-10.1018	-0.0045	114.0481
-0.0031	69.8409	-10.1021	-0.0045	114.0491
-0.0031	69.8409	-10.1024	-0.0045	114.0502
-0.0031	69.8409	-10.1027	-0.0045	114.0512
-0.0031	69.8409	-10.103	-0.0045	114.0523
-0.0031	69.8409	-10.1033	-0.0045	114.0533
-0.0031	69.8409	-10.1036	-0.0045	114.0544
-0.0031	69.8409	-10.1038	-0.0045	114.0554
-0.0031	69.8409	-10.1041	-0.0045	114.0565
-0.0031	69.8409	-10.1044	-0.0045	114.0575
-0.0031	69.8409	-10.1047	-0.0045	114.0586
-0.0031	69.8409	-10.105	-0.0045	114.0597
-0.0031	69.8409	-10.1053	-0.0045	114.0607
-0.0031	69.8409	-10.1056	-0.0045	114.0618
-0.0031	69.8409	-10.1059	-0.0045	114.0629
-0.0031	69.8409	-10.1062	-0.0045	114.064
-0.0031	69.8409	-10.1065	-0.0045	114.065
-0.0031	69.8409	-10.1068	-0.0045	114.0661
-0.0031	69.8409	-10.1071	-0.0045	114.0672
-0.0031	69.8409	-10.1074	-0.0045	114.0683
-0.0031	69.8409	-10.1077	-0.0045	114.0694
-0.0031	69.8409	-10.108	-0.0045	114.0705
-0.0031	69.8409	-10.1083	-0.0045	114.0716
-0.0031	69.8409	-10.1086	-0.0045	114.0727
-0.0031	69.8409	-10.1089	-0.0045	114.0738
-0.0031	69.8409	-10.1092	-0.0045	114.0749
-0.0031	69.8409	-10.1095	-0.0045	114.076
-0.0031	69.8409	-10.1098	-0.0045	114.0771
-0.0031	69.8409	-10.1101	-0.0045	114.0782
-0.0031	69.8409	-10.1104	-0.0045	114.0793
-0.0031	69.8409	-10.1107	-0.0045	114.0805
-0.0031	69.8409	-10.111	-0.0045	114.0816
-0.0031	69.8409	-10.1114	-0.0045	114.0827
-0.0031	69.8409	-10.1117	-0.0045	114.0838
-0.0031	69.8409	-10.112	-0.0045	114.085
-0.0031	69.8409	-10.1123	-0.0045	114.0861
-0.0031	69.8409	-10.1126	-0.0045	114.0872
-0.0031	69.8409	-10.1129	-0.0045	114.0884
-0.0031	69.8409	-10.1132	-0.0045	114.0895
-0.0031	69.8409	-10.1135	-0.0045	114.0907
-0.0031	69.8409	-10.1139	-0.0045	114.0918
-0.0031	69.8409	-10.1142	-0.0045	114.093
-0.0031	69.8409	-10.1145	-0.0045	114.0941
-0.0031	69.8409	-10.1148	-0.0045	114.0953
-0.0031	69.8409	-10.1151	-0.0045	114.0964
-0.0031	69.8409	-10.1155	-0.0045	114.0976
-0.0031	69.8409	-10.1158	-0.0045	114.0988
-0.0031	69.8409	-10.1161	-0.0045	114.0999
-0.0031	69.8409	-10.1164	-0.0045	114.1011
-0.0031	69.8409	-10.1167	-0.0045	114.1023
-0.0031	69.8409	-10.1171	-0.0045	114.1035
-0.0031	69.8409	-10.1174	-0.0045	114.1046
-0.0031	69.8409	-10.1177	-0.0045	114.1058
-0.0031	69.8409	-10.118	-0.0045	114.107
-0.0031	69.8409	-10.1184	-0.0045	114.1082
-0.0031	69.8409	-10.1187	-0.0045	114.1094
-0.0031	69.8409	-10.119	-0.0045	114.1106
-0.0031	69.8409	-10.1194	-0.0045	114.1118
-0.0031	69.8409	-10.1197	-0.0045	114.113
-0.0031	69.8409	-10.12	-0.0045	114.1142
-0.0031	69.8409	-10.1204	-0.0045	114.1154
-0.0031	69.8409	-10.1207	-0.0045	114.1166
-0.0031	69.8409	-10.121	-0.0045	114.1178
-0.0031	69.8409	-10.1214	-0.0045	114.119
-0.0031	69.8409	-10.1217	-0.0045	114.1203
-0.0031	69.8409	-10.122	-0.0045	114.1215
-0.0031	69.8409	-10.1224	-0.0045	114.1227
-0.0031	69.8409	-10.1227	-0.0045	114.1239
-0.0031	69.8409	-10.1231	-0.0045	114.1252
-0.0031	69.8409	-10.1234	-0.0045	114.1264
-0.0031	69.8409	-10.1237	-0.0045	114.1276
-0.0031	69.8409	-10.1241	-0.0045	114.1289
-0.0031	69.8409	-10.1244	-0.0045	114.1301
-0.0031	69.8409	-10.1248	-0.0045	114.1314
-0.0031	69.8409	-10.1251	-0.0045	114.1326
-0.0031	69.8409	-10.1254	-0.0045	114.1339
-0.0031	69.8409	-10.1258	-0.0045	114.1351
-0.0031	69.8409	-10.1261	-0.0045	114.1364
-0.0031	69.8409	-10.1265	-0.0045	114.1377
-0.0031	69.8409	-10.1268	-0.0045	114.1389
-0.0031	69.8409	-10.1272	-0.0045	114.1402
-0.0031	69.8409	-10.1275	-0.0045	114.1415
-0.0031	69.8409	-10.1279	-0.0045	114.1427
-0.0031	69.8409	-10.1282	-0.0045	114.144
-0.0031	69.8409	-10.1286	-0.0045	114.1453
-0.0031	69.8409	-10.1289	-0.0045	114.1466
-0.0031	69.8409	-10.1293	-0.0045	114.1479
-0.0031	69.8409	-10.1297	-0.0045	114.1491
-0.0031	69.8409	-10.13	-0.0045	114.1504
-0.0031	69.8409	-10.1304	-0.0045	114.1517
-0.0031	69.8409	-10.1307	-0.0045	114.153
-0.0031	69.8409	-10.1311	-0.0045	114.1543
-0.0031	69.8409	-10.1314	-0.0045	114.1556
-0.0031	69.8409	-10.1318	-0.0045	114.1569
-0.0031	69.8409	-10.1322	-0.0045	114.1583
-0.0031	69.8409	-10.1325	-0.0045	114.1596
-0.0031	69.8409	-10.1329	-0.0045	114.1609
-0.0031	69.8409	-10.1332	-0.0045	114.1622
-0.0031	69.8409	-10.1336	-0.0045	114.1635
-0.0031	69.8409	-10.134	-0.0045	114.1649
-0.0031	69.8409	-10.1343	-0.0045	114.1662
-0.0031	69.8409	-10.1347	-0.0045	114.1675
-0.0031	69.8409	-10.1351	-0.0045	114.1688
-0.0031	69.8409	-10.1354	-0.0045	114.1702
-0.0031	69.8409	-10.1358	-0.0045	114.1715
-0.0031	69.8409	-10.1362	-0.0045	114.1729
-0.0031	69.8409	-10.1366	-0.0045	114.1742
-0.0031	69.8409	-10.1369	-0.0045	114.1756
-0.0031	69.8409	-10.1373	-0.0045	114.1769
-0.0031	69.8409	-10.1377	-0.0045	114.1783
-0.0031	69.8409	-10.138	-0.0045	114.1796
-0.0031	69.8409	-10.1384	-0.0045	114.181
-0.0031	69.8409	-10.1388	-0.0045	114.1824
-0.0031	69.8409	-10.1392	-0.0045	114.1837
-0.0031	69.8409	-10.1396	-0.0045	114.1851
-0.0031	69.8409	-10.1399	-0.0045	114.1865
-0.0031	69.8409	-10.1403	-0.0045	114.1879
-0.0031	69.8409	-10.1407	-0.0045	114.1892
-0.0031	69.8409	-10.1411	-0.0045	114.1906
-0.0031	69.8409	-10.1415	-0.0045	114.192
-0.0031	69.8409	-10.1418	-0.0045	114.1934
-0.0031	69.8409	-10.1422	-0.0045	114.1948
-0.0031	69.8409	-10.1426	-0.0045	114.1962
-0.0031	69.8409	-10.143	-0.0045	114.1976
-0.0031	69.8409	-10.1434	-0.0045	114.199
-0.0031	69.8409	-10.1438	-0.0045	114.2004
-0.0031	69.8409	-10.1442	-0.0045	114.2018
-0.0031	69.8409	-10.1445	-0.0045	114.2032
-0.0031	69.8409	-10.1449	-0.0045	114.2047
-0.0031	69.8409	-10.1453	-0.0045	114.2061
-0.0031	69.8409	-10.1457	-0.0045	114.2075
-0.0031	69.8409	-10.1461	-0.0045	114.2089
-0.0031	69.8409	-10.1465	-0.0045	114.2103
-0.0031	69.8409	-10.1469	-0.0045	114.2118
-0.0031	69.8409	-10.1473	-0.0045	114.2132
-0.0031	69.8409	-10.1477	-0.0045	114.2147
-0.0031	69.8409	-10.1481	-0.0045	114.2161
-0.0031	69.8409	-10.1485	-0.0045	114.2175
-0.0031	69.8409	-10.1489	-0.0045	114.219
-0.0031	69.8409	-10.1493	-0.0045	114.2204
-0.0031	69.8409	-10.1497	-0.0045	114.2219
-0.0031	69.8409	-10.1501	-0.0045	114.2233
-0.0031	69.8409	-10.1505	-0.0045	114.2248
-0.0031	69.8409	-10.1509	-0.0045	114.2263
-0.0031	69.8409	-10.1513	-0.0045	114.2277
-0.0031	69.8409	-10.1517	-0.0045	114.2292
-0.0031	69.8409	-10.1521	-0.0045	114.2307
-0.0031	69.8409	-10.1525	-0.0045	114.2322
-0.0031	69.8409	-10.1529	-0.0045	114.2336
-0.0031	69.8409	-10.1533	-0.0045	114.2351
-0.0031	69.8409	-10.1537	-0.0045	114.2366
-0.0031	69.8409	-10.1541	-0.0045	114.2381
-0.0031	69.8409	-10.1546	-0.0045	114.2396
-0.0031	69.8409	-10.155	-0.0045	114.2411
-0.0031	69.8409	-10.1554	-0.0045	114.2426
-0.0031	69.8409	-10.1558	-0.0045	114.2441
-0.0031	69.8409	-10.1562	-0.0045	114.2456
-0.0031	69.8409	-10.1566	-0.0045	114.2471
-0.0031	69.8409	-10.157	-0.0045	114.2486
-0.0031	69.8409	-10.1575	-0.0045	114.2501
-0.0031	69.8409	-10.1579	-0.0045	114.2516
-0.0031	69.8409	-10.1583	-0.0045	114.2532
-0.0031	69.8409	-10.1587	-0.0045	114.2547
-0.0031	69.8409	-10.1591	-0.0045	114.2562
-0.0031	69.8409	-10.1596	-0.0045	114.2577
-0.0031	69.8409	-10.16	-0.0045	114.2593
-0.0031	69.8409	-10.1604	-0.0045	114.2608
-0.0031	69.8409	-10.1608	-0.0045	114.2624
-0.0031	69.8409	-10.1612	-0.0045	114.2639
-0.0031	69.8409	-10.1617	-0.0045	114.2655
-0.0031	69.8409	-10.1621	-0.0045	114.267
-0.0031	69.8409	-10.1625	-0.0045	114.2686
-0.0031	69.8409	-10.163	-0.0045	114.2701
-0.0031	69.8409	-10.1634	-0.0045	114.2717
-0.0031	69.8409	-10.1638	-0.0045	114.2732
-0.0031	69.8409	-10.1642	-0.0045	114.2748
-0.0031	69.8409	-10.1647	-0.0045	114.2764
-0.0031	69.8409	-10.1651	-0.0045	114.2779
-0.0031	69.8409	-10.1655	-0.0045	114.2795
-0.0031	69.8409	-10.166	-0.0045	114.2811
-0.0031	69.8409	-10.1664	-0.0045	114.2827
-0.0031	69.8409	-10.1669	-0.0045	114.2843
-0.0031	69.8409	-10.1673	-0.0045	114.2859
-0.0031	69.8409	-10.1677	-0.0045	114.2875
-0.0031	69.8409	-10.1682	-0.0045	114.289
-0.0031	69.8409	-10.1686	-0.0045	114.2906
-0.0031	69.8409	-10.169	-0.0045	114.2923
-0.0031	69.8409	-10.1695	-0.0045	114.2939
-0.0031	69.8409	-10.1699	-0.0045	114.2955
-0.0031	69.8409	-10.1704	-0.0045	114.2971
-0.0031	69.8409	-10.1708	-0.0045	114.2987
-0.0031	69.8409	-10.1713	-0.0045	114.3003
-0.0031	69.8409	-10.1717	-0.0045	114.3019
-0.0031	69.8409	-10.1722	-0.0045	114.3036
-0.0031	69.8409	-10.1726	-0.0045	114.3052
-0.0031	69.8409	-10.1731	-0.0045	114.3068
-0.0031	69.8409	-10.1735	-0.0045	114.3085
-0.0031	69.8409	-10.174	-0.0045	114.3101
-0.0031	69.8409	-10.1744	-0.0045	114.3117
-0.0031	69.8409	-10.1749	-0.0045	114.3134
-0.0031	69.8409	-10.1753	-0.0045	114.315
-0.0031	69.8409	-10.1758	-0.0045	114.3167
-0.0031	69.8409	-10.1762	-0.0045	114.3183
-0.0031	69.8409	-10.1767	-0.0045	114.32
-0.0031	69.8409	-10.1771	-0.0045	114.3217
-0.0031	69.8409	-10.1776	-0.0045	114.3233
-0.0031	69.8409	-10.1781	-0.0045	114.325
-0.0031	69.8409	-10.1785	-0.0045	114.3267
-0.0031	69.8409	-10.179	-0.0045	114.3283
-0.0031	69.8409	-10.1794	-0.0045	114.33
-0.0031	69.8409	-10.1799	-0.0045	114.3317
-0.0031	69.8409	-10.1804	-0.0045	114.3334
-0.0031	69.8409	-10.1808	-0.0045	114.3351
-0.0031	69.8409	-10.1813	-0.0045	114.3368
-0.0031	69.8409	-10.1818	-0.0045	114.3385
-0.0031	69.8409	-10.1822	-0.0045	114.3402
-0.0031	69.8409	-10.1827	-0.0045	114.3419
-0.0031	69.8409	-10.1832	-0.0045	114.3436
-0.0031	69.8409	-10.1836	-0.0045	114.3453
-0.0031	69.8409	-10.1841	-0.0045	114.347
-0.0031	69.8409	-10.1846	-0.0045	114.3487
-0.0031	69.8409	-10.1851	-0.0045	114.3504
-0.0031	69.8409	-10.1855	-0.0045	114.3521
-0.0031	69.8409	-10.186	-0.0045	114.3539
-0.0031	69.8409	-10.1865	-0.0045	114.3556
-0.0031	69.8409	-10.187	-0.0045	114.3573
-0.0031	69.8409	-10.1874	-0.0045	114.3591
-0.0031	69.8409	-10.1879	-0.0045	114.3608
-0.0031	69.8409	-10.1884	-0.0045	114.3625
-0.0031	69.8409	-10.1889	-0.0045	114.3643
-0.0031	69.8409	-10.1894	-0.0045	114.366
-0.0031	69.8409	-10.1898	-0.0045	114.3678
-0.0031	69.8409	-10.1903	-0.0045	114.3696
-0.0031	69.8409	-10.1908	-0.0045	114.3713
-0.0031	69.8409	-10.1913	-0.0045	114.3731
-0.0031	69.8409	-10.1918	-0.0045	114.3748
-0.0031	69.8409	-10.1923	-0.0045	114.3766
-0.0031	69.8409	-10.1928	-0.0045	114.3784
-0.0031	69.8409	-10.1933	-0.0045	114.3802
-0.0031	69.8409	-10.1937	-0.0045	114.3819
-0.0031	69.8409	-10.1942	-0.0045	114.3837
-0.0031	69.8409	-10.1947	-0.0045	114.3855
-0.0031	69.8409	-10.1952	-0.0045	114.3873
-0.0031	69.8409	-10.1957	-0.0045	114.3891
-0.0031	69.8409	-10.1962	-0.0045	114.3909
-0.0031	69.8409	-10.1967	-0.0045	114.3927
-0.0031	69.8409	-10.1972	-0.0045	114.3945
-0.0031	69.8409	-10.1977	-0.0045	114.3963
-0.0031	69.8409	-10.1982	-0.0045	114.3981
-0.0031	69.8409	-10.1987	-0.0045	114.3999
-0.0031	69.8409	-10.1992	-0.0045	114.4017
-0.0031	69.8409	-10.1997	-0.0045	114.4036
-0.0031	69.8409	-10.2002	-0.0045	114.4054
-0.0031	69.8409	-10.2007	-0.0045	114.4072
-0.0031	69.8409	-10.2012	-0.0045	114.409
-0.0031	69.8409	-10.2017	-0.0045	114.4109
-0.0031	69.8409	-10.2022	-0.0045	114.4127
-0.0031	69.8409	-10.2027	-0.0045	114.4145
-0.0031	69.8409	-10.2032	-0.0045	114.4164
-0.0031	69.8409	-10.2037	-0.0045	114.4182
-0.0031	69.8409	-10.2042	-0.0045	114.4201
-0.0031	69.8409	-10.2048	-0.0045	114.4219
-0.0031	69.8409	-10.2053	-0.0045	114.4238
-0.0031	69.8409	-10.2058	-0.0045	114.4257
-0.0031	69.8409	-10.2063	-0.0045	114.4275
-0.0031	69.8409	-10.2068	-0.0045	114.4294
-0.0031	69.8409	-10.2073	-0.0045	114.4313
-0.0031	69.8409	-10.2078	-0.0045	114.4331
-0.0031	69.8409	-10.2084	-0.0045	114.435
-0.0031	69.8409	-10.2089	-0.0045	114.4369
-0.0031	69.8409	-10.2094	-0.0045	114.4388
-0.0031	69.8409	-10.2099	-0.0045	114.4407
-0.0031	69.8409	-10.2104	-0.0045	114.4426
-0.0031	69.8409	-10.211	-0.0045	114.4445
-0.0031	69.8409	-10.2115	-0.0045	114.4464
-0.0031	69.8409	-10.212	-0.0045	114.4483
-0.0031	69.8409	-10.2125	-0.0045	114.4502
-0.0031	69.8409	-10.2131	-0.0045	114.4521
-0.0031	69.8409	-10.2136	-0.0045	114.454
-0.0031	69.8409	-10.2141	-0.0045	114.4559
-0.0031	69.8409	-10.2146	-0.0045	114.4578
-0.0031	69.8409	-10.2152	-0.0045	114.4598
-0.0031	69.8409	-10.2157	-0.0045	114.4617
-0.0031	69.8409	-10.2162	-0.0045	114.4636
-0.0031	69.8409	-10.2168	-0.0045	114.4656
-0.0031	69.8409	-10.2173	-0.0045	114.4675
-0.0031	69.8409	-10.2178	-0.0045	114.4694
-0.0031	69.8409	-10.2184	-0.0045	114.4714
-0.0031	69.8409	-10.2189	-0.0045	114.4733
-0.0031	69.8409	-10.2194	-0.0045	114.4753
-0.0031	69.8409	-10.22	-0.0045	114.4772
-0.0031	69.8409	-10.2205	-0.0045	114.4792
-0.0031	69.8409	-10.2211	-0.0045	114.4811
-0.0031	69.8409	-10.2216	-0.0045	114.4831
-0.0031	69.8409	-10.2221	-0.0045	114.4851
-0.0031	69.8409	-10.2227	-0.0045	114.4871
-0.0031	69.8409	-10.2232	-0.0045	114.489
-0.0031	69.8409	-10.2238	-0.0045	114.491
-0.0031	69.8409	-10.2243	-0.0045	114.493
-0.0031	69.8409	-10.2249	-0.0045	114.495
-0.0031	69.8409	-10.2254	-0.0045	114.497
-0.0031	69.8409	-10.226	-0.0045	114.499
-0.0031	69.8409	-10.2265	-0.0045	114.501
-0.0031	69.8409	-10.2271	-0.0045	114.503
-0.0031	69.8409	-10.2276	-0.0045	114.505
-0.0031	69.8409	-10.2282	-0.0045	114.507
-0.0031	69.8409	-10.2287	-0.0045	114.509
-0.0031	69.8409	-10.2293	-0.0045	114.511
-0.0031	69.8409	-10.2298	-0.0045	114.513
-0.0031	69.8409	-10.2304	-0.0045	114.515
-0.0031	69.8409	-10.2309	-0.0045	114.5171
-0.0031	69.8409	-10.2315	-0.0045	114.5191
-0.0031	69.8409	-10.2321	-0.0045	114.5211
-0.0031	69.8409	-10.2326	-0.0045	114.5232
-0.0031	69.8409	-10.2332	-0.0045	114.5252
-0.0031	69.8409	-10.2337	-0.0045	114.5272
-0.0031	69.8409	-10.2343	-0.0045	114.5293
-0.0031	69.8409	-10.2349	-0.0045	114.5313
-0.0031	69.8409	-10.2354	-0.0045	114.5334
-0.0031	69.8409	-10.236	-0.0045	114.5354
-0.0031	69.8409	-10.2366	-0.0045	114.5375
-0.0031	69.8409	-10.2371	-0.0045	114.5396
-0.0031	69.8409	-10.2377	-0.0045	114.5416
-0.0031	69.8409	-10.2383	-0.0045	114.5437
-0.0031	69.8409	-10.2389	-0.0045	114.5458
-0.0031	69.8409	-10.2394	-0.0045	114.5479
-0.0031	69.8409	-10.24	-0.0045	114.5499
-0.0031	69.8409	-10.2406	-0.0045	114.552
-0.0031	69.8409	-10.2411	-0.0045	114.5541
-0.0031	69.8409	-10.2417	-0.0045	114.5562
-0.0031	69.8409	-10.2423	-0.0045	114.5583
-0.0031	69.8409	-10.2429	-0.0045	114.5604
-0.0031	69.8409	-10.2435	-0.0045	114.5625
-0.0031	69.8409	-10.244	-0.0045	114.5646
-0.0031	69.8409	-10.2446	-0.0045	114.5667
-0.0031	69.8409	-10.2452	-0.0045	114.5688
-0.0031	69.8409	-10.2458	-0.0045	114.571
-0.0031	69.8409	-10.2464	-0.0045	114.5731
-0.0031	69.8409	-10.2469	-0.0045	114.5752
-0.0031	69.8409	-10.2475	-0.0045	114.5773
-0.0031	69.8409	-10.2481	-0.0045	114.5795
-0.0031	69.8409	-10.2487	-0.0045	114.5816
-0.0031	69.8409	-10.2493	-0.0045	114.5837
-0.0031	69.8409	-10.2499	-0.0045	114.5859
-0.0031	69.8409	-10.2505	-0.0045	114.588
-0.0031	69.8409	-10.2511	-0.0045	114.5902
-0.0031	69.8409	-10.2517	-0.0045	114.5923
-0.0031	69.8409	-10.2523	-0.0045	114.5945
-0.0031	69.8409	-10.2529	-0.0045	114.5966
-0.0031	69.8409	-10.2534	-0.0045	114.5988
-0.0031	69.8409	-10.254	-0.0045	114.601
-0.0031	69.8409	-10.2546	-0.0045	114.6031
-0.0031	69.8409	-10.2552	-0.0045	114.6053
-0.0031	69.8409	-10.2558	-0.0045	114.6075
-0.0031	69.8409	-10.2564	-0.0045	114.6097
-0.0031	69.8409	-10.257	-0.0045	114.6119
-0.0031	69.8409	-10.2576	-0.0045	114.614
-0.0031	69.8409	-10.2582	-0.0045	114.6162
-0.0031	69.8409	-10.2589	-0.0045	114.6184
-0.0031	69.8409	-10.2595	-0.0045	114.6206
-0.0031	69.8409	-10.2601	-0.0045	114.6228
-0.0031	69.8409	-10.2607	-0.0045	114.625
-0.0031	69.8409	-10.2613	-0.0045	114.6273
-0.0031	69.8409	-10.2619	-0.0045	114.6295
-0.0031	69.8409	-10.2625	-0.0045	114.6317
-0.0031	69.8409	-10.2631	-0.0045	114.6339
-0.0031	69.8409	-10.2637	-0.0045	114.6361
-0.0031	69.8409	-10.2643	-0.0045	114.6384
-0.0031	69.8409	-10.265	-0.0045	114.6406
-0.0031	69.8409	-10.2656	-0.0045	114.6428
-0.0031	69.8409	-10.2662	-0.0045	114.6451
-0.0031	69.8409	-10.2668	-0.0045	114.6473
-0.0031	69.8409	-10.2674	-0.0045	114.6496
-0.0031	69.8409	-10.268	-0.0045	114.6518
-0.0031	69.8409	-10.2687	-0.0045	114.6541
-0.0031	69.8409	-10.2693	-0.0045	114.6563
-0.0031	69.8409	-10.2699	-0.0045	114.6586
-0.0031	69.8409	-10.2705	-0.0045	114.6608
-0.0031	69.8409	-10.2712	-0.0045	114.6631
-0.0031	69.8409	-10.2718	-0.0045	114.6654
-0.0031	69.8409	-10.2724	-0.0045	114.6677
-0.0031	69.8409	-10.273	-0.0045	114.6699
-0.0031	69.8409	-10.2737	-0.0045	114.6722
-0.0031	69.8409	-10.2743	-0.0045	114.6745
-0.0031	69.8409	-10.2749	-0.0045	114.6768
-0.0031	69.8409	-10.2756	-0.0045	114.6791
-0.0031	69.8409	-10.2762	-0.0045	114.6814
-0.0031	69.8409	-10.2768	-0.0045	114.6837
-0.0031	69.8409	-10.2775	-0.0045	114.686
-0.0031	69.8409	-10.2781	-0.0045	114.6883
-0.0031	69.8409	-10.2787	-0.0045	114.6906
-0.0031	69.8409	-10.2794	-0.0045	114.6929
-0.0031	69.8409	-10.28	-0.0045	114.6953
-0.0031	69.8409	-10.2806	-0.0045	114.6976
-0.0031	69.8409	-10.2813	-0.0045	114.6999
-0.0031	69.8409	-10.2819	-0.0045	114.7022
-0.0031	69.8409	-10.2826	-0.0045	114.7046
-0.0031	69.8409	-10.2832	-0.0045	114.7069
-0.0031	69.8409	-10.2839	-0.0045	114.7092
-0.0031	69.8409	-10.2845	-0.0045	114.7116
-0.0031	69.8409	-10.2851	-0.0045	114.7139
-0.0031	69.8409	-10.2858	-0.0045	114.7163
-0.0031	69.8409	-10.2864	-0.0045	114.7186
-0.0031	69.8409	-10.2871	-0.0045	114.721
-0.0031	69.8409	-10.2877	-0.0045	114.7234
-0.0031	69.8409	-10.2884	-0.0045	114.7257
-0.0031	69.8409	-10.289	-0.0045	114.7281
-0.0031	69.8409	-10.2897	-0.0045	114.7305
-0.0031	69.8409	-10.2904	-0.0045	114.7329
-0.0031	69.8409	-10.291	-0.0045	114.7352
-0.0031	69.8409	-10.2917	-0.0045	114.7376
-0.0031	69.8409	-10.2923	-0.0045	114.74
-0.0031	69.8409	-10.293	-0.0045	114.7424
-0.0031	69.8409	-10.2936	-0.0045	114.7448
-0.0031	69.8409	-10.2943	-0.0045	114.7472
-0.0031	69.8409	-10.295	-0.0045	114.7496
-0.0031	69.8409	-10.2956	-0.0045	114.752
-0.0031	69.8409	-10.2963	-0.0045	114.7544
-0.0031	69.8409	-10.297	-0.0045	114.7568
-0.0031	69.8409	-10.2976	-0.0045	114.7593
-0.0031	69.8409	-10.2983	-0.0045	114.7617
-0.0031	69.8409	-10.299	-0.0045	114.7641
-0.0031	69.8409	-10.2996	-0.0045	114.7665
-0.0031	69.8409	-10.3003	-0.0045	114.769
-0.0031	69.8409	-10.301	-0.0045	114.7714
-0.0031	69.8409	-10.3016	-0.0045	114.7738
-0.0031	69.8409	-10.3023	-0.0045	114.7763
-0.0031	69.8409	-10.303	-0.0045	114.7787
-0.0031	69.8409	-10.3037	-0.0045	114.7812
-0.0031	69.8409	-10.3043	-0.0045	114.7836
-0.0031	69.8409	-10.305	-0.0045	114.7861
-0.0031	69.8409	-10.3057	-0.0045	114.7886
-0.0031	69.8409	-10.3064	-0.0045	114.791
-0.0031	69.8409	-10.3071	-0.0045	114.7935
-0.0031	69.8409	-10.3077	-0.0045	114.796
-0.0031	69.8409	-10.3084	-0.0045	114.7985
-0.0031	69.8409	-10.3091	-0.0045	114.8009
-0.0031	69.8409	-10.3098	-0.0045	114.8034
-0.0031	69.8409	-10.3105	-0.0045	114.8059
-0.0031	69.8409	-10.3112	-0.0045	114.8084
-0.0031	69.8409	-10.3118	-0.0045	114.8109
-0.0031	69.8409	-10.3125	-0.0045	114.8134
-0.0031	69.8409	-10.3132	-0.0045	114.8159
-0.0031	69.8409	-10.3139	-0.0045	114.8184
-0.0031	69.8409	-10.3146	-0.0045	114.8209
-0.0031	69.8409	-10.3153	-0.0045	114.8234
-0.0031	69.8409	-10.316	-0.0045	114.826
-0.0031	69.8409	-10.3167	-0.0045	114.8285
-0.0031	69.8409	-10.3174	-0.0045	114.831
-0.0031	69.8409	-10.3181	-0.0045	114.8335
-0.0031	69.8409	-10.3188	-0.0045	114.8361
-0.0031	69.8409	-10.3195	-0.0045	114.8386
-0.0031	69.8409	-10.3202	-0.0045	114.8411
-0.0031	69.8409	-10.3209	-0.0045	114.8437
-0.0031	69.8409	-10.3216	-0.0045	114.8462
-0.0031	69.8409	-10.3223	-0.0045	114.8488
-0.0031	69.8409	-10.323	-0.0045	114.8513
-0.0031	69.8409	-10.3237	-0.0045	114.8539
-0.0031	69.8409	-10.3244	-0.0045	114.8565
-0.0031	69.8409	-10.3251	-0.0045	114.859
-0.0031	69.8409	-10.3258	-0.0045	114.8616
-0.0031	69.8409	-10.3265	-0.0045	114.8642
-0.0031	69.8409	-10.3272	-0.0045	114.8668
-0.0031	69.8409	-10.3279	-0.0045	114.8693
-0.0031	69.8409	-10.3286	-0.0045	114.8719
-0.0031	69.8409	-10.3294	-0.0045	114.8745
-0.0031	69.8409	-10.3301	-0.0045	114.8771
-0.0031	69.8409	-10.3308	-0.0045	114.8797
-0.0031	69.8409	-10.3315	-0.0045	114.8823
-0.0031	69.8409	-10.3322	-0.0045	114.8849
-0.0031	69.8409	-10.3329	-0.0045	114.8875
-0.0031	69.8409	-10.3337	-0.0045	114.8901
-0.0031	69.8409	-10.3344	-0.0045	114.8928
-0.0031	69.8409	-10.3351	-0.0045	114.8954
-0.0031	69.8409	-10.3358	-0.0045	114.898
-0.0031	69.8409	-10.3365	-0.0045	114.9006
-0.0031	69.8409	-10.3373	-0.0045	114.9033
-0.0031	69.8409	-10.338	-0.0045	114.9059
-0.0031	69.8409	-10.3387	-0.0045	114.9085
-0.0031	69.8409	-10.3394	-0.0045	114.9112
-0.0031	69.8409	-10.3402	-0.0045	114.9138
-0.0031	69.8409	-10.3409	-0.0045	114.9165
-0.0031	69.8409	-10.3416	-0.0045	114.9191
-0.0031	69.8409	-10.3424	-0.0045	114.9218
-0.0031	69.8409	-10.3431	-0.0045	114.9244
-0.0031	69.8409	-10.3438	-0.0045	114.9271
-0.0031	69.8409	-10.3446	-0.0045	114.9298
-0.0031	69.8409	-10.3453	-0.0045	114.9324
-0.0031	69.8409	-10.346	-0.0045	114.9351
-0.0031	69.8409	-10.3468	-0.0045	114.9378
-0.0031	69.8409	-10.3475	-0.0045	114.9405
-0.0031	69.8409	-10.3483	-0.0045	114.9432
-0.0031	69.8409	-10.349	-0.0045	114.9459
-0.0031	69.8409	-10.3497	-0.0045	114.9486
-0.0031	69.8409	-10.3505	-0.0045	114.9513
-0.0031	69.8409	-10.3512	-0.0045	114.954
-0.0031	69.8409	-10.352	-0.0045	114.9567
-0.0031	69.8409	-10.3527	-0.0045	114.9594
-0.0031	69.8409	-10.3535	-0.0045	114.9621
-0.0031	69.8409	-10.3542	-0.0045	114.9648
-0.0031	69.8409	-10.355	-0.0045	114.9675
-0.0031	69.8409	-10.3557	-0.0045	114.9703
-0.0031	69.8409	-10.3565	-0.0045	114.973
-0.0031	69.8409	-10.3572	-0.0045	114.9757
-0.0031	69.8409	-10.358	-0.0045	114.9785
-0.0031	69.8409	-10.3587	-0.0045	114.9812
-0.0031	69.8409	-10.3595	-0.0045	114.9839
-0.0031	69.8409	-10.3602	-0.0045	114.9867
-0.0031	69.8409	-10.361	-0.0045	114.9894
-0.0031	69.8409	-10.3618	-0.0045	114.9922
-0.0031	69.8409	-10.3625	-0.0045	114.995
-0.0031	69.8409	-10.3633	-0.0045	114.9977
-0.0031	69.8409	-10.364	-0.0045	115.0005
-0.0031	69.8409	-10.3648	-0.0045	115.0033
-0.0031	69.8409	-10.3656	-0.0045	115.006
-0.0031	69.8409	-10.3663	-0.0045	115.0088
-0.0031	69.8409	-10.3671	-0.0045	115.0116
-0.0031	69.8409	-10.3679	-0.0045	115.0144
-0.0031	69.8409	-10.3686	-0.0045	115.0172
-0.0031	69.8409	-10.3694	-0.0045	115.02
-0.0031	69.8409	-10.3702	-0.0045	115.0228
-0.0031	69.8409	-10.3709	-0.0045	115.0256
-0.0031	69.8409	-10.3717	-0.0045	115.0284
-0.0031	69.8409	-10.3725	-0.0045	115.0312
-0.0031	69.8409	-10.3733	-0.0045	115.034
-0.0031	69.8409	-10.374	-0.0045	115.0368
-0.0031	69.8409	-10.3748	-0.0045	115.0396
-0.0031	69.8409	-10.3756	-0.0045	115.0425
-0.0031	69.8409	-10.3764	-0.0045	115.0453
-0.0031	69.8409	-10.3772	-0.0045	115.0481
-0.0031	69.8409	-10.3779	-0.0045	115.0509
-0.0031	69.8409	-10.3787	-0.0045	115.0538
-0.0031	69.8409	-10.3795	-0.0045	115.0566
-0.0031	69.8409	-10.3803	-0.0045	115.0595
-0.0031	69.8409	-10.3811	-0.0045	115.0623
-0.0031	69.8409	-10.3819	-0.0045	115.0652
-0.0031	69.8409	-10.3826	-0.0045	115.068
-0.0031	69.8409	-10.3834	-0.0045	115.0709
-0.0031	69.8409	-10.3842	-0.0045	115.0738
-0.0031	69.8409	-10.385	-0.0045	115.0766
-0.0031	69.8409	-10.3858	-0.0045	115.0795
-0.0031	69.8409	-10.3866	-0.0045	115.0824
-0.0031	69.8409	-10.3874	-0.0045	115.0853
-0.0031	69.8409	-10.3882	-0.0045	115.0882
-0.0031	69.8409	-10.389	-0.0045	115.091
-0.0031	69.8409	-10.3898	-0.0045	115.0939
-0.0031	69.8409	-10.3906	-0.0045	115.0968
-0.0031	69.8409	-10.3914	-0.0045	115.0997
-0.0031	69.8409	-10.3922	-0.0045	115.1026
-0.0031	69.8409	-10.393	-0.0045	115.1056
-0.0031	69.8409	-10.3938	-0.0045	115.1085
-0.0031	69.8409	-10.3946	-0.0045	115.1114
-0.0031	69.8409	-10.3954	-0.0045	115.1143
-0.0031	69.8409	-10.3962	-0.0045	115.1172
-0.0031	69.8409	-10.397	-0.0045	115.1202
-0.0031	69.8409	-10.3978	-0.0045	115.1231
-0.0031	69.8409	-10.3986	-0.0045	115.126
-0.0031	69.8409	-10.3994	-0.0045	115.129
-0.0031	69.8409	-10.4002	-0.0045	115.1319
-0.0031	69.8409	-10.401	-0.0045	115.1349
-0.0031	69.8409	-10.4018	-0.0045	115.1378
-0.0031	69.8409	-10.4027	-0.0045	115.1408
-0.0031	69.8409	-10.4035	-0.0045	115.1437
-0.0031	69.8409	-10.4043	-0.0045	115.1467
-0.0031	69.8409	-10.4051	-0.0045	115.1496
-0.0031	69.8409	-10.4059	-0.0045	115.1526
-0.0031	69.8409	-10.4067	-0.0045	115.1556
-0.0031	69.8409	-10.4076	-0.0045	115.1586
-0.0031	69.8409	-10.4084	-0.0045	115.1615
-0.0031	69.8409	-10.4092	-0.0045	115.1645
-0.0031	69.8409	-10.41	-0.0045	115.1675
-0.0031	69.8409	-10.4109	-0.0045	115.1705
-0.0031	69.8409	-10.4117	-0.0045	115.1735
-0.0031	69.8409	-10.4125	-0.0045	115.1765
-0.0031	69.8409	-10.4133	-0.0045	115.1795
-0.0031	69.8409	-10.4142	-0.0045	115.1825
-0.0031	69.8409	-10.415	-0.0045	115.1855
-0.0031	69.8409	-10.4158	-0.0045	115.1886
-0.0031	69.8409	-10.4167	-0.0045	115.1916
-0.0031	69.8409	-10.4175	-0.0045	115.1946
-0.0031	69.8409	-10.4183	-0.0045	115.1976
-0.0031	69.8409	-10.4192	-0.0045	115.2007
-0.0031	69.8409	-10.42	-0.0045	115.2037
-0.0031	69.8409	-10.4208	-0.0045	115.2067
-0.0031	69.8409	-10.4217	-0.0045	115.2098
-0.0031	69.8409	-10.4225	-0.0045	115.2128
-0.0031	69.8409	-10.4233	-0.0045	115.2159
-0.0031	69.8409	-10.4242	-0.0045	115.2189
-0.0031	69.8409	-10.425	-0.0045	115.222
-0.0031	69.8409	-10.4259	-0.0045	115.2251
-0.0031	69.8409	-10.4267	-0.0045	115.2281
-0.0031	69.8409	-10.4276	-0.0045	115.2312
-0.0031	69.8409	-10.4284	-0.0045	115.2343
-0.0031	69.8409	-10.4293	-0.0045	115.2374
-0.0031	69.8409	-10.4301	-0.0045	115.2404
-0.0031	69.8409	-10.431	-0.0045	115.2435
-0.0031	69.8409	-10.4318	-0.0045	115.2466
-0.0031	69.8409	-10.4327	-0.0045	115.2497
-0.0031	69.8409	-10.4335	-0.0045	115.2528
-0.0031	69.8409	-10.4344	-0.0045	115.2559
-0.0031	69.8409	-10.4352	-0.0045	115.259
-0.0031	69.8409	-10.4361	-0.0045	115.2621
-0.0031	69.8409	-10.4369	-0.0045	115.2652
-0.0031	69.8409	-10.4378	-0.0045	115.2683
-0.0031	69.8409	-10.4386	-0.0045	115.2715
-0.0031	69.8409	-10.4395	-0.0045	115.2746
-0.0031	69.8409	-10.4404	-0.0045	115.2777
-0.0031	69.8409	-10.4412	-0.0045	115.2809
-0.0031	69.8409	-10.4421	-0.0045	115.284
-0.0031	69.8409	-10.443	-0.0045	115.2871
-0.0031	69.8409	-10.4438	-0.0045	115.2903
-0.0031	69.8409	-10.4447	-0.0045	115.2934
-0.0031	69.8409	-10.4456	-0.0045	115.2966
-0.0031	69.8409	-10.4464	-0.0045	115.2997
-0.0031	69.8409	-10.4473	-0.0045	115.3029
-0.0031	69.8409	-10.4482	-0.0045	115.3061
-0.0031	69.8409	-10.449	-0.0045	115.3092
-0.0031	69.8409	-10.4499	-0.0045	115.3124
-0.0031	69.8409	-10.4508	-0.0045	115.3156
-0.0031	69.8409	-10.4517	-0.0045	115.3188
-0.0031	69.8409	-10.4525	-0.0045	115.3219
-0.0031	69.8409	-10.4534	-0.0045	115.3251
-0.0031	69.8409	-10.4543	-0.0045	115.3283
-0.0031	69.8409	-10.4552	-0.0045	115.3315
-0.0031	69.8409	-10.4561	-0.0045	115.3347
-0.0031	69.8409	-10.4569	-0.0045	115.3379
-0.0031	69.8409	-10.4578	-0.0045	115.3411
-0.0031	69.8409	-10.4587	-0.0045	115.3443
-0.0031	69.8409	-10.4596	-0.0045	115.3475
-0.0031	69.8409	-10.4605	-0.0045	115.3508
-0.0031	69.8409	-10.4614	-0.0045	115.354
-0.0031	69.8409	-10.4623	-0.0045	115.3572
-0.0031	69.8409	-10.4631	-0.0045	115.3604
-0.0031	69.8409	-10.464	-0.0045	115.3637
-0.0031	69.8409	-10.4649	-0.0045	115.3669
-0.0031	69.8409	-10.4658	-0.0045	115.3702
-0.0031	69.8409	-10.4667	-0.0045	115.3734
-0.0031	69.8409	-10.4676	-0.0045	115.3767
-0.0031	69.8409	-10.4685	-0.0045	115.3799
-0.0031	69.8409	-10.4694	-0.0045	115.3832
-0.0031	69.8409	-10.4703	-0.0045	115.3864
-0.0031	69.8409	-10.4712	-0.0045	115.3897
-0.0031	69.8409	-10.4721	-0.0045	115.393
-0.0031	69.8409	-10.473	-0.0045	115.3962
-0.0031	69.8409	-10.4739	-0.0045	115.3995
-0.0031	69.8409	-10.4748	-0.0045	115.4028
-0.0031	69.8409	-10.4757	-0.0045	115.4061
-0.0031	69.8409	-10.4766	-0.0045	115.4094
-0.0031	69.8409	-10.4775	-0.0045	115.4127
-0.0031	69.8409	-10.4784	-0.0045	115.416
-0.0031	69.8409	-10.4793	-0.0045	115.4193
-0.0031	69.8409	-10.4802	-0.0045	115.4226
-0.0031	69.8409	-10.4812	-0.0045	115.4259
-0.0031	69.8409	-10.4821	-0.0045	115.4292
-0.0031	69.8409	-10.483	-0.0045	115.4325
-0.0031	69.8409	-10.4839	-0.0045	115.4358
-0.0031	69.8409	-10.4848	-0.0045	115.4391
-0.0031	69.8409	-10.4857	-0.0045	115.4425
-0.0031	69.8409	-10.4866	-0.0045	115.4458
-0.0031	69.8409	-10.4876	-0.0045	115.4491
-0.0031	69.8409	-10.4885	-0.0045	115.4525
-0.0031	69.8409	-10.4894	-0.0045	115.4558
-0.0031	69.8409	-10.4903	-0.0045	115.4592
-0.0031	69.8409	-10.4912	-0.0045	115.4625
-0.0031	69.8409	-10.4922	-0.0045	115.4659
-0.0031	69.8409	-10.4931	-0.0045	115.4692
-0.0031	69.8409	-10.494	-0.0045	115.4726
-0.0031	69.8409	-10.4949	-0.0045	115.476
-0.0031	69.8409	-10.4959	-0.0045	115.4793
-0.0031	69.8409	-10.4968	-0.0045	115.4827
-0.0031	69.8409	-10.4977	-0.0045	115.4861
-0.0031	69.8409	-10.4987	-0.0045	115.4895
-0.0031	69.8409	-10.4996	-0.0045	115.4929
-0.0031	69.8409	-10.5005	-0.0045	115.4963
-0.0031	69.8409	-10.5015	-0.0045	115.4997
-0.0031	69.8409	-10.5024	-0.0045	115.5031
-0.0031	69.8409	-10.5033	-0.0045	115.5065
-0.0031	69.8409	-10.5043	-0.0045	115.5099
-0.0031	69.8409	-10.5052	-0.0045	115.5133
-0.0031	69.8409	-10.5062	-0.0045	115.5167
-0.0031	69.8409	-10.5071	-0.0045	115.5201
-0.0031	69.8409	-10.508	-0.0045	115.5235
-0.0031	69.8409	-10.509	-0.0045	115.527
-0.0031	69.8409	-10.5099	-0.0045	115.5304
-0.0031	69.8409	-10.5109	-0.0045	115.5338
-0.0031	69.8409	-10.5118	-0.0045	115.5373
-0.0031	69.8409	-10.5128	-0.0045	115.5407
-0.0031	69.8409	-10.5137	-0.0045	115.5442
-0.0031	69.8409	-10.5147	-0.0045	115.5476
-0.0031	69.8409	-10.5156	-0.0045	115.5511
-0.0031	69.8409	-10.5166	-0.0045	115.5545
-0.0031	69.8409	-10.5175	-0.0045	115.558
-0.0031	69.8409	-10.5185	-0.0045	115.5614
-0.0031	69.8409	-10.5194	-0.0045	115.5649
-0.0031	69.8409	-10.5204	-0.0045	115.5684
-0.0031	69.8409	-10.5213	-0.0045	115.5719
-0.0031	69.8409	-10.5223	-0.0045	115.5753
-0.0031	69.8409	-10.5233	-0.0045	115.5788
-0.0031	69.8409	-10.5242	-0.0045	115.5823
-0.0031	69.8409	-10.5252	-0.0045	115.5858
-0.0031	69.8409	-10.5262	-0.0045	115.5893
-0.0031	69.8409	-10.5271	-0.0045	115.5928
-0.0031	69.8409	-10.5281	-0.0045	115.5963
-0.0031	69.8409	-10.529	-0.0045	115.5998
-0.0031	69.8409	-10.53	-0.0045	115.6033
-0.0031	69.8409	-10.531	-0.0045	115.6069
-0.0031	69.8409	-10.532	-0.0045	115.6104
-0.0031	69.8409	-10.5329	-0.0045	115.6139
-0.0031	69.8409	-10.5339	-0.0045	115.6174
-0.0031	69.8409	-10.5349	-0.0045	115.621
-0.0031	69.8409	-10.5358	-0.0045	115.6245
-0.0031	69.8409	-10.5368	-0.0045	115.628
-0.0031	69.8409	-10.5378	-0.0045	115.6316
-0.0031	69.8409	-10.5388	-0.0045	115.6351
-0.0031	69.8409	-10.5397	-0.0045	115.6387
-0.0031	69.8409	-10.5407	-0.0045	115.6423
-0.0031	69.8409	-10.5417	-0.0045	115.6458
-0.0031	69.8409	-10.5427	-0.0045	115.6494
-0.0031	69.8409	-10.5437	-0.0045	115.6529
-0.0031	69.8409	-10.5447	-0.0045	115.6565
-0.0031	69.8409	-10.5456	-0.0045	115.6601
-0.0031	69.8409	-10.5466	-0.0045	115.6637
-0.0031	69.8409	-10.5476	-0.0045	115.6673
-0.0031	69.8409	-10.5486	-0.0045	115.6708
-0.0031	69.8409	-10.5496	-0.0045	115.6744
-0.0031	69.8409	-10.5506	-0.0045	115.678
-0.0031	69.8409	-10.5516	-0.0045	115.6816
-0.0031	69.8409	-10.5526	-0.0045	115.6852
-0.0031	69.8409	-10.5536	-0.0045	115.6888
-0.0031	69.8409	-10.5546	-0.0045	115.6925
-0.0031	69.8409	-10.5555	-0.0045	115.6961
-0.0031	69.8409	-10.5565	-0.0045	115.6997
-0.0031	69.8409	-10.5575	-0.0045	115.7033
-0.0031	69.8409	-10.5585	-0.0045	115.7069
-0.0031	69.8409	-10.5595	-0.0045	115.7106
-0.0031	69.8409	-10.5605	-0.0045	115.7142
-0.0031	69.8409	-10.5615	-0.0045	115.7179
-0.0031	69.8409	-10.5625	-0.0045	115.7215
-0.0031	69.8409	-10.5636	-0.0045	115.7251
-0.0031	69.8409	-10.5646	-0.0045	115.7288
-0.0031	69.8409	-10.5656	-0.0045	115.7325
-0.0031	69.8409	-10.5666	-0.0045	115.7361
-0.0031	69.8409	-10.5676	-0.0045	115.7398
-0.0031	69.8409	-10.5686	-0.0045	115.7434
-0.0031	69.8409	-10.5696	-0.0045	115.7471
-0.0031	69.8409	-10.5706	-0.0045	115.7508
-0.0031	69.8409	-10.5716	-0.0045	115.7545
-0.0031	69.8409	-10.5726	-0.0045	115.7582
-0.0031	69.8409	-10.5737	-0.0045	115.7618
-0.0031	69.8409	-10.5747	-0.0045	115.7655
-0.0031	69.8409	-10.5757	-0.0045	115.7692
-0.0031	69.8409	-10.5767	-0.0045	115.7729
-0.0031	69.8409	-10.5777	-0.0045	115.7766
-0.0031	69.8409	-10.5787	-0.0045	115.7803
-0.0031	69.8409	-10.5798	-0.0045	115.7841
-0.0031	69.8409	-10.5808	-0.0045	115.7878
-0.0031	69.8409	-10.5818	-0.0045	115.7915
-0.0031	69.8409	-10.5828	-0.0045	115.7952
-0.0031	69.8409	-10.5839	-0.0045	115.7989
-0.0031	69.8409	-10.5849	-0.0045	115.8027
-0.0031	69.8409	-10.5859	-0.0045	115.8064
-0.0031	69.8409	-10.587	-0.0045	115.8101
-0.0031	69.8409	-10.588	-0.0045	115.8139
-0.0031	69.8409	-10.589	-0.0045	115.8176
-0.0031	69.8409	-10.59	-0.0045	115.8214
-0.0031	69.8409	-10.5911	-0.0045	115.8251
-0.0031	69.8409	-10.5921	-0.0045	115.8289
-0.0031	69.8409	-10.5932	-0.0045	115.8327
-0.0031	69.8409	-10.5942	-0.0045	115.8364
-0.0031	69.8409	-10.5952	-0.0045	115.8402
-0.0031	69.8409	-10.5963	-0.0045	115.844
-0.0031	69.8409	-10.5973	-0.0045	115.8478
-0.0031	69.8409	-10.5983	-0.0045	115.8515
-0.0031	69.8409	-10.5994	-0.0045	115.8553
-0.0031	69.8409	-10.6004	-0.0045	115.8591
-0.0031	69.8409	-10.6015	-0.0045	115.8629
-0.0031	69.8409	-10.6025	-0.0045	115.8667
-0.0031	69.8409	-10.6036	-0.0045	115.8705
-0.0031	69.8409	-10.6046	-0.0045	115.8743
-0.0031	69.8409	-10.6057	-0.0045	115.8781
-0.0031	69.8409	-10.6067	-0.0045	115.8819
-0.0031	69.8409	-10.6078	-0.0045	115.8858
-0.0031	69.8409	-10.6088	-0.0045	115.8896
-0.0031	69.8409	-10.6099	-0.0045	115.8934
-0.0031	69.8409	-10.6109	-0.0045	115.8972
-0.0031	69.8409	-10.612	-0.0045	115.9011
-0.0031	69.8409	-10.613	-0.0045	115.9049
-0.0031	69.8409	-10.6141	-0.0045	115.9088
-0.0031	69.8409	-10.6152	-0.0045	115.9126
-0.0031	69.8409	-10.6162	-0.0045	115.9165
-0.0031	69.8409	-10.6173	-0.0045	115.9203
-0.0031	69.8409	-10.6183	-0.0045	115.9242
-0.0031	69.8409	-10.6194	-0.0045	115.928
-0.0031	69.8409	-10.6205	-0.0045	115.9319
-0.0031	69.8409	-10.6215	-0.0045	115.9358
-0.0031	69.8409	-10.6226	-0.0045	115.9396
-0.0031	69.8409	-10.6237	-0.0045	115.9435
-0.0031	69.8409	-10.6247	-0.0045	115.9474
-0.0031	69.8409	-10.6258	-0.0045	115.9513
-0.0031	69.8409	-10.6269	-0.0045	115.9552
-0.0031	69.8409	-10.628	-0.0045	115.9591
-0.0031	69.8409	-10.629	-0.0045	115.963
-0.0031	69.8409	-10.6301	-0.0045	115.9669
-0.0031	69.8409	-10.6312	-0.0045	115.9708
-0.0031	69.8409	-10.6323	-0.0045	115.9747
-0.0031	69.8409	-10.6333	-0.0045	115.9786
-0.0031	69.8409	-10.6344	-0.0045	115.9825
-0.0031	69.8409	-10.6355	-0.0045	115.9864
-0.0031	69.8409	-10.6366	-0.0045	115.9904
-0.0031	69.8409	-10.6377	-0.0045	115.9943
-0.0031	69.8409	-10.6387	-0.0045	115.9982
-0.0031	69.8409	-10.6398	-0.0045	116.0022
-0.0031	69.8409	-10.6409	-0.0045	116.0061
-0.0031	69.8409	-10.642	-0.0045	116.0101
-0.0031	69.8409	-10.6431	-0.0045	116.014
-0.0031	69.8409	-10.6442	-0.0045	116.018
-0.0031	69.8409	-10.6453	-0.0045	116.0219
-0.0031	69.8409	-10.6463	-0.0045	116.0259
-0.0031	69.8409	-10.6474	-0.0045	116.0298
-0.0031	69.8409	-10.6485	-0.0045	116.0338
-0.0031	69.8409	-10.6496	-0.0045	116.0378
-0.0031	69.8409	-10.6507	-0.0045	116.0418
-0.0031	69.8409	-10.6518	-0.0045	116.0458
-0.0031	69.8409	-10.6529	-0.0045	116.0497
-0.0031	69.8409	-10.654	-0.0045	116.0537
-0.0031	69.8409	-10.6551	-0.0045	116.0577
-0.0031	69.8409	-10.6562	-0.0045	116.0617
-0.0031	69.8409	-10.6573	-0.0045	116.0657
-0.0031	69.8409	-10.6584	-0.0045	116.0697
-0.0031	69.8409	-10.6595	-0.0045	116.0737
-0.0031	69.8409	-10.6606	-0.0045	116.0777
-0.0031	69.8409	-10.6617	-0.0045	116.0818
-0.0031	69.8409	-10.6628	-0.0045	116.0858
-0.0031	69.8409	-10.6639	-0.0045	116.0898
-0.0031	69.8409	-10.6651	-0.0045	116.0938
-0.0031	69.8409	-10.6662	-0.0045	116.0979
-0.0031	69.8409	-10.6673	-0.0045	116.1019
-0.0031	69.8409	-10.6684	-0.0045	116.106
-0.0031	69.8409	-10.6695	-0.0045	116.11
-0.0031	69.8409	-10.6706	-0.0045	116.1141
-0.0031	69.8409	-10.6717	-0.0045	116.1181
-0.0031	69.8409	-10.6729	-0.0045	116.1222
-0.0031	69.8409	-10.674	-0.0045	116.1262
-0.0031	69.8409	-10.6751	-0.0045	116.1303
-0.0031	69.8409	-10.6762	-0.0045	116.1344
-0.0031	69.8409	-10.6773	-0.0045	116.1384
-0.0031	69.8409	-10.6785	-0.0045	116.1425
-0.0031	69.8409	-10.6796	-0.0045	116.1466
-0.0031	69.8409	-10.6807	-0.0045	116.1507
-0.0031	69.8409	-10.6818	-0.0045	116.1548
-0.0031	69.8409	-10.683	-0.0045	116.1589
-0.0031	69.8409	-10.6841	-0.0045	116.163
-0.0031	69.8409	-10.6852	-0.0045	116.1671
-0.0031	69.8409	-10.6863	-0.0045	116.1712
-0.0031	69.8409	-10.6875	-0.0045	116.1753
-0.0031	69.8409	-10.6886	-0.0045	116.1794
-0.0031	69.8409	-10.6897	-0.0045	116.1835
-0.0031	69.8409	-10.6909	-0.0045	116.1876
-0.0031	69.8409	-10.692	-0.0045	116.1918
-0.0031	69.8409	-10.6932	-0.0045	116.1959
-0.0031	69.8409	-10.6943	-0.0045	116.2
-0.0031	69.8409	-10.6954	-0.0045	116.2042
-0.0031	69.8409	-10.6966	-0.0045	116.2083
-0.0031	69.8409	-10.6977	-0.0045	116.2124
-0.0031	69.8409	-10.6989	-0.0045	116.2166
-0.0031	69.8409	-10.7	-0.0045	116.2207
-0.0031	69.8409	-10.7011	-0.0045	116.2249
-0.0031	69.8409	-10.7023	-0.0045	116.2291
-0.0031	69.8409	-10.7034	-0.0045	116.2332
-0.0031	69.8409	-10.7046	-0.0045	116.2374
-0.0031	69.8409	-10.7057	-0.0045	116.2416
-0.0031	69.8409	-10.7069	-0.0045	116.2457
-0.0031	69.8409	-10.708	-0.0045	116.2499
-0.0031	69.8409	-10.7092	-0.0045	116.2541
-0.0031	69.8409	-10.7103	-0.0045	116.2583
-0.0031	69.8409	-10.7115	-0.0045	116.2625
-0.0031	69.8409	-10.7126	-0.0045	116.2667
-0.0031	69.8409	-10.7138	-0.0045	116.2709
-0.0031	69.8409	-10.715	-0.0045	116.2751
-0.0031	69.8409	-10.7161	-0.0045	116.2793
-0.0031	69.8409	-10.7173	-0.0045	116.2835
-0.0031	69.8409	-10.7184	-0.0045	116.2877
-0.0031	69.8409	-10.7196	-0.0045	116.292
-0.0031	69.8409	-10.7208	-0.0045	116.2962
-0.0031	69.8409	-10.7219	-0.0045	116.3004
-0.0031	69.8409	-10.7231	-0.0045	116.3046
-0.0031	69.8409	-10.7243	-0.0045	116.3089
-0.0031	69.8409	-10.7254	-0.0045	116.3131
-0.0031	69.8409	-10.7266	-0.0045	116.3174
-0.0031	69.8409	-10.7278	-0.0045	116.3216
-0.0031	69.8409	-10.7289	-0.0045	116.3259
-0.0031	69.8409	-10.7301	-0.0045	116.3301
-0.0031	69.8409	-10.7313	-0.0045	116.3344
-0.0031	69.8409	-10.7325	-0.0045	116.3387
-0.0031	69.8409	-10.7336	-0.0045	116.3429
-0.0031	69.8409	-10.7348	-0.0045	116.3472
-0.0031	69.8409	-10.736	-0.0045	116.3515
-0.0031	69.8409	-10.7372	-0.0045	116.3558
-0.0031	69.8409	-10.7383	-0.0045	116.36
-0.0031	69.8409	-10.7395	-0.0045	116.3643
-0.0031	69.8409	-10.7407	-0.0045	116.3686
-0.0031	69.8409	-10.7419	-0.0045	116.3729
-0.0031	69.8409	-10.7431	-0.0045	116.3772
-0.0031	69.8409	-10.7443	-0.0045	116.3815
-0.0031	69.8409	-10.7454	-0.0045	116.3858
-0.0031	69.8409	-10.7466	-0.0045	116.3901
-0.0031	69.8409	-10.7478	-0.0045	116.3945
-0.0031	69.8409	-10.749	-0.0045	116.3988
-0.0031	69.8409	-10.7502	-0.0045	116.4031
-0.0031	69.8409	-10.7514	-0.0045	116.4074
-0.0031	69.8409	-10.7526	-0.0045	116.4118
-0.0031	69.8409	-10.7538	-0.0045	116.4161
-0.0031	69.8409	-10.755	-0.0045	116.4204
-0.0031	69.8409	-10.7562	-0.0045	116.4248
-0.0031	69.8409	-10.7574	-0.0045	116.4291
-0.0031	69.8409	-10.7586	-0.0045	116.4335
-0.0031	69.8409	-10.7598	-0.0045	116.4378
-0.0031	69.8409	-10.761	-0.0045	116.4422
-0.0031	69.8409	-10.7622	-0.0045	116.4466
-0.0031	69.8409	-10.7634	-0.0045	116.4509
-0.0031	69.8409	-10.7646	-0.0045	116.4553
-0.0031	69.8409	-10.7658	-0.0045	116.4597
-0.0031	69.8409	-10.767	-0.0045	116.4641
-0.0031	69.8409	-10.7682	-0.0045	116.4685
-0.0031	69.8409	-10.7694	-0.0045	116.4728
-0.0031	69.8409	-10.7706	-0.0045	116.4772
-0.0031	69.8409	-10.7718	-0.0045	116.4816
-0.0031	69.8409	-10.773	-0.0045	116.486
-0.0031	69.8409	-10.7742	-0.0045	116.4904
-0.0031	69.8409	-10.7755	-0.0045	116.4948
-0.0031	69.8409	-10.7767	-0.0045	116.4993
-0.0031	69.8409	-10.7779	-0.0045	116.5037
-0.0031	69.8409	-10.7791	-0.0045	116.5081
-0.0031	69.8409	-10.7803	-0.0045	116.5125
-0.0031	69.8409	-10.7815	-0.0045	116.5169
-0.0031	69.8409	-10.7828	-0.0045	116.5214
-0.0031	69.8409	-10.784	-0.0045	116.5258
-0.0031	69.8409	-10.7852	-0.0045	116.5303
-0.0031	69.8409	-10.7864	-0.0045	116.5347
-0.0031	69.8409	-10.7877	-0.0045	116.5391
-0.0031	69.8409	-10.7889	-0.0045	116.5436
-0.0031	69.8409	-10.7901	-0.0045	116.5481
-0.0031	69.8409	-10.7913	-0.0045	116.5525
-0.0031	69.8409	-10.7926	-0.0045	116.557
-0.0031	69.8409	-10.7938	-0.0045	116.5614
-0.0031	69.8409	-10.795	-0.0045	116.5659
-0.0031	69.8409	-10.7963	-0.0045	116.5704
-0.0031	69.8409	-10.7975	-0.0045	116.5749
-0.0031	69.8409	-10.7987	-0.0045	116.5794
-0.0031	69.8409	-10.8	-0.0045	116.5838
-0.0031	69.8409	-10.8012	-0.0045	116.5883
-0.0031	69.8409	-10.8024	-0.0045	116.5928
-0.0031	69.8409	-10.8037	-0.0045	116.5973
-0.0031	69.8409	-10.8049	-0.0045	116.6018
-0.0031	69.8409	-10.8062	-0.0045	116.6063
-0.0031	69.8409	-10.8074	-0.0045	116.6109
-0.0031	69.8409	-10.8086	-0.0045	116.6154
-0.0031	69.8409	-10.8099	-0.0045	116.6199
-0.0031	69.8409	-10.8111	-0.0045	116.6244
-0.0031	69.8409	-10.8124	-0.0045	116.6289
-0.0031	69.8409	-10.8136	-0.0045	116.6335
-0.0031	69.8409	-10.8149	-0.0045	116.638
-0.0031	69.8409	-10.8161	-0.0045	116.6425
-0.0031	69.8409	-10.8174	-0.0045	116.6471
-0.0031	69.8409	-10.8186	-0.0045	116.6516
-0.0031	69.8409	-10.8199	-0.0045	116.6562
-0.0031	69.8409	-10.8211	-0.0045	116.6607
-0.0031	69.8409	-10.8224	-0.0045	116.6653
-0.0031	69.8409	-10.8236	-0.0045	116.6699
-0.0031	69.8409	-10.8249	-0.0045	116.6744
-0.0031	69.8409	-10.8262	-0.0045	116.679
-0.0031	69.8409	-10.8274	-0.0045	116.6836
-0.0031	69.8409	-10.8287	-0.0045	116.6882
-0.0031	69.8409	-10.8299	-0.0045	116.6927
-0.0031	69.8409	-10.8312	-0.0045	116.6973
-0.0031	69.8409	-10.8325	-0.0045	116.7019
-0.0031	69.8409	-10.8337	-0.0045	116.7065
-0.0031	69.8409	-10.835	-0.0045	116.7111
-0.0031	69.8409	-10.8363	-0.0045	116.7157
-0.0031	69.8409	-10.8375	-0.0045	116.7203
-0.0031	69.8409	-10.8388	-0.0045	116.7249
-0.0031	69.8409	-10.8401	-0.0045	116.7296
-0.0031	69.8409	-10.8414	-0.0045	116.7342
-0.0031	69.8409	-10.8426	-0.0045	116.7388
-0.0031	69.8409	-10.8439	-0.0045	116.7434
-0.0031	69.8409	-10.8452	-0.0045	116.7481
-0.0031	69.8409	-10.8465	-0.0045	116.7527
-0.0031	69.8409	-10.8477	-0.0045	116.7573
-0.0031	69.8409	-10.849	-0.0045	116.762
-0.0031	69.8409	-10.8503	-0.0045	116.7666
-0.0031	69.8409	-10.8516	-0.0045	116.7713
-0.0031	69.8409	-10.8528	-0.0045	116.7759
-0.0031	69.8409	-10.8541	-0.0045	116.7806
-0.0031	69.8409	-10.8554	-0.0045	116.7852
-0.0031	69.8409	-10.8567	-0.0045	116.7899
-0.0031	69.8409	-10.858	-0.0045	116.7946
-0.0031	69.8409	-10.8593	-0.0045	116.7993
-0.0031	69.8409	-10.8606	-0.0045	116.8039
-0.0031	69.8409	-10.8619	-0.0045	116.8086
-0.0031	69.8409	-10.8631	-0.0045	116.8133
-0.0031	69.8409	-10.8644	-0.0045	116.818
-0.0031	69.8409	-10.8657	-0.0045	116.8227
-0.0031	69.8409	-10.867	-0.0045	116.8274
-0.0031	69.8409	-10.8683	-0.0045	116.8321
-0.0031	69.8409	-10.8696	-0.0045	116.8368
-0.0031	69.8409	-10.8709	-0.0045	116.8415
-0.0031	69.8409	-10.8722	-0.0045	116.8462
-0.0031	69.8409	-10.8735	-0.0045	116.8509
-0.0031	69.8409	-10.8748	-0.0045	116.8557
-0.0031	69.8409	-10.8761	-0.0045	116.8604
-0.0031	69.8409	-10.8774	-0.0045	116.8651
-0.0031	69.8409	-10.8787	-0.0045	116.8699
-0.0031	69.8409	-10.88	-0.0045	116.8746
-0.0031	69.8409	-10.8813	-0.0045	116.8793
-0.0031	69.8409	-10.8826	-0.0045	116.8841
-0.0031	69.8409	-10.8839	-0.0045	116.8888
-0.0031	69.8409	-10.8852	-0.0045	116.8936
-0.0031	69.8409	-10.8866	-0.0045	116.8983
-0.0031	69.8409	-10.8879	-0.0045	116.9031
-0.0031	69.8409	-10.8892	-0.0045	116.9079
-0.0031	69.8409	-10.8905	-0.0045	116.9126
-0.0031	69.8409	-10.8918	-0.0045	116.9174
-0.0031	69.8409	-10.8931	-0.0045	116.9222
-0.0031	69.8409	-10.8944	-0.0045	116.927
-0.0031	69.8409	-10.8958	-0.0045	116.9318
-0.0031	69.8409	-10.8971	-0.0045	116.9366
-0.0031	69.8409	-10.8984	-0.0045	116.9413
-0.0031	69.8409	-10.8997	-0.0045	116.9461
-0.0031	69.8409	-10.901	-0.0045	116.9509
-0.0031	69.8409	-10.9024	-0.0045	116.9557
-0.0031	69.8409	-10.9037	-0.0045	116.9606
-0.0031	69.8409	-10.905	-0.0045	116.9654
-0.0031	69.8409	-10.9063	-0.0045	116.9702
-0.0031	69.8409	-10.9077	-0.0045	116.975
-0.0031	69.8409	-10.909	-0.0045	116.9798
-0.0031	69.8409	-10.9103	-0.0045	116.9847
-0.0031	69.8409	-10.9116	-0.0045	116.9895
-0.0031	69.8409	-10.913	-0.0045	116.9943
-0.0031	69.8409	-10.9143	-0.0045	116.9992
-0.0031	69.8409	-10.9156	-0.0045	117.004
-0.0031	69.8409	-10.917	-0.0045	117.0089
-0.0031	69.8409	-10.9183	-0.0045	117.0137
-0.0031	69.8409	-10.9197	-0.0045	117.0186
-0.0031	69.8409	-10.921	-0.0045	117.0234
-0.0031	69.8409	-10.9223	-0.0045	117.0283
-0.0031	69.8409	-10.9237	-0.0045	117.0332
-0.0031	69.8409	-10.925	-0.0045	117.038
-0.0031	69.8409	-10.9264	-0.0045	117.0429
-0.0031	69.8409	-10.9277	-0.0045	117.0478
-0.0031	69.8409	-10.929	-0.0045	117.0527
-0.0031	69.8409	-10.9304	-0.0045	117.0576
-0.0031	69.8409	-10.9317	-0.0045	117.0625
-0.0031	69.8409	-10.9331	-0.0045	117.0674
-0.0031	69.8409	-10.9344	-0.0045	117.0723
-0.0031	69.8409	-10.9358	-0.0045	117.0772
-0.0031	69.8409	-10.9371	-0.0045	117.0821
-0.0031	69.8409	-10.9385	-0.0045	117.087
-0.0031	69.8409	-10.9398	-0.0045	117.0919
-0.0031	69.8409	-10.9412	-0.0045	117.0968
-0.0031	69.8409	-10.9426	-0.0045	117.1017
-0.0031	69.8409	-10.9439	-0.0045	117.1067
-0.0031	69.8409	-10.9453	-0.0045	117.1116
-0.0031	69.8409	-10.9466	-0.0045	117.1165
-0.0031	69.8409	-10.948	-0.0045	117.1215
-0.0031	69.8409	-10.9493	-0.0045	117.1264
-0.0031	69.8409	-10.9507	-0.0045	117.1314
-0.0031	69.8409	-10.9521	-0.0045	117.1363
-0.0031	69.8409	-10.9534	-0.0045	117.1413
-0.0031	69.8409	-10.9548	-0.0045	117.1462
-0.0031	69.8409	-10.9562	-0.0045	117.1512
-0.0031	69.8409	-10.9575	-0.0045	117.1562
-0.0031	69.8409	-10.9589	-0.0045	117.1611
-0.0031	69.8409	-10.9603	-0.0045	117.1661
-0.0031	69.8409	-10.9616	-0.0045	117.1711
-0.0031	69.8409	-10.963	-0.0045	117.1761
-0.0031	69.8409	-10.9644	-0.0045	117.1811
-0.0031	69.8409	-10.9658	-0.0045	117.1861
-0.0031	69.8409	-10.9671	-0.0045	117.191
-0.0031	69.8409	-10.9685	-0.0045	117.196
-0.0031	69.8409	-10.9699	-0.0045	117.201
-0.0031	69.8409	-10.9713	-0.0045	117.2061
-0.0031	69.8409	-10.9726	-0.0045	117.2111
-0.0031	69.8409	-10.974	-0.0045	117.2161
-0.0031	69.8409	-10.9754	-0.0045	117.2211
-0.0031	69.8409	-10.9768	-0.0045	117.2261
-0.0031	69.8409	-10.9782	-0.0045	117.2311
-0.0031	69.8409	-10.9796	-0.0045	117.2362
-0.0031	69.8409	-10.9809	-0.0045	117.2412
-0.0031	69.8409	-10.9823	-0.0045	117.2462
-0.0031	69.8409	-10.9837	-0.0045	117.2513
-0.0031	69.8409	-10.9851	-0.0045	117.2563
-0.0031	69.8409	-10.9865	-0.0045	117.2614
-0.0031	69.8409	-10.9879	-0.0045	117.2664
-0.0031	69.8409	-10.9893	-0.0045	117.2715
-0.0031	69.8409	-10.9907	-0.0045	117.2766
-0.0031	69.8409	-10.9921	-0.0045	117.2816
-0.0031	69.8409	-10.9935	-0.0045	117.2867
-0.0031	69.8409	-10.9949	-0.0045	117.2918
-0.0031	69.8409	-10.9963	-0.0045	117.2968
-0.0031	69.8409	-10.9977	-0.0045	117.3019
-0.0031	69.8409	-10.9991	-0.0045	117.307
-0.0031	69.8409	-11.0005	-0.0045	117.3121
-0.0031	69.8409	-11.0019	-0.0045	117.3172
-0.0031	69.8409	-11.0033	-0.0045	117.3223
-0.0031	69.8409	-11.0047	-0.0045	117.3274
-0.0031	69.8409	-11.0061	-0.0045	117.3325
-0.0031	69.8409	-11.0075	-0.0045	117.3376
-0.0031	69.8409	-11.0089	-0.0045	117.3427
-0.0031	69.8409	-11.0103	-0.0045	117.3478
-0.0031	69.8409	-11.0117	-0.0045	117.3529
-0.0031	69.8409	-11.0131	-0.0045	117.3581
-0.0031	69.8409	-11.0145	-0.0045	117.3632
-0.0031	69.8409	-11.0159	-0.0045	117.3683
-0.0031	69.8409	-11.0174	-0.0045	117.3735
-0.0031	69.8409	-11.0188	-0.0045	117.3786
-0.0031	69.8409	-11.0202	-0.0045	117.3837
-0.0031	69.8409	-11.0216	-0.0045	117.3889
-0.0031	69.8409	-11.023	-0.0045	117.394
-0.0031	69.8409	-11.0244	-0.0045	117.3992
-0.0031	69.8409	-11.0259	-0.0045	117.4044
-0.0031	69.8409	-11.0273	-0.0045	117.4095
-0.0031	69.8409	-11.0287	-0.0045	117.4147
-0.0031	69.8409	-11.0301	-0.0045	117.4199
-0.0031	69.8409	-11.0316	-0.0045	117.425
-0.0031	69.8409	-11.033	-0.0045	117.4302
-0.0031	69.8409	-11.0344	-0.0045	117.4354
-0.0031	69.8409	-11.0358	-0.0045	117.4406
-0.0031	69.8409	-11.0373	-0.0045	117.4458
-0.0031	69.8409	-11.0387	-0.0045	117.451
-0.0031	69.8409	-11.0401	-0.0045	117.4562
-0.0031	69.8409	-11.0416	-0.0045	117.4614
-0.0031	69.8409	-11.043	-0.0045	117.4666
-0.0031	69.8409	-11.0444	-0.0045	117.4718
-0.0031	69.8409	-11.0459	-0.0045	117.477
-0.0031	69.8409	-11.0473	-0.0045	117.4822
-0.0031	69.8409	-11.0487	-0.0045	117.4874
-0.0031	69.8409	-11.0502	-0.0045	117.4927
-0.0031	69.8409	-11.0516	-0.0045	117.4979
-0.0031	69.8409	-11.0531	-0.0045	117.5031
-0.0031	69.8409	-11.0545	-0.0045	117.5084
-0.0031	69.8409	-11.0559	-0.0045	117.5136
-0.0031	69.8409	-11.0574	-0.0045	117.5188
-0.0031	69.8409	-11.0588	-0.0045	117.5241
-0.0031	69.8409	-11.0603	-0.0045	117.5293
-0.0031	69.8409	-11.0617	-0.0045	117.5346
-0.0031	69.8409	-11.0632	-0.0045	117.5399
-0.0031	69.8409	-11.0646	-0.0045	117.5451
-0.0031	69.8409	-11.0661	-0.0045	117.5504
-0.0031	69.8409	-11.0675	-0.0045	117.5557
-0.0031	69.8409	-11.069	-0.0045	117.5609
-0.0031	69.8409	-11.0704	-0.0045	117.5662
-0.0031	69.8409	-11.0719	-0.0045	117.5715
-0.0031	69.8409	-11.0733	-0.0045	117.5768
-0.0031	69.8409	-11.0748	-0.0045	117.5821
-0.0031	69.8409	-11.0763	-0.0045	117.5874
-0.0031	69.8409	-11.0777	-0.0045	117.5927
-0.0031	69.8409	-11.0792	-0.0045	117.598
-0.0031	69.8409	-11.0806	-0.0045	117.6033
-0.0031	69.8409	-11.0821	-0.0045	117.6086
-0.0031	69.8409	-11.0836	-0.0045	117.6139
-0.0031	69.8409	-11.085	-0.0045	117.6192
-0.0031	69.8409	-11.0865	-0.0045	117.6246
-0.0031	69.8409	-11.088	-0.0045	117.6299
-0.0031	69.8409	-11.0894	-0.0045	117.6352
-0.0031	69.8409	-11.0909	-0.0045	117.6405
-0.0031	69.8409	-11.0924	-0.0045	117.6459
-0.0031	69.8409	-11.0938	-0.0045	117.6512
-0.0031	69.8409	-11.0953	-0.0045	117.6566
-0.0031	69.8409	-11.0968	-0.0045	117.6619
-0.0031	69.8409	-11.0983	-0.0045	117.6673
-0.0031	69.8409	-11.0997	-0.0045	117.6726
-0.0031	69.8409	-11.1012	-0.0045	117.678
-0.0031	69.8409	-11.1027	-0.0045	117.6834
-0.0031	69.8409	-11.1042	-0.0045	117.6887
-0.0031	69.8409	-11.1056	-0.0045	117.6941
-0.0031	69.8409	-11.1071	-0.0045	117.6995
-0.0031	69.8409	-11.1086	-0.0045	117.7049
-0.0031	69.8409	-11.1101	-0.0045	117.7102
-0.0031	69.8409	-11.1116	-0.0045	117.7156
-0.0031	69.8409	-11.113	-0.0045	117.721
-0.0031	69.8409	-11.1145	-0.0045	117.7264
-0.0031	69.8409	-11.116	-0.0045	117.7318
-0.0031	69.8409	-11.1175	-0.0045	117.7372
-0.0031	69.8409	-11.119	-0.0045	117.7426
-0.0031	69.8409	-11.1205	-0.0045	117.748
-0.0031	69.8409	-11.122	-0.0045	117.7535
-0.0031	69.8409	-11.1235	-0.0045	117.7589
-0.0031	69.8409	-11.125	-0.0045	117.7643
-0.0031	69.8409	-11.1265	-0.0045	117.7697
-0.0031	69.8409	-11.128	-0.0045	117.7752
-0.0031	69.8409	-11.1294	-0.0045	117.7806
-0.0031	69.8409	-11.1309	-0.0045	117.786
-0.0031	69.8409	-11.1324	-0.0045	117.7915
-0.0031	69.8409	-11.1339	-0.0045	117.7969
-0.0031	69.8409	-11.1354	-0.0045	117.8024
-0.0031	69.8409	-11.1369	-0.0045	117.8078
-0.0031	69.8409	-11.1384	-0.0045	117.8133
-0.0031	69.8409	-11.14	-0.0045	117.8187
-0.0031	69.8409	-11.1415	-0.0045	117.8242
-0.0031	69.8409	-11.143	-0.0045	117.8297
-0.0031	69.8409	-11.1445	-0.0045	117.8351
-0.0031	69.8409	-11.146	-0.0045	117.8406
-0.0031	69.8409	-11.1475	-0.0045	117.8461
-0.0031	69.8409	-11.149	-0.0045	117.8516
-0.0031	69.8409	-11.1505	-0.0045	117.8571
-0.0031	69.8409	-11.152	-0.0045	117.8626
-0.0031	69.8409	-11.1535	-0.0045	117.8681
-0.0031	69.8409	-11.155	-0.0045	117.8736
-0.0031	69.8409	-11.1566	-0.0045	117.8791
-0.0031	69.8409	-11.1581	-0.0045	117.8846
-0.0031	69.8409	-11.1596	-0.0045	117.8901
-0.0031	69.8409	-11.1611	-0.0045	117.8956
-0.0031	69.8409	-11.1626	-0.0045	117.9011
-0.0031	69.8409	-11.1642	-0.0045	117.9066
-0.0031	69.8409	-11.1657	-0.0045	117.9122
-0.0031	69.8409	-11.1672	-0.0045	117.9177
-0.0031	69.8409	-11.1687	-0.0045	117.9232
-0.0031	69.8409	-11.1702	-0.0045	117.9288
-0.0031	69.8409	-11.1718	-0.0045	117.9343
-0.0031	69.8409	-11.1733	-0.0045	117.9399
-0.0031	69.8409	-11.1748	-0.0045	117.9454
-0.0031	69.8409	-11.1764	-0.0045	117.951
-0.0031	69.8409	-11.1779	-0.0045	117.9565
-0.0031	69.8409	-11.1794	-0.0045	117.9621
-0.0031	69.8409	-11.181	-0.0045	117.9677
-0.0031	69.8409	-11.1825	-0.0045	117.9732
-0.0031	69.8409	-11.184	-0.0045	117.9788
-0.0031	69.8409	-11.1856	-0.0045	117.9844
-0.0031	69.8409	-11.1871	-0.0045	117.99
-0.0031	69.8409	-11.1886	-0.0045	117.9955
-0.0031	69.8409	-11.1902	-0.0045	118.0011
-0.0031	69.8409	-11.1917	-0.0045	118.0067
-0.0031	69.8409	-11.1932	-0.0045	118.0123
-0.0031	69.8409	-11.1948	-0.0045	118.0179
-0.0031	69.8409	-11.1963	-0.0045	118.0235
-0.0031	69.8409	-11.1979	-0.0045	118.0291
-0.0031	69.8409	-11.1994	-0.0045	118.0347
-0.0031	69.8409	-11.201	-0.0045	118.0403
-0.0031	69.8409	-11.2025	-0.0045	118.046
-0.0031	69.8409	-11.2041	-0.0045	118.0516
-0.0031	69.8409	-11.2056	-0.0045	118.0572
-0.0031	69.8409	-11.2072	-0.0045	118.0628
-0.0031	69.8409	-11.2087	-0.0045	118.0685
-0.0031	69.8409	-11.2103	-0.0045	118.0741
-0.0031	69.8409	-11.2118	-0.0045	118.0798
-0.0031	69.8409	-11.2134	-0.0045	118.0854
-0.0031	69.8409	-11.2149	-0.0045	118.091
-0.0031	69.8409	-11.2165	-0.0045	118.0967
-0.0031	69.8409	-11.218	-0.0045	118.1024
-0.0031	69.8409	-11.2196	-0.0045	118.108
-0.0031	69.8409	-11.2212	-0.0045	118.1137
-0.0031	69.8409	-11.2227	-0.0045	118.1194
-0.0031	69.8409	-11.2243	-0.0045	118.125
-0.0031	69.8409	-11.2258	-0.0045	118.1307
-0.0031	69.8409	-11.2274	-0.0045	118.1364
-0.0031	69.8409	-11.229	-0.0045	118.1421
-0.0031	69.8409	-11.2305	-0.0045	118.1477
-0.0031	69.8409	-11.2321	-0.0045	118.1534
-0.0031	69.8409	-11.2337	-0.0045	118.1591
-0.0031	69.8409	-11.2352	-0.0045	118.1648
-0.0031	69.8409	-11.2368	-0.0045	118.1705
-0.0031	69.8409	-11.2384	-0.0045	118.1762
-0.0031	69.8409	-11.24	-0.0045	118.182
-0.0031	69.8409	-11.2415	-0.0045	118.1877
-0.0031	69.8409	-11.2431	-0.0045	118.1934
-0.0031	69.8409	-11.2447	-0.0045	118.1991
-0.0031	69.8409	-11.2462	-0.0045	118.2048
-0.0031	69.8409	-11.2478	-0.0045	118.2106
-0.0031	69.8409	-11.2494	-0.0045	118.2163
-0.0031	69.8409	-11.251	-0.0045	118.222
-0.0031	69.8409	-11.2526	-0.0045	118.2278
-0.0031	69.8409	-11.2541	-0.0045	118.2335
-0.0031	69.8409	-11.2557	-0.0045	118.2393
-0.0031	69.8409	-11.2573	-0.0045	118.245
-0.0031	69.8409	-11.2589	-0.0045	118.2508
-0.0031	69.8409	-11.2605	-0.0045	118.2565
-0.0031	69.8409	-11.2621	-0.0045	118.2623
-0.0031	69.8409	-11.2637	-0.0045	118.2681
-0.0031	69.8409	-11.2652	-0.0045	118.2738
-0.0031	69.8409	-11.2668	-0.0045	118.2796
-0.0031	69.8409	-11.2684	-0.0045	118.2854
-0.0031	69.8409	-11.27	-0.0045	118.2912
-0.0031	69.8409	-11.2716	-0.0045	118.2969
-0.0031	69.8409	-11.2732	-0.0045	118.3027
-0.0031	69.8409	-11.2748	-0.0045	118.3085
-0.0031	69.8409	-11.2764	-0.0045	118.3143
-0.0031	69.8409	-11.278	-0.0045	118.3201
-0.0031	69.8409	-11.2796	-0.0045	118.3259
-0.0031	69.8409	-11.2812	-0.0045	118.3317
-0.0031	69.8409	-11.2828	-0.0045	118.3375
-0.0031	69.8409	-11.2844	-0.0045	118.3434
-0.0031	69.8409	-11.286	-0.0045	118.3492
-0.0031	69.8409	-11.2876	-0.0045	118.355
-0.0031	69.8409	-11.2892	-0.0045	118.3608
-0.0031	69.8409	-11.2908	-0.0045	118.3667
-0.0031	69.8409	-11.2924	-0.0045	118.3725
-0.0031	69.8409	-11.294	-0.0045	118.3783
-0.0031	69.8409	-11.2956	-0.0045	118.3842
-0.0031	69.8409	-11.2972	-0.0045	118.39
-0.0031	69.8409	-11.2988	-0.0045	118.3959
-0.0031	69.8409	-11.3005	-0.0045	118.4017
-0.0031	69.8409	-11.3021	-0.0045	118.4076
-0.0031	69.8409	-11.3037	-0.0045	118.4134
-0.0031	69.8409	-11.3053	-0.0045	118.4193
-0.0031	69.8409	-11.3069	-0.0045	118.4252
-0.0031	69.8409	-11.3085	-0.0045	118.431
-0.0031	69.8409	-11.3101	-0.0045	118.4369
-0.0031	69.8409	-11.3118	-0.0045	118.4428
-0.0031	69.8409	-11.3134	-0.0045	118.4487
-0.0031	69.8409	-11.315	-0.0045	118.4546
-0.0031	69.8409	-11.3166	-0.0045	118.4605
-0.0031	69.8409	-11.3182	-0.0045	118.4663
-0.0031	69.8409	-11.3199	-0.0045	118.4722
-0.0031	69.8409	-11.3215	-0.0045	118.4781
-0.0031	69.8409	-11.3231	-0.0045	118.4841
-0.0031	69.8409	-11.3248	-0.0045	118.49
-0.0031	69.8409	-11.3264	-0.0045	118.4959
-0.0031	69.8409	-11.328	-0.0045	118.5018
-0.0031	69.8409	-11.3296	-0.0045	118.5077
-0.0031	69.8409	-11.3313	-0.0045	118.5136
-0.0031	69.8409	-11.3329	-0.0045	118.5196
-0.0031	69.8409	-11.3345	-0.0045	118.5255
-0.0031	69.8409	-11.3362	-0.0045	118.5314
-0.0031	69.8409	-11.3378	-0.0045	118.5374
-0.0031	69.8409	-11.3394	-0.0045	118.5433
-0.0031	69.8409	-11.3411	-0.0045	118.5493
-0.0031	69.8409	-11.3427	-0.0045	118.5552
-0.0031	69.8409	-11.3444	-0.0045	118.5612
-0.0031	69.8409	-11.346	-0.0045	118.5671
-0.0031	69.8409	-11.3476	-0.0045	118.5731
-0.0031	69.8409	-11.3493	-0.0045	118.579
-0.0031	69.8409	-11.3509	-0.0045	118.585
-0.0031	69.8409	-11.3526	-0.0045	118.591
-0.0031	69.8409	-11.3542	-0.0045	118.597
-0.0031	69.8409	-11.3559	-0.0045	118.6029
-0.0031	69.8409	-11.3575	-0.0045	118.6089
-0.0031	69.8409	-11.3592	-0.0045	118.6149
-0.0031	69.8409	-11.3608	-0.0045	118.6209
-0.0031	69.8409	-11.3625	-0.0045	118.6269
-0.0031	69.8409	-11.3641	-0.0045	118.6329
-0.0031	69.8409	-11.3658	-0.0045	118.6389
-0.0031	69.8409	-11.3674	-0.0045	118.6449
-0.0031	69.8409	-11.3691	-0.0045	118.6509
-0.0031	69.8409	-11.3707	-0.0045	118.6569
-0.0031	69.8409	-11.3724	-0.0045	118.6629
-0.0031	69.8409	-11.374	-0.0045	118.669
-0.0031	69.8409	-11.3757	-0.0045	118.675
-0.0031	69.8409	-11.3774	-0.0045	118.681
-0.0031	69.8409	-11.379	-0.0045	118.687
-0.0031	69.8409	-11.3807	-0.0045	118.6931
-0.0031	69.8409	-11.3823	-0.0045	118.6991
-0.0031	69.8409	-11.384	-0.0045	118.7052
-0.0031	69.8409	-11.3857	-0.0045	118.7112
-0.0031	69.8409	-11.3873	-0.0045	118.7173
-0.0031	69.8409	-11.389	-0.0045	118.7233
-0.0031	69.8409	-11.3907	-0.0045	118.7294
-0.0031	69.8409	-11.3923	-0.0045	118.7354
-0.0031	69.8409	-11.394	-0.0045	118.7415
-0.0031	69.8409	-11.3957	-0.0045	118.7476
-0.0031	69.8409	-11.3973	-0.0045	118.7536
-0.0031	69.8409	-11.399	-0.0045	118.7597
-0.0031	69.8409	-11.4007	-0.0045	118.7658
-0.0031	69.8409	-11.4024	-0.0045	118.7719
-0.0031	69.8409	-11.404	-0.0045	118.778
-0.0031	69.8409	-11.4057	-0.0045	118.7841
-0.0031	69.8409	-11.4074	-0.0045	118.7902
-0.0031	69.8409	-11.4091	-0.0045	118.7962
-0.0031	69.8409	-11.4108	-0.0045	118.8024
-0.0031	69.8409	-11.4124	-0.0045	118.8085
-0.0031	69.8409	-11.4141	-0.0045	118.8146
-0.0031	69.8409	-11.4158	-0.0045	118.8207
-0.0031	69.8409	-11.4175	-0.0045	118.8268
-0.0031	69.8409	-11.4192	-0.0045	118.8329
-0.0031	69.8409	-11.4209	-0.0045	118.839
-0.0031	69.8409	-11.4225	-0.0045	118.8452
-0.0031	69.8409	-11.4242	-0.0045	118.8513
-0.0031	69.8409	-11.4259	-0.0045	118.8574
-0.0031	69.8409	-11.4276	-0.0045	118.8636
-0.0031	69.8409	-11.4293	-0.0045	118.8697
-0.0031	69.8409	-11.431	-0.0045	118.8759
-0.0031	69.8409	-11.4327	-0.0045	118.882
-0.0031	69.8409	-11.4344	-0.0045	118.8882
-0.0031	69.8409	-11.4361	-0.0045	118.8943
-0.0031	69.8409	-11.4378	-0.0045	118.9005
-0.0031	69.8409	-11.4395	-0.0045	118.9066
-0.0031	69.8409	-11.4412	-0.0045	118.9128
-0.0031	69.8409	-11.4429	-0.0045	118.919
-0.0031	69.8409	-11.4446	-0.0045	118.9252
-0.0031	69.8409	-11.4463	-0.0045	118.9313
-0.0031	69.8409	-11.448	-0.0045	118.9375
-0.0031	69.8409	-11.4497	-0.0045	118.9437
-0.0031	69.8409	-11.4514	-0.0045	118.9499
-0.0031	69.8409	-11.4531	-0.0045	118.9561
-0.0031	69.8409	-11.4548	-0.0045	118.9623
-0.0031	69.8409	-11.4565	-0.0045	118.9685
-0.0031	69.8409	-11.4582	-0.0045	118.9747
-0.0031	69.8409	-11.4599	-0.0045	118.9809
-0.0031	69.8409	-11.4616	-0.0045	118.9871
-0.0031	69.8409	-11.4633	-0.0045	118.9933
-0.0031	69.8409	-11.465	-0.0045	118.9995
-0.0031	69.8409	-11.4668	-0.0045	119.0058
-0.0031	69.8409	-11.4685	-0.0045	119.012
-0.0031	69.8409	-11.4702	-0.0045	119.0182
-0.0031	69.8409	-11.4719	-0.0045	119.0244
-0.0031	69.8409	-11.4736	-0.0045	119.0307
-0.0031	69.8409	-11.4753	-0.0045	119.0369
-0.0031	69.8409	-11.4771	-0.0045	119.0432
-0.0031	69.8409	-11.4788	-0.0045	119.0494
-0.0031	69.8409	-11.4805	-0.0045	119.0557
-0.0031	69.8409	-11.4822	-0.0045	119.0619
-0.0031	69.8409	-11.4839	-0.0045	119.0682
-0.0031	69.8409	-11.4857	-0.0045	119.0744
-0.0031	69.8409	-11.4874	-0.0045	119.0807
-0.0031	69.8409	-11.4891	-0.0045	119.087
-0.0031	69.8409	-11.4908	-0.0045	119.0933
-0.0031	69.8409	-11.4926	-0.0045	119.0995
-0.0031	69.8409	-11.4943	-0.0045	119.1058
-0.0031	69.8409	-11.496	-0.0045	119.1121
-0.0031	69.8409	-11.4978	-0.0045	119.1184
-0.0031	69.8409	-11.4995	-0.0045	119.1247
-0.0031	69.8409	-11.5012	-0.0045	119.131
-0.0031	69.8409	-11.503	-0.0045	119.1373
-0.0031	69.8409	-11.5047	-0.0045	119.1436
-0.0031	69.8409	-11.5064	-0.0045	119.1499
-0.0031	69.8409	-11.5082	-0.0045	119.1562
-0.0031	69.8409	-11.5099	-0.0045	119.1625
-0.0031	69.8409	-11.5116	-0.0045	119.1688
-0.0031	69.8409	-11.5134	-0.0045	119.1751
-0.0031	69.8409	-11.5151	-0.0045	119.1815
-0.0031	69.8409	-11.5169	-0.0045	119.1878
-0.0031	69.8409	-11.5186	-0.0045	119.1941
-0.0031	69.8409	-11.5204	-0.0045	119.2004
-0.0031	69.8409	-11.5221	-0.0045	119.2068
-0.0031	69.8409	-11.5239	-0.0045	119.2131
-0.0031	69.8409	-11.5256	-0.0045	119.2195
-0.0031	69.8409	-11.5273	-0.0045	119.2258
-0.0031	69.8409	-11.5291	-0.0045	119.2322
-0.0031	69.8409	-11.5308	-0.0045	119.2385
-0.0031	69.8409	-11.5326	-0.0045	119.2449
-0.0031	69.8409	-11.5343	-0.0045	119.2512
-0.0031	69.8409	-11.5361	-0.0045	119.2576
-0.0031	69.8409	-11.5379	-0.0045	119.264
-0.0031	69.8409	-11.5396	-0.0045	119.2704
-0.0031	69.8409	-11.5414	-0.0045	119.2767
-0.0031	69.8409	-11.5431	-0.0045	119.2831
-0.0031	69.8409	-11.5449	-0.0045	119.2895
-0.0031	69.8409	-11.5466	-0.0045	119.2959
-0.0031	69.8409	-11.5484	-0.0045	119.3023
-0.0031	69.8409	-11.5502	-0.0045	119.3087
-0.0031	69.8409	-11.5519	-0.0045	119.3151
-0.0031	69.8409	-11.5537	-0.0045	119.3215
-0.0031	69.8409	-11.5554	-0.0045	119.3279
-0.0031	69.8409	-11.5572	-0.0045	119.3343
-0.0031	69.8409	-11.559	-0.0045	119.3407
-0.0031	69.8409	-11.5607	-0.0045	119.3471
-0.0031	69.8409	-11.5625	-0.0045	119.3535
-0.0031	69.8409	-11.5643	-0.0045	119.36
-0.0031	69.8409	-11.566	-0.0045	119.3664
-0.0031	69.8409	-11.5678	-0.0045	119.3728
-0.0031	69.8409	-11.5696	-0.0045	119.3793
-0.0031	69.8409	-11.5714	-0.0045	119.3857
-0.0031	69.8409	-11.5731	-0.0045	119.3921
-0.0031	69.8409	-11.5749	-0.0045	119.3986
-0.0031	69.8409	-11.5767	-0.0045	119.405
-0.0031	69.8409	-11.5785	-0.0045	119.4115
-0.0031	69.8409	-11.5802	-0.0045	119.4179
-0.0031	69.8409	-11.582	-0.0045	119.4244
-0.0031	69.8409	-11.5838	-0.0045	119.4309
-0.0031	69.8409	-11.5856	-0.0045	119.4373
-0.0031	69.8409	-11.5874	-0.0045	119.4438
-0.0031	69.8409	-11.5891	-0.0045	119.4503
-0.0031	69.8409	-11.5909	-0.0045	119.4567
-0.0031	69.8409	-11.5927	-0.0045	119.4632
-0.0031	69.8409	-11.5945	-0.0045	119.4697
-0.0031	69.8409	-11.5963	-0.0045	119.4762
-0.0031	69.8409	-11.5981	-0.0045	119.4827
-0.0031	69.8409	-11.5999	-0.0045	119.4892
-0.0031	69.8409	-11.6016	-0.0045	119.4957
-0.0031	69.8409	-11.6034	-0.0045	119.5022
-0.0031	69.8409	-11.6052	-0.0045	119.5087
-0.0031	69.8409	-11.607	-0.0045	119.5152
-0.0031	69.8409	-11.6088	-0.0045	119.5217
-0.0031	69.8409	-11.6106	-0.0045	119.5282
-0.0031	69.8409	-11.6124	-0.0045	119.5347
-0.0031	69.8409	-11.6142	-0.0045	119.5413
-0.0031	69.8409	-11.616	-0.0045	119.5478
-0.0031	69.8409	-11.6178	-0.0045	119.5543
-0.0031	69.8409	-11.6196	-0.0045	119.5609
-0.0031	69.8409	-11.6214	-0.0045	119.5674
-0.0031	69.8409	-11.6232	-0.0045	119.5739
-0.0031	69.8409	-11.625	-0.0045	119.5805
-0.0031	69.8409	-11.6268	-0.0045	119.587
-0.0031	69.8409	-11.6286	-0.0045	119.5936
-0.0031	69.8409	-11.6304	-0.0045	119.6001
-0.0031	69.8409	-11.6322	-0.0045	119.6067
-0.0031	69.8409	-11.634	-0.0045	119.6133
-0.0031	69.8409	-11.6358	-0.0045	119.6198
-0.0031	69.8409	-11.6376	-0.0045	119.6264
-0.0031	69.8409	-11.6394	-0.0045	119.633
-0.0031	69.8409	-11.6412	-0.0045	119.6395
-0.0031	69.8409	-11.6431	-0.0045	119.6461
-0.0031	69.8409	-11.6449	-0.0045	119.6527
-0.0031	69.8409	-11.6467	-0.0045	119.6593
-0.0031	69.8409	-11.6485	-0.0045	119.6659
-0.0031	69.8409	-11.6503	-0.0045	119.6725
-0.0031	69.8409	-11.6521	-0.0045	119.6791
-0.0031	69.8409	-11.6539	-0.0045	119.6857
-0.0031	69.8409	-11.6558	-0.0045	119.6923
-0.0031	69.8409	-11.6576	-0.0045	119.6989
-0.0031	69.8409	-11.6594	-0.0045	119.7055
-0.0031	69.8409	-11.6612	-0.0045	119.7121
-0.0031	69.8409	-11.663	-0.0045	119.7187
-0.0031	69.8409	-11.6649	-0.0045	119.7253
-0.0031	69.8409	-11.6667	-0.0045	119.732
-0.0031	69.8409	-11.6685	-0.0045	119.7386
-0.0031	69.8409	-11.6703	-0.0045	119.7452
-0.0031	69.8409	-11.6722	-0.0045	119.7518
-0.0031	69.8409	-11.674	-0.0045	119.7585
-0.0031	69.8409	-11.6758	-0.0045	119.7651
-0.0031	69.8409	-11.6777	-0.0045	119.7718
-0.0031	69.8409	-11.6795	-0.0045	119.7784
-0.0031	69.8409	-11.6813	-0.0045	119.7851
-0.0031	69.8409	-11.6831	-0.0045	119.7917
-0.0031	69.8409	-11.685	-0.0045	119.7984
-0.0031	69.8409	-11.6868	-0.0045	119.805
-0.0031	69.8409	-11.6887	-0.0045	119.8117
-0.0031	69.8409	-11.6905	-0.0045	119.8184
-0.0031	69.8409	-11.6923	-0.0045	119.8251
-0.0031	69.8409	-11.6942	-0.0045	119.8317
-0.0031	69.8409	-11.696	-0.0045	119.8384
-0.0031	69.8409	-11.6978	-0.0045	119.8451
-0.0031	69.8409	-11.6997	-0.0045	119.8518
-0.0031	69.8409	-11.7015	-0.0045	119.8585
-0.0031	69.8409	-11.7034	-0.0045	119.8652
-0.0031	69.8409	-11.7052	-0.0045	119.8719
-0.0031	69.8409	-11.7071	-0.0045	119.8786
-0.0031	69.8409	-11.7089	-0.0045	119.8853
-0.0031	69.8409	-11.7107	-0.0045	119.892
-0.0031	69.8409	-11.7126	-0.0045	119.8987
-0.0031	69.8409	-11.7144	-0.0045	119.9054
-0.0031	69.8409	-11.7163	-0.0045	119.9121
-0.0031	69.8409	-11.7181	-0.0045	119.9188
-0.0031	69.8409	-11.72	-0.0045	119.9256
-0.0031	69.8409	-11.7218	-0.0045	119.9323
-0.0031	69.8409	-11.7237	-0.0045	119.939
-0.0031	69.8409	-11.7256	-0.0045	119.9458
-0.0031	69.8409	-11.7274	-0.0045	119.9525
-0.0031	69.8409	-11.7293	-0.0045	119.9592
-0.0031	69.8409	-11.7311	-0.0045	119.966
-0.0031	69.8409	-11.733	-0.0045	119.9727
-0.0031	69.8409	-11.7348	-0.0045	119.9795
-0.0031	69.8409	-11.7367	-0.0045	119.9862
-0.0031	69.8409	-11.7386	-0.0045	119.993
-0.0031	69.8409	-11.7404	-0.0045	119.9998
-0.0031	69.8409	-11.7423	-0.0045	120.0065
-0.0031	69.8409	-11.7441	-0.0045	120.0133
-0.0031	69.8409	-11.746	-0.0045	120.0201
-0.0031	69.8409	-11.7479	-0.0045	120.0268
-0.0031	69.8409	-11.7497	-0.0045	120.0336
-0.0031	69.8409	-11.7516	-0.0045	120.0404
-0.0031	69.8409	-11.7535	-0.0045	120.0472
-0.0031	69.8409	-11.7554	-0.0045	120.054
-0.0031	69.8409	-11.7572	-0.0045	120.0608
-0.0031	69.8409	-11.7591	-0.0045	120.0676
-0.0031	69.8409	-11.761	-0.0045	120.0744
-0.0031	69.8409	-11.7628	-0.0045	120.0812
-0.0031	69.8409	-11.7647	-0.0045	120.088
-0.0031	69.8409	-11.7666	-0.0045	120.0948
-0.0031	69.8409	-11.7685	-0.0045	120.1016
-0.0031	69.8409	-11.7703	-0.0045	120.1084
-0.0031	69.8409	-11.7722	-0.0045	120.1152
-0.0031	69.8409	-11.7741	-0.0045	120.1221
-0.0031	69.8409	-11.776	-0.0045	120.1289
-0.0031	69.8409	-11.7779	-0.0045	120.1357
-0.0031	69.8409	-11.7797	-0.0045	120.1425
-0.0031	69.8409	-11.7816	-0.0045	120.1494
-0.0031	69.8409	-11.7835	-0.0045	120.1562
-0.0031	69.8409	-11.7854	-0.0045	120.1631
-0.0031	69.8409	-11.7873	-0.0045	120.1699
-0.0031	69.8409	-11.7892	-0.0045	120.1768
-0.0031	69.8409	-11.791	-0.0045	120.1836
-0.0031	69.8409	-11.7929	-0.0045	120.1905
-0.0031	69.8409	-11.7948	-0.0045	120.1973
-0.0031	69.8409	-11.7967	-0.0045	120.2042
-0.0031	69.8409	-11.7986	-0.0045	120.2111
-0.0031	69.8409	-11.8005	-0.0045	120.2179
-0.0031	69.8409	-11.8024	-0.0045	120.2248
-0.0031	69.8409	-11.8043	-0.0045	120.2317
-0.0031	69.8409	-11.8062	-0.0045	120.2386
-0.0031	69.8409	-11.8081	-0.0045	120.2455
-0.0031	69.8409	-11.81	-0.0045	120.2523
-0.0031	69.8409	-11.8119	-0.0045	120.2592
-0.0031	69.8409	-11.8138	-0.0045	120.2661
-0.0031	69.8409	-11.8157	-0.0045	120.273
-0.0031	69.8409	-11.8176	-0.0045	120.2799
-0.0031	69.8409	-11.8195	-0.0045	120.2868
-0.0031	69.8409	-11.8214	-0.0045	120.2937
-0.0031	69.8409	-11.8233	-0.0045	120.3006
-0.0031	69.8409	-11.8252	-0.0045	120.3076
-0.0031	69.8409	-11.8271	-0.0045	120.3145
-0.0031	69.8409	-11.829	-0.0045	120.3214
-0.0031	69.8409	-11.8309	-0.0045	120.3283
-0.0031	69.8409	-11.8328	-0.0045	120.3352
-0.0031	69.8409	-11.8347	-0.0045	120.3422
-0.0031	69.8409	-11.8366	-0.0045	120.3491
-0.0031	69.8409	-11.8385	-0.0045	120.3561
-0.0031	69.8409	-11.8404	-0.0045	120.363
-0.0031	69.8409	-11.8423	-0.0045	120.3699
-0.0031	69.8409	-11.8443	-0.0045	120.3769
-0.0031	69.8409	-11.8462	-0.0045	120.3838
-0.0031	69.8409	-11.8481	-0.0045	120.3908
-0.0031	69.8409	-11.85	-0.0045	120.3977
-0.0031	69.8409	-11.8519	-0.0045	120.4047
-0.0031	69.8409	-11.8538	-0.0045	120.4117
-0.0031	69.8409	-11.8557	-0.0045	120.4186
-0.0031	69.8409	-11.8577	-0.0045	120.4256
-0.0031	69.8409	-11.8596	-0.0045	120.4326
-0.0031	69.8409	-11.8615	-0.0045	120.4396
-0.0031	69.8409	-11.8634	-0.0045	120.4465
-0.0031	69.8409	-11.8654	-0.0045	120.4535
-0.0031	69.8409	-11.8673	-0.0045	120.4605
-0.0031	69.8409	-11.8692	-0.0045	120.4675
-0.0031	69.8409	-11.8711	-0.0045	120.4745
-0.0031	69.8409	-11.8731	-0.0045	120.4815
-0.0031	69.8409	-11.875	-0.0045	120.4885
-0.0031	69.8409	-11.8769	-0.0045	120.4955
-0.0031	69.8409	-11.8788	-0.0045	120.5025
-0.0031	69.8409	-11.8808	-0.0045	120.5095
-0.0031	69.8409	-11.8827	-0.0045	120.5165
-0.0031	69.8409	-11.8846	-0.0045	120.5235
-0.0031	69.8409	-11.8866	-0.0045	120.5306
-0.0031	69.8409	-11.8885	-0.0045	120.5376
-0.0031	69.8409	-11.8904	-0.0045	120.5446
-0.0031	69.8409	-11.8924	-0.0045	120.5516
-0.0031	69.8409	-11.8943	-0.0045	120.5587
-0.0031	69.8409	-11.8962	-0.0045	120.5657
-0.0031	69.8409	-11.8982	-0.0045	120.5728
-0.0031	69.8409	-11.9001	-0.0045	120.5798
-0.0031	69.8409	-11.9021	-0.0045	120.5868
-0.0031	69.8409	-11.904	-0.0045	120.5939
-0.0031	69.8409	-11.9059	-0.0045	120.601
-0.0031	69.8409	-11.9079	-0.0045	120.608
-0.0031	69.8409	-11.9098	-0.0045	120.6151
-0.0031	69.8409	-11.9118	-0.0045	120.6221
-0.0031	69.8409	-11.9137	-0.0045	120.6292
-0.0031	69.8409	-11.9157	-0.0045	120.6363
-0.0031	69.8409	-11.9176	-0.0045	120.6433
-0.0031	69.8409	-11.9196	-0.0045	120.6504
-0.0031	69.8409	-11.9215	-0.0045	120.6575
-0.0031	69.8409	-11.9235	-0.0045	120.6646
-0.0031	69.8409	-11.9254	-0.0045	120.6717
-0.0031	69.8409	-11.9274	-0.0045	120.6788
-0.0031	69.8409	-11.9293	-0.0045	120.6858
-0.0031	69.8409	-11.9313	-0.0045	120.6929
-0.0031	69.8409	-11.9332	-0.0045	120.7
-0.0031	69.8409	-11.9352	-0.0045	120.7071
-0.0031	69.8409	-11.9371	-0.0045	120.7142
-0.0031	69.8409	-11.9391	-0.0045	120.7214
-0.0031	69.8409	-11.941	-0.0045	120.7285
-0.0031	69.8409	-11.943	-0.0045	120.7356
-0.0031	69.8409	-11.945	-0.0045	120.7427
-0.0031	69.8409	-11.9469	-0.0045	120.7498
-0.0031	69.8409	-11.9489	-0.0045	120.7569
-0.0031	69.8409	-11.9509	-0.0045	120.7641
-0.0031	69.8409	-11.9528	-0.0045	120.7712
-0.0031	69.8409	-11.9548	-0.0045	120.7783
-0.0031	69.8409	-11.9567	-0.0045	120.7855
-0.0031	69.8409	-11.9587	-0.0045	120.7926
-0.0031	69.8409	-11.9607	-0.0045	120.7998
-0.0031	69.8409	-11.9626	-0.0045	120.8069
-0.0031	69.8409	-11.9646	-0.0045	120.8141
-0.0031	69.8409	-11.9666	-0.0045	120.8212
-0.0031	69.8409	-11.9686	-0.0045	120.8284
-0.0031	69.8409	-11.9705	-0.0045	120.8355
-0.0031	69.8409	-11.9725	-0.0045	120.8427
-0.0031	69.8409	-11.9745	-0.0045	120.8499
-0.0031	69.8409	-11.9764	-0.0045	120.857
-0.0031	69.8409	-11.9784	-0.0045	120.8642
-0.0031	69.8409	-11.9804	-0.0045	120.8714
-0.0031	69.8409	-11.9824	-0.0045	120.8786
-0.0031	69.8409	-11.9843	-0.0045	120.8857
-0.0031	69.8409	-11.9863	-0.0045	120.8929
-0.0031	69.8409	-11.9883	-0.0045	120.9001
-0.0031	69.8409	-11.9903	-0.0045	120.9073
-0.0031	69.8409	-11.9923	-0.0045	120.9145
-0.0031	69.8409	-11.9942	-0.0045	120.9217
-0.0031	69.8409	-11.9962	-0.0045	120.9289
-0.0031	69.8409	-11.9982	-0.0045	120.9361
-0.0031	69.8409	-12.0002	-0.0045	120.9433
-0.0031	69.8409	-12.0022	-0.0045	120.9505
-0.0031	69.8409	-12.0042	-0.0045	120.9577
-0.0031	69.8409	-12.0062	-0.0045	120.965
-0.0031	69.8409	-12.0081	-0.0045	120.9722
-0.0031	69.8409	-12.0101	-0.0045	120.9794
-0.0031	69.8409	-12.0121	-0.0045	120.9866
-0.0031	69.8409	-12.0141	-0.0045	120.9939
-0.0031	69.8409	-12.0161	-0.0045	121.0011
-0.0031	69.8409	-12.0181	-0.0045	121.0083
-0.0031	69.8409	-12.0201	-0.0045	121.0156
-0.0031	69.8409	-12.0221	-0.0045	121.0228
-0.0031	69.8409	-12.0241	-0.0045	121.0301
-0.0031	69.8409	-12.0261	-0.0045	121.0373
-0.0031	69.8409	-12.0281	-0.0045	121.0446
-0.0031	69.8409	-12.0301	-0.0045	121.0518
-0.0031	69.8409	-12.0321	-0.0045	121.0591
-0.0031	69.8409	-12.0341	-0.0045	121.0663
-0.0031	69.8409	-12.0361	-0.0045	121.0736
-0.0031	69.8409	-12.0381	-0.0045	121.0809
-0.0031	69.8409	-12.0401	-0.0045	121.0881
-0.0031	69.8409	-12.0421	-0.0045	121.0954
-0.0031	69.8409	-12.0441	-0.0045	121.1027
-0.0031	69.8409	-12.0461	-0.0045	121.11
-0.0031	69.8409	-12.0481	-0.0045	121.1173
-0.0031	69.8409	-12.0501	-0.0045	121.1245
-0.0031	69.8409	-12.0521	-0.0045	121.1318
-0.0031	69.8409	-12.0541	-0.0045	121.1391
-0.0031	69.8409	-12.0561	-0.0045	121.1464
-0.0031	69.8409	-12.0581	-0.0045	121.1537
-0.0031	69.8409	-12.0601	-0.0045	121.161
-0.0031	69.8409	-12.0622	-0.0045	121.1683
-0.0031	69.8409	-12.0642	-0.0045	121.1756
-0.0031	69.8409	-12.0662	-0.0045	121.183
-0.0031	69.8409	-12.0682	-0.0045	121.1903
-0.0031	69.8409	-12.0702	-0.0045	121.1976
-0.0031	69.8409	-12.0722	-0.0045	121.2049
-0.0031	69.8409	-12.0742	-0.0045	121.2122
-0.0031	69.8409	-12.0763	-0.0045	121.2196
-0.0031	69.8409	-12.0783	-0.0045	121.2269
-0.0031	69.8409	-12.0803	-0.0045	121.2342
-0.0031	69.8409	-12.0823	-0.0045	121.2416
-0.0031	69.8409	-12.0843	-0.0045	121.2489
-0.0031	69.8409	-12.0864	-0.0045	121.2563
-0.0031	69.8409	-12.0884	-0.0045	121.2636
-0.0031	69.8409	-12.0904	-0.0045	121.2709
-0.0031	69.8409	-12.0924	-0.0045	121.2783
-0.0031	69.8409	-12.0945	-0.0045	121.2857
-0.0031	69.8409	-12.0965	-0.0045	121.293
-0.0031	69.8409	-12.0985	-0.0045	121.3004
-0.0031	69.8409	-12.1005	-0.0045	121.3077
-0.0031	69.8409	-12.1026	-0.0045	121.3151
-0.0031	69.8409	-12.1046	-0.0045	121.3225
-0.0031	69.8409	-12.1066	-0.0045	121.3299
-0.0031	69.8409	-12.1087	-0.0045	121.3372
-0.0031	69.8409	-12.1107	-0.0045	121.3446
-0.0031	69.8409	-12.1127	-0.0045	121.352
-0.0031	69.8409	-12.1148	-0.0045	121.3594
-0.0031	69.8409	-12.1168	-0.0045	121.3668
-0.0031	69.8409	-12.1188	-0.0045	121.3742
-0.0031	69.8409	-12.1209	-0.0045	121.3816
-0.0031	69.8409	-12.1229	-0.0045	121.389
-0.0031	69.8409	-12.1249	-0.0045	121.3964
-0.0031	69.8409	-12.127	-0.0045	121.4038
-0.0031	69.8409	-12.129	-0.0045	121.4112
-0.0031	69.8409	-12.1311	-0.0045	121.4186
-0.0031	69.8409	-12.1331	-0.0045	121.426
-0.0031	69.8409	-12.1351	-0.0045	121.4334
-0.0031	69.8409	-12.1372	-0.0045	121.4408
-0.0031	69.8409	-12.1392	-0.0045	121.4483
-0.0031	69.8409	-12.1413	-0.0045	121.4557
-0.0031	69.8409	-12.1433	-0.0045	121.4631
-0.0031	69.8409	-12.1454	-0.0045	121.4706
-0.0031	69.8409	-12.1474	-0.0045	121.478
-0.0031	69.8409	-12.1495	-0.0045	121.4854
-0.0031	69.8409	-12.1515	-0.0045	121.4929
-0.0031	69.8409	-12.1536	-0.0045	121.5003
-0.0031	69.8409	-12.1556	-0.0045	121.5078
-0.0031	69.8409	-12.1577	-0.0045	121.5152
-0.0031	69.8409	-12.1597	-0.0045	121.5227
-0.0031	69.8409	-12.1618	-0.0045	121.5301
-0.0031	69.8409	-12.1638	-0.0045	121.5376
-0.0031	69.8409	-12.1659	-0.0045	121.5451
-0.0031	69.8409	-12.1679	-0.0045	121.5525
-0.0031	69.8409	-12.17	-0.0045	121.56
-0.0031	69.8409	-12.172	-0.0045	121.5675
-0.0031	69.8409	-12.1741	-0.0045	121.5749
-0.0031	69.8409	-12.1762	-0.0045	121.5824
-0.0031	69.8409	-12.1782	-0.0045	121.5899
-0.0031	69.8409	-12.1803	-0.0045	121.5974
-0.0031	69.8409	-12.1823	-0.0045	121.6049
-0.0031	69.8409	-12.1844	-0.0045	121.6124
-0.0031	69.8409	-12.1865	-0.0045	121.6199
-0.0031	69.8409	-12.1885	-0.0045	121.6273
-0.0031	69.8409	-12.1906	-0.0045	121.6348
-0.0031	69.8409	-12.1927	-0.0045	121.6424
-0.0031	69.8409	-12.1947	-0.0045	121.6499
-0.0031	69.8409	-12.1968	-0.0045	121.6574
-0.0031	69.8409	-12.1989	-0.0045	121.6649
-0.0031	69.8409	-12.2009	-0.0045	121.6724
-0.0031	69.8409	-12.203	-0.0045	121.6799
-0.0031	69.8409	-12.2051	-0.0045	121.6874
-0.0031	69.8409	-12.2071	-0.0045	121.695
-0.0031	69.8409	-12.2092	-0.0045	121.7025
-0.0031	69.8409	-12.2113	-0.0045	121.71
-0.0031	69.8409	-12.2134	-0.0045	121.7175
-0.0031	69.8409	-12.2154	-0.0045	121.7251
-0.0031	69.8409	-12.2175	-0.0045	121.7326
-0.0031	69.8409	-12.2196	-0.0045	121.7402
-0.0031	69.8409	-12.2217	-0.0045	121.7477
-0.0031	69.8409	-12.2237	-0.0045	121.7553
-0.0031	69.8409	-12.2258	-0.0045	121.7628
-0.0031	69.8409	-12.2279	-0.0045	121.7704
-0.0031	69.8409	-12.23	-0.0045	121.7779
-0.0031	69.8409	-12.2321	-0.0045	121.7855
-0.0031	69.8409	-12.2341	-0.0045	121.793
-0.0031	69.8409	-12.2362	-0.0045	121.8006
-0.0031	69.8409	-12.2383	-0.0045	121.8082
-0.0031	69.8409	-12.2404	-0.0045	121.8157
-0.0031	69.8409	-12.2425	-0.0045	121.8233
-0.0031	69.8409	-12.2446	-0.0045	121.8309
-0.0031	69.8409	-12.2467	-0.0045	121.8385
-0.0031	69.8409	-12.2487	-0.0045	121.8461
-0.0031	69.8409	-12.2508	-0.0045	121.8536
-0.0031	69.8409	-12.2529	-0.0045	121.8612
-0.0031	69.8409	-12.255	-0.0045	121.8688
-0.0031	69.8409	-12.2571	-0.0045	121.8764
-0.0031	69.8409	-12.2592	-0.0045	121.884
-0.0031	69.8409	-12.2613	-0.0045	121.8916
-0.0031	69.8409	-12.2634	-0.0045	121.8992
-0.0031	69.8409	-12.2655	-0.0045	121.9068
-0.0031	69.8409	-12.2676	-0.0045	121.9144
-0.0031	69.8409	-12.2697	-0.0045	121.922
-0.0031	69.8409	-12.2718	-0.0045	121.9297
-0.0031	69.8409	-12.2739	-0.0045	121.9373
-0.0031	69.8409	-12.276	-0.0045	121.9449
-0.0031	69.8409	-12.2781	-0.0045	121.9525
-0.0031	69.8409	-12.2802	-0.0045	121.9602
-0.0031	69.8409	-12.2823	-0.0045	121.9678
-0.0031	69.8409	-12.2844	-0.0045	121.9754
-0.0031	69.8409	-12.2865	-0.0045	121.983
-0.0031	69.8409	-12.2886	-0.0045	121.9907
-0.0031	69.8409	-12.2907	-0.0045	121.9983
-0.0031	69.8409	-12.2928	-0.0045	122.006
-0.0031	69.8409	-12.2949	-0.0045	122.0136
-0.0031	69.8409	-12.297	-0.0045	122.0213
-0.0031	69.8409	-12.2991	-0.0045	122.0289
-0.0031	69.8409	-12.3012	-0.0045	122.0366
-0.0031	69.8409	-12.3033	-0.0045	122.0442
-0.0031	69.8409	-12.3054	-0.0045	122.0519
-0.0031	69.8409	-12.3075	-0.0045	122.0596
-0.0031	69.8409	-12.3096	-0.0045	122.0672
-0.0031	69.8409	-12.3117	-0.0045	122.0749
-0.0031	69.8409	-12.3139	-0.0045	122.0826
-0.0031	69.8409	-12.316	-0.0045	122.0903
-0.0031	69.8409	-12.3181	-0.0045	122.0979
-0.0031	69.8409	-12.3202	-0.0045	122.1056
-0.0031	69.8409	-12.3223	-0.0045	122.1133
-0.0031	69.8409	-12.3244	-0.0045	122.121
-0.0031	69.8409	-12.3266	-0.0045	122.1287
-0.0031	69.8409	-12.3287	-0.0045	122.1364
-0.0031	69.8409	-12.3308	-0.0045	122.1441
-0.0031	69.8409	-12.3329	-0.0045	122.1518
-0.0031	69.8409	-12.335	-0.0045	122.1595
-0.0031	69.8409	-12.3372	-0.0045	122.1672
-0.0031	69.8409	-12.3393	-0.0045	122.1749
-0.0031	69.8409	-12.3414	-0.0045	122.1826
-0.0031	69.8409	-12.3435	-0.0045	122.1903
-0.0031	69.8409	-12.3456	-0.0045	122.198
-0.0031	69.8409	-12.3478	-0.0045	122.2058
-0.0031	69.8409	-12.3499	-0.0045	122.2135
-0.0031	69.8409	-12.352	-0.0045	122.2212
-0.0031	69.8409	-12.3542	-0.0045	122.2289
-0.0031	69.8409	-12.3563	-0.0045	122.2367
-0.0031	69.8409	-12.3584	-0.0045	122.2444
-0.0031	69.8409	-12.3605	-0.0045	122.2521
-0.0031	69.8409	-12.3627	-0.0045	122.2599
-0.0031	69.8409	-12.3648	-0.0045	122.2676
-0.0031	69.8409	-12.3669	-0.0045	122.2754
-0.0031	69.8409	-12.3691	-0.0045	122.2831
-0.0031	69.8409	-12.3712	-0.0045	122.2909
-0.0031	69.8409	-12.3733	-0.0045	122.2986
-0.0031	69.8409	-12.3755	-0.0045	122.3064
-0.0031	69.8409	-12.3776	-0.0045	122.3141
-0.0031	69.8409	-12.3797	-0.0045	122.3219
-0.0031	69.8409	-12.3819	-0.0045	122.3297
-0.0031	69.8409	-12.384	-0.0045	122.3374
-0.0031	69.8409	-12.3862	-0.0045	122.3452
-0.0031	69.8409	-12.3883	-0.0045	122.353
-0.0031	69.8409	-12.3904	-0.0045	122.3607
-0.0031	69.8409	-12.3926	-0.0045	122.3685
-0.0031	69.8409	-12.3947	-0.0045	122.3763
-0.0031	69.8409	-12.3969	-0.0045	122.3841
-0.0031	69.8409	-12.399	-0.0045	122.3919
-0.0031	69.8409	-12.4012	-0.0045	122.3997
-0.0031	69.8409	-12.4033	-0.0045	122.4075
-0.0031	69.8409	-12.4055	-0.0045	122.4153
-0.0031	69.8409	-12.4076	-0.0045	122.4231
-0.0031	69.8409	-12.4097	-0.0045	122.4309
-0.0031	69.8409	-12.4119	-0.0045	122.4387
-0.0031	69.8409	-12.414	-0.0045	122.4465
-0.0031	69.8409	-12.4162	-0.0045	122.4543
-0.0031	69.8409	-12.4183	-0.0045	122.4621
-0.0031	69.8409	-12.4205	-0.0045	122.4699
-0.0031	69.8409	-12.4227	-0.0045	122.4777
-0.0031	69.8409	-12.4248	-0.0045	122.4856
-0.0031	69.8409	-12.427	-0.0045	122.4934
-0.0031	69.8409	-12.4291	-0.0045	122.5012
-0.0031	69.8409	-12.4313	-0.0045	122.509
-0.0031	69.8409	-12.4334	-0.0045	122.5169
-0.0031	69.8409	-12.4356	-0.0045	122.5247
-0.0031	69.8409	-12.4377	-0.0045	122.5325
-0.0031	69.8409	-12.4399	-0.0045	122.5404
-0.0031	69.8409	-12.4421	-0.0045	122.5482
-0.0031	69.8409	-12.4442	-0.0045	122.5561
-0.0031	69.8409	-12.4464	-0.0045	122.5639
-0.0031	69.8409	-12.4485	-0.0045	122.5718
-0.0031	69.8409	-12.4507	-0.0045	122.5796
-0.0031	69.8409	-12.4529	-0.0045	122.5875
-0.0031	69.8409	-12.455	-0.0045	122.5953
-0.0031	69.8409	-12.4572	-0.0045	122.6032
-0.0031	69.8409	-12.4594	-0.0045	122.6111
-0.0031	69.8409	-12.4615	-0.0045	122.6189
-0.0031	69.8409	-12.4637	-0.0045	122.6268
-0.0031	69.8409	-12.4659	-0.0045	122.6347
-0.0031	69.8409	-12.468	-0.0045	122.6426
-0.0031	69.8409	-12.4702	-0.0045	122.6504
-0.0031	69.8409	-12.4724	-0.0045	122.6583
-0.0031	69.8409	-12.4745	-0.0045	122.6662
-0.0031	69.8409	-12.4767	-0.0045	122.6741
-0.0031	69.8409	-12.4789	-0.0045	122.682
-0.0031	69.8409	-12.4811	-0.0045	122.6899
-0.0031	69.8409	-12.4832	-0.0045	122.6978
-0.0031	69.8409	-12.4854	-0.0045	122.7057
-0.0031	69.8409	-12.4876	-0.0045	122.7136
-0.0031	69.8409	-12.4898	-0.0045	122.7215
-0.0031	69.8409	-12.4919	-0.0045	122.7294
-0.0031	69.8409	-12.4941	-0.0045	122.7373
-0.0031	69.8409	-12.4963	-0.0045	122.7452
-0.0031	69.8409	-12.4985	-0.0045	122.7531
-0.0031	69.8409	-12.5007	-0.0045	122.761
-0.0031	69.8409	-12.5028	-0.0045	122.769
-0.0031	69.8409	-12.505	-0.0045	122.7769
-0.0031	69.8409	-12.5072	-0.0045	122.7848
-0.0031	69.8409	-12.5094	-0.0045	122.7927
-0.0031	69.8409	-12.5116	-0.0045	122.8007
-0.0031	69.8409	-12.5137	-0.0045	122.8086
-0.0031	69.8409	-12.5159	-0.0045	122.8165
-0.0031	69.8409	-12.5181	-0.0045	122.8245
-0.0031	69.8409	-12.5203	-0.0045	122.8324
-0.0031	69.8409	-12.5225	-0.0045	122.8404
-0.0031	69.8409	-12.5247	-0.0045	122.8483
-0.0031	69.8409	-12.5269	-0.0045	122.8563
-0.0031	69.8409	-12.5291	-0.0045	122.8642
-0.0031	69.8409	-12.5312	-0.0045	122.8722
-0.0031	69.8409	-12.5334	-0.0045	122.8801
-0.0031	69.8409	-12.5356	-0.0045	122.8881
-0.0031	69.8409	-12.5378	-0.0045	122.896
-0.0031	69.8409	-12.54	-0.0045	122.904
-0.0031	69.8409	-12.5422	-0.0045	122.912
-0.0031	69.8409	-12.5444	-0.0045	122.92
-0.0031	69.8409	-12.5466	-0.0045	122.9279
-0.0031	69.8409	-12.5488	-0.0045	122.9359
-0.0031	69.8409	-12.551	-0.0045	122.9439
-0.0031	69.8409	-12.5532	-0.0045	122.9519
-0.0031	69.8409	-12.5554	-0.0045	122.9598
-0.0031	69.8409	-12.5576	-0.0045	122.9678
-0.0031	69.8409	-12.5598	-0.0045	122.9758
-0.0031	69.8409	-12.562	-0.0045	122.9838
-0.0031	69.8409	-12.5642	-0.0045	122.9918
-0.0031	69.8409	-12.5664	-0.0045	122.9998
-0.0031	69.8409	-12.5686	-0.0045	123.0078
-0.0031	69.8409	-12.5708	-0.0045	123.0158
-0.0031	69.8409	-12.573	-0.0045	123.0238
-0.0031	69.8409	-12.5752	-0.0045	123.0318
-0.0031	69.8409	-12.5774	-0.0045	123.0398
-0.0031	69.8409	-12.5796	-0.0045	123.0479
-0.0031	69.8409	-12.5818	-0.0045	123.0559
-0.0031	69.8409	-12.584	-0.0045	123.0639
-0.0031	69.8409	-12.5862	-0.0045	123.0719
-0.0031	69.8409	-12.5884	-0.0045	123.0799
-0.0031	69.8409	-12.5907	-0.0045	123.088
-0.0031	69.8409	-12.5929	-0.0045	123.096
-0.0031	69.8409	-12.5951	-0.0045	123.104
-0.0031	69.8409	-12.5973	-0.0045	123.1121
-0.0031	69.8409	-12.5995	-0.0045	123.1201
-0.0031	69.8409	-12.6017	-0.0045	123.1281
-0.0031	69.8409	-12.6039	-0.0045	123.1362
-0.0031	69.8409	-12.6061	-0.0045	123.1442
-0.0031	69.8409	-12.6084	-0.0045	123.1523
-0.0031	69.8409	-12.6106	-0.0045	123.1603
-0.0031	69.8409	-12.6128	-0.0045	123.1684
-0.0031	69.8409	-12.615	-0.0045	123.1764
-0.0031	69.8409	-12.6172	-0.0045	123.1845
-0.0031	69.8409	-12.6195	-0.0045	123.1925
-0.0031	69.8409	-12.6217	-0.0045	123.2006
-0.0031	69.8409	-12.6239	-0.0045	123.2087
-0.0031	69.8409	-12.6261	-0.0045	123.2167
-0.0031	69.8409	-12.6283	-0.0045	123.2248
-0.0031	69.8409	-12.6306	-0.0045	123.2329
-0.0031	69.8409	-12.6328	-0.0045	123.241
-0.0031	69.8409	-12.635	-0.0045	123.249
-0.0031	69.8409	-12.6372	-0.0045	123.2571
-0.0031	69.8409	-12.6395	-0.0045	123.2652
-0.0031	69.8409	-12.6417	-0.0045	123.2733
-0.0031	69.8409	-12.6439	-0.0045	123.2814
-0.0031	69.8409	-12.6461	-0.0045	123.2895
-0.0031	69.8409	-12.6484	-0.0045	123.2976
-0.0031	69.8409	-12.6506	-0.0045	123.3057
-0.0031	69.8409	-12.6528	-0.0045	123.3138
-0.0031	69.8409	-12.6551	-0.0045	123.3219
-0.0031	69.8409	-12.6573	-0.0045	123.33
-0.0031	69.8409	-12.6595	-0.0045	123.3381
-0.0031	69.8409	-12.6618	-0.0045	123.3462
-0.0031	69.8409	-12.664	-0.0045	123.3543
-0.0031	69.8409	-12.6662	-0.0045	123.3624
-0.0031	69.8409	-12.6685	-0.0045	123.3705
-0.0031	69.8409	-12.6707	-0.0045	123.3786
-0.0031	69.8409	-12.6729	-0.0045	123.3868
-0.0031	69.8409	-12.6752	-0.0045	123.3949
-0.0031	69.8409	-12.6774	-0.0045	123.403
-0.0031	69.8409	-12.6796	-0.0045	123.4112
-0.0031	69.8409	-12.6819	-0.0045	123.4193
-0.0031	69.8409	-12.6841	-0.0045	123.4274
-0.0031	69.8409	-12.6864	-0.0045	123.4356
-0.0031	69.8409	-12.6886	-0.0045	123.4437
-0.0031	69.8409	-12.6908	-0.0045	123.4518
-0.0031	69.8409	-12.6931	-0.0045	123.46
-0.0031	69.8409	-12.6953	-0.0045	123.4681
-0.0031	69.8409	-12.6976	-0.0045	123.4763
-0.0031	69.8409	-12.6998	-0.0045	123.4844
-0.0031	69.8409	-12.7021	-0.0045	123.4926
-0.0031	69.8409	-12.7043	-0.0045	123.5007
-0.0031	69.8409	-12.7066	-0.0045	123.5089
-0.0031	69.8409	-12.7088	-0.0045	123.5171
-0.0031	69.8409	-12.711	-0.0045	123.5252
-0.0031	69.8409	-12.7133	-0.0045	123.5334
-0.0031	69.8409	-12.7155	-0.0045	123.5416
-0.0031	69.8409	-12.7178	-0.0045	123.5497
-0.0031	69.8409	-12.72	-0.0045	123.5579
-0.0031	69.8409	-12.7223	-0.0045	123.5661
-0.0031	69.8409	-12.7245	-0.0045	123.5743
-0.0031	69.8409	-12.7268	-0.0045	123.5825
-0.0031	69.8409	-12.7291	-0.0045	123.5906
-0.0031	69.8409	-12.7313	-0.0045	123.5988
-0.0031	69.8409	-12.7336	-0.0045	123.607
-0.0031	69.8409	-12.7358	-0.0045	123.6152
-0.0031	69.8409	-12.7381	-0.0045	123.6234
-0.0031	69.8409	-12.7403	-0.0045	123.6316
-0.0031	69.8409	-12.7426	-0.0045	123.6398
-0.0031	69.8409	-12.7448	-0.0045	123.648
-0.0031	69.8409	-12.7471	-0.0045	123.6562
-0.0031	69.8409	-12.7494	-0.0045	123.6644
-0.0031	69.8409	-12.7516	-0.0045	123.6726
-0.0031	69.8409	-12.7539	-0.0045	123.6808
-0.0031	69.8409	-12.7561	-0.0045	123.689
-0.0031	69.8409	-12.7584	-0.0045	123.6973
-0.0031	69.8409	-12.7607	-0.0045	123.7055
-0.0031	69.8409	-12.7629	-0.0045	123.7137
-0.0031	69.8409	-12.7652	-0.0045	123.7219
-0.0031	69.8409	-12.7675	-0.0045	123.7302
-0.0031	69.8409	-12.7697	-0.0045	123.7384
-0.0031	69.8409	-12.772	-0.0045	123.7466
-0.0031	69.8409	-12.7743	-0.0045	123.7549
-0.0031	69.8409	-12.7765	-0.0045	123.7631
-0.0031	69.8409	-12.7788	-0.0045	123.7713
-0.0031	69.8409	-12.7811	-0.0045	123.7796
-0.0031	69.8409	-12.7833	-0.0045	123.7878
-0.0031	69.8409	-12.7856	-0.0045	123.7961
-0.0031	69.8409	-12.7879	-0.0045	123.8043
-0.0031	69.8409	-12.7902	-0.0045	123.8126
-0.0031	69.8409	-12.7924	-0.0045	123.8208
-0.0031	69.8409	-12.7947	-0.0045	123.8291
-0.0031	69.8409	-12.797	-0.0045	123.8373
-0.0031	69.8409	-12.7992	-0.0045	123.8456
-0.0031	69.8409	-12.8015	-0.0045	123.8538
-0.0031	69.8409	-12.8038	-0.0045	123.8621
-0.0031	69.8409	-12.8061	-0.0045	123.8704
-0.0031	69.8409	-12.8083	-0.0045	123.8787
-0.0031	69.8409	-12.8106	-0.0045	123.8869
-0.0031	69.8409	-12.8129	-0.0045	123.8952
-0.0031	69.8409	-12.8152	-0.0045	123.9035
-0.0031	69.8409	-12.8175	-0.0045	123.9118
-0.0031	69.8409	-12.8197	-0.0045	123.92
-0.0031	69.8409	-12.822	-0.0045	123.9283
-0.0031	69.8409	-12.8243	-0.0045	123.9366
-0.0031	69.8409	-12.8266	-0.0045	123.9449
-0.0031	69.8409	-12.8289	-0.0045	123.9532
-0.0031	69.8409	-12.8312	-0.0045	123.9615
-0.0031	69.8409	-12.8334	-0.0045	123.9698
-0.0031	69.8409	-12.8357	-0.0045	123.9781
-0.0031	69.8409	-12.838	-0.0045	123.9864
-0.0031	69.8409	-12.8403	-0.0045	123.9947
-0.0031	69.8409	-12.8426	-0.0045	124.003
-0.0031	69.8409	-12.8449	-0.0045	124.0113
-0.0031	69.8409	-12.8472	-0.0045	124.0196
-0.0031	69.8409	-12.8494	-0.0045	124.0279
-0.0031	69.8409	-12.8517	-0.0045	124.0362
-0.0031	69.8409	-12.854	-0.0045	124.0446
-0.0031	69.8409	-12.8563	-0.0045	124.0529
-0.0031	69.8409	-12.8586	-0.0045	124.0612
-0.0031	69.8409	-12.8609	-0.0045	124.0695
-0.0031	69.8409	-12.8632	-0.0045	124.0778
-0.0031	69.8409	-12.8655	-0.0045	124.0862
-0.0031	69.8409	-12.8678	-0.0045	124.0945
-0.0031	69.8409	-12.8701	-0.0045	124.1028
-0.0031	69.8409	-12.8724	-0.0045	124.1112
-0.0031	69.8409	-12.8747	-0.0045	124.1195
-0.0031	69.8409	-12.877	-0.0045	124.1279
-0.0031	69.8409	-12.8793	-0.0045	124.1362
-0.0031	69.8409	-12.8816	-0.0045	124.1445
-0.0031	69.8409	-12.8839	-0.0045	124.1529
-0.0031	69.8409	-12.8862	-0.0045	124.1612
-0.0031	69.8409	-12.8885	-0.0045	124.1696
-0.0031	69.8409	-12.8908	-0.0045	124.178
-0.0031	69.8409	-12.8931	-0.0045	124.1863
-0.0031	69.8409	-12.8954	-0.0045	124.1947
-0.0031	69.8409	-12.8977	-0.0045	124.203
-0.0031	69.8409	-12.9	-0.0045	124.2114
-0.0031	69.8409	-12.9023	-0.0045	124.2198
-0.0031	69.8409	-12.9046	-0.0045	124.2281
-0.0031	69.8409	-12.9069	-0.0045	124.2365
-0.0031	69.8409	-12.9092	-0.0045	124.2449
-0.0031	69.8409	-12.9115	-0.0045	124.2533
-0.0031	69.8409	-12.9138	-0.0045	124.2616
-0.0031	69.8409	-12.9161	-0.0045	124.27
-0.0031	69.8409	-12.9184	-0.0045	124.2784
-0.0031	69.8409	-12.9207	-0.0045	124.2868
-0.0031	69.8409	-12.923	-0.0045	124.2952
-0.0031	69.8409	-12.9253	-0.0045	124.3036
-0.0031	69.8409	-12.9276	-0.0045	124.3119
-0.0031	69.8409	-12.93	-0.0045	124.3203
-0.0031	69.8409	-12.9323	-0.0045	124.3287
-0.0031	69.8409	-12.9346	-0.0045	124.3371
-0.0031	69.8409	-12.9369	-0.0045	124.3455
-0.0031	69.8409	-12.9392	-0.0045	124.3539
-0.0031	69.8409	-12.9415	-0.0045	124.3623
-0.0031	69.8409	-12.9438	-0.0045	124.3708
-0.0031	69.8409	-12.9461	-0.0045	124.3792
-0.0031	69.8409	-12.9485	-0.0045	124.3876
-0.0031	69.8409	-12.9508	-0.0045	124.396
-0.0031	69.8409	-12.9531	-0.0045	124.4044
-0.0031	69.8409	-12.9554	-0.0045	124.4128
-0.0031	69.8409	-12.9577	-0.0045	124.4212
-0.0031	69.8409	-12.9601	-0.0045	124.4297
-0.0031	69.8409	-12.9624	-0.0045	124.4381
-0.0031	69.8409	-12.9647	-0.0045	124.4465
-0.0031	69.8409	-12.967	-0.0045	124.455
-0.0031	69.8409	-12.9693	-0.0045	124.4634
-0.0031	69.8409	-12.9717	-0.0045	124.4718
-0.0031	69.8409	-12.974	-0.0045	124.4803
-0.0031	69.8409	-12.9763	-0.0045	124.4887
-0.0031	69.8409	-12.9786	-0.0045	124.4971
-0.0031	69.8409	-12.981	-0.0045	124.5056
-0.0031	69.8409	-12.9833	-0.0045	124.514
-0.0031	69.8409	-12.9856	-0.0045	124.5225
-0.0031	69.8409	-12.9879	-0.0045	124.5309
-0.0031	69.8409	-12.9903	-0.0045	124.5394
-0.0031	69.8409	-12.9926	-0.0045	124.5478
-0.0031	69.8409	-12.9949	-0.0045	124.5563
-0.0031	69.8409	-12.9972	-0.0045	124.5647
-0.0031	69.8409	-12.9996	-0.0045	124.5732
-0.0031	69.8409	-13.0019	-0.0045	124.5817
-0.0031	69.8409	-13.0042	-0.0045	124.5901
-0.0031	69.8409	-13.0066	-0.0045	124.5986
-0.0031	69.8409	-13.0089	-0.0045	124.6071
-0.0031	69.8409	-13.0112	-0.0045	124.6155
-0.0031	69.8409	-13.0136	-0.0045	124.624
-0.0031	69.8409	-13.0159	-0.0045	124.6325
-0.0031	69.8409	-13.0182	-0.0045	124.641
-0.0031	69.8409	-13.0206	-0.0045	124.6495
-0.0031	69.8409	-13.0229	-0.0045	124.6579
-0.0031	69.8409	-13.0252	-0.0045	124.6664
-0.0031	69.8409	-13.0276	-0.0045	124.6749
-0.0031	69.8409	-13.0299	-0.0045	124.6834
-0.0031	69.8409	-13.0322	-0.0045	124.6919
-0.0031	69.8409	-13.0346	-0.0045	124.7004
-0.0031	69.8409	-13.0369	-0.0045	124.7089
-0.0031	69.8409	-13.0393	-0.0045	124.7174
-0.0031	69.8409	-13.0416	-0.0045	124.7259
-0.0031	69.8409	-13.0439	-0.0045	124.7344
-0.0031	69.8409	-13.0463	-0.0045	124.7429
-0.0031	69.8409	-13.0486	-0.0045	124.7514
-0.0031	69.8409	-13.051	-0.0045	124.7599
-0.0031	69.8409	-13.0533	-0.0045	124.7684
-0.0031	69.8409	-13.0557	-0.0045	124.7769
-0.0031	69.8409	-13.058	-0.0045	124.7854
-0.0031	69.8409	-13.0603	-0.0045	124.794
-0.0031	69.8409	-13.0627	-0.0045	124.8025
-0.0031	69.8409	-13.065	-0.0045	124.811
-0.0031	69.8409	-13.0674	-0.0045	124.8195
-0.0031	69.8409	-13.0697	-0.0045	124.828
-0.0031	69.8409	-13.0721	-0.0045	124.8366
-0.0031	69.8409	-13.0744	-0.0045	124.8451
-0.0031	69.8409	-13.0768	-0.0045	124.8536
-0.0031	69.8409	-13.0791	-0.0045	124.8622
-0.0031	69.8409	-13.0815	-0.0045	124.8707
-0.0031	69.8409	-13.0838	-0.0045	124.8792
-0.0031	69.8409	-13.0862	-0.0045	124.8878
-0.0031	69.8409	-13.0885	-0.0045	124.8963
-0.0031	69.8409	-13.0909	-0.0045	124.9049
-0.0031	69.8409	-13.0932	-0.0045	124.9134
-0.0031	69.8409	-13.0956	-0.0045	124.922
-0.0031	69.8409	-13.0979	-0.0045	124.9305
-0.0031	69.8409	-13.1003	-0.0045	124.9391
-0.0031	69.8409	-13.1027	-0.0045	124.9476
-0.0031	69.8409	-13.105	-0.0045	124.9562
-0.0031	69.8409	-13.1074	-0.0045	124.9647
-0.0031	69.8409	-13.1097	-0.0045	124.9733
-0.0031	69.8409	-13.1121	-0.0045	124.9819
-0.0031	69.8409	-13.1144	-0.0045	124.9904
-0.0031	69.8409	-13.1168	-0.0045	124.999
-0.0031	69.8409	-13.1192	-0.0045	125.0076
-0.0031	69.8409	-13.1215	-0.0045	125.0162
-0.0031	69.8409	-13.1239	-0.0045	125.0247
-0.0031	69.8409	-13.1262	-0.0045	125.0333
-0.0031	69.8409	-13.1286	-0.0045	125.0419
-0.0031	69.8409	-13.131	-0.0045	125.0505
-0.0031	69.8409	-13.1333	-0.0045	125.059
-0.0031	69.8409	-13.1357	-0.0045	125.0676
-0.0031	69.8409	-13.1381	-0.0045	125.0762
-0.0031	69.8409	-13.1404	-0.0045	125.0848
-0.0031	69.8409	-13.1428	-0.0045	125.0934
-0.0031	69.8409	-13.1452	-0.0045	125.102
-0.0031	69.8409	-13.1475	-0.0045	125.1106
-0.0031	69.8409	-13.1499	-0.0045	125.1192
-0.0031	69.8409	-13.1523	-0.0045	125.1278
-0.0031	69.8409	-13.1546	-0.0045	125.1364
-0.0031	69.8409	-13.157	-0.0045	125.145
-0.0031	69.8409	-13.1594	-0.0045	125.1536
-0.0031	69.8409	-13.1617	-0.0045	125.1622
-0.0031	69.8409	-13.1641	-0.0045	125.1708
-0.0031	69.8409	-13.1665	-0.0045	125.1794
-0.0031	69.8409	-13.1688	-0.0045	125.188
-0.0031	69.8409	-13.1712	-0.0045	125.1966
-0.0031	69.8409	-13.1736	-0.0045	125.2053
-0.0031	69.8409	-13.176	-0.0045	125.2139
-0.0031	69.8409	-13.1783	-0.0045	125.2225
-0.0031	69.8409	-13.1807	-0.0045	125.2311
-0.0031	69.8409	-13.1831	-0.0045	125.2397
-0.0031	69.8409	-13.1855	-0.0045	125.2484
-0.0031	69.8409	-13.1878	-0.0045	125.257
-0.0031	69.8409	-13.1902	-0.0045	125.2656
-0.0031	69.8409	-13.1926	-0.0045	125.2743
-0.0031	69.8409	-13.195	-0.0045	125.2829
-0.0031	69.8409	-13.1973	-0.0045	125.2915
-0.0031	69.8409	-13.1997	-0.0045	125.3002
-0.0031	69.8409	-13.2021	-0.0045	125.3088
-0.0031	69.8409	-13.2045	-0.0045	125.3175
-0.0031	69.8409	-13.2069	-0.0045	125.3261
-0.0031	69.8409	-13.2092	-0.0045	125.3348
-0.0031	69.8409	-13.2116	-0.0045	125.3434
-0.0031	69.8409	-13.214	-0.0045	125.3521
-0.0031	69.8409	-13.2164	-0.0045	125.3607
-0.0031	69.8409	-13.2188	-0.0045	125.3694
-0.0031	69.8409	-13.2211	-0.0045	125.378
-0.0031	69.8409	-13.2235	-0.0045	125.3867
-0.0031	69.8409	-13.2259	-0.0045	125.3953
-0.0031	69.8409	-13.2283	-0.0045	125.404
-0.0031	69.8409	-13.2307	-0.0045	125.4127
-0.0031	69.8409	-13.2331	-0.0045	125.4213
-0.0031	69.8409	-13.2355	-0.0045	125.43
-0.0031	69.8409	-13.2378	-0.0045	125.4387
-0.0031	69.8409	-13.2402	-0.0045	125.4473
-0.0031	69.8409	-13.2426	-0.0045	125.456
-0.0031	69.8409	-13.245	-0.0045	125.4647
-0.0031	69.8409	-13.2474	-0.0045	125.4734
-0.0031	69.8409	-13.2498	-0.0045	125.4821
-0.0031	69.8409	-13.2522	-0.0045	125.4907
-0.0031	69.8409	-13.2546	-0.0045	125.4994
-0.0031	69.8409	-13.257	-0.0045	125.5081
-0.0031	69.8409	-13.2594	-0.0045	125.5168
-0.0031	69.8409	-13.2617	-0.0045	125.5255
-0.0031	69.8409	-13.2641	-0.0045	125.5342
-0.0031	69.8409	-13.2665	-0.0045	125.5429
-0.0031	69.8409	-13.2689	-0.0045	125.5516
-0.0031	69.8409	-13.2713	-0.0045	125.5603
-0.0031	69.8409	-13.2737	-0.0045	125.569
-0.0031	69.8409	-13.2761	-0.0045	125.5777
-0.0031	69.8409	-13.2785	-0.0045	125.5864
-0.0031	69.8409	-13.2809	-0.0045	125.5951
-0.0031	69.8409	-13.2833	-0.0045	125.6038
-0.0031	69.8409	-13.2857	-0.0045	125.6125
-0.0031	69.8409	-13.2881	-0.0045	125.6212
-0.0031	69.8409	-13.2905	-0.0045	125.6299
-0.0031	69.8409	-13.2929	-0.0045	125.6386
-0.0031	69.8409	-13.2953	-0.0045	125.6473
-0.0031	69.8409	-13.2977	-0.0045	125.6561
-0.0031	69.8409	-13.3001	-0.0045	125.6648
-0.0031	69.8409	-13.3025	-0.0045	125.6735
-0.0031	69.8409	-13.3049	-0.0045	125.6822
-0.0031	69.8409	-13.3073	-0.0045	125.691
-0.0031	69.8409	-13.3097	-0.0045	125.6997
-0.0031	69.8409	-13.3121	-0.0045	125.7084
-0.0031	69.8409	-13.3145	-0.0045	125.7171
-0.0031	69.8409	-13.3169	-0.0045	125.7259
-0.0031	69.8409	-13.3193	-0.0045	125.7346
-0.0031	69.8409	-13.3217	-0.0045	125.7434
-0.0031	69.8409	-13.3241	-0.0045	125.7521
-0.0031	69.8409	-13.3265	-0.0045	125.7608
-0.0031	69.8409	-13.329	-0.0045	125.7696
-0.0031	69.8409	-13.3314	-0.0045	125.7783
-0.0031	69.8409	-13.3338	-0.0045	125.7871
-0.0031	69.8409	-13.3362	-0.0045	125.7958
-0.0031	69.8409	-13.3386	-0.0045	125.8046
-0.0031	69.8409	-13.341	-0.0045	125.8133
-0.0031	69.8409	-13.3434	-0.0045	125.8221
-0.0031	69.8409	-13.3458	-0.0045	125.8308
-0.0031	69.8409	-13.3482	-0.0045	125.8396
-0.0031	69.8409	-13.3506	-0.0045	125.8483
-0.0031	69.8409	-13.3531	-0.0045	125.8571
-0.0031	69.8409	-13.3555	-0.0045	125.8659
-0.0031	69.8409	-13.3579	-0.0045	125.8746
-0.0031	69.8409	-13.3603	-0.0045	125.8834
-0.0031	69.8409	-13.3627	-0.0045	125.8922
-0.0031	69.8409	-13.3651	-0.0045	125.9009
-0.0031	69.8409	-13.3675	-0.0045	125.9097
-0.0031	69.8409	-13.3699	-0.0045	125.9185
-0.0031	69.8409	-13.3724	-0.0045	125.9273
-0.0031	69.8409	-13.3748	-0.0045	125.936
-0.0031	69.8409	-13.3772	-0.0045	125.9448
-0.0031	69.8409	-13.3796	-0.0045	125.9536
-0.0031	69.8409	-13.382	-0.0045	125.9624
-0.0031	69.8409	-13.3845	-0.0045	125.9712
-0.0031	69.8409	-13.3869	-0.0045	125.98
-0.0031	69.8409	-13.3893	-0.0045	125.9887
-0.0031	69.8409	-13.3917	-0.0045	125.9975
-0.0031	69.8409	-13.3941	-0.0045	126.0063
-0.0031	69.8409	-13.3966	-0.0045	126.0151
-0.0031	69.8409	-13.399	-0.0045	126.0239
-0.0031	69.8409	-13.4014	-0.0045	126.0327
-0.0031	69.8409	-13.4038	-0.0045	126.0415
-0.0031	69.8409	-13.4062	-0.0045	126.0503
-0.0031	69.8409	-13.4087	-0.0045	126.0591
-0.0031	69.8409	-13.4111	-0.0045	126.0679
-0.0031	69.8409	-13.4135	-0.0045	126.0767
-0.0031	69.8409	-13.4159	-0.0045	126.0855
-0.0031	69.8409	-13.4184	-0.0045	126.0943
-0.0031	69.8409	-13.4208	-0.0045	126.1031
-0.0031	69.8409	-13.4232	-0.0045	126.112
-0.0031	69.8409	-13.4256	-0.0045	126.1208
-0.0031	69.8409	-13.4281	-0.0045	126.1296
-0.0031	69.8409	-13.4305	-0.0045	126.1384
-0.0031	69.8409	-13.4329	-0.0045	126.1472
-0.0031	69.8409	-13.4354	-0.0045	126.1561
-0.0031	69.8409	-13.4378	-0.0045	126.1649
-0.0031	69.8409	-13.4402	-0.0045	126.1737
-0.0031	69.8409	-13.4426	-0.0045	126.1825
-0.0031	69.8409	-13.4451	-0.0045	126.1914
-0.0031	69.8409	-13.4475	-0.0045	126.2002
-0.0031	69.8409	-13.4499	-0.0045	126.209
-0.0031	69.8409	-13.4524	-0.0045	126.2179
-0.0031	69.8409	-13.4548	-0.0045	126.2267
-0.0031	69.8409	-13.4572	-0.0045	126.2355
-0.0031	69.8409	-13.4597	-0.0045	126.2444
-0.0031	69.8409	-13.4621	-0.0045	126.2532
-0.0031	69.8409	-13.4645	-0.0045	126.2621
-0.0031	69.8409	-13.467	-0.0045	126.2709
-0.0031	69.8409	-13.4694	-0.0045	126.2797
-0.0031	69.8409	-13.4718	-0.0045	126.2886
-0.0031	69.8409	-13.4743	-0.0045	126.2974
-0.0031	69.8409	-13.4767	-0.0045	126.3063
-0.0031	69.8409	-13.4792	-0.0045	126.3151
-0.0031	69.8409	-13.4816	-0.0045	126.324
-0.0031	69.8409	-13.484	-0.0045	126.3329
-0.0031	69.8409	-13.4865	-0.0045	126.3417
-0.0031	69.8409	-13.4889	-0.0045	126.3506
-0.0031	69.8409	-13.4913	-0.0045	126.3594
-0.0031	69.8409	-13.4938	-0.0045	126.3683
-0.0031	69.8409	-13.4962	-0.0045	126.3772
-0.0031	69.8409	-13.4987	-0.0045	126.386
-0.0031	69.8409	-13.5011	-0.0045	126.3949
-0.0031	69.8409	-13.5036	-0.0045	126.4038
-0.0031	69.8409	-13.506	-0.0045	126.4126
-0.0031	69.8409	-13.5084	-0.0045	126.4215
-0.0031	69.8409	-13.5109	-0.0045	126.4304
-0.0031	69.8409	-13.5133	-0.0045	126.4393
-0.0031	69.8409	-13.5158	-0.0045	126.4481
-0.0031	69.8409	-13.5182	-0.0045	126.457
-0.0031	69.8409	-13.5207	-0.0045	126.4659
-0.0031	69.8409	-13.5231	-0.0045	126.4748
-0.0031	69.8409	-13.5256	-0.0045	126.4837
-0.0031	69.8409	-13.528	-0.0045	126.4925
-0.0031	69.8409	-13.5304	-0.0045	126.5014
-0.0031	69.8409	-13.5329	-0.0045	126.5103
-0.0031	69.8409	-13.5353	-0.0045	126.5192
-0.0031	69.8409	-13.5378	-0.0045	126.5281
-0.0031	69.8409	-13.5402	-0.0045	126.537
-0.0031	69.8409	-13.5427	-0.0045	126.5459
-0.0031	69.8409	-13.5451	-0.0045	126.5548
-0.0031	69.8409	-13.5476	-0.0045	126.5637
-0.0031	69.8409	-13.55	-0.0045	126.5726
-0.0031	69.8409	-13.5525	-0.0045	126.5815
-0.0031	69.8409	-13.5549	-0.0045	126.5904
-0.0031	69.8409	-13.5574	-0.0045	126.5993
-0.0031	69.8409	-13.5598	-0.0045	126.6082
-0.0031	69.8409	-13.5623	-0.0045	126.6171
-0.0031	69.8409	-13.5647	-0.0045	126.626
-0.0031	69.8409	-13.5672	-0.0045	126.6349
-0.0031	69.8409	-13.5697	-0.0045	126.6439
-0.0031	69.8409	-13.5721	-0.0045	126.6528
-0.0031	69.8409	-13.5746	-0.0045	126.6617
-0.0031	69.8409	-13.577	-0.0045	126.6706
-0.0031	69.8409	-13.5795	-0.0045	126.6795
-0.0031	69.8409	-13.5819	-0.0045	126.6884
-0.0031	69.8409	-13.5844	-0.0045	126.6974
-0.0031	69.8409	-13.5868	-0.0045	126.7063
-0.0031	69.8409	-13.5893	-0.0045	126.7152
-0.0031	69.8409	-13.5918	-0.0045	126.7241
-0.0031	69.8409	-13.5942	-0.0045	126.7331
-0.0031	69.8409	-13.5967	-0.0045	126.742
-0.0031	69.8409	-13.5991	-0.0045	126.7509
-0.0031	69.8409	-13.6016	-0.0045	126.7599
-0.0031	69.8409	-13.6041	-0.0045	126.7688
-0.0031	69.8409	-13.6065	-0.0045	126.7777
-0.0031	69.8409	-13.609	-0.0045	126.7867
-0.0031	69.8409	-13.6114	-0.0045	126.7956
-0.0031	69.8409	-13.6139	-0.0045	126.8046
-0.0031	69.8409	-13.6164	-0.0045	126.8135
-0.0031	69.8409	-13.6188	-0.0045	126.8225
-0.0031	69.8409	-13.6213	-0.0045	126.8314
-0.0031	69.8409	-13.6238	-0.0045	126.8404
-0.0031	69.8409	-13.6262	-0.0045	126.8493
-0.0031	69.8409	-13.6287	-0.0045	126.8583
-0.0031	69.8409	-13.6311	-0.0045	126.8672
-0.0031	69.8409	-13.6336	-0.0045	126.8762
-0.0031	69.8409	-13.6361	-0.0045	126.8851
-0.0031	69.8409	-13.6385	-0.0045	126.8941
-0.0031	69.8409	-13.641	-0.0045	126.903
-0.0031	69.8409	-13.6435	-0.0045	126.912
-0.0031	69.8409	-13.6459	-0.0045	126.921
-0.0031	69.8409	-13.6484	-0.0045	126.9299
-0.0031	69.8409	-13.6509	-0.0045	126.9389
-0.0031	69.8409	-13.6533	-0.0045	126.9478
-0.0031	69.8409	-13.6558	-0.0045	126.9568
-0.0031	69.8409	-13.6583	-0.0045	126.9658
-0.0031	69.8409	-13.6608	-0.0045	126.9748
-0.0031	69.8409	-13.6632	-0.0045	126.9837
-0.0031	69.8409	-13.6657	-0.0045	126.9927
-0.0031	69.8409	-13.6682	-0.0045	127.0017
-0.0031	69.8409	-13.6706	-0.0045	127.0106
-0.0031	69.8409	-13.6731	-0.0045	127.0196
-0.0031	69.8409	-13.6756	-0.0045	127.0286
-0.0031	69.8409	-13.6781	-0.0045	127.0376
-0.0031	69.8409	-13.6805	-0.0045	127.0466
-0.0031	69.8409	-13.683	-0.0045	127.0556
-0.0031	69.8409	-13.6855	-0.0045	127.0645
-0.0031	69.8409	-13.688	-0.0045	127.0735
-0.0031	69.8409	-13.6904	-0.0045	127.0825
-0.0031	69.8409	-13.6929	-0.0045	127.0915
-0.0031	69.8409	-13.6954	-0.0045	127.1005
-0.0031	69.8409	-13.6979	-0.0045	127.1095
-0.0031	69.8409	-13.7003	-0.0045	127.1185
-0.0031	69.8409	-13.7028	-0.0045	127.1275
-0.0031	69.8409	-13.7053	-0.0045	127.1365
-0.0031	69.8409	-13.7078	-0.0045	127.1455
-0.0031	69.8409	-13.7102	-0.0045	127.1545
-0.0031	69.8409	-13.7127	-0.0045	127.1635
-0.0031	69.8409	-13.7152	-0.0045	127.1725
-0.0031	69.8409	-13.7177	-0.0045	127.1815
-0.0031	69.8409	-13.7202	-0.0045	127.1905
-0.0031	69.8409	-13.7226	-0.0045	127.1995
-0.0031	69.8409	-13.7251	-0.0045	127.2085
-0.0031	69.8409	-13.7276	-0.0045	127.2175
-0.0031	69.8409	-13.7301	-0.0045	127.2265
-0.0031	69.8409	-13.7326	-0.0045	127.2355
-0.0031	69.8409	-13.735	-0.0045	127.2446
-0.0031	69.8409	-13.7375	-0.0045	127.2536
-0.0031	69.8409	-13.74	-0.0045	127.2626
-0.0031	69.8409	-13.7425	-0.0045	127.2716
-0.0031	69.8409	-13.745	-0.0045	127.2806
-0.0031	69.8409	-13.7475	-0.0045	127.2896
-0.0031	69.8409	-13.7499	-0.0045	127.2987
-0.0031	69.8409	-13.7524	-0.0045	127.3077
-0.0031	69.8409	-13.7549	-0.0045	127.3167
-0.0031	69.8409	-13.7574	-0.0045	127.3257
-0.0031	69.8409	-13.7599	-0.0045	127.3348
-0.0031	69.8409	-13.7624	-0.0045	127.3438
-0.0031	69.8409	-13.7649	-0.0045	127.3528
-0.0031	69.8409	-13.7673	-0.0045	127.3619
-0.0031	69.8409	-13.7698	-0.0045	127.3709
-0.0031	69.8409	-13.7723	-0.0045	127.3799
-0.0031	69.8409	-13.7748	-0.0045	127.389
-0.0031	69.8409	-13.7773	-0.0045	127.398
-0.0031	69.8409	-13.7798	-0.0045	127.407
-0.0031	69.8409	-13.7823	-0.0045	127.4161
-0.0031	69.8409	-13.7848	-0.0045	127.4251
-0.0031	69.8409	-13.7872	-0.0045	127.4342
-0.0031	69.8409	-13.7897	-0.0045	127.4432
-0.0031	69.8409	-13.7922	-0.0045	127.4523
-0.0031	69.8409	-13.7947	-0.0045	127.4613
-0.0031	69.8409	-13.7972	-0.0045	127.4704
-0.0031	69.8409	-13.7997	-0.0045	127.4794
-0.0031	69.8409	-13.8022	-0.0045	127.4885
-0.0031	69.8409	-13.8047	-0.0045	127.4975
-0.0031	69.8409	-13.8072	-0.0045	127.5066
-0.0031	69.8409	-13.8097	-0.0045	127.5156
-0.0031	69.8409	-13.8122	-0.0045	127.5247
-0.0031	69.8409	-13.8147	-0.0045	127.5337
-0.0031	69.8409	-13.8172	-0.0045	127.5428
-0.0031	69.8409	-13.8196	-0.0045	127.5519
-0.0031	69.8409	-13.8221	-0.0045	127.5609
-0.0031	69.8409	-13.8246	-0.0045	127.57
-0.0031	69.8409	-13.8271	-0.0045	127.5791
-0.0031	69.8409	-13.8296	-0.0045	127.5881
-0.0031	69.8409	-13.8321	-0.0045	127.5972
-0.0031	69.8409	-13.8346	-0.0045	127.6063
-0.0031	69.8409	-13.8371	-0.0045	127.6153
-0.0031	69.8409	-13.8396	-0.0045	127.6244
-0.0031	69.8409	-13.8421	-0.0045	127.6335
-0.0031	69.8409	-13.8446	-0.0045	127.6425
-0.0031	69.8409	-13.8471	-0.0045	127.6516
-0.0031	69.8409	-13.8496	-0.0045	127.6607
-0.0031	69.8409	-13.8521	-0.0045	127.6698
-0.0031	69.8409	-13.8546	-0.0045	127.6788
-0.0031	69.8409	-13.8571	-0.0045	127.6879
-0.0031	69.8409	-13.8596	-0.0045	127.697
-0.0031	69.8409	-13.8621	-0.0045	127.7061
-0.0031	69.8409	-13.8646	-0.0045	127.7152
-0.0031	69.8409	-13.8671	-0.0045	127.7243
-0.0031	69.8409	-13.8696	-0.0045	127.7333
-0.0031	69.8409	-13.8721	-0.0045	127.7424
-0.0031	69.8409	-13.8746	-0.0045	127.7515
-0.0031	69.8409	-13.8771	-0.0045	127.7606
-0.0031	69.8409	-13.8796	-0.0045	127.7697
-0.0031	69.8409	-13.8821	-0.0045	127.7788
-0.0031	69.8409	-13.8846	-0.0045	127.7879
-0.0031	69.8409	-13.8871	-0.0045	127.797
-0.0031	69.8409	-13.8896	-0.0045	127.8061
-0.0031	69.8409	-13.8921	-0.0045	127.8152
-0.0031	69.8409	-13.8946	-0.0045	127.8243
-0.0031	69.8409	-13.8972	-0.0045	127.8334
-0.0031	69.8409	-13.8997	-0.0045	127.8425
-0.0031	69.8409	-13.9022	-0.0045	127.8516
-0.0031	69.8409	-13.9047	-0.0045	127.8607
-0.0031	69.8409	-13.9072	-0.0045	127.8698
-0.0031	69.8409	-13.9097	-0.0045	127.8789
-0.0031	69.8409	-13.9122	-0.0045	127.888
-0.0031	69.8409	-13.9147	-0.0045	127.8971
-0.0031	69.8409	-13.9172	-0.0045	127.9062
-0.0031	69.8409	-13.9197	-0.0045	127.9153
-0.0031	69.8409	-13.9222	-0.0045	127.9245
-0.0031	69.8409	-13.9247	-0.0045	127.9336
-0.0031	69.8409	-13.9272	-0.0045	127.9427
-0.0031	69.8409	-13.9298	-0.0045	127.9518
-0.0031	69.8409	-13.9323	-0.0045	127.9609
-0.0031	69.8409	-13.9348	-0.0045	127.97
-0.0031	69.8409	-13.9373	-0.0045	127.9792
-0.0031	69.8409	-13.9398	-0.0045	127.9883
-0.0031	69.8409	-13.9423	-0.0045	127.9974
-0.0031	69.8409	-13.9448	-0.0045	128.0065
-0.0031	69.8409	-13.9473	-0.0045	128.0157
-0.0031	69.8409	-13.9498	-0.0045	128.0248
-0.0031	69.8409	-13.9524	-0.0045	128.0339
-0.0031	69.8409	-13.9549	-0.0045	128.043
-0.0031	69.8409	-13.9574	-0.0045	128.0522
-0.0031	69.8409	-13.9599	-0.0045	128.0613
-0.0031	69.8409	-13.9624	-0.0045	128.0704
-0.0031	69.8409	-13.9649	-0.0045	128.0796
-0.0031	69.8409	-13.9674	-0.0045	128.0887
-0.0031	69.8409	-13.97	-0.0045	128.0978
-0.0031	69.8409	-13.9725	-0.0045	128.107
-0.0031	69.8409	-13.975	-0.0045	128.1161
-0.0031	69.8409	-13.9775	-0.0045	128.1252
-0.0031	69.8409	-13.98	-0.0045	128.1344
-0.0031	69.8409	-13.9825	-0.0045	128.1435
-0.0031	69.8409	-13.9851	-0.0045	128.1527
-0.0031	69.8409	-13.9876	-0.0045	128.1618
-0.0031	69.8409	-13.9901	-0.0045	128.1709
-0.0031	69.8409	-13.9926	-0.0045	128.1801
-0.0031	69.8409	-13.9951	-0.0045	128.1892
-0.0031	69.8409	-13.9976	-0.0045	128.1984
-0.0031	69.8409	-14.0002	-0.0045	128.2075
-0.0031	69.8409	-14.0027	-0.0045	128.2167
-0.0031	69.8409	-14.0052	-0.0045	128.2258
-0.0031	69.8409	-14.0077	-0.0045	128.235
-0.0031	69.8409	-14.0102	-0.0045	128.2441
-0.0031	69.8409	-14.0128	-0.0045	128.2533
-0.0031	69.8409	-14.0153	-0.0045	128.2625
-0.0031	69.8409	-14.0178	-0.0045	128.2716
-0.0031	69.8409	-14.0203	-0.0045	128.2808
-0.0031	69.8409	-14.0228	-0.0045	128.2899
-0.0031	69.8409	-14.0254	-0.0045	128.2991
-0.0031	69.8409	-14.0279	-0.0045	128.3083
-0.0031	69.8409	-14.0304	-0.0045	128.3174
-0.0031	69.8409	-14.0329	-0.0045	128.3266
-0.0031	69.8409	-14.0355	-0.0045	128.3357
-0.0031	69.8409	-14.038	-0.0045	128.3449
-0.0031	69.8409	-14.0405	-0.0045	128.3541
-0.0031	69.8409	-14.043	-0.0045	128.3632
-0.0031	69.8409	-14.0456	-0.0045	128.3724
-0.0031	69.8409	-14.0481	-0.0045	128.3816
-0.0031	69.8409	-14.0506	-0.0045	128.3907
-0.0031	69.8409	-14.0531	-0.0045	128.3999
-0.0031	69.8409	-14.0557	-0.0045	128.4091
-0.0031	69.8409	-14.0582	-0.0045	128.4183
-0.0031	69.8409	-14.0607	-0.0045	128.4274
-0.0031	69.8409	-14.0632	-0.0045	128.4366
-0.0031	69.8409	-14.0658	-0.0045	128.4458
-0.0031	69.8409	-14.0683	-0.0045	128.455
-0.0031	69.8409	-14.0708	-0.0045	128.4642
-0.0031	69.8409	-14.0733	-0.0045	128.4733
-0.0031	69.8409	-14.0759	-0.0045	128.4825
-0.0031	69.8409	-14.0784	-0.0045	128.4917
-0.0031	69.8409	-14.0809	-0.0045	128.5009
-0.0031	69.8409	-14.0835	-0.0045	128.5101
-0.0031	69.8409	-14.086	-0.0045	128.5193
-0.0031	69.8409	-14.0885	-0.0045	128.5284
-0.0031	69.8409	-14.091	-0.0045	128.5376
-0.0031	69.8409	-14.0936	-0.0045	128.5468
-0.0031	69.8409	-14.0961	-0.0045	128.556
-0.0031	69.8409	-14.0986	-0.0045	128.5652
-0.0031	69.8409	-14.1012	-0.0045	128.5744
-0.0031	69.8409	-14.1037	-0.0045	128.5836
-0.0031	69.8409	-14.1062	-0.0045	128.5928
-0.0031	69.8409	-14.1088	-0.0045	128.602
-0.0031	69.8409	-14.1113	-0.0045	128.6112
-0.0031	69.8409	-14.1138	-0.0045	128.6204
-0.0031	69.8409	-14.1164	-0.0045	128.6296
-0.0031	69.8409	-14.1189	-0.0045	128.6388
-0.0031	69.8409	-14.1214	-0.0045	128.648
-0.0031	69.8409	-14.124	-0.0045	128.6572
-0.0031	69.8409	-14.1265	-0.0045	128.6664
-0.0031	69.8409	-14.129	-0.0045	128.6756
-0.0031	69.8409	-14.1316	-0.0045	128.6848
-0.0031	69.8409	-14.1341	-0.0045	128.694
-0.0031	69.8409	-14.1366	-0.0045	128.7032
-0.0031	69.8409	-14.1392	-0.0045	128.7124
-0.0031	69.8409	-14.1417	-0.0045	128.7216
-0.0031	69.8409	-14.1442	-0.0045	128.7308
-0.0031	69.8409	-14.1468	-0.0045	128.74
-0.0031	69.8409	-14.1493	-0.0045	128.7492
-0.0031	69.8409	-14.1518	-0.0045	128.7584
-0.0031	69.8409	-14.1544	-0.0045	128.7676
-0.0031	69.8409	-14.1569	-0.0045	128.7769
-0.0031	69.8409	-14.1594	-0.0045	128.7861
-0.0031	69.8409	-14.162	-0.0045	128.7953
-0.0031	69.8409	-14.1645	-0.0045	128.8045
-0.0031	69.8409	-14.1671	-0.0045	128.8137
-0.0031	69.8409	-14.1696	-0.0045	128.8229
-0.0031	69.8409	-14.1721	-0.0045	128.8322
-0.0031	69.8409	-14.1747	-0.0045	128.8414
-0.0031	69.8409	-14.1772	-0.0045	128.8506
-0.0031	69.8409	-14.1797	-0.0045	128.8598
-0.0031	69.8409	-14.1823	-0.0045	128.869
-0.0031	69.8409	-14.1848	-0.0045	128.8783
-0.0031	69.8409	-14.1874	-0.0045	128.8875
-0.0031	69.8409	-14.1899	-0.0045	128.8967
-0.0031	69.8409	-14.1924	-0.0045	128.9059
-0.0031	69.8409	-14.195	-0.0045	128.9152
-0.0031	69.8409	-14.1975	-0.0045	128.9244
-0.0031	69.8409	-14.2001	-0.0045	128.9336
-0.0031	69.8409	-14.2026	-0.0045	128.9429
-0.0031	69.8409	-14.2052	-0.0045	128.9521
-0.0031	69.8409	-14.2077	-0.0045	128.9613
-0.0031	69.8409	-14.2102	-0.0045	128.9706
-0.0031	69.8409	-14.2128	-0.0045	128.9798
-0.0031	69.8409	-14.2153	-0.0045	128.989
-0.0031	69.8409	-14.2179	-0.0045	128.9983
-0.0031	69.8409	-14.2204	-0.0045	129.0075
-0.0031	69.8409	-14.2229	-0.0045	129.0167
-0.0031	69.8409	-14.2255	-0.0045	129.026
-0.0031	69.8409	-14.228	-0.0045	129.0352
-0.0031	69.8409	-14.2306	-0.0045	129.0444
-0.0031	69.8409	-14.2331	-0.0045	129.0537
-0.0031	69.8409	-14.2357	-0.0045	129.0629
-0.0031	69.8409	-14.2382	-0.0045	129.0722
-0.0031	69.8409	-14.2408	-0.0045	129.0814
-0.0031	69.8409	-14.2433	-0.0045	129.0907
-0.0031	69.8409	-14.2458	-0.0045	129.0999
-0.0031	69.8409	-14.2484	-0.0045	129.1092
-0.0031	69.8409	-14.2509	-0.0045	129.1184
-0.0031	69.8409	-14.2535	-0.0045	129.1276
-0.0031	69.8409	-14.256	-0.0045	129.1369
-0.0031	69.8409	-14.2586	-0.0045	129.1461
-0.0031	69.8409	-14.2611	-0.0045	129.1554
-0.0031	69.8409	-14.2637	-0.0045	129.1646
-0.0031	69.8409	-14.2662	-0.0045	129.1739
-0.0031	69.8409	-14.2688	-0.0045	129.1831
-0.0031	69.8409	-14.2713	-0.0045	129.1924
-0.0031	69.8409	-14.2739	-0.0045	129.2017
-0.0031	69.8409	-14.2764	-0.0045	129.2109
-0.0031	69.8409	-14.279	-0.0045	129.2202
-0.0031	69.8409	-14.2815	-0.0045	129.2294
-0.0031	69.8409	-14.2841	-0.0045	129.2387
-0.0031	69.8409	-14.2866	-0.0045	129.2479
-0.0031	69.8409	-14.2892	-0.0045	129.2572
-0.0031	69.8409	-14.2917	-0.0045	129.2665
-0.0031	69.8409	-14.2943	-0.0045	129.2757
-0.0031	69.8409	-14.2968	-0.0045	129.285
-0.0031	69.8409	-14.2994	-0.0045	129.2942
-0.0031	69.8409	-14.3019	-0.0045	129.3035
-0.0031	69.8409	-14.3045	-0.0045	129.3128
-0.0031	69.8409	-14.307	-0.0045	129.322
-0.0031	69.8409	-14.3096	-0.0045	129.3313
-0.0031	69.8409	-14.3121	-0.0045	129.3406
-0.0031	69.8409	-14.3147	-0.0045	129.3498
-0.0031	69.8409	-14.3172	-0.0045	129.3591
-0.0031	69.8409	-14.3198	-0.0045	129.3684
-0.0031	69.8409	-14.3223	-0.0045	129.3776
-0.0031	69.8409	-14.3249	-0.0045	129.3869
-0.0031	69.8409	-14.3274	-0.0045	129.3962
-0.0031	69.8409	-14.33	-0.0045	129.4055
-0.0031	69.8409	-14.3325	-0.0045	129.4147
-0.0031	69.8409	-14.3351	-0.0045	129.424
-0.0031	69.8409	-14.3376	-0.0045	129.4333
-0.0031	69.8409	-14.3402	-0.0045	129.4425
-0.0031	69.8409	-14.3427	-0.0045	129.4518
-0.0031	69.8409	-14.3453	-0.0045	129.4611
-0.0031	69.8409	-14.3478	-0.0045	129.4704
-0.0031	69.8409	-14.3504	-0.0045	129.4797
-0.0031	69.8409	-14.353	-0.0045	129.4889
-0.0031	69.8409	-14.3555	-0.0045	129.4982
-0.0031	69.8409	-14.3581	-0.0045	129.5075
-0.0031	69.8409	-14.3606	-0.0045	129.5168
-0.0031	69.8409	-14.3632	-0.0045	129.5261
-0.0031	69.8409	-14.3657	-0.0045	129.5353
-0.0031	69.8409	-14.3683	-0.0045	129.5446
-0.0031	69.8409	-14.3708	-0.0045	129.5539
-0.0031	69.8409	-14.3734	-0.0045	129.5632
-0.0031	69.8409	-14.376	-0.0045	129.5725
-0.0031	69.8409	-14.3785	-0.0045	129.5818
-0.0031	69.8409	-14.3811	-0.0045	129.591
-0.0031	69.8409	-14.3836	-0.0045	129.6003
-0.0031	69.8409	-14.3862	-0.0045	129.6096
-0.0031	69.8409	-14.3887	-0.0045	129.6189
-0.0031	69.8409	-14.3913	-0.0045	129.6282
-0.0031	69.8409	-14.3939	-0.0045	129.6375
-0.0031	69.8409	-14.3964	-0.0045	129.6468
-0.0031	69.8409	-14.399	-0.0045	129.6561
-0.0031	69.8409	-14.4015	-0.0045	129.6654
-0.0031	69.8409	-14.4041	-0.0045	129.6747
-0.0031	69.8409	-14.4066	-0.0045	129.6839
-0.0031	69.8409	-14.4092	-0.0045	129.6932
-0.0031	69.8409	-14.4118	-0.0045	129.7025
-0.0031	69.8409	-14.4143	-0.0045	129.7118
-0.0031	69.8409	-14.4169	-0.0045	129.7211
-0.0031	69.8409	-14.4194	-0.0045	129.7304
-0.0031	69.8409	-14.422	-0.0045	129.7397
-0.0031	69.8409	-14.4246	-0.0045	129.749
-0.0031	69.8409	-14.4271	-0.0045	129.7583
-0.0031	69.8409	-14.4297	-0.0045	129.7676
-0.0031	69.8409	-14.4322	-0.0045	129.7769
-0.0031	69.8409	-14.4348	-0.0045	129.7862
-0.0031	69.8409	-14.4374	-0.0045	129.7955
-0.0031	69.8409	-14.4399	-0.0045	129.8048
-0.0031	69.8409	-14.4425	-0.0045	129.8141
-0.0031	69.8409	-14.445	-0.0045	129.8234
-0.0031	69.8409	-14.4476	-0.0045	129.8327
-0.0031	69.8409	-14.4502	-0.0045	129.842
-0.0031	69.8409	-14.4527	-0.0045	129.8513
-0.0031	69.8409	-14.4553	-0.0045	129.8606
-0.0031	69.8409	-14.4579	-0.0045	129.87
-0.0031	69.8409	-14.4604	-0.0045	129.8793
-0.0031	69.8409	-14.463	-0.0045	129.8886
-0.0031	69.8409	-14.4655	-0.0045	129.8979
-0.0031	69.8409	-14.4681	-0.0045	129.9072
-0.0031	69.8409	-14.4707	-0.0045	129.9165
-0.0031	69.8409	-14.4732	-0.0045	129.9258
-0.0031	69.8409	-14.4758	-0.0045	129.9351
-0.0031	69.8409	-14.4784	-0.0045	129.9444
-0.0031	69.8409	-14.4809	-0.0045	129.9537
-0.0031	69.8409	-14.4835	-0.0045	129.9631
-0.0031	69.8409	-14.4861	-0.0045	129.9724
-0.0031	69.8409	-14.4886	-0.0045	129.9817
-0.0031	69.8409	-14.4912	-0.0045	129.991
-0.0031	69.8409	-14.4937	-0.0045	130.0003
-0.0031	69.8409	-14.4963	-0.0045	130.0096
-0.0031	69.8409	-14.4989	-0.0045	130.0189
-0.0031	69.8409	-14.5014	-0.0045	130.0283
-0.0031	69.8409	-14.504	-0.0045	130.0376
-0.0031	69.8409	-14.5066	-0.0045	130.0469
-0.0031	69.8409	-14.5091	-0.0045	130.0562
-0.0031	69.8409	-14.5117	-0.0045	130.0655
-0.0031	69.8409	-14.5143	-0.0045	130.0748
-0.0031	69.8409	-14.5168	-0.0045	130.0842
-0.0031	69.8409	-14.5194	-0.0045	130.0935
-0.0031	69.8409	-14.522	-0.0045	130.1028
-0.0031	69.8409	-14.5245	-0.0045	130.1121
-0.0031	69.8409	-14.5271	-0.0045	130.1215
-0.0031	69.8409	-14.5297	-0.0045	130.1308
-0.0031	69.8409	-14.5322	-0.0045	130.1401
-0.0031	69.8409	-14.5348	-0.0045	130.1494
-0.0031	69.8409	-14.5374	-0.0045	130.1587
-0.0031	69.8409	-14.5399	-0.0045	130.1681
-0.0031	69.8409	-14.5425	-0.0045	130.1774
-0.0031	69.8409	-14.5451	-0.0045	130.1867
-0.0031	69.8409	-14.5476	-0.0045	130.196
-0.0031	69.8409	-14.5502	-0.0045	130.2054
-0.0031	69.8409	-14.5528	-0.0045	130.2147
-0.0031	69.8409	-14.5553	-0.0045	130.224
-0.0031	69.8409	-14.5579	-0.0045	130.2334
-0.0031	69.8409	-14.5605	-0.0045	130.2427
-0.0031	69.8409	-14.563	-0.0045	130.252
-0.0031	69.8409	-14.5656	-0.0045	130.2613
-0.0031	69.8409	-14.5682	-0.0045	130.2707
-0.0031	69.8409	-14.5708	-0.0045	130.28
-0.0031	69.8409	-14.5733	-0.0045	130.2893
-0.0031	69.8409	-14.5759	-0.0045	130.2987
-0.0031	69.8409	-14.5785	-0.0045	130.308
-0.0031	69.8409	-14.581	-0.0045	130.3173
-0.0031	69.8409	-14.5836	-0.0045	130.3267
-0.0031	69.8409	-14.5862	-0.0045	130.336
-0.0031	69.8409	-14.5887	-0.0045	130.3453
-0.0031	69.8409	-14.5913	-0.0045	130.3547
-0.0031	69.8409	-14.5939	-0.0045	130.364
-0.0031	69.8409	-14.5964	-0.0045	130.3733
-0.0031	69.8409	-14.599	-0.0045	130.3827
-0.0031	69.8409	-14.6016	-0.0045	130.392
-0.0031	69.8409	-14.6042	-0.0045	130.4014
-0.0031	69.8409	-14.6067	-0.0045	130.4107
-0.0031	69.8409	-14.6093	-0.0045	130.42
-0.0031	69.8409	-14.6119	-0.0045	130.4294
-0.0031	69.8409	-14.6144	-0.0045	130.4387
-0.0031	69.8409	-14.617	-0.0045	130.448
-0.0031	69.8409	-14.6196	-0.0045	130.4574
-0.0031	69.8409	-14.6222	-0.0045	130.4667
-0.0031	69.8409	-14.6247	-0.0045	130.4761
-0.0031	69.8409	-14.6273	-0.0045	130.4854
-0.0031	69.8409	-14.6299	-0.0045	130.4948
-0.0031	69.8409	-14.6324	-0.0045	130.5041
-0.0031	69.8409	-14.635	-0.0045	130.5134
-0.0031	69.8409	-14.6376	-0.0045	130.5228
-0.0031	69.8409	-14.6402	-0.0045	130.5321
-0.0031	69.8409	-14.6427	-0.0045	130.5415
-0.0031	69.8409	-14.6453	-0.0045	130.5508
-0.0031	69.8409	-14.6479	-0.0045	130.5602
-0.0031	69.8409	-14.6505	-0.0045	130.5695
-0.0031	69.8409	-14.653	-0.0045	130.5788
-0.0031	69.8409	-14.6556	-0.0045	130.5882
-0.0031	69.8409	-14.6582	-0.0045	130.5975
-0.0031	69.8409	-14.6607	-0.0045	130.6069
-0.0031	69.8409	-14.6633	-0.0045	130.6162
-0.0031	69.8409	-14.6659	-0.0045	130.6256
-0.0031	69.8409	-14.6685	-0.0045	130.6349
-0.0031	69.8409	-14.671	-0.0045	130.6443
-0.0031	69.8409	-14.6736	-0.0045	130.6536
-0.0031	69.8409	-14.6762	-0.0045	130.663
-0.0031	69.8409	-14.6788	-0.0045	130.6723
-0.0031	69.8409	-14.6813	-0.0045	130.6817
-0.0031	69.8409	-14.6839	-0.0045	130.691
-0.0031	69.8409	-14.6865	-0.0045	130.7004
-0.0031	69.8409	-14.6891	-0.0045	130.7097
-0.0031	69.8409	-14.6916	-0.0045	130.7191
-0.0031	69.8409	-14.6942	-0.0045	130.7284
-0.0031	69.8409	-14.6968	-0.0045	130.7378
-0.0031	69.8409	-14.6994	-0.0045	130.7471
-0.0031	69.8409	-14.7019	-0.0045	130.7565
-0.0031	69.8409	-14.7045	-0.0045	130.7658
-0.0031	69.8409	-14.7071	-0.0045	130.7752
-0.0031	69.8409	-14.7097	-0.0045	130.7845
-0.0031	69.8409	-14.7122	-0.0045	130.7939
-0.0031	69.8409	-14.7148	-0.0045	130.8032
-0.0031	69.8409	-14.7174	-0.0045	130.8126
-0.0031	69.8409	-14.72	-0.0045	130.822
-0.0031	69.8409	-14.7225	-0.0045	130.8313
-0.0031	69.8409	-14.7251	-0.0045	130.8407
-0.0031	69.8409	-14.7277	-0.0045	130.85
-0.0031	69.8409	-14.7303	-0.0045	130.8594
-0.0031	69.8409	-14.7328	-0.0045	130.8687
-0.0031	69.8409	-14.7354	-0.0045	130.8781
-0.0031	69.8409	-14.738	-0.0045	130.8875
-0.0031	69.8409	-14.7406	-0.0045	130.8968
-0.0031	69.8409	-14.7431	-0.0045	130.9062
-0.0031	69.8409	-14.7457	-0.0045	130.9155
-0.0031	69.8409	-14.7483	-0.0045	130.9249
-0.0031	69.8409	-14.7509	-0.0045	130.9342
-0.0031	69.8409	-14.7535	-0.0045	130.9436
-0.0031	69.8409	-14.756	-0.0045	130.953
-0.0031	69.8409	-14.7586	-0.0045	130.9623
-0.0031	69.8409	-14.7612	-0.0045	130.9717
-0.0031	69.8409	-14.7638	-0.0045	130.981
-0.0031	69.8409	-14.7663	-0.0045	130.9904
-0.0031	69.8409	-14.7689	-0.0045	130.9998
-0.0031	69.8409	-14.7715	-0.0045	131.0091
-0.0031	69.8409	-14.7741	-0.0045	131.0185
-0.0031	69.8409	-14.7766	-0.0045	131.0278
-0.0031	69.8409	-14.7792	-0.0045	131.0372
-0.0031	69.8409	-14.7818	-0.0045	131.0466
-0.0031	69.8409	-14.7844	-0.0045	131.0559
-0.0031	69.8409	-14.787	-0.0045	131.0653
-0.0031	69.8409	-14.7895	-0.0045	131.0747
-0.0031	69.8409	-14.7921	-0.0045	131.084
-0.0031	69.8409	-14.7947	-0.0045	131.0934
-0.0031	69.8409	-14.7973	-0.0045	131.1027
-0.0031	69.8409	-14.7998	-0.0045	131.1121
-0.0031	69.8409	-14.8024	-0.0045	131.1215
-0.0031	69.8409	-14.805	-0.0045	131.1308
-0.0031	69.8409	-14.8076	-0.0045	131.1402
-0.0031	69.8409	-14.8102	-0.0045	131.1496
-0.0031	69.8409	-14.8127	-0.0045	131.1589
-0.0031	69.8409	-14.8153	-0.0045	131.1683
-0.0031	69.8409	-14.8179	-0.0045	131.1777
-0.0031	69.8409	-14.8205	-0.0045	131.187
-0.0031	69.8409	-14.823	-0.0045	131.1964
-0.0031	69.8409	-14.8256	-0.0045	131.2058
-0.0031	69.8409	-14.8282	-0.0045	131.2151
-0.0031	69.8409	-14.8308	-0.0045	131.2245
-0.0031	69.8409	-14.8334	-0.0045	131.2339
-0.0031	69.8409	-14.8359	-0.0045	131.2432
-0.0031	69.8409	-14.8385	-0.0045	131.2526
-0.0031	69.8409	-14.8411	-0.0045	131.262
-0.0031	69.8409	-14.8437	-0.0045	131.2713
-0.0031	69.8409	-14.8463	-0.0045	131.2807
-0.0031	69.8409	-14.8488	-0.0045	131.2901
-0.0031	69.8409	-14.8514	-0.0045	131.2994
-0.0031	69.8409	-14.854	-0.0045	131.3088
-0.0031	69.8409	-14.8566	-0.0045	131.3182
-0.0031	69.8409	-14.8592	-0.0045	131.3275
-0.0031	69.8409	-14.8617	-0.0045	131.3369
-0.0031	69.8409	-14.8643	-0.0045	131.3463
-0.0031	69.8409	-14.8669	-0.0045	131.3557
-0.0031	69.8409	-14.8695	-0.0045	131.365
-0.0031	69.8409	-14.8721	-0.0045	131.3744
-0.0031	69.8409	-14.8746	-0.0045	131.3838
-0.0031	69.8409	-14.8772	-0.0045	131.3931
-0.0031	69.8409	-14.8798	-0.0045	131.4025
-0.0031	69.8409	-14.8824	-0.0045	131.4119
-0.0031	69.8409	-14.885	-0.0045	131.4212
-0.0031	69.8409	-14.8875	-0.0045	131.4306
-0.0031	69.8409	-14.8901	-0.0045	131.44
-0.0031	69.8409	-14.8927	-0.0045	131.4494
-0.0031	69.8409	-14.8953	-0.0045	131.4587
-0.0031	69.8409	-14.8979	-0.0045	131.4681
-0.0031	69.8409	-14.9004	-0.0045	131.4775
-0.0031	69.8409	-14.903	-0.0045	131.4868
-0.0031	69.8409	-14.9056	-0.0045	131.4962
-0.0031	69.8409	-14.9082	-0.0045	131.5056
-0.0031	69.8409	-14.9108	-0.0045	131.515
-0.0031	69.8409	-14.9133	-0.0045	131.5243
-0.0031	69.8409	-14.9159	-0.0045	131.5337
-0.0031	69.8409	-14.9185	-0.0045	131.5431
-0.0031	69.8409	-14.9211	-0.0045	131.5524
-0.0031	69.8409	-14.9237	-0.0045	131.5618
-0.0031	69.8409	-14.9262	-0.0045	131.5712
-0.0031	69.8409	-14.9288	-0.0045	131.5806
-0.0031	69.8409	-14.9314	-0.0045	131.5899
-0.0031	69.8409	-14.934	-0.0045	131.5993
-0.0031	69.8409	-14.9366	-0.0045	131.6087
-0.0031	69.8409	-14.9391	-0.0045	131.618
-0.0031	69.8409	-14.9417	-0.0045	131.6274
-0.0031	69.8409	-14.9443	-0.0045	131.6368
-0.0031	69.8409	-14.9469	-0.0045	131.6462
-0.0031	69.8409	-14.9495	-0.0045	131.6555
-0.0031	69.8409	-14.952	-0.0045	131.6649
-0.0031	69.8409	-14.9546	-0.0045	131.6743
-0.0031	69.8409	-14.9572	-0.0045	131.6837
-0.0031	69.8409	-14.9598	-0.0045	131.693
-0.0031	69.8409	-14.9624	-0.0045	131.7024
-0.0031	69.8409	-14.9649	-0.0045	131.7118
-0.0031	69.8409	-14.9675	-0.0045	131.7212
-0.0031	69.8409	-14.9701	-0.0045	131.7305
-0.0031	69.8409	-14.9727	-0.0045	131.7399
-0.0031	69.8409	-14.9753	-0.0045	131.7493
-0.0031	69.8409	-14.9778	-0.0045	131.7587
-0.0031	69.8409	-14.9804	-0.0045	131.768
-0.0031	69.8409	-14.983	-0.0045	131.7774
-0.0031	69.8409	-14.9856	-0.0045	131.7868
-0.0031	69.8409	-14.9882	-0.0045	131.7961
-0.0031	69.8409	-14.9908	-0.0045	131.8055
-0.0031	69.8409	-14.9933	-0.0045	131.8149
-0.0031	69.8409	-14.9959	-0.0045	131.8243
-0.0031	69.8409	-14.9985	-0.0045	131.8336
-0.0031	69.8409	-15.0011	-0.0045	131.843
-0.0031	69.8409	-15.0037	-0.0045	131.8524
-0.0031	69.8409	-15.0062	-0.0045	131.8618
-0.0031	69.8409	-15.0088	-0.0045	131.8711
-0.0031	69.8409	-15.0114	-0.0045	131.8805
-0.0031	69.8409	-15.014	-0.0045	131.8899
-0.0031	69.8409	-15.0166	-0.0045	131.8993
-0.0031	69.8409	-15.0191	-0.0045	131.9086
-0.0031	69.8409	-15.0217	-0.0045	131.918
-0.0031	69.8409	-15.0243	-0.0045	131.9274
-0.0031	69.8409	-15.0269	-0.0045	131.9368
-0.0031	69.8409	-15.0295	-0.0045	131.9461
-0.0031	69.8409	-15.032	-0.0045	131.9555
-0.0031	69.8409	-15.0346	-0.0045	131.9649
-0.0031	69.8409	-15.0372	-0.0045	131.9743
-0.0031	69.8409	-15.0398	-0.0045	131.9836
-0.0031	69.8409	-15.0424	-0.0045	131.993
-0.0031	69.8409	-15.0449	-0.0045	132.0024
-0.0031	69.8409	-15.0475	-0.0045	132.0118
-0.0031	69.8409	-15.0501	-0.0045	132.0211
-0.0031	69.8409	-15.0527	-0.0045	132.0305
-0.0031	69.8409	-15.0553	-0.0045	132.0399
-0.0031	69.8409	-15.0579	-0.0045	132.0492
-0.0031	69.8409	-15.0604	-0.0045	132.0586
-0.0031	69.8409	-15.063	-0.0045	132.068
-0.0031	69.8409	-15.0656	-0.0045	132.0774
-0.0031	69.8409	-15.0682	-0.0045	132.0867
-0.0031	69.8409	-15.0708	-0.0045	132.0961
-0.0031	69.8409	-15.0733	-0.0045	132.1055
-0.0031	69.8409	-15.0759	-0.0045	132.1149
-0.0031	69.8409	-15.0785	-0.0045	132.1242
-0.0031	69.8409	-15.0811	-0.0045	132.1336
-0.0031	69.8409	-15.0837	-0.0045	132.143
-0.0031	69.8409	-15.0862	-0.0045	132.1524
-0.0031	69.8409	-15.0888	-0.0045	132.1617
-0.0031	69.8409	-15.0914	-0.0045	132.1711
-0.0031	69.8409	-15.094	-0.0045	132.1805
-0.0031	69.8409	-15.0966	-0.0045	132.1899
-0.0031	69.8409	-15.0991	-0.0045	132.1992
-0.0031	69.8409	-15.1017	-0.0045	132.2086
-0.0031	69.8409	-15.1043	-0.0045	132.218
-0.0031	69.8409	-15.1069	-0.0045	132.2273
-0.0031	69.8409	-15.1095	-0.0045	132.2367
-0.0031	69.8409	-15.112	-0.0045	132.2461
-0.0031	69.8409	-15.1146	-0.0045	132.2555
-0.0031	69.8409	-15.1172	-0.0045	132.2648
-0.0031	69.8409	-15.1198	-0.0045	132.2742
-0.0031	69.8409	-15.1224	-0.0045	132.2836
-0.0031	69.8409	-15.1249	-0.0045	132.2929
-0.0031	69.8409	-15.1275	-0.0045	132.3023
-0.0031	69.8409	-15.1301	-0.0045	132.3117
-0.0031	69.8409	-15.1327	-0.0045	132.3211
-0.0031	69.8409	-15.1353	-0.0045	132.3304
-0.0031	69.8409	-15.1378	-0.0045	132.3398
-0.0031	69.8409	-15.1404	-0.0045	132.3492
-0.0031	69.8409	-15.143	-0.0045	132.3585
-0.0031	69.8409	-15.1456	-0.0045	132.3679
-0.0031	69.8409	-15.1482	-0.0045	132.3773
-0.0031	69.8409	-15.1507	-0.0045	132.3867
-0.0031	69.8409	-15.1533	-0.0045	132.396
-0.0031	69.8409	-15.1559	-0.0045	132.4054
-0.0031	69.8409	-15.1585	-0.0045	132.4148
-0.0031	69.8409	-15.1611	-0.0045	132.4241
-0.0031	69.8409	-15.1636	-0.0045	132.4335
-0.0031	69.8409	-15.1662	-0.0045	132.4429
-0.0031	69.8409	-15.1688	-0.0045	132.4522
-0.0031	69.8409	-15.1714	-0.0045	132.4616
-0.0031	69.8409	-15.174	-0.0045	132.471
-0.0031	69.8409	-15.1765	-0.0045	132.4804
-0.0031	69.8409	-15.1791	-0.0045	132.4897
-0.0031	69.8409	-15.1817	-0.0045	132.4991
-0.0031	69.8409	-15.1843	-0.0045	132.5085
-0.0031	69.8409	-15.1869	-0.0045	132.5178
-0.0031	69.8409	-15.1894	-0.0045	132.5272
-0.0031	69.8409	-15.192	-0.0045	132.5366
-0.0031	69.8409	-15.1946	-0.0045	132.5459
-0.0031	69.8409	-15.1972	-0.0045	132.5553
-0.0031	69.8409	-15.1998	-0.0045	132.5647
-0.0031	69.8409	-15.2023	-0.0045	132.574
-0.0031	69.8409	-15.2049	-0.0045	132.5834
-0.0031	69.8409	-15.2075	-0.0045	132.5928
-0.0031	69.8409	-15.2101	-0.0045	132.6021
-0.0031	69.8409	-15.2127	-0.0045	132.6115
-0.0031	69.8409	-15.2152	-0.0045	132.6209
-0.0031	69.8409	-15.2178	-0.0045	132.6302
-0.0031	69.8409	-15.2204	-0.0045	132.6396
-0.0031	69.8409	-15.223	-0.0045	132.649
-0.0031	69.8409	-15.2255	-0.0045	132.6583
-0.0031	69.8409	-15.2281	-0.0045	132.6677
-0.0031	69.8409	-15.2307	-0.0045	132.6771
-0.0031	69.8409	-15.2333	-0.0045	132.6864
-0.0031	69.8409	-15.2359	-0.0045	132.6958
-0.0031	69.8409	-15.2384	-0.0045	132.7052
-0.0031	69.8409	-15.241	-0.0045	132.7145
-0.0031	69.8409	-15.2436	-0.0045	132.7239
-0.0031	69.8409	-15.2462	-0.0045	132.7332
-0.0031	69.8409	-15.2487	-0.0045	132.7426
-0.0031	69.8409	-15.2513	-0.0045	132.752
-0.0031	69.8409	-15.2539	-0.0045	132.7613
-0.0031	69.8409	-15.2565	-0.0045	132.7707
-0.0031	69.8409	-15.2591	-0.0045	132.7801
-0.0031	69.8409	-15.2616	-0.0045	132.7894
-0.0031	69.8409	-15.2642	-0.0045	132.7988
-0.0031	69.8409	-15.2668	-0.0045	132.8081
-0.0031	69.8409	-15.2694	-0.0045	132.8175
-0.0031	69.8409	-15.2719	-0.0045	132.8269
-0.0031	69.8409	-15.2745	-0.0045	132.8362
-0.0031	69.8409	-15.2771	-0.0045	132.8456
-0.0031	69.8409	-15.2797	-0.0045	132.8549
-0.0031	69.8409	-15.2822	-0.0045	132.8643
-0.0031	69.8409	-15.2848	-0.0045	132.8737
-0.0031	69.8409	-15.2874	-0.0045	132.883
-0.0031	69.8409	-15.29	-0.0045	132.8924
-0.0031	69.8409	-15.2926	-0.0045	132.9017
-0.0031	69.8409	-15.2951	-0.0045	132.9111
-0.0031	69.8409	-15.2977	-0.0045	132.9204
-0.0031	69.8409	-15.3003	-0.0045	132.9298
-0.0031	69.8409	-15.3029	-0.0045	132.9392
-0.0031	69.8409	-15.3054	-0.0045	132.9485
-0.0031	69.8409	-15.308	-0.0045	132.9579
-0.0031	69.8409	-15.3106	-0.0045	132.9672
-0.0031	69.8409	-15.3132	-0.0045	132.9766
-0.0031	69.8409	-15.3157	-0.0045	132.9859
-0.0031	69.8409	-15.3183	-0.0045	132.9953
-0.0031	69.8409	-15.3209	-0.0045	133.0047
-0.0031	69.8409	-15.3235	-0.0045	133.014
-0.0031	69.8409	-15.326	-0.0045	133.0234
-0.0031	69.8409	-15.3286	-0.0045	133.0327
-0.0031	69.8409	-15.3312	-0.0045	133.0421
-0.0031	69.8409	-15.3338	-0.0045	133.0514
-0.0031	69.8409	-15.3363	-0.0045	133.0608
-0.0031	69.8409	-15.3389	-0.0045	133.0701
-0.0031	69.8409	-15.3415	-0.0045	133.0795
-0.0031	69.8409	-15.3441	-0.0045	133.0888
-0.0031	69.8409	-15.3466	-0.0045	133.0982
-0.0031	69.8409	-15.3492	-0.0045	133.1075
-0.0031	69.8409	-15.3518	-0.0045	133.1169
-0.0031	69.8409	-15.3544	-0.0045	133.1262
-0.0031	69.8409	-15.3569	-0.0045	133.1356
-0.0031	69.8409	-15.3595	-0.0045	133.1449
-0.0031	69.8409	-15.3621	-0.0045	133.1543
-0.0031	69.8409	-15.3647	-0.0045	133.1636
-0.0031	69.8409	-15.3672	-0.0045	133.173
-0.0031	69.8409	-15.3698	-0.0045	133.1823
-0.0031	69.8409	-15.3724	-0.0045	133.1917
-0.0031	69.8409	-15.375	-0.0045	133.201
-0.0031	69.8409	-15.3775	-0.0045	133.2104
-0.0031	69.8409	-15.3801	-0.0045	133.2197
-0.0031	69.8409	-15.3827	-0.0045	133.2291
-0.0031	69.8409	-15.3852	-0.0045	133.2384
-0.0031	69.8409	-15.3878	-0.0045	133.2477
-0.0031	69.8409	-15.3904	-0.0045	133.2571
-0.0031	69.8409	-15.393	-0.0045	133.2664
-0.0031	69.8409	-15.3955	-0.0045	133.2758
-0.0031	69.8409	-15.3981	-0.0045	133.2851
-0.0031	69.8409	-15.4007	-0.0045	133.2945
-0.0031	69.8409	-15.4033	-0.0045	133.3038
-0.0031	69.8409	-15.4058	-0.0045	133.3131
-0.0031	69.8409	-15.4084	-0.0045	133.3225
-0.0031	69.8409	-15.411	-0.0045	133.3318
-0.0031	69.8409	-15.4135	-0.0045	133.3412
-0.0031	69.8409	-15.4161	-0.0045	133.3505
-0.0031	69.8409	-15.4187	-0.0045	133.3599
-0.0031	69.8409	-15.4213	-0.0045	133.3692
-0.0031	69.8409	-15.4238	-0.0045	133.3785
-0.0031	69.8409	-15.4264	-0.0045	133.3879
-0.0031	69.8409	-15.429	-0.0045	133.3972
-0.0031	69.8409	-15.4315	-0.0045	133.4065
-0.0031	69.8409	-15.4341	-0.0045	133.4159
-0.0031	69.8409	-15.4367	-0.0045	133.4252
-0.0031	69.8409	-15.4393	-0.0045	133.4346
-0.0031	69.8409	-15.4418	-0.0045	133.4439
-0.0031	69.8409	-15.4444	-0.0045	133.4532
-0.0031	69.8409	-15.447	-0.0045	133.4626
-0.0031	69.8409	-15.4495	-0.0045	133.4719
-0.0031	69.8409	-15.4521	-0.0045	133.4812
-0.0031	69.8409	-15.4547	-0.0045	133.4906
-0.0031	69.8409	-15.4572	-0.0045	133.4999
-0.0031	69.8409	-15.4598	-0.0045	133.5092
-0.0031	69.8409	-15.4624	-0.0045	133.5186
-0.0031	69.8409	-15.4649	-0.0045	133.5279
-0.0031	69.8409	-15.4675	-0.0045	133.5372
-0.0031	69.8409	-15.4701	-0.0045	133.5466
-0.0031	69.8409	-15.4727	-0.0045	133.5559
-0.0031	69.8409	-15.4752	-0.0045	133.5652
-0.0031	69.8409	-15.4778	-0.0045	133.5745
-0.0031	69.8409	-15.4804	-0.0045	133.5839
-0.0031	69.8409	-15.4829	-0.0045	133.5932
-0.0031	69.8409	-15.4855	-0.0045	133.6025
-0.0031	69.8409	-15.4881	-0.0045	133.6119
-0.0031	69.8409	-15.4906	-0.0045	133.6212
-0.0031	69.8409	-15.4932	-0.0045	133.6305
-0.0031	69.8409	-15.4958	-0.0045	133.6398
-0.0031	69.8409	-15.4983	-0.0045	133.6492
-0.0031	69.8409	-15.5009	-0.0045	133.6585
-0.0031	69.8409	-15.5035	-0.0045	133.6678
-0.0031	69.8409	-15.506	-0.0045	133.6771
-0.0031	69.8409	-15.5086	-0.0045	133.6864
-0.0031	69.8409	-15.5112	-0.0045	133.6958
-0.0031	69.8409	-15.5137	-0.0045	133.7051
-0.0031	69.8409	-15.5163	-0.0045	133.7144
-0.0031	69.8409	-15.5189	-0.0045	133.7237
-0.0031	69.8409	-15.5214	-0.0045	133.7331
-0.0031	69.8409	-15.524	-0.0045	133.7424
-0.0031	69.8409	-15.5266	-0.0045	133.7517
-0.0031	69.8409	-15.5291	-0.0045	133.761
-0.0031	69.8409	-15.5317	-0.0045	133.7703
-0.0031	69.8409	-15.5343	-0.0045	133.7796
-0.0031	69.8409	-15.5368	-0.0045	133.789
-0.0031	69.8409	-15.5394	-0.0045	133.7983
-0.0031	69.8409	-15.542	-0.0045	133.8076
-0.0031	69.8409	-15.5445	-0.0045	133.8169
-0.0031	69.8409	-15.5471	-0.0045	133.8262
-0.0031	69.8409	-15.5496	-0.0045	133.8355
-0.0031	69.8409	-15.5522	-0.0045	133.8448
-0.0031	69.8409	-15.5548	-0.0045	133.8542
-0.0031	69.8409	-15.5573	-0.0045	133.8635
-0.0031	69.8409	-15.5599	-0.0045	133.8728
-0.0031	69.8409	-15.5625	-0.0045	133.8821
-0.0031	69.8409	-15.565	-0.0045	133.8914
-0.0031	69.8409	-15.5676	-0.0045	133.9007
-0.0031	69.8409	-15.5702	-0.0045	133.91
-0.0031	69.8409	-15.5727	-0.0045	133.9193
-0.0031	69.8409	-15.5753	-0.0045	133.9286
-0.0031	69.8409	-15.5778	-0.0045	133.9379
-0.0031	69.8409	-15.5804	-0.0045	133.9473
-0.0031	69.8409	-15.583	-0.0045	133.9566
-0.0031	69.8409	-15.5855	-0.0045	133.9659
-0.0031	69.8409	-15.5881	-0.0045	133.9752
-0.0031	69.8409	-15.5907	-0.0045	133.9845
-0.0031	69.8409	-15.5932	-0.0045	133.9938
-0.0031	69.8409	-15.5958	-0.0045	134.0031
-0.0031	69.8409	-15.5983	-0.0045	134.0124
-0.0031	69.8409	-15.6009	-0.0045	134.0217
-0.0031	69.8409	-15.6035	-0.0045	134.031
-0.0031	69.8409	-15.606	-0.0045	134.0403
-0.0031	69.8409	-15.6086	-0.0045	134.0496
-0.0031	69.8409	-15.6111	-0.0045	134.0589
-0.0031	69.8409	-15.6137	-0.0045	134.0682
-0.0031	69.8409	-15.6163	-0.0045	134.0775
-0.0031	69.8409	-15.6188	-0.0045	134.0868
-0.0031	69.8409	-15.6214	-0.0045	134.0961
-0.0031	69.8409	-15.6239	-0.0045	134.1054
-0.0031	69.8409	-15.6265	-0.0045	134.1147
-0.0031	69.8409	-15.6291	-0.0045	134.124
-0.0031	69.8409	-15.6316	-0.0045	134.1332
-0.0031	69.8409	-15.6342	-0.0045	134.1425
-0.0031	69.8409	-15.6367	-0.0045	134.1518
-0.0031	69.8409	-15.6393	-0.0045	134.1611
-0.0031	69.8409	-15.6418	-0.0045	134.1704
-0.0031	69.8409	-15.6444	-0.0045	134.1797
-0.0031	69.8409	-15.647	-0.0045	134.189
-0.0031	69.8409	-15.6495	-0.0045	134.1983
-0.0031	69.8409	-15.6521	-0.0045	134.2076
-0.0031	69.8409	-15.6546	-0.0045	134.2169
-0.0031	69.8409	-15.6572	-0.0045	134.2261
-0.0031	69.8409	-15.6597	-0.0045	134.2354
-0.0031	69.8409	-15.6623	-0.0045	134.2447
-0.0031	69.8409	-15.6649	-0.0045	134.254
-0.0031	69.8409	-15.6674	-0.0045	134.2633
-0.0031	69.8409	-15.67	-0.0045	134.2726
-0.0031	69.8409	-15.6725	-0.0045	134.2818
-0.0031	69.8409	-15.6751	-0.0045	134.2911
-0.0031	69.8409	-15.6776	-0.0045	134.3004
-0.0031	69.8409	-15.6802	-0.0045	134.3097
-0.0031	69.8409	-15.6827	-0.0045	134.319
-0.0031	69.8409	-15.6853	-0.0045	134.3282
-0.0031	69.8409	-15.6879	-0.0045	134.3375
-0.0031	69.8409	-15.6904	-0.0045	134.3468
-0.0031	69.8409	-15.693	-0.0045	134.3561
-0.0031	69.8409	-15.6955	-0.0045	134.3654
-0.0031	69.8409	-15.6981	-0.0045	134.3746
-0.0031	69.8409	-15.7006	-0.0045	134.3839
-0.0031	69.8409	-15.7032	-0.0045	134.3932
-0.0031	69.8409	-15.7057	-0.0045	134.4024
-0.0031	69.8409	-15.7083	-0.0045	134.4117
-0.0031	69.8409	-15.7108	-0.0045	134.421
-0.0031	69.8409	-15.7134	-0.0045	134.4303
-0.0031	69.8409	-15.7159	-0.0045	134.4395
-0.0031	69.8409	-15.7185	-0.0045	134.4488
-0.0031	69.8409	-15.721	-0.0045	134.4581
-0.0031	69.8409	-15.7236	-0.0045	134.4673
-0.0031	69.8409	-15.7261	-0.0045	134.4766
-0.0031	69.8409	-15.7287	-0.0045	134.4859
-0.0031	69.8409	-15.7312	-0.0045	134.4951
-0.0031	69.8409	-15.7338	-0.0045	134.5044
-0.0031	69.8409	-15.7363	-0.0045	134.5137
-0.0031	69.8409	-15.7389	-0.0045	134.5229
-0.0031	69.8409	-15.7414	-0.0045	134.5322
-0.0031	69.8409	-15.744	-0.0045	134.5414
-0.0031	69.8409	-15.7465	-0.0045	134.5507
-0.0031	69.8409	-15.7491	-0.0045	134.56
-0.0031	69.8409	-15.7516	-0.0045	134.5692
-0.0031	69.8409	-15.7542	-0.0045	134.5785
-0.0031	69.8409	-15.7567	-0.0045	134.5877
-0.0031	69.8409	-15.7593	-0.0045	134.597
-0.0031	69.8409	-15.7618	-0.0045	134.6062
-0.0031	69.8409	-15.7644	-0.0045	134.6155
-0.0031	69.8409	-15.7669	-0.0045	134.6248
-0.0031	69.8409	-15.7695	-0.0045	134.634
-0.0031	69.8409	-15.772	-0.0045	134.6433
-0.0031	69.8409	-15.7746	-0.0045	134.6525
-0.0031	69.8409	-15.7771	-0.0045	134.6618
-0.0031	69.8409	-15.7797	-0.0045	134.671
-0.0031	69.8409	-15.7822	-0.0045	134.6803
-0.0031	69.8409	-15.7848	-0.0045	134.6895
-0.0031	69.8409	-15.7873	-0.0045	134.6987
-0.0031	69.8409	-15.7899	-0.0045	134.708
-0.0031	69.8409	-15.7924	-0.0045	134.7172
-0.0031	69.8409	-15.7949	-0.0045	134.7265
-0.0031	69.8409	-15.7975	-0.0045	134.7357
-0.0031	69.8409	-15.8	-0.0045	134.745
-0.0031	69.8409	-15.8026	-0.0045	134.7542
-0.0031	69.8409	-15.8051	-0.0045	134.7635
-0.0031	69.8409	-15.8077	-0.0045	134.7727
-0.0031	69.8409	-15.8102	-0.0045	134.7819
-0.0031	69.8409	-15.8128	-0.0045	134.7912
-0.0031	69.8409	-15.8153	-0.0045	134.8004
-0.0031	69.8409	-15.8178	-0.0045	134.8096
-0.0031	69.8409	-15.8204	-0.0045	134.8189
-0.0031	69.8409	-15.8229	-0.0045	134.8281
-0.0031	69.8409	-15.8255	-0.0045	134.8373
-0.0031	69.8409	-15.828	-0.0045	134.8466
-0.0031	69.8409	-15.8305	-0.0045	134.8558
-0.0031	69.8409	-15.8331	-0.0045	134.865
-0.0031	69.8409	-15.8356	-0.0045	134.8743
-0.0031	69.8409	-15.8382	-0.0045	134.8835
-0.0031	69.8409	-15.8407	-0.0045	134.8927
-0.0031	69.8409	-15.8433	-0.0045	134.902
-0.0031	69.8409	-15.8458	-0.0045	134.9112
-0.0031	69.8409	-15.8483	-0.0045	134.9204
-0.0031	69.8409	-15.8509	-0.0045	134.9296
-0.0031	69.8409	-15.8534	-0.0045	134.9389
-0.0031	69.8409	-15.856	-0.0045	134.9481
-0.0031	69.8409	-15.8585	-0.0045	134.9573
-0.0031	69.8409	-15.861	-0.0045	134.9665
-0.0031	69.8409	-15.8636	-0.0045	134.9757
-0.0031	69.8409	-15.8661	-0.0045	134.985
-0.0031	69.8409	-15.8686	-0.0045	134.9942
-0.0031	69.8409	-15.8712	-0.0045	135.0034
-0.0031	69.8409	-15.8737	-0.0045	135.0126
-0.0031	69.8409	-15.8763	-0.0045	135.0218
-0.0031	69.8409	-15.8788	-0.0045	135.031
-0.0031	69.8409	-15.8813	-0.0045	135.0403
-0.0031	69.8409	-15.8839	-0.0045	135.0495
-0.0031	69.8409	-15.8864	-0.0045	135.0587
-0.0031	69.8409	-15.8889	-0.0045	135.0679
-0.0031	69.8409	-15.8915	-0.0045	135.0771
-0.0031	69.8409	-15.894	-0.0045	135.0863
-0.0031	69.8409	-15.8965	-0.0045	135.0955
-0.0031	69.8409	-15.8991	-0.0045	135.1047
-0.0031	69.8409	-15.9016	-0.0045	135.1139
-0.0031	69.8409	-15.9041	-0.0045	135.1231
-0.0031	69.8409	-15.9067	-0.0045	135.1323
-0.0031	69.8409	-15.9092	-0.0045	135.1415
-0.0031	69.8409	-15.9117	-0.0045	135.1507
-0.0031	69.8409	-15.9143	-0.0045	135.1599
-0.0031	69.8409	-15.9168	-0.0045	135.1691
-0.0031	69.8409	-15.9193	-0.0045	135.1783
-0.0031	69.8409	-15.9219	-0.0045	135.1875
-0.0031	69.8409	-15.9244	-0.0045	135.1967
-0.0031	69.8409	-15.9269	-0.0045	135.2059
-0.0031	69.8409	-15.9295	-0.0045	135.2151
-0.0031	69.8409	-15.932	-0.0045	135.2243
-0.0031	69.8409	-15.9345	-0.0045	135.2335
-0.0031	69.8409	-15.9371	-0.0045	135.2427
-0.0031	69.8409	-15.9396	-0.0045	135.2519
-0.0031	69.8409	-15.9421	-0.0045	135.2611
-0.0031	69.8409	-15.9447	-0.0045	135.2703
-0.0031	69.8409	-15.9472	-0.0045	135.2795
-0.0031	69.8409	-15.9497	-0.0045	135.2886
-0.0031	69.8409	-15.9522	-0.0045	135.2978
-0.0031	69.8409	-15.9548	-0.0045	135.307
-0.0031	69.8409	-15.9573	-0.0045	135.3162
-0.0031	69.8409	-15.9598	-0.0045	135.3254
-0.0031	69.8409	-15.9624	-0.0045	135.3346
-0.0031	69.8409	-15.9649	-0.0045	135.3437
-0.0031	69.8409	-15.9674	-0.0045	135.3529
-0.0031	69.8409	-15.9699	-0.0045	135.3621
-0.0031	69.8409	-15.9725	-0.0045	135.3713
-0.0031	69.8409	-15.975	-0.0045	135.3805
-0.0031	69.8409	-15.9775	-0.0045	135.3896
-0.0031	69.8409	-15.98	-0.0045	135.3988
-0.0031	69.8409	-15.9826	-0.0045	135.408
-0.0031	69.8409	-15.9851	-0.0045	135.4172
-0.0031	69.8409	-15.9876	-0.0045	135.4263
-0.0031	69.8409	-15.9901	-0.0045	135.4355
-0.0031	69.8409	-15.9927	-0.0045	135.4447
-0.0031	69.8409	-15.9952	-0.0045	135.4538
-0.0031	69.8409	-15.9977	-0.0045	135.463
-0.0031	69.8409	-16.0002	-0.0045	135.4722
-0.0031	69.8409	-16.0028	-0.0045	135.4813
-0.0031	69.8409	-16.0053	-0.0045	135.4905
-0.0031	69.8409	-16.0078	-0.0045	135.4996
-0.0031	69.8409	-16.0103	-0.0045	135.5088
-0.0031	69.8409	-16.0129	-0.0045	135.518
-0.0031	69.8409	-16.0154	-0.0045	135.5271
-0.0031	69.8409	-16.0179	-0.0045	135.5363
-0.0031	69.8409	-16.0204	-0.0045	135.5454
-0.0031	69.8409	-16.0229	-0.0045	135.5546
-0.0031	69.8409	-16.0255	-0.0045	135.5638
-0.0031	69.8409	-16.028	-0.0045	135.5729
-0.0031	69.8409	-16.0305	-0.0045	135.5821
-0.0031	69.8409	-16.033	-0.0045	135.5912
-0.0031	69.8409	-16.0355	-0.0045	135.6004
-0.0031	69.8409	-16.0381	-0.0045	135.6095
-0.0031	69.8409	-16.0406	-0.0045	135.6187
-0.0031	69.8409	-16.0431	-0.0045	135.6278
-0.0031	69.8409	-16.0456	-0.0045	135.637
-0.0031	69.8409	-16.0481	-0.0045	135.6461
-0.0031	69.8409	-16.0506	-0.0045	135.6552
-0.0031	69.8409	-16.0532	-0.0045	135.6644
-0.0031	69.8409	-16.0557	-0.0045	135.6735
-0.0031	69.8409	-16.0582	-0.0045	135.6827
-0.0031	69.8409	-16.0607	-0.0045	135.6918
-0.0031	69.8409	-16.0632	-0.0045	135.7009
-0.0031	69.8409	-16.0657	-0.0045	135.7101
-0.0031	69.8409	-16.0683	-0.0045	135.7192
-0.0031	69.8409	-16.0708	-0.0045	135.7283
-0.0031	69.8409	-16.0733	-0.0045	135.7375
-0.0031	69.8409	-16.0758	-0.0045	135.7466
-0.0031	69.8409	-16.0783	-0.0045	135.7557
-0.0031	69.8409	-16.0808	-0.0045	135.7649
-0.0031	69.8409	-16.0833	-0.0045	135.774
-0.0031	69.8409	-16.0859	-0.0045	135.7831
-0.0031	69.8409	-16.0884	-0.0045	135.7922
-0.0031	69.8409	-16.0909	-0.0045	135.8014
-0.0031	69.8409	-16.0934	-0.0045	135.8105
-0.0031	69.8409	-16.0959	-0.0045	135.8196
-0.0031	69.8409	-16.0984	-0.0045	135.8287
-0.0031	69.8409	-16.1009	-0.0045	135.8379
-0.0031	69.8409	-16.1034	-0.0045	135.847
-0.0031	69.8409	-16.1059	-0.0045	135.8561
-0.0031	69.8409	-16.1085	-0.0045	135.8652
-0.0031	69.8409	-16.111	-0.0045	135.8743
-0.0031	69.8409	-16.1135	-0.0045	135.8834
-0.0031	69.8409	-16.116	-0.0045	135.8926
-0.0031	69.8409	-16.1185	-0.0045	135.9017
-0.0031	69.8409	-16.121	-0.0045	135.9108
-0.0031	69.8409	-16.1235	-0.0045	135.9199
-0.0031	69.8409	-16.126	-0.0045	135.929
-0.0031	69.8409	-16.1285	-0.0045	135.9381
-0.0031	69.8409	-16.131	-0.0045	135.9472
-0.0031	69.8409	-16.1335	-0.0045	135.9563
-0.0031	69.8409	-16.136	-0.0045	135.9654
-0.0031	69.8409	-16.1385	-0.0045	135.9745
-0.0031	69.8409	-16.1411	-0.0045	135.9836
-0.0031	69.8409	-16.1436	-0.0045	135.9927
-0.0031	69.8409	-16.1461	-0.0045	136.0018
-0.0031	69.8409	-16.1486	-0.0045	136.0109
-0.0031	69.8409	-16.1511	-0.0045	136.02
-0.0031	69.8409	-16.1536	-0.0045	136.0291
-0.0031	69.8409	-16.1561	-0.0045	136.0382
-0.0031	69.8409	-16.1586	-0.0045	136.0473
-0.0031	69.8409	-16.1611	-0.0045	136.0564
-0.0031	69.8409	-16.1636	-0.0045	136.0655
-0.0031	69.8409	-16.1661	-0.0045	136.0746
-0.0031	69.8409	-16.1686	-0.0045	136.0836
-0.0031	69.8409	-16.1711	-0.0045	136.0927
-0.0031	69.8409	-16.1736	-0.0045	136.1018
-0.0031	69.8409	-16.1761	-0.0045	136.1109
-0.0031	69.8409	-16.1786	-0.0045	136.12
-0.0031	69.8409	-16.1811	-0.0045	136.1291
-0.0031	69.8409	-16.1836	-0.0045	136.1381
-0.0031	69.8409	-16.1861	-0.0045	136.1472
-0.0031	69.8409	-16.1886	-0.0045	136.1563
-0.0031	69.8409	-16.1911	-0.0045	136.1654
-0.0031	69.8409	-16.1936	-0.0045	136.1744
-0.0031	69.8409	-16.1961	-0.0045	136.1835
-0.0031	69.8409	-16.1986	-0.0045	136.1926
-0.0031	69.8409	-16.2011	-0.0045	136.2016
-0.0031	69.8409	-16.2036	-0.0045	136.2107
-0.0031	69.8409	-16.2061	-0.0045	136.2198
-0.0031	69.8409	-16.2086	-0.0045	136.2288
-0.0031	69.8409	-16.2111	-0.0045	136.2379
-0.0031	69.8409	-16.2136	-0.0045	136.247
-0.0031	69.8409	-16.2161	-0.0045	136.256
-0.0031	69.8409	-16.2185	-0.0045	136.2651
-0.0031	69.8409	-16.221	-0.0045	136.2742
-0.0031	69.8409	-16.2235	-0.0045	136.2832
-0.0031	69.8409	-16.226	-0.0045	136.2923
-0.0031	69.8409	-16.2285	-0.0045	136.3013
-0.0031	69.8409	-16.231	-0.0045	136.3104
-0.0031	69.8409	-16.2335	-0.0045	136.3194
-0.0031	69.8409	-16.236	-0.0045	136.3285
-0.0031	69.8409	-16.2385	-0.0045	136.3375
-0.0031	69.8409	-16.241	-0.0045	136.3466
-0.0031	69.8409	-16.2435	-0.0045	136.3556
-0.0031	69.8409	-16.246	-0.0045	136.3647
-0.0031	69.8409	-16.2485	-0.0045	136.3737
-0.0031	69.8409	-16.2509	-0.0045	136.3828
-0.0031	69.8409	-16.2534	-0.0045	136.3918
-0.0031	69.8409	-16.2559	-0.0045	136.4009
-0.0031	69.8409	-16.2584	-0.0045	136.4099
-0.0031	69.8409	-16.2609	-0.0045	136.4189
-0.0031	69.8409	-16.2634	-0.0045	136.428
-0.0031	69.8409	-16.2659	-0.0045	136.437
-0.0031	69.8409	-16.2684	-0.0045	136.446
-0.0031	69.8409	-16.2708	-0.0045	136.4551
-0.0031	69.8409	-16.2733	-0.0045	136.4641
-0.0031	69.8409	-16.2758	-0.0045	136.4731
-0.0031	69.8409	-16.2783	-0.0045	136.4822
-0.0031	69.8409	-16.2808	-0.0045	136.4912
-0.0031	69.8409	-16.2833	-0.0045	136.5002
-0.0031	69.8409	-16.2858	-0.0045	136.5092
-0.0031	69.8409	-16.2882	-0.0045	136.5183
-0.0031	69.8409	-16.2907	-0.0045	136.5273
-0.0031	69.8409	-16.2932	-0.0045	136.5363
-0.0031	69.8409	-16.2957	-0.0045	136.5453
-0.0031	69.8409	-16.2982	-0.0045	136.5543
-0.0031	69.8409	-16.3007	-0.0045	136.5633
-0.0031	69.8409	-16.3031	-0.0045	136.5724
-0.0031	69.8409	-16.3056	-0.0045	136.5814
-0.0031	69.8409	-16.3081	-0.0045	136.5904
-0.0031	69.8409	-16.3106	-0.0045	136.5994
-0.0031	69.8409	-16.3131	-0.0045	136.6084
-0.0031	69.8409	-16.3155	-0.0045	136.6174
-0.0031	69.8409	-16.318	-0.0045	136.6264
-0.0031	69.8409	-16.3205	-0.0045	136.6354
-0.0031	69.8409	-16.323	-0.0045	136.6444
-0.0031	69.8409	-16.3255	-0.0045	136.6534
-0.0031	69.8409	-16.3279	-0.0045	136.6624
-0.0031	69.8409	-16.3304	-0.0045	136.6714
-0.0031	69.8409	-16.3329	-0.0045	136.6804
-0.0031	69.8409	-16.3354	-0.0045	136.6894
-0.0031	69.8409	-16.3378	-0.0045	136.6984
-0.0031	69.8409	-16.3403	-0.0045	136.7074
-0.0031	69.8409	-16.3428	-0.0045	136.7164
-0.0031	69.8409	-16.3453	-0.0045	136.7254
-0.0031	69.8409	-16.3477	-0.0045	136.7344
-0.0031	69.8409	-16.3502	-0.0045	136.7434
-0.0031	69.8409	-16.3527	-0.0045	136.7523
-0.0031	69.8409	-16.3552	-0.0045	136.7613
-0.0031	69.8409	-16.3576	-0.0045	136.7703
-0.0031	69.8409	-16.3601	-0.0045	136.7793
-0.0031	69.8409	-16.3626	-0.0045	136.7883
-0.0031	69.8409	-16.3651	-0.0045	136.7973
-0.0031	69.8409	-16.3675	-0.0045	136.8062
-0.0031	69.8409	-16.37	-0.0045	136.8152
-0.0031	69.8409	-16.3725	-0.0045	136.8242
-0.0031	69.8409	-16.3749	-0.0045	136.8331
-0.0031	69.8409	-16.3774	-0.0045	136.8421
-0.0031	69.8409	-16.3799	-0.0045	136.8511
-0.0031	69.8409	-16.3824	-0.0045	136.8601
-0.0031	69.8409	-16.3848	-0.0045	136.869
-0.0031	69.8409	-16.3873	-0.0045	136.878
-0.0031	69.8409	-16.3898	-0.0045	136.8869
-0.0031	69.8409	-16.3922	-0.0045	136.8959
-0.0031	69.8409	-16.3947	-0.0045	136.9049
-0.0031	69.8409	-16.3972	-0.0045	136.9138
-0.0031	69.8409	-16.3996	-0.0045	136.9228
-0.0031	69.8409	-16.4021	-0.0045	136.9317
-0.0031	69.8409	-16.4046	-0.0045	136.9407
-0.0031	69.8409	-16.407	-0.0045	136.9496
-0.0031	69.8409	-16.4095	-0.0045	136.9586
-0.0031	69.8409	-16.4119	-0.0045	136.9675
-0.0031	69.8409	-16.4144	-0.0045	136.9765
-0.0031	69.8409	-16.4169	-0.0045	136.9854
-0.0031	69.8409	-16.4193	-0.0045	136.9944
-0.0031	69.8409	-16.4218	-0.0045	137.0033
-0.0031	69.8409	-16.4243	-0.0045	137.0123
-0.0031	69.8409	-16.4267	-0.0045	137.0212
-0.0031	69.8409	-16.4292	-0.0045	137.0302
-0.0031	69.8409	-16.4316	-0.0045	137.0391
-0.0031	69.8409	-16.4341	-0.0045	137.048
-0.0031	69.8409	-16.4366	-0.0045	137.057
-0.0031	69.8409	-16.439	-0.0045	137.0659
-0.0031	69.8409	-16.4415	-0.0045	137.0748
-0.0031	69.8409	-16.4439	-0.0045	137.0838
-0.0031	69.8409	-16.4464	-0.0045	137.0927
-0.0031	69.8409	-16.4489	-0.0045	137.1016
-0.0031	69.8409	-16.4513	-0.0045	137.1105
-0.0031	69.8409	-16.4538	-0.0045	137.1195
-0.0031	69.8409	-16.4562	-0.0045	137.1284
-0.0031	69.8409	-16.4587	-0.0045	137.1373
-0.0031	69.8409	-16.4611	-0.0045	137.1462
-0.0031	69.8409	-16.4636	-0.0045	137.1551
-0.0031	69.8409	-16.466	-0.0045	137.164
-0.0031	69.8409	-16.4685	-0.0045	137.173
-0.0031	69.8409	-16.471	-0.0045	137.1819
-0.0031	69.8409	-16.4734	-0.0045	137.1908
-0.0031	69.8409	-16.4759	-0.0045	137.1997
-0.0031	69.8409	-16.4783	-0.0045	137.2086
-0.0031	69.8409	-16.4808	-0.0045	137.2175
-0.0031	69.8409	-16.4832	-0.0045	137.2264
-0.0031	69.8409	-16.4857	-0.0045	137.2353
-0.0031	69.8409	-16.4881	-0.0045	137.2442
-0.0031	69.8409	-16.4906	-0.0045	137.2531
-0.0031	69.8409	-16.493	-0.0045	137.262
-0.0031	69.8409	-16.4955	-0.0045	137.2709
-0.0031	69.8409	-16.4979	-0.0045	137.2798
-0.0031	69.8409	-16.5004	-0.0045	137.2887
-0.0031	69.8409	-16.5028	-0.0045	137.2976
-0.0031	69.8409	-16.5053	-0.0045	137.3065
-0.0031	69.8409	-16.5077	-0.0045	137.3154
-0.0031	69.8409	-16.5101	-0.0045	137.3242
-0.0031	69.8409	-16.5126	-0.0045	137.3331
-0.0031	69.8409	-16.515	-0.0045	137.342
-0.0031	69.8409	-16.5175	-0.0045	137.3509
-0.0031	69.8409	-16.5199	-0.0045	137.3598
-0.0031	69.8409	-16.5224	-0.0045	137.3686
-0.0031	69.8409	-16.5248	-0.0045	137.3775
-0.0031	69.8409	-16.5273	-0.0045	137.3864
-0.0031	69.8409	-16.5297	-0.0045	137.3953
-0.0031	69.8409	-16.5321	-0.0045	137.4041
-0.0031	69.8409	-16.5346	-0.0045	137.413
-0.0031	69.8409	-16.537	-0.0045	137.4219
-0.0031	69.8409	-16.5395	-0.0045	137.4307
-0.0031	69.8409	-16.5419	-0.0045	137.4396
-0.0031	69.8409	-16.5444	-0.0045	137.4485
-0.0031	69.8409	-16.5468	-0.0045	137.4573
-0.0031	69.8409	-16.5492	-0.0045	137.4662
-0.0031	69.8409	-16.5517	-0.0045	137.475
-0.0031	69.8409	-16.5541	-0.0045	137.4839
-0.0031	69.8409	-16.5565	-0.0045	137.4928
-0.0031	69.8409	-16.559	-0.0045	137.5016
-0.0031	69.8409	-16.5614	-0.0045	137.5105
-0.0031	69.8409	-16.5639	-0.0045	137.5193
-0.0031	69.8409	-16.5663	-0.0045	137.5282
-0.0031	69.8409	-16.5687	-0.0045	137.537
-0.0031	69.8409	-16.5712	-0.0045	137.5458
-0.0031	69.8409	-16.5736	-0.0045	137.5547
-0.0031	69.8409	-16.576	-0.0045	137.5635
-0.0031	69.8409	-16.5785	-0.0045	137.5724
-0.0031	69.8409	-16.5809	-0.0045	137.5812
-0.0031	69.8409	-16.5833	-0.0045	137.59
-0.0031	69.8409	-16.5858	-0.0045	137.5989
-0.0031	69.8409	-16.5882	-0.0045	137.6077
-0.0031	69.8409	-16.5906	-0.0045	137.6165
-0.0031	69.8409	-16.5931	-0.0045	137.6254
-0.0031	69.8409	-16.5955	-0.0045	137.6342
-0.0031	69.8409	-16.5979	-0.0045	137.643
-0.0031	69.8409	-16.6003	-0.0045	137.6518
-0.0031	69.8409	-16.6028	-0.0045	137.6607
-0.0031	69.8409	-16.6052	-0.0045	137.6695
-0.0031	69.8409	-16.6076	-0.0045	137.6783
-0.0031	69.8409	-16.6101	-0.0045	137.6871
-0.0031	69.8409	-16.6125	-0.0045	137.6959
-0.0031	69.8409	-16.6149	-0.0045	137.7048
-0.0031	69.8409	-16.6173	-0.0045	137.7136
-0.0031	69.8409	-16.6198	-0.0045	137.7224
-0.0031	69.8409	-16.6222	-0.0045	137.7312
-0.0031	69.8409	-16.6246	-0.0045	137.74
-0.0031	69.8409	-16.627	-0.0045	137.7488
-0.0031	69.8409	-16.6295	-0.0045	137.7576
-0.0031	69.8409	-16.6319	-0.0045	137.7664
-0.0031	69.8409	-16.6343	-0.0045	137.7752
-0.0031	69.8409	-16.6367	-0.0045	137.784
-0.0031	69.8409	-16.6391	-0.0045	137.7928
-0.0031	69.8409	-16.6416	-0.0045	137.8016
-0.0031	69.8409	-16.644	-0.0045	137.8104
-0.0031	69.8409	-16.6464	-0.0045	137.8192
-0.0031	69.8409	-16.6488	-0.0045	137.8279
-0.0031	69.8409	-16.6512	-0.0045	137.8367
-0.0031	69.8409	-16.6537	-0.0045	137.8455
-0.0031	69.8409	-16.6561	-0.0045	137.8543
-0.0031	69.8409	-16.6585	-0.0045	137.8631
-0.0031	69.8409	-16.6609	-0.0045	137.8719
-0.0031	69.8409	-16.6633	-0.0045	137.8806
-0.0031	69.8409	-16.6658	-0.0045	137.8894
-0.0031	69.8409	-16.6682	-0.0045	137.8982
-0.0031	69.8409	-16.6706	-0.0045	137.907
-0.0031	69.8409	-16.673	-0.0045	137.9157
-0.0031	69.8409	-16.6754	-0.0045	137.9245
-0.0031	69.8409	-16.6778	-0.0045	137.9333
-0.0031	69.8409	-16.6802	-0.0045	137.942
-0.0031	69.8409	-16.6826	-0.0045	137.9508
-0.0031	69.8409	-16.6851	-0.0045	137.9596
-0.0031	69.8409	-16.6875	-0.0045	137.9683
-0.0031	69.8409	-16.6899	-0.0045	137.9771
-0.0031	69.8409	-16.6923	-0.0045	137.9858
-0.0031	69.8409	-16.6947	-0.0045	137.9946
-0.0031	69.8409	-16.6971	-0.0045	138.0033
-0.0031	69.8409	-16.6995	-0.0045	138.0121
-0.0031	69.8409	-16.7019	-0.0045	138.0208
-0.0031	69.8409	-16.7043	-0.0045	138.0296
-0.0031	69.8409	-16.7067	-0.0045	138.0383
-0.0031	69.8409	-16.7092	-0.0045	138.0471
-0.0031	69.8409	-16.7116	-0.0045	138.0558
-0.0031	69.8409	-16.714	-0.0045	138.0645
-0.0031	69.8409	-16.7164	-0.0045	138.0733
-0.0031	69.8409	-16.7188	-0.0045	138.082
-0.0031	69.8409	-16.7212	-0.0045	138.0908
-0.0031	69.8409	-16.7236	-0.0045	138.0995
-0.0031	69.8409	-16.726	-0.0045	138.1082
-0.0031	69.8409	-16.7284	-0.0045	138.1169
-0.0031	69.8409	-16.7308	-0.0045	138.1257
-0.0031	69.8409	-16.7332	-0.0045	138.1344
-0.0031	69.8409	-16.7356	-0.0045	138.1431
-0.0031	69.8409	-16.738	-0.0045	138.1518
-0.0031	69.8409	-16.7404	-0.0045	138.1606
-0.0031	69.8409	-16.7428	-0.0045	138.1693
-0.0031	69.8409	-16.7452	-0.0045	138.178
-0.0031	69.8409	-16.7476	-0.0045	138.1867
-0.0031	69.8409	-16.75	-0.0045	138.1954
-0.0031	69.8409	-16.7524	-0.0045	138.2041
-0.0031	69.8409	-16.7548	-0.0045	138.2128
-0.0031	69.8409	-16.7572	-0.0045	138.2215
-0.0031	69.8409	-16.7596	-0.0045	138.2302
-0.0031	69.8409	-16.762	-0.0045	138.2389
-0.0031	69.8409	-16.7644	-0.0045	138.2476
-0.0031	69.8409	-16.7668	-0.0045	138.2563
-0.0031	69.8409	-16.7692	-0.0045	138.265
-0.0031	69.8409	-16.7716	-0.0045	138.2737
-0.0031	69.8409	-16.774	-0.0045	138.2824
-0.0031	69.8409	-16.7763	-0.0045	138.2911
-0.0031	69.8409	-16.7787	-0.0045	138.2998
-0.0031	69.8409	-16.7811	-0.0045	138.3085
-0.0031	69.8409	-16.7835	-0.0045	138.3172
-0.0031	69.8409	-16.7859	-0.0045	138.3258
-0.0031	69.8409	-16.7883	-0.0045	138.3345
-0.0031	69.8409	-16.7907	-0.0045	138.3432
-0.0031	69.8409	-16.7931	-0.0045	138.3519
-0.0031	69.8409	-16.7955	-0.0045	138.3606
-0.0031	69.8409	-16.7979	-0.0045	138.3692
-0.0031	69.8409	-16.8002	-0.0045	138.3779
-0.0031	69.8409	-16.8026	-0.0045	138.3866
-0.0031	69.8409	-16.805	-0.0045	138.3952
-0.0031	69.8409	-16.8074	-0.0045	138.4039
-0.0031	69.8409	-16.8098	-0.0045	138.4126
-0.0031	69.8409	-16.8122	-0.0045	138.4212
-0.0031	69.8409	-16.8146	-0.0045	138.4299
-0.0031	69.8409	-16.8169	-0.0045	138.4385
-0.0031	69.8409	-16.8193	-0.0045	138.4472
-0.0031	69.8409	-16.8217	-0.0045	138.4558
-0.0031	69.8409	-16.8241	-0.0045	138.4645
-0.0031	69.8409	-16.8265	-0.0045	138.4731
-0.0031	69.8409	-16.8288	-0.0045	138.4818
-0.0031	69.8409	-16.8312	-0.0045	138.4904
-0.0031	69.8409	-16.8336	-0.0045	138.4991
-0.0031	69.8409	-16.836	-0.0045	138.5077
-0.0031	69.8409	-16.8384	-0.0045	138.5164
-0.0031	69.8409	-16.8407	-0.0045	138.525
-0.0031	69.8409	-16.8431	-0.0045	138.5336
-0.0031	69.8409	-16.8455	-0.0045	138.5423
-0.0031	69.8409	-16.8479	-0.0045	138.5509
-0.0031	69.8409	-16.8502	-0.0045	138.5595
-0.0031	69.8409	-16.8526	-0.0045	138.5682
-0.0031	69.8409	-16.855	-0.0045	138.5768
-0.0031	69.8409	-16.8574	-0.0045	138.5854
-0.0031	69.8409	-16.8597	-0.0045	138.594
-0.0031	69.8409	-16.8621	-0.0045	138.6026
-0.0031	69.8409	-16.8645	-0.0045	138.6113
-0.0031	69.8409	-16.8669	-0.0045	138.6199
-0.0031	69.8409	-16.8692	-0.0045	138.6285
-0.0031	69.8409	-16.8716	-0.0045	138.6371
-0.0031	69.8409	-16.874	-0.0045	138.6457
-0.0031	69.8409	-16.8763	-0.0045	138.6543
-0.0031	69.8409	-16.8787	-0.0045	138.6629
-0.0031	69.8409	-16.8811	-0.0045	138.6715
-0.0031	69.8409	-16.8834	-0.0045	138.6801
-0.0031	69.8409	-16.8858	-0.0045	138.6887
-0.0031	69.8409	-16.8882	-0.0045	138.6973
-0.0031	69.8409	-16.8905	-0.0045	138.7059
-0.0031	69.8409	-16.8929	-0.0045	138.7145
-0.0031	69.8409	-16.8953	-0.0045	138.7231
-0.0031	69.8409	-16.8976	-0.0045	138.7317
-0.0031	69.8409	-16.9	-0.0045	138.7403
-0.0031	69.8409	-16.9024	-0.0045	138.7489
-0.0031	69.8409	-16.9047	-0.0045	138.7574
-0.0031	69.8409	-16.9071	-0.0045	138.766
-0.0031	69.8409	-16.9095	-0.0045	138.7746
-0.0031	69.8409	-16.9118	-0.0045	138.7832
-0.0031	69.8409	-16.9142	-0.0045	138.7917
-0.0031	69.8409	-16.9165	-0.0045	138.8003
-0.0031	69.8409	-16.9189	-0.0045	138.8089
-0.0031	69.8409	-16.9213	-0.0045	138.8175
-0.0031	69.8409	-16.9236	-0.0045	138.826
-0.0031	69.8409	-16.926	-0.0045	138.8346
-0.0031	69.8409	-16.9283	-0.0045	138.8432
-0.0031	69.8409	-16.9307	-0.0045	138.8517
-0.0031	69.8409	-16.933	-0.0045	138.8603
-0.0031	69.8409	-16.9354	-0.0045	138.8688
-0.0031	69.8409	-16.9378	-0.0045	138.8774
-0.0031	69.8409	-16.9401	-0.0045	138.8859
-0.0031	69.8409	-16.9425	-0.0045	138.8945
-0.0031	69.8409	-16.9448	-0.0045	138.903
-0.0031	69.8409	-16.9472	-0.0045	138.9116
-0.0031	69.8409	-16.9495	-0.0045	138.9201
-0.0031	69.8409	-16.9519	-0.0045	138.9287
-0.0031	69.8409	-16.9542	-0.0045	138.9372
-0.0031	69.8409	-16.9566	-0.0045	138.9457
-0.0031	69.8409	-16.9589	-0.0045	138.9543
-0.0031	69.8409	-16.9613	-0.0045	138.9628
-0.0031	69.8409	-16.9636	-0.0045	138.9713
-0.0031	69.8409	-16.966	-0.0045	138.9799
-0.0031	69.8409	-16.9683	-0.0045	138.9884
-0.0031	69.8409	-16.9707	-0.0045	138.9969
-0.0031	69.8409	-16.973	-0.0045	139.0054
-0.0031	69.8409	-16.9754	-0.0045	139.0139
-0.0031	69.8409	-16.9777	-0.0045	139.0225
-0.0031	69.8409	-16.98	-0.0045	139.031
-0.0031	69.8409	-16.9824	-0.0045	139.0395
-0.0031	69.8409	-16.9847	-0.0045	139.048
-0.0031	69.8409	-16.9871	-0.0045	139.0565
-0.0031	69.8409	-16.9894	-0.0045	139.065
-0.0031	69.8409	-16.9918	-0.0045	139.0735
-0.0031	69.8409	-16.9941	-0.0045	139.082
-0.0031	69.8409	-16.9964	-0.0045	139.0905
-0.0031	69.8409	-16.9988	-0.0045	139.099
-0.0031	69.8409	-17.0011	-0.0045	139.1075
-0.0031	69.8409	-17.0035	-0.0045	139.116
-0.0031	69.8409	-17.0058	-0.0045	139.1245
-0.0031	69.8409	-17.0081	-0.0045	139.133
-0.0031	69.8409	-17.0105	-0.0045	139.1415
-0.0031	69.8409	-17.0128	-0.0045	139.15
-0.0031	69.8409	-17.0151	-0.0045	139.1584
-0.0031	69.8409	-17.0175	-0.0045	139.1669
-0.0031	69.8409	-17.0198	-0.0045	139.1754
-0.0031	69.8409	-17.0221	-0.0045	139.1839
-0.0031	69.8409	-17.0245	-0.0045	139.1924
-0.0031	69.8409	-17.0268	-0.0045	139.2008
-0.0031	69.8409	-17.0291	-0.0045	139.2093
-0.0031	69.8409	-17.0315	-0.0045	139.2178
-0.0031	69.8409	-17.0338	-0.0045	139.2262
-0.0031	69.8409	-17.0361	-0.0045	139.2347
-0.0031	69.8409	-17.0385	-0.0045	139.2432
-0.0031	69.8409	-17.0408	-0.0045	139.2516
-0.0031	69.8409	-17.0431	-0.0045	139.2601
-0.0031	69.8409	-17.0454	-0.0045	139.2685
-0.0031	69.8409	-17.0478	-0.0045	139.277
-0.0031	69.8409	-17.0501	-0.0045	139.2854
-0.0031	69.8409	-17.0524	-0.0045	139.2939
-0.0031	69.8409	-17.0547	-0.0045	139.3023
-0.0031	69.8409	-17.0571	-0.0045	139.3108
-0.0031	69.8409	-17.0594	-0.0045	139.3192
-0.0031	69.8409	-17.0617	-0.0045	139.3276
-0.0031	69.8409	-17.064	-0.0045	139.3361
-0.0031	69.8409	-17.0664	-0.0045	139.3445
-0.0031	69.8409	-17.0687	-0.0045	139.3529
-0.0031	69.8409	-17.071	-0.0045	139.3614
-0.0031	69.8409	-17.0733	-0.0045	139.3698
-0.0031	69.8409	-17.0756	-0.0045	139.3782
-0.0031	69.8409	-17.078	-0.0045	139.3867
-0.0031	69.8409	-17.0803	-0.0045	139.3951
-0.0031	69.8409	-17.0826	-0.0045	139.4035
-0.0031	69.8409	-17.0849	-0.0045	139.4119
-0.0031	69.8409	-17.0872	-0.0045	139.4203
-0.0031	69.8409	-17.0896	-0.0045	139.4287
-0.0031	69.8409	-17.0919	-0.0045	139.4371
-0.0031	69.8409	-17.0942	-0.0045	139.4456
-0.0031	69.8409	-17.0965	-0.0045	139.454
-0.0031	69.8409	-17.0988	-0.0045	139.4624
-0.0031	69.8409	-17.1011	-0.0045	139.4708
-0.0031	69.8409	-17.1034	-0.0045	139.4792
-0.0031	69.8409	-17.1057	-0.0045	139.4876
-0.0031	69.8409	-17.1081	-0.0045	139.496
-0.0031	69.8409	-17.1104	-0.0045	139.5043
-0.0031	69.8409	-17.1127	-0.0045	139.5127
-0.0031	69.8409	-17.115	-0.0045	139.5211
-0.0031	69.8409	-17.1173	-0.0045	139.5295
-0.0031	69.8409	-17.1196	-0.0045	139.5379
-0.0031	69.8409	-17.1219	-0.0045	139.5463
-0.0031	69.8409	-17.1242	-0.0045	139.5546
-0.0031	69.8409	-17.1265	-0.0045	139.563
-0.0031	69.8409	-17.1288	-0.0045	139.5714
-0.0031	69.8409	-17.1311	-0.0045	139.5798
-0.0031	69.8409	-17.1334	-0.0045	139.5881
-0.0031	69.8409	-17.1357	-0.0045	139.5965
-0.0031	69.8409	-17.138	-0.0045	139.6049
-0.0031	69.8409	-17.1403	-0.0045	139.6132
-0.0031	69.8409	-17.1426	-0.0045	139.6216
-0.0031	69.8409	-17.1449	-0.0045	139.6299
-0.0031	69.8409	-17.1472	-0.0045	139.6383
-0.0031	69.8409	-17.1495	-0.0045	139.6467
-0.0031	69.8409	-17.1518	-0.0045	139.655
-0.0031	69.8409	-17.1541	-0.0045	139.6634
-0.0031	69.8409	-17.1564	-0.0045	139.6717
-0.0031	69.8409	-17.1587	-0.0045	139.68
-0.0031	69.8409	-17.161	-0.0045	139.6884
-0.0031	69.8409	-17.1633	-0.0045	139.6967
-0.0031	69.8409	-17.1656	-0.0045	139.7051
-0.0031	69.8409	-17.1679	-0.0045	139.7134
-0.0031	69.8409	-17.1702	-0.0045	139.7217
-0.0031	69.8409	-17.1725	-0.0045	139.7301
-0.0031	69.8409	-17.1748	-0.0045	139.7384
-0.0031	69.8409	-17.1771	-0.0045	139.7467
-0.0031	69.8409	-17.1794	-0.0045	139.755
-0.0031	69.8409	-17.1817	-0.0045	139.7633
-0.0031	69.8409	-17.184	-0.0045	139.7717
-0.0031	69.8409	-17.1863	-0.0045	139.78
-0.0031	69.8409	-17.1885	-0.0045	139.7883
-0.0031	69.8409	-17.1908	-0.0045	139.7966
-0.0031	69.8409	-17.1931	-0.0045	139.8049
-0.0031	69.8409	-17.1954	-0.0045	139.8132
-0.0031	69.8409	-17.1977	-0.0045	139.8215
-0.0031	69.8409	-17.2	-0.0045	139.8298
-0.0031	69.8409	-17.2023	-0.0045	139.8381
-0.0031	69.8409	-17.2045	-0.0045	139.8464
-0.0031	69.8409	-17.2068	-0.0045	139.8547
-0.0031	69.8409	-17.2091	-0.0045	139.863
-0.0031	69.8409	-17.2114	-0.0045	139.8713
-0.0031	69.8409	-17.2137	-0.0045	139.8796
-0.0031	69.8409	-17.216	-0.0045	139.8879
-0.0031	69.8409	-17.2182	-0.0045	139.8961
-0.0031	69.8409	-17.2205	-0.0045	139.9044
-0.0031	69.8409	-17.2228	-0.0045	139.9127
-0.0031	69.8409	-17.2251	-0.0045	139.921
-0.0031	69.8409	-17.2274	-0.0045	139.9292
-0.0031	69.8409	-17.2296	-0.0045	139.9375
-0.0031	69.8409	-17.2319	-0.0045	139.9458
-0.0031	69.8409	-17.2342	-0.0045	139.9541
-0.0031	69.8409	-17.2365	-0.0045	139.9623
-0.0031	69.8409	-17.2387	-0.0045	139.9706
-0.0031	69.8409	-17.241	-0.0045	139.9788
-0.0031	69.8409	-17.2433	-0.0045	139.9871
-0.0031	69.8409	-17.2455	-0.0045	139.9953
-0.0031	69.8409	-17.2478	-0.0045	140.0036
-0.0031	69.8409	-17.2501	-0.0045	140.0118
-0.0031	69.8409	-17.2524	-0.0045	140.0201
-0.0031	69.8409	-17.2546	-0.0045	140.0283
-0.0031	69.8409	-17.2569	-0.0045	140.0366
-0.0031	69.8409	-17.2592	-0.0045	140.0448
-0.0031	69.8409	-17.2614	-0.0045	140.053
-0.0031	69.8409	-17.2637	-0.0045	140.0613
-0.0031	69.8409	-17.266	-0.0045	140.0695
-0.0031	69.8409	-17.2682	-0.0045	140.0777
-0.0031	69.8409	-17.2705	-0.0045	140.086
-0.0031	69.8409	-17.2728	-0.0045	140.0942
-0.0031	69.8409	-17.275	-0.0045	140.1024
-0.0031	69.8409	-17.2773	-0.0045	140.1106
-0.0031	69.8409	-17.2796	-0.0045	140.1189
-0.0031	69.8409	-17.2818	-0.0045	140.1271
-0.0031	69.8409	-17.2841	-0.0045	140.1353
-0.0031	69.8409	-17.2863	-0.0045	140.1435
-0.0031	69.8409	-17.2886	-0.0045	140.1517
-0.0031	69.8409	-17.2909	-0.0045	140.1599
-0.0031	69.8409	-17.2931	-0.0045	140.1681
-0.0031	69.8409	-17.2954	-0.0045	140.1763
-0.0031	69.8409	-17.2976	-0.0045	140.1845
-0.0031	69.8409	-17.2999	-0.0045	140.1927
-0.0031	69.8409	-17.3021	-0.0045	140.2009
-0.0031	69.8409	-17.3044	-0.0045	140.2091
-0.0031	69.8409	-17.3066	-0.0045	140.2173
-0.0031	69.8409	-17.3089	-0.0045	140.2254
-0.0031	69.8409	-17.3112	-0.0045	140.2336
-0.0031	69.8409	-17.3134	-0.0045	140.2418
-0.0031	69.8409	-17.3157	-0.0045	140.25
-0.0031	69.8409	-17.3179	-0.0045	140.2582
-0.0031	69.8409	-17.3202	-0.0045	140.2663
-0.0031	69.8409	-17.3224	-0.0045	140.2745
-0.0031	69.8409	-17.3247	-0.0045	140.2827
-0.0031	69.8409	-17.3269	-0.0045	140.2908
-0.0031	69.8409	-17.3291	-0.0045	140.299
-0.0031	69.8409	-17.3314	-0.0045	140.3072
-0.0031	69.8409	-17.3336	-0.0045	140.3153
-0.0031	69.8409	-17.3359	-0.0045	140.3235
-0.0031	69.8409	-17.3381	-0.0045	140.3316
-0.0031	69.8409	-17.3404	-0.0045	140.3398
-0.0031	69.8409	-17.3426	-0.0045	140.3479
-0.0031	69.8409	-17.3449	-0.0045	140.3561
-0.0031	69.8409	-17.3471	-0.0045	140.3642
-0.0031	69.8409	-17.3493	-0.0045	140.3723
-0.0031	69.8409	-17.3516	-0.0045	140.3805
-0.0031	69.8409	-17.3538	-0.0045	140.3886
-0.0031	69.8409	-17.3561	-0.0045	140.3967
-0.0031	69.8409	-17.3583	-0.0045	140.4049
-0.0031	69.8409	-17.3605	-0.0045	140.413
-0.0031	69.8409	-17.3628	-0.0045	140.4211
-0.0031	69.8409	-17.365	-0.0045	140.4293
-0.0031	69.8409	-17.3672	-0.0045	140.4374
-0.0031	69.8409	-17.3695	-0.0045	140.4455
-0.0031	69.8409	-17.3717	-0.0045	140.4536
-0.0031	69.8409	-17.3739	-0.0045	140.4617
-0.0031	69.8409	-17.3762	-0.0045	140.4698
-0.0031	69.8409	-17.3784	-0.0045	140.4779
-0.0031	69.8409	-17.3806	-0.0045	140.486
-0.0031	69.8409	-17.3829	-0.0045	140.4941
-0.0031	69.8409	-17.3851	-0.0045	140.5022
-0.0031	69.8409	-17.3873	-0.0045	140.5103
-0.0031	69.8409	-17.3896	-0.0045	140.5184
-0.0031	69.8409	-17.3918	-0.0045	140.5265
-0.0031	69.8409	-17.394	-0.0045	140.5346
-0.0031	69.8409	-17.3962	-0.0045	140.5427
-0.0031	69.8409	-17.3985	-0.0045	140.5508
-0.0031	69.8409	-17.4007	-0.0045	140.5589
-0.0031	69.8409	-17.4029	-0.0045	140.5669
-0.0031	69.8409	-17.4051	-0.0045	140.575
-0.0031	69.8409	-17.4074	-0.0045	140.5831
-0.0031	69.8409	-17.4096	-0.0045	140.5912
-0.0031	69.8409	-17.4118	-0.0045	140.5992
-0.0031	69.8409	-17.414	-0.0045	140.6073
-0.0031	69.8409	-17.4162	-0.0045	140.6154
-0.0031	69.8409	-17.4185	-0.0045	140.6234
-0.0031	69.8409	-17.4207	-0.0045	140.6315
-0.0031	69.8409	-17.4229	-0.0045	140.6395
-0.0031	69.8409	-17.4251	-0.0045	140.6476
-0.0031	69.8409	-17.4273	-0.0045	140.6556
-0.0031	69.8409	-17.4296	-0.0045	140.6637
-0.0031	69.8409	-17.4318	-0.0045	140.6717
-0.0031	69.8409	-17.434	-0.0045	140.6798
-0.0031	69.8409	-17.4362	-0.0045	140.6878
-0.0031	69.8409	-17.4384	-0.0045	140.6958
-0.0031	69.8409	-17.4406	-0.0045	140.7039
-0.0031	69.8409	-17.4428	-0.0045	140.7119
-0.0031	69.8409	-17.445	-0.0045	140.7199
-0.0031	69.8409	-17.4473	-0.0045	140.728
-0.0031	69.8409	-17.4495	-0.0045	140.736
-0.0031	69.8409	-17.4517	-0.0045	140.744
-0.0031	69.8409	-17.4539	-0.0045	140.752
-0.0031	69.8409	-17.4561	-0.0045	140.76
-0.0031	69.8409	-17.4583	-0.0045	140.7681
-0.0031	69.8409	-17.4605	-0.0045	140.7761
-0.0031	69.8409	-17.4627	-0.0045	140.7841
-0.0031	69.8409	-17.4649	-0.0045	140.7921
-0.0031	69.8409	-17.4671	-0.0045	140.8001
-0.0031	69.8409	-17.4693	-0.0045	140.8081
-0.0031	69.8409	-17.4715	-0.0045	140.8161
-0.0031	69.8409	-17.4737	-0.0045	140.8241
-0.0031	69.8409	-17.4759	-0.0045	140.8321
-0.0031	69.8409	-17.4781	-0.0045	140.8401
-0.0031	69.8409	-17.4803	-0.0045	140.8481
-0.0031	69.8409	-17.4825	-0.0045	140.856
-0.0031	69.8409	-17.4847	-0.0045	140.864
-0.0031	69.8409	-17.4869	-0.0045	140.872
-0.0031	69.8409	-17.4891	-0.0045	140.88
-0.0031	69.8409	-17.4913	-0.0045	140.8879
-0.0031	69.8409	-17.4935	-0.0045	140.8959
-0.0031	69.8409	-17.4957	-0.0045	140.9039
-0.0031	69.8409	-17.4979	-0.0045	140.9119
-0.0031	69.8409	-17.5001	-0.0045	140.9198
-0.0031	69.8409	-17.5023	-0.0045	140.9278
-0.0031	69.8409	-17.5045	-0.0045	140.9357
-0.0031	69.8409	-17.5066	-0.0045	140.9437
-0.0031	69.8409	-17.5088	-0.0045	140.9516
-0.0031	69.8409	-17.511	-0.0045	140.9596
-0.0031	69.8409	-17.5132	-0.0045	140.9675
-0.0031	69.8409	-17.5154	-0.0045	140.9755
-0.0031	69.8409	-17.5176	-0.0045	140.9834
-0.0031	69.8409	-17.5198	-0.0045	140.9914
-0.0031	69.8409	-17.522	-0.0045	140.9993
-0.0031	69.8409	-17.5241	-0.0045	141.0072
-0.0031	69.8409	-17.5263	-0.0045	141.0152
-0.0031	69.8409	-17.5285	-0.0045	141.0231
-0.0031	69.8409	-17.5307	-0.0045	141.031
-0.0031	69.8409	-17.5329	-0.0045	141.0389
-0.0031	69.8409	-17.535	-0.0045	141.0469
-0.0031	69.8409	-17.5372	-0.0045	141.0548
-0.0031	69.8409	-17.5394	-0.0045	141.0627
-0.0031	69.8409	-17.5416	-0.0045	141.0706
-0.0031	69.8409	-17.5438	-0.0045	141.0785
-0.0031	69.8409	-17.5459	-0.0045	141.0864
-0.0031	69.8409	-17.5481	-0.0045	141.0943
-0.0031	69.8409	-17.5503	-0.0045	141.1022
-0.0031	69.8409	-17.5525	-0.0045	141.1101
-0.0031	69.8409	-17.5546	-0.0045	141.118
-0.0031	69.8409	-17.5568	-0.0045	141.1259
-0.0031	69.8409	-17.559	-0.0045	141.1338
-0.0031	69.8409	-17.5612	-0.0045	141.1417
-0.0031	69.8409	-17.5633	-0.0045	141.1496
-0.0031	69.8409	-17.5655	-0.0045	141.1575
-0.0031	69.8409	-17.5677	-0.0045	141.1653
-0.0031	69.8409	-17.5698	-0.0045	141.1732
-0.0031	69.8409	-17.572	-0.0045	141.1811
-0.0031	69.8409	-17.5742	-0.0045	141.189
-0.0031	69.8409	-17.5763	-0.0045	141.1968
-0.0031	69.8409	-17.5785	-0.0045	141.2047
-0.0031	69.8409	-17.5807	-0.0045	141.2126
-0.0031	69.8409	-17.5828	-0.0045	141.2204
-0.0031	69.8409	-17.585	-0.0045	141.2283
-0.0031	69.8409	-17.5872	-0.0045	141.2361
-0.0031	69.8409	-17.5893	-0.0045	141.244
-0.0031	69.8409	-17.5915	-0.0045	141.2518
-0.0031	69.8409	-17.5936	-0.0045	141.2597
-0.0031	69.8409	-17.5958	-0.0045	141.2675
-0.0031	69.8409	-17.598	-0.0045	141.2754
-0.0031	69.8409	-17.6001	-0.0045	141.2832
-0.0031	69.8409	-17.6023	-0.0045	141.291
-0.0031	69.8409	-17.6044	-0.0045	141.2989
-0.0031	69.8409	-17.6066	-0.0045	141.3067
-0.0031	69.8409	-17.6087	-0.0045	141.3145
-0.0031	69.8409	-17.6109	-0.0045	141.3223
-0.0031	69.8409	-17.613	-0.0045	141.3302
-0.0031	69.8409	-17.6152	-0.0045	141.338
-0.0031	69.8409	-17.6174	-0.0045	141.3458
-0.0031	69.8409	-17.6195	-0.0045	141.3536
-0.0031	69.8409	-17.6217	-0.0045	141.3614
-0.0031	69.8409	-17.6238	-0.0045	141.3692
-0.0031	69.8409	-17.626	-0.0045	141.377
-0.0031	69.8409	-17.6281	-0.0045	141.3848
-0.0031	69.8409	-17.6302	-0.0045	141.3926
-0.0031	69.8409	-17.6324	-0.0045	141.4004
-0.0031	69.8409	-17.6345	-0.0045	141.4082
-0.0031	69.8409	-17.6367	-0.0045	141.416
-0.0031	69.8409	-17.6388	-0.0045	141.4238
-0.0031	69.8409	-17.641	-0.0045	141.4316
-0.0031	69.8409	-17.6431	-0.0045	141.4394
-0.0031	69.8409	-17.6453	-0.0045	141.4472
-0.0031	69.8409	-17.6474	-0.0045	141.4549
-0.0031	69.8409	-17.6495	-0.0045	141.4627
-0.0031	69.8409	-17.6517	-0.0045	141.4705
-0.0031	69.8409	-17.6538	-0.0045	141.4782
-0.0031	69.8409	-17.656	-0.0045	141.486
-0.0031	69.8409	-17.6581	-0.0045	141.4938
-0.0031	69.8409	-17.6602	-0.0045	141.5015
-0.0031	69.8409	-17.6624	-0.0045	141.5093
-0.0031	69.8409	-17.6645	-0.0045	141.517
-0.0031	69.8409	-17.6666	-0.0045	141.5248
-0.0031	69.8409	-17.6688	-0.0045	141.5325
-0.0031	69.8409	-17.6709	-0.0045	141.5403
-0.0031	69.8409	-17.673	-0.0045	141.548
-0.0031	69.8409	-17.6752	-0.0045	141.5558
-0.0031	69.8409	-17.6773	-0.0045	141.5635
-0.0031	69.8409	-17.6794	-0.0045	141.5712
-0.0031	69.8409	-17.6815	-0.0045	141.579
-0.0031	69.8409	-17.6837	-0.0045	141.5867
-0.0031	69.8409	-17.6858	-0.0045	141.5944
-0.0031	69.8409	-17.6879	-0.0045	141.6021
-0.0031	69.8409	-17.6901	-0.0045	141.6099
-0.0031	69.8409	-17.6922	-0.0045	141.6176
-0.0031	69.8409	-17.6943	-0.0045	141.6253
-0.0031	69.8409	-17.6964	-0.0045	141.633
-0.0031	69.8409	-17.6985	-0.0045	141.6407
-0.0031	69.8409	-17.7007	-0.0045	141.6484
-0.0031	69.8409	-17.7028	-0.0045	141.6561
-0.0031	69.8409	-17.7049	-0.0045	141.6638
-0.0031	69.8409	-17.707	-0.0045	141.6715
-0.0031	69.8409	-17.7091	-0.0045	141.6792
-0.0031	69.8409	-17.7113	-0.0045	141.6869
-0.0031	69.8409	-17.7134	-0.0045	141.6946
-0.0031	69.8409	-17.7155	-0.0045	141.7023
-0.0031	69.8409	-17.7176	-0.0045	141.71
-0.0031	69.8409	-17.7197	-0.0045	141.7176
-0.0031	69.8409	-17.7218	-0.0045	141.7253
-0.0031	69.8409	-17.724	-0.0045	141.733
-0.0031	69.8409	-17.7261	-0.0045	141.7407
-0.0031	69.8409	-17.7282	-0.0045	141.7483
-0.0031	69.8409	-17.7303	-0.0045	141.756
-0.0031	69.8409	-17.7324	-0.0045	141.7637
-0.0031	69.8409	-17.7345	-0.0045	141.7713
-0.0031	69.8409	-17.7366	-0.0045	141.779
-0.0031	69.8409	-17.7387	-0.0045	141.7866
-0.0031	69.8409	-17.7408	-0.0045	141.7943
-0.0031	69.8409	-17.7429	-0.0045	141.8019
-0.0031	69.8409	-17.745	-0.0045	141.8096
-0.0031	69.8409	-17.7471	-0.0045	141.8172
-0.0031	69.8409	-17.7492	-0.0045	141.8249
-0.0031	69.8409	-17.7513	-0.0045	141.8325
-0.0031	69.8409	-17.7534	-0.0045	141.8401
-0.0031	69.8409	-17.7555	-0.0045	141.8477
-0.0031	69.8409	-17.7576	-0.0045	141.8554
-0.0031	69.8409	-17.7597	-0.0045	141.863
-0.0031	69.8409	-17.7618	-0.0045	141.8706
-0.0031	69.8409	-17.7639	-0.0045	141.8782
-0.0031	69.8409	-17.766	-0.0045	141.8859
-0.0031	69.8409	-17.7681	-0.0045	141.8935
-0.0031	69.8409	-17.7702	-0.0045	141.9011
-0.0031	69.8409	-17.7723	-0.0045	141.9087
-0.0031	69.8409	-17.7744	-0.0045	141.9163
-0.0031	69.8409	-17.7765	-0.0045	141.9239
-0.0031	69.8409	-17.7786	-0.0045	141.9315
-0.0031	69.8409	-17.7807	-0.0045	141.9391
-0.0031	69.8409	-17.7828	-0.0045	141.9467
-0.0031	69.8409	-17.7849	-0.0045	141.9543
-0.0031	69.8409	-17.787	-0.0045	141.9618
-0.0031	69.8409	-17.789	-0.0045	141.9694
-0.0031	69.8409	-17.7911	-0.0045	141.977
-0.0031	69.8409	-17.7932	-0.0045	141.9846
-0.0031	69.8409	-17.7953	-0.0045	141.9922
-0.0031	69.8409	-17.7974	-0.0045	141.9997
-0.0031	69.8409	-17.7995	-0.0045	142.0073
-0.0031	69.8409	-17.8016	-0.0045	142.0149
-0.0031	69.8409	-17.8036	-0.0045	142.0224
-0.0031	69.8409	-17.8057	-0.0045	142.03
-0.0031	69.8409	-17.8078	-0.0045	142.0375
-0.0031	69.8409	-17.8099	-0.0045	142.0451
-0.0031	69.8409	-17.812	-0.0045	142.0526
-0.0031	69.8409	-17.814	-0.0045	142.0602
-0.0031	69.8409	-17.8161	-0.0045	142.0677
-0.0031	69.8409	-17.8182	-0.0045	142.0753
-0.0031	69.8409	-17.8203	-0.0045	142.0828
-0.0031	69.8409	-17.8223	-0.0045	142.0904
-0.0031	69.8409	-17.8244	-0.0045	142.0979
-0.0031	69.8409	-17.8265	-0.0045	142.1054
-0.0031	69.8409	-17.8286	-0.0045	142.1129
-0.0031	69.8409	-17.8306	-0.0045	142.1205
-0.0031	69.8409	-17.8327	-0.0045	142.128
-0.0031	69.8409	-17.8348	-0.0045	142.1355
-0.0031	69.8409	-17.8368	-0.0045	142.143
-0.0031	69.8409	-17.8389	-0.0045	142.1505
-0.0031	69.8409	-17.841	-0.0045	142.158
-0.0031	69.8409	-17.843	-0.0045	142.1655
-0.0031	69.8409	-17.8451	-0.0045	142.1731
-0.0031	69.8409	-17.8472	-0.0045	142.1806
-0.0031	69.8409	-17.8492	-0.0045	142.188
-0.0031	69.8409	-17.8513	-0.0045	142.1955
-0.0031	69.8409	-17.8534	-0.0045	142.203
-0.0031	69.8409	-17.8554	-0.0045	142.2105
-0.0031	69.8409	-17.8575	-0.0045	142.218
-0.0031	69.8409	-17.8595	-0.0045	142.2255
-0.0031	69.8409	-17.8616	-0.0045	142.233
-0.0031	69.8409	-17.8637	-0.0045	142.2404
-0.0031	69.8409	-17.8657	-0.0045	142.2479
-0.0031	69.8409	-17.8678	-0.0045	142.2554
-0.0031	69.8409	-17.8698	-0.0045	142.2628
-0.0031	69.8409	-17.8719	-0.0045	142.2703
-0.0031	69.8409	-17.8739	-0.0045	142.2778
-0.0031	69.8409	-17.876	-0.0045	142.2852
-0.0031	69.8409	-17.878	-0.0045	142.2927
-0.0031	69.8409	-17.8801	-0.0045	142.3001
-0.0031	69.8409	-17.8821	-0.0045	142.3076
-0.0031	69.8409	-17.8842	-0.0045	142.315
-0.0031	69.8409	-17.8862	-0.0045	142.3225
-0.0031	69.8409	-17.8883	-0.0045	142.3299
-0.0031	69.8409	-17.8903	-0.0045	142.3373
-0.0031	69.8409	-17.8924	-0.0045	142.3448
-0.0031	69.8409	-17.8944	-0.0045	142.3522
-0.0031	69.8409	-17.8965	-0.0045	142.3596
-0.0031	69.8409	-17.8985	-0.0045	142.3671
-0.0031	69.8409	-17.9006	-0.0045	142.3745
-0.0031	69.8409	-17.9026	-0.0045	142.3819
-0.0031	69.8409	-17.9046	-0.0045	142.3893
-0.0031	69.8409	-17.9067	-0.0045	142.3967
-0.0031	69.8409	-17.9087	-0.0045	142.4041
-0.0031	69.8409	-17.9108	-0.0045	142.4115
-0.0031	69.8409	-17.9128	-0.0045	142.4189
-0.0031	69.8409	-17.9148	-0.0045	142.4263
-0.0031	69.8409	-17.9169	-0.0045	142.4337
-0.0031	69.8409	-17.9189	-0.0045	142.4411
-0.0031	69.8409	-17.9209	-0.0045	142.4485
-0.0031	69.8409	-17.923	-0.0045	142.4559
-0.0031	69.8409	-17.925	-0.0045	142.4633
-0.0031	69.8409	-17.927	-0.0045	142.4707
-0.0031	69.8409	-17.9291	-0.0045	142.478
-0.0031	69.8409	-17.9311	-0.0045	142.4854
-0.0031	69.8409	-17.9331	-0.0045	142.4928
-0.0031	69.8409	-17.9352	-0.0045	142.5002
-0.0031	69.8409	-17.9372	-0.0045	142.5075
-0.0031	69.8409	-17.9392	-0.0045	142.5149
-0.0031	69.8409	-17.9412	-0.0045	142.5222
-0.0031	69.8409	-17.9433	-0.0045	142.5296
-0.0031	69.8409	-17.9453	-0.0045	142.537
-0.0031	69.8409	-17.9473	-0.0045	142.5443
-0.0031	69.8409	-17.9493	-0.0045	142.5516
-0.0031	69.8409	-17.9514	-0.0045	142.559
-0.0031	69.8409	-17.9534	-0.0045	142.5663
-0.0031	69.8409	-17.9554	-0.0045	142.5737
-0.0031	69.8409	-17.9574	-0.0045	142.581
-0.0031	69.8409	-17.9594	-0.0045	142.5883
-0.0031	69.8409	-17.9615	-0.0045	142.5957
-0.0031	69.8409	-17.9635	-0.0045	142.603
-0.0031	69.8409	-17.9655	-0.0045	142.6103
-0.0031	69.8409	-17.9675	-0.0045	142.6176
-0.0031	69.8409	-17.9695	-0.0045	142.6249
-0.0031	69.8409	-17.9715	-0.0045	142.6323
-0.0031	69.8409	-17.9735	-0.0045	142.6396
-0.0031	69.8409	-17.9756	-0.0045	142.6469
-0.0031	69.8409	-17.9776	-0.0045	142.6542
-0.0031	69.8409	-17.9796	-0.0045	142.6615
-0.0031	69.8409	-17.9816	-0.0045	142.6688
-0.0031	69.8409	-17.9836	-0.0045	142.6761
-0.0031	69.8409	-17.9856	-0.0045	142.6834
-0.0031	69.8409	-17.9876	-0.0045	142.6906
-0.0031	69.8409	-17.9896	-0.0045	142.6979
-0.0031	69.8409	-17.9916	-0.0045	142.7052
-0.0031	69.8409	-17.9936	-0.0045	142.7125
-0.0031	69.8409	-17.9956	-0.0045	142.7198
-0.0031	69.8409	-17.9976	-0.0045	142.727
-0.0031	69.8409	-17.9996	-0.0045	142.7343
-0.0031	69.8409	-18.0016	-0.0045	142.7416
-0.0031	69.8409	-18.0036	-0.0045	142.7488
-0.0031	69.8409	-18.0056	-0.0045	142.7561
-0.0031	69.8409	-18.0076	-0.0045	142.7633
-0.0031	69.8409	-18.0096	-0.0045	142.7706
-0.0031	69.8409	-18.0116	-0.0045	142.7778
-0.0031	69.8409	-18.0136	-0.0045	142.7851
-0.0031	69.8409	-18.0156	-0.0045	142.7923
-0.0031	69.8409	-18.0176	-0.0045	142.7996
-0.0031	69.8409	-18.0196	-0.0045	142.8068
-0.0031	69.8409	-18.0216	-0.0045	142.814
-0.0031	69.8409	-18.0236	-0.0045	142.8213
-0.0031	69.8409	-18.0256	-0.0045	142.8285
-0.0031	69.8409	-18.0276	-0.0045	142.8357
-0.0031	69.8409	-18.0295	-0.0045	142.8429
-0.0031	69.8409	-18.0315	-0.0045	142.8502
-0.0031	69.8409	-18.0335	-0.0045	142.8574
-0.0031	69.8409	-18.0355	-0.0045	142.8646
-0.0031	69.8409	-18.0375	-0.0045	142.8718
-0.0031	69.8409	-18.0395	-0.0045	142.879
-0.0031	69.8409	-18.0415	-0.0045	142.8862
-0.0031	69.8409	-18.0434	-0.0045	142.8934
-0.0031	69.8409	-18.0454	-0.0045	142.9006
-0.0031	69.8409	-18.0474	-0.0045	142.9078
-0.0031	69.8409	-18.0494	-0.0045	142.915
-0.0031	69.8409	-18.0514	-0.0045	142.9222
-0.0031	69.8409	-18.0533	-0.0045	142.9293
-0.0031	69.8409	-18.0553	-0.0045	142.9365
-0.0031	69.8409	-18.0573	-0.0045	142.9437
-0.0031	69.8409	-18.0593	-0.0045	142.9509
-0.0031	69.8409	-18.0612	-0.0045	142.958
-0.0031	69.8409	-18.0632	-0.0045	142.9652
-0.0031	69.8409	-18.0652	-0.0045	142.9724
-0.0031	69.8409	-18.0671	-0.0045	142.9795
-0.0031	69.8409	-18.0691	-0.0045	142.9867
-0.0031	69.8409	-18.0711	-0.0045	142.9938
-0.0031	69.8409	-18.0731	-0.0045	143.001
-0.0031	69.8409	-18.075	-0.0045	143.0081
-0.0031	69.8409	-18.077	-0.0045	143.0153
-0.0031	69.8409	-18.079	-0.0045	143.0224
-0.0031	69.8409	-18.0809	-0.0045	143.0296
-0.0031	69.8409	-18.0829	-0.0045	143.0367
-0.0031	69.8409	-18.0848	-0.0045	143.0438
-0.0031	69.8409	-18.0868	-0.0045	143.051
-0.0031	69.8409	-18.0888	-0.0045	143.0581
-0.0031	69.8409	-18.0907	-0.0045	143.0652
-0.0031	69.8409	-18.0927	-0.0045	143.0723
-0.0031	69.8409	-18.0947	-0.0045	143.0794
-0.0031	69.8409	-18.0966	-0.0045	143.0865
-0.0031	69.8409	-18.0986	-0.0045	143.0937
-0.0031	69.8409	-18.1005	-0.0045	143.1008
-0.0031	69.8409	-18.1025	-0.0045	143.1079
-0.0031	69.8409	-18.1044	-0.0045	143.115
-0.0031	69.8409	-18.1064	-0.0045	143.1221
-0.0031	69.8409	-18.1083	-0.0045	143.1291
-0.0031	69.8409	-18.1103	-0.0045	143.1362
-0.0031	69.8409	-18.1122	-0.0045	143.1433
-0.0031	69.8409	-18.1142	-0.0045	143.1504
-0.0031	69.8409	-18.1161	-0.0045	143.1575
-0.0031	69.8409	-18.1181	-0.0045	143.1646
-0.0031	69.8409	-18.12	-0.0045	143.1716
-0.0031	69.8409	-18.122	-0.0045	143.1787
-0.0031	69.8409	-18.1239	-0.0045	143.1858
-0.0031	69.8409	-18.1259	-0.0045	143.1928
-0.0031	69.8409	-18.1278	-0.0045	143.1999
-0.0031	69.8409	-18.1298	-0.0045	143.2069
-0.0031	69.8409	-18.1317	-0.0045	143.214
-0.0031	69.8409	-18.1336	-0.0045	143.2211
-0.0031	69.8409	-18.1356	-0.0045	143.2281
-0.0031	69.8409	-18.1375	-0.0045	143.2351
-0.0031	69.8409	-18.1395	-0.0045	143.2422
-0.0031	69.8409	-18.1414	-0.0045	143.2492
-0.0031	69.8409	-18.1433	-0.0045	143.2563
-0.0031	69.8409	-18.1453	-0.0045	143.2633
-0.0031	69.8409	-18.1472	-0.0045	143.2703
-0.0031	69.8409	-18.1491	-0.0045	143.2773
-0.0031	69.8409	-18.1511	-0.0045	143.2844
-0.0031	69.8409	-18.153	-0.0045	143.2914
-0.0031	69.8409	-18.1549	-0.0045	143.2984
-0.0031	69.8409	-18.1569	-0.0045	143.3054
-0.0031	69.8409	-18.1588	-0.0045	143.3124
-0.0031	69.8409	-18.1607	-0.0045	143.3194
-0.0031	69.8409	-18.1626	-0.0045	143.3264
-0.0031	69.8409	-18.1646	-0.0045	143.3334
-0.0031	69.8409	-18.1665	-0.0045	143.3404
-0.0031	69.8409	-18.1684	-0.0045	143.3474
-0.0031	69.8409	-18.1703	-0.0045	143.3544
-0.0031	69.8409	-18.1723	-0.0045	143.3614
-0.0031	69.8409	-18.1742	-0.0045	143.3683
-0.0031	69.8409	-18.1761	-0.0045	143.3753
-0.0031	69.8409	-18.178	-0.0045	143.3823
-0.0031	69.8409	-18.18	-0.0045	143.3893
-0.0031	69.8409	-18.1819	-0.0045	143.3962
-0.0031	69.8409	-18.1838	-0.0045	143.4032
-0.0031	69.8409	-18.1857	-0.0045	143.4102
-0.0031	69.8409	-18.1876	-0.0045	143.4171
-0.0031	69.8409	-18.1895	-0.0045	143.4241
-0.0031	69.8409	-18.1914	-0.0045	143.431
-0.0031	69.8409	-18.1934	-0.0045	143.438
-0.0031	69.8409	-18.1953	-0.0045	143.4449
-0.0031	69.8409	-18.1972	-0.0045	143.4518
-0.0031	69.8409	-18.1991	-0.0045	143.4588
-0.0031	69.8409	-18.201	-0.0045	143.4657
-0.0031	69.8409	-18.2029	-0.0045	143.4727
-0.0031	69.8409	-18.2048	-0.0045	143.4796
-0.0031	69.8409	-18.2067	-0.0045	143.4865
-0.0031	69.8409	-18.2086	-0.0045	143.4934
-0.0031	69.8409	-18.2105	-0.0045	143.5003
-0.0031	69.8409	-18.2124	-0.0045	143.5073
-0.0031	69.8409	-18.2143	-0.0045	143.5142
-0.0031	69.8409	-18.2162	-0.0045	143.5211
-0.0031	69.8409	-18.2181	-0.0045	143.528
-0.0031	69.8409	-18.22	-0.0045	143.5349
-0.0031	69.8409	-18.2219	-0.0045	143.5418
-0.0031	69.8409	-18.2238	-0.0045	143.5487
-0.0031	69.8409	-18.2257	-0.0045	143.5556
-0.0031	69.8409	-18.2276	-0.0045	143.5624
-0.0031	69.8409	-18.2295	-0.0045	143.5693
-0.0031	69.8409	-18.2314	-0.0045	143.5762
-0.0031	69.8409	-18.2333	-0.0045	143.5831
-0.0031	69.8409	-18.2352	-0.0045	143.59
-0.0031	69.8409	-18.2371	-0.0045	143.5968
-0.0031	69.8409	-18.239	-0.0045	143.6037
-0.0031	69.8409	-18.2409	-0.0045	143.6106
-0.0031	69.8409	-18.2428	-0.0045	143.6174
-0.0031	69.8409	-18.2447	-0.0045	143.6243
-0.0031	69.8409	-18.2465	-0.0045	143.6311
-0.0031	69.8409	-18.2484	-0.0045	143.638
-0.0031	69.8409	-18.2503	-0.0045	143.6448
-0.0031	69.8409	-18.2522	-0.0045	143.6517
-0.0031	69.8409	-18.2541	-0.0045	143.6585
-0.0031	69.8409	-18.256	-0.0045	143.6654
-0.0031	69.8409	-18.2578	-0.0045	143.6722
-0.0031	69.8409	-18.2597	-0.0045	143.679
-0.0031	69.8409	-18.2616	-0.0045	143.6858
-0.0031	69.8409	-18.2635	-0.0045	143.6927
-0.0031	69.8409	-18.2654	-0.0045	143.6995
-0.0031	69.8409	-18.2672	-0.0045	143.7063
-0.0031	69.8409	-18.2691	-0.0045	143.7131
-0.0031	69.8409	-18.271	-0.0045	143.7199
-0.0031	69.8409	-18.2729	-0.0045	143.7267
-0.0031	69.8409	-18.2747	-0.0045	143.7335
-0.0031	69.8409	-18.2766	-0.0045	143.7403
-0.0031	69.8409	-18.2785	-0.0045	143.7471
-0.0031	69.8409	-18.2803	-0.0045	143.7539
-0.0031	69.8409	-18.2822	-0.0045	143.7607
-0.0031	69.8409	-18.2841	-0.0045	143.7675
-0.0031	69.8409	-18.286	-0.0045	143.7743
-0.0031	69.8409	-18.2878	-0.0045	143.7811
-0.0031	69.8409	-18.2897	-0.0045	143.7878
-0.0031	69.8409	-18.2916	-0.0045	143.7946
-0.0031	69.8409	-18.2934	-0.0045	143.8014
-0.0031	69.8409	-18.2953	-0.0045	143.8081
-0.0031	69.8409	-18.2971	-0.0045	143.8149
-0.0031	69.8409	-18.299	-0.0045	143.8217
-0.0031	69.8409	-18.3009	-0.0045	143.8284
-0.0031	69.8409	-18.3027	-0.0045	143.8352
-0.0031	69.8409	-18.3046	-0.0045	143.8419
-0.0031	69.8409	-18.3064	-0.0045	143.8487
-0.0031	69.8409	-18.3083	-0.0045	143.8554
-0.0031	69.8409	-18.3101	-0.0045	143.8621
-0.0031	69.8409	-18.312	-0.0045	143.8689
-0.0031	69.8409	-18.3139	-0.0045	143.8756
-0.0031	69.8409	-18.3157	-0.0045	143.8823
-0.0031	69.8409	-18.3176	-0.0045	143.8891
-0.0031	69.8409	-18.3194	-0.0045	143.8958
-0.0031	69.8409	-18.3213	-0.0045	143.9025
-0.0031	69.8409	-18.3231	-0.0045	143.9092
-0.0031	69.8409	-18.325	-0.0045	143.9159
-0.0031	69.8409	-18.3268	-0.0045	143.9226
-0.0031	69.8409	-18.3286	-0.0045	143.9293
-0.0031	69.8409	-18.3305	-0.0045	143.936
-0.0031	69.8409	-18.3323	-0.0045	143.9427
-0.0031	69.8409	-18.3342	-0.0045	143.9494
-0.0031	69.8409	-18.336	-0.0045	143.9561
-0.0031	69.8409	-18.3379	-0.0045	143.9628
-0.0031	69.8409	-18.3397	-0.0045	143.9695
-0.0031	69.8409	-18.3415	-0.0045	143.9762
-0.0031	69.8409	-18.3434	-0.0045	143.9828
-0.0031	69.8409	-18.3452	-0.0045	143.9895
-0.0031	69.8409	-18.347	-0.0045	143.9962
-0.0031	69.8409	-18.3489	-0.0045	144.0029
-0.0031	69.8409	-18.3507	-0.0045	144.0095
-0.0031	69.8409	-18.3526	-0.0045	144.0162
-0.0031	69.8409	-18.3544	-0.0045	144.0228
-0.0031	69.8409	-18.3562	-0.0045	144.0295
-0.0031	69.8409	-18.358	-0.0045	144.0361
-0.0031	69.8409	-18.3599	-0.0045	144.0428
-0.0031	69.8409	-18.3617	-0.0045	144.0494
-0.0031	69.8409	-18.3635	-0.0045	144.0561
-0.0031	69.8409	-18.3654	-0.0045	144.0627
-0.0031	69.8409	-18.3672	-0.0045	144.0693
-0.0031	69.8409	-18.369	-0.0045	144.0759
-0.0031	69.8409	-18.3708	-0.0045	144.0826
-0.0031	69.8409	-18.3727	-0.0045	144.0892
-0.0031	69.8409	-18.3745	-0.0045	144.0958
-0.0031	69.8409	-18.3763	-0.0045	144.1024
-0.0031	69.8409	-18.3781	-0.0045	144.109
-0.0031	69.8409	-18.3799	-0.0045	144.1156
-0.0031	69.8409	-18.3818	-0.0045	144.1222
-0.0031	69.8409	-18.3836	-0.0045	144.1288
-0.0031	69.8409	-18.3854	-0.0045	144.1354
-0.0031	69.8409	-18.3872	-0.0045	144.142
-0.0031	69.8409	-18.389	-0.0045	144.1486
-0.0031	69.8409	-18.3908	-0.0045	144.1552
-0.0031	69.8409	-18.3926	-0.0045	144.1618
-0.0031	69.8409	-18.3945	-0.0045	144.1684
-0.0031	69.8409	-18.3963	-0.0045	144.1749
-0.0031	69.8409	-18.3981	-0.0045	144.1815
-0.0031	69.8409	-18.3999	-0.0045	144.1881
-0.0031	69.8409	-18.4017	-0.0045	144.1946
-0.0031	69.8409	-18.4035	-0.0045	144.2012
-0.0031	69.8409	-18.4053	-0.0045	144.2078
-0.0031	69.8409	-18.4071	-0.0045	144.2143
-0.0031	69.8409	-18.4089	-0.0045	144.2209
-0.0031	69.8409	-18.4107	-0.0045	144.2274
-0.0031	69.8409	-18.4125	-0.0045	144.234
-0.0031	69.8409	-18.4143	-0.0045	144.2405
-0.0031	69.8409	-18.4161	-0.0045	144.247
-0.0031	69.8409	-18.4179	-0.0045	144.2536
-0.0031	69.8409	-18.4197	-0.0045	144.2601
-0.0031	69.8409	-18.4215	-0.0045	144.2666
-0.0031	69.8409	-18.4233	-0.0045	144.2732
-0.0031	69.8409	-18.4251	-0.0045	144.2797
-0.0031	69.8409	-18.4269	-0.0045	144.2862
-0.0031	69.8409	-18.4287	-0.0045	144.2927
-0.0031	69.8409	-18.4305	-0.0045	144.2992
-0.0031	69.8409	-18.4323	-0.0045	144.3057
-0.0031	69.8409	-18.4341	-0.0045	144.3122
-0.0031	69.8409	-18.4358	-0.0045	144.3187
-0.0031	69.8409	-18.4376	-0.0045	144.3252
-0.0031	69.8409	-18.4394	-0.0045	144.3317
-0.0031	69.8409	-18.4412	-0.0045	144.3382
-0.0031	69.8409	-18.443	-0.0045	144.3447
-0.0031	69.8409	-18.4448	-0.0045	144.3512
-0.0031	69.8409	-18.4466	-0.0045	144.3576
-0.0031	69.8409	-18.4483	-0.0045	144.3641
-0.0031	69.8409	-18.4501	-0.0045	144.3706
-0.0031	69.8409	-18.4519	-0.0045	144.377
-0.0031	69.8409	-18.4537	-0.0045	144.3835
-0.0031	69.8409	-18.4555	-0.0045	144.39
-0.0031	69.8409	-18.4572	-0.0045	144.3964
-0.0031	69.8409	-18.459	-0.0045	144.4029
-0.0031	69.8409	-18.4608	-0.0045	144.4093
-0.0031	69.8409	-18.4626	-0.0045	144.4158
-0.0031	69.8409	-18.4643	-0.0045	144.4222
-0.0031	69.8409	-18.4661	-0.0045	144.4286
-0.0031	69.8409	-18.4679	-0.0045	144.4351
-0.0031	69.8409	-18.4697	-0.0045	144.4415
-0.0031	69.8409	-18.4714	-0.0045	144.4479
-0.0031	69.8409	-18.4732	-0.0045	144.4544
-0.0031	69.8409	-18.475	-0.0045	144.4608
-0.0031	69.8409	-18.4767	-0.0045	144.4672
-0.0031	69.8409	-18.4785	-0.0045	144.4736
-0.0031	69.8409	-18.4803	-0.0045	144.48
-0.0031	69.8409	-18.482	-0.0045	144.4864
-0.0031	69.8409	-18.4838	-0.0045	144.4928
-0.0031	69.8409	-18.4855	-0.0045	144.4992
-0.0031	69.8409	-18.4873	-0.0045	144.5056
-0.0031	69.8409	-18.4891	-0.0045	144.512
-0.0031	69.8409	-18.4908	-0.0045	144.5184
-0.0031	69.8409	-18.4926	-0.0045	144.5248
-0.0031	69.8409	-18.4943	-0.0045	144.5312
-0.0031	69.8409	-18.4961	-0.0045	144.5375
-0.0031	69.8409	-18.4978	-0.0045	144.5439
-0.0031	69.8409	-18.4996	-0.0045	144.5503
-0.0031	69.8409	-18.5014	-0.0045	144.5567
-0.0031	69.8409	-18.5031	-0.0045	144.563
-0.0031	69.8409	-18.5049	-0.0045	144.5694
-0.0031	69.8409	-18.5066	-0.0045	144.5757
-0.0031	69.8409	-18.5084	-0.0045	144.5821
-0.0031	69.8409	-18.5101	-0.0045	144.5884
-0.0031	69.8409	-18.5118	-0.0045	144.5948
-0.0031	69.8409	-18.5136	-0.0045	144.6011
-0.0031	69.8409	-18.5153	-0.0045	144.6075
-0.0031	69.8409	-18.5171	-0.0045	144.6138
-0.0031	69.8409	-18.5188	-0.0045	144.6201
-0.0031	69.8409	-18.5206	-0.0045	144.6264
-0.0031	69.8409	-18.5223	-0.0045	144.6328
-0.0031	69.8409	-18.5241	-0.0045	144.6391
-0.0031	69.8409	-18.5258	-0.0045	144.6454
-0.0031	69.8409	-18.5275	-0.0045	144.6517
-0.0031	69.8409	-18.5293	-0.0045	144.658
-0.0031	69.8409	-18.531	-0.0045	144.6643
-0.0031	69.8409	-18.5327	-0.0045	144.6706
-0.0031	69.8409	-18.5345	-0.0045	144.6769
-0.0031	69.8409	-18.5362	-0.0045	144.6832
-0.0031	69.8409	-18.5379	-0.0045	144.6895
-0.0031	69.8409	-18.5397	-0.0045	144.6958
-0.0031	69.8409	-18.5414	-0.0045	144.7021
-0.0031	69.8409	-18.5431	-0.0045	144.7084
-0.0031	69.8409	-18.5449	-0.0045	144.7146
-0.0031	69.8409	-18.5466	-0.0045	144.7209
-0.0031	69.8409	-18.5483	-0.0045	144.7272
-0.0031	69.8409	-18.55	-0.0045	144.7335
-0.0031	69.8409	-18.5518	-0.0045	144.7397
-0.0031	69.8409	-18.5535	-0.0045	144.746
-0.0031	69.8409	-18.5552	-0.0045	144.7522
-0.0031	69.8409	-18.5569	-0.0045	144.7585
-0.0031	69.8409	-18.5586	-0.0045	144.7647
-0.0031	69.8409	-18.5604	-0.0045	144.771
-0.0031	69.8409	-18.5621	-0.0045	144.7772
-0.0031	69.8409	-18.5638	-0.0045	144.7835
-0.0031	69.8409	-18.5655	-0.0045	144.7897
-0.0031	69.8409	-18.5672	-0.0045	144.7959
-0.0031	69.8409	-18.5689	-0.0045	144.8021
-0.0031	69.8409	-18.5707	-0.0045	144.8084
-0.0031	69.8409	-18.5724	-0.0045	144.8146
-0.0031	69.8409	-18.5741	-0.0045	144.8208
-0.0031	69.8409	-18.5758	-0.0045	144.827
-0.0031	69.8409	-18.5775	-0.0045	144.8332
-0.0031	69.8409	-18.5792	-0.0045	144.8394
-0.0031	69.8409	-18.5809	-0.0045	144.8456
-0.0031	69.8409	-18.5826	-0.0045	144.8518
-0.0031	69.8409	-18.5843	-0.0045	144.858
-0.0031	69.8409	-18.586	-0.0045	144.8642
-0.0031	69.8409	-18.5877	-0.0045	144.8704
-0.0031	69.8409	-18.5894	-0.0045	144.8766
-0.0031	69.8409	-18.5911	-0.0045	144.8827
-0.0031	69.8409	-18.5928	-0.0045	144.8889
-0.0031	69.8409	-18.5945	-0.0045	144.8951
-0.0031	69.8409	-18.5962	-0.0045	144.9013
-0.0031	69.8409	-18.5979	-0.0045	144.9074
-0.0031	69.8409	-18.5996	-0.0045	144.9136
-0.0031	69.8409	-18.6013	-0.0045	144.9197
-0.0031	69.8409	-18.603	-0.0045	144.9259
-0.0031	69.8409	-18.6047	-0.0045	144.932
-0.0031	69.8409	-18.6064	-0.0045	144.9382
-0.0031	69.8409	-18.6081	-0.0045	144.9443
-0.0031	69.8409	-18.6098	-0.0045	144.9505
-0.0031	69.8409	-18.6115	-0.0045	144.9566
-0.0031	69.8409	-18.6132	-0.0045	144.9627
-0.0031	69.8409	-18.6148	-0.0045	144.9689
-0.0031	69.8409	-18.6165	-0.0045	144.975
-0.0031	69.8409	-18.6182	-0.0045	144.9811
-0.0031	69.8409	-18.6199	-0.0045	144.9872
-0.0031	69.8409	-18.6216	-0.0045	144.9933
-0.0031	69.8409	-18.6233	-0.0045	144.9994
-0.0031	69.8409	-18.6249	-0.0045	145.0055
-0.0031	69.8409	-18.6266	-0.0045	145.0117
-0.0031	69.8409	-18.6283	-0.0045	145.0177
-0.0031	69.8409	-18.63	-0.0045	145.0238
-0.0031	69.8409	-18.6317	-0.0045	145.0299
-0.0031	69.8409	-18.6333	-0.0045	145.036
-0.0031	69.8409	-18.635	-0.0045	145.0421
-0.0031	69.8409	-18.6367	-0.0045	145.0482
-0.0031	69.8409	-18.6384	-0.0045	145.0543
-0.0031	69.8409	-18.64	-0.0045	145.0603
-0.0031	69.8409	-18.6417	-0.0045	145.0664
-0.0031	69.8409	-18.6434	-0.0045	145.0725
-0.0031	69.8409	-18.645	-0.0045	145.0785
-0.0031	69.8409	-18.6467	-0.0045	145.0846
-0.0031	69.8409	-18.6484	-0.0045	145.0906
-0.0031	69.8409	-18.65	-0.0045	145.0967
-0.0031	69.8409	-18.6517	-0.0045	145.1027
-0.0031	69.8409	-18.6534	-0.0045	145.1088
-0.0031	69.8409	-18.655	-0.0045	145.1148
-0.0031	69.8409	-18.6567	-0.0045	145.1209
-0.0031	69.8409	-18.6583	-0.0045	145.1269
-0.0031	69.8409	-18.66	-0.0045	145.1329
-0.0031	69.8409	-18.6617	-0.0045	145.1389
-0.0031	69.8409	-18.6633	-0.0045	145.145
-0.0031	69.8409	-18.665	-0.0045	145.151
-0.0031	69.8409	-18.6666	-0.0045	145.157
-0.0031	69.8409	-18.6683	-0.0045	145.163
-0.0031	69.8409	-18.6699	-0.0045	145.169
-0.0031	69.8409	-18.6716	-0.0045	145.175
-0.0031	69.8409	-18.6732	-0.0045	145.181
-0.0031	69.8409	-18.6749	-0.0045	145.187
-0.0031	69.8409	-18.6765	-0.0045	145.193
-0.0031	69.8409	-18.6782	-0.0045	145.199
-0.0031	69.8409	-18.6798	-0.0045	145.205
-0.0031	69.8409	-18.6815	-0.0045	145.2109
-0.0031	69.8409	-18.6831	-0.0045	145.2169
-0.0031	69.8409	-18.6848	-0.0045	145.2229
-0.0031	69.8409	-18.6864	-0.0045	145.2289
-0.0031	69.8409	-18.6881	-0.0045	145.2348
-0.0031	69.8409	-18.6897	-0.0045	145.2408
-0.0031	69.8409	-18.6913	-0.0045	145.2467
-0.0031	69.8409	-18.693	-0.0045	145.2527
-0.0031	69.8409	-18.6946	-0.0045	145.2586
-0.0031	69.8409	-18.6963	-0.0045	145.2646
-0.0031	69.8409	-18.6979	-0.0045	145.2705
-0.0031	69.8409	-18.6995	-0.0045	145.2765
-0.0031	69.8409	-18.7012	-0.0045	145.2824
-0.0031	69.8409	-18.7028	-0.0045	145.2883
-0.0031	69.8409	-18.7044	-0.0045	145.2943
-0.0031	69.8409	-18.7061	-0.0045	145.3002
-0.0031	69.8409	-18.7077	-0.0045	145.3061
-0.0031	69.8409	-18.7093	-0.0045	145.312
-0.0031	69.8409	-18.7109	-0.0045	145.3179
-0.0031	69.8409	-18.7126	-0.0045	145.3238
-0.0031	69.8409	-18.7142	-0.0045	145.3298
-0.0031	69.8409	-18.7158	-0.0045	145.3357
-0.0031	69.8409	-18.7175	-0.0045	145.3416
-0.0031	69.8409	-18.7191	-0.0045	145.3474
-0.0031	69.8409	-18.7207	-0.0045	145.3533
-0.0031	69.8409	-18.7223	-0.0045	145.3592
-0.0031	69.8409	-18.7239	-0.0045	145.3651
-0.0031	69.8409	-18.7256	-0.0045	145.371
-0.0031	69.8409	-18.7272	-0.0045	145.3769
-0.0031	69.8409	-18.7288	-0.0045	145.3827
-0.0031	69.8409	-18.7304	-0.0045	145.3886
-0.0031	69.8409	-18.732	-0.0045	145.3945
-0.0031	69.8409	-18.7336	-0.0045	145.4003
-0.0031	69.8409	-18.7352	-0.0045	145.4062
-0.0031	69.8409	-18.7369	-0.0045	145.412
-0.0031	69.8409	-18.7385	-0.0045	145.4179
-0.0031	69.8409	-18.7401	-0.0045	145.4237
-0.0031	69.8409	-18.7417	-0.0045	145.4296
-0.0031	69.8409	-18.7433	-0.0045	145.4354
-0.0031	69.8409	-18.7449	-0.0045	145.4412
-0.0031	69.8409	-18.7465	-0.0045	145.4471
-0.0031	69.8409	-18.7481	-0.0045	145.4529
-0.0031	69.8409	-18.7497	-0.0045	145.4587
-0.0031	69.8409	-18.7513	-0.0045	145.4645
-0.0031	69.8409	-18.7529	-0.0045	145.4704
-0.0031	69.8409	-18.7545	-0.0045	145.4762
-0.0031	69.8409	-18.7561	-0.0045	145.482
-0.0031	69.8409	-18.7577	-0.0045	145.4878
-0.0031	69.8409	-18.7593	-0.0045	145.4936
-0.0031	69.8409	-18.7609	-0.0045	145.4994
-0.0031	69.8409	-18.7625	-0.0045	145.5052
-0.0031	69.8409	-18.7641	-0.0045	145.511
-0.0031	69.8409	-18.7657	-0.0045	145.5167
-0.0031	69.8409	-18.7673	-0.0045	145.5225
-0.0031	69.8409	-18.7689	-0.0045	145.5283
-0.0031	69.8409	-18.7705	-0.0045	145.5341
-0.0031	69.8409	-18.772	-0.0045	145.5398
-0.0031	69.8409	-18.7736	-0.0045	145.5456
-0.0031	69.8409	-18.7752	-0.0045	145.5514
-0.0031	69.8409	-18.7768	-0.0045	145.5571
-0.0031	69.8409	-18.7784	-0.0045	145.5629
-0.0031	69.8409	-18.78	-0.0045	145.5686
-0.0031	69.8409	-18.7816	-0.0045	145.5744
-0.0031	69.8409	-18.7831	-0.0045	145.5801
-0.0031	69.8409	-18.7847	-0.0045	145.5859
-0.0031	69.8409	-18.7863	-0.0045	145.5916
-0.0031	69.8409	-18.7879	-0.0045	145.5973
-0.0031	69.8409	-18.7895	-0.0045	145.6031
-0.0031	69.8409	-18.791	-0.0045	145.6088
-0.0031	69.8409	-18.7926	-0.0045	145.6145
-0.0031	69.8409	-18.7942	-0.0045	145.6202
-0.0031	69.8409	-18.7957	-0.0045	145.6259
-0.0031	69.8409	-18.7973	-0.0045	145.6317
-0.0031	69.8409	-18.7989	-0.0045	145.6374
-0.0031	69.8409	-18.8005	-0.0045	145.6431
-0.0031	69.8409	-18.802	-0.0045	145.6488
-0.0031	69.8409	-18.8036	-0.0045	145.6545
-0.0031	69.8409	-18.8052	-0.0045	145.6602
-0.0031	69.8409	-18.8067	-0.0045	145.6658
-0.0031	69.8409	-18.8083	-0.0045	145.6715
-0.0031	69.8409	-18.8099	-0.0045	145.6772
-0.0031	69.8409	-18.8114	-0.0045	145.6829
-0.0031	69.8409	-18.813	-0.0045	145.6885
-0.0031	69.8409	-18.8145	-0.0045	145.6942
-0.0031	69.8409	-18.8161	-0.0045	145.6999
-0.0031	69.8409	-18.8177	-0.0045	145.7055
-0.0031	69.8409	-18.8192	-0.0045	145.7112
-0.0031	69.8409	-18.8208	-0.0045	145.7169
-0.0031	69.8409	-18.8223	-0.0045	145.7225
-0.0031	69.8409	-18.8239	-0.0045	145.7281
-0.0031	69.8409	-18.8254	-0.0045	145.7338
-0.0031	69.8409	-18.827	-0.0045	145.7394
-0.0031	69.8409	-18.8285	-0.0045	145.7451
-0.0031	69.8409	-18.8301	-0.0045	145.7507
-0.0031	69.8409	-18.8316	-0.0045	145.7563
-0.0031	69.8409	-18.8332	-0.0045	145.7619
-0.0031	69.8409	-18.8347	-0.0045	145.7676
-0.0031	69.8409	-18.8363	-0.0045	145.7732
-0.0031	69.8409	-18.8378	-0.0045	145.7788
-0.0031	69.8409	-18.8394	-0.0045	145.7844
-0.0031	69.8409	-18.8409	-0.0045	145.79
-0.0031	69.8409	-18.8425	-0.0045	145.7956
-0.0031	69.8409	-18.844	-0.0045	145.8012
-0.0031	69.8409	-18.8455	-0.0045	145.8068
-0.0031	69.8409	-18.8471	-0.0045	145.8124
-0.0031	69.8409	-18.8486	-0.0045	145.8179
-0.0031	69.8409	-18.8501	-0.0045	145.8235
-0.0031	69.8409	-18.8517	-0.0045	145.8291
-0.0031	69.8409	-18.8532	-0.0045	145.8347
-0.0031	69.8409	-18.8547	-0.0045	145.8402
-0.0031	69.8409	-18.8563	-0.0045	145.8458
-0.0031	69.8409	-18.8578	-0.0045	145.8514
-0.0031	69.8409	-18.8593	-0.0045	145.8569
-0.0031	69.8409	-18.8609	-0.0045	145.8625
-0.0031	69.8409	-18.8624	-0.0045	145.868
-0.0031	69.8409	-18.8639	-0.0045	145.8736
-0.0031	69.8409	-18.8655	-0.0045	145.8791
-0.0031	69.8409	-18.867	-0.0045	145.8847
-0.0031	69.8409	-18.8685	-0.0045	145.8902
-0.0031	69.8409	-18.87	-0.0045	145.8957
-0.0031	69.8409	-18.8715	-0.0045	145.9013
-0.0031	69.8409	-18.8731	-0.0045	145.9068
-0.0031	69.8409	-18.8746	-0.0045	145.9123
-0.0031	69.8409	-18.8761	-0.0045	145.9178
-0.0031	69.8409	-18.8776	-0.0045	145.9233
-0.0031	69.8409	-18.8791	-0.0045	145.9288
-0.0031	69.8409	-18.8807	-0.0045	145.9343
-0.0031	69.8409	-18.8822	-0.0045	145.9398
-0.0031	69.8409	-18.8837	-0.0045	145.9453
-0.0031	69.8409	-18.8852	-0.0045	145.9508
-0.0031	69.8409	-18.8867	-0.0045	145.9563
-0.0031	69.8409	-18.8882	-0.0045	145.9618
-0.0031	69.8409	-18.8897	-0.0045	145.9673
-0.0031	69.8409	-18.8912	-0.0045	145.9728
-0.0031	69.8409	-18.8927	-0.0045	145.9782
-0.0031	69.8409	-18.8942	-0.0045	145.9837
-0.0031	69.8409	-18.8957	-0.0045	145.9892
-0.0031	69.8409	-18.8973	-0.0045	145.9946
-0.0031	69.8409	-18.8988	-0.0045	146.0001
-0.0031	69.8409	-18.9003	-0.0045	146.0055
-0.0031	69.8409	-18.9018	-0.0045	146.011
-0.0031	69.8409	-18.9033	-0.0045	146.0164
-0.0031	69.8409	-18.9048	-0.0045	146.0219
-0.0031	69.8409	-18.9063	-0.0045	146.0273
-0.0031	69.8409	-18.9077	-0.0045	146.0327
-0.0031	69.8409	-18.9092	-0.0045	146.0382
-0.0031	69.8409	-18.9107	-0.0045	146.0436
-0.0031	69.8409	-18.9122	-0.0045	146.049
-0.0031	69.8409	-18.9137	-0.0045	146.0544
-0.0031	69.8409	-18.9152	-0.0045	146.0599
-0.0031	69.8409	-18.9167	-0.0045	146.0653
-0.0031	69.8409	-18.9182	-0.0045	146.0707
-0.0031	69.8409	-18.9197	-0.0045	146.0761
-0.0031	69.8409	-18.9212	-0.0045	146.0815
-0.0031	69.8409	-18.9227	-0.0045	146.0869
-0.0031	69.8409	-18.9241	-0.0045	146.0923
-0.0031	69.8409	-18.9256	-0.0045	146.0977
-0.0031	69.8409	-18.9271	-0.0045	146.103
-0.0031	69.8409	-18.9286	-0.0045	146.1084
-0.0031	69.8409	-18.9301	-0.0045	146.1138
-0.0031	69.8409	-18.9315	-0.0045	146.1192
-0.0031	69.8409	-18.933	-0.0045	146.1245
-0.0031	69.8409	-18.9345	-0.0045	146.1299
-0.0031	69.8409	-18.936	-0.0045	146.1353
-0.0031	69.8409	-18.9374	-0.0045	146.1406
-0.0031	69.8409	-18.9389	-0.0045	146.146
-0.0031	69.8409	-18.9404	-0.0045	146.1513
-0.0031	69.8409	-18.9419	-0.0045	146.1567
-0.0031	69.8409	-18.9433	-0.0045	146.162
-0.0031	69.8409	-18.9448	-0.0045	146.1674
-0.0031	69.8409	-18.9463	-0.0045	146.1727
-0.0031	69.8409	-18.9477	-0.0045	146.178
-0.0031	69.8409	-18.9492	-0.0045	146.1833
-0.0031	69.8409	-18.9507	-0.0045	146.1887
-0.0031	69.8409	-18.9521	-0.0045	146.194
-0.0031	69.8409	-18.9536	-0.0045	146.1993
-0.0031	69.8409	-18.9551	-0.0045	146.2046
-0.0031	69.8409	-18.9565	-0.0045	146.2099
-0.0031	69.8409	-18.958	-0.0045	146.2152
-0.0031	69.8409	-18.9594	-0.0045	146.2205
-0.0031	69.8409	-18.9609	-0.0045	146.2258
-0.0031	69.8409	-18.9624	-0.0045	146.2311
-0.0031	69.8409	-18.9638	-0.0045	146.2364
-0.0031	69.8409	-18.9653	-0.0045	146.2417
-0.0031	69.8409	-18.9667	-0.0045	146.247
-0.0031	69.8409	-18.9682	-0.0045	146.2522
-0.0031	69.8409	-18.9696	-0.0045	146.2575
-0.0031	69.8409	-18.9711	-0.0045	146.2628
-0.0031	69.8409	-18.9725	-0.0045	146.268
-0.0031	69.8409	-18.974	-0.0045	146.2733
-0.0031	69.8409	-18.9754	-0.0045	146.2786
-0.0031	69.8409	-18.9769	-0.0045	146.2838
-0.0031	69.8409	-18.9783	-0.0045	146.2891
-0.0031	69.8409	-18.9798	-0.0045	146.2943
-0.0031	69.8409	-18.9812	-0.0045	146.2995
-0.0031	69.8409	-18.9826	-0.0045	146.3048
-0.0031	69.8409	-18.9841	-0.0045	146.31
-0.0031	69.8409	-18.9855	-0.0045	146.3152
-0.0031	69.8409	-18.987	-0.0045	146.3205
-0.0031	69.8409	-18.9884	-0.0045	146.3257
-0.0031	69.8409	-18.9898	-0.0045	146.3309
-0.0031	69.8409	-18.9913	-0.0045	146.3361
-0.0031	69.8409	-18.9927	-0.0045	146.3413
-0.0031	69.8409	-18.9941	-0.0045	146.3465
-0.0031	69.8409	-18.9956	-0.0045	146.3517
-0.0031	69.8409	-18.997	-0.0045	146.3569
-0.0031	69.8409	-18.9984	-0.0045	146.3621
-0.0031	69.8409	-18.9999	-0.0045	146.3673
-0.0031	69.8409	-19.0013	-0.0045	146.3725
-0.0031	69.8409	-19.0027	-0.0045	146.3777
-0.0031	69.8409	-19.0041	-0.0045	146.3829
-0.0031	69.8409	-19.0056	-0.0045	146.388
-0.0031	69.8409	-19.007	-0.0045	146.3932
-0.0031	69.8409	-19.0084	-0.0045	146.3984
-0.0031	69.8409	-19.0098	-0.0045	146.4035
-0.0031	69.8409	-19.0113	-0.0045	146.4087
-0.0031	69.8409	-19.0127	-0.0045	146.4139
-0.0031	69.8409	-19.0141	-0.0045	146.419
-0.0031	69.8409	-19.0155	-0.0045	146.4242
-0.0031	69.8409	-19.0169	-0.0045	146.4293
-0.0031	69.8409	-19.0183	-0.0045	146.4344
-0.0031	69.8409	-19.0198	-0.0045	146.4396
-0.0031	69.8409	-19.0212	-0.0045	146.4447
-0.0031	69.8409	-19.0226	-0.0045	146.4498
-0.0031	69.8409	-19.024	-0.0045	146.455
-0.0031	69.8409	-19.0254	-0.0045	146.4601
-0.0031	69.8409	-19.0268	-0.0045	146.4652
-0.0031	69.8409	-19.0282	-0.0045	146.4703
-0.0031	69.8409	-19.0296	-0.0045	146.4754
-0.0031	69.8409	-19.031	-0.0045	146.4805
-0.0031	69.8409	-19.0324	-0.0045	146.4856
-0.0031	69.8409	-19.0338	-0.0045	146.4907
-0.0031	69.8409	-19.0352	-0.0045	146.4958
-0.0031	69.8409	-19.0366	-0.0045	146.5009
-0.0031	69.8409	-19.038	-0.0045	146.506
-0.0031	69.8409	-19.0394	-0.0045	146.5111
-0.0031	69.8409	-19.0408	-0.0045	146.5161
-0.0031	69.8409	-19.0422	-0.0045	146.5212
-0.0031	69.8409	-19.0436	-0.0045	146.5263
-0.0031	69.8409	-19.045	-0.0045	146.5313
-0.0031	69.8409	-19.0464	-0.0045	146.5364
-0.0031	69.8409	-19.0478	-0.0045	146.5415
-0.0031	69.8409	-19.0492	-0.0045	146.5465
-0.0031	69.8409	-19.0506	-0.0045	146.5516
-0.0031	69.8409	-19.052	-0.0045	146.5566
-0.0031	69.8409	-19.0534	-0.0045	146.5617
-0.0031	69.8409	-19.0548	-0.0045	146.5667
-0.0031	69.8409	-19.0561	-0.0045	146.5717
-0.0031	69.8409	-19.0575	-0.0045	146.5768
-0.0031	69.8409	-19.0589	-0.0045	146.5818
-0.0031	69.8409	-19.0603	-0.0045	146.5868
-0.0031	69.8409	-19.0617	-0.0045	146.5918
-0.0031	69.8409	-19.0631	-0.0045	146.5968
-0.0031	69.8409	-19.0644	-0.0045	146.6018
-0.0031	69.8409	-19.0658	-0.0045	146.6069
-0.0031	69.8409	-19.0672	-0.0045	146.6119
-0.0031	69.8409	-19.0686	-0.0045	146.6169
-0.0031	69.8409	-19.0699	-0.0045	146.6218
-0.0031	69.8409	-19.0713	-0.0045	146.6268
-0.0031	69.8409	-19.0727	-0.0045	146.6318
-0.0031	69.8409	-19.0741	-0.0045	146.6368
-0.0031	69.8409	-19.0754	-0.0045	146.6418
-0.0031	69.8409	-19.0768	-0.0045	146.6468
-0.0031	69.8409	-19.0782	-0.0045	146.6517
-0.0031	69.8409	-19.0795	-0.0045	146.6567
-0.0031	69.8409	-19.0809	-0.0045	146.6617
-0.0031	69.8409	-19.0823	-0.0045	146.6666
-0.0031	69.8409	-19.0836	-0.0045	146.6716
-0.0031	69.8409	-19.085	-0.0045	146.6765
-0.0031	69.8409	-19.0864	-0.0045	146.6815
-0.0031	69.8409	-19.0877	-0.0045	146.6864
-0.0031	69.8409	-19.0891	-0.0045	146.6914
-0.0031	69.8409	-19.0904	-0.0045	146.6963
-0.0031	69.8409	-19.0918	-0.0045	146.7012
-0.0031	69.8409	-19.0931	-0.0045	146.7062
-0.0031	69.8409	-19.0945	-0.0045	146.7111
-0.0031	69.8409	-19.0959	-0.0045	146.716
-0.0031	69.8409	-19.0972	-0.0045	146.7209
-0.0031	69.8409	-19.0986	-0.0045	146.7258
-0.0031	69.8409	-19.0999	-0.0045	146.7307
-0.0031	69.8409	-19.1013	-0.0045	146.7356
-0.0031	69.8409	-19.1026	-0.0045	146.7405
-0.0031	69.8409	-19.104	-0.0045	146.7454
-0.0031	69.8409	-19.1053	-0.0045	146.7503
-0.0031	69.8409	-19.1067	-0.0045	146.7552
-0.0031	69.8409	-19.108	-0.0045	146.7601
-0.0031	69.8409	-19.1093	-0.0045	146.765
-0.0031	69.8409	-19.1107	-0.0045	146.7699
-0.0031	69.8409	-19.112	-0.0045	146.7747
-0.0031	69.8409	-19.1134	-0.0045	146.7796
-0.0031	69.8409	-19.1147	-0.0045	146.7845
-0.0031	69.8409	-19.116	-0.0045	146.7893
-0.0031	69.8409	-19.1174	-0.0045	146.7942
-0.0031	69.8409	-19.1187	-0.0045	146.799
-0.0031	69.8409	-19.1201	-0.0045	146.8039
-0.0031	69.8409	-19.1214	-0.0045	146.8087
-0.0031	69.8409	-19.1227	-0.0045	146.8136
-0.0031	69.8409	-19.1241	-0.0045	146.8184
-0.0031	69.8409	-19.1254	-0.0045	146.8232
-0.0031	69.8409	-19.1267	-0.0045	146.8281
-0.0031	69.8409	-19.128	-0.0045	146.8329
-0.0031	69.8409	-19.1294	-0.0045	146.8377
-0.0031	69.8409	-19.1307	-0.0045	146.8425
-0.0031	69.8409	-19.132	-0.0045	146.8473
-0.0031	69.8409	-19.1333	-0.0045	146.8522
-0.0031	69.8409	-19.1347	-0.0045	146.857
-0.0031	69.8409	-19.136	-0.0045	146.8618
-0.0031	69.8409	-19.1373	-0.0045	146.8666
-0.0031	69.8409	-19.1386	-0.0045	146.8713
-0.0031	69.8409	-19.1399	-0.0045	146.8761
-0.0031	69.8409	-19.1413	-0.0045	146.8809
-0.0031	69.8409	-19.1426	-0.0045	146.8857
-0.0031	69.8409	-19.1439	-0.0045	146.8905
-0.0031	69.8409	-19.1452	-0.0045	146.8953
-0.0031	69.8409	-19.1465	-0.0045	146.9
-0.0031	69.8409	-19.1478	-0.0045	146.9048
-0.0031	69.8409	-19.1491	-0.0045	146.9096
-0.0031	69.8409	-19.1505	-0.0045	146.9143
-0.0031	69.8409	-19.1518	-0.0045	146.9191
-0.0031	69.8409	-19.1531	-0.0045	146.9238
-0.0031	69.8409	-19.1544	-0.0045	146.9286
-0.0031	69.8409	-19.1557	-0.0045	146.9333
-0.0031	69.8409	-19.157	-0.0045	146.938
-0.0031	69.8409	-19.1583	-0.0045	146.9428
-0.0031	69.8409	-19.1596	-0.0045	146.9475
-0.0031	69.8409	-19.1609	-0.0045	146.9522
-0.0031	69.8409	-19.1622	-0.0045	146.957
-0.0031	69.8409	-19.1635	-0.0045	146.9617
-0.0031	69.8409	-19.1648	-0.0045	146.9664
-0.0031	69.8409	-19.1661	-0.0045	146.9711
-0.0031	69.8409	-19.1674	-0.0045	146.9758
-0.0031	69.8409	-19.1687	-0.0045	146.9805
-0.0031	69.8409	-19.17	-0.0045	146.9852
-0.0031	69.8409	-19.1713	-0.0045	146.9899
-0.0031	69.8409	-19.1726	-0.0045	146.9946
-0.0031	69.8409	-19.1738	-0.0045	146.9993
-0.0031	69.8409	-19.1751	-0.0045	147.004
-0.0031	69.8409	-19.1764	-0.0045	147.0086
-0.0031	69.8409	-19.1777	-0.0045	147.0133
-0.0031	69.8409	-19.179	-0.0045	147.018
-0.0031	69.8409	-19.1803	-0.0045	147.0227
-0.0031	69.8409	-19.1816	-0.0045	147.0273
-0.0031	69.8409	-19.1829	-0.0045	147.032
-0.0031	69.8409	-19.1841	-0.0045	147.0366
-0.0031	69.8409	-19.1854	-0.0045	147.0413
-0.0031	69.8409	-19.1867	-0.0045	147.0459
-0.0031	69.8409	-19.188	-0.0045	147.0506
-0.0031	69.8409	-19.1892	-0.0045	147.0552
-0.0031	69.8409	-19.1905	-0.0045	147.0598
-0.0031	69.8409	-19.1918	-0.0045	147.0645
-0.0031	69.8409	-19.1931	-0.0045	147.0691
-0.0031	69.8409	-19.1943	-0.0045	147.0737
-0.0031	69.8409	-19.1956	-0.0045	147.0783
-0.0031	69.8409	-19.1969	-0.0045	147.083
-0.0031	69.8409	-19.1982	-0.0045	147.0876
-0.0031	69.8409	-19.1994	-0.0045	147.0922
-0.0031	69.8409	-19.2007	-0.0045	147.0968
-0.0031	69.8409	-19.202	-0.0045	147.1014
-0.0031	69.8409	-19.2032	-0.0045	147.106
-0.0031	69.8409	-19.2045	-0.0045	147.1106
-0.0031	69.8409	-19.2058	-0.0045	147.1152
-0.0031	69.8409	-19.207	-0.0045	147.1197
-0.0031	69.8409	-19.2083	-0.0045	147.1243
-0.0031	69.8409	-19.2095	-0.0045	147.1289
-0.0031	69.8409	-19.2108	-0.0045	147.1335
-0.0031	69.8409	-19.2121	-0.0045	147.138
-0.0031	69.8409	-19.2133	-0.0045	147.1426
-0.0031	69.8409	-19.2146	-0.0045	147.1472
-0.0031	69.8409	-19.2158	-0.0045	147.1517
-0.0031	69.8409	-19.2171	-0.0045	147.1563
-0.0031	69.8409	-19.2183	-0.0045	147.1608
-0.0031	69.8409	-19.2196	-0.0045	147.1654
-0.0031	69.8409	-19.2208	-0.0045	147.1699
-0.0031	69.8409	-19.2221	-0.0045	147.1744
-0.0031	69.8409	-19.2233	-0.0045	147.179
-0.0031	69.8409	-19.2246	-0.0045	147.1835
-0.0031	69.8409	-19.2258	-0.0045	147.188
-0.0031	69.8409	-19.2271	-0.0045	147.1925
-0.0031	69.8409	-19.2283	-0.0045	147.197
-0.0031	69.8409	-19.2295	-0.0045	147.2016
-0.0031	69.8409	-19.2308	-0.0045	147.2061
-0.0031	69.8409	-19.232	-0.0045	147.2106
-0.0031	69.8409	-19.2333	-0.0045	147.2151
-0.0031	69.8409	-19.2345	-0.0045	147.2196
-0.0031	69.8409	-19.2357	-0.0045	147.2241
-0.0031	69.8409	-19.237	-0.0045	147.2285
-0.0031	69.8409	-19.2382	-0.0045	147.233
-0.0031	69.8409	-19.2394	-0.0045	147.2375
-0.0031	69.8409	-19.2407	-0.0045	147.242
-0.0031	69.8409	-19.2419	-0.0045	147.2465
-0.0031	69.8409	-19.2431	-0.0045	147.2509
-0.0031	69.8409	-19.2444	-0.0045	147.2554
-0.0031	69.8409	-19.2456	-0.0045	147.2598
-0.0031	69.8409	-19.2468	-0.0045	147.2643
-0.0031	69.8409	-19.248	-0.0045	147.2688
-0.0031	69.8409	-19.2493	-0.0045	147.2732
-0.0031	69.8409	-19.2505	-0.0045	147.2776
-0.0031	69.8409	-19.2517	-0.0045	147.2821
-0.0031	69.8409	-19.2529	-0.0045	147.2865
-0.0031	69.8409	-19.2542	-0.0045	147.291
-0.0031	69.8409	-19.2554	-0.0045	147.2954
-0.0031	69.8409	-19.2566	-0.0045	147.2998
-0.0031	69.8409	-19.2578	-0.0045	147.3042
-0.0031	69.8409	-19.259	-0.0045	147.3086
-0.0031	69.8409	-19.2602	-0.0045	147.3131
-0.0031	69.8409	-19.2615	-0.0045	147.3175
-0.0031	69.8409	-19.2627	-0.0045	147.3219
-0.0031	69.8409	-19.2639	-0.0045	147.3263
-0.0031	69.8409	-19.2651	-0.0045	147.3307
-0.0031	69.8409	-19.2663	-0.0045	147.3351
-0.0031	69.8409	-19.2675	-0.0045	147.3394
-0.0031	69.8409	-19.2687	-0.0045	147.3438
-0.0031	69.8409	-19.2699	-0.0045	147.3482
-0.0031	69.8409	-19.2711	-0.0045	147.3526
-0.0031	69.8409	-19.2723	-0.0045	147.357
-0.0031	69.8409	-19.2735	-0.0045	147.3613
-0.0031	69.8409	-19.2747	-0.0045	147.3657
-0.0031	69.8409	-19.2759	-0.0045	147.3701
-0.0031	69.8409	-19.2771	-0.0045	147.3744
-0.0031	69.8409	-19.2783	-0.0045	147.3788
-0.0031	69.8409	-19.2795	-0.0045	147.3831
-0.0031	69.8409	-19.2807	-0.0045	147.3875
-0.0031	69.8409	-19.2819	-0.0045	147.3918
-0.0031	69.8409	-19.2831	-0.0045	147.3961
-0.0031	69.8409	-19.2843	-0.0045	147.4005
-0.0031	69.8409	-19.2855	-0.0045	147.4048
-0.0031	69.8409	-19.2867	-0.0045	147.4091
-0.0031	69.8409	-19.2879	-0.0045	147.4134
-0.0031	69.8409	-19.2891	-0.0045	147.4178
-0.0031	69.8409	-19.2903	-0.0045	147.4221
-0.0031	69.8409	-19.2914	-0.0045	147.4264
-0.0031	69.8409	-19.2926	-0.0045	147.4307
-0.0031	69.8409	-19.2938	-0.0045	147.435
-0.0031	69.8409	-19.295	-0.0045	147.4393
-0.0031	69.8409	-19.2962	-0.0045	147.4436
-0.0031	69.8409	-19.2974	-0.0045	147.4479
-0.0031	69.8409	-19.2985	-0.0045	147.4521
-0.0031	69.8409	-19.2997	-0.0045	147.4564
-0.0031	69.8409	-19.3009	-0.0045	147.4607
-0.0031	69.8409	-19.3021	-0.0045	147.465
-0.0031	69.8409	-19.3032	-0.0045	147.4692
-0.0031	69.8409	-19.3044	-0.0045	147.4735
-0.0031	69.8409	-19.3056	-0.0045	147.4778
-0.0031	69.8409	-19.3068	-0.0045	147.482
-0.0031	69.8409	-19.3079	-0.0045	147.4863
-0.0031	69.8409	-19.3091	-0.0045	147.4905
-0.0031	69.8409	-19.3103	-0.0045	147.4948
-0.0031	69.8409	-19.3114	-0.0045	147.499
-0.0031	69.8409	-19.3126	-0.0045	147.5033
-0.0031	69.8409	-19.3138	-0.0045	147.5075
-0.0031	69.8409	-19.3149	-0.0045	147.5117
-0.0031	69.8409	-19.3161	-0.0045	147.5159
-0.0031	69.8409	-19.3173	-0.0045	147.5202
-0.0031	69.8409	-19.3184	-0.0045	147.5244
-0.0031	69.8409	-19.3196	-0.0045	147.5286
-0.0031	69.8409	-19.3207	-0.0045	147.5328
-0.0031	69.8409	-19.3219	-0.0045	147.537
-0.0031	69.8409	-19.3231	-0.0045	147.5412
-0.0031	69.8409	-19.3242	-0.0045	147.5454
-0.0031	69.8409	-19.3254	-0.0045	147.5496
-0.0031	69.8409	-19.3265	-0.0045	147.5538
-0.0031	69.8409	-19.3277	-0.0045	147.558
-0.0031	69.8409	-19.3288	-0.0045	147.5622
-0.0031	69.8409	-19.33	-0.0045	147.5663
-0.0031	69.8409	-19.3311	-0.0045	147.5705
-0.0031	69.8409	-19.3323	-0.0045	147.5747
-0.0031	69.8409	-19.3334	-0.0045	147.5788
-0.0031	69.8409	-19.3346	-0.0045	147.583
-0.0031	69.8409	-19.3357	-0.0045	147.5872
-0.0031	69.8409	-19.3368	-0.0045	147.5913
-0.0031	69.8409	-19.338	-0.0045	147.5955
-0.0031	69.8409	-19.3391	-0.0045	147.5996
-0.0031	69.8409	-19.3403	-0.0045	147.6037
-0.0031	69.8409	-19.3414	-0.0045	147.6079
-0.0031	69.8409	-19.3425	-0.0045	147.612
-0.0031	69.8409	-19.3437	-0.0045	147.6161
-0.0031	69.8409	-19.3448	-0.0045	147.6203
-0.0031	69.8409	-19.346	-0.0045	147.6244
-0.0031	69.8409	-19.3471	-0.0045	147.6285
-0.0031	69.8409	-19.3482	-0.0045	147.6326
-0.0031	69.8409	-19.3494	-0.0045	147.6367
-0.0031	69.8409	-19.3505	-0.0045	147.6408
-0.0031	69.8409	-19.3516	-0.0045	147.6449
-0.0031	69.8409	-19.3527	-0.0045	147.649
-0.0031	69.8409	-19.3539	-0.0045	147.6531
-0.0031	69.8409	-19.355	-0.0045	147.6572
-0.0031	69.8409	-19.3561	-0.0045	147.6613
-0.0031	69.8409	-19.3572	-0.0045	147.6654
-0.0031	69.8409	-19.3584	-0.0045	147.6695
-0.0031	69.8409	-19.3595	-0.0045	147.6735
-0.0031	69.8409	-19.3606	-0.0045	147.6776
-0.0031	69.8409	-19.3617	-0.0045	147.6817
-0.0031	69.8409	-19.3628	-0.0045	147.6857
-0.0031	69.8409	-19.364	-0.0045	147.6898
-0.0031	69.8409	-19.3651	-0.0045	147.6938
-0.0031	69.8409	-19.3662	-0.0045	147.6979
-0.0031	69.8409	-19.3673	-0.0045	147.7019
-0.0031	69.8409	-19.3684	-0.0045	147.706
-0.0031	69.8409	-19.3695	-0.0045	147.71
-0.0031	69.8409	-19.3706	-0.0045	147.7141
-0.0031	69.8409	-19.3718	-0.0045	147.7181
-0.0031	69.8409	-19.3729	-0.0045	147.7221
-0.0031	69.8409	-19.374	-0.0045	147.7261
-0.0031	69.8409	-19.3751	-0.0045	147.7302
-0.0031	69.8409	-19.3762	-0.0045	147.7342
-0.0031	69.8409	-19.3773	-0.0045	147.7382
-0.0031	69.8409	-19.3784	-0.0045	147.7422
-0.0031	69.8409	-19.3795	-0.0045	147.7462
-0.0031	69.8409	-19.3806	-0.0045	147.7502
-0.0031	69.8409	-19.3817	-0.0045	147.7542
-0.0031	69.8409	-19.3828	-0.0045	147.7582
-0.0031	69.8409	-19.3839	-0.0045	147.7621
-0.0031	69.8409	-19.385	-0.0045	147.7661
-0.0031	69.8409	-19.3861	-0.0045	147.7701
-0.0031	69.8409	-19.3872	-0.0045	147.7741
-0.0031	69.8409	-19.3883	-0.0045	147.7781
-0.0031	69.8409	-19.3894	-0.0045	147.782
-0.0031	69.8409	-19.3904	-0.0045	147.786
-0.0031	69.8409	-19.3915	-0.0045	147.7899
-0.0031	69.8409	-19.3926	-0.0045	147.7939
-0.0031	69.8409	-19.3937	-0.0045	147.7978
-0.0031	69.8409	-19.3948	-0.0045	147.8018
-0.0031	69.8409	-19.3959	-0.0045	147.8057
-0.0031	69.8409	-19.397	-0.0045	147.8097
-0.0031	69.8409	-19.398	-0.0045	147.8136
-0.0031	69.8409	-19.3991	-0.0045	147.8175
-0.0031	69.8409	-19.4002	-0.0045	147.8215
-0.0031	69.8409	-19.4013	-0.0045	147.8254
-0.0031	69.8409	-19.4024	-0.0045	147.8293
-0.0031	69.8409	-19.4034	-0.0045	147.8332
-0.0031	69.8409	-19.4045	-0.0045	147.8371
-0.0031	69.8409	-19.4056	-0.0045	147.841
-0.0031	69.8409	-19.4067	-0.0045	147.8449
-0.0031	69.8409	-19.4077	-0.0045	147.8488
-0.0031	69.8409	-19.4088	-0.0045	147.8527
-0.0031	69.8409	-19.4099	-0.0045	147.8566
-0.0031	69.8409	-19.411	-0.0045	147.8605
-0.0031	69.8409	-19.412	-0.0045	147.8644
-0.0031	69.8409	-19.4131	-0.0045	147.8683
-0.0031	69.8409	-19.4142	-0.0045	147.8721
-0.0031	69.8409	-19.4152	-0.0045	147.876
-0.0031	69.8409	-19.4163	-0.0045	147.8799
-0.0031	69.8409	-19.4174	-0.0045	147.8837
-0.0031	69.8409	-19.4184	-0.0045	147.8876
-0.0031	69.8409	-19.4195	-0.0045	147.8914
-0.0031	69.8409	-19.4205	-0.0045	147.8953
-0.0031	69.8409	-19.4216	-0.0045	147.8991
-0.0031	69.8409	-19.4227	-0.0045	147.903
-0.0031	69.8409	-19.4237	-0.0045	147.9068
-0.0031	69.8409	-19.4248	-0.0045	147.9107
-0.0031	69.8409	-19.4258	-0.0045	147.9145
-0.0031	69.8409	-19.4269	-0.0045	147.9183
-0.0031	69.8409	-19.4279	-0.0045	147.9221
-0.0031	69.8409	-19.429	-0.0045	147.926
-0.0031	69.8409	-19.43	-0.0045	147.9298
-0.0031	69.8409	-19.4311	-0.0045	147.9336
-0.0031	69.8409	-19.4321	-0.0045	147.9374
-0.0031	69.8409	-19.4332	-0.0045	147.9412
-0.0031	69.8409	-19.4342	-0.0045	147.945
-0.0031	69.8409	-19.4353	-0.0045	147.9488
-0.0031	69.8409	-19.4363	-0.0045	147.9526
-0.0031	69.8409	-19.4374	-0.0045	147.9564
-0.0031	69.8409	-19.4384	-0.0045	147.9601
-0.0031	69.8409	-19.4394	-0.0045	147.9639
-0.0031	69.8409	-19.4405	-0.0045	147.9677
-0.0031	69.8409	-19.4415	-0.0045	147.9715
-0.0031	69.8409	-19.4425	-0.0045	147.9752
-0.0031	69.8409	-19.4436	-0.0045	147.979
-0.0031	69.8409	-19.4446	-0.0045	147.9828
-0.0031	69.8409	-19.4457	-0.0045	147.9865
-0.0031	69.8409	-19.4467	-0.0045	147.9903
-0.0031	69.8409	-19.4477	-0.0045	147.994
-0.0031	69.8409	-19.4487	-0.0045	147.9978
-0.0031	69.8409	-19.4498	-0.0045	148.0015
-0.0031	69.8409	-19.4508	-0.0045	148.0052
-0.0031	69.8409	-19.4518	-0.0045	148.009
-0.0031	69.8409	-19.4529	-0.0045	148.0127
-0.0031	69.8409	-19.4539	-0.0045	148.0164
-0.0031	69.8409	-19.4549	-0.0045	148.0201
-0.0031	69.8409	-19.4559	-0.0045	148.0238
-0.0031	69.8409	-19.457	-0.0045	148.0276
-0.0031	69.8409	-19.458	-0.0045	148.0313
-0.0031	69.8409	-19.459	-0.0045	148.035
-0.0031	69.8409	-19.46	-0.0045	148.0387
-0.0031	69.8409	-19.461	-0.0045	148.0424
-0.0031	69.8409	-19.462	-0.0045	148.0461
-0.0031	69.8409	-19.4631	-0.0045	148.0497
-0.0031	69.8409	-19.4641	-0.0045	148.0534
-0.0031	69.8409	-19.4651	-0.0045	148.0571
-0.0031	69.8409	-19.4661	-0.0045	148.0608
-0.0031	69.8409	-19.4671	-0.0045	148.0645
-0.0031	69.8409	-19.4681	-0.0045	148.0681
-0.0031	69.8409	-19.4691	-0.0045	148.0718
-0.0031	69.8409	-19.4701	-0.0045	148.0754
-0.0031	69.8409	-19.4711	-0.0045	148.0791
-0.0031	69.8409	-19.4721	-0.0045	148.0828
-0.0031	69.8409	-19.4732	-0.0045	148.0864
-0.0031	69.8409	-19.4742	-0.0045	148.09
-0.0031	69.8409	-19.4752	-0.0045	148.0937
-0.0031	69.8409	-19.4762	-0.0045	148.0973
-0.0031	69.8409	-19.4772	-0.0045	148.101
-0.0031	69.8409	-19.4782	-0.0045	148.1046
-0.0031	69.8409	-19.4792	-0.0045	148.1082
-0.0031	69.8409	-19.4802	-0.0045	148.1118
-0.0031	69.8409	-19.4811	-0.0045	148.1154
-0.0031	69.8409	-19.4821	-0.0045	148.1191
-0.0031	69.8409	-19.4831	-0.0045	148.1227
-0.0031	69.8409	-19.4841	-0.0045	148.1263
-0.0031	69.8409	-19.4851	-0.0045	148.1299
-0.0031	69.8409	-19.4861	-0.0045	148.1335
-0.0031	69.8409	-19.4871	-0.0045	148.1371
-0.0031	69.8409	-19.4881	-0.0045	148.1406
-0.0031	69.8409	-19.4891	-0.0045	148.1442
-0.0031	69.8409	-19.4901	-0.0045	148.1478
-0.0031	69.8409	-19.491	-0.0045	148.1514
-0.0031	69.8409	-19.492	-0.0045	148.155
-0.0031	69.8409	-19.493	-0.0045	148.1585
-0.0031	69.8409	-19.494	-0.0045	148.1621
-0.0031	69.8409	-19.495	-0.0045	148.1656
-0.0031	69.8409	-19.496	-0.0045	148.1692
-0.0031	69.8409	-19.4969	-0.0045	148.1728
-0.0031	69.8409	-19.4979	-0.0045	148.1763
-0.0031	69.8409	-19.4989	-0.0045	148.1799
-0.0031	69.8409	-19.4999	-0.0045	148.1834
-0.0031	69.8409	-19.5008	-0.0045	148.1869
-0.0031	69.8409	-19.5018	-0.0045	148.1905
-0.0031	69.8409	-19.5028	-0.0045	148.194
-0.0031	69.8409	-19.5037	-0.0045	148.1975
-0.0031	69.8409	-19.5047	-0.0045	148.201
-0.0031	69.8409	-19.5057	-0.0045	148.2046
-0.0031	69.8409	-19.5067	-0.0045	148.2081
-0.0031	69.8409	-19.5076	-0.0045	148.2116
-0.0031	69.8409	-19.5086	-0.0045	148.2151
-0.0031	69.8409	-19.5095	-0.0045	148.2186
-0.0031	69.8409	-19.5105	-0.0045	148.2221
-0.0031	69.8409	-19.5115	-0.0045	148.2256
-0.0031	69.8409	-19.5124	-0.0045	148.2291
-0.0031	69.8409	-19.5134	-0.0045	148.2326
-0.0031	69.8409	-19.5144	-0.0045	148.236
-0.0031	69.8409	-19.5153	-0.0045	148.2395
-0.0031	69.8409	-19.5163	-0.0045	148.243
-0.0031	69.8409	-19.5172	-0.0045	148.2465
-0.0031	69.8409	-19.5182	-0.0045	148.2499
-0.0031	69.8409	-19.5191	-0.0045	148.2534
-0.0031	69.8409	-19.5201	-0.0045	148.2568
-0.0031	69.8409	-19.521	-0.0045	148.2603
-0.0031	69.8409	-19.522	-0.0045	148.2637
-0.0031	69.8409	-19.5229	-0.0045	148.2672
-0.0031	69.8409	-19.5239	-0.0045	148.2706
-0.0031	69.8409	-19.5248	-0.0045	148.2741
-0.0031	69.8409	-19.5258	-0.0045	148.2775
-0.0031	69.8409	-19.5267	-0.0045	148.2809
-0.0031	69.8409	-19.5277	-0.0045	148.2844
-0.0031	69.8409	-19.5286	-0.0045	148.2878
-0.0031	69.8409	-19.5295	-0.0045	148.2912
-0.0031	69.8409	-19.5305	-0.0045	148.2946
-0.0031	69.8409	-19.5314	-0.0045	148.298
-0.0031	69.8409	-19.5324	-0.0045	148.3014
-0.0031	69.8409	-19.5333	-0.0045	148.3048
-0.0031	69.8409	-19.5342	-0.0045	148.3082
-0.0031	69.8409	-19.5352	-0.0045	148.3116
-0.0031	69.8409	-19.5361	-0.0045	148.315
-0.0031	69.8409	-19.537	-0.0045	148.3184
-0.0031	69.8409	-19.538	-0.0045	148.3218
-0.0031	69.8409	-19.5389	-0.0045	148.3252
-0.0031	69.8409	-19.5398	-0.0045	148.3286
-0.0031	69.8409	-19.5408	-0.0045	148.3319
-0.0031	69.8409	-19.5417	-0.0045	148.3353
-0.0031	69.8409	-19.5426	-0.0045	148.3387
-0.0031	69.8409	-19.5435	-0.0045	148.342
-0.0031	69.8409	-19.5445	-0.0045	148.3454
-0.0031	69.8409	-19.5454	-0.0045	148.3487
-0.0031	69.8409	-19.5463	-0.0045	148.3521
-0.0031	69.8409	-19.5472	-0.0045	148.3554
-0.0031	69.8409	-19.5481	-0.0045	148.3588
-0.0031	69.8409	-19.5491	-0.0045	148.3621
-0.0031	69.8409	-19.55	-0.0045	148.3654
-0.0031	69.8409	-19.5509	-0.0045	148.3688
-0.0031	69.8409	-19.5518	-0.0045	148.3721
-0.0031	69.8409	-19.5527	-0.0045	148.3754
-0.0031	69.8409	-19.5536	-0.0045	148.3787
-0.0031	69.8409	-19.5545	-0.0045	148.382
-0.0031	69.8409	-19.5555	-0.0045	148.3853
-0.0031	69.8409	-19.5564	-0.0045	148.3886
-0.0031	69.8409	-19.5573	-0.0045	148.3919
-0.0031	69.8409	-19.5582	-0.0045	148.3952
-0.0031	69.8409	-19.5591	-0.0045	148.3985
-0.0031	69.8409	-19.56	-0.0045	148.4018
-0.0031	69.8409	-19.5609	-0.0045	148.4051
-0.0031	69.8409	-19.5618	-0.0045	148.4084
-0.0031	69.8409	-19.5627	-0.0045	148.4117
-0.0031	69.8409	-19.5636	-0.0045	148.4149
-0.0031	69.8409	-19.5645	-0.0045	148.4182
-0.0031	69.8409	-19.5654	-0.0045	148.4215
-0.0031	69.8409	-19.5663	-0.0045	148.4247
-0.0031	69.8409	-19.5672	-0.0045	148.428
-0.0031	69.8409	-19.5681	-0.0045	148.4312
-0.0031	69.8409	-19.569	-0.0045	148.4345
-0.0031	69.8409	-19.5699	-0.0045	148.4377
-0.0031	69.8409	-19.5708	-0.0045	148.441
-0.0031	69.8409	-19.5717	-0.0045	148.4442
-0.0031	69.8409	-19.5726	-0.0045	148.4475
-0.0031	69.8409	-19.5734	-0.0045	148.4507
-0.0031	69.8409	-19.5743	-0.0045	148.4539
-0.0031	69.8409	-19.5752	-0.0045	148.4571
-0.0031	69.8409	-19.5761	-0.0045	148.4604
-0.0031	69.8409	-19.577	-0.0045	148.4636
-0.0031	69.8409	-19.5779	-0.0045	148.4668
-0.0031	69.8409	-19.5788	-0.0045	148.47
-0.0031	69.8409	-19.5796	-0.0045	148.4732
-0.0031	69.8409	-19.5805	-0.0045	148.4764
-0.0031	69.8409	-19.5814	-0.0045	148.4796
-0.0031	69.8409	-19.5823	-0.0045	148.4828
-0.0031	69.8409	-19.5832	-0.0045	148.486
-0.0031	69.8409	-19.584	-0.0045	148.4891
-0.0031	69.8409	-19.5849	-0.0045	148.4923
-0.0031	69.8409	-19.5858	-0.0045	148.4955
-0.0031	69.8409	-19.5867	-0.0045	148.4987
-0.0031	69.8409	-19.5875	-0.0045	148.5018
-0.0031	69.8409	-19.5884	-0.0045	148.505
-0.0031	69.8409	-19.5893	-0.0045	148.5082
-0.0031	69.8409	-19.5901	-0.0045	148.5113
-0.0031	69.8409	-19.591	-0.0045	148.5145
-0.0031	69.8409	-19.5919	-0.0045	148.5176
-0.0031	69.8409	-19.5927	-0.0045	148.5208
-0.0031	69.8409	-19.5936	-0.0045	148.5239
-0.0031	69.8409	-19.5945	-0.0045	148.527
-0.0031	69.8409	-19.5953	-0.0045	148.5302
-0.0031	69.8409	-19.5962	-0.0045	148.5333
-0.0031	69.8409	-19.5971	-0.0045	148.5364
-0.0031	69.8409	-19.5979	-0.0045	148.5396
-0.0031	69.8409	-19.5988	-0.0045	148.5427
-0.0031	69.8409	-19.5996	-0.0045	148.5458
-0.0031	69.8409	-19.6005	-0.0045	148.5489
-0.0031	69.8409	-19.6013	-0.0045	148.552
-0.0031	69.8409	-19.6022	-0.0045	148.5551
-0.0031	69.8409	-19.603	-0.0045	148.5582
-0.0031	69.8409	-19.6039	-0.0045	148.5613
-0.0031	69.8409	-19.6047	-0.0045	148.5644
-0.0031	69.8409	-19.6056	-0.0045	148.5675
-0.0031	69.8409	-19.6064	-0.0045	148.5705
-0.0031	69.8409	-19.6073	-0.0045	148.5736
-0.0031	69.8409	-19.6081	-0.0045	148.5767
-0.0031	69.8409	-19.609	-0.0045	148.5798
-0.0031	69.8409	-19.6098	-0.0045	148.5828
-0.0031	69.8409	-19.6107	-0.0045	148.5859
-0.0031	69.8409	-19.6115	-0.0045	148.589
-0.0031	69.8409	-19.6124	-0.0045	148.592
-0.0031	69.8409	-19.6132	-0.0045	148.5951
-0.0031	69.8409	-19.614	-0.0045	148.5981
-0.0031	69.8409	-19.6149	-0.0045	148.6012
-0.0031	69.8409	-19.6157	-0.0045	148.6042
-0.0031	69.8409	-19.6165	-0.0045	148.6072
-0.0031	69.8409	-19.6174	-0.0045	148.6103
-0.0031	69.8409	-19.6182	-0.0045	148.6133
-0.0031	69.8409	-19.619	-0.0045	148.6163
-0.0031	69.8409	-19.6199	-0.0045	148.6193
-0.0031	69.8409	-19.6207	-0.0045	148.6224
-0.0031	69.8409	-19.6215	-0.0045	148.6254
-0.0031	69.8409	-19.6224	-0.0045	148.6284
-0.0031	69.8409	-19.6232	-0.0045	148.6314
-0.0031	69.8409	-19.624	-0.0045	148.6344
-0.0031	69.8409	-19.6248	-0.0045	148.6374
-0.0031	69.8409	-19.6257	-0.0045	148.6404
-0.0031	69.8409	-19.6265	-0.0045	148.6434
-0.0031	69.8409	-19.6273	-0.0045	148.6464
-0.0031	69.8409	-19.6281	-0.0045	148.6493
-0.0031	69.8409	-19.629	-0.0045	148.6523
-0.0031	69.8409	-19.6298	-0.0045	148.6553
-0.0031	69.8409	-19.6306	-0.0045	148.6583
-0.0031	69.8409	-19.6314	-0.0045	148.6612
-0.0031	69.8409	-19.6322	-0.0045	148.6642
-0.0031	69.8409	-19.633	-0.0045	148.6671
-0.0031	69.8409	-19.6339	-0.0045	148.6701
-0.0031	69.8409	-19.6347	-0.0045	148.673
-0.0031	69.8409	-19.6355	-0.0045	148.676
-0.0031	69.8409	-19.6363	-0.0045	148.6789
-0.0031	69.8409	-19.6371	-0.0045	148.6819
-0.0031	69.8409	-19.6379	-0.0045	148.6848
-0.0031	69.8409	-19.6387	-0.0045	148.6877
-0.0031	69.8409	-19.6395	-0.0045	148.6907
-0.0031	69.8409	-19.6403	-0.0045	148.6936
-0.0031	69.8409	-19.6411	-0.0045	148.6965
-0.0031	69.8409	-19.6419	-0.0045	148.6994
-0.0031	69.8409	-19.6427	-0.0045	148.7023
-0.0031	69.8409	-19.6435	-0.0045	148.7053
-0.0031	69.8409	-19.6443	-0.0045	148.7082
-0.0031	69.8409	-19.6451	-0.0045	148.7111
-0.0031	69.8409	-19.6459	-0.0045	148.714
-0.0031	69.8409	-19.6467	-0.0045	148.7169
-0.0031	69.8409	-19.6475	-0.0045	148.7197
-0.0031	69.8409	-19.6483	-0.0045	148.7226
-0.0031	69.8409	-19.6491	-0.0045	148.7255
-0.0031	69.8409	-19.6499	-0.0045	148.7284
-0.0031	69.8409	-19.6507	-0.0045	148.7313
-0.0031	69.8409	-19.6515	-0.0045	148.7341
-0.0031	69.8409	-19.6523	-0.0045	148.737
-0.0031	69.8409	-19.6531	-0.0045	148.7399
-0.0031	69.8409	-19.6538	-0.0045	148.7427
-0.0031	69.8409	-19.6546	-0.0045	148.7456
-0.0031	69.8409	-19.6554	-0.0045	148.7484
-0.0031	69.8409	-19.6562	-0.0045	148.7513
-0.0031	69.8409	-19.657	-0.0045	148.7541
-0.0031	69.8409	-19.6578	-0.0045	148.757
-0.0031	69.8409	-19.6585	-0.0045	148.7598
-0.0031	69.8409	-19.6593	-0.0045	148.7626
-0.0031	69.8409	-19.6601	-0.0045	148.7654
-0.0031	69.8409	-19.6609	-0.0045	148.7683
-0.0031	69.8409	-19.6617	-0.0045	148.7711
-0.0031	69.8409	-19.6624	-0.0045	148.7739
-0.0031	69.8409	-19.6632	-0.0045	148.7767
-0.0031	69.8409	-19.664	-0.0045	148.7795
-0.0031	69.8409	-19.6648	-0.0045	148.7823
-0.0031	69.8409	-19.6655	-0.0045	148.7851
-0.0031	69.8409	-19.6663	-0.0045	148.7879
-0.0031	69.8409	-19.6671	-0.0045	148.7907
-0.0031	69.8409	-19.6678	-0.0045	148.7935
-0.0031	69.8409	-19.6686	-0.0045	148.7963
-0.0031	69.8409	-19.6694	-0.0045	148.7991
-0.0031	69.8409	-19.6701	-0.0045	148.8019
-0.0031	69.8409	-19.6709	-0.0045	148.8046
-0.0031	69.8409	-19.6717	-0.0045	148.8074
-0.0031	69.8409	-19.6724	-0.0045	148.8102
-0.0031	69.8409	-19.6732	-0.0045	148.8129
-0.0031	69.8409	-19.6739	-0.0045	148.8157
-0.0031	69.8409	-19.6747	-0.0045	148.8185
-0.0031	69.8409	-19.6755	-0.0045	148.8212
-0.0031	69.8409	-19.6762	-0.0045	148.824
-0.0031	69.8409	-19.677	-0.0045	148.8267
-0.0031	69.8409	-19.6777	-0.0045	148.8294
-0.0031	69.8409	-19.6785	-0.0045	148.8322
-0.0031	69.8409	-19.6792	-0.0045	148.8349
-0.0031	69.8409	-19.68	-0.0045	148.8376
-0.0031	69.8409	-19.6807	-0.0045	148.8404
-0.0031	69.8409	-19.6815	-0.0045	148.8431
-0.0031	69.8409	-19.6822	-0.0045	148.8458
-0.0031	69.8409	-19.683	-0.0045	148.8485
-0.0031	69.8409	-19.6837	-0.0045	148.8512
-0.0031	69.8409	-19.6845	-0.0045	148.8539
-0.0031	69.8409	-19.6852	-0.0045	148.8566
-0.0031	69.8409	-19.686	-0.0045	148.8593
-0.0031	69.8409	-19.6867	-0.0045	148.862
-0.0031	69.8409	-19.6874	-0.0045	148.8647
-0.0031	69.8409	-19.6882	-0.0045	148.8674
-0.0031	69.8409	-19.6889	-0.0045	148.8701
-0.0031	69.8409	-19.6897	-0.0045	148.8728
-0.0031	69.8409	-19.6904	-0.0045	148.8755
-0.0031	69.8409	-19.6911	-0.0045	148.8781
-0.0031	69.8409	-19.6919	-0.0045	148.8808
-0.0031	69.8409	-19.6926	-0.0045	148.8835
-0.0031	69.8409	-19.6933	-0.0045	148.8861
-0.0031	69.8409	-19.6941	-0.0045	148.8888
-0.0031	69.8409	-19.6948	-0.0045	148.8914
-0.0031	69.8409	-19.6955	-0.0045	148.8941
-0.0031	69.8409	-19.6963	-0.0045	148.8967
-0.0031	69.8409	-19.697	-0.0045	148.8994
-0.0031	69.8409	-19.6977	-0.0045	148.902
-0.0031	69.8409	-19.6984	-0.0045	148.9046
-0.0031	69.8409	-19.6992	-0.0045	148.9073
-0.0031	69.8409	-19.6999	-0.0045	148.9099
-0.0031	69.8409	-19.7006	-0.0045	148.9125
-0.0031	69.8409	-19.7013	-0.0045	148.9151
-0.0031	69.8409	-19.702	-0.0045	148.9178
-0.0031	69.8409	-19.7028	-0.0045	148.9204
-0.0031	69.8409	-19.7035	-0.0045	148.923
-0.0031	69.8409	-19.7042	-0.0045	148.9256
-0.0031	69.8409	-19.7049	-0.0045	148.9282
-0.0031	69.8409	-19.7056	-0.0045	148.9308
-0.0031	69.8409	-19.7063	-0.0045	148.9334
-0.0031	69.8409	-19.7071	-0.0045	148.936
-0.0031	69.8409	-19.7078	-0.0045	148.9386
-0.0031	69.8409	-19.7085	-0.0045	148.9411
-0.0031	69.8409	-19.7092	-0.0045	148.9437
-0.0031	69.8409	-19.7099	-0.0045	148.9463
-0.0031	69.8409	-19.7106	-0.0045	148.9489
-0.0031	69.8409	-19.7113	-0.0045	148.9514
-0.0031	69.8409	-19.712	-0.0045	148.954
-0.0031	69.8409	-19.7127	-0.0045	148.9566
-0.0031	69.8409	-19.7134	-0.0045	148.9591
-0.0031	69.8409	-19.7141	-0.0045	148.9617
-0.0031	69.8409	-19.7148	-0.0045	148.9642
-0.0031	69.8409	-19.7155	-0.0045	148.9668
-0.0031	69.8409	-19.7162	-0.0045	148.9693
-0.0031	69.8409	-19.7169	-0.0045	148.9718
-0.0031	69.8409	-19.7176	-0.0045	148.9744
-0.0031	69.8409	-19.7183	-0.0045	148.9769
-0.0031	69.8409	-19.719	-0.0045	148.9794
-0.0031	69.8409	-19.7197	-0.0045	148.9819
-0.0031	69.8409	-19.7204	-0.0045	148.9845
-0.0031	69.8409	-19.7211	-0.0045	148.987
-0.0031	69.8409	-19.7218	-0.0045	148.9895
-0.0031	69.8409	-19.7225	-0.0045	148.992
-0.0031	69.8409	-19.7232	-0.0045	148.9945
-0.0031	69.8409	-19.7239	-0.0045	148.997
-0.0031	69.8409	-19.7245	-0.0045	148.9995
-0.0031	69.8409	-19.7252	-0.0045	149.002
-0.0031	69.8409	-19.7259	-0.0045	149.0045
-0.0031	69.8409	-19.7266	-0.0045	149.007
-0.0031	69.8409	-19.7273	-0.0045	149.0094
-0.0031	69.8409	-19.728	-0.0045	149.0119
-0.0031	69.8409	-19.7286	-0.0045	149.0144
-0.0031	69.8409	-19.7293	-0.0045	149.0169
-0.0031	69.8409	-19.73	-0.0045	149.0193
-0.0031	69.8409	-19.7307	-0.0045	149.0218
-0.0031	69.8409	-19.7314	-0.0045	149.0243
-0.0031	69.8409	-19.732	-0.0045	149.0267
-0.0031	69.8409	-19.7327	-0.0045	149.0292
-0.0031	69.8409	-19.7334	-0.0045	149.0316
-0.0031	69.8409	-19.7341	-0.0045	149.0341
-0.0031	69.8409	-19.7347	-0.0045	149.0365
-0.0031	69.8409	-19.7354	-0.0045	149.0389
-0.0031	69.8409	-19.7361	-0.0045	149.0414
-0.0031	69.8409	-19.7367	-0.0045	149.0438
-0.0031	69.8409	-19.7374	-0.0045	149.0462
-0.0031	69.8409	-19.7381	-0.0045	149.0486
-0.0031	69.8409	-19.7387	-0.0045	149.0511
-0.0031	69.8409	-19.7394	-0.0045	149.0535
-0.0031	69.8409	-19.7401	-0.0045	149.0559
-0.0031	69.8409	-19.7407	-0.0045	149.0583
-0.0031	69.8409	-19.7414	-0.0045	149.0607
-0.0031	69.8409	-19.7421	-0.0045	149.0631
-0.0031	69.8409	-19.7427	-0.0045	149.0655
-0.0031	69.8409	-19.7434	-0.0045	149.0679
-0.0031	69.8409	-19.744	-0.0045	149.0703
-0.0031	69.8409	-19.7447	-0.0045	149.0727
-0.0031	69.8409	-19.7453	-0.0045	149.075
-0.0031	69.8409	-19.746	-0.0045	149.0774
-0.0031	69.8409	-19.7467	-0.0045	149.0798
-0.0031	69.8409	-19.7473	-0.0045	149.0822
-0.0031	69.8409	-19.748	-0.0045	149.0845
-0.0031	69.8409	-19.7486	-0.0045	149.0869
-0.0031	69.8409	-19.7493	-0.0045	149.0893
-0.0031	69.8409	-19.7499	-0.0045	149.0916
-0.0031	69.8409	-19.7506	-0.0045	149.094
-0.0031	69.8409	-19.7512	-0.0045	149.0963
-0.0031	69.8409	-19.7518	-0.0045	149.0987
-0.0031	69.8409	-19.7525	-0.0045	149.101
-0.0031	69.8409	-19.7531	-0.0045	149.1033
-0.0031	69.8409	-19.7538	-0.0045	149.1057
-0.0031	69.8409	-19.7544	-0.0045	149.108
-0.0031	69.8409	-19.7551	-0.0045	149.1103
-0.0031	69.8409	-19.7557	-0.0045	149.1126
-0.0031	69.8409	-19.7563	-0.0045	149.115
-0.0031	69.8409	-19.757	-0.0045	149.1173
-0.0031	69.8409	-19.7576	-0.0045	149.1196
-0.0031	69.8409	-19.7582	-0.0045	149.1219
-0.0031	69.8409	-19.7589	-0.0045	149.1242
-0.0031	69.8409	-19.7595	-0.0045	149.1265
-0.0031	69.8409	-19.7601	-0.0045	149.1288
-0.0031	69.8409	-19.7608	-0.0045	149.1311
-0.0031	69.8409	-19.7614	-0.0045	149.1334
-0.0031	69.8409	-19.762	-0.0045	149.1357
-0.0031	69.8409	-19.7627	-0.0045	149.138
-0.0031	69.8409	-19.7633	-0.0045	149.1402
-0.0031	69.8409	-19.7639	-0.0045	149.1425
-0.0031	69.8409	-19.7645	-0.0045	149.1448
-0.0031	69.8409	-19.7652	-0.0045	149.1471
-0.0031	69.8409	-19.7658	-0.0045	149.1493
-0.0031	69.8409	-19.7664	-0.0045	149.1516
-0.0031	69.8409	-19.767	-0.0045	149.1538
-0.0031	69.8409	-19.7677	-0.0045	149.1561
-0.0031	69.8409	-19.7683	-0.0045	149.1583
-0.0031	69.8409	-19.7689	-0.0045	149.1606
-0.0031	69.8409	-19.7695	-0.0045	149.1628
-0.0031	69.8409	-19.7701	-0.0045	149.1651
-0.0031	69.8409	-19.7707	-0.0045	149.1673
-0.0031	69.8409	-19.7714	-0.0045	149.1695
-0.0031	69.8409	-19.772	-0.0045	149.1718
-0.0031	69.8409	-19.7726	-0.0045	149.174
-0.0031	69.8409	-19.7732	-0.0045	149.1762
-0.0031	69.8409	-19.7738	-0.0045	149.1784
-0.0031	69.8409	-19.7744	-0.0045	149.1806
-0.0031	69.8409	-19.775	-0.0045	149.1829
-0.0031	69.8409	-19.7756	-0.0045	149.1851
-0.0031	69.8409	-19.7762	-0.0045	149.1873
-0.0031	69.8409	-19.7768	-0.0045	149.1895
-0.0031	69.8409	-19.7775	-0.0045	149.1917
-0.0031	69.8409	-19.7781	-0.0045	149.1939
-0.0031	69.8409	-19.7787	-0.0045	149.196
-0.0031	69.8409	-19.7793	-0.0045	149.1982
-0.0031	69.8409	-19.7799	-0.0045	149.2004
-0.0031	69.8409	-19.7805	-0.0045	149.2026
-0.0031	69.8409	-19.7811	-0.0045	149.2048
-0.0031	69.8409	-19.7817	-0.0045	149.2069
-0.0031	69.8409	-19.7823	-0.0045	149.2091
-0.0031	69.8409	-19.7828	-0.0045	149.2113
-0.0031	69.8409	-19.7834	-0.0045	149.2134
-0.0031	69.8409	-19.784	-0.0045	149.2156
-0.0031	69.8409	-19.7846	-0.0045	149.2177
-0.0031	69.8409	-19.7852	-0.0045	149.2199
-0.0031	69.8409	-19.7858	-0.0045	149.222
-0.0031	69.8409	-19.7864	-0.0045	149.2242
-0.0031	69.8409	-19.787	-0.0045	149.2263
-0.0031	69.8409	-19.7876	-0.0045	149.2284
-0.0031	69.8409	-19.7882	-0.0045	149.2306
-0.0031	69.8409	-19.7888	-0.0045	149.2327
-0.0031	69.8409	-19.7893	-0.0045	149.2348
-0.0031	69.8409	-19.7899	-0.0045	149.2369
-0.0031	69.8409	-19.7905	-0.0045	149.2391
-0.0031	69.8409	-19.7911	-0.0045	149.2412
-0.0031	69.8409	-19.7917	-0.0045	149.2433
-0.0031	69.8409	-19.7922	-0.0045	149.2454
-0.0031	69.8409	-19.7928	-0.0045	149.2475
-0.0031	69.8409	-19.7934	-0.0045	149.2496
-0.0031	69.8409	-19.794	-0.0045	149.2517
-0.0031	69.8409	-19.7946	-0.0045	149.2538
-0.0031	69.8409	-19.7951	-0.0045	149.2559
-0.0031	69.8409	-19.7957	-0.0045	149.258
-0.0031	69.8409	-19.7963	-0.0045	149.26
-0.0031	69.8409	-19.7968	-0.0045	149.2621
-0.0031	69.8409	-19.7974	-0.0045	149.2642
-0.0031	69.8409	-19.798	-0.0045	149.2663
-0.0031	69.8409	-19.7986	-0.0045	149.2683
-0.0031	69.8409	-19.7991	-0.0045	149.2704
-0.0031	69.8409	-19.7997	-0.0045	149.2725
-0.0031	69.8409	-19.8003	-0.0045	149.2745
-0.0031	69.8409	-19.8008	-0.0045	149.2766
-0.0031	69.8409	-19.8014	-0.0045	149.2786
-0.0031	69.8409	-19.802	-0.0045	149.2807
-0.0031	69.8409	-19.8025	-0.0045	149.2827
-0.0031	69.8409	-19.8031	-0.0045	149.2847
-0.0031	69.8409	-19.8036	-0.0045	149.2868
-0.0031	69.8409	-19.8042	-0.0045	149.2888
-0.0031	69.8409	-19.8048	-0.0045	149.2908
-0.0031	69.8409	-19.8053	-0.0045	149.2929
-0.0031	69.8409	-19.8059	-0.0045	149.2949
-0.0031	69.8409	-19.8064	-0.0045	149.2969
-0.0031	69.8409	-19.807	-0.0045	149.2989
-0.0031	69.8409	-19.8075	-0.0045	149.3009
-0.0031	69.8409	-19.8081	-0.0045	149.3029
-0.0031	69.8409	-19.8086	-0.0045	149.3049
-0.0031	69.8409	-19.8092	-0.0045	149.3069
-0.0031	69.8409	-19.8097	-0.0045	149.3089
-0.0031	69.8409	-19.8103	-0.0045	149.3109
-0.0031	69.8409	-19.8108	-0.0045	149.3129
-0.0031	69.8409	-19.8114	-0.0045	149.3149
-0.0031	69.8409	-19.8119	-0.0045	149.3169
-0.0031	69.8409	-19.8125	-0.0045	149.3189
-0.0031	69.8409	-19.813	-0.0045	149.3208
-0.0031	69.8409	-19.8136	-0.0045	149.3228
-0.0031	69.8409	-19.8141	-0.0045	149.3248
-0.0031	69.8409	-19.8146	-0.0045	149.3268
-0.0031	69.8409	-19.8152	-0.0045	149.3287
-0.0031	69.8409	-19.8157	-0.0045	149.3307
-0.0031	69.8409	-19.8163	-0.0045	149.3326
-0.0031	69.8409	-19.8168	-0.0045	149.3346
-0.0031	69.8409	-19.8173	-0.0045	149.3365
-0.0031	69.8409	-19.8179	-0.0045	149.3385
-0.0031	69.8409	-19.8184	-0.0045	149.3404
-0.0031	69.8409	-19.8189	-0.0045	149.3423
-0.0031	69.8409	-19.8195	-0.0045	149.3443
-0.0031	69.8409	-19.82	-0.0045	149.3462
-0.0031	69.8409	-19.8205	-0.0045	149.3481
-0.0031	69.8409	-19.8211	-0.0045	149.3501
-0.0031	69.8409	-19.8216	-0.0045	149.352
-0.0031	69.8409	-19.8221	-0.0045	149.3539
-0.0031	69.8409	-19.8226	-0.0045	149.3558
-0.0031	69.8409	-19.8232	-0.0045	149.3577
-0.0031	69.8409	-19.8237	-0.0045	149.3596
-0.0031	69.8409	-19.8242	-0.0045	149.3615
-0.0031	69.8409	-19.8247	-0.0045	149.3634
-0.0031	69.8409	-19.8253	-0.0045	149.3653
-0.0031	69.8409	-19.8258	-0.0045	149.3672
-0.0031	69.8409	-19.8263	-0.0045	149.3691
-0.0031	69.8409	-19.8268	-0.0045	149.371
-0.0031	69.8409	-19.8273	-0.0045	149.3729
-0.0031	69.8409	-19.8279	-0.0045	149.3748
-0.0031	69.8409	-19.8284	-0.0045	149.3766
-0.0031	69.8409	-19.8289	-0.0045	149.3785
-0.0031	69.8409	-19.8294	-0.0045	149.3804
-0.0031	69.8409	-19.8299	-0.0045	149.3822
-0.0031	69.8409	-19.8304	-0.0045	149.3841
-0.0031	69.8409	-19.8309	-0.0045	149.386
-0.0031	69.8409	-19.8315	-0.0045	149.3878
-0.0031	69.8409	-19.832	-0.0045	149.3897
-0.0031	69.8409	-19.8325	-0.0045	149.3915
-0.0031	69.8409	-19.833	-0.0045	149.3934
-0.0031	69.8409	-19.8335	-0.0045	149.3952
-0.0031	69.8409	-19.834	-0.0045	149.397
-0.0031	69.8409	-19.8345	-0.0045	149.3989
-0.0031	69.8409	-19.835	-0.0045	149.4007
-0.0031	69.8409	-19.8355	-0.0045	149.4025
-0.0031	69.8409	-19.836	-0.0045	149.4043
-0.0031	69.8409	-19.8365	-0.0045	149.4062
-0.0031	69.8409	-19.837	-0.0045	149.408
-0.0031	69.8409	-19.8375	-0.0045	149.4098
-0.0031	69.8409	-19.838	-0.0045	149.4116
-0.0031	69.8409	-19.8385	-0.0045	149.4134
-0.0031	69.8409	-19.839	-0.0045	149.4152
-0.0031	69.8409	-19.8395	-0.0045	149.417
-0.0031	69.8409	-19.84	-0.0045	149.4188
-0.0031	69.8409	-19.8405	-0.0045	149.4206
-0.0031	69.8409	-19.841	-0.0045	149.4224
-0.0031	69.8409	-19.8415	-0.0045	149.4242
-0.0031	69.8409	-19.842	-0.0045	149.426
-0.0031	69.8409	-19.8424	-0.0045	149.4277
-0.0031	69.8409	-19.8429	-0.0045	149.4295
-0.0031	69.8409	-19.8434	-0.0045	149.4313
-0.0031	69.8409	-19.8439	-0.0045	149.4331
-0.0031	69.8409	-19.8444	-0.0045	149.4348
-0.0031	69.8409	-19.8449	-0.0045	149.4366
-0.0031	69.8409	-19.8454	-0.0045	149.4383
-0.0031	69.8409	-19.8459	-0.0045	149.4401
-0.0031	69.8409	-19.8463	-0.0045	149.4419
-0.0031	69.8409	-19.8468	-0.0045	149.4436
-0.0031	69.8409	-19.8473	-0.0045	149.4454
-0.0031	69.8409	-19.8478	-0.0045	149.4471
-0.0031	69.8409	-19.8483	-0.0045	149.4488
-0.0031	69.8409	-19.8487	-0.0045	149.4506
-0.0031	69.8409	-19.8492	-0.0045	149.4523
-0.0031	69.8409	-19.8497	-0.0045	149.454
-0.0031	69.8409	-19.8502	-0.0045	149.4558
-0.0031	69.8409	-19.8506	-0.0045	149.4575
-0.0031	69.8409	-19.8511	-0.0045	149.4592
-0.0031	69.8409	-19.8516	-0.0045	149.4609
-0.0031	69.8409	-19.8521	-0.0045	149.4626
-0.0031	69.8409	-19.8525	-0.0045	149.4643
-0.0031	69.8409	-19.853	-0.0045	149.466
-0.0031	69.8409	-19.8535	-0.0045	149.4677
-0.0031	69.8409	-19.8539	-0.0045	149.4694
-0.0031	69.8409	-19.8544	-0.0045	149.4711
-0.0031	69.8409	-19.8549	-0.0045	149.4728
-0.0031	69.8409	-19.8553	-0.0045	149.4745
-0.0031	69.8409	-19.8558	-0.0045	149.4762
-0.0031	69.8409	-19.8563	-0.0045	149.4779
-0.0031	69.8409	-19.8567	-0.0045	149.4796
-0.0031	69.8409	-19.8572	-0.0045	149.4812
-0.0031	69.8409	-19.8576	-0.0045	149.4829
-0.0031	69.8409	-19.8581	-0.0045	149.4846
-0.0031	69.8409	-19.8586	-0.0045	149.4862
-0.0031	69.8409	-19.859	-0.0045	149.4879
-0.0031	69.8409	-19.8595	-0.0045	149.4896
-0.0031	69.8409	-19.8599	-0.0045	149.4912
-0.0031	69.8409	-19.8604	-0.0045	149.4929
-0.0031	69.8409	-19.8608	-0.0045	149.4945
-0.0031	69.8409	-19.8613	-0.0045	149.4962
-0.0031	69.8409	-19.8617	-0.0045	149.4978
-0.0031	69.8409	-19.8622	-0.0045	149.4994
-0.0031	69.8409	-19.8626	-0.0045	149.5011
-0.0031	69.8409	-19.8631	-0.0045	149.5027
-0.0031	69.8409	-19.8635	-0.0045	149.5043
-0.0031	69.8409	-19.864	-0.0045	149.506
-0.0031	69.8409	-19.8644	-0.0045	149.5076
-0.0031	69.8409	-19.8649	-0.0045	149.5092
-0.0031	69.8409	-19.8653	-0.0045	149.5108
-0.0031	69.8409	-19.8658	-0.0045	149.5124
-0.0031	69.8409	-19.8662	-0.0045	149.514
-0.0031	69.8409	-19.8667	-0.0045	149.5156
-0.0031	69.8409	-19.8671	-0.0045	149.5173
-0.0031	69.8409	-19.8675	-0.0045	149.5189
-0.0031	69.8409	-19.868	-0.0045	149.5204
-0.0031	69.8409	-19.8684	-0.0045	149.522
-0.0031	69.8409	-19.8688	-0.0045	149.5236
-0.0031	69.8409	-19.8693	-0.0045	149.5252
-0.0031	69.8409	-19.8697	-0.0045	149.5268
-0.0031	69.8409	-19.8702	-0.0045	149.5284
-0.0031	69.8409	-19.8706	-0.0045	149.53
-0.0031	69.8409	-19.871	-0.0045	149.5315
-0.0031	69.8409	-19.8715	-0.0045	149.5331
-0.0031	69.8409	-19.8719	-0.0045	149.5347
-0.0031	69.8409	-19.8723	-0.0045	149.5362
-0.0031	69.8409	-19.8727	-0.0045	149.5378
-0.0031	69.8409	-19.8732	-0.0045	149.5393
-0.0031	69.8409	-19.8736	-0.0045	149.5409
-0.0031	69.8409	-19.874	-0.0045	149.5424
-0.0031	69.8409	-19.8745	-0.0045	149.544
-0.0031	69.8409	-19.8749	-0.0045	149.5455
-0.0031	69.8409	-19.8753	-0.0045	149.5471
-0.0031	69.8409	-19.8757	-0.0045	149.5486
-0.0031	69.8409	-19.8761	-0.0045	149.5502
-0.0031	69.8409	-19.8766	-0.0045	149.5517
-0.0031	69.8409	-19.877	-0.0045	149.5532
-0.0031	69.8409	-19.8774	-0.0045	149.5547
-0.0031	69.8409	-19.8778	-0.0045	149.5563
-0.0031	69.8409	-19.8782	-0.0045	149.5578
-0.0031	69.8409	-19.8787	-0.0045	149.5593
-0.0031	69.8409	-19.8791	-0.0045	149.5608
-0.0031	69.8409	-19.8795	-0.0045	149.5623
-0.0031	69.8409	-19.8799	-0.0045	149.5638
-0.0031	69.8409	-19.8803	-0.0045	149.5653
-0.0031	69.8409	-19.8807	-0.0045	149.5668
-0.0031	69.8409	-19.8811	-0.0045	149.5683
-0.0031	69.8409	-19.8816	-0.0045	149.5698
-0.0031	69.8409	-19.882	-0.0045	149.5713
-0.0031	69.8409	-19.8824	-0.0045	149.5728
-0.0031	69.8409	-19.8828	-0.0045	149.5743
-0.0031	69.8409	-19.8832	-0.0045	149.5757
-0.0031	69.8409	-19.8836	-0.0045	149.5772
-0.0031	69.8409	-19.884	-0.0045	149.5787
-0.0031	69.8409	-19.8844	-0.0045	149.5802
-0.0031	69.8409	-19.8848	-0.0045	149.5816
-0.0031	69.8409	-19.8852	-0.0045	149.5831
-0.0031	69.8409	-19.8856	-0.0045	149.5846
-0.0031	69.8409	-19.886	-0.0045	149.586
-0.0031	69.8409	-19.8864	-0.0045	149.5875
-0.0031	69.8409	-19.8868	-0.0045	149.5889
-0.0031	69.8409	-19.8872	-0.0045	149.5904
-0.0031	69.8409	-19.8876	-0.0045	149.5918
-0.0031	69.8409	-19.888	-0.0045	149.5932
-0.0031	69.8409	-19.8884	-0.0045	149.5947
-0.0031	69.8409	-19.8888	-0.0045	149.5961
-0.0031	69.8409	-19.8892	-0.0045	149.5976
-0.0031	69.8409	-19.8896	-0.0045	149.599
-0.0031	69.8409	-19.89	-0.0045	149.6004
-0.0031	69.8409	-19.8904	-0.0045	149.6018
-0.0031	69.8409	-19.8908	-0.0045	149.6032
-0.0031	69.8409	-19.8912	-0.0045	149.6047
-0.0031	69.8409	-19.8915	-0.0045	149.6061
-0.0031	69.8409	-19.8919	-0.0045	149.6075
-0.0031	69.8409	-19.8923	-0.0045	149.6089
-0.0031	69.8409	-19.8927	-0.0045	149.6103
-0.0031	69.8409	-19.8931	-0.0045	149.6117
-0.0031	69.8409	-19.8935	-0.0045	149.6131
-0.0031	69.8409	-19.8939	-0.0045	149.6145
-0.0031	69.8409	-19.8942	-0.0045	149.6159
-0.0031	69.8409	-19.8946	-0.0045	149.6173
-0.0031	69.8409	-19.895	-0.0045	149.6187
-0.0031	69.8409	-19.8954	-0.0045	149.62
-0.0031	69.8409	-19.8958	-0.0045	149.6214
-0.0031	69.8409	-19.8961	-0.0045	149.6228
-0.0031	69.8409	-19.8965	-0.0045	149.6242
-0.0031	69.8409	-19.8969	-0.0045	149.6255
-0.0031	69.8409	-19.8973	-0.0045	149.6269
-0.0031	69.8409	-19.8977	-0.0045	149.6283
-0.0031	69.8409	-19.898	-0.0045	149.6296
-0.0031	69.8409	-19.8984	-0.0045	149.631
-0.0031	69.8409	-19.8988	-0.0045	149.6323
-0.0031	69.8409	-19.8991	-0.0045	149.6337
-0.0031	69.8409	-19.8995	-0.0045	149.635
-0.0031	69.8409	-19.8999	-0.0045	149.6364
-0.0031	69.8409	-19.9003	-0.0045	149.6377
-0.0031	69.8409	-19.9006	-0.0045	149.6391
-0.0031	69.8409	-19.901	-0.0045	149.6404
-0.0031	69.8409	-19.9014	-0.0045	149.6417
-0.0031	69.8409	-19.9017	-0.0045	149.643
-0.0031	69.8409	-19.9021	-0.0045	149.6444
-0.0031	69.8409	-19.9025	-0.0045	149.6457
-0.0031	69.8409	-19.9028	-0.0045	149.647
-0.0031	69.8409	-19.9032	-0.0045	149.6483
-0.0031	69.8409	-19.9035	-0.0045	149.6496
-0.0031	69.8409	-19.9039	-0.0045	149.651
-0.0031	69.8409	-19.9043	-0.0045	149.6523
-0.0031	69.8409	-19.9046	-0.0045	149.6536
-0.0031	69.8409	-19.905	-0.0045	149.6549
-0.0031	69.8409	-19.9053	-0.0045	149.6562
-0.0031	69.8409	-19.9057	-0.0045	149.6575
-0.0031	69.8409	-19.906	-0.0045	149.6588
-0.0031	69.8409	-19.9064	-0.0045	149.66
-0.0031	69.8409	-19.9068	-0.0045	149.6613
-0.0031	69.8409	-19.9071	-0.0045	149.6626
-0.0031	69.8409	-19.9075	-0.0045	149.6639
-0.0031	69.8409	-19.9078	-0.0045	149.6652
-0.0031	69.8409	-19.9082	-0.0045	149.6664
-0.0031	69.8409	-19.9085	-0.0045	149.6677
-0.0031	69.8409	-19.9089	-0.0045	149.669
-0.0031	69.8409	-19.9092	-0.0045	149.6702
-0.0031	69.8409	-19.9096	-0.0045	149.6715
-0.0031	69.8409	-19.9099	-0.0045	149.6728
-0.0031	69.8409	-19.9103	-0.0045	149.674
-0.0031	69.8409	-19.9106	-0.0045	149.6753
-0.0031	69.8409	-19.9109	-0.0045	149.6765
-0.0031	69.8409	-19.9113	-0.0045	149.6778
-0.0031	69.8409	-19.9116	-0.0045	149.679
-0.0031	69.8409	-19.912	-0.0045	149.6803
-0.0031	69.8409	-19.9123	-0.0045	149.6815
-0.0031	69.8409	-19.9126	-0.0045	149.6827
-0.0031	69.8409	-19.913	-0.0045	149.684
-0.0031	69.8409	-19.9133	-0.0045	149.6852
-0.0031	69.8409	-19.9137	-0.0045	149.6864
-0.0031	69.8409	-19.914	-0.0045	149.6876
-0.0031	69.8409	-19.9143	-0.0045	149.6889
-0.0031	69.8409	-19.9147	-0.0045	149.6901
-0.0031	69.8409	-19.915	-0.0045	149.6913
-0.0031	69.8409	-19.9153	-0.0045	149.6925
-0.0031	69.8409	-19.9157	-0.0045	149.6937
-0.0031	69.8409	-19.916	-0.0045	149.6949
-0.0031	69.8409	-19.9163	-0.0045	149.6961
-0.0031	69.8409	-19.9167	-0.0045	149.6973
-0.0031	69.8409	-19.917	-0.0045	149.6985
-0.0031	69.8409	-19.9173	-0.0045	149.6997
-0.0031	69.8409	-19.9177	-0.0045	149.7009
-0.0031	69.8409	-19.918	-0.0045	149.7021
-0.0031	69.8409	-19.9183	-0.0045	149.7033
-0.0031	69.8409	-19.9186	-0.0045	149.7044
-0.0031	69.8409	-19.919	-0.0045	149.7056
-0.0031	69.8409	-19.9193	-0.0045	149.7068
-0.0031	69.8409	-19.9196	-0.0045	149.708
-0.0031	69.8409	-19.9199	-0.0045	149.7091
-0.0031	69.8409	-19.9202	-0.0045	149.7103
-0.0031	69.8409	-19.9206	-0.0045	149.7115
-0.0031	69.8409	-19.9209	-0.0045	149.7126
-0.0031	69.8409	-19.9212	-0.0045	149.7138
-0.0031	69.8409	-19.9215	-0.0045	149.7149
-0.0031	69.8409	-19.9218	-0.0045	149.7161
-0.0031	69.8409	-19.9222	-0.0045	149.7172
-0.0031	69.8409	-19.9225	-0.0045	149.7184
-0.0031	69.8409	-19.9228	-0.0045	149.7195
-0.0031	69.8409	-19.9231	-0.0045	149.7207
-0.0031	69.8409	-19.9234	-0.0045	149.7218
-0.0031	69.8409	-19.9237	-0.0045	149.7229
-0.0031	69.8409	-19.924	-0.0045	149.7241
-0.0031	69.8409	-19.9243	-0.0045	149.7252
-0.0031	69.8409	-19.9247	-0.0045	149.7263
-0.0031	69.8409	-19.925	-0.0045	149.7274
-0.0031	69.8409	-19.9253	-0.0045	149.7286
-0.0031	69.8409	-19.9256	-0.0045	149.7297
-0.0031	69.8409	-19.9259	-0.0045	149.7308
-0.0031	69.8409	-19.9262	-0.0045	149.7319
-0.0031	69.8409	-19.9265	-0.0045	149.733
-0.0031	69.8409	-19.9268	-0.0045	149.7341
-0.0031	69.8409	-19.9271	-0.0045	149.7352
-0.0031	69.8409	-19.9274	-0.0045	149.7363
-0.0031	69.8409	-19.9277	-0.0045	149.7374
-0.0031	69.8409	-19.928	-0.0045	149.7385
-0.0031	69.8409	-19.9283	-0.0045	149.7396
-0.0031	69.8409	-19.9286	-0.0045	149.7407
-0.0031	69.8409	-19.9289	-0.0045	149.7418
-0.0031	69.8409	-19.9292	-0.0045	149.7429
-0.0031	69.8409	-19.9295	-0.0045	149.7439
-0.0031	69.8409	-19.9298	-0.0045	149.745
-0.0031	69.8409	-19.9301	-0.0045	149.7461
-0.0031	69.8409	-19.9304	-0.0045	149.7472
-0.0031	69.8409	-19.9307	-0.0045	149.7482
-0.0031	69.8409	-19.931	-0.0045	149.7493
-0.0031	69.8409	-19.9313	-0.0045	149.7504
-0.0031	69.8409	-19.9316	-0.0045	149.7514
-0.0031	69.8409	-19.9319	-0.0045	149.7525
-0.0031	69.8409	-19.9321	-0.0045	149.7535
-0.0031	69.8409	-19.9324	-0.0045	149.7546
-0.0031	69.8409	-19.9327	-0.0045	149.7556
-0.0031	69.8409	-19.933	-0.0045	149.7567
-0.0031	69.8409	-19.9333	-0.0045	149.7577
-0.0031	69.8409	-19.9336	-0.0045	149.7588
-0.0031	69.8409	-19.9339	-0.0045	149.7598
-0.0031	69.8409	-19.9342	-0.0045	149.7608
-0.0031	69.8409	-19.9344	-0.0045	149.7619
-0.0031	69.8409	-19.9347	-0.0045	149.7629
-0.0031	69.8409	-19.935	-0.0045	149.7639
-0.0031	69.8409	-19.9353	-0.0045	149.7649
-0.0031	69.8409	-19.9356	-0.0045	149.766
-0.0031	69.8409	-19.9358	-0.0045	149.767
-0.0031	69.8409	-19.9361	-0.0045	149.768
-0.0031	69.8409	-19.9364	-0.0045	149.769
-0.0031	69.8409	-19.9367	-0.0045	149.77
-0.0031	69.8409	-19.937	-0.0045	149.771
-0.0031	69.8409	-19.9372	-0.0045	149.772
-0.0031	69.8409	-19.9375	-0.0045	149.773
-0.0031	69.8409	-19.9378	-0.0045	149.774
-0.0031	69.8409	-19.9381	-0.0045	149.775
-0.0031	69.8409	-19.9383	-0.0045	149.776
-0.0031	69.8409	-19.9386	-0.0045	149.777
-0.0031	69.8409	-19.9389	-0.0045	149.778
-0.0031	69.8409	-19.9391	-0.0045	149.779
-0.0031	69.8409	-19.9394	-0.0045	149.7799
-0.0031	69.8409	-19.9397	-0.0045	149.7809
-0.0031	69.8409	-19.94	-0.0045	149.7819
-0.0031	69.8409	-19.9402	-0.0045	149.7829
-0.0031	69.8409	-19.9405	-0.0045	149.7838
-0.0031	69.8409	-19.9408	-0.0045	149.7848
-0.0031	69.8409	-19.941	-0.0045	149.7858
-0.0031	69.8409	-19.9413	-0.0045	149.7867
-0.0031	69.8409	-19.9415	-0.0045	149.7877
-0.0031	69.8409	-19.9418	-0.0045	149.7886
-0.0031	69.8409	-19.9421	-0.0045	149.7896
-0.0031	69.8409	-19.9423	-0.0045	149.7905
-0.0031	69.8409	-19.9426	-0.0045	149.7915
-0.0031	69.8409	-19.9429	-0.0045	149.7924
-0.0031	69.8409	-19.9431	-0.0045	149.7934
-0.0031	69.8409	-19.9434	-0.0045	149.7943
-0.0031	69.8409	-19.9436	-0.0045	149.7953
-0.0031	69.8409	-19.9439	-0.0045	149.7962
-0.0031	69.8409	-19.9441	-0.0045	149.7971
-0.0031	69.8409	-19.9444	-0.0045	149.7981
-0.0031	69.8409	-19.9447	-0.0045	149.799
-0.0031	69.8409	-19.9449	-0.0045	149.7999
-0.0031	69.8409	-19.9452	-0.0045	149.8008
-0.0031	69.8409	-19.9454	-0.0045	149.8017
-0.0031	69.8409	-19.9457	-0.0045	149.8027
-0.0031	69.8409	-19.9459	-0.0045	149.8036
-0.0031	69.8409	-19.9462	-0.0045	149.8045
-0.0031	69.8409	-19.9464	-0.0045	149.8054
-0.0031	69.8409	-19.9467	-0.0045	149.8063
-0.0031	69.8409	-19.9469	-0.0045	149.8072
-0.0031	69.8409	-19.9472	-0.0045	149.8081
-0.0031	69.8409	-19.9474	-0.0045	149.809
-0.0031	69.8409	-19.9477	-0.0045	149.8099
-0.0031	69.8409	-19.9479	-0.0045	149.8108
-0.0031	69.8409	-19.9482	-0.0045	149.8117
-0.0031	69.8409	-19.9484	-0.0045	149.8126
-0.0031	69.8409	-19.9486	-0.0045	149.8134
-0.0031	69.8409	-19.9489	-0.0045	149.8143
-0.0031	69.8409	-19.9491	-0.0045	149.8152
-0.0031	69.8409	-19.9494	-0.0045	149.8161
-0.0031	69.8409	-19.9496	-0.0045	149.817
-0.0031	69.8409	-19.9498	-0.0045	149.8178
-0.0031	69.8409	-19.9501	-0.0045	149.8187
-0.0031	69.8409	-19.9503	-0.0045	149.8196
-0.0031	69.8409	-19.9506	-0.0045	149.8204
-0.0031	69.8409	-19.9508	-0.0045	149.8213
-0.0031	69.8409	-19.951	-0.0045	149.8221
-0.0031	69.8409	-19.9513	-0.0045	149.823
-0.0031	69.8409	-19.9515	-0.0045	149.8238
-0.0031	69.8409	-19.9517	-0.0045	149.8247
-0.0031	69.8409	-19.952	-0.0045	149.8255
-0.0031	69.8409	-19.9522	-0.0045	149.8264
-0.0031	69.8409	-19.9524	-0.0045	149.8272
-0.0031	69.8409	-19.9527	-0.0045	149.8281
-0.0031	69.8409	-19.9529	-0.0045	149.8289
-0.0031	69.8409	-19.9531	-0.0045	149.8297
-0.0031	69.8409	-19.9534	-0.0045	149.8306
-0.0031	69.8409	-19.9536	-0.0045	149.8314
-0.0031	69.8409	-19.9538	-0.0045	149.8322
-0.0031	69.8409	-19.954	-0.0045	149.833
-0.0031	69.8409	-19.9543	-0.0045	149.8339
-0.0031	69.8409	-19.9545	-0.0045	149.8347
-0.0031	69.8409	-19.9547	-0.0045	149.8355
-0.0031	69.8409	-19.9549	-0.0045	149.8363
-0.0031	69.8409	-19.9552	-0.0045	149.8371
-0.0031	69.8409	-19.9554	-0.0045	149.8379
-0.0031	69.8409	-19.9556	-0.0045	149.8387
-0.0031	69.8409	-19.9558	-0.0045	149.8395
-0.0031	69.8409	-19.956	-0.0045	149.8403
-0.0031	69.8409	-19.9563	-0.0045	149.8411
-0.0031	69.8409	-19.9565	-0.0045	149.8419
-0.0031	69.8409	-19.9567	-0.0045	149.8427
-0.0031	69.8409	-19.9569	-0.0045	149.8435
-0.0031	69.8409	-19.9571	-0.0045	149.8443
-0.0031	69.8409	-19.9574	-0.0045	149.8451
-0.0031	69.8409	-19.9576	-0.0045	149.8459
-0.0031	69.8409	-19.9578	-0.0045	149.8467
-0.0031	69.8409	-19.958	-0.0045	149.8474
-0.0031	69.8409	-19.9582	-0.0045	149.8482
-0.0031	69.8409	-19.9584	-0.0045	149.849
-0.0031	69.8409	-19.9586	-0.0045	149.8498
-0.0031	69.8409	-19.9588	-0.0045	149.8505
-0.0031	69.8409	-19.9591	-0.0045	149.8513
-0.0031	69.8409	-19.9593	-0.0045	149.8521
-0.0031	69.8409	-19.9595	-0.0045	149.8528
-0.0031	69.8409	-19.9597	-0.0045	149.8536
-0.0031	69.8409	-19.9599	-0.0045	149.8543
-0.0031	69.8409	-19.9601	-0.0045	149.8551
-0.0031	69.8409	-19.9603	-0.0045	149.8558
-0.0031	69.8409	-19.9605	-0.0045	149.8566
-0.0031	69.8409	-19.9607	-0.0045	149.8573
-0.0031	69.8409	-19.9609	-0.0045	149.8581
-0.0031	69.8409	-19.9611	-0.0045	149.8588
-0.0031	69.8409	-19.9613	-0.0045	149.8595
-0.0031	69.8409	-19.9615	-0.0045	149.8603
-0.0031	69.8409	-19.9617	-0.0045	149.861
-0.0031	69.8409	-19.9619	-0.0045	149.8617
-0.0031	69.8409	-19.9621	-0.0045	149.8625
-0.0031	69.8409	-19.9623	-0.0045	149.8632
-0.0031	69.8409	-19.9625	-0.0045	149.8639
-0.0031	69.8409	-19.9627	-0.0045	149.8646
-0.0031	69.8409	-19.9629	-0.0045	149.8654
-0.0031	69.8409	-19.9631	-0.0045	149.8661
-0.0031	69.8409	-19.9633	-0.0045	149.8668
-0.0031	69.8409	-19.9635	-0.0045	149.8675
-0.0031	69.8409	-19.9637	-0.0045	149.8682
-0.0031	69.8409	-19.9639	-0.0045	149.8689
-0.0031	69.8409	-19.9641	-0.0045	149.8696
-0.0031	69.8409	-19.9643	-0.0045	149.8703
-0.0031	69.8409	-19.9645	-0.0045	149.871
-0.0031	69.8409	-19.9647	-0.0045	149.8717
-0.0031	69.8409	-19.9649	-0.0045	149.8724
-0.0031	69.8409	-19.9651	-0.0045	149.8731
-0.0031	69.8409	-19.9653	-0.0045	149.8738
-0.0031	69.8409	-19.9654	-0.0045	149.8745
-0.0031	69.8409	-19.9656	-0.0045	149.8752
-0.0031	69.8409	-19.9658	-0.0045	149.8758
-0.0031	69.8409	-19.966	-0.0045	149.8765
-0.0031	69.8409	-19.9662	-0.0045	149.8772
-0.0031	69.8409	-19.9664	-0.0045	149.8779
-0.0031	69.8409	-19.9666	-0.0045	149.8786
-0.0031	69.8409	-19.9667	-0.0045	149.8792
-0.0031	69.8409	-19.9669	-0.0045	149.8799
-0.0031	69.8409	-19.9671	-0.0045	149.8806
-0.0031	69.8409	-19.9673	-0.0045	149.8812
-0.0031	69.8409	-19.9675	-0.0045	149.8819
-0.0031	69.8409	-19.9677	-0.0045	149.8825
-0.0031	69.8409	-19.9678	-0.0045	149.8832
-0.0031	69.8409	-19.968	-0.0045	149.8838
-0.0031	69.8409	-19.9682	-0.0045	149.8845
-0.0031	69.8409	-19.9684	-0.0045	149.8851
-0.0031	69.8409	-19.9686	-0.0045	149.8858
-0.0031	69.8409	-19.9687	-0.0045	149.8864
-0.0031	69.8409	-19.9689	-0.0045	149.8871
-0.0031	69.8409	-19.9691	-0.0045	149.8877
-0.0031	69.8409	-19.9693	-0.0045	149.8884
-0.0031	69.8409	-19.9694	-0.0045	149.889
-0.0031	69.8409	-19.9696	-0.0045	149.8896
-0.0031	69.8409	-19.9698	-0.0045	149.8903
-0.0031	69.8409	-19.97	-0.0045	149.8909
-0.0031	69.8409	-19.9701	-0.0045	149.8915
-0.0031	69.8409	-19.9703	-0.0045	149.8921
-0.0031	69.8409	-19.9705	-0.0045	149.8928
-0.0031	69.8409	-19.9706	-0.0045	149.8934
-0.0031	69.8409	-19.9708	-0.0045	149.894
-0.0031	69.8409	-19.971	-0.0045	149.8946
-0.0031	69.8409	-19.9712	-0.0045	149.8952
-0.0031	69.8409	-19.9713	-0.0045	149.8958
-0.0031	69.8409	-19.9715	-0.0045	149.8964
-0.0031	69.8409	-19.9717	-0.0045	149.897
-0.0031	69.8409	-19.9718	-0.0045	149.8976
-0.0031	69.8409	-19.972	-0.0045	149.8982
-0.0031	69.8409	-19.9721	-0.0045	149.8988
-0.0031	69.8409	-19.9723	-0.0045	149.8994
-0.0031	69.8409	-19.9725	-0.0045	149.9
-0.0031	69.8409	-19.9726	-0.0045	149.9006
-0.0031	69.8409	-19.9728	-0.0045	149.9012
-0.0031	69.8409	-19.973	-0.0045	149.9018
-0.0031	69.8409	-19.9731	-0.0045	149.9024
-0.0031	69.8409	-19.9733	-0.0045	149.903
-0.0031	69.8409	-19.9734	-0.0045	149.9035
-0.0031	69.8409	-19.9736	-0.0045	149.9041
-0.0031	69.8409	-19.9738	-0.0045	149.9047
-0.0031	69.8409	-19.9739	-0.0045	149.9053
-0.0031	69.8409	-19.9741	-0.0045	149.9058
-0.0031	69.8409	-19.9742	-0.0045	149.9064
-0.0031	69.8409	-19.9744	-0.0045	149.907
-0.0031	69.8409	-19.9745	-0.0045	149.9076
-0.0031	69.8409	-19.9747	-0.0045	149.9081
-0.0031	69.8409	-19.9749	-0.0045	149.9087
-0.0031	69.8409	-19.975	-0.0045	149.9092
-0.0031	69.8409	-19.9752	-0.0045	149.9098
-0.0031	69.8409	-19.9753	-0.0045	149.9103
-0.0031	69.8409	-19.9755	-0.0045	149.9109
-0.0031	69.8409	-19.9756	-0.0045	149.9114
-0.0031	69.8409	-19.9758	-0.0045	149.912
-0.0031	69.8409	-19.9759	-0.0045	149.9125
-0.0031	69.8409	-19.9761	-0.0045	149.9131
-0.0031	69.8409	-19.9762	-0.0045	149.9136
-0.0031	69.8409	-19.9764	-0.0045	149.9142
-0.0031	69.8409	-19.9765	-0.0045	149.9147
-0.0031	69.8409	-19.9767	-0.0045	149.9152
-0.0031	69.8409	-19.9768	-0.0045	149.9158
-0.0031	69.8409	-19.977	-0.0045	149.9163
-0.0031	69.8409	-19.9771	-0.0045	149.9168
-0.0031	69.8409	-19.9772	-0.0045	149.9173
-0.0031	69.8409	-19.9774	-0.0045	149.9179
-0.0031	69.8409	-19.9775	-0.0045	149.9184
-0.0031	69.8409	-19.9777	-0.0045	149.9189
-0.0031	69.8409	-19.9778	-0.0045	149.9194
-0.0031	69.8409	-19.978	-0.0045	149.9199
-0.0031	69.8409	-19.9781	-0.0045	149.9205
-0.0031	69.8409	-19.9782	-0.0045	149.921
-0.0031	69.8409	-19.9784	-0.0045	149.9215
-0.0031	69.8409	-19.9785	-0.0045	149.922
-0.0031	69.8409	-19.9787	-0.0045	149.9225
-0.0031	69.8409	-19.9788	-0.0045	149.923
-0.0031	69.8409	-19.9789	-0.0045	149.9235
-0.0031	69.8409	-19.9791	-0.0045	149.924
-0.0031	69.8409	-19.9792	-0.0045	149.9245
-0.0031	69.8409	-19.9793	-0.0045	149.925
-0.0031	69.8409	-19.9795	-0.0045	149.9255
-0.0031	69.8409	-19.9796	-0.0045	149.926
-0.0031	69.8409	-19.9797	-0.0045	149.9264
-0.0031	69.8409	-19.9799	-0.0045	149.9269
-0.0031	69.8409	-19.98	-0.0045	149.9274
-0.0031	69.8409	-19.9801	-0.0045	149.9279
-0.0031	69.8409	-19.9803	-0.0045	149.9284
-0.0031	69.8409	-19.9804	-0.0045	149.9289
-0.0031	69.8409	-19.9805	-0.0045	149.9293
-0.0031	69.8409	-19.9807	-0.0045	149.9298
-0.0031	69.8409	-19.9808	-0.0045	149.9303
-0.0031	69.8409	-19.9809	-0.0045	149.9307
-0.0031	69.8409	-19.9811	-0.0045	149.9312
-0.0031	69.8409	-19.9812	-0.0045	149.9317
-0.0031	69.8409	-19.9813	-0.0045	149.9321
-0.0031	69.8409	-19.9814	-0.0045	149.9326
-0.0031	69.8409	-19.9816	-0.0045	149.9331
-0.0031	69.8409	-19.9817	-0.0045	149.9335
-0.0031	69.8409	-19.9818	-0.0045	149.934
-0.0031	69.8409	-19.9819	-0.0045	149.9344
-0.0031	69.8409	-19.9821	-0.0045	149.9349
-0.0031	69.8409	-19.9822	-0.0045	149.9353
-0.0031	69.8409	-19.9823	-0.0045	149.9358
-0.0031	69.8409	-19.9824	-0.0045	149.9362
-0.0031	69.8409	-19.9826	-0.0045	149.9367
-0.0031	69.8409	-19.9827	-0.0045	149.9371
-0.0031	69.8409	-19.9828	-0.0045	149.9375
-0.0031	69.8409	-19.9829	-0.0045	149.938
-0.0031	69.8409	-19.983	-0.0045	149.9384
-0.0031	69.8409	-19.9832	-0.0045	149.9388
-0.0031	69.8409	-19.9833	-0.0045	149.9393
-0.0031	69.8409	-19.9834	-0.0045	149.9397
-0.0031	69.8409	-19.9835	-0.0045	149.9401
-0.0031	69.8409	-19.9836	-0.0045	149.9406
-0.0031	69.8409	-19.9838	-0.0045	149.941
-0.0031	69.8409	-19.9839	-0.0045	149.9414
-0.0031	69.8409	-19.984	-0.0045	149.9418
-0.0031	69.8409	-19.9841	-0.0045	149.9422
-0.0031	69.8409	-19.9842	-0.0045	149.9427
-0.0031	69.8409	-19.9843	-0.0045	149.9431
-0.0031	69.8409	-19.9844	-0.0045	149.9435
-0.0031	69.8409	-19.9846	-0.0045	149.9439
-0.0031	69.8409	-19.9847	-0.0045	149.9443
-0.0031	69.8409	-19.9848	-0.0045	149.9447
-0.0031	69.8409	-19.9849	-0.0045	149.9451
-0.0031	69.8409	-19.985	-0.0045	149.9455
-0.0031	69.8409	-19.9851	-0.0045	149.9459
-0.0031	69.8409	-19.9852	-0.0045	149.9463
-0.0031	69.8409	-19.9853	-0.0045	149.9467
-0.0031	69.8409	-19.9854	-0.0045	149.9471
-0.0031	69.8409	-19.9855	-0.0045	149.9475
-0.0031	69.8409	-19.9857	-0.0045	149.9479
-0.0031	69.8409	-19.9858	-0.0045	149.9483
-0.0031	69.8409	-19.9859	-0.0045	149.9487
-0.0031	69.8409	-19.986	-0.0045	149.949
-0.0031	69.8409	-19.9861	-0.0045	149.9494
-0.0031	69.8409	-19.9862	-0.0045	149.9498
-0.0031	69.8409	-19.9863	-0.0045	149.9502
-0.0031	69.8409	-19.9864	-0.0045	149.9506
-0.0031	69.8409	-19.9865	-0.0045	149.9509
-0.0031	69.8409	-19.9866	-0.0045	149.9513
-0.0031	69.8409	-19.9867	-0.0045	149.9517
-0.0031	69.8409	-19.9868	-0.0045	149.9521
-0.0031	69.8409	-19.9869	-0.0045	149.9524
-0.0031	69.8409	-19.987	-0.0045	149.9528
-0.0031	69.8409	-19.9871	-0.0045	149.9532
-0.0031	69.8409	-19.9872	-0.0045	149.9535
-0.0031	69.8409	-19.9873	-0.0045	149.9539
-0.0031	69.8409	-19.9874	-0.0045	149.9542
-0.0031	69.8409	-19.9875	-0.0045	149.9546
-0.0031	69.8409	-19.9876	-0.0045	149.9549
-0.0031	69.8409	-19.9877	-0.0045	149.9553
-0.0031	69.8409	-19.9878	-0.0045	149.9557
-0.0031	69.8409	-19.9879	-0.0045	149.956
-0.0031	69.8409	-19.988	-0.0045	149.9564
-0.0031	69.8409	-19.9881	-0.0045	149.9567
-0.0031	69.8409	-19.9882	-0.0045	149.957
-0.0031	69.8409	-19.9883	-0.0045	149.9574
-0.0031	69.8409	-19.9884	-0.0045	149.9577
-0.0031	69.8409	-19.9885	-0.0045	149.9581
-0.0031	69.8409	-19.9885	-0.0045	149.9584
-0.0031	69.8409	-19.9886	-0.0045	149.9587
-0.0031	69.8409	-19.9887	-0.0045	149.9591
-0.0031	69.8409	-19.9888	-0.0045	149.9594
-0.0031	69.8409	-19.9889	-0.0045	149.9597
-0.0031	69.8409	-19.989	-0.0045	149.9601
-0.0031	69.8409	-19.9891	-0.0045	149.9604
-0.0031	69.8409	-19.9892	-0.0045	149.9607
-0.0031	69.8409	-19.9893	-0.0045	149.961
-0.0031	69.8409	-19.9894	-0.0045	149.9614
-0.0031	69.8409	-19.9895	-0.0045	149.9617
-0.0031	69.8409	-19.9895	-0.0045	149.962
-0.0031	69.8409	-19.9896	-0.0045	149.9623
-0.0031	69.8409	-19.9897	-0.0045	149.9626
-0.0031	69.8409	-19.9898	-0.0045	149.9629
-0.0031	69.8409	-19.9899	-0.0045	149.9633
-0.0031	69.8409	-19.99	-0.0045	149.9636
-0.0031	69.8409	-19.9901	-0.0045	149.9639
-0.0031	69.8409	-19.9901	-0.0045	149.9642
-0.0031	69.8409	-19.9902	-0.0045	149.9645
-0.0031	69.8409	-19.9903	-0.0045	149.9648
-0.0031	69.8409	-19.9904	-0.0045	149.9651
-0.0031	69.8409	-19.9905	-0.0045	149.9654
-0.0031	69.8409	-19.9906	-0.0045	149.9657
-0.0031	69.8409	-19.9906	-0.0045	149.966
-0.0031	69.8409	-19.9907	-0.0045	149.9663
-0.0031	69.8409	-19.9908	-0.0045	149.9666
-0.0031	69.8409	-19.9909	-0.0045	149.9669
-0.0031	69.8409	-19.991	-0.0045	149.9672
-0.0031	69.8409	-19.991	-0.0045	149.9674
-0.0031	69.8409	-19.9911	-0.0045	149.9677
-0.0031	69.8409	-19.9912	-0.0045	149.968
-0.0031	69.8409	-19.9913	-0.0045	149.9683
-0.0031	69.8409	-19.9913	-0.0045	149.9686
-0.0031	69.8409	-19.9914	-0.0045	149.9689
-0.0031	69.8409	-19.9915	-0.0045	149.9691
-0.0031	69.8409	-19.9916	-0.0045	149.9694
-0.0031	69.8409	-19.9917	-0.0045	149.9697
-0.0031	69.8409	-19.9917	-0.0045	149.97
-0.0031	69.8409	-19.9918	-0.0045	149.9702
-0.0031	69.8409	-19.9919	-0.0045	149.9705
-0.0031	69.8409	-19.992	-0.0045	149.9708
-0.0031	69.8409	-19.992	-0.0045	149.971
-0.0031	69.8409	-19.9921	-0.0045	149.9713
-0.0031	69.8409	-19.9922	-0.0045	149.9716
-0.0031	69.8409	-19.9922	-0.0045	149.9718
-0.0031	69.8409	-19.9923	-0.0045	149.9721
-0.0031	69.8409	-19.9924	-0.0045	149.9724
-0.0031	69.8409	-19.9925	-0.0045	149.9726
-0.0031	69.8409	-19.9925	-0.0045	149.9729
-0.0031	69.8409	-19.9926	-0.0045	149.9731
-0.0031	69.8409	-19.9927	-0.0045	149.9734
-0.0031	69.8409	-19.9927	-0.0045	149.9736
-0.0031	69.8409	-19.9928	-0.0045	149.9739
-0.0031	69.8409	-19.9929	-0.0045	149.9741
-0.0031	69.8409	-19.9929	-0.0045	149.9744
-0.0031	69.8409	-19.993	-0.0045	149.9746
-0.0031	69.8409	-19.9931	-0.0045	149.9749
-0.0031	69.8409	-19.9931	-0.0045	149.9751
-0.0031	69.8409	-19.9932	-0.0045	149.9753
-0.0031	69.8409	-19.9933	-0.0045	149.9756
-0.0031	69.8409	-19.9933	-0.0045	149.9758
-0.0031	69.8409	-19.9934	-0.0045	149.9761
-0.0031	69.8409	-19.9935	-0.0045	149.9763
-0.0031	69.8409	-19.9935	-0.0045	149.9765
-0.0031	69.8409	-19.9936	-0.0045	149.9767
-0.0031	69.8409	-19.9937	-0.0045	149.977
-0.0031	69.8409	-19.9937	-0.0045	149.9772
-0.0031	69.8409	-19.9938	-0.0045	149.9774
-0.0031	69.8409	-19.9938	-0.0045	149.9777
-0.0031	69.8409	-19.9939	-0.0045	149.9779
-0.0031	69.8409	-19.994	-0.0045	149.9781
-0.0031	69.8409	-19.994	-0.0045	149.9783
-0.0031	69.8409	-19.9941	-0.0045	149.9785
-0.0031	69.8409	-19.9942	-0.0045	149.9788
-0.0031	69.8409	-19.9942	-0.0045	149.979
-0.0031	69.8409	-19.9943	-0.0045	149.9792
-0.0031	69.8409	-19.9943	-0.0045	149.9794
-0.0031	69.8409	-19.9944	-0.0045	149.9796
-0.0031	69.8409	-19.9944	-0.0045	149.9798
-0.0031	69.8409	-19.9945	-0.0045	149.98
-0.0031	69.8409	-19.9946	-0.0045	149.9803
-0.0031	69.8409	-19.9946	-0.0045	149.9805
-0.0031	69.8409	-19.9947	-0.0045	149.9807
-0.0031	69.8409	-19.9947	-0.0045	149.9809
-0.0031	69.8409	-19.9948	-0.0045	149.9811
-0.0031	69.8409	-19.9948	-0.0045	149.9813
-0.0031	69.8409	-19.9949	-0.0045	149.9815
-0.0031	69.8409	-19.995	-0.0045	149.9817
-0.0031	69.8409	-19.995	-0.0045	149.9819
-0.0031	69.8409	-19.9951	-0.0045	149.9821
-0.0031	69.8409	-19.9951	-0.0045	149.9823
-0.0031	69.8409	-19.9952	-0.0045	149.9824
-0.0031	69.8409	-19.9952	-0.0045	149.9826
-0.0031	69.8409	-19.9953	-0.0045	149.9828
-0.0031	69.8409	-19.9953	-0.0045	149.983
-0.0031	69.8409	-19.9954	-0.0045	149.9832
-0.0031	69.8409	-19.9954	-0.0045	149.9834
-0.0031	69.8409	-19.9955	-0.0045	149.9836
-0.0031	69.8409	-19.9955	-0.0045	149.9838
-0.0031	69.8409	-19.9956	-0.0045	149.9839
-0.0031	69.8409	-19.9956	-0.0045	149.9841
-0.0031	69.8409	-19.9957	-0.0045	149.9843
-0.0031	69.8409	-19.9957	-0.0045	149.9845
-0.0031	69.8409	-19.9958	-0.0045	149.9847
-0.0031	69.8409	-19.9958	-0.0045	149.9848
-0.0031	69.8409	-19.9959	-0.0045	149.985
-0.0031	69.8409	-19.9959	-0.0045	149.9852
-0.0031	69.8409	-19.996	-0.0045	149.9853
-0.0031	69.8409	-19.996	-0.0045	149.9855
-0.0031	69.8409	-19.9961	-0.0045	149.9857
-0.0031	69.8409	-19.9961	-0.0045	149.9859
-0.0031	69.8409	-19.9962	-0.0045	149.986
-0.0031	69.8409	-19.9962	-0.0045	149.9862
-0.0031	69.8409	-19.9962	-0.0045	149.9863
-0.0031	69.8409	-19.9963	-0.0045	149.9865
-0.0031	69.8409	-19.9963	-0.0045	149.9867
-0.0031	69.8409	-19.9964	-0.0045	149.9868
-0.0031	69.8409	-19.9964	-0.0045	149.987
-0.0031	69.8409	-19.9965	-0.0045	149.9871
-0.0031	69.8409	-19.9965	-0.0045	149.9873
-0.0031	69.8409	-19.9965	-0.0045	149.9875
-0.0031	69.8409	-19.9966	-0.0045	149.9876
-0.0031	69.8409	-19.9966	-0.0045	149.9878
-0.0031	69.8409	-19.9967	-0.0045	149.9879
-0.0031	69.8409	-19.9967	-0.0045	149.9881
-0.0031	69.8409	-19.9968	-0.0045	149.9882
-0.0031	69.8409	-19.9968	-0.0045	149.9884
-0.0031	69.8409	-19.9968	-0.0045	149.9885
-0.0031	69.8409	-19.9969	-0.0045	149.9887
-0.0031	69.8409	-19.9969	-0.0045	149.9888
-0.0031	69.8409	-19.997	-0.0045	149.9889
-0.0031	69.8409	-19.997	-0.0045	149.9891
-0.0031	69.8409	-19.997	-0.0045	149.9892
-0.0031	69.8409	-19.9971	-0.0045	149.9894
-0.0031	69.8409	-19.9971	-0.0045	149.9895
-0.0031	69.8409	-19.9971	-0.0045	149.9896
-0.0031	69.8409	-19.9972	-0.0045	149.9898
-0.0031	69.8409	-19.9972	-0.0045	149.9899
-0.0031	69.8409	-19.9973	-0.0045	149.99
-0.0031	69.8409	-19.9973	-0.0045	149.9902
-0.0031	69.8409	-19.9973	-0.0045	149.9903
-0.0031	69.8409	-19.9974	-0.0045	149.9904
-0.0031	69.8409	-19.9974	-0.0045	149.9906
-0.0031	69.8409	-19.9974	-0.0045	149.9907
-0.0031	69.8409	-19.9975	-0.0045	149.9908
-0.0031	69.8409	-19.9975	-0.0045	149.9909
-0.0031	69.8409	-19.9975	-0.0045	149.9911
-0.0031	69.8409	-19.9976	-0.0045	149.9912
-0.0031	69.8409	-19.9976	-0.0045	149.9913
-0.0031	69.8409	-19.9976	-0.0045	149.9914
-0.0031	69.8409	-19.9977	-0.0045	149.9915
-0.0031	69.8409	-19.9977	-0.0045	149.9917
-0.0031	69.8409	-19.9977	-0.0045	149.9918
-0.0031	69.8409	-19.9978	-0.0045	149.9919
-0.0031	69.8409	-19.9978	-0.0045	149.992
-0.0031	69.8409	-19.9978	-0.0045	149.9921
-0.0031	69.8409	-19.9979	-0.0045	149.9922
-0.0031	69.8409	-19.9979	-0.0045	149.9924
-0.0031	69.8409	-19.9979	-0.0045	149.9925
-0.0031	69.8409	-19.998	-0.0045	149.9926
-0.0031	69.8409	-19.998	-0.0045	149.9927
-0.0031	69.8409	-19.998	-0.0045	149.9928
-0.0031	69.8409	-19.998	-0.0045	149.9929
-0.0031	69.8409	-19.9981	-0.0045	149.993
-0.0031	69.8409	-19.9981	-0.0045	149.9931
-0.0031	69.8409	-19.9981	-0.0045	149.9932
-0.0031	69.8409	-19.9982	-0.0045	149.9933
-0.0031	69.8409	-19.9982	-0.0045	149.9934
-0.0031	69.8409	-19.9982	-0.0045	149.9935
-0.0031	69.8409	-19.9982	-0.0045	149.9936
-0.0031	69.8409	-19.9983	-0.0045	149.9937
-0.0031	69.8409	-19.9983	-0.0045	149.9938
-0.0031	69.8409	-19.9983	-0.0045	149.9939
-0.0031	69.8409	-19.9983	-0.0045	149.994
-0.0031	69.8409	-19.9984	-0.0045	149.9941
-0.0031	69.8409	-19.9984	-0.0045	149.9942
-0.0031	69.8409	-19.9984	-0.0045	149.9943
-0.0031	69.8409	-19.9985	-0.0045	149.9944
-0.0031	69.8409	-19.9985	-0.0045	149.9945
-0.0031	69.8409	-19.9985	-0.0045	149.9946
-0.0031	69.8409	-19.9985	-0.0045	149.9946
-0.0031	69.8409	-19.9985	-0.0045	149.9947
-0.0031	69.8409	-19.9986	-0.0045	149.9948
-0.0031	69.8409	-19.9986	-0.0045	149.9949
-0.0031	69.8409	-19.9986	-0.0045	149.995
-0.0031	69.8409	-19.9986	-0.0045	149.9951
-0.0031	69.8409	-19.9987	-0.0045	149.9952
-0.0031	69.8409	-19.9987	-0.0045	149.9952
-0.0031	69.8409	-19.9987	-0.0045	149.9953
-0.0031	69.8409	-19.9987	-0.0045	149.9954
-0.0031	69.8409	-19.9988	-0.0045	149.9955
-0.0031	69.8409	-19.9988	-0.0045	149.9956
-0.0031	69.8409	-19.9988	-0.0045	149.9956
-0.0031	69.8409	-19.9988	-0.0045	149.9957
-0.0031	69.8409	-19.9988	-0.0045	149.9958
-0.0031	69.8409	-19.9989	-0.0045	149.9959
-0.0031	69.8409	-19.9989	-0.0045	149.9959
-0.0031	69.8409	-19.9989	-0.0045	149.996
-0.0031	69.8409	-19.9989	-0.0045	149.9961
-0.0031	69.8409	-19.9989	-0.0045	149.9962
-0.0031	69.8409	-19.999	-0.0045	149.9962
-0.0031	69.8409	-19.999	-0.0045	149.9963
-0.0031	69.8409	-19.999	-0.0045	149.9964
-0.0031	69.8409	-19.999	-0.0045	149.9964
-0.0031	69.8409	-19.999	-0.0045	149.9965
-0.0031	69.8409	-19.9991	-0.0045	149.9966
-0.0031	69.8409	-19.9991	-0.0045	149.9966
-0.0031	69.8409	-19.9991	-0.0045	149.9967
-0.0031	69.8409	-19.9991	-0.0045	149.9968
-0.0031	69.8409	-19.9991	-0.0045	149.9968
-0.0031	69.8409	-19.9991	-0.0045	149.9969
-0.0031	69.8409	-19.9992	-0.0045	149.9969
-0.0031	69.8409	-19.9992	-0.0045	149.997
-0.0031	69.8409	-19.9992	-0.0045	149.9971
-0.0031	69.8409	-19.9992	-0.0045	149.9971
-0.0031	69.8409	-19.9992	-0.0045	149.9972
-0.0031	69.8409	-19.9992	-0.0045	149.9972
-0.0031	69.8409	-19.9993	-0.0045	149.9973
-0.0031	69.8409	-19.9993	-0.0045	149.9973
-0.0031	69.8409	-19.9993	-0.0045	149.9974
-0.0031	69.8409	-19.9993	-0.0045	149.9975
-0.0031	69.8409	-19.9993	-0.0045	149.9975
-0.0031	69.8409	-19.9993	-0.0045	149.9976
-0.0031	69.8409	-19.9993	-0.0045	149.9976
-0.0031	69.8409	-19.9994	-0.0045	149.9977
-0.0031	69.8409	-19.9994	-0.0045	149.9977
-0.0031	69.8409	-19.9994	-0.0045	149.9978
-0.0031	69.8409	-19.9994	-0.0045	149.9978
-0.0031	69.8409	-19.9994	-0.0045	149.9979
-0.0031	69.8409	-19.9994	-0.0045	149.9979
-0.0031	69.8409	-19.9994	-0.0045	149.998
-0.0031	69.8409	-19.9995	-0.0045	149.998
-0.0031	69.8409	-19.9995	-0.0045	149.9981
-0.0031	69.8409	-19.9995	-0.0045	149.9981
-0.0031	69.8409	-19.9995	-0.0045	149.9981
-0.0031	69.8409	-19.9995	-0.0045	149.9982
-0.0031	69.8409	-19.9995	-0.0045	149.9982
-0.0031	69.8409	-19.9995	-0.0045	149.9983
-0.0031	69.8409	-19.9995	-0.0045	149.9983
-0.0031	69.8409	-19.9995	-0.0045	149.9984
-0.0031	69.8409	-19.9996	-0.0045	149.9984
-0.0031	69.8409	-19.9996	-0.0045	149.9984
-0.0031	69.8409	-19.9996	-0.0045	149.9985
-0.0031	69.8409	-19.9996	-0.0045	149.9985
-0.0031	69.8409	-19.9996	-0.0045	149.9985
-0.0031	69.8409	-19.9996	-0.0045	149.9986
-0.0031	69.8409	-19.9996	-0.0045	149.9986
-0.0031	69.8409	-19.9996	-0.0045	149.9987
-0.0031	69.8409	-19.9996	-0.0045	149.9987
-0.0031	69.8409	-19.9996	-0.0045	149.9987
-0.0031	69.8409	-19.9997	-0.0045	149.9988
-0.0031	69.8409	-19.9997	-0.0045	149.9988
-0.0031	69.8409	-19.9997	-0.0045	149.9988
-0.0031	69.8409	-19.9997	-0.0045	149.9989
-0.0031	69.8409	-19.9997	-0.0045	149.9989
-0.0031	69.8409	-19.9997	-0.0045	149.9989
-0.0031	69.8409	-19.9997	-0.0045	149.9989
-0.0031	69.8409	-19.9997	-0.0045	149.999
-0.0031	69.8409	-19.9997	-0.0045	149.999
-0.0031	69.8409	-19.9997	-0.0045	149.999
-0.0031	69.8409	-19.9997	-0.0045	149.9991
-0.0031	69.8409	-19.9998	-0.0045	149.9991
-0.0031	69.8409	-19.9998	-0.0045	149.9991
-0.0031	69.8409	-19.9998	-0.0045	149.9991
-0.0031	69.8409	-19.9998	-0.0045	149.9992
-0.0031	69.8409	-19.9998	-0.0045	149.9992
-0.0031	69.8409	-19.9998	-0.0045	149.9992
-0.0031	69.8409	-19.9998	-0.0045	149.9992
-0.0031	69.8409	-19.9998	-0.0045	149.9993
-0.0031	69.8409	-19.9998	-0.0045	149.9993
-0.0031	69.8409	-19.9998	-0.0045	149.9993
-0.0031	69.8409	-19.9998	-0.0045	149.9993
-0.0031	69.8409	-19.9998	-0.0045	149.9994
-0.0031	69.8409	-19.9998	-0.0045	149.9994
-0.0031	69.8409	-19.9998	-0.0045	149.9994
-0.0031	69.8409	-19.9998	-0.0045	149.9994
-0.0031	69.8409	-19.9998	-0.0045	149.9994
-0.0031	69.8409	-19.9999	-0.0045	149.9995
-0.0031	69.8409	-19.9999	-0.0045	149.9995
-0.0031	69.8409	-19.9999	-0.0045	149.9995
-0.0031	69.8409	-19.9999	-0.0045	149.9995
-0.0031	69.8409	-19.9999	-0.0045	149.9995
-0.0031	69.8409	-19.9999	-0.0045	149.9996
-0.0031	69.8409	-19.9999	-0.0045	149.9996
-0.0031	69.8409	-19.9999	-0.0045	149.9996
-0.0031	69.8409	-19.9999	-0.0045	149.9996
-0.0031	69.8409	-19.9999	-0.0045	149.9996
-0.0031	69.8409	-19.9999	-0.0045	149.9996
-0.0031	69.8409	-19.9999	-0.0045	149.9996
-0.0031	69.8409	-19.9999	-0.0045	149.9997
-0.0031	69.8409	-19.9999	-0.0045	149.9997
-0.0031	69.8409	-19.9999	-0.0045	149.9997
-0.0031	69.8409	-19.9999	-0.0045	149.9997
-0.0031	69.8409	-19.9999	-0.0045	149.9997
-0.0031	69.8409	-19.9999	-0.0045	149.9997
-0.0031	69.8409	-19.9999	-0.0045	149.9997
-0.0031	69.8409	-19.9999	-0.0045	149.9998
-0.0031	69.8409	-19.9999	-0.0045	149.9998
-0.0031	69.8409	-19.9999	-0.0045	149.9998
-0.0031	69.8409	-19.9999	-0.0045	149.9998
-0.0031	69.8409	-19.9999	-0.0045	149.9998
-0.0031	69.8409	-19.9999	-0.0045	149.9998
-0.0031	69.8409	-19.9999	-0.0045	149.9998
-0.0031	69.8409	-20	-0.0045	149.9998
-0.0031	69.8409	-20	-0.0045	149.9998
-0.0031	69.8409	-20	-0.0045	149.9998
-0.0031	69.8409	-20	-0.0045	149.9999
-0.0031	69.8409	-20	-0.0045	149.9999
-0.0031	69.8409	-20	-0.0045	149.9999
-0.0031	69.8409	-20	-0.0045	149.9999
-0.0031	69.8409	-20	-0.0045	149.9999
-0.0031	69.8409	-20	-0.0045	149.9999
-0.0031	69.8409	-20	-0.0045	149.9999
-0.0031	69.8409	-20	-0.0045	149.9999
-0.0031	69.8409	-20	-0.0045	149.9999
-0.0031	69.8409	-20	-0.0045	149.9999
-0.0031	69.8409	-20	-0.0045	149.9999
-0.0031	69.8409	-20	-0.0045	149.9999
-0.0031	69.8409	-20	-0.0045	149.9999
-0.0031	69.8409	-20	-0.0045	149.9999
-0.0031	69.8409	-20	-0.0045	149.9999
-0.0031	69.8409	-20	-0.0045	149.9999
-0.0031	69.8409	-20	-0.0045	149.9999
-0.0031	69.8409	-20	-0.0045	150
-0.0031	69.8409	-20	-0.0045	150
-0.0031	69.8409	-20	-0.0045	150
-0.0031	69.8409	-20	-0.0045	150
-0.0031	69.8409	-20	-0.0045	150
-0.0031	69.8409	-20	-0.0045	150
-0.0031	69.8409	-20	-0.0045	150
-0.0031	69.8409	-20	-0.0045	150
-0.0031	69.8409	-20	-0.0045	150
-0.0031	69.8409	-20	-0.0045	150
-0.0031	69.8409	-20	-0.0045	150
-0.0031	69.8409	-20	-0.0045	150
-0.0031	69.8409	-20	-0.0045	150
-0.0031	69.8409	-20	-0.0045	150
-0.0031	69.8409	-20	-0.0045	150
-0.0031	69.8409	-20	-0.0045	150
-0.0031	69.8409	-20	-0.0045	150
-0.0031	69.8409	-20	-0.0045	150
-0.0031	69.8409	-20	-0.0045	150
-0.0031	69.8409	-20	-0.0045	150
-0.0031	69.8409	-20	-0.0045	150
-0.0031	69.8409	-20	-0.0045	150
-0.0031	69.8409	-20	-0.0045	150
-0.0031	69.8409	-20	-0.0045	150
-0.0031	69.8409	-20	-0.0045	150
-0.0031	69.8409	-20	-0.0045	150
-0.0031	69.8409	-20	-0.0045	150
-0.0031	69.8409	-20	-0.0045	150
-0.0031	69.8409	-20	-0.0045	150
-0.0031	69.8409	-20	-0.0045	150
-0.0031	69.8409	-20	-0.0045	150
-0.0031	69.8409	-20	-0.0045	150
-0.0031	69.8409	-20	-0.0045	150
-0.0031	69.8409	-20	-0.0045	150
-0.0031	69.8409	-20	-0.0045	150
-0.0031	69.8409	-20	-0.0045	150
-0.0031	69.8409	-20	-0.0045	150
-0.0031	69.8409	-20	-0.0045	150