-0.0031	69.8409	-10.0357	-0.0045	113.8079
-0.0031	69.8409	-10.0357	-0.0045	113.8079
-0.0031	69.8409	-10.0357	-0.0045	113.8079
-0.0031	69.8409	-10.0357	-0.0045	113.8079
-0.0031	69.8409	-10.0357	-0.0045	113.8079
-0.0031	69.8409	-10.0357	-0.0045	113.8079
-0.0031	69.8409	-10.0357	-0.0045	113.8079
-0.0031	69.8409	-10.0357	-0.0045	113.8079
-0.0031	69.8409	-10.0357	-0.0045	113.8079
-0.0031	69.8409	-10.0357	-0.0045	113.8079
-0.0031	69.8409	-10.0357	-0.0045	113.8079
-0.0031	69.8409	-10.0357	-0.0045	113.8079
-0.0031	69.8409	-10.0357	-0.0045	113.8079
-0.0031	69.8409	-10.0357	-0.0045	113.8079
-0.0031	69.8409	-10.0357	-0.0045	113.8079
-0.0031	69.8409	-10.0357	-0.0045	113.8079
-0.0031	69.8409	-10.0357	-0.0045	113.8079
-0.0031	69.8409	-10.0357	-0.0045	113.8079
-0.0031	69.8409	-10.0357	-0.0045	113.8079
-0.0031	69.8409	-10.0357	-0.0045	113.8079
-0.0031	69.8409	-10.0357	-0.0045	113.8079
-0.0031	69.8409	-10.0357	-0.0045	113.8079
-0.0031	69.8409	-10.0357	-0.0045	113.8079
-0.0031	69.8409	-10.0357	-0.0045	113.8079
-0.0031	69.8409	-10.0357	-0.0045	113.8079
-0.0031	69.8409	-10.0357	-0.0045	113.8079
-0.0031	69.8409	-10.0357	-0.0045	113.8079
-0.0031	69.8409	-10.0357	-0.0045	113.808
-0.0032	69.8409	-10.0357	-0.0045	113.808
-0.0032	69.8409	-10.0357	-0.0045	113.808
-0.0032	69.8409	-10.0357	-0.0045	113.808
-0.0032	69.8409	-10.0357	-0.0046	113.808
-0.0032	69.8409	-10.0357	-0.0046	113.808
-0.0032	69.8409	-10.0357	-0.0046	113.808
-0.0032	69.841	-10.0357	-0.0046	113.808
-0.0032	69.841	-10.0357	-0.0046	113.808
-0.0032	69.841	-10.0357	-0.0046	113.808
-0.0032	69.841	-10.0357	-0.0046	113.808
-0.0032	69.841	-10.0357	-0.0046	113.8081
-0.0032	69.841	-10.0357	-0.0046	113.8081
-0.0033	69.841	-10.0357	-0.0046	113.8081
-0.0033	69.841	-10.0357	-0.0046	113.8081
-0.0033	69.841	-10.0357	-0.0046	113.8081
-0.0033	69.841	-10.0358	-0.0046	113.8081
-0.0033	69.841	-10.0358	-0.0046	113.8081
-0.0033	69.841	-10.0358	-0.0047	113.8081
-0.0033	69.841	-10.0358	-0.0047	113.8082
-0.0034	69.841	-10.0358	-0.0047	113.8082
-0.0034	69.841	-10.0358	-0.0047	113.8082
-0.0034	69.8411	-10.0358	-0.0047	113.8082
-0.0034	69.8411	-10.0358	-0.0047	113.8082
-0.0034	69.8411	-10.0358	-0.0047	113.8083
-0.0034	69.8411	-10.0358	-0.0047	113.8083
-0.0035	69.8411	-10.0358	-0.0047	113.8083
-0.0035	69.8411	-10.0358	-0.0048	113.8083
-0.0035	69.8411	-10.0358	-0.0048	113.8084
-0.0035	69.8411	-10.0358	-0.0048	113.8084
-0.0036	69.8411	-10.0358	-0.0048	113.8084
-0.0036	69.8412	-10.0358	-0.0048	113.8084
-0.0036	69.8412	-10.0358	-0.0048	113.8085
-0.0036	69.8412	-10.0358	-0.0049	113.8085
-0.0037	69.8412	-10.0358	-0.0049	113.8085
-0.0037	69.8412	-10.0359	-0.0049	113.8085
-0.0037	69.8412	-10.0359	-0.0049	113.8086
-0.0037	69.8412	-10.0359	-0.0049	113.8086
-0.0038	69.8413	-10.0359	-0.005	113.8086
-0.0038	69.8413	-10.0359	-0.005	113.8087
-0.0038	69.8413	-10.0359	-0.005	113.8087
-0.0039	69.8413	-10.0359	-0.005	113.8088
-0.0039	69.8413	-10.0359	-0.005	113.8088
-0.0039	69.8413	-10.0359	-0.0051	113.8088
-0.004	69.8414	-10.0359	-0.0051	113.8089
-0.004	69.8414	-10.0359	-0.0051	113.8089
-0.004	69.8414	-10.0359	-0.0051	113.809
-0.0041	69.8414	-10.036	-0.0052	113.809
-0.0041	69.8414	-10.036	-0.0052	113.809
-0.0042	69.8415	-10.036	-0.0052	113.8091
-0.0042	69.8415	-10.036	-0.0053	113.8091
-0.0043	69.8415	-10.036	-0.0053	113.8092
-0.0043	69.8415	-10.036	-0.0053	113.8092
-0.0043	69.8416	-10.036	-0.0053	113.8093
-0.0044	69.8416	-10.036	-0.0054	113.8093
-0.0044	69.8416	-10.036	-0.0054	113.8094
-0.0045	69.8416	-10.0361	-0.0054	113.8094
-0.0045	69.8417	-10.0361	-0.0055	113.8095
-0.0046	69.8417	-10.0361	-0.0055	113.8096
-0.0046	69.8417	-10.0361	-0.0056	113.8096
-0.0047	69.8418	-10.0361	-0.0056	113.8097
-0.0047	69.8418	-10.0361	-0.0056	113.8097
-0.0048	69.8418	-10.0361	-0.0057	113.8098
-0.0049	69.8418	-10.0362	-0.0057	113.8099
-0.0049	69.8419	-10.0362	-0.0057	113.8099
-0.005	69.8419	-10.0362	-0.0058	113.81
-0.005	69.8419	-10.0362	-0.0058	113.8101
-0.0051	69.842	-10.0362	-0.0059	113.8101
-0.0052	69.842	-10.0362	-0.0059	113.8102
-0.0052	69.842	-10.0363	-0.006	113.8103
-0.0053	69.8421	-10.0363	-0.006	113.8104
-0.0054	69.8421	-10.0363	-0.0061	113.8104
-0.0054	69.8421	-10.0363	-0.0061	113.8105
-0.0055	69.8422	-10.0363	-0.0061	113.8106
-0.0056	69.8422	-10.0363	-0.0062	113.8107
-0.0057	69.8423	-10.0364	-0.0062	113.8107
-0.0057	69.8423	-10.0364	-0.0063	113.8108
-0.0058	69.8423	-10.0364	-0.0063	113.8109
-0.0059	69.8424	-10.0364	-0.0064	113.811
-0.006	69.8424	-10.0364	-0.0065	113.8111
-0.006	69.8425	-10.0365	-0.0065	113.8112
-0.0061	69.8425	-10.0365	-0.0066	113.8113
-0.0062	69.8426	-10.0365	-0.0066	113.8114
-0.0063	69.8426	-10.0365	-0.0067	113.8115
-0.0064	69.8427	-10.0366	-0.0067	113.8116
-0.0065	69.8427	-10.0366	-0.0068	113.8117
-0.0066	69.8427	-10.0366	-0.0069	113.8118
-0.0066	69.8428	-10.0366	-0.0069	113.8119
-0.0067	69.8428	-10.0367	-0.007	113.812
-0.0068	69.8429	-10.0367	-0.0071	113.8121
-0.0069	69.8429	-10.0367	-0.0071	113.8122
-0.007	69.843	-10.0367	-0.0072	113.8123
-0.0071	69.8431	-10.0368	-0.0073	113.8124
-0.0072	69.8431	-10.0368	-0.0073	113.8125
-0.0073	69.8432	-10.0368	-0.0074	113.8126
-0.0074	69.8432	-10.0368	-0.0075	113.8127
-0.0075	69.8433	-10.0369	-0.0075	113.8129
-0.0076	69.8433	-10.0369	-0.0076	113.813
-0.0078	69.8434	-10.0369	-0.0077	113.8131
-0.0079	69.8434	-10.0369	-0.0078	113.8132
-0.008	69.8435	-10.037	-0.0078	113.8133
-0.0081	69.8436	-10.037	-0.0079	113.8135
-0.0082	69.8436	-10.037	-0.008	113.8136
-0.0083	69.8437	-10.0371	-0.0081	113.8137
-0.0085	69.8438	-10.0371	-0.0082	113.8139
-0.0086	69.8438	-10.0371	-0.0082	113.814
-0.0087	69.8439	-10.0372	-0.0083	113.8141
-0.0088	69.844	-10.0372	-0.0084	113.8143
-0.0089	69.844	-10.0372	-0.0085	113.8144
-0.0091	69.8441	-10.0373	-0.0086	113.8146
-0.0092	69.8442	-10.0373	-0.0087	113.8147
-0.0093	69.8442	-10.0373	-0.0088	113.8149
-0.0095	69.8443	-10.0374	-0.0089	113.815
-0.0096	69.8444	-10.0374	-0.009	113.8152
-0.0097	69.8445	-10.0374	-0.009	113.8153
-0.0099	69.8445	-10.0375	-0.0091	113.8155
-0.01	69.8446	-10.0375	-0.0092	113.8156
-0.0102	69.8447	-10.0375	-0.0093	113.8158
-0.0103	69.8448	-10.0376	-0.0094	113.816
-0.0105	69.8448	-10.0376	-0.0095	113.8161
-0.0106	69.8449	-10.0377	-0.0096	113.8163
-0.0108	69.845	-10.0377	-0.0097	113.8165
-0.0109	69.8451	-10.0377	-0.0099	113.8166
-0.0111	69.8452	-10.0378	-0.01	113.8168
-0.0112	69.8452	-10.0378	-0.0101	113.817
-0.0114	69.8453	-10.0379	-0.0102	113.8172
-0.0116	69.8454	-10.0379	-0.0103	113.8173
-0.0117	69.8455	-10.038	-0.0104	113.8175
-0.0119	69.8456	-10.038	-0.0105	113.8177
-0.0121	69.8457	-10.038	-0.0106	113.8179
-0.0122	69.8458	-10.0381	-0.0107	113.8181
-0.0124	69.8459	-10.0381	-0.0109	113.8183
-0.0126	69.846	-10.0382	-0.011	113.8185
-0.0127	69.8461	-10.0382	-0.0111	113.8187
-0.0129	69.8462	-10.0383	-0.0112	113.8189
-0.0131	69.8462	-10.0383	-0.0113	113.8191
-0.0133	69.8463	-10.0384	-0.0115	113.8193
-0.0135	69.8464	-10.0384	-0.0116	113.8195
-0.0137	69.8465	-10.0385	-0.0117	113.8197
-0.0138	69.8466	-10.0385	-0.0119	113.8199
-0.014	69.8467	-10.0386	-0.012	113.8201
-0.0142	69.8469	-10.0386	-0.0121	113.8203
-0.0144	69.847	-10.0387	-0.0123	113.8205
-0.0146	69.8471	-10.0387	-0.0124	113.8208
-0.0148	69.8472	-10.0388	-0.0125	113.821
-0.015	69.8473	-10.0388	-0.0127	113.8212
-0.0152	69.8474	-10.0389	-0.0128	113.8214
-0.0154	69.8475	-10.0389	-0.0129	113.8217
-0.0157	69.8476	-10.039	-0.0131	113.8219
-0.0159	69.8477	-10.039	-0.0132	113.8221
-0.0161	69.8478	-10.0391	-0.0134	113.8224
-0.0163	69.848	-10.0391	-0.0135	113.8226
-0.0165	69.8481	-10.0392	-0.0137	113.8229
-0.0167	69.8482	-10.0393	-0.0138	113.8231
-0.017	69.8483	-10.0393	-0.014	113.8234
-0.0172	69.8484	-10.0394	-0.0141	113.8236
-0.0174	69.8486	-10.0394	-0.0143	113.8239
-0.0176	69.8487	-10.0395	-0.0144	113.8241
-0.0179	69.8488	-10.0396	-0.0146	113.8244
-0.0181	69.8489	-10.0396	-0.0148	113.8246
-0.0183	69.8491	-10.0397	-0.0149	113.8249
-0.0186	69.8492	-10.0397	-0.0151	113.8252
-0.0188	69.8493	-10.0398	-0.0153	113.8254
-0.0191	69.8494	-10.0399	-0.0154	113.8257
-0.0193	69.8496	-10.0399	-0.0156	113.826
-0.0196	69.8497	-10.04	-0.0158	113.8263
-0.0198	69.8498	-10.0401	-0.0159	113.8266
-0.0201	69.85	-10.0401	-0.0161	113.8268
-0.0203	69.8501	-10.0402	-0.0163	113.8271
-0.0206	69.8503	-10.0403	-0.0165	113.8274
-0.0209	69.8504	-10.0403	-0.0167	113.8277
-0.0211	69.8505	-10.0404	-0.0168	113.828
-0.0214	69.8507	-10.0405	-0.017	113.8283
-0.0217	69.8508	-10.0406	-0.0172	113.8286
-0.0219	69.851	-10.0406	-0.0174	113.8289
-0.0222	69.8511	-10.0407	-0.0176	113.8292
-0.0225	69.8513	-10.0408	-0.0178	113.8295
-0.0228	69.8514	-10.0408	-0.018	113.8298
-0.0231	69.8516	-10.0409	-0.0182	113.8302
-0.0233	69.8517	-10.041	-0.0183	113.8305
-0.0236	69.8519	-10.0411	-0.0185	113.8308
-0.0239	69.852	-10.0411	-0.0187	113.8311
-0.0242	69.8522	-10.0412	-0.0189	113.8315
-0.0245	69.8523	-10.0413	-0.0191	113.8318
-0.0248	69.8525	-10.0414	-0.0194	113.8321
-0.0251	69.8527	-10.0415	-0.0196	113.8325
-0.0254	69.8528	-10.0415	-0.0198	113.8328
-0.0257	69.853	-10.0416	-0.02	113.8331
-0.026	69.8532	-10.0417	-0.0202	113.8335
-0.0264	69.8533	-10.0418	-0.0204	113.8338
-0.0267	69.8535	-10.0419	-0.0206	113.8342
-0.027	69.8537	-10.0419	-0.0208	113.8345
-0.0273	69.8538	-10.042	-0.0211	113.8349
-0.0276	69.854	-10.0421	-0.0213	113.8353
-0.028	69.8542	-10.0422	-0.0215	113.8356
-0.0283	69.8544	-10.0423	-0.0217	113.836
-0.0286	69.8545	-10.0424	-0.022	113.8364
-0.029	69.8547	-10.0425	-0.0222	113.8367
-0.0293	69.8549	-10.0425	-0.0224	113.8371
-0.0296	69.8551	-10.0426	-0.0227	113.8375
-0.03	69.8553	-10.0427	-0.0229	113.8379
-0.0303	69.8555	-10.0428	-0.0231	113.8383
-0.0307	69.8556	-10.0429	-0.0234	113.8387
-0.031	69.8558	-10.043	-0.0236	113.8391
-0.0314	69.856	-10.0431	-0.0238	113.8395
-0.0317	69.8562	-10.0432	-0.0241	113.8399
-0.0321	69.8564	-10.0433	-0.0243	113.8403
-0.0325	69.8566	-10.0434	-0.0246	113.8407
-0.0328	69.8568	-10.0435	-0.0248	113.8411
-0.0332	69.857	-10.0436	-0.0251	113.8415
-0.0336	69.8572	-10.0437	-0.0253	113.8419
-0.034	69.8574	-10.0438	-0.0256	113.8423
-0.0343	69.8576	-10.0439	-0.0259	113.8427
-0.0347	69.8578	-10.044	-0.0261	113.8432
-0.0351	69.858	-10.0441	-0.0264	113.8436
-0.0355	69.8582	-10.0442	-0.0267	113.844
-0.0359	69.8584	-10.0443	-0.0269	113.8445
-0.0363	69.8586	-10.0444	-0.0272	113.8449
-0.0367	69.8588	-10.0445	-0.0275	113.8453
-0.0371	69.8591	-10.0446	-0.0277	113.8458
-0.0375	69.8593	-10.0447	-0.028	113.8462
-0.0379	69.8595	-10.0448	-0.0283	113.8467
-0.0383	69.8597	-10.0449	-0.0286	113.8472
-0.0387	69.8599	-10.045	-0.0289	113.8476
-0.0391	69.8602	-10.0451	-0.0291	113.8481
-0.0395	69.8604	-10.0452	-0.0294	113.8485
-0.04	69.8606	-10.0453	-0.0297	113.849
-0.0404	69.8608	-10.0454	-0.03	113.8495
-0.0408	69.8611	-10.0456	-0.0303	113.85
-0.0412	69.8613	-10.0457	-0.0306	113.8505
-0.0417	69.8615	-10.0458	-0.0309	113.8509
-0.0421	69.8618	-10.0459	-0.0312	113.8514
-0.0426	69.862	-10.046	-0.0315	113.8519
-0.043	69.8622	-10.0461	-0.0318	113.8524
-0.0434	69.8625	-10.0462	-0.0321	113.8529
-0.0439	69.8627	-10.0464	-0.0324	113.8534
-0.0444	69.863	-10.0465	-0.0327	113.8539
-0.0448	69.8632	-10.0466	-0.033	113.8544
-0.0453	69.8634	-10.0467	-0.0333	113.8549
-0.0457	69.8637	-10.0468	-0.0337	113.8555
-0.0462	69.8639	-10.047	-0.034	113.856
-0.0467	69.8642	-10.0471	-0.0343	113.8565
-0.0471	69.8644	-10.0472	-0.0346	113.857
-0.0476	69.8647	-10.0473	-0.035	113.8576
-0.0481	69.865	-10.0475	-0.0353	113.8581
-0.0486	69.8652	-10.0476	-0.0356	113.8586
-0.0491	69.8655	-10.0477	-0.0359	113.8592
-0.0496	69.8657	-10.0478	-0.0363	113.8597
-0.0501	69.866	-10.048	-0.0366	113.8603
-0.0505	69.8663	-10.0481	-0.037	113.8608
-0.051	69.8665	-10.0482	-0.0373	113.8614
-0.0516	69.8668	-10.0484	-0.0376	113.8619
-0.0521	69.8671	-10.0485	-0.038	113.8625
-0.0526	69.8673	-10.0486	-0.0383	113.8631
-0.0531	69.8676	-10.0488	-0.0387	113.8637
-0.0536	69.8679	-10.0489	-0.039	113.8642
-0.0541	69.8682	-10.049	-0.0394	113.8648
-0.0546	69.8685	-10.0492	-0.0398	113.8654
-0.0552	69.8687	-10.0493	-0.0401	113.866
-0.0557	69.869	-10.0494	-0.0405	113.8666
-0.0562	69.8693	-10.0496	-0.0408	113.8672
-0.0568	69.8696	-10.0497	-0.0412	113.8678
-0.0573	69.8699	-10.0499	-0.0416	113.8684
-0.0579	69.8702	-10.05	-0.042	113.869
-0.0584	69.8705	-10.0502	-0.0423	113.8696
-0.059	69.8708	-10.0503	-0.0427	113.8702
-0.0595	69.8711	-10.0504	-0.0431	113.8708
-0.0601	69.8714	-10.0506	-0.0435	113.8714
-0.0606	69.8717	-10.0507	-0.0439	113.8721
-0.0612	69.872	-10.0509	-0.0442	113.8727
-0.0618	69.8723	-10.051	-0.0446	113.8733
-0.0623	69.8726	-10.0512	-0.045	113.874
-0.0629	69.8729	-10.0513	-0.0454	113.8746
-0.0635	69.8732	-10.0515	-0.0458	113.8753
-0.0641	69.8735	-10.0516	-0.0462	113.8759
-0.0647	69.8738	-10.0518	-0.0466	113.8766
-0.0653	69.8741	-10.0519	-0.047	113.8772
-0.0658	69.8744	-10.0521	-0.0474	113.8779
-0.0664	69.8748	-10.0523	-0.0478	113.8786
-0.067	69.8751	-10.0524	-0.0482	113.8792
-0.0677	69.8754	-10.0526	-0.0487	113.8799
-0.0683	69.8757	-10.0527	-0.0491	113.8806
-0.0689	69.8761	-10.0529	-0.0495	113.8813
-0.0695	69.8764	-10.053	-0.0499	113.882
-0.0701	69.8767	-10.0532	-0.0503	113.8826
-0.0707	69.8771	-10.0534	-0.0508	113.8833
-0.0714	69.8774	-10.0535	-0.0512	113.884
-0.072	69.8777	-10.0537	-0.0516	113.8847
-0.0726	69.8781	-10.0539	-0.0521	113.8855
-0.0733	69.8784	-10.054	-0.0525	113.8862
-0.0739	69.8787	-10.0542	-0.0529	113.8869
-0.0745	69.8791	-10.0544	-0.0534	113.8876
-0.0752	69.8794	-10.0545	-0.0538	113.8883
-0.0758	69.8798	-10.0547	-0.0543	113.8891
-0.0765	69.8801	-10.0549	-0.0547	113.8898
-0.0772	69.8805	-10.0551	-0.0552	113.8905
-0.0778	69.8808	-10.0552	-0.0556	113.8913
-0.0785	69.8812	-10.0554	-0.0561	113.892
-0.0792	69.8816	-10.0556	-0.0565	113.8928
-0.0798	69.8819	-10.0558	-0.057	113.8935
-0.0805	69.8823	-10.0559	-0.0575	113.8943
-0.0812	69.8827	-10.0561	-0.0579	113.895
-0.0819	69.883	-10.0563	-0.0584	113.8958
-0.0826	69.8834	-10.0565	-0.0589	113.8966
-0.0833	69.8838	-10.0567	-0.0594	113.8973
-0.084	69.8841	-10.0568	-0.0598	113.8981
-0.0847	69.8845	-10.057	-0.0603	113.8989
-0.0854	69.8849	-10.0572	-0.0608	113.8997
-0.0861	69.8853	-10.0574	-0.0613	113.9005
-0.0868	69.8857	-10.0576	-0.0618	113.9013
-0.0875	69.886	-10.0578	-0.0623	113.9021
-0.0883	69.8864	-10.058	-0.0628	113.9029
-0.089	69.8868	-10.0581	-0.0632	113.9037
-0.0897	69.8872	-10.0583	-0.0637	113.9045
-0.0904	69.8876	-10.0585	-0.0642	113.9053
-0.0912	69.888	-10.0587	-0.0648	113.9062
-0.0919	69.8884	-10.0589	-0.0653	113.907
-0.0927	69.8888	-10.0591	-0.0658	113.9078
-0.0934	69.8892	-10.0593	-0.0663	113.9087
-0.0942	69.8896	-10.0595	-0.0668	113.9095
-0.0949	69.89	-10.0597	-0.0673	113.9103
-0.0957	69.8904	-10.0599	-0.0678	113.9112
-0.0965	69.8908	-10.0601	-0.0684	113.912
-0.0972	69.8912	-10.0603	-0.0689	113.9129
-0.098	69.8916	-10.0605	-0.0694	113.9138
-0.0988	69.892	-10.0607	-0.0699	113.9146
-0.0996	69.8925	-10.0609	-0.0705	113.9155
-0.1003	69.8929	-10.0611	-0.071	113.9164
-0.1011	69.8933	-10.0613	-0.0716	113.9173
-0.1019	69.8937	-10.0615	-0.0721	113.9181
-0.1027	69.8942	-10.0617	-0.0727	113.919
-0.1035	69.8946	-10.0619	-0.0732	113.9199
-0.1043	69.895	-10.0622	-0.0737	113.9208
-0.1051	69.8954	-10.0624	-0.0743	113.9217
-0.106	69.8959	-10.0626	-0.0749	113.9226
-0.1068	69.8963	-10.0628	-0.0754	113.9236
-0.1076	69.8968	-10.063	-0.076	113.9245
-0.1084	69.8972	-10.0632	-0.0765	113.9254
-0.1093	69.8976	-10.0634	-0.0771	113.9263
-0.1101	69.8981	-10.0637	-0.0777	113.9272
-0.1109	69.8985	-10.0639	-0.0783	113.9282
-0.1118	69.899	-10.0641	-0.0788	113.9291
-0.1126	69.8994	-10.0643	-0.0794	113.9301
-0.1135	69.8999	-10.0645	-0.08	113.931
-0.1143	69.9004	-10.0648	-0.0806	113.932
-0.1152	69.9008	-10.065	-0.0812	113.9329
-0.116	69.9013	-10.0652	-0.0818	113.9339
-0.1169	69.9017	-10.0654	-0.0824	113.9349
-0.1178	69.9022	-10.0657	-0.083	113.9358
-0.1187	69.9027	-10.0659	-0.0836	113.9368
-0.1195	69.9031	-10.0661	-0.0842	113.9378
-0.1204	69.9036	-10.0664	-0.0848	113.9388
-0.1213	69.9041	-10.0666	-0.0854	113.9398
-0.1222	69.9046	-10.0668	-0.086	113.9408
-0.1231	69.9051	-10.0671	-0.0866	113.9418
-0.124	69.9055	-10.0673	-0.0872	113.9428
-0.1249	69.906	-10.0675	-0.0878	113.9438
-0.1258	69.9065	-10.0678	-0.0885	113.9448
-0.1267	69.907	-10.068	-0.0891	113.9458
-0.1277	69.9075	-10.0682	-0.0897	113.9469
-0.1286	69.908	-10.0685	-0.0903	113.9479
-0.1295	69.9085	-10.0687	-0.091	113.9489
-0.1304	69.909	-10.069	-0.0916	113.95
-0.1314	69.9095	-10.0692	-0.0923	113.951
-0.1323	69.91	-10.0695	-0.0929	113.952
-0.1333	69.9105	-10.0697	-0.0935	113.9531
-0.1342	69.911	-10.07	-0.0942	113.9542
-0.1352	69.9115	-10.0702	-0.0948	113.9552
-0.1361	69.912	-10.0705	-0.0955	113.9563
-0.1371	69.9125	-10.0707	-0.0962	113.9574
-0.1381	69.913	-10.071	-0.0968	113.9584
-0.139	69.9136	-10.0712	-0.0975	113.9595
-0.14	69.9141	-10.0715	-0.0981	113.9606
-0.141	69.9146	-10.0717	-0.0988	113.9617
-0.142	69.9151	-10.072	-0.0995	113.9628
-0.1429	69.9157	-10.0722	-0.1002	113.9639
-0.1439	69.9162	-10.0725	-0.1008	113.965
-0.1449	69.9167	-10.0728	-0.1015	113.9661
-0.1459	69.9173	-10.073	-0.1022	113.9672
-0.1469	69.9178	-10.0733	-0.1029	113.9684
-0.148	69.9183	-10.0736	-0.1036	113.9695
-0.149	69.9189	-10.0738	-0.1043	113.9706
-0.15	69.9194	-10.0741	-0.105	113.9718
-0.151	69.92	-10.0744	-0.1057	113.9729
-0.152	69.9205	-10.0746	-0.1064	113.9741
-0.1531	69.9211	-10.0749	-0.1071	113.9752
-0.1541	69.9216	-10.0752	-0.1078	113.9764
-0.1552	69.9222	-10.0754	-0.1085	113.9775
-0.1562	69.9227	-10.0757	-0.1092	113.9787
-0.1573	69.9233	-10.076	-0.11	113.9799
-0.1583	69.9239	-10.0763	-0.1107	113.981
-0.1594	69.9244	-10.0765	-0.1114	113.9822
-0.1604	69.925	-10.0768	-0.1121	113.9834
-0.1615	69.9256	-10.0771	-0.1129	113.9846
-0.1626	69.9262	-10.0774	-0.1136	113.9858
-0.1637	69.9267	-10.0777	-0.1143	113.987
-0.1647	69.9273	-10.0779	-0.1151	113.9882
-0.1658	69.9279	-10.0782	-0.1158	113.9894
-0.1669	69.9285	-10.0785	-0.1166	113.9906
-0.168	69.9291	-10.0788	-0.1173	113.9919
-0.1691	69.9296	-10.0791	-0.1181	113.9931
-0.1702	69.9302	-10.0794	-0.1188	113.9943
-0.1713	69.9308	-10.0797	-0.1196	113.9956
-0.1724	69.9314	-10.08	-0.1203	113.9968
-0.1736	69.932	-10.0802	-0.1211	113.9981
-0.1747	69.9326	-10.0805	-0.1219	113.9993
-0.1758	69.9332	-10.0808	-0.1227	114.0006
-0.1769	69.9338	-10.0811	-0.1234	114.0018
-0.1781	69.9344	-10.0814	-0.1242	114.0031
-0.1792	69.9351	-10.0817	-0.125	114.0044
-0.1804	69.9357	-10.082	-0.1258	114.0057
-0.1815	69.9363	-10.0823	-0.1266	114.0069
-0.1827	69.9369	-10.0826	-0.1273	114.0082
-0.1838	69.9375	-10.0829	-0.1281	114.0095
-0.185	69.9381	-10.0832	-0.1289	114.0108
-0.1862	69.9388	-10.0835	-0.1297	114.0121
-0.1874	69.9394	-10.0838	-0.1305	114.0134
-0.1885	69.94	-10.0842	-0.1314	114.0148
-0.1897	69.9407	-10.0845	-0.1322	114.0161
-0.1909	69.9413	-10.0848	-0.133	114.0174
-0.1921	69.9419	-10.0851	-0.1338	114.0187
-0.1933	69.9426	-10.0854	-0.1346	114.0201
-0.1945	69.9432	-10.0857	-0.1354	114.0214
-0.1957	69.9439	-10.086	-0.1363	114.0228
-0.1969	69.9445	-10.0864	-0.1371	114.0241
-0.1981	69.9452	-10.0867	-0.1379	114.0255
-0.1994	69.9458	-10.087	-0.1388	114.0268
-0.2006	69.9465	-10.0873	-0.1396	114.0282
-0.2018	69.9471	-10.0876	-0.1404	114.0296
-0.2031	69.9478	-10.088	-0.1413	114.031
-0.2043	69.9485	-10.0883	-0.1421	114.0324
-0.2056	69.9491	-10.0886	-0.143	114.0337
-0.2068	69.9498	-10.0889	-0.1438	114.0351
-0.2081	69.9505	-10.0893	-0.1447	114.0365
-0.2093	69.9511	-10.0896	-0.1456	114.0379
-0.2106	69.9518	-10.0899	-0.1464	114.0394
-0.2119	69.9525	-10.0903	-0.1473	114.0408
-0.2131	69.9532	-10.0906	-0.1482	114.0422
-0.2144	69.9539	-10.0909	-0.1491	114.0436
-0.2157	69.9545	-10.0913	-0.1499	114.0451
-0.217	69.9552	-10.0916	-0.1508	114.0465
-0.2183	69.9559	-10.0919	-0.1517	114.0479
-0.2196	69.9566	-10.0923	-0.1526	114.0494
-0.2209	69.9573	-10.0926	-0.1535	114.0508
-0.2222	69.958	-10.093	-0.1544	114.0523
-0.2235	69.9587	-10.0933	-0.1553	114.0538
-0.2248	69.9594	-10.0936	-0.1562	114.0552
-0.2261	69.9601	-10.094	-0.1571	114.0567
-0.2275	69.9608	-10.0943	-0.158	114.0582
-0.2288	69.9616	-10.0947	-0.1589	114.0597
-0.2301	69.9623	-10.095	-0.1598	114.0612
-0.2315	69.963	-10.0954	-0.1607	114.0627
-0.2328	69.9637	-10.0957	-0.1617	114.0642
-0.2342	69.9644	-10.0961	-0.1626	114.0657
-0.2355	69.9652	-10.0964	-0.1635	114.0672
-0.2369	69.9659	-10.0968	-0.1644	114.0687
-0.2383	69.9666	-10.0972	-0.1654	114.0703
-0.2397	69.9674	-10.0975	-0.1663	114.0718
-0.241	69.9681	-10.0979	-0.1673	114.0733
-0.2424	69.9688	-10.0982	-0.1682	114.0749
-0.2438	69.9696	-10.0986	-0.1692	114.0764
-0.2452	69.9703	-10.099	-0.1701	114.078
-0.2466	69.9711	-10.0993	-0.1711	114.0795
-0.248	69.9718	-10.0997	-0.172	114.0811
-0.2494	69.9726	-10.1001	-0.173	114.0827
-0.2508	69.9733	-10.1004	-0.174	114.0842
-0.2522	69.9741	-10.1008	-0.1749	114.0858
-0.2537	69.9748	-10.1012	-0.1759	114.0874
-0.2551	69.9756	-10.1015	-0.1769	114.089
-0.2565	69.9764	-10.1019	-0.1779	114.0906
-0.258	69.9771	-10.1023	-0.1788	114.0922
-0.2594	69.9779	-10.1027	-0.1798	114.0938
-0.2608	69.9787	-10.1031	-0.1808	114.0954
-0.2623	69.9795	-10.1034	-0.1818	114.097
-0.2638	69.9802	-10.1038	-0.1828	114.0987
-0.2652	69.981	-10.1042	-0.1838	114.1003
-0.2667	69.9818	-10.1046	-0.1848	114.1019
-0.2682	69.9826	-10.105	-0.1858	114.1036
-0.2696	69.9834	-10.1054	-0.1868	114.1052
-0.2711	69.9842	-10.1057	-0.1878	114.1069
-0.2726	69.985	-10.1061	-0.1889	114.1085
-0.2741	69.9858	-10.1065	-0.1899	114.1102
-0.2756	69.9866	-10.1069	-0.1909	114.1119
-0.2771	69.9874	-10.1073	-0.1919	114.1136
-0.2786	69.9882	-10.1077	-0.193	114.1152
-0.2801	69.989	-10.1081	-0.194	114.1169
-0.2816	69.9898	-10.1085	-0.195	114.1186
-0.2832	69.9906	-10.1089	-0.1961	114.1203
-0.2847	69.9914	-10.1093	-0.1971	114.122
-0.2862	69.9923	-10.1097	-0.1982	114.1237
-0.2878	69.9931	-10.1101	-0.1992	114.1255
-0.2893	69.9939	-10.1105	-0.2003	114.1272
-0.2909	69.9947	-10.1109	-0.2014	114.1289
-0.2924	69.9956	-10.1113	-0.2024	114.1306
-0.294	69.9964	-10.1117	-0.2035	114.1324
-0.2955	69.9972	-10.1121	-0.2046	114.1341
-0.2971	69.9981	-10.1125	-0.2056	114.1359
-0.2987	69.9989	-10.1129	-0.2067	114.1376
-0.3003	69.9998	-10.1134	-0.2078	114.1394
-0.3019	70.0006	-10.1138	-0.2089	114.1412
-0.3034	70.0015	-10.1142	-0.21	114.1429
-0.305	70.0023	-10.1146	-0.2111	114.1447
-0.3066	70.0032	-10.115	-0.2121	114.1465
-0.3082	70.004	-10.1154	-0.2132	114.1483
-0.3099	70.0049	-10.1159	-0.2143	114.1501
-0.3115	70.0058	-10.1163	-0.2155	114.1519
-0.3131	70.0066	-10.1167	-0.2166	114.1537
-0.3147	70.0075	-10.1171	-0.2177	114.1555
-0.3164	70.0084	-10.1176	-0.2188	114.1574
-0.318	70.0092	-10.118	-0.2199	114.1592
-0.3196	70.0101	-10.1184	-0.221	114.161
-0.3213	70.011	-10.1188	-0.2222	114.1629
-0.3229	70.0119	-10.1193	-0.2233	114.1647
-0.3246	70.0128	-10.1197	-0.2244	114.1665
-0.3263	70.0137	-10.1201	-0.2256	114.1684
-0.3279	70.0145	-10.1206	-0.2267	114.1703
-0.3296	70.0154	-10.121	-0.2279	114.1721
-0.3313	70.0163	-10.1215	-0.229	114.174
-0.333	70.0172	-10.1219	-0.2302	114.1759
-0.3347	70.0181	-10.1223	-0.2313	114.1778
-0.3364	70.0191	-10.1228	-0.2325	114.1797
-0.3381	70.02	-10.1232	-0.2336	114.1816
-0.3398	70.0209	-10.1237	-0.2348	114.1835
-0.3415	70.0218	-10.1241	-0.236	114.1854
-0.3432	70.0227	-10.1246	-0.2371	114.1873
-0.3449	70.0236	-10.125	-0.2383	114.1892
-0.3466	70.0246	-10.1255	-0.2395	114.1911
-0.3484	70.0255	-10.1259	-0.2407	114.1931
-0.3501	70.0264	-10.1264	-0.2419	114.195
-0.3519	70.0273	-10.1268	-0.2431	114.197
-0.3536	70.0283	-10.1273	-0.2443	114.1989
-0.3554	70.0292	-10.1278	-0.2455	114.2009
-0.3571	70.0302	-10.1282	-0.2467	114.2028
-0.3589	70.0311	-10.1287	-0.2479	114.2048
-0.3607	70.032	-10.1291	-0.2491	114.2068
-0.3624	70.033	-10.1296	-0.2503	114.2087
-0.3642	70.0339	-10.1301	-0.2515	114.2107
-0.366	70.0349	-10.1305	-0.2527	114.2127
-0.3678	70.0359	-10.131	-0.254	114.2147
-0.3696	70.0368	-10.1315	-0.2552	114.2167
-0.3714	70.0378	-10.1319	-0.2564	114.2187
-0.3732	70.0387	-10.1324	-0.2577	114.2208
-0.375	70.0397	-10.1329	-0.2589	114.2228
-0.3768	70.0407	-10.1334	-0.2602	114.2248
-0.3786	70.0417	-10.1338	-0.2614	114.2268
-0.3805	70.0426	-10.1343	-0.2627	114.2289
-0.3823	70.0436	-10.1348	-0.2639	114.2309
-0.3842	70.0446	-10.1353	-0.2652	114.233
-0.386	70.0456	-10.1358	-0.2664	114.235
-0.3878	70.0466	-10.1362	-0.2677	114.2371
-0.3897	70.0476	-10.1367	-0.269	114.2392
-0.3916	70.0486	-10.1372	-0.2702	114.2413
-0.3934	70.0496	-10.1377	-0.2715	114.2433
-0.3953	70.0506	-10.1382	-0.2728	114.2454
-0.3972	70.0516	-10.1387	-0.2741	114.2475
-0.3991	70.0526	-10.1392	-0.2754	114.2496
-0.401	70.0536	-10.1397	-0.2767	114.2517
-0.4029	70.0546	-10.1402	-0.278	114.2538
-0.4048	70.0556	-10.1407	-0.2793	114.256
-0.4067	70.0566	-10.1412	-0.2806	114.2581
-0.4086	70.0577	-10.1417	-0.2819	114.2602
-0.4105	70.0587	-10.1422	-0.2832	114.2624
-0.4124	70.0597	-10.1427	-0.2845	114.2645
-0.4143	70.0607	-10.1432	-0.2858	114.2666
-0.4163	70.0618	-10.1437	-0.2871	114.2688
-0.4182	70.0628	-10.1442	-0.2885	114.271
-0.4201	70.0638	-10.1447	-0.2898	114.2731
-0.4221	70.0649	-10.1452	-0.2911	114.2753
-0.4241	70.0659	-10.1457	-0.2925	114.2775
-0.426	70.067	-10.1462	-0.2938	114.2797
-0.428	70.068	-10.1467	-0.2951	114.2819
-0.4299	70.0691	-10.1472	-0.2965	114.2841
-0.4319	70.0701	-10.1478	-0.2978	114.2863
-0.4339	70.0712	-10.1483	-0.2992	114.2885
-0.4359	70.0723	-10.1488	-0.3006	114.2907
-0.4379	70.0733	-10.1493	-0.3019	114.2929
-0.4399	70.0744	-10.1498	-0.3033	114.2952
-0.4419	70.0755	-10.1504	-0.3047	114.2974
-0.4439	70.0765	-10.1509	-0.306	114.2996
-0.4459	70.0776	-10.1514	-0.3074	114.3019
-0.4479	70.0787	-10.1519	-0.3088	114.3041
-0.45	70.0798	-10.1525	-0.3102	114.3064
-0.452	70.0809	-10.153	-0.3116	114.3087
-0.454	70.082	-10.1535	-0.313	114.3109
-0.4561	70.0831	-10.1541	-0.3144	114.3132
-0.4581	70.0841	-10.1546	-0.3158	114.3155
-0.4602	70.0852	-10.1551	-0.3172	114.3178
-0.4622	70.0863	-10.1557	-0.3186	114.3201
-0.4643	70.0875	-10.1562	-0.32	114.3224
-0.4664	70.0886	-10.1568	-0.3214	114.3247
-0.4685	70.0897	-10.1573	-0.3228	114.327
-0.4705	70.0908	-10.1578	-0.3243	114.3293
-0.4726	70.0919	-10.1584	-0.3257	114.3317
-0.4747	70.093	-10.1589	-0.3271	114.334
-0.4768	70.0941	-10.1595	-0.3286	114.3363
-0.4789	70.0953	-10.16	-0.33	114.3387
-0.481	70.0964	-10.1606	-0.3314	114.3411
-0.4831	70.0975	-10.1611	-0.3329	114.3434
-0.4853	70.0987	-10.1617	-0.3343	114.3458
-0.4874	70.0998	-10.1623	-0.3358	114.3482
-0.4895	70.1009	-10.1628	-0.3373	114.3505
-0.4917	70.1021	-10.1634	-0.3387	114.3529
-0.4938	70.1032	-10.1639	-0.3402	114.3553
-0.496	70.1044	-10.1645	-0.3417	114.3577
-0.4981	70.1055	-10.1651	-0.3431	114.3601
-0.5003	70.1067	-10.1656	-0.3446	114.3625
-0.5024	70.1078	-10.1662	-0.3461	114.3649
-0.5046	70.109	-10.1668	-0.3476	114.3674
-0.5068	70.1102	-10.1673	-0.3491	114.3698
-0.509	70.1113	-10.1679	-0.3506	114.3722
-0.5112	70.1125	-10.1685	-0.3521	114.3747
-0.5134	70.1137	-10.169	-0.3536	114.3771
-0.5156	70.1149	-10.1696	-0.3551	114.3796
-0.5178	70.116	-10.1702	-0.3566	114.382
-0.52	70.1172	-10.1708	-0.3581	114.3845
-0.5222	70.1184	-10.1713	-0.3596	114.387
-0.5244	70.1196	-10.1719	-0.3611	114.3895
-0.5267	70.1208	-10.1725	-0.3626	114.3919
-0.5289	70.122	-10.1731	-0.3642	114.3944
-0.5311	70.1232	-10.1737	-0.3657	114.3969
-0.5334	70.1244	-10.1743	-0.3672	114.3994
-0.5356	70.1256	-10.1749	-0.3688	114.402
-0.5379	70.1268	-10.1754	-0.3703	114.4045
-0.5401	70.128	-10.176	-0.3719	114.407
-0.5424	70.1292	-10.1766	-0.3734	114.4095
-0.5447	70.1304	-10.1772	-0.375	114.4121
-0.547	70.1316	-10.1778	-0.3765	114.4146
-0.5493	70.1329	-10.1784	-0.3781	114.4172
-0.5515	70.1341	-10.179	-0.3797	114.4197
-0.5538	70.1353	-10.1796	-0.3813	114.4223
-0.5561	70.1365	-10.1802	-0.3828	114.4248
-0.5585	70.1378	-10.1808	-0.3844	114.4274
-0.5608	70.139	-10.1814	-0.386	114.43
-0.5631	70.1403	-10.182	-0.3876	114.4326
-0.5654	70.1415	-10.1826	-0.3892	114.4352
-0.5677	70.1428	-10.1833	-0.3908	114.4378
-0.5701	70.144	-10.1839	-0.3924	114.4404
-0.5724	70.1453	-10.1845	-0.394	114.443
-0.5748	70.1465	-10.1851	-0.3956	114.4456
-0.5771	70.1478	-10.1857	-0.3972	114.4483
-0.5795	70.149	-10.1863	-0.3988	114.4509
-0.5819	70.1503	-10.1869	-0.4004	114.4535
-0.5842	70.1516	-10.1876	-0.402	114.4562
-0.5866	70.1528	-10.1882	-0.4037	114.4588
-0.589	70.1541	-10.1888	-0.4053	114.4615
-0.5914	70.1554	-10.1894	-0.4069	114.4642
-0.5938	70.1567	-10.1901	-0.4086	114.4668
-0.5962	70.158	-10.1907	-0.4102	114.4695
-0.5986	70.1592	-10.1913	-0.4119	114.4722
-0.601	70.1605	-10.1919	-0.4135	114.4749
-0.6034	70.1618	-10.1926	-0.4152	114.4776
-0.6058	70.1631	-10.1932	-0.4168	114.4803
-0.6083	70.1644	-10.1938	-0.4185	114.483
-0.6107	70.1657	-10.1945	-0.4202	114.4857
-0.6132	70.167	-10.1951	-0.4218	114.4884
-0.6156	70.1683	-10.1958	-0.4235	114.4912
-0.6181	70.1696	-10.1964	-0.4252	114.4939
-0.6205	70.171	-10.197	-0.4269	114.4966
-0.623	70.1723	-10.1977	-0.4285	114.4994
-0.6254	70.1736	-10.1983	-0.4302	114.5022
-0.6279	70.1749	-10.199	-0.4319	114.5049
-0.6304	70.1762	-10.1996	-0.4336	114.5077
-0.6329	70.1776	-10.2003	-0.4353	114.5105
-0.6354	70.1789	-10.2009	-0.437	114.5132
-0.6379	70.1802	-10.2016	-0.4387	114.516
-0.6404	70.1816	-10.2022	-0.4405	114.5188
-0.6429	70.1829	-10.2029	-0.4422	114.5216
-0.6454	70.1843	-10.2036	-0.4439	114.5244
-0.6479	70.1856	-10.2042	-0.4456	114.5273
-0.6505	70.187	-10.2049	-0.4474	114.5301
-0.653	70.1883	-10.2055	-0.4491	114.5329
-0.6555	70.1897	-10.2062	-0.4508	114.5357
-0.6581	70.191	-10.2069	-0.4526	114.5386
-0.6606	70.1924	-10.2075	-0.4543	114.5414
-0.6632	70.1938	-10.2082	-0.4561	114.5443
-0.6658	70.1952	-10.2089	-0.4578	114.5471
-0.6683	70.1965	-10.2095	-0.4596	114.55
-0.6709	70.1979	-10.2102	-0.4613	114.5529
-0.6735	70.1993	-10.2109	-0.4631	114.5558
-0.6761	70.2007	-10.2116	-0.4649	114.5586
-0.6787	70.2021	-10.2122	-0.4666	114.5615
-0.6813	70.2034	-10.2129	-0.4684	114.5644
-0.6839	70.2048	-10.2136	-0.4702	114.5673
-0.6865	70.2062	-10.2143	-0.472	114.5703
-0.6891	70.2076	-10.215	-0.4738	114.5732
-0.6917	70.209	-10.2157	-0.4756	114.5761
-0.6944	70.2104	-10.2163	-0.4774	114.579
-0.697	70.2118	-10.217	-0.4792	114.582
-0.6996	70.2133	-10.2177	-0.481	114.5849
-0.7023	70.2147	-10.2184	-0.4828	114.5879
-0.7049	70.2161	-10.2191	-0.4846	114.5908
-0.7076	70.2175	-10.2198	-0.4864	114.5938
-0.7103	70.2189	-10.2205	-0.4883	114.5968
-0.7129	70.2204	-10.2212	-0.4901	114.5997
-0.7156	70.2218	-10.2219	-0.4919	114.6027
-0.7183	70.2232	-10.2226	-0.4937	114.6057
-0.721	70.2247	-10.2233	-0.4956	114.6087
-0.7237	70.2261	-10.224	-0.4974	114.6117
-0.7264	70.2275	-10.2247	-0.4993	114.6147
-0.7291	70.229	-10.2254	-0.5011	114.6178
-0.7318	70.2304	-10.2261	-0.503	114.6208
-0.7345	70.2319	-10.2268	-0.5048	114.6238
-0.7372	70.2334	-10.2275	-0.5067	114.6268
-0.74	70.2348	-10.2283	-0.5086	114.6299
-0.7427	70.2363	-10.229	-0.5104	114.6329
-0.7454	70.2377	-10.2297	-0.5123	114.636
-0.7482	70.2392	-10.2304	-0.5142	114.6391
-0.7509	70.2407	-10.2311	-0.5161	114.6421
-0.7537	70.2422	-10.2318	-0.518	114.6452
-0.7565	70.2436	-10.2326	-0.5199	114.6483
-0.7592	70.2451	-10.2333	-0.5217	114.6514
-0.762	70.2466	-10.234	-0.5236	114.6545
-0.7648	70.2481	-10.2347	-0.5256	114.6576
-0.7676	70.2496	-10.2355	-0.5275	114.6607
-0.7704	70.2511	-10.2362	-0.5294	114.6638
-0.7732	70.2526	-10.2369	-0.5313	114.6669
-0.776	70.2541	-10.2377	-0.5332	114.6701
-0.7788	70.2556	-10.2384	-0.5351	114.6732
-0.7816	70.2571	-10.2391	-0.5371	114.6764
-0.7844	70.2586	-10.2399	-0.539	114.6795
-0.7873	70.2601	-10.2406	-0.5409	114.6827
-0.7901	70.2616	-10.2414	-0.5429	114.6858
-0.7929	70.2631	-10.2421	-0.5448	114.689
-0.7958	70.2647	-10.2428	-0.5468	114.6922
-0.7986	70.2662	-10.2436	-0.5487	114.6954
-0.8015	70.2677	-10.2443	-0.5507	114.6985
-0.8044	70.2692	-10.2451	-0.5526	114.7017
-0.8072	70.2708	-10.2458	-0.5546	114.7049
-0.8101	70.2723	-10.2466	-0.5566	114.7082
-0.813	70.2739	-10.2473	-0.5585	114.7114
-0.8159	70.2754	-10.2481	-0.5605	114.7146
-0.8188	70.277	-10.2489	-0.5625	114.7178
-0.8217	70.2785	-10.2496	-0.5645	114.7211
-0.8246	70.2801	-10.2504	-0.5665	114.7243
-0.8275	70.2816	-10.2511	-0.5685	114.7276
-0.8304	70.2832	-10.2519	-0.5705	114.7308
-0.8334	70.2847	-10.2527	-0.5725	114.7341
-0.8363	70.2863	-10.2534	-0.5745	114.7374
-0.8392	70.2879	-10.2542	-0.5765	114.7406
-0.8422	70.2895	-10.255	-0.5785	114.7439
-0.8451	70.291	-10.2557	-0.5805	114.7472
-0.8481	70.2926	-10.2565	-0.5825	114.7505
-0.851	70.2942	-10.2573	-0.5846	114.7538
-0.854	70.2958	-10.2581	-0.5866	114.7571
-0.857	70.2974	-10.2588	-0.5886	114.7604
-0.86	70.299	-10.2596	-0.5907	114.7638
-0.8629	70.3006	-10.2604	-0.5927	114.7671
-0.8659	70.3022	-10.2612	-0.5947	114.7704
-0.8689	70.3038	-10.262	-0.5968	114.7738
-0.8719	70.3054	-10.2627	-0.5989	114.7771
-0.8749	70.307	-10.2635	-0.6009	114.7805
-0.878	70.3086	-10.2643	-0.603	114.7838
-0.881	70.3102	-10.2651	-0.605	114.7872
-0.884	70.3118	-10.2659	-0.6071	114.7906
-0.887	70.3134	-10.2667	-0.6092	114.794
-0.8901	70.3151	-10.2675	-0.6113	114.7974
-0.8931	70.3167	-10.2683	-0.6134	114.8008
-0.8962	70.3183	-10.2691	-0.6154	114.8042
-0.8992	70.32	-10.2699	-0.6175	114.8076
-0.9023	70.3216	-10.2707	-0.6196	114.811
-0.9054	70.3232	-10.2715	-0.6217	114.8144
-0.9085	70.3249	-10.2723	-0.6238	114.8179
-0.9115	70.3265	-10.2731	-0.6259	114.8213
-0.9146	70.3282	-10.2739	-0.6281	114.8247
-0.9177	70.3298	-10.2747	-0.6302	114.8282
-0.9208	70.3315	-10.2755	-0.6323	114.8317
-0.9239	70.3332	-10.2763	-0.6344	114.8351
-0.927	70.3348	-10.2771	-0.6365	114.8386
-0.9302	70.3365	-10.278	-0.6387	114.8421
-0.9333	70.3382	-10.2788	-0.6408	114.8456
-0.9364	70.3398	-10.2796	-0.643	114.849
-0.9395	70.3415	-10.2804	-0.6451	114.8525
-0.9427	70.3432	-10.2812	-0.6473	114.8561
-0.9458	70.3449	-10.2821	-0.6494	114.8596
-0.949	70.3466	-10.2829	-0.6516	114.8631
-0.9522	70.3482	-10.2837	-0.6537	114.8666
-0.9553	70.3499	-10.2845	-0.6559	114.8701
-0.9585	70.3516	-10.2854	-0.6581	114.8737
-0.9617	70.3533	-10.2862	-0.6602	114.8772
-0.9649	70.355	-10.287	-0.6624	114.8808
-0.968	70.3567	-10.2879	-0.6646	114.8843
-0.9712	70.3585	-10.2887	-0.6668	114.8879
-0.9744	70.3602	-10.2895	-0.669	114.8915
-0.9777	70.3619	-10.2904	-0.6712	114.8951
-0.9809	70.3636	-10.2912	-0.6734	114.8986
-0.9841	70.3653	-10.2921	-0.6756	114.9022
-0.9873	70.367	-10.2929	-0.6778	114.9058
-0.9906	70.3688	-10.2937	-0.68	114.9094
-0.9938	70.3705	-10.2946	-0.6822	114.9131
-0.997	70.3722	-10.2954	-0.6844	114.9167
-1.0003	70.374	-10.2963	-0.6867	114.9203
-1.0035	70.3757	-10.2971	-0.6889	114.9239
-1.0068	70.3775	-10.298	-0.6911	114.9276
-1.0101	70.3792	-10.2988	-0.6934	114.9312
-1.0134	70.381	-10.2997	-0.6956	114.9349
-1.0166	70.3827	-10.3006	-0.6978	114.9385
-1.0199	70.3845	-10.3014	-0.7001	114.9422
-1.0232	70.3862	-10.3023	-0.7023	114.9459
-1.0265	70.388	-10.3031	-0.7046	114.9496
-1.0298	70.3898	-10.304	-0.7069	114.9533
-1.0331	70.3915	-10.3049	-0.7091	114.957
-1.0365	70.3933	-10.3057	-0.7114	114.9607
-1.0398	70.3951	-10.3066	-0.7137	114.9644
-1.0431	70.3969	-10.3075	-0.7159	114.9681
-1.0465	70.3987	-10.3083	-0.7182	114.9718
-1.0498	70.4004	-10.3092	-0.7205	114.9755
-1.0531	70.4022	-10.3101	-0.7228	114.9793
-1.0565	70.404	-10.311	-0.7251	114.983
-1.0599	70.4058	-10.3119	-0.7274	114.9868
-1.0632	70.4076	-10.3127	-0.7297	114.9905
-1.0666	70.4094	-10.3136	-0.732	114.9943
-1.07	70.4112	-10.3145	-0.7343	114.998
-1.0734	70.413	-10.3154	-0.7366	115.0018
-1.0768	70.4149	-10.3163	-0.739	115.0056
-1.0802	70.4167	-10.3172	-0.7413	115.0094
-1.0836	70.4185	-10.318	-0.7436	115.0132
-1.087	70.4203	-10.3189	-0.7459	115.017
-1.0904	70.4221	-10.3198	-0.7483	115.0208
-1.0938	70.424	-10.3207	-0.7506	115.0246
-1.0972	70.4258	-10.3216	-0.753	115.0284
-1.1007	70.4276	-10.3225	-0.7553	115.0323
-1.1041	70.4295	-10.3234	-0.7577	115.0361
-1.1075	70.4313	-10.3243	-0.76	115.04
-1.111	70.4332	-10.3252	-0.7624	115.0438
-1.1145	70.435	-10.3261	-0.7648	115.0477
-1.1179	70.4369	-10.327	-0.7671	115.0515
-1.1214	70.4387	-10.3279	-0.7695	115.0554
-1.1249	70.4406	-10.3288	-0.7719	115.0593
-1.1284	70.4424	-10.3297	-0.7743	115.0632
-1.1318	70.4443	-10.3307	-0.7766	115.0671
-1.1353	70.4462	-10.3316	-0.779	115.071
-1.1388	70.448	-10.3325	-0.7814	115.0749
-1.1423	70.4499	-10.3334	-0.7838	115.0788
-1.1459	70.4518	-10.3343	-0.7862	115.0827
-1.1494	70.4537	-10.3352	-0.7886	115.0866
-1.1529	70.4556	-10.3362	-0.7911	115.0906
-1.1564	70.4575	-10.3371	-0.7935	115.0945
-1.16	70.4593	-10.338	-0.7959	115.0984
-1.1635	70.4612	-10.3389	-0.7983	115.1024
-1.1671	70.4631	-10.3399	-0.8007	115.1064
-1.1706	70.465	-10.3408	-0.8032	115.1103
-1.1742	70.4669	-10.3417	-0.8056	115.1143
-1.1777	70.4688	-10.3427	-0.8081	115.1183
-1.1813	70.4708	-10.3436	-0.8105	115.1223
-1.1849	70.4727	-10.3445	-0.8129	115.1263
-1.1885	70.4746	-10.3455	-0.8154	115.1303
-1.1921	70.4765	-10.3464	-0.8179	115.1343
-1.1957	70.4784	-10.3473	-0.8203	115.1383
-1.1993	70.4804	-10.3483	-0.8228	115.1423
-1.2029	70.4823	-10.3492	-0.8253	115.1463
-1.2065	70.4842	-10.3502	-0.8277	115.1504
-1.2101	70.4862	-10.3511	-0.8302	115.1544
-1.2138	70.4881	-10.3521	-0.8327	115.1584
-1.2174	70.49	-10.353	-0.8352	115.1625
-1.221	70.492	-10.354	-0.8377	115.1666
-1.2247	70.4939	-10.3549	-0.8402	115.1706
-1.2283	70.4959	-10.3559	-0.8427	115.1747
-1.232	70.4979	-10.3568	-0.8452	115.1788
-1.2357	70.4998	-10.3578	-0.8477	115.1829
-1.2393	70.5018	-10.3588	-0.8502	115.187
-1.243	70.5037	-10.3597	-0.8527	115.1911
-1.2467	70.5057	-10.3607	-0.8552	115.1952
-1.2504	70.5077	-10.3616	-0.8577	115.1993
-1.2541	70.5097	-10.3626	-0.8603	115.2034
-1.2578	70.5116	-10.3636	-0.8628	115.2076
-1.2615	70.5136	-10.3645	-0.8653	115.2117
-1.2652	70.5156	-10.3655	-0.8679	115.2158
-1.2689	70.5176	-10.3665	-0.8704	115.22
-1.2727	70.5196	-10.3675	-0.873	115.2241
-1.2764	70.5216	-10.3684	-0.8755	115.2283
-1.2801	70.5236	-10.3694	-0.8781	115.2325
-1.2839	70.5256	-10.3704	-0.8806	115.2367
-1.2876	70.5276	-10.3714	-0.8832	115.2408
-1.2914	70.5296	-10.3724	-0.8858	115.245
-1.2951	70.5316	-10.3733	-0.8884	115.2492
-1.2989	70.5336	-10.3743	-0.8909	115.2534
-1.3027	70.5356	-10.3753	-0.8935	115.2576
-1.3065	70.5377	-10.3763	-0.8961	115.2619
-1.3103	70.5397	-10.3773	-0.8987	115.2661
-1.3141	70.5417	-10.3783	-0.9013	115.2703
-1.3179	70.5437	-10.3793	-0.9039	115.2746
-1.3217	70.5458	-10.3803	-0.9065	115.2788
-1.3255	70.5478	-10.3813	-0.9091	115.2831
-1.3293	70.5499	-10.3823	-0.9117	115.2873
-1.3331	70.5519	-10.3833	-0.9143	115.2916
-1.3369	70.554	-10.3843	-0.917	115.2959
-1.3408	70.556	-10.3853	-0.9196	115.3001
-1.3446	70.5581	-10.3863	-0.9222	115.3044
-1.3485	70.5601	-10.3873	-0.9248	115.3087
-1.3523	70.5622	-10.3883	-0.9275	115.313
-1.3562	70.5642	-10.3893	-0.9301	115.3173
-1.3601	70.5663	-10.3903	-0.9328	115.3216
-1.3639	70.5684	-10.3913	-0.9354	115.326
-1.3678	70.5704	-10.3923	-0.9381	115.3303
-1.3717	70.5725	-10.3933	-0.9407	115.3346
-1.3756	70.5746	-10.3944	-0.9434	115.339
-1.3795	70.5767	-10.3954	-0.9461	115.3433
-1.3834	70.5788	-10.3964	-0.9487	115.3477
-1.3873	70.5809	-10.3974	-0.9514	115.352
-1.3912	70.583	-10.3984	-0.9541	115.3564
-1.3951	70.5851	-10.3995	-0.9568	115.3608
-1.3991	70.5872	-10.4005	-0.9594	115.3652
-1.403	70.5893	-10.4015	-0.9621	115.3695
-1.4069	70.5914	-10.4025	-0.9648	115.3739
-1.4109	70.5935	-10.4036	-0.9675	115.3783
-1.4148	70.5956	-10.4046	-0.9702	115.3827
-1.4188	70.5977	-10.4056	-0.9729	115.3872
-1.4228	70.5998	-10.4067	-0.9757	115.3916
-1.4267	70.6019	-10.4077	-0.9784	115.396
-1.4307	70.6041	-10.4088	-0.9811	115.4005
-1.4347	70.6062	-10.4098	-0.9838	115.4049
-1.4387	70.6083	-10.4108	-0.9865	115.4093
-1.4427	70.6105	-10.4119	-0.9893	115.4138
-1.4467	70.6126	-10.4129	-0.992	115.4183
-1.4507	70.6148	-10.414	-0.9948	115.4227
-1.4547	70.6169	-10.415	-0.9975	115.4272
-1.4587	70.619	-10.4161	-1.0003	115.4317
-1.4627	70.6212	-10.4171	-1.003	115.4362
-1.4668	70.6234	-10.4182	-1.0058	115.4407
-1.4708	70.6255	-10.4192	-1.0085	115.4452
-1.4749	70.6277	-10.4203	-1.0113	115.4497
-1.4789	70.6298	-10.4214	-1.0141	115.4542
-1.483	70.632	-10.4224	-1.0168	115.4587
-1.487	70.6342	-10.4235	-1.0196	115.4633
-1.4911	70.6364	-10.4245	-1.0224	115.4678
-1.4952	70.6385	-10.4256	-1.0252	115.4724
-1.4992	70.6407	-10.4267	-1.028	115.4769
-1.5033	70.6429	-10.4277	-1.0308	115.4815
-1.5074	70.6451	-10.4288	-1.0336	115.486
-1.5115	70.6473	-10.4299	-1.0364	115.4906
-1.5156	70.6495	-10.4309	-1.0392	115.4952
-1.5197	70.6517	-10.432	-1.042	115.4998
-1.5239	70.6539	-10.4331	-1.0448	115.5044
-1.528	70.6561	-10.4342	-1.0476	115.509
-1.5321	70.6583	-10.4353	-1.0505	115.5136
-1.5362	70.6605	-10.4363	-1.0533	115.5182
-1.5404	70.6627	-10.4374	-1.0561	115.5228
-1.5445	70.6649	-10.4385	-1.059	115.5274
-1.5487	70.6671	-10.4396	-1.0618	115.5321
-1.5528	70.6694	-10.4407	-1.0646	115.5367
-1.557	70.6716	-10.4418	-1.0675	115.5413
-1.5612	70.6738	-10.4429	-1.0703	115.546
-1.5654	70.6761	-10.4439	-1.0732	115.5507
-1.5695	70.6783	-10.445	-1.0761	115.5553
-1.5737	70.6805	-10.4461	-1.0789	115.56
-1.5779	70.6828	-10.4472	-1.0818	115.5647
-1.5821	70.685	-10.4483	-1.0847	115.5694
-1.5863	70.6873	-10.4494	-1.0876	115.5741
-1.5905	70.6895	-10.4505	-1.0904	115.5788
-1.5948	70.6918	-10.4516	-1.0933	115.5835
-1.599	70.694	-10.4527	-1.0962	115.5882
-1.6032	70.6963	-10.4538	-1.0991	115.5929
-1.6075	70.6986	-10.4549	-1.102	115.5976
-1.6117	70.7008	-10.4561	-1.1049	115.6024
-1.616	70.7031	-10.4572	-1.1078	115.6071
-1.6202	70.7054	-10.4583	-1.1107	115.6119
-1.6245	70.7077	-10.4594	-1.1136	115.6166
-1.6287	70.7099	-10.4605	-1.1166	115.6214
-1.633	70.7122	-10.4616	-1.1195	115.6261
-1.6373	70.7145	-10.4627	-1.1224	115.6309
-1.6416	70.7168	-10.4639	-1.1253	115.6357
-1.6459	70.7191	-10.465	-1.1283	115.6405
-1.6502	70.7214	-10.4661	-1.1312	115.6453
-1.6545	70.7237	-10.4672	-1.1342	115.6501
-1.6588	70.726	-10.4684	-1.1371	115.6549
-1.6631	70.7283	-10.4695	-1.1401	115.6597
-1.6674	70.7306	-10.4706	-1.143	115.6645
-1.6718	70.7329	-10.4718	-1.146	115.6694
-1.6761	70.7353	-10.4729	-1.149	115.6742
-1.6804	70.7376	-10.474	-1.1519	115.679
-1.6848	70.7399	-10.4752	-1.1549	115.6839
-1.6891	70.7422	-10.4763	-1.1579	115.6887
-1.6935	70.7446	-10.4774	-1.1609	115.6936
-1.6979	70.7469	-10.4786	-1.1638	115.6985
-1.7022	70.7492	-10.4797	-1.1668	115.7034
-1.7066	70.7516	-10.4809	-1.1698	115.7082
-1.711	70.7539	-10.482	-1.1728	115.7131
-1.7154	70.7563	-10.4832	-1.1758	115.718
-1.7198	70.7586	-10.4843	-1.1788	115.7229
-1.7242	70.761	-10.4854	-1.1819	115.7278
-1.7286	70.7633	-10.4866	-1.1849	115.7328
-1.733	70.7657	-10.4878	-1.1879	115.7377
-1.7374	70.768	-10.4889	-1.1909	115.7426
-1.7418	70.7704	-10.4901	-1.1939	115.7475
-1.7463	70.7728	-10.4912	-1.197	115.7525
-1.7507	70.7751	-10.4924	-1.2	115.7574
-1.7552	70.7775	-10.4935	-1.203	115.7624
-1.7596	70.7799	-10.4947	-1.2061	115.7674
-1.7641	70.7823	-10.4959	-1.2091	115.7723
-1.7685	70.7847	-10.497	-1.2122	115.7773
-1.773	70.7871	-10.4982	-1.2152	115.7823
-1.7775	70.7894	-10.4994	-1.2183	115.7873
-1.7819	70.7918	-10.5005	-1.2214	115.7923
-1.7864	70.7942	-10.5017	-1.2244	115.7973
-1.7909	70.7966	-10.5029	-1.2275	115.8023
-1.7954	70.799	-10.5041	-1.2306	115.8073
-1.7999	70.8015	-10.5052	-1.2337	115.8123
-1.8044	70.8039	-10.5064	-1.2368	115.8174
-1.809	70.8063	-10.5076	-1.2398	115.8224
-1.8135	70.8087	-10.5088	-1.2429	115.8275
-1.818	70.8111	-10.51	-1.246	115.8325
-1.8225	70.8135	-10.5112	-1.2491	115.8376
-1.8271	70.816	-10.5123	-1.2522	115.8426
-1.8316	70.8184	-10.5135	-1.2554	115.8477
-1.8362	70.8208	-10.5147	-1.2585	115.8528
-1.8407	70.8233	-10.5159	-1.2616	115.8579
-1.8453	70.8257	-10.5171	-1.2647	115.8629
-1.8499	70.8282	-10.5183	-1.2678	115.868
-1.8544	70.8306	-10.5195	-1.271	115.8732
-1.859	70.833	-10.5207	-1.2741	115.8783
-1.8636	70.8355	-10.5219	-1.2772	115.8834
-1.8682	70.838	-10.5231	-1.2804	115.8885
-1.8728	70.8404	-10.5243	-1.2835	115.8936
-1.8774	70.8429	-10.5255	-1.2867	115.8988
-1.882	70.8453	-10.5267	-1.2898	115.9039
-1.8866	70.8478	-10.5279	-1.293	115.9091
-1.8913	70.8503	-10.5291	-1.2962	115.9142
-1.8959	70.8528	-10.5303	-1.2993	115.9194
-1.9005	70.8552	-10.5315	-1.3025	115.9246
-1.9052	70.8577	-10.5327	-1.3057	115.9297
-1.9098	70.8602	-10.534	-1.3088	115.9349
-1.9145	70.8627	-10.5352	-1.312	115.9401
-1.9191	70.8652	-10.5364	-1.3152	115.9453
-1.9238	70.8677	-10.5376	-1.3184	115.9505
-1.9285	70.8702	-10.5388	-1.3216	115.9557
-1.9331	70.8727	-10.5401	-1.3248	115.9609
-1.9378	70.8752	-10.5413	-1.328	115.9662
-1.9425	70.8777	-10.5425	-1.3312	115.9714
-1.9472	70.8802	-10.5437	-1.3344	115.9766
-1.9519	70.8827	-10.545	-1.3376	115.9819
-1.9566	70.8852	-10.5462	-1.3409	115.9871
-1.9613	70.8877	-10.5474	-1.3441	115.9924
-1.9661	70.8903	-10.5487	-1.3473	115.9977
-1.9708	70.8928	-10.5499	-1.3505	116.0029
-1.9755	70.8953	-10.5511	-1.3538	116.0082
-1.9803	70.8979	-10.5524	-1.357	116.0135
-1.985	70.9004	-10.5536	-1.3603	116.0188
-1.9897	70.9029	-10.5548	-1.3635	116.0241
-1.9945	70.9055	-10.5561	-1.3668	116.0294
-1.9993	70.908	-10.5573	-1.37	116.0347
-2.004	70.9106	-10.5586	-1.3733	116.04
-2.0088	70.9131	-10.5598	-1.3766	116.0453
-2.0136	70.9157	-10.5611	-1.3798	116.0507
-2.0184	70.9182	-10.5623	-1.3831	116.056
-2.0232	70.9208	-10.5636	-1.3864	116.0614
-2.0279	70.9233	-10.5648	-1.3897	116.0667
-2.0327	70.9259	-10.5661	-1.3929	116.0721
-2.0376	70.9285	-10.5673	-1.3962	116.0774
-2.0424	70.9311	-10.5686	-1.3995	116.0828
-2.0472	70.9336	-10.5699	-1.4028	116.0882
-2.052	70.9362	-10.5711	-1.4061	116.0936
-2.0568	70.9388	-10.5724	-1.4094	116.0989
-2.0617	70.9414	-10.5736	-1.4127	116.1043
-2.0665	70.944	-10.5749	-1.416	116.1097
-2.0714	70.9466	-10.5762	-1.4194	116.1152
-2.0762	70.9492	-10.5774	-1.4227	116.1206
-2.0811	70.9518	-10.5787	-1.426	116.126
-2.086	70.9544	-10.58	-1.4293	116.1314
-2.0908	70.957	-10.5813	-1.4327	116.1369
-2.0957	70.9596	-10.5825	-1.436	116.1423
-2.1006	70.9622	-10.5838	-1.4394	116.1478
-2.1055	70.9648	-10.5851	-1.4427	116.1532
-2.1104	70.9674	-10.5864	-1.446	116.1587
-2.1153	70.97	-10.5877	-1.4494	116.1641
-2.1202	70.9727	-10.5889	-1.4528	116.1696
-2.1251	70.9753	-10.5902	-1.4561	116.1751
-2.13	70.9779	-10.5915	-1.4595	116.1806
-2.135	70.9806	-10.5928	-1.4629	116.1861
-2.1399	70.9832	-10.5941	-1.4662	116.1916
-2.1448	70.9858	-10.5954	-1.4696	116.1971
-2.1498	70.9885	-10.5967	-1.473	116.2026
-2.1547	70.9911	-10.598	-1.4764	116.2081
-2.1597	70.9938	-10.5993	-1.4798	116.2137
-2.1646	70.9964	-10.6006	-1.4832	116.2192
-2.1696	70.9991	-10.6018	-1.4866	116.2247
-2.1746	71.0017	-10.6031	-1.49	116.2303
-2.1796	71.0044	-10.6044	-1.4934	116.2358
-2.1845	71.0071	-10.6058	-1.4968	116.2414
-2.1895	71.0097	-10.6071	-1.5002	116.247
-2.1945	71.0124	-10.6084	-1.5036	116.2525
-2.1995	71.0151	-10.6097	-1.507	116.2581
-2.2045	71.0178	-10.611	-1.5105	116.2637
-2.2096	71.0204	-10.6123	-1.5139	116.2693
-2.2146	71.0231	-10.6136	-1.5173	116.2749
-2.2196	71.0258	-10.6149	-1.5208	116.2805
-2.2246	71.0285	-10.6162	-1.5242	116.2861
-2.2297	71.0312	-10.6175	-1.5276	116.2917
-2.2347	71.0339	-10.6189	-1.5311	116.2974
-2.2398	71.0366	-10.6202	-1.5346	116.303
-2.2448	71.0393	-10.6215	-1.538	116.3086
-2.2499	71.042	-10.6228	-1.5415	116.3143
-2.2549	71.0447	-10.6241	-1.5449	116.3199
-2.26	71.0474	-10.6255	-1.5484	116.3256
-2.2651	71.0501	-10.6268	-1.5519	116.3313
-2.2702	71.0528	-10.6281	-1.5554	116.3369
-2.2753	71.0556	-10.6295	-1.5588	116.3426
-2.2804	71.0583	-10.6308	-1.5623	116.3483
-2.2855	71.061	-10.6321	-1.5658	116.354
-2.2906	71.0637	-10.6335	-1.5693	116.3597
-2.2957	71.0665	-10.6348	-1.5728	116.3654
-2.3008	71.0692	-10.6361	-1.5763	116.3711
-2.3059	71.072	-10.6375	-1.5798	116.3768
-2.3111	71.0747	-10.6388	-1.5833	116.3825
-2.3162	71.0774	-10.6402	-1.5868	116.3883
-2.3213	71.0802	-10.6415	-1.5904	116.394
-2.3265	71.0829	-10.6428	-1.5939	116.3997
-2.3316	71.0857	-10.6442	-1.5974	116.4055
-2.3368	71.0885	-10.6455	-1.6009	116.4112
-2.342	71.0912	-10.6469	-1.6045	116.417
-2.3471	71.094	-10.6482	-1.608	116.4228
-2.3523	71.0968	-10.6496	-1.6115	116.4285
-2.3575	71.0995	-10.6509	-1.6151	116.4343
-2.3627	71.1023	-10.6523	-1.6186	116.4401
-2.3679	71.1051	-10.6537	-1.6222	116.4459
-2.3731	71.1079	-10.655	-1.6257	116.4517
-2.3783	71.1106	-10.6564	-1.6293	116.4575
-2.3835	71.1134	-10.6577	-1.6329	116.4633
-2.3887	71.1162	-10.6591	-1.6364	116.4692
-2.3939	71.119	-10.6605	-1.64	116.475
-2.3992	71.1218	-10.6618	-1.6436	116.4808
-2.4044	71.1246	-10.6632	-1.6472	116.4866
-2.4096	71.1274	-10.6646	-1.6508	116.4925
-2.4149	71.1302	-10.6659	-1.6543	116.4983
-2.4201	71.133	-10.6673	-1.6579	116.5042
-2.4254	71.1358	-10.6687	-1.6615	116.5101
-2.4307	71.1386	-10.6701	-1.6651	116.5159
-2.4359	71.1414	-10.6714	-1.6687	116.5218
-2.4412	71.1443	-10.6728	-1.6723	116.5277
-2.4465	71.1471	-10.6742	-1.676	116.5336
-2.4518	71.1499	-10.6756	-1.6796	116.5395
-2.4571	71.1527	-10.677	-1.6832	116.5454
-2.4624	71.1556	-10.6783	-1.6868	116.5513
-2.4677	71.1584	-10.6797	-1.6904	116.5572
-2.473	71.1612	-10.6811	-1.6941	116.5631
-2.4783	71.1641	-10.6825	-1.6977	116.5691
-2.4836	71.1669	-10.6839	-1.7014	116.575
-2.4889	71.1698	-10.6853	-1.705	116.5809
-2.4943	71.1726	-10.6867	-1.7086	116.5869
-2.4996	71.1755	-10.6881	-1.7123	116.5928
-2.5049	71.1783	-10.6895	-1.716	116.5988
-2.5103	71.1812	-10.6909	-1.7196	116.6048
-2.5156	71.1841	-10.6923	-1.7233	116.6107
-2.521	71.1869	-10.6937	-1.7269	116.6167
-2.5264	71.1898	-10.6951	-1.7306	116.6227
-2.5317	71.1927	-10.6965	-1.7343	116.6287
-2.5371	71.1955	-10.6979	-1.738	116.6347
-2.5425	71.1984	-10.6993	-1.7416	116.6407
-2.5479	71.2013	-10.7007	-1.7453	116.6467
-2.5533	71.2042	-10.7021	-1.749	116.6527
-2.5587	71.2071	-10.7035	-1.7527	116.6588
-2.5641	71.21	-10.7049	-1.7564	116.6648
-2.5695	71.2129	-10.7063	-1.7601	116.6708
-2.5749	71.2157	-10.7078	-1.7638	116.6769
-2.5803	71.2186	-10.7092	-1.7675	116.6829
-2.5858	71.2215	-10.7106	-1.7712	116.689
-2.5912	71.2245	-10.712	-1.775	116.695
-2.5966	71.2274	-10.7134	-1.7787	116.7011
-2.6021	71.2303	-10.7149	-1.7824	116.7072
-2.6075	71.2332	-10.7163	-1.7861	116.7133
-2.613	71.2361	-10.7177	-1.7899	116.7193
-2.6185	71.239	-10.7191	-1.7936	116.7254
-2.6239	71.2419	-10.7206	-1.7973	116.7315
-2.6294	71.2449	-10.722	-1.8011	116.7376
-2.6349	71.2478	-10.7234	-1.8048	116.7438
-2.6404	71.2507	-10.7249	-1.8086	116.7499
-2.6458	71.2537	-10.7263	-1.8123	116.756
-2.6513	71.2566	-10.7277	-1.8161	116.7621
-2.6568	71.2595	-10.7292	-1.8199	116.7683
-2.6623	71.2625	-10.7306	-1.8236	116.7744
-2.6679	71.2654	-10.7321	-1.8274	116.7806
-2.6734	71.2684	-10.7335	-1.8312	116.7867
-2.6789	71.2713	-10.7349	-1.835	116.7929
-2.6844	71.2743	-10.7364	-1.8387	116.799
-2.69	71.2773	-10.7378	-1.8425	116.8052
-2.6955	71.2802	-10.7393	-1.8463	116.8114
-2.7011	71.2832	-10.7407	-1.8501	116.8176
-2.7066	71.2861	-10.7422	-1.8539	116.8238
-2.7122	71.2891	-10.7436	-1.8577	116.83
-2.7177	71.2921	-10.7451	-1.8615	116.8362
-2.7233	71.2951	-10.7465	-1.8653	116.8424
-2.7289	71.298	-10.748	-1.8691	116.8486
-2.7344	71.301	-10.7495	-1.8729	116.8548
-2.74	71.304	-10.7509	-1.8768	116.8611
-2.7456	71.307	-10.7524	-1.8806	116.8673
-2.7512	71.31	-10.7538	-1.8844	116.8735
-2.7568	71.313	-10.7553	-1.8883	116.8798
-2.7624	71.316	-10.7568	-1.8921	116.886
-2.768	71.319	-10.7582	-1.8959	116.8923
-2.7737	71.322	-10.7597	-1.8998	116.8986
-2.7793	71.325	-10.7612	-1.9036	116.9048
-2.7849	71.328	-10.7626	-1.9075	116.9111
-2.7905	71.331	-10.7641	-1.9113	116.9174
-2.7962	71.334	-10.7656	-1.9152	116.9237
-2.8018	71.3371	-10.7671	-1.919	116.93
-2.8075	71.3401	-10.7685	-1.9229	116.9363
-2.8131	71.3431	-10.77	-1.9268	116.9426
-2.8188	71.3461	-10.7715	-1.9307	116.9489
-2.8245	71.3492	-10.773	-1.9345	116.9553
-2.8301	71.3522	-10.7745	-1.9384	116.9616
-2.8358	71.3552	-10.7759	-1.9423	116.9679
-2.8415	71.3583	-10.7774	-1.9462	116.9743
-2.8472	71.3613	-10.7789	-1.9501	116.9806
-2.8529	71.3644	-10.7804	-1.954	116.987
-2.8586	71.3674	-10.7819	-1.9579	116.9933
-2.8643	71.3704	-10.7834	-1.9618	116.9997
-2.87	71.3735	-10.7849	-1.9657	117.0061
-2.8757	71.3766	-10.7864	-1.9696	117.0124
-2.8814	71.3796	-10.7879	-1.9735	117.0188
-2.8872	71.3827	-10.7894	-1.9774	117.0252
-2.8929	71.3857	-10.7909	-1.9814	117.0316
-2.8987	71.3888	-10.7924	-1.9853	117.038
-2.9044	71.3919	-10.7939	-1.9892	117.0444
-2.9101	71.395	-10.7954	-1.9931	117.0508
-2.9159	71.398	-10.7969	-1.9971	117.0573
-2.9217	71.4011	-10.7984	-2.001	117.0637
-2.9274	71.4042	-10.7999	-2.005	117.0701
-2.9332	71.4073	-10.8014	-2.0089	117.0765
-2.939	71.4104	-10.8029	-2.0129	117.083
-2.9448	71.4135	-10.8044	-2.0168	117.0894
-2.9505	71.4166	-10.8059	-2.0208	117.0959
-2.9563	71.4197	-10.8074	-2.0247	117.1024
-2.9621	71.4228	-10.809	-2.0287	117.1088
-2.9679	71.4259	-10.8105	-2.0327	117.1153
-2.9738	71.429	-10.812	-2.0367	117.1218
-2.9796	71.4321	-10.8135	-2.0406	117.1283
-2.9854	71.4352	-10.815	-2.0446	117.1348
-2.9912	71.4383	-10.8165	-2.0486	117.1413
-2.997	71.4414	-10.8181	-2.0526	117.1478
-3.0029	71.4445	-10.8196	-2.0566	117.1543
-3.0087	71.4477	-10.8211	-2.0606	117.1608
-3.0146	71.4508	-10.8227	-2.0646	117.1673
-3.0204	71.4539	-10.8242	-2.0686	117.1739
-3.0263	71.457	-10.8257	-2.0726	117.1804
-3.0321	71.4602	-10.8272	-2.0766	117.1869
-3.038	71.4633	-10.8288	-2.0806	117.1935
-3.0439	71.4665	-10.8303	-2.0846	117.2
-3.0498	71.4696	-10.8319	-2.0887	117.2066
-3.0557	71.4727	-10.8334	-2.0927	117.2132
-3.0615	71.4759	-10.8349	-2.0967	117.2197
-3.0674	71.479	-10.8365	-2.1007	117.2263
-3.0733	71.4822	-10.838	-2.1048	117.2329
-3.0793	71.4854	-10.8396	-2.1088	117.2395
-3.0852	71.4885	-10.8411	-2.1129	117.2461
-3.0911	71.4917	-10.8426	-2.1169	117.2527
-3.097	71.4948	-10.8442	-2.121	117.2593
-3.1029	71.498	-10.8457	-2.125	117.2659
-3.1089	71.5012	-10.8473	-2.1291	117.2725
-3.1148	71.5044	-10.8488	-2.1331	117.2791
-3.1207	71.5075	-10.8504	-2.1372	117.2858
-3.1267	71.5107	-10.852	-2.1413	117.2924
-3.1327	71.5139	-10.8535	-2.1454	117.299
-3.1386	71.5171	-10.8551	-2.1494	117.3057
-3.1446	71.5203	-10.8566	-2.1535	117.3123
-3.1505	71.5235	-10.8582	-2.1576	117.319
-3.1565	71.5267	-10.8597	-2.1617	117.3257
-3.1625	71.5299	-10.8613	-2.1658	117.3323
-3.1685	71.5331	-10.8629	-2.1699	117.339
-3.1745	71.5363	-10.8644	-2.174	117.3457
-3.1805	71.5395	-10.866	-2.1781	117.3524
-3.1865	71.5427	-10.8676	-2.1822	117.3591
-3.1925	71.5459	-10.8691	-2.1863	117.3658
-3.1985	71.5491	-10.8707	-2.1904	117.3725
-3.2045	71.5523	-10.8723	-2.1945	117.3792
-3.2105	71.5555	-10.8739	-2.1986	117.3859
-3.2166	71.5588	-10.8754	-2.2028	117.3927
-3.2226	71.562	-10.877	-2.2069	117.3994
-3.2286	71.5652	-10.8786	-2.211	117.4061
-3.2347	71.5685	-10.8802	-2.2152	117.4129
-3.2407	71.5717	-10.8818	-2.2193	117.4196
-3.2468	71.5749	-10.8833	-2.2234	117.4264
-3.2529	71.5782	-10.8849	-2.2276	117.4331
-3.2589	71.5814	-10.8865	-2.2317	117.4399
-3.265	71.5847	-10.8881	-2.2359	117.4467
-3.2711	71.5879	-10.8897	-2.24	117.4535
-3.2771	71.5911	-10.8913	-2.2442	117.4602
-3.2832	71.5944	-10.8929	-2.2484	117.467
-3.2893	71.5977	-10.8945	-2.2525	117.4738
-3.2954	71.6009	-10.896	-2.2567	117.4806
-3.3015	71.6042	-10.8976	-2.2609	117.4874
-3.3076	71.6074	-10.8992	-2.2651	117.4942
-3.3137	71.6107	-10.9008	-2.2692	117.5011
-3.3199	71.614	-10.9024	-2.2734	117.5079
-3.326	71.6173	-10.904	-2.2776	117.5147
-3.3321	71.6205	-10.9056	-2.2818	117.5215
-3.3382	71.6238	-10.9072	-2.286	117.5284
-3.3444	71.6271	-10.9088	-2.2902	117.5352
-3.3505	71.6304	-10.9104	-2.2944	117.5421
-3.3567	71.6337	-10.912	-2.2986	117.5489
-3.3628	71.637	-10.9137	-2.3028	117.5558
-3.369	71.6402	-10.9153	-2.307	117.5627
-3.3751	71.6435	-10.9169	-2.3112	117.5696
-3.3813	71.6468	-10.9185	-2.3155	117.5764
-3.3875	71.6501	-10.9201	-2.3197	117.5833
-3.3937	71.6534	-10.9217	-2.3239	117.5902
-3.3999	71.6567	-10.9233	-2.3281	117.5971
-3.406	71.6601	-10.925	-2.3324	117.604
-3.4122	71.6634	-10.9266	-2.3366	117.6109
-3.4184	71.6667	-10.9282	-2.3409	117.6178
-3.4246	71.67	-10.9298	-2.3451	117.6248
-3.4308	71.6733	-10.9314	-2.3493	117.6317
-3.4371	71.6766	-10.9331	-2.3536	117.6386
-3.4433	71.68	-10.9347	-2.3578	117.6456
-3.4495	71.6833	-10.9363	-2.3621	117.6525
-3.4557	71.6866	-10.9379	-2.3664	117.6595
-3.462	71.69	-10.9396	-2.3706	117.6664
-3.4682	71.6933	-10.9412	-2.3749	117.6734
-3.4745	71.6966	-10.9428	-2.3792	117.6803
-3.4807	71.7	-10.9445	-2.3835	117.6873
-3.487	71.7033	-10.9461	-2.3877	117.6943
-3.4932	71.7067	-10.9477	-2.392	117.7013
-3.4995	71.71	-10.9494	-2.3963	117.7083
-3.5058	71.7134	-10.951	-2.4006	117.7153
-3.512	71.7167	-10.9527	-2.4049	117.7223
-3.5183	71.7201	-10.9543	-2.4092	117.7293
-3.5246	71.7234	-10.9559	-2.4135	117.7363
-3.5309	71.7268	-10.9576	-2.4178	117.7433
-3.5372	71.7302	-10.9592	-2.4221	117.7503
-3.5435	71.7335	-10.9609	-2.4264	117.7574
-3.5498	71.7369	-10.9625	-2.4307	117.7644
-3.5561	71.7403	-10.9642	-2.435	117.7714
-3.5624	71.7437	-10.9658	-2.4394	117.7785
-3.5687	71.747	-10.9675	-2.4437	117.7855
-3.5751	71.7504	-10.9691	-2.448	117.7926
-3.5814	71.7538	-10.9708	-2.4523	117.7997
-3.5877	71.7572	-10.9724	-2.4567	117.8067
-3.5941	71.7606	-10.9741	-2.461	117.8138
-3.6004	71.764	-10.9757	-2.4653	117.8209
-3.6068	71.7674	-10.9774	-2.4697	117.828
-3.6131	71.7708	-10.9791	-2.474	117.835
-3.6195	71.7742	-10.9807	-2.4784	117.8421
-3.6259	71.7776	-10.9824	-2.4827	117.8492
-3.6322	71.781	-10.9841	-2.4871	117.8564
-3.6386	71.7844	-10.9857	-2.4915	117.8635
-3.645	71.7878	-10.9874	-2.4958	117.8706
-3.6514	71.7912	-10.9891	-2.5002	117.8777
-3.6578	71.7946	-10.9907	-2.5046	117.8848
-3.6642	71.798	-10.9924	-2.5089	117.892
-3.6706	71.8015	-10.9941	-2.5133	117.8991
-3.677	71.8049	-10.9957	-2.5177	117.9063
-3.6834	71.8083	-10.9974	-2.5221	117.9134
-3.6898	71.8117	-10.9991	-2.5265	117.9206
-3.6962	71.8152	-11.0008	-2.5309	117.9277
-3.7026	71.8186	-11.0025	-2.5353	117.9349
-3.7091	71.8221	-11.0041	-2.5397	117.9421
-3.7155	71.8255	-11.0058	-2.5441	117.9492
-3.7219	71.8289	-11.0075	-2.5485	117.9564
-3.7284	71.8324	-11.0092	-2.5529	117.9636
-3.7348	71.8358	-11.0109	-2.5573	117.9708
-3.7413	71.8393	-11.0126	-2.5617	117.978
-3.7478	71.8427	-11.0142	-2.5661	117.9852
-3.7542	71.8462	-11.0159	-2.5706	117.9924
-3.7607	71.8496	-11.0176	-2.575	117.9997
-3.7672	71.8531	-11.0193	-2.5794	118.0069
-3.7736	71.8566	-11.021	-2.5838	118.0141
-3.7801	71.86	-11.0227	-2.5883	118.0213
-3.7866	71.8635	-11.0244	-2.5927	118.0286
-3.7931	71.867	-11.0261	-2.5972	118.0358
-3.7996	71.8705	-11.0278	-2.6016	118.0431
-3.8061	71.8739	-11.0295	-2.6061	118.0503
-3.8126	71.8774	-11.0312	-2.6105	118.0576
-3.8191	71.8809	-11.0329	-2.615	118.0648
-3.8257	71.8844	-11.0346	-2.6194	118.0721
-3.8322	71.8879	-11.0363	-2.6239	118.0794
-3.8387	71.8913	-11.038	-2.6283	118.0867
-3.8452	71.8948	-11.0397	-2.6328	118.094
-3.8518	71.8983	-11.0414	-2.6373	118.1013
-3.8583	71.9018	-11.0431	-2.6418	118.1086
-3.8649	71.9053	-11.0448	-2.6462	118.1159
-3.8714	71.9088	-11.0466	-2.6507	118.1232
-3.878	71.9123	-11.0483	-2.6552	118.1305
-3.8845	71.9158	-11.05	-2.6597	118.1378
-3.8911	71.9194	-11.0517	-2.6642	118.1451
-3.8977	71.9229	-11.0534	-2.6687	118.1525
-3.9042	71.9264	-11.0551	-2.6732	118.1598
-3.9108	71.9299	-11.0569	-2.6777	118.1671
-3.9174	71.9334	-11.0586	-2.6822	118.1745
-3.924	71.9369	-11.0603	-2.6867	118.1818
-3.9306	71.9405	-11.062	-2.6912	118.1892
-3.9372	71.944	-11.0637	-2.6957	118.1965
-3.9438	71.9475	-11.0655	-2.7002	118.2039
-3.9504	71.9511	-11.0672	-2.7048	118.2113
-3.957	71.9546	-11.0689	-2.7093	118.2187
-3.9636	71.9581	-11.0707	-2.7138	118.226
-3.9703	71.9617	-11.0724	-2.7183	118.2334
-3.9769	71.9652	-11.0741	-2.7229	118.2408
-3.9835	71.9688	-11.0759	-2.7274	118.2482
-3.9902	71.9723	-11.0776	-2.732	118.2556
-3.9968	71.9759	-11.0793	-2.7365	118.263
-4.0034	71.9794	-11.0811	-2.741	118.2704
-4.0101	71.983	-11.0828	-2.7456	118.2779
-4.0167	71.9865	-11.0845	-2.7501	118.2853
-4.0234	71.9901	-11.0863	-2.7547	118.2927
-4.0301	71.9937	-11.088	-2.7593	118.3002
-4.0367	71.9972	-11.0898	-2.7638	118.3076
-4.0434	72.0008	-11.0915	-2.7684	118.315
-4.0501	72.0044	-11.0933	-2.773	118.3225
-4.0568	72.0079	-11.095	-2.7775	118.3299
-4.0635	72.0115	-11.0967	-2.7821	118.3374
-4.0702	72.0151	-11.0985	-2.7867	118.3449
-4.0769	72.0187	-11.1002	-2.7913	118.3523
-4.0836	72.0222	-11.102	-2.7958	118.3598
-4.0903	72.0258	-11.1038	-2.8004	118.3673
-4.097	72.0294	-11.1055	-2.805	118.3748
-4.1037	72.033	-11.1073	-2.8096	118.3823
-4.1104	72.0366	-11.109	-2.8142	118.3898
-4.1171	72.0402	-11.1108	-2.8188	118.3973
-4.1239	72.0438	-11.1125	-2.8234	118.4048
-4.1306	72.0474	-11.1143	-2.828	118.4123
-4.1373	72.051	-11.1161	-2.8326	118.4198
-4.1441	72.0546	-11.1178	-2.8373	118.4273
-4.1508	72.0582	-11.1196	-2.8419	118.4349
-4.1576	72.0618	-11.1213	-2.8465	118.4424
-4.1643	72.0654	-11.1231	-2.8511	118.4499
-4.1711	72.069	-11.1249	-2.8557	118.4575
-4.1779	72.0727	-11.1266	-2.8604	118.465
-4.1846	72.0763	-11.1284	-2.865	118.4726
-4.1914	72.0799	-11.1302	-2.8696	118.4801
-4.1982	72.0835	-11.132	-2.8743	118.4877
-4.205	72.0872	-11.1337	-2.8789	118.4953
-4.2118	72.0908	-11.1355	-2.8836	118.5029
-4.2186	72.0944	-11.1373	-2.8882	118.5104
-4.2254	72.0981	-11.1391	-2.8929	118.518
-4.2322	72.1017	-11.1408	-2.8975	118.5256
-4.239	72.1053	-11.1426	-2.9022	118.5332
-4.2458	72.109	-11.1444	-2.9068	118.5408
-4.2526	72.1126	-11.1462	-2.9115	118.5484
-4.2594	72.1163	-11.148	-2.9162	118.556
-4.2663	72.1199	-11.1497	-2.9208	118.5636
-4.2731	72.1236	-11.1515	-2.9255	118.5712
-4.2799	72.1272	-11.1533	-2.9302	118.5789
-4.2868	72.1309	-11.1551	-2.9349	118.5865
-4.2936	72.1345	-11.1569	-2.9395	118.5941
-4.3004	72.1382	-11.1587	-2.9442	118.6018
-4.3073	72.1419	-11.1605	-2.9489	118.6094
-4.3142	72.1455	-11.1623	-2.9536	118.6171
-4.321	72.1492	-11.1641	-2.9583	118.6247
-4.3279	72.1529	-11.1658	-2.963	118.6324
-4.3348	72.1565	-11.1676	-2.9677	118.64
-4.3416	72.1602	-11.1694	-2.9724	118.6477
-4.3485	72.1639	-11.1712	-2.9771	118.6554
-4.3554	72.1676	-11.173	-2.9818	118.6631
-4.3623	72.1712	-11.1748	-2.9865	118.6707
-4.3692	72.1749	-11.1766	-2.9912	118.6784
-4.3761	72.1786	-11.1784	-2.9959	118.6861
-4.383	72.1823	-11.1802	-3.0007	118.6938
-4.3899	72.186	-11.182	-3.0054	118.7015
-4.3968	72.1897	-11.1839	-3.0101	118.7092
-4.4037	72.1934	-11.1857	-3.0148	118.717
-4.4106	72.1971	-11.1875	-3.0196	118.7247
-4.4175	72.2008	-11.1893	-3.0243	118.7324
-4.4245	72.2045	-11.1911	-3.0291	118.7401
-4.4314	72.2082	-11.1929	-3.0338	118.7479
-4.4383	72.2119	-11.1947	-3.0385	118.7556
-4.4453	72.2156	-11.1965	-3.0433	118.7633
-4.4522	72.2193	-11.1983	-3.048	118.7711
-4.4592	72.223	-11.2002	-3.0528	118.7788
-4.4661	72.2268	-11.202	-3.0576	118.7866
-4.4731	72.2305	-11.2038	-3.0623	118.7944
-4.48	72.2342	-11.2056	-3.0671	118.8021
-4.487	72.2379	-11.2074	-3.0718	118.8099
-4.494	72.2416	-11.2092	-3.0766	118.8177
-4.501	72.2454	-11.2111	-3.0814	118.8254
-4.5079	72.2491	-11.2129	-3.0862	118.8332
-4.5149	72.2528	-11.2147	-3.0909	118.841
-4.5219	72.2566	-11.2165	-3.0957	118.8488
-4.5289	72.2603	-11.2184	-3.1005	118.8566
-4.5359	72.2641	-11.2202	-3.1053	118.8644
-4.5429	72.2678	-11.222	-3.1101	118.8722
-4.5499	72.2715	-11.2239	-3.1149	118.88
-4.5569	72.2753	-11.2257	-3.1197	118.8879
-4.5639	72.279	-11.2275	-3.1245	118.8957
-4.5709	72.2828	-11.2294	-3.1293	118.9035
-4.578	72.2865	-11.2312	-3.1341	118.9114
-4.585	72.2903	-11.233	-3.1389	118.9192
-4.592	72.2941	-11.2349	-3.1437	118.927
-4.5991	72.2978	-11.2367	-3.1485	118.9349
-4.6061	72.3016	-11.2385	-3.1533	118.9427
-4.6131	72.3053	-11.2404	-3.1581	118.9506
-4.6202	72.3091	-11.2422	-3.1629	118.9585
-4.6272	72.3129	-11.2441	-3.1678	118.9663
-4.6343	72.3167	-11.2459	-3.1726	118.9742
-4.6414	72.3204	-11.2478	-3.1774	118.9821
-4.6484	72.3242	-11.2496	-3.1823	118.9899
-4.6555	72.328	-11.2515	-3.1871	118.9978
-4.6626	72.3318	-11.2533	-3.1919	119.0057
-4.6696	72.3356	-11.2552	-3.1968	119.0136
-4.6767	72.3393	-11.257	-3.2016	119.0215
-4.6838	72.3431	-11.2589	-3.2065	119.0294
-4.6909	72.3469	-11.2607	-3.2113	119.0373
-4.698	72.3507	-11.2626	-3.2162	119.0452
-4.7051	72.3545	-11.2644	-3.221	119.0532
-4.7122	72.3583	-11.2663	-3.2259	119.0611
-4.7193	72.3621	-11.2681	-3.2307	119.069
-4.7264	72.3659	-11.27	-3.2356	119.0769
-4.7335	72.3697	-11.2718	-3.2405	119.0849
-4.7406	72.3735	-11.2737	-3.2453	119.0928
-4.7478	72.3773	-11.2756	-3.2502	119.1008
-4.7549	72.3811	-11.2774	-3.2551	119.1087
-4.762	72.3849	-11.2793	-3.26	119.1167
-4.7691	72.3887	-11.2812	-3.2648	119.1246
-4.7763	72.3926	-11.283	-3.2697	119.1326
-4.7834	72.3964	-11.2849	-3.2746	119.1406
-4.7906	72.4002	-11.2868	-3.2795	119.1485
-4.7977	72.404	-11.2886	-3.2844	119.1565
-4.8049	72.4079	-11.2905	-3.2893	119.1645
-4.812	72.4117	-11.2924	-3.2942	119.1725
-4.8192	72.4155	-11.2942	-3.2991	119.1805
-4.8264	72.4193	-11.2961	-3.304	119.1885
-4.8335	72.4232	-11.298	-3.3089	119.1965
-4.8407	72.427	-11.2999	-3.3138	119.2045
-4.8479	72.4308	-11.3017	-3.3187	119.2125
-4.8551	72.4347	-11.3036	-3.3236	119.2205
-4.8623	72.4385	-11.3055	-3.3285	119.2285
-4.8695	72.4424	-11.3074	-3.3335	119.2365
-4.8767	72.4462	-11.3092	-3.3384	119.2446
-4.8839	72.4501	-11.3111	-3.3433	119.2526
-4.8911	72.4539	-11.313	-3.3482	119.2606
-4.8983	72.4578	-11.3149	-3.3532	119.2687
-4.9055	72.4616	-11.3168	-3.3581	119.2767
-4.9127	72.4655	-11.3187	-3.363	119.2848
-4.9199	72.4693	-11.3206	-3.368	119.2928
-4.9271	72.4732	-11.3224	-3.3729	119.3009
-4.9344	72.4771	-11.3243	-3.3779	119.3089
-4.9416	72.4809	-11.3262	-3.3828	119.317
-4.9488	72.4848	-11.3281	-3.3878	119.3251
-4.9561	72.4887	-11.33	-3.3927	119.3331
-4.9633	72.4925	-11.3319	-3.3977	119.3412
-4.9706	72.4964	-11.3338	-3.4026	119.3493
-4.9778	72.5003	-11.3357	-3.4076	119.3574
-4.9851	72.5042	-11.3376	-3.4125	119.3655
-4.9923	72.5081	-11.3395	-3.4175	119.3736
-4.9996	72.5119	-11.3414	-3.4225	119.3817
-5.0069	72.5158	-11.3433	-3.4275	119.3898
-5.0141	72.5197	-11.3452	-3.4324	119.3979
-5.0214	72.5236	-11.3471	-3.4374	119.406
-5.0287	72.5275	-11.349	-3.4424	119.4141
-5.036	72.5314	-11.3509	-3.4474	119.4223
-5.0432	72.5353	-11.3528	-3.4523	119.4304
-5.0505	72.5392	-11.3547	-3.4573	119.4385
-5.0578	72.5431	-11.3566	-3.4623	119.4467
-5.0651	72.547	-11.3585	-3.4673	119.4548
-5.0724	72.5509	-11.3604	-3.4723	119.4629
-5.0797	72.5548	-11.3623	-3.4773	119.4711
-5.087	72.5587	-11.3642	-3.4823	119.4792
-5.0944	72.5626	-11.3661	-3.4873	119.4874
-5.1017	72.5665	-11.3681	-3.4923	119.4956
-5.109	72.5704	-11.37	-3.4973	119.5037
-5.1163	72.5743	-11.3719	-3.5023	119.5119
-5.1236	72.5783	-11.3738	-3.5073	119.5201
-5.131	72.5822	-11.3757	-3.5124	119.5283
-5.1383	72.5861	-11.3776	-3.5174	119.5364
-5.1457	72.59	-11.3795	-3.5224	119.5446
-5.153	72.5939	-11.3815	-3.5274	119.5528
-5.1603	72.5979	-11.3834	-3.5325	119.561
-5.1677	72.6018	-11.3853	-3.5375	119.5692
-5.1751	72.6057	-11.3872	-3.5425	119.5774
-5.1824	72.6097	-11.3891	-3.5475	119.5856
-5.1898	72.6136	-11.3911	-3.5526	119.5938
-5.1971	72.6175	-11.393	-3.5576	119.6021
-5.2045	72.6215	-11.3949	-3.5627	119.6103
-5.2119	72.6254	-11.3969	-3.5677	119.6185
-5.2193	72.6294	-11.3988	-3.5728	119.6267
-5.2266	72.6333	-11.4007	-3.5778	119.635
-5.234	72.6373	-11.4026	-3.5829	119.6432
-5.2414	72.6412	-11.4046	-3.5879	119.6515
-5.2488	72.6452	-11.4065	-3.593	119.6597
-5.2562	72.6491	-11.4084	-3.598	119.668
-5.2636	72.6531	-11.4104	-3.6031	119.6762
-5.271	72.657	-11.4123	-3.6082	119.6845
-5.2784	72.661	-11.4142	-3.6132	119.6927
-5.2858	72.665	-11.4162	-3.6183	119.701
-5.2932	72.6689	-11.4181	-3.6234	119.7093
-5.3007	72.6729	-11.42	-3.6284	119.7175
-5.3081	72.6769	-11.422	-3.6335	119.7258
-5.3155	72.6808	-11.4239	-3.6386	119.7341
-5.3229	72.6848	-11.4259	-3.6437	119.7424
-5.3304	72.6888	-11.4278	-3.6488	119.7507
-5.3378	72.6927	-11.4298	-3.6538	119.759
-5.3452	72.6967	-11.4317	-3.6589	119.7673
-5.3527	72.7007	-11.4336	-3.664	119.7756
-5.3601	72.7047	-11.4356	-3.6691	119.7839
-5.3676	72.7087	-11.4375	-3.6742	119.7922
-5.375	72.7126	-11.4395	-3.6793	119.8005
-5.3825	72.7166	-11.4414	-3.6844	119.8088
-5.39	72.7206	-11.4434	-3.6895	119.8172
-5.3974	72.7246	-11.4453	-3.6946	119.8255
-5.4049	72.7286	-11.4473	-3.6997	119.8338
-5.4124	72.7326	-11.4492	-3.7048	119.8422
-5.4198	72.7366	-11.4512	-3.71	119.8505
-5.4273	72.7406	-11.4531	-3.7151	119.8588
-5.4348	72.7446	-11.4551	-3.7202	119.8672
-5.4423	72.7486	-11.4571	-3.7253	119.8755
-5.4498	72.7526	-11.459	-3.7304	119.8839
-5.4573	72.7566	-11.461	-3.7356	119.8923
-5.4648	72.7606	-11.4629	-3.7407	119.9006
-5.4723	72.7646	-11.4649	-3.7458	119.909
-5.4798	72.7686	-11.4669	-3.751	119.9174
-5.4873	72.7727	-11.4688	-3.7561	119.9257
-5.4948	72.7767	-11.4708	-3.7612	119.9341
-5.5023	72.7807	-11.4727	-3.7664	119.9425
-5.5098	72.7847	-11.4747	-3.7715	119.9509
-5.5173	72.7887	-11.4767	-3.7767	119.9593
-5.5249	72.7927	-11.4786	-3.7818	119.9677
-5.5324	72.7968	-11.4806	-3.787	119.9761
-5.5399	72.8008	-11.4826	-3.7921	119.9845
-5.5475	72.8048	-11.4845	-3.7973	119.9929
-5.555	72.8089	-11.4865	-3.8024	120.0013
-5.5625	72.8129	-11.4885	-3.8076	120.0097
-5.5701	72.8169	-11.4905	-3.8128	120.0181
-5.5776	72.821	-11.4924	-3.8179	120.0265
-5.5852	72.825	-11.4944	-3.8231	120.035
-5.5928	72.829	-11.4964	-3.8283	120.0434
-5.6003	72.8331	-11.4984	-3.8334	120.0518
-5.6079	72.8371	-11.5003	-3.8386	120.0603
-5.6154	72.8412	-11.5023	-3.8438	120.0687
-5.623	72.8452	-11.5043	-3.849	120.0771
-5.6306	72.8493	-11.5063	-3.8541	120.0856
-5.6382	72.8533	-11.5082	-3.8593	120.094
-5.6457	72.8574	-11.5102	-3.8645	120.1025
-5.6533	72.8614	-11.5122	-3.8697	120.111
-5.6609	72.8655	-11.5142	-3.8749	120.1194
-5.6685	72.8695	-11.5162	-3.8801	120.1279
-5.6761	72.8736	-11.5182	-3.8853	120.1364
-5.6837	72.8776	-11.5201	-3.8905	120.1448
-5.6913	72.8817	-11.5221	-3.8957	120.1533
-5.6989	72.8858	-11.5241	-3.9009	120.1618
-5.7065	72.8898	-11.5261	-3.9061	120.1703
-5.7141	72.8939	-11.5281	-3.9113	120.1788
-5.7217	72.898	-11.5301	-3.9165	120.1873
-5.7293	72.9021	-11.5321	-3.9217	120.1958
-5.737	72.9061	-11.5341	-3.9269	120.2043
-5.7446	72.9102	-11.5361	-3.9321	120.2128
-5.7522	72.9143	-11.538	-3.9373	120.2213
-5.7598	72.9184	-11.54	-3.9426	120.2298
-5.7675	72.9224	-11.542	-3.9478	120.2383
-5.7751	72.9265	-11.544	-3.953	120.2468
-5.7828	72.9306	-11.546	-3.9582	120.2553
-5.7904	72.9347	-11.548	-3.9635	120.2639
-5.798	72.9388	-11.55	-3.9687	120.2724
-5.8057	72.9429	-11.552	-3.9739	120.2809
-5.8133	72.947	-11.554	-3.9792	120.2895
-5.821	72.9511	-11.556	-3.9844	120.298
-5.8287	72.9551	-11.558	-3.9896	120.3066
-5.8363	72.9592	-11.56	-3.9949	120.3151
-5.844	72.9633	-11.562	-4.0001	120.3237
-5.8517	72.9674	-11.564	-4.0054	120.3322
-5.8593	72.9715	-11.566	-4.0106	120.3408
-5.867	72.9756	-11.568	-4.0159	120.3493
-5.8747	72.9797	-11.5701	-4.0211	120.3579
-5.8824	72.9839	-11.5721	-4.0264	120.3665
-5.89	72.988	-11.5741	-4.0316	120.375
-5.8977	72.9921	-11.5761	-4.0369	120.3836
-5.9054	72.9962	-11.5781	-4.0421	120.3922
-5.9131	73.0003	-11.5801	-4.0474	120.4008
-5.9208	73.0044	-11.5821	-4.0527	120.4094
-5.9285	73.0085	-11.5841	-4.0579	120.4179
-5.9362	73.0126	-11.5861	-4.0632	120.4265
-5.9439	73.0168	-11.5881	-4.0685	120.4351
-5.9516	73.0209	-11.5902	-4.0738	120.4437
-5.9594	73.025	-11.5922	-4.079	120.4523
-5.9671	73.0291	-11.5942	-4.0843	120.461
-5.9748	73.0333	-11.5962	-4.0896	120.4696
-5.9825	73.0374	-11.5982	-4.0949	120.4782
-5.9902	73.0415	-11.6002	-4.1002	120.4868
-5.998	73.0457	-11.6023	-4.1054	120.4954
-6.0057	73.0498	-11.6043	-4.1107	120.504
-6.0134	73.0539	-11.6063	-4.116	120.5127
-6.0212	73.0581	-11.6083	-4.1213	120.5213
-6.0289	73.0622	-11.6104	-4.1266	120.5299
-6.0366	73.0663	-11.6124	-4.1319	120.5386
-6.0444	73.0705	-11.6144	-4.1372	120.5472
-6.0521	73.0746	-11.6164	-4.1425	120.5559
-6.0599	73.0788	-11.6185	-4.1478	120.5645
-6.0677	73.0829	-11.6205	-4.1531	120.5732
-6.0754	73.0871	-11.6225	-4.1584	120.5818
-6.0832	73.0912	-11.6245	-4.1637	120.5905
-6.0909	73.0954	-11.6266	-4.169	120.5991
-6.0987	73.0995	-11.6286	-4.1744	120.6078
-6.1065	73.1037	-11.6306	-4.1797	120.6165
-6.1143	73.1078	-11.6327	-4.185	120.6251
-6.122	73.112	-11.6347	-4.1903	120.6338
-6.1298	73.1161	-11.6367	-4.1956	120.6425
-6.1376	73.1203	-11.6388	-4.201	120.6512
-6.1454	73.1245	-11.6408	-4.2063	120.6599
-6.1532	73.1286	-11.6428	-4.2116	120.6686
-6.161	73.1328	-11.6449	-4.2169	120.6772
-6.1688	73.137	-11.6469	-4.2223	120.6859
-6.1766	73.1411	-11.6489	-4.2276	120.6946
-6.1844	73.1453	-11.651	-4.233	120.7033
-6.1922	73.1495	-11.653	-4.2383	120.712
-6.2	73.1536	-11.6551	-4.2436	120.7208
-6.2078	73.1578	-11.6571	-4.249	120.7295
-6.2156	73.162	-11.6591	-4.2543	120.7382
-6.2234	73.1662	-11.6612	-4.2597	120.7469
-6.2312	73.1703	-11.6632	-4.265	120.7556
-6.239	73.1745	-11.6653	-4.2704	120.7643
-6.2469	73.1787	-11.6673	-4.2757	120.7731
-6.2547	73.1829	-11.6694	-4.2811	120.7818
-6.2625	73.1871	-11.6714	-4.2864	120.7905
-6.2703	73.1913	-11.6734	-4.2918	120.7993
-6.2782	73.1955	-11.6755	-4.2971	120.808
-6.286	73.1996	-11.6775	-4.3025	120.8168
-6.2939	73.2038	-11.6796	-4.3079	120.8255
-6.3017	73.208	-11.6816	-4.3132	120.8343
-6.3096	73.2122	-11.6837	-4.3186	120.843
-6.3174	73.2164	-11.6857	-4.324	120.8518
-6.3253	73.2206	-11.6878	-4.3293	120.8605
-6.3331	73.2248	-11.6898	-4.3347	120.8693
-6.341	73.229	-11.6919	-4.3401	120.8781
-6.3488	73.2332	-11.694	-4.3455	120.8868
-6.3567	73.2374	-11.696	-4.3508	120.8956
-6.3646	73.2416	-11.6981	-4.3562	120.9044
-6.3724	73.2458	-11.7001	-4.3616	120.9131
-6.3803	73.25	-11.7022	-4.367	120.9219
-6.3882	73.2542	-11.7042	-4.3724	120.9307
-6.396	73.2585	-11.7063	-4.3778	120.9395
-6.4039	73.2627	-11.7084	-4.3832	120.9483
-6.4118	73.2669	-11.7104	-4.3885	120.9571
-6.4197	73.2711	-11.7125	-4.3939	120.9659
-6.4276	73.2753	-11.7145	-4.3993	120.9747
-6.4355	73.2795	-11.7166	-4.4047	120.9835
-6.4434	73.2838	-11.7187	-4.4101	120.9923
-6.4513	73.288	-11.7207	-4.4155	121.0011
-6.4592	73.2922	-11.7228	-4.4209	121.0099
-6.4671	73.2964	-11.7249	-4.4263	121.0187
-6.475	73.3006	-11.7269	-4.4317	121.0275
-6.4829	73.3049	-11.729	-4.4372	121.0364
-6.4908	73.3091	-11.731	-4.4426	121.0452
-6.4987	73.3133	-11.7331	-4.448	121.054
-6.5066	73.3176	-11.7352	-4.4534	121.0628
-6.5145	73.3218	-11.7373	-4.4588	121.0717
-6.5224	73.326	-11.7393	-4.4642	121.0805
-6.5304	73.3303	-11.7414	-4.4696	121.0893
-6.5383	73.3345	-11.7435	-4.4751	121.0982
-6.5462	73.3387	-11.7455	-4.4805	121.107
-6.5541	73.343	-11.7476	-4.4859	121.1159
-6.5621	73.3472	-11.7497	-4.4913	121.1247
-6.57	73.3515	-11.7518	-4.4968	121.1336
-6.578	73.3557	-11.7538	-4.5022	121.1424
-6.5859	73.36	-11.7559	-4.5076	121.1513
-6.5938	73.3642	-11.758	-4.5131	121.1601
-6.6018	73.3684	-11.7601	-4.5185	121.169
-6.6097	73.3727	-11.7621	-4.5239	121.1779
-6.6177	73.3769	-11.7642	-4.5294	121.1867
-6.6256	73.3812	-11.7663	-4.5348	121.1956
-6.6336	73.3854	-11.7684	-4.5403	121.2045
-6.6415	73.3897	-11.7704	-4.5457	121.2134
-6.6495	73.394	-11.7725	-4.5512	121.2222
-6.6575	73.3982	-11.7746	-4.5566	121.2311
-6.6654	73.4025	-11.7767	-4.562	121.24
-6.6734	73.4067	-11.7788	-4.5675	121.2489
-6.6814	73.411	-11.7809	-4.573	121.2578
-6.6894	73.4153	-11.7829	-4.5784	121.2667
-6.6973	73.4195	-11.785	-4.5839	121.2756
-6.7053	73.4238	-11.7871	-4.5893	121.2845
-6.7133	73.4281	-11.7892	-4.5948	121.2934
-6.7213	73.4323	-11.7913	-4.6002	121.3023
-6.7293	73.4366	-11.7934	-4.6057	121.3112
-6.7372	73.4409	-11.7955	-4.6112	121.3201
-6.7452	73.4451	-11.7975	-4.6166	121.329
-6.7532	73.4494	-11.7996	-4.6221	121.3379
-6.7612	73.4537	-11.8017	-4.6276	121.3469
-6.7692	73.458	-11.8038	-4.633	121.3558
-6.7772	73.4622	-11.8059	-4.6385	121.3647
-6.7852	73.4665	-11.808	-4.644	121.3736
-6.7932	73.4708	-11.8101	-4.6495	121.3826
-6.8012	73.4751	-11.8122	-4.6549	121.3915
-6.8092	73.4794	-11.8143	-4.6604	121.4004
-6.8173	73.4836	-11.8164	-4.6659	121.4094
-6.8253	73.4879	-11.8185	-4.6714	121.4183
-6.8333	73.4922	-11.8206	-4.6769	121.4273
-6.8413	73.4965	-11.8226	-4.6824	121.4362
-6.8493	73.5008	-11.8247	-4.6878	121.4452
-6.8574	73.5051	-11.8268	-4.6933	121.4541
-6.8654	73.5094	-11.8289	-4.6988	121.4631
-6.8734	73.5137	-11.831	-4.7043	121.472
-6.8814	73.5179	-11.8331	-4.7098	121.481
-6.8895	73.5222	-11.8352	-4.7153	121.4899
-6.8975	73.5265	-11.8373	-4.7208	121.4989
-6.9055	73.5308	-11.8394	-4.7263	121.5079
-6.9136	73.5351	-11.8415	-4.7318	121.5168
-6.9216	73.5394	-11.8436	-4.7373	121.5258
-6.9297	73.5437	-11.8457	-4.7428	121.5348
-6.9377	73.548	-11.8478	-4.7483	121.5438
-6.9458	73.5523	-11.8499	-4.7538	121.5527
-6.9538	73.5566	-11.8521	-4.7593	121.5617
-6.9619	73.5609	-11.8542	-4.7648	121.5707
-6.9699	73.5653	-11.8563	-4.7703	121.5797
-6.978	73.5696	-11.8584	-4.7759	121.5887
-6.9861	73.5739	-11.8605	-4.7814	121.5977
-6.9941	73.5782	-11.8626	-4.7869	121.6067
-7.0022	73.5825	-11.8647	-4.7924	121.6157
-7.0103	73.5868	-11.8668	-4.7979	121.6247
-7.0183	73.5911	-11.8689	-4.8034	121.6337
-7.0264	73.5954	-11.871	-4.809	121.6427
-7.0345	73.5998	-11.8731	-4.8145	121.6517
-7.0425	73.6041	-11.8752	-4.82	121.6607
-7.0506	73.6084	-11.8773	-4.8255	121.6697
-7.0587	73.6127	-11.8795	-4.8311	121.6787
-7.0668	73.617	-11.8816	-4.8366	121.6877
-7.0749	73.6213	-11.8837	-4.8421	121.6968
-7.083	73.6257	-11.8858	-4.8477	121.7058
-7.091	73.63	-11.8879	-4.8532	121.7148
-7.0991	73.6343	-11.89	-4.8587	121.7238
-7.1072	73.6386	-11.8921	-4.8643	121.7329
-7.1153	73.643	-11.8943	-4.8698	121.7419
-7.1234	73.6473	-11.8964	-4.8753	121.7509
-7.1315	73.6516	-11.8985	-4.8809	121.7599
-7.1396	73.656	-11.9006	-4.8864	121.769
-7.1477	73.6603	-11.9027	-4.892	121.778
-7.1558	73.6646	-11.9048	-4.8975	121.7871
-7.1639	73.669	-11.907	-4.9031	121.7961
-7.172	73.6733	-11.9091	-4.9086	121.8052
-7.1802	73.6776	-11.9112	-4.9142	121.8142
-7.1883	73.682	-11.9133	-4.9197	121.8233
-7.1964	73.6863	-11.9154	-4.9253	121.8323
-7.2045	73.6907	-11.9176	-4.9308	121.8414
-7.2126	73.695	-11.9197	-4.9364	121.8504
-7.2208	73.6993	-11.9218	-4.9419	121.8595
-7.2289	73.7037	-11.9239	-4.9475	121.8686
-7.237	73.708	-11.9261	-4.953	121.8776
-7.2451	73.7124	-11.9282	-4.9586	121.8867
-7.2533	73.7167	-11.9303	-4.9642	121.8958
-7.2614	73.7211	-11.9324	-4.9697	121.9048
-7.2695	73.7254	-11.9346	-4.9753	121.9139
-7.2777	73.7298	-11.9367	-4.9809	121.923
-7.2858	73.7341	-11.9388	-4.9864	121.9321
-7.2939	73.7385	-11.9409	-4.992	121.9411
-7.3021	73.7428	-11.9431	-4.9976	121.9502
-7.3102	73.7472	-11.9452	-5.0031	121.9593
-7.3184	73.7515	-11.9473	-5.0087	121.9684
-7.3265	73.7559	-11.9494	-5.0143	121.9775
-7.3347	73.7602	-11.9516	-5.0199	121.9866
-7.3428	73.7646	-11.9537	-5.0254	121.9957
-7.351	73.769	-11.9558	-5.031	122.0048
-7.3591	73.7733	-11.958	-5.0366	122.0139
-7.3673	73.7777	-11.9601	-5.0422	122.023
-7.3755	73.782	-11.9622	-5.0478	122.0321
-7.3836	73.7864	-11.9644	-5.0533	122.0412
-7.3918	73.7908	-11.9665	-5.0589	122.0503
-7.3999	73.7951	-11.9686	-5.0645	122.0594
-7.4081	73.7995	-11.9708	-5.0701	122.0685
-7.4163	73.8039	-11.9729	-5.0757	122.0776
-7.4244	73.8082	-11.975	-5.0813	122.0867
-7.4326	73.8126	-11.9772	-5.0869	122.0958
-7.4408	73.817	-11.9793	-5.0925	122.105
-7.449	73.8213	-11.9814	-5.098	122.1141
-7.4571	73.8257	-11.9836	-5.1036	122.1232
-7.4653	73.8301	-11.9857	-5.1092	122.1323
-7.4735	73.8345	-11.9879	-5.1148	122.1415
-7.4817	73.8388	-11.99	-5.1204	122.1506
-7.4899	73.8432	-11.9921	-5.126	122.1597
-7.4981	73.8476	-11.9943	-5.1316	122.1688
-7.5063	73.852	-11.9964	-5.1372	122.178
-7.5144	73.8563	-11.9986	-5.1428	122.1871
-7.5226	73.8607	-12.0007	-5.1484	122.1963
-7.5308	73.8651	-12.0028	-5.154	122.2054
-7.539	73.8695	-12.005	-5.1597	122.2145
-7.5472	73.8739	-12.0071	-5.1653	122.2237
-7.5554	73.8782	-12.0093	-5.1709	122.2328
-7.5636	73.8826	-12.0114	-5.1765	122.242
-7.5718	73.887	-12.0135	-5.1821	122.2511
-7.58	73.8914	-12.0157	-5.1877	122.2603
-7.5882	73.8958	-12.0178	-5.1933	122.2694
-7.5964	73.9002	-12.02	-5.1989	122.2786
-7.6047	73.9046	-12.0221	-5.2045	122.2878
-7.6129	73.909	-12.0243	-5.2102	122.2969
-7.6211	73.9133	-12.0264	-5.2158	122.3061
-7.6293	73.9177	-12.0286	-5.2214	122.3152
-7.6375	73.9221	-12.0307	-5.227	122.3244
-7.6457	73.9265	-12.0329	-5.2326	122.3336
-7.6539	73.9309	-12.035	-5.2383	122.3427
-7.6622	73.9353	-12.0372	-5.2439	122.3519
-7.6704	73.9397	-12.0393	-5.2495	122.3611
-7.6786	73.9441	-12.0415	-5.2551	122.3703
-7.6868	73.9485	-12.0436	-5.2608	122.3794
-7.6951	73.9529	-12.0458	-5.2664	122.3886
-7.7033	73.9573	-12.0479	-5.272	122.3978
-7.7115	73.9617	-12.0501	-5.2777	122.407
-7.7198	73.9661	-12.0522	-5.2833	122.4162
-7.728	73.9705	-12.0544	-5.2889	122.4253
-7.7362	73.9749	-12.0565	-5.2946	122.4345
-7.7445	73.9793	-12.0587	-5.3002	122.4437
-7.7527	73.9837	-12.0608	-5.3058	122.4529
-7.7609	73.9881	-12.063	-5.3115	122.4621
-7.7692	73.9925	-12.0651	-5.3171	122.4713
-7.7774	73.9969	-12.0673	-5.3227	122.4805
-7.7857	74.0013	-12.0694	-5.3284	122.4897
-7.7939	74.0057	-12.0716	-5.334	122.4989
-7.8022	74.0102	-12.0737	-5.3397	122.5081
-7.8104	74.0146	-12.0759	-5.3453	122.5173
-7.8187	74.019	-12.0781	-5.351	122.5265
-7.8269	74.0234	-12.0802	-5.3566	122.5357
-7.8352	74.0278	-12.0824	-5.3622	122.5449
-7.8434	74.0322	-12.0845	-5.3679	122.5541
-7.8517	74.0366	-12.0867	-5.3735	122.5633
-7.8599	74.041	-12.0888	-5.3792	122.5725
-7.8682	74.0455	-12.091	-5.3848	122.5818
-7.8765	74.0499	-12.0932	-5.3905	122.591
-7.8847	74.0543	-12.0953	-5.3961	122.6002
-7.893	74.0587	-12.0975	-5.4018	122.6094
-7.9013	74.0631	-12.0996	-5.4074	122.6186
-7.9095	74.0675	-12.1018	-5.4131	122.6279
-7.9178	74.072	-12.104	-5.4188	122.6371
-7.9261	74.0764	-12.1061	-5.4244	122.6463
-7.9343	74.0808	-12.1083	-5.4301	122.6555
-7.9426	74.0852	-12.1104	-5.4357	122.6648
-7.9509	74.0897	-12.1126	-5.4414	122.674
-7.9592	74.0941	-12.1148	-5.4471	122.6832
-7.9674	74.0985	-12.1169	-5.4527	122.6924
-7.9757	74.1029	-12.1191	-5.4584	122.7017
-7.984	74.1074	-12.1213	-5.464	122.7109
-7.9923	74.1118	-12.1234	-5.4697	122.7202
-8.0006	74.1162	-12.1256	-5.4754	122.7294
-8.0088	74.1206	-12.1277	-5.481	122.7386
-8.0171	74.1251	-12.1299	-5.4867	122.7479
-8.0254	74.1295	-12.1321	-5.4924	122.7571
-8.0337	74.1339	-12.1342	-5.498	122.7664
-8.042	74.1384	-12.1364	-5.5037	122.7756
-8.0503	74.1428	-12.1386	-5.5094	122.7849
-8.0586	74.1472	-12.1407	-5.5151	122.7941
-8.0669	74.1517	-12.1429	-5.5207	122.8034
-8.0752	74.1561	-12.1451	-5.5264	122.8126
-8.0834	74.1605	-12.1472	-5.5321	122.8219
-8.0917	74.165	-12.1494	-5.5378	122.8311
-8.1	74.1694	-12.1516	-5.5434	122.8404
-8.1083	74.1738	-12.1537	-5.5491	122.8496
-8.1166	74.1783	-12.1559	-5.5548	122.8589
-8.1249	74.1827	-12.1581	-5.5605	122.8682
-8.1332	74.1871	-12.1603	-5.5661	122.8774
-8.1415	74.1916	-12.1624	-5.5718	122.8867
-8.1499	74.196	-12.1646	-5.5775	122.8959
-8.1582	74.2005	-12.1668	-5.5832	122.9052
-8.1665	74.2049	-12.1689	-5.5889	122.9145
-8.1748	74.2093	-12.1711	-5.5946	122.9237
-8.1831	74.2138	-12.1733	-5.6002	122.933
-8.1914	74.2182	-12.1755	-5.6059	122.9423
-8.1997	74.2227	-12.1776	-5.6116	122.9516
-8.208	74.2271	-12.1798	-5.6173	122.9608
-8.2163	74.2316	-12.182	-5.623	122.9701
-8.2247	74.236	-12.1841	-5.6287	122.9794
-8.233	74.2405	-12.1863	-5.6344	122.9887
-8.2413	74.2449	-12.1885	-5.6401	122.9979
-8.2496	74.2493	-12.1907	-5.6457	123.0072
-8.2579	74.2538	-12.1928	-5.6514	123.0165
-8.2662	74.2582	-12.195	-5.6571	123.0258
-8.2746	74.2627	-12.1972	-5.6628	123.0351
-8.2829	74.2671	-12.1994	-5.6685	123.0444
-8.2912	74.2716	-12.2015	-5.6742	123.0536
-8.2995	74.276	-12.2037	-5.6799	123.0629
-8.3079	74.2805	-12.2059	-5.6856	123.0722
-8.3162	74.2849	-12.2081	-5.6913	123.0815
-8.3245	74.2894	-12.2102	-5.697	123.0908
-8.3329	74.2938	-12.2124	-5.7027	123.1001
-8.3412	74.2983	-12.2146	-5.7084	123.1094
-8.3495	74.3028	-12.2168	-5.7141	123.1187
-8.3578	74.3072	-12.2189	-5.7198	123.128
-8.3662	74.3117	-12.2211	-5.7255	123.1373
-8.3745	74.3161	-12.2233	-5.7312	123.1466
-8.3829	74.3206	-12.2255	-5.7369	123.1559
-8.3912	74.325	-12.2277	-5.7426	123.1652
-8.3995	74.3295	-12.2298	-5.7483	123.1745
-8.4079	74.3339	-12.232	-5.754	123.1838
-8.4162	74.3384	-12.2342	-5.7597	123.1931
-8.4245	74.3429	-12.2364	-5.7654	123.2024
-8.4329	74.3473	-12.2386	-5.7711	123.2117
-8.4412	74.3518	-12.2407	-5.7768	123.221
-8.4496	74.3562	-12.2429	-5.7825	123.2303
-8.4579	74.3607	-12.2451	-5.7882	123.2396
-8.4663	74.3652	-12.2473	-5.794	123.2489
-8.4746	74.3696	-12.2495	-5.7997	123.2582
-8.483	74.3741	-12.2516	-5.8054	123.2675
-8.4913	74.3786	-12.2538	-5.8111	123.2768
-8.4997	74.383	-12.256	-5.8168	123.2862
-8.508	74.3875	-12.2582	-5.8225	123.2955
-8.5164	74.3919	-12.2604	-5.8282	123.3048
-8.5247	74.3964	-12.2626	-5.8339	123.3141
-8.5331	74.4009	-12.2647	-5.8396	123.3234
-8.5414	74.4053	-12.2669	-5.8454	123.3327
-8.5498	74.4098	-12.2691	-5.8511	123.3421
-8.5581	74.4143	-12.2713	-5.8568	123.3514
-8.5665	74.4187	-12.2735	-5.8625	123.3607
-8.5748	74.4232	-12.2757	-5.8682	123.37
-8.5832	74.4277	-12.2778	-5.8739	123.3794
-8.5916	74.4321	-12.28	-5.8797	123.3887
-8.5999	74.4366	-12.2822	-5.8854	123.398
-8.6083	74.4411	-12.2844	-5.8911	123.4073
-8.6166	74.4456	-12.2866	-5.8968	123.4167
-8.625	74.45	-12.2888	-5.9025	123.426
-8.6334	74.4545	-12.2909	-5.9083	123.4353
-8.6417	74.459	-12.2931	-5.914	123.4446
-8.6501	74.4634	-12.2953	-5.9197	123.454
-8.6584	74.4679	-12.2975	-5.9254	123.4633
-8.6668	74.4724	-12.2997	-5.9311	123.4726
-8.6752	74.4768	-12.3019	-5.9369	123.482
-8.6835	74.4813	-12.3041	-5.9426	123.4913
-8.6919	74.4858	-12.3062	-5.9483	123.5006
-8.7003	74.4903	-12.3084	-5.954	123.51
-8.7087	74.4947	-12.3106	-5.9598	123.5193
-8.717	74.4992	-12.3128	-5.9655	123.5286
-8.7254	74.5037	-12.315	-5.9712	123.538
-8.7338	74.5082	-12.3172	-5.9769	123.5473
-8.7421	74.5126	-12.3194	-5.9827	123.5567
-8.7505	74.5171	-12.3216	-5.9884	123.566
-8.7589	74.5216	-12.3237	-5.9941	123.5753
-8.7673	74.5261	-12.3259	-5.9999	123.5847
-8.7756	74.5305	-12.3281	-6.0056	123.594
-8.784	74.535	-12.3303	-6.0113	123.6034
-8.7924	74.5395	-12.3325	-6.017	123.6127
-8.8008	74.544	-12.3347	-6.0228	123.6221
-8.8091	74.5485	-12.3369	-6.0285	123.6314
-8.8175	74.5529	-12.3391	-6.0342	123.6407
-8.8259	74.5574	-12.3413	-6.04	123.6501
-8.8343	74.5619	-12.3434	-6.0457	123.6594
-8.8426	74.5664	-12.3456	-6.0514	123.6688
-8.851	74.5709	-12.3478	-6.0572	123.6781
-8.8594	74.5753	-12.35	-6.0629	123.6875
-8.8678	74.5798	-12.3522	-6.0686	123.6968
-8.8762	74.5843	-12.3544	-6.0744	123.7062
-8.8846	74.5888	-12.3566	-6.0801	123.7155
-8.8929	74.5933	-12.3588	-6.0858	123.7249
-8.9013	74.5977	-12.361	-6.0916	123.7342
-8.9097	74.6022	-12.3632	-6.0973	123.7436
-8.9181	74.6067	-12.3654	-6.103	123.7529
-8.9265	74.6112	-12.3675	-6.1088	123.7623
-8.9349	74.6157	-12.3697	-6.1145	123.7717
-8.9432	74.6202	-12.3719	-6.1202	123.781
-8.9516	74.6246	-12.3741	-6.126	123.7904
-8.96	74.6291	-12.3763	-6.1317	123.7997
-8.9684	74.6336	-12.3785	-6.1375	123.8091
-8.9768	74.6381	-12.3807	-6.1432	123.8184
-8.9852	74.6426	-12.3829	-6.1489	123.8278
-8.9936	74.6471	-12.3851	-6.1547	123.8371
-9.002	74.6515	-12.3873	-6.1604	123.8465
-9.0104	74.656	-12.3895	-6.1662	123.8559
-9.0187	74.6605	-12.3917	-6.1719	123.8652
-9.0271	74.665	-12.3938	-6.1776	123.8746
-9.0355	74.6695	-12.396	-6.1834	123.8839
-9.0439	74.674	-12.3982	-6.1891	123.8933
-9.0523	74.6785	-12.4004	-6.1949	123.9027
-9.0607	74.6829	-12.4026	-6.2006	123.912
-9.0691	74.6874	-12.4048	-6.2063	123.9214
-9.0775	74.6919	-12.407	-6.2121	123.9308
-9.0859	74.6964	-12.4092	-6.2178	123.9401
-9.0943	74.7009	-12.4114	-6.2236	123.9495
-9.1027	74.7054	-12.4136	-6.2293	123.9588
-9.1111	74.7099	-12.4158	-6.235	123.9682
-9.1195	74.7144	-12.418	-6.2408	123.9776
-9.1279	74.7188	-12.4202	-6.2465	123.9869
-9.1362	74.7233	-12.4224	-6.2523	123.9963
-9.1446	74.7278	-12.4246	-6.258	124.0057
-9.153	74.7323	-12.4267	-6.2638	124.015
-9.1614	74.7368	-12.4289	-6.2695	124.0244
-9.1698	74.7413	-12.4311	-6.2752	124.0338
-9.1782	74.7458	-12.4333	-6.281	124.0431
-9.1866	74.7503	-12.4355	-6.2867	124.0525
-9.195	74.7548	-12.4377	-6.2925	124.0619
-9.2034	74.7592	-12.4399	-6.2982	124.0712
-9.2118	74.7637	-12.4421	-6.304	124.0806
-9.2202	74.7682	-12.4443	-6.3097	124.09
-9.2286	74.7727	-12.4465	-6.3155	124.0994
-9.237	74.7772	-12.4487	-6.3212	124.1087
-9.2454	74.7817	-12.4509	-6.327	124.1181
-9.2538	74.7862	-12.4531	-6.3327	124.1275
-9.2622	74.7907	-12.4553	-6.3384	124.1368
-9.2706	74.7952	-12.4575	-6.3442	124.1462
-9.279	74.7997	-12.4597	-6.3499	124.1556
-9.2874	74.8041	-12.4619	-6.3557	124.1649
-9.2958	74.8086	-12.4641	-6.3614	124.1743
-9.3042	74.8131	-12.4663	-6.3672	124.1837
-9.3126	74.8176	-12.4684	-6.3729	124.1931
-9.321	74.8221	-12.4706	-6.3787	124.2024
-9.3294	74.8266	-12.4728	-6.3844	124.2118
-9.3378	74.8311	-12.475	-6.3902	124.2212
-9.3462	74.8356	-12.4772	-6.3959	124.2305
-9.3546	74.8401	-12.4794	-6.4017	124.2399
-9.363	74.8446	-12.4816	-6.4074	124.2493
-9.3714	74.8491	-12.4838	-6.4132	124.2587
-9.3798	74.8535	-12.486	-6.4189	124.268
-9.3882	74.858	-12.4882	-6.4247	124.2774
-9.3966	74.8625	-12.4904	-6.4304	124.2868
-9.405	74.867	-12.4926	-6.4361	124.2962
-9.4134	74.8715	-12.4948	-6.4419	124.3055
-9.4218	74.876	-12.497	-6.4476	124.3149
-9.4302	74.8805	-12.4992	-6.4534	124.3243
-9.4386	74.885	-12.5014	-6.4591	124.3336
-9.4471	74.8895	-12.5036	-6.4649	124.343
-9.4555	74.894	-12.5058	-6.4706	124.3524
-9.4639	74.8985	-12.508	-6.4764	124.3618
-9.4723	74.903	-12.5102	-6.4821	124.3711
-9.4807	74.9074	-12.5124	-6.4879	124.3805
-9.4891	74.9119	-12.5146	-6.4936	124.3899
-9.4975	74.9164	-12.5168	-6.4994	124.3993
-9.5059	74.9209	-12.5189	-6.5051	124.4086
-9.5143	74.9254	-12.5211	-6.5109	124.418
-9.5227	74.9299	-12.5233	-6.5166	124.4274
-9.5311	74.9344	-12.5255	-6.5224	124.4368
-9.5395	74.9389	-12.5277	-6.5281	124.4461
-9.5479	74.9434	-12.5299	-6.5339	124.4555
-9.5563	74.9479	-12.5321	-6.5396	124.4649
-9.5647	74.9524	-12.5343	-6.5454	124.4743
-9.5731	74.9569	-12.5365	-6.5511	124.4836
-9.5815	74.9613	-12.5387	-6.5569	124.493
-9.5899	74.9658	-12.5409	-6.5626	124.5024
-9.5983	74.9703	-12.5431	-6.5684	124.5117
-9.6067	74.9748	-12.5453	-6.5741	124.5211
-9.6151	74.9793	-12.5475	-6.5798	124.5305
-9.6235	74.9838	-12.5497	-6.5856	124.5399
-9.6319	74.9883	-12.5519	-6.5913	124.5492
-9.6403	74.9928	-12.5541	-6.5971	124.5586
-9.6487	74.9973	-12.5563	-6.6028	124.568
-9.6571	75.0018	-12.5585	-6.6086	124.5774
-9.6655	75.0063	-12.5607	-6.6143	124.5867
-9.6739	75.0108	-12.5629	-6.6201	124.5961
-9.6823	75.0152	-12.5651	-6.6258	124.6055
-9.6907	75.0197	-12.5673	-6.6316	124.6148
-9.6991	75.0242	-12.5694	-6.6373	124.6242
-9.7075	75.0287	-12.5716	-6.6431	124.6336
-9.7159	75.0332	-12.5738	-6.6488	124.643
-9.7243	75.0377	-12.576	-6.6546	124.6523
-9.7327	75.0422	-12.5782	-6.6603	124.6617
-9.7411	75.0467	-12.5804	-6.6661	124.6711
-9.7495	75.0512	-12.5826	-6.6718	124.6804
-9.7579	75.0557	-12.5848	-6.6775	124.6898
-9.7663	75.0602	-12.587	-6.6833	124.6992
-9.7747	75.0646	-12.5892	-6.689	124.7085
-9.7831	75.0691	-12.5914	-6.6948	124.7179
-9.7915	75.0736	-12.5936	-6.7005	124.7273
-9.7999	75.0781	-12.5958	-6.7063	124.7367
-9.8083	75.0826	-12.598	-6.712	124.746
-9.8167	75.0871	-12.6002	-6.7178	124.7554
-9.8251	75.0916	-12.6024	-6.7235	124.7648
-9.8335	75.0961	-12.6046	-6.7293	124.7741
-9.8419	75.1006	-12.6068	-6.735	124.7835
-9.8503	75.105	-12.609	-6.7407	124.7929
-9.8587	75.1095	-12.6111	-6.7465	124.8022
-9.8671	75.114	-12.6133	-6.7522	124.8116
-9.8755	75.1185	-12.6155	-6.758	124.821
-9.8839	75.123	-12.6177	-6.7637	124.8303
-9.8923	75.1275	-12.6199	-6.7695	124.8397
-9.9007	75.132	-12.6221	-6.7752	124.8491
-9.9091	75.1365	-12.6243	-6.7809	124.8584
-9.9175	75.141	-12.6265	-6.7867	124.8678
-9.9259	75.1454	-12.6287	-6.7924	124.8771
-9.9342	75.1499	-12.6309	-6.7982	124.8865
-9.9426	75.1544	-12.6331	-6.8039	124.8959
-9.951	75.1589	-12.6353	-6.8096	124.9052
-9.9594	75.1634	-12.6375	-6.8154	124.9146
-9.9678	75.1679	-12.6397	-6.8211	124.924
-9.9762	75.1724	-12.6419	-6.8269	124.9333
-9.9846	75.1768	-12.644	-6.8326	124.9427
-9.993	75.1813	-12.6462	-6.8383	124.952
-10.0014	75.1858	-12.6484	-6.8441	124.9614
-10.0098	75.1903	-12.6506	-6.8498	124.9708
-10.0182	75.1948	-12.6528	-6.8556	124.9801
-10.0265	75.1993	-12.655	-6.8613	124.9895
-10.0349	75.2037	-12.6572	-6.867	124.9988
-10.0433	75.2082	-12.6594	-6.8728	125.0082
-10.0517	75.2127	-12.6616	-6.8785	125.0175
-10.0601	75.2172	-12.6638	-6.8843	125.0269
-10.0685	75.2217	-12.666	-6.89	125.0362
-10.0769	75.2262	-12.6682	-6.8957	125.0456
-10.0852	75.2306	-12.6703	-6.9015	125.055
-10.0936	75.2351	-12.6725	-6.9072	125.0643
-10.102	75.2396	-12.6747	-6.9129	125.0737
-10.1104	75.2441	-12.6769	-6.9187	125.083
-10.1188	75.2486	-12.6791	-6.9244	125.0924
-10.1272	75.2531	-12.6813	-6.9301	125.1017
-10.1355	75.2575	-12.6835	-6.9359	125.1111
-10.1439	75.262	-12.6857	-6.9416	125.1204
-10.1523	75.2665	-12.6879	-6.9473	125.1298
-10.1607	75.271	-12.6901	-6.9531	125.1391
-10.1691	75.2755	-12.6923	-6.9588	125.1485
-10.1774	75.2799	-12.6944	-6.9645	125.1578
-10.1858	75.2844	-12.6966	-6.9703	125.1672
-10.1942	75.2889	-12.6988	-6.976	125.1765
-10.2026	75.2934	-12.701	-6.9817	125.1858
-10.211	75.2978	-12.7032	-6.9875	125.1952
-10.2193	75.3023	-12.7054	-6.9932	125.2045
-10.2277	75.3068	-12.7076	-6.9989	125.2139
-10.2361	75.3113	-12.7098	-7.0046	125.2232
-10.2445	75.3158	-12.712	-7.0104	125.2326
-10.2528	75.3202	-12.7141	-7.0161	125.2419
-10.2612	75.3247	-12.7163	-7.0218	125.2512
-10.2696	75.3292	-12.7185	-7.0276	125.2606
-10.2779	75.3337	-12.7207	-7.0333	125.2699
-10.2863	75.3381	-12.7229	-7.039	125.2793
-10.2947	75.3426	-12.7251	-7.0447	125.2886
-10.3031	75.3471	-12.7273	-7.0505	125.2979
-10.3114	75.3516	-12.7295	-7.0562	125.3073
-10.3198	75.356	-12.7316	-7.0619	125.3166
-10.3282	75.3605	-12.7338	-7.0676	125.3259
-10.3365	75.365	-12.736	-7.0734	125.3353
-10.3449	75.3694	-12.7382	-7.0791	125.3446
-10.3533	75.3739	-12.7404	-7.0848	125.3539
-10.3616	75.3784	-12.7426	-7.0905	125.3633
-10.37	75.3829	-12.7448	-7.0962	125.3726
-10.3783	75.3873	-12.7469	-7.102	125.3819
-10.3867	75.3918	-12.7491	-7.1077	125.3912
-10.3951	75.3963	-12.7513	-7.1134	125.4006
-10.4034	75.4007	-12.7535	-7.1191	125.4099
-10.4118	75.4052	-12.7557	-7.1248	125.4192
-10.4201	75.4097	-12.7579	-7.1306	125.4285
-10.4285	75.4141	-12.76	-7.1363	125.4379
-10.4369	75.4186	-12.7622	-7.142	125.4472
-10.4452	75.4231	-12.7644	-7.1477	125.4565
-10.4536	75.4275	-12.7666	-7.1534	125.4658
-10.4619	75.432	-12.7688	-7.1591	125.4752
-10.4703	75.4365	-12.771	-7.1649	125.4845
-10.4786	75.4409	-12.7731	-7.1706	125.4938
-10.487	75.4454	-12.7753	-7.1763	125.5031
-10.4953	75.4499	-12.7775	-7.182	125.5124
-10.5037	75.4543	-12.7797	-7.1877	125.5217
-10.512	75.4588	-12.7819	-7.1934	125.5311
-10.5204	75.4633	-12.7841	-7.1991	125.5404
-10.5287	75.4677	-12.7862	-7.2048	125.5497
-10.5371	75.4722	-12.7884	-7.2105	125.559
-10.5454	75.4766	-12.7906	-7.2163	125.5683
-10.5538	75.4811	-12.7928	-7.222	125.5776
-10.5621	75.4856	-12.795	-7.2277	125.5869
-10.5704	75.49	-12.7971	-7.2334	125.5962
-10.5788	75.4945	-12.7993	-7.2391	125.6055
-10.5871	75.4989	-12.8015	-7.2448	125.6148
-10.5955	75.5034	-12.8037	-7.2505	125.6241
-10.6038	75.5079	-12.8059	-7.2562	125.6334
-10.6121	75.5123	-12.808	-7.2619	125.6427
-10.6205	75.5168	-12.8102	-7.2676	125.652
-10.6288	75.5212	-12.8124	-7.2733	125.6613
-10.6372	75.5257	-12.8146	-7.279	125.6706
-10.6455	75.5301	-12.8168	-7.2847	125.6799
-10.6538	75.5346	-12.8189	-7.2904	125.6892
-10.6622	75.5391	-12.8211	-7.2961	125.6985
-10.6705	75.5435	-12.8233	-7.3018	125.7078
-10.6788	75.548	-12.8255	-7.3075	125.7171
-10.6871	75.5524	-12.8276	-7.3132	125.7264
-10.6955	75.5569	-12.8298	-7.3189	125.7357
-10.7038	75.5613	-12.832	-7.3246	125.745
-10.7121	75.5658	-12.8342	-7.3303	125.7543
-10.7204	75.5702	-12.8363	-7.336	125.7635
-10.7288	75.5747	-12.8385	-7.3417	125.7728
-10.7371	75.5791	-12.8407	-7.3474	125.7821
-10.7454	75.5836	-12.8429	-7.3531	125.7914
-10.7537	75.588	-12.845	-7.3588	125.8007
-10.7621	75.5925	-12.8472	-7.3644	125.81
-10.7704	75.5969	-12.8494	-7.3701	125.8192
-10.7787	75.6013	-12.8516	-7.3758	125.8285
-10.787	75.6058	-12.8537	-7.3815	125.8378
-10.7953	75.6102	-12.8559	-7.3872	125.8471
-10.8036	75.6147	-12.8581	-7.3929	125.8563
-10.8119	75.6191	-12.8602	-7.3986	125.8656
-10.8203	75.6236	-12.8624	-7.4043	125.8749
-10.8286	75.628	-12.8646	-7.4099	125.8842
-10.8369	75.6325	-12.8668	-7.4156	125.8934
-10.8452	75.6369	-12.8689	-7.4213	125.9027
-10.8535	75.6413	-12.8711	-7.427	125.912
-10.8618	75.6458	-12.8733	-7.4327	125.9212
-10.8701	75.6502	-12.8754	-7.4384	125.9305
-10.8784	75.6547	-12.8776	-7.444	125.9397
-10.8867	75.6591	-12.8798	-7.4497	125.949
-10.895	75.6635	-12.882	-7.4554	125.9583
-10.9033	75.668	-12.8841	-7.4611	125.9675
-10.9116	75.6724	-12.8863	-7.4667	125.9768
-10.9199	75.6768	-12.8885	-7.4724	125.986
-10.9282	75.6813	-12.8906	-7.4781	125.9953
-10.9365	75.6857	-12.8928	-7.4838	126.0045
-10.9448	75.6901	-12.895	-7.4894	126.0138
-10.9531	75.6946	-12.8971	-7.4951	126.023
-10.9614	75.699	-12.8993	-7.5008	126.0323
-10.9696	75.7034	-12.9015	-7.5065	126.0415
-10.9779	75.7079	-12.9036	-7.5121	126.0508
-10.9862	75.7123	-12.9058	-7.5178	126.06
-10.9945	75.7167	-12.908	-7.5235	126.0693
-11.0028	75.7211	-12.9101	-7.5291	126.0785
-11.0111	75.7256	-12.9123	-7.5348	126.0877
-11.0193	75.73	-12.9144	-7.5405	126.097
-11.0276	75.7344	-12.9166	-7.5461	126.1062
-11.0359	75.7389	-12.9188	-7.5518	126.1155
-11.0442	75.7433	-12.9209	-7.5574	126.1247
-11.0525	75.7477	-12.9231	-7.5631	126.1339
-11.0607	75.7521	-12.9253	-7.5688	126.1431
-11.069	75.7565	-12.9274	-7.5744	126.1524
-11.0773	75.761	-12.9296	-7.5801	126.1616
-11.0855	75.7654	-12.9317	-7.5857	126.1708
-11.0938	75.7698	-12.9339	-7.5914	126.18
-11.1021	75.7742	-12.9361	-7.5971	126.1893
-11.1103	75.7786	-12.9382	-7.6027	126.1985
-11.1186	75.7831	-12.9404	-7.6084	126.2077
-11.1269	75.7875	-12.9425	-7.614	126.2169
-11.1351	75.7919	-12.9447	-7.6197	126.2261
-11.1434	75.7963	-12.9469	-7.6253	126.2354
-11.1516	75.8007	-12.949	-7.631	126.2446
-11.1599	75.8051	-12.9512	-7.6366	126.2538
-11.1682	75.8096	-12.9533	-7.6423	126.263
-11.1764	75.814	-12.9555	-7.6479	126.2722
-11.1847	75.8184	-12.9576	-7.6535	126.2814
-11.1929	75.8228	-12.9598	-7.6592	126.2906
-11.2012	75.8272	-12.962	-7.6648	126.2998
-11.2094	75.8316	-12.9641	-7.6705	126.309
-11.2177	75.836	-12.9663	-7.6761	126.3182
-11.2259	75.8404	-12.9684	-7.6818	126.3274
-11.2341	75.8448	-12.9706	-7.6874	126.3366
-11.2424	75.8492	-12.9727	-7.693	126.3458
-11.2506	75.8536	-12.9749	-7.6987	126.355
-11.2589	75.858	-12.977	-7.7043	126.3642
-11.2671	75.8624	-12.9792	-7.7099	126.3734
-11.2753	75.8669	-12.9813	-7.7156	126.3826
-11.2836	75.8713	-12.9835	-7.7212	126.3917
-11.2918	75.8757	-12.9856	-7.7268	126.4009
-11.3	75.8801	-12.9878	-7.7325	126.4101
-11.3083	75.8845	-12.9899	-7.7381	126.4193
-11.3165	75.8889	-12.9921	-7.7437	126.4285
-11.3247	75.8933	-12.9942	-7.7494	126.4376
-11.3329	75.8976	-12.9964	-7.755	126.4468
-11.3412	75.902	-12.9985	-7.7606	126.456
-11.3494	75.9064	-13.0007	-7.7662	126.4652
-11.3576	75.9108	-13.0028	-7.7719	126.4743
-11.3658	75.9152	-13.005	-7.7775	126.4835
-11.374	75.9196	-13.0071	-7.7831	126.4927
-11.3823	75.924	-13.0093	-7.7887	126.5018
-11.3905	75.9284	-13.0114	-7.7943	126.511
-11.3987	75.9328	-13.0136	-7.8	126.5201
-11.4069	75.9372	-13.0157	-7.8056	126.5293
-11.4151	75.9416	-13.0179	-7.8112	126.5385
-11.4233	75.946	-13.02	-7.8168	126.5476
-11.4315	75.9503	-13.0222	-7.8224	126.5568
-11.4397	75.9547	-13.0243	-7.828	126.5659
-11.4479	75.9591	-13.0264	-7.8336	126.5751
-11.4561	75.9635	-13.0286	-7.8392	126.5842
-11.4643	75.9679	-13.0307	-7.8448	126.5934
-11.4725	75.9723	-13.0329	-7.8505	126.6025
-11.4807	75.9766	-13.035	-7.8561	126.6116
-11.4889	75.981	-13.0371	-7.8617	126.6208
-11.4971	75.9854	-13.0393	-7.8673	126.6299
-11.5053	75.9898	-13.0414	-7.8729	126.6391
-11.5135	75.9941	-13.0436	-7.8785	126.6482
-11.5216	75.9985	-13.0457	-7.8841	126.6573
-11.5298	76.0029	-13.0478	-7.8897	126.6664
-11.538	76.0073	-13.05	-7.8953	126.6756
-11.5462	76.0116	-13.0521	-7.9009	126.6847
-11.5544	76.016	-13.0543	-7.9065	126.6938
-11.5625	76.0204	-13.0564	-7.912	126.7029
-11.5707	76.0248	-13.0585	-7.9176	126.7121
-11.5789	76.0291	-13.0607	-7.9232	126.7212
-11.5871	76.0335	-13.0628	-7.9288	126.7303
-11.5952	76.0379	-13.0649	-7.9344	126.7394
-11.6034	76.0422	-13.0671	-7.94	126.7485
-11.6116	76.0466	-13.0692	-7.9456	126.7576
-11.6197	76.051	-13.0713	-7.9512	126.7667
-11.6279	76.0553	-13.0735	-7.9567	126.7758
-11.636	76.0597	-13.0756	-7.9623	126.7849
-11.6442	76.064	-13.0777	-7.9679	126.794
-11.6524	76.0684	-13.0799	-7.9735	126.8031
-11.6605	76.0728	-13.082	-7.9791	126.8122
-11.6687	76.0771	-13.0841	-7.9846	126.8213
-11.6768	76.0815	-13.0863	-7.9902	126.8304
-11.685	76.0858	-13.0884	-7.9958	126.8395
-11.6931	76.0902	-13.0905	-8.0014	126.8486
-11.7013	76.0945	-13.0926	-8.0069	126.8577
-11.7094	76.0989	-13.0948	-8.0125	126.8668
-11.7175	76.1032	-13.0969	-8.0181	126.8758
-11.7257	76.1076	-13.099	-8.0236	126.8849
-11.7338	76.1119	-13.1011	-8.0292	126.894
-11.7419	76.1163	-13.1033	-8.0348	126.9031
-11.7501	76.1206	-13.1054	-8.0403	126.9121
-11.7582	76.125	-13.1075	-8.0459	126.9212
-11.7663	76.1293	-13.1096	-8.0515	126.9303
-11.7745	76.1337	-13.1118	-8.057	126.9393
-11.7826	76.138	-13.1139	-8.0626	126.9484
-11.7907	76.1424	-13.116	-8.0681	126.9575
-11.7988	76.1467	-13.1181	-8.0737	126.9665
-11.8069	76.151	-13.1203	-8.0792	126.9756
-11.8151	76.1554	-13.1224	-8.0848	126.9846
-11.8232	76.1597	-13.1245	-8.0903	126.9937
-11.8313	76.1641	-13.1266	-8.0959	127.0027
-11.8394	76.1684	-13.1287	-8.1014	127.0118
-11.8475	76.1727	-13.1309	-8.107	127.0208
-11.8556	76.1771	-13.133	-8.1125	127.0299
-11.8637	76.1814	-13.1351	-8.1181	127.0389
-11.8718	76.1857	-13.1372	-8.1236	127.048
-11.8799	76.19	-13.1393	-8.1292	127.057
-11.888	76.1944	-13.1414	-8.1347	127.066
-11.8961	76.1987	-13.1436	-8.1402	127.075
-11.9042	76.203	-13.1457	-8.1458	127.0841
-11.9123	76.2074	-13.1478	-8.1513	127.0931
-11.9204	76.2117	-13.1499	-8.1568	127.1021
-11.9285	76.216	-13.152	-8.1624	127.1111
-11.9366	76.2203	-13.1541	-8.1679	127.1202
-11.9446	76.2246	-13.1562	-8.1734	127.1292
-11.9527	76.229	-13.1584	-8.179	127.1382
-11.9608	76.2333	-13.1605	-8.1845	127.1472
-11.9689	76.2376	-13.1626	-8.19	127.1562
-11.9769	76.2419	-13.1647	-8.1955	127.1652
-11.985	76.2462	-13.1668	-8.2011	127.1742
-11.9931	76.2505	-13.1689	-8.2066	127.1832
-12.0012	76.2549	-13.171	-8.2121	127.1922
-12.0092	76.2592	-13.1731	-8.2176	127.2012
-12.0173	76.2635	-13.1752	-8.2231	127.2102
-12.0253	76.2678	-13.1773	-8.2286	127.2192
-12.0334	76.2721	-13.1794	-8.2342	127.2282
-12.0415	76.2764	-13.1815	-8.2397	127.2372
-12.0495	76.2807	-13.1836	-8.2452	127.2462
-12.0576	76.285	-13.1858	-8.2507	127.2552
-12.0656	76.2893	-13.1879	-8.2562	127.2641
-12.0737	76.2936	-13.19	-8.2617	127.2731
-12.0817	76.2979	-13.1921	-8.2672	127.2821
-12.0897	76.3022	-13.1942	-8.2727	127.2911
-12.0978	76.3065	-13.1963	-8.2782	127.3
-12.1058	76.3108	-13.1984	-8.2837	127.309
-12.1139	76.3151	-13.2005	-8.2892	127.318
-12.1219	76.3194	-13.2026	-8.2947	127.3269
-12.1299	76.3237	-13.2047	-8.3002	127.3359
-12.138	76.328	-13.2068	-8.3057	127.3448
-12.146	76.3323	-13.2089	-8.3112	127.3538
-12.154	76.3366	-13.211	-8.3167	127.3627
-12.162	76.3409	-13.2131	-8.3221	127.3717
-12.17	76.3451	-13.2151	-8.3276	127.3806
-12.1781	76.3494	-13.2172	-8.3331	127.3896
-12.1861	76.3537	-13.2193	-8.3386	127.3985
-12.1941	76.358	-13.2214	-8.3441	127.4075
-12.2021	76.3623	-13.2235	-8.3496	127.4164
-12.2101	76.3666	-13.2256	-8.355	127.4253
-12.2181	76.3708	-13.2277	-8.3605	127.4343
-12.2261	76.3751	-13.2298	-8.366	127.4432
-12.2341	76.3794	-13.2319	-8.3715	127.4521
-12.2421	76.3837	-13.234	-8.3769	127.461
-12.2501	76.3879	-13.2361	-8.3824	127.47
-12.2581	76.3922	-13.2382	-8.3879	127.4789
-12.2661	76.3965	-13.2402	-8.3933	127.4878
-12.2741	76.4008	-13.2423	-8.3988	127.4967
-12.2821	76.405	-13.2444	-8.4043	127.5056
-12.2901	76.4093	-13.2465	-8.4097	127.5145
-12.298	76.4136	-13.2486	-8.4152	127.5234
-12.306	76.4178	-13.2507	-8.4206	127.5323
-12.314	76.4221	-13.2528	-8.4261	127.5412
-12.322	76.4264	-13.2548	-8.4315	127.5501
-12.3299	76.4306	-13.2569	-8.437	127.559
-12.3379	76.4349	-13.259	-8.4425	127.5679
-12.3459	76.4391	-13.2611	-8.4479	127.5768
-12.3538	76.4434	-13.2632	-8.4533	127.5857
-12.3618	76.4476	-13.2653	-8.4588	127.5945
-12.3698	76.4519	-13.2673	-8.4642	127.6034
-12.3777	76.4562	-13.2694	-8.4697	127.6123
-12.3857	76.4604	-13.2715	-8.4751	127.6212
-12.3936	76.4647	-13.2736	-8.4806	127.63
-12.4016	76.4689	-13.2756	-8.486	127.6389
-12.4095	76.4732	-13.2777	-8.4914	127.6478
-12.4174	76.4774	-13.2798	-8.4969	127.6566
-12.4254	76.4816	-13.2819	-8.5023	127.6655
-12.4333	76.4859	-13.2839	-8.5077	127.6743
-12.4413	76.4901	-13.286	-8.5132	127.6832
-12.4492	76.4944	-13.2881	-8.5186	127.692
-12.4571	76.4986	-13.2902	-8.524	127.7009
-12.4651	76.5029	-13.2922	-8.5294	127.7097
-12.473	76.5071	-13.2943	-8.5349	127.7186
-12.4809	76.5113	-13.2964	-8.5403	127.7274
-12.4888	76.5156	-13.2984	-8.5457	127.7362
-12.4967	76.5198	-13.3005	-8.5511	127.7451
-12.5047	76.524	-13.3026	-8.5565	127.7539
-12.5126	76.5282	-13.3047	-8.5619	127.7627
-12.5205	76.5325	-13.3067	-8.5673	127.7715
-12.5284	76.5367	-13.3088	-8.5728	127.7804
-12.5363	76.5409	-13.3108	-8.5782	127.7892
-12.5442	76.5452	-13.3129	-8.5836	127.798
-12.5521	76.5494	-13.315	-8.589	127.8068
-12.56	76.5536	-13.317	-8.5944	127.8156
-12.5679	76.5578	-13.3191	-8.5998	127.8244
-12.5758	76.562	-13.3212	-8.6052	127.8332
-12.5836	76.5663	-13.3232	-8.6106	127.842
-12.5915	76.5705	-13.3253	-8.616	127.8508
-12.5994	76.5747	-13.3273	-8.6213	127.8596
-12.6073	76.5789	-13.3294	-8.6267	127.8684
-12.6152	76.5831	-13.3315	-8.6321	127.8772
-12.623	76.5873	-13.3335	-8.6375	127.886
-12.6309	76.5915	-13.3356	-8.6429	127.8948
-12.6388	76.5957	-13.3376	-8.6483	127.9035
-12.6467	76.5999	-13.3397	-8.6537	127.9123
-12.6545	76.6041	-13.3417	-8.659	127.9211
-12.6624	76.6083	-13.3438	-8.6644	127.9298
-12.6702	76.6125	-13.3459	-8.6698	127.9386
-12.6781	76.6167	-13.3479	-8.6752	127.9474
-12.6859	76.6209	-13.35	-8.6805	127.9561
-12.6938	76.6251	-13.352	-8.6859	127.9649
-12.7016	76.6293	-13.3541	-8.6913	127.9736
-12.7095	76.6335	-13.3561	-8.6966	127.9824
-12.7173	76.6377	-13.3582	-8.702	127.9911
-12.7252	76.6419	-13.3602	-8.7074	127.9999
-12.733	76.6461	-13.3623	-8.7127	128.0086
-12.7408	76.6503	-13.3643	-8.7181	128.0174
-12.7487	76.6545	-13.3663	-8.7234	128.0261
-12.7565	76.6586	-13.3684	-8.7288	128.0348
-12.7643	76.6628	-13.3704	-8.7341	128.0436
-12.7721	76.667	-13.3725	-8.7395	128.0523
-12.7799	76.6712	-13.3745	-8.7448	128.061
-12.7878	76.6754	-13.3766	-8.7502	128.0697
-12.7956	76.6795	-13.3786	-8.7555	128.0784
-12.8034	76.6837	-13.3806	-8.7609	128.0871
-12.8112	76.6879	-13.3827	-8.7662	128.0959
-12.819	76.6921	-13.3847	-8.7715	128.1046
-12.8268	76.6962	-13.3868	-8.7769	128.1133
-12.8346	76.7004	-13.3888	-8.7822	128.122
-12.8424	76.7046	-13.3908	-8.7876	128.1307
-12.8502	76.7087	-13.3929	-8.7929	128.1393
-12.858	76.7129	-13.3949	-8.7982	128.148
-12.8657	76.7171	-13.3969	-8.8035	128.1567
-12.8735	76.7212	-13.399	-8.8089	128.1654
-12.8813	76.7254	-13.401	-8.8142	128.1741
-12.8891	76.7295	-13.403	-8.8195	128.1828
-12.8969	76.7337	-13.4051	-8.8248	128.1914
-12.9046	76.7378	-13.4071	-8.8301	128.2001
-12.9124	76.742	-13.4091	-8.8355	128.2088
-12.9202	76.7461	-13.4112	-8.8408	128.2174
-12.9279	76.7503	-13.4132	-8.8461	128.2261
-12.9357	76.7544	-13.4152	-8.8514	128.2347
-12.9434	76.7586	-13.4172	-8.8567	128.2434
-12.9512	76.7627	-13.4193	-8.862	128.252
-12.9589	76.7669	-13.4213	-8.8673	128.2607
-12.9667	76.771	-13.4233	-8.8726	128.2693
-12.9744	76.7752	-13.4253	-8.8779	128.278
-12.9822	76.7793	-13.4274	-8.8832	128.2866
-12.9899	76.7834	-13.4294	-8.8885	128.2952
-12.9976	76.7876	-13.4314	-8.8938	128.3039
-13.0054	76.7917	-13.4334	-8.8991	128.3125
-13.0131	76.7958	-13.4355	-8.9043	128.3211
-13.0208	76.8	-13.4375	-8.9096	128.3297
-13.0286	76.8041	-13.4395	-8.9149	128.3383
-13.0363	76.8082	-13.4415	-8.9202	128.3469
-13.044	76.8123	-13.4435	-8.9255	128.3556
-13.0517	76.8165	-13.4455	-8.9307	128.3642
-13.0594	76.8206	-13.4476	-8.936	128.3728
-13.0671	76.8247	-13.4496	-8.9413	128.3814
-13.0748	76.8288	-13.4516	-8.9466	128.39
-13.0825	76.8329	-13.4536	-8.9518	128.3985
-13.0902	76.8371	-13.4556	-8.9571	128.4071
-13.0979	76.8412	-13.4576	-8.9624	128.4157
-13.1056	76.8453	-13.4596	-8.9676	128.4243
-13.1133	76.8494	-13.4616	-8.9729	128.4329
-13.121	76.8535	-13.4636	-8.9781	128.4414
-13.1287	76.8576	-13.4656	-8.9834	128.45
-13.1363	76.8617	-13.4677	-8.9886	128.4586
-13.144	76.8658	-13.4697	-8.9939	128.4671
-13.1517	76.8699	-13.4717	-8.9991	128.4757
-13.1594	76.874	-13.4737	-9.0044	128.4842
-13.167	76.8781	-13.4757	-9.0096	128.4928
-13.1747	76.8822	-13.4777	-9.0149	128.5013
-13.1823	76.8863	-13.4797	-9.0201	128.5099
-13.19	76.8904	-13.4817	-9.0253	128.5184
-13.1976	76.8945	-13.4837	-9.0306	128.527
-13.2053	76.8986	-13.4857	-9.0358	128.5355
-13.2129	76.9027	-13.4877	-9.041	128.544
-13.2206	76.9067	-13.4897	-9.0463	128.5526
-13.2282	76.9108	-13.4917	-9.0515	128.5611
-13.2359	76.9149	-13.4937	-9.0567	128.5696
-13.2435	76.919	-13.4957	-9.0619	128.5781
-13.2511	76.9231	-13.4977	-9.0672	128.5866
-13.2588	76.9272	-13.4996	-9.0724	128.5951
-13.2664	76.9312	-13.5016	-9.0776	128.6036
-13.274	76.9353	-13.5036	-9.0828	128.6121
-13.2816	76.9394	-13.5056	-9.088	128.6206
-13.2892	76.9434	-13.5076	-9.0932	128.6291
-13.2968	76.9475	-13.5096	-9.0984	128.6376
-13.3044	76.9516	-13.5116	-9.1036	128.6461
-13.312	76.9556	-13.5136	-9.1088	128.6546
-13.3196	76.9597	-13.5156	-9.114	128.6631
-13.3272	76.9638	-13.5175	-9.1192	128.6715
-13.3348	76.9678	-13.5195	-9.1244	128.68
-13.3424	76.9719	-13.5215	-9.1296	128.6885
-13.35	76.9759	-13.5235	-9.1348	128.6969
-13.3576	76.98	-13.5255	-9.14	128.7054
-13.3652	76.984	-13.5275	-9.1452	128.7139
-13.3728	76.9881	-13.5294	-9.1504	128.7223
-13.3803	76.9921	-13.5314	-9.1555	128.7308
-13.3879	76.9962	-13.5334	-9.1607	128.7392
-13.3955	77.0002	-13.5354	-9.1659	128.7476
-13.403	77.0043	-13.5373	-9.1711	128.7561
-13.4106	77.0083	-13.5393	-9.1762	128.7645
-13.4181	77.0124	-13.5413	-9.1814	128.7729
-13.4257	77.0164	-13.5433	-9.1866	128.7814
-13.4332	77.0204	-13.5452	-9.1917	128.7898
-13.4408	77.0245	-13.5472	-9.1969	128.7982
-13.4483	77.0285	-13.5492	-9.2021	128.8066
-13.4559	77.0325	-13.5512	-9.2072	128.815
-13.4634	77.0366	-13.5531	-9.2124	128.8234
-13.4709	77.0406	-13.5551	-9.2175	128.8318
-13.4785	77.0446	-13.5571	-9.2227	128.8402
-13.486	77.0486	-13.559	-9.2278	128.8486
-13.4935	77.0527	-13.561	-9.233	128.857
-13.501	77.0567	-13.563	-9.2381	128.8654
-13.5085	77.0607	-13.5649	-9.2433	128.8738
-13.5161	77.0647	-13.5669	-9.2484	128.8822
-13.5236	77.0687	-13.5688	-9.2535	128.8905
-13.5311	77.0727	-13.5708	-9.2587	128.8989
-13.5386	77.0767	-13.5728	-9.2638	128.9073
-13.5461	77.0807	-13.5747	-9.2689	128.9156
-13.5536	77.0848	-13.5767	-9.2741	128.924
-13.5611	77.0888	-13.5786	-9.2792	128.9324
-13.5685	77.0928	-13.5806	-9.2843	128.9407
-13.576	77.0968	-13.5826	-9.2894	128.9491
-13.5835	77.1008	-13.5845	-9.2945	128.9574
-13.591	77.1048	-13.5865	-9.2997	128.9657
-13.5984	77.1087	-13.5884	-9.3048	128.9741
-13.6059	77.1127	-13.5904	-9.3099	128.9824
-13.6134	77.1167	-13.5923	-9.315	128.9907
-13.6208	77.1207	-13.5943	-9.3201	128.9991
-13.6283	77.1247	-13.5962	-9.3252	129.0074
-13.6358	77.1287	-13.5982	-9.3303	129.0157
-13.6432	77.1327	-13.6001	-9.3354	129.024
-13.6507	77.1367	-13.6021	-9.3405	129.0323
-13.6581	77.1406	-13.604	-9.3456	129.0406
-13.6655	77.1446	-13.6059	-9.3507	129.0489
-13.673	77.1486	-13.6079	-9.3557	129.0572
-13.6804	77.1526	-13.6098	-9.3608	129.0655
-13.6878	77.1565	-13.6118	-9.3659	129.0738
-13.6953	77.1605	-13.6137	-9.371	129.0821
-13.7027	77.1645	-13.6157	-9.3761	129.0904
-13.7101	77.1684	-13.6176	-9.3811	129.0986
-13.7175	77.1724	-13.6195	-9.3862	129.1069
-13.7249	77.1764	-13.6215	-9.3913	129.1152
-13.7323	77.1803	-13.6234	-9.3963	129.1234
-13.7397	77.1843	-13.6253	-9.4014	129.1317
-13.7471	77.1882	-13.6273	-9.4065	129.1399
-13.7545	77.1922	-13.6292	-9.4115	129.1482
-13.7619	77.1961	-13.6311	-9.4166	129.1564
-13.7693	77.2001	-13.6331	-9.4216	129.1647
-13.7767	77.204	-13.635	-9.4267	129.1729
-13.7841	77.208	-13.6369	-9.4317	129.1812
-13.7915	77.2119	-13.6388	-9.4368	129.1894
-13.7988	77.2159	-13.6408	-9.4418	129.1976
-13.8062	77.2198	-13.6427	-9.4469	129.2058
-13.8136	77.2237	-13.6446	-9.4519	129.2141
-13.8209	77.2277	-13.6466	-9.457	129.2223
-13.8283	77.2316	-13.6485	-9.462	129.2305
-13.8356	77.2355	-13.6504	-9.467	129.2387
-13.843	77.2395	-13.6523	-9.472	129.2469
-13.8503	77.2434	-13.6542	-9.4771	129.2551
-13.8577	77.2473	-13.6562	-9.4821	129.2633
-13.865	77.2513	-13.6581	-9.4871	129.2715
-13.8724	77.2552	-13.66	-9.4921	129.2796
-13.8797	77.2591	-13.6619	-9.4972	129.2878
-13.887	77.263	-13.6638	-9.5022	129.296
-13.8943	77.2669	-13.6657	-9.5072	129.3042
-13.9017	77.2708	-13.6676	-9.5122	129.3123
-13.909	77.2748	-13.6696	-9.5172	129.3205
-13.9163	77.2787	-13.6715	-9.5222	129.3287
-13.9236	77.2826	-13.6734	-9.5272	129.3368
-13.9309	77.2865	-13.6753	-9.5322	129.345
-13.9382	77.2904	-13.6772	-9.5372	129.3531
-13.9455	77.2943	-13.6791	-9.5422	129.3612
-13.9528	77.2982	-13.681	-9.5472	129.3694
-13.9601	77.3021	-13.6829	-9.5522	129.3775
-13.9674	77.306	-13.6848	-9.5571	129.3856
-13.9747	77.3099	-13.6867	-9.5621	129.3938
-13.9819	77.3138	-13.6886	-9.5671	129.4019
-13.9892	77.3176	-13.6905	-9.5721	129.41
-13.9965	77.3215	-13.6924	-9.577	129.4181
-14.0038	77.3254	-13.6943	-9.582	129.4262
-14.011	77.3293	-13.6962	-9.587	129.4343
-14.0183	77.3332	-13.6981	-9.592	129.4424
-14.0255	77.3371	-13.7	-9.5969	129.4505
-14.0328	77.3409	-13.7019	-9.6019	129.4586
-14.04	77.3448	-13.7038	-9.6068	129.4667
-14.0473	77.3487	-13.7057	-9.6118	129.4748
-14.0545	77.3525	-13.7076	-9.6167	129.4828
-14.0617	77.3564	-13.7095	-9.6217	129.4909
-14.069	77.3603	-13.7114	-9.6266	129.499
-14.0762	77.3641	-13.7133	-9.6316	129.507
-14.0834	77.368	-13.7151	-9.6365	129.5151
-14.0906	77.3719	-13.717	-9.6415	129.5231
-14.0979	77.3757	-13.7189	-9.6464	129.5312
-14.1051	77.3796	-13.7208	-9.6513	129.5392
-14.1123	77.3834	-13.7227	-9.6563	129.5473
-14.1195	77.3873	-13.7246	-9.6612	129.5553
-14.1267	77.3911	-13.7265	-9.6661	129.5633
-14.1339	77.395	-13.7283	-9.671	129.5714
-14.1411	77.3988	-13.7302	-9.676	129.5794
-14.1483	77.4027	-13.7321	-9.6809	129.5874
-14.1554	77.4065	-13.734	-9.6858	129.5954
-14.1626	77.4103	-13.7358	-9.6907	129.6034
-14.1698	77.4142	-13.7377	-9.6956	129.6114
-14.177	77.418	-13.7396	-9.7005	129.6194
-14.1841	77.4218	-13.7415	-9.7054	129.6274
-14.1913	77.4257	-13.7433	-9.7103	129.6354
-14.1985	77.4295	-13.7452	-9.7152	129.6434
-14.2056	77.4333	-13.7471	-9.7201	129.6514
-14.2128	77.4371	-13.7489	-9.725	129.6594
-14.2199	77.441	-13.7508	-9.7299	129.6673
-14.2271	77.4448	-13.7527	-9.7348	129.6753
-14.2342	77.4486	-13.7545	-9.7397	129.6833
-14.2413	77.4524	-13.7564	-9.7445	129.6912
-14.2485	77.4562	-13.7583	-9.7494	129.6992
-14.2556	77.46	-13.7601	-9.7543	129.7071
-14.2627	77.4638	-13.762	-9.7592	129.7151
-14.2698	77.4677	-13.7639	-9.764	129.723
-14.2769	77.4715	-13.7657	-9.7689	129.731
-14.2841	77.4753	-13.7676	-9.7738	129.7389
-14.2912	77.4791	-13.7694	-9.7786	129.7468
-14.2983	77.4829	-13.7713	-9.7835	129.7547
-14.3054	77.4866	-13.7731	-9.7883	129.7627
-14.3124	77.4904	-13.775	-9.7932	129.7706
-14.3195	77.4942	-13.7768	-9.798	129.7785
-14.3266	77.498	-13.7787	-9.8029	129.7864
-14.3337	77.5018	-13.7805	-9.8077	129.7943
-14.3408	77.5056	-13.7824	-9.8126	129.8022
-14.3479	77.5094	-13.7842	-9.8174	129.8101
-14.3549	77.5131	-13.7861	-9.8222	129.818
-14.362	77.5169	-13.7879	-9.8271	129.8258
-14.369	77.5207	-13.7898	-9.8319	129.8337
-14.3761	77.5245	-13.7916	-9.8367	129.8416
-14.3832	77.5282	-13.7935	-9.8416	129.8494
-14.3902	77.532	-13.7953	-9.8464	129.8573
-14.3972	77.5358	-13.7972	-9.8512	129.8652
-14.4043	77.5395	-13.799	-9.856	129.873
-14.4113	77.5433	-13.8008	-9.8608	129.8809
-14.4183	77.5471	-13.8027	-9.8656	129.8887
-14.4254	77.5508	-13.8045	-9.8704	129.8965
-14.4324	77.5546	-13.8063	-9.8752	129.9044
-14.4394	77.5583	-13.8082	-9.88	129.9122
-14.4464	77.5621	-13.81	-9.8848	129.92
-14.4534	77.5658	-13.8118	-9.8896	129.9279
-14.4604	77.5696	-13.8137	-9.8944	129.9357
-14.4674	77.5733	-13.8155	-9.8992	129.9435
-14.4744	77.577	-13.8173	-9.904	129.9513
-14.4814	77.5808	-13.8192	-9.9088	129.9591
-14.4884	77.5845	-13.821	-9.9136	129.9669
-14.4954	77.5882	-13.8228	-9.9183	129.9747
-14.5024	77.592	-13.8246	-9.9231	129.9825
-14.5094	77.5957	-13.8265	-9.9279	129.9902
-14.5163	77.5994	-13.8283	-9.9327	129.998
-14.5233	77.6032	-13.8301	-9.9374	130.0058
-14.5303	77.6069	-13.8319	-9.9422	130.0135
-14.5372	77.6106	-13.8337	-9.9469	130.0213
-14.5442	77.6143	-13.8355	-9.9517	130.0291
-14.5511	77.618	-13.8374	-9.9565	130.0368
-14.5581	77.6217	-13.8392	-9.9612	130.0446
-14.565	77.6254	-13.841	-9.966	130.0523
-14.5719	77.6292	-13.8428	-9.9707	130.06
-14.5789	77.6329	-13.8446	-9.9754	130.0678
-14.5858	77.6366	-13.8464	-9.9802	130.0755
-14.5927	77.6403	-13.8482	-9.9849	130.0832
-14.5996	77.644	-13.85	-9.9897	130.0909
-14.6066	77.6477	-13.8518	-9.9944	130.0987
-14.6135	77.6514	-13.8537	-9.9991	130.1064
-14.6204	77.655	-13.8555	-10.0038	130.1141
-14.6273	77.6587	-13.8573	-10.0086	130.1218
-14.6342	77.6624	-13.8591	-10.0133	130.1295
-14.6411	77.6661	-13.8609	-10.018	130.1372
-14.6479	77.6698	-13.8627	-10.0227	130.1448
-14.6548	77.6735	-13.8645	-10.0274	130.1525
-14.6617	77.6771	-13.8663	-10.0321	130.1602
-14.6686	77.6808	-13.8681	-10.0368	130.1679
-14.6755	77.6845	-13.8699	-10.0415	130.1755
-14.6823	77.6882	-13.8716	-10.0462	130.1832
-14.6892	77.6918	-13.8734	-10.0509	130.1908
-14.696	77.6955	-13.8752	-10.0556	130.1985
-14.7029	77.6992	-13.877	-10.0603	130.2061
-14.7097	77.7028	-13.8788	-10.065	130.2138
-14.7166	77.7065	-13.8806	-10.0696	130.2214
-14.7234	77.7101	-13.8824	-10.0743	130.229
-14.7303	77.7138	-13.8842	-10.079	130.2367
-14.7371	77.7174	-13.886	-10.0837	130.2443
-14.7439	77.7211	-13.8877	-10.0883	130.2519
-14.7507	77.7247	-13.8895	-10.093	130.2595
-14.7575	77.7284	-13.8913	-10.0977	130.2671
-14.7644	77.732	-13.8931	-10.1023	130.2747
-14.7712	77.7357	-13.8949	-10.107	130.2823
-14.778	77.7393	-13.8966	-10.1116	130.2899
-14.7848	77.7429	-13.8984	-10.1163	130.2975
-14.7916	77.7466	-13.9002	-10.1209	130.305
-14.7984	77.7502	-13.902	-10.1256	130.3126
-14.8051	77.7538	-13.9037	-10.1302	130.3202
-14.8119	77.7574	-13.9055	-10.1349	130.3278
-14.8187	77.7611	-13.9073	-10.1395	130.3353
-14.8255	77.7647	-13.9091	-10.1441	130.3429
-14.8322	77.7683	-13.9108	-10.1488	130.3504
-14.839	77.7719	-13.9126	-10.1534	130.358
-14.8457	77.7755	-13.9144	-10.158	130.3655
-14.8525	77.7791	-13.9161	-10.1626	130.373
-14.8592	77.7827	-13.9179	-10.1672	130.3806
-14.866	77.7864	-13.9196	-10.1719	130.3881
-14.8727	77.79	-13.9214	-10.1765	130.3956
-14.8795	77.7936	-13.9232	-10.1811	130.4031
-14.8862	77.7972	-13.9249	-10.1857	130.4106
-14.8929	77.8007	-13.9267	-10.1903	130.4181
-14.8996	77.8043	-13.9284	-10.1949	130.4256
-14.9064	77.8079	-13.9302	-10.1995	130.4331
-14.9131	77.8115	-13.9319	-10.2041	130.4406
-14.9198	77.8151	-13.9337	-10.2087	130.4481
-14.9265	77.8187	-13.9355	-10.2132	130.4556
-14.9332	77.8223	-13.9372	-10.2178	130.463
-14.9399	77.8258	-13.939	-10.2224	130.4705
-14.9466	77.8294	-13.9407	-10.227	130.478
-14.9532	77.833	-13.9424	-10.2315	130.4854
-14.9599	77.8366	-13.9442	-10.2361	130.4929
-14.9666	77.8401	-13.9459	-10.2407	130.5003
-14.9733	77.8437	-13.9477	-10.2452	130.5077
-14.9799	77.8473	-13.9494	-10.2498	130.5152
-14.9866	77.8508	-13.9512	-10.2544	130.5226
-14.9932	77.8544	-13.9529	-10.2589	130.53
-14.9999	77.8579	-13.9546	-10.2635	130.5375
-15.0065	77.8615	-13.9564	-10.268	130.5449
-15.0132	77.865	-13.9581	-10.2725	130.5523
-15.0198	77.8686	-13.9598	-10.2771	130.5597
-15.0265	77.8721	-13.9616	-10.2816	130.5671
-15.0331	77.8757	-13.9633	-10.2862	130.5745
-15.0397	77.8792	-13.965	-10.2907	130.5819
-15.0463	77.8828	-13.9668	-10.2952	130.5892
-15.0529	77.8863	-13.9685	-10.2997	130.5966
-15.0595	77.8898	-13.9702	-10.3043	130.604
-15.0661	77.8934	-13.972	-10.3088	130.6114
-15.0727	77.8969	-13.9737	-10.3133	130.6187
-15.0793	77.9004	-13.9754	-10.3178	130.6261
-15.0859	77.9039	-13.9771	-10.3223	130.6334
-15.0925	77.9074	-13.9788	-10.3268	130.6408
-15.0991	77.911	-13.9806	-10.3313	130.6481
-15.1057	77.9145	-13.9823	-10.3358	130.6554
-15.1122	77.918	-13.984	-10.3403	130.6628
-15.1188	77.9215	-13.9857	-10.3448	130.6701
-15.1254	77.925	-13.9874	-10.3493	130.6774
-15.1319	77.9285	-13.9891	-10.3538	130.6847
-15.1385	77.932	-13.9909	-10.3583	130.692
-15.145	77.9355	-13.9926	-10.3627	130.6993
-15.1516	77.939	-13.9943	-10.3672	130.7066
-15.1581	77.9425	-13.996	-10.3717	130.7139
-15.1646	77.946	-13.9977	-10.3762	130.7212
-15.1712	77.9495	-13.9994	-10.3806	130.7285
-15.1777	77.953	-14.0011	-10.3851	130.7358
-15.1842	77.9565	-14.0028	-10.3895	130.7431
-15.1907	77.9599	-14.0045	-10.394	130.7503
-15.1972	77.9634	-14.0062	-10.3984	130.7576
-15.2037	77.9669	-14.0079	-10.4029	130.7648
-15.2102	77.9704	-14.0096	-10.4073	130.7721
-15.2167	77.9738	-14.0113	-10.4118	130.7793
-15.2232	77.9773	-14.013	-10.4162	130.7866
-15.2297	77.9808	-14.0147	-10.4207	130.7938
-15.2362	77.9842	-14.0164	-10.4251	130.801
-15.2426	77.9877	-14.0181	-10.4295	130.8082
-15.2491	77.9912	-14.0198	-10.4339	130.8155
-15.2556	77.9946	-14.0215	-10.4384	130.8227
-15.262	77.9981	-14.0231	-10.4428	130.8299
-15.2685	78.0015	-14.0248	-10.4472	130.8371
-15.2749	78.005	-14.0265	-10.4516	130.8443
-15.2814	78.0084	-14.0282	-10.456	130.8515
-15.2878	78.0119	-14.0299	-10.4604	130.8587
-15.2943	78.0153	-14.0316	-10.4648	130.8658
-15.3007	78.0187	-14.0332	-10.4692	130.873
-15.3071	78.0222	-14.0349	-10.4736	130.8802
-15.3135	78.0256	-14.0366	-10.478	130.8873
-15.32	78.029	-14.0383	-10.4824	130.8945
-15.3264	78.0325	-14.04	-10.4868	130.9016
-15.3328	78.0359	-14.0416	-10.4912	130.9088
-15.3392	78.0393	-14.0433	-10.4956	130.9159
-15.3456	78.0427	-14.045	-10.4999	130.9231
-15.352	78.0461	-14.0466	-10.5043	130.9302
-15.3583	78.0496	-14.0483	-10.5087	130.9373
-15.3647	78.053	-14.05	-10.513	130.9444
-15.3711	78.0564	-14.0516	-10.5174	130.9515
-15.3775	78.0598	-14.0533	-10.5218	130.9587
-15.3838	78.0632	-14.055	-10.5261	130.9658
-15.3902	78.0666	-14.0566	-10.5305	130.9729
-15.3966	78.07	-14.0583	-10.5348	130.9799
-15.4029	78.0734	-14.06	-10.5392	130.987
-15.4093	78.0768	-14.0616	-10.5435	130.9941
-15.4156	78.0802	-14.0633	-10.5478	131.0012
-15.4219	78.0835	-14.0649	-10.5522	131.0082
-15.4283	78.0869	-14.0666	-10.5565	131.0153
-15.4346	78.0903	-14.0682	-10.5608	131.0224
-15.4409	78.0937	-14.0699	-10.5651	131.0294
-15.4472	78.0971	-14.0715	-10.5695	131.0365
-15.4535	78.1004	-14.0732	-10.5738	131.0435
-15.4598	78.1038	-14.0748	-10.5781	131.0505
-15.4661	78.1072	-14.0765	-10.5824	131.0576
-15.4724	78.1106	-14.0781	-10.5867	131.0646
-15.4787	78.1139	-14.0798	-10.591	131.0716
-15.485	78.1173	-14.0814	-10.5953	131.0786
-15.4913	78.1206	-14.083	-10.5996	131.0856
-15.4976	78.124	-14.0847	-10.6039	131.0926
-15.5038	78.1273	-14.0863	-10.6082	131.0996
-15.5101	78.1307	-14.088	-10.6125	131.1066
-15.5164	78.134	-14.0896	-10.6168	131.1136
-15.5226	78.1374	-14.0912	-10.621	131.1206
-15.5289	78.1407	-14.0929	-10.6253	131.1276
-15.5351	78.1441	-14.0945	-10.6296	131.1345
-15.5414	78.1474	-14.0961	-10.6339	131.1415
-15.5476	78.1507	-14.0978	-10.6381	131.1484
-15.5538	78.1541	-14.0994	-10.6424	131.1554
-15.5601	78.1574	-14.101	-10.6467	131.1623
-15.5663	78.1607	-14.1026	-10.6509	131.1693
-15.5725	78.164	-14.1043	-10.6552	131.1762
-15.5787	78.1674	-14.1059	-10.6594	131.1831
-15.5849	78.1707	-14.1075	-10.6636	131.1901
-15.5911	78.174	-14.1091	-10.6679	131.197
-15.5973	78.1773	-14.1107	-10.6721	131.2039
-15.6035	78.1806	-14.1124	-10.6764	131.2108
-15.6097	78.1839	-14.114	-10.6806	131.2177
-15.6159	78.1872	-14.1156	-10.6848	131.2246
-15.622	78.1905	-14.1172	-10.689	131.2315
-15.6282	78.1938	-14.1188	-10.6933	131.2383
-15.6344	78.1971	-14.1204	-10.6975	131.2452
-15.6405	78.2004	-14.122	-10.7017	131.2521
-15.6467	78.2037	-14.1237	-10.7059	131.259
-15.6528	78.207	-14.1253	-10.7101	131.2658
-15.659	78.2103	-14.1269	-10.7143	131.2727
-15.6651	78.2135	-14.1285	-10.7185	131.2795
-15.6712	78.2168	-14.1301	-10.7227	131.2864
-15.6774	78.2201	-14.1317	-10.7269	131.2932
-15.6835	78.2234	-14.1333	-10.7311	131.3
-15.6896	78.2266	-14.1349	-10.7353	131.3068
-15.6957	78.2299	-14.1365	-10.7394	131.3137
-15.7018	78.2332	-14.1381	-10.7436	131.3205
-15.7079	78.2364	-14.1397	-10.7478	131.3273
-15.714	78.2397	-14.1412	-10.752	131.3341
-15.7201	78.2429	-14.1428	-10.7561	131.3409
-15.7262	78.2462	-14.1444	-10.7603	131.3477
-15.7323	78.2495	-14.146	-10.7645	131.3544
-15.7384	78.2527	-14.1476	-10.7686	131.3612
-15.7444	78.2559	-14.1492	-10.7728	131.368
-15.7505	78.2592	-14.1508	-10.7769	131.3748
-15.7565	78.2624	-14.1524	-10.7811	131.3815
-15.7626	78.2657	-14.1539	-10.7852	131.3883
-15.7687	78.2689	-14.1555	-10.7893	131.395
-15.7747	78.2721	-14.1571	-10.7935	131.4018
-15.7807	78.2754	-14.1587	-10.7976	131.4085
-15.7868	78.2786	-14.1603	-10.8017	131.4152
-15.7928	78.2818	-14.1618	-10.8059	131.422
-15.7988	78.285	-14.1634	-10.81	131.4287
-15.8048	78.2882	-14.165	-10.8141	131.4354
-15.8109	78.2915	-14.1666	-10.8182	131.4421
-15.8169	78.2947	-14.1681	-10.8223	131.4488
-15.8229	78.2979	-14.1697	-10.8264	131.4555
-15.8289	78.3011	-14.1713	-10.8305	131.4622
-15.8348	78.3043	-14.1728	-10.8346	131.4689
-15.8408	78.3075	-14.1744	-10.8387	131.4756
-15.8468	78.3107	-14.176	-10.8428	131.4822
-15.8528	78.3139	-14.1775	-10.8469	131.4889
-15.8588	78.3171	-14.1791	-10.851	131.4956
-15.8647	78.3203	-14.1806	-10.8551	131.5022
-15.8707	78.3234	-14.1822	-10.8591	131.5089
-15.8766	78.3266	-14.1837	-10.8632	131.5155
-15.8826	78.3298	-14.1853	-10.8673	131.5221
-15.8885	78.333	-14.1869	-10.8714	131.5288
-15.8945	78.3362	-14.1884	-10.8754	131.5354
-15.9004	78.3393	-14.19	-10.8795	131.542
-15.9063	78.3425	-14.1915	-10.8835	131.5486
-15.9123	78.3457	-14.1931	-10.8876	131.5552
-15.9182	78.3488	-14.1946	-10.8916	131.5618
-15.9241	78.352	-14.1961	-10.8957	131.5684
-15.93	78.3552	-14.1977	-10.8997	131.575
-15.9359	78.3583	-14.1992	-10.9038	131.5816
-15.9418	78.3615	-14.2008	-10.9078	131.5882
-15.9477	78.3646	-14.2023	-10.9118	131.5947
-15.9536	78.3678	-14.2038	-10.9158	131.6013
-15.9594	78.3709	-14.2054	-10.9199	131.6079
-15.9653	78.374	-14.2069	-10.9239	131.6144
-15.9712	78.3772	-14.2085	-10.9279	131.621
-15.9771	78.3803	-14.21	-10.9319	131.6275
-15.9829	78.3834	-14.2115	-10.9359	131.634
-15.9888	78.3866	-14.213	-10.9399	131.6406
-15.9946	78.3897	-14.2146	-10.9439	131.6471
-16.0005	78.3928	-14.2161	-10.9479	131.6536
-16.0063	78.3959	-14.2176	-10.9519	131.6601
-16.0121	78.3991	-14.2192	-10.9559	131.6666
-16.0179	78.4022	-14.2207	-10.9599	131.6731
-16.0238	78.4053	-14.2222	-10.9639	131.6796
-16.0296	78.4084	-14.2237	-10.9678	131.6861
-16.0354	78.4115	-14.2252	-10.9718	131.6926
-16.0412	78.4146	-14.2267	-10.9758	131.6991
-16.047	78.4177	-14.2283	-10.9798	131.7055
-16.0528	78.4208	-14.2298	-10.9837	131.712
-16.0586	78.4239	-14.2313	-10.9877	131.7185
-16.0644	78.427	-14.2328	-10.9916	131.7249
-16.0701	78.4301	-14.2343	-10.9956	131.7314
-16.0759	78.4332	-14.2358	-10.9995	131.7378
-16.0817	78.4362	-14.2373	-11.0035	131.7442
-16.0874	78.4393	-14.2388	-11.0074	131.7506
-16.0932	78.4424	-14.2403	-11.0114	131.7571
-16.0989	78.4455	-14.2418	-11.0153	131.7635
-16.1047	78.4485	-14.2433	-11.0192	131.7699
-16.1104	78.4516	-14.2448	-11.0231	131.7763
-16.1162	78.4547	-14.2463	-11.0271	131.7827
-16.1219	78.4577	-14.2478	-11.031	131.7891
-16.1276	78.4608	-14.2493	-11.0349	131.7955
-16.1333	78.4639	-14.2508	-11.0388	131.8018
-16.139	78.4669	-14.2523	-11.0427	131.8082
-16.1447	78.47	-14.2538	-11.0466	131.8146
-16.1504	78.473	-14.2553	-11.0505	131.8209
-16.1561	78.476	-14.2568	-11.0544	131.8273
-16.1618	78.4791	-14.2583	-11.0583	131.8336
-16.1675	78.4821	-14.2598	-11.0622	131.84
-16.1732	78.4852	-14.2612	-11.0661	131.8463
-16.1789	78.4882	-14.2627	-11.07	131.8526
-16.1845	78.4912	-14.2642	-11.0738	131.859
-16.1902	78.4943	-14.2657	-11.0777	131.8653
-16.1959	78.4973	-14.2672	-11.0816	131.8716
-16.2015	78.5003	-14.2686	-11.0855	131.8779
-16.2072	78.5033	-14.2701	-11.0893	131.8842
-16.2128	78.5063	-14.2716	-11.0932	131.8905
-16.2184	78.5093	-14.2731	-11.097	131.8968
-16.2241	78.5124	-14.2745	-11.1009	131.9031
-16.2297	78.5154	-14.276	-11.1047	131.9093
-16.2353	78.5184	-14.2775	-11.1086	131.9156
-16.2409	78.5214	-14.2789	-11.1124	131.9219
-16.2465	78.5244	-14.2804	-11.1162	131.9281
-16.2521	78.5274	-14.2819	-11.1201	131.9344
-16.2577	78.5303	-14.2833	-11.1239	131.9406
-16.2633	78.5333	-14.2848	-11.1277	131.9468
-16.2689	78.5363	-14.2862	-11.1316	131.9531
-16.2745	78.5393	-14.2877	-11.1354	131.9593
-16.28	78.5423	-14.2892	-11.1392	131.9655
-16.2856	78.5453	-14.2906	-11.143	131.9717
-16.2912	78.5482	-14.2921	-11.1468	131.9779
-16.2967	78.5512	-14.2935	-11.1506	131.9841
-16.3023	78.5542	-14.295	-11.1544	131.9903
-16.3078	78.5571	-14.2964	-11.1582	131.9965
-16.3134	78.5601	-14.2979	-11.162	132.0027
-16.3189	78.5631	-14.2993	-11.1658	132.0089
-16.3244	78.566	-14.3008	-11.1695	132.015
-16.33	78.569	-14.3022	-11.1733	132.0212
-16.3355	78.5719	-14.3036	-11.1771	132.0273
-16.341	78.5749	-14.3051	-11.1809	132.0335
-16.3465	78.5778	-14.3065	-11.1846	132.0396
-16.352	78.5807	-14.308	-11.1884	132.0458
-16.3575	78.5837	-14.3094	-11.1922	132.0519
-16.363	78.5866	-14.3108	-11.1959	132.058
-16.3685	78.5896	-14.3123	-11.1997	132.0641
-16.3739	78.5925	-14.3137	-11.2034	132.0703
-16.3794	78.5954	-14.3151	-11.2072	132.0764
-16.3849	78.5983	-14.3166	-11.2109	132.0825
-16.3903	78.6012	-14.318	-11.2146	132.0886
-16.3958	78.6042	-14.3194	-11.2184	132.0946
-16.4013	78.6071	-14.3208	-11.2221	132.1007
-16.4067	78.61	-14.3223	-11.2258	132.1068
-16.4121	78.6129	-14.3237	-11.2295	132.1129
-16.4176	78.6158	-14.3251	-11.2333	132.1189
-16.423	78.6187	-14.3265	-11.237	132.125
-16.4284	78.6216	-14.3279	-11.2407	132.131
-16.4338	78.6245	-14.3294	-11.2444	132.1371
-16.4393	78.6274	-14.3308	-11.2481	132.1431
-16.4447	78.6303	-14.3322	-11.2518	132.1491
-16.4501	78.6332	-14.3336	-11.2555	132.1552
-16.4555	78.6361	-14.335	-11.2592	132.1612
-16.4608	78.6389	-14.3364	-11.2629	132.1672
-16.4662	78.6418	-14.3378	-11.2665	132.1732
-16.4716	78.6447	-14.3392	-11.2702	132.1792
-16.477	78.6476	-14.3406	-11.2739	132.1852
-16.4823	78.6504	-14.342	-11.2776	132.1912
-16.4877	78.6533	-14.3434	-11.2812	132.1972
-16.4931	78.6562	-14.3448	-11.2849	132.2031
-16.4984	78.659	-14.3462	-11.2885	132.2091
-16.5037	78.6619	-14.3476	-11.2922	132.2151
-16.5091	78.6647	-14.349	-11.2959	132.221
-16.5144	78.6676	-14.3504	-11.2995	132.227
-16.5197	78.6704	-14.3518	-11.3031	132.2329
-16.5251	78.6733	-14.3532	-11.3068	132.2388
-16.5304	78.6761	-14.3546	-11.3104	132.2448
-16.5357	78.6789	-14.356	-11.3141	132.2507
-16.541	78.6818	-14.3574	-11.3177	132.2566
-16.5463	78.6846	-14.3587	-11.3213	132.2625
-16.5516	78.6874	-14.3601	-11.3249	132.2684
-16.5569	78.6903	-14.3615	-11.3285	132.2743
-16.5621	78.6931	-14.3629	-11.3322	132.2802
-16.5674	78.6959	-14.3643	-11.3358	132.2861
-16.5727	78.6987	-14.3656	-11.3394	132.292
-16.5779	78.7015	-14.367	-11.343	132.2978
-16.5832	78.7043	-14.3684	-11.3466	132.3037
-16.5885	78.7072	-14.3698	-11.3502	132.3096
-16.5937	78.71	-14.3711	-11.3537	132.3154
-16.5989	78.7128	-14.3725	-11.3573	132.3213
-16.6042	78.7156	-14.3739	-11.3609	132.3271
-16.6094	78.7184	-14.3752	-11.3645	132.3329
-16.6146	78.7211	-14.3766	-11.3681	132.3387
-16.6198	78.7239	-14.378	-11.3716	132.3446
-16.6251	78.7267	-14.3793	-11.3752	132.3504
-16.6303	78.7295	-14.3807	-11.3788	132.3562
-16.6355	78.7323	-14.382	-11.3823	132.362
-16.6407	78.7351	-14.3834	-11.3859	132.3678
-16.6458	78.7378	-14.3848	-11.3894	132.3736
-16.651	78.7406	-14.3861	-11.393	132.3794
-16.6562	78.7434	-14.3875	-11.3965	132.3851
-16.6614	78.7461	-14.3888	-11.4	132.3909
-16.6665	78.7489	-14.3902	-11.4036	132.3967
-16.6717	78.7517	-14.3915	-11.4071	132.4024
-16.6768	78.7544	-14.3929	-11.4106	132.4082
-16.682	78.7572	-14.3942	-11.4141	132.4139
-16.6871	78.7599	-14.3955	-11.4177	132.4196
-16.6923	78.7627	-14.3969	-11.4212	132.4254
-16.6974	78.7654	-14.3982	-11.4247	132.4311
-16.7025	78.7681	-14.3996	-11.4282	132.4368
-16.7076	78.7709	-14.4009	-11.4317	132.4425
-16.7128	78.7736	-14.4022	-11.4352	132.4482
-16.7179	78.7763	-14.4036	-11.4387	132.4539
-16.723	78.7791	-14.4049	-11.4422	132.4596
-16.7281	78.7818	-14.4062	-11.4457	132.4653
-16.7332	78.7845	-14.4076	-11.4491	132.471
-16.7382	78.7872	-14.4089	-11.4526	132.4766
-16.7433	78.7899	-14.4102	-11.4561	132.4823
-16.7484	78.7927	-14.4116	-11.4596	132.488
-16.7535	78.7954	-14.4129	-11.463	132.4936
-16.7585	78.7981	-14.4142	-11.4665	132.4993
-16.7636	78.8008	-14.4155	-11.4699	132.5049
-16.7686	78.8035	-14.4168	-11.4734	132.5105
-16.7737	78.8062	-14.4182	-11.4769	132.5162
-16.7787	78.8089	-14.4195	-11.4803	132.5218
-16.7837	78.8115	-14.4208	-11.4837	132.5274
-16.7888	78.8142	-14.4221	-11.4872	132.533
-16.7938	78.8169	-14.4234	-11.4906	132.5386
-16.7988	78.8196	-14.4247	-11.494	132.5442
-16.8038	78.8223	-14.426	-11.4975	132.5498
-16.8088	78.8249	-14.4273	-11.5009	132.5554
-16.8138	78.8276	-14.4286	-11.5043	132.5609
-16.8188	78.8303	-14.4299	-11.5077	132.5665
-16.8238	78.833	-14.4313	-11.5111	132.5721
-16.8288	78.8356	-14.4326	-11.5145	132.5776
-16.8337	78.8383	-14.4339	-11.5179	132.5832
-16.8387	78.8409	-14.4351	-11.5213	132.5887
-16.8437	78.8436	-14.4364	-11.5247	132.5942
-16.8486	78.8462	-14.4377	-11.5281	132.5998
-16.8536	78.8489	-14.439	-11.5315	132.6053
-16.8585	78.8515	-14.4403	-11.5349	132.6108
-16.8634	78.8542	-14.4416	-11.5383	132.6163
-16.8684	78.8568	-14.4429	-11.5416	132.6218
-16.8733	78.8594	-14.4442	-11.545	132.6273
-16.8782	78.8621	-14.4455	-11.5484	132.6328
-16.8831	78.8647	-14.4468	-11.5517	132.6383
-16.888	78.8673	-14.448	-11.5551	132.6438
-16.8929	78.8699	-14.4493	-11.5585	132.6492
-16.8978	78.8725	-14.4506	-11.5618	132.6547
-16.9027	78.8752	-14.4519	-11.5651	132.6601
-16.9076	78.8778	-14.4532	-11.5685	132.6656
-16.9125	78.8804	-14.4544	-11.5718	132.671
-16.9174	78.883	-14.4557	-11.5752	132.6765
-16.9222	78.8856	-14.457	-11.5785	132.6819
-16.9271	78.8882	-14.4583	-11.5818	132.6873
-16.932	78.8908	-14.4595	-11.5851	132.6927
-16.9368	78.8934	-14.4608	-11.5885	132.6982
-16.9417	78.896	-14.4621	-11.5918	132.7036
-16.9465	78.8986	-14.4633	-11.5951	132.709
-16.9513	78.9011	-14.4646	-11.5984	132.7143
-16.9561	78.9037	-14.4658	-11.6017	132.7197
-16.961	78.9063	-14.4671	-11.605	132.7251
-16.9658	78.9089	-14.4684	-11.6083	132.7305
-16.9706	78.9114	-14.4696	-11.6116	132.7358
-16.9754	78.914	-14.4709	-11.6148	132.7412
-16.9802	78.9166	-14.4721	-11.6181	132.7465
-16.985	78.9191	-14.4734	-11.6214	132.7519
-16.9898	78.9217	-14.4746	-11.6247	132.7572
-16.9945	78.9242	-14.4759	-11.6279	132.7626
-16.9993	78.9268	-14.4771	-11.6312	132.7679
-17.0041	78.9293	-14.4784	-11.6345	132.7732
-17.0088	78.9319	-14.4796	-11.6377	132.7785
-17.0136	78.9344	-14.4809	-11.641	132.7838
-17.0183	78.937	-14.4821	-11.6442	132.7891
-17.0231	78.9395	-14.4833	-11.6475	132.7944
-17.0278	78.942	-14.4846	-11.6507	132.7997
-17.0326	78.9446	-14.4858	-11.654	132.805
-17.0373	78.9471	-14.487	-11.6572	132.8102
-17.042	78.9496	-14.4883	-11.6604	132.8155
-17.0467	78.9521	-14.4895	-11.6636	132.8208
-17.0514	78.9546	-14.4907	-11.6669	132.826
-17.0561	78.9572	-14.492	-11.6701	132.8313
-17.0608	78.9597	-14.4932	-11.6733	132.8365
-17.0655	78.9622	-14.4944	-11.6765	132.8417
-17.0702	78.9647	-14.4956	-11.6797	132.847
-17.0749	78.9672	-14.4969	-11.6829	132.8522
-17.0795	78.9697	-14.4981	-11.6861	132.8574
-17.0842	78.9722	-14.4993	-11.6893	132.8626
-17.0889	78.9747	-14.5005	-11.6925	132.8678
-17.0935	78.9772	-14.5017	-11.6957	132.873
-17.0982	78.9796	-14.503	-11.6988	132.8782
-17.1028	78.9821	-14.5042	-11.702	132.8833
-17.1074	78.9846	-14.5054	-11.7052	132.8885
-17.1121	78.9871	-14.5066	-11.7083	132.8937
-17.1167	78.9895	-14.5078	-11.7115	132.8988
-17.1213	78.992	-14.509	-11.7147	132.904
-17.1259	78.9945	-14.5102	-11.7178	132.9091
-17.1305	78.9969	-14.5114	-11.721	132.9143
-17.1351	78.9994	-14.5126	-11.7241	132.9194
-17.1397	79.0019	-14.5138	-11.7273	132.9245
-17.1443	79.0043	-14.515	-11.7304	132.9296
-17.1489	79.0068	-14.5162	-11.7335	132.9347
-17.1535	79.0092	-14.5174	-11.7367	132.9399
-17.158	79.0116	-14.5186	-11.7398	132.945
-17.1626	79.0141	-14.5198	-11.7429	132.95
-17.1672	79.0165	-14.521	-11.746	132.9551
-17.1717	79.019	-14.5222	-11.7491	132.9602
-17.1763	79.0214	-14.5234	-11.7523	132.9653
-17.1808	79.0238	-14.5245	-11.7554	132.9703
-17.1853	79.0262	-14.5257	-11.7585	132.9754
-17.1899	79.0287	-14.5269	-11.7616	132.9804
-17.1944	79.0311	-14.5281	-11.7647	132.9855
-17.1989	79.0335	-14.5293	-11.7677	132.9905
-17.2034	79.0359	-14.5305	-11.7708	132.9956
-17.2079	79.0383	-14.5316	-11.7739	133.0006
-17.2124	79.0407	-14.5328	-11.777	133.0056
-17.2169	79.0431	-14.534	-11.7801	133.0106
-17.2214	79.0455	-14.5352	-11.7831	133.0156
-17.2259	79.0479	-14.5363	-11.7862	133.0206
-17.2303	79.0503	-14.5375	-11.7893	133.0256
-17.2348	79.0527	-14.5387	-11.7923	133.0306
-17.2393	79.0551	-14.5398	-11.7954	133.0356
-17.2437	79.0575	-14.541	-11.7984	133.0405
-17.2482	79.0598	-14.5422	-11.8015	133.0455
-17.2526	79.0622	-14.5433	-11.8045	133.0505
-17.2571	79.0646	-14.5445	-11.8075	133.0554
-17.2615	79.0669	-14.5456	-11.8106	133.0604
-17.2659	79.0693	-14.5468	-11.8136	133.0653
-17.2703	79.0717	-14.5479	-11.8166	133.0702
-17.2748	79.074	-14.5491	-11.8196	133.0751
-17.2792	79.0764	-14.5503	-11.8226	133.0801
-17.2836	79.0787	-14.5514	-11.8257	133.085
-17.288	79.0811	-14.5525	-11.8287	133.0899
-17.2923	79.0834	-14.5537	-11.8317	133.0948
-17.2967	79.0858	-14.5548	-11.8347	133.0997
-17.3011	79.0881	-14.556	-11.8377	133.1045
-17.3055	79.0905	-14.5571	-11.8407	133.1094
-17.3098	79.0928	-14.5583	-11.8436	133.1143
-17.3142	79.0951	-14.5594	-11.8466	133.1192
-17.3186	79.0975	-14.5605	-11.8496	133.124
-17.3229	79.0998	-14.5617	-11.8526	133.1289
-17.3272	79.1021	-14.5628	-11.8555	133.1337
-17.3316	79.1044	-14.5639	-11.8585	133.1385
-17.3359	79.1067	-14.5651	-11.8615	133.1434
-17.3402	79.109	-14.5662	-11.8644	133.1482
-17.3445	79.1113	-14.5673	-11.8674	133.153
-17.3489	79.1137	-14.5685	-11.8703	133.1578
-17.3532	79.116	-14.5696	-11.8733	133.1626
-17.3575	79.1183	-14.5707	-11.8762	133.1674
-17.3618	79.1205	-14.5718	-11.8792	133.1722
-17.366	79.1228	-14.573	-11.8821	133.177
-17.3703	79.1251	-14.5741	-11.885	133.1818
-17.3746	79.1274	-14.5752	-11.8879	133.1865
-17.3789	79.1297	-14.5763	-11.8909	133.1913
-17.3831	79.132	-14.5774	-11.8938	133.196
-17.3874	79.1342	-14.5785	-11.8967	133.2008
-17.3916	79.1365	-14.5796	-11.8996	133.2055
-17.3959	79.1388	-14.5808	-11.9025	133.2103
-17.4001	79.1411	-14.5819	-11.9054	133.215
-17.4043	79.1433	-14.583	-11.9083	133.2197
-17.4086	79.1456	-14.5841	-11.9112	133.2244
-17.4128	79.1478	-14.5852	-11.9141	133.2291
-17.417	79.1501	-14.5863	-11.9169	133.2338
-17.4212	79.1523	-14.5874	-11.9198	133.2385
-17.4254	79.1546	-14.5885	-11.9227	133.2432
-17.4296	79.1568	-14.5896	-11.9256	133.2479
-17.4338	79.1591	-14.5907	-11.9284	133.2526
-17.438	79.1613	-14.5918	-11.9313	133.2572
-17.4422	79.1635	-14.5928	-11.9342	133.2619
-17.4463	79.1658	-14.5939	-11.937	133.2666
-17.4505	79.168	-14.595	-11.9399	133.2712
-17.4547	79.1702	-14.5961	-11.9427	133.2758
-17.4588	79.1724	-14.5972	-11.9455	133.2805
-17.463	79.1746	-14.5983	-11.9484	133.2851
-17.4671	79.1769	-14.5994	-11.9512	133.2897
-17.4712	79.1791	-14.6004	-11.954	133.2943
-17.4754	79.1813	-14.6015	-11.9569	133.2989
-17.4795	79.1835	-14.6026	-11.9597	133.3035
-17.4836	79.1857	-14.6037	-11.9625	133.3081
-17.4877	79.1879	-14.6048	-11.9653	133.3127
-17.4918	79.1901	-14.6058	-11.9681	133.3173
-17.4959	79.1923	-14.6069	-11.9709	133.3219
-17.5	79.1945	-14.608	-11.9737	133.3264
-17.5041	79.1966	-14.609	-11.9765	133.331
-17.5082	79.1988	-14.6101	-11.9793	133.3355
-17.5123	79.201	-14.6112	-11.9821	133.3401
-17.5163	79.2032	-14.6122	-11.9849	133.3446
-17.5204	79.2053	-14.6133	-11.9877	133.3492
-17.5244	79.2075	-14.6143	-11.9904	133.3537
-17.5285	79.2097	-14.6154	-11.9932	133.3582
-17.5325	79.2118	-14.6165	-11.996	133.3627
-17.5366	79.214	-14.6175	-11.9987	133.3672
-17.5406	79.2162	-14.6186	-12.0015	133.3717
-17.5446	79.2183	-14.6196	-12.0042	133.3762
-17.5486	79.2205	-14.6207	-12.007	133.3807
-17.5527	79.2226	-14.6217	-12.0097	133.3852
-17.5567	79.2247	-14.6228	-12.0125	133.3896
-17.5607	79.2269	-14.6238	-12.0152	133.3941
-17.5647	79.229	-14.6249	-12.018	133.3986
-17.5687	79.2312	-14.6259	-12.0207	133.403
-17.5726	79.2333	-14.6269	-12.0234	133.4074
-17.5766	79.2354	-14.628	-12.0261	133.4119
-17.5806	79.2375	-14.629	-12.0288	133.4163
-17.5845	79.2396	-14.6301	-12.0316	133.4207
-17.5885	79.2418	-14.6311	-12.0343	133.4252
-17.5925	79.2439	-14.6321	-12.037	133.4296
-17.5964	79.246	-14.6332	-12.0397	133.434
-17.6003	79.2481	-14.6342	-12.0424	133.4384
-17.6043	79.2502	-14.6352	-12.0451	133.4427
-17.6082	79.2523	-14.6362	-12.0477	133.4471
-17.6121	79.2544	-14.6373	-12.0504	133.4515
-17.616	79.2565	-14.6383	-12.0531	133.4559
-17.62	79.2586	-14.6393	-12.0558	133.4602
-17.6239	79.2607	-14.6403	-12.0584	133.4646
-17.6278	79.2627	-14.6413	-12.0611	133.4689
-17.6316	79.2648	-14.6424	-12.0638	133.4733
-17.6355	79.2669	-14.6434	-12.0664	133.4776
-17.6394	79.269	-14.6444	-12.0691	133.4819
-17.6433	79.271	-14.6454	-12.0717	133.4863
-17.6472	79.2731	-14.6464	-12.0744	133.4906
-17.651	79.2752	-14.6474	-12.077	133.4949
-17.6549	79.2772	-14.6484	-12.0797	133.4992
-17.6587	79.2793	-14.6494	-12.0823	133.5035
-17.6626	79.2814	-14.6504	-12.0849	133.5078
-17.6664	79.2834	-14.6514	-12.0875	133.512
-17.6702	79.2854	-14.6524	-12.0902	133.5163
-17.674	79.2875	-14.6534	-12.0928	133.5206
-17.6779	79.2895	-14.6544	-12.0954	133.5248
-17.6817	79.2916	-14.6554	-12.098	133.5291
-17.6855	79.2936	-14.6564	-12.1006	133.5333
-17.6893	79.2956	-14.6574	-12.1032	133.5376
-17.6931	79.2977	-14.6584	-12.1058	133.5418
-17.6969	79.2997	-14.6594	-12.1084	133.546
-17.7006	79.3017	-14.6604	-12.111	133.5503
-17.7044	79.3037	-14.6614	-12.1136	133.5545
-17.7082	79.3057	-14.6624	-12.1161	133.5587
-17.712	79.3078	-14.6633	-12.1187	133.5629
-17.7157	79.3098	-14.6643	-12.1213	133.5671
-17.7195	79.3118	-14.6653	-12.1239	133.5712
-17.7232	79.3138	-14.6663	-12.1264	133.5754
-17.7269	79.3158	-14.6673	-12.129	133.5796
-17.7307	79.3178	-14.6682	-12.1315	133.5838
-17.7344	79.3198	-14.6692	-12.1341	133.5879
-17.7381	79.3217	-14.6702	-12.1366	133.5921
-17.7418	79.3237	-14.6712	-12.1392	133.5962
-17.7456	79.3257	-14.6721	-12.1417	133.6003
-17.7493	79.3277	-14.6731	-12.1442	133.6045
-17.7529	79.3297	-14.6741	-12.1468	133.6086
-17.7566	79.3316	-14.675	-12.1493	133.6127
-17.7603	79.3336	-14.676	-12.1518	133.6168
-17.764	79.3356	-14.6769	-12.1543	133.6209
-17.7677	79.3375	-14.6779	-12.1568	133.625
-17.7713	79.3395	-14.6789	-12.1593	133.6291
-17.775	79.3415	-14.6798	-12.1618	133.6332
-17.7787	79.3434	-14.6808	-12.1643	133.6373
-17.7823	79.3454	-14.6817	-12.1668	133.6413
-17.7859	79.3473	-14.6827	-12.1693	133.6454
-17.7896	79.3493	-14.6836	-12.1718	133.6495
-17.7932	79.3512	-14.6846	-12.1743	133.6535
-17.7968	79.3531	-14.6855	-12.1768	133.6575
-17.8004	79.3551	-14.6865	-12.1792	133.6616
-17.8041	79.357	-14.6874	-12.1817	133.6656
-17.8077	79.3589	-14.6884	-12.1842	133.6696
-17.8113	79.3608	-14.6893	-12.1866	133.6736
-17.8148	79.3628	-14.6902	-12.1891	133.6776
-17.8184	79.3647	-14.6912	-12.1916	133.6816
-17.822	79.3666	-14.6921	-12.194	133.6856
-17.8256	79.3685	-14.693	-12.1964	133.6896
-17.8292	79.3704	-14.694	-12.1989	133.6936
-17.8327	79.3723	-14.6949	-12.2013	133.6976
-17.8363	79.3742	-14.6958	-12.2038	133.7015
-17.8398	79.3761	-14.6968	-12.2062	133.7055
-17.8434	79.378	-14.6977	-12.2086	133.7095
-17.8469	79.3799	-14.6986	-12.211	133.7134
-17.8504	79.3818	-14.6995	-12.2134	133.7173
-17.854	79.3837	-14.7005	-12.2159	133.7213
-17.8575	79.3856	-14.7014	-12.2183	133.7252
-17.861	79.3874	-14.7023	-12.2207	133.7291
-17.8645	79.3893	-14.7032	-12.2231	133.733
-17.868	79.3912	-14.7041	-12.2255	133.7369
-17.8715	79.393	-14.705	-12.2279	133.7408
-17.875	79.3949	-14.706	-12.2302	133.7447
-17.8785	79.3968	-14.7069	-12.2326	133.7486
-17.8819	79.3986	-14.7078	-12.235	133.7525
-17.8854	79.4005	-14.7087	-12.2374	133.7564
-17.8889	79.4023	-14.7096	-12.2397	133.7602
-17.8923	79.4042	-14.7105	-12.2421	133.7641
-17.8958	79.406	-14.7114	-12.2445	133.7679
-17.8992	79.4079	-14.7123	-12.2468	133.7718
-17.9027	79.4097	-14.7132	-12.2492	133.7756
-17.9061	79.4115	-14.7141	-12.2515	133.7795
-17.9095	79.4134	-14.715	-12.2539	133.7833
-17.913	79.4152	-14.7159	-12.2562	133.7871
-17.9164	79.417	-14.7168	-12.2586	133.7909
-17.9198	79.4189	-14.7177	-12.2609	133.7947
-17.9232	79.4207	-14.7185	-12.2632	133.7985
-17.9266	79.4225	-14.7194	-12.2655	133.8023
-17.93	79.4243	-14.7203	-12.2679	133.8061
-17.9334	79.4261	-14.7212	-12.2702	133.8099
-17.9367	79.4279	-14.7221	-12.2725	133.8136
-17.9401	79.4297	-14.723	-12.2748	133.8174
-17.9435	79.4315	-14.7238	-12.2771	133.8211
-17.9468	79.4333	-14.7247	-12.2794	133.8249
-17.9502	79.4351	-14.7256	-12.2817	133.8286
-17.9535	79.4369	-14.7265	-12.284	133.8324
-17.9569	79.4387	-14.7274	-12.2863	133.8361
-17.9602	79.4405	-14.7282	-12.2886	133.8398
-17.9636	79.4423	-14.7291	-12.2908	133.8435
-17.9669	79.444	-14.73	-12.2931	133.8472
-17.9702	79.4458	-14.7308	-12.2954	133.8509
-17.9735	79.4476	-14.7317	-12.2976	133.8546
-17.9768	79.4493	-14.7326	-12.2999	133.8583
-17.9801	79.4511	-14.7334	-12.3022	133.862
-17.9834	79.4529	-14.7343	-12.3044	133.8657
-17.9867	79.4546	-14.7351	-12.3067	133.8694
-17.99	79.4564	-14.736	-12.3089	133.873
-17.9933	79.4581	-14.7369	-12.3111	133.8767
-17.9965	79.4599	-14.7377	-12.3134	133.8803
-17.9998	79.4616	-14.7386	-12.3156	133.884
-18.003	79.4634	-14.7394	-12.3178	133.8876
-18.0063	79.4651	-14.7403	-12.3201	133.8912
-18.0095	79.4668	-14.7411	-12.3223	133.8948
-18.0128	79.4686	-14.742	-12.3245	133.8985
-18.016	79.4703	-14.7428	-12.3267	133.9021
-18.0192	79.472	-14.7436	-12.3289	133.9057
-18.0225	79.4738	-14.7445	-12.3311	133.9093
-18.0257	79.4755	-14.7453	-12.3333	133.9128
-18.0289	79.4772	-14.7462	-12.3355	133.9164
-18.0321	79.4789	-14.747	-12.3377	133.92
-18.0353	79.4806	-14.7478	-12.3399	133.9236
-18.0385	79.4823	-14.7487	-12.3421	133.9271
-18.0417	79.484	-14.7495	-12.3443	133.9307
-18.0448	79.4857	-14.7503	-12.3464	133.9342
-18.048	79.4874	-14.7512	-12.3486	133.9378
-18.0512	79.4891	-14.752	-12.3508	133.9413
-18.0543	79.4908	-14.7528	-12.3529	133.9448
-18.0575	79.4925	-14.7536	-12.3551	133.9483
-18.0606	79.4942	-14.7545	-12.3572	133.9518
-18.0638	79.4958	-14.7553	-12.3594	133.9554
-18.0669	79.4975	-14.7561	-12.3615	133.9589
-18.0701	79.4992	-14.7569	-12.3637	133.9623
-18.0732	79.5009	-14.7577	-12.3658	133.9658
-18.0763	79.5025	-14.7586	-12.368	133.9693
-18.0794	79.5042	-14.7594	-12.3701	133.9728
-18.0825	79.5059	-14.7602	-12.3722	133.9762
-18.0856	79.5075	-14.761	-12.3743	133.9797
-18.0887	79.5092	-14.7618	-12.3764	133.9832
-18.0918	79.5108	-14.7626	-12.3786	133.9866
-18.0949	79.5125	-14.7634	-12.3807	133.99
-18.098	79.5141	-14.7642	-12.3828	133.9935
-18.101	79.5158	-14.765	-12.3849	133.9969
-18.1041	79.5174	-14.7658	-12.387	134.0003
-18.1072	79.519	-14.7666	-12.3891	134.0037
-18.1102	79.5207	-14.7674	-12.3911	134.0071
-18.1133	79.5223	-14.7682	-12.3932	134.0105
-18.1163	79.5239	-14.769	-12.3953	134.0139
-18.1193	79.5255	-14.7698	-12.3974	134.0173
-18.1224	79.5271	-14.7706	-12.3995	134.0207
-18.1254	79.5288	-14.7714	-12.4015	134.0241
-18.1284	79.5304	-14.7722	-12.4036	134.0274
-18.1314	79.532	-14.773	-12.4056	134.0308
-18.1344	79.5336	-14.7737	-12.4077	134.0341
-18.1374	79.5352	-14.7745	-12.4098	134.0375
-18.1404	79.5368	-14.7753	-12.4118	134.0408
-18.1434	79.5384	-14.7761	-12.4138	134.0441
-18.1464	79.54	-14.7769	-12.4159	134.0475
-18.1493	79.5416	-14.7776	-12.4179	134.0508
-18.1523	79.5432	-14.7784	-12.4199	134.0541
-18.1553	79.5447	-14.7792	-12.422	134.0574
-18.1582	79.5463	-14.78	-12.424	134.0607
-18.1612	79.5479	-14.7807	-12.426	134.064
-18.1641	79.5495	-14.7815	-12.428	134.0673
-18.1671	79.551	-14.7823	-12.43	134.0705
-18.17	79.5526	-14.783	-12.432	134.0738
-18.1729	79.5542	-14.7838	-12.434	134.0771
-18.1758	79.5557	-14.7846	-12.436	134.0803
-18.1787	79.5573	-14.7853	-12.438	134.0836
-18.1817	79.5588	-14.7861	-12.44	134.0868
-18.1846	79.5604	-14.7868	-12.442	134.0901
-18.1874	79.5619	-14.7876	-12.444	134.0933
-18.1903	79.5635	-14.7884	-12.446	134.0965
-18.1932	79.565	-14.7891	-12.4479	134.0997
-18.1961	79.5666	-14.7899	-12.4499	134.103
-18.199	79.5681	-14.7906	-12.4519	134.1062
-18.2018	79.5696	-14.7914	-12.4538	134.1094
-18.2047	79.5712	-14.7921	-12.4558	134.1125
-18.2076	79.5727	-14.7929	-12.4577	134.1157
-18.2104	79.5742	-14.7936	-12.4597	134.1189
-18.2132	79.5757	-14.7943	-12.4616	134.1221
-18.2161	79.5773	-14.7951	-12.4636	134.1252
-18.2189	79.5788	-14.7958	-12.4655	134.1284
-18.2217	79.5803	-14.7966	-12.4674	134.1315
-18.2246	79.5818	-14.7973	-12.4694	134.1347
-18.2274	79.5833	-14.798	-12.4713	134.1378
-18.2302	79.5848	-14.7988	-12.4732	134.141
-18.233	79.5863	-14.7995	-12.4751	134.1441
-18.2358	79.5878	-14.8002	-12.477	134.1472
-18.2386	79.5893	-14.801	-12.4789	134.1503
-18.2413	79.5908	-14.8017	-12.4809	134.1534
-18.2441	79.5922	-14.8024	-12.4828	134.1565
-18.2469	79.5937	-14.8031	-12.4846	134.1596
-18.2496	79.5952	-14.8039	-12.4865	134.1627
-18.2524	79.5967	-14.8046	-12.4884	134.1658
-18.2552	79.5981	-14.8053	-12.4903	134.1688
-18.2579	79.5996	-14.806	-12.4922	134.1719
-18.2606	79.6011	-14.8067	-12.4941	134.175
-18.2634	79.6025	-14.8074	-12.4959	134.178
-18.2661	79.604	-14.8082	-12.4978	134.1811
-18.2688	79.6055	-14.8089	-12.4997	134.1841
-18.2716	79.6069	-14.8096	-12.5015	134.1871
-18.2743	79.6084	-14.8103	-12.5034	134.1901
-18.277	79.6098	-14.811	-12.5052	134.1932
-18.2797	79.6112	-14.8117	-12.5071	134.1962
-18.2824	79.6127	-14.8124	-12.5089	134.1992
-18.2851	79.6141	-14.8131	-12.5108	134.2022
-18.2877	79.6156	-14.8138	-12.5126	134.2052
-18.2904	79.617	-14.8145	-12.5144	134.2082
-18.2931	79.6184	-14.8152	-12.5162	134.2111
-18.2957	79.6198	-14.8159	-12.5181	134.2141
-18.2984	79.6213	-14.8166	-12.5199	134.2171
-18.3011	79.6227	-14.8173	-12.5217	134.22
-18.3037	79.6241	-14.818	-12.5235	134.223
-18.3063	79.6255	-14.8187	-12.5253	134.2259
-18.309	79.6269	-14.8194	-12.5271	134.2289
-18.3116	79.6283	-14.82	-12.5289	134.2318
-18.3142	79.6297	-14.8207	-12.5307	134.2347
-18.3168	79.6311	-14.8214	-12.5325	134.2376
-18.3195	79.6325	-14.8221	-12.5343	134.2406
-18.3221	79.6339	-14.8228	-12.5361	134.2435
-18.3247	79.6353	-14.8235	-12.5379	134.2464
-18.3273	79.6367	-14.8241	-12.5396	134.2493
-18.3298	79.6381	-14.8248	-12.5414	134.2521
-18.3324	79.6394	-14.8255	-12.5432	134.255
-18.335	79.6408	-14.8262	-12.5449	134.2579
-18.3376	79.6422	-14.8268	-12.5467	134.2608
-18.3401	79.6436	-14.8275	-12.5484	134.2636
-18.3427	79.6449	-14.8282	-12.5502	134.2665
-18.3452	79.6463	-14.8288	-12.5519	134.2693
-18.3478	79.6477	-14.8295	-12.5537	134.2722
-18.3503	79.649	-14.8302	-12.5554	134.275
-18.3529	79.6504	-14.8308	-12.5571	134.2778
-18.3554	79.6517	-14.8315	-12.5589	134.2806
-18.3579	79.6531	-14.8321	-12.5606	134.2835
-18.3604	79.6544	-14.8328	-12.5623	134.2863
-18.3629	79.6558	-14.8335	-12.564	134.2891
-18.3655	79.6571	-14.8341	-12.5658	134.2919
-18.368	79.6584	-14.8348	-12.5675	134.2947
-18.3704	79.6598	-14.8354	-12.5692	134.2974
-18.3729	79.6611	-14.8361	-12.5709	134.3002
-18.3754	79.6624	-14.8367	-12.5726	134.303
-18.3779	79.6638	-14.8374	-12.5743	134.3057
-18.3804	79.6651	-14.838	-12.576	134.3085
-18.3828	79.6664	-14.8387	-12.5776	134.3113
-18.3853	79.6677	-14.8393	-12.5793	134.314
-18.3877	79.669	-14.8399	-12.581	134.3167
-18.3902	79.6703	-14.8406	-12.5827	134.3195
-18.3926	79.6716	-14.8412	-12.5843	134.3222
-18.3951	79.6729	-14.8419	-12.586	134.3249
-18.3975	79.6742	-14.8425	-12.5877	134.3276
-18.3999	79.6755	-14.8431	-12.5893	134.3303
-18.4023	79.6768	-14.8438	-12.591	134.333
-18.4048	79.6781	-14.8444	-12.5926	134.3357
-18.4072	79.6794	-14.845	-12.5943	134.3384
-18.4096	79.6807	-14.8456	-12.5959	134.3411
-18.412	79.682	-14.8463	-12.5976	134.3437
-18.4143	79.6832	-14.8469	-12.5992	134.3464
-18.4167	79.6845	-14.8475	-12.6008	134.3491
-18.4191	79.6858	-14.8481	-12.6025	134.3517
-18.4215	79.6871	-14.8488	-12.6041	134.3544
-18.4238	79.6883	-14.8494	-12.6057	134.357
-18.4262	79.6896	-14.85	-12.6073	134.3596
-18.4286	79.6908	-14.8506	-12.6089	134.3623
-18.4309	79.6921	-14.8512	-12.6105	134.3649
-18.4333	79.6934	-14.8518	-12.6121	134.3675
-18.4356	79.6946	-14.8524	-12.6137	134.3701
-18.4379	79.6958	-14.8531	-12.6153	134.3727
-18.4402	79.6971	-14.8537	-12.6169	134.3753
-18.4426	79.6983	-14.8543	-12.6185	134.3779
-18.4449	79.6996	-14.8549	-12.6201	134.3805
-18.4472	79.7008	-14.8555	-12.6217	134.3831
-18.4495	79.702	-14.8561	-12.6232	134.3856
-18.4518	79.7033	-14.8567	-12.6248	134.3882
-18.4541	79.7045	-14.8573	-12.6264	134.3907
-18.4564	79.7057	-14.8579	-12.628	134.3933
-18.4587	79.7069	-14.8585	-12.6295	134.3958
-18.4609	79.7081	-14.8591	-12.6311	134.3984
-18.4632	79.7094	-14.8597	-12.6326	134.4009
-18.4655	79.7106	-14.8603	-12.6342	134.4034
-18.4677	79.7118	-14.8608	-12.6357	134.4059
-18.47	79.713	-14.8614	-12.6373	134.4085
-18.4722	79.7142	-14.862	-12.6388	134.411
-18.4745	79.7154	-14.8626	-12.6403	134.4135
-18.4767	79.7166	-14.8632	-12.6419	134.416
-18.4789	79.7178	-14.8638	-12.6434	134.4184
-18.4811	79.719	-14.8644	-12.6449	134.4209
-18.4834	79.7201	-14.8649	-12.6464	134.4234
-18.4856	79.7213	-14.8655	-12.6479	134.4259
-18.4878	79.7225	-14.8661	-12.6494	134.4283
-18.49	79.7237	-14.8667	-12.6509	134.4308
-18.4922	79.7248	-14.8672	-12.6524	134.4332
-18.4944	79.726	-14.8678	-12.6539	134.4357
-18.4965	79.7272	-14.8684	-12.6554	134.4381
-18.4987	79.7284	-14.8689	-12.6569	134.4405
-18.5009	79.7295	-14.8695	-12.6584	134.443
-18.5031	79.7307	-14.8701	-12.6599	134.4454
-18.5052	79.7318	-14.8706	-12.6614	134.4478
-18.5074	79.733	-14.8712	-12.6628	134.4502
-18.5095	79.7341	-14.8718	-12.6643	134.4526
-18.5117	79.7353	-14.8723	-12.6658	134.455
-18.5138	79.7364	-14.8729	-12.6672	134.4574
-18.5159	79.7376	-14.8734	-12.6687	134.4597
-18.5181	79.7387	-14.874	-12.6702	134.4621
-18.5202	79.7398	-14.8746	-12.6716	134.4645
-18.5223	79.741	-14.8751	-12.6731	134.4668
-18.5244	79.7421	-14.8757	-12.6745	134.4692
-18.5265	79.7432	-14.8762	-12.6759	134.4716
-18.5286	79.7443	-14.8768	-12.6774	134.4739
-18.5307	79.7455	-14.8773	-12.6788	134.4762
-18.5328	79.7466	-14.8779	-12.6802	134.4786
-18.5349	79.7477	-14.8784	-12.6817	134.4809
-18.537	79.7488	-14.8789	-12.6831	134.4832
-18.539	79.7499	-14.8795	-12.6845	134.4855
-18.5411	79.751	-14.88	-12.6859	134.4878
-18.5432	79.7521	-14.8806	-12.6873	134.4901
-18.5452	79.7532	-14.8811	-12.6887	134.4924
-18.5473	79.7543	-14.8816	-12.6901	134.4947
-18.5493	79.7554	-14.8822	-12.6915	134.497
-18.5513	79.7565	-14.8827	-12.6929	134.4992
-18.5534	79.7576	-14.8832	-12.6943	134.5015
-18.5554	79.7587	-14.8838	-12.6957	134.5038
-18.5574	79.7597	-14.8843	-12.6971	134.506
-18.5594	79.7608	-14.8848	-12.6985	134.5083
-18.5614	79.7619	-14.8853	-12.6998	134.5105
-18.5635	79.763	-14.8859	-12.7012	134.5127
-18.5655	79.764	-14.8864	-12.7026	134.515
-18.5674	79.7651	-14.8869	-12.7039	134.5172
-18.5694	79.7662	-14.8874	-12.7053	134.5194
-18.5714	79.7672	-14.8879	-12.7067	134.5216
-18.5734	79.7683	-14.8885	-12.708	134.5238
-18.5754	79.7693	-14.889	-12.7094	134.526
-18.5773	79.7704	-14.8895	-12.7107	134.5282
-18.5793	79.7714	-14.89	-12.712	134.5304
-18.5812	79.7725	-14.8905	-12.7134	134.5326
-18.5832	79.7735	-14.891	-12.7147	134.5348
-18.5851	79.7745	-14.8915	-12.716	134.5369
-18.5871	79.7756	-14.892	-12.7174	134.5391
-18.589	79.7766	-14.8925	-12.7187	134.5413
-18.5909	79.7776	-14.893	-12.72	134.5434
-18.5929	79.7787	-14.8935	-12.7213	134.5455
-18.5948	79.7797	-14.894	-12.7226	134.5477
-18.5967	79.7807	-14.8945	-12.7239	134.5498
-18.5986	79.7817	-14.895	-12.7252	134.5519
-18.6005	79.7828	-14.8955	-12.7265	134.5541
-18.6024	79.7838	-14.896	-12.7278	134.5562
-18.6043	79.7848	-14.8965	-12.7291	134.5583
-18.6062	79.7858	-14.897	-12.7304	134.5604
-18.608	79.7868	-14.8975	-12.7317	134.5625
-18.6099	79.7878	-14.898	-12.733	134.5646
-18.6118	79.7888	-14.8985	-12.7343	134.5666
-18.6136	79.7898	-14.899	-12.7355	134.5687
-18.6155	79.7908	-14.8995	-12.7368	134.5708
-18.6173	79.7918	-14.8999	-12.7381	134.5729
-18.6192	79.7927	-14.9004	-12.7393	134.5749
-18.621	79.7937	-14.9009	-12.7406	134.577
-18.6229	79.7947	-14.9014	-12.7418	134.579
-18.6247	79.7957	-14.9019	-12.7431	134.5811
-18.6265	79.7967	-14.9023	-12.7443	134.5831
-18.6283	79.7976	-14.9028	-12.7456	134.5851
-18.6301	79.7986	-14.9033	-12.7468	134.5871
-18.632	79.7996	-14.9038	-12.7481	134.5892
-18.6338	79.8005	-14.9042	-12.7493	134.5912
-18.6356	79.8015	-14.9047	-12.7505	134.5932
-18.6373	79.8025	-14.9052	-12.7518	134.5952
-18.6391	79.8034	-14.9056	-12.753	134.5972
-18.6409	79.8044	-14.9061	-12.7542	134.5992
-18.6427	79.8053	-14.9066	-12.7554	134.6011
-18.6445	79.8063	-14.907	-12.7566	134.6031
-18.6462	79.8072	-14.9075	-12.7578	134.6051
-18.648	79.8081	-14.9079	-12.759	134.607
-18.6497	79.8091	-14.9084	-12.7602	134.609
-18.6515	79.81	-14.9089	-12.7614	134.6109
-18.6532	79.8109	-14.9093	-12.7626	134.6129
-18.655	79.8119	-14.9098	-12.7638	134.6148
-18.6567	79.8128	-14.9102	-12.765	134.6168
-18.6584	79.8137	-14.9107	-12.7662	134.6187
-18.6601	79.8146	-14.9111	-12.7674	134.6206
-18.6619	79.8156	-14.9116	-12.7685	134.6225
-18.6636	79.8165	-14.912	-12.7697	134.6244
-18.6653	79.8174	-14.9125	-12.7709	134.6263
-18.667	79.8183	-14.9129	-12.772	134.6282
-18.6687	79.8192	-14.9134	-12.7732	134.6301
-18.6704	79.8201	-14.9138	-12.7743	134.632
-18.6721	79.821	-14.9142	-12.7755	134.6339
-18.6737	79.8219	-14.9147	-12.7766	134.6358
-18.6754	79.8228	-14.9151	-12.7778	134.6376
-18.6771	79.8237	-14.9156	-12.7789	134.6395
-18.6787	79.8246	-14.916	-12.7801	134.6414
-18.6804	79.8255	-14.9164	-12.7812	134.6432
-18.6821	79.8264	-14.9169	-12.7823	134.645
-18.6837	79.8272	-14.9173	-12.7835	134.6469
-18.6853	79.8281	-14.9177	-12.7846	134.6487
-18.687	79.829	-14.9181	-12.7857	134.6505
-18.6886	79.8299	-14.9186	-12.7868	134.6524
-18.6902	79.8307	-14.919	-12.7879	134.6542
-18.6919	79.8316	-14.9194	-12.789	134.656
-18.6935	79.8325	-14.9198	-12.7902	134.6578
-18.6951	79.8333	-14.9203	-12.7913	134.6596
-18.6967	79.8342	-14.9207	-12.7924	134.6614
-18.6983	79.835	-14.9211	-12.7934	134.6632
-18.6999	79.8359	-14.9215	-12.7945	134.665
-18.7015	79.8367	-14.9219	-12.7956	134.6667
-18.7031	79.8376	-14.9223	-12.7967	134.6685
-18.7047	79.8384	-14.9228	-12.7978	134.6703
-18.7062	79.8393	-14.9232	-12.7989	134.672
-18.7078	79.8401	-14.9236	-12.7999	134.6738
-18.7094	79.841	-14.924	-12.801	134.6755
-18.7109	79.8418	-14.9244	-12.8021	134.6773
-18.7125	79.8426	-14.9248	-12.8031	134.679
-18.714	79.8434	-14.9252	-12.8042	134.6807
-18.7156	79.8443	-14.9256	-12.8053	134.6824
-18.7171	79.8451	-14.926	-12.8063	134.6842
-18.7186	79.8459	-14.9264	-12.8074	134.6859
-18.7202	79.8467	-14.9268	-12.8084	134.6876
-18.7217	79.8475	-14.9272	-12.8095	134.6893
-18.7232	79.8484	-14.9276	-12.8105	134.691
-18.7247	79.8492	-14.928	-12.8115	134.6927
-18.7262	79.85	-14.9284	-12.8126	134.6943
-18.7277	79.8508	-14.9288	-12.8136	134.696
-18.7292	79.8516	-14.9292	-12.8146	134.6977
-18.7307	79.8524	-14.9296	-12.8156	134.6994
-18.7322	79.8532	-14.93	-12.8167	134.701
-18.7337	79.854	-14.9303	-12.8177	134.7027
-18.7352	79.8548	-14.9307	-12.8187	134.7043
-18.7367	79.8555	-14.9311	-12.8197	134.706
-18.7381	79.8563	-14.9315	-12.8207	134.7076
-18.7396	79.8571	-14.9319	-12.8217	134.7092
-18.741	79.8579	-14.9323	-12.8227	134.7109
-18.7425	79.8587	-14.9326	-12.8237	134.7125
-18.7439	79.8594	-14.933	-12.8247	134.7141
-18.7454	79.8602	-14.9334	-12.8257	134.7157
-18.7468	79.861	-14.9338	-12.8266	134.7173
-18.7483	79.8617	-14.9342	-12.8276	134.7189
-18.7497	79.8625	-14.9345	-12.8286	134.7205
-18.7511	79.8633	-14.9349	-12.8296	134.7221
-18.7525	79.864	-14.9353	-12.8305	134.7237
-18.7539	79.8648	-14.9356	-12.8315	134.7252
-18.7553	79.8655	-14.936	-12.8325	134.7268
-18.7567	79.8663	-14.9364	-12.8334	134.7284
-18.7581	79.867	-14.9367	-12.8344	134.7299
-18.7595	79.8678	-14.9371	-12.8353	134.7315
-18.7609	79.8685	-14.9375	-12.8363	134.733
-18.7623	79.8693	-14.9378	-12.8372	134.7346
-18.7637	79.87	-14.9382	-12.8382	134.7361
-18.7651	79.8707	-14.9385	-12.8391	134.7376
-18.7664	79.8715	-14.9389	-12.8401	134.7392
-18.7678	79.8722	-14.9393	-12.841	134.7407
-18.7691	79.8729	-14.9396	-12.8419	134.7422
-18.7705	79.8736	-14.94	-12.8428	134.7437
-18.7718	79.8744	-14.9403	-12.8438	134.7452
-18.7732	79.8751	-14.9407	-12.8447	134.7467
-18.7745	79.8758	-14.941	-12.8456	134.7482
-18.7759	79.8765	-14.9414	-12.8465	134.7497
-18.7772	79.8772	-14.9417	-12.8474	134.7512
-18.7785	79.8779	-14.9421	-12.8483	134.7527
-18.7798	79.8786	-14.9424	-12.8492	134.7541
-18.7811	79.8793	-14.9427	-12.8501	134.7556
-18.7825	79.88	-14.9431	-12.851	134.7571
-18.7838	79.8807	-14.9434	-12.8519	134.7585
-18.7851	79.8814	-14.9438	-12.8528	134.76
-18.7864	79.8821	-14.9441	-12.8537	134.7614
-18.7876	79.8828	-14.9444	-12.8546	134.7628
-18.7889	79.8835	-14.9448	-12.8554	134.7643
-18.7902	79.8842	-14.9451	-12.8563	134.7657
-18.7915	79.8849	-14.9454	-12.8572	134.7671
-18.7928	79.8855	-14.9458	-12.8581	134.7685
-18.794	79.8862	-14.9461	-12.8589	134.77
-18.7953	79.8869	-14.9464	-12.8598	134.7714
-18.7965	79.8876	-14.9468	-12.8607	134.7728
-18.7978	79.8882	-14.9471	-12.8615	134.7742
-18.799	79.8889	-14.9474	-12.8624	134.7755
-18.8003	79.8896	-14.9477	-12.8632	134.7769
-18.8015	79.8902	-14.9481	-12.8641	134.7783
-18.8027	79.8909	-14.9484	-12.8649	134.7797
-18.804	79.8915	-14.9487	-12.8657	134.7811
-18.8052	79.8922	-14.949	-12.8666	134.7824
-18.8064	79.8928	-14.9493	-12.8674	134.7838
-18.8076	79.8935	-14.9497	-12.8682	134.7851
-18.8088	79.8941	-14.95	-12.8691	134.7865
-18.81	79.8948	-14.9503	-12.8699	134.7878
-18.8112	79.8954	-14.9506	-12.8707	134.7892
-18.8124	79.8961	-14.9509	-12.8715	134.7905
-18.8136	79.8967	-14.9512	-12.8723	134.7918
-18.8148	79.8973	-14.9515	-12.8731	134.7931
-18.816	79.898	-14.9519	-12.874	134.7945
-18.8172	79.8986	-14.9522	-12.8748	134.7958
-18.8183	79.8992	-14.9525	-12.8756	134.7971
-18.8195	79.8998	-14.9528	-12.8764	134.7984
-18.8207	79.9004	-14.9531	-12.8772	134.7997
-18.8218	79.9011	-14.9534	-12.8779	134.801
-18.823	79.9017	-14.9537	-12.8787	134.8022
-18.8241	79.9023	-14.954	-12.8795	134.8035
-18.8253	79.9029	-14.9543	-12.8803	134.8048
-18.8264	79.9035	-14.9546	-12.8811	134.8061
-18.8275	79.9041	-14.9549	-12.8818	134.8073
-18.8287	79.9047	-14.9552	-12.8826	134.8086
-18.8298	79.9053	-14.9555	-12.8834	134.8098
-18.8309	79.9059	-14.9557	-12.8842	134.8111
-18.832	79.9065	-14.956	-12.8849	134.8123
-18.8331	79.9071	-14.9563	-12.8857	134.8136
-18.8342	79.9077	-14.9566	-12.8864	134.8148
-18.8353	79.9083	-14.9569	-12.8872	134.816
-18.8364	79.9089	-14.9572	-12.8879	134.8173
-18.8375	79.9095	-14.9575	-12.8887	134.8185
-18.8386	79.91	-14.9578	-12.8894	134.8197
-18.8397	79.9106	-14.958	-12.8902	134.8209
-18.8408	79.9112	-14.9583	-12.8909	134.8221
-18.8418	79.9118	-14.9586	-12.8916	134.8233
-18.8429	79.9123	-14.9589	-12.8924	134.8245
-18.844	79.9129	-14.9592	-12.8931	134.8257
-18.845	79.9135	-14.9594	-12.8938	134.8269
-18.8461	79.914	-14.9597	-12.8945	134.828
-18.8471	79.9146	-14.96	-12.8953	134.8292
-18.8482	79.9152	-14.9603	-12.896	134.8304
-18.8492	79.9157	-14.9605	-12.8967	134.8315
-18.8503	79.9163	-14.9608	-12.8974	134.8327
-18.8513	79.9168	-14.9611	-12.8981	134.8338
-18.8523	79.9174	-14.9613	-12.8988	134.835
-18.8533	79.9179	-14.9616	-12.8995	134.8361
-18.8544	79.9185	-14.9619	-12.9002	134.8373
-18.8554	79.919	-14.9621	-12.9009	134.8384
-18.8564	79.9196	-14.9624	-12.9016	134.8395
-18.8574	79.9201	-14.9627	-12.9023	134.8407
-18.8584	79.9206	-14.9629	-12.903	134.8418
-18.8594	79.9212	-14.9632	-12.9037	134.8429
-18.8604	79.9217	-14.9635	-12.9043	134.844
-18.8614	79.9222	-14.9637	-12.905	134.8451
-18.8624	79.9227	-14.964	-12.9057	134.8462
-18.8633	79.9233	-14.9642	-12.9064	134.8473
-18.8643	79.9238	-14.9645	-12.907	134.8484
-18.8653	79.9243	-14.9647	-12.9077	134.8495
-18.8663	79.9248	-14.965	-12.9083	134.8505
-18.8672	79.9253	-14.9652	-12.909	134.8516
-18.8682	79.9259	-14.9655	-12.9097	134.8527
-18.8691	79.9264	-14.9657	-12.9103	134.8537
-18.8701	79.9269	-14.966	-12.911	134.8548
-18.871	79.9274	-14.9662	-12.9116	134.8559
-18.872	79.9279	-14.9665	-12.9122	134.8569
-18.8729	79.9284	-14.9667	-12.9129	134.8579
-18.8738	79.9289	-14.967	-12.9135	134.859
-18.8748	79.9294	-14.9672	-12.9142	134.86
-18.8757	79.9299	-14.9675	-12.9148	134.861
-18.8766	79.9304	-14.9677	-12.9154	134.8621
-18.8775	79.9308	-14.9679	-12.916	134.8631
-18.8784	79.9313	-14.9682	-12.9167	134.8641
-18.8793	79.9318	-14.9684	-12.9173	134.8651
-18.8802	79.9323	-14.9686	-12.9179	134.8661
-18.8811	79.9328	-14.9689	-12.9185	134.8671
-18.882	79.9333	-14.9691	-12.9191	134.8681
-18.8829	79.9337	-14.9693	-12.9197	134.8691
-18.8838	79.9342	-14.9696	-12.9203	134.8701
-18.8847	79.9347	-14.9698	-12.9209	134.8711
-18.8856	79.9351	-14.97	-12.9215	134.8721
-18.8864	79.9356	-14.9703	-12.9221	134.873
-18.8873	79.9361	-14.9705	-12.9227	134.874
-18.8882	79.9365	-14.9707	-12.9233	134.875
-18.889	79.937	-14.9709	-12.9239	134.8759
-18.8899	79.9375	-14.9712	-12.9245	134.8769
-18.8907	79.9379	-14.9714	-12.9251	134.8778
-18.8916	79.9384	-14.9716	-12.9257	134.8788
-18.8924	79.9388	-14.9718	-12.9262	134.8797
-18.8933	79.9393	-14.972	-12.9268	134.8807
-18.8941	79.9397	-14.9723	-12.9274	134.8816
-18.8949	79.9401	-14.9725	-12.928	134.8825
-18.8957	79.9406	-14.9727	-12.9285	134.8834
-18.8966	79.941	-14.9729	-12.9291	134.8843
-18.8974	79.9415	-14.9731	-12.9296	134.8853
-18.8982	79.9419	-14.9733	-12.9302	134.8862
-18.899	79.9423	-14.9735	-12.9308	134.8871
-18.8998	79.9428	-14.9738	-12.9313	134.888
-18.9006	79.9432	-14.974	-12.9318	134.8889
-18.9014	79.9436	-14.9742	-12.9324	134.8898
-18.9022	79.944	-14.9744	-12.9329	134.8906
-18.903	79.9445	-14.9746	-12.9335	134.8915
-18.9038	79.9449	-14.9748	-12.934	134.8924
-18.9046	79.9453	-14.975	-12.9346	134.8933
-18.9053	79.9457	-14.9752	-12.9351	134.8941
-18.9061	79.9461	-14.9754	-12.9356	134.895
-18.9069	79.9465	-14.9756	-12.9361	134.8959
-18.9076	79.947	-14.9758	-12.9367	134.8967
-18.9084	79.9474	-14.976	-12.9372	134.8976
-18.9092	79.9478	-14.9762	-12.9377	134.8984
-18.9099	79.9482	-14.9764	-12.9382	134.8992
-18.9107	79.9486	-14.9766	-12.9387	134.9001
-18.9114	79.949	-14.9768	-12.9392	134.9009
-18.9122	79.9494	-14.977	-12.9397	134.9017
-18.9129	79.9498	-14.9772	-12.9403	134.9026
-18.9136	79.9502	-14.9774	-12.9408	134.9034
-18.9144	79.9505	-14.9776	-12.9413	134.9042
-18.9151	79.9509	-14.9777	-12.9417	134.905
-18.9158	79.9513	-14.9779	-12.9422	134.9058
-18.9165	79.9517	-14.9781	-12.9427	134.9066
-18.9172	79.9521	-14.9783	-12.9432	134.9074
-18.9179	79.9525	-14.9785	-12.9437	134.9082
-18.9187	79.9528	-14.9787	-12.9442	134.909
-18.9194	79.9532	-14.9789	-12.9447	134.9098
-18.9201	79.9536	-14.979	-12.9451	134.9106
-18.9208	79.954	-14.9792	-12.9456	134.9113
-18.9214	79.9543	-14.9794	-12.9461	134.9121
-18.9221	79.9547	-14.9796	-12.9466	134.9129
-18.9228	79.9551	-14.9798	-12.947	134.9136
-18.9235	79.9554	-14.9799	-12.9475	134.9144
-18.9242	79.9558	-14.9801	-12.948	134.9151
-18.9248	79.9561	-14.9803	-12.9484	134.9159
-18.9255	79.9565	-14.9805	-12.9489	134.9166
-18.9262	79.9569	-14.9806	-12.9493	134.9174
-18.9268	79.9572	-14.9808	-12.9498	134.9181
-18.9275	79.9576	-14.981	-12.9502	134.9188
-18.9281	79.9579	-14.9812	-12.9507	134.9196
-18.9288	79.9583	-14.9813	-12.9511	134.9203
-18.9294	79.9586	-14.9815	-12.9516	134.921
-18.9301	79.9589	-14.9817	-12.952	134.9217
-18.9307	79.9593	-14.9818	-12.9524	134.9224
-18.9314	79.9596	-14.982	-12.9529	134.9232
-18.932	79.96	-14.9822	-12.9533	134.9239
-18.9326	79.9603	-14.9823	-12.9537	134.9246
-18.9332	79.9606	-14.9825	-12.9542	134.9253
-18.9339	79.961	-14.9827	-12.9546	134.9259
-18.9345	79.9613	-14.9828	-12.955	134.9266
-18.9351	79.9616	-14.983	-12.9554	134.9273
-18.9357	79.9619	-14.9831	-12.9558	134.928
-18.9363	79.9623	-14.9833	-12.9563	134.9287
-18.9369	79.9626	-14.9834	-12.9567	134.9293
-18.9375	79.9629	-14.9836	-12.9571	134.93
-18.9381	79.9632	-14.9838	-12.9575	134.9307
-18.9387	79.9635	-14.9839	-12.9579	134.9313
-18.9393	79.9639	-14.9841	-12.9583	134.932
-18.9398	79.9642	-14.9842	-12.9587	134.9326
-18.9404	79.9645	-14.9844	-12.9591	134.9333
-18.941	79.9648	-14.9845	-12.9595	134.9339
-18.9416	79.9651	-14.9847	-12.9599	134.9346
-18.9421	79.9654	-14.9848	-12.9603	134.9352
-18.9427	79.9657	-14.985	-12.9606	134.9358
-18.9433	79.966	-14.9851	-12.961	134.9365
-18.9438	79.9663	-14.9853	-12.9614	134.9371
-18.9444	79.9666	-14.9854	-12.9618	134.9377
-18.9449	79.9669	-14.9855	-12.9622	134.9383
-18.9455	79.9672	-14.9857	-12.9625	134.9389
-18.946	79.9675	-14.9858	-12.9629	134.9395
-18.9466	79.9678	-14.986	-12.9633	134.9401
-18.9471	79.968	-14.9861	-12.9637	134.9407
-18.9476	79.9683	-14.9863	-12.964	134.9413
-18.9482	79.9686	-14.9864	-12.9644	134.9419
-18.9487	79.9689	-14.9865	-12.9647	134.9425
-18.9492	79.9692	-14.9867	-12.9651	134.9431
-18.9497	79.9695	-14.9868	-12.9655	134.9437
-18.9503	79.9697	-14.9869	-12.9658	134.9442
-18.9508	79.97	-14.9871	-12.9662	134.9448
-18.9513	79.9703	-14.9872	-12.9665	134.9454
-18.9518	79.9706	-14.9873	-12.9669	134.946
-18.9523	79.9708	-14.9875	-12.9672	134.9465
-18.9528	79.9711	-14.9876	-12.9675	134.9471
-18.9533	79.9714	-14.9877	-12.9679	134.9476
-18.9538	79.9716	-14.9879	-12.9682	134.9482
-18.9543	79.9719	-14.988	-12.9686	134.9487
-18.9548	79.9721	-14.9881	-12.9689	134.9493
-18.9552	79.9724	-14.9882	-12.9692	134.9498
-18.9557	79.9727	-14.9884	-12.9695	134.9503
-18.9562	79.9729	-14.9885	-12.9699	134.9509
-18.9567	79.9732	-14.9886	-12.9702	134.9514
-18.9571	79.9734	-14.9887	-12.9705	134.9519
-18.9576	79.9737	-14.9889	-12.9708	134.9524
-18.9581	79.9739	-14.989	-12.9712	134.953
-18.9585	79.9742	-14.9891	-12.9715	134.9535
-18.959	79.9744	-14.9892	-12.9718	134.954
-18.9594	79.9746	-14.9893	-12.9721	134.9545
-18.9599	79.9749	-14.9895	-12.9724	134.955
-18.9603	79.9751	-14.9896	-12.9727	134.9555
-18.9608	79.9754	-14.9897	-12.973	134.956
-18.9612	79.9756	-14.9898	-12.9733	134.9565
-18.9617	79.9758	-14.9899	-12.9736	134.957
-18.9621	79.9761	-14.99	-12.9739	134.9574
-18.9625	79.9763	-14.9901	-12.9742	134.9579
-18.963	79.9765	-14.9903	-12.9745	134.9584
-18.9634	79.9767	-14.9904	-12.9748	134.9589
-18.9638	79.977	-14.9905	-12.9751	134.9594
-18.9642	79.9772	-14.9906	-12.9754	134.9598
-18.9646	79.9774	-14.9907	-12.9756	134.9603
-18.965	79.9776	-14.9908	-12.9759	134.9607
-18.9655	79.9779	-14.9909	-12.9762	134.9612
-18.9659	79.9781	-14.991	-12.9765	134.9617
-18.9663	79.9783	-14.9911	-12.9768	134.9621
-18.9667	79.9785	-14.9912	-12.977	134.9626
-18.9671	79.9787	-14.9913	-12.9773	134.963
-18.9675	79.9789	-14.9914	-12.9776	134.9634
-18.9679	79.9791	-14.9915	-12.9778	134.9639
-18.9682	79.9793	-14.9916	-12.9781	134.9643
-18.9686	79.9796	-14.9917	-12.9784	134.9647
-18.969	79.9798	-14.9918	-12.9786	134.9652
-18.9694	79.98	-14.9919	-12.9789	134.9656
-18.9698	79.9802	-14.992	-12.9792	134.966
-18.9701	79.9804	-14.9921	-12.9794	134.9664
-18.9705	79.9806	-14.9922	-12.9797	134.9668
-18.9709	79.9808	-14.9923	-12.9799	134.9672
-18.9712	79.9809	-14.9924	-12.9802	134.9676
-18.9716	79.9811	-14.9925	-12.9804	134.968
-18.972	79.9813	-14.9926	-12.9807	134.9684
-18.9723	79.9815	-14.9927	-12.9809	134.9688
-18.9727	79.9817	-14.9928	-12.9811	134.9692
-18.973	79.9819	-14.9929	-12.9814	134.9696
-18.9734	79.9821	-14.993	-12.9816	134.97
-18.9737	79.9823	-14.9931	-12.9818	134.9704
-18.974	79.9824	-14.9932	-12.9821	134.9708
-18.9744	79.9826	-14.9932	-12.9823	134.9712
-18.9747	79.9828	-14.9933	-12.9825	134.9715
-18.9751	79.983	-14.9934	-12.9828	134.9719
-18.9754	79.9832	-14.9935	-12.983	134.9723
-18.9757	79.9833	-14.9936	-12.9832	134.9726
-18.976	79.9835	-14.9937	-12.9834	134.973
-18.9764	79.9837	-14.9938	-12.9837	134.9734
-18.9767	79.9839	-14.9938	-12.9839	134.9737
-18.977	79.984	-14.9939	-12.9841	134.9741
-18.9773	79.9842	-14.994	-12.9843	134.9744
-18.9776	79.9844	-14.9941	-12.9845	134.9748
-18.9779	79.9845	-14.9942	-12.9847	134.9751
-18.9782	79.9847	-14.9942	-12.9849	134.9754
-18.9785	79.9848	-14.9943	-12.9851	134.9758
-18.9788	79.985	-14.9944	-12.9854	134.9761
-18.9791	79.9852	-14.9945	-12.9856	134.9764
-18.9794	79.9853	-14.9946	-12.9858	134.9768
-18.9797	79.9855	-14.9946	-12.986	134.9771
-18.98	79.9856	-14.9947	-12.9862	134.9774
-18.9803	79.9858	-14.9948	-12.9863	134.9777
-18.9806	79.9859	-14.9949	-12.9865	134.9781
-18.9808	79.9861	-14.9949	-12.9867	134.9784
-18.9811	79.9862	-14.995	-12.9869	134.9787
-18.9814	79.9864	-14.9951	-12.9871	134.979
-18.9817	79.9865	-14.9951	-12.9873	134.9793
-18.9819	79.9867	-14.9952	-12.9875	134.9796
-18.9822	79.9868	-14.9953	-12.9877	134.9799
-18.9825	79.987	-14.9954	-12.9878	134.9802
-18.9827	79.9871	-14.9954	-12.988	134.9805
-18.983	79.9872	-14.9955	-12.9882	134.9808
-18.9833	79.9874	-14.9956	-12.9884	134.9811
-18.9835	79.9875	-14.9956	-12.9886	134.9813
-18.9838	79.9876	-14.9957	-12.9887	134.9816
-18.984	79.9878	-14.9958	-12.9889	134.9819
-18.9843	79.9879	-14.9958	-12.9891	134.9822
-18.9845	79.988	-14.9959	-12.9892	134.9825
-18.9848	79.9882	-14.996	-12.9894	134.9827
-18.985	79.9883	-14.996	-12.9896	134.983
-18.9852	79.9884	-14.9961	-12.9897	134.9833
-18.9855	79.9886	-14.9961	-12.9899	134.9835
-18.9857	79.9887	-14.9962	-12.9901	134.9838
-18.9859	79.9888	-14.9963	-12.9902	134.984
-18.9862	79.9889	-14.9963	-12.9904	134.9843
-18.9864	79.989	-14.9964	-12.9905	134.9845
-18.9866	79.9892	-14.9964	-12.9907	134.9848
-18.9868	79.9893	-14.9965	-12.9908	134.985
-18.987	79.9894	-14.9966	-12.991	134.9853
-18.9873	79.9895	-14.9966	-12.9911	134.9855
-18.9875	79.9896	-14.9967	-12.9913	134.9858
-18.9877	79.9897	-14.9967	-12.9914	134.986
-18.9879	79.9899	-14.9968	-12.9916	134.9862
-18.9881	79.99	-14.9968	-12.9917	134.9865
-18.9883	79.9901	-14.9969	-12.9918	134.9867
-18.9885	79.9902	-14.9969	-12.992	134.9869
-18.9887	79.9903	-14.997	-12.9921	134.9871
-18.9889	79.9904	-14.997	-12.9922	134.9874
-18.9891	79.9905	-14.9971	-12.9924	134.9876
-18.9893	79.9906	-14.9971	-12.9925	134.9878
-18.9895	79.9907	-14.9972	-12.9926	134.988
-18.9897	79.9908	-14.9972	-12.9928	134.9882
-18.9899	79.9909	-14.9973	-12.9929	134.9884
-18.9901	79.991	-14.9973	-12.993	134.9886
-18.9902	79.9911	-14.9974	-12.9932	134.9888
-18.9904	79.9912	-14.9974	-12.9933	134.989
-18.9906	79.9913	-14.9975	-12.9934	134.9892
-18.9908	79.9914	-14.9975	-12.9935	134.9894
-18.9909	79.9915	-14.9976	-12.9936	134.9896
-18.9911	79.9916	-14.9976	-12.9938	134.9898
-18.9913	79.9917	-14.9977	-12.9939	134.99
-18.9915	79.9918	-14.9977	-12.994	134.9902
-18.9916	79.9918	-14.9977	-12.9941	134.9904
-18.9918	79.9919	-14.9978	-12.9942	134.9906
-18.9919	79.992	-14.9978	-12.9943	134.9907
-18.9921	79.9921	-14.9979	-12.9944	134.9909
-18.9923	79.9922	-14.9979	-12.9945	134.9911
-18.9924	79.9923	-14.998	-12.9946	134.9913
-18.9926	79.9924	-14.998	-12.9948	134.9914
-18.9927	79.9924	-14.998	-12.9949	134.9916
-18.9929	79.9925	-14.9981	-12.995	134.9918
-18.993	79.9926	-14.9981	-12.9951	134.9919
-18.9932	79.9927	-14.9982	-12.9952	134.9921
-18.9933	79.9927	-14.9982	-12.9953	134.9923
-18.9935	79.9928	-14.9982	-12.9954	134.9924
-18.9936	79.9929	-14.9983	-12.9955	134.9926
-18.9937	79.993	-14.9983	-12.9955	134.9927
-18.9939	79.993	-14.9983	-12.9956	134.9929
-18.994	79.9931	-14.9984	-12.9957	134.993
-18.9941	79.9932	-14.9984	-12.9958	134.9932
-18.9943	79.9933	-14.9984	-12.9959	134.9933
-18.9944	79.9933	-14.9985	-12.996	134.9935
-18.9945	79.9934	-14.9985	-12.9961	134.9936
-18.9946	79.9935	-14.9985	-12.9962	134.9938
-18.9948	79.9935	-14.9986	-12.9963	134.9939
-18.9949	79.9936	-14.9986	-12.9963	134.994
-18.995	79.9937	-14.9986	-12.9964	134.9942
-18.9951	79.9937	-14.9987	-12.9965	134.9943
-18.9952	79.9938	-14.9987	-12.9966	134.9944
-18.9954	79.9938	-14.9987	-12.9967	134.9946
-18.9955	79.9939	-14.9988	-12.9967	134.9947
-18.9956	79.994	-14.9988	-12.9968	134.9948
-18.9957	79.994	-14.9988	-12.9969	134.9949
-18.9958	79.9941	-14.9988	-12.997	134.995
-18.9959	79.9941	-14.9989	-12.997	134.9952
-18.996	79.9942	-14.9989	-12.9971	134.9953
-18.9961	79.9942	-14.9989	-12.9972	134.9954
-18.9962	79.9943	-14.9989	-12.9972	134.9955
-18.9963	79.9944	-14.999	-12.9973	134.9956
-18.9964	79.9944	-14.999	-12.9974	134.9957
-18.9965	79.9945	-14.999	-12.9974	134.9958
-18.9966	79.9945	-14.999	-12.9975	134.9959
-18.9967	79.9946	-14.9991	-12.9976	134.996
-18.9968	79.9946	-14.9991	-12.9976	134.9961
-18.9969	79.9947	-14.9991	-12.9977	134.9962
-18.997	79.9947	-14.9991	-12.9978	134.9963
-18.997	79.9947	-14.9992	-12.9978	134.9964
-18.9971	79.9948	-14.9992	-12.9979	134.9965
-18.9972	79.9948	-14.9992	-12.9979	134.9966
-18.9973	79.9949	-14.9992	-12.998	134.9967
-18.9974	79.9949	-14.9993	-12.998	134.9968
-18.9975	79.995	-14.9993	-12.9981	134.9969
-18.9975	79.995	-14.9993	-12.9982	134.997
-18.9976	79.995	-14.9993	-12.9982	134.9971
-18.9977	79.9951	-14.9993	-12.9983	134.9972
-18.9978	79.9951	-14.9994	-12.9983	134.9972
-18.9978	79.9952	-14.9994	-12.9984	134.9973
-18.9979	79.9952	-14.9994	-12.9984	134.9974
-18.998	79.9952	-14.9994	-12.9984	134.9975
-18.998	79.9953	-14.9994	-12.9985	134.9975
-18.9981	79.9953	-14.9994	-12.9985	134.9976
-18.9982	79.9953	-14.9995	-12.9986	134.9977
-18.9982	79.9954	-14.9995	-12.9986	134.9978
-18.9983	79.9954	-14.9995	-12.9987	134.9978
-18.9984	79.9954	-14.9995	-12.9987	134.9979
-18.9984	79.9955	-14.9995	-12.9988	134.998
-18.9985	79.9955	-14.9995	-12.9988	134.998
-18.9985	79.9955	-14.9996	-12.9988	134.9981
-18.9986	79.9956	-14.9996	-12.9989	134.9982
-18.9986	79.9956	-14.9996	-12.9989	134.9982
-18.9987	79.9956	-14.9996	-12.9989	134.9983
-18.9988	79.9957	-14.9996	-12.999	134.9983
-18.9988	79.9957	-14.9996	-12.999	134.9984
-18.9989	79.9957	-14.9996	-12.9991	134.9985
-18.9989	79.9957	-14.9997	-12.9991	134.9985
-18.999	79.9958	-14.9997	-12.9991	134.9986
-18.999	79.9958	-14.9997	-12.9992	134.9986
-18.999	79.9958	-14.9997	-12.9992	134.9987
-18.9991	79.9958	-14.9997	-12.9992	134.9987
-18.9991	79.9959	-14.9997	-12.9992	134.9988
-18.9992	79.9959	-14.9997	-12.9993	134.9988
-18.9992	79.9959	-14.9997	-12.9993	134.9989
-18.9993	79.9959	-14.9997	-12.9993	134.9989
-18.9993	79.9959	-14.9998	-12.9994	134.9989
-18.9993	79.996	-14.9998	-12.9994	134.999
-18.9994	79.996	-14.9998	-12.9994	134.999
-18.9994	79.996	-14.9998	-12.9994	134.9991
-18.9994	79.996	-14.9998	-12.9995	134.9991
-18.9995	79.996	-14.9998	-12.9995	134.9991
-18.9995	79.9961	-14.9998	-12.9995	134.9992
-18.9995	79.9961	-14.9998	-12.9995	134.9992
-18.9996	79.9961	-14.9998	-12.9995	134.9993
-18.9996	79.9961	-14.9998	-12.9996	134.9993
-18.9996	79.9961	-14.9998	-12.9996	134.9993
-18.9997	79.9961	-14.9998	-12.9996	134.9994
-18.9997	79.9962	-14.9999	-12.9996	134.9994
-18.9997	79.9962	-14.9999	-12.9996	134.9994
-18.9997	79.9962	-14.9999	-12.9997	134.9994
-18.9998	79.9962	-14.9999	-12.9997	134.9995
-18.9998	79.9962	-14.9999	-12.9997	134.9995
-18.9998	79.9962	-14.9999	-12.9997	134.9995
-18.9998	79.9962	-14.9999	-12.9997	134.9995
-18.9999	79.9962	-14.9999	-12.9997	134.9996
-18.9999	79.9963	-14.9999	-12.9998	134.9996
-18.9999	79.9963	-14.9999	-12.9998	134.9996
-18.9999	79.9963	-14.9999	-12.9998	134.9996
-18.9999	79.9963	-14.9999	-12.9998	134.9997
-19	79.9963	-14.9999	-12.9998	134.9997
-19	79.9963	-14.9999	-12.9998	134.9997
-19	79.9963	-14.9999	-12.9998	134.9997
-19	79.9963	-14.9999	-12.9998	134.9997
-19	79.9963	-14.9999	-12.9998	134.9998
-19	79.9963	-14.9999	-12.9999	134.9998
-19	79.9963	-14.9999	-12.9999	134.9998
-19.0001	79.9964	-15	-12.9999	134.9998
-19.0001	79.9964	-15	-12.9999	134.9998
-19.0001	79.9964	-15	-12.9999	134.9998
-19.0001	79.9964	-15	-12.9999	134.9998
-19.0001	79.9964	-15	-12.9999	134.9998
-19.0001	79.9964	-15	-12.9999	134.9999
-19.0001	79.9964	-15	-12.9999	134.9999
-19.0001	79.9964	-15	-12.9999	134.9999
-19.0001	79.9964	-15	-12.9999	134.9999
-19.0002	79.9964	-15	-12.9999	134.9999
-19.0002	79.9964	-15	-12.9999	134.9999
-19.0002	79.9964	-15	-12.9999	134.9999
-19.0002	79.9964	-15	-13	134.9999
-19.0002	79.9964	-15	-13	134.9999
-19.0002	79.9964	-15	-13	134.9999
-19.0002	79.9964	-15	-13	134.9999
-19.0002	79.9964	-15	-13	135
-19.0002	79.9964	-15	-13	135
-19.0002	79.9964	-15	-13	135
-19.0002	79.9964	-15	-13	135
-19.0002	79.9964	-15	-13	135
-19.0002	79.9964	-15	-13	135
-19.0002	79.9964	-15	-13	135
-19.0002	79.9964	-15	-13	135
-19.0002	79.9964	-15	-13	135
-19.0002	79.9964	-15	-13	135
-19.0002	79.9964	-15	-13	135
-19.0002	79.9964	-15	-13	135
-19.0002	79.9964	-15	-13	135
-19.0002	79.9964	-15	-13	135
-19.0002	79.9965	-15	-13	135
-19.0002	79.9965	-15	-13	135
-19.0002	79.9965	-15	-13	135
-19.0002	79.9965	-15	-13	135
-19.0002	79.9965	-15	-13	135
-19.0002	79.9965	-15	-13	135
-19.0002	79.9965	-15	-13	135
-19.0002	79.9965	-15	-13	135
-19.0002	79.9965	-15	-13	135
-19.0002	79.9965	-15	-13	135
-19.0002	79.9965	-15	-13	135
-19.0002	79.9965	-15	-13	135
-19.0002	79.9965	-15	-13	135