0	0	0	0	0
-0.0000020225057	-0.0000018098149	0	0	0
-0.00001602417	-0.000014339036	0	0	0
-0.000053558213	-0.000047925923	0	0	0
-0.00012571868	-0.00011249785	0	0	0
-0.00024314651	-0.00021757673	0	0	0
-0.00041603553	-0.0003722844	0	0	0
-0.00065413854	-0.00058534801	0	0	0
-0.00096677333	-0.0008651055	0	0	0
-0.0013628287	-0.0012195109	0	0	0
-0.0018507707	-0.0016561399	0	0	0
-0.0024386482	-0.0021821951	0	0	0
-0.0031340995	-0.0028045113	0	0	0
-0.003944358	-0.0035295614	0	0	0
-0.0048762584	-0.0043634612	0	0	0
-0.0059362425	-0.0053119753	0	0	0
-0.0071303658	-0.0063805221	0	0	0
-0.0084643028	-0.0075741796	0	0	0
-0.0099433536	-0.0088976905	0	0	0
-0.01157245	-0.010355468	0	0	0
-0.01335616	-0.0119516	0	0	0
-0.015298698	-0.013689856	0	0	0
-0.017403924	-0.015573692	0	0	0
-0.019675358	-0.017606257	0	0	0
-0.022116177	-0.019790396	0	0	0
-0.02472923	-0.022128655	0	0	0
-0.027517038	-0.024623291	0	0	0
-0.0304818	-0.027276273	0	0	0
-0.033625405	-0.030089289	0	0	0
-0.036949428	-0.033063752	0	0	0
-0.040455149	-0.036200804	0	0	0
-0.044143545	-0.039501321	0	0	0
-0.048015309	-0.042965922	0	0	0
-0.052070846	-0.046594971	0	0	0
-0.056310284	-0.050388581	0	0	0
-0.06073348	-0.054346625	0	0	0
-0.065340024	-0.058468736	0	0	0
-0.070129248	-0.062754315	0	0	0
-0.075100229	-0.067202538	0	0	0
-0.080251796	-0.071812356	0	0	0
-0.085582537	-0.076582505	0	0	0
-0.091090804	-0.081511511	0	0	0
-0.096774719	-0.086597694	0	0	0
-0.10263218	-0.091839175	0	0	0
-0.10866087	-0.097233877	0	0	0
-0.11485826	-0.10277954	0	0	0
-0.12122162	-0.10847371	0	0	0
-0.127748	-0.11431376	0	0	0
-0.13443429	-0.12029691	0	0	0
-0.14127716	-0.12642017	0	0	0
-0.14827311	-0.13268042	0	0	0
-0.15541849	-0.13907437	0	0	0
-0.16270944	-0.14559859	0	0	0
-0.17014197	-0.15224949	0	0	0
-0.1777119	-0.15902336	0	0	0
-0.18541493	-0.16591632	0	0	0
-0.19324661	-0.1729244	0	0	0
-0.20120232	-0.18004348	0	0	0
-0.20927736	-0.18726933	0	0	0
-0.21746685	-0.1945976	0	0	0
-0.22576583	-0.20202384	0	0	0
-0.2341692	-0.20954349	0	0	0
-0.24267176	-0.21715191	0	0	0
-0.25126821	-0.22484433	0	0	0
-0.25995314	-0.23261594	0	0	0
-0.26872107	-0.24046182	0	0	0
-0.27756643	-0.24837698	0	0	0
-0.28648355	-0.25635637	0	0	0
-0.29546672	-0.26439485	0	0	0
-0.30451014	-0.27248724	0	0	0
-0.31360796	-0.28062831	0	0	0
-0.32275427	-0.28881278	0	0	0
-0.33194311	-0.2970353	0	0	0
-0.34116849	-0.30529052	0	0	0
-0.35042437	-0.31357304	0	0	0
-0.35970469	-0.32187742	0	0	0
-0.36900336	-0.33019823	0	0	0
-0.37831428	-0.33852999	0	0	0
-0.38763132	-0.34686723	0	0	0
-0.39694836	-0.35520447	0	0	0
-0.40625927	-0.36353623	0	0	0
-0.41555794	-0.37185703	0	0	0
-0.42483826	-0.38016142	0	0	0
-0.43409415	-0.38844393	0	0	0
-0.44331953	-0.39669915	0	0	0
-0.45250837	-0.40492168	0	0	0
-0.46165468	-0.41310614	0	0	0
-0.47075249	-0.42124721	0	0	0
-0.47979591	-0.42933961	0	0	0
-0.48877908	-0.43737809	0	0	0
-0.4976962	-0.44535747	0	0	0
-0.50654156	-0.45327263	0	0	0
-0.51530949	-0.46111851	0	0	0
-0.52399443	-0.46889012	0	0	0
-0.53259088	-0.47658255	0	0	0
-0.54109344	-0.48419096	0	0	0
-0.5494968	-0.49171061	0	0	0
-0.55779578	-0.49913685	0	0	0
-0.56598528	-0.50646512	0	0	0
-0.57406031	-0.51369097	0	0	0
-0.58201603	-0.52081005	0	0	0
-0.5898477	-0.52781813	0	0	0
-0.59755073	-0.5347111	0	0	0
-0.60512067	-0.54148496	0	0	0
-0.61255319	-0.54813586	0	0	0
-0.61984414	-0.55466009	0	0	0
-0.62698952	-0.56105404	0	0	0
-0.63398548	-0.56731429	0	0	0
-0.64082835	-0.57343755	0	0	0
-0.64751463	-0.57942069	0	0	0
-0.65404102	-0.58526074	0	0	0
-0.66040437	-0.59095492	0	0	0
-0.66660176	-0.59650058	0	0	0
-0.67263045	-0.60189528	0	0	0
-0.67848792	-0.60713676	0	0	0
-0.68417183	-0.61222294	0	0	0
-0.6896801	-0.61715195	0	0	0
-0.69501084	-0.6219221	0	0	0
-0.7001624	-0.62653192	0	0	0
-0.70513339	-0.63098014	0	0	0
-0.70992261	-0.63526572	0	0	0
-0.71452915	-0.63938783	0	0	0
-0.71895235	-0.64334587	0	0	0
-0.72319179	-0.64713948	0	0	0
-0.72724733	-0.65076853	0	0	0
-0.73111909	-0.65423313	0	0	0
-0.73480749	-0.65753365	0	0	0
-0.73831321	-0.6606707	0	0	0
-0.74163723	-0.66364516	0	0	0
-0.74478083	-0.66645818	0	0	0
-0.7477456	-0.66911116	0	0	0
-0.7505334	-0.6716058	0	0	0
-0.75314646	-0.67394406	0	0	0
-0.75558728	-0.6761282	0	0	0
-0.75785871	-0.67816076	0	0	0
-0.75996394	-0.6800446	0	0	0
-0.76190647	-0.68178285	0	0	0
-0.76369018	-0.68337899	0	0	0
-0.76531928	-0.68483676	0	0	0
-0.76679833	-0.68616027	0	0	0
-0.76813227	-0.68735393	0	0	0
-0.76932639	-0.68842248	0	0	0
-0.77038638	-0.68937099	0	0	0
-0.77131828	-0.69020489	0	0	0
-0.77212853	-0.69092994	0	0	0
-0.77282399	-0.69155226	0	0	0
-0.77341186	-0.69207831	0	0	0
-0.77389981	-0.69251494	0	0	0
-0.77429586	-0.69286935	0	0	0
-0.7746085	-0.69314911	0	0	0
-0.7748466	-0.69336217	0	0	0
-0.77501949	-0.69351688	0	0	0
-0.77513692	-0.69362196	0	0	0
-0.77520908	-0.69368653	0	0	0
-0.77524661	-0.69372011	0	0	0
-0.77526061	-0.69373264	0	0	0
-0.77526263	-0.69373445	0	0	0
-0.77526263	-0.69373445	9.676466e-7	0.0000016701315	0
-0.77526263	-0.69373445	0.0000076735452	0.000013244329	0
-0.77526263	-0.69373445	0.000025671041	0.000044307514	0
-0.77526263	-0.69373445	0.000060313922	0.00010410018	0
-0.77526263	-0.69373445	0.00011675879	0.00020152248	0
-0.77526263	-0.69373445	0.00019996746	0.00034513836	0
-0.77526263	-0.69373445	0.00031470929	0.00054317962	0
-0.77526263	-0.69373445	0.0004655636	0.00080355003	0
-0.77526263	-0.69373445	0.00065692204	0.0011338294	0
-0.77526263	-0.69373445	0.00089299093	0.0015412779	0
-0.77526263	-0.69373445	0.0011777937	0.0020328396	0
-0.77526263	-0.69373445	0.0015151732	0.0026151474	0
-0.77526263	-0.69373445	0.001908794	0.0032945262	0
-0.77526263	-0.69373445	0.0023621452	0.0040769979	0
-0.77526263	-0.69373445	0.0028785421	0.0049682848	0
-0.77526263	-0.69373445	0.0034611291	0.0059738141	0
-0.77526263	-0.69373445	0.0041128821	0.0070987218	0
-0.77526263	-0.69373445	0.0048366103	0.008347857	0
-0.77526263	-0.69373445	0.0056349594	0.0097257856	0
-0.77526263	-0.69373445	0.0065104133	0.011236795	0
-0.77526263	-0.69373445	0.0074652968	0.012884898	0
-0.77526263	-0.69373445	0.0085017779	0.014673836	0
-0.77526263	-0.69373445	0.0096218702	0.016607084	0
-0.77526263	-0.69373445	0.010827435	0.018687857	0
-0.77526263	-0.69373445	0.012120185	0.020919107	0
-0.77526263	-0.69373445	0.013501684	0.023303536	0
-0.77526263	-0.69373445	0.014973351	0.025843594	0
-0.77526263	-0.69373445	0.016536465	0.028541486	0
-0.77526263	-0.69373445	0.018192162	0.031399173	0
-0.77526263	-0.69373445	0.01994144	0.03441838	0
-0.77526263	-0.69373445	0.021785165	0.037600598	0
-0.77526263	-0.69373445	0.023724066	0.040947088	0
-0.77526263	-0.69373445	0.025758744	0.044458887	0
-0.77526263	-0.69373445	0.02788967	0.048136807	0
-0.77526263	-0.69373445	0.03011719	0.051981446	0
-0.77526263	-0.69373445	0.032441528	0.055993188	0
-0.77526263	-0.69373445	0.034862782	0.060172208	0
-0.77526263	-0.69373445	0.037380937	0.064518474	0
-0.77526263	-0.69373445	0.039995858	0.069031757	0
-0.77526263	-0.69373445	0.042707298	0.073711626	0
-0.77526263	-0.69373445	0.045514895	0.078557463	0
-0.77526263	-0.69373445	0.048418182	0.083568456	0
-0.77526263	-0.69373445	0.051416582	0.088743613	0
-0.77526263	-0.69373445	0.054509415	0.094081758	0
-0.77526263	-0.69373445	0.057695899	0.099581542	0
-0.77526263	-0.69373445	0.060975151	0.10524144	0
-0.77526263	-0.69373445	0.064346191	0.11105976	0
-0.77526263	-0.69373445	0.067807944	0.11703465	0
-0.77526263	-0.69373445	0.071359244	0.1231641	0
-0.77526263	-0.69373445	0.074998831	0.12944593	0
-0.77526263	-0.69373445	0.078725362	0.13587782	0
-0.77526263	-0.69373445	0.082537404	0.1424573	0
-0.77526263	-0.69373445	0.086433443	0.14918176	0
-0.77526263	-0.69373445	0.090411885	0.15604844	0
-0.77526263	-0.69373445	0.094471055	0.16305445	0
-0.77526263	-0.69373445	0.098609204	0.17019679	0
-0.77526263	-0.69373445	0.10282451	0.17747229	0
-0.77526263	-0.69373445	0.10711508	0.18487769	0
-0.77526263	-0.69373445	0.11147894	0.1924096	0
-0.77526263	-0.69373445	0.11591408	0.20006452	0
-0.77526263	-0.69373445	0.12041838	0.20783883	0
-0.77526263	-0.69373445	0.12498971	0.21572882	0
-0.77526263	-0.69373445	0.12962584	0.22373066	0
-0.77526263	-0.69373445	0.13432451	0.23184042	0
-0.77526263	-0.69373445	0.13908337	0.24005409	0
-0.77526263	-0.69373445	0.14390007	0.24836758	0
-0.77526263	-0.69373445	0.14877216	0.25677667	0
-0.77526263	-0.69373445	0.15369717	0.2652771	0
-0.77526263	-0.69373445	0.15867258	0.27386452	0
-0.77526263	-0.69373445	0.16369582	0.28253451	0
-0.77526263	-0.69373445	0.1687643	0.29128255	0
-0.77526263	-0.69373445	0.17387536	0.3001041	0
-0.77526263	-0.69373445	0.17902633	0.30899454	0
-0.77526263	-0.69373445	0.18421449	0.31794917	0
-0.77526263	-0.69373445	0.18943711	0.32696327	0
-0.77526263	-0.69373445	0.19469142	0.33603205	0
-0.77526263	-0.69373445	0.19997461	0.3451507	0
-0.77526263	-0.69373445	0.20528386	0.35431433	0
-0.77526263	-0.69373445	0.21061634	0.36351804	0
-0.77526263	-0.69373445	0.21596918	0.3727569	0
-0.77526263	-0.69373445	0.22133951	0.38202593	0
-0.77526263	-0.69373445	0.22672442	0.39132015	0
-0.77526263	-0.69373445	0.23212103	0.40063454	0
-0.77526263	-0.69373445	0.2375264	0.40996407	0
-0.77526263	-0.69373445	0.24293763	0.41930371	0
-0.77526263	-0.69373445	0.24835179	0.42864839	0
-0.77526263	-0.69373445	0.25376595	0.43799308	0
-0.77526263	-0.69373445	0.25917718	0.44733272	0
-0.77526263	-0.69373445	0.26458256	0.45666225	0
-0.77526263	-0.69373445	0.26997916	0.46597664	0
-0.77526263	-0.69373445	0.27536408	0.47527086	0
-0.77526263	-0.69373445	0.2807344	0.48453989	0
-0.77526263	-0.69373445	0.28608724	0.49377875	0
-0.77526263	-0.69373445	0.29141972	0.50298246	0
-0.77526263	-0.69373445	0.29672898	0.51214609	0
-0.77526263	-0.69373445	0.30201217	0.52126473	0
-0.77526263	-0.69373445	0.30726647	0.53033352	0
-0.77526263	-0.69373445	0.31248909	0.53934762	0
-0.77526263	-0.69373445	0.31767726	0.54830225	0
-0.77526263	-0.69373445	0.32282823	0.55719269	0
-0.77526263	-0.69373445	0.32793929	0.56601424	0
-0.77526263	-0.69373445	0.33300776	0.57476228	0
-0.77526263	-0.69373445	0.33803101	0.58343226	0
-0.77526263	-0.69373445	0.34300642	0.59201969	0
-0.77526263	-0.69373445	0.34793143	0.60052012	0
-0.77526263	-0.69373445	0.35280352	0.60892921	0
-0.77526263	-0.69373445	0.35762021	0.61724269	0
-0.77526263	-0.69373445	0.36237908	0.62545637	0
-0.77526263	-0.69373445	0.36707774	0.63356613	0
-0.77526263	-0.69373445	0.37171387	0.64156797	0
-0.77526263	-0.69373445	0.3762852	0.64945795	0
-0.77526263	-0.69373445	0.38078951	0.65723227	0
-0.77526263	-0.69373445	0.38522464	0.66488719	0
-0.77526263	-0.69373445	0.38958851	0.6724191	0
-0.77526263	-0.69373445	0.39387908	0.6798245	0
-0.77526263	-0.69373445	0.39809438	0.6871	0
-0.77526263	-0.69373445	0.40223253	0.69424234	0
-0.77526263	-0.69373445	0.4062917	0.70124835	0
-0.77526263	-0.69373445	0.41027014	0.70811503	0
-0.77526263	-0.69373445	0.41416618	0.71483949	0
-0.77526263	-0.69373445	0.41797822	0.72141897	0
-0.77526263	-0.69373445	0.42170475	0.72785086	0
-0.77526263	-0.69373445	0.42534434	0.73413269	0
-0.77526263	-0.69373445	0.42889564	0.74026213	0
-0.77526263	-0.69373445	0.4323574	0.74623703	0
-0.77526263	-0.69373445	0.43572844	0.75205535	0
-0.77526263	-0.69373445	0.43900769	0.75771525	0
-0.77526263	-0.69373445	0.44219417	0.76321503	0
-0.77526263	-0.69373445	0.445287	0.76855318	0
-0.77526263	-0.69373445	0.4482854	0.77372833	0
-0.77526263	-0.69373445	0.45118869	0.77873933	0
-0.77526263	-0.69373445	0.45399629	0.78358516	0
-0.77526263	-0.69373445	0.45670773	0.78826503	0
-0.77526263	-0.69373445	0.45932265	0.79277831	0
-0.77526263	-0.69373445	0.4618408	0.79712458	0
-0.77526263	-0.69373445	0.46426206	0.8013036	0
-0.77526263	-0.69373445	0.4665864	0.80531534	0
-0.77526263	-0.69373445	0.46881392	0.80915998	0
-0.77526263	-0.69373445	0.47094484	0.8128379	0
-0.77526263	-0.69373445	0.47297952	0.8163497	0
-0.77526263	-0.69373445	0.47491842	0.81969619	0
-0.77526263	-0.69373445	0.47676215	0.82287841	0
-0.77526263	-0.69373445	0.47851142	0.82589762	0
-0.77526263	-0.69373445	0.48016712	0.8287553	0
-0.77526263	-0.69373445	0.48173023	0.83145319	0
-0.77526263	-0.69373445	0.4832019	0.83399325	0
-0.77526263	-0.69373445	0.4845834	0.83637768	0
-0.77526263	-0.69373445	0.48587615	0.83860893	0
-0.77526263	-0.69373445	0.48708172	0.8406897	0
-0.77526263	-0.69373445	0.48820181	0.84262295	0
-0.77526263	-0.69373445	0.48923829	0.84441189	0
-0.77526263	-0.69373445	0.49019317	0.84605999	0
-0.77526263	-0.69373445	0.49106863	0.847571	0
-0.77526263	-0.69373445	0.49186698	0.84894893	0
-0.77526263	-0.69373445	0.4925907	0.85019807	0
-0.77526263	-0.69373445	0.49324246	0.85132298	0
-0.77526263	-0.69373445	0.49382504	0.8523285	0
-0.77526263	-0.69373445	0.49434144	0.85321979	0
-0.77526263	-0.69373445	0.49479479	0.85400226	0
-0.77526263	-0.69373445	0.49518841	0.85468164	0
-0.77526263	-0.69373445	0.49552579	0.85526395	0
-0.77526263	-0.69373445	0.49581059	0.85575551	0
-0.77526263	-0.69373445	0.49604666	0.85616296	0
-0.77526263	-0.69373445	0.49623802	0.85649324	0
-0.77526263	-0.69373445	0.49638888	0.85675361	0
-0.77526263	-0.69373445	0.49650362	0.85695165	0
-0.77526263	-0.69373445	0.49658683	0.85709527	0
-0.77526263	-0.69373445	0.49664327	0.85719269	0
-0.77526263	-0.69373445	0.49667791	0.85725248	0
-0.77526263	-0.69373445	0.49669591	0.85728354	0
-0.77526263	-0.69373445	0.49670262	0.85729512	0
-0.77526263	-0.69373445	0.49670359	0.85729679	0
-0.77526263	-0.69373445	0.49670359	0.85729679	-2.189381e-10
-0.77526263	-0.69373445	0.49670359	0.85729679	-1.7513309e-9
-0.77526263	-0.69373445	0.49670359	0.85729679	-5.9101551e-9
-0.77526263	-0.69373445	0.49670359	0.85729679	-1.4007866e-8
-0.77526263	-0.69373445	0.49670359	0.85729679	-2.7356396e-8
-0.77526263	-0.69373445	0.49670359	0.85729679	-4.726716e-8
-0.77526263	-0.69373445	0.49670359	0.85729679	-7.5051046e-8
-0.77526263	-0.69373445	0.49670359	0.85729679	-1.1201843e-7
-0.77526263	-0.69373445	0.49670359	0.85729679	-1.5947915e-7
-0.77526263	-0.69373445	0.49670359	0.85729679	-2.1874254e-7
-0.77526263	-0.69373445	0.49670359	0.85729679	-2.9111741e-7
-0.77526263	-0.69373445	0.49670359	0.85729679	-3.7791203e-7
-0.77526263	-0.69373445	0.49670359	0.85729679	-4.8043419e-7
-0.77526263	-0.69373445	0.49670359	0.85729679	-5.9999111e-7
-0.77526263	-0.69373445	0.49670359	0.85729679	-7.3788953e-7
-0.77526263	-0.69373445	0.49670359	0.85729679	-8.9543564e-7
-0.77526263	-0.69373445	0.49670359	0.85729679	-0.0000010739351
-0.77526263	-0.69373445	0.49670359	0.85729679	-0.0000012746932
-0.77526263	-0.69373445	0.49670359	0.85729679	-0.0000014990144
-0.77526263	-0.69373445	0.49670359	0.85729679	-0.0000017482029
-0.77526263	-0.69373445	0.49670359	0.85729679	-0.0000020235623
-0.77526263	-0.69373445	0.49670359	0.85729679	-0.0000023263957
-0.77526263	-0.69373445	0.49670359	0.85729679	-0.0000026580056
-0.77526263	-0.69373445	0.49670359	0.85729679	-0.0000030196941
-0.77526263	-0.69373445	0.49670359	0.85729679	-0.0000034127627
-0.77526263	-0.69373445	0.49670359	0.85729679	-0.0000038385124
-0.77526263	-0.69373445	0.49670359	0.85729679	-0.0000042982437
-0.77526263	-0.69373445	0.49670359	0.85729679	-0.0000047932565
-0.77526263	-0.69373445	0.49670359	0.85729679	-0.0000053248503
-0.77526263	-0.69373445	0.49670359	0.85729679	-0.000005894324
-0.77526263	-0.69373445	0.49670359	0.85729679	-0.000006502976
-0.77526263	-0.69373445	0.49670359	0.85729679	-0.0000071521041
-0.77526263	-0.69373445	0.49670359	0.85729679	-0.0000078430058
-0.77526263	-0.69373445	0.49670359	0.85729679	-0.0000085769779
-0.77526263	-0.69373445	0.49670359	0.85729679	-0.0000093553167
-0.77526263	-0.69373445	0.49670359	0.85729679	-0.000010179318
-0.77526263	-0.69373445	0.49670359	0.85729679	-0.000011050277
-0.77526263	-0.69373445	0.49670359	0.85729679	-0.000011969489
-0.77526263	-0.69373445	0.49670359	0.85729679	-0.000012938247
-0.77526263	-0.69373445	0.49670359	0.85729679	-0.000013957846
-0.77526263	-0.69373445	0.49670359	0.85729679	-0.000015029579
-0.77526263	-0.69373445	0.49670359	0.85729679	-0.000016154738
-0.77526263	-0.69373445	0.49670359	0.85729679	-0.000017334616
-0.77526263	-0.69373445	0.49670359	0.85729679	-0.000018570504
-0.77526263	-0.69373445	0.49670359	0.85729679	-0.000019863693
-0.77526263	-0.69373445	0.49670359	0.85729679	-0.000021215475
-0.77526263	-0.69373445	0.49670359	0.85729679	-0.000022627138
-0.77526263	-0.69373445	0.49670359	0.85729679	-0.000024099973
-0.77526263	-0.69373445	0.49670359	0.85729679	-0.000025635269
-0.77526263	-0.69373445	0.49670359	0.85729679	-0.000027234314
-0.77526263	-0.69373445	0.49670359	0.85729679	-0.000028898397
-0.77526263	-0.69373445	0.49670359	0.85729679	-0.000030628804
-0.77526263	-0.69373445	0.49670359	0.85729679	-0.000032426823
-0.77526263	-0.69373445	0.49670359	0.85729679	-0.00003429374
-0.77526263	-0.69373445	0.49670359	0.85729679	-0.000036230842
-0.77526263	-0.69373445	0.49670359	0.85729679	-0.000038239413
-0.77526263	-0.69373445	0.49670359	0.85729679	-0.000040320738
-0.77526263	-0.69373445	0.49670359	0.85729679	-0.000042476103
-0.77526263	-0.69373445	0.49670359	0.85729679	-0.00004470679
-0.77526263	-0.69373445	0.49670359	0.85729679	-0.000047014084
-0.77526263	-0.69373445	0.49670359	0.85729679	-0.000049399266
-0.77526263	-0.69373445	0.49670359	0.85729679	-0.00005186362
-0.77526263	-0.69373445	0.49670359	0.85729679	-0.000054408427
-0.77526263	-0.69373445	0.49670359	0.85729679	-0.000057034969
-0.77526263	-0.69373445	0.49670359	0.85729679	-0.000059744526
-0.77526263	-0.69373445	0.49670359	0.85729679	-0.000062538378
-0.77526263	-0.69373445	0.49670359	0.85729679	-0.000065417805
-0.77526263	-0.69373445	0.49670359	0.85729679	-0.000068384087
-0.77526263	-0.69373445	0.49670359	0.85729679	-0.000071438502
-0.77526263	-0.69373445	0.49670359	0.85729679	-0.000074582329
-0.77526263	-0.69373445	0.49670359	0.85729679	-0.000077816844
-0.77526263	-0.69373445	0.49670359	0.85729679	-0.000081143326
-0.77526263	-0.69373445	0.49670359	0.85729679	-0.00008456305
-0.77526263	-0.69373445	0.49670359	0.85729679	-0.000088077293
-0.77526263	-0.69373445	0.49670359	0.85729679	-0.000091687331
-0.77526263	-0.69373445	0.49670359	0.85729679	-0.000095394438
-0.77526263	-0.69373445	0.49670359	0.85729679	-0.00009919989
-0.77526263	-0.69373445	0.49670359	0.85729679	-0.00010310496
-0.77526263	-0.69373445	0.49670359	0.85729679	-0.00010711092
-0.77526263	-0.69373445	0.49670359	0.85729679	-0.00011121905
-0.77526263	-0.69373445	0.49670359	0.85729679	-0.00011543061
-0.77526263	-0.69373445	0.49670359	0.85729679	-0.00011974688
-0.77526263	-0.69373445	0.49670359	0.85729679	-0.00012416914
-0.77526263	-0.69373445	0.49670359	0.85729679	-0.00012869864
-0.77526263	-0.69373445	0.49670359	0.85729679	-0.00013333667
-0.77526263	-0.69373445	0.49670359	0.85729679	-0.00013808449
-0.77526263	-0.69373445	0.49670359	0.85729679	-0.00014294337
-0.77526263	-0.69373445	0.49670359	0.85729679	-0.00014791458
-0.77526263	-0.69373445	0.49670359	0.85729679	-0.0001529994
-0.77526263	-0.69373445	0.49670359	0.85729679	-0.00015819907
-0.77526263	-0.69373445	0.49670359	0.85729679	-0.00016351488
-0.77526263	-0.69373445	0.49670359	0.85729679	-0.0001689481
-0.77526263	-0.69373445	0.49670359	0.85729679	-0.00017449997
-0.77526263	-0.69373445	0.49670359	0.85729679	-0.00018017179
-0.77526263	-0.69373445	0.49670359	0.85729679	-0.0001859648
-0.77526263	-0.69373445	0.49670359	0.85729679	-0.00019188027
-0.77526263	-0.69373445	0.49670359	0.85729679	-0.00019791947
-0.77526263	-0.69373445	0.49670359	0.85729679	-0.00020408366
-0.77526263	-0.69373445	0.49670359	0.85729679	-0.00021037411
-0.77526263	-0.69373445	0.49670359	0.85729679	-0.00021679207
-0.77526263	-0.69373445	0.49670359	0.85729679	-0.00022333881
-0.77526263	-0.69373445	0.49670359	0.85729679	-0.0002300156
-0.77526263	-0.69373445	0.49670359	0.85729679	-0.00023682368
-0.77526263	-0.69373445	0.49670359	0.85729679	-0.00024376433
-0.77526263	-0.69373445	0.49670359	0.85729679	-0.0002508388
-0.77526263	-0.69373445	0.49670359	0.85729679	-0.00025804835
-0.77526263	-0.69373445	0.49670359	0.85729679	-0.00026539425
-0.77526263	-0.69373445	0.49670359	0.85729679	-0.00027287774
-0.77526263	-0.69373445	0.49670359	0.85729679	-0.00028050009
-0.77526263	-0.69373445	0.49670359	0.85729679	-0.00028826256
-0.77526263	-0.69373445	0.49670359	0.85729679	-0.0002961664
-0.77526263	-0.69373445	0.49670359	0.85729679	-0.00030421287
-0.77526263	-0.69373445	0.49670359	0.85729679	-0.00031240323
-0.77526263	-0.69373445	0.49670359	0.85729679	-0.00032073872
-0.77526263	-0.69373445	0.49670359	0.85729679	-0.00032922062
-0.77526263	-0.69373445	0.49670359	0.85729679	-0.00033785016
-0.77526263	-0.69373445	0.49670359	0.85729679	-0.00034662861
-0.77526263	-0.69373445	0.49670359	0.85729679	-0.00035555721
-0.77526263	-0.69373445	0.49670359	0.85729679	-0.00036463723
-0.77526263	-0.69373445	0.49670359	0.85729679	-0.00037386991
-0.77526263	-0.69373445	0.49670359	0.85729679	-0.0003832565
-0.77526263	-0.69373445	0.49670359	0.85729679	-0.00039279826
-0.77526263	-0.69373445	0.49670359	0.85729679	-0.00040249644
-0.77526263	-0.69373445	0.49670359	0.85729679	-0.00041235229
-0.77526263	-0.69373445	0.49670359	0.85729679	-0.00042236705
-0.77526263	-0.69373445	0.49670359	0.85729679	-0.00043254198
-0.77526263	-0.69373445	0.49670359	0.85729679	-0.00044287833
-0.77526263	-0.69373445	0.49670359	0.85729679	-0.00045337734
-0.77526263	-0.69373445	0.49670359	0.85729679	-0.00046404026
-0.77526263	-0.69373445	0.49670359	0.85729679	-0.00047486834
-0.77526263	-0.69373445	0.49670359	0.85729679	-0.00048586283
-0.77526263	-0.69373445	0.49670359	0.85729679	-0.00049702497
-0.77526263	-0.69373445	0.49670359	0.85729679	-0.000508356
-0.77526263	-0.69373445	0.49670359	0.85729679	-0.00051985719
-0.77526263	-0.69373445	0.49670359	0.85729679	-0.00053152975
-0.77526263	-0.69373445	0.49670359	0.85729679	-0.00054337496
-0.77526263	-0.69373445	0.49670359	0.85729679	-0.00055539403
-0.77526263	-0.69373445	0.49670359	0.85729679	-0.00056758823
-0.77526263	-0.69373445	0.49670359	0.85729679	-0.00057995879
-0.77526263	-0.69373445	0.49670359	0.85729679	-0.00059250695
-0.77526263	-0.69373445	0.49670359	0.85729679	-0.00060523396
-0.77526263	-0.69373445	0.49670359	0.85729679	-0.00061814105
-0.77526263	-0.69373445	0.49670359	0.85729679	-0.00063122948
-0.77526263	-0.69373445	0.49670359	0.85729679	-0.00064450047
-0.77526263	-0.69373445	0.49670359	0.85729679	-0.00065795526
-0.77526263	-0.69373445	0.49670359	0.85729679	-0.00067159511
-0.77526263	-0.69373445	0.49670359	0.85729679	-0.00068542124
-0.77526263	-0.69373445	0.49670359	0.85729679	-0.00069943489
-0.77526263	-0.69373445	0.49670359	0.85729679	-0.0007136373
-0.77526263	-0.69373445	0.49670359	0.85729679	-0.00072802971
-0.77526263	-0.69373445	0.49670359	0.85729679	-0.00074261335
-0.77526263	-0.69373445	0.49670359	0.85729679	-0.00075738947
-0.77526263	-0.69373445	0.49670359	0.85729679	-0.00077235929
-0.77526263	-0.69373445	0.49670359	0.85729679	-0.00078752405
-0.77526263	-0.69373445	0.49670359	0.85729679	-0.00080288498
-0.77526263	-0.69373445	0.49670359	0.85729679	-0.00081844333
-0.77526263	-0.69373445	0.49670359	0.85729679	-0.00083420031
-0.77526263	-0.69373445	0.49670359	0.85729679	-0.00085015718
-0.77526263	-0.69373445	0.49670359	0.85729679	-0.00086631515
-0.77526263	-0.69373445	0.49670359	0.85729679	-0.00088267546
-0.77526263	-0.69373445	0.49670359	0.85729679	-0.00089923934
-0.77526263	-0.69373445	0.49670359	0.85729679	-0.00091600803
-0.77526263	-0.69373445	0.49670359	0.85729679	-0.00093298275
-0.77526263	-0.69373445	0.49670359	0.85729679	-0.00095016473
-0.77526263	-0.69373445	0.49670359	0.85729679	-0.0009675552
-0.77526263	-0.69373445	0.49670359	0.85729679	-0.00098515539
-0.77526263	-0.69373445	0.49670359	0.85729679	-0.0010029665
-0.77526263	-0.69373445	0.49670359	0.85729679	-0.0010209899
-0.77526263	-0.69373445	0.49670359	0.85729679	-0.0010392266
-0.77526263	-0.69373445	0.49670359	0.85729679	-0.0010576779
-0.77526263	-0.69373445	0.49670359	0.85729679	-0.0010763452
-0.77526263	-0.69373445	0.49670359	0.85729679	-0.0010952295
-0.77526263	-0.69373445	0.49670359	0.85729679	-0.0011143321
-0.77526263	-0.69373445	0.49670359	0.85729679	-0.0011336542
-0.77526263	-0.69373445	0.49670359	0.85729679	-0.0011531971
-0.77526263	-0.69373445	0.49670359	0.85729679	-0.001172962
-0.77526263	-0.69373445	0.49670359	0.85729679	-0.0011929501
-0.77526263	-0.69373445	0.49670359	0.85729679	-0.0012131626
-0.77526263	-0.69373445	0.49670359	0.85729679	-0.0012336007
-0.77526263	-0.69373445	0.49670359	0.85729679	-0.0012542658
-0.77526263	-0.69373445	0.49670359	0.85729679	-0.0012751589
-0.77526263	-0.69373445	0.49670359	0.85729679	-0.0012962813
-0.77526263	-0.69373445	0.49670359	0.85729679	-0.0013176343
-0.77526263	-0.69373445	0.49670359	0.85729679	-0.001339219
-0.77526263	-0.69373445	0.49670359	0.85729679	-0.0013610368
-0.77526263	-0.69373445	0.49670359	0.85729679	-0.0013830886
-0.77526263	-0.69373445	0.49670359	0.85729679	-0.001405376
-0.77526263	-0.69373445	0.49670359	0.85729679	-0.0014278999
-0.77526263	-0.69373445	0.49670359	0.85729679	-0.0014506617
-0.77526263	-0.69373445	0.49670359	0.85729679	-0.0014736625
-0.77526263	-0.69373445	0.49670359	0.85729679	-0.0014969036
-0.77526263	-0.69373445	0.49670359	0.85729679	-0.0015203862
-0.77526263	-0.69373445	0.49670359	0.85729679	-0.0015441115
-0.77526263	-0.69373445	0.49670359	0.85729679	-0.0015680808
-0.77526263	-0.69373445	0.49670359	0.85729679	-0.0015922951
-0.77526263	-0.69373445	0.49670359	0.85729679	-0.0016167559
-0.77526263	-0.69373445	0.49670359	0.85729679	-0.0016414642
-0.77526263	-0.69373445	0.49670359	0.85729679	-0.0016664212
-0.77526263	-0.69373445	0.49670359	0.85729679	-0.0016916283
-0.77526263	-0.69373445	0.49670359	0.85729679	-0.0017170865
-0.77526263	-0.69373445	0.49670359	0.85729679	-0.0017427972
-0.77526263	-0.69373445	0.49670359	0.85729679	-0.0017687615
-0.77526263	-0.69373445	0.49670359	0.85729679	-0.0017949806
-0.77526263	-0.69373445	0.49670359	0.85729679	-0.0018214558
-0.77526263	-0.69373445	0.49670359	0.85729679	-0.0018481882
-0.77526263	-0.69373445	0.49670359	0.85729679	-0.001875179
-0.77526263	-0.69373445	0.49670359	0.85729679	-0.0019024296
-0.77526263	-0.69373445	0.49670359	0.85729679	-0.001929941
-0.77526263	-0.69373445	0.49670359	0.85729679	-0.0019577145
-0.77526263	-0.69373445	0.49670359	0.85729679	-0.0019857513
-0.77526263	-0.69373445	0.49670359	0.85729679	-0.0020140525
-0.77526263	-0.69373445	0.49670359	0.85729679	-0.0020426195
-0.77526263	-0.69373445	0.49670359	0.85729679	-0.0020714534
-0.77526263	-0.69373445	0.49670359	0.85729679	-0.0021005554
-0.77526263	-0.69373445	0.49670359	0.85729679	-0.0021299267
-0.77526263	-0.69373445	0.49670359	0.85729679	-0.0021595685
-0.77526263	-0.69373445	0.49670359	0.85729679	-0.002189482
-0.77526263	-0.69373445	0.49670359	0.85729679	-0.0022196685
-0.77526263	-0.69373445	0.49670359	0.85729679	-0.002250129
-0.77526263	-0.69373445	0.49670359	0.85729679	-0.0022808649
-0.77526263	-0.69373445	0.49670359	0.85729679	-0.0023118774
-0.77526263	-0.69373445	0.49670359	0.85729679	-0.0023431675
-0.77526263	-0.69373445	0.49670359	0.85729679	-0.0023747366
-0.77526263	-0.69373445	0.49670359	0.85729679	-0.0024065858
-0.77526263	-0.69373445	0.49670359	0.85729679	-0.0024387163
-0.77526263	-0.69373445	0.49670359	0.85729679	-0.0024711294
-0.77526263	-0.69373445	0.49670359	0.85729679	-0.0025038261
-0.77526263	-0.69373445	0.49670359	0.85729679	-0.0025368078
-0.77526263	-0.69373445	0.49670359	0.85729679	-0.0025700756
-0.77526263	-0.69373445	0.49670359	0.85729679	-0.0026036308
-0.77526263	-0.69373445	0.49670359	0.85729679	-0.0026374744
-0.77526263	-0.69373445	0.49670359	0.85729679	-0.0026716077
-0.77526263	-0.69373445	0.49670359	0.85729679	-0.0027060319
-0.77526263	-0.69373445	0.49670359	0.85729679	-0.0027407482
-0.77526263	-0.69373445	0.49670359	0.85729679	-0.0027757578
-0.77526263	-0.69373445	0.49670359	0.85729679	-0.0028110619
-0.77526263	-0.69373445	0.49670359	0.85729679	-0.0028466617
-0.77526263	-0.69373445	0.49670359	0.85729679	-0.0028825583
-0.77526263	-0.69373445	0.49670359	0.85729679	-0.0029187529
-0.77526263	-0.69373445	0.49670359	0.85729679	-0.0029552469
-0.77526263	-0.69373445	0.49670359	0.85729679	-0.0029920412
-0.77526263	-0.69373445	0.49670359	0.85729679	-0.0030291372
-0.77526263	-0.69373445	0.49670359	0.85729679	-0.003066536
-0.77526263	-0.69373445	0.49670359	0.85729679	-0.0031042388
-0.77526263	-0.69373445	0.49670359	0.85729679	-0.0031422468
-0.77526263	-0.69373445	0.49670359	0.85729679	-0.0031805612
-0.77526263	-0.69373445	0.49670359	0.85729679	-0.0032191832
-0.77526263	-0.69373445	0.49670359	0.85729679	-0.0032581139
-0.77526263	-0.69373445	0.49670359	0.85729679	-0.0032973545
-0.77526263	-0.69373445	0.49670359	0.85729679	-0.0033369063
-0.77526263	-0.69373445	0.49670359	0.85729679	-0.0033767705
-0.77526263	-0.69373445	0.49670359	0.85729679	-0.0034169481
-0.77526263	-0.69373445	0.49670359	0.85729679	-0.0034574404
-0.77526263	-0.69373445	0.49670359	0.85729679	-0.0034982486
-0.77526263	-0.69373445	0.49670359	0.85729679	-0.0035393738
-0.77526263	-0.69373445	0.49670359	0.85729679	-0.0035808173
-0.77526263	-0.69373445	0.49670359	0.85729679	-0.0036225802
-0.77526263	-0.69373445	0.49670359	0.85729679	-0.0036646637
-0.77526263	-0.69373445	0.49670359	0.85729679	-0.003707069
-0.77526263	-0.69373445	0.49670359	0.85729679	-0.0037497972
-0.77526263	-0.69373445	0.49670359	0.85729679	-0.0037928496
-0.77526263	-0.69373445	0.49670359	0.85729679	-0.0038362273
-0.77526263	-0.69373445	0.49670359	0.85729679	-0.0038799316
-0.77526263	-0.69373445	0.49670359	0.85729679	-0.0039239635
-0.77526263	-0.69373445	0.49670359	0.85729679	-0.0039683243
-0.77526263	-0.69373445	0.49670359	0.85729679	-0.0040130151
-0.77526263	-0.69373445	0.49670359	0.85729679	-0.0040580372
-0.77526263	-0.69373445	0.49670359	0.85729679	-0.0041033917
-0.77526263	-0.69373445	0.49670359	0.85729679	-0.0041490797
-0.77526263	-0.69373445	0.49670359	0.85729679	-0.0041951025
-0.77526263	-0.69373445	0.49670359	0.85729679	-0.0042414612
-0.77526263	-0.69373445	0.49670359	0.85729679	-0.004288157
-0.77526263	-0.69373445	0.49670359	0.85729679	-0.0043351911
-0.77526263	-0.69373445	0.49670359	0.85729679	-0.0043825646
-0.77526263	-0.69373445	0.49670359	0.85729679	-0.0044302788
-0.77526263	-0.69373445	0.49670359	0.85729679	-0.0044783348
-0.77526263	-0.69373445	0.49670359	0.85729679	-0.0045267337
-0.77526263	-0.69373445	0.49670359	0.85729679	-0.0045754768
-0.77526263	-0.69373445	0.49670359	0.85729679	-0.0046245652
-0.77526263	-0.69373445	0.49670359	0.85729679	-0.0046740001
-0.77526263	-0.69373445	0.49670359	0.85729679	-0.0047237826
-0.77526263	-0.69373445	0.49670359	0.85729679	-0.004773914
-0.77526263	-0.69373445	0.49670359	0.85729679	-0.0048243953
-0.77526263	-0.69373445	0.49670359	0.85729679	-0.0048752279
-0.77526263	-0.69373445	0.49670359	0.85729679	-0.0049264127
-0.77526263	-0.69373445	0.49670359	0.85729679	-0.0049779511
-0.77526263	-0.69373445	0.49670359	0.85729679	-0.0050298441
-0.77526263	-0.69373445	0.49670359	0.85729679	-0.005082093
-0.77526263	-0.69373445	0.49670359	0.85729679	-0.0051346989
-0.77526263	-0.69373445	0.49670359	0.85729679	-0.0051876629
-0.77526263	-0.69373445	0.49670359	0.85729679	-0.0052409863
-0.77526263	-0.69373445	0.49670359	0.85729679	-0.0052946702
-0.77526263	-0.69373445	0.49670359	0.85729679	-0.0053487157
-0.77526263	-0.69373445	0.49670359	0.85729679	-0.0054031241
-0.77526263	-0.69373445	0.49670359	0.85729679	-0.0054578965
-0.77526263	-0.69373445	0.49670359	0.85729679	-0.005513034
-0.77526263	-0.69373445	0.49670359	0.85729679	-0.0055685378
-0.77526263	-0.69373445	0.49670359	0.85729679	-0.0056244092
-0.77526263	-0.69373445	0.49670359	0.85729679	-0.0056806491
-0.77526263	-0.69373445	0.49670359	0.85729679	-0.0057372589
-0.77526263	-0.69373445	0.49670359	0.85729679	-0.0057942396
-0.77526263	-0.69373445	0.49670359	0.85729679	-0.0058515925
-0.77526263	-0.69373445	0.49670359	0.85729679	-0.0059093186
-0.77526263	-0.69373445	0.49670359	0.85729679	-0.0059674192
-0.77526263	-0.69373445	0.49670359	0.85729679	-0.0060258954
-0.77526263	-0.69373445	0.49670359	0.85729679	-0.0060847484
-0.77526263	-0.69373445	0.49670359	0.85729679	-0.0061439792
-0.77526263	-0.69373445	0.49670359	0.85729679	-0.0062035892
-0.77526263	-0.69373445	0.49670359	0.85729679	-0.0062635794
-0.77526263	-0.69373445	0.49670359	0.85729679	-0.0063239509
-0.77526263	-0.69373445	0.49670359	0.85729679	-0.006384705
-0.77526263	-0.69373445	0.49670359	0.85729679	-0.0064458428
-0.77526263	-0.69373445	0.49670359	0.85729679	-0.0065073655
-0.77526263	-0.69373445	0.49670359	0.85729679	-0.0065692741
-0.77526263	-0.69373445	0.49670359	0.85729679	-0.00663157
-0.77526263	-0.69373445	0.49670359	0.85729679	-0.0066942541
-0.77526263	-0.69373445	0.49670359	0.85729679	-0.0067573277
-0.77526263	-0.69373445	0.49670359	0.85729679	-0.0068207919
-0.77526263	-0.69373445	0.49670359	0.85729679	-0.0068846479
-0.77526263	-0.69373445	0.49670359	0.85729679	-0.0069488968
-0.77526263	-0.69373445	0.49670359	0.85729679	-0.0070135398
-0.77526263	-0.69373445	0.49670359	0.85729679	-0.007078578
-0.77526263	-0.69373445	0.49670359	0.85729679	-0.0071440126
-0.77526263	-0.69373445	0.49670359	0.85729679	-0.0072098447
-0.77526263	-0.69373445	0.49670359	0.85729679	-0.0072760755
-0.77526263	-0.69373445	0.49670359	0.85729679	-0.007342706
-0.77526263	-0.69373445	0.49670359	0.85729679	-0.0074097376
-0.77526263	-0.69373445	0.49670359	0.85729679	-0.0074771713
-0.77526263	-0.69373445	0.49670359	0.85729679	-0.0075450082
-0.77526263	-0.69373445	0.49670359	0.85729679	-0.0076132495
-0.77526263	-0.69373445	0.49670359	0.85729679	-0.0076818964
-0.77526263	-0.69373445	0.49670359	0.85729679	-0.00775095
-0.77526263	-0.69373445	0.49670359	0.85729679	-0.0078204114
-0.77526263	-0.69373445	0.49670359	0.85729679	-0.0078902818
-0.77526263	-0.69373445	0.49670359	0.85729679	-0.0079605623
-0.77526263	-0.69373445	0.49670359	0.85729679	-0.0080312541
-0.77526263	-0.69373445	0.49670359	0.85729679	-0.0081023583
-0.77526263	-0.69373445	0.49670359	0.85729679	-0.0081738761
-0.77526263	-0.69373445	0.49670359	0.85729679	-0.0082458085
-0.77526263	-0.69373445	0.49670359	0.85729679	-0.0083181568
-0.77526263	-0.69373445	0.49670359	0.85729679	-0.0083909221
-0.77526263	-0.69373445	0.49670359	0.85729679	-0.0084641055
-0.77526263	-0.69373445	0.49670359	0.85729679	-0.0085377082
-0.77526263	-0.69373445	0.49670359	0.85729679	-0.0086117312
-0.77526263	-0.69373445	0.49670359	0.85729679	-0.0086861758
-0.77526263	-0.69373445	0.49670359	0.85729679	-0.0087610431
-0.77526263	-0.69373445	0.49670359	0.85729679	-0.0088363342
-0.77526263	-0.69373445	0.49670359	0.85729679	-0.0089120502
-0.77526263	-0.69373445	0.49670359	0.85729679	-0.0089881923
-0.77526263	-0.69373445	0.49670359	0.85729679	-0.0090647616
-0.77526263	-0.69373445	0.49670359	0.85729679	-0.0091417593
-0.77526263	-0.69373445	0.49670359	0.85729679	-0.0092191865
-0.77526263	-0.69373445	0.49670359	0.85729679	-0.0092970444
-0.77526263	-0.69373445	0.49670359	0.85729679	-0.0093753339
-0.77526263	-0.69373445	0.49670359	0.85729679	-0.0094540564
-0.77526263	-0.69373445	0.49670359	0.85729679	-0.0095332129
-0.77526263	-0.69373445	0.49670359	0.85729679	-0.0096128046
-0.77526263	-0.69373445	0.49670359	0.85729679	-0.0096928326
-0.77526263	-0.69373445	0.49670359	0.85729679	-0.0097732979
-0.77526263	-0.69373445	0.49670359	0.85729679	-0.0098542019
-0.77526263	-0.69373445	0.49670359	0.85729679	-0.0099355455
-0.77526263	-0.69373445	0.49670359	0.85729679	-0.01001733
-0.77526263	-0.69373445	0.49670359	0.85729679	-0.010099556
-0.77526263	-0.69373445	0.49670359	0.85729679	-0.010182226
-0.77526263	-0.69373445	0.49670359	0.85729679	-0.01026534
-0.77526263	-0.69373445	0.49670359	0.85729679	-0.010348899
-0.77526263	-0.69373445	0.49670359	0.85729679	-0.010432904
-0.77526263	-0.69373445	0.49670359	0.85729679	-0.010517357
-0.77526263	-0.69373445	0.49670359	0.85729679	-0.010602259
-0.77526263	-0.69373445	0.49670359	0.85729679	-0.01068761
-0.77526263	-0.69373445	0.49670359	0.85729679	-0.010773413
-0.77526263	-0.69373445	0.49670359	0.85729679	-0.010859668
-0.77526263	-0.69373445	0.49670359	0.85729679	-0.010946376
-0.77526263	-0.69373445	0.49670359	0.85729679	-0.011033538
-0.77526263	-0.69373445	0.49670359	0.85729679	-0.011121156
-0.77526263	-0.69373445	0.49670359	0.85729679	-0.01120923
-0.77526263	-0.69373445	0.49670359	0.85729679	-0.011297762
-0.77526263	-0.69373445	0.49670359	0.85729679	-0.011386753
-0.77526263	-0.69373445	0.49670359	0.85729679	-0.011476204
-0.77526263	-0.69373445	0.49670359	0.85729679	-0.011566115
-0.77526263	-0.69373445	0.49670359	0.85729679	-0.011656489
-0.77526263	-0.69373445	0.49670359	0.85729679	-0.011747327
-0.77526263	-0.69373445	0.49670359	0.85729679	-0.011838629
-0.77526263	-0.69373445	0.49670359	0.85729679	-0.011930396
-0.77526263	-0.69373445	0.49670359	0.85729679	-0.01202263
-0.77526263	-0.69373445	0.49670359	0.85729679	-0.012115332
-0.77526263	-0.69373445	0.49670359	0.85729679	-0.012208503
-0.77526263	-0.69373445	0.49670359	0.85729679	-0.012302143
-0.77526263	-0.69373445	0.49670359	0.85729679	-0.012396255
-0.77526263	-0.69373445	0.49670359	0.85729679	-0.01249084
-0.77526263	-0.69373445	0.49670359	0.85729679	-0.012585897
-0.77526263	-0.69373445	0.49670359	0.85729679	-0.012681429
-0.77526263	-0.69373445	0.49670359	0.85729679	-0.012777437
-0.77526263	-0.69373445	0.49670359	0.85729679	-0.012873921
-0.77526263	-0.69373445	0.49670359	0.85729679	-0.012970884
-0.77526263	-0.69373445	0.49670359	0.85729679	-0.013068325
-0.77526263	-0.69373445	0.49670359	0.85729679	-0.013166246
-0.77526263	-0.69373445	0.49670359	0.85729679	-0.013264648
-0.77526263	-0.69373445	0.49670359	0.85729679	-0.013363533
-0.77526263	-0.69373445	0.49670359	0.85729679	-0.013462901
-0.77526263	-0.69373445	0.49670359	0.85729679	-0.013562754
-0.77526263	-0.69373445	0.49670359	0.85729679	-0.013663092
-0.77526263	-0.69373445	0.49670359	0.85729679	-0.013763917
-0.77526263	-0.69373445	0.49670359	0.85729679	-0.01386523
-0.77526263	-0.69373445	0.49670359	0.85729679	-0.013967031
-0.77526263	-0.69373445	0.49670359	0.85729679	-0.014069323
-0.77526263	-0.69373445	0.49670359	0.85729679	-0.014172106
-0.77526263	-0.69373445	0.49670359	0.85729679	-0.014275381
-0.77526263	-0.69373445	0.49670359	0.85729679	-0.01437915
-0.77526263	-0.69373445	0.49670359	0.85729679	-0.014483413
-0.77526263	-0.69373445	0.49670359	0.85729679	-0.014588172
-0.77526263	-0.69373445	0.49670359	0.85729679	-0.014693427
-0.77526263	-0.69373445	0.49670359	0.85729679	-0.01479918
-0.77526263	-0.69373445	0.49670359	0.85729679	-0.014905432
-0.77526263	-0.69373445	0.49670359	0.85729679	-0.015012185
-0.77526263	-0.69373445	0.49670359	0.85729679	-0.015119438
-0.77526263	-0.69373445	0.49670359	0.85729679	-0.015227193
-0.77526263	-0.69373445	0.49670359	0.85729679	-0.015335452
-0.77526263	-0.69373445	0.49670359	0.85729679	-0.015444215
-0.77526263	-0.69373445	0.49670359	0.85729679	-0.015553484
-0.77526263	-0.69373445	0.49670359	0.85729679	-0.015663259
-0.77526263	-0.69373445	0.49670359	0.85729679	-0.015773542
-0.77526263	-0.69373445	0.49670359	0.85729679	-0.015884334
-0.77526263	-0.69373445	0.49670359	0.85729679	-0.015995636
-0.77526263	-0.69373445	0.49670359	0.85729679	-0.016107448
-0.77526263	-0.69373445	0.49670359	0.85729679	-0.016219773
-0.77526263	-0.69373445	0.49670359	0.85729679	-0.016332612
-0.77526263	-0.69373445	0.49670359	0.85729679	-0.016445964
-0.77526263	-0.69373445	0.49670359	0.85729679	-0.016559832
-0.77526263	-0.69373445	0.49670359	0.85729679	-0.016674216
-0.77526263	-0.69373445	0.49670359	0.85729679	-0.016789118
-0.77526263	-0.69373445	0.49670359	0.85729679	-0.016904539
-0.77526263	-0.69373445	0.49670359	0.85729679	-0.017020479
-0.77526263	-0.69373445	0.49670359	0.85729679	-0.017136941
-0.77526263	-0.69373445	0.49670359	0.85729679	-0.017253924
-0.77526263	-0.69373445	0.49670359	0.85729679	-0.01737143
-0.77526263	-0.69373445	0.49670359	0.85729679	-0.017489461
-0.77526263	-0.69373445	0.49670359	0.85729679	-0.017608017
-0.77526263	-0.69373445	0.49670359	0.85729679	-0.017727099
-0.77526263	-0.69373445	0.49670359	0.85729679	-0.017846709
-0.77526263	-0.69373445	0.49670359	0.85729679	-0.017966847
-0.77526263	-0.69373445	0.49670359	0.85729679	-0.018087515
-0.77526263	-0.69373445	0.49670359	0.85729679	-0.018208713
-0.77526263	-0.69373445	0.49670359	0.85729679	-0.018330444
-0.77526263	-0.69373445	0.49670359	0.85729679	-0.018452707
-0.77526263	-0.69373445	0.49670359	0.85729679	-0.018575504
-0.77526263	-0.69373445	0.49670359	0.85729679	-0.018698836
-0.77526263	-0.69373445	0.49670359	0.85729679	-0.018822705
-0.77526263	-0.69373445	0.49670359	0.85729679	-0.018947111
-0.77526263	-0.69373445	0.49670359	0.85729679	-0.019072055
-0.77526263	-0.69373445	0.49670359	0.85729679	-0.019197538
-0.77526263	-0.69373445	0.49670359	0.85729679	-0.019323562
-0.77526263	-0.69373445	0.49670359	0.85729679	-0.019450128
-0.77526263	-0.69373445	0.49670359	0.85729679	-0.019577236
-0.77526263	-0.69373445	0.49670359	0.85729679	-0.019704888
-0.77526263	-0.69373445	0.49670359	0.85729679	-0.019833085
-0.77526263	-0.69373445	0.49670359	0.85729679	-0.019961828
-0.77526263	-0.69373445	0.49670359	0.85729679	-0.020091118
-0.77526263	-0.69373445	0.49670359	0.85729679	-0.020220956
-0.77526263	-0.69373445	0.49670359	0.85729679	-0.020351343
-0.77526263	-0.69373445	0.49670359	0.85729679	-0.02048228
-0.77526263	-0.69373445	0.49670359	0.85729679	-0.020613769
-0.77526263	-0.69373445	0.49670359	0.85729679	-0.02074581
-0.77526263	-0.69373445	0.49670359	0.85729679	-0.020878405
-0.77526263	-0.69373445	0.49670359	0.85729679	-0.021011554
-0.77526263	-0.69373445	0.49670359	0.85729679	-0.021145259
-0.77526263	-0.69373445	0.49670359	0.85729679	-0.02127952
-0.77526263	-0.69373445	0.49670359	0.85729679	-0.02141434
-0.77526263	-0.69373445	0.49670359	0.85729679	-0.021549718
-0.77526263	-0.69373445	0.49670359	0.85729679	-0.021685656
-0.77526263	-0.69373445	0.49670359	0.85729679	-0.021822156
-0.77526263	-0.69373445	0.49670359	0.85729679	-0.021959217
-0.77526263	-0.69373445	0.49670359	0.85729679	-0.022096842
-0.77526263	-0.69373445	0.49670359	0.85729679	-0.022235031
-0.77526263	-0.69373445	0.49670359	0.85729679	-0.022373785
-0.77526263	-0.69373445	0.49670359	0.85729679	-0.022513106
-0.77526263	-0.69373445	0.49670359	0.85729679	-0.022652994
-0.77526263	-0.69373445	0.49670359	0.85729679	-0.022793451
-0.77526263	-0.69373445	0.49670359	0.85729679	-0.022934477
-0.77526263	-0.69373445	0.49670359	0.85729679	-0.023076074
-0.77526263	-0.69373445	0.49670359	0.85729679	-0.023218243
-0.77526263	-0.69373445	0.49670359	0.85729679	-0.023360985
-0.77526263	-0.69373445	0.49670359	0.85729679	-0.0235043
-0.77526263	-0.69373445	0.49670359	0.85729679	-0.023648191
-0.77526263	-0.69373445	0.49670359	0.85729679	-0.023792658
-0.77526263	-0.69373445	0.49670359	0.85729679	-0.023937702
-0.77526263	-0.69373445	0.49670359	0.85729679	-0.024083324
-0.77526263	-0.69373445	0.49670359	0.85729679	-0.024229525
-0.77526263	-0.69373445	0.49670359	0.85729679	-0.024376307
-0.77526263	-0.69373445	0.49670359	0.85729679	-0.02452367
-0.77526263	-0.69373445	0.49670359	0.85729679	-0.024671615
-0.77526263	-0.69373445	0.49670359	0.85729679	-0.024820144
-0.77526263	-0.69373445	0.49670359	0.85729679	-0.024969258
-0.77526263	-0.69373445	0.49670359	0.85729679	-0.025118957
-0.77526263	-0.69373445	0.49670359	0.85729679	-0.025269243
-0.77526263	-0.69373445	0.49670359	0.85729679	-0.025420117
-0.77526263	-0.69373445	0.49670359	0.85729679	-0.02557158
-0.77526263	-0.69373445	0.49670359	0.85729679	-0.025723633
-0.77526263	-0.69373445	0.49670359	0.85729679	-0.025876276
-0.77526263	-0.69373445	0.49670359	0.85729679	-0.026029512
-0.77526263	-0.69373445	0.49670359	0.85729679	-0.026183341
-0.77526263	-0.69373445	0.49670359	0.85729679	-0.026337764
-0.77526263	-0.69373445	0.49670359	0.85729679	-0.026492782
-0.77526263	-0.69373445	0.49670359	0.85729679	-0.026648397
-0.77526263	-0.69373445	0.49670359	0.85729679	-0.026804609
-0.77526263	-0.69373445	0.49670359	0.85729679	-0.026961419
-0.77526263	-0.69373445	0.49670359	0.85729679	-0.027118829
-0.77526263	-0.69373445	0.49670359	0.85729679	-0.027276839
-0.77526263	-0.69373445	0.49670359	0.85729679	-0.027435451
-0.77526263	-0.69373445	0.49670359	0.85729679	-0.027594665
-0.77526263	-0.69373445	0.49670359	0.85729679	-0.027754484
-0.77526263	-0.69373445	0.49670359	0.85729679	-0.027914907
-0.77526263	-0.69373445	0.49670359	0.85729679	-0.028075936
-0.77526263	-0.69373445	0.49670359	0.85729679	-0.028237571
-0.77526263	-0.69373445	0.49670359	0.85729679	-0.028399815
-0.77526263	-0.69373445	0.49670359	0.85729679	-0.028562667
-0.77526263	-0.69373445	0.49670359	0.85729679	-0.02872613
-0.77526263	-0.69373445	0.49670359	0.85729679	-0.028890204
-0.77526263	-0.69373445	0.49670359	0.85729679	-0.02905489
-0.77526263	-0.69373445	0.49670359	0.85729679	-0.029220189
-0.77526263	-0.69373445	0.49670359	0.85729679	-0.029386102
-0.77526263	-0.69373445	0.49670359	0.85729679	-0.029552631
-0.77526263	-0.69373445	0.49670359	0.85729679	-0.029719776
-0.77526263	-0.69373445	0.49670359	0.85729679	-0.029887538
-0.77526263	-0.69373445	0.49670359	0.85729679	-0.030055919
-0.77526263	-0.69373445	0.49670359	0.85729679	-0.030224919
-0.77526263	-0.69373445	0.49670359	0.85729679	-0.03039454
-0.77526263	-0.69373445	0.49670359	0.85729679	-0.030564782
-0.77526263	-0.69373445	0.49670359	0.85729679	-0.030735648
-0.77526263	-0.69373445	0.49670359	0.85729679	-0.030907136
-0.77526263	-0.69373445	0.49670359	0.85729679	-0.03107925
-0.77526263	-0.69373445	0.49670359	0.85729679	-0.031251989
-0.77526263	-0.69373445	0.49670359	0.85729679	-0.031425355
-0.77526263	-0.69373445	0.49670359	0.85729679	-0.031599349
-0.77526263	-0.69373445	0.49670359	0.85729679	-0.031773972
-0.77526263	-0.69373445	0.49670359	0.85729679	-0.031949225
-0.77526263	-0.69373445	0.49670359	0.85729679	-0.032125109
-0.77526263	-0.69373445	0.49670359	0.85729679	-0.032301625
-0.77526263	-0.69373445	0.49670359	0.85729679	-0.032478774
-0.77526263	-0.69373445	0.49670359	0.85729679	-0.032656558
-0.77526263	-0.69373445	0.49670359	0.85729679	-0.032834976
-0.77526263	-0.69373445	0.49670359	0.85729679	-0.033014031
-0.77526263	-0.69373445	0.49670359	0.85729679	-0.033193723
-0.77526263	-0.69373445	0.49670359	0.85729679	-0.033374053
-0.77526263	-0.69373445	0.49670359	0.85729679	-0.033555022
-0.77526263	-0.69373445	0.49670359	0.85729679	-0.033736632
-0.77526263	-0.69373445	0.49670359	0.85729679	-0.033918884
-0.77526263	-0.69373445	0.49670359	0.85729679	-0.034101778
-0.77526263	-0.69373445	0.49670359	0.85729679	-0.034285315
-0.77526263	-0.69373445	0.49670359	0.85729679	-0.034469497
-0.77526263	-0.69373445	0.49670359	0.85729679	-0.034654324
-0.77526263	-0.69373445	0.49670359	0.85729679	-0.034839799
-0.77526263	-0.69373445	0.49670359	0.85729679	-0.03502592
-0.77526263	-0.69373445	0.49670359	0.85729679	-0.035212691
-0.77526263	-0.69373445	0.49670359	0.85729679	-0.035400111
-0.77526263	-0.69373445	0.49670359	0.85729679	-0.035588182
-0.77526263	-0.69373445	0.49670359	0.85729679	-0.035776905
-0.77526263	-0.69373445	0.49670359	0.85729679	-0.03596628
-0.77526263	-0.69373445	0.49670359	0.85729679	-0.03615631
-0.77526263	-0.69373445	0.49670359	0.85729679	-0.036346994
-0.77526263	-0.69373445	0.49670359	0.85729679	-0.036538335
-0.77526263	-0.69373445	0.49670359	0.85729679	-0.036730332
-0.77526263	-0.69373445	0.49670359	0.85729679	-0.036922987
-0.77526263	-0.69373445	0.49670359	0.85729679	-0.037116301
-0.77526263	-0.69373445	0.49670359	0.85729679	-0.037310276
-0.77526263	-0.69373445	0.49670359	0.85729679	-0.037504911
-0.77526263	-0.69373445	0.49670359	0.85729679	-0.037700209
-0.77526263	-0.69373445	0.49670359	0.85729679	-0.037896169
-0.77526263	-0.69373445	0.49670359	0.85729679	-0.038092794
-0.77526263	-0.69373445	0.49670359	0.85729679	-0.038290084
-0.77526263	-0.69373445	0.49670359	0.85729679	-0.038488041
-0.77526263	-0.69373445	0.49670359	0.85729679	-0.038686664
-0.77526263	-0.69373445	0.49670359	0.85729679	-0.038885956
-0.77526263	-0.69373445	0.49670359	0.85729679	-0.039085917
-0.77526263	-0.69373445	0.49670359	0.85729679	-0.039286549
-0.77526263	-0.69373445	0.49670359	0.85729679	-0.039487852
-0.77526263	-0.69373445	0.49670359	0.85729679	-0.039689827
-0.77526263	-0.69373445	0.49670359	0.85729679	-0.039892476
-0.77526263	-0.69373445	0.49670359	0.85729679	-0.040095799
-0.77526263	-0.69373445	0.49670359	0.85729679	-0.040299797
-0.77526263	-0.69373445	0.49670359	0.85729679	-0.040504473
-0.77526263	-0.69373445	0.49670359	0.85729679	-0.040709825
-0.77526263	-0.69373445	0.49670359	0.85729679	-0.040915856
-0.77526263	-0.69373445	0.49670359	0.85729679	-0.041122567
-0.77526263	-0.69373445	0.49670359	0.85729679	-0.041329958
-0.77526263	-0.69373445	0.49670359	0.85729679	-0.041538031
-0.77526263	-0.69373445	0.49670359	0.85729679	-0.041746786
-0.77526263	-0.69373445	0.49670359	0.85729679	-0.041956225
-0.77526263	-0.69373445	0.49670359	0.85729679	-0.042166349
-0.77526263	-0.69373445	0.49670359	0.85729679	-0.042377159
-0.77526263	-0.69373445	0.49670359	0.85729679	-0.042588655
-0.77526263	-0.69373445	0.49670359	0.85729679	-0.042800838
-0.77526263	-0.69373445	0.49670359	0.85729679	-0.043013711
-0.77526263	-0.69373445	0.49670359	0.85729679	-0.043227273
-0.77526263	-0.69373445	0.49670359	0.85729679	-0.043441526
-0.77526263	-0.69373445	0.49670359	0.85729679	-0.043656471
-0.77526263	-0.69373445	0.49670359	0.85729679	-0.043872109
-0.77526263	-0.69373445	0.49670359	0.85729679	-0.04408844
-0.77526263	-0.69373445	0.49670359	0.85729679	-0.044305466
-0.77526263	-0.69373445	0.49670359	0.85729679	-0.044523188
-0.77526263	-0.69373445	0.49670359	0.85729679	-0.044741607
-0.77526263	-0.69373445	0.49670359	0.85729679	-0.044960724
-0.77526263	-0.69373445	0.49670359	0.85729679	-0.045180539
-0.77526263	-0.69373445	0.49670359	0.85729679	-0.045401055
-0.77526263	-0.69373445	0.49670359	0.85729679	-0.045622271
-0.77526263	-0.69373445	0.49670359	0.85729679	-0.045844189
-0.77526263	-0.69373445	0.49670359	0.85729679	-0.046066811
-0.77526263	-0.69373445	0.49670359	0.85729679	-0.046290136
-0.77526263	-0.69373445	0.49670359	0.85729679	-0.046514166
-0.77526263	-0.69373445	0.49670359	0.85729679	-0.046738902
-0.77526263	-0.69373445	0.49670359	0.85729679	-0.046964345
-0.77526263	-0.69373445	0.49670359	0.85729679	-0.047190496
-0.77526263	-0.69373445	0.49670359	0.85729679	-0.047417356
-0.77526263	-0.69373445	0.49670359	0.85729679	-0.047644925
-0.77526263	-0.69373445	0.49670359	0.85729679	-0.047873206
-0.77526263	-0.69373445	0.49670359	0.85729679	-0.048102199
-0.77526263	-0.69373445	0.49670359	0.85729679	-0.048331905
-0.77526263	-0.69373445	0.49670359	0.85729679	-0.048562325
-0.77526263	-0.69373445	0.49670359	0.85729679	-0.04879346
-0.77526263	-0.69373445	0.49670359	0.85729679	-0.04902531
-0.77526263	-0.69373445	0.49670359	0.85729679	-0.049257878
-0.77526263	-0.69373445	0.49670359	0.85729679	-0.049491164
-0.77526263	-0.69373445	0.49670359	0.85729679	-0.049725169
-0.77526263	-0.69373445	0.49670359	0.85729679	-0.049959894
-0.77526263	-0.69373445	0.49670359	0.85729679	-0.05019534
-0.77526263	-0.69373445	0.49670359	0.85729679	-0.050431508
-0.77526263	-0.69373445	0.49670359	0.85729679	-0.050668399
-0.77526263	-0.69373445	0.49670359	0.85729679	-0.050906014
-0.77526263	-0.69373445	0.49670359	0.85729679	-0.051144354
-0.77526263	-0.69373445	0.49670359	0.85729679	-0.05138342
-0.77526263	-0.69373445	0.49670359	0.85729679	-0.051623213
-0.77526263	-0.69373445	0.49670359	0.85729679	-0.051863734
-0.77526263	-0.69373445	0.49670359	0.85729679	-0.052104984
-0.77526263	-0.69373445	0.49670359	0.85729679	-0.052346965
-0.77526263	-0.69373445	0.49670359	0.85729679	-0.052589676
-0.77526263	-0.69373445	0.49670359	0.85729679	-0.052833119
-0.77526263	-0.69373445	0.49670359	0.85729679	-0.053077295
-0.77526263	-0.69373445	0.49670359	0.85729679	-0.053322205
-0.77526263	-0.69373445	0.49670359	0.85729679	-0.05356785
-0.77526263	-0.69373445	0.49670359	0.85729679	-0.053814232
-0.77526263	-0.69373445	0.49670359	0.85729679	-0.05406135
-0.77526263	-0.69373445	0.49670359	0.85729679	-0.054309206
-0.77526263	-0.69373445	0.49670359	0.85729679	-0.054557801
-0.77526263	-0.69373445	0.49670359	0.85729679	-0.054807136
-0.77526263	-0.69373445	0.49670359	0.85729679	-0.055057212
-0.77526263	-0.69373445	0.49670359	0.85729679	-0.05530803
-0.77526263	-0.69373445	0.49670359	0.85729679	-0.055559591
-0.77526263	-0.69373445	0.49670359	0.85729679	-0.055811896
-0.77526263	-0.69373445	0.49670359	0.85729679	-0.056064946
-0.77526263	-0.69373445	0.49670359	0.85729679	-0.056318742
-0.77526263	-0.69373445	0.49670359	0.85729679	-0.056573285
-0.77526263	-0.69373445	0.49670359	0.85729679	-0.056828575
-0.77526263	-0.69373445	0.49670359	0.85729679	-0.057084615
-0.77526263	-0.69373445	0.49670359	0.85729679	-0.057341404
-0.77526263	-0.69373445	0.49670359	0.85729679	-0.057598944
-0.77526263	-0.69373445	0.49670359	0.85729679	-0.057857236
-0.77526263	-0.69373445	0.49670359	0.85729679	-0.058116281
-0.77526263	-0.69373445	0.49670359	0.85729679	-0.05837608
-0.77526263	-0.69373445	0.49670359	0.85729679	-0.058636633
-0.77526263	-0.69373445	0.49670359	0.85729679	-0.058897942
-0.77526263	-0.69373445	0.49670359	0.85729679	-0.059160008
-0.77526263	-0.69373445	0.49670359	0.85729679	-0.059422832
-0.77526263	-0.69373445	0.49670359	0.85729679	-0.059686415
-0.77526263	-0.69373445	0.49670359	0.85729679	-0.059950757
-0.77526263	-0.69373445	0.49670359	0.85729679	-0.06021586
-0.77526263	-0.69373445	0.49670359	0.85729679	-0.060481725
-0.77526263	-0.69373445	0.49670359	0.85729679	-0.060748352
-0.77526263	-0.69373445	0.49670359	0.85729679	-0.061015743
-0.77526263	-0.69373445	0.49670359	0.85729679	-0.061283899
-0.77526263	-0.69373445	0.49670359	0.85729679	-0.06155282
-0.77526263	-0.69373445	0.49670359	0.85729679	-0.061822508
-0.77526263	-0.69373445	0.49670359	0.85729679	-0.062092963
-0.77526263	-0.69373445	0.49670359	0.85729679	-0.062364187
-0.77526263	-0.69373445	0.49670359	0.85729679	-0.062636181
-0.77526263	-0.69373445	0.49670359	0.85729679	-0.062908945
-0.77526263	-0.69373445	0.49670359	0.85729679	-0.06318248
-0.77526263	-0.69373445	0.49670359	0.85729679	-0.063456788
-0.77526263	-0.69373445	0.49670359	0.85729679	-0.06373187
-0.77526263	-0.69373445	0.49670359	0.85729679	-0.064007726
-0.77526263	-0.69373445	0.49670359	0.85729679	-0.064284357
-0.77526263	-0.69373445	0.49670359	0.85729679	-0.064561764
-0.77526263	-0.69373445	0.49670359	0.85729679	-0.064839949
-0.77526263	-0.69373445	0.49670359	0.85729679	-0.065118913
-0.77526263	-0.69373445	0.49670359	0.85729679	-0.065398655
-0.77526263	-0.69373445	0.49670359	0.85729679	-0.065679178
-0.77526263	-0.69373445	0.49670359	0.85729679	-0.065960482
-0.77526263	-0.69373445	0.49670359	0.85729679	-0.066242568
-0.77526263	-0.69373445	0.49670359	0.85729679	-0.066525438
-0.77526263	-0.69373445	0.49670359	0.85729679	-0.066809092
-0.77526263	-0.69373445	0.49670359	0.85729679	-0.06709353
-0.77526263	-0.69373445	0.49670359	0.85729679	-0.067378755
-0.77526263	-0.69373445	0.49670359	0.85729679	-0.067664767
-0.77526263	-0.69373445	0.49670359	0.85729679	-0.067951567
-0.77526263	-0.69373445	0.49670359	0.85729679	-0.068239156
-0.77526263	-0.69373445	0.49670359	0.85729679	-0.068527535
-0.77526263	-0.69373445	0.49670359	0.85729679	-0.068816705
-0.77526263	-0.69373445	0.49670359	0.85729679	-0.069106667
-0.77526263	-0.69373445	0.49670359	0.85729679	-0.069397421
-0.77526263	-0.69373445	0.49670359	0.85729679	-0.06968897
-0.77526263	-0.69373445	0.49670359	0.85729679	-0.069981313
-0.77526263	-0.69373445	0.49670359	0.85729679	-0.070274452
-0.77526263	-0.69373445	0.49670359	0.85729679	-0.070568388
-0.77526263	-0.69373445	0.49670359	0.85729679	-0.070863122
-0.77526263	-0.69373445	0.49670359	0.85729679	-0.071158654
-0.77526263	-0.69373445	0.49670359	0.85729679	-0.071454986
-0.77526263	-0.69373445	0.49670359	0.85729679	-0.071752118
-0.77526263	-0.69373445	0.49670359	0.85729679	-0.072050052
-0.77526263	-0.69373445	0.49670359	0.85729679	-0.072348788
-0.77526263	-0.69373445	0.49670359	0.85729679	-0.072648329
-0.77526263	-0.69373445	0.49670359	0.85729679	-0.072948673
-0.77526263	-0.69373445	0.49670359	0.85729679	-0.073249823
-0.77526263	-0.69373445	0.49670359	0.85729679	-0.073551779
-0.77526263	-0.69373445	0.49670359	0.85729679	-0.073854543
-0.77526263	-0.69373445	0.49670359	0.85729679	-0.074158114
-0.77526263	-0.69373445	0.49670359	0.85729679	-0.074462496
-0.77526263	-0.69373445	0.49670359	0.85729679	-0.074767687
-0.77526263	-0.69373445	0.49670359	0.85729679	-0.075073689
-0.77526263	-0.69373445	0.49670359	0.85729679	-0.075380504
-0.77526263	-0.69373445	0.49670359	0.85729679	-0.075688131
-0.77526263	-0.69373445	0.49670359	0.85729679	-0.075996573
-0.77526263	-0.69373445	0.49670359	0.85729679	-0.07630583
-0.77526263	-0.69373445	0.49670359	0.85729679	-0.076615902
-0.77526263	-0.69373445	0.49670359	0.85729679	-0.076926792
-0.77526263	-0.69373445	0.49670359	0.85729679	-0.077238499
-0.77526263	-0.69373445	0.49670359	0.85729679	-0.077551026
-0.77526263	-0.69373445	0.49670359	0.85729679	-0.077864372
-0.77526263	-0.69373445	0.49670359	0.85729679	-0.078178538
-0.77526263	-0.69373445	0.49670359	0.85729679	-0.078493527
-0.77526263	-0.69373445	0.49670359	0.85729679	-0.078809338
-0.77526263	-0.69373445	0.49670359	0.85729679	-0.079125972
-0.77526263	-0.69373445	0.49670359	0.85729679	-0.079443431
-0.77526263	-0.69373445	0.49670359	0.85729679	-0.079761716
-0.77526263	-0.69373445	0.49670359	0.85729679	-0.080080827
-0.77526263	-0.69373445	0.49670359	0.85729679	-0.080400765
-0.77526263	-0.69373445	0.49670359	0.85729679	-0.080721532
-0.77526263	-0.69373445	0.49670359	0.85729679	-0.081043128
-0.77526263	-0.69373445	0.49670359	0.85729679	-0.081365554
-0.77526263	-0.69373445	0.49670359	0.85729679	-0.081688811
-0.77526263	-0.69373445	0.49670359	0.85729679	-0.082012901
-0.77526263	-0.69373445	0.49670359	0.85729679	-0.082337824
-0.77526263	-0.69373445	0.49670359	0.85729679	-0.08266358
-0.77526263	-0.69373445	0.49670359	0.85729679	-0.082990172
-0.77526263	-0.69373445	0.49670359	0.85729679	-0.083317599
-0.77526263	-0.69373445	0.49670359	0.85729679	-0.083645864
-0.77526263	-0.69373445	0.49670359	0.85729679	-0.083974966
-0.77526263	-0.69373445	0.49670359	0.85729679	-0.084304907
-0.77526263	-0.69373445	0.49670359	0.85729679	-0.084635687
-0.77526263	-0.69373445	0.49670359	0.85729679	-0.084967308
-0.77526263	-0.69373445	0.49670359	0.85729679	-0.085299771
-0.77526263	-0.69373445	0.49670359	0.85729679	-0.085633076
-0.77526263	-0.69373445	0.49670359	0.85729679	-0.085967225
-0.77526263	-0.69373445	0.49670359	0.85729679	-0.086302218
-0.77526263	-0.69373445	0.49670359	0.85729679	-0.086638057
-0.77526263	-0.69373445	0.49670359	0.85729679	-0.086974742
-0.77526263	-0.69373445	0.49670359	0.85729679	-0.087312274
-0.77526263	-0.69373445	0.49670359	0.85729679	-0.087650654
-0.77526263	-0.69373445	0.49670359	0.85729679	-0.087989883
-0.77526263	-0.69373445	0.49670359	0.85729679	-0.088329963
-0.77526263	-0.69373445	0.49670359	0.85729679	-0.088670893
-0.77526263	-0.69373445	0.49670359	0.85729679	-0.089012675
-0.77526263	-0.69373445	0.49670359	0.85729679	-0.08935531
-0.77526263	-0.69373445	0.49670359	0.85729679	-0.089698799
-0.77526263	-0.69373445	0.49670359	0.85729679	-0.090043143
-0.77526263	-0.69373445	0.49670359	0.85729679	-0.090388342
-0.77526263	-0.69373445	0.49670359	0.85729679	-0.090734398
-0.77526263	-0.69373445	0.49670359	0.85729679	-0.091081311
-0.77526263	-0.69373445	0.49670359	0.85729679	-0.091429083
-0.77526263	-0.69373445	0.49670359	0.85729679	-0.091777715
-0.77526263	-0.69373445	0.49670359	0.85729679	-0.092127206
-0.77526263	-0.69373445	0.49670359	0.85729679	-0.092477559
-0.77526263	-0.69373445	0.49670359	0.85729679	-0.092828774
-0.77526263	-0.69373445	0.49670359	0.85729679	-0.093180853
-0.77526263	-0.69373445	0.49670359	0.85729679	-0.093533795
-0.77526263	-0.69373445	0.49670359	0.85729679	-0.093887602
-0.77526263	-0.69373445	0.49670359	0.85729679	-0.094242275
-0.77526263	-0.69373445	0.49670359	0.85729679	-0.094597816
-0.77526263	-0.69373445	0.49670359	0.85729679	-0.094954224
-0.77526263	-0.69373445	0.49670359	0.85729679	-0.0953115
-0.77526263	-0.69373445	0.49670359	0.85729679	-0.095669647
-0.77526263	-0.69373445	0.49670359	0.85729679	-0.096028663
-0.77526263	-0.69373445	0.49670359	0.85729679	-0.096388552
-0.77526263	-0.69373445	0.49670359	0.85729679	-0.096749313
-0.77526263	-0.69373445	0.49670359	0.85729679	-0.097110947
-0.77526263	-0.69373445	0.49670359	0.85729679	-0.097473455
-0.77526263	-0.69373445	0.49670359	0.85729679	-0.097836839
-0.77526263	-0.69373445	0.49670359	0.85729679	-0.098201099
-0.77526263	-0.69373445	0.49670359	0.85729679	-0.098566236
-0.77526263	-0.69373445	0.49670359	0.85729679	-0.098932251
-0.77526263	-0.69373445	0.49670359	0.85729679	-0.099299145
-0.77526263	-0.69373445	0.49670359	0.85729679	-0.099666918
-0.77526263	-0.69373445	0.49670359	0.85729679	-0.10003557
-0.77526263	-0.69373445	0.49670359	0.85729679	-0.10040511
-0.77526263	-0.69373445	0.49670359	0.85729679	-0.10077553
-0.77526263	-0.69373445	0.49670359	0.85729679	-0.10114683
-0.77526263	-0.69373445	0.49670359	0.85729679	-0.10151902
-0.77526263	-0.69373445	0.49670359	0.85729679	-0.10189209
-0.77526263	-0.69373445	0.49670359	0.85729679	-0.10226605
-0.77526263	-0.69373445	0.49670359	0.85729679	-0.10264089
-0.77526263	-0.69373445	0.49670359	0.85729679	-0.10301663
-0.77526263	-0.69373445	0.49670359	0.85729679	-0.10339325
-0.77526263	-0.69373445	0.49670359	0.85729679	-0.10377076
-0.77526263	-0.69373445	0.49670359	0.85729679	-0.10414917
-0.77526263	-0.69373445	0.49670359	0.85729679	-0.10452846
-0.77526263	-0.69373445	0.49670359	0.85729679	-0.10490865
-0.77526263	-0.69373445	0.49670359	0.85729679	-0.10528973
-0.77526263	-0.69373445	0.49670359	0.85729679	-0.10567171
-0.77526263	-0.69373445	0.49670359	0.85729679	-0.10605458
-0.77526263	-0.69373445	0.49670359	0.85729679	-0.10643835
-0.77526263	-0.69373445	0.49670359	0.85729679	-0.10682301
-0.77526263	-0.69373445	0.49670359	0.85729679	-0.10720858
-0.77526263	-0.69373445	0.49670359	0.85729679	-0.10759504
-0.77526263	-0.69373445	0.49670359	0.85729679	-0.1079824
-0.77526263	-0.69373445	0.49670359	0.85729679	-0.10837067
-0.77526263	-0.69373445	0.49670359	0.85729679	-0.10875983
-0.77526263	-0.69373445	0.49670359	0.85729679	-0.1091499
-0.77526263	-0.69373445	0.49670359	0.85729679	-0.10954087
-0.77526263	-0.69373445	0.49670359	0.85729679	-0.10993275
-0.77526263	-0.69373445	0.49670359	0.85729679	-0.11032553
-0.77526263	-0.69373445	0.49670359	0.85729679	-0.11071922
-0.77526263	-0.69373445	0.49670359	0.85729679	-0.11111382
-0.77526263	-0.69373445	0.49670359	0.85729679	-0.11150932
-0.77526263	-0.69373445	0.49670359	0.85729679	-0.11190574
-0.77526263	-0.69373445	0.49670359	0.85729679	-0.11230306
-0.77526263	-0.69373445	0.49670359	0.85729679	-0.11270129
-0.77526263	-0.69373445	0.49670359	0.85729679	-0.11310044
-0.77526263	-0.69373445	0.49670359	0.85729679	-0.1135005
-0.77526263	-0.69373445	0.49670359	0.85729679	-0.11390147
-0.77526263	-0.69373445	0.49670359	0.85729679	-0.11430336
-0.77526263	-0.69373445	0.49670359	0.85729679	-0.11470616
-0.77526263	-0.69373445	0.49670359	0.85729679	-0.11510988
-0.77526263	-0.69373445	0.49670359	0.85729679	-0.11551452
-0.77526263	-0.69373445	0.49670359	0.85729679	-0.11592007
-0.77526263	-0.69373445	0.49670359	0.85729679	-0.11632655
-0.77526263	-0.69373445	0.49670359	0.85729679	-0.11673394
-0.77526263	-0.69373445	0.49670359	0.85729679	-0.11714226
-0.77526263	-0.69373445	0.49670359	0.85729679	-0.1175515
-0.77526263	-0.69373445	0.49670359	0.85729679	-0.11796166
-0.77526263	-0.69373445	0.49670359	0.85729679	-0.11837274
-0.77526263	-0.69373445	0.49670359	0.85729679	-0.11878475
-0.77526263	-0.69373445	0.49670359	0.85729679	-0.11919768
-0.77526263	-0.69373445	0.49670359	0.85729679	-0.11961154
-0.77526263	-0.69373445	0.49670359	0.85729679	-0.12002633
-0.77526263	-0.69373445	0.49670359	0.85729679	-0.12044204
-0.77526263	-0.69373445	0.49670359	0.85729679	-0.12085869
-0.77526263	-0.69373445	0.49670359	0.85729679	-0.12127626
-0.77526263	-0.69373445	0.49670359	0.85729679	-0.12169476
-0.77526263	-0.69373445	0.49670359	0.85729679	-0.1221142
-0.77526263	-0.69373445	0.49670359	0.85729679	-0.12253457
-0.77526263	-0.69373445	0.49670359	0.85729679	-0.12295587
-0.77526263	-0.69373445	0.49670359	0.85729679	-0.12337811
-0.77526263	-0.69373445	0.49670359	0.85729679	-0.12380128
-0.77526263	-0.69373445	0.49670359	0.85729679	-0.12422539
-0.77526263	-0.69373445	0.49670359	0.85729679	-0.12465044
-0.77526263	-0.69373445	0.49670359	0.85729679	-0.12507642
-0.77526263	-0.69373445	0.49670359	0.85729679	-0.12550334
-0.77526263	-0.69373445	0.49670359	0.85729679	-0.12593121
-0.77526263	-0.69373445	0.49670359	0.85729679	-0.12636001
-0.77526263	-0.69373445	0.49670359	0.85729679	-0.12678975
-0.77526263	-0.69373445	0.49670359	0.85729679	-0.12722044
-0.77526263	-0.69373445	0.49670359	0.85729679	-0.12765207
-0.77526263	-0.69373445	0.49670359	0.85729679	-0.12808465
-0.77526263	-0.69373445	0.49670359	0.85729679	-0.12851817
-0.77526263	-0.69373445	0.49670359	0.85729679	-0.12895263
-0.77526263	-0.69373445	0.49670359	0.85729679	-0.12938805
-0.77526263	-0.69373445	0.49670359	0.85729679	-0.12982441
-0.77526263	-0.69373445	0.49670359	0.85729679	-0.13026172
-0.77526263	-0.69373445	0.49670359	0.85729679	-0.13069998
-0.77526263	-0.69373445	0.49670359	0.85729679	-0.13113919
-0.77526263	-0.69373445	0.49670359	0.85729679	-0.13157935
-0.77526263	-0.69373445	0.49670359	0.85729679	-0.13202046
-0.77526263	-0.69373445	0.49670359	0.85729679	-0.13246253
-0.77526263	-0.69373445	0.49670359	0.85729679	-0.13290555
-0.77526263	-0.69373445	0.49670359	0.85729679	-0.13334952
-0.77526263	-0.69373445	0.49670359	0.85729679	-0.13379445
-0.77526263	-0.69373445	0.49670359	0.85729679	-0.13424034
-0.77526263	-0.69373445	0.49670359	0.85729679	-0.13468718
-0.77526263	-0.69373445	0.49670359	0.85729679	-0.13513499
-0.77526263	-0.69373445	0.49670359	0.85729679	-0.13558375
-0.77526263	-0.69373445	0.49670359	0.85729679	-0.13603347
-0.77526263	-0.69373445	0.49670359	0.85729679	-0.13648416
-0.77526263	-0.69373445	0.49670359	0.85729679	-0.13693581
-0.77526263	-0.69373445	0.49670359	0.85729679	-0.13738841
-0.77526263	-0.69373445	0.49670359	0.85729679	-0.13784199
-0.77526263	-0.69373445	0.49670359	0.85729679	-0.13829652
-0.77526263	-0.69373445	0.49670359	0.85729679	-0.13875203
-0.77526263	-0.69373445	0.49670359	0.85729679	-0.1392085
-0.77526263	-0.69373445	0.49670359	0.85729679	-0.13966593
-0.77526263	-0.69373445	0.49670359	0.85729679	-0.14012434
-0.77526263	-0.69373445	0.49670359	0.85729679	-0.14058371
-0.77526263	-0.69373445	0.49670359	0.85729679	-0.14104405
-0.77526263	-0.69373445	0.49670359	0.85729679	-0.14150537
-0.77526263	-0.69373445	0.49670359	0.85729679	-0.14196766
-0.77526263	-0.69373445	0.49670359	0.85729679	-0.14243091
-0.77526263	-0.69373445	0.49670359	0.85729679	-0.14289515
-0.77526263	-0.69373445	0.49670359	0.85729679	-0.14336035
-0.77526263	-0.69373445	0.49670359	0.85729679	-0.14382653
-0.77526263	-0.69373445	0.49670359	0.85729679	-0.14429369
-0.77526263	-0.69373445	0.49670359	0.85729679	-0.14476182
-0.77526263	-0.69373445	0.49670359	0.85729679	-0.14523094
-0.77526263	-0.69373445	0.49670359	0.85729679	-0.14570103
-0.77526263	-0.69373445	0.49670359	0.85729679	-0.1461721
-0.77526263	-0.69373445	0.49670359	0.85729679	-0.14664415
-0.77526263	-0.69373445	0.49670359	0.85729679	-0.14711718
-0.77526263	-0.69373445	0.49670359	0.85729679	-0.14759119
-0.77526263	-0.69373445	0.49670359	0.85729679	-0.14806619
-0.77526263	-0.69373445	0.49670359	0.85729679	-0.14854217
-0.77526263	-0.69373445	0.49670359	0.85729679	-0.14901914
-0.77526263	-0.69373445	0.49670359	0.85729679	-0.14949709
-0.77526263	-0.69373445	0.49670359	0.85729679	-0.14997602
-0.77526263	-0.69373445	0.49670359	0.85729679	-0.15045595
-0.77526263	-0.69373445	0.49670359	0.85729679	-0.15093686
-0.77526263	-0.69373445	0.49670359	0.85729679	-0.15141876
-0.77526263	-0.69373445	0.49670359	0.85729679	-0.15190166
-0.77526263	-0.69373445	0.49670359	0.85729679	-0.15238554
-0.77526263	-0.69373445	0.49670359	0.85729679	-0.15287041
-0.77526263	-0.69373445	0.49670359	0.85729679	-0.15335628
-0.77526263	-0.69373445	0.49670359	0.85729679	-0.15384314
-0.77526263	-0.69373445	0.49670359	0.85729679	-0.15433099
-0.77526263	-0.69373445	0.49670359	0.85729679	-0.15481984
-0.77526263	-0.69373445	0.49670359	0.85729679	-0.15530969
-0.77526263	-0.69373445	0.49670359	0.85729679	-0.15580053
-0.77526263	-0.69373445	0.49670359	0.85729679	-0.15629237
-0.77526263	-0.69373445	0.49670359	0.85729679	-0.15678521
-0.77526263	-0.69373445	0.49670359	0.85729679	-0.15727905
-0.77526263	-0.69373445	0.49670359	0.85729679	-0.15777389
-0.77526263	-0.69373445	0.49670359	0.85729679	-0.15826973
-0.77526263	-0.69373445	0.49670359	0.85729679	-0.15876657
-0.77526263	-0.69373445	0.49670359	0.85729679	-0.15926442
-0.77526263	-0.69373445	0.49670359	0.85729679	-0.15976326
-0.77526263	-0.69373445	0.49670359	0.85729679	-0.16026312
-0.77526263	-0.69373445	0.49670359	0.85729679	-0.16076398
-0.77526263	-0.69373445	0.49670359	0.85729679	-0.16126584
-0.77526263	-0.69373445	0.49670359	0.85729679	-0.16176871
-0.77526263	-0.69373445	0.49670359	0.85729679	-0.16227259
-0.77526263	-0.69373445	0.49670359	0.85729679	-0.16277748
-0.77526263	-0.69373445	0.49670359	0.85729679	-0.16328338
-0.77526263	-0.69373445	0.49670359	0.85729679	-0.16379029
-0.77526263	-0.69373445	0.49670359	0.85729679	-0.16429821
-0.77526263	-0.69373445	0.49670359	0.85729679	-0.16480715
-0.77526263	-0.69373445	0.49670359	0.85729679	-0.16531709
-0.77526263	-0.69373445	0.49670359	0.85729679	-0.16582805
-0.77526263	-0.69373445	0.49670359	0.85729679	-0.16634003
-0.77526263	-0.69373445	0.49670359	0.85729679	-0.16685302
-0.77526263	-0.69373445	0.49670359	0.85729679	-0.16736703
-0.77526263	-0.69373445	0.49670359	0.85729679	-0.16788205
-0.77526263	-0.69373445	0.49670359	0.85729679	-0.16839809
-0.77526263	-0.69373445	0.49670359	0.85729679	-0.16891516
-0.77526263	-0.69373445	0.49670359	0.85729679	-0.16943324
-0.77526263	-0.69373445	0.49670359	0.85729679	-0.16995234
-0.77526263	-0.69373445	0.49670359	0.85729679	-0.17047247
-0.77526263	-0.69373445	0.49670359	0.85729679	-0.17099362
-0.77526263	-0.69373445	0.49670359	0.85729679	-0.17151579
-0.77526263	-0.69373445	0.49670359	0.85729679	-0.17203898
-0.77526263	-0.69373445	0.49670359	0.85729679	-0.1725632
-0.77526263	-0.69373445	0.49670359	0.85729679	-0.17308845
-0.77526263	-0.69373445	0.49670359	0.85729679	-0.17361472
-0.77526263	-0.69373445	0.49670359	0.85729679	-0.17414202
-0.77526263	-0.69373445	0.49670359	0.85729679	-0.17467035
-0.77526263	-0.69373445	0.49670359	0.85729679	-0.17519971
-0.77526263	-0.69373445	0.49670359	0.85729679	-0.1757301
-0.77526263	-0.69373445	0.49670359	0.85729679	-0.17626152
-0.77526263	-0.69373445	0.49670359	0.85729679	-0.17679397
-0.77526263	-0.69373445	0.49670359	0.85729679	-0.17732745
-0.77526263	-0.69373445	0.49670359	0.85729679	-0.17786197
-0.77526263	-0.69373445	0.49670359	0.85729679	-0.17839752
-0.77526263	-0.69373445	0.49670359	0.85729679	-0.17893411
-0.77526263	-0.69373445	0.49670359	0.85729679	-0.17947174
-0.77526263	-0.69373445	0.49670359	0.85729679	-0.1800104
-0.77526263	-0.69373445	0.49670359	0.85729679	-0.18055009
-0.77526263	-0.69373445	0.49670359	0.85729679	-0.18109083
-0.77526263	-0.69373445	0.49670359	0.85729679	-0.18163261
-0.77526263	-0.69373445	0.49670359	0.85729679	-0.18217542
-0.77526263	-0.69373445	0.49670359	0.85729679	-0.18271928
-0.77526263	-0.69373445	0.49670359	0.85729679	-0.18326418
-0.77526263	-0.69373445	0.49670359	0.85729679	-0.18381012
-0.77526263	-0.69373445	0.49670359	0.85729679	-0.18435711
-0.77526263	-0.69373445	0.49670359	0.85729679	-0.18490514
-0.77526263	-0.69373445	0.49670359	0.85729679	-0.18545422
-0.77526263	-0.69373445	0.49670359	0.85729679	-0.18600434
-0.77526263	-0.69373445	0.49670359	0.85729679	-0.18655551
-0.77526263	-0.69373445	0.49670359	0.85729679	-0.18710772
-0.77526263	-0.69373445	0.49670359	0.85729679	-0.18766099
-0.77526263	-0.69373445	0.49670359	0.85729679	-0.1882153
-0.77526263	-0.69373445	0.49670359	0.85729679	-0.18877067
-0.77526263	-0.69373445	0.49670359	0.85729679	-0.18932708
-0.77526263	-0.69373445	0.49670359	0.85729679	-0.18988455
-0.77526263	-0.69373445	0.49670359	0.85729679	-0.19044307
-0.77526263	-0.69373445	0.49670359	0.85729679	-0.19100265
-0.77526263	-0.69373445	0.49670359	0.85729679	-0.19156328
-0.77526263	-0.69373445	0.49670359	0.85729679	-0.19212496
-0.77526263	-0.69373445	0.49670359	0.85729679	-0.1926877
-0.77526263	-0.69373445	0.49670359	0.85729679	-0.1932515
-0.77526263	-0.69373445	0.49670359	0.85729679	-0.19381636
-0.77526263	-0.69373445	0.49670359	0.85729679	-0.19438227
-0.77526263	-0.69373445	0.49670359	0.85729679	-0.19494925
-0.77526263	-0.69373445	0.49670359	0.85729679	-0.19551728
-0.77526263	-0.69373445	0.49670359	0.85729679	-0.19608637
-0.77526263	-0.69373445	0.49670359	0.85729679	-0.19665653
-0.77526263	-0.69373445	0.49670359	0.85729679	-0.19722775
-0.77526263	-0.69373445	0.49670359	0.85729679	-0.19780004
-0.77526263	-0.69373445	0.49670359	0.85729679	-0.19837338
-0.77526263	-0.69373445	0.49670359	0.85729679	-0.1989478
-0.77526263	-0.69373445	0.49670359	0.85729679	-0.19952328
-0.77526263	-0.69373445	0.49670359	0.85729679	-0.20009982
-0.77526263	-0.69373445	0.49670359	0.85729679	-0.20067744
-0.77526263	-0.69373445	0.49670359	0.85729679	-0.20125612
-0.77526263	-0.69373445	0.49670359	0.85729679	-0.20183587
-0.77526263	-0.69373445	0.49670359	0.85729679	-0.20241669
-0.77526263	-0.69373445	0.49670359	0.85729679	-0.20299859
-0.77526263	-0.69373445	0.49670359	0.85729679	-0.20358155
-0.77526263	-0.69373445	0.49670359	0.85729679	-0.20416559
-0.77526263	-0.69373445	0.49670359	0.85729679	-0.2047507
-0.77526263	-0.69373445	0.49670359	0.85729679	-0.20533689
-0.77526263	-0.69373445	0.49670359	0.85729679	-0.20592415
-0.77526263	-0.69373445	0.49670359	0.85729679	-0.20651248
-0.77526263	-0.69373445	0.49670359	0.85729679	-0.2071019
-0.77526263	-0.69373445	0.49670359	0.85729679	-0.20769239
-0.77526263	-0.69373445	0.49670359	0.85729679	-0.20828396
-0.77526263	-0.69373445	0.49670359	0.85729679	-0.20887661
-0.77526263	-0.69373445	0.49670359	0.85729679	-0.20947034
-0.77526263	-0.69373445	0.49670359	0.85729679	-0.21006515
-0.77526263	-0.69373445	0.49670359	0.85729679	-0.21066104
-0.77526263	-0.69373445	0.49670359	0.85729679	-0.21125801
-0.77526263	-0.69373445	0.49670359	0.85729679	-0.21185607
-0.77526263	-0.69373445	0.49670359	0.85729679	-0.21245521
-0.77526263	-0.69373445	0.49670359	0.85729679	-0.21305544
-0.77526263	-0.69373445	0.49670359	0.85729679	-0.21365675
-0.77526263	-0.69373445	0.49670359	0.85729679	-0.21425915
-0.77526263	-0.69373445	0.49670359	0.85729679	-0.21486263
-0.77526263	-0.69373445	0.49670359	0.85729679	-0.21546721
-0.77526263	-0.69373445	0.49670359	0.85729679	-0.21607287
-0.77526263	-0.69373445	0.49670359	0.85729679	-0.21667963
-0.77526263	-0.69373445	0.49670359	0.85729679	-0.21728747
-0.77526263	-0.69373445	0.49670359	0.85729679	-0.21789641
-0.77526263	-0.69373445	0.49670359	0.85729679	-0.21850643
-0.77526263	-0.69373445	0.49670359	0.85729679	-0.21911756
-0.77526263	-0.69373445	0.49670359	0.85729679	-0.21972977
-0.77526263	-0.69373445	0.49670359	0.85729679	-0.22034308
-0.77526263	-0.69373445	0.49670359	0.85729679	-0.22095748
-0.77526263	-0.69373445	0.49670359	0.85729679	-0.22157299
-0.77526263	-0.69373445	0.49670359	0.85729679	-0.22218958
-0.77526263	-0.69373445	0.49670359	0.85729679	-0.22280728
-0.77526263	-0.69373445	0.49670359	0.85729679	-0.22342608
-0.77526263	-0.69373445	0.49670359	0.85729679	-0.22404597
-0.77526263	-0.69373445	0.49670359	0.85729679	-0.22466697
-0.77526263	-0.69373445	0.49670359	0.85729679	-0.22528906
-0.77526263	-0.69373445	0.49670359	0.85729679	-0.22591226
-0.77526263	-0.69373445	0.49670359	0.85729679	-0.22653656
-0.77526263	-0.69373445	0.49670359	0.85729679	-0.22716197
-0.77526263	-0.69373445	0.49670359	0.85729679	-0.22778848
-0.77526263	-0.69373445	0.49670359	0.85729679	-0.22841609
-0.77526263	-0.69373445	0.49670359	0.85729679	-0.22904481
-0.77526263	-0.69373445	0.49670359	0.85729679	-0.22967464
-0.77526263	-0.69373445	0.49670359	0.85729679	-0.23030557
-0.77526263	-0.69373445	0.49670359	0.85729679	-0.23093762
-0.77526263	-0.69373445	0.49670359	0.85729679	-0.23157077
-0.77526263	-0.69373445	0.49670359	0.85729679	-0.23220503
-0.77526263	-0.69373445	0.49670359	0.85729679	-0.23284041
-0.77526263	-0.69373445	0.49670359	0.85729679	-0.23347689
-0.77526263	-0.69373445	0.49670359	0.85729679	-0.23411449
-0.77526263	-0.69373445	0.49670359	0.85729679	-0.2347532
-0.77526263	-0.69373445	0.49670359	0.85729679	-0.23539302
-0.77526263	-0.69373445	0.49670359	0.85729679	-0.23603396
-0.77526263	-0.69373445	0.49670359	0.85729679	-0.23667602
-0.77526263	-0.69373445	0.49670359	0.85729679	-0.23731919
-0.77526263	-0.69373445	0.49670359	0.85729679	-0.23796348
-0.77526263	-0.69373445	0.49670359	0.85729679	-0.23860889
-0.77526263	-0.69373445	0.49670359	0.85729679	-0.23925541
-0.77526263	-0.69373445	0.49670359	0.85729679	-0.23990306
-0.77526263	-0.69373445	0.49670359	0.85729679	-0.24055182
-0.77526263	-0.69373445	0.49670359	0.85729679	-0.24120171
-0.77526263	-0.69373445	0.49670359	0.85729679	-0.24185272
-0.77526263	-0.69373445	0.49670359	0.85729679	-0.24250485
-0.77526263	-0.69373445	0.49670359	0.85729679	-0.24315811
-0.77526263	-0.69373445	0.49670359	0.85729679	-0.24381249
-0.77526263	-0.69373445	0.49670359	0.85729679	-0.24446799
-0.77526263	-0.69373445	0.49670359	0.85729679	-0.24512462
-0.77526263	-0.69373445	0.49670359	0.85729679	-0.24578238
-0.77526263	-0.69373445	0.49670359	0.85729679	-0.24644126
-0.77526263	-0.69373445	0.49670359	0.85729679	-0.24710128
-0.77526263	-0.69373445	0.49670359	0.85729679	-0.24776242
-0.77526263	-0.69373445	0.49670359	0.85729679	-0.24842469
-0.77526263	-0.69373445	0.49670359	0.85729679	-0.2490881
-0.77526263	-0.69373445	0.49670359	0.85729679	-0.24975263
-0.77526263	-0.69373445	0.49670359	0.85729679	-0.2504183
-0.77526263	-0.69373445	0.49670359	0.85729679	-0.2510851
-0.77526263	-0.69373445	0.49670359	0.85729679	-0.25175303
-0.77526263	-0.69373445	0.49670359	0.85729679	-0.2524221
-0.77526263	-0.69373445	0.49670359	0.85729679	-0.25309231
-0.77526263	-0.69373445	0.49670359	0.85729679	-0.25376365
-0.77526263	-0.69373445	0.49670359	0.85729679	-0.25443612
-0.77526263	-0.69373445	0.49670359	0.85729679	-0.25510974
-0.77526263	-0.69373445	0.49670359	0.85729679	-0.25578449
-0.77526263	-0.69373445	0.49670359	0.85729679	-0.25646039
-0.77526263	-0.69373445	0.49670359	0.85729679	-0.25713742
-0.77526263	-0.69373445	0.49670359	0.85729679	-0.25781559
-0.77526263	-0.69373445	0.49670359	0.85729679	-0.25849491
-0.77526263	-0.69373445	0.49670359	0.85729679	-0.25917537
-0.77526263	-0.69373445	0.49670359	0.85729679	-0.25985697
-0.77526263	-0.69373445	0.49670359	0.85729679	-0.26053971
-0.77526263	-0.69373445	0.49670359	0.85729679	-0.26122361
-0.77526263	-0.69373445	0.49670359	0.85729679	-0.26190864
-0.77526263	-0.69373445	0.49670359	0.85729679	-0.26259482
-0.77526263	-0.69373445	0.49670359	0.85729679	-0.26328215
-0.77526263	-0.69373445	0.49670359	0.85729679	-0.26397063
-0.77526263	-0.69373445	0.49670359	0.85729679	-0.26466026
-0.77526263	-0.69373445	0.49670359	0.85729679	-0.26535103
-0.77526263	-0.69373445	0.49670359	0.85729679	-0.26604296
-0.77526263	-0.69373445	0.49670359	0.85729679	-0.26673604
-0.77526263	-0.69373445	0.49670359	0.85729679	-0.26743027
-0.77526263	-0.69373445	0.49670359	0.85729679	-0.26812565
-0.77526263	-0.69373445	0.49670359	0.85729679	-0.26882219
-0.77526263	-0.69373445	0.49670359	0.85729679	-0.26951988
-0.77526263	-0.69373445	0.49670359	0.85729679	-0.27021872
-0.77526263	-0.69373445	0.49670359	0.85729679	-0.27091872
-0.77526263	-0.69373445	0.49670359	0.85729679	-0.27161988
-0.77526263	-0.69373445	0.49670359	0.85729679	-0.27232219
-0.77526263	-0.69373445	0.49670359	0.85729679	-0.27302567
-0.77526263	-0.69373445	0.49670359	0.85729679	-0.2737303
-0.77526263	-0.69373445	0.49670359	0.85729679	-0.27443609
-0.77526263	-0.69373445	0.49670359	0.85729679	-0.27514304
-0.77526263	-0.69373445	0.49670359	0.85729679	-0.27585115
-0.77526263	-0.69373445	0.49670359	0.85729679	-0.27656043
-0.77526263	-0.69373445	0.49670359	0.85729679	-0.27727086
-0.77526263	-0.69373445	0.49670359	0.85729679	-0.27798246
-0.77526263	-0.69373445	0.49670359	0.85729679	-0.27869523
-0.77526263	-0.69373445	0.49670359	0.85729679	-0.27940916
-0.77526263	-0.69373445	0.49670359	0.85729679	-0.28012425
-0.77526263	-0.69373445	0.49670359	0.85729679	-0.28084052
-0.77526263	-0.69373445	0.49670359	0.85729679	-0.28155795
-0.77526263	-0.69373445	0.49670359	0.85729679	-0.28227654
-0.77526263	-0.69373445	0.49670359	0.85729679	-0.28299631
-0.77526263	-0.69373445	0.49670359	0.85729679	-0.28371725
-0.77526263	-0.69373445	0.49670359	0.85729679	-0.28443935
-0.77526263	-0.69373445	0.49670359	0.85729679	-0.28516263
-0.77526263	-0.69373445	0.49670359	0.85729679	-0.28588708
-0.77526263	-0.69373445	0.49670359	0.85729679	-0.2866127
-0.77526263	-0.69373445	0.49670359	0.85729679	-0.2873395
-0.77526263	-0.69373445	0.49670359	0.85729679	-0.28806747
-0.77526263	-0.69373445	0.49670359	0.85729679	-0.28879661
-0.77526263	-0.69373445	0.49670359	0.85729679	-0.28952694
-0.77526263	-0.69373445	0.49670359	0.85729679	-0.29025843
-0.77526263	-0.69373445	0.49670359	0.85729679	-0.29099111
-0.77526263	-0.69373445	0.49670359	0.85729679	-0.29172496
-0.77526263	-0.69373445	0.49670359	0.85729679	-0.29245999
-0.77526263	-0.69373445	0.49670359	0.85729679	-0.2931962
-0.77526263	-0.69373445	0.49670359	0.85729679	-0.2939336
-0.77526263	-0.69373445	0.49670359	0.85729679	-0.29467217
-0.77526263	-0.69373445	0.49670359	0.85729679	-0.29541192
-0.77526263	-0.69373445	0.49670359	0.85729679	-0.29615286
-0.77526263	-0.69373445	0.49670359	0.85729679	-0.29689498
-0.77526263	-0.69373445	0.49670359	0.85729679	-0.29763829
-0.77526263	-0.69373445	0.49670359	0.85729679	-0.29838278
-0.77526263	-0.69373445	0.49670359	0.85729679	-0.29912845
-0.77526263	-0.69373445	0.49670359	0.85729679	-0.29987531
-0.77526263	-0.69373445	0.49670359	0.85729679	-0.30062336
-0.77526263	-0.69373445	0.49670359	0.85729679	-0.3013726
-0.77526263	-0.69373445	0.49670359	0.85729679	-0.30212302
-0.77526263	-0.69373445	0.49670359	0.85729679	-0.30287464
-0.77526263	-0.69373445	0.49670359	0.85729679	-0.30362744
-0.77526263	-0.69373445	0.49670359	0.85729679	-0.30438144
-0.77526263	-0.69373445	0.49670359	0.85729679	-0.30513663
-0.77526263	-0.69373445	0.49670359	0.85729679	-0.30589301
-0.77526263	-0.69373445	0.49670359	0.85729679	-0.30665058
-0.77526263	-0.69373445	0.49670359	0.85729679	-0.30740935
-0.77526263	-0.69373445	0.49670359	0.85729679	-0.30816931
-0.77526263	-0.69373445	0.49670359	0.85729679	-0.30893047
-0.77526263	-0.69373445	0.49670359	0.85729679	-0.30969282
-0.77526263	-0.69373445	0.49670359	0.85729679	-0.31045638
-0.77526263	-0.69373445	0.49670359	0.85729679	-0.31122112
-0.77526263	-0.69373445	0.49670359	0.85729679	-0.31198707
-0.77526263	-0.69373445	0.49670359	0.85729679	-0.31275422
-0.77526263	-0.69373445	0.49670359	0.85729679	-0.31352256
-0.77526263	-0.69373445	0.49670359	0.85729679	-0.31429211
-0.77526263	-0.69373445	0.49670359	0.85729679	-0.31506286
-0.77526263	-0.69373445	0.49670359	0.85729679	-0.31583481
-0.77526263	-0.69373445	0.49670359	0.85729679	-0.31660796
-0.77526263	-0.69373445	0.49670359	0.85729679	-0.31738232
-0.77526263	-0.69373445	0.49670359	0.85729679	-0.31815788
-0.77526263	-0.69373445	0.49670359	0.85729679	-0.31893465
-0.77526263	-0.69373445	0.49670359	0.85729679	-0.31971263
-0.77526263	-0.69373445	0.49670359	0.85729679	-0.32049181
-0.77526263	-0.69373445	0.49670359	0.85729679	-0.32127219
-0.77526263	-0.69373445	0.49670359	0.85729679	-0.32205379
-0.77526263	-0.69373445	0.49670359	0.85729679	-0.32283659
-0.77526263	-0.69373445	0.49670359	0.85729679	-0.32362061
-0.77526263	-0.69373445	0.49670359	0.85729679	-0.32440583
-0.77526263	-0.69373445	0.49670359	0.85729679	-0.32519227
-0.77526263	-0.69373445	0.49670359	0.85729679	-0.32597992
-0.77526263	-0.69373445	0.49670359	0.85729679	-0.32676878
-0.77526263	-0.69373445	0.49670359	0.85729679	-0.32755885
-0.77526263	-0.69373445	0.49670359	0.85729679	-0.32835014
-0.77526263	-0.69373445	0.49670359	0.85729679	-0.32914264
-0.77526263	-0.69373445	0.49670359	0.85729679	-0.32993636
-0.77526263	-0.69373445	0.49670359	0.85729679	-0.3307313
-0.77526263	-0.69373445	0.49670359	0.85729679	-0.33152745
-0.77526263	-0.69373445	0.49670359	0.85729679	-0.33232482
-0.77526263	-0.69373445	0.49670359	0.85729679	-0.33312341
-0.77526263	-0.69373445	0.49670359	0.85729679	-0.33392321
-0.77526263	-0.69373445	0.49670359	0.85729679	-0.33472424
-0.77526263	-0.69373445	0.49670359	0.85729679	-0.33552649
-0.77526263	-0.69373445	0.49670359	0.85729679	-0.33632996
-0.77526263	-0.69373445	0.49670359	0.85729679	-0.33713465
-0.77526263	-0.69373445	0.49670359	0.85729679	-0.33794057
-0.77526263	-0.69373445	0.49670359	0.85729679	-0.33874771
-0.77526263	-0.69373445	0.49670359	0.85729679	-0.33955607
-0.77526263	-0.69373445	0.49670359	0.85729679	-0.34036566
-0.77526263	-0.69373445	0.49670359	0.85729679	-0.34117648
-0.77526263	-0.69373445	0.49670359	0.85729679	-0.34198852
-0.77526263	-0.69373445	0.49670359	0.85729679	-0.34280179
-0.77526263	-0.69373445	0.49670359	0.85729679	-0.34361629
-0.77526263	-0.69373445	0.49670359	0.85729679	-0.34443201
-0.77526263	-0.69373445	0.49670359	0.85729679	-0.34524897
-0.77526263	-0.69373445	0.49670359	0.85729679	-0.34606716
-0.77526263	-0.69373445	0.49670359	0.85729679	-0.34688657
-0.77526263	-0.69373445	0.49670359	0.85729679	-0.34770722
-0.77526263	-0.69373445	0.49670359	0.85729679	-0.3485291
-0.77526263	-0.69373445	0.49670359	0.85729679	-0.34935222
-0.77526263	-0.69373445	0.49670359	0.85729679	-0.35017657
-0.77526263	-0.69373445	0.49670359	0.85729679	-0.35100215
-0.77526263	-0.69373445	0.49670359	0.85729679	-0.35182897
-0.77526263	-0.69373445	0.49670359	0.85729679	-0.35265703
-0.77526263	-0.69373445	0.49670359	0.85729679	-0.35348632
-0.77526263	-0.69373445	0.49670359	0.85729679	-0.35431685
-0.77526263	-0.69373445	0.49670359	0.85729679	-0.35514862
-0.77526263	-0.69373445	0.49670359	0.85729679	-0.35598163
-0.77526263	-0.69373445	0.49670359	0.85729679	-0.35681587
-0.77526263	-0.69373445	0.49670359	0.85729679	-0.35765136
-0.77526263	-0.69373445	0.49670359	0.85729679	-0.35848809
-0.77526263	-0.69373445	0.49670359	0.85729679	-0.35932606
-0.77526263	-0.69373445	0.49670359	0.85729679	-0.36016528
-0.77526263	-0.69373445	0.49670359	0.85729679	-0.36100573
-0.77526263	-0.69373445	0.49670359	0.85729679	-0.36184744
-0.77526263	-0.69373445	0.49670359	0.85729679	-0.36269038
-0.77526263	-0.69373445	0.49670359	0.85729679	-0.36353458
-0.77526263	-0.69373445	0.49670359	0.85729679	-0.36438001
-0.77526263	-0.69373445	0.49670359	0.85729679	-0.3652267
-0.77526263	-0.69373445	0.49670359	0.85729679	-0.36607463
-0.77526263	-0.69373445	0.49670359	0.85729679	-0.36692381
-0.77526263	-0.69373445	0.49670359	0.85729679	-0.36777425
-0.77526263	-0.69373445	0.49670359	0.85729679	-0.36862593
-0.77526263	-0.69373445	0.49670359	0.85729679	-0.36947886
-0.77526263	-0.69373445	0.49670359	0.85729679	-0.37033304
-0.77526263	-0.69373445	0.49670359	0.85729679	-0.37118848
-0.77526263	-0.69373445	0.49670359	0.85729679	-0.37204517
-0.77526263	-0.69373445	0.49670359	0.85729679	-0.37290311
-0.77526263	-0.69373445	0.49670359	0.85729679	-0.3737623
-0.77526263	-0.69373445	0.49670359	0.85729679	-0.37462276
-0.77526263	-0.69373445	0.49670359	0.85729679	-0.37548446
-0.77526263	-0.69373445	0.49670359	0.85729679	-0.37634743
-0.77526263	-0.69373445	0.49670359	0.85729679	-0.37721165
-0.77526263	-0.69373445	0.49670359	0.85729679	-0.37807712
-0.77526263	-0.69373445	0.49670359	0.85729679	-0.37894386
-0.77526263	-0.69373445	0.49670359	0.85729679	-0.37981186
-0.77526263	-0.69373445	0.49670359	0.85729679	-0.38068111
-0.77526263	-0.69373445	0.49670359	0.85729679	-0.38155163
-0.77526263	-0.69373445	0.49670359	0.85729679	-0.38242341
-0.77526263	-0.69373445	0.49670359	0.85729679	-0.38329645
-0.77526263	-0.69373445	0.49670359	0.85729679	-0.38417075
-0.77526263	-0.69373445	0.49670359	0.85729679	-0.38504632
-0.77526263	-0.69373445	0.49670359	0.85729679	-0.38592315
-0.77526263	-0.69373445	0.49670359	0.85729679	-0.38680125
-0.77526263	-0.69373445	0.49670359	0.85729679	-0.38768061
-0.77526263	-0.69373445	0.49670359	0.85729679	-0.38856124
-0.77526263	-0.69373445	0.49670359	0.85729679	-0.38944313
-0.77526263	-0.69373445	0.49670359	0.85729679	-0.39032629
-0.77526263	-0.69373445	0.49670359	0.85729679	-0.39121073
-0.77526263	-0.69373445	0.49670359	0.85729679	-0.39209643
-0.77526263	-0.69373445	0.49670359	0.85729679	-0.3929834
-0.77526263	-0.69373445	0.49670359	0.85729679	-0.39387164
-0.77526263	-0.69373445	0.49670359	0.85729679	-0.39476115
-0.77526263	-0.69373445	0.49670359	0.85729679	-0.39565194
-0.77526263	-0.69373445	0.49670359	0.85729679	-0.39654399
-0.77526263	-0.69373445	0.49670359	0.85729679	-0.39743732
-0.77526263	-0.69373445	0.49670359	0.85729679	-0.39833193
-0.77526263	-0.69373445	0.49670359	0.85729679	-0.39922781
-0.77526263	-0.69373445	0.49670359	0.85729679	-0.40012497
-0.77526263	-0.69373445	0.49670359	0.85729679	-0.4010234
-0.77526263	-0.69373445	0.49670359	0.85729679	-0.40192311
-0.77526263	-0.69373445	0.49670359	0.85729679	-0.40282409
-0.77526263	-0.69373445	0.49670359	0.85729679	-0.40372636
-0.77526263	-0.69373445	0.49670359	0.85729679	-0.4046299
-0.77526263	-0.69373445	0.49670359	0.85729679	-0.40553473
-0.77526263	-0.69373445	0.49670359	0.85729679	-0.40644083
-0.77526263	-0.69373445	0.49670359	0.85729679	-0.40734822
-0.77526263	-0.69373445	0.49670359	0.85729679	-0.40825689
-0.77526263	-0.69373445	0.49670359	0.85729679	-0.40916684
-0.77526263	-0.69373445	0.49670359	0.85729679	-0.41007807
-0.77526263	-0.69373445	0.49670359	0.85729679	-0.41099059
-0.77526263	-0.69373445	0.49670359	0.85729679	-0.41190439
-0.77526263	-0.69373445	0.49670359	0.85729679	-0.41281948
-0.77526263	-0.69373445	0.49670359	0.85729679	-0.41373585
-0.77526263	-0.69373445	0.49670359	0.85729679	-0.41465351
-0.77526263	-0.69373445	0.49670359	0.85729679	-0.41557246
-0.77526263	-0.69373445	0.49670359	0.85729679	-0.4164927
-0.77526263	-0.69373445	0.49670359	0.85729679	-0.41741422
-0.77526263	-0.69373445	0.49670359	0.85729679	-0.41833704
-0.77526263	-0.69373445	0.49670359	0.85729679	-0.41926115
-0.77526263	-0.69373445	0.49670359	0.85729679	-0.42018654
-0.77526263	-0.69373445	0.49670359	0.85729679	-0.42111323
-0.77526263	-0.69373445	0.49670359	0.85729679	-0.42204121
-0.77526263	-0.69373445	0.49670359	0.85729679	-0.42297048
-0.77526263	-0.69373445	0.49670359	0.85729679	-0.42390105
-0.77526263	-0.69373445	0.49670359	0.85729679	-0.42483291
-0.77526263	-0.69373445	0.49670359	0.85729679	-0.42576607
-0.77526263	-0.69373445	0.49670359	0.85729679	-0.42670052
-0.77526263	-0.69373445	0.49670359	0.85729679	-0.42763627
-0.77526263	-0.69373445	0.49670359	0.85729679	-0.42857332
-0.77526263	-0.69373445	0.49670359	0.85729679	-0.42951166
-0.77526263	-0.69373445	0.49670359	0.85729679	-0.43045131
-0.77526263	-0.69373445	0.49670359	0.85729679	-0.43139225
-0.77526263	-0.69373445	0.49670359	0.85729679	-0.43233449
-0.77526263	-0.69373445	0.49670359	0.85729679	-0.43327803
-0.77526263	-0.69373445	0.49670359	0.85729679	-0.43422288
-0.77526263	-0.69373445	0.49670359	0.85729679	-0.43516902
-0.77526263	-0.69373445	0.49670359	0.85729679	-0.43611647
-0.77526263	-0.69373445	0.49670359	0.85729679	-0.43706523
-0.77526263	-0.69373445	0.49670359	0.85729679	-0.43801528
-0.77526263	-0.69373445	0.49670359	0.85729679	-0.43896664
-0.77526263	-0.69373445	0.49670359	0.85729679	-0.43991931
-0.77526263	-0.69373445	0.49670359	0.85729679	-0.44087328
-0.77526263	-0.69373445	0.49670359	0.85729679	-0.44182856
-0.77526263	-0.69373445	0.49670359	0.85729679	-0.44278515
-0.77526263	-0.69373445	0.49670359	0.85729679	-0.44374305
-0.77526263	-0.69373445	0.49670359	0.85729679	-0.44470225
-0.77526263	-0.69373445	0.49670359	0.85729679	-0.44566277
-0.77526263	-0.69373445	0.49670359	0.85729679	-0.44662459
-0.77526263	-0.69373445	0.49670359	0.85729679	-0.44758773
-0.77526263	-0.69373445	0.49670359	0.85729679	-0.44855217
-0.77526263	-0.69373445	0.49670359	0.85729679	-0.44951793
-0.77526263	-0.69373445	0.49670359	0.85729679	-0.450485
-0.77526263	-0.69373445	0.49670359	0.85729679	-0.45145339
-0.77526263	-0.69373445	0.49670359	0.85729679	-0.45242309
-0.77526263	-0.69373445	0.49670359	0.85729679	-0.45339411
-0.77526263	-0.69373445	0.49670359	0.85729679	-0.45436644
-0.77526263	-0.69373445	0.49670359	0.85729679	-0.45534009
-0.77526263	-0.69373445	0.49670359	0.85729679	-0.45631505
-0.77526263	-0.69373445	0.49670359	0.85729679	-0.45729133
-0.77526263	-0.69373445	0.49670359	0.85729679	-0.45826893
-0.77526263	-0.69373445	0.49670359	0.85729679	-0.45924785
-0.77526263	-0.69373445	0.49670359	0.85729679	-0.46022809
-0.77526263	-0.69373445	0.49670359	0.85729679	-0.46120965
-0.77526263	-0.69373445	0.49670359	0.85729679	-0.46219254
-0.77526263	-0.69373445	0.49670359	0.85729679	-0.46317674
-0.77526263	-0.69373445	0.49670359	0.85729679	-0.46416227
-0.77526263	-0.69373445	0.49670359	0.85729679	-0.46514911
-0.77526263	-0.69373445	0.49670359	0.85729679	-0.46613729
-0.77526263	-0.69373445	0.49670359	0.85729679	-0.46712678
-0.77526263	-0.69373445	0.49670359	0.85729679	-0.46811761
-0.77526263	-0.69373445	0.49670359	0.85729679	-0.46910976
-0.77526263	-0.69373445	0.49670359	0.85729679	-0.47010323
-0.77526263	-0.69373445	0.49670359	0.85729679	-0.47109803
-0.77526263	-0.69373445	0.49670359	0.85729679	-0.47209416
-0.77526263	-0.69373445	0.49670359	0.85729679	-0.47309162
-0.77526263	-0.69373445	0.49670359	0.85729679	-0.47409041
-0.77526263	-0.69373445	0.49670359	0.85729679	-0.47509053
-0.77526263	-0.69373445	0.49670359	0.85729679	-0.47609197
-0.77526263	-0.69373445	0.49670359	0.85729679	-0.47709475
-0.77526263	-0.69373445	0.49670359	0.85729679	-0.47809887
-0.77526263	-0.69373445	0.49670359	0.85729679	-0.47910431
-0.77526263	-0.69373445	0.49670359	0.85729679	-0.48011109
-0.77526263	-0.69373445	0.49670359	0.85729679	-0.4811192
-0.77526263	-0.69373445	0.49670359	0.85729679	-0.48212864
-0.77526263	-0.69373445	0.49670359	0.85729679	-0.48313942
-0.77526263	-0.69373445	0.49670359	0.85729679	-0.48415154
-0.77526263	-0.69373445	0.49670359	0.85729679	-0.48516499
-0.77526263	-0.69373445	0.49670359	0.85729679	-0.48617979
-0.77526263	-0.69373445	0.49670359	0.85729679	-0.48719591
-0.77526263	-0.69373445	0.49670359	0.85729679	-0.48821338
-0.77526263	-0.69373445	0.49670359	0.85729679	-0.48923219
-0.77526263	-0.69373445	0.49670359	0.85729679	-0.49025233
-0.77526263	-0.69373445	0.49670359	0.85729679	-0.49127382
-0.77526263	-0.69373445	0.49670359	0.85729679	-0.49229665
-0.77526263	-0.69373445	0.49670359	0.85729679	-0.49332082
-0.77526263	-0.69373445	0.49670359	0.85729679	-0.49434633
-0.77526263	-0.69373445	0.49670359	0.85729679	-0.49537319
-0.77526263	-0.69373445	0.49670359	0.85729679	-0.49640139
-0.77526263	-0.69373445	0.49670359	0.85729679	-0.49743093
-0.77526263	-0.69373445	0.49670359	0.85729679	-0.49846182
-0.77526263	-0.69373445	0.49670359	0.85729679	-0.49949406
-0.77526263	-0.69373445	0.49670359	0.85729679	-0.50052764
-0.77526263	-0.69373445	0.49670359	0.85729679	-0.50156257
-0.77526263	-0.69373445	0.49670359	0.85729679	-0.50259884
-0.77526263	-0.69373445	0.49670359	0.85729679	-0.50363647
-0.77526263	-0.69373445	0.49670359	0.85729679	-0.50467544
-0.77526263	-0.69373445	0.49670359	0.85729679	-0.50571577
-0.77526263	-0.69373445	0.49670359	0.85729679	-0.50675744
-0.77526263	-0.69373445	0.49670359	0.85729679	-0.50780047
-0.77526263	-0.69373445	0.49670359	0.85729679	-0.50884485
-0.77526263	-0.69373445	0.49670359	0.85729679	-0.50989058
-0.77526263	-0.69373445	0.49670359	0.85729679	-0.51093766
-0.77526263	-0.69373445	0.49670359	0.85729679	-0.5119861
-0.77526263	-0.69373445	0.49670359	0.85729679	-0.51303589
-0.77526263	-0.69373445	0.49670359	0.85729679	-0.51408703
-0.77526263	-0.69373445	0.49670359	0.85729679	-0.51513954
-0.77526263	-0.69373445	0.49670359	0.85729679	-0.51619339
-0.77526263	-0.69373445	0.49670359	0.85729679	-0.51724861
-0.77526263	-0.69373445	0.49670359	0.85729679	-0.51830518
-0.77526263	-0.69373445	0.49670359	0.85729679	-0.51936311
-0.77526263	-0.69373445	0.49670359	0.85729679	-0.5204224
-0.77526263	-0.69373445	0.49670359	0.85729679	-0.52148305
-0.77526263	-0.69373445	0.49670359	0.85729679	-0.52254506
-0.77526263	-0.69373445	0.49670359	0.85729679	-0.52360844
-0.77526263	-0.69373445	0.49670359	0.85729679	-0.52467317
-0.77526263	-0.69373445	0.49670359	0.85729679	-0.52573926
-0.77526263	-0.69373445	0.49670359	0.85729679	-0.52680672
-0.77526263	-0.69373445	0.49670359	0.85729679	-0.52787554
-0.77526263	-0.69373445	0.49670359	0.85729679	-0.52894573
-0.77526263	-0.69373445	0.49670359	0.85729679	-0.53001728
-0.77526263	-0.69373445	0.49670359	0.85729679	-0.5310902
-0.77526263	-0.69373445	0.49670359	0.85729679	-0.53216448
-0.77526263	-0.69373445	0.49670359	0.85729679	-0.53324013
-0.77526263	-0.69373445	0.49670359	0.85729679	-0.53431714
-0.77526263	-0.69373445	0.49670359	0.85729679	-0.53539553
-0.77526263	-0.69373445	0.49670359	0.85729679	-0.53647528
-0.77526263	-0.69373445	0.49670359	0.85729679	-0.5375564
-0.77526263	-0.69373445	0.49670359	0.85729679	-0.53863889
-0.77526263	-0.69373445	0.49670359	0.85729679	-0.53972276
-0.77526263	-0.69373445	0.49670359	0.85729679	-0.54080799
-0.77526263	-0.69373445	0.49670359	0.85729679	-0.5418946
-0.77526263	-0.69373445	0.49670359	0.85729679	-0.54298258
-0.77526263	-0.69373445	0.49670359	0.85729679	-0.54407193
-0.77526263	-0.69373445	0.49670359	0.85729679	-0.54516265
-0.77526263	-0.69373445	0.49670359	0.85729679	-0.54625475
-0.77526263	-0.69373445	0.49670359	0.85729679	-0.54734823
-0.77526263	-0.69373445	0.49670359	0.85729679	-0.54844308
-0.77526263	-0.69373445	0.49670359	0.85729679	-0.54953931
-0.77526263	-0.69373445	0.49670359	0.85729679	-0.55063691
-0.77526263	-0.69373445	0.49670359	0.85729679	-0.5517359
-0.77526263	-0.69373445	0.49670359	0.85729679	-0.55283626
-0.77526263	-0.69373445	0.49670359	0.85729679	-0.553938
-0.77526263	-0.69373445	0.49670359	0.85729679	-0.55504111
-0.77526263	-0.69373445	0.49670359	0.85729679	-0.55614561
-0.77526263	-0.69373445	0.49670359	0.85729679	-0.55725149
-0.77526263	-0.69373445	0.49670359	0.85729679	-0.55835876
-0.77526263	-0.69373445	0.49670359	0.85729679	-0.5594674
-0.77526263	-0.69373445	0.49670359	0.85729679	-0.56057743
-0.77526263	-0.69373445	0.49670359	0.85729679	-0.56168884
-0.77526263	-0.69373445	0.49670359	0.85729679	-0.56280163
-0.77526263	-0.69373445	0.49670359	0.85729679	-0.56391581
-0.77526263	-0.69373445	0.49670359	0.85729679	-0.56503138
-0.77526263	-0.69373445	0.49670359	0.85729679	-0.56614833
-0.77526263	-0.69373445	0.49670359	0.85729679	-0.56726666
-0.77526263	-0.69373445	0.49670359	0.85729679	-0.56838639
-0.77526263	-0.69373445	0.49670359	0.85729679	-0.5695075
-0.77526263	-0.69373445	0.49670359	0.85729679	-0.57063
-0.77526263	-0.69373445	0.49670359	0.85729679	-0.57175389
-0.77526263	-0.69373445	0.49670359	0.85729679	-0.57287917
-0.77526263	-0.69373445	0.49670359	0.85729679	-0.57400584
-0.77526263	-0.69373445	0.49670359	0.85729679	-0.5751339
-0.77526263	-0.69373445	0.49670359	0.85729679	-0.57626335
-0.77526263	-0.69373445	0.49670359	0.85729679	-0.5773942
-0.77526263	-0.69373445	0.49670359	0.85729679	-0.57852643
-0.77526263	-0.69373445	0.49670359	0.85729679	-0.57966007
-0.77526263	-0.69373445	0.49670359	0.85729679	-0.58079509
-0.77526263	-0.69373445	0.49670359	0.85729679	-0.58193151
-0.77526263	-0.69373445	0.49670359	0.85729679	-0.58306933
-0.77526263	-0.69373445	0.49670359	0.85729679	-0.58420854
-0.77526263	-0.69373445	0.49670359	0.85729679	-0.58534915
-0.77526263	-0.69373445	0.49670359	0.85729679	-0.58649115
-0.77526263	-0.69373445	0.49670359	0.85729679	-0.58763456
-0.77526263	-0.69373445	0.49670359	0.85729679	-0.58877936
-0.77526263	-0.69373445	0.49670359	0.85729679	-0.58992556
-0.77526263	-0.69373445	0.49670359	0.85729679	-0.59107316
-0.77526263	-0.69373445	0.49670359	0.85729679	-0.59222216
-0.77526263	-0.69373445	0.49670359	0.85729679	-0.59337256
-0.77526263	-0.69373445	0.49670359	0.85729679	-0.59452437
-0.77526263	-0.69373445	0.49670359	0.85729679	-0.59567758
-0.77526263	-0.69373445	0.49670359	0.85729679	-0.59683218
-0.77526263	-0.69373445	0.49670359	0.85729679	-0.5979882
-0.77526263	-0.69373445	0.49670359	0.85729679	-0.59914561
-0.77526263	-0.69373445	0.49670359	0.85729679	-0.60030444
-0.77526263	-0.69373445	0.49670359	0.85729679	-0.60146466
-0.77526263	-0.69373445	0.49670359	0.85729679	-0.6026263
-0.77526263	-0.69373445	0.49670359	0.85729679	-0.60378934
-0.77526263	-0.69373445	0.49670359	0.85729679	-0.60495379
-0.77526263	-0.69373445	0.49670359	0.85729679	-0.60611964
-0.77526263	-0.69373445	0.49670359	0.85729679	-0.6072869
-0.77526263	-0.69373445	0.49670359	0.85729679	-0.60845558
-0.77526263	-0.69373445	0.49670359	0.85729679	-0.60962566
-0.77526263	-0.69373445	0.49670359	0.85729679	-0.61079715
-0.77526263	-0.69373445	0.49670359	0.85729679	-0.61197006
-0.77526263	-0.69373445	0.49670359	0.85729679	-0.61314437
-0.77526263	-0.69373445	0.49670359	0.85729679	-0.6143201
-0.77526263	-0.69373445	0.49670359	0.85729679	-0.61549724
-0.77526263	-0.69373445	0.49670359	0.85729679	-0.6166758
-0.77526263	-0.69373445	0.49670359	0.85729679	-0.61785576
-0.77526263	-0.69373445	0.49670359	0.85729679	-0.61903715
-0.77526263	-0.69373445	0.49670359	0.85729679	-0.62021994
-0.77526263	-0.69373445	0.49670359	0.85729679	-0.62140416
-0.77526263	-0.69373445	0.49670359	0.85729679	-0.62258979
-0.77526263	-0.69373445	0.49670359	0.85729679	-0.62377684
-0.77526263	-0.69373445	0.49670359	0.85729679	-0.6249653
-0.77526263	-0.69373445	0.49670359	0.85729679	-0.62615519
-0.77526263	-0.69373445	0.49670359	0.85729679	-0.62734649
-0.77526263	-0.69373445	0.49670359	0.85729679	-0.62853921
-0.77526263	-0.69373445	0.49670359	0.85729679	-0.62973335
-0.77526263	-0.69373445	0.49670359	0.85729679	-0.63092892
-0.77526263	-0.69373445	0.49670359	0.85729679	-0.6321259
-0.77526263	-0.69373445	0.49670359	0.85729679	-0.63332431
-0.77526263	-0.69373445	0.49670359	0.85729679	-0.63452414
-0.77526263	-0.69373445	0.49670359	0.85729679	-0.63572539
-0.77526263	-0.69373445	0.49670359	0.85729679	-0.63692807
-0.77526263	-0.69373445	0.49670359	0.85729679	-0.63813217
-0.77526263	-0.69373445	0.49670359	0.85729679	-0.63933769
-0.77526263	-0.69373445	0.49670359	0.85729679	-0.64054464
-0.77526263	-0.69373445	0.49670359	0.85729679	-0.64175302
-0.77526263	-0.69373445	0.49670359	0.85729679	-0.64296283
-0.77526263	-0.69373445	0.49670359	0.85729679	-0.64417406
-0.77526263	-0.69373445	0.49670359	0.85729679	-0.64538672
-0.77526263	-0.69373445	0.49670359	0.85729679	-0.64660081
-0.77526263	-0.69373445	0.49670359	0.85729679	-0.64781633
-0.77526263	-0.69373445	0.49670359	0.85729679	-0.64903327
-0.77526263	-0.69373445	0.49670359	0.85729679	-0.65025165
-0.77526263	-0.69373445	0.49670359	0.85729679	-0.65147146
-0.77526263	-0.69373445	0.49670359	0.85729679	-0.6526927
-0.77526263	-0.69373445	0.49670359	0.85729679	-0.65391538
-0.77526263	-0.69373445	0.49670359	0.85729679	-0.65513948
-0.77526263	-0.69373445	0.49670359	0.85729679	-0.65636502
-0.77526263	-0.69373445	0.49670359	0.85729679	-0.657592
-0.77526263	-0.69373445	0.49670359	0.85729679	-0.65882041
-0.77526263	-0.69373445	0.49670359	0.85729679	-0.66005025
-0.77526263	-0.69373445	0.49670359	0.85729679	-0.66128153
-0.77526263	-0.69373445	0.49670359	0.85729679	-0.66251425
-0.77526263	-0.69373445	0.49670359	0.85729679	-0.6637484
-0.77526263	-0.69373445	0.49670359	0.85729679	-0.664984
-0.77526263	-0.69373445	0.49670359	0.85729679	-0.66622103
-0.77526263	-0.69373445	0.49670359	0.85729679	-0.66745949
-0.77526263	-0.69373445	0.49670359	0.85729679	-0.6686994
-0.77526263	-0.69373445	0.49670359	0.85729679	-0.66994075
-0.77526263	-0.69373445	0.49670359	0.85729679	-0.67118354
-0.77526263	-0.69373445	0.49670359	0.85729679	-0.67242777
-0.77526263	-0.69373445	0.49670359	0.85729679	-0.67367344
-0.77526263	-0.69373445	0.49670359	0.85729679	-0.67492056
-0.77526263	-0.69373445	0.49670359	0.85729679	-0.67616912
-0.77526263	-0.69373445	0.49670359	0.85729679	-0.67741912
-0.77526263	-0.69373445	0.49670359	0.85729679	-0.67867056
-0.77526263	-0.69373445	0.49670359	0.85729679	-0.67992346
-0.77526263	-0.69373445	0.49670359	0.85729679	-0.68117779
-0.77526263	-0.69373445	0.49670359	0.85729679	-0.68243357
-0.77526263	-0.69373445	0.49670359	0.85729679	-0.6836908
-0.77526263	-0.69373445	0.49670359	0.85729679	-0.68494948
-0.77526263	-0.69373445	0.49670359	0.85729679	-0.6862096
-0.77526263	-0.69373445	0.49670359	0.85729679	-0.68747118
-0.77526263	-0.69373445	0.49670359	0.85729679	-0.6887342
-0.77526263	-0.69373445	0.49670359	0.85729679	-0.68999867
-0.77526263	-0.69373445	0.49670359	0.85729679	-0.69126459
-0.77526263	-0.69373445	0.49670359	0.85729679	-0.69253196
-0.77526263	-0.69373445	0.49670359	0.85729679	-0.69380079
-0.77526263	-0.69373445	0.49670359	0.85729679	-0.69507106
-0.77526263	-0.69373445	0.49670359	0.85729679	-0.69634279
-0.77526263	-0.69373445	0.49670359	0.85729679	-0.69761597
-0.77526263	-0.69373445	0.49670359	0.85729679	-0.69889061
-0.77526263	-0.69373445	0.49670359	0.85729679	-0.7001667
-0.77526263	-0.69373445	0.49670359	0.85729679	-0.70144424
-0.77526263	-0.69373445	0.49670359	0.85729679	-0.70272324
-0.77526263	-0.69373445	0.49670359	0.85729679	-0.70400369
-0.77526263	-0.69373445	0.49670359	0.85729679	-0.70528561
-0.77526263	-0.69373445	0.49670359	0.85729679	-0.70656898
-0.77526263	-0.69373445	0.49670359	0.85729679	-0.7078538
-0.77526263	-0.69373445	0.49670359	0.85729679	-0.70914009
-0.77526263	-0.69373445	0.49670359	0.85729679	-0.71042783
-0.77526263	-0.69373445	0.49670359	0.85729679	-0.71171704
-0.77526263	-0.69373445	0.49670359	0.85729679	-0.7130077
-0.77526263	-0.69373445	0.49670359	0.85729679	-0.71429983
-0.77526263	-0.69373445	0.49670359	0.85729679	-0.71559342
-0.77526263	-0.69373445	0.49670359	0.85729679	-0.71688846
-0.77526263	-0.69373445	0.49670359	0.85729679	-0.71818498
-0.77526263	-0.69373445	0.49670359	0.85729679	-0.71948295
-0.77526263	-0.69373445	0.49670359	0.85729679	-0.72078239
-0.77526263	-0.69373445	0.49670359	0.85729679	-0.72208329
-0.77526263	-0.69373445	0.49670359	0.85729679	-0.72338566
-0.77526263	-0.69373445	0.49670359	0.85729679	-0.72468949
-0.77526263	-0.69373445	0.49670359	0.85729679	-0.72599479
-0.77526263	-0.69373445	0.49670359	0.85729679	-0.72730155
-0.77526263	-0.69373445	0.49670359	0.85729679	-0.72860978
-0.77526263	-0.69373445	0.49670359	0.85729679	-0.72991948
-0.77526263	-0.69373445	0.49670359	0.85729679	-0.73123065
-0.77526263	-0.69373445	0.49670359	0.85729679	-0.73254329
-0.77526263	-0.69373445	0.49670359	0.85729679	-0.73385739
-0.77526263	-0.69373445	0.49670359	0.85729679	-0.73517297
-0.77526263	-0.69373445	0.49670359	0.85729679	-0.73649002
-0.77526263	-0.69373445	0.49670359	0.85729679	-0.73780853
-0.77526263	-0.69373445	0.49670359	0.85729679	-0.73912852
-0.77526263	-0.69373445	0.49670359	0.85729679	-0.74044999
-0.77526263	-0.69373445	0.49670359	0.85729679	-0.74177292
-0.77526263	-0.69373445	0.49670359	0.85729679	-0.74309733
-0.77526263	-0.69373445	0.49670359	0.85729679	-0.74442321
-0.77526263	-0.69373445	0.49670359	0.85729679	-0.74575057
-0.77526263	-0.69373445	0.49670359	0.85729679	-0.7470794
-0.77526263	-0.69373445	0.49670359	0.85729679	-0.74840971
-0.77526263	-0.69373445	0.49670359	0.85729679	-0.74974149
-0.77526263	-0.69373445	0.49670359	0.85729679	-0.75107475
-0.77526263	-0.69373445	0.49670359	0.85729679	-0.75240949
-0.77526263	-0.69373445	0.49670359	0.85729679	-0.75374571
-0.77526263	-0.69373445	0.49670359	0.85729679	-0.7550834
-0.77526263	-0.69373445	0.49670359	0.85729679	-0.75642258
-0.77526263	-0.69373445	0.49670359	0.85729679	-0.75776323
-0.77526263	-0.69373445	0.49670359	0.85729679	-0.75910537
-0.77526263	-0.69373445	0.49670359	0.85729679	-0.76044898
-0.77526263	-0.69373445	0.49670359	0.85729679	-0.76179408
-0.77526263	-0.69373445	0.49670359	0.85729679	-0.76314066
-0.77526263	-0.69373445	0.49670359	0.85729679	-0.76448872
-0.77526263	-0.69373445	0.49670359	0.85729679	-0.76583826
-0.77526263	-0.69373445	0.49670359	0.85729679	-0.76718929
-0.77526263	-0.69373445	0.49670359	0.85729679	-0.7685418
-0.77526263	-0.69373445	0.49670359	0.85729679	-0.7698958
-0.77526263	-0.69373445	0.49670359	0.85729679	-0.77125128
-0.77526263	-0.69373445	0.49670359	0.85729679	-0.77260825
-0.77526263	-0.69373445	0.49670359	0.85729679	-0.77396671
-0.77526263	-0.69373445	0.49670359	0.85729679	-0.77532665
-0.77526263	-0.69373445	0.49670359	0.85729679	-0.77668808
-0.77526263	-0.69373445	0.49670359	0.85729679	-0.778051
-0.77526263	-0.69373445	0.49670359	0.85729679	-0.7794154
-0.77526263	-0.69373445	0.49670359	0.85729679	-0.7807813
-0.77526263	-0.69373445	0.49670359	0.85729679	-0.78214869
-0.77526263	-0.69373445	0.49670359	0.85729679	-0.78351756
-0.77526263	-0.69373445	0.49670359	0.85729679	-0.78488793
-0.77526263	-0.69373445	0.49670359	0.85729679	-0.78625979
-0.77526263	-0.69373445	0.49670359	0.85729679	-0.78763314
-0.77526263	-0.69373445	0.49670359	0.85729679	-0.78900799
-0.77526263	-0.69373445	0.49670359	0.85729679	-0.79038432
-0.77526263	-0.69373445	0.49670359	0.85729679	-0.79176215
-0.77526263	-0.69373445	0.49670359	0.85729679	-0.79314148
-0.77526263	-0.69373445	0.49670359	0.85729679	-0.7945223
-0.77526263	-0.69373445	0.49670359	0.85729679	-0.79590462
-0.77526263	-0.69373445	0.49670359	0.85729679	-0.79728843
-0.77526263	-0.69373445	0.49670359	0.85729679	-0.79867374
-0.77526263	-0.69373445	0.49670359	0.85729679	-0.80006054
-0.77526263	-0.69373445	0.49670359	0.85729679	-0.80144885
-0.77526263	-0.69373445	0.49670359	0.85729679	-0.80283865
-0.77526263	-0.69373445	0.49670359	0.85729679	-0.80422995
-0.77526263	-0.69373445	0.49670359	0.85729679	-0.80562275
-0.77526263	-0.69373445	0.49670359	0.85729679	-0.80701705
-0.77526263	-0.69373445	0.49670359	0.85729679	-0.80841285
-0.77526263	-0.69373445	0.49670359	0.85729679	-0.80981015
-0.77526263	-0.69373445	0.49670359	0.85729679	-0.81120896
-0.77526263	-0.69373445	0.49670359	0.85729679	-0.81260926
-0.77526263	-0.69373445	0.49670359	0.85729679	-0.81401107
-0.77526263	-0.69373445	0.49670359	0.85729679	-0.81541438
-0.77526263	-0.69373445	0.49670359	0.85729679	-0.8168192
-0.77526263	-0.69373445	0.49670359	0.85729679	-0.81822552
-0.77526263	-0.69373445	0.49670359	0.85729679	-0.81963334
-0.77526263	-0.69373445	0.49670359	0.85729679	-0.82104267
-0.77526263	-0.69373445	0.49670359	0.85729679	-0.82245351
-0.77526263	-0.69373445	0.49670359	0.85729679	-0.82386585
-0.77526263	-0.69373445	0.49670359	0.85729679	-0.8252797
-0.77526263	-0.69373445	0.49670359	0.85729679	-0.82669506
-0.77526263	-0.69373445	0.49670359	0.85729679	-0.82811192
-0.77526263	-0.69373445	0.49670359	0.85729679	-0.8295303
-0.77526263	-0.69373445	0.49670359	0.85729679	-0.83095018
-0.77526263	-0.69373445	0.49670359	0.85729679	-0.83237157
-0.77526263	-0.69373445	0.49670359	0.85729679	-0.83379448
-0.77526263	-0.69373445	0.49670359	0.85729679	-0.83521889
-0.77526263	-0.69373445	0.49670359	0.85729679	-0.83664482
-0.77526263	-0.69373445	0.49670359	0.85729679	-0.83807226
-0.77526263	-0.69373445	0.49670359	0.85729679	-0.83950121
-0.77526263	-0.69373445	0.49670359	0.85729679	-0.84093167
-0.77526263	-0.69373445	0.49670359	0.85729679	-0.84236365
-0.77526263	-0.69373445	0.49670359	0.85729679	-0.84379714
-0.77526263	-0.69373445	0.49670359	0.85729679	-0.84523215
-0.77526263	-0.69373445	0.49670359	0.85729679	-0.84666867
-0.77526263	-0.69373445	0.49670359	0.85729679	-0.84810671
-0.77526263	-0.69373445	0.49670359	0.85729679	-0.84954626
-0.77526263	-0.69373445	0.49670359	0.85729679	-0.85098733
-0.77526263	-0.69373445	0.49670359	0.85729679	-0.85242992
-0.77526263	-0.69373445	0.49670359	0.85729679	-0.85387403
-0.77526263	-0.69373445	0.49670359	0.85729679	-0.85531965
-0.77526263	-0.69373445	0.49670359	0.85729679	-0.8567668
-0.77526263	-0.69373445	0.49670359	0.85729679	-0.85821546
-0.77526263	-0.69373445	0.49670359	0.85729679	-0.85966564
-0.77526263	-0.69373445	0.49670359	0.85729679	-0.86111735
-0.77526263	-0.69373445	0.49670359	0.85729679	-0.86257057
-0.77526263	-0.69373445	0.49670359	0.85729679	-0.86402532
-0.77526263	-0.69373445	0.49670359	0.85729679	-0.86548159
-0.77526263	-0.69373445	0.49670359	0.85729679	-0.86693939
-0.77526263	-0.69373445	0.49670359	0.85729679	-0.8683987
-0.77526263	-0.69373445	0.49670359	0.85729679	-0.86985954
-0.77526263	-0.69373445	0.49670359	0.85729679	-0.87132191
-0.77526263	-0.69373445	0.49670359	0.85729679	-0.8727858
-0.77526263	-0.69373445	0.49670359	0.85729679	-0.87425121
-0.77526263	-0.69373445	0.49670359	0.85729679	-0.87571815
-0.77526263	-0.69373445	0.49670359	0.85729679	-0.87718662
-0.77526263	-0.69373445	0.49670359	0.85729679	-0.87865662
-0.77526263	-0.69373445	0.49670359	0.85729679	-0.88012814
-0.77526263	-0.69373445	0.49670359	0.85729679	-0.88160119
-0.77526263	-0.69373445	0.49670359	0.85729679	-0.88307577
-0.77526263	-0.69373445	0.49670359	0.85729679	-0.88455188
-0.77526263	-0.69373445	0.49670359	0.85729679	-0.88602952
-0.77526263	-0.69373445	0.49670359	0.85729679	-0.88750869
-0.77526263	-0.69373445	0.49670359	0.85729679	-0.88898939
-0.77526263	-0.69373445	0.49670359	0.85729679	-0.89047162
-0.77526263	-0.69373445	0.49670359	0.85729679	-0.89195538
-0.77526263	-0.69373445	0.49670359	0.85729679	-0.89344068
-0.77526263	-0.69373445	0.49670359	0.85729679	-0.8949275
-0.77526263	-0.69373445	0.49670359	0.85729679	-0.89641587
-0.77526263	-0.69373445	0.49670359	0.85729679	-0.89790576
-0.77526263	-0.69373445	0.49670359	0.85729679	-0.89939719
-0.77526263	-0.69373445	0.49670359	0.85729679	-0.90089016
-0.77526263	-0.69373445	0.49670359	0.85729679	-0.90238466
-0.77526263	-0.69373445	0.49670359	0.85729679	-0.9038807
-0.77526263	-0.69373445	0.49670359	0.85729679	-0.90537827
-0.77526263	-0.69373445	0.49670359	0.85729679	-0.90687738
-0.77526263	-0.69373445	0.49670359	0.85729679	-0.90837803
-0.77526263	-0.69373445	0.49670359	0.85729679	-0.90988022
-0.77526263	-0.69373445	0.49670359	0.85729679	-0.91138395
-0.77526263	-0.69373445	0.49670359	0.85729679	-0.91288921
-0.77526263	-0.69373445	0.49670359	0.85729679	-0.91439602
-0.77526263	-0.69373445	0.49670359	0.85729679	-0.91590436
-0.77526263	-0.69373445	0.49670359	0.85729679	-0.91741425
-0.77526263	-0.69373445	0.49670359	0.85729679	-0.91892568
-0.77526263	-0.69373445	0.49670359	0.85729679	-0.92043865
-0.77526263	-0.69373445	0.49670359	0.85729679	-0.92195316
-0.77526263	-0.69373445	0.49670359	0.85729679	-0.92346922
-0.77526263	-0.69373445	0.49670359	0.85729679	-0.92498681
-0.77526263	-0.69373445	0.49670359	0.85729679	-0.92650596
-0.77526263	-0.69373445	0.49670359	0.85729679	-0.92802665
-0.77526263	-0.69373445	0.49670359	0.85729679	-0.92954888
-0.77526263	-0.69373445	0.49670359	0.85729679	-0.93107266
-0.77526263	-0.69373445	0.49670359	0.85729679	-0.93259798
-0.77526263	-0.69373445	0.49670359	0.85729679	-0.93412485
-0.77526263	-0.69373445	0.49670359	0.85729679	-0.93565327
-0.77526263	-0.69373445	0.49670359	0.85729679	-0.93718323
-0.77526263	-0.69373445	0.49670359	0.85729679	-0.93871475
-0.77526263	-0.69373445	0.49670359	0.85729679	-0.94024781
-0.77526263	-0.69373445	0.49670359	0.85729679	-0.94178242
-0.77526263	-0.69373445	0.49670359	0.85729679	-0.94331858
-0.77526263	-0.69373445	0.49670359	0.85729679	-0.94485629
-0.77526263	-0.69373445	0.49670359	0.85729679	-0.94639556
-0.77526263	-0.69373445	0.49670359	0.85729679	-0.94793637
-0.77526263	-0.69373445	0.49670359	0.85729679	-0.94947873
-0.77526263	-0.69373445	0.49670359	0.85729679	-0.95102265
-0.77526263	-0.69373445	0.49670359	0.85729679	-0.95256812
-0.77526263	-0.69373445	0.49670359	0.85729679	-0.95411514
-0.77526263	-0.69373445	0.49670359	0.85729679	-0.95566372
-0.77526263	-0.69373445	0.49670359	0.85729679	-0.95721385
-0.77526263	-0.69373445	0.49670359	0.85729679	-0.95876554
-0.77526263	-0.69373445	0.49670359	0.85729679	-0.96031878
-0.77526263	-0.69373445	0.49670359	0.85729679	-0.96187358
-0.77526263	-0.69373445	0.49670359	0.85729679	-0.96342993
-0.77526263	-0.69373445	0.49670359	0.85729679	-0.96498784
-0.77526263	-0.69373445	0.49670359	0.85729679	-0.96654731
-0.77526263	-0.69373445	0.49670359	0.85729679	-0.96810834
-0.77526263	-0.69373445	0.49670359	0.85729679	-0.96967092
-0.77526263	-0.69373445	0.49670359	0.85729679	-0.97123507
-0.77526263	-0.69373445	0.49670359	0.85729679	-0.97280077
-0.77526263	-0.69373445	0.49670359	0.85729679	-0.97436803
-0.77526263	-0.69373445	0.49670359	0.85729679	-0.97593686
-0.77526263	-0.69373445	0.49670359	0.85729679	-0.97750724
-0.77526263	-0.69373445	0.49670359	0.85729679	-0.97907919
-0.77526263	-0.69373445	0.49670359	0.85729679	-0.9806527
-0.77526263	-0.69373445	0.49670359	0.85729679	-0.98222777
-0.77526263	-0.69373445	0.49670359	0.85729679	-0.9838044
-0.77526263	-0.69373445	0.49670359	0.85729679	-0.9853826
-0.77526263	-0.69373445	0.49670359	0.85729679	-0.98696236
-0.77526263	-0.69373445	0.49670359	0.85729679	-0.98854368
-0.77526263	-0.69373445	0.49670359	0.85729679	-0.99012657
-0.77526263	-0.69373445	0.49670359	0.85729679	-0.99171103
-0.77526263	-0.69373445	0.49670359	0.85729679	-0.99329705
-0.77526263	-0.69373445	0.49670359	0.85729679	-0.99488464
-0.77526263	-0.69373445	0.49670359	0.85729679	-0.9964738
-0.77526263	-0.69373445	0.49670359	0.85729679	-0.99806452
-0.77526263	-0.69373445	0.49670359	0.85729679	-0.99965681
-0.77526263	-0.69373445	0.49670359	0.85729679	-1.0012507
-0.77526263	-0.69373445	0.49670359	0.85729679	-1.0028461
-0.77526263	-0.69373445	0.49670359	0.85729679	-1.0044431
-0.77526263	-0.69373445	0.49670359	0.85729679	-1.0060417
-0.77526263	-0.69373445	0.49670359	0.85729679	-1.0076418
-0.77526263	-0.69373445	0.49670359	0.85729679	-1.0092435
-0.77526263	-0.69373445	0.49670359	0.85729679	-1.0108468
-0.77526263	-0.69373445	0.49670359	0.85729679	-1.0124516
-0.77526263	-0.69373445	0.49670359	0.85729679	-1.0140581
-0.77526263	-0.69373445	0.49670359	0.85729679	-1.0156661
-0.77526263	-0.69373445	0.49670359	0.85729679	-1.0172756
-0.77526263	-0.69373445	0.49670359	0.85729679	-1.0188868
-0.77526263	-0.69373445	0.49670359	0.85729679	-1.0204995
-0.77526263	-0.69373445	0.49670359	0.85729679	-1.0221138
-0.77526263	-0.69373445	0.49670359	0.85729679	-1.0237297
-0.77526263	-0.69373445	0.49670359	0.85729679	-1.0253471
-0.77526263	-0.69373445	0.49670359	0.85729679	-1.0269662
-0.77526263	-0.69373445	0.49670359	0.85729679	-1.0285868
-0.77526263	-0.69373445	0.49670359	0.85729679	-1.0302089
-0.77526263	-0.69373445	0.49670359	0.85729679	-1.0318327
-0.77526263	-0.69373445	0.49670359	0.85729679	-1.033458
-0.77526263	-0.69373445	0.49670359	0.85729679	-1.0350849
-0.77526263	-0.69373445	0.49670359	0.85729679	-1.0367134
-0.77526263	-0.69373445	0.49670359	0.85729679	-1.0383435
-0.77526263	-0.69373445	0.49670359	0.85729679	-1.0399752
-0.77526263	-0.69373445	0.49670359	0.85729679	-1.0416084
-0.77526263	-0.69373445	0.49670359	0.85729679	-1.0432432
-0.77526263	-0.69373445	0.49670359	0.85729679	-1.0448796
-0.77526263	-0.69373445	0.49670359	0.85729679	-1.0465176
-0.77526263	-0.69373445	0.49670359	0.85729679	-1.0481572
-0.77526263	-0.69373445	0.49670359	0.85729679	-1.0497983
-0.77526263	-0.69373445	0.49670359	0.85729679	-1.051441
-0.77526263	-0.69373445	0.49670359	0.85729679	-1.0530853
-0.77526263	-0.69373445	0.49670359	0.85729679	-1.0547312
-0.77526263	-0.69373445	0.49670359	0.85729679	-1.0563787
-0.77526263	-0.69373445	0.49670359	0.85729679	-1.0580278
-0.77526263	-0.69373445	0.49670359	0.85729679	-1.0596785
-0.77526263	-0.69373445	0.49670359	0.85729679	-1.0613307
-0.77526263	-0.69373445	0.49670359	0.85729679	-1.0629845
-0.77526263	-0.69373445	0.49670359	0.85729679	-1.06464
-0.77526263	-0.69373445	0.49670359	0.85729679	-1.066297
-0.77526263	-0.69373445	0.49670359	0.85729679	-1.0679556
-0.77526263	-0.69373445	0.49670359	0.85729679	-1.0696157
-0.77526263	-0.69373445	0.49670359	0.85729679	-1.0712775
-0.77526263	-0.69373445	0.49670359	0.85729679	-1.0729409
-0.77526263	-0.69373445	0.49670359	0.85729679	-1.0746058
-0.77526263	-0.69373445	0.49670359	0.85729679	-1.0762724
-0.77526263	-0.69373445	0.49670359	0.85729679	-1.0779405
-0.77526263	-0.69373445	0.49670359	0.85729679	-1.0796103
-0.77526263	-0.69373445	0.49670359	0.85729679	-1.0812816
-0.77526263	-0.69373445	0.49670359	0.85729679	-1.0829545
-0.77526263	-0.69373445	0.49670359	0.85729679	-1.084629
-0.77526263	-0.69373445	0.49670359	0.85729679	-1.0863051
-0.77526263	-0.69373445	0.49670359	0.85729679	-1.0879828
-0.77526263	-0.69373445	0.49670359	0.85729679	-1.0896621
-0.77526263	-0.69373445	0.49670359	0.85729679	-1.091343
-0.77526263	-0.69373445	0.49670359	0.85729679	-1.0930255
-0.77526263	-0.69373445	0.49670359	0.85729679	-1.0947096
-0.77526263	-0.69373445	0.49670359	0.85729679	-1.0963953
-0.77526263	-0.69373445	0.49670359	0.85729679	-1.0980825
-0.77526263	-0.69373445	0.49670359	0.85729679	-1.0997714
-0.77526263	-0.69373445	0.49670359	0.85729679	-1.1014619
-0.77526263	-0.69373445	0.49670359	0.85729679	-1.1031539
-0.77526263	-0.69373445	0.49670359	0.85729679	-1.1048476
-0.77526263	-0.69373445	0.49670359	0.85729679	-1.1065429
-0.77526263	-0.69373445	0.49670359	0.85729679	-1.1082398
-0.77526263	-0.69373445	0.49670359	0.85729679	-1.1099382
-0.77526263	-0.69373445	0.49670359	0.85729679	-1.1116383
-0.77526263	-0.69373445	0.49670359	0.85729679	-1.11334
-0.77526263	-0.69373445	0.49670359	0.85729679	-1.1150433
-0.77526263	-0.69373445	0.49670359	0.85729679	-1.1167481
-0.77526263	-0.69373445	0.49670359	0.85729679	-1.1184546
-0.77526263	-0.69373445	0.49670359	0.85729679	-1.1201627
-0.77526263	-0.69373445	0.49670359	0.85729679	-1.1218724
-0.77526263	-0.69373445	0.49670359	0.85729679	-1.1235837
-0.77526263	-0.69373445	0.49670359	0.85729679	-1.1252966
-0.77526263	-0.69373445	0.49670359	0.85729679	-1.1270111
-0.77526263	-0.69373445	0.49670359	0.85729679	-1.1287272
-0.77526263	-0.69373445	0.49670359	0.85729679	-1.1304449
-0.77526263	-0.69373445	0.49670359	0.85729679	-1.1321643
-0.77526263	-0.69373445	0.49670359	0.85729679	-1.1338852
-0.77526263	-0.69373445	0.49670359	0.85729679	-1.1356077
-0.77526263	-0.69373445	0.49670359	0.85729679	-1.1373319
-0.77526263	-0.69373445	0.49670359	0.85729679	-1.1390576
-0.77526263	-0.69373445	0.49670359	0.85729679	-1.140785
-0.77526263	-0.69373445	0.49670359	0.85729679	-1.142514
-0.77526263	-0.69373445	0.49670359	0.85729679	-1.1442446
-0.77526263	-0.69373445	0.49670359	0.85729679	-1.1459768
-0.77526263	-0.69373445	0.49670359	0.85729679	-1.1477106
-0.77526263	-0.69373445	0.49670359	0.85729679	-1.149446
-0.77526263	-0.69373445	0.49670359	0.85729679	-1.151183
-0.77526263	-0.69373445	0.49670359	0.85729679	-1.1529217
-0.77526263	-0.69373445	0.49670359	0.85729679	-1.1546619
-0.77526263	-0.69373445	0.49670359	0.85729679	-1.1564038
-0.77526263	-0.69373445	0.49670359	0.85729679	-1.1581473
-0.77526263	-0.69373445	0.49670359	0.85729679	-1.1598924
-0.77526263	-0.69373445	0.49670359	0.85729679	-1.1616391
-0.77526263	-0.69373445	0.49670359	0.85729679	-1.1633874
-0.77526263	-0.69373445	0.49670359	0.85729679	-1.1651374
-0.77526263	-0.69373445	0.49670359	0.85729679	-1.1668889
-0.77526263	-0.69373445	0.49670359	0.85729679	-1.1686421
-0.77526263	-0.69373445	0.49670359	0.85729679	-1.1703969
-0.77526263	-0.69373445	0.49670359	0.85729679	-1.1721533
-0.77526263	-0.69373445	0.49670359	0.85729679	-1.1739113
-0.77526263	-0.69373445	0.49670359	0.85729679	-1.175671
-0.77526263	-0.69373445	0.49670359	0.85729679	-1.1774323
-0.77526263	-0.69373445	0.49670359	0.85729679	-1.1791951
-0.77526263	-0.69373445	0.49670359	0.85729679	-1.1809596
-0.77526263	-0.69373445	0.49670359	0.85729679	-1.1827258
-0.77526263	-0.69373445	0.49670359	0.85729679	-1.1844935
-0.77526263	-0.69373445	0.49670359	0.85729679	-1.1862629
-0.77526263	-0.69373445	0.49670359	0.85729679	-1.1880339
-0.77526263	-0.69373445	0.49670359	0.85729679	-1.1898065
-0.77526263	-0.69373445	0.49670359	0.85729679	-1.1915807
-0.77526263	-0.69373445	0.49670359	0.85729679	-1.1933566
-0.77526263	-0.69373445	0.49670359	0.85729679	-1.1951341
-0.77526263	-0.69373445	0.49670359	0.85729679	-1.1969132
-0.77526263	-0.69373445	0.49670359	0.85729679	-1.1986939
-0.77526263	-0.69373445	0.49670359	0.85729679	-1.2004763
-0.77526263	-0.69373445	0.49670359	0.85729679	-1.2022603
-0.77526263	-0.69373445	0.49670359	0.85729679	-1.2040459
-0.77526263	-0.69373445	0.49670359	0.85729679	-1.2058331
-0.77526263	-0.69373445	0.49670359	0.85729679	-1.207622
-0.77526263	-0.69373445	0.49670359	0.85729679	-1.2094124
-0.77526263	-0.69373445	0.49670359	0.85729679	-1.2112046
-0.77526263	-0.69373445	0.49670359	0.85729679	-1.2129983
-0.77526263	-0.69373445	0.49670359	0.85729679	-1.2147937
-0.77526263	-0.69373445	0.49670359	0.85729679	-1.2165907
-0.77526263	-0.69373445	0.49670359	0.85729679	-1.2183893
-0.77526263	-0.69373445	0.49670359	0.85729679	-1.2201896
-0.77526263	-0.69373445	0.49670359	0.85729679	-1.2219915
-0.77526263	-0.69373445	0.49670359	0.85729679	-1.223795
-0.77526263	-0.69373445	0.49670359	0.85729679	-1.2256001
-0.77526263	-0.69373445	0.49670359	0.85729679	-1.2274069
-0.77526263	-0.69373445	0.49670359	0.85729679	-1.2292153
-0.77526263	-0.69373445	0.49670359	0.85729679	-1.2310254
-0.77526263	-0.69373445	0.49670359	0.85729679	-1.2328371
-0.77526263	-0.69373445	0.49670359	0.85729679	-1.2346504
-0.77526263	-0.69373445	0.49670359	0.85729679	-1.2364653
-0.77526263	-0.69373445	0.49670359	0.85729679	-1.2382819
-0.77526263	-0.69373445	0.49670359	0.85729679	-1.2401001
-0.77526263	-0.69373445	0.49670359	0.85729679	-1.24192
-0.77526263	-0.69373445	0.49670359	0.85729679	-1.2437415
-0.77526263	-0.69373445	0.49670359	0.85729679	-1.2455646
-0.77526263	-0.69373445	0.49670359	0.85729679	-1.2473894
-0.77526263	-0.69373445	0.49670359	0.85729679	-1.2492158
-0.77526263	-0.69373445	0.49670359	0.85729679	-1.2510438
-0.77526263	-0.69373445	0.49670359	0.85729679	-1.2528735
-0.77526263	-0.69373445	0.49670359	0.85729679	-1.2547048
-0.77526263	-0.69373445	0.49670359	0.85729679	-1.2565378
-0.77526263	-0.69373445	0.49670359	0.85729679	-1.2583724
-0.77526263	-0.69373445	0.49670359	0.85729679	-1.2602086
-0.77526263	-0.69373445	0.49670359	0.85729679	-1.2620465
-0.77526263	-0.69373445	0.49670359	0.85729679	-1.263886
-0.77526263	-0.69373445	0.49670359	0.85729679	-1.2657271
-0.77526263	-0.69373445	0.49670359	0.85729679	-1.2675699
-0.77526263	-0.69373445	0.49670359	0.85729679	-1.2694144
-0.77526263	-0.69373445	0.49670359	0.85729679	-1.2712604
-0.77526263	-0.69373445	0.49670359	0.85729679	-1.2731082
-0.77526263	-0.69373445	0.49670359	0.85729679	-1.2749575
-0.77526263	-0.69373445	0.49670359	0.85729679	-1.2768085
-0.77526263	-0.69373445	0.49670359	0.85729679	-1.2786612
-0.77526263	-0.69373445	0.49670359	0.85729679	-1.2805155
-0.77526263	-0.69373445	0.49670359	0.85729679	-1.2823714
-0.77526263	-0.69373445	0.49670359	0.85729679	-1.284229
-0.77526263	-0.69373445	0.49670359	0.85729679	-1.2860883
-0.77526263	-0.69373445	0.49670359	0.85729679	-1.2879491
-0.77526263	-0.69373445	0.49670359	0.85729679	-1.2898117
-0.77526263	-0.69373445	0.49670359	0.85729679	-1.2916758
-0.77526263	-0.69373445	0.49670359	0.85729679	-1.2935417
-0.77526263	-0.69373445	0.49670359	0.85729679	-1.2954091
-0.77526263	-0.69373445	0.49670359	0.85729679	-1.2972782
-0.77526263	-0.69373445	0.49670359	0.85729679	-1.299149
-0.77526263	-0.69373445	0.49670359	0.85729679	-1.3010214
-0.77526263	-0.69373445	0.49670359	0.85729679	-1.3028955
-0.77526263	-0.69373445	0.49670359	0.85729679	-1.3047712
-0.77526263	-0.69373445	0.49670359	0.85729679	-1.3066486
-0.77526263	-0.69373445	0.49670359	0.85729679	-1.3085276
-0.77526263	-0.69373445	0.49670359	0.85729679	-1.3104083
-0.77526263	-0.69373445	0.49670359	0.85729679	-1.3122906
-0.77526263	-0.69373445	0.49670359	0.85729679	-1.3141746
-0.77526263	-0.69373445	0.49670359	0.85729679	-1.3160602
-0.77526263	-0.69373445	0.49670359	0.85729679	-1.3179475
-0.77526263	-0.69373445	0.49670359	0.85729679	-1.3198364
-0.77526263	-0.69373445	0.49670359	0.85729679	-1.321727
-0.77526263	-0.69373445	0.49670359	0.85729679	-1.3236192
-0.77526263	-0.69373445	0.49670359	0.85729679	-1.3255131
-0.77526263	-0.69373445	0.49670359	0.85729679	-1.3274087
-0.77526263	-0.69373445	0.49670359	0.85729679	-1.3293059
-0.77526263	-0.69373445	0.49670359	0.85729679	-1.3312048
-0.77526263	-0.69373445	0.49670359	0.85729679	-1.3331053
-0.77526263	-0.69373445	0.49670359	0.85729679	-1.3350075
-0.77526263	-0.69373445	0.49670359	0.85729679	-1.3369113
-0.77526263	-0.69373445	0.49670359	0.85729679	-1.3388168
-0.77526263	-0.69373445	0.49670359	0.85729679	-1.340724
-0.77526263	-0.69373445	0.49670359	0.85729679	-1.3426328
-0.77526263	-0.69373445	0.49670359	0.85729679	-1.3445432
-0.77526263	-0.69373445	0.49670359	0.85729679	-1.3464554
-0.77526263	-0.69373445	0.49670359	0.85729679	-1.3483692
-0.77526263	-0.69373445	0.49670359	0.85729679	-1.3502846
-0.77526263	-0.69373445	0.49670359	0.85729679	-1.3522017
-0.77526263	-0.69373445	0.49670359	0.85729679	-1.3541205
-0.77526263	-0.69373445	0.49670359	0.85729679	-1.3560409
-0.77526263	-0.69373445	0.49670359	0.85729679	-1.357963
-0.77526263	-0.69373445	0.49670359	0.85729679	-1.3598868
-0.77526263	-0.69373445	0.49670359	0.85729679	-1.3618122
-0.77526263	-0.69373445	0.49670359	0.85729679	-1.3637393
-0.77526263	-0.69373445	0.49670359	0.85729679	-1.365668
-0.77526263	-0.69373445	0.49670359	0.85729679	-1.3675985
-0.77526263	-0.69373445	0.49670359	0.85729679	-1.3695305
-0.77526263	-0.69373445	0.49670359	0.85729679	-1.3714643
-0.77526263	-0.69373445	0.49670359	0.85729679	-1.3733997
-0.77526263	-0.69373445	0.49670359	0.85729679	-1.3753368
-0.77526263	-0.69373445	0.49670359	0.85729679	-1.3772755
-0.77526263	-0.69373445	0.49670359	0.85729679	-1.3792159
-0.77526263	-0.69373445	0.49670359	0.85729679	-1.381158
-0.77526263	-0.69373445	0.49670359	0.85729679	-1.3831017
-0.77526263	-0.69373445	0.49670359	0.85729679	-1.3850471
-0.77526263	-0.69373445	0.49670359	0.85729679	-1.3869942
-0.77526263	-0.69373445	0.49670359	0.85729679	-1.388943
-0.77526263	-0.69373445	0.49670359	0.85729679	-1.3908934
-0.77526263	-0.69373445	0.49670359	0.85729679	-1.3928455
-0.77526263	-0.69373445	0.49670359	0.85729679	-1.3947992
-0.77526263	-0.69373445	0.49670359	0.85729679	-1.3967547
-0.77526263	-0.69373445	0.49670359	0.85729679	-1.3987118
-0.77526263	-0.69373445	0.49670359	0.85729679	-1.4006705
-0.77526263	-0.69373445	0.49670359	0.85729679	-1.402631
-0.77526263	-0.69373445	0.49670359	0.85729679	-1.4045931
-0.77526263	-0.69373445	0.49670359	0.85729679	-1.4065569
-0.77526263	-0.69373445	0.49670359	0.85729679	-1.4085223
-0.77526263	-0.69373445	0.49670359	0.85729679	-1.4104895
-0.77526263	-0.69373445	0.49670359	0.85729679	-1.4124583
-0.77526263	-0.69373445	0.49670359	0.85729679	-1.4144288
-0.77526263	-0.69373445	0.49670359	0.85729679	-1.4164009
-0.77526263	-0.69373445	0.49670359	0.85729679	-1.4183748
-0.77526263	-0.69373445	0.49670359	0.85729679	-1.4203503
-0.77526263	-0.69373445	0.49670359	0.85729679	-1.4223274
-0.77526263	-0.69373445	0.49670359	0.85729679	-1.4243063
-0.77526263	-0.69373445	0.49670359	0.85729679	-1.4262868
-0.77526263	-0.69373445	0.49670359	0.85729679	-1.4282691
-0.77526263	-0.69373445	0.49670359	0.85729679	-1.4302529
-0.77526263	-0.69373445	0.49670359	0.85729679	-1.4322385
-0.77526263	-0.69373445	0.49670359	0.85729679	-1.4342258
-0.77526263	-0.69373445	0.49670359	0.85729679	-1.4362147
-0.77526263	-0.69373445	0.49670359	0.85729679	-1.4382053
-0.77526263	-0.69373445	0.49670359	0.85729679	-1.4401976
-0.77526263	-0.69373445	0.49670359	0.85729679	-1.4421915
-0.77526263	-0.69373445	0.49670359	0.85729679	-1.4441872
-0.77526263	-0.69373445	0.49670359	0.85729679	-1.4461845
-0.77526263	-0.69373445	0.49670359	0.85729679	-1.4481835
-0.77526263	-0.69373445	0.49670359	0.85729679	-1.4501842
-0.77526263	-0.69373445	0.49670359	0.85729679	-1.4521866
-0.77526263	-0.69373445	0.49670359	0.85729679	-1.4541906
-0.77526263	-0.69373445	0.49670359	0.85729679	-1.4561964
-0.77526263	-0.69373445	0.49670359	0.85729679	-1.4582038
-0.77526263	-0.69373445	0.49670359	0.85729679	-1.4602129
-0.77526263	-0.69373445	0.49670359	0.85729679	-1.4622237
-0.77526263	-0.69373445	0.49670359	0.85729679	-1.4642361
-0.77526263	-0.69373445	0.49670359	0.85729679	-1.4662503
-0.77526263	-0.69373445	0.49670359	0.85729679	-1.4682661
-0.77526263	-0.69373445	0.49670359	0.85729679	-1.4702837
-0.77526263	-0.69373445	0.49670359	0.85729679	-1.4723029
-0.77526263	-0.69373445	0.49670359	0.85729679	-1.4743238
-0.77526263	-0.69373445	0.49670359	0.85729679	-1.4763464
-0.77526263	-0.69373445	0.49670359	0.85729679	-1.4783706
-0.77526263	-0.69373445	0.49670359	0.85729679	-1.4803966
-0.77526263	-0.69373445	0.49670359	0.85729679	-1.4824242
-0.77526263	-0.69373445	0.49670359	0.85729679	-1.4844536
-0.77526263	-0.69373445	0.49670359	0.85729679	-1.4864846
-0.77526263	-0.69373445	0.49670359	0.85729679	-1.4885173
-0.77526263	-0.69373445	0.49670359	0.85729679	-1.4905517
-0.77526263	-0.69373445	0.49670359	0.85729679	-1.4925878
-0.77526263	-0.69373445	0.49670359	0.85729679	-1.4946256
-0.77526263	-0.69373445	0.49670359	0.85729679	-1.4966651
-0.77526263	-0.69373445	0.49670359	0.85729679	-1.4987062
-0.77526263	-0.69373445	0.49670359	0.85729679	-1.5007491
-0.77526263	-0.69373445	0.49670359	0.85729679	-1.5027936
-0.77526263	-0.69373445	0.49670359	0.85729679	-1.5048399
-0.77526263	-0.69373445	0.49670359	0.85729679	-1.5068878
-0.77526263	-0.69373445	0.49670359	0.85729679	-1.5089374
-0.77526263	-0.69373445	0.49670359	0.85729679	-1.5109888
-0.77526263	-0.69373445	0.49670359	0.85729679	-1.5130418
-0.77526263	-0.69373445	0.49670359	0.85729679	-1.5150965
-0.77526263	-0.69373445	0.49670359	0.85729679	-1.5171529
-0.77526263	-0.69373445	0.49670359	0.85729679	-1.519211
-0.77526263	-0.69373445	0.49670359	0.85729679	-1.5212708
-0.77526263	-0.69373445	0.49670359	0.85729679	-1.5233323
-0.77526263	-0.69373445	0.49670359	0.85729679	-1.5253955
-0.77526263	-0.69373445	0.49670359	0.85729679	-1.5274603
-0.77526263	-0.69373445	0.49670359	0.85729679	-1.5295269
-0.77526263	-0.69373445	0.49670359	0.85729679	-1.5315952
-0.77526263	-0.69373445	0.49670359	0.85729679	-1.5336652
-0.77526263	-0.69373445	0.49670359	0.85729679	-1.5357368
-0.77526263	-0.69373445	0.49670359	0.85729679	-1.5378102
-0.77526263	-0.69373445	0.49670359	0.85729679	-1.5398853
-0.77526263	-0.69373445	0.49670359	0.85729679	-1.5419621
-0.77526263	-0.69373445	0.49670359	0.85729679	-1.5440405
-0.77526263	-0.69373445	0.49670359	0.85729679	-1.5461207
-0.77526263	-0.69373445	0.49670359	0.85729679	-1.5482026
-0.77526263	-0.69373445	0.49670359	0.85729679	-1.5502861
-0.77526263	-0.69373445	0.49670359	0.85729679	-1.5523714
-0.77526263	-0.69373445	0.49670359	0.85729679	-1.5544584
-0.77526263	-0.69373445	0.49670359	0.85729679	-1.5565471
-0.77526263	-0.69373445	0.49670359	0.85729679	-1.5586374
-0.77526263	-0.69373445	0.49670359	0.85729679	-1.5607295
-0.77526263	-0.69373445	0.49670359	0.85729679	-1.5628233
-0.77526263	-0.69373445	0.49670359	0.85729679	-1.5649188
-0.77526263	-0.69373445	0.49670359	0.85729679	-1.567016
-0.77526263	-0.69373445	0.49670359	0.85729679	-1.5691149
-0.77526263	-0.69373445	0.49670359	0.85729679	-1.5712155
-0.77526263	-0.69373445	0.49670359	0.85729679	-1.5733178
-0.77526263	-0.69373445	0.49670359	0.85729679	-1.5754218
-0.77526263	-0.69373445	0.49670359	0.85729679	-1.5775275
-0.77526263	-0.69373445	0.49670359	0.85729679	-1.579635
-0.77526263	-0.69373445	0.49670359	0.85729679	-1.5817441
-0.77526263	-0.69373445	0.49670359	0.85729679	-1.5838549
-0.77526263	-0.69373445	0.49670359	0.85729679	-1.5859675
-0.77526263	-0.69373445	0.49670359	0.85729679	-1.5880817
-0.77526263	-0.69373445	0.49670359	0.85729679	-1.5901977
-0.77526263	-0.69373445	0.49670359	0.85729679	-1.5923153
-0.77526263	-0.69373445	0.49670359	0.85729679	-1.5944347
-0.77526263	-0.69373445	0.49670359	0.85729679	-1.5965558
-0.77526263	-0.69373445	0.49670359	0.85729679	-1.5986786
-0.77526263	-0.69373445	0.49670359	0.85729679	-1.6008031
-0.77526263	-0.69373445	0.49670359	0.85729679	-1.6029293
-0.77526263	-0.69373445	0.49670359	0.85729679	-1.6050573
-0.77526263	-0.69373445	0.49670359	0.85729679	-1.6071869
-0.77526263	-0.69373445	0.49670359	0.85729679	-1.6093183
-0.77526263	-0.69373445	0.49670359	0.85729679	-1.6114513
-0.77526263	-0.69373445	0.49670359	0.85729679	-1.6135861
-0.77526263	-0.69373445	0.49670359	0.85729679	-1.6157226
-0.77526263	-0.69373445	0.49670359	0.85729679	-1.6178608
-0.77526263	-0.69373445	0.49670359	0.85729679	-1.6200007
-0.77526263	-0.69373445	0.49670359	0.85729679	-1.6221423
-0.77526263	-0.69373445	0.49670359	0.85729679	-1.6242857
-0.77526263	-0.69373445	0.49670359	0.85729679	-1.6264307
-0.77526263	-0.69373445	0.49670359	0.85729679	-1.6285775
-0.77526263	-0.69373445	0.49670359	0.85729679	-1.630726
-0.77526263	-0.69373445	0.49670359	0.85729679	-1.6328762
-0.77526263	-0.69373445	0.49670359	0.85729679	-1.6350281
-0.77526263	-0.69373445	0.49670359	0.85729679	-1.6371817
-0.77526263	-0.69373445	0.49670359	0.85729679	-1.6393371
-0.77526263	-0.69373445	0.49670359	0.85729679	-1.6414942
-0.77526263	-0.69373445	0.49670359	0.85729679	-1.6436529
-0.77526263	-0.69373445	0.49670359	0.85729679	-1.6458134
-0.77526263	-0.69373445	0.49670359	0.85729679	-1.6479757
-0.77526263	-0.69373445	0.49670359	0.85729679	-1.6501396
-0.77526263	-0.69373445	0.49670359	0.85729679	-1.6523053
-0.77526263	-0.69373445	0.49670359	0.85729679	-1.6544726
-0.77526263	-0.69373445	0.49670359	0.85729679	-1.6566417
-0.77526263	-0.69373445	0.49670359	0.85729679	-1.6588126
-0.77526263	-0.69373445	0.49670359	0.85729679	-1.6609851
-0.77526263	-0.69373445	0.49670359	0.85729679	-1.6631594
-0.77526263	-0.69373445	0.49670359	0.85729679	-1.6653353
-0.77526263	-0.69373445	0.49670359	0.85729679	-1.667513
-0.77526263	-0.69373445	0.49670359	0.85729679	-1.6696925
-0.77526263	-0.69373445	0.49670359	0.85729679	-1.6718736
-0.77526263	-0.69373445	0.49670359	0.85729679	-1.6740565
-0.77526263	-0.69373445	0.49670359	0.85729679	-1.6762411
-0.77526263	-0.69373445	0.49670359	0.85729679	-1.6784274
-0.77526263	-0.69373445	0.49670359	0.85729679	-1.6806154
-0.77526263	-0.69373445	0.49670359	0.85729679	-1.6828052
-0.77526263	-0.69373445	0.49670359	0.85729679	-1.6849967
-0.77526263	-0.69373445	0.49670359	0.85729679	-1.6871899
-0.77526263	-0.69373445	0.49670359	0.85729679	-1.6893848
-0.77526263	-0.69373445	0.49670359	0.85729679	-1.6915815
-0.77526263	-0.69373445	0.49670359	0.85729679	-1.6937799
-0.77526263	-0.69373445	0.49670359	0.85729679	-1.69598
-0.77526263	-0.69373445	0.49670359	0.85729679	-1.6981818
-0.77526263	-0.69373445	0.49670359	0.85729679	-1.7003854
-0.77526263	-0.69373445	0.49670359	0.85729679	-1.7025907
-0.77526263	-0.69373445	0.49670359	0.85729679	-1.7047977
-0.77526263	-0.69373445	0.49670359	0.85729679	-1.7070065
-0.77526263	-0.69373445	0.49670359	0.85729679	-1.7092169
-0.77526263	-0.69373445	0.49670359	0.85729679	-1.7114291
-0.77526263	-0.69373445	0.49670359	0.85729679	-1.7136431
-0.77526263	-0.69373445	0.49670359	0.85729679	-1.7158587
-0.77526263	-0.69373445	0.49670359	0.85729679	-1.7180761
-0.77526263	-0.69373445	0.49670359	0.85729679	-1.7202953
-0.77526263	-0.69373445	0.49670359	0.85729679	-1.7225161
-0.77526263	-0.69373445	0.49670359	0.85729679	-1.7247387
-0.77526263	-0.69373445	0.49670359	0.85729679	-1.726963
-0.77526263	-0.69373445	0.49670359	0.85729679	-1.7291891
-0.77526263	-0.69373445	0.49670359	0.85729679	-1.7314169
-0.77526263	-0.69373445	0.49670359	0.85729679	-1.7336464
-0.77526263	-0.69373445	0.49670359	0.85729679	-1.7358776
-0.77526263	-0.69373445	0.49670359	0.85729679	-1.7381106
-0.77526263	-0.69373445	0.49670359	0.85729679	-1.7403453
-0.77526263	-0.69373445	0.49670359	0.85729679	-1.7425818
-0.77526263	-0.69373445	0.49670359	0.85729679	-1.7448199
-0.77526263	-0.69373445	0.49670359	0.85729679	-1.7470599
-0.77526263	-0.69373445	0.49670359	0.85729679	-1.7493015
-0.77526263	-0.69373445	0.49670359	0.85729679	-1.7515449
-0.77526263	-0.69373445	0.49670359	0.85729679	-1.75379
-0.77526263	-0.69373445	0.49670359	0.85729679	-1.7560369
-0.77526263	-0.69373445	0.49670359	0.85729679	-1.7582855
-0.77526263	-0.69373445	0.49670359	0.85729679	-1.7605358
-0.77526263	-0.69373445	0.49670359	0.85729679	-1.7627879
-0.77526263	-0.69373445	0.49670359	0.85729679	-1.7650417
-0.77526263	-0.69373445	0.49670359	0.85729679	-1.7672972
-0.77526263	-0.69373445	0.49670359	0.85729679	-1.7695545
-0.77526263	-0.69373445	0.49670359	0.85729679	-1.7718135
-0.77526263	-0.69373445	0.49670359	0.85729679	-1.7740742
-0.77526263	-0.69373445	0.49670359	0.85729679	-1.7763367
-0.77526263	-0.69373445	0.49670359	0.85729679	-1.778601
-0.77526263	-0.69373445	0.49670359	0.85729679	-1.7808669
-0.77526263	-0.69373445	0.49670359	0.85729679	-1.7831346
-0.77526263	-0.69373445	0.49670359	0.85729679	-1.7854041
-0.77526263	-0.69373445	0.49670359	0.85729679	-1.7876753
-0.77526263	-0.69373445	0.49670359	0.85729679	-1.7899482
-0.77526263	-0.69373445	0.49670359	0.85729679	-1.7922229
-0.77526263	-0.69373445	0.49670359	0.85729679	-1.7944993
-0.77526263	-0.69373445	0.49670359	0.85729679	-1.7967775
-0.77526263	-0.69373445	0.49670359	0.85729679	-1.7990574
-0.77526263	-0.69373445	0.49670359	0.85729679	-1.801339
-0.77526263	-0.69373445	0.49670359	0.85729679	-1.8036224
-0.77526263	-0.69373445	0.49670359	0.85729679	-1.8059075
-0.77526263	-0.69373445	0.49670359	0.85729679	-1.8081944
-0.77526263	-0.69373445	0.49670359	0.85729679	-1.810483
-0.77526263	-0.69373445	0.49670359	0.85729679	-1.8127734
-0.77526263	-0.69373445	0.49670359	0.85729679	-1.8150655
-0.77526263	-0.69373445	0.49670359	0.85729679	-1.8173593
-0.77526263	-0.69373445	0.49670359	0.85729679	-1.8196549
-0.77526263	-0.69373445	0.49670359	0.85729679	-1.8219523
-0.77526263	-0.69373445	0.49670359	0.85729679	-1.8242514
-0.77526263	-0.69373445	0.49670359	0.85729679	-1.8265522
-0.77526263	-0.69373445	0.49670359	0.85729679	-1.8288548
-0.77526263	-0.69373445	0.49670359	0.85729679	-1.8311591
-0.77526263	-0.69373445	0.49670359	0.85729679	-1.8334652
-0.77526263	-0.69373445	0.49670359	0.85729679	-1.835773
-0.77526263	-0.69373445	0.49670359	0.85729679	-1.8380826
-0.77526263	-0.69373445	0.49670359	0.85729679	-1.8403939
-0.77526263	-0.69373445	0.49670359	0.85729679	-1.842707
-0.77526263	-0.69373445	0.49670359	0.85729679	-1.8450218
-0.77526263	-0.69373445	0.49670359	0.85729679	-1.8473384
-0.77526263	-0.69373445	0.49670359	0.85729679	-1.8496567
-0.77526263	-0.69373445	0.49670359	0.85729679	-1.8519768
-0.77526263	-0.69373445	0.49670359	0.85729679	-1.8542986
-0.77526263	-0.69373445	0.49670359	0.85729679	-1.8566221
-0.77526263	-0.69373445	0.49670359	0.85729679	-1.8589475
-0.77526263	-0.69373445	0.49670359	0.85729679	-1.8612745
-0.77526263	-0.69373445	0.49670359	0.85729679	-1.8636034
-0.77526263	-0.69373445	0.49670359	0.85729679	-1.8659339
-0.77526263	-0.69373445	0.49670359	0.85729679	-1.8682663
-0.77526263	-0.69373445	0.49670359	0.85729679	-1.8706003
-0.77526263	-0.69373445	0.49670359	0.85729679	-1.8729362
-0.77526263	-0.69373445	0.49670359	0.85729679	-1.8752738
-0.77526263	-0.69373445	0.49670359	0.85729679	-1.8776131
-0.77526263	-0.69373445	0.49670359	0.85729679	-1.8799542
-0.77526263	-0.69373445	0.49670359	0.85729679	-1.882297
-0.77526263	-0.69373445	0.49670359	0.85729679	-1.8846416
-0.77526263	-0.69373445	0.49670359	0.85729679	-1.886988
-0.77526263	-0.69373445	0.49670359	0.85729679	-1.8893361
-0.77526263	-0.69373445	0.49670359	0.85729679	-1.891686
-0.77526263	-0.69373445	0.49670359	0.85729679	-1.8940376
-0.77526263	-0.69373445	0.49670359	0.85729679	-1.896391
-0.77526263	-0.69373445	0.49670359	0.85729679	-1.8987461
-0.77526263	-0.69373445	0.49670359	0.85729679	-1.901103
-0.77526263	-0.69373445	0.49670359	0.85729679	-1.9034617
-0.77526263	-0.69373445	0.49670359	0.85729679	-1.9058221
-0.77526263	-0.69373445	0.49670359	0.85729679	-1.9081843
-0.77526263	-0.69373445	0.49670359	0.85729679	-1.9105482
-0.77526263	-0.69373445	0.49670359	0.85729679	-1.9129139
-0.77526263	-0.69373445	0.49670359	0.85729679	-1.9152813
-0.77526263	-0.69373445	0.49670359	0.85729679	-1.9176505
-0.77526263	-0.69373445	0.49670359	0.85729679	-1.9200215
-0.77526263	-0.69373445	0.49670359	0.85729679	-1.9223942
-0.77526263	-0.69373445	0.49670359	0.85729679	-1.9247687
-0.77526263	-0.69373445	0.49670359	0.85729679	-1.9271449
-0.77526263	-0.69373445	0.49670359	0.85729679	-1.9295229
-0.77526263	-0.69373445	0.49670359	0.85729679	-1.9319027
-0.77526263	-0.69373445	0.49670359	0.85729679	-1.9342842
-0.77526263	-0.69373445	0.49670359	0.85729679	-1.9366675
-0.77526263	-0.69373445	0.49670359	0.85729679	-1.9390526
-0.77526263	-0.69373445	0.49670359	0.85729679	-1.9414394
-0.77526263	-0.69373445	0.49670359	0.85729679	-1.943828
-0.77526263	-0.69373445	0.49670359	0.85729679	-1.9462183
-0.77526263	-0.69373445	0.49670359	0.85729679	-1.9486104
-0.77526263	-0.69373445	0.49670359	0.85729679	-1.9510043
-0.77526263	-0.69373445	0.49670359	0.85729679	-1.9533999
-0.77526263	-0.69373445	0.49670359	0.85729679	-1.9557973
-0.77526263	-0.69373445	0.49670359	0.85729679	-1.9581965
-0.77526263	-0.69373445	0.49670359	0.85729679	-1.9605974
-0.77526263	-0.69373445	0.49670359	0.85729679	-1.9630001
-0.77526263	-0.69373445	0.49670359	0.85729679	-1.9654045
-0.77526263	-0.69373445	0.49670359	0.85729679	-1.9678108
-0.77526263	-0.69373445	0.49670359	0.85729679	-1.9702188
-0.77526263	-0.69373445	0.49670359	0.85729679	-1.9726285
-0.77526263	-0.69373445	0.49670359	0.85729679	-1.97504
-0.77526263	-0.69373445	0.49670359	0.85729679	-1.9774533
-0.77526263	-0.69373445	0.49670359	0.85729679	-1.9798684
-0.77526263	-0.69373445	0.49670359	0.85729679	-1.9822852
-0.77526263	-0.69373445	0.49670359	0.85729679	-1.9847038
-0.77526263	-0.69373445	0.49670359	0.85729679	-1.9871242
-0.77526263	-0.69373445	0.49670359	0.85729679	-1.9895463
-0.77526263	-0.69373445	0.49670359	0.85729679	-1.9919702
-0.77526263	-0.69373445	0.49670359	0.85729679	-1.9943959
-0.77526263	-0.69373445	0.49670359	0.85729679	-1.9968233
-0.77526263	-0.69373445	0.49670359	0.85729679	-1.9992525
-0.77526263	-0.69373445	0.49670359	0.85729679	-2.0016835
-0.77526263	-0.69373445	0.49670359	0.85729679	-2.0041162
-0.77526263	-0.69373445	0.49670359	0.85729679	-2.0065508
-0.77526263	-0.69373445	0.49670359	0.85729679	-2.0089871
-0.77526263	-0.69373445	0.49670359	0.85729679	-2.0114251
-0.77526263	-0.69373445	0.49670359	0.85729679	-2.013865
-0.77526263	-0.69373445	0.49670359	0.85729679	-2.0163066
-0.77526263	-0.69373445	0.49670359	0.85729679	-2.0187499
-0.77526263	-0.69373445	0.49670359	0.85729679	-2.0211951
-0.77526263	-0.69373445	0.49670359	0.85729679	-2.023642
-0.77526263	-0.69373445	0.49670359	0.85729679	-2.0260907
-0.77526263	-0.69373445	0.49670359	0.85729679	-2.0285412
-0.77526263	-0.69373445	0.49670359	0.85729679	-2.0309935
-0.77526263	-0.69373445	0.49670359	0.85729679	-2.0334475
-0.77526263	-0.69373445	0.49670359	0.85729679	-2.0359033
-0.77526263	-0.69373445	0.49670359	0.85729679	-2.0383608
-0.77526263	-0.69373445	0.49670359	0.85729679	-2.0408202
-0.77526263	-0.69373445	0.49670359	0.85729679	-2.0432813
-0.77526263	-0.69373445	0.49670359	0.85729679	-2.0457442
-0.77526263	-0.69373445	0.49670359	0.85729679	-2.0482089
-0.77526263	-0.69373445	0.49670359	0.85729679	-2.0506753
-0.77526263	-0.69373445	0.49670359	0.85729679	-2.0531436
-0.77526263	-0.69373445	0.49670359	0.85729679	-2.0556136
-0.77526263	-0.69373445	0.49670359	0.85729679	-2.0580854
-0.77526263	-0.69373445	0.49670359	0.85729679	-2.0605589
-0.77526263	-0.69373445	0.49670359	0.85729679	-2.0630343
-0.77526263	-0.69373445	0.49670359	0.85729679	-2.0655114
-0.77526263	-0.69373445	0.49670359	0.85729679	-2.0679903
-0.77526263	-0.69373445	0.49670359	0.85729679	-2.0704709
-0.77526263	-0.69373445	0.49670359	0.85729679	-2.0729534
-0.77526263	-0.69373445	0.49670359	0.85729679	-2.0754376
-0.77526263	-0.69373445	0.49670359	0.85729679	-2.0779236
-0.77526263	-0.69373445	0.49670359	0.85729679	-2.0804114
-0.77526263	-0.69373445	0.49670359	0.85729679	-2.082901
-0.77526263	-0.69373445	0.49670359	0.85729679	-2.0853924
-0.77526263	-0.69373445	0.49670359	0.85729679	-2.0878855
-0.77526263	-0.69373445	0.49670359	0.85729679	-2.0903804
-0.77526263	-0.69373445	0.49670359	0.85729679	-2.0928771
-0.77526263	-0.69373445	0.49670359	0.85729679	-2.0953756
-0.77526263	-0.69373445	0.49670359	0.85729679	-2.0978759
-0.77526263	-0.69373445	0.49670359	0.85729679	-2.1003779
-0.77526263	-0.69373445	0.49670359	0.85729679	-2.1028817
-0.77526263	-0.69373445	0.49670359	0.85729679	-2.1053873
-0.77526263	-0.69373445	0.49670359	0.85729679	-2.1078947
-0.77526263	-0.69373445	0.49670359	0.85729679	-2.1104039
-0.77526263	-0.69373445	0.49670359	0.85729679	-2.1129149
-0.77526263	-0.69373445	0.49670359	0.85729679	-2.1154276
-0.77526263	-0.69373445	0.49670359	0.85729679	-2.1179422
-0.77526263	-0.69373445	0.49670359	0.85729679	-2.1204585
-0.77526263	-0.69373445	0.49670359	0.85729679	-2.1229766
-0.77526263	-0.69373445	0.49670359	0.85729679	-2.1254965
-0.77526263	-0.69373445	0.49670359	0.85729679	-2.1280181
-0.77526263	-0.69373445	0.49670359	0.85729679	-2.1305416
-0.77526263	-0.69373445	0.49670359	0.85729679	-2.1330668
-0.77526263	-0.69373445	0.49670359	0.85729679	-2.1355939
-0.77526263	-0.69373445	0.49670359	0.85729679	-2.1381227
-0.77526263	-0.69373445	0.49670359	0.85729679	-2.1406533
-0.77526263	-0.69373445	0.49670359	0.85729679	-2.1431857
-0.77526263	-0.69373445	0.49670359	0.85729679	-2.1457199
-0.77526263	-0.69373445	0.49670359	0.85729679	-2.1482558
-0.77526263	-0.69373445	0.49670359	0.85729679	-2.1507936
-0.77526263	-0.69373445	0.49670359	0.85729679	-2.1533331
-0.77526263	-0.69373445	0.49670359	0.85729679	-2.1558745
-0.77526263	-0.69373445	0.49670359	0.85729679	-2.1584176
-0.77526263	-0.69373445	0.49670359	0.85729679	-2.1609625
-0.77526263	-0.69373445	0.49670359	0.85729679	-2.1635092
-0.77526263	-0.69373445	0.49670359	0.85729679	-2.1660577
-0.77526263	-0.69373445	0.49670359	0.85729679	-2.168608
-0.77526263	-0.69373445	0.49670359	0.85729679	-2.1711601
-0.77526263	-0.69373445	0.49670359	0.85729679	-2.1737139
-0.77526263	-0.69373445	0.49670359	0.85729679	-2.1762696
-0.77526263	-0.69373445	0.49670359	0.85729679	-2.178827
-0.77526263	-0.69373445	0.49670359	0.85729679	-2.1813863
-0.77526263	-0.69373445	0.49670359	0.85729679	-2.1839473
-0.77526263	-0.69373445	0.49670359	0.85729679	-2.1865101
-0.77526263	-0.69373445	0.49670359	0.85729679	-2.1890747
-0.77526263	-0.69373445	0.49670359	0.85729679	-2.1916411
-0.77526263	-0.69373445	0.49670359	0.85729679	-2.1942093
-0.77526263	-0.69373445	0.49670359	0.85729679	-2.1967793
-0.77526263	-0.69373445	0.49670359	0.85729679	-2.1993511
-0.77526263	-0.69373445	0.49670359	0.85729679	-2.2019247
-0.77526263	-0.69373445	0.49670359	0.85729679	-2.2045001
-0.77526263	-0.69373445	0.49670359	0.85729679	-2.2070773
-0.77526263	-0.69373445	0.49670359	0.85729679	-2.2096562
-0.77526263	-0.69373445	0.49670359	0.85729679	-2.212237
-0.77526263	-0.69373445	0.49670359	0.85729679	-2.2148195
-0.77526263	-0.69373445	0.49670359	0.85729679	-2.2174039
-0.77526263	-0.69373445	0.49670359	0.85729679	-2.21999
-0.77526263	-0.69373445	0.49670359	0.85729679	-2.222578
-0.77526263	-0.69373445	0.49670359	0.85729679	-2.2251677
-0.77526263	-0.69373445	0.49670359	0.85729679	-2.2277593
-0.77526263	-0.69373445	0.49670359	0.85729679	-2.2303526
-0.77526263	-0.69373445	0.49670359	0.85729679	-2.2329477
-0.77526263	-0.69373445	0.49670359	0.85729679	-2.2355447
-0.77526263	-0.69373445	0.49670359	0.85729679	-2.2381434
-0.77526263	-0.69373445	0.49670359	0.85729679	-2.2407439
-0.77526263	-0.69373445	0.49670359	0.85729679	-2.2433463
-0.77526263	-0.69373445	0.49670359	0.85729679	-2.2459504
-0.77526263	-0.69373445	0.49670359	0.85729679	-2.2485563
-0.77526263	-0.69373445	0.49670359	0.85729679	-2.251164
-0.77526263	-0.69373445	0.49670359	0.85729679	-2.2537736
-0.77526263	-0.69373445	0.49670359	0.85729679	-2.2563849
-0.77526263	-0.69373445	0.49670359	0.85729679	-2.258998
-0.77526263	-0.69373445	0.49670359	0.85729679	-2.2616129
-0.77526263	-0.69373445	0.49670359	0.85729679	-2.2642296
-0.77526263	-0.69373445	0.49670359	0.85729679	-2.2668482
-0.77526263	-0.69373445	0.49670359	0.85729679	-2.2694685
-0.77526263	-0.69373445	0.49670359	0.85729679	-2.2720906
-0.77526263	-0.69373445	0.49670359	0.85729679	-2.2747146
-0.77526263	-0.69373445	0.49670359	0.85729679	-2.2773403
-0.77526263	-0.69373445	0.49670359	0.85729679	-2.2799678
-0.77526263	-0.69373445	0.49670359	0.85729679	-2.2825972
-0.77526263	-0.69373445	0.49670359	0.85729679	-2.2852283
-0.77526263	-0.69373445	0.49670359	0.85729679	-2.2878612
-0.77526263	-0.69373445	0.49670359	0.85729679	-2.290496
-0.77526263	-0.69373445	0.49670359	0.85729679	-2.2931325
-0.77526263	-0.69373445	0.49670359	0.85729679	-2.2957709
-0.77526263	-0.69373445	0.49670359	0.85729679	-2.298411
-0.77526263	-0.69373445	0.49670359	0.85729679	-2.301053
-0.77526263	-0.69373445	0.49670359	0.85729679	-2.3036968
-0.77526263	-0.69373445	0.49670359	0.85729679	-2.3063423
-0.77526263	-0.69373445	0.49670359	0.85729679	-2.3089897
-0.77526263	-0.69373445	0.49670359	0.85729679	-2.3116389
-0.77526263	-0.69373445	0.49670359	0.85729679	-2.3142899
-0.77526263	-0.69373445	0.49670359	0.85729679	-2.3169427
-0.77526263	-0.69373445	0.49670359	0.85729679	-2.3195973
-0.77526263	-0.69373445	0.49670359	0.85729679	-2.3222537
-0.77526263	-0.69373445	0.49670359	0.85729679	-2.3249119
-0.77526263	-0.69373445	0.49670359	0.85729679	-2.3275719
-0.77526263	-0.69373445	0.49670359	0.85729679	-2.3302338
-0.77526263	-0.69373445	0.49670359	0.85729679	-2.3328974
-0.77526263	-0.69373445	0.49670359	0.85729679	-2.3355628
-0.77526263	-0.69373445	0.49670359	0.85729679	-2.3382301
-0.77526263	-0.69373445	0.49670359	0.85729679	-2.3408992
-0.77526263	-0.69373445	0.49670359	0.85729679	-2.34357
-0.77526263	-0.69373445	0.49670359	0.85729679	-2.3462427
-0.77526263	-0.69373445	0.49670359	0.85729679	-2.3489172
-0.77526263	-0.69373445	0.49670359	0.85729679	-2.3515935
-0.77526263	-0.69373445	0.49670359	0.85729679	-2.3542716
-0.77526263	-0.69373445	0.49670359	0.85729679	-2.3569515
-0.77526263	-0.69373445	0.49670359	0.85729679	-2.3596332
-0.77526263	-0.69373445	0.49670359	0.85729679	-2.3623168
-0.77526263	-0.69373445	0.49670359	0.85729679	-2.3650021
-0.77526263	-0.69373445	0.49670359	0.85729679	-2.3676893
-0.77526263	-0.69373445	0.49670359	0.85729679	-2.3703783
-0.77526263	-0.69373445	0.49670359	0.85729679	-2.373069
-0.77526263	-0.69373445	0.49670359	0.85729679	-2.3757616
-0.77526263	-0.69373445	0.49670359	0.85729679	-2.3784561
-0.77526263	-0.69373445	0.49670359	0.85729679	-2.3811523
-0.77526263	-0.69373445	0.49670359	0.85729679	-2.3838503
-0.77526263	-0.69373445	0.49670359	0.85729679	-2.3865501
-0.77526263	-0.69373445	0.49670359	0.85729679	-2.3892518
-0.77526263	-0.69373445	0.49670359	0.85729679	-2.3919553
-0.77526263	-0.69373445	0.49670359	0.85729679	-2.3946606
-0.77526263	-0.69373445	0.49670359	0.85729679	-2.3973677
-0.77526263	-0.69373445	0.49670359	0.85729679	-2.4000766
-0.77526263	-0.69373445	0.49670359	0.85729679	-2.4027873
-0.77526263	-0.69373445	0.49670359	0.85729679	-2.4054998
-0.77526263	-0.69373445	0.49670359	0.85729679	-2.4082142
-0.77526263	-0.69373445	0.49670359	0.85729679	-2.4109304
-0.77526263	-0.69373445	0.49670359	0.85729679	-2.4136484
-0.77526263	-0.69373445	0.49670359	0.85729679	-2.4163682
-0.77526263	-0.69373445	0.49670359	0.85729679	-2.4190898
-0.77526263	-0.69373445	0.49670359	0.85729679	-2.4218132
-0.77526263	-0.69373445	0.49670359	0.85729679	-2.4245385
-0.77526263	-0.69373445	0.49670359	0.85729679	-2.4272655
-0.77526263	-0.69373445	0.49670359	0.85729679	-2.4299944
-0.77526263	-0.69373445	0.49670359	0.85729679	-2.4327251
-0.77526263	-0.69373445	0.49670359	0.85729679	-2.4354576
-0.77526263	-0.69373445	0.49670359	0.85729679	-2.438192
-0.77526263	-0.69373445	0.49670359	0.85729679	-2.4409281
-0.77526263	-0.69373445	0.49670359	0.85729679	-2.4436661
-0.77526263	-0.69373445	0.49670359	0.85729679	-2.4464059
-0.77526263	-0.69373445	0.49670359	0.85729679	-2.4491475
-0.77526263	-0.69373445	0.49670359	0.85729679	-2.4518909
-0.77526263	-0.69373445	0.49670359	0.85729679	-2.4546362
-0.77526263	-0.69373445	0.49670359	0.85729679	-2.4573833
-0.77526263	-0.69373445	0.49670359	0.85729679	-2.4601321
-0.77526263	-0.69373445	0.49670359	0.85729679	-2.4628829
-0.77526263	-0.69373445	0.49670359	0.85729679	-2.4656354
-0.77526263	-0.69373445	0.49670359	0.85729679	-2.4683897
-0.77526263	-0.69373445	0.49670359	0.85729679	-2.4711459
-0.77526263	-0.69373445	0.49670359	0.85729679	-2.4739039
-0.77526263	-0.69373445	0.49670359	0.85729679	-2.4766637
-0.77526263	-0.69373445	0.49670359	0.85729679	-2.4794253
-0.77526263	-0.69373445	0.49670359	0.85729679	-2.4821888
-0.77526263	-0.69373445	0.49670359	0.85729679	-2.4849541
-0.77526263	-0.69373445	0.49670359	0.85729679	-2.4877212
-0.77526263	-0.69373445	0.49670359	0.85729679	-2.4904901
-0.77526263	-0.69373445	0.49670359	0.85729679	-2.4932608
-0.77526263	-0.69373445	0.49670359	0.85729679	-2.4960334
-0.77526263	-0.69373445	0.49670359	0.85729679	-2.4988078
-0.77526263	-0.69373445	0.49670359	0.85729679	-2.501584
-0.77526263	-0.69373445	0.49670359	0.85729679	-2.504362
-0.77526263	-0.69373445	0.49670359	0.85729679	-2.5071419
-0.77526263	-0.69373445	0.49670359	0.85729679	-2.5099236
-0.77526263	-0.69373445	0.49670359	0.85729679	-2.5127071
-0.77526263	-0.69373445	0.49670359	0.85729679	-2.5154924
-0.77526263	-0.69373445	0.49670359	0.85729679	-2.5182796
-0.77526263	-0.69373445	0.49670359	0.85729679	-2.5210685
-0.77526263	-0.69373445	0.49670359	0.85729679	-2.5238593
-0.77526263	-0.69373445	0.49670359	0.85729679	-2.526652
-0.77526263	-0.69373445	0.49670359	0.85729679	-2.5294464
-0.77526263	-0.69373445	0.49670359	0.85729679	-2.5322427
-0.77526263	-0.69373445	0.49670359	0.85729679	-2.5350408
-0.77526263	-0.69373445	0.49670359	0.85729679	-2.5378408
-0.77526263	-0.69373445	0.49670359	0.85729679	-2.5406425
-0.77526263	-0.69373445	0.49670359	0.85729679	-2.5434461
-0.77526263	-0.69373445	0.49670359	0.85729679	-2.5462515
-0.77526263	-0.69373445	0.49670359	0.85729679	-2.5490588
-0.77526263	-0.69373445	0.49670359	0.85729679	-2.5518679
-0.77526263	-0.69373445	0.49670359	0.85729679	-2.5546788
-0.77526263	-0.69373445	0.49670359	0.85729679	-2.5574915
-0.77526263	-0.69373445	0.49670359	0.85729679	-2.560306
-0.77526263	-0.69373445	0.49670359	0.85729679	-2.5631224
-0.77526263	-0.69373445	0.49670359	0.85729679	-2.5659406
-0.77526263	-0.69373445	0.49670359	0.85729679	-2.5687607
-0.77526263	-0.69373445	0.49670359	0.85729679	-2.5715826
-0.77526263	-0.69373445	0.49670359	0.85729679	-2.5744063
-0.77526263	-0.69373445	0.49670359	0.85729679	-2.5772318
-0.77526263	-0.69373445	0.49670359	0.85729679	-2.5800592
-0.77526263	-0.69373445	0.49670359	0.85729679	-2.5828883
-0.77526263	-0.69373445	0.49670359	0.85729679	-2.5857194
-0.77526263	-0.69373445	0.49670359	0.85729679	-2.5885522
-0.77526263	-0.69373445	0.49670359	0.85729679	-2.5913869
-0.77526263	-0.69373445	0.49670359	0.85729679	-2.5942234
-0.77526263	-0.69373445	0.49670359	0.85729679	-2.5970618
-0.77526263	-0.69373445	0.49670359	0.85729679	-2.5999019
-0.77526263	-0.69373445	0.49670359	0.85729679	-2.602744
-0.77526263	-0.69373445	0.49670359	0.85729679	-2.6055878
-0.77526263	-0.69373445	0.49670359	0.85729679	-2.6084335
-0.77526263	-0.69373445	0.49670359	0.85729679	-2.611281
-0.77526263	-0.69373445	0.49670359	0.85729679	-2.6141303
-0.77526263	-0.69373445	0.49670359	0.85729679	-2.6169815
-0.77526263	-0.69373445	0.49670359	0.85729679	-2.6198345
-0.77526263	-0.69373445	0.49670359	0.85729679	-2.6226893
-0.77526263	-0.69373445	0.49670359	0.85729679	-2.625546
-0.77526263	-0.69373445	0.49670359	0.85729679	-2.6284045
-0.77526263	-0.69373445	0.49670359	0.85729679	-2.6312648
-0.77526263	-0.69373445	0.49670359	0.85729679	-2.634127
-0.77526263	-0.69373445	0.49670359	0.85729679	-2.636991
-0.77526263	-0.69373445	0.49670359	0.85729679	-2.6398569
-0.77526263	-0.69373445	0.49670359	0.85729679	-2.6427246
-0.77526263	-0.69373445	0.49670359	0.85729679	-2.6455941
-0.77526263	-0.69373445	0.49670359	0.85729679	-2.6484654
-0.77526263	-0.69373445	0.49670359	0.85729679	-2.6513386
-0.77526263	-0.69373445	0.49670359	0.85729679	-2.6542136
-0.77526263	-0.69373445	0.49670359	0.85729679	-2.6570905
-0.77526263	-0.69373445	0.49670359	0.85729679	-2.6599692
-0.77526263	-0.69373445	0.49670359	0.85729679	-2.6628497
-0.77526263	-0.69373445	0.49670359	0.85729679	-2.6657321
-0.77526263	-0.69373445	0.49670359	0.85729679	-2.6686163
-0.77526263	-0.69373445	0.49670359	0.85729679	-2.6715023
-0.77526263	-0.69373445	0.49670359	0.85729679	-2.6743902
-0.77526263	-0.69373445	0.49670359	0.85729679	-2.6772799
-0.77526263	-0.69373445	0.49670359	0.85729679	-2.6801715
-0.77526263	-0.69373445	0.49670359	0.85729679	-2.6830648
-0.77526263	-0.69373445	0.49670359	0.85729679	-2.6859601
-0.77526263	-0.69373445	0.49670359	0.85729679	-2.6888571
-0.77526263	-0.69373445	0.49670359	0.85729679	-2.691756
-0.77526263	-0.69373445	0.49670359	0.85729679	-2.6946568
-0.77526263	-0.69373445	0.49670359	0.85729679	-2.6975594
-0.77526263	-0.69373445	0.49670359	0.85729679	-2.7004638
-0.77526263	-0.69373445	0.49670359	0.85729679	-2.7033701
-0.77526263	-0.69373445	0.49670359	0.85729679	-2.7062782
-0.77526263	-0.69373445	0.49670359	0.85729679	-2.7091881
-0.77526263	-0.69373445	0.49670359	0.85729679	-2.7120999
-0.77526263	-0.69373445	0.49670359	0.85729679	-2.7150135
-0.77526263	-0.69373445	0.49670359	0.85729679	-2.717929
-0.77526263	-0.69373445	0.49670359	0.85729679	-2.7208463
-0.77526263	-0.69373445	0.49670359	0.85729679	-2.7237654
-0.77526263	-0.69373445	0.49670359	0.85729679	-2.7266864
-0.77526263	-0.69373445	0.49670359	0.85729679	-2.7296093
-0.77526263	-0.69373445	0.49670359	0.85729679	-2.7325339
-0.77526263	-0.69373445	0.49670359	0.85729679	-2.7354604
-0.77526263	-0.69373445	0.49670359	0.85729679	-2.7383888
-0.77526263	-0.69373445	0.49670359	0.85729679	-2.741319
-0.77526263	-0.69373445	0.49670359	0.85729679	-2.744251
-0.77526263	-0.69373445	0.49670359	0.85729679	-2.7471849
-0.77526263	-0.69373445	0.49670359	0.85729679	-2.7501206
-0.77526263	-0.69373445	0.49670359	0.85729679	-2.7530582
-0.77526263	-0.69373445	0.49670359	0.85729679	-2.7559976
-0.77526263	-0.69373445	0.49670359	0.85729679	-2.7589389
-0.77526263	-0.69373445	0.49670359	0.85729679	-2.761882
-0.77526263	-0.69373445	0.49670359	0.85729679	-2.7648269
-0.77526263	-0.69373445	0.49670359	0.85729679	-2.7677737
-0.77526263	-0.69373445	0.49670359	0.85729679	-2.7707223
-0.77526263	-0.69373445	0.49670359	0.85729679	-2.7736728
-0.77526263	-0.69373445	0.49670359	0.85729679	-2.7766251
-0.77526263	-0.69373445	0.49670359	0.85729679	-2.7795793
-0.77526263	-0.69373445	0.49670359	0.85729679	-2.7825353
-0.77526263	-0.69373445	0.49670359	0.85729679	-2.7854932
-0.77526263	-0.69373445	0.49670359	0.85729679	-2.7884529
-0.77526263	-0.69373445	0.49670359	0.85729679	-2.7914144
-0.77526263	-0.69373445	0.49670359	0.85729679	-2.7943778
-0.77526263	-0.69373445	0.49670359	0.85729679	-2.7973431
-0.77526263	-0.69373445	0.49670359	0.85729679	-2.8003102
-0.77526263	-0.69373445	0.49670359	0.85729679	-2.8032791
-0.77526263	-0.69373445	0.49670359	0.85729679	-2.8062499
-0.77526263	-0.69373445	0.49670359	0.85729679	-2.8092225
-0.77526263	-0.69373445	0.49670359	0.85729679	-2.812197
-0.77526263	-0.69373445	0.49670359	0.85729679	-2.8151733
-0.77526263	-0.69373445	0.49670359	0.85729679	-2.8181515
-0.77526263	-0.69373445	0.49670359	0.85729679	-2.8211315
-0.77526263	-0.69373445	0.49670359	0.85729679	-2.8241134
-0.77526263	-0.69373445	0.49670359	0.85729679	-2.8270971
-0.77526263	-0.69373445	0.49670359	0.85729679	-2.8300827
-0.77526263	-0.69373445	0.49670359	0.85729679	-2.8330701
-0.77526263	-0.69373445	0.49670359	0.85729679	-2.8360593
-0.77526263	-0.69373445	0.49670359	0.85729679	-2.8390505
-0.77526263	-0.69373445	0.49670359	0.85729679	-2.8420434
-0.77526263	-0.69373445	0.49670359	0.85729679	-2.8450382
-0.77526263	-0.69373445	0.49670359	0.85729679	-2.8480349
-0.77526263	-0.69373445	0.49670359	0.85729679	-2.8510334
-0.77526263	-0.69373445	0.49670359	0.85729679	-2.8540338
-0.77526263	-0.69373445	0.49670359	0.85729679	-2.857036
-0.77526263	-0.69373445	0.49670359	0.85729679	-2.86004
-0.77526263	-0.69373445	0.49670359	0.85729679	-2.8630459
-0.77526263	-0.69373445	0.49670359	0.85729679	-2.8660537
-0.77526263	-0.69373445	0.49670359	0.85729679	-2.8690633
-0.77526263	-0.69373445	0.49670359	0.85729679	-2.8720748
-0.77526263	-0.69373445	0.49670359	0.85729679	-2.8750881
-0.77526263	-0.69373445	0.49670359	0.85729679	-2.8781033
-0.77526263	-0.69373445	0.49670359	0.85729679	-2.8811203
-0.77526263	-0.69373445	0.49670359	0.85729679	-2.8841392
-0.77526263	-0.69373445	0.49670359	0.85729679	-2.8871599
-0.77526263	-0.69373445	0.49670359	0.85729679	-2.8901825
-0.77526263	-0.69373445	0.49670359	0.85729679	-2.8932069
-0.77526263	-0.69373445	0.49670359	0.85729679	-2.8962332
-0.77526263	-0.69373445	0.49670359	0.85729679	-2.8992613
-0.77526263	-0.69373445	0.49670359	0.85729679	-2.9022913
-0.77526263	-0.69373445	0.49670359	0.85729679	-2.9053232
-0.77526263	-0.69373445	0.49670359	0.85729679	-2.9083569
-0.77526263	-0.69373445	0.49670359	0.85729679	-2.9113924
-0.77526263	-0.69373445	0.49670359	0.85729679	-2.9144298
-0.77526263	-0.69373445	0.49670359	0.85729679	-2.9174691
-0.77526263	-0.69373445	0.49670359	0.85729679	-2.9205102
-0.77526263	-0.69373445	0.49670359	0.85729679	-2.9235532
-0.77526263	-0.69373445	0.49670359	0.85729679	-2.926598
-0.77526263	-0.69373445	0.49670359	0.85729679	-2.9296447
-0.77526263	-0.69373445	0.49670359	0.85729679	-2.9326932
-0.77526263	-0.69373445	0.49670359	0.85729679	-2.9357436
-0.77526263	-0.69373445	0.49670359	0.85729679	-2.9387959
-0.77526263	-0.69373445	0.49670359	0.85729679	-2.94185
-0.77526263	-0.69373445	0.49670359	0.85729679	-2.9449059
-0.77526263	-0.69373445	0.49670359	0.85729679	-2.9479637
-0.77526263	-0.69373445	0.49670359	0.85729679	-2.9510234
-0.77526263	-0.69373445	0.49670359	0.85729679	-2.9540849
-0.77526263	-0.69373445	0.49670359	0.85729679	-2.9571483
-0.77526263	-0.69373445	0.49670359	0.85729679	-2.9602136
-0.77526263	-0.69373445	0.49670359	0.85729679	-2.9632807
-0.77526263	-0.69373445	0.49670359	0.85729679	-2.9663496
-0.77526263	-0.69373445	0.49670359	0.85729679	-2.9694204
-0.77526263	-0.69373445	0.49670359	0.85729679	-2.9724931
-0.77526263	-0.69373445	0.49670359	0.85729679	-2.9755676
-0.77526263	-0.69373445	0.49670359	0.85729679	-2.978644
-0.77526263	-0.69373445	0.49670359	0.85729679	-2.9817223
-0.77526263	-0.69373445	0.49670359	0.85729679	-2.9848024
-0.77526263	-0.69373445	0.49670359	0.85729679	-2.9878843
-0.77526263	-0.69373445	0.49670359	0.85729679	-2.9909681
-0.77526263	-0.69373445	0.49670359	0.85729679	-2.9940538
-0.77526263	-0.69373445	0.49670359	0.85729679	-2.9971414
-0.77526263	-0.69373445	0.49670359	0.85729679	-3.0002308
-0.77526263	-0.69373445	0.49670359	0.85729679	-3.003322
-0.77526263	-0.69373445	0.49670359	0.85729679	-3.0064151
-0.77526263	-0.69373445	0.49670359	0.85729679	-3.0095101
-0.77526263	-0.69373445	0.49670359	0.85729679	-3.012607
-0.77526263	-0.69373445	0.49670359	0.85729679	-3.0157057
-0.77526263	-0.69373445	0.49670359	0.85729679	-3.0188062
-0.77526263	-0.69373445	0.49670359	0.85729679	-3.0219086
-0.77526263	-0.69373445	0.49670359	0.85729679	-3.0250129
-0.77526263	-0.69373445	0.49670359	0.85729679	-3.028119
-0.77526263	-0.69373445	0.49670359	0.85729679	-3.031227
-0.77526263	-0.69373445	0.49670359	0.85729679	-3.0343369
-0.77526263	-0.69373445	0.49670359	0.85729679	-3.0374486
-0.77526263	-0.69373445	0.49670359	0.85729679	-3.0405622
-0.77526263	-0.69373445	0.49670359	0.85729679	-3.0436777
-0.77526263	-0.69373445	0.49670359	0.85729679	-3.046795
-0.77526263	-0.69373445	0.49670359	0.85729679	-3.0499142
-0.77526263	-0.69373445	0.49670359	0.85729679	-3.0530352
-0.77526263	-0.69373445	0.49670359	0.85729679	-3.0561581
-0.77526263	-0.69373445	0.49670359	0.85729679	-3.0592828
-0.77526263	-0.69373445	0.49670359	0.85729679	-3.0624095
-0.77526263	-0.69373445	0.49670359	0.85729679	-3.065538
-0.77526263	-0.69373445	0.49670359	0.85729679	-3.0686683
-0.77526263	-0.69373445	0.49670359	0.85729679	-3.0718005
-0.77526263	-0.69373445	0.49670359	0.85729679	-3.0749346
-0.77526263	-0.69373445	0.49670359	0.85729679	-3.0780705
-0.77526263	-0.69373445	0.49670359	0.85729679	-3.0812083
-0.77526263	-0.69373445	0.49670359	0.85729679	-3.084348
-0.77526263	-0.69373445	0.49670359	0.85729679	-3.0874895
-0.77526263	-0.69373445	0.49670359	0.85729679	-3.0906329
-0.77526263	-0.69373445	0.49670359	0.85729679	-3.0937782
-0.77526263	-0.69373445	0.49670359	0.85729679	-3.0969253
-0.77526263	-0.69373445	0.49670359	0.85729679	-3.1000743
-0.77526263	-0.69373445	0.49670359	0.85729679	-3.1032252
-0.77526263	-0.69373445	0.49670359	0.85729679	-3.1063779
-0.77526263	-0.69373445	0.49670359	0.85729679	-3.1095325
-0.77526263	-0.69373445	0.49670359	0.85729679	-3.1126889
-0.77526263	-0.69373445	0.49670359	0.85729679	-3.1158473
-0.77526263	-0.69373445	0.49670359	0.85729679	-3.1190074
-0.77526263	-0.69373445	0.49670359	0.85729679	-3.1221695
-0.77526263	-0.69373445	0.49670359	0.85729679	-3.1253334
-0.77526263	-0.69373445	0.49670359	0.85729679	-3.1284992
-0.77526263	-0.69373445	0.49670359	0.85729679	-3.1316668
-0.77526263	-0.69373445	0.49670359	0.85729679	-3.1348364
-0.77526263	-0.69373445	0.49670359	0.85729679	-3.1380078
-0.77526263	-0.69373445	0.49670359	0.85729679	-3.141181
-0.77526263	-0.69373445	0.49670359	0.85729679	-3.1443561
-0.77526263	-0.69373445	0.49670359	0.85729679	-3.1475331
-0.77526263	-0.69373445	0.49670359	0.85729679	-3.150712
-0.77526263	-0.69373445	0.49670359	0.85729679	-3.1538927
-0.77526263	-0.69373445	0.49670359	0.85729679	-3.1570753
-0.77526263	-0.69373445	0.49670359	0.85729679	-3.1602597
-0.77526263	-0.69373445	0.49670359	0.85729679	-3.1634461
-0.77526263	-0.69373445	0.49670359	0.85729679	-3.1666343
-0.77526263	-0.69373445	0.49670359	0.85729679	-3.1698243
-0.77526263	-0.69373445	0.49670359	0.85729679	-3.1730163
-0.77526263	-0.69373445	0.49670359	0.85729679	-3.1762101
-0.77526263	-0.69373445	0.49670359	0.85729679	-3.1794057
-0.77526263	-0.69373445	0.49670359	0.85729679	-3.1826033
-0.77526263	-0.69373445	0.49670359	0.85729679	-3.1858027
-0.77526263	-0.69373445	0.49670359	0.85729679	-3.189004
-0.77526263	-0.69373445	0.49670359	0.85729679	-3.1922071
-0.77526263	-0.69373445	0.49670359	0.85729679	-3.1954121
-0.77526263	-0.69373445	0.49670359	0.85729679	-3.198619
-0.77526263	-0.69373445	0.49670359	0.85729679	-3.2018278
-0.77526263	-0.69373445	0.49670359	0.85729679	-3.2050384
-0.77526263	-0.69373445	0.49670359	0.85729679	-3.2082509
-0.77526263	-0.69373445	0.49670359	0.85729679	-3.2114653
-0.77526263	-0.69373445	0.49670359	0.85729679	-3.2146815
-0.77526263	-0.69373445	0.49670359	0.85729679	-3.2178997
-0.77526263	-0.69373445	0.49670359	0.85729679	-3.2211196
-0.77526263	-0.69373445	0.49670359	0.85729679	-3.2243415
-0.77526263	-0.69373445	0.49670359	0.85729679	-3.2275652
-0.77526263	-0.69373445	0.49670359	0.85729679	-3.2307908
-0.77526263	-0.69373445	0.49670359	0.85729679	-3.2340183
-0.77526263	-0.69373445	0.49670359	0.85729679	-3.2372477
-0.77526263	-0.69373445	0.49670359	0.85729679	-3.2404789
-0.77526263	-0.69373445	0.49670359	0.85729679	-3.243712
-0.77526263	-0.69373445	0.49670359	0.85729679	-3.2469469
-0.77526263	-0.69373445	0.49670359	0.85729679	-3.2501838
-0.77526263	-0.69373445	0.49670359	0.85729679	-3.2534225
-0.77526263	-0.69373445	0.49670359	0.85729679	-3.2566631
-0.77526263	-0.69373445	0.49670359	0.85729679	-3.2599055
-0.77526263	-0.69373445	0.49670359	0.85729679	-3.2631498
-0.77526263	-0.69373445	0.49670359	0.85729679	-3.266396
-0.77526263	-0.69373445	0.49670359	0.85729679	-3.2696441
-0.77526263	-0.69373445	0.49670359	0.85729679	-3.2728941
-0.77526263	-0.69373445	0.49670359	0.85729679	-3.2761459
-0.77526263	-0.69373445	0.49670359	0.85729679	-3.2793996
-0.77526263	-0.69373445	0.49670359	0.85729679	-3.2826551
-0.77526263	-0.69373445	0.49670359	0.85729679	-3.2859126
-0.77526263	-0.69373445	0.49670359	0.85729679	-3.2891719
-0.77526263	-0.69373445	0.49670359	0.85729679	-3.2924331
-0.77526263	-0.69373445	0.49670359	0.85729679	-3.2956962
-0.77526263	-0.69373445	0.49670359	0.85729679	-3.2989611
-0.77526263	-0.69373445	0.49670359	0.85729679	-3.3022279
-0.77526263	-0.69373445	0.49670359	0.85729679	-3.3054966
-0.77526263	-0.69373445	0.49670359	0.85729679	-3.3087672
-0.77526263	-0.69373445	0.49670359	0.85729679	-3.3120397
-0.77526263	-0.69373445	0.49670359	0.85729679	-3.315314
-0.77526263	-0.69373445	0.49670359	0.85729679	-3.3185902
-0.77526263	-0.69373445	0.49670359	0.85729679	-3.3218682
-0.77526263	-0.69373445	0.49670359	0.85729679	-3.3251482
-0.77526263	-0.69373445	0.49670359	0.85729679	-3.32843
-0.77526263	-0.69373445	0.49670359	0.85729679	-3.3317137
-0.77526263	-0.69373445	0.49670359	0.85729679	-3.3349993
-0.77526263	-0.69373445	0.49670359	0.85729679	-3.3382868
-0.77526263	-0.69373445	0.49670359	0.85729679	-3.3415761
-0.77526263	-0.69373445	0.49670359	0.85729679	-3.3448673
-0.77526263	-0.69373445	0.49670359	0.85729679	-3.3481604
-0.77526263	-0.69373445	0.49670359	0.85729679	-3.3514554
-0.77526263	-0.69373445	0.49670359	0.85729679	-3.3547522
-0.77526263	-0.69373445	0.49670359	0.85729679	-3.3580509
-0.77526263	-0.69373445	0.49670359	0.85729679	-3.3613515
-0.77526263	-0.69373445	0.49670359	0.85729679	-3.364654
-0.77526263	-0.69373445	0.49670359	0.85729679	-3.3679584
-0.77526263	-0.69373445	0.49670359	0.85729679	-3.3712646
-0.77526263	-0.69373445	0.49670359	0.85729679	-3.3745727
-0.77526263	-0.69373445	0.49670359	0.85729679	-3.3778827
-0.77526263	-0.69373445	0.49670359	0.85729679	-3.3811946
-0.77526263	-0.69373445	0.49670359	0.85729679	-3.3845083
-0.77526263	-0.69373445	0.49670359	0.85729679	-3.3878239
-0.77526263	-0.69373445	0.49670359	0.85729679	-3.3911414
-0.77526263	-0.69373445	0.49670359	0.85729679	-3.3944608
-0.77526263	-0.69373445	0.49670359	0.85729679	-3.3977821
-0.77526263	-0.69373445	0.49670359	0.85729679	-3.4011052
-0.77526263	-0.69373445	0.49670359	0.85729679	-3.4044303
-0.77526263	-0.69373445	0.49670359	0.85729679	-3.4077572
-0.77526263	-0.69373445	0.49670359	0.85729679	-3.4110859
-0.77526263	-0.69373445	0.49670359	0.85729679	-3.4144166
-0.77526263	-0.69373445	0.49670359	0.85729679	-3.4177491
-0.77526263	-0.69373445	0.49670359	0.85729679	-3.4210836
-0.77526263	-0.69373445	0.49670359	0.85729679	-3.4244199
-0.77526263	-0.69373445	0.49670359	0.85729679	-3.4277581
-0.77526263	-0.69373445	0.49670359	0.85729679	-3.4310981
-0.77526263	-0.69373445	0.49670359	0.85729679	-3.4344401
-0.77526263	-0.69373445	0.49670359	0.85729679	-3.4377839
-0.77526263	-0.69373445	0.49670359	0.85729679	-3.4411296
-0.77526263	-0.69373445	0.49670359	0.85729679	-3.4444772
-0.77526263	-0.69373445	0.49670359	0.85729679	-3.4478267
-0.77526263	-0.69373445	0.49670359	0.85729679	-3.451178
-0.77526263	-0.69373445	0.49670359	0.85729679	-3.4545313
-0.77526263	-0.69373445	0.49670359	0.85729679	-3.4578864
-0.77526263	-0.69373445	0.49670359	0.85729679	-3.4612434
-0.77526263	-0.69373445	0.49670359	0.85729679	-3.4646023
-0.77526263	-0.69373445	0.49670359	0.85729679	-3.467963
-0.77526263	-0.69373445	0.49670359	0.85729679	-3.4713257
-0.77526263	-0.69373445	0.49670359	0.85729679	-3.4746902
-0.77526263	-0.69373445	0.49670359	0.85729679	-3.4780566
-0.77526263	-0.69373445	0.49670359	0.85729679	-3.4814249
-0.77526263	-0.69373445	0.49670359	0.85729679	-3.4847951
-0.77526263	-0.69373445	0.49670359	0.85729679	-3.4881671
-0.77526263	-0.69373445	0.49670359	0.85729679	-3.4915411
-0.77526263	-0.69373445	0.49670359	0.85729679	-3.4949169
-0.77526263	-0.69373445	0.49670359	0.85729679	-3.4982946
-0.77526263	-0.69373445	0.49670359	0.85729679	-3.5016742
-0.77526263	-0.69373445	0.49670359	0.85729679	-3.5050557
-0.77526263	-0.69373445	0.49670359	0.85729679	-3.508439
-0.77526263	-0.69373445	0.49670359	0.85729679	-3.5118243
-0.77526263	-0.69373445	0.49670359	0.85729679	-3.5152114
-0.77526263	-0.69373445	0.49670359	0.85729679	-3.5186004
-0.77526263	-0.69373445	0.49670359	0.85729679	-3.5219913
-0.77526263	-0.69373445	0.49670359	0.85729679	-3.5253841
-0.77526263	-0.69373445	0.49670359	0.85729679	-3.5287788
-0.77526263	-0.69373445	0.49670359	0.85729679	-3.5321753
-0.77526263	-0.69373445	0.49670359	0.85729679	-3.5355738
-0.77526263	-0.69373445	0.49670359	0.85729679	-3.5389741
-0.77526263	-0.69373445	0.49670359	0.85729679	-3.5423763
-0.77526263	-0.69373445	0.49670359	0.85729679	-3.5457804
-0.77526263	-0.69373445	0.49670359	0.85729679	-3.5491864
-0.77526263	-0.69373445	0.49670359	0.85729679	-3.5525942
-0.77526263	-0.69373445	0.49670359	0.85729679	-3.556004
-0.77526263	-0.69373445	0.49670359	0.85729679	-3.5594156
-0.77526263	-0.69373445	0.49670359	0.85729679	-3.5628291
-0.77526263	-0.69373445	0.49670359	0.85729679	-3.5662445
-0.77526263	-0.69373445	0.49670359	0.85729679	-3.5696618
-0.77526263	-0.69373445	0.49670359	0.85729679	-3.573081
-0.77526263	-0.69373445	0.49670359	0.85729679	-3.5765021
-0.77526263	-0.69373445	0.49670359	0.85729679	-3.579925
-0.77526263	-0.69373445	0.49670359	0.85729679	-3.5833499
-0.77526263	-0.69373445	0.49670359	0.85729679	-3.5867766
-0.77526263	-0.69373445	0.49670359	0.85729679	-3.5902052
-0.77526263	-0.69373445	0.49670359	0.85729679	-3.5936357
-0.77526263	-0.69373445	0.49670359	0.85729679	-3.5970681
-0.77526263	-0.69373445	0.49670359	0.85729679	-3.6005024
-0.77526263	-0.69373445	0.49670359	0.85729679	-3.6039385
-0.77526263	-0.69373445	0.49670359	0.85729679	-3.6073766
-0.77526263	-0.69373445	0.49670359	0.85729679	-3.6108165
-0.77526263	-0.69373445	0.49670359	0.85729679	-3.6142583
-0.77526263	-0.69373445	0.49670359	0.85729679	-3.617702
-0.77526263	-0.69373445	0.49670359	0.85729679	-3.6211476
-0.77526263	-0.69373445	0.49670359	0.85729679	-3.6245951
-0.77526263	-0.69373445	0.49670359	0.85729679	-3.6280445
-0.77526263	-0.69373445	0.49670359	0.85729679	-3.6314958
-0.77526263	-0.69373445	0.49670359	0.85729679	-3.6349489
-0.77526263	-0.69373445	0.49670359	0.85729679	-3.638404
-0.77526263	-0.69373445	0.49670359	0.85729679	-3.6418609
-0.77526263	-0.69373445	0.49670359	0.85729679	-3.6453197
-0.77526263	-0.69373445	0.49670359	0.85729679	-3.6487804
-0.77526263	-0.69373445	0.49670359	0.85729679	-3.652243
-0.77526263	-0.69373445	0.49670359	0.85729679	-3.6557075
-0.77526263	-0.69373445	0.49670359	0.85729679	-3.6591739
-0.77526263	-0.69373445	0.49670359	0.85729679	-3.6626421
-0.77526263	-0.69373445	0.49670359	0.85729679	-3.6661123
-0.77526263	-0.69373445	0.49670359	0.85729679	-3.6695843
-0.77526263	-0.69373445	0.49670359	0.85729679	-3.6730583
-0.77526263	-0.69373445	0.49670359	0.85729679	-3.6765341
-0.77526263	-0.69373445	0.49670359	0.85729679	-3.6800118
-0.77526263	-0.69373445	0.49670359	0.85729679	-3.6834914
-0.77526263	-0.69373445	0.49670359	0.85729679	-3.6869729
-0.77526263	-0.69373445	0.49670359	0.85729679	-3.6904563
-0.77526263	-0.69373445	0.49670359	0.85729679	-3.6939416
-0.77526263	-0.69373445	0.49670359	0.85729679	-3.6974287
-0.77526263	-0.69373445	0.49670359	0.85729679	-3.7009178
-0.77526263	-0.69373445	0.49670359	0.85729679	-3.7044087
-0.77526263	-0.69373445	0.49670359	0.85729679	-3.7079016
-0.77526263	-0.69373445	0.49670359	0.85729679	-3.7113963
-0.77526263	-0.69373445	0.49670359	0.85729679	-3.7148929
-0.77526263	-0.69373445	0.49670359	0.85729679	-3.7183914
-0.77526263	-0.69373445	0.49670359	0.85729679	-3.7218918
-0.77526263	-0.69373445	0.49670359	0.85729679	-3.7253941
-0.77526263	-0.69373445	0.49670359	0.85729679	-3.7288983
-0.77526263	-0.69373445	0.49670359	0.85729679	-3.7324044
-0.77526263	-0.69373445	0.49670359	0.85729679	-3.7359124
-0.77526263	-0.69373445	0.49670359	0.85729679	-3.7394222
-0.77526263	-0.69373445	0.49670359	0.85729679	-3.742934
-0.77526263	-0.69373445	0.49670359	0.85729679	-3.7464476
-0.77526263	-0.69373445	0.49670359	0.85729679	-3.7499631
-0.77526263	-0.69373445	0.49670359	0.85729679	-3.7534806
-0.77526263	-0.69373445	0.49670359	0.85729679	-3.7569999
-0.77526263	-0.69373445	0.49670359	0.85729679	-3.7605211
-0.77526263	-0.69373445	0.49670359	0.85729679	-3.7640442
-0.77526263	-0.69373445	0.49670359	0.85729679	-3.7675692
-0.77526263	-0.69373445	0.49670359	0.85729679	-3.7710961
-0.77526263	-0.69373445	0.49670359	0.85729679	-3.7746249
-0.77526263	-0.69373445	0.49670359	0.85729679	-3.7781556
-0.77526263	-0.69373445	0.49670359	0.85729679	-3.7816881
-0.77526263	-0.69373445	0.49670359	0.85729679	-3.7852226
-0.77526263	-0.69373445	0.49670359	0.85729679	-3.788759
-0.77526263	-0.69373445	0.49670359	0.85729679	-3.7922972
-0.77526263	-0.69373445	0.49670359	0.85729679	-3.7958374
-0.77526263	-0.69373445	0.49670359	0.85729679	-3.7993794
-0.77526263	-0.69373445	0.49670359	0.85729679	-3.8029233
-0.77526263	-0.69373445	0.49670359	0.85729679	-3.8064691
-0.77526263	-0.69373445	0.49670359	0.85729679	-3.8100169
-0.77526263	-0.69373445	0.49670359	0.85729679	-3.8135665
-0.77526263	-0.69373445	0.49670359	0.85729679	-3.817118
-0.77526263	-0.69373445	0.49670359	0.85729679	-3.8206714
-0.77526263	-0.69373445	0.49670359	0.85729679	-3.8242267
-0.77526263	-0.69373445	0.49670359	0.85729679	-3.8277839
-0.77526263	-0.69373445	0.49670359	0.85729679	-3.831343
-0.77526263	-0.69373445	0.49670359	0.85729679	-3.8349039
-0.77526263	-0.69373445	0.49670359	0.85729679	-3.8384668
-0.77526263	-0.69373445	0.49670359	0.85729679	-3.8420316
-0.77526263	-0.69373445	0.49670359	0.85729679	-3.8455982
-0.77526263	-0.69373445	0.49670359	0.85729679	-3.8491668
-0.77526263	-0.69373445	0.49670359	0.85729679	-3.8527373
-0.77526263	-0.69373445	0.49670359	0.85729679	-3.8563096
-0.77526263	-0.69373445	0.49670359	0.85729679	-3.8598839
-0.77526263	-0.69373445	0.49670359	0.85729679	-3.86346
-0.77526263	-0.69373445	0.49670359	0.85729679	-3.867038
-0.77526263	-0.69373445	0.49670359	0.85729679	-3.870618
-0.77526263	-0.69373445	0.49670359	0.85729679	-3.8741998
-0.77526263	-0.69373445	0.49670359	0.85729679	-3.8777835
-0.77526263	-0.69373445	0.49670359	0.85729679	-3.8813691
-0.77526263	-0.69373445	0.49670359	0.85729679	-3.8849566
-0.77526263	-0.69373445	0.49670359	0.85729679	-3.8885461
-0.77526263	-0.69373445	0.49670359	0.85729679	-3.8921374
-0.77526263	-0.69373445	0.49670359	0.85729679	-3.8957306
-0.77526263	-0.69373445	0.49670359	0.85729679	-3.8993257
-0.77526263	-0.69373445	0.49670359	0.85729679	-3.9029227
-0.77526263	-0.69373445	0.49670359	0.85729679	-3.9065216
-0.77526263	-0.69373445	0.49670359	0.85729679	-3.9101223
-0.77526263	-0.69373445	0.49670359	0.85729679	-3.913725
-0.77526263	-0.69373445	0.49670359	0.85729679	-3.9173296
-0.77526263	-0.69373445	0.49670359	0.85729679	-3.9209361
-0.77526263	-0.69373445	0.49670359	0.85729679	-3.9245445
-0.77526263	-0.69373445	0.49670359	0.85729679	-3.9281547
-0.77526263	-0.69373445	0.49670359	0.85729679	-3.9317669
-0.77526263	-0.69373445	0.49670359	0.85729679	-3.935381
-0.77526263	-0.69373445	0.49670359	0.85729679	-3.938997
-0.77526263	-0.69373445	0.49670359	0.85729679	-3.9426148
-0.77526263	-0.69373445	0.49670359	0.85729679	-3.9462346
-0.77526263	-0.69373445	0.49670359	0.85729679	-3.9498562
-0.77526263	-0.69373445	0.49670359	0.85729679	-3.9534798
-0.77526263	-0.69373445	0.49670359	0.85729679	-3.9571053
-0.77526263	-0.69373445	0.49670359	0.85729679	-3.9607326
-0.77526263	-0.69373445	0.49670359	0.85729679	-3.9643619
-0.77526263	-0.69373445	0.49670359	0.85729679	-3.967993
-0.77526263	-0.69373445	0.49670359	0.85729679	-3.971626
-0.77526263	-0.69373445	0.49670359	0.85729679	-3.975261
-0.77526263	-0.69373445	0.49670359	0.85729679	-3.9788978
-0.77526263	-0.69373445	0.49670359	0.85729679	-3.9825366
-0.77526263	-0.69373445	0.49670359	0.85729679	-3.9861772
-0.77526263	-0.69373445	0.49670359	0.85729679	-3.9898198
-0.77526263	-0.69373445	0.49670359	0.85729679	-3.9934642
-0.77526263	-0.69373445	0.49670359	0.85729679	-3.9971105
-0.77526263	-0.69373445	0.49670359	0.85729679	-4.0007588
-0.77526263	-0.69373445	0.49670359	0.85729679	-4.0044089
-0.77526263	-0.69373445	0.49670359	0.85729679	-4.0080609
-0.77526263	-0.69373445	0.49670359	0.85729679	-4.0117149
-0.77526263	-0.69373445	0.49670359	0.85729679	-4.0153707
-0.77526263	-0.69373445	0.49670359	0.85729679	-4.0190284
-0.77526263	-0.69373445	0.49670359	0.85729679	-4.0226881
-0.77526263	-0.69373445	0.49670359	0.85729679	-4.0263496
-0.77526263	-0.69373445	0.49670359	0.85729679	-4.030013
-0.77526263	-0.69373445	0.49670359	0.85729679	-4.0336784
-0.77526263	-0.69373445	0.49670359	0.85729679	-4.0373456
-0.77526263	-0.69373445	0.49670359	0.85729679	-4.0410147
-0.77526263	-0.69373445	0.49670359	0.85729679	-4.0446857
-0.77526263	-0.69373445	0.49670359	0.85729679	-4.0483587
-0.77526263	-0.69373445	0.49670359	0.85729679	-4.0520335
-0.77526263	-0.69373445	0.49670359	0.85729679	-4.0557102
-0.77526263	-0.69373445	0.49670359	0.85729679	-4.0593889
-0.77526263	-0.69373445	0.49670359	0.85729679	-4.0630694
-0.77526263	-0.69373445	0.49670359	0.85729679	-4.0667518
-0.77526263	-0.69373445	0.49670359	0.85729679	-4.0704361
-0.77526263	-0.69373445	0.49670359	0.85729679	-4.0741224
-0.77526263	-0.69373445	0.49670359	0.85729679	-4.0778105
-0.77526263	-0.69373445	0.49670359	0.85729679	-4.0815005
-0.77526263	-0.69373445	0.49670359	0.85729679	-4.0851925
-0.77526263	-0.69373445	0.49670359	0.85729679	-4.0888863
-0.77526263	-0.69373445	0.49670359	0.85729679	-4.092582
-0.77526263	-0.69373445	0.49670359	0.85729679	-4.0962797
-0.77526263	-0.69373445	0.49670359	0.85729679	-4.0999792
-0.77526263	-0.69373445	0.49670359	0.85729679	-4.1036806
-0.77526263	-0.69373445	0.49670359	0.85729679	-4.107384
-0.77526263	-0.69373445	0.49670359	0.85729679	-4.1110892
-0.77526263	-0.69373445	0.49670359	0.85729679	-4.1147964
-0.77526263	-0.69373445	0.49670359	0.85729679	-4.1185054
-0.77526263	-0.69373445	0.49670359	0.85729679	-4.1222163
-0.77526263	-0.69373445	0.49670359	0.85729679	-4.1259292
-0.77526263	-0.69373445	0.49670359	0.85729679	-4.1296439
-0.77526263	-0.69373445	0.49670359	0.85729679	-4.1333606
-0.77526263	-0.69373445	0.49670359	0.85729679	-4.1370791
-0.77526263	-0.69373445	0.49670359	0.85729679	-4.1407996
-0.77526263	-0.69373445	0.49670359	0.85729679	-4.1445219
-0.77526263	-0.69373445	0.49670359	0.85729679	-4.1482462
-0.77526263	-0.69373445	0.49670359	0.85729679	-4.1519724
-0.77526263	-0.69373445	0.49670359	0.85729679	-4.1557004
-0.77526263	-0.69373445	0.49670359	0.85729679	-4.1594304
-0.77526263	-0.69373445	0.49670359	0.85729679	-4.1631623
-0.77526263	-0.69373445	0.49670359	0.85729679	-4.166896
-0.77526263	-0.69373445	0.49670359	0.85729679	-4.1706317
-0.77526263	-0.69373445	0.49670359	0.85729679	-4.1743693
-0.77526263	-0.69373445	0.49670359	0.85729679	-4.1781087
-0.77526263	-0.69373445	0.49670359	0.85729679	-4.1818501
-0.77526263	-0.69373445	0.49670359	0.85729679	-4.1855934
-0.77526263	-0.69373445	0.49670359	0.85729679	-4.1893386
-0.77526263	-0.69373445	0.49670359	0.85729679	-4.1930857
-0.77526263	-0.69373445	0.49670359	0.85729679	-4.1968347
-0.77526263	-0.69373445	0.49670359	0.85729679	-4.2005855
-0.77526263	-0.69373445	0.49670359	0.85729679	-4.2043383
-0.77526263	-0.69373445	0.49670359	0.85729679	-4.208093
-0.77526263	-0.69373445	0.49670359	0.85729679	-4.2118496
-0.77526263	-0.69373445	0.49670359	0.85729679	-4.2156081
-0.77526263	-0.69373445	0.49670359	0.85729679	-4.2193686
-0.77526263	-0.69373445	0.49670359	0.85729679	-4.2231309
-0.77526263	-0.69373445	0.49670359	0.85729679	-4.2268951
-0.77526263	-0.69373445	0.49670359	0.85729679	-4.2306612
-0.77526263	-0.69373445	0.49670359	0.85729679	-4.2344292
-0.77526263	-0.69373445	0.49670359	0.85729679	-4.2381991
-0.77526263	-0.69373445	0.49670359	0.85729679	-4.241971
-0.77526263	-0.69373445	0.49670359	0.85729679	-4.2457447
-0.77526263	-0.69373445	0.49670359	0.85729679	-4.2495203
-0.77526263	-0.69373445	0.49670359	0.85729679	-4.2532979
-0.77526263	-0.69373445	0.49670359	0.85729679	-4.2570773
-0.77526263	-0.69373445	0.49670359	0.85729679	-4.2608587
-0.77526263	-0.69373445	0.49670359	0.85729679	-4.2646419
-0.77526263	-0.69373445	0.49670359	0.85729679	-4.2684271
-0.77526263	-0.69373445	0.49670359	0.85729679	-4.2722141
-0.77526263	-0.69373445	0.49670359	0.85729679	-4.2760031
-0.77526263	-0.69373445	0.49670359	0.85729679	-4.279794
-0.77526263	-0.69373445	0.49670359	0.85729679	-4.2835868
-0.77526263	-0.69373445	0.49670359	0.85729679	-4.2873814
-0.77526263	-0.69373445	0.49670359	0.85729679	-4.291178
-0.77526263	-0.69373445	0.49670359	0.85729679	-4.2949765
-0.77526263	-0.69373445	0.49670359	0.85729679	-4.2987769
-0.77526263	-0.69373445	0.49670359	0.85729679	-4.3025792
-0.77526263	-0.69373445	0.49670359	0.85729679	-4.3063834
-0.77526263	-0.69373445	0.49670359	0.85729679	-4.3101895
-0.77526263	-0.69373445	0.49670359	0.85729679	-4.3139975
-0.77526263	-0.69373445	0.49670359	0.85729679	-4.3178074
-0.77526263	-0.69373445	0.49670359	0.85729679	-4.3216192
-0.77526263	-0.69373445	0.49670359	0.85729679	-4.325433
-0.77526263	-0.69373445	0.49670359	0.85729679	-4.3292486
-0.77526263	-0.69373445	0.49670359	0.85729679	-4.3330661
-0.77526263	-0.69373445	0.49670359	0.85729679	-4.3368856
-0.77526263	-0.69373445	0.49670359	0.85729679	-4.3407069
-0.77526263	-0.69373445	0.49670359	0.85729679	-4.3445302
-0.77526263	-0.69373445	0.49670359	0.85729679	-4.3483553
-0.77526263	-0.69373445	0.49670359	0.85729679	-4.3521824
-0.77526263	-0.69373445	0.49670359	0.85729679	-4.3560114
-0.77526263	-0.69373445	0.49670359	0.85729679	-4.3598422
-0.77526263	-0.69373445	0.49670359	0.85729679	-4.363675
-0.77526263	-0.69373445	0.49670359	0.85729679	-4.3675097
-0.77526263	-0.69373445	0.49670359	0.85729679	-4.3713463
-0.77526263	-0.69373445	0.49670359	0.85729679	-4.3751848
-0.77526263	-0.69373445	0.49670359	0.85729679	-4.3790252
-0.77526263	-0.69373445	0.49670359	0.85729679	-4.3828675
-0.77526263	-0.69373445	0.49670359	0.85729679	-4.3867117
-0.77526263	-0.69373445	0.49670359	0.85729679	-4.3905578
-0.77526263	-0.69373445	0.49670359	0.85729679	-4.3944059
-0.77526263	-0.69373445	0.49670359	0.85729679	-4.3982558
-0.77526263	-0.69373445	0.49670359	0.85729679	-4.4021076
-0.77526263	-0.69373445	0.49670359	0.85729679	-4.4059614
-0.77526263	-0.69373445	0.49670359	0.85729679	-4.409817
-0.77526263	-0.69373445	0.49670359	0.85729679	-4.4136746
-0.77526263	-0.69373445	0.49670359	0.85729679	-4.4175341
-0.77526263	-0.69373445	0.49670359	0.85729679	-4.4213954
-0.77526263	-0.69373445	0.49670359	0.85729679	-4.4252587
-0.77526263	-0.69373445	0.49670359	0.85729679	-4.4291239
-0.77526263	-0.69373445	0.49670359	0.85729679	-4.432991
-0.77526263	-0.69373445	0.49670359	0.85729679	-4.43686
-0.77526263	-0.69373445	0.49670359	0.85729679	-4.4407309
-0.77526263	-0.69373445	0.49670359	0.85729679	-4.4446037
-0.77526263	-0.69373445	0.49670359	0.85729679	-4.4484784
-0.77526263	-0.69373445	0.49670359	0.85729679	-4.452355
-0.77526263	-0.69373445	0.49670359	0.85729679	-4.4562335
-0.77526263	-0.69373445	0.49670359	0.85729679	-4.460114
-0.77526263	-0.69373445	0.49670359	0.85729679	-4.4639963
-0.77526263	-0.69373445	0.49670359	0.85729679	-4.4678806
-0.77526263	-0.69373445	0.49670359	0.85729679	-4.4717667
-0.77526263	-0.69373445	0.49670359	0.85729679	-4.4756548
-0.77526263	-0.69373445	0.49670359	0.85729679	-4.4795448
-0.77526263	-0.69373445	0.49670359	0.85729679	-4.4834366
-0.77526263	-0.69373445	0.49670359	0.85729679	-4.4873304
-0.77526263	-0.69373445	0.49670359	0.85729679	-4.4912261
-0.77526263	-0.69373445	0.49670359	0.85729679	-4.4951237
-0.77526263	-0.69373445	0.49670359	0.85729679	-4.4990232
-0.77526263	-0.69373445	0.49670359	0.85729679	-4.5029246
-0.77526263	-0.69373445	0.49670359	0.85729679	-4.506828
-0.77526263	-0.69373445	0.49670359	0.85729679	-4.5107332
-0.77526263	-0.69373445	0.49670359	0.85729679	-4.5146403
-0.77526263	-0.69373445	0.49670359	0.85729679	-4.5185494
-0.77526263	-0.69373445	0.49670359	0.85729679	-4.5224603
-0.77526263	-0.69373445	0.49670359	0.85729679	-4.5263732
-0.77526263	-0.69373445	0.49670359	0.85729679	-4.530288
-0.77526263	-0.69373445	0.49670359	0.85729679	-4.5342046
-0.77526263	-0.69373445	0.49670359	0.85729679	-4.5381232
-0.77526263	-0.69373445	0.49670359	0.85729679	-4.5420437
-0.77526263	-0.69373445	0.49670359	0.85729679	-4.5459661
-0.77526263	-0.69373445	0.49670359	0.85729679	-4.5498904
-0.77526263	-0.69373445	0.49670359	0.85729679	-4.5538166
-0.77526263	-0.69373445	0.49670359	0.85729679	-4.5577447
-0.77526263	-0.69373445	0.49670359	0.85729679	-4.5616748
-0.77526263	-0.69373445	0.49670359	0.85729679	-4.5656067
-0.77526263	-0.69373445	0.49670359	0.85729679	-4.5695405
-0.77526263	-0.69373445	0.49670359	0.85729679	-4.5734763
-0.77526263	-0.69373445	0.49670359	0.85729679	-4.577414
-0.77526263	-0.69373445	0.49670359	0.85729679	-4.5813535
-0.77526263	-0.69373445	0.49670359	0.85729679	-4.585295
-0.77526263	-0.69373445	0.49670359	0.85729679	-4.5892384
-0.77526263	-0.69373445	0.49670359	0.85729679	-4.5931837
-0.77526263	-0.69373445	0.49670359	0.85729679	-4.5971309
-0.77526263	-0.69373445	0.49670359	0.85729679	-4.60108
-0.77526263	-0.69373445	0.49670359	0.85729679	-4.605031
-0.77526263	-0.69373445	0.49670359	0.85729679	-4.6089839
-0.77526263	-0.69373445	0.49670359	0.85729679	-4.6129388
-0.77526263	-0.69373445	0.49670359	0.85729679	-4.6168955
-0.77526263	-0.69373445	0.49670359	0.85729679	-4.6208542
-0.77526263	-0.69373445	0.49670359	0.85729679	-4.6248147
-0.77526263	-0.69373445	0.49670359	0.85729679	-4.6287772
-0.77526263	-0.69373445	0.49670359	0.85729679	-4.6327416
-0.77526263	-0.69373445	0.49670359	0.85729679	-4.6367079
-0.77526263	-0.69373445	0.49670359	0.85729679	-4.6406761
-0.77526263	-0.69373445	0.49670359	0.85729679	-4.6446462
-0.77526263	-0.69373445	0.49670359	0.85729679	-4.6486182
-0.77526263	-0.69373445	0.49670359	0.85729679	-4.6525921
-0.77526263	-0.69373445	0.49670359	0.85729679	-4.6565679
-0.77526263	-0.69373445	0.49670359	0.85729679	-4.6605457
-0.77526263	-0.69373445	0.49670359	0.85729679	-4.6645253
-0.77526263	-0.69373445	0.49670359	0.85729679	-4.6685069
-0.77526263	-0.69373445	0.49670359	0.85729679	-4.6724903
-0.77526263	-0.69373445	0.49670359	0.85729679	-4.6764757
-0.77526263	-0.69373445	0.49670359	0.85729679	-4.680463
-0.77526263	-0.69373445	0.49670359	0.85729679	-4.6844522
-0.77526263	-0.69373445	0.49670359	0.85729679	-4.6884433
-0.77526263	-0.69373445	0.49670359	0.85729679	-4.6924363
-0.77526263	-0.69373445	0.49670359	0.85729679	-4.6964312
-0.77526263	-0.69373445	0.49670359	0.85729679	-4.700428
-0.77526263	-0.69373445	0.49670359	0.85729679	-4.7044268
-0.77526263	-0.69373445	0.49670359	0.85729679	-4.7084274
-0.77526263	-0.69373445	0.49670359	0.85729679	-4.71243
-0.77526263	-0.69373445	0.49670359	0.85729679	-4.7164345
-0.77526263	-0.69373445	0.49670359	0.85729679	-4.7204408
-0.77526263	-0.69373445	0.49670359	0.85729679	-4.7244491
-0.77526263	-0.69373445	0.49670359	0.85729679	-4.7284593
-0.77526263	-0.69373445	0.49670359	0.85729679	-4.7324714
-0.77526263	-0.69373445	0.49670359	0.85729679	-4.7364854
-0.77526263	-0.69373445	0.49670359	0.85729679	-4.7405013
-0.77526263	-0.69373445	0.49670359	0.85729679	-4.7445192
-0.77526263	-0.69373445	0.49670359	0.85729679	-4.7485389
-0.77526263	-0.69373445	0.49670359	0.85729679	-4.7525605
-0.77526263	-0.69373445	0.49670359	0.85729679	-4.7565841
-0.77526263	-0.69373445	0.49670359	0.85729679	-4.7606096
-0.77526263	-0.69373445	0.49670359	0.85729679	-4.764637
-0.77526263	-0.69373445	0.49670359	0.85729679	-4.7686662
-0.77526263	-0.69373445	0.49670359	0.85729679	-4.7726974
-0.77526263	-0.69373445	0.49670359	0.85729679	-4.7767305
-0.77526263	-0.69373445	0.49670359	0.85729679	-4.7807656
-0.77526263	-0.69373445	0.49670359	0.85729679	-4.7848025
-0.77526263	-0.69373445	0.49670359	0.85729679	-4.7888413
-0.77526263	-0.69373445	0.49670359	0.85729679	-4.7928821
-0.77526263	-0.69373445	0.49670359	0.85729679	-4.7969247
-0.77526263	-0.69373445	0.49670359	0.85729679	-4.8009693
-0.77526263	-0.69373445	0.49670359	0.85729679	-4.8050157
-0.77526263	-0.69373445	0.49670359	0.85729679	-4.8090641
-0.77526263	-0.69373445	0.49670359	0.85729679	-4.8131144
-0.77526263	-0.69373445	0.49670359	0.85729679	-4.8171666
-0.77526263	-0.69373445	0.49670359	0.85729679	-4.8212207
-0.77526263	-0.69373445	0.49670359	0.85729679	-4.8252768
-0.77526263	-0.69373445	0.49670359	0.85729679	-4.8293347
-0.77526263	-0.69373445	0.49670359	0.85729679	-4.8333945
-0.77526263	-0.69373445	0.49670359	0.85729679	-4.8374563
-0.77526263	-0.69373445	0.49670359	0.85729679	-4.8415199
-0.77526263	-0.69373445	0.49670359	0.85729679	-4.8455855
-0.77526263	-0.69373445	0.49670359	0.85729679	-4.849653
-0.77526263	-0.69373445	0.49670359	0.85729679	-4.8537224
-0.77526263	-0.69373445	0.49670359	0.85729679	-4.8577937
-0.77526263	-0.69373445	0.49670359	0.85729679	-4.8618669
-0.77526263	-0.69373445	0.49670359	0.85729679	-4.865942
-0.77526263	-0.69373445	0.49670359	0.85729679	-4.870019
-0.77526263	-0.69373445	0.49670359	0.85729679	-4.874098
-0.77526263	-0.69373445	0.49670359	0.85729679	-4.8781788
-0.77526263	-0.69373445	0.49670359	0.85729679	-4.8822616
-0.77526263	-0.69373445	0.49670359	0.85729679	-4.8863463
-0.77526263	-0.69373445	0.49670359	0.85729679	-4.8904328
-0.77526263	-0.69373445	0.49670359	0.85729679	-4.8945213
-0.77526263	-0.69373445	0.49670359	0.85729679	-4.8986117
-0.77526263	-0.69373445	0.49670359	0.85729679	-4.902704
-0.77526263	-0.69373445	0.49670359	0.85729679	-4.9067983
-0.77526263	-0.69373445	0.49670359	0.85729679	-4.9108944
-0.77526263	-0.69373445	0.49670359	0.85729679	-4.9149924
-0.77526263	-0.69373445	0.49670359	0.85729679	-4.9190924
-0.77526263	-0.69373445	0.49670359	0.85729679	-4.9231942
-0.77526263	-0.69373445	0.49670359	0.85729679	-4.927298
-0.77526263	-0.69373445	0.49670359	0.85729679	-4.9314037
-0.77526263	-0.69373445	0.49670359	0.85729679	-4.9355113
-0.77526263	-0.69373445	0.49670359	0.85729679	-4.9396208
-0.77526263	-0.69373445	0.49670359	0.85729679	-4.9437322
-0.77526263	-0.69373445	0.49670359	0.85729679	-4.9478455
-0.77526263	-0.69373445	0.49670359	0.85729679	-4.9519607
-0.77526263	-0.69373445	0.49670359	0.85729679	-4.9560779
-0.77526263	-0.69373445	0.49670359	0.85729679	-4.9601969
-0.77526263	-0.69373445	0.49670359	0.85729679	-4.9643179
-0.77526263	-0.69373445	0.49670359	0.85729679	-4.9684408
-0.77526263	-0.69373445	0.49670359	0.85729679	-4.9725655
-0.77526263	-0.69373445	0.49670359	0.85729679	-4.9766922
-0.77526263	-0.69373445	0.49670359	0.85729679	-4.9808208
-0.77526263	-0.69373445	0.49670359	0.85729679	-4.9849514
-0.77526263	-0.69373445	0.49670359	0.85729679	-4.9890838
-0.77526263	-0.69373445	0.49670359	0.85729679	-4.9932181
-0.77526263	-0.69373445	0.49670359	0.85729679	-4.9973544
-0.77526263	-0.69373445	0.49670359	0.85729679	-5.0014925
-0.77526263	-0.69373445	0.49670359	0.85729679	-5.0056326
-0.77526263	-0.69373445	0.49670359	0.85729679	-5.0097745
-0.77526263	-0.69373445	0.49670359	0.85729679	-5.0139184
-0.77526263	-0.69373445	0.49670359	0.85729679	-5.0180642
-0.77526263	-0.69373445	0.49670359	0.85729679	-5.0222119
-0.77526263	-0.69373445	0.49670359	0.85729679	-5.0263615
-0.77526263	-0.69373445	0.49670359	0.85729679	-5.0305131
-0.77526263	-0.69373445	0.49670359	0.85729679	-5.0346665
-0.77526263	-0.69373445	0.49670359	0.85729679	-5.0388219
-0.77526263	-0.69373445	0.49670359	0.85729679	-5.0429791
-0.77526263	-0.69373445	0.49670359	0.85729679	-5.0471383
-0.77526263	-0.69373445	0.49670359	0.85729679	-5.0512994
-0.77526263	-0.69373445	0.49670359	0.85729679	-5.0554623
-0.77526263	-0.69373445	0.49670359	0.85729679	-5.0596272
-0.77526263	-0.69373445	0.49670359	0.85729679	-5.063794
-0.77526263	-0.69373445	0.49670359	0.85729679	-5.0679628
-0.77526263	-0.69373445	0.49670359	0.85729679	-5.0721334
-0.77526263	-0.69373445	0.49670359	0.85729679	-5.0763059
-0.77526263	-0.69373445	0.49670359	0.85729679	-5.0804804
-0.77526263	-0.69373445	0.49670359	0.85729679	-5.0846567
-0.77526263	-0.69373445	0.49670359	0.85729679	-5.088835
-0.77526263	-0.69373445	0.49670359	0.85729679	-5.0930152
-0.77526263	-0.69373445	0.49670359	0.85729679	-5.0971973
-0.77526263	-0.69373445	0.49670359	0.85729679	-5.1013813
-0.77526263	-0.69373445	0.49670359	0.85729679	-5.1055672
-0.77526263	-0.69373445	0.49670359	0.85729679	-5.109755
-0.77526263	-0.69373445	0.49670359	0.85729679	-5.1139447
-0.77526263	-0.69373445	0.49670359	0.85729679	-5.1181364
-0.77526263	-0.69373445	0.49670359	0.85729679	-5.1223299
-0.77526263	-0.69373445	0.49670359	0.85729679	-5.1265254
-0.77526263	-0.69373445	0.49670359	0.85729679	-5.1307228
-0.77526263	-0.69373445	0.49670359	0.85729679	-5.134922
-0.77526263	-0.69373445	0.49670359	0.85729679	-5.1391232
-0.77526263	-0.69373445	0.49670359	0.85729679	-5.1433263
-0.77526263	-0.69373445	0.49670359	0.85729679	-5.1475314
-0.77526263	-0.69373445	0.49670359	0.85729679	-5.1517383
-0.77526263	-0.69373445	0.49670359	0.85729679	-5.1559471
-0.77526263	-0.69373445	0.49670359	0.85729679	-5.1601579
-0.77526263	-0.69373445	0.49670359	0.85729679	-5.1643705
-0.77526263	-0.69373445	0.49670359	0.85729679	-5.1685851
-0.77526263	-0.69373445	0.49670359	0.85729679	-5.1728015
-0.77526263	-0.69373445	0.49670359	0.85729679	-5.1770199
-0.77526263	-0.69373445	0.49670359	0.85729679	-5.1812402
-0.77526263	-0.69373445	0.49670359	0.85729679	-5.1854624
-0.77526263	-0.69373445	0.49670359	0.85729679	-5.1896865
-0.77526263	-0.69373445	0.49670359	0.85729679	-5.1939126
-0.77526263	-0.69373445	0.49670359	0.85729679	-5.1981405
-0.77526263	-0.69373445	0.49670359	0.85729679	-5.2023703
-0.77526263	-0.69373445	0.49670359	0.85729679	-5.2066021
-0.77526263	-0.69373445	0.49670359	0.85729679	-5.2108358
-0.77526263	-0.69373445	0.49670359	0.85729679	-5.2150713
-0.77526263	-0.69373445	0.49670359	0.85729679	-5.2193088
-0.77526263	-0.69373445	0.49670359	0.85729679	-5.2235482
-0.77526263	-0.69373445	0.49670359	0.85729679	-5.2277895
-0.77526263	-0.69373445	0.49670359	0.85729679	-5.2320327
-0.77526263	-0.69373445	0.49670359	0.85729679	-5.2362779
-0.77526263	-0.69373445	0.49670359	0.85729679	-5.2405249
-0.77526263	-0.69373445	0.49670359	0.85729679	-5.2447739
-0.77526263	-0.69373445	0.49670359	0.85729679	-5.2490247
-0.77526263	-0.69373445	0.49670359	0.85729679	-5.2532775
-0.77526263	-0.69373445	0.49670359	0.85729679	-5.2575321
-0.77526263	-0.69373445	0.49670359	0.85729679	-5.2617887
-0.77526263	-0.69373445	0.49670359	0.85729679	-5.2660472
-0.77526263	-0.69373445	0.49670359	0.85729679	-5.2703076
-0.77526263	-0.69373445	0.49670359	0.85729679	-5.27457
-0.77526263	-0.69373445	0.49670359	0.85729679	-5.2788342
-0.77526263	-0.69373445	0.49670359	0.85729679	-5.2831003
-0.77526263	-0.69373445	0.49670359	0.85729679	-5.2873684
-0.77526263	-0.69373445	0.49670359	0.85729679	-5.2916383
-0.77526263	-0.69373445	0.49670359	0.85729679	-5.2959102
-0.77526263	-0.69373445	0.49670359	0.85729679	-5.300184
-0.77526263	-0.69373445	0.49670359	0.85729679	-5.3044596
-0.77526263	-0.69373445	0.49670359	0.85729679	-5.3087372
-0.77526263	-0.69373445	0.49670359	0.85729679	-5.3130167
-0.77526263	-0.69373445	0.49670359	0.85729679	-5.3172981
-0.77526263	-0.69373445	0.49670359	0.85729679	-5.3215815
-0.77526263	-0.69373445	0.49670359	0.85729679	-5.3258667
-0.77526263	-0.69373445	0.49670359	0.85729679	-5.3301538
-0.77526263	-0.69373445	0.49670359	0.85729679	-5.3344429
-0.77526263	-0.69373445	0.49670359	0.85729679	-5.3387339
-0.77526263	-0.69373445	0.49670359	0.85729679	-5.3430267
-0.77526263	-0.69373445	0.49670359	0.85729679	-5.3473215
-0.77526263	-0.69373445	0.49670359	0.85729679	-5.3516182
-0.77526263	-0.69373445	0.49670359	0.85729679	-5.3559168
-0.77526263	-0.69373445	0.49670359	0.85729679	-5.3602173
-0.77526263	-0.69373445	0.49670359	0.85729679	-5.3645197
-0.77526263	-0.69373445	0.49670359	0.85729679	-5.3688241
-0.77526263	-0.69373445	0.49670359	0.85729679	-5.3731303
-0.77526263	-0.69373445	0.49670359	0.85729679	-5.3774384
-0.77526263	-0.69373445	0.49670359	0.85729679	-5.3817485
-0.77526263	-0.69373445	0.49670359	0.85729679	-5.3860605
-0.77526263	-0.69373445	0.49670359	0.85729679	-5.3903744
-0.77526263	-0.69373445	0.49670359	0.85729679	-5.3946901
-0.77526263	-0.69373445	0.49670359	0.85729679	-5.3990078
-0.77526263	-0.69373445	0.49670359	0.85729679	-5.4033274
-0.77526263	-0.69373445	0.49670359	0.85729679	-5.4076489
-0.77526263	-0.69373445	0.49670359	0.85729679	-5.4119724
-0.77526263	-0.69373445	0.49670359	0.85729679	-5.4162977
-0.77526263	-0.69373445	0.49670359	0.85729679	-5.4206249
-0.77526263	-0.69373445	0.49670359	0.85729679	-5.4249541
-0.77526263	-0.69373445	0.49670359	0.85729679	-5.4292852
-0.77526263	-0.69373445	0.49670359	0.85729679	-5.4336181
-0.77526263	-0.69373445	0.49670359	0.85729679	-5.437953
-0.77526263	-0.69373445	0.49670359	0.85729679	-5.4422898
-0.77526263	-0.69373445	0.49670359	0.85729679	-5.4466285
-0.77526263	-0.69373445	0.49670359	0.85729679	-5.4509691
-0.77526263	-0.69373445	0.49670359	0.85729679	-5.4553116
-0.77526263	-0.69373445	0.49670359	0.85729679	-5.459656
-0.77526263	-0.69373445	0.49670359	0.85729679	-5.4640024
-0.77526263	-0.69373445	0.49670359	0.85729679	-5.4683506
-0.77526263	-0.69373445	0.49670359	0.85729679	-5.4727008
-0.77526263	-0.69373445	0.49670359	0.85729679	-5.4770528
-0.77526263	-0.69373445	0.49670359	0.85729679	-5.4814068
-0.77526263	-0.69373445	0.49670359	0.85729679	-5.4857627
-0.77526263	-0.69373445	0.49670359	0.85729679	-5.4901204
-0.77526263	-0.69373445	0.49670359	0.85729679	-5.4944801
-0.77526263	-0.69373445	0.49670359	0.85729679	-5.4988417
-0.77526263	-0.69373445	0.49670359	0.85729679	-5.5032053
-0.77526263	-0.69373445	0.49670359	0.85729679	-5.5075707
-0.77526263	-0.69373445	0.49670359	0.85729679	-5.511938
-0.77526263	-0.69373445	0.49670359	0.85729679	-5.5163072
-0.77526263	-0.69373445	0.49670359	0.85729679	-5.5206784
-0.77526263	-0.69373445	0.49670359	0.85729679	-5.5250514
-0.77526263	-0.69373445	0.49670359	0.85729679	-5.5294264
-0.77526263	-0.69373445	0.49670359	0.85729679	-5.5338033
-0.77526263	-0.69373445	0.49670359	0.85729679	-5.5381821
-0.77526263	-0.69373445	0.49670359	0.85729679	-5.5425627
-0.77526263	-0.69373445	0.49670359	0.85729679	-5.5469453
-0.77526263	-0.69373445	0.49670359	0.85729679	-5.5513298
-0.77526263	-0.69373445	0.49670359	0.85729679	-5.5557163
-0.77526263	-0.69373445	0.49670359	0.85729679	-5.5601046
-0.77526263	-0.69373445	0.49670359	0.85729679	-5.5644948
-0.77526263	-0.69373445	0.49670359	0.85729679	-5.568887
-0.77526263	-0.69373445	0.49670359	0.85729679	-5.573281
-0.77526263	-0.69373445	0.49670359	0.85729679	-5.577677
-0.77526263	-0.69373445	0.49670359	0.85729679	-5.5820748
-0.77526263	-0.69373445	0.49670359	0.85729679	-5.5864746
-0.77526263	-0.69373445	0.49670359	0.85729679	-5.5908763
-0.77526263	-0.69373445	0.49670359	0.85729679	-5.5952799
-0.77526263	-0.69373445	0.49670359	0.85729679	-5.5996853
-0.77526263	-0.69373445	0.49670359	0.85729679	-5.6040928
-0.77526263	-0.69373445	0.49670359	0.85729679	-5.6085021
-0.77526263	-0.69373445	0.49670359	0.85729679	-5.6129133
-0.77526263	-0.69373445	0.49670359	0.85729679	-5.6173264
-0.77526263	-0.69373445	0.49670359	0.85729679	-5.6217414
-0.77526263	-0.69373445	0.49670359	0.85729679	-5.6261584
-0.77526263	-0.69373445	0.49670359	0.85729679	-5.6305772
-0.77526263	-0.69373445	0.49670359	0.85729679	-5.634998
-0.77526263	-0.69373445	0.49670359	0.85729679	-5.6394207
-0.77526263	-0.69373445	0.49670359	0.85729679	-5.6438452
-0.77526263	-0.69373445	0.49670359	0.85729679	-5.6482717
-0.77526263	-0.69373445	0.49670359	0.85729679	-5.6527001
-0.77526263	-0.69373445	0.49670359	0.85729679	-5.6571304
-0.77526263	-0.69373445	0.49670359	0.85729679	-5.6615626
-0.77526263	-0.69373445	0.49670359	0.85729679	-5.6659967
-0.77526263	-0.69373445	0.49670359	0.85729679	-5.6704327
-0.77526263	-0.69373445	0.49670359	0.85729679	-5.6748706
-0.77526263	-0.69373445	0.49670359	0.85729679	-5.6793105
-0.77526263	-0.69373445	0.49670359	0.85729679	-5.6837522
-0.77526263	-0.69373445	0.49670359	0.85729679	-5.6881959
-0.77526263	-0.69373445	0.49670359	0.85729679	-5.6926414
-0.77526263	-0.69373445	0.49670359	0.85729679	-5.6970889
-0.77526263	-0.69373445	0.49670359	0.85729679	-5.7015382
-0.77526263	-0.69373445	0.49670359	0.85729679	-5.7059895
-0.77526263	-0.69373445	0.49670359	0.85729679	-5.7104427
-0.77526263	-0.69373445	0.49670359	0.85729679	-5.7148978
-0.77526263	-0.69373445	0.49670359	0.85729679	-5.7193548
-0.77526263	-0.69373445	0.49670359	0.85729679	-5.7238137
-0.77526263	-0.69373445	0.49670359	0.85729679	-5.7282745
-0.77526263	-0.69373445	0.49670359	0.85729679	-5.7327372
-0.77526263	-0.69373445	0.49670359	0.85729679	-5.7372018
-0.77526263	-0.69373445	0.49670359	0.85729679	-5.7416684
-0.77526263	-0.69373445	0.49670359	0.85729679	-5.7461368
-0.77526263	-0.69373445	0.49670359	0.85729679	-5.7506071
-0.77526263	-0.69373445	0.49670359	0.85729679	-5.7550794
-0.77526263	-0.69373445	0.49670359	0.85729679	-5.7595535
-0.77526263	-0.69373445	0.49670359	0.85729679	-5.7640296
-0.77526263	-0.69373445	0.49670359	0.85729679	-5.7685076
-0.77526263	-0.69373445	0.49670359	0.85729679	-5.7729874
-0.77526263	-0.69373445	0.49670359	0.85729679	-5.7774692
-0.77526263	-0.69373445	0.49670359	0.85729679	-5.7819529
-0.77526263	-0.69373445	0.49670359	0.85729679	-5.7864385
-0.77526263	-0.69373445	0.49670359	0.85729679	-5.790926
-0.77526263	-0.69373445	0.49670359	0.85729679	-5.7954154
-0.77526263	-0.69373445	0.49670359	0.85729679	-5.7999067
-0.77526263	-0.69373445	0.49670359	0.85729679	-5.8043999
-0.77526263	-0.69373445	0.49670359	0.85729679	-5.808895
-0.77526263	-0.69373445	0.49670359	0.85729679	-5.8133921
-0.77526263	-0.69373445	0.49670359	0.85729679	-5.817891
-0.77526263	-0.69373445	0.49670359	0.85729679	-5.8223918
-0.77526263	-0.69373445	0.49670359	0.85729679	-5.8268946
-0.77526263	-0.69373445	0.49670359	0.85729679	-5.8313992
-0.77526263	-0.69373445	0.49670359	0.85729679	-5.8359058
-0.77526263	-0.69373445	0.49670359	0.85729679	-5.8404143
-0.77526263	-0.69373445	0.49670359	0.85729679	-5.8449246
-0.77526263	-0.69373445	0.49670359	0.85729679	-5.8494369
-0.77526263	-0.69373445	0.49670359	0.85729679	-5.8539511
-0.77526263	-0.69373445	0.49670359	0.85729679	-5.8584672
-0.77526263	-0.69373445	0.49670359	0.85729679	-5.8629852
-0.77526263	-0.69373445	0.49670359	0.85729679	-5.867505
-0.77526263	-0.69373445	0.49670359	0.85729679	-5.8720268
-0.77526263	-0.69373445	0.49670359	0.85729679	-5.8765506
-0.77526263	-0.69373445	0.49670359	0.85729679	-5.8810762
-0.77526263	-0.69373445	0.49670359	0.85729679	-5.8856037
-0.77526263	-0.69373445	0.49670359	0.85729679	-5.8901331
-0.77526263	-0.69373445	0.49670359	0.85729679	-5.8946644
-0.77526263	-0.69373445	0.49670359	0.85729679	-5.8991976
-0.77526263	-0.69373445	0.49670359	0.85729679	-5.9037328
-0.77526263	-0.69373445	0.49670359	0.85729679	-5.9082698
-0.77526263	-0.69373445	0.49670359	0.85729679	-5.9128088
-0.77526263	-0.69373445	0.49670359	0.85729679	-5.9173496
-0.77526263	-0.69373445	0.49670359	0.85729679	-5.9218924
-0.77526263	-0.69373445	0.49670359	0.85729679	-5.926437
-0.77526263	-0.69373445	0.49670359	0.85729679	-5.9309836
-0.77526263	-0.69373445	0.49670359	0.85729679	-5.935532
-0.77526263	-0.69373445	0.49670359	0.85729679	-5.9400824
-0.77526263	-0.69373445	0.49670359	0.85729679	-5.9446347
-0.77526263	-0.69373445	0.49670359	0.85729679	-5.9491889
-0.77526263	-0.69373445	0.49670359	0.85729679	-5.953745
-0.77526263	-0.69373445	0.49670359	0.85729679	-5.9583029
-0.77526263	-0.69373445	0.49670359	0.85729679	-5.9628628
-0.77526263	-0.69373445	0.49670359	0.85729679	-5.9674246
-0.77526263	-0.69373445	0.49670359	0.85729679	-5.9719883
-0.77526263	-0.69373445	0.49670359	0.85729679	-5.9765539
-0.77526263	-0.69373445	0.49670359	0.85729679	-5.9811214
-0.77526263	-0.69373445	0.49670359	0.85729679	-5.9856908
-0.77526263	-0.69373445	0.49670359	0.85729679	-5.9902622
-0.77526263	-0.69373445	0.49670359	0.85729679	-5.9948354
-0.77526263	-0.69373445	0.49670359	0.85729679	-5.9994105
-0.77526263	-0.69373445	0.49670359	0.85729679	-6.0039875
-0.77526263	-0.69373445	0.49670359	0.85729679	-6.0085664
-0.77526263	-0.69373445	0.49670359	0.85729679	-6.0131473
-0.77526263	-0.69373445	0.49670359	0.85729679	-6.01773
-0.77526263	-0.69373445	0.49670359	0.85729679	-6.0223146
-0.77526263	-0.69373445	0.49670359	0.85729679	-6.0269012
-0.77526263	-0.69373445	0.49670359	0.85729679	-6.0314896
-0.77526263	-0.69373445	0.49670359	0.85729679	-6.03608
-0.77526263	-0.69373445	0.49670359	0.85729679	-6.0406722
-0.77526263	-0.69373445	0.49670359	0.85729679	-6.0452664
-0.77526263	-0.69373445	0.49670359	0.85729679	-6.0498624
-0.77526263	-0.69373445	0.49670359	0.85729679	-6.0544604
-0.77526263	-0.69373445	0.49670359	0.85729679	-6.0590603
-0.77526263	-0.69373445	0.49670359	0.85729679	-6.063662
-0.77526263	-0.69373445	0.49670359	0.85729679	-6.0682657
-0.77526263	-0.69373445	0.49670359	0.85729679	-6.0728712
-0.77526263	-0.69373445	0.49670359	0.85729679	-6.0774787
-0.77526263	-0.69373445	0.49670359	0.85729679	-6.0820881
-0.77526263	-0.69373445	0.49670359	0.85729679	-6.0866994
-0.77526263	-0.69373445	0.49670359	0.85729679	-6.0913125
-0.77526263	-0.69373445	0.49670359	0.85729679	-6.0959276
-0.77526263	-0.69373445	0.49670359	0.85729679	-6.1005446
-0.77526263	-0.69373445	0.49670359	0.85729679	-6.1051635
-0.77526263	-0.69373445	0.49670359	0.85729679	-6.1097843
-0.77526263	-0.69373445	0.49670359	0.85729679	-6.114407
-0.77526263	-0.69373445	0.49670359	0.85729679	-6.1190316
-0.77526263	-0.69373445	0.49670359	0.85729679	-6.123658
-0.77526263	-0.69373445	0.49670359	0.85729679	-6.1282864
-0.77526263	-0.69373445	0.49670359	0.85729679	-6.1329167
-0.77526263	-0.69373445	0.49670359	0.85729679	-6.1375489
-0.77526263	-0.69373445	0.49670359	0.85729679	-6.142183
-0.77526263	-0.69373445	0.49670359	0.85729679	-6.146819
-0.77526263	-0.69373445	0.49670359	0.85729679	-6.1514569
-0.77526263	-0.69373445	0.49670359	0.85729679	-6.1560967
-0.77526263	-0.69373445	0.49670359	0.85729679	-6.1607384
-0.77526263	-0.69373445	0.49670359	0.85729679	-6.165382
-0.77526263	-0.69373445	0.49670359	0.85729679	-6.1700275
-0.77526263	-0.69373445	0.49670359	0.85729679	-6.1746749
-0.77526263	-0.69373445	0.49670359	0.85729679	-6.1793242
-0.77526263	-0.69373445	0.49670359	0.85729679	-6.1839754
-0.77526263	-0.69373445	0.49670359	0.85729679	-6.1886286
-0.77526263	-0.69373445	0.49670359	0.85729679	-6.1932836
-0.77526263	-0.69373445	0.49670359	0.85729679	-6.1979405
-0.77526263	-0.69373445	0.49670359	0.85729679	-6.2025993
-0.77526263	-0.69373445	0.49670359	0.85729679	-6.20726
-0.77526263	-0.69373445	0.49670359	0.85729679	-6.2119226
-0.77526263	-0.69373445	0.49670359	0.85729679	-6.2165871
-0.77526263	-0.69373445	0.49670359	0.85729679	-6.2212535
-0.77526263	-0.69373445	0.49670359	0.85729679	-6.2259218
-0.77526263	-0.69373445	0.49670359	0.85729679	-6.230592
-0.77526263	-0.69373445	0.49670359	0.85729679	-6.2352641
-0.77526263	-0.69373445	0.49670359	0.85729679	-6.2399382
-0.77526263	-0.69373445	0.49670359	0.85729679	-6.2446141
-0.77526263	-0.69373445	0.49670359	0.85729679	-6.2492919
-0.77526263	-0.69373445	0.49670359	0.85729679	-6.2539716
-0.77526263	-0.69373445	0.49670359	0.85729679	-6.2586532
-0.77526263	-0.69373445	0.49670359	0.85729679	-6.2633367
-0.77526263	-0.69373445	0.49670359	0.85729679	-6.2680221
-0.77526263	-0.69373445	0.49670359	0.85729679	-6.2727094
-0.77526263	-0.69373445	0.49670359	0.85729679	-6.2773986
-0.77526263	-0.69373445	0.49670359	0.85729679	-6.2820897
-0.77526263	-0.69373445	0.49670359	0.85729679	-6.2867827
-0.77526263	-0.69373445	0.49670359	0.85729679	-6.2914776
-0.77526263	-0.69373445	0.49670359	0.85729679	-6.2961744
-0.77526263	-0.69373445	0.49670359	0.85729679	-6.3008731
-0.77526263	-0.69373445	0.49670359	0.85729679	-6.3055737
-0.77526263	-0.69373445	0.49670359	0.85729679	-6.3102762
-0.77526263	-0.69373445	0.49670359	0.85729679	-6.3149806
-0.77526263	-0.69373445	0.49670359	0.85729679	-6.3196869
-0.77526263	-0.69373445	0.49670359	0.85729679	-6.3243951
-0.77526263	-0.69373445	0.49670359	0.85729679	-6.3291052
-0.77526263	-0.69373445	0.49670359	0.85729679	-6.3338172
-0.77526263	-0.69373445	0.49670359	0.85729679	-6.3385311
-0.77526263	-0.69373445	0.49670359	0.85729679	-6.3432469
-0.77526263	-0.69373445	0.49670359	0.85729679	-6.3479646
-0.77526263	-0.69373445	0.49670359	0.85729679	-6.3526842
-0.77526263	-0.69373445	0.49670359	0.85729679	-6.3574056
-0.77526263	-0.69373445	0.49670359	0.85729679	-6.362129
-0.77526263	-0.69373445	0.49670359	0.85729679	-6.3668543
-0.77526263	-0.69373445	0.49670359	0.85729679	-6.3715815
-0.77526263	-0.69373445	0.49670359	0.85729679	-6.3763105
-0.77526263	-0.69373445	0.49670359	0.85729679	-6.3810415
-0.77526263	-0.69373445	0.49670359	0.85729679	-6.3857744
-0.77526263	-0.69373445	0.49670359	0.85729679	-6.3905091
-0.77526263	-0.69373445	0.49670359	0.85729679	-6.3952458
-0.77526263	-0.69373445	0.49670359	0.85729679	-6.3999844
-0.77526263	-0.69373445	0.49670359	0.85729679	-6.4047248
-0.77526263	-0.69373445	0.49670359	0.85729679	-6.4094672
-0.77526263	-0.69373445	0.49670359	0.85729679	-6.4142114
-0.77526263	-0.69373445	0.49670359	0.85729679	-6.4189575
-0.77526263	-0.69373445	0.49670359	0.85729679	-6.4237056
-0.77526263	-0.69373445	0.49670359	0.85729679	-6.4284555
-0.77526263	-0.69373445	0.49670359	0.85729679	-6.4332074
-0.77526263	-0.69373445	0.49670359	0.85729679	-6.4379611
-0.77526263	-0.69373445	0.49670359	0.85729679	-6.4427167
-0.77526263	-0.69373445	0.49670359	0.85729679	-6.4474742
-0.77526263	-0.69373445	0.49670359	0.85729679	-6.4522337
-0.77526263	-0.69373445	0.49670359	0.85729679	-6.456995
-0.77526263	-0.69373445	0.49670359	0.85729679	-6.4617582
-0.77526263	-0.69373445	0.49670359	0.85729679	-6.4665233
-0.77526263	-0.69373445	0.49670359	0.85729679	-6.4712903
-0.77526263	-0.69373445	0.49670359	0.85729679	-6.4760592
-0.77526263	-0.69373445	0.49670359	0.85729679	-6.48083
-0.77526263	-0.69373445	0.49670359	0.85729679	-6.4856027
-0.77526263	-0.69373445	0.49670359	0.85729679	-6.4903773
-0.77526263	-0.69373445	0.49670359	0.85729679	-6.4951537
-0.77526263	-0.69373445	0.49670359	0.85729679	-6.4999321
-0.77526263	-0.69373445	0.49670359	0.85729679	-6.5047124
-0.77526263	-0.69373445	0.49670359	0.85729679	-6.5094946
-0.77526263	-0.69373445	0.49670359	0.85729679	-6.5142786
-0.77526263	-0.69373445	0.49670359	0.85729679	-6.5190646
-0.77526263	-0.69373445	0.49670359	0.85729679	-6.5238524
-0.77526263	-0.69373445	0.49670359	0.85729679	-6.5286422
-0.77526263	-0.69373445	0.49670359	0.85729679	-6.5334338
-0.77526263	-0.69373445	0.49670359	0.85729679	-6.5382273
-0.77526263	-0.69373445	0.49670359	0.85729679	-6.5430228
-0.77526263	-0.69373445	0.49670359	0.85729679	-6.5478201
-0.77526263	-0.69373445	0.49670359	0.85729679	-6.5526193
-0.77526263	-0.69373445	0.49670359	0.85729679	-6.5574204
-0.77526263	-0.69373445	0.49670359	0.85729679	-6.5622234
-0.77526263	-0.69373445	0.49670359	0.85729679	-6.5670283
-0.77526263	-0.69373445	0.49670359	0.85729679	-6.5718351
-0.77526263	-0.69373445	0.49670359	0.85729679	-6.5766438
-0.77526263	-0.69373445	0.49670359	0.85729679	-6.5814544
-0.77526263	-0.69373445	0.49670359	0.85729679	-6.5862668
-0.77526263	-0.69373445	0.49670359	0.85729679	-6.5910812
-0.77526263	-0.69373445	0.49670359	0.85729679	-6.5958975
-0.77526263	-0.69373445	0.49670359	0.85729679	-6.6007156
-0.77526263	-0.69373445	0.49670359	0.85729679	-6.6055357
-0.77526263	-0.69373445	0.49670359	0.85729679	-6.6103576
-0.77526263	-0.69373445	0.49670359	0.85729679	-6.6151814
-0.77526263	-0.69373445	0.49670359	0.85729679	-6.6200072
-0.77526263	-0.69373445	0.49670359	0.85729679	-6.6248348
-0.77526263	-0.69373445	0.49670359	0.85729679	-6.6296643
-0.77526263	-0.69373445	0.49670359	0.85729679	-6.6344957
-0.77526263	-0.69373445	0.49670359	0.85729679	-6.639329
-0.77526263	-0.69373445	0.49670359	0.85729679	-6.6441642
-0.77526263	-0.69373445	0.49670359	0.85729679	-6.6490012
-0.77526263	-0.69373445	0.49670359	0.85729679	-6.6538402
-0.77526263	-0.69373445	0.49670359	0.85729679	-6.6586811
-0.77526263	-0.69373445	0.49670359	0.85729679	-6.6635238
-0.77526263	-0.69373445	0.49670359	0.85729679	-6.6683685
-0.77526263	-0.69373445	0.49670359	0.85729679	-6.673215
-0.77526263	-0.69373445	0.49670359	0.85729679	-6.6780634
-0.77526263	-0.69373445	0.49670359	0.85729679	-6.6829138
-0.77526263	-0.69373445	0.49670359	0.85729679	-6.687766
-0.77526263	-0.69373445	0.49670359	0.85729679	-6.6926201
-0.77526263	-0.69373445	0.49670359	0.85729679	-6.6974761
-0.77526263	-0.69373445	0.49670359	0.85729679	-6.702334
-0.77526263	-0.69373445	0.49670359	0.85729679	-6.7071937
-0.77526263	-0.69373445	0.49670359	0.85729679	-6.7120554
-0.77526263	-0.69373445	0.49670359	0.85729679	-6.716919
-0.77526263	-0.69373445	0.49670359	0.85729679	-6.7217844
-0.77526263	-0.69373445	0.49670359	0.85729679	-6.7266517
-0.77526263	-0.69373445	0.49670359	0.85729679	-6.731521
-0.77526263	-0.69373445	0.49670359	0.85729679	-6.7363921
-0.77526263	-0.69373445	0.49670359	0.85729679	-6.7412651
-0.77526263	-0.69373445	0.49670359	0.85729679	-6.74614
-0.77526263	-0.69373445	0.49670359	0.85729679	-6.7510168
-0.77526263	-0.69373445	0.49670359	0.85729679	-6.7558955
-0.77526263	-0.69373445	0.49670359	0.85729679	-6.760776
-0.77526263	-0.69373445	0.49670359	0.85729679	-6.7656585
-0.77526263	-0.69373445	0.49670359	0.85729679	-6.7705428
-0.77526263	-0.69373445	0.49670359	0.85729679	-6.7754291
-0.77526263	-0.69373445	0.49670359	0.85729679	-6.7803172
-0.77526263	-0.69373445	0.49670359	0.85729679	-6.7852072
-0.77526263	-0.69373445	0.49670359	0.85729679	-6.7900991
-0.77526263	-0.69373445	0.49670359	0.85729679	-6.7949929
-0.77526263	-0.69373445	0.49670359	0.85729679	-6.7998886
-0.77526263	-0.69373445	0.49670359	0.85729679	-6.8047862
-0.77526263	-0.69373445	0.49670359	0.85729679	-6.8096856
-0.77526263	-0.69373445	0.49670359	0.85729679	-6.814587
-0.77526263	-0.69373445	0.49670359	0.85729679	-6.8194902
-0.77526263	-0.69373445	0.49670359	0.85729679	-6.8243954
-0.77526263	-0.69373445	0.49670359	0.85729679	-6.8293024
-0.77526263	-0.69373445	0.49670359	0.85729679	-6.8342113
-0.77526263	-0.69373445	0.49670359	0.85729679	-6.8391221
-0.77526263	-0.69373445	0.49670359	0.85729679	-6.8440347
-0.77526263	-0.69373445	0.49670359	0.85729679	-6.8489493
-0.77526263	-0.69373445	0.49670359	0.85729679	-6.8538658
-0.77526263	-0.69373445	0.49670359	0.85729679	-6.8587841
-0.77526263	-0.69373445	0.49670359	0.85729679	-6.8637043
-0.77526263	-0.69373445	0.49670359	0.85729679	-6.8686264
-0.77526263	-0.69373445	0.49670359	0.85729679	-6.8735504
-0.77526263	-0.69373445	0.49670359	0.85729679	-6.8784763
-0.77526263	-0.69373445	0.49670359	0.85729679	-6.8834041
-0.77526263	-0.69373445	0.49670359	0.85729679	-6.8883338
-0.77526263	-0.69373445	0.49670359	0.85729679	-6.8932653
-0.77526263	-0.69373445	0.49670359	0.85729679	-6.8981988
-0.77526263	-0.69373445	0.49670359	0.85729679	-6.9031341
-0.77526263	-0.69373445	0.49670359	0.85729679	-6.9080713
-0.77526263	-0.69373445	0.49670359	0.85729679	-6.9130104
-0.77526263	-0.69373445	0.49670359	0.85729679	-6.9179514
-0.77526263	-0.69373445	0.49670359	0.85729679	-6.9228942
-0.77526263	-0.69373445	0.49670359	0.85729679	-6.927839
-0.77526263	-0.69373445	0.49670359	0.85729679	-6.9327856
-0.77526263	-0.69373445	0.49670359	0.85729679	-6.9377342
-0.77526263	-0.69373445	0.49670359	0.85729679	-6.9426846
-0.77526263	-0.69373445	0.49670359	0.85729679	-6.9476369
-0.77526263	-0.69373445	0.49670359	0.85729679	-6.9525911
-0.77526263	-0.69373445	0.49670359	0.85729679	-6.9575471
-0.77526263	-0.69373445	0.49670359	0.85729679	-6.9625051
-0.77526263	-0.69373445	0.49670359	0.85729679	-6.9674649
-0.77526263	-0.69373445	0.49670359	0.85729679	-6.9724266
-0.77526263	-0.69373445	0.49670359	0.85729679	-6.9773902
-0.77526263	-0.69373445	0.49670359	0.85729679	-6.9823557
-0.77526263	-0.69373445	0.49670359	0.85729679	-6.9873231
-0.77526263	-0.69373445	0.49670359	0.85729679	-6.9922924
-0.77526263	-0.69373445	0.49670359	0.85729679	-6.9972635
-0.77526263	-0.69373445	0.49670359	0.85729679	-7.0022365
-0.77526263	-0.69373445	0.49670359	0.85729679	-7.0072115
-0.77526263	-0.69373445	0.49670359	0.85729679	-7.0121883
-0.77526263	-0.69373445	0.49670359	0.85729679	-7.0171669
-0.77526263	-0.69373445	0.49670359	0.85729679	-7.0221475
-0.77526263	-0.69373445	0.49670359	0.85729679	-7.0271299
-0.77526263	-0.69373445	0.49670359	0.85729679	-7.0321143
-0.77526263	-0.69373445	0.49670359	0.85729679	-7.0371005
-0.77526263	-0.69373445	0.49670359	0.85729679	-7.0420886
-0.77526263	-0.69373445	0.49670359	0.85729679	-7.0470786
-0.77526263	-0.69373445	0.49670359	0.85729679	-7.0520704
-0.77526263	-0.69373445	0.49670359	0.85729679	-7.0570642
-0.77526263	-0.69373445	0.49670359	0.85729679	-7.0620598
-0.77526263	-0.69373445	0.49670359	0.85729679	-7.0670573
-0.77526263	-0.69373445	0.49670359	0.85729679	-7.0720567
-0.77526263	-0.69373445	0.49670359	0.85729679	-7.077058
-0.77526263	-0.69373445	0.49670359	0.85729679	-7.0820611
-0.77526263	-0.69373445	0.49670359	0.85729679	-7.0870662
-0.77526263	-0.69373445	0.49670359	0.85729679	-7.0920731
-0.77526263	-0.69373445	0.49670359	0.85729679	-7.0970819
-0.77526263	-0.69373445	0.49670359	0.85729679	-7.1020926
-0.77526263	-0.69373445	0.49670359	0.85729679	-7.1071052
-0.77526263	-0.69373445	0.49670359	0.85729679	-7.1121196
-0.77526263	-0.69373445	0.49670359	0.85729679	-7.1171359
-0.77526263	-0.69373445	0.49670359	0.85729679	-7.1221542
-0.77526263	-0.69373445	0.49670359	0.85729679	-7.1271742
-0.77526263	-0.69373445	0.49670359	0.85729679	-7.1321962
-0.77526263	-0.69373445	0.49670359	0.85729679	-7.1372201
-0.77526263	-0.69373445	0.49670359	0.85729679	-7.1422458
-0.77526263	-0.69373445	0.49670359	0.85729679	-7.1472734
-0.77526263	-0.69373445	0.49670359	0.85729679	-7.1523029
-0.77526263	-0.69373445	0.49670359	0.85729679	-7.1573343
-0.77526263	-0.69373445	0.49670359	0.85729679	-7.1623675
-0.77526263	-0.69373445	0.49670359	0.85729679	-7.1674027
-0.77526263	-0.69373445	0.49670359	0.85729679	-7.1724397
-0.77526263	-0.69373445	0.49670359	0.85729679	-7.1774786
-0.77526263	-0.69373445	0.49670359	0.85729679	-7.1825194
-0.77526263	-0.69373445	0.49670359	0.85729679	-7.187562
-0.77526263	-0.69373445	0.49670359	0.85729679	-7.1926065
-0.77526263	-0.69373445	0.49670359	0.85729679	-7.197653
-0.77526263	-0.69373445	0.49670359	0.85729679	-7.2027013
-0.77526263	-0.69373445	0.49670359	0.85729679	-7.2077514
-0.77526263	-0.69373445	0.49670359	0.85729679	-7.2128035
-0.77526263	-0.69373445	0.49670359	0.85729679	-7.2178574
-0.77526263	-0.69373445	0.49670359	0.85729679	-7.2229132
-0.77526263	-0.69373445	0.49670359	0.85729679	-7.2279709
-0.77526263	-0.69373445	0.49670359	0.85729679	-7.2330305
-0.77526263	-0.69373445	0.49670359	0.85729679	-7.2380919
-0.77526263	-0.69373445	0.49670359	0.85729679	-7.2431552
-0.77526263	-0.69373445	0.49670359	0.85729679	-7.2482204
-0.77526263	-0.69373445	0.49670359	0.85729679	-7.2532875
-0.77526263	-0.69373445	0.49670359	0.85729679	-7.2583564
-0.77526263	-0.69373445	0.49670359	0.85729679	-7.2634273
-0.77526263	-0.69373445	0.49670359	0.85729679	-7.2685
-0.77526263	-0.69373445	0.49670359	0.85729679	-7.2735746
-0.77526263	-0.69373445	0.49670359	0.85729679	-7.278651
-0.77526263	-0.69373445	0.49670359	0.85729679	-7.2837294
-0.77526263	-0.69373445	0.49670359	0.85729679	-7.2888096
-0.77526263	-0.69373445	0.49670359	0.85729679	-7.2938917
-0.77526263	-0.69373445	0.49670359	0.85729679	-7.2989756
-0.77526263	-0.69373445	0.49670359	0.85729679	-7.3040615
-0.77526263	-0.69373445	0.49670359	0.85729679	-7.3091492
-0.77526263	-0.69373445	0.49670359	0.85729679	-7.3142388
-0.77526263	-0.69373445	0.49670359	0.85729679	-7.3193303
-0.77526263	-0.69373445	0.49670359	0.85729679	-7.3244236
-0.77526263	-0.69373445	0.49670359	0.85729679	-7.3295188
-0.77526263	-0.69373445	0.49670359	0.85729679	-7.3346159
-0.77526263	-0.69373445	0.49670359	0.85729679	-7.3397149
-0.77526263	-0.69373445	0.49670359	0.85729679	-7.3448158
-0.77526263	-0.69373445	0.49670359	0.85729679	-7.3499185
-0.77526263	-0.69373445	0.49670359	0.85729679	-7.3550231
-0.77526263	-0.69373445	0.49670359	0.85729679	-7.3601296
-0.77526263	-0.69373445	0.49670359	0.85729679	-7.3652379
-0.77526263	-0.69373445	0.49670359	0.85729679	-7.3703481
-0.77526263	-0.69373445	0.49670359	0.85729679	-7.3754602
-0.77526263	-0.69373445	0.49670359	0.85729679	-7.3805742
-0.77526263	-0.69373445	0.49670359	0.85729679	-7.38569
-0.77526263	-0.69373445	0.49670359	0.85729679	-7.3908078
-0.77526263	-0.69373445	0.49670359	0.85729679	-7.3959274
-0.77526263	-0.69373445	0.49670359	0.85729679	-7.4010488
-0.77526263	-0.69373445	0.49670359	0.85729679	-7.4061722
-0.77526263	-0.69373445	0.49670359	0.85729679	-7.4112974
-0.77526263	-0.69373445	0.49670359	0.85729679	-7.4164245
-0.77526263	-0.69373445	0.49670359	0.85729679	-7.4215534
-0.77526263	-0.69373445	0.49670359	0.85729679	-7.4266843
-0.77526263	-0.69373445	0.49670359	0.85729679	-7.431817
-0.77526263	-0.69373445	0.49670359	0.85729679	-7.4369516
-0.77526263	-0.69373445	0.49670359	0.85729679	-7.442088
-0.77526263	-0.69373445	0.49670359	0.85729679	-7.4472263
-0.77526263	-0.69373445	0.49670359	0.85729679	-7.4523665
-0.77526263	-0.69373445	0.49670359	0.85729679	-7.4575086
-0.77526263	-0.69373445	0.49670359	0.85729679	-7.4626526
-0.77526263	-0.69373445	0.49670359	0.85729679	-7.4677984
-0.77526263	-0.69373445	0.49670359	0.85729679	-7.472946
-0.77526263	-0.69373445	0.49670359	0.85729679	-7.4780956
-0.77526263	-0.69373445	0.49670359	0.85729679	-7.483247
-0.77526263	-0.69373445	0.49670359	0.85729679	-7.4884003
-0.77526263	-0.69373445	0.49670359	0.85729679	-7.4935555
-0.77526263	-0.69373445	0.49670359	0.85729679	-7.4987125
-0.77526263	-0.69373445	0.49670359	0.85729679	-7.5038715
-0.77526263	-0.69373445	0.49670359	0.85729679	-7.5090322
-0.77526263	-0.69373445	0.49670359	0.85729679	-7.5141949
-0.77526263	-0.69373445	0.49670359	0.85729679	-7.5193594
-0.77526263	-0.69373445	0.49670359	0.85729679	-7.5245258
-0.77526263	-0.69373445	0.49670359	0.85729679	-7.5296941
-0.77526263	-0.69373445	0.49670359	0.85729679	-7.5348642
-0.77526263	-0.69373445	0.49670359	0.85729679	-7.5400362
-0.77526263	-0.69373445	0.49670359	0.85729679	-7.5452101
-0.77526263	-0.69373445	0.49670359	0.85729679	-7.5503858
-0.77526263	-0.69373445	0.49670359	0.85729679	-7.5555634
-0.77526263	-0.69373445	0.49670359	0.85729679	-7.5607429
-0.77526263	-0.69373445	0.49670359	0.85729679	-7.5659243
-0.77526263	-0.69373445	0.49670359	0.85729679	-7.5711075
-0.77526263	-0.69373445	0.49670359	0.85729679	-7.5762926
-0.77526263	-0.69373445	0.49670359	0.85729679	-7.5814795
-0.77526263	-0.69373445	0.49670359	0.85729679	-7.5866684
-0.77526263	-0.69373445	0.49670359	0.85729679	-7.591859
-0.77526263	-0.69373445	0.49670359	0.85729679	-7.5970516
-0.77526263	-0.69373445	0.49670359	0.85729679	-7.602246
-0.77526263	-0.69373445	0.49670359	0.85729679	-7.6074423
-0.77526263	-0.69373445	0.49670359	0.85729679	-7.6126405
-0.77526263	-0.69373445	0.49670359	0.85729679	-7.6178405
-0.77526263	-0.69373445	0.49670359	0.85729679	-7.6230424
-0.77526263	-0.69373445	0.49670359	0.85729679	-7.6282462
-0.77526263	-0.69373445	0.49670359	0.85729679	-7.6334518
-0.77526263	-0.69373445	0.49670359	0.85729679	-7.6386593
-0.77526263	-0.69373445	0.49670359	0.85729679	-7.6438687
-0.77526263	-0.69373445	0.49670359	0.85729679	-7.6490799
-0.77526263	-0.69373445	0.49670359	0.85729679	-7.654293
-0.77526263	-0.69373445	0.49670359	0.85729679	-7.659508
-0.77526263	-0.69373445	0.49670359	0.85729679	-7.6647248
-0.77526263	-0.69373445	0.49670359	0.85729679	-7.6699435
-0.77526263	-0.69373445	0.49670359	0.85729679	-7.6751641
-0.77526263	-0.69373445	0.49670359	0.85729679	-7.6803865
-0.77526263	-0.69373445	0.49670359	0.85729679	-7.6856108
-0.77526263	-0.69373445	0.49670359	0.85729679	-7.690837
-0.77526263	-0.69373445	0.49670359	0.85729679	-7.696065
-0.77526263	-0.69373445	0.49670359	0.85729679	-7.7012949
-0.77526263	-0.69373445	0.49670359	0.85729679	-7.7065266
-0.77526263	-0.69373445	0.49670359	0.85729679	-7.7117602
-0.77526263	-0.69373445	0.49670359	0.85729679	-7.7169957
-0.77526263	-0.69373445	0.49670359	0.85729679	-7.7222331
-0.77526263	-0.69373445	0.49670359	0.85729679	-7.7274723
-0.77526263	-0.69373445	0.49670359	0.85729679	-7.7327134
-0.77526263	-0.69373445	0.49670359	0.85729679	-7.7379563
-0.77526263	-0.69373445	0.49670359	0.85729679	-7.7432011
-0.77526263	-0.69373445	0.49670359	0.85729679	-7.7484478
-0.77526263	-0.69373445	0.49670359	0.85729679	-7.7536963
-0.77526263	-0.69373445	0.49670359	0.85729679	-7.7589467
-0.77526263	-0.69373445	0.49670359	0.85729679	-7.764199
-0.77526263	-0.69373445	0.49670359	0.85729679	-7.7694531
-0.77526263	-0.69373445	0.49670359	0.85729679	-7.7747091
-0.77526263	-0.69373445	0.49670359	0.85729679	-7.7799669
-0.77526263	-0.69373445	0.49670359	0.85729679	-7.7852266
-0.77526263	-0.69373445	0.49670359	0.85729679	-7.7904882
-0.77526263	-0.69373445	0.49670359	0.85729679	-7.7957516
-0.77526263	-0.69373445	0.49670359	0.85729679	-7.8010169
-0.77526263	-0.69373445	0.49670359	0.85729679	-7.8062841
-0.77526263	-0.69373445	0.49670359	0.85729679	-7.8115531
-0.77526263	-0.69373445	0.49670359	0.85729679	-7.816824
-0.77526263	-0.69373445	0.49670359	0.85729679	-7.8220967
-0.77526263	-0.69373445	0.49670359	0.85729679	-7.8273713
-0.77526263	-0.69373445	0.49670359	0.85729679	-7.8326478
-0.77526263	-0.69373445	0.49670359	0.85729679	-7.8379261
-0.77526263	-0.69373445	0.49670359	0.85729679	-7.8432063
-0.77526263	-0.69373445	0.49670359	0.85729679	-7.8484883
-0.77526263	-0.69373445	0.49670359	0.85729679	-7.8537722
-0.77526263	-0.69373445	0.49670359	0.85729679	-7.859058
-0.77526263	-0.69373445	0.49670359	0.85729679	-7.8643456
-0.77526263	-0.69373445	0.49670359	0.85729679	-7.8696351
-0.77526263	-0.69373445	0.49670359	0.85729679	-7.8749264
-0.77526263	-0.69373445	0.49670359	0.85729679	-7.8802196
-0.77526263	-0.69373445	0.49670359	0.85729679	-7.8855147
-0.77526263	-0.69373445	0.49670359	0.85729679	-7.8908116
-0.77526263	-0.69373445	0.49670359	0.85729679	-7.8961104
-0.77526263	-0.69373445	0.49670359	0.85729679	-7.901411
-0.77526263	-0.69373445	0.49670359	0.85729679	-7.9067135
-0.77526263	-0.69373445	0.49670359	0.85729679	-7.9120179
-0.77526263	-0.69373445	0.49670359	0.85729679	-7.9173241
-0.77526263	-0.69373445	0.49670359	0.85729679	-7.9226322
-0.77526263	-0.69373445	0.49670359	0.85729679	-7.9279421
-0.77526263	-0.69373445	0.49670359	0.85729679	-7.9332539
-0.77526263	-0.69373445	0.49670359	0.85729679	-7.9385675
-0.77526263	-0.69373445	0.49670359	0.85729679	-7.943883
-0.77526263	-0.69373445	0.49670359	0.85729679	-7.9492004
-0.77526263	-0.69373445	0.49670359	0.85729679	-7.9545196
-0.77526263	-0.69373445	0.49670359	0.85729679	-7.9598407
-0.77526263	-0.69373445	0.49670359	0.85729679	-7.9651636
-0.77526263	-0.69373445	0.49670359	0.85729679	-7.9704884
-0.77526263	-0.69373445	0.49670359	0.85729679	-7.9758151
-0.77526263	-0.69373445	0.49670359	0.85729679	-7.9811436
-0.77526263	-0.69373445	0.49670359	0.85729679	-7.9864739
-0.77526263	-0.69373445	0.49670359	0.85729679	-7.9918061
-0.77526263	-0.69373445	0.49670359	0.85729679	-7.9971402
-0.77526263	-0.69373445	0.49670359	0.85729679	-8.0024761
-0.77526263	-0.69373445	0.49670359	0.85729679	-8.0078139
-0.77526263	-0.69373445	0.49670359	0.85729679	-8.0131535
-0.77526263	-0.69373445	0.49670359	0.85729679	-8.018495
-0.77526263	-0.69373445	0.49670359	0.85729679	-8.0238384
-0.77526263	-0.69373445	0.49670359	0.85729679	-8.0291836
-0.77526263	-0.69373445	0.49670359	0.85729679	-8.0345306
-0.77526263	-0.69373445	0.49670359	0.85729679	-8.0398795
-0.77526263	-0.69373445	0.49670359	0.85729679	-8.0452303
-0.77526263	-0.69373445	0.49670359	0.85729679	-8.0505829
-0.77526263	-0.69373445	0.49670359	0.85729679	-8.0559374
-0.77526263	-0.69373445	0.49670359	0.85729679	-8.0612937
-0.77526263	-0.69373445	0.49670359	0.85729679	-8.0666519
-0.77526263	-0.69373445	0.49670359	0.85729679	-8.0720119
-0.77526263	-0.69373445	0.49670359	0.85729679	-8.0773738
-0.77526263	-0.69373445	0.49670359	0.85729679	-8.0827375
-0.77526263	-0.69373445	0.49670359	0.85729679	-8.0881031
-0.77526263	-0.69373445	0.49670359	0.85729679	-8.0934705
-0.77526263	-0.69373445	0.49670359	0.85729679	-8.0988398
-0.77526263	-0.69373445	0.49670359	0.85729679	-8.104211
-0.77526263	-0.69373445	0.49670359	0.85729679	-8.109584
-0.77526263	-0.69373445	0.49670359	0.85729679	-8.1149588
-0.77526263	-0.69373445	0.49670359	0.85729679	-8.1203355
-0.77526263	-0.69373445	0.49670359	0.85729679	-8.1257141
-0.77526263	-0.69373445	0.49670359	0.85729679	-8.1310945
-0.77526263	-0.69373445	0.49670359	0.85729679	-8.1364767
-0.77526263	-0.69373445	0.49670359	0.85729679	-8.1418609
-0.77526263	-0.69373445	0.49670359	0.85729679	-8.1472468
-0.77526263	-0.69373445	0.49670359	0.85729679	-8.1526346
-0.77526263	-0.69373445	0.49670359	0.85729679	-8.1580243
-0.77526263	-0.69373445	0.49670359	0.85729679	-8.1634158
-0.77526263	-0.69373445	0.49670359	0.85729679	-8.1688091
-0.77526263	-0.69373445	0.49670359	0.85729679	-8.1742044
-0.77526263	-0.69373445	0.49670359	0.85729679	-8.1796014
-0.77526263	-0.69373445	0.49670359	0.85729679	-8.1850003
-0.77526263	-0.69373445	0.49670359	0.85729679	-8.1904011
-0.77526263	-0.69373445	0.49670359	0.85729679	-8.1958037
-0.77526263	-0.69373445	0.49670359	0.85729679	-8.2012081
-0.77526263	-0.69373445	0.49670359	0.85729679	-8.2066144
-0.77526263	-0.69373445	0.49670359	0.85729679	-8.2120226
-0.77526263	-0.69373445	0.49670359	0.85729679	-8.2174326
-0.77526263	-0.69373445	0.49670359	0.85729679	-8.2228444
-0.77526263	-0.69373445	0.49670359	0.85729679	-8.2282581
-0.77526263	-0.69373445	0.49670359	0.85729679	-8.2336737
-0.77526263	-0.69373445	0.49670359	0.85729679	-8.2390911
-0.77526263	-0.69373445	0.49670359	0.85729679	-8.2445103
-0.77526263	-0.69373445	0.49670359	0.85729679	-8.2499314
-0.77526263	-0.69373445	0.49670359	0.85729679	-8.2553543
-0.77526263	-0.69373445	0.49670359	0.85729679	-8.2607791
-0.77526263	-0.69373445	0.49670359	0.85729679	-8.2662057
-0.77526263	-0.69373445	0.49670359	0.85729679	-8.2716342
-0.77526263	-0.69373445	0.49670359	0.85729679	-8.2770645
-0.77526263	-0.69373445	0.49670359	0.85729679	-8.2824967
-0.77526263	-0.69373445	0.49670359	0.85729679	-8.2879307
-0.77526263	-0.69373445	0.49670359	0.85729679	-8.2933666
-0.77526263	-0.69373445	0.49670359	0.85729679	-8.2988043
-0.77526263	-0.69373445	0.49670359	0.85729679	-8.3042438
-0.77526263	-0.69373445	0.49670359	0.85729679	-8.3096852
-0.77526263	-0.69373445	0.49670359	0.85729679	-8.3151285
-0.77526263	-0.69373445	0.49670359	0.85729679	-8.3205736
-0.77526263	-0.69373445	0.49670359	0.85729679	-8.3260205
-0.77526263	-0.69373445	0.49670359	0.85729679	-8.3314693
-0.77526263	-0.69373445	0.49670359	0.85729679	-8.3369199
-0.77526263	-0.69373445	0.49670359	0.85729679	-8.3423723
-0.77526263	-0.69373445	0.49670359	0.85729679	-8.3478266
-0.77526263	-0.69373445	0.49670359	0.85729679	-8.3532828
-0.77526263	-0.69373445	0.49670359	0.85729679	-8.3587408
-0.77526263	-0.69373445	0.49670359	0.85729679	-8.3642006
-0.77526263	-0.69373445	0.49670359	0.85729679	-8.3696623
-0.77526263	-0.69373445	0.49670359	0.85729679	-8.3751258
-0.77526263	-0.69373445	0.49670359	0.85729679	-8.3805912
-0.77526263	-0.69373445	0.49670359	0.85729679	-8.3860584
-0.77526263	-0.69373445	0.49670359	0.85729679	-8.3915275
-0.77526263	-0.69373445	0.49670359	0.85729679	-8.3969984
-0.77526263	-0.69373445	0.49670359	0.85729679	-8.4024711
-0.77526263	-0.69373445	0.49670359	0.85729679	-8.4079457
-0.77526263	-0.69373445	0.49670359	0.85729679	-8.4134221
-0.77526263	-0.69373445	0.49670359	0.85729679	-8.4189004
-0.77526263	-0.69373445	0.49670359	0.85729679	-8.4243805
-0.77526263	-0.69373445	0.49670359	0.85729679	-8.4298624
-0.77526263	-0.69373445	0.49670359	0.85729679	-8.4353462
-0.77526263	-0.69373445	0.49670359	0.85729679	-8.4408318
-0.77526263	-0.69373445	0.49670359	0.85729679	-8.4463193
-0.77526263	-0.69373445	0.49670359	0.85729679	-8.4518086
-0.77526263	-0.69373445	0.49670359	0.85729679	-8.4572997
-0.77526263	-0.69373445	0.49670359	0.85729679	-8.4627927
-0.77526263	-0.69373445	0.49670359	0.85729679	-8.4682875
-0.77526263	-0.69373445	0.49670359	0.85729679	-8.4737842
-0.77526263	-0.69373445	0.49670359	0.85729679	-8.4792827
-0.77526263	-0.69373445	0.49670359	0.85729679	-8.4847831
-0.77526263	-0.69373445	0.49670359	0.85729679	-8.4902852
-0.77526263	-0.69373445	0.49670359	0.85729679	-8.4957893
-0.77526263	-0.69373445	0.49670359	0.85729679	-8.5012951
-0.77526263	-0.69373445	0.49670359	0.85729679	-8.5068028
-0.77526263	-0.69373445	0.49670359	0.85729679	-8.5123123
-0.77526263	-0.69373445	0.49670359	0.85729679	-8.5178237
-0.77526263	-0.69373445	0.49670359	0.85729679	-8.5233369
-0.77526263	-0.69373445	0.49670359	0.85729679	-8.528852
-0.77526263	-0.69373445	0.49670359	0.85729679	-8.5343689
-0.77526263	-0.69373445	0.49670359	0.85729679	-8.5398876
-0.77526263	-0.69373445	0.49670359	0.85729679	-8.5454082
-0.77526263	-0.69373445	0.49670359	0.85729679	-8.5509306
-0.77526263	-0.69373445	0.49670359	0.85729679	-8.5564548
-0.77526263	-0.69373445	0.49670359	0.85729679	-8.5619809
-0.77526263	-0.69373445	0.49670359	0.85729679	-8.5675088
-0.77526263	-0.69373445	0.49670359	0.85729679	-8.5730385
-0.77526263	-0.69373445	0.49670359	0.85729679	-8.5785701
-0.77526263	-0.69373445	0.49670359	0.85729679	-8.5841035
-0.77526263	-0.69373445	0.49670359	0.85729679	-8.5896388
-0.77526263	-0.69373445	0.49670359	0.85729679	-8.5951758
-0.77526263	-0.69373445	0.49670359	0.85729679	-8.6007148
-0.77526263	-0.69373445	0.49670359	0.85729679	-8.6062555
-0.77526263	-0.69373445	0.49670359	0.85729679	-8.6117981
-0.77526263	-0.69373445	0.49670359	0.85729679	-8.6173425
-0.77526263	-0.69373445	0.49670359	0.85729679	-8.6228888
-0.77526263	-0.69373445	0.49670359	0.85729679	-8.6284369
-0.77526263	-0.69373445	0.49670359	0.85729679	-8.6339868
-0.77526263	-0.69373445	0.49670359	0.85729679	-8.6395386
-0.77526263	-0.69373445	0.49670359	0.85729679	-8.6450922
-0.77526263	-0.69373445	0.49670359	0.85729679	-8.6506476
-0.77526263	-0.69373445	0.49670359	0.85729679	-8.6562048
-0.77526263	-0.69373445	0.49670359	0.85729679	-8.6617639
-0.77526263	-0.69373445	0.49670359	0.85729679	-8.6673249
-0.77526263	-0.69373445	0.49670359	0.85729679	-8.6728876
-0.77526263	-0.69373445	0.49670359	0.85729679	-8.6784522
-0.77526263	-0.69373445	0.49670359	0.85729679	-8.6840186
-0.77526263	-0.69373445	0.49670359	0.85729679	-8.6895869
-0.77526263	-0.69373445	0.49670359	0.85729679	-8.695157
-0.77526263	-0.69373445	0.49670359	0.85729679	-8.7007289
-0.77526263	-0.69373445	0.49670359	0.85729679	-8.7063026
-0.77526263	-0.69373445	0.49670359	0.85729679	-8.7118782
-0.77526263	-0.69373445	0.49670359	0.85729679	-8.7174556
-0.77526263	-0.69373445	0.49670359	0.85729679	-8.7230348
-0.77526263	-0.69373445	0.49670359	0.85729679	-8.7286159
-0.77526263	-0.69373445	0.49670359	0.85729679	-8.7341988
-0.77526263	-0.69373445	0.49670359	0.85729679	-8.7397835
-0.77526263	-0.69373445	0.49670359	0.85729679	-8.7453701
-0.77526263	-0.69373445	0.49670359	0.85729679	-8.7509585
-0.77526263	-0.69373445	0.49670359	0.85729679	-8.7565487
-0.77526263	-0.69373445	0.49670359	0.85729679	-8.7621407
-0.77526263	-0.69373445	0.49670359	0.85729679	-8.7677346
-0.77526263	-0.69373445	0.49670359	0.85729679	-8.7733303
-0.77526263	-0.69373445	0.49670359	0.85729679	-8.7789279
-0.77526263	-0.69373445	0.49670359	0.85729679	-8.7845272
-0.77526263	-0.69373445	0.49670359	0.85729679	-8.7901284
-0.77526263	-0.69373445	0.49670359	0.85729679	-8.7957314
-0.77526263	-0.69373445	0.49670359	0.85729679	-8.8013363
-0.77526263	-0.69373445	0.49670359	0.85729679	-8.8069429
-0.77526263	-0.69373445	0.49670359	0.85729679	-8.8125514
-0.77526263	-0.69373445	0.49670359	0.85729679	-8.8181618
-0.77526263	-0.69373445	0.49670359	0.85729679	-8.8237739
-0.77526263	-0.69373445	0.49670359	0.85729679	-8.8293879
-0.77526263	-0.69373445	0.49670359	0.85729679	-8.8350037
-0.77526263	-0.69373445	0.49670359	0.85729679	-8.8406213
-0.77526263	-0.69373445	0.49670359	0.85729679	-8.8462408
-0.77526263	-0.69373445	0.49670359	0.85729679	-8.8518621
-0.77526263	-0.69373445	0.49670359	0.85729679	-8.8574852
-0.77526263	-0.69373445	0.49670359	0.85729679	-8.8631101
-0.77526263	-0.69373445	0.49670359	0.85729679	-8.8687369
-0.77526263	-0.69373445	0.49670359	0.85729679	-8.8743654
-0.77526263	-0.69373445	0.49670359	0.85729679	-8.8799958
-0.77526263	-0.69373445	0.49670359	0.85729679	-8.8856281
-0.77526263	-0.69373445	0.49670359	0.85729679	-8.8912621
-0.77526263	-0.69373445	0.49670359	0.85729679	-8.896898
-0.77526263	-0.69373445	0.49670359	0.85729679	-8.9025357
-0.77526263	-0.69373445	0.49670359	0.85729679	-8.9081752
-0.77526263	-0.69373445	0.49670359	0.85729679	-8.9138166
-0.77526263	-0.69373445	0.49670359	0.85729679	-8.9194598
-0.77526263	-0.69373445	0.49670359	0.85729679	-8.9251048
-0.77526263	-0.69373445	0.49670359	0.85729679	-8.9307516
-0.77526263	-0.69373445	0.49670359	0.85729679	-8.9364002
-0.77526263	-0.69373445	0.49670359	0.85729679	-8.9420507
-0.77526263	-0.69373445	0.49670359	0.85729679	-8.947703
-0.77526263	-0.69373445	0.49670359	0.85729679	-8.9533571
-0.77526263	-0.69373445	0.49670359	0.85729679	-8.959013
-0.77526263	-0.69373445	0.49670359	0.85729679	-8.9646708
-0.77526263	-0.69373445	0.49670359	0.85729679	-8.9703303
-0.77526263	-0.69373445	0.49670359	0.85729679	-8.9759917
-0.77526263	-0.69373445	0.49670359	0.85729679	-8.9816549
-0.77526263	-0.69373445	0.49670359	0.85729679	-8.98732
-0.77526263	-0.69373445	0.49670359	0.85729679	-8.9929868
-0.77526263	-0.69373445	0.49670359	0.85729679	-8.9986555
-0.77526263	-0.69373445	0.49670359	0.85729679	-9.004326
-0.77526263	-0.69373445	0.49670359	0.85729679	-9.0099983
-0.77526263	-0.69373445	0.49670359	0.85729679	-9.0156725
-0.77526263	-0.69373445	0.49670359	0.85729679	-9.0213484
-0.77526263	-0.69373445	0.49670359	0.85729679	-9.0270262
-0.77526263	-0.69373445	0.49670359	0.85729679	-9.0327058
-0.77526263	-0.69373445	0.49670359	0.85729679	-9.0383872
-0.77526263	-0.69373445	0.49670359	0.85729679	-9.0440704
-0.77526263	-0.69373445	0.49670359	0.85729679	-9.0497555
-0.77526263	-0.69373445	0.49670359	0.85729679	-9.0554423
-0.77526263	-0.69373445	0.49670359	0.85729679	-9.061131
-0.77526263	-0.69373445	0.49670359	0.85729679	-9.0668215
-0.77526263	-0.69373445	0.49670359	0.85729679	-9.0725138
-0.77526263	-0.69373445	0.49670359	0.85729679	-9.0782079
-0.77526263	-0.69373445	0.49670359	0.85729679	-9.0839039
-0.77526263	-0.69373445	0.49670359	0.85729679	-9.0896017
-0.77526263	-0.69373445	0.49670359	0.85729679	-9.0953012
-0.77526263	-0.69373445	0.49670359	0.85729679	-9.1010026
-0.77526263	-0.69373445	0.49670359	0.85729679	-9.1067059
-0.77526263	-0.69373445	0.49670359	0.85729679	-9.1124109
-0.77526263	-0.69373445	0.49670359	0.85729679	-9.1181177
-0.77526263	-0.69373445	0.49670359	0.85729679	-9.1238264
-0.77526263	-0.69373445	0.49670359	0.85729679	-9.1295369
-0.77526263	-0.69373445	0.49670359	0.85729679	-9.1352492
-0.77526263	-0.69373445	0.49670359	0.85729679	-9.1409633
-0.77526263	-0.69373445	0.49670359	0.85729679	-9.1466792
-0.77526263	-0.69373445	0.49670359	0.85729679	-9.1523969
-0.77526263	-0.69373445	0.49670359	0.85729679	-9.1581165
-0.77526263	-0.69373445	0.49670359	0.85729679	-9.1638378
-0.77526263	-0.69373445	0.49670359	0.85729679	-9.169561
-0.77526263	-0.69373445	0.49670359	0.85729679	-9.175286
-0.77526263	-0.69373445	0.49670359	0.85729679	-9.1810128
-0.77526263	-0.69373445	0.49670359	0.85729679	-9.1867414
-0.77526263	-0.69373445	0.49670359	0.85729679	-9.1924718
-0.77526263	-0.69373445	0.49670359	0.85729679	-9.1982041
-0.77526263	-0.69373445	0.49670359	0.85729679	-9.2039381
-0.77526263	-0.69373445	0.49670359	0.85729679	-9.209674
-0.77526263	-0.69373445	0.49670359	0.85729679	-9.2154117
-0.77526263	-0.69373445	0.49670359	0.85729679	-9.2211511
-0.77526263	-0.69373445	0.49670359	0.85729679	-9.2268924
-0.77526263	-0.69373445	0.49670359	0.85729679	-9.2326355
-0.77526263	-0.69373445	0.49670359	0.85729679	-9.2383805
-0.77526263	-0.69373445	0.49670359	0.85729679	-9.2441272
-0.77526263	-0.69373445	0.49670359	0.85729679	-9.2498757
-0.77526263	-0.69373445	0.49670359	0.85729679	-9.2556261
-0.77526263	-0.69373445	0.49670359	0.85729679	-9.2613782
-0.77526263	-0.69373445	0.49670359	0.85729679	-9.2671322
-0.77526263	-0.69373445	0.49670359	0.85729679	-9.272888
-0.77526263	-0.69373445	0.49670359	0.85729679	-9.2786456
-0.77526263	-0.69373445	0.49670359	0.85729679	-9.284405
-0.77526263	-0.69373445	0.49670359	0.85729679	-9.2901662
-0.77526263	-0.69373445	0.49670359	0.85729679	-9.2959292
-0.77526263	-0.69373445	0.49670359	0.85729679	-9.301694
-0.77526263	-0.69373445	0.49670359	0.85729679	-9.3074606
-0.77526263	-0.69373445	0.49670359	0.85729679	-9.3132291
-0.77526263	-0.69373445	0.49670359	0.85729679	-9.3189993
-0.77526263	-0.69373445	0.49670359	0.85729679	-9.3247714
-0.77526263	-0.69373445	0.49670359	0.85729679	-9.3305452
-0.77526263	-0.69373445	0.49670359	0.85729679	-9.3363209
-0.77526263	-0.69373445	0.49670359	0.85729679	-9.3420984
-0.77526263	-0.69373445	0.49670359	0.85729679	-9.3478776
-0.77526263	-0.69373445	0.49670359	0.85729679	-9.3536587
-0.77526263	-0.69373445	0.49670359	0.85729679	-9.3594416
-0.77526263	-0.69373445	0.49670359	0.85729679	-9.3652263
-0.77526263	-0.69373445	0.49670359	0.85729679	-9.3710128
-0.77526263	-0.69373445	0.49670359	0.85729679	-9.3768011
-0.77526263	-0.69373445	0.49670359	0.85729679	-9.3825912
-0.77526263	-0.69373445	0.49670359	0.85729679	-9.3883831
-0.77526263	-0.69373445	0.49670359	0.85729679	-9.3941769
-0.77526263	-0.69373445	0.49670359	0.85729679	-9.3999724
-0.77526263	-0.69373445	0.49670359	0.85729679	-9.4057697
-0.77526263	-0.69373445	0.49670359	0.85729679	-9.4115688
-0.77526263	-0.69373445	0.49670359	0.85729679	-9.4173698
-0.77526263	-0.69373445	0.49670359	0.85729679	-9.4231725
-0.77526263	-0.69373445	0.49670359	0.85729679	-9.4289771
-0.77526263	-0.69373445	0.49670359	0.85729679	-9.4347834
-0.77526263	-0.69373445	0.49670359	0.85729679	-9.4405915
-0.77526263	-0.69373445	0.49670359	0.85729679	-9.4464015
-0.77526263	-0.69373445	0.49670359	0.85729679	-9.4522132
-0.77526263	-0.69373445	0.49670359	0.85729679	-9.4580268
-0.77526263	-0.69373445	0.49670359	0.85729679	-9.4638421
-0.77526263	-0.69373445	0.49670359	0.85729679	-9.4696593
-0.77526263	-0.69373445	0.49670359	0.85729679	-9.4754783
-0.77526263	-0.69373445	0.49670359	0.85729679	-9.481299
-0.77526263	-0.69373445	0.49670359	0.85729679	-9.4871216
-0.77526263	-0.69373445	0.49670359	0.85729679	-9.4929459
-0.77526263	-0.69373445	0.49670359	0.85729679	-9.4987721
-0.77526263	-0.69373445	0.49670359	0.85729679	-9.5046
-0.77526263	-0.69373445	0.49670359	0.85729679	-9.5104298
-0.77526263	-0.69373445	0.49670359	0.85729679	-9.5162614
-0.77526263	-0.69373445	0.49670359	0.85729679	-9.5220947
-0.77526263	-0.69373445	0.49670359	0.85729679	-9.5279299
-0.77526263	-0.69373445	0.49670359	0.85729679	-9.5337668
-0.77526263	-0.69373445	0.49670359	0.85729679	-9.5396056
-0.77526263	-0.69373445	0.49670359	0.85729679	-9.5454461
-0.77526263	-0.69373445	0.49670359	0.85729679	-9.5512885
-0.77526263	-0.69373445	0.49670359	0.85729679	-9.5571326
-0.77526263	-0.69373445	0.49670359	0.85729679	-9.5629786
-0.77526263	-0.69373445	0.49670359	0.85729679	-9.5688263
-0.77526263	-0.69373445	0.49670359	0.85729679	-9.5746759
-0.77526263	-0.69373445	0.49670359	0.85729679	-9.5805272
-0.77526263	-0.69373445	0.49670359	0.85729679	-9.5863803
-0.77526263	-0.69373445	0.49670359	0.85729679	-9.5922353
-0.77526263	-0.69373445	0.49670359	0.85729679	-9.598092
-0.77526263	-0.69373445	0.49670359	0.85729679	-9.6039505
-0.77526263	-0.69373445	0.49670359	0.85729679	-9.6098108
-0.77526263	-0.69373445	0.49670359	0.85729679	-9.6156729
-0.77526263	-0.69373445	0.49670359	0.85729679	-9.6215368
-0.77526263	-0.69373445	0.49670359	0.85729679	-9.6274025
-0.77526263	-0.69373445	0.49670359	0.85729679	-9.63327
-0.77526263	-0.69373445	0.49670359	0.85729679	-9.6391393
-0.77526263	-0.69373445	0.49670359	0.85729679	-9.6450104
-0.77526263	-0.69373445	0.49670359	0.85729679	-9.6508833
-0.77526263	-0.69373445	0.49670359	0.85729679	-9.656758
-0.77526263	-0.69373445	0.49670359	0.85729679	-9.6626344
-0.77526263	-0.69373445	0.49670359	0.85729679	-9.6685127
-0.77526263	-0.69373445	0.49670359	0.85729679	-9.6743927
-0.77526263	-0.69373445	0.49670359	0.85729679	-9.6802746
-0.77526263	-0.69373445	0.49670359	0.85729679	-9.6861582
-0.77526263	-0.69373445	0.49670359	0.85729679	-9.6920436
-0.77526263	-0.69373445	0.49670359	0.85729679	-9.6979309
-0.77526263	-0.69373445	0.49670359	0.85729679	-9.7038199
-0.77526263	-0.69373445	0.49670359	0.85729679	-9.7097107
-0.77526263	-0.69373445	0.49670359	0.85729679	-9.7156033
-0.77526263	-0.69373445	0.49670359	0.85729679	-9.7214976
-0.77526263	-0.69373445	0.49670359	0.85729679	-9.7273938
-0.77526263	-0.69373445	0.49670359	0.85729679	-9.7332918
-0.77526263	-0.69373445	0.49670359	0.85729679	-9.7391915
-0.77526263	-0.69373445	0.49670359	0.85729679	-9.7450931
-0.77526263	-0.69373445	0.49670359	0.85729679	-9.7509964
-0.77526263	-0.69373445	0.49670359	0.85729679	-9.7569015
-0.77526263	-0.69373445	0.49670359	0.85729679	-9.7628085
-0.77526263	-0.69373445	0.49670359	0.85729679	-9.7687172
-0.77526263	-0.69373445	0.49670359	0.85729679	-9.7746277
-0.77526263	-0.69373445	0.49670359	0.85729679	-9.7805399
-0.77526263	-0.69373445	0.49670359	0.85729679	-9.786454
-0.77526263	-0.69373445	0.49670359	0.85729679	-9.7923699
-0.77526263	-0.69373445	0.49670359	0.85729679	-9.7982875
-0.77526263	-0.69373445	0.49670359	0.85729679	-9.8042069
-0.77526263	-0.69373445	0.49670359	0.85729679	-9.8101281
-0.77526263	-0.69373445	0.49670359	0.85729679	-9.8160512
-0.77526263	-0.69373445	0.49670359	0.85729679	-9.8219759
-0.77526263	-0.69373445	0.49670359	0.85729679	-9.8279025
-0.77526263	-0.69373445	0.49670359	0.85729679	-9.8338309
-0.77526263	-0.69373445	0.49670359	0.85729679	-9.839761
-0.77526263	-0.69373445	0.49670359	0.85729679	-9.845693
-0.77526263	-0.69373445	0.49670359	0.85729679	-9.8516267
-0.77526263	-0.69373445	0.49670359	0.85729679	-9.8575622
-0.77526263	-0.69373445	0.49670359	0.85729679	-9.8634995
-0.77526263	-0.69373445	0.49670359	0.85729679	-9.8694386
-0.77526263	-0.69373445	0.49670359	0.85729679	-9.8753794
-0.77526263	-0.69373445	0.49670359	0.85729679	-9.8813221
-0.77526263	-0.69373445	0.49670359	0.85729679	-9.8872665
-0.77526263	-0.69373445	0.49670359	0.85729679	-9.8932127
-0.77526263	-0.69373445	0.49670359	0.85729679	-9.8991607
-0.77526263	-0.69373445	0.49670359	0.85729679	-9.9051105
-0.77526263	-0.69373445	0.49670359	0.85729679	-9.911062
-0.77526263	-0.69373445	0.49670359	0.85729679	-9.9170154
-0.77526263	-0.69373445	0.49670359	0.85729679	-9.9229705
-0.77526263	-0.69373445	0.49670359	0.85729679	-9.9289274
-0.77526263	-0.69373445	0.49670359	0.85729679	-9.9348861
-0.77526263	-0.69373445	0.49670359	0.85729679	-9.9408466
-0.77526263	-0.69373445	0.49670359	0.85729679	-9.9468088
-0.77526263	-0.69373445	0.49670359	0.85729679	-9.9527728
-0.77526263	-0.69373445	0.49670359	0.85729679	-9.9587387
-0.77526263	-0.69373445	0.49670359	0.85729679	-9.9647063
-0.77526263	-0.69373445	0.49670359	0.85729679	-9.9706756
-0.77526263	-0.69373445	0.49670359	0.85729679	-9.9766468
-0.77526263	-0.69373445	0.49670359	0.85729679	-9.9826197
-0.77526263	-0.69373445	0.49670359	0.85729679	-9.9885944
-0.77526263	-0.69373445	0.49670359	0.85729679	-9.9945709
-0.77526263	-0.69373445	0.49670359	0.85729679	-10.000549
-0.77526263	-0.69373445	0.49670359	0.85729679	-10.006529
-0.77526263	-0.69373445	0.49670359	0.85729679	-10.012511
-0.77526263	-0.69373445	0.49670359	0.85729679	-10.018495
-0.77526263	-0.69373445	0.49670359	0.85729679	-10.02448
-0.77526263	-0.69373445	0.49670359	0.85729679	-10.030467
-0.77526263	-0.69373445	0.49670359	0.85729679	-10.036456
-0.77526263	-0.69373445	0.49670359	0.85729679	-10.042447
-0.77526263	-0.69373445	0.49670359	0.85729679	-10.048439
-0.77526263	-0.69373445	0.49670359	0.85729679	-10.054434
-0.77526263	-0.69373445	0.49670359	0.85729679	-10.06043
-0.77526263	-0.69373445	0.49670359	0.85729679	-10.066428
-0.77526263	-0.69373445	0.49670359	0.85729679	-10.072427
-0.77526263	-0.69373445	0.49670359	0.85729679	-10.078428
-0.77526263	-0.69373445	0.49670359	0.85729679	-10.084432
-0.77526263	-0.69373445	0.49670359	0.85729679	-10.090437
-0.77526263	-0.69373445	0.49670359	0.85729679	-10.096443
-0.77526263	-0.69373445	0.49670359	0.85729679	-10.102452
-0.77526263	-0.69373445	0.49670359	0.85729679	-10.108462
-0.77526263	-0.69373445	0.49670359	0.85729679	-10.114474
-0.77526263	-0.69373445	0.49670359	0.85729679	-10.120488
-0.77526263	-0.69373445	0.49670359	0.85729679	-10.126503
-0.77526263	-0.69373445	0.49670359	0.85729679	-10.132521
-0.77526263	-0.69373445	0.49670359	0.85729679	-10.13854
-0.77526263	-0.69373445	0.49670359	0.85729679	-10.144561
-0.77526263	-0.69373445	0.49670359	0.85729679	-10.150583
-0.77526263	-0.69373445	0.49670359	0.85729679	-10.156608
-0.77526263	-0.69373445	0.49670359	0.85729679	-10.162634
-0.77526263	-0.69373445	0.49670359	0.85729679	-10.168662
-0.77526263	-0.69373445	0.49670359	0.85729679	-10.174692
-0.77526263	-0.69373445	0.49670359	0.85729679	-10.180723
-0.77526263	-0.69373445	0.49670359	0.85729679	-10.186757
-0.77526263	-0.69373445	0.49670359	0.85729679	-10.192792
-0.77526263	-0.69373445	0.49670359	0.85729679	-10.198828
-0.77526263	-0.69373445	0.49670359	0.85729679	-10.204867
-0.77526263	-0.69373445	0.49670359	0.85729679	-10.210907
-0.77526263	-0.69373445	0.49670359	0.85729679	-10.216949
-0.77526263	-0.69373445	0.49670359	0.85729679	-10.222993
-0.77526263	-0.69373445	0.49670359	0.85729679	-10.229039
-0.77526263	-0.69373445	0.49670359	0.85729679	-10.235087
-0.77526263	-0.69373445	0.49670359	0.85729679	-10.241136
-0.77526263	-0.69373445	0.49670359	0.85729679	-10.247187
-0.77526263	-0.69373445	0.49670359	0.85729679	-10.253239
-0.77526263	-0.69373445	0.49670359	0.85729679	-10.259294
-0.77526263	-0.69373445	0.49670359	0.85729679	-10.26535
-0.77526263	-0.69373445	0.49670359	0.85729679	-10.271408
-0.77526263	-0.69373445	0.49670359	0.85729679	-10.277468
-0.77526263	-0.69373445	0.49670359	0.85729679	-10.28353
-0.77526263	-0.69373445	0.49670359	0.85729679	-10.289593
-0.77526263	-0.69373445	0.49670359	0.85729679	-10.295658
-0.77526263	-0.69373445	0.49670359	0.85729679	-10.301725
-0.77526263	-0.69373445	0.49670359	0.85729679	-10.307794
-0.77526263	-0.69373445	0.49670359	0.85729679	-10.313864
-0.77526263	-0.69373445	0.49670359	0.85729679	-10.319936
-0.77526263	-0.69373445	0.49670359	0.85729679	-10.32601
-0.77526263	-0.69373445	0.49670359	0.85729679	-10.332086
-0.77526263	-0.69373445	0.49670359	0.85729679	-10.338163
-0.77526263	-0.69373445	0.49670359	0.85729679	-10.344243
-0.77526263	-0.69373445	0.49670359	0.85729679	-10.350324
-0.77526263	-0.69373445	0.49670359	0.85729679	-10.356406
-0.77526263	-0.69373445	0.49670359	0.85729679	-10.362491
-0.77526263	-0.69373445	0.49670359	0.85729679	-10.368577
-0.77526263	-0.69373445	0.49670359	0.85729679	-10.374665
-0.77526263	-0.69373445	0.49670359	0.85729679	-10.380755
-0.77526263	-0.69373445	0.49670359	0.85729679	-10.386847
-0.77526263	-0.69373445	0.49670359	0.85729679	-10.39294
-0.77526263	-0.69373445	0.49670359	0.85729679	-10.399035
-0.77526263	-0.69373445	0.49670359	0.85729679	-10.405132
-0.77526263	-0.69373445	0.49670359	0.85729679	-10.411231
-0.77526263	-0.69373445	0.49670359	0.85729679	-10.417331
-0.77526263	-0.69373445	0.49670359	0.85729679	-10.423433
-0.77526263	-0.69373445	0.49670359	0.85729679	-10.429537
-0.77526263	-0.69373445	0.49670359	0.85729679	-10.435643
-0.77526263	-0.69373445	0.49670359	0.85729679	-10.44175
-0.77526263	-0.69373445	0.49670359	0.85729679	-10.447859
-0.77526263	-0.69373445	0.49670359	0.85729679	-10.45397
-0.77526263	-0.69373445	0.49670359	0.85729679	-10.460083
-0.77526263	-0.69373445	0.49670359	0.85729679	-10.466197
-0.77526263	-0.69373445	0.49670359	0.85729679	-10.472313
-0.77526263	-0.69373445	0.49670359	0.85729679	-10.478431
-0.77526263	-0.69373445	0.49670359	0.85729679	-10.484551
-0.77526263	-0.69373445	0.49670359	0.85729679	-10.490673
-0.77526263	-0.69373445	0.49670359	0.85729679	-10.496796
-0.77526263	-0.69373445	0.49670359	0.85729679	-10.502921
-0.77526263	-0.69373445	0.49670359	0.85729679	-10.509048
-0.77526263	-0.69373445	0.49670359	0.85729679	-10.515176
-0.77526263	-0.69373445	0.49670359	0.85729679	-10.521306
-0.77526263	-0.69373445	0.49670359	0.85729679	-10.527438
-0.77526263	-0.69373445	0.49670359	0.85729679	-10.533572
-0.77526263	-0.69373445	0.49670359	0.85729679	-10.539708
-0.77526263	-0.69373445	0.49670359	0.85729679	-10.545845
-0.77526263	-0.69373445	0.49670359	0.85729679	-10.551984
-0.77526263	-0.69373445	0.49670359	0.85729679	-10.558125
-0.77526263	-0.69373445	0.49670359	0.85729679	-10.564267
-0.77526263	-0.69373445	0.49670359	0.85729679	-10.570412
-0.77526263	-0.69373445	0.49670359	0.85729679	-10.576558
-0.77526263	-0.69373445	0.49670359	0.85729679	-10.582705
-0.77526263	-0.69373445	0.49670359	0.85729679	-10.588855
-0.77526263	-0.69373445	0.49670359	0.85729679	-10.595006
-0.77526263	-0.69373445	0.49670359	0.85729679	-10.601159
-0.77526263	-0.69373445	0.49670359	0.85729679	-10.607314
-0.77526263	-0.69373445	0.49670359	0.85729679	-10.613471
-0.77526263	-0.69373445	0.49670359	0.85729679	-10.619629
-0.77526263	-0.69373445	0.49670359	0.85729679	-10.625789
-0.77526263	-0.69373445	0.49670359	0.85729679	-10.631951
-0.77526263	-0.69373445	0.49670359	0.85729679	-10.638115
-0.77526263	-0.69373445	0.49670359	0.85729679	-10.64428
-0.77526263	-0.69373445	0.49670359	0.85729679	-10.650447
-0.77526263	-0.69373445	0.49670359	0.85729679	-10.656616
-0.77526263	-0.69373445	0.49670359	0.85729679	-10.662786
-0.77526263	-0.69373445	0.49670359	0.85729679	-10.668959
-0.77526263	-0.69373445	0.49670359	0.85729679	-10.675133
-0.77526263	-0.69373445	0.49670359	0.85729679	-10.681308
-0.77526263	-0.69373445	0.49670359	0.85729679	-10.687486
-0.77526263	-0.69373445	0.49670359	0.85729679	-10.693665
-0.77526263	-0.69373445	0.49670359	0.85729679	-10.699846
-0.77526263	-0.69373445	0.49670359	0.85729679	-10.706029
-0.77526263	-0.69373445	0.49670359	0.85729679	-10.712214
-0.77526263	-0.69373445	0.49670359	0.85729679	-10.7184
-0.77526263	-0.69373445	0.49670359	0.85729679	-10.724588
-0.77526263	-0.69373445	0.49670359	0.85729679	-10.730778
-0.77526263	-0.69373445	0.49670359	0.85729679	-10.736969
-0.77526263	-0.69373445	0.49670359	0.85729679	-10.743163
-0.77526263	-0.69373445	0.49670359	0.85729679	-10.749358
-0.77526263	-0.69373445	0.49670359	0.85729679	-10.755554
-0.77526263	-0.69373445	0.49670359	0.85729679	-10.761753
-0.77526263	-0.69373445	0.49670359	0.85729679	-10.767953
-0.77526263	-0.69373445	0.49670359	0.85729679	-10.774155
-0.77526263	-0.69373445	0.49670359	0.85729679	-10.780359
-0.77526263	-0.69373445	0.49670359	0.85729679	-10.786565
-0.77526263	-0.69373445	0.49670359	0.85729679	-10.792772
-0.77526263	-0.69373445	0.49670359	0.85729679	-10.798981
-0.77526263	-0.69373445	0.49670359	0.85729679	-10.805191
-0.77526263	-0.69373445	0.49670359	0.85729679	-10.811404
-0.77526263	-0.69373445	0.49670359	0.85729679	-10.817618
-0.77526263	-0.69373445	0.49670359	0.85729679	-10.823834
-0.77526263	-0.69373445	0.49670359	0.85729679	-10.830052
-0.77526263	-0.69373445	0.49670359	0.85729679	-10.836271
-0.77526263	-0.69373445	0.49670359	0.85729679	-10.842492
-0.77526263	-0.69373445	0.49670359	0.85729679	-10.848715
-0.77526263	-0.69373445	0.49670359	0.85729679	-10.85494
-0.77526263	-0.69373445	0.49670359	0.85729679	-10.861166
-0.77526263	-0.69373445	0.49670359	0.85729679	-10.867394
-0.77526263	-0.69373445	0.49670359	0.85729679	-10.873624
-0.77526263	-0.69373445	0.49670359	0.85729679	-10.879856
-0.77526263	-0.69373445	0.49670359	0.85729679	-10.886089
-0.77526263	-0.69373445	0.49670359	0.85729679	-10.892324
-0.77526263	-0.69373445	0.49670359	0.85729679	-10.898561
-0.77526263	-0.69373445	0.49670359	0.85729679	-10.9048
-0.77526263	-0.69373445	0.49670359	0.85729679	-10.91104
-0.77526263	-0.69373445	0.49670359	0.85729679	-10.917282
-0.77526263	-0.69373445	0.49670359	0.85729679	-10.923526
-0.77526263	-0.69373445	0.49670359	0.85729679	-10.929771
-0.77526263	-0.69373445	0.49670359	0.85729679	-10.936019
-0.77526263	-0.69373445	0.49670359	0.85729679	-10.942268
-0.77526263	-0.69373445	0.49670359	0.85729679	-10.948518
-0.77526263	-0.69373445	0.49670359	0.85729679	-10.954771
-0.77526263	-0.69373445	0.49670359	0.85729679	-10.961025
-0.77526263	-0.69373445	0.49670359	0.85729679	-10.967281
-0.77526263	-0.69373445	0.49670359	0.85729679	-10.973538
-0.77526263	-0.69373445	0.49670359	0.85729679	-10.979798
-0.77526263	-0.69373445	0.49670359	0.85729679	-10.986059
-0.77526263	-0.69373445	0.49670359	0.85729679	-10.992322
-0.77526263	-0.69373445	0.49670359	0.85729679	-10.998586
-0.77526263	-0.69373445	0.49670359	0.85729679	-11.004853
-0.77526263	-0.69373445	0.49670359	0.85729679	-11.011121
-0.77526263	-0.69373445	0.49670359	0.85729679	-11.017391
-0.77526263	-0.69373445	0.49670359	0.85729679	-11.023662
-0.77526263	-0.69373445	0.49670359	0.85729679	-11.029935
-0.77526263	-0.69373445	0.49670359	0.85729679	-11.03621
-0.77526263	-0.69373445	0.49670359	0.85729679	-11.042487
-0.77526263	-0.69373445	0.49670359	0.85729679	-11.048766
-0.77526263	-0.69373445	0.49670359	0.85729679	-11.055046
-0.77526263	-0.69373445	0.49670359	0.85729679	-11.061328
-0.77526263	-0.69373445	0.49670359	0.85729679	-11.067611
-0.77526263	-0.69373445	0.49670359	0.85729679	-11.073897
-0.77526263	-0.69373445	0.49670359	0.85729679	-11.080184
-0.77526263	-0.69373445	0.49670359	0.85729679	-11.086473
-0.77526263	-0.69373445	0.49670359	0.85729679	-11.092763
-0.77526263	-0.69373445	0.49670359	0.85729679	-11.099055
-0.77526263	-0.69373445	0.49670359	0.85729679	-11.105349
-0.77526263	-0.69373445	0.49670359	0.85729679	-11.111645
-0.77526263	-0.69373445	0.49670359	0.85729679	-11.117943
-0.77526263	-0.69373445	0.49670359	0.85729679	-11.124242
-0.77526263	-0.69373445	0.49670359	0.85729679	-11.130543
-0.77526263	-0.69373445	0.49670359	0.85729679	-11.136845
-0.77526263	-0.69373445	0.49670359	0.85729679	-11.14315
-0.77526263	-0.69373445	0.49670359	0.85729679	-11.149456
-0.77526263	-0.69373445	0.49670359	0.85729679	-11.155764
-0.77526263	-0.69373445	0.49670359	0.85729679	-11.162073
-0.77526263	-0.69373445	0.49670359	0.85729679	-11.168385
-0.77526263	-0.69373445	0.49670359	0.85729679	-11.174698
-0.77526263	-0.69373445	0.49670359	0.85729679	-11.181012
-0.77526263	-0.69373445	0.49670359	0.85729679	-11.187329
-0.77526263	-0.69373445	0.49670359	0.85729679	-11.193647
-0.77526263	-0.69373445	0.49670359	0.85729679	-11.199967
-0.77526263	-0.69373445	0.49670359	0.85729679	-11.206289
-0.77526263	-0.69373445	0.49670359	0.85729679	-11.212612
-0.77526263	-0.69373445	0.49670359	0.85729679	-11.218937
-0.77526263	-0.69373445	0.49670359	0.85729679	-11.225264
-0.77526263	-0.69373445	0.49670359	0.85729679	-11.231592
-0.77526263	-0.69373445	0.49670359	0.85729679	-11.237923
-0.77526263	-0.69373445	0.49670359	0.85729679	-11.244255
-0.77526263	-0.69373445	0.49670359	0.85729679	-11.250588
-0.77526263	-0.69373445	0.49670359	0.85729679	-11.256924
-0.77526263	-0.69373445	0.49670359	0.85729679	-11.263261
-0.77526263	-0.69373445	0.49670359	0.85729679	-11.2696
-0.77526263	-0.69373445	0.49670359	0.85729679	-11.27594
-0.77526263	-0.69373445	0.49670359	0.85729679	-11.282282
-0.77526263	-0.69373445	0.49670359	0.85729679	-11.288627
-0.77526263	-0.69373445	0.49670359	0.85729679	-11.294972
-0.77526263	-0.69373445	0.49670359	0.85729679	-11.30132
-0.77526263	-0.69373445	0.49670359	0.85729679	-11.307669
-0.77526263	-0.69373445	0.49670359	0.85729679	-11.31402
-0.77526263	-0.69373445	0.49670359	0.85729679	-11.320372
-0.77526263	-0.69373445	0.49670359	0.85729679	-11.326727
-0.77526263	-0.69373445	0.49670359	0.85729679	-11.333083
-0.77526263	-0.69373445	0.49670359	0.85729679	-11.33944
-0.77526263	-0.69373445	0.49670359	0.85729679	-11.3458
-0.77526263	-0.69373445	0.49670359	0.85729679	-11.352161
-0.77526263	-0.69373445	0.49670359	0.85729679	-11.358524
-0.77526263	-0.69373445	0.49670359	0.85729679	-11.364889
-0.77526263	-0.69373445	0.49670359	0.85729679	-11.371255
-0.77526263	-0.69373445	0.49670359	0.85729679	-11.377623
-0.77526263	-0.69373445	0.49670359	0.85729679	-11.383993
-0.77526263	-0.69373445	0.49670359	0.85729679	-11.390364
-0.77526263	-0.69373445	0.49670359	0.85729679	-11.396737
-0.77526263	-0.69373445	0.49670359	0.85729679	-11.403112
-0.77526263	-0.69373445	0.49670359	0.85729679	-11.409489
-0.77526263	-0.69373445	0.49670359	0.85729679	-11.415867
-0.77526263	-0.69373445	0.49670359	0.85729679	-11.422247
-0.77526263	-0.69373445	0.49670359	0.85729679	-11.428629
-0.77526263	-0.69373445	0.49670359	0.85729679	-11.435013
-0.77526263	-0.69373445	0.49670359	0.85729679	-11.441398
-0.77526263	-0.69373445	0.49670359	0.85729679	-11.447785
-0.77526263	-0.69373445	0.49670359	0.85729679	-11.454173
-0.77526263	-0.69373445	0.49670359	0.85729679	-11.460564
-0.77526263	-0.69373445	0.49670359	0.85729679	-11.466956
-0.77526263	-0.69373445	0.49670359	0.85729679	-11.473349
-0.77526263	-0.69373445	0.49670359	0.85729679	-11.479745
-0.77526263	-0.69373445	0.49670359	0.85729679	-11.486142
-0.77526263	-0.69373445	0.49670359	0.85729679	-11.492541
-0.77526263	-0.69373445	0.49670359	0.85729679	-11.498942
-0.77526263	-0.69373445	0.49670359	0.85729679	-11.505344
-0.77526263	-0.69373445	0.49670359	0.85729679	-11.511748
-0.77526263	-0.69373445	0.49670359	0.85729679	-11.518154
-0.77526263	-0.69373445	0.49670359	0.85729679	-11.524561
-0.77526263	-0.69373445	0.49670359	0.85729679	-11.53097
-0.77526263	-0.69373445	0.49670359	0.85729679	-11.537381
-0.77526263	-0.69373445	0.49670359	0.85729679	-11.543793
-0.77526263	-0.69373445	0.49670359	0.85729679	-11.550208
-0.77526263	-0.69373445	0.49670359	0.85729679	-11.556624
-0.77526263	-0.69373445	0.49670359	0.85729679	-11.563041
-0.77526263	-0.69373445	0.49670359	0.85729679	-11.569461
-0.77526263	-0.69373445	0.49670359	0.85729679	-11.575882
-0.77526263	-0.69373445	0.49670359	0.85729679	-11.582305
-0.77526263	-0.69373445	0.49670359	0.85729679	-11.588729
-0.77526263	-0.69373445	0.49670359	0.85729679	-11.595155
-0.77526263	-0.69373445	0.49670359	0.85729679	-11.601583
-0.77526263	-0.69373445	0.49670359	0.85729679	-11.608013
-0.77526263	-0.69373445	0.49670359	0.85729679	-11.614444
-0.77526263	-0.69373445	0.49670359	0.85729679	-11.620877
-0.77526263	-0.69373445	0.49670359	0.85729679	-11.627312
-0.77526263	-0.69373445	0.49670359	0.85729679	-11.633748
-0.77526263	-0.69373445	0.49670359	0.85729679	-11.640186
-0.77526263	-0.69373445	0.49670359	0.85729679	-11.646626
-0.77526263	-0.69373445	0.49670359	0.85729679	-11.653068
-0.77526263	-0.69373445	0.49670359	0.85729679	-11.659511
-0.77526263	-0.69373445	0.49670359	0.85729679	-11.665956
-0.77526263	-0.69373445	0.49670359	0.85729679	-11.672402
-0.77526263	-0.69373445	0.49670359	0.85729679	-11.678851
-0.77526263	-0.69373445	0.49670359	0.85729679	-11.685301
-0.77526263	-0.69373445	0.49670359	0.85729679	-11.691752
-0.77526263	-0.69373445	0.49670359	0.85729679	-11.698206
-0.77526263	-0.69373445	0.49670359	0.85729679	-11.704661
-0.77526263	-0.69373445	0.49670359	0.85729679	-11.711118
-0.77526263	-0.69373445	0.49670359	0.85729679	-11.717576
-0.77526263	-0.69373445	0.49670359	0.85729679	-11.724036
-0.77526263	-0.69373445	0.49670359	0.85729679	-11.730498
-0.77526263	-0.69373445	0.49670359	0.85729679	-11.736962
-0.77526263	-0.69373445	0.49670359	0.85729679	-11.743427
-0.77526263	-0.69373445	0.49670359	0.85729679	-11.749894
-0.77526263	-0.69373445	0.49670359	0.85729679	-11.756363
-0.77526263	-0.69373445	0.49670359	0.85729679	-11.762833
-0.77526263	-0.69373445	0.49670359	0.85729679	-11.769305
-0.77526263	-0.69373445	0.49670359	0.85729679	-11.775779
-0.77526263	-0.69373445	0.49670359	0.85729679	-11.782255
-0.77526263	-0.69373445	0.49670359	0.85729679	-11.788732
-0.77526263	-0.69373445	0.49670359	0.85729679	-11.795211
-0.77526263	-0.69373445	0.49670359	0.85729679	-11.801691
-0.77526263	-0.69373445	0.49670359	0.85729679	-11.808174
-0.77526263	-0.69373445	0.49670359	0.85729679	-11.814658
-0.77526263	-0.69373445	0.49670359	0.85729679	-11.821143
-0.77526263	-0.69373445	0.49670359	0.85729679	-11.827631
-0.77526263	-0.69373445	0.49670359	0.85729679	-11.83412
-0.77526263	-0.69373445	0.49670359	0.85729679	-11.84061
-0.77526263	-0.69373445	0.49670359	0.85729679	-11.847103
-0.77526263	-0.69373445	0.49670359	0.85729679	-11.853597
-0.77526263	-0.69373445	0.49670359	0.85729679	-11.860093
-0.77526263	-0.69373445	0.49670359	0.85729679	-11.86659
-0.77526263	-0.69373445	0.49670359	0.85729679	-11.873089
-0.77526263	-0.69373445	0.49670359	0.85729679	-11.87959
-0.77526263	-0.69373445	0.49670359	0.85729679	-11.886093
-0.77526263	-0.69373445	0.49670359	0.85729679	-11.892597
-0.77526263	-0.69373445	0.49670359	0.85729679	-11.899103
-0.77526263	-0.69373445	0.49670359	0.85729679	-11.905611
-0.77526263	-0.69373445	0.49670359	0.85729679	-11.91212
-0.77526263	-0.69373445	0.49670359	0.85729679	-11.918631
-0.77526263	-0.69373445	0.49670359	0.85729679	-11.925144
-0.77526263	-0.69373445	0.49670359	0.85729679	-11.931658
-0.77526263	-0.69373445	0.49670359	0.85729679	-11.938174
-0.77526263	-0.69373445	0.49670359	0.85729679	-11.944692
-0.77526263	-0.69373445	0.49670359	0.85729679	-11.951211
-0.77526263	-0.69373445	0.49670359	0.85729679	-11.957732
-0.77526263	-0.69373445	0.49670359	0.85729679	-11.964255
-0.77526263	-0.69373445	0.49670359	0.85729679	-11.97078
-0.77526263	-0.69373445	0.49670359	0.85729679	-11.977306
-0.77526263	-0.69373445	0.49670359	0.85729679	-11.983834
-0.77526263	-0.69373445	0.49670359	0.85729679	-11.990363
-0.77526263	-0.69373445	0.49670359	0.85729679	-11.996895
-0.77526263	-0.69373445	0.49670359	0.85729679	-12.003427
-0.77526263	-0.69373445	0.49670359	0.85729679	-12.009962
-0.77526263	-0.69373445	0.49670359	0.85729679	-12.016498
-0.77526263	-0.69373445	0.49670359	0.85729679	-12.023036
-0.77526263	-0.69373445	0.49670359	0.85729679	-12.029576
-0.77526263	-0.69373445	0.49670359	0.85729679	-12.036117
-0.77526263	-0.69373445	0.49670359	0.85729679	-12.04266
-0.77526263	-0.69373445	0.49670359	0.85729679	-12.049205
-0.77526263	-0.69373445	0.49670359	0.85729679	-12.055751
-0.77526263	-0.69373445	0.49670359	0.85729679	-12.0623
-0.77526263	-0.69373445	0.49670359	0.85729679	-12.068849
-0.77526263	-0.69373445	0.49670359	0.85729679	-12.075401
-0.77526263	-0.69373445	0.49670359	0.85729679	-12.081954
-0.77526263	-0.69373445	0.49670359	0.85729679	-12.088509
-0.77526263	-0.69373445	0.49670359	0.85729679	-12.095065
-0.77526263	-0.69373445	0.49670359	0.85729679	-12.101623
-0.77526263	-0.69373445	0.49670359	0.85729679	-12.108183
-0.77526263	-0.69373445	0.49670359	0.85729679	-12.114745
-0.77526263	-0.69373445	0.49670359	0.85729679	-12.121308
-0.77526263	-0.69373445	0.49670359	0.85729679	-12.127873
-0.77526263	-0.69373445	0.49670359	0.85729679	-12.134439
-0.77526263	-0.69373445	0.49670359	0.85729679	-12.141007
-0.77526263	-0.69373445	0.49670359	0.85729679	-12.147577
-0.77526263	-0.69373445	0.49670359	0.85729679	-12.154149
-0.77526263	-0.69373445	0.49670359	0.85729679	-12.160722
-0.77526263	-0.69373445	0.49670359	0.85729679	-12.167297
-0.77526263	-0.69373445	0.49670359	0.85729679	-12.173874
-0.77526263	-0.69373445	0.49670359	0.85729679	-12.180452
-0.77526263	-0.69373445	0.49670359	0.85729679	-12.187032
-0.77526263	-0.69373445	0.49670359	0.85729679	-12.193613
-0.77526263	-0.69373445	0.49670359	0.85729679	-12.200197
-0.77526263	-0.69373445	0.49670359	0.85729679	-12.206782
-0.77526263	-0.69373445	0.49670359	0.85729679	-12.213368
-0.77526263	-0.69373445	0.49670359	0.85729679	-12.219957
-0.77526263	-0.69373445	0.49670359	0.85729679	-12.226547
-0.77526263	-0.69373445	0.49670359	0.85729679	-12.233138
-0.77526263	-0.69373445	0.49670359	0.85729679	-12.239732
-0.77526263	-0.69373445	0.49670359	0.85729679	-12.246327
-0.77526263	-0.69373445	0.49670359	0.85729679	-12.252923
-0.77526263	-0.69373445	0.49670359	0.85729679	-12.259522
-0.77526263	-0.69373445	0.49670359	0.85729679	-12.266122
-0.77526263	-0.69373445	0.49670359	0.85729679	-12.272723
-0.77526263	-0.69373445	0.49670359	0.85729679	-12.279327
-0.77526263	-0.69373445	0.49670359	0.85729679	-12.285932
-0.77526263	-0.69373445	0.49670359	0.85729679	-12.292539
-0.77526263	-0.69373445	0.49670359	0.85729679	-12.299147
-0.77526263	-0.69373445	0.49670359	0.85729679	-12.305757
-0.77526263	-0.69373445	0.49670359	0.85729679	-12.312369
-0.77526263	-0.69373445	0.49670359	0.85729679	-12.318982
-0.77526263	-0.69373445	0.49670359	0.85729679	-12.325597
-0.77526263	-0.69373445	0.49670359	0.85729679	-12.332214
-0.77526263	-0.69373445	0.49670359	0.85729679	-12.338832
-0.77526263	-0.69373445	0.49670359	0.85729679	-12.345452
-0.77526263	-0.69373445	0.49670359	0.85729679	-12.352074
-0.77526263	-0.69373445	0.49670359	0.85729679	-12.358697
-0.77526263	-0.69373445	0.49670359	0.85729679	-12.365322
-0.77526263	-0.69373445	0.49670359	0.85729679	-12.371949
-0.77526263	-0.69373445	0.49670359	0.85729679	-12.378577
-0.77526263	-0.69373445	0.49670359	0.85729679	-12.385207
-0.77526263	-0.69373445	0.49670359	0.85729679	-12.391839
-0.77526263	-0.69373445	0.49670359	0.85729679	-12.398472
-0.77526263	-0.69373445	0.49670359	0.85729679	-12.405108
-0.77526263	-0.69373445	0.49670359	0.85729679	-12.411744
-0.77526263	-0.69373445	0.49670359	0.85729679	-12.418383
-0.77526263	-0.69373445	0.49670359	0.85729679	-12.425023
-0.77526263	-0.69373445	0.49670359	0.85729679	-12.431664
-0.77526263	-0.69373445	0.49670359	0.85729679	-12.438308
-0.77526263	-0.69373445	0.49670359	0.85729679	-12.444953
-0.77526263	-0.69373445	0.49670359	0.85729679	-12.451599
-0.77526263	-0.69373445	0.49670359	0.85729679	-12.458248
-0.77526263	-0.69373445	0.49670359	0.85729679	-12.464898
-0.77526263	-0.69373445	0.49670359	0.85729679	-12.471549
-0.77526263	-0.69373445	0.49670359	0.85729679	-12.478203
-0.77526263	-0.69373445	0.49670359	0.85729679	-12.484857
-0.77526263	-0.69373445	0.49670359	0.85729679	-12.491514
-0.77526263	-0.69373445	0.49670359	0.85729679	-12.498172
-0.77526263	-0.69373445	0.49670359	0.85729679	-12.504832
-0.77526263	-0.69373445	0.49670359	0.85729679	-12.511494
-0.77526263	-0.69373445	0.49670359	0.85729679	-12.518157
-0.77526263	-0.69373445	0.49670359	0.85729679	-12.524822
-0.77526263	-0.69373445	0.49670359	0.85729679	-12.531489
-0.77526263	-0.69373445	0.49670359	0.85729679	-12.538157
-0.77526263	-0.69373445	0.49670359	0.85729679	-12.544827
-0.77526263	-0.69373445	0.49670359	0.85729679	-12.551498
-0.77526263	-0.69373445	0.49670359	0.85729679	-12.558171
-0.77526263	-0.69373445	0.49670359	0.85729679	-12.564846
-0.77526263	-0.69373445	0.49670359	0.85729679	-12.571523
-0.77526263	-0.69373445	0.49670359	0.85729679	-12.578201
-0.77526263	-0.69373445	0.49670359	0.85729679	-12.584881
-0.77526263	-0.69373445	0.49670359	0.85729679	-12.591562
-0.77526263	-0.69373445	0.49670359	0.85729679	-12.598245
-0.77526263	-0.69373445	0.49670359	0.85729679	-12.60493
-0.77526263	-0.69373445	0.49670359	0.85729679	-12.611617
-0.77526263	-0.69373445	0.49670359	0.85729679	-12.618305
-0.77526263	-0.69373445	0.49670359	0.85729679	-12.624994
-0.77526263	-0.69373445	0.49670359	0.85729679	-12.631686
-0.77526263	-0.69373445	0.49670359	0.85729679	-12.638379
-0.77526263	-0.69373445	0.49670359	0.85729679	-12.645074
-0.77526263	-0.69373445	0.49670359	0.85729679	-12.65177
-0.77526263	-0.69373445	0.49670359	0.85729679	-12.658468
-0.77526263	-0.69373445	0.49670359	0.85729679	-12.665167
-0.77526263	-0.69373445	0.49670359	0.85729679	-12.671869
-0.77526263	-0.69373445	0.49670359	0.85729679	-12.678572
-0.77526263	-0.69373445	0.49670359	0.85729679	-12.685276
-0.77526263	-0.69373445	0.49670359	0.85729679	-12.691983
-0.77526263	-0.69373445	0.49670359	0.85729679	-12.69869
-0.77526263	-0.69373445	0.49670359	0.85729679	-12.7054
-0.77526263	-0.69373445	0.49670359	0.85729679	-12.712111
-0.77526263	-0.69373445	0.49670359	0.85729679	-12.718824
-0.77526263	-0.69373445	0.49670359	0.85729679	-12.725538
-0.77526263	-0.69373445	0.49670359	0.85729679	-12.732255
-0.77526263	-0.69373445	0.49670359	0.85729679	-12.738972
-0.77526263	-0.69373445	0.49670359	0.85729679	-12.745692
-0.77526263	-0.69373445	0.49670359	0.85729679	-12.752413
-0.77526263	-0.69373445	0.49670359	0.85729679	-12.759135
-0.77526263	-0.69373445	0.49670359	0.85729679	-12.76586
-0.77526263	-0.69373445	0.49670359	0.85729679	-12.772586
-0.77526263	-0.69373445	0.49670359	0.85729679	-12.779313
-0.77526263	-0.69373445	0.49670359	0.85729679	-12.786043
-0.77526263	-0.69373445	0.49670359	0.85729679	-12.792774
-0.77526263	-0.69373445	0.49670359	0.85729679	-12.799506
-0.77526263	-0.69373445	0.49670359	0.85729679	-12.80624
-0.77526263	-0.69373445	0.49670359	0.85729679	-12.812976
-0.77526263	-0.69373445	0.49670359	0.85729679	-12.819714
-0.77526263	-0.69373445	0.49670359	0.85729679	-12.826453
-0.77526263	-0.69373445	0.49670359	0.85729679	-12.833194
-0.77526263	-0.69373445	0.49670359	0.85729679	-12.839936
-0.77526263	-0.69373445	0.49670359	0.85729679	-12.84668
-0.77526263	-0.69373445	0.49670359	0.85729679	-12.853426
-0.77526263	-0.69373445	0.49670359	0.85729679	-12.860173
-0.77526263	-0.69373445	0.49670359	0.85729679	-12.866922
-0.77526263	-0.69373445	0.49670359	0.85729679	-12.873673
-0.77526263	-0.69373445	0.49670359	0.85729679	-12.880425
-0.77526263	-0.69373445	0.49670359	0.85729679	-12.887179
-0.77526263	-0.69373445	0.49670359	0.85729679	-12.893934
-0.77526263	-0.69373445	0.49670359	0.85729679	-12.900692
-0.77526263	-0.69373445	0.49670359	0.85729679	-12.90745
-0.77526263	-0.69373445	0.49670359	0.85729679	-12.914211
-0.77526263	-0.69373445	0.49670359	0.85729679	-12.920973
-0.77526263	-0.69373445	0.49670359	0.85729679	-12.927737
-0.77526263	-0.69373445	0.49670359	0.85729679	-12.934502
-0.77526263	-0.69373445	0.49670359	0.85729679	-12.941269
-0.77526263	-0.69373445	0.49670359	0.85729679	-12.948037
-0.77526263	-0.69373445	0.49670359	0.85729679	-12.954808
-0.77526263	-0.69373445	0.49670359	0.85729679	-12.96158
-0.77526263	-0.69373445	0.49670359	0.85729679	-12.968353
-0.77526263	-0.69373445	0.49670359	0.85729679	-12.975128
-0.77526263	-0.69373445	0.49670359	0.85729679	-12.981905
-0.77526263	-0.69373445	0.49670359	0.85729679	-12.988683
-0.77526263	-0.69373445	0.49670359	0.85729679	-12.995464
-0.77526263	-0.69373445	0.49670359	0.85729679	-13.002245
-0.77526263	-0.69373445	0.49670359	0.85729679	-13.009029
-0.77526263	-0.69373445	0.49670359	0.85729679	-13.015813
-0.77526263	-0.69373445	0.49670359	0.85729679	-13.0226
-0.77526263	-0.69373445	0.49670359	0.85729679	-13.029388
-0.77526263	-0.69373445	0.49670359	0.85729679	-13.036178
-0.77526263	-0.69373445	0.49670359	0.85729679	-13.04297
-0.77526263	-0.69373445	0.49670359	0.85729679	-13.049763
-0.77526263	-0.69373445	0.49670359	0.85729679	-13.056557
-0.77526263	-0.69373445	0.49670359	0.85729679	-13.063354
-0.77526263	-0.69373445	0.49670359	0.85729679	-13.070152
-0.77526263	-0.69373445	0.49670359	0.85729679	-13.076951
-0.77526263	-0.69373445	0.49670359	0.85729679	-13.083753
-0.77526263	-0.69373445	0.49670359	0.85729679	-13.090555
-0.77526263	-0.69373445	0.49670359	0.85729679	-13.09736
-0.77526263	-0.69373445	0.49670359	0.85729679	-13.104166
-0.77526263	-0.69373445	0.49670359	0.85729679	-13.110974
-0.77526263	-0.69373445	0.49670359	0.85729679	-13.117783
-0.77526263	-0.69373445	0.49670359	0.85729679	-13.124594
-0.77526263	-0.69373445	0.49670359	0.85729679	-13.131407
-0.77526263	-0.69373445	0.49670359	0.85729679	-13.138221
-0.77526263	-0.69373445	0.49670359	0.85729679	-13.145037
-0.77526263	-0.69373445	0.49670359	0.85729679	-13.151854
-0.77526263	-0.69373445	0.49670359	0.85729679	-13.158674
-0.77526263	-0.69373445	0.49670359	0.85729679	-13.165494
-0.77526263	-0.69373445	0.49670359	0.85729679	-13.172317
-0.77526263	-0.69373445	0.49670359	0.85729679	-13.179141
-0.77526263	-0.69373445	0.49670359	0.85729679	-13.185966
-0.77526263	-0.69373445	0.49670359	0.85729679	-13.192794
-0.77526263	-0.69373445	0.49670359	0.85729679	-13.199622
-0.77526263	-0.69373445	0.49670359	0.85729679	-13.206453
-0.77526263	-0.69373445	0.49670359	0.85729679	-13.213285
-0.77526263	-0.69373445	0.49670359	0.85729679	-13.220119
-0.77526263	-0.69373445	0.49670359	0.85729679	-13.226954
-0.77526263	-0.69373445	0.49670359	0.85729679	-13.233791
-0.77526263	-0.69373445	0.49670359	0.85729679	-13.24063
-0.77526263	-0.69373445	0.49670359	0.85729679	-13.24747
-0.77526263	-0.69373445	0.49670359	0.85729679	-13.254312
-0.77526263	-0.69373445	0.49670359	0.85729679	-13.261155
-0.77526263	-0.69373445	0.49670359	0.85729679	-13.268
-0.77526263	-0.69373445	0.49670359	0.85729679	-13.274847
-0.77526263	-0.69373445	0.49670359	0.85729679	-13.281695
-0.77526263	-0.69373445	0.49670359	0.85729679	-13.288545
-0.77526263	-0.69373445	0.49670359	0.85729679	-13.295396
-0.77526263	-0.69373445	0.49670359	0.85729679	-13.30225
-0.77526263	-0.69373445	0.49670359	0.85729679	-13.309104
-0.77526263	-0.69373445	0.49670359	0.85729679	-13.315961
-0.77526263	-0.69373445	0.49670359	0.85729679	-13.322819
-0.77526263	-0.69373445	0.49670359	0.85729679	-13.329678
-0.77526263	-0.69373445	0.49670359	0.85729679	-13.336539
-0.77526263	-0.69373445	0.49670359	0.85729679	-13.343402
-0.77526263	-0.69373445	0.49670359	0.85729679	-13.350267
-0.77526263	-0.69373445	0.49670359	0.85729679	-13.357133
-0.77526263	-0.69373445	0.49670359	0.85729679	-13.364
-0.77526263	-0.69373445	0.49670359	0.85729679	-13.37087
-0.77526263	-0.69373445	0.49670359	0.85729679	-13.377741
-0.77526263	-0.69373445	0.49670359	0.85729679	-13.384613
-0.77526263	-0.69373445	0.49670359	0.85729679	-13.391487
-0.77526263	-0.69373445	0.49670359	0.85729679	-13.398363
-0.77526263	-0.69373445	0.49670359	0.85729679	-13.40524
-0.77526263	-0.69373445	0.49670359	0.85729679	-13.412119
-0.77526263	-0.69373445	0.49670359	0.85729679	-13.419
-0.77526263	-0.69373445	0.49670359	0.85729679	-13.425882
-0.77526263	-0.69373445	0.49670359	0.85729679	-13.432766
-0.77526263	-0.69373445	0.49670359	0.85729679	-13.439651
-0.77526263	-0.69373445	0.49670359	0.85729679	-13.446538
-0.77526263	-0.69373445	0.49670359	0.85729679	-13.453427
-0.77526263	-0.69373445	0.49670359	0.85729679	-13.460317
-0.77526263	-0.69373445	0.49670359	0.85729679	-13.467209
-0.77526263	-0.69373445	0.49670359	0.85729679	-13.474102
-0.77526263	-0.69373445	0.49670359	0.85729679	-13.480997
-0.77526263	-0.69373445	0.49670359	0.85729679	-13.487894
-0.77526263	-0.69373445	0.49670359	0.85729679	-13.494792
-0.77526263	-0.69373445	0.49670359	0.85729679	-13.501692
-0.77526263	-0.69373445	0.49670359	0.85729679	-13.508593
-0.77526263	-0.69373445	0.49670359	0.85729679	-13.515496
-0.77526263	-0.69373445	0.49670359	0.85729679	-13.522401
-0.77526263	-0.69373445	0.49670359	0.85729679	-13.529307
-0.77526263	-0.69373445	0.49670359	0.85729679	-13.536215
-0.77526263	-0.69373445	0.49670359	0.85729679	-13.543125
-0.77526263	-0.69373445	0.49670359	0.85729679	-13.550036
-0.77526263	-0.69373445	0.49670359	0.85729679	-13.556948
-0.77526263	-0.69373445	0.49670359	0.85729679	-13.563863
-0.77526263	-0.69373445	0.49670359	0.85729679	-13.570778
-0.77526263	-0.69373445	0.49670359	0.85729679	-13.577696
-0.77526263	-0.69373445	0.49670359	0.85729679	-13.584615
-0.77526263	-0.69373445	0.49670359	0.85729679	-13.591536
-0.77526263	-0.69373445	0.49670359	0.85729679	-13.598458
-0.77526263	-0.69373445	0.49670359	0.85729679	-13.605382
-0.77526263	-0.69373445	0.49670359	0.85729679	-13.612307
-0.77526263	-0.69373445	0.49670359	0.85729679	-13.619234
-0.77526263	-0.69373445	0.49670359	0.85729679	-13.626163
-0.77526263	-0.69373445	0.49670359	0.85729679	-13.633093
-0.77526263	-0.69373445	0.49670359	0.85729679	-13.640025
-0.77526263	-0.69373445	0.49670359	0.85729679	-13.646959
-0.77526263	-0.69373445	0.49670359	0.85729679	-13.653894
-0.77526263	-0.69373445	0.49670359	0.85729679	-13.66083
-0.77526263	-0.69373445	0.49670359	0.85729679	-13.667768
-0.77526263	-0.69373445	0.49670359	0.85729679	-13.674708
-0.77526263	-0.69373445	0.49670359	0.85729679	-13.68165
-0.77526263	-0.69373445	0.49670359	0.85729679	-13.688593
-0.77526263	-0.69373445	0.49670359	0.85729679	-13.695537
-0.77526263	-0.69373445	0.49670359	0.85729679	-13.702484
-0.77526263	-0.69373445	0.49670359	0.85729679	-13.709431
-0.77526263	-0.69373445	0.49670359	0.85729679	-13.716381
-0.77526263	-0.69373445	0.49670359	0.85729679	-13.723332
-0.77526263	-0.69373445	0.49670359	0.85729679	-13.730284
-0.77526263	-0.69373445	0.49670359	0.85729679	-13.737239
-0.77526263	-0.69373445	0.49670359	0.85729679	-13.744194
-0.77526263	-0.69373445	0.49670359	0.85729679	-13.751152
-0.77526263	-0.69373445	0.49670359	0.85729679	-13.758111
-0.77526263	-0.69373445	0.49670359	0.85729679	-13.765071
-0.77526263	-0.69373445	0.49670359	0.85729679	-13.772033
-0.77526263	-0.69373445	0.49670359	0.85729679	-13.778997
-0.77526263	-0.69373445	0.49670359	0.85729679	-13.785963
-0.77526263	-0.69373445	0.49670359	0.85729679	-13.792929
-0.77526263	-0.69373445	0.49670359	0.85729679	-13.799898
-0.77526263	-0.69373445	0.49670359	0.85729679	-13.806868
-0.77526263	-0.69373445	0.49670359	0.85729679	-13.81384
-0.77526263	-0.69373445	0.49670359	0.85729679	-13.820813
-0.77526263	-0.69373445	0.49670359	0.85729679	-13.827788
-0.77526263	-0.69373445	0.49670359	0.85729679	-13.834764
-0.77526263	-0.69373445	0.49670359	0.85729679	-13.841742
-0.77526263	-0.69373445	0.49670359	0.85729679	-13.848722
-0.77526263	-0.69373445	0.49670359	0.85729679	-13.855703
-0.77526263	-0.69373445	0.49670359	0.85729679	-13.862686
-0.77526263	-0.69373445	0.49670359	0.85729679	-13.86967
-0.77526263	-0.69373445	0.49670359	0.85729679	-13.876656
-0.77526263	-0.69373445	0.49670359	0.85729679	-13.883644
-0.77526263	-0.69373445	0.49670359	0.85729679	-13.890633
-0.77526263	-0.69373445	0.49670359	0.85729679	-13.897624
-0.77526263	-0.69373445	0.49670359	0.85729679	-13.904616
-0.77526263	-0.69373445	0.49670359	0.85729679	-13.91161
-0.77526263	-0.69373445	0.49670359	0.85729679	-13.918605
-0.77526263	-0.69373445	0.49670359	0.85729679	-13.925602
-0.77526263	-0.69373445	0.49670359	0.85729679	-13.932601
-0.77526263	-0.69373445	0.49670359	0.85729679	-13.939601
-0.77526263	-0.69373445	0.49670359	0.85729679	-13.946603
-0.77526263	-0.69373445	0.49670359	0.85729679	-13.953606
-0.77526263	-0.69373445	0.49670359	0.85729679	-13.960611
-0.77526263	-0.69373445	0.49670359	0.85729679	-13.967618
-0.77526263	-0.69373445	0.49670359	0.85729679	-13.974626
-0.77526263	-0.69373445	0.49670359	0.85729679	-13.981635
-0.77526263	-0.69373445	0.49670359	0.85729679	-13.988647
-0.77526263	-0.69373445	0.49670359	0.85729679	-13.995659
-0.77526263	-0.69373445	0.49670359	0.85729679	-14.002674
-0.77526263	-0.69373445	0.49670359	0.85729679	-14.00969
-0.77526263	-0.69373445	0.49670359	0.85729679	-14.016707
-0.77526263	-0.69373445	0.49670359	0.85729679	-14.023727
-0.77526263	-0.69373445	0.49670359	0.85729679	-14.030747
-0.77526263	-0.69373445	0.49670359	0.85729679	-14.03777
-0.77526263	-0.69373445	0.49670359	0.85729679	-14.044793
-0.77526263	-0.69373445	0.49670359	0.85729679	-14.051819
-0.77526263	-0.69373445	0.49670359	0.85729679	-14.058846
-0.77526263	-0.69373445	0.49670359	0.85729679	-14.065874
-0.77526263	-0.69373445	0.49670359	0.85729679	-14.072905
-0.77526263	-0.69373445	0.49670359	0.85729679	-14.079936
-0.77526263	-0.69373445	0.49670359	0.85729679	-14.08697
-0.77526263	-0.69373445	0.49670359	0.85729679	-14.094005
-0.77526263	-0.69373445	0.49670359	0.85729679	-14.101041
-0.77526263	-0.69373445	0.49670359	0.85729679	-14.108079
-0.77526263	-0.69373445	0.49670359	0.85729679	-14.115119
-0.77526263	-0.69373445	0.49670359	0.85729679	-14.12216
-0.77526263	-0.69373445	0.49670359	0.85729679	-14.129203
-0.77526263	-0.69373445	0.49670359	0.85729679	-14.136247
-0.77526263	-0.69373445	0.49670359	0.85729679	-14.143293
-0.77526263	-0.69373445	0.49670359	0.85729679	-14.15034
-0.77526263	-0.69373445	0.49670359	0.85729679	-14.157389
-0.77526263	-0.69373445	0.49670359	0.85729679	-14.16444
-0.77526263	-0.69373445	0.49670359	0.85729679	-14.171492
-0.77526263	-0.69373445	0.49670359	0.85729679	-14.178546
-0.77526263	-0.69373445	0.49670359	0.85729679	-14.185601
-0.77526263	-0.69373445	0.49670359	0.85729679	-14.192658
-0.77526263	-0.69373445	0.49670359	0.85729679	-14.199716
-0.77526263	-0.69373445	0.49670359	0.85729679	-14.206776
-0.77526263	-0.69373445	0.49670359	0.85729679	-14.213838
-0.77526263	-0.69373445	0.49670359	0.85729679	-14.220901
-0.77526263	-0.69373445	0.49670359	0.85729679	-14.227965
-0.77526263	-0.69373445	0.49670359	0.85729679	-14.235032
-0.77526263	-0.69373445	0.49670359	0.85729679	-14.2421
-0.77526263	-0.69373445	0.49670359	0.85729679	-14.249169
-0.77526263	-0.69373445	0.49670359	0.85729679	-14.25624
-0.77526263	-0.69373445	0.49670359	0.85729679	-14.263312
-0.77526263	-0.69373445	0.49670359	0.85729679	-14.270386
-0.77526263	-0.69373445	0.49670359	0.85729679	-14.277462
-0.77526263	-0.69373445	0.49670359	0.85729679	-14.284539
-0.77526263	-0.69373445	0.49670359	0.85729679	-14.291618
-0.77526263	-0.69373445	0.49670359	0.85729679	-14.298698
-0.77526263	-0.69373445	0.49670359	0.85729679	-14.30578
-0.77526263	-0.69373445	0.49670359	0.85729679	-14.312864
-0.77526263	-0.69373445	0.49670359	0.85729679	-14.319949
-0.77526263	-0.69373445	0.49670359	0.85729679	-14.327035
-0.77526263	-0.69373445	0.49670359	0.85729679	-14.334123
-0.77526263	-0.69373445	0.49670359	0.85729679	-14.341213
-0.77526263	-0.69373445	0.49670359	0.85729679	-14.348304
-0.77526263	-0.69373445	0.49670359	0.85729679	-14.355397
-0.77526263	-0.69373445	0.49670359	0.85729679	-14.362491
-0.77526263	-0.69373445	0.49670359	0.85729679	-14.369587
-0.77526263	-0.69373445	0.49670359	0.85729679	-14.376685
-0.77526263	-0.69373445	0.49670359	0.85729679	-14.383784
-0.77526263	-0.69373445	0.49670359	0.85729679	-14.390884
-0.77526263	-0.69373445	0.49670359	0.85729679	-14.397986
-0.77526263	-0.69373445	0.49670359	0.85729679	-14.40509
-0.77526263	-0.69373445	0.49670359	0.85729679	-14.412195
-0.77526263	-0.69373445	0.49670359	0.85729679	-14.419302
-0.77526263	-0.69373445	0.49670359	0.85729679	-14.42641
-0.77526263	-0.69373445	0.49670359	0.85729679	-14.43352
-0.77526263	-0.69373445	0.49670359	0.85729679	-14.440632
-0.77526263	-0.69373445	0.49670359	0.85729679	-14.447745
-0.77526263	-0.69373445	0.49670359	0.85729679	-14.454859
-0.77526263	-0.69373445	0.49670359	0.85729679	-14.461975
-0.77526263	-0.69373445	0.49670359	0.85729679	-14.469093
-0.77526263	-0.69373445	0.49670359	0.85729679	-14.476212
-0.77526263	-0.69373445	0.49670359	0.85729679	-14.483333
-0.77526263	-0.69373445	0.49670359	0.85729679	-14.490455
-0.77526263	-0.69373445	0.49670359	0.85729679	-14.497579
-0.77526263	-0.69373445	0.49670359	0.85729679	-14.504704
-0.77526263	-0.69373445	0.49670359	0.85729679	-14.511831
-0.77526263	-0.69373445	0.49670359	0.85729679	-14.51896
-0.77526263	-0.69373445	0.49670359	0.85729679	-14.52609
-0.77526263	-0.69373445	0.49670359	0.85729679	-14.533222
-0.77526263	-0.69373445	0.49670359	0.85729679	-14.540355
-0.77526263	-0.69373445	0.49670359	0.85729679	-14.547489
-0.77526263	-0.69373445	0.49670359	0.85729679	-14.554626
-0.77526263	-0.69373445	0.49670359	0.85729679	-14.561763
-0.77526263	-0.69373445	0.49670359	0.85729679	-14.568903
-0.77526263	-0.69373445	0.49670359	0.85729679	-14.576044
-0.77526263	-0.69373445	0.49670359	0.85729679	-14.583186
-0.77526263	-0.69373445	0.49670359	0.85729679	-14.59033
-0.77526263	-0.69373445	0.49670359	0.85729679	-14.597475
-0.77526263	-0.69373445	0.49670359	0.85729679	-14.604623
-0.77526263	-0.69373445	0.49670359	0.85729679	-14.611771
-0.77526263	-0.69373445	0.49670359	0.85729679	-14.618921
-0.77526263	-0.69373445	0.49670359	0.85729679	-14.626073
-0.77526263	-0.69373445	0.49670359	0.85729679	-14.633226
-0.77526263	-0.69373445	0.49670359	0.85729679	-14.640381
-0.77526263	-0.69373445	0.49670359	0.85729679	-14.647537
-0.77526263	-0.69373445	0.49670359	0.85729679	-14.654695
-0.77526263	-0.69373445	0.49670359	0.85729679	-14.661854
-0.77526263	-0.69373445	0.49670359	0.85729679	-14.669015
-0.77526263	-0.69373445	0.49670359	0.85729679	-14.676178
-0.77526263	-0.69373445	0.49670359	0.85729679	-14.683342
-0.77526263	-0.69373445	0.49670359	0.85729679	-14.690507
-0.77526263	-0.69373445	0.49670359	0.85729679	-14.697674
-0.77526263	-0.69373445	0.49670359	0.85729679	-14.704843
-0.77526263	-0.69373445	0.49670359	0.85729679	-14.712013
-0.77526263	-0.69373445	0.49670359	0.85729679	-14.719185
-0.77526263	-0.69373445	0.49670359	0.85729679	-14.726358
-0.77526263	-0.69373445	0.49670359	0.85729679	-14.733533
-0.77526263	-0.69373445	0.49670359	0.85729679	-14.740709
-0.77526263	-0.69373445	0.49670359	0.85729679	-14.747887
-0.77526263	-0.69373445	0.49670359	0.85729679	-14.755066
-0.77526263	-0.69373445	0.49670359	0.85729679	-14.762247
-0.77526263	-0.69373445	0.49670359	0.85729679	-14.76943
-0.77526263	-0.69373445	0.49670359	0.85729679	-14.776614
-0.77526263	-0.69373445	0.49670359	0.85729679	-14.783799
-0.77526263	-0.69373445	0.49670359	0.85729679	-14.790986
-0.77526263	-0.69373445	0.49670359	0.85729679	-14.798175
-0.77526263	-0.69373445	0.49670359	0.85729679	-14.805365
-0.77526263	-0.69373445	0.49670359	0.85729679	-14.812557
-0.77526263	-0.69373445	0.49670359	0.85729679	-14.81975
-0.77526263	-0.69373445	0.49670359	0.85729679	-14.826944
-0.77526263	-0.69373445	0.49670359	0.85729679	-14.834141
-0.77526263	-0.69373445	0.49670359	0.85729679	-14.841338
-0.77526263	-0.69373445	0.49670359	0.85729679	-14.848538
-0.77526263	-0.69373445	0.49670359	0.85729679	-14.855739
-0.77526263	-0.69373445	0.49670359	0.85729679	-14.862941
-0.77526263	-0.69373445	0.49670359	0.85729679	-14.870145
-0.77526263	-0.69373445	0.49670359	0.85729679	-14.87735
-0.77526263	-0.69373445	0.49670359	0.85729679	-14.884557
-0.77526263	-0.69373445	0.49670359	0.85729679	-14.891766
-0.77526263	-0.69373445	0.49670359	0.85729679	-14.898976
-0.77526263	-0.69373445	0.49670359	0.85729679	-14.906187
-0.77526263	-0.69373445	0.49670359	0.85729679	-14.9134
-0.77526263	-0.69373445	0.49670359	0.85729679	-14.920615
-0.77526263	-0.69373445	0.49670359	0.85729679	-14.927831
-0.77526263	-0.69373445	0.49670359	0.85729679	-14.935048
-0.77526263	-0.69373445	0.49670359	0.85729679	-14.942268
-0.77526263	-0.69373445	0.49670359	0.85729679	-14.949488
-0.77526263	-0.69373445	0.49670359	0.85729679	-14.95671
-0.77526263	-0.69373445	0.49670359	0.85729679	-14.963934
-0.77526263	-0.69373445	0.49670359	0.85729679	-14.971159
-0.77526263	-0.69373445	0.49670359	0.85729679	-14.978386
-0.77526263	-0.69373445	0.49670359	0.85729679	-14.985614
-0.77526263	-0.69373445	0.49670359	0.85729679	-14.992844
-0.77526263	-0.69373445	0.49670359	0.85729679	-15.000075
-0.77526263	-0.69373445	0.49670359	0.85729679	-15.007308
-0.77526263	-0.69373445	0.49670359	0.85729679	-15.014543
-0.77526263	-0.69373445	0.49670359	0.85729679	-15.021779
-0.77526263	-0.69373445	0.49670359	0.85729679	-15.029016
-0.77526263	-0.69373445	0.49670359	0.85729679	-15.036255
-0.77526263	-0.69373445	0.49670359	0.85729679	-15.043495
-0.77526263	-0.69373445	0.49670359	0.85729679	-15.050737
-0.77526263	-0.69373445	0.49670359	0.85729679	-15.057981
-0.77526263	-0.69373445	0.49670359	0.85729679	-15.065226
-0.77526263	-0.69373445	0.49670359	0.85729679	-15.072472
-0.77526263	-0.69373445	0.49670359	0.85729679	-15.07972
-0.77526263	-0.69373445	0.49670359	0.85729679	-15.08697
-0.77526263	-0.69373445	0.49670359	0.85729679	-15.094221
-0.77526263	-0.69373445	0.49670359	0.85729679	-15.101473
-0.77526263	-0.69373445	0.49670359	0.85729679	-15.108727
-0.77526263	-0.69373445	0.49670359	0.85729679	-15.115983
-0.77526263	-0.69373445	0.49670359	0.85729679	-15.12324
-0.77526263	-0.69373445	0.49670359	0.85729679	-15.130499
-0.77526263	-0.69373445	0.49670359	0.85729679	-15.137759
-0.77526263	-0.69373445	0.49670359	0.85729679	-15.145021
-0.77526263	-0.69373445	0.49670359	0.85729679	-15.152284
-0.77526263	-0.69373445	0.49670359	0.85729679	-15.159548
-0.77526263	-0.69373445	0.49670359	0.85729679	-15.166815
-0.77526263	-0.69373445	0.49670359	0.85729679	-15.174082
-0.77526263	-0.69373445	0.49670359	0.85729679	-15.181352
-0.77526263	-0.69373445	0.49670359	0.85729679	-15.188622
-0.77526263	-0.69373445	0.49670359	0.85729679	-15.195894
-0.77526263	-0.69373445	0.49670359	0.85729679	-15.203168
-0.77526263	-0.69373445	0.49670359	0.85729679	-15.210443
-0.77526263	-0.69373445	0.49670359	0.85729679	-15.21772
-0.77526263	-0.69373445	0.49670359	0.85729679	-15.224998
-0.77526263	-0.69373445	0.49670359	0.85729679	-15.232278
-0.77526263	-0.69373445	0.49670359	0.85729679	-15.239559
-0.77526263	-0.69373445	0.49670359	0.85729679	-15.246842
-0.77526263	-0.69373445	0.49670359	0.85729679	-15.254127
-0.77526263	-0.69373445	0.49670359	0.85729679	-15.261412
-0.77526263	-0.69373445	0.49670359	0.85729679	-15.2687
-0.77526263	-0.69373445	0.49670359	0.85729679	-15.275988
-0.77526263	-0.69373445	0.49670359	0.85729679	-15.283279
-0.77526263	-0.69373445	0.49670359	0.85729679	-15.290571
-0.77526263	-0.69373445	0.49670359	0.85729679	-15.297864
-0.77526263	-0.69373445	0.49670359	0.85729679	-15.305159
-0.77526263	-0.69373445	0.49670359	0.85729679	-15.312455
-0.77526263	-0.69373445	0.49670359	0.85729679	-15.319753
-0.77526263	-0.69373445	0.49670359	0.85729679	-15.327052
-0.77526263	-0.69373445	0.49670359	0.85729679	-15.334353
-0.77526263	-0.69373445	0.49670359	0.85729679	-15.341655
-0.77526263	-0.69373445	0.49670359	0.85729679	-15.348959
-0.77526263	-0.69373445	0.49670359	0.85729679	-15.356264
-0.77526263	-0.69373445	0.49670359	0.85729679	-15.363571
-0.77526263	-0.69373445	0.49670359	0.85729679	-15.37088
-0.77526263	-0.69373445	0.49670359	0.85729679	-15.378189
-0.77526263	-0.69373445	0.49670359	0.85729679	-15.385501
-0.77526263	-0.69373445	0.49670359	0.85729679	-15.392814
-0.77526263	-0.69373445	0.49670359	0.85729679	-15.400128
-0.77526263	-0.69373445	0.49670359	0.85729679	-15.407444
-0.77526263	-0.69373445	0.49670359	0.85729679	-15.414761
-0.77526263	-0.69373445	0.49670359	0.85729679	-15.42208
-0.77526263	-0.69373445	0.49670359	0.85729679	-15.4294
-0.77526263	-0.69373445	0.49670359	0.85729679	-15.436722
-0.77526263	-0.69373445	0.49670359	0.85729679	-15.444045
-0.77526263	-0.69373445	0.49670359	0.85729679	-15.45137
-0.77526263	-0.69373445	0.49670359	0.85729679	-15.458696
-0.77526263	-0.69373445	0.49670359	0.85729679	-15.466024
-0.77526263	-0.69373445	0.49670359	0.85729679	-15.473353
-0.77526263	-0.69373445	0.49670359	0.85729679	-15.480684
-0.77526263	-0.69373445	0.49670359	0.85729679	-15.488017
-0.77526263	-0.69373445	0.49670359	0.85729679	-15.49535
-0.77526263	-0.69373445	0.49670359	0.85729679	-15.502686
-0.77526263	-0.69373445	0.49670359	0.85729679	-15.510022
-0.77526263	-0.69373445	0.49670359	0.85729679	-15.517361
-0.77526263	-0.69373445	0.49670359	0.85729679	-15.5247
-0.77526263	-0.69373445	0.49670359	0.85729679	-15.532041
-0.77526263	-0.69373445	0.49670359	0.85729679	-15.539384
-0.77526263	-0.69373445	0.49670359	0.85729679	-15.546728
-0.77526263	-0.69373445	0.49670359	0.85729679	-15.554074
-0.77526263	-0.69373445	0.49670359	0.85729679	-15.561421
-0.77526263	-0.69373445	0.49670359	0.85729679	-15.56877
-0.77526263	-0.69373445	0.49670359	0.85729679	-15.57612
-0.77526263	-0.69373445	0.49670359	0.85729679	-15.583472
-0.77526263	-0.69373445	0.49670359	0.85729679	-15.590825
-0.77526263	-0.69373445	0.49670359	0.85729679	-15.598179
-0.77526263	-0.69373445	0.49670359	0.85729679	-15.605535
-0.77526263	-0.69373445	0.49670359	0.85729679	-15.612893
-0.77526263	-0.69373445	0.49670359	0.85729679	-15.620252
-0.77526263	-0.69373445	0.49670359	0.85729679	-15.627613
-0.77526263	-0.69373445	0.49670359	0.85729679	-15.634975
-0.77526263	-0.69373445	0.49670359	0.85729679	-15.642338
-0.77526263	-0.69373445	0.49670359	0.85729679	-15.649703
-0.77526263	-0.69373445	0.49670359	0.85729679	-15.65707
-0.77526263	-0.69373445	0.49670359	0.85729679	-15.664438
-0.77526263	-0.69373445	0.49670359	0.85729679	-15.671807
-0.77526263	-0.69373445	0.49670359	0.85729679	-15.679178
-0.77526263	-0.69373445	0.49670359	0.85729679	-15.68655
-0.77526263	-0.69373445	0.49670359	0.85729679	-15.693924
-0.77526263	-0.69373445	0.49670359	0.85729679	-15.7013
-0.77526263	-0.69373445	0.49670359	0.85729679	-15.708676
-0.77526263	-0.69373445	0.49670359	0.85729679	-15.716055
-0.77526263	-0.69373445	0.49670359	0.85729679	-15.723435
-0.77526263	-0.69373445	0.49670359	0.85729679	-15.730816
-0.77526263	-0.69373445	0.49670359	0.85729679	-15.738199
-0.77526263	-0.69373445	0.49670359	0.85729679	-15.745583
-0.77526263	-0.69373445	0.49670359	0.85729679	-15.752969
-0.77526263	-0.69373445	0.49670359	0.85729679	-15.760356
-0.77526263	-0.69373445	0.49670359	0.85729679	-15.767744
-0.77526263	-0.69373445	0.49670359	0.85729679	-15.775135
-0.77526263	-0.69373445	0.49670359	0.85729679	-15.782526
-0.77526263	-0.69373445	0.49670359	0.85729679	-15.789919
-0.77526263	-0.69373445	0.49670359	0.85729679	-15.797314
-0.77526263	-0.69373445	0.49670359	0.85729679	-15.80471
-0.77526263	-0.69373445	0.49670359	0.85729679	-15.812107
-0.77526263	-0.69373445	0.49670359	0.85729679	-15.819506
-0.77526263	-0.69373445	0.49670359	0.85729679	-15.826907
-0.77526263	-0.69373445	0.49670359	0.85729679	-15.834309
-0.77526263	-0.69373445	0.49670359	0.85729679	-15.841712
-0.77526263	-0.69373445	0.49670359	0.85729679	-15.849117
-0.77526263	-0.69373445	0.49670359	0.85729679	-15.856523
-0.77526263	-0.69373445	0.49670359	0.85729679	-15.863931
-0.77526263	-0.69373445	0.49670359	0.85729679	-15.87134
-0.77526263	-0.69373445	0.49670359	0.85729679	-15.878751
-0.77526263	-0.69373445	0.49670359	0.85729679	-15.886163
-0.77526263	-0.69373445	0.49670359	0.85729679	-15.893577
-0.77526263	-0.69373445	0.49670359	0.85729679	-15.900992
-0.77526263	-0.69373445	0.49670359	0.85729679	-15.908409
-0.77526263	-0.69373445	0.49670359	0.85729679	-15.915827
-0.77526263	-0.69373445	0.49670359	0.85729679	-15.923247
-0.77526263	-0.69373445	0.49670359	0.85729679	-15.930668
-0.77526263	-0.69373445	0.49670359	0.85729679	-15.93809
-0.77526263	-0.69373445	0.49670359	0.85729679	-15.945514
-0.77526263	-0.69373445	0.49670359	0.85729679	-15.952939
-0.77526263	-0.69373445	0.49670359	0.85729679	-15.960366
-0.77526263	-0.69373445	0.49670359	0.85729679	-15.967795
-0.77526263	-0.69373445	0.49670359	0.85729679	-15.975225
-0.77526263	-0.69373445	0.49670359	0.85729679	-15.982656
-0.77526263	-0.69373445	0.49670359	0.85729679	-15.990089
-0.77526263	-0.69373445	0.49670359	0.85729679	-15.997523
-0.77526263	-0.69373445	0.49670359	0.85729679	-16.004958
-0.77526263	-0.69373445	0.49670359	0.85729679	-16.012396
-0.77526263	-0.69373445	0.49670359	0.85729679	-16.019834
-0.77526263	-0.69373445	0.49670359	0.85729679	-16.027274
-0.77526263	-0.69373445	0.49670359	0.85729679	-16.034716
-0.77526263	-0.69373445	0.49670359	0.85729679	-16.042159
-0.77526263	-0.69373445	0.49670359	0.85729679	-16.049603
-0.77526263	-0.69373445	0.49670359	0.85729679	-16.057049
-0.77526263	-0.69373445	0.49670359	0.85729679	-16.064496
-0.77526263	-0.69373445	0.49670359	0.85729679	-16.071945
-0.77526263	-0.69373445	0.49670359	0.85729679	-16.079396
-0.77526263	-0.69373445	0.49670359	0.85729679	-16.086847
-0.77526263	-0.69373445	0.49670359	0.85729679	-16.0943
-0.77526263	-0.69373445	0.49670359	0.85729679	-16.101755
-0.77526263	-0.69373445	0.49670359	0.85729679	-16.109211
-0.77526263	-0.69373445	0.49670359	0.85729679	-16.116669
-0.77526263	-0.69373445	0.49670359	0.85729679	-16.124128
-0.77526263	-0.69373445	0.49670359	0.85729679	-16.131588
-0.77526263	-0.69373445	0.49670359	0.85729679	-16.13905
-0.77526263	-0.69373445	0.49670359	0.85729679	-16.146513
-0.77526263	-0.69373445	0.49670359	0.85729679	-16.153978
-0.77526263	-0.69373445	0.49670359	0.85729679	-16.161445
-0.77526263	-0.69373445	0.49670359	0.85729679	-16.168912
-0.77526263	-0.69373445	0.49670359	0.85729679	-16.176381
-0.77526263	-0.69373445	0.49670359	0.85729679	-16.183852
-0.77526263	-0.69373445	0.49670359	0.85729679	-16.191324
-0.77526263	-0.69373445	0.49670359	0.85729679	-16.198798
-0.77526263	-0.69373445	0.49670359	0.85729679	-16.206273
-0.77526263	-0.69373445	0.49670359	0.85729679	-16.213749
-0.77526263	-0.69373445	0.49670359	0.85729679	-16.221227
-0.77526263	-0.69373445	0.49670359	0.85729679	-16.228706
-0.77526263	-0.69373445	0.49670359	0.85729679	-16.236187
-0.77526263	-0.69373445	0.49670359	0.85729679	-16.243669
-0.77526263	-0.69373445	0.49670359	0.85729679	-16.251153
-0.77526263	-0.69373445	0.49670359	0.85729679	-16.258638
-0.77526263	-0.69373445	0.49670359	0.85729679	-16.266125
-0.77526263	-0.69373445	0.49670359	0.85729679	-16.273613
-0.77526263	-0.69373445	0.49670359	0.85729679	-16.281102
-0.77526263	-0.69373445	0.49670359	0.85729679	-16.288593
-0.77526263	-0.69373445	0.49670359	0.85729679	-16.296085
-0.77526263	-0.69373445	0.49670359	0.85729679	-16.303579
-0.77526263	-0.69373445	0.49670359	0.85729679	-16.311075
-0.77526263	-0.69373445	0.49670359	0.85729679	-16.318571
-0.77526263	-0.69373445	0.49670359	0.85729679	-16.326069
-0.77526263	-0.69373445	0.49670359	0.85729679	-16.333569
-0.77526263	-0.69373445	0.49670359	0.85729679	-16.34107
-0.77526263	-0.69373445	0.49670359	0.85729679	-16.348572
-0.77526263	-0.69373445	0.49670359	0.85729679	-16.356076
-0.77526263	-0.69373445	0.49670359	0.85729679	-16.363582
-0.77526263	-0.69373445	0.49670359	0.85729679	-16.371088
-0.77526263	-0.69373445	0.49670359	0.85729679	-16.378597
-0.77526263	-0.69373445	0.49670359	0.85729679	-16.386106
-0.77526263	-0.69373445	0.49670359	0.85729679	-16.393617
-0.77526263	-0.69373445	0.49670359	0.85729679	-16.40113
-0.77526263	-0.69373445	0.49670359	0.85729679	-16.408644
-0.77526263	-0.69373445	0.49670359	0.85729679	-16.416159
-0.77526263	-0.69373445	0.49670359	0.85729679	-16.423676
-0.77526263	-0.69373445	0.49670359	0.85729679	-16.431194
-0.77526263	-0.69373445	0.49670359	0.85729679	-16.438714
-0.77526263	-0.69373445	0.49670359	0.85729679	-16.446235
-0.77526263	-0.69373445	0.49670359	0.85729679	-16.453758
-0.77526263	-0.69373445	0.49670359	0.85729679	-16.461282
-0.77526263	-0.69373445	0.49670359	0.85729679	-16.468807
-0.77526263	-0.69373445	0.49670359	0.85729679	-16.476334
-0.77526263	-0.69373445	0.49670359	0.85729679	-16.483863
-0.77526263	-0.69373445	0.49670359	0.85729679	-16.491392
-0.77526263	-0.69373445	0.49670359	0.85729679	-16.498924
-0.77526263	-0.69373445	0.49670359	0.85729679	-16.506456
-0.77526263	-0.69373445	0.49670359	0.85729679	-16.51399
-0.77526263	-0.69373445	0.49670359	0.85729679	-16.521526
-0.77526263	-0.69373445	0.49670359	0.85729679	-16.529063
-0.77526263	-0.69373445	0.49670359	0.85729679	-16.536601
-0.77526263	-0.69373445	0.49670359	0.85729679	-16.544141
-0.77526263	-0.69373445	0.49670359	0.85729679	-16.551682
-0.77526263	-0.69373445	0.49670359	0.85729679	-16.559225
-0.77526263	-0.69373445	0.49670359	0.85729679	-16.566769
-0.77526263	-0.69373445	0.49670359	0.85729679	-16.574314
-0.77526263	-0.69373445	0.49670359	0.85729679	-16.581861
-0.77526263	-0.69373445	0.49670359	0.85729679	-16.589409
-0.77526263	-0.69373445	0.49670359	0.85729679	-16.596959
-0.77526263	-0.69373445	0.49670359	0.85729679	-16.60451
-0.77526263	-0.69373445	0.49670359	0.85729679	-16.612063
-0.77526263	-0.69373445	0.49670359	0.85729679	-16.619617
-0.77526263	-0.69373445	0.49670359	0.85729679	-16.627173
-0.77526263	-0.69373445	0.49670359	0.85729679	-16.634729
-0.77526263	-0.69373445	0.49670359	0.85729679	-16.642288
-0.77526263	-0.69373445	0.49670359	0.85729679	-16.649848
-0.77526263	-0.69373445	0.49670359	0.85729679	-16.657409
-0.77526263	-0.69373445	0.49670359	0.85729679	-16.664971
-0.77526263	-0.69373445	0.49670359	0.85729679	-16.672535
-0.77526263	-0.69373445	0.49670359	0.85729679	-16.680101
-0.77526263	-0.69373445	0.49670359	0.85729679	-16.687668
-0.77526263	-0.69373445	0.49670359	0.85729679	-16.695236
-0.77526263	-0.69373445	0.49670359	0.85729679	-16.702806
-0.77526263	-0.69373445	0.49670359	0.85729679	-16.710377
-0.77526263	-0.69373445	0.49670359	0.85729679	-16.717949
-0.77526263	-0.69373445	0.49670359	0.85729679	-16.725523
-0.77526263	-0.69373445	0.49670359	0.85729679	-16.733099
-0.77526263	-0.69373445	0.49670359	0.85729679	-16.740675
-0.77526263	-0.69373445	0.49670359	0.85729679	-16.748254
-0.77526263	-0.69373445	0.49670359	0.85729679	-16.755833
-0.77526263	-0.69373445	0.49670359	0.85729679	-16.763414
-0.77526263	-0.69373445	0.49670359	0.85729679	-16.770997
-0.77526263	-0.69373445	0.49670359	0.85729679	-16.778581
-0.77526263	-0.69373445	0.49670359	0.85729679	-16.786166
-0.77526263	-0.69373445	0.49670359	0.85729679	-16.793753
-0.77526263	-0.69373445	0.49670359	0.85729679	-16.801341
-0.77526263	-0.69373445	0.49670359	0.85729679	-16.80893
-0.77526263	-0.69373445	0.49670359	0.85729679	-16.816521
-0.77526263	-0.69373445	0.49670359	0.85729679	-16.824114
-0.77526263	-0.69373445	0.49670359	0.85729679	-16.831707
-0.77526263	-0.69373445	0.49670359	0.85729679	-16.839303
-0.77526263	-0.69373445	0.49670359	0.85729679	-16.846899
-0.77526263	-0.69373445	0.49670359	0.85729679	-16.854497
-0.77526263	-0.69373445	0.49670359	0.85729679	-16.862097
-0.77526263	-0.69373445	0.49670359	0.85729679	-16.869698
-0.77526263	-0.69373445	0.49670359	0.85729679	-16.8773
-0.77526263	-0.69373445	0.49670359	0.85729679	-16.884903
-0.77526263	-0.69373445	0.49670359	0.85729679	-16.892509
-0.77526263	-0.69373445	0.49670359	0.85729679	-16.900115
-0.77526263	-0.69373445	0.49670359	0.85729679	-16.907723
-0.77526263	-0.69373445	0.49670359	0.85729679	-16.915332
-0.77526263	-0.69373445	0.49670359	0.85729679	-16.922943
-0.77526263	-0.69373445	0.49670359	0.85729679	-16.930555
-0.77526263	-0.69373445	0.49670359	0.85729679	-16.938168
-0.77526263	-0.69373445	0.49670359	0.85729679	-16.945783
-0.77526263	-0.69373445	0.49670359	0.85729679	-16.9534
-0.77526263	-0.69373445	0.49670359	0.85729679	-16.961017
-0.77526263	-0.69373445	0.49670359	0.85729679	-16.968637
-0.77526263	-0.69373445	0.49670359	0.85729679	-16.976257
-0.77526263	-0.69373445	0.49670359	0.85729679	-16.983879
-0.77526263	-0.69373445	0.49670359	0.85729679	-16.991502
-0.77526263	-0.69373445	0.49670359	0.85729679	-16.999127
-0.77526263	-0.69373445	0.49670359	0.85729679	-17.006753
-0.77526263	-0.69373445	0.49670359	0.85729679	-17.014381
-0.77526263	-0.69373445	0.49670359	0.85729679	-17.02201
-0.77526263	-0.69373445	0.49670359	0.85729679	-17.02964
-0.77526263	-0.69373445	0.49670359	0.85729679	-17.037272
-0.77526263	-0.69373445	0.49670359	0.85729679	-17.044905
-0.77526263	-0.69373445	0.49670359	0.85729679	-17.05254
-0.77526263	-0.69373445	0.49670359	0.85729679	-17.060175
-0.77526263	-0.69373445	0.49670359	0.85729679	-17.067813
-0.77526263	-0.69373445	0.49670359	0.85729679	-17.075452
-0.77526263	-0.69373445	0.49670359	0.85729679	-17.083092
-0.77526263	-0.69373445	0.49670359	0.85729679	-17.090733
-0.77526263	-0.69373445	0.49670359	0.85729679	-17.098376
-0.77526263	-0.69373445	0.49670359	0.85729679	-17.10602
-0.77526263	-0.69373445	0.49670359	0.85729679	-17.113666
-0.77526263	-0.69373445	0.49670359	0.85729679	-17.121313
-0.77526263	-0.69373445	0.49670359	0.85729679	-17.128962
-0.77526263	-0.69373445	0.49670359	0.85729679	-17.136612
-0.77526263	-0.69373445	0.49670359	0.85729679	-17.144263
-0.77526263	-0.69373445	0.49670359	0.85729679	-17.151916
-0.77526263	-0.69373445	0.49670359	0.85729679	-17.15957
-0.77526263	-0.69373445	0.49670359	0.85729679	-17.167225
-0.77526263	-0.69373445	0.49670359	0.85729679	-17.174882
-0.77526263	-0.69373445	0.49670359	0.85729679	-17.18254
-0.77526263	-0.69373445	0.49670359	0.85729679	-17.1902
-0.77526263	-0.69373445	0.49670359	0.85729679	-17.197861
-0.77526263	-0.69373445	0.49670359	0.85729679	-17.205524
-0.77526263	-0.69373445	0.49670359	0.85729679	-17.213187
-0.77526263	-0.69373445	0.49670359	0.85729679	-17.220853
-0.77526263	-0.69373445	0.49670359	0.85729679	-17.228519
-0.77526263	-0.69373445	0.49670359	0.85729679	-17.236187
-0.77526263	-0.69373445	0.49670359	0.85729679	-17.243857
-0.77526263	-0.69373445	0.49670359	0.85729679	-17.251527
-0.77526263	-0.69373445	0.49670359	0.85729679	-17.259199
-0.77526263	-0.69373445	0.49670359	0.85729679	-17.266873
-0.77526263	-0.69373445	0.49670359	0.85729679	-17.274548
-0.77526263	-0.69373445	0.49670359	0.85729679	-17.282224
-0.77526263	-0.69373445	0.49670359	0.85729679	-17.289902
-0.77526263	-0.69373445	0.49670359	0.85729679	-17.297581
-0.77526263	-0.69373445	0.49670359	0.85729679	-17.305261
-0.77526263	-0.69373445	0.49670359	0.85729679	-17.312943
-0.77526263	-0.69373445	0.49670359	0.85729679	-17.320627
-0.77526263	-0.69373445	0.49670359	0.85729679	-17.328311
-0.77526263	-0.69373445	0.49670359	0.85729679	-17.335997
-0.77526263	-0.69373445	0.49670359	0.85729679	-17.343685
-0.77526263	-0.69373445	0.49670359	0.85729679	-17.351373
-0.77526263	-0.69373445	0.49670359	0.85729679	-17.359063
-0.77526263	-0.69373445	0.49670359	0.85729679	-17.366755
-0.77526263	-0.69373445	0.49670359	0.85729679	-17.374448
-0.77526263	-0.69373445	0.49670359	0.85729679	-17.382142
-0.77526263	-0.69373445	0.49670359	0.85729679	-17.389838
-0.77526263	-0.69373445	0.49670359	0.85729679	-17.397535
-0.77526263	-0.69373445	0.49670359	0.85729679	-17.405233
-0.77526263	-0.69373445	0.49670359	0.85729679	-17.412933
-0.77526263	-0.69373445	0.49670359	0.85729679	-17.420634
-0.77526263	-0.69373445	0.49670359	0.85729679	-17.428337
-0.77526263	-0.69373445	0.49670359	0.85729679	-17.436041
-0.77526263	-0.69373445	0.49670359	0.85729679	-17.443746
-0.77526263	-0.69373445	0.49670359	0.85729679	-17.451452
-0.77526263	-0.69373445	0.49670359	0.85729679	-17.459161
-0.77526263	-0.69373445	0.49670359	0.85729679	-17.46687
-0.77526263	-0.69373445	0.49670359	0.85729679	-17.474581
-0.77526263	-0.69373445	0.49670359	0.85729679	-17.482293
-0.77526263	-0.69373445	0.49670359	0.85729679	-17.490006
-0.77526263	-0.69373445	0.49670359	0.85729679	-17.497721
-0.77526263	-0.69373445	0.49670359	0.85729679	-17.505438
-0.77526263	-0.69373445	0.49670359	0.85729679	-17.513155
-0.77526263	-0.69373445	0.49670359	0.85729679	-17.520874
-0.77526263	-0.69373445	0.49670359	0.85729679	-17.528595
-0.77526263	-0.69373445	0.49670359	0.85729679	-17.536316
-0.77526263	-0.69373445	0.49670359	0.85729679	-17.544039
-0.77526263	-0.69373445	0.49670359	0.85729679	-17.551764
-0.77526263	-0.69373445	0.49670359	0.85729679	-17.55949
-0.77526263	-0.69373445	0.49670359	0.85729679	-17.567217
-0.77526263	-0.69373445	0.49670359	0.85729679	-17.574946
-0.77526263	-0.69373445	0.49670359	0.85729679	-17.582676
-0.77526263	-0.69373445	0.49670359	0.85729679	-17.590407
-0.77526263	-0.69373445	0.49670359	0.85729679	-17.59814
-0.77526263	-0.69373445	0.49670359	0.85729679	-17.605874
-0.77526263	-0.69373445	0.49670359	0.85729679	-17.613609
-0.77526263	-0.69373445	0.49670359	0.85729679	-17.621346
-0.77526263	-0.69373445	0.49670359	0.85729679	-17.629084
-0.77526263	-0.69373445	0.49670359	0.85729679	-17.636824
-0.77526263	-0.69373445	0.49670359	0.85729679	-17.644564
-0.77526263	-0.69373445	0.49670359	0.85729679	-17.652307
-0.77526263	-0.69373445	0.49670359	0.85729679	-17.66005
-0.77526263	-0.69373445	0.49670359	0.85729679	-17.667795
-0.77526263	-0.69373445	0.49670359	0.85729679	-17.675542
-0.77526263	-0.69373445	0.49670359	0.85729679	-17.683289
-0.77526263	-0.69373445	0.49670359	0.85729679	-17.691038
-0.77526263	-0.69373445	0.49670359	0.85729679	-17.698789
-0.77526263	-0.69373445	0.49670359	0.85729679	-17.706541
-0.77526263	-0.69373445	0.49670359	0.85729679	-17.714294
-0.77526263	-0.69373445	0.49670359	0.85729679	-17.722048
-0.77526263	-0.69373445	0.49670359	0.85729679	-17.729804
-0.77526263	-0.69373445	0.49670359	0.85729679	-17.737561
-0.77526263	-0.69373445	0.49670359	0.85729679	-17.74532
-0.77526263	-0.69373445	0.49670359	0.85729679	-17.75308
-0.77526263	-0.69373445	0.49670359	0.85729679	-17.760841
-0.77526263	-0.69373445	0.49670359	0.85729679	-17.768603
-0.77526263	-0.69373445	0.49670359	0.85729679	-17.776367
-0.77526263	-0.69373445	0.49670359	0.85729679	-17.784133
-0.77526263	-0.69373445	0.49670359	0.85729679	-17.791899
-0.77526263	-0.69373445	0.49670359	0.85729679	-17.799668
-0.77526263	-0.69373445	0.49670359	0.85729679	-17.807437
-0.77526263	-0.69373445	0.49670359	0.85729679	-17.815208
-0.77526263	-0.69373445	0.49670359	0.85729679	-17.82298
-0.77526263	-0.69373445	0.49670359	0.85729679	-17.830753
-0.77526263	-0.69373445	0.49670359	0.85729679	-17.838528
-0.77526263	-0.69373445	0.49670359	0.85729679	-17.846304
-0.77526263	-0.69373445	0.49670359	0.85729679	-17.854082
-0.77526263	-0.69373445	0.49670359	0.85729679	-17.86186
-0.77526263	-0.69373445	0.49670359	0.85729679	-17.869641
-0.77526263	-0.69373445	0.49670359	0.85729679	-17.877422
-0.77526263	-0.69373445	0.49670359	0.85729679	-17.885205
-0.77526263	-0.69373445	0.49670359	0.85729679	-17.892989
-0.77526263	-0.69373445	0.49670359	0.85729679	-17.900775
-0.77526263	-0.69373445	0.49670359	0.85729679	-17.908562
-0.77526263	-0.69373445	0.49670359	0.85729679	-17.91635
-0.77526263	-0.69373445	0.49670359	0.85729679	-17.92414
-0.77526263	-0.69373445	0.49670359	0.85729679	-17.931931
-0.77526263	-0.69373445	0.49670359	0.85729679	-17.939723
-0.77526263	-0.69373445	0.49670359	0.85729679	-17.947517
-0.77526263	-0.69373445	0.49670359	0.85729679	-17.955312
-0.77526263	-0.69373445	0.49670359	0.85729679	-17.963108
-0.77526263	-0.69373445	0.49670359	0.85729679	-17.970906
-0.77526263	-0.69373445	0.49670359	0.85729679	-17.978705
-0.77526263	-0.69373445	0.49670359	0.85729679	-17.986505
-0.77526263	-0.69373445	0.49670359	0.85729679	-17.994307
-0.77526263	-0.69373445	0.49670359	0.85729679	-18.00211
-0.77526263	-0.69373445	0.49670359	0.85729679	-18.009914
-0.77526263	-0.69373445	0.49670359	0.85729679	-18.01772
-0.77526263	-0.69373445	0.49670359	0.85729679	-18.025527
-0.77526263	-0.69373445	0.49670359	0.85729679	-18.033336
-0.77526263	-0.69373445	0.49670359	0.85729679	-18.041145
-0.77526263	-0.69373445	0.49670359	0.85729679	-18.048956
-0.77526263	-0.69373445	0.49670359	0.85729679	-18.056769
-0.77526263	-0.69373445	0.49670359	0.85729679	-18.064583
-0.77526263	-0.69373445	0.49670359	0.85729679	-18.072398
-0.77526263	-0.69373445	0.49670359	0.85729679	-18.080214
-0.77526263	-0.69373445	0.49670359	0.85729679	-18.088032
-0.77526263	-0.69373445	0.49670359	0.85729679	-18.095851
-0.77526263	-0.69373445	0.49670359	0.85729679	-18.103672
-0.77526263	-0.69373445	0.49670359	0.85729679	-18.111493
-0.77526263	-0.69373445	0.49670359	0.85729679	-18.119316
-0.77526263	-0.69373445	0.49670359	0.85729679	-18.127141
-0.77526263	-0.69373445	0.49670359	0.85729679	-18.134967
-0.77526263	-0.69373445	0.49670359	0.85729679	-18.142794
-0.77526263	-0.69373445	0.49670359	0.85729679	-18.150622
-0.77526263	-0.69373445	0.49670359	0.85729679	-18.158452
-0.77526263	-0.69373445	0.49670359	0.85729679	-18.166283
-0.77526263	-0.69373445	0.49670359	0.85729679	-18.174115
-0.77526263	-0.69373445	0.49670359	0.85729679	-18.181949
-0.77526263	-0.69373445	0.49670359	0.85729679	-18.189784
-0.77526263	-0.69373445	0.49670359	0.85729679	-18.197621
-0.77526263	-0.69373445	0.49670359	0.85729679	-18.205459
-0.77526263	-0.69373445	0.49670359	0.85729679	-18.213298
-0.77526263	-0.69373445	0.49670359	0.85729679	-18.221138
-0.77526263	-0.69373445	0.49670359	0.85729679	-18.22898
-0.77526263	-0.69373445	0.49670359	0.85729679	-18.236823
-0.77526263	-0.69373445	0.49670359	0.85729679	-18.244667
-0.77526263	-0.69373445	0.49670359	0.85729679	-18.252513
-0.77526263	-0.69373445	0.49670359	0.85729679	-18.26036
-0.77526263	-0.69373445	0.49670359	0.85729679	-18.268208
-0.77526263	-0.69373445	0.49670359	0.85729679	-18.276058
-0.77526263	-0.69373445	0.49670359	0.85729679	-18.283909
-0.77526263	-0.69373445	0.49670359	0.85729679	-18.291761
-0.77526263	-0.69373445	0.49670359	0.85729679	-18.299615
-0.77526263	-0.69373445	0.49670359	0.85729679	-18.30747
-0.77526263	-0.69373445	0.49670359	0.85729679	-18.315326
-0.77526263	-0.69373445	0.49670359	0.85729679	-18.323184
-0.77526263	-0.69373445	0.49670359	0.85729679	-18.331043
-0.77526263	-0.69373445	0.49670359	0.85729679	-18.338903
-0.77526263	-0.69373445	0.49670359	0.85729679	-18.346765
-0.77526263	-0.69373445	0.49670359	0.85729679	-18.354627
-0.77526263	-0.69373445	0.49670359	0.85729679	-18.362492
-0.77526263	-0.69373445	0.49670359	0.85729679	-18.370357
-0.77526263	-0.69373445	0.49670359	0.85729679	-18.378224
-0.77526263	-0.69373445	0.49670359	0.85729679	-18.386092
-0.77526263	-0.69373445	0.49670359	0.85729679	-18.393962
-0.77526263	-0.69373445	0.49670359	0.85729679	-18.401832
-0.77526263	-0.69373445	0.49670359	0.85729679	-18.409705
-0.77526263	-0.69373445	0.49670359	0.85729679	-18.417578
-0.77526263	-0.69373445	0.49670359	0.85729679	-18.425453
-0.77526263	-0.69373445	0.49670359	0.85729679	-18.433329
-0.77526263	-0.69373445	0.49670359	0.85729679	-18.441206
-0.77526263	-0.69373445	0.49670359	0.85729679	-18.449085
-0.77526263	-0.69373445	0.49670359	0.85729679	-18.456965
-0.77526263	-0.69373445	0.49670359	0.85729679	-18.464846
-0.77526263	-0.69373445	0.49670359	0.85729679	-18.472729
-0.77526263	-0.69373445	0.49670359	0.85729679	-18.480613
-0.77526263	-0.69373445	0.49670359	0.85729679	-18.488498
-0.77526263	-0.69373445	0.49670359	0.85729679	-18.496385
-0.77526263	-0.69373445	0.49670359	0.85729679	-18.504272
-0.77526263	-0.69373445	0.49670359	0.85729679	-18.512162
-0.77526263	-0.69373445	0.49670359	0.85729679	-18.520052
-0.77526263	-0.69373445	0.49670359	0.85729679	-18.527944
-0.77526263	-0.69373445	0.49670359	0.85729679	-18.535837
-0.77526263	-0.69373445	0.49670359	0.85729679	-18.543731
-0.77526263	-0.69373445	0.49670359	0.85729679	-18.551627
-0.77526263	-0.69373445	0.49670359	0.85729679	-18.559524
-0.77526263	-0.69373445	0.49670359	0.85729679	-18.567422
-0.77526263	-0.69373445	0.49670359	0.85729679	-18.575322
-0.77526263	-0.69373445	0.49670359	0.85729679	-18.583223
-0.77526263	-0.69373445	0.49670359	0.85729679	-18.591125
-0.77526263	-0.69373445	0.49670359	0.85729679	-18.599029
-0.77526263	-0.69373445	0.49670359	0.85729679	-18.606933
-0.77526263	-0.69373445	0.49670359	0.85729679	-18.61484
-0.77526263	-0.69373445	0.49670359	0.85729679	-18.622747
-0.77526263	-0.69373445	0.49670359	0.85729679	-18.630656
-0.77526263	-0.69373445	0.49670359	0.85729679	-18.638566
-0.77526263	-0.69373445	0.49670359	0.85729679	-18.646477
-0.77526263	-0.69373445	0.49670359	0.85729679	-18.65439
-0.77526263	-0.69373445	0.49670359	0.85729679	-18.662304
-0.77526263	-0.69373445	0.49670359	0.85729679	-18.670219
-0.77526263	-0.69373445	0.49670359	0.85729679	-18.678136
-0.77526263	-0.69373445	0.49670359	0.85729679	-18.686053
-0.77526263	-0.69373445	0.49670359	0.85729679	-18.693973
-0.77526263	-0.69373445	0.49670359	0.85729679	-18.701893
-0.77526263	-0.69373445	0.49670359	0.85729679	-18.709815
-0.77526263	-0.69373445	0.49670359	0.85729679	-18.717738
-0.77526263	-0.69373445	0.49670359	0.85729679	-18.725662
-0.77526263	-0.69373445	0.49670359	0.85729679	-18.733588
-0.77526263	-0.69373445	0.49670359	0.85729679	-18.741515
-0.77526263	-0.69373445	0.49670359	0.85729679	-18.749443
-0.77526263	-0.69373445	0.49670359	0.85729679	-18.757372
-0.77526263	-0.69373445	0.49670359	0.85729679	-18.765303
-0.77526263	-0.69373445	0.49670359	0.85729679	-18.773235
-0.77526263	-0.69373445	0.49670359	0.85729679	-18.781169
-0.77526263	-0.69373445	0.49670359	0.85729679	-18.789103
-0.77526263	-0.69373445	0.49670359	0.85729679	-18.797039
-0.77526263	-0.69373445	0.49670359	0.85729679	-18.804977
-0.77526263	-0.69373445	0.49670359	0.85729679	-18.812915
-0.77526263	-0.69373445	0.49670359	0.85729679	-18.820855
-0.77526263	-0.69373445	0.49670359	0.85729679	-18.828796
-0.77526263	-0.69373445	0.49670359	0.85729679	-18.836738
-0.77526263	-0.69373445	0.49670359	0.85729679	-18.844682
-0.77526263	-0.69373445	0.49670359	0.85729679	-18.852627
-0.77526263	-0.69373445	0.49670359	0.85729679	-18.860573
-0.77526263	-0.69373445	0.49670359	0.85729679	-18.868521
-0.77526263	-0.69373445	0.49670359	0.85729679	-18.87647
-0.77526263	-0.69373445	0.49670359	0.85729679	-18.88442
-0.77526263	-0.69373445	0.49670359	0.85729679	-18.892371
-0.77526263	-0.69373445	0.49670359	0.85729679	-18.900324
-0.77526263	-0.69373445	0.49670359	0.85729679	-18.908278
-0.77526263	-0.69373445	0.49670359	0.85729679	-18.916233
-0.77526263	-0.69373445	0.49670359	0.85729679	-18.92419
-0.77526263	-0.69373445	0.49670359	0.85729679	-18.932148
-0.77526263	-0.69373445	0.49670359	0.85729679	-18.940107
-0.77526263	-0.69373445	0.49670359	0.85729679	-18.948067
-0.77526263	-0.69373445	0.49670359	0.85729679	-18.956029
-0.77526263	-0.69373445	0.49670359	0.85729679	-18.963992
-0.77526263	-0.69373445	0.49670359	0.85729679	-18.971956
-0.77526263	-0.69373445	0.49670359	0.85729679	-18.979922
-0.77526263	-0.69373445	0.49670359	0.85729679	-18.987888
-0.77526263	-0.69373445	0.49670359	0.85729679	-18.995857
-0.77526263	-0.69373445	0.49670359	0.85729679	-19.003826
-0.77526263	-0.69373445	0.49670359	0.85729679	-19.011797
-0.77526263	-0.69373445	0.49670359	0.85729679	-19.019768
-0.77526263	-0.69373445	0.49670359	0.85729679	-19.027742
-0.77526263	-0.69373445	0.49670359	0.85729679	-19.035716
-0.77526263	-0.69373445	0.49670359	0.85729679	-19.043692
-0.77526263	-0.69373445	0.49670359	0.85729679	-19.051669
-0.77526263	-0.69373445	0.49670359	0.85729679	-19.059647
-0.77526263	-0.69373445	0.49670359	0.85729679	-19.067627
-0.77526263	-0.69373445	0.49670359	0.85729679	-19.075608
-0.77526263	-0.69373445	0.49670359	0.85729679	-19.08359
-0.77526263	-0.69373445	0.49670359	0.85729679	-19.091573
-0.77526263	-0.69373445	0.49670359	0.85729679	-19.099558
-0.77526263	-0.69373445	0.49670359	0.85729679	-19.107544
-0.77526263	-0.69373445	0.49670359	0.85729679	-19.115531
-0.77526263	-0.69373445	0.49670359	0.85729679	-19.123519
-0.77526263	-0.69373445	0.49670359	0.85729679	-19.131509
-0.77526263	-0.69373445	0.49670359	0.85729679	-19.1395
-0.77526263	-0.69373445	0.49670359	0.85729679	-19.147492
-0.77526263	-0.69373445	0.49670359	0.85729679	-19.155486
-0.77526263	-0.69373445	0.49670359	0.85729679	-19.163481
-0.77526263	-0.69373445	0.49670359	0.85729679	-19.171477
-0.77526263	-0.69373445	0.49670359	0.85729679	-19.179474
-0.77526263	-0.69373445	0.49670359	0.85729679	-19.187473
-0.77526263	-0.69373445	0.49670359	0.85729679	-19.195473
-0.77526263	-0.69373445	0.49670359	0.85729679	-19.203474
-0.77526263	-0.69373445	0.49670359	0.85729679	-19.211476
-0.77526263	-0.69373445	0.49670359	0.85729679	-19.21948
-0.77526263	-0.69373445	0.49670359	0.85729679	-19.227485
-0.77526263	-0.69373445	0.49670359	0.85729679	-19.235491
-0.77526263	-0.69373445	0.49670359	0.85729679	-19.243499
-0.77526263	-0.69373445	0.49670359	0.85729679	-19.251507
-0.77526263	-0.69373445	0.49670359	0.85729679	-19.259517
-0.77526263	-0.69373445	0.49670359	0.85729679	-19.267529
-0.77526263	-0.69373445	0.49670359	0.85729679	-19.275541
-0.77526263	-0.69373445	0.49670359	0.85729679	-19.283555
-0.77526263	-0.69373445	0.49670359	0.85729679	-19.29157
-0.77526263	-0.69373445	0.49670359	0.85729679	-19.299586
-0.77526263	-0.69373445	0.49670359	0.85729679	-19.307604
-0.77526263	-0.69373445	0.49670359	0.85729679	-19.315623
-0.77526263	-0.69373445	0.49670359	0.85729679	-19.323643
-0.77526263	-0.69373445	0.49670359	0.85729679	-19.331664
-0.77526263	-0.69373445	0.49670359	0.85729679	-19.339687
-0.77526263	-0.69373445	0.49670359	0.85729679	-19.34771
-0.77526263	-0.69373445	0.49670359	0.85729679	-19.355735
-0.77526263	-0.69373445	0.49670359	0.85729679	-19.363762
-0.77526263	-0.69373445	0.49670359	0.85729679	-19.371789
-0.77526263	-0.69373445	0.49670359	0.85729679	-19.379818
-0.77526263	-0.69373445	0.49670359	0.85729679	-19.387848
-0.77526263	-0.69373445	0.49670359	0.85729679	-19.39588
-0.77526263	-0.69373445	0.49670359	0.85729679	-19.403912
-0.77526263	-0.69373445	0.49670359	0.85729679	-19.411946
-0.77526263	-0.69373445	0.49670359	0.85729679	-19.419981
-0.77526263	-0.69373445	0.49670359	0.85729679	-19.428018
-0.77526263	-0.69373445	0.49670359	0.85729679	-19.436055
-0.77526263	-0.69373445	0.49670359	0.85729679	-19.444094
-0.77526263	-0.69373445	0.49670359	0.85729679	-19.452134
-0.77526263	-0.69373445	0.49670359	0.85729679	-19.460176
-0.77526263	-0.69373445	0.49670359	0.85729679	-19.468218
-0.77526263	-0.69373445	0.49670359	0.85729679	-19.476262
-0.77526263	-0.69373445	0.49670359	0.85729679	-19.484307
-0.77526263	-0.69373445	0.49670359	0.85729679	-19.492354
-0.77526263	-0.69373445	0.49670359	0.85729679	-19.500401
-0.77526263	-0.69373445	0.49670359	0.85729679	-19.50845
-0.77526263	-0.69373445	0.49670359	0.85729679	-19.5165
-0.77526263	-0.69373445	0.49670359	0.85729679	-19.524552
-0.77526263	-0.69373445	0.49670359	0.85729679	-19.532604
-0.77526263	-0.69373445	0.49670359	0.85729679	-19.540658
-0.77526263	-0.69373445	0.49670359	0.85729679	-19.548713
-0.77526263	-0.69373445	0.49670359	0.85729679	-19.55677
-0.77526263	-0.69373445	0.49670359	0.85729679	-19.564827
-0.77526263	-0.69373445	0.49670359	0.85729679	-19.572886
-0.77526263	-0.69373445	0.49670359	0.85729679	-19.580946
-0.77526263	-0.69373445	0.49670359	0.85729679	-19.589007
-0.77526263	-0.69373445	0.49670359	0.85729679	-19.59707
-0.77526263	-0.69373445	0.49670359	0.85729679	-19.605134
-0.77526263	-0.69373445	0.49670359	0.85729679	-19.613199
-0.77526263	-0.69373445	0.49670359	0.85729679	-19.621265
-0.77526263	-0.69373445	0.49670359	0.85729679	-19.629333
-0.77526263	-0.69373445	0.49670359	0.85729679	-19.637401
-0.77526263	-0.69373445	0.49670359	0.85729679	-19.645471
-0.77526263	-0.69373445	0.49670359	0.85729679	-19.653542
-0.77526263	-0.69373445	0.49670359	0.85729679	-19.661615
-0.77526263	-0.69373445	0.49670359	0.85729679	-19.669689
-0.77526263	-0.69373445	0.49670359	0.85729679	-19.677763
-0.77526263	-0.69373445	0.49670359	0.85729679	-19.68584
-0.77526263	-0.69373445	0.49670359	0.85729679	-19.693917
-0.77526263	-0.69373445	0.49670359	0.85729679	-19.701996
-0.77526263	-0.69373445	0.49670359	0.85729679	-19.710075
-0.77526263	-0.69373445	0.49670359	0.85729679	-19.718157
-0.77526263	-0.69373445	0.49670359	0.85729679	-19.726239
-0.77526263	-0.69373445	0.49670359	0.85729679	-19.734322
-0.77526263	-0.69373445	0.49670359	0.85729679	-19.742407
-0.77526263	-0.69373445	0.49670359	0.85729679	-19.750493
-0.77526263	-0.69373445	0.49670359	0.85729679	-19.75858
-0.77526263	-0.69373445	0.49670359	0.85729679	-19.766669
-0.77526263	-0.69373445	0.49670359	0.85729679	-19.774759
-0.77526263	-0.69373445	0.49670359	0.85729679	-19.78285
-0.77526263	-0.69373445	0.49670359	0.85729679	-19.790942
-0.77526263	-0.69373445	0.49670359	0.85729679	-19.799035
-0.77526263	-0.69373445	0.49670359	0.85729679	-19.80713
-0.77526263	-0.69373445	0.49670359	0.85729679	-19.815226
-0.77526263	-0.69373445	0.49670359	0.85729679	-19.823323
-0.77526263	-0.69373445	0.49670359	0.85729679	-19.831421
-0.77526263	-0.69373445	0.49670359	0.85729679	-19.83952
-0.77526263	-0.69373445	0.49670359	0.85729679	-19.847621
-0.77526263	-0.69373445	0.49670359	0.85729679	-19.855723
-0.77526263	-0.69373445	0.49670359	0.85729679	-19.863826
-0.77526263	-0.69373445	0.49670359	0.85729679	-19.871931
-0.77526263	-0.69373445	0.49670359	0.85729679	-19.880036
-0.77526263	-0.69373445	0.49670359	0.85729679	-19.888143
-0.77526263	-0.69373445	0.49670359	0.85729679	-19.896251
-0.77526263	-0.69373445	0.49670359	0.85729679	-19.904361
-0.77526263	-0.69373445	0.49670359	0.85729679	-19.912471
-0.77526263	-0.69373445	0.49670359	0.85729679	-19.920583
-0.77526263	-0.69373445	0.49670359	0.85729679	-19.928696
-0.77526263	-0.69373445	0.49670359	0.85729679	-19.93681
-0.77526263	-0.69373445	0.49670359	0.85729679	-19.944925
-0.77526263	-0.69373445	0.49670359	0.85729679	-19.953042
-0.77526263	-0.69373445	0.49670359	0.85729679	-19.96116
-0.77526263	-0.69373445	0.49670359	0.85729679	-19.969279
-0.77526263	-0.69373445	0.49670359	0.85729679	-19.977399
-0.77526263	-0.69373445	0.49670359	0.85729679	-19.985521
-0.77526263	-0.69373445	0.49670359	0.85729679	-19.993643
-0.77526263	-0.69373445	0.49670359	0.85729679	-20.001767
-0.77526263	-0.69373445	0.49670359	0.85729679	-20.009892
-0.77526263	-0.69373445	0.49670359	0.85729679	-20.018019
-0.77526263	-0.69373445	0.49670359	0.85729679	-20.026146
-0.77526263	-0.69373445	0.49670359	0.85729679	-20.034275
-0.77526263	-0.69373445	0.49670359	0.85729679	-20.042405
-0.77526263	-0.69373445	0.49670359	0.85729679	-20.050536
-0.77526263	-0.69373445	0.49670359	0.85729679	-20.058669
-0.77526263	-0.69373445	0.49670359	0.85729679	-20.066802
-0.77526263	-0.69373445	0.49670359	0.85729679	-20.074937
-0.77526263	-0.69373445	0.49670359	0.85729679	-20.083073
-0.77526263	-0.69373445	0.49670359	0.85729679	-20.09121
-0.77526263	-0.69373445	0.49670359	0.85729679	-20.099349
-0.77526263	-0.69373445	0.49670359	0.85729679	-20.107488
-0.77526263	-0.69373445	0.49670359	0.85729679	-20.115629
-0.77526263	-0.69373445	0.49670359	0.85729679	-20.123771
-0.77526263	-0.69373445	0.49670359	0.85729679	-20.131915
-0.77526263	-0.69373445	0.49670359	0.85729679	-20.140059
-0.77526263	-0.69373445	0.49670359	0.85729679	-20.148205
-0.77526263	-0.69373445	0.49670359	0.85729679	-20.156352
-0.77526263	-0.69373445	0.49670359	0.85729679	-20.1645
-0.77526263	-0.69373445	0.49670359	0.85729679	-20.172649
-0.77526263	-0.69373445	0.49670359	0.85729679	-20.180799
-0.77526263	-0.69373445	0.49670359	0.85729679	-20.188951
-0.77526263	-0.69373445	0.49670359	0.85729679	-20.197104
-0.77526263	-0.69373445	0.49670359	0.85729679	-20.205258
-0.77526263	-0.69373445	0.49670359	0.85729679	-20.213413
-0.77526263	-0.69373445	0.49670359	0.85729679	-20.22157
-0.77526263	-0.69373445	0.49670359	0.85729679	-20.229728
-0.77526263	-0.69373445	0.49670359	0.85729679	-20.237887
-0.77526263	-0.69373445	0.49670359	0.85729679	-20.246047
-0.77526263	-0.69373445	0.49670359	0.85729679	-20.254208
-0.77526263	-0.69373445	0.49670359	0.85729679	-20.262371
-0.77526263	-0.69373445	0.49670359	0.85729679	-20.270534
-0.77526263	-0.69373445	0.49670359	0.85729679	-20.278699
-0.77526263	-0.69373445	0.49670359	0.85729679	-20.286865
-0.77526263	-0.69373445	0.49670359	0.85729679	-20.295032
-0.77526263	-0.69373445	0.49670359	0.85729679	-20.303201
-0.77526263	-0.69373445	0.49670359	0.85729679	-20.311371
-0.77526263	-0.69373445	0.49670359	0.85729679	-20.319542
-0.77526263	-0.69373445	0.49670359	0.85729679	-20.327714
-0.77526263	-0.69373445	0.49670359	0.85729679	-20.335887
-0.77526263	-0.69373445	0.49670359	0.85729679	-20.344061
-0.77526263	-0.69373445	0.49670359	0.85729679	-20.352237
-0.77526263	-0.69373445	0.49670359	0.85729679	-20.360414
-0.77526263	-0.69373445	0.49670359	0.85729679	-20.368592
-0.77526263	-0.69373445	0.49670359	0.85729679	-20.376771
-0.77526263	-0.69373445	0.49670359	0.85729679	-20.384951
-0.77526263	-0.69373445	0.49670359	0.85729679	-20.393133
-0.77526263	-0.69373445	0.49670359	0.85729679	-20.401316
-0.77526263	-0.69373445	0.49670359	0.85729679	-20.4095
-0.77526263	-0.69373445	0.49670359	0.85729679	-20.417685
-0.77526263	-0.69373445	0.49670359	0.85729679	-20.425871
-0.77526263	-0.69373445	0.49670359	0.85729679	-20.434059
-0.77526263	-0.69373445	0.49670359	0.85729679	-20.442248
-0.77526263	-0.69373445	0.49670359	0.85729679	-20.450438
-0.77526263	-0.69373445	0.49670359	0.85729679	-20.458629
-0.77526263	-0.69373445	0.49670359	0.85729679	-20.466821
-0.77526263	-0.69373445	0.49670359	0.85729679	-20.475014
-0.77526263	-0.69373445	0.49670359	0.85729679	-20.483209
-0.77526263	-0.69373445	0.49670359	0.85729679	-20.491405
-0.77526263	-0.69373445	0.49670359	0.85729679	-20.499602
-0.77526263	-0.69373445	0.49670359	0.85729679	-20.5078
-0.77526263	-0.69373445	0.49670359	0.85729679	-20.515999
-0.77526263	-0.69373445	0.49670359	0.85729679	-20.5242
-0.77526263	-0.69373445	0.49670359	0.85729679	-20.532402
-0.77526263	-0.69373445	0.49670359	0.85729679	-20.540605
-0.77526263	-0.69373445	0.49670359	0.85729679	-20.548809
-0.77526263	-0.69373445	0.49670359	0.85729679	-20.557014
-0.77526263	-0.69373445	0.49670359	0.85729679	-20.56522
-0.77526263	-0.69373445	0.49670359	0.85729679	-20.573428
-0.77526263	-0.69373445	0.49670359	0.85729679	-20.581637
-0.77526263	-0.69373445	0.49670359	0.85729679	-20.589847
-0.77526263	-0.69373445	0.49670359	0.85729679	-20.598058
-0.77526263	-0.69373445	0.49670359	0.85729679	-20.60627
-0.77526263	-0.69373445	0.49670359	0.85729679	-20.614484
-0.77526263	-0.69373445	0.49670359	0.85729679	-20.622699
-0.77526263	-0.69373445	0.49670359	0.85729679	-20.630914
-0.77526263	-0.69373445	0.49670359	0.85729679	-20.639132
-0.77526263	-0.69373445	0.49670359	0.85729679	-20.64735
-0.77526263	-0.69373445	0.49670359	0.85729679	-20.655569
-0.77526263	-0.69373445	0.49670359	0.85729679	-20.66379
-0.77526263	-0.69373445	0.49670359	0.85729679	-20.672011
-0.77526263	-0.69373445	0.49670359	0.85729679	-20.680234
-0.77526263	-0.69373445	0.49670359	0.85729679	-20.688458
-0.77526263	-0.69373445	0.49670359	0.85729679	-20.696684
-0.77526263	-0.69373445	0.49670359	0.85729679	-20.70491
-0.77526263	-0.69373445	0.49670359	0.85729679	-20.713138
-0.77526263	-0.69373445	0.49670359	0.85729679	-20.721366
-0.77526263	-0.69373445	0.49670359	0.85729679	-20.729596
-0.77526263	-0.69373445	0.49670359	0.85729679	-20.737827
-0.77526263	-0.69373445	0.49670359	0.85729679	-20.74606
-0.77526263	-0.69373445	0.49670359	0.85729679	-20.754293
-0.77526263	-0.69373445	0.49670359	0.85729679	-20.762528
-0.77526263	-0.69373445	0.49670359	0.85729679	-20.770763
-0.77526263	-0.69373445	0.49670359	0.85729679	-20.779
-0.77526263	-0.69373445	0.49670359	0.85729679	-20.787238
-0.77526263	-0.69373445	0.49670359	0.85729679	-20.795478
-0.77526263	-0.69373445	0.49670359	0.85729679	-20.803718
-0.77526263	-0.69373445	0.49670359	0.85729679	-20.81196
-0.77526263	-0.69373445	0.49670359	0.85729679	-20.820202
-0.77526263	-0.69373445	0.49670359	0.85729679	-20.828446
-0.77526263	-0.69373445	0.49670359	0.85729679	-20.836691
-0.77526263	-0.69373445	0.49670359	0.85729679	-20.844937
-0.77526263	-0.69373445	0.49670359	0.85729679	-20.853185
-0.77526263	-0.69373445	0.49670359	0.85729679	-20.861433
-0.77526263	-0.69373445	0.49670359	0.85729679	-20.869683
-0.77526263	-0.69373445	0.49670359	0.85729679	-20.877934
-0.77526263	-0.69373445	0.49670359	0.85729679	-20.886186
-0.77526263	-0.69373445	0.49670359	0.85729679	-20.894439
-0.77526263	-0.69373445	0.49670359	0.85729679	-20.902693
-0.77526263	-0.69373445	0.49670359	0.85729679	-20.910949
-0.77526263	-0.69373445	0.49670359	0.85729679	-20.919205
-0.77526263	-0.69373445	0.49670359	0.85729679	-20.927463
-0.77526263	-0.69373445	0.49670359	0.85729679	-20.935722
-0.77526263	-0.69373445	0.49670359	0.85729679	-20.943982
-0.77526263	-0.69373445	0.49670359	0.85729679	-20.952243
-0.77526263	-0.69373445	0.49670359	0.85729679	-20.960506
-0.77526263	-0.69373445	0.49670359	0.85729679	-20.968769
-0.77526263	-0.69373445	0.49670359	0.85729679	-20.977034
-0.77526263	-0.69373445	0.49670359	0.85729679	-20.9853
-0.77526263	-0.69373445	0.49670359	0.85729679	-20.993567
-0.77526263	-0.69373445	0.49670359	0.85729679	-21.001835
-0.77526263	-0.69373445	0.49670359	0.85729679	-21.010104
-0.77526263	-0.69373445	0.49670359	0.85729679	-21.018375
-0.77526263	-0.69373445	0.49670359	0.85729679	-21.026646
-0.77526263	-0.69373445	0.49670359	0.85729679	-21.034919
-0.77526263	-0.69373445	0.49670359	0.85729679	-21.043193
-0.77526263	-0.69373445	0.49670359	0.85729679	-21.051468
-0.77526263	-0.69373445	0.49670359	0.85729679	-21.059744
-0.77526263	-0.69373445	0.49670359	0.85729679	-21.068022
-0.77526263	-0.69373445	0.49670359	0.85729679	-21.0763
-0.77526263	-0.69373445	0.49670359	0.85729679	-21.08458
-0.77526263	-0.69373445	0.49670359	0.85729679	-21.092861
-0.77526263	-0.69373445	0.49670359	0.85729679	-21.101142
-0.77526263	-0.69373445	0.49670359	0.85729679	-21.109425
-0.77526263	-0.69373445	0.49670359	0.85729679	-21.11771
-0.77526263	-0.69373445	0.49670359	0.85729679	-21.125995
-0.77526263	-0.69373445	0.49670359	0.85729679	-21.134282
-0.77526263	-0.69373445	0.49670359	0.85729679	-21.142569
-0.77526263	-0.69373445	0.49670359	0.85729679	-21.150858
-0.77526263	-0.69373445	0.49670359	0.85729679	-21.159148
-0.77526263	-0.69373445	0.49670359	0.85729679	-21.167439
-0.77526263	-0.69373445	0.49670359	0.85729679	-21.175731
-0.77526263	-0.69373445	0.49670359	0.85729679	-21.184024
-0.77526263	-0.69373445	0.49670359	0.85729679	-21.192319
-0.77526263	-0.69373445	0.49670359	0.85729679	-21.200614
-0.77526263	-0.69373445	0.49670359	0.85729679	-21.208911
-0.77526263	-0.69373445	0.49670359	0.85729679	-21.217209
-0.77526263	-0.69373445	0.49670359	0.85729679	-21.225508
-0.77526263	-0.69373445	0.49670359	0.85729679	-21.233808
-0.77526263	-0.69373445	0.49670359	0.85729679	-21.242109
-0.77526263	-0.69373445	0.49670359	0.85729679	-21.250412
-0.77526263	-0.69373445	0.49670359	0.85729679	-21.258715
-0.77526263	-0.69373445	0.49670359	0.85729679	-21.26702
-0.77526263	-0.69373445	0.49670359	0.85729679	-21.275326
-0.77526263	-0.69373445	0.49670359	0.85729679	-21.283633
-0.77526263	-0.69373445	0.49670359	0.85729679	-21.291941
-0.77526263	-0.69373445	0.49670359	0.85729679	-21.30025
-0.77526263	-0.69373445	0.49670359	0.85729679	-21.30856
-0.77526263	-0.69373445	0.49670359	0.85729679	-21.316872
-0.77526263	-0.69373445	0.49670359	0.85729679	-21.325184
-0.77526263	-0.69373445	0.49670359	0.85729679	-21.333498
-0.77526263	-0.69373445	0.49670359	0.85729679	-21.341813
-0.77526263	-0.69373445	0.49670359	0.85729679	-21.350129
-0.77526263	-0.69373445	0.49670359	0.85729679	-21.358446
-0.77526263	-0.69373445	0.49670359	0.85729679	-21.366764
-0.77526263	-0.69373445	0.49670359	0.85729679	-21.375084
-0.77526263	-0.69373445	0.49670359	0.85729679	-21.383404
-0.77526263	-0.69373445	0.49670359	0.85729679	-21.391726
-0.77526263	-0.69373445	0.49670359	0.85729679	-21.400048
-0.77526263	-0.69373445	0.49670359	0.85729679	-21.408372
-0.77526263	-0.69373445	0.49670359	0.85729679	-21.416697
-0.77526263	-0.69373445	0.49670359	0.85729679	-21.425023
-0.77526263	-0.69373445	0.49670359	0.85729679	-21.433351
-0.77526263	-0.69373445	0.49670359	0.85729679	-21.441679
-0.77526263	-0.69373445	0.49670359	0.85729679	-21.450008
-0.77526263	-0.69373445	0.49670359	0.85729679	-21.458339
-0.77526263	-0.69373445	0.49670359	0.85729679	-21.466671
-0.77526263	-0.69373445	0.49670359	0.85729679	-21.475003
-0.77526263	-0.69373445	0.49670359	0.85729679	-21.483337
-0.77526263	-0.69373445	0.49670359	0.85729679	-21.491672
-0.77526263	-0.69373445	0.49670359	0.85729679	-21.500009
-0.77526263	-0.69373445	0.49670359	0.85729679	-21.508346
-0.77526263	-0.69373445	0.49670359	0.85729679	-21.516684
-0.77526263	-0.69373445	0.49670359	0.85729679	-21.525024
-0.77526263	-0.69373445	0.49670359	0.85729679	-21.533365
-0.77526263	-0.69373445	0.49670359	0.85729679	-21.541706
-0.77526263	-0.69373445	0.49670359	0.85729679	-21.550049
-0.77526263	-0.69373445	0.49670359	0.85729679	-21.558393
-0.77526263	-0.69373445	0.49670359	0.85729679	-21.566738
-0.77526263	-0.69373445	0.49670359	0.85729679	-21.575084
-0.77526263	-0.69373445	0.49670359	0.85729679	-21.583432
-0.77526263	-0.69373445	0.49670359	0.85729679	-21.59178
-0.77526263	-0.69373445	0.49670359	0.85729679	-21.60013
-0.77526263	-0.69373445	0.49670359	0.85729679	-21.60848
-0.77526263	-0.69373445	0.49670359	0.85729679	-21.616832
-0.77526263	-0.69373445	0.49670359	0.85729679	-21.625185
-0.77526263	-0.69373445	0.49670359	0.85729679	-21.633539
-0.77526263	-0.69373445	0.49670359	0.85729679	-21.641894
-0.77526263	-0.69373445	0.49670359	0.85729679	-21.65025
-0.77526263	-0.69373445	0.49670359	0.85729679	-21.658608
-0.77526263	-0.69373445	0.49670359	0.85729679	-21.666966
-0.77526263	-0.69373445	0.49670359	0.85729679	-21.675326
-0.77526263	-0.69373445	0.49670359	0.85729679	-21.683686
-0.77526263	-0.69373445	0.49670359	0.85729679	-21.692048
-0.77526263	-0.69373445	0.49670359	0.85729679	-21.700411
-0.77526263	-0.69373445	0.49670359	0.85729679	-21.708775
-0.77526263	-0.69373445	0.49670359	0.85729679	-21.71714
-0.77526263	-0.69373445	0.49670359	0.85729679	-21.725506
-0.77526263	-0.69373445	0.49670359	0.85729679	-21.733873
-0.77526263	-0.69373445	0.49670359	0.85729679	-21.742241
-0.77526263	-0.69373445	0.49670359	0.85729679	-21.750611
-0.77526263	-0.69373445	0.49670359	0.85729679	-21.758982
-0.77526263	-0.69373445	0.49670359	0.85729679	-21.767353
-0.77526263	-0.69373445	0.49670359	0.85729679	-21.775726
-0.77526263	-0.69373445	0.49670359	0.85729679	-21.7841
-0.77526263	-0.69373445	0.49670359	0.85729679	-21.792475
-0.77526263	-0.69373445	0.49670359	0.85729679	-21.800851
-0.77526263	-0.69373445	0.49670359	0.85729679	-21.809228
-0.77526263	-0.69373445	0.49670359	0.85729679	-21.817606
-0.77526263	-0.69373445	0.49670359	0.85729679	-21.825985
-0.77526263	-0.69373445	0.49670359	0.85729679	-21.834366
-0.77526263	-0.69373445	0.49670359	0.85729679	-21.842747
-0.77526263	-0.69373445	0.49670359	0.85729679	-21.85113
-0.77526263	-0.69373445	0.49670359	0.85729679	-21.859514
-0.77526263	-0.69373445	0.49670359	0.85729679	-21.867899
-0.77526263	-0.69373445	0.49670359	0.85729679	-21.876285
-0.77526263	-0.69373445	0.49670359	0.85729679	-21.884672
-0.77526263	-0.69373445	0.49670359	0.85729679	-21.89306
-0.77526263	-0.69373445	0.49670359	0.85729679	-21.901449
-0.77526263	-0.69373445	0.49670359	0.85729679	-21.909839
-0.77526263	-0.69373445	0.49670359	0.85729679	-21.91823
-0.77526263	-0.69373445	0.49670359	0.85729679	-21.926623
-0.77526263	-0.69373445	0.49670359	0.85729679	-21.935016
-0.77526263	-0.69373445	0.49670359	0.85729679	-21.943411
-0.77526263	-0.69373445	0.49670359	0.85729679	-21.951807
-0.77526263	-0.69373445	0.49670359	0.85729679	-21.960204
-0.77526263	-0.69373445	0.49670359	0.85729679	-21.968602
-0.77526263	-0.69373445	0.49670359	0.85729679	-21.977
-0.77526263	-0.69373445	0.49670359	0.85729679	-21.985401
-0.77526263	-0.69373445	0.49670359	0.85729679	-21.993802
-0.77526263	-0.69373445	0.49670359	0.85729679	-22.002204
-0.77526263	-0.69373445	0.49670359	0.85729679	-22.010607
-0.77526263	-0.69373445	0.49670359	0.85729679	-22.019012
-0.77526263	-0.69373445	0.49670359	0.85729679	-22.027417
-0.77526263	-0.69373445	0.49670359	0.85729679	-22.035824
-0.77526263	-0.69373445	0.49670359	0.85729679	-22.044231
-0.77526263	-0.69373445	0.49670359	0.85729679	-22.05264
-0.77526263	-0.69373445	0.49670359	0.85729679	-22.06105
-0.77526263	-0.69373445	0.49670359	0.85729679	-22.069461
-0.77526263	-0.69373445	0.49670359	0.85729679	-22.077873
-0.77526263	-0.69373445	0.49670359	0.85729679	-22.086286
-0.77526263	-0.69373445	0.49670359	0.85729679	-22.0947
-0.77526263	-0.69373445	0.49670359	0.85729679	-22.103115
-0.77526263	-0.69373445	0.49670359	0.85729679	-22.111532
-0.77526263	-0.69373445	0.49670359	0.85729679	-22.119949
-0.77526263	-0.69373445	0.49670359	0.85729679	-22.128367
-0.77526263	-0.69373445	0.49670359	0.85729679	-22.136787
-0.77526263	-0.69373445	0.49670359	0.85729679	-22.145207
-0.77526263	-0.69373445	0.49670359	0.85729679	-22.153629
-0.77526263	-0.69373445	0.49670359	0.85729679	-22.162052
-0.77526263	-0.69373445	0.49670359	0.85729679	-22.170476
-0.77526263	-0.69373445	0.49670359	0.85729679	-22.178901
-0.77526263	-0.69373445	0.49670359	0.85729679	-22.187327
-0.77526263	-0.69373445	0.49670359	0.85729679	-22.195754
-0.77526263	-0.69373445	0.49670359	0.85729679	-22.204182
-0.77526263	-0.69373445	0.49670359	0.85729679	-22.212611
-0.77526263	-0.69373445	0.49670359	0.85729679	-22.221041
-0.77526263	-0.69373445	0.49670359	0.85729679	-22.229472
-0.77526263	-0.69373445	0.49670359	0.85729679	-22.237905
-0.77526263	-0.69373445	0.49670359	0.85729679	-22.246338
-0.77526263	-0.69373445	0.49670359	0.85729679	-22.254773
-0.77526263	-0.69373445	0.49670359	0.85729679	-22.263208
-0.77526263	-0.69373445	0.49670359	0.85729679	-22.271645
-0.77526263	-0.69373445	0.49670359	0.85729679	-22.280083
-0.77526263	-0.69373445	0.49670359	0.85729679	-22.288522
-0.77526263	-0.69373445	0.49670359	0.85729679	-22.296961
-0.77526263	-0.69373445	0.49670359	0.85729679	-22.305402
-0.77526263	-0.69373445	0.49670359	0.85729679	-22.313844
-0.77526263	-0.69373445	0.49670359	0.85729679	-22.322287
-0.77526263	-0.69373445	0.49670359	0.85729679	-22.330732
-0.77526263	-0.69373445	0.49670359	0.85729679	-22.339177
-0.77526263	-0.69373445	0.49670359	0.85729679	-22.347623
-0.77526263	-0.69373445	0.49670359	0.85729679	-22.35607
-0.77526263	-0.69373445	0.49670359	0.85729679	-22.364519
-0.77526263	-0.69373445	0.49670359	0.85729679	-22.372968
-0.77526263	-0.69373445	0.49670359	0.85729679	-22.381418
-0.77526263	-0.69373445	0.49670359	0.85729679	-22.38987
-0.77526263	-0.69373445	0.49670359	0.85729679	-22.398323
-0.77526263	-0.69373445	0.49670359	0.85729679	-22.406776
-0.77526263	-0.69373445	0.49670359	0.85729679	-22.415231
-0.77526263	-0.69373445	0.49670359	0.85729679	-22.423687
-0.77526263	-0.69373445	0.49670359	0.85729679	-22.432144
-0.77526263	-0.69373445	0.49670359	0.85729679	-22.440601
-0.77526263	-0.69373445	0.49670359	0.85729679	-22.44906
-0.77526263	-0.69373445	0.49670359	0.85729679	-22.45752
-0.77526263	-0.69373445	0.49670359	0.85729679	-22.465981
-0.77526263	-0.69373445	0.49670359	0.85729679	-22.474444
-0.77526263	-0.69373445	0.49670359	0.85729679	-22.482907
-0.77526263	-0.69373445	0.49670359	0.85729679	-22.491371
-0.77526263	-0.69373445	0.49670359	0.85729679	-22.499836
-0.77526263	-0.69373445	0.49670359	0.85729679	-22.508303
-0.77526263	-0.69373445	0.49670359	0.85729679	-22.51677
-0.77526263	-0.69373445	0.49670359	0.85729679	-22.525238
-0.77526263	-0.69373445	0.49670359	0.85729679	-22.533708
-0.77526263	-0.69373445	0.49670359	0.85729679	-22.542178
-0.77526263	-0.69373445	0.49670359	0.85729679	-22.55065
-0.77526263	-0.69373445	0.49670359	0.85729679	-22.559122
-0.77526263	-0.69373445	0.49670359	0.85729679	-22.567596
-0.77526263	-0.69373445	0.49670359	0.85729679	-22.576071
-0.77526263	-0.69373445	0.49670359	0.85729679	-22.584547
-0.77526263	-0.69373445	0.49670359	0.85729679	-22.593023
-0.77526263	-0.69373445	0.49670359	0.85729679	-22.601501
-0.77526263	-0.69373445	0.49670359	0.85729679	-22.60998
-0.77526263	-0.69373445	0.49670359	0.85729679	-22.61846
-0.77526263	-0.69373445	0.49670359	0.85729679	-22.626941
-0.77526263	-0.69373445	0.49670359	0.85729679	-22.635423
-0.77526263	-0.69373445	0.49670359	0.85729679	-22.643906
-0.77526263	-0.69373445	0.49670359	0.85729679	-22.65239
-0.77526263	-0.69373445	0.49670359	0.85729679	-22.660875
-0.77526263	-0.69373445	0.49670359	0.85729679	-22.669362
-0.77526263	-0.69373445	0.49670359	0.85729679	-22.677849
-0.77526263	-0.69373445	0.49670359	0.85729679	-22.686337
-0.77526263	-0.69373445	0.49670359	0.85729679	-22.694826
-0.77526263	-0.69373445	0.49670359	0.85729679	-22.703317
-0.77526263	-0.69373445	0.49670359	0.85729679	-22.711808
-0.77526263	-0.69373445	0.49670359	0.85729679	-22.7203
-0.77526263	-0.69373445	0.49670359	0.85729679	-22.728794
-0.77526263	-0.69373445	0.49670359	0.85729679	-22.737288
-0.77526263	-0.69373445	0.49670359	0.85729679	-22.745784
-0.77526263	-0.69373445	0.49670359	0.85729679	-22.754281
-0.77526263	-0.69373445	0.49670359	0.85729679	-22.762778
-0.77526263	-0.69373445	0.49670359	0.85729679	-22.771277
-0.77526263	-0.69373445	0.49670359	0.85729679	-22.779776
-0.77526263	-0.69373445	0.49670359	0.85729679	-22.788277
-0.77526263	-0.69373445	0.49670359	0.85729679	-22.796779
-0.77526263	-0.69373445	0.49670359	0.85729679	-22.805282
-0.77526263	-0.69373445	0.49670359	0.85729679	-22.813785
-0.77526263	-0.69373445	0.49670359	0.85729679	-22.82229
-0.77526263	-0.69373445	0.49670359	0.85729679	-22.830796
-0.77526263	-0.69373445	0.49670359	0.85729679	-22.839303
-0.77526263	-0.69373445	0.49670359	0.85729679	-22.847811
-0.77526263	-0.69373445	0.49670359	0.85729679	-22.85632
-0.77526263	-0.69373445	0.49670359	0.85729679	-22.86483
-0.77526263	-0.69373445	0.49670359	0.85729679	-22.873341
-0.77526263	-0.69373445	0.49670359	0.85729679	-22.881853
-0.77526263	-0.69373445	0.49670359	0.85729679	-22.890366
-0.77526263	-0.69373445	0.49670359	0.85729679	-22.89888
-0.77526263	-0.69373445	0.49670359	0.85729679	-22.907395
-0.77526263	-0.69373445	0.49670359	0.85729679	-22.915911
-0.77526263	-0.69373445	0.49670359	0.85729679	-22.924428
-0.77526263	-0.69373445	0.49670359	0.85729679	-22.932947
-0.77526263	-0.69373445	0.49670359	0.85729679	-22.941466
-0.77526263	-0.69373445	0.49670359	0.85729679	-22.949986
-0.77526263	-0.69373445	0.49670359	0.85729679	-22.958507
-0.77526263	-0.69373445	0.49670359	0.85729679	-22.967029
-0.77526263	-0.69373445	0.49670359	0.85729679	-22.975553
-0.77526263	-0.69373445	0.49670359	0.85729679	-22.984077
-0.77526263	-0.69373445	0.49670359	0.85729679	-22.992602
-0.77526263	-0.69373445	0.49670359	0.85729679	-23.001129
-0.77526263	-0.69373445	0.49670359	0.85729679	-23.009656
-0.77526263	-0.69373445	0.49670359	0.85729679	-23.018184
-0.77526263	-0.69373445	0.49670359	0.85729679	-23.026714
-0.77526263	-0.69373445	0.49670359	0.85729679	-23.035244
-0.77526263	-0.69373445	0.49670359	0.85729679	-23.043776
-0.77526263	-0.69373445	0.49670359	0.85729679	-23.052308
-0.77526263	-0.69373445	0.49670359	0.85729679	-23.060842
-0.77526263	-0.69373445	0.49670359	0.85729679	-23.069376
-0.77526263	-0.69373445	0.49670359	0.85729679	-23.077912
-0.77526263	-0.69373445	0.49670359	0.85729679	-23.086448
-0.77526263	-0.69373445	0.49670359	0.85729679	-23.094986
-0.77526263	-0.69373445	0.49670359	0.85729679	-23.103524
-0.77526263	-0.69373445	0.49670359	0.85729679	-23.112064
-0.77526263	-0.69373445	0.49670359	0.85729679	-23.120604
-0.77526263	-0.69373445	0.49670359	0.85729679	-23.129146
-0.77526263	-0.69373445	0.49670359	0.85729679	-23.137688
-0.77526263	-0.69373445	0.49670359	0.85729679	-23.146232
-0.77526263	-0.69373445	0.49670359	0.85729679	-23.154776
-0.77526263	-0.69373445	0.49670359	0.85729679	-23.163322
-0.77526263	-0.69373445	0.49670359	0.85729679	-23.171869
-0.77526263	-0.69373445	0.49670359	0.85729679	-23.180416
-0.77526263	-0.69373445	0.49670359	0.85729679	-23.188965
-0.77526263	-0.69373445	0.49670359	0.85729679	-23.197514
-0.77526263	-0.69373445	0.49670359	0.85729679	-23.206065
-0.77526263	-0.69373445	0.49670359	0.85729679	-23.214617
-0.77526263	-0.69373445	0.49670359	0.85729679	-23.223169
-0.77526263	-0.69373445	0.49670359	0.85729679	-23.231723
-0.77526263	-0.69373445	0.49670359	0.85729679	-23.240278
-0.77526263	-0.69373445	0.49670359	0.85729679	-23.248833
-0.77526263	-0.69373445	0.49670359	0.85729679	-23.25739
-0.77526263	-0.69373445	0.49670359	0.85729679	-23.265948
-0.77526263	-0.69373445	0.49670359	0.85729679	-23.274506
-0.77526263	-0.69373445	0.49670359	0.85729679	-23.283066
-0.77526263	-0.69373445	0.49670359	0.85729679	-23.291626
-0.77526263	-0.69373445	0.49670359	0.85729679	-23.300188
-0.77526263	-0.69373445	0.49670359	0.85729679	-23.308751
-0.77526263	-0.69373445	0.49670359	0.85729679	-23.317314
-0.77526263	-0.69373445	0.49670359	0.85729679	-23.325879
-0.77526263	-0.69373445	0.49670359	0.85729679	-23.334445
-0.77526263	-0.69373445	0.49670359	0.85729679	-23.343011
-0.77526263	-0.69373445	0.49670359	0.85729679	-23.351579
-0.77526263	-0.69373445	0.49670359	0.85729679	-23.360148
-0.77526263	-0.69373445	0.49670359	0.85729679	-23.368717
-0.77526263	-0.69373445	0.49670359	0.85729679	-23.377288
-0.77526263	-0.69373445	0.49670359	0.85729679	-23.385859
-0.77526263	-0.69373445	0.49670359	0.85729679	-23.394432
-0.77526263	-0.69373445	0.49670359	0.85729679	-23.403006
-0.77526263	-0.69373445	0.49670359	0.85729679	-23.41158
-0.77526263	-0.69373445	0.49670359	0.85729679	-23.420156
-0.77526263	-0.69373445	0.49670359	0.85729679	-23.428732
-0.77526263	-0.69373445	0.49670359	0.85729679	-23.43731
-0.77526263	-0.69373445	0.49670359	0.85729679	-23.445888
-0.77526263	-0.69373445	0.49670359	0.85729679	-23.454468
-0.77526263	-0.69373445	0.49670359	0.85729679	-23.463048
-0.77526263	-0.69373445	0.49670359	0.85729679	-23.47163
-0.77526263	-0.69373445	0.49670359	0.85729679	-23.480212
-0.77526263	-0.69373445	0.49670359	0.85729679	-23.488796
-0.77526263	-0.69373445	0.49670359	0.85729679	-23.49738
-0.77526263	-0.69373445	0.49670359	0.85729679	-23.505966
-0.77526263	-0.69373445	0.49670359	0.85729679	-23.514552
-0.77526263	-0.69373445	0.49670359	0.85729679	-23.52314
-0.77526263	-0.69373445	0.49670359	0.85729679	-23.531728
-0.77526263	-0.69373445	0.49670359	0.85729679	-23.540318
-0.77526263	-0.69373445	0.49670359	0.85729679	-23.548908
-0.77526263	-0.69373445	0.49670359	0.85729679	-23.557499
-0.77526263	-0.69373445	0.49670359	0.85729679	-23.566092
-0.77526263	-0.69373445	0.49670359	0.85729679	-23.574685
-0.77526263	-0.69373445	0.49670359	0.85729679	-23.583279
-0.77526263	-0.69373445	0.49670359	0.85729679	-23.591874
-0.77526263	-0.69373445	0.49670359	0.85729679	-23.600471
-0.77526263	-0.69373445	0.49670359	0.85729679	-23.609068
-0.77526263	-0.69373445	0.49670359	0.85729679	-23.617666
-0.77526263	-0.69373445	0.49670359	0.85729679	-23.626265
-0.77526263	-0.69373445	0.49670359	0.85729679	-23.634866
-0.77526263	-0.69373445	0.49670359	0.85729679	-23.643467
-0.77526263	-0.69373445	0.49670359	0.85729679	-23.652069
-0.77526263	-0.69373445	0.49670359	0.85729679	-23.660672
-0.77526263	-0.69373445	0.49670359	0.85729679	-23.669276
-0.77526263	-0.69373445	0.49670359	0.85729679	-23.677881
-0.77526263	-0.69373445	0.49670359	0.85729679	-23.686487
-0.77526263	-0.69373445	0.49670359	0.85729679	-23.695094
-0.77526263	-0.69373445	0.49670359	0.85729679	-23.703702
-0.77526263	-0.69373445	0.49670359	0.85729679	-23.712311
-0.77526263	-0.69373445	0.49670359	0.85729679	-23.720921
-0.77526263	-0.69373445	0.49670359	0.85729679	-23.729532
-0.77526263	-0.69373445	0.49670359	0.85729679	-23.738143
-0.77526263	-0.69373445	0.49670359	0.85729679	-23.746756
-0.77526263	-0.69373445	0.49670359	0.85729679	-23.75537
-0.77526263	-0.69373445	0.49670359	0.85729679	-23.763985
-0.77526263	-0.69373445	0.49670359	0.85729679	-23.7726
-0.77526263	-0.69373445	0.49670359	0.85729679	-23.781217
-0.77526263	-0.69373445	0.49670359	0.85729679	-23.789835
-0.77526263	-0.69373445	0.49670359	0.85729679	-23.798453
-0.77526263	-0.69373445	0.49670359	0.85729679	-23.807073
-0.77526263	-0.69373445	0.49670359	0.85729679	-23.815694
-0.77526263	-0.69373445	0.49670359	0.85729679	-23.824315
-0.77526263	-0.69373445	0.49670359	0.85729679	-23.832938
-0.77526263	-0.69373445	0.49670359	0.85729679	-23.841561
-0.77526263	-0.69373445	0.49670359	0.85729679	-23.850185
-0.77526263	-0.69373445	0.49670359	0.85729679	-23.858811
-0.77526263	-0.69373445	0.49670359	0.85729679	-23.867437
-0.77526263	-0.69373445	0.49670359	0.85729679	-23.876064
-0.77526263	-0.69373445	0.49670359	0.85729679	-23.884693
-0.77526263	-0.69373445	0.49670359	0.85729679	-23.893322
-0.77526263	-0.69373445	0.49670359	0.85729679	-23.901952
-0.77526263	-0.69373445	0.49670359	0.85729679	-23.910583
-0.77526263	-0.69373445	0.49670359	0.85729679	-23.919215
-0.77526263	-0.69373445	0.49670359	0.85729679	-23.927848
-0.77526263	-0.69373445	0.49670359	0.85729679	-23.936482
-0.77526263	-0.69373445	0.49670359	0.85729679	-23.945117
-0.77526263	-0.69373445	0.49670359	0.85729679	-23.953753
-0.77526263	-0.69373445	0.49670359	0.85729679	-23.96239
-0.77526263	-0.69373445	0.49670359	0.85729679	-23.971028
-0.77526263	-0.69373445	0.49670359	0.85729679	-23.979666
-0.77526263	-0.69373445	0.49670359	0.85729679	-23.988306
-0.77526263	-0.69373445	0.49670359	0.85729679	-23.996947
-0.77526263	-0.69373445	0.49670359	0.85729679	-24.005588
-0.77526263	-0.69373445	0.49670359	0.85729679	-24.014231
-0.77526263	-0.69373445	0.49670359	0.85729679	-24.022874
-0.77526263	-0.69373445	0.49670359	0.85729679	-24.031519
-0.77526263	-0.69373445	0.49670359	0.85729679	-24.040164
-0.77526263	-0.69373445	0.49670359	0.85729679	-24.048811
-0.77526263	-0.69373445	0.49670359	0.85729679	-24.057458
-0.77526263	-0.69373445	0.49670359	0.85729679	-24.066106
-0.77526263	-0.69373445	0.49670359	0.85729679	-24.074756
-0.77526263	-0.69373445	0.49670359	0.85729679	-24.083406
-0.77526263	-0.69373445	0.49670359	0.85729679	-24.092057
-0.77526263	-0.69373445	0.49670359	0.85729679	-24.100709
-0.77526263	-0.69373445	0.49670359	0.85729679	-24.109362
-0.77526263	-0.69373445	0.49670359	0.85729679	-24.118016
-0.77526263	-0.69373445	0.49670359	0.85729679	-24.126671
-0.77526263	-0.69373445	0.49670359	0.85729679	-24.135326
-0.77526263	-0.69373445	0.49670359	0.85729679	-24.143983
-0.77526263	-0.69373445	0.49670359	0.85729679	-24.152641
-0.77526263	-0.69373445	0.49670359	0.85729679	-24.1613
-0.77526263	-0.69373445	0.49670359	0.85729679	-24.169959
-0.77526263	-0.69373445	0.49670359	0.85729679	-24.17862
-0.77526263	-0.69373445	0.49670359	0.85729679	-24.187281
-0.77526263	-0.69373445	0.49670359	0.85729679	-24.195944
-0.77526263	-0.69373445	0.49670359	0.85729679	-24.204607
-0.77526263	-0.69373445	0.49670359	0.85729679	-24.213271
-0.77526263	-0.69373445	0.49670359	0.85729679	-24.221937
-0.77526263	-0.69373445	0.49670359	0.85729679	-24.230603
-0.77526263	-0.69373445	0.49670359	0.85729679	-24.23927
-0.77526263	-0.69373445	0.49670359	0.85729679	-24.247938
-0.77526263	-0.69373445	0.49670359	0.85729679	-24.256607
-0.77526263	-0.69373445	0.49670359	0.85729679	-24.265277
-0.77526263	-0.69373445	0.49670359	0.85729679	-24.273948
-0.77526263	-0.69373445	0.49670359	0.85729679	-24.282619
-0.77526263	-0.69373445	0.49670359	0.85729679	-24.291292
-0.77526263	-0.69373445	0.49670359	0.85729679	-24.299966
-0.77526263	-0.69373445	0.49670359	0.85729679	-24.30864
-0.77526263	-0.69373445	0.49670359	0.85729679	-24.317316
-0.77526263	-0.69373445	0.49670359	0.85729679	-24.325992
-0.77526263	-0.69373445	0.49670359	0.85729679	-24.33467
-0.77526263	-0.69373445	0.49670359	0.85729679	-24.343348
-0.77526263	-0.69373445	0.49670359	0.85729679	-24.352027
-0.77526263	-0.69373445	0.49670359	0.85729679	-24.360707
-0.77526263	-0.69373445	0.49670359	0.85729679	-24.369388
-0.77526263	-0.69373445	0.49670359	0.85729679	-24.37807
-0.77526263	-0.69373445	0.49670359	0.85729679	-24.386753
-0.77526263	-0.69373445	0.49670359	0.85729679	-24.395437
-0.77526263	-0.69373445	0.49670359	0.85729679	-24.404122
-0.77526263	-0.69373445	0.49670359	0.85729679	-24.412808
-0.77526263	-0.69373445	0.49670359	0.85729679	-24.421494
-0.77526263	-0.69373445	0.49670359	0.85729679	-24.430182
-0.77526263	-0.69373445	0.49670359	0.85729679	-24.43887
-0.77526263	-0.69373445	0.49670359	0.85729679	-24.44756
-0.77526263	-0.69373445	0.49670359	0.85729679	-24.45625
-0.77526263	-0.69373445	0.49670359	0.85729679	-24.464941
-0.77526263	-0.69373445	0.49670359	0.85729679	-24.473633
-0.77526263	-0.69373445	0.49670359	0.85729679	-24.482326
-0.77526263	-0.69373445	0.49670359	0.85729679	-24.49102
-0.77526263	-0.69373445	0.49670359	0.85729679	-24.499715
-0.77526263	-0.69373445	0.49670359	0.85729679	-24.508411
-0.77526263	-0.69373445	0.49670359	0.85729679	-24.517108
-0.77526263	-0.69373445	0.49670359	0.85729679	-24.525806
-0.77526263	-0.69373445	0.49670359	0.85729679	-24.534504
-0.77526263	-0.69373445	0.49670359	0.85729679	-24.543204
-0.77526263	-0.69373445	0.49670359	0.85729679	-24.551904
-0.77526263	-0.69373445	0.49670359	0.85729679	-24.560606
-0.77526263	-0.69373445	0.49670359	0.85729679	-24.569308
-0.77526263	-0.69373445	0.49670359	0.85729679	-24.578011
-0.77526263	-0.69373445	0.49670359	0.85729679	-24.586715
-0.77526263	-0.69373445	0.49670359	0.85729679	-24.59542
-0.77526263	-0.69373445	0.49670359	0.85729679	-24.604126
-0.77526263	-0.69373445	0.49670359	0.85729679	-24.612833
-0.77526263	-0.69373445	0.49670359	0.85729679	-24.62154
-0.77526263	-0.69373445	0.49670359	0.85729679	-24.630249
-0.77526263	-0.69373445	0.49670359	0.85729679	-24.638959
-0.77526263	-0.69373445	0.49670359	0.85729679	-24.647669
-0.77526263	-0.69373445	0.49670359	0.85729679	-24.65638
-0.77526263	-0.69373445	0.49670359	0.85729679	-24.665093
-0.77526263	-0.69373445	0.49670359	0.85729679	-24.673806
-0.77526263	-0.69373445	0.49670359	0.85729679	-24.68252
-0.77526263	-0.69373445	0.49670359	0.85729679	-24.691235
-0.77526263	-0.69373445	0.49670359	0.85729679	-24.699951
-0.77526263	-0.69373445	0.49670359	0.85729679	-24.708668
-0.77526263	-0.69373445	0.49670359	0.85729679	-24.717385
-0.77526263	-0.69373445	0.49670359	0.85729679	-24.726104
-0.77526263	-0.69373445	0.49670359	0.85729679	-24.734824
-0.77526263	-0.69373445	0.49670359	0.85729679	-24.743544
-0.77526263	-0.69373445	0.49670359	0.85729679	-24.752265
-0.77526263	-0.69373445	0.49670359	0.85729679	-24.760987
-0.77526263	-0.69373445	0.49670359	0.85729679	-24.769711
-0.77526263	-0.69373445	0.49670359	0.85729679	-24.778435
-0.77526263	-0.69373445	0.49670359	0.85729679	-24.78716
-0.77526263	-0.69373445	0.49670359	0.85729679	-24.795885
-0.77526263	-0.69373445	0.49670359	0.85729679	-24.804612
-0.77526263	-0.69373445	0.49670359	0.85729679	-24.81334
-0.77526263	-0.69373445	0.49670359	0.85729679	-24.822068
-0.77526263	-0.69373445	0.49670359	0.85729679	-24.830798
-0.77526263	-0.69373445	0.49670359	0.85729679	-24.839528
-0.77526263	-0.69373445	0.49670359	0.85729679	-24.848259
-0.77526263	-0.69373445	0.49670359	0.85729679	-24.856991
-0.77526263	-0.69373445	0.49670359	0.85729679	-24.865724
-0.77526263	-0.69373445	0.49670359	0.85729679	-24.874458
-0.77526263	-0.69373445	0.49670359	0.85729679	-24.883193
-0.77526263	-0.69373445	0.49670359	0.85729679	-24.891928
-0.77526263	-0.69373445	0.49670359	0.85729679	-24.900665
-0.77526263	-0.69373445	0.49670359	0.85729679	-24.909402
-0.77526263	-0.69373445	0.49670359	0.85729679	-24.918141
-0.77526263	-0.69373445	0.49670359	0.85729679	-24.92688
-0.77526263	-0.69373445	0.49670359	0.85729679	-24.93562
-0.77526263	-0.69373445	0.49670359	0.85729679	-24.944361
-0.77526263	-0.69373445	0.49670359	0.85729679	-24.953103
-0.77526263	-0.69373445	0.49670359	0.85729679	-24.961846
-0.77526263	-0.69373445	0.49670359	0.85729679	-24.97059
-0.77526263	-0.69373445	0.49670359	0.85729679	-24.979334
-0.77526263	-0.69373445	0.49670359	0.85729679	-24.98808
-0.77526263	-0.69373445	0.49670359	0.85729679	-24.996826
-0.77526263	-0.69373445	0.49670359	0.85729679	-25.005573
-0.77526263	-0.69373445	0.49670359	0.85729679	-25.014321
-0.77526263	-0.69373445	0.49670359	0.85729679	-25.02307
-0.77526263	-0.69373445	0.49670359	0.85729679	-25.03182
-0.77526263	-0.69373445	0.49670359	0.85729679	-25.040571
-0.77526263	-0.69373445	0.49670359	0.85729679	-25.049322
-0.77526263	-0.69373445	0.49670359	0.85729679	-25.058075
-0.77526263	-0.69373445	0.49670359	0.85729679	-25.066828
-0.77526263	-0.69373445	0.49670359	0.85729679	-25.075583
-0.77526263	-0.69373445	0.49670359	0.85729679	-25.084338
-0.77526263	-0.69373445	0.49670359	0.85729679	-25.093094
-0.77526263	-0.69373445	0.49670359	0.85729679	-25.101851
-0.77526263	-0.69373445	0.49670359	0.85729679	-25.110608
-0.77526263	-0.69373445	0.49670359	0.85729679	-25.119367
-0.77526263	-0.69373445	0.49670359	0.85729679	-25.128127
-0.77526263	-0.69373445	0.49670359	0.85729679	-25.136887
-0.77526263	-0.69373445	0.49670359	0.85729679	-25.145648
-0.77526263	-0.69373445	0.49670359	0.85729679	-25.154411
-0.77526263	-0.69373445	0.49670359	0.85729679	-25.163174
-0.77526263	-0.69373445	0.49670359	0.85729679	-25.171937
-0.77526263	-0.69373445	0.49670359	0.85729679	-25.180702
-0.77526263	-0.69373445	0.49670359	0.85729679	-25.189468
-0.77526263	-0.69373445	0.49670359	0.85729679	-25.198234
-0.77526263	-0.69373445	0.49670359	0.85729679	-25.207002
-0.77526263	-0.69373445	0.49670359	0.85729679	-25.21577
-0.77526263	-0.69373445	0.49670359	0.85729679	-25.224539
-0.77526263	-0.69373445	0.49670359	0.85729679	-25.233309
-0.77526263	-0.69373445	0.49670359	0.85729679	-25.24208
-0.77526263	-0.69373445	0.49670359	0.85729679	-25.250852
-0.77526263	-0.69373445	0.49670359	0.85729679	-25.259625
-0.77526263	-0.69373445	0.49670359	0.85729679	-25.268398
-0.77526263	-0.69373445	0.49670359	0.85729679	-25.277172
-0.77526263	-0.69373445	0.49670359	0.85729679	-25.285948
-0.77526263	-0.69373445	0.49670359	0.85729679	-25.294724
-0.77526263	-0.69373445	0.49670359	0.85729679	-25.303501
-0.77526263	-0.69373445	0.49670359	0.85729679	-25.312278
-0.77526263	-0.69373445	0.49670359	0.85729679	-25.321057
-0.77526263	-0.69373445	0.49670359	0.85729679	-25.329837
-0.77526263	-0.69373445	0.49670359	0.85729679	-25.338617
-0.77526263	-0.69373445	0.49670359	0.85729679	-25.347398
-0.77526263	-0.69373445	0.49670359	0.85729679	-25.35618
-0.77526263	-0.69373445	0.49670359	0.85729679	-25.364963
-0.77526263	-0.69373445	0.49670359	0.85729679	-25.373747
-0.77526263	-0.69373445	0.49670359	0.85729679	-25.382532
-0.77526263	-0.69373445	0.49670359	0.85729679	-25.391317
-0.77526263	-0.69373445	0.49670359	0.85729679	-25.400104
-0.77526263	-0.69373445	0.49670359	0.85729679	-25.408891
-0.77526263	-0.69373445	0.49670359	0.85729679	-25.417679
-0.77526263	-0.69373445	0.49670359	0.85729679	-25.426468
-0.77526263	-0.69373445	0.49670359	0.85729679	-25.435258
-0.77526263	-0.69373445	0.49670359	0.85729679	-25.444049
-0.77526263	-0.69373445	0.49670359	0.85729679	-25.45284
-0.77526263	-0.69373445	0.49670359	0.85729679	-25.461633
-0.77526263	-0.69373445	0.49670359	0.85729679	-25.470426
-0.77526263	-0.69373445	0.49670359	0.85729679	-25.47922
-0.77526263	-0.69373445	0.49670359	0.85729679	-25.488015
-0.77526263	-0.69373445	0.49670359	0.85729679	-25.496811
-0.77526263	-0.69373445	0.49670359	0.85729679	-25.505608
-0.77526263	-0.69373445	0.49670359	0.85729679	-25.514405
-0.77526263	-0.69373445	0.49670359	0.85729679	-25.523204
-0.77526263	-0.69373445	0.49670359	0.85729679	-25.532003
-0.77526263	-0.69373445	0.49670359	0.85729679	-25.540803
-0.77526263	-0.69373445	0.49670359	0.85729679	-25.549604
-0.77526263	-0.69373445	0.49670359	0.85729679	-25.558406
-0.77526263	-0.69373445	0.49670359	0.85729679	-25.567208
-0.77526263	-0.69373445	0.49670359	0.85729679	-25.576012
-0.77526263	-0.69373445	0.49670359	0.85729679	-25.584816
-0.77526263	-0.69373445	0.49670359	0.85729679	-25.593621
-0.77526263	-0.69373445	0.49670359	0.85729679	-25.602427
-0.77526263	-0.69373445	0.49670359	0.85729679	-25.611234
-0.77526263	-0.69373445	0.49670359	0.85729679	-25.620042
-0.77526263	-0.69373445	0.49670359	0.85729679	-25.62885
-0.77526263	-0.69373445	0.49670359	0.85729679	-25.637659
-0.77526263	-0.69373445	0.49670359	0.85729679	-25.64647
-0.77526263	-0.69373445	0.49670359	0.85729679	-25.655281
-0.77526263	-0.69373445	0.49670359	0.85729679	-25.664093
-0.77526263	-0.69373445	0.49670359	0.85729679	-25.672905
-0.77526263	-0.69373445	0.49670359	0.85729679	-25.681719
-0.77526263	-0.69373445	0.49670359	0.85729679	-25.690533
-0.77526263	-0.69373445	0.49670359	0.85729679	-25.699348
-0.77526263	-0.69373445	0.49670359	0.85729679	-25.708165
-0.77526263	-0.69373445	0.49670359	0.85729679	-25.716981
-0.77526263	-0.69373445	0.49670359	0.85729679	-25.725799
-0.77526263	-0.69373445	0.49670359	0.85729679	-25.734618
-0.77526263	-0.69373445	0.49670359	0.85729679	-25.743437
-0.77526263	-0.69373445	0.49670359	0.85729679	-25.752258
-0.77526263	-0.69373445	0.49670359	0.85729679	-25.761079
-0.77526263	-0.69373445	0.49670359	0.85729679	-25.769901
-0.77526263	-0.69373445	0.49670359	0.85729679	-25.778723
-0.77526263	-0.69373445	0.49670359	0.85729679	-25.787547
-0.77526263	-0.69373445	0.49670359	0.85729679	-25.796371
-0.77526263	-0.69373445	0.49670359	0.85729679	-25.805197
-0.77526263	-0.69373445	0.49670359	0.85729679	-25.814023
-0.77526263	-0.69373445	0.49670359	0.85729679	-25.82285
-0.77526263	-0.69373445	0.49670359	0.85729679	-25.831677
-0.77526263	-0.69373445	0.49670359	0.85729679	-25.840506
-0.77526263	-0.69373445	0.49670359	0.85729679	-25.849335
-0.77526263	-0.69373445	0.49670359	0.85729679	-25.858165
-0.77526263	-0.69373445	0.49670359	0.85729679	-25.866997
-0.77526263	-0.69373445	0.49670359	0.85729679	-25.875828
-0.77526263	-0.69373445	0.49670359	0.85729679	-25.884661
-0.77526263	-0.69373445	0.49670359	0.85729679	-25.893495
-0.77526263	-0.69373445	0.49670359	0.85729679	-25.902329
-0.77526263	-0.69373445	0.49670359	0.85729679	-25.911164
-0.77526263	-0.69373445	0.49670359	0.85729679	-25.92
-0.77526263	-0.69373445	0.49670359	0.85729679	-25.928837
-0.77526263	-0.69373445	0.49670359	0.85729679	-25.937675
-0.77526263	-0.69373445	0.49670359	0.85729679	-25.946513
-0.77526263	-0.69373445	0.49670359	0.85729679	-25.955352
-0.77526263	-0.69373445	0.49670359	0.85729679	-25.964192
-0.77526263	-0.69373445	0.49670359	0.85729679	-25.973033
-0.77526263	-0.69373445	0.49670359	0.85729679	-25.981875
-0.77526263	-0.69373445	0.49670359	0.85729679	-25.990718
-0.77526263	-0.69373445	0.49670359	0.85729679	-25.999561
-0.77526263	-0.69373445	0.49670359	0.85729679	-26.008405
-0.77526263	-0.69373445	0.49670359	0.85729679	-26.01725
-0.77526263	-0.69373445	0.49670359	0.85729679	-26.026096
-0.77526263	-0.69373445	0.49670359	0.85729679	-26.034943
-0.77526263	-0.69373445	0.49670359	0.85729679	-26.04379
-0.77526263	-0.69373445	0.49670359	0.85729679	-26.052638
-0.77526263	-0.69373445	0.49670359	0.85729679	-26.061488
-0.77526263	-0.69373445	0.49670359	0.85729679	-26.070337
-0.77526263	-0.69373445	0.49670359	0.85729679	-26.079188
-0.77526263	-0.69373445	0.49670359	0.85729679	-26.08804
-0.77526263	-0.69373445	0.49670359	0.85729679	-26.096892
-0.77526263	-0.69373445	0.49670359	0.85729679	-26.105745
-0.77526263	-0.69373445	0.49670359	0.85729679	-26.114599
-0.77526263	-0.69373445	0.49670359	0.85729679	-26.123454
-0.77526263	-0.69373445	0.49670359	0.85729679	-26.132309
-0.77526263	-0.69373445	0.49670359	0.85729679	-26.141166
-0.77526263	-0.69373445	0.49670359	0.85729679	-26.150023
-0.77526263	-0.69373445	0.49670359	0.85729679	-26.158881
-0.77526263	-0.69373445	0.49670359	0.85729679	-26.16774
-0.77526263	-0.69373445	0.49670359	0.85729679	-26.176599
-0.77526263	-0.69373445	0.49670359	0.85729679	-26.18546
-0.77526263	-0.69373445	0.49670359	0.85729679	-26.194321
-0.77526263	-0.69373445	0.49670359	0.85729679	-26.203183
-0.77526263	-0.69373445	0.49670359	0.85729679	-26.212046
-0.77526263	-0.69373445	0.49670359	0.85729679	-26.220909
-0.77526263	-0.69373445	0.49670359	0.85729679	-26.229774
-0.77526263	-0.69373445	0.49670359	0.85729679	-26.238639
-0.77526263	-0.69373445	0.49670359	0.85729679	-26.247505
-0.77526263	-0.69373445	0.49670359	0.85729679	-26.256372
-0.77526263	-0.69373445	0.49670359	0.85729679	-26.26524
-0.77526263	-0.69373445	0.49670359	0.85729679	-26.274108
-0.77526263	-0.69373445	0.49670359	0.85729679	-26.282977
-0.77526263	-0.69373445	0.49670359	0.85729679	-26.291847
-0.77526263	-0.69373445	0.49670359	0.85729679	-26.300718
-0.77526263	-0.69373445	0.49670359	0.85729679	-26.30959
-0.77526263	-0.69373445	0.49670359	0.85729679	-26.318462
-0.77526263	-0.69373445	0.49670359	0.85729679	-26.327335
-0.77526263	-0.69373445	0.49670359	0.85729679	-26.336209
-0.77526263	-0.69373445	0.49670359	0.85729679	-26.345084
-0.77526263	-0.69373445	0.49670359	0.85729679	-26.35396
-0.77526263	-0.69373445	0.49670359	0.85729679	-26.362836
-0.77526263	-0.69373445	0.49670359	0.85729679	-26.371713
-0.77526263	-0.69373445	0.49670359	0.85729679	-26.380591
-0.77526263	-0.69373445	0.49670359	0.85729679	-26.38947
-0.77526263	-0.69373445	0.49670359	0.85729679	-26.398349
-0.77526263	-0.69373445	0.49670359	0.85729679	-26.40723
-0.77526263	-0.69373445	0.49670359	0.85729679	-26.416111
-0.77526263	-0.69373445	0.49670359	0.85729679	-26.424993
-0.77526263	-0.69373445	0.49670359	0.85729679	-26.433875
-0.77526263	-0.69373445	0.49670359	0.85729679	-26.442759
-0.77526263	-0.69373445	0.49670359	0.85729679	-26.451643
-0.77526263	-0.69373445	0.49670359	0.85729679	-26.460528
-0.77526263	-0.69373445	0.49670359	0.85729679	-26.469414
-0.77526263	-0.69373445	0.49670359	0.85729679	-26.478301
-0.77526263	-0.69373445	0.49670359	0.85729679	-26.487188
-0.77526263	-0.69373445	0.49670359	0.85729679	-26.496076
-0.77526263	-0.69373445	0.49670359	0.85729679	-26.504965
-0.77526263	-0.69373445	0.49670359	0.85729679	-26.513855
-0.77526263	-0.69373445	0.49670359	0.85729679	-26.522746
-0.77526263	-0.69373445	0.49670359	0.85729679	-26.531637
-0.77526263	-0.69373445	0.49670359	0.85729679	-26.540529
-0.77526263	-0.69373445	0.49670359	0.85729679	-26.549422
-0.77526263	-0.69373445	0.49670359	0.85729679	-26.558316
-0.77526263	-0.69373445	0.49670359	0.85729679	-26.56721
-0.77526263	-0.69373445	0.49670359	0.85729679	-26.576105
-0.77526263	-0.69373445	0.49670359	0.85729679	-26.585001
-0.77526263	-0.69373445	0.49670359	0.85729679	-26.593898
-0.77526263	-0.69373445	0.49670359	0.85729679	-26.602796
-0.77526263	-0.69373445	0.49670359	0.85729679	-26.611694
-0.77526263	-0.69373445	0.49670359	0.85729679	-26.620593
-0.77526263	-0.69373445	0.49670359	0.85729679	-26.629493
-0.77526263	-0.69373445	0.49670359	0.85729679	-26.638394
-0.77526263	-0.69373445	0.49670359	0.85729679	-26.647295
-0.77526263	-0.69373445	0.49670359	0.85729679	-26.656197
-0.77526263	-0.69373445	0.49670359	0.85729679	-26.6651
-0.77526263	-0.69373445	0.49670359	0.85729679	-26.674004
-0.77526263	-0.69373445	0.49670359	0.85729679	-26.682909
-0.77526263	-0.69373445	0.49670359	0.85729679	-26.691814
-0.77526263	-0.69373445	0.49670359	0.85729679	-26.70072
-0.77526263	-0.69373445	0.49670359	0.85729679	-26.709627
-0.77526263	-0.69373445	0.49670359	0.85729679	-26.718534
-0.77526263	-0.69373445	0.49670359	0.85729679	-26.727443
-0.77526263	-0.69373445	0.49670359	0.85729679	-26.736352
-0.77526263	-0.69373445	0.49670359	0.85729679	-26.745262
-0.77526263	-0.69373445	0.49670359	0.85729679	-26.754172
-0.77526263	-0.69373445	0.49670359	0.85729679	-26.763084
-0.77526263	-0.69373445	0.49670359	0.85729679	-26.771996
-0.77526263	-0.69373445	0.49670359	0.85729679	-26.780909
-0.77526263	-0.69373445	0.49670359	0.85729679	-26.789823
-0.77526263	-0.69373445	0.49670359	0.85729679	-26.798737
-0.77526263	-0.69373445	0.49670359	0.85729679	-26.807653
-0.77526263	-0.69373445	0.49670359	0.85729679	-26.816569
-0.77526263	-0.69373445	0.49670359	0.85729679	-26.825485
-0.77526263	-0.69373445	0.49670359	0.85729679	-26.834403
-0.77526263	-0.69373445	0.49670359	0.85729679	-26.843321
-0.77526263	-0.69373445	0.49670359	0.85729679	-26.85224
-0.77526263	-0.69373445	0.49670359	0.85729679	-26.86116
-0.77526263	-0.69373445	0.49670359	0.85729679	-26.870081
-0.77526263	-0.69373445	0.49670359	0.85729679	-26.879002
-0.77526263	-0.69373445	0.49670359	0.85729679	-26.887924
-0.77526263	-0.69373445	0.49670359	0.85729679	-26.896847
-0.77526263	-0.69373445	0.49670359	0.85729679	-26.90577
-0.77526263	-0.69373445	0.49670359	0.85729679	-26.914695
-0.77526263	-0.69373445	0.49670359	0.85729679	-26.92362
-0.77526263	-0.69373445	0.49670359	0.85729679	-26.932546
-0.77526263	-0.69373445	0.49670359	0.85729679	-26.941472
-0.77526263	-0.69373445	0.49670359	0.85729679	-26.9504
-0.77526263	-0.69373445	0.49670359	0.85729679	-26.959328
-0.77526263	-0.69373445	0.49670359	0.85729679	-26.968257
-0.77526263	-0.69373445	0.49670359	0.85729679	-26.977186
-0.77526263	-0.69373445	0.49670359	0.85729679	-26.986117
-0.77526263	-0.69373445	0.49670359	0.85729679	-26.995048
-0.77526263	-0.69373445	0.49670359	0.85729679	-27.00398
-0.77526263	-0.69373445	0.49670359	0.85729679	-27.012912
-0.77526263	-0.69373445	0.49670359	0.85729679	-27.021846
-0.77526263	-0.69373445	0.49670359	0.85729679	-27.03078
-0.77526263	-0.69373445	0.49670359	0.85729679	-27.039715
-0.77526263	-0.69373445	0.49670359	0.85729679	-27.04865
-0.77526263	-0.69373445	0.49670359	0.85729679	-27.057587
-0.77526263	-0.69373445	0.49670359	0.85729679	-27.066524
-0.77526263	-0.69373445	0.49670359	0.85729679	-27.075462
-0.77526263	-0.69373445	0.49670359	0.85729679	-27.0844
-0.77526263	-0.69373445	0.49670359	0.85729679	-27.09334
-0.77526263	-0.69373445	0.49670359	0.85729679	-27.10228
-0.77526263	-0.69373445	0.49670359	0.85729679	-27.11122
-0.77526263	-0.69373445	0.49670359	0.85729679	-27.120162
-0.77526263	-0.69373445	0.49670359	0.85729679	-27.129104
-0.77526263	-0.69373445	0.49670359	0.85729679	-27.138047
-0.77526263	-0.69373445	0.49670359	0.85729679	-27.146991
-0.77526263	-0.69373445	0.49670359	0.85729679	-27.155936
-0.77526263	-0.69373445	0.49670359	0.85729679	-27.164881
-0.77526263	-0.69373445	0.49670359	0.85729679	-27.173827
-0.77526263	-0.69373445	0.49670359	0.85729679	-27.182774
-0.77526263	-0.69373445	0.49670359	0.85729679	-27.191721
-0.77526263	-0.69373445	0.49670359	0.85729679	-27.200669
-0.77526263	-0.69373445	0.49670359	0.85729679	-27.209618
-0.77526263	-0.69373445	0.49670359	0.85729679	-27.218568
-0.77526263	-0.69373445	0.49670359	0.85729679	-27.227518
-0.77526263	-0.69373445	0.49670359	0.85729679	-27.236469
-0.77526263	-0.69373445	0.49670359	0.85729679	-27.245421
-0.77526263	-0.69373445	0.49670359	0.85729679	-27.254374
-0.77526263	-0.69373445	0.49670359	0.85729679	-27.263327
-0.77526263	-0.69373445	0.49670359	0.85729679	-27.272281
-0.77526263	-0.69373445	0.49670359	0.85729679	-27.281236
-0.77526263	-0.69373445	0.49670359	0.85729679	-27.290192
-0.77526263	-0.69373445	0.49670359	0.85729679	-27.299148
-0.77526263	-0.69373445	0.49670359	0.85729679	-27.308105
-0.77526263	-0.69373445	0.49670359	0.85729679	-27.317063
-0.77526263	-0.69373445	0.49670359	0.85729679	-27.326021
-0.77526263	-0.69373445	0.49670359	0.85729679	-27.33498
-0.77526263	-0.69373445	0.49670359	0.85729679	-27.34394
-0.77526263	-0.69373445	0.49670359	0.85729679	-27.352901
-0.77526263	-0.69373445	0.49670359	0.85729679	-27.361862
-0.77526263	-0.69373445	0.49670359	0.85729679	-27.370824
-0.77526263	-0.69373445	0.49670359	0.85729679	-27.379787
-0.77526263	-0.69373445	0.49670359	0.85729679	-27.38875
-0.77526263	-0.69373445	0.49670359	0.85729679	-27.397715
-0.77526263	-0.69373445	0.49670359	0.85729679	-27.40668
-0.77526263	-0.69373445	0.49670359	0.85729679	-27.415645
-0.77526263	-0.69373445	0.49670359	0.85729679	-27.424612
-0.77526263	-0.69373445	0.49670359	0.85729679	-27.433579
-0.77526263	-0.69373445	0.49670359	0.85729679	-27.442547
-0.77526263	-0.69373445	0.49670359	0.85729679	-27.451515
-0.77526263	-0.69373445	0.49670359	0.85729679	-27.460485
-0.77526263	-0.69373445	0.49670359	0.85729679	-27.469455
-0.77526263	-0.69373445	0.49670359	0.85729679	-27.478425
-0.77526263	-0.69373445	0.49670359	0.85729679	-27.487397
-0.77526263	-0.69373445	0.49670359	0.85729679	-27.496369
-0.77526263	-0.69373445	0.49670359	0.85729679	-27.505342
-0.77526263	-0.69373445	0.49670359	0.85729679	-27.514315
-0.77526263	-0.69373445	0.49670359	0.85729679	-27.52329
-0.77526263	-0.69373445	0.49670359	0.85729679	-27.532265
-0.77526263	-0.69373445	0.49670359	0.85729679	-27.54124
-0.77526263	-0.69373445	0.49670359	0.85729679	-27.550217
-0.77526263	-0.69373445	0.49670359	0.85729679	-27.559194
-0.77526263	-0.69373445	0.49670359	0.85729679	-27.568172
-0.77526263	-0.69373445	0.49670359	0.85729679	-27.57715
-0.77526263	-0.69373445	0.49670359	0.85729679	-27.586129
-0.77526263	-0.69373445	0.49670359	0.85729679	-27.595109
-0.77526263	-0.69373445	0.49670359	0.85729679	-27.60409
-0.77526263	-0.69373445	0.49670359	0.85729679	-27.613071
-0.77526263	-0.69373445	0.49670359	0.85729679	-27.622054
-0.77526263	-0.69373445	0.49670359	0.85729679	-27.631036
-0.77526263	-0.69373445	0.49670359	0.85729679	-27.64002
-0.77526263	-0.69373445	0.49670359	0.85729679	-27.649004
-0.77526263	-0.69373445	0.49670359	0.85729679	-27.657989
-0.77526263	-0.69373445	0.49670359	0.85729679	-27.666975
-0.77526263	-0.69373445	0.49670359	0.85729679	-27.675961
-0.77526263	-0.69373445	0.49670359	0.85729679	-27.684948
-0.77526263	-0.69373445	0.49670359	0.85729679	-27.693936
-0.77526263	-0.69373445	0.49670359	0.85729679	-27.702924
-0.77526263	-0.69373445	0.49670359	0.85729679	-27.711913
-0.77526263	-0.69373445	0.49670359	0.85729679	-27.720903
-0.77526263	-0.69373445	0.49670359	0.85729679	-27.729894
-0.77526263	-0.69373445	0.49670359	0.85729679	-27.738885
-0.77526263	-0.69373445	0.49670359	0.85729679	-27.747877
-0.77526263	-0.69373445	0.49670359	0.85729679	-27.756869
-0.77526263	-0.69373445	0.49670359	0.85729679	-27.765863
-0.77526263	-0.69373445	0.49670359	0.85729679	-27.774857
-0.77526263	-0.69373445	0.49670359	0.85729679	-27.783851
-0.77526263	-0.69373445	0.49670359	0.85729679	-27.792847
-0.77526263	-0.69373445	0.49670359	0.85729679	-27.801843
-0.77526263	-0.69373445	0.49670359	0.85729679	-27.81084
-0.77526263	-0.69373445	0.49670359	0.85729679	-27.819837
-0.77526263	-0.69373445	0.49670359	0.85729679	-27.828835
-0.77526263	-0.69373445	0.49670359	0.85729679	-27.837834
-0.77526263	-0.69373445	0.49670359	0.85729679	-27.846834
-0.77526263	-0.69373445	0.49670359	0.85729679	-27.855834
-0.77526263	-0.69373445	0.49670359	0.85729679	-27.864835
-0.77526263	-0.69373445	0.49670359	0.85729679	-27.873837
-0.77526263	-0.69373445	0.49670359	0.85729679	-27.882839
-0.77526263	-0.69373445	0.49670359	0.85729679	-27.891842
-0.77526263	-0.69373445	0.49670359	0.85729679	-27.900846
-0.77526263	-0.69373445	0.49670359	0.85729679	-27.90985
-0.77526263	-0.69373445	0.49670359	0.85729679	-27.918855
-0.77526263	-0.69373445	0.49670359	0.85729679	-27.927861
-0.77526263	-0.69373445	0.49670359	0.85729679	-27.936867
-0.77526263	-0.69373445	0.49670359	0.85729679	-27.945875
-0.77526263	-0.69373445	0.49670359	0.85729679	-27.954882
-0.77526263	-0.69373445	0.49670359	0.85729679	-27.963891
-0.77526263	-0.69373445	0.49670359	0.85729679	-27.9729
-0.77526263	-0.69373445	0.49670359	0.85729679	-27.98191
-0.77526263	-0.69373445	0.49670359	0.85729679	-27.99092
-0.77526263	-0.69373445	0.49670359	0.85729679	-27.999932
-0.77526263	-0.69373445	0.49670359	0.85729679	-28.008944
-0.77526263	-0.69373445	0.49670359	0.85729679	-28.017956
-0.77526263	-0.69373445	0.49670359	0.85729679	-28.026969
-0.77526263	-0.69373445	0.49670359	0.85729679	-28.035983
-0.77526263	-0.69373445	0.49670359	0.85729679	-28.044998
-0.77526263	-0.69373445	0.49670359	0.85729679	-28.054013
-0.77526263	-0.69373445	0.49670359	0.85729679	-28.063029
-0.77526263	-0.69373445	0.49670359	0.85729679	-28.072046
-0.77526263	-0.69373445	0.49670359	0.85729679	-28.081063
-0.77526263	-0.69373445	0.49670359	0.85729679	-28.090081
-0.77526263	-0.69373445	0.49670359	0.85729679	-28.0991
-0.77526263	-0.69373445	0.49670359	0.85729679	-28.108119
-0.77526263	-0.69373445	0.49670359	0.85729679	-28.117139
-0.77526263	-0.69373445	0.49670359	0.85729679	-28.12616
-0.77526263	-0.69373445	0.49670359	0.85729679	-28.135181
-0.77526263	-0.69373445	0.49670359	0.85729679	-28.144203
-0.77526263	-0.69373445	0.49670359	0.85729679	-28.153226
-0.77526263	-0.69373445	0.49670359	0.85729679	-28.16225
-0.77526263	-0.69373445	0.49670359	0.85729679	-28.171274
-0.77526263	-0.69373445	0.49670359	0.85729679	-28.180298
-0.77526263	-0.69373445	0.49670359	0.85729679	-28.189324
-0.77526263	-0.69373445	0.49670359	0.85729679	-28.19835
-0.77526263	-0.69373445	0.49670359	0.85729679	-28.207376
-0.77526263	-0.69373445	0.49670359	0.85729679	-28.216404
-0.77526263	-0.69373445	0.49670359	0.85729679	-28.225432
-0.77526263	-0.69373445	0.49670359	0.85729679	-28.234461
-0.77526263	-0.69373445	0.49670359	0.85729679	-28.24349
-0.77526263	-0.69373445	0.49670359	0.85729679	-28.25252
-0.77526263	-0.69373445	0.49670359	0.85729679	-28.261551
-0.77526263	-0.69373445	0.49670359	0.85729679	-28.270582
-0.77526263	-0.69373445	0.49670359	0.85729679	-28.279614
-0.77526263	-0.69373445	0.49670359	0.85729679	-28.288647
-0.77526263	-0.69373445	0.49670359	0.85729679	-28.29768
-0.77526263	-0.69373445	0.49670359	0.85729679	-28.306714
-0.77526263	-0.69373445	0.49670359	0.85729679	-28.315749
-0.77526263	-0.69373445	0.49670359	0.85729679	-28.324784
-0.77526263	-0.69373445	0.49670359	0.85729679	-28.33382
-0.77526263	-0.69373445	0.49670359	0.85729679	-28.342857
-0.77526263	-0.69373445	0.49670359	0.85729679	-28.351894
-0.77526263	-0.69373445	0.49670359	0.85729679	-28.360932
-0.77526263	-0.69373445	0.49670359	0.85729679	-28.369971
-0.77526263	-0.69373445	0.49670359	0.85729679	-28.37901
-0.77526263	-0.69373445	0.49670359	0.85729679	-28.38805
-0.77526263	-0.69373445	0.49670359	0.85729679	-28.397091
-0.77526263	-0.69373445	0.49670359	0.85729679	-28.406132
-0.77526263	-0.69373445	0.49670359	0.85729679	-28.415174
-0.77526263	-0.69373445	0.49670359	0.85729679	-28.424216
-0.77526263	-0.69373445	0.49670359	0.85729679	-28.433259
-0.77526263	-0.69373445	0.49670359	0.85729679	-28.442303
-0.77526263	-0.69373445	0.49670359	0.85729679	-28.451348
-0.77526263	-0.69373445	0.49670359	0.85729679	-28.460393
-0.77526263	-0.69373445	0.49670359	0.85729679	-28.469439
-0.77526263	-0.69373445	0.49670359	0.85729679	-28.478485
-0.77526263	-0.69373445	0.49670359	0.85729679	-28.487532
-0.77526263	-0.69373445	0.49670359	0.85729679	-28.49658
-0.77526263	-0.69373445	0.49670359	0.85729679	-28.505628
-0.77526263	-0.69373445	0.49670359	0.85729679	-28.514677
-0.77526263	-0.69373445	0.49670359	0.85729679	-28.523727
-0.77526263	-0.69373445	0.49670359	0.85729679	-28.532777
-0.77526263	-0.69373445	0.49670359	0.85729679	-28.541828
-0.77526263	-0.69373445	0.49670359	0.85729679	-28.55088
-0.77526263	-0.69373445	0.49670359	0.85729679	-28.559932
-0.77526263	-0.69373445	0.49670359	0.85729679	-28.568985
-0.77526263	-0.69373445	0.49670359	0.85729679	-28.578039
-0.77526263	-0.69373445	0.49670359	0.85729679	-28.587093
-0.77526263	-0.69373445	0.49670359	0.85729679	-28.596148
-0.77526263	-0.69373445	0.49670359	0.85729679	-28.605203
-0.77526263	-0.69373445	0.49670359	0.85729679	-28.614259
-0.77526263	-0.69373445	0.49670359	0.85729679	-28.623316
-0.77526263	-0.69373445	0.49670359	0.85729679	-28.632373
-0.77526263	-0.69373445	0.49670359	0.85729679	-28.641431
-0.77526263	-0.69373445	0.49670359	0.85729679	-28.65049
-0.77526263	-0.69373445	0.49670359	0.85729679	-28.659549
-0.77526263	-0.69373445	0.49670359	0.85729679	-28.668609
-0.77526263	-0.69373445	0.49670359	0.85729679	-28.677669
-0.77526263	-0.69373445	0.49670359	0.85729679	-28.686731
-0.77526263	-0.69373445	0.49670359	0.85729679	-28.695792
-0.77526263	-0.69373445	0.49670359	0.85729679	-28.704855
-0.77526263	-0.69373445	0.49670359	0.85729679	-28.713918
-0.77526263	-0.69373445	0.49670359	0.85729679	-28.722982
-0.77526263	-0.69373445	0.49670359	0.85729679	-28.732046
-0.77526263	-0.69373445	0.49670359	0.85729679	-28.741111
-0.77526263	-0.69373445	0.49670359	0.85729679	-28.750177
-0.77526263	-0.69373445	0.49670359	0.85729679	-28.759243
-0.77526263	-0.69373445	0.49670359	0.85729679	-28.76831
-0.77526263	-0.69373445	0.49670359	0.85729679	-28.777377
-0.77526263	-0.69373445	0.49670359	0.85729679	-28.786445
-0.77526263	-0.69373445	0.49670359	0.85729679	-28.795514
-0.77526263	-0.69373445	0.49670359	0.85729679	-28.804583
-0.77526263	-0.69373445	0.49670359	0.85729679	-28.813653
-0.77526263	-0.69373445	0.49670359	0.85729679	-28.822724
-0.77526263	-0.69373445	0.49670359	0.85729679	-28.831795
-0.77526263	-0.69373445	0.49670359	0.85729679	-28.840867
-0.77526263	-0.69373445	0.49670359	0.85729679	-28.849939
-0.77526263	-0.69373445	0.49670359	0.85729679	-28.859013
-0.77526263	-0.69373445	0.49670359	0.85729679	-28.868086
-0.77526263	-0.69373445	0.49670359	0.85729679	-28.877161
-0.77526263	-0.69373445	0.49670359	0.85729679	-28.886236
-0.77526263	-0.69373445	0.49670359	0.85729679	-28.895311
-0.77526263	-0.69373445	0.49670359	0.85729679	-28.904387
-0.77526263	-0.69373445	0.49670359	0.85729679	-28.913464
-0.77526263	-0.69373445	0.49670359	0.85729679	-28.922542
-0.77526263	-0.69373445	0.49670359	0.85729679	-28.93162
-0.77526263	-0.69373445	0.49670359	0.85729679	-28.940698
-0.77526263	-0.69373445	0.49670359	0.85729679	-28.949778
-0.77526263	-0.69373445	0.49670359	0.85729679	-28.958858
-0.77526263	-0.69373445	0.49670359	0.85729679	-28.967938
-0.77526263	-0.69373445	0.49670359	0.85729679	-28.977019
-0.77526263	-0.69373445	0.49670359	0.85729679	-28.986101
-0.77526263	-0.69373445	0.49670359	0.85729679	-28.995183
-0.77526263	-0.69373445	0.49670359	0.85729679	-29.004266
-0.77526263	-0.69373445	0.49670359	0.85729679	-29.01335
-0.77526263	-0.69373445	0.49670359	0.85729679	-29.022434
-0.77526263	-0.69373445	0.49670359	0.85729679	-29.031519
-0.77526263	-0.69373445	0.49670359	0.85729679	-29.040604
-0.77526263	-0.69373445	0.49670359	0.85729679	-29.04969
-0.77526263	-0.69373445	0.49670359	0.85729679	-29.058777
-0.77526263	-0.69373445	0.49670359	0.85729679	-29.067864
-0.77526263	-0.69373445	0.49670359	0.85729679	-29.076952
-0.77526263	-0.69373445	0.49670359	0.85729679	-29.08604
-0.77526263	-0.69373445	0.49670359	0.85729679	-29.095129
-0.77526263	-0.69373445	0.49670359	0.85729679	-29.104219
-0.77526263	-0.69373445	0.49670359	0.85729679	-29.113309
-0.77526263	-0.69373445	0.49670359	0.85729679	-29.1224
-0.77526263	-0.69373445	0.49670359	0.85729679	-29.131492
-0.77526263	-0.69373445	0.49670359	0.85729679	-29.140584
-0.77526263	-0.69373445	0.49670359	0.85729679	-29.149676
-0.77526263	-0.69373445	0.49670359	0.85729679	-29.15877
-0.77526263	-0.69373445	0.49670359	0.85729679	-29.167864
-0.77526263	-0.69373445	0.49670359	0.85729679	-29.176958
-0.77526263	-0.69373445	0.49670359	0.85729679	-29.186053
-0.77526263	-0.69373445	0.49670359	0.85729679	-29.195149
-0.77526263	-0.69373445	0.49670359	0.85729679	-29.204245
-0.77526263	-0.69373445	0.49670359	0.85729679	-29.213342
-0.77526263	-0.69373445	0.49670359	0.85729679	-29.222439
-0.77526263	-0.69373445	0.49670359	0.85729679	-29.231537
-0.77526263	-0.69373445	0.49670359	0.85729679	-29.240636
-0.77526263	-0.69373445	0.49670359	0.85729679	-29.249735
-0.77526263	-0.69373445	0.49670359	0.85729679	-29.258835
-0.77526263	-0.69373445	0.49670359	0.85729679	-29.267936
-0.77526263	-0.69373445	0.49670359	0.85729679	-29.277037
-0.77526263	-0.69373445	0.49670359	0.85729679	-29.286138
-0.77526263	-0.69373445	0.49670359	0.85729679	-29.29524
-0.77526263	-0.69373445	0.49670359	0.85729679	-29.304343
-0.77526263	-0.69373445	0.49670359	0.85729679	-29.313447
-0.77526263	-0.69373445	0.49670359	0.85729679	-29.322551
-0.77526263	-0.69373445	0.49670359	0.85729679	-29.331655
-0.77526263	-0.69373445	0.49670359	0.85729679	-29.34076
-0.77526263	-0.69373445	0.49670359	0.85729679	-29.349866
-0.77526263	-0.69373445	0.49670359	0.85729679	-29.358972
-0.77526263	-0.69373445	0.49670359	0.85729679	-29.368079
-0.77526263	-0.69373445	0.49670359	0.85729679	-29.377187
-0.77526263	-0.69373445	0.49670359	0.85729679	-29.386295
-0.77526263	-0.69373445	0.49670359	0.85729679	-29.395404
-0.77526263	-0.69373445	0.49670359	0.85729679	-29.404513
-0.77526263	-0.69373445	0.49670359	0.85729679	-29.413623
-0.77526263	-0.69373445	0.49670359	0.85729679	-29.422733
-0.77526263	-0.69373445	0.49670359	0.85729679	-29.431844
-0.77526263	-0.69373445	0.49670359	0.85729679	-29.440956
-0.77526263	-0.69373445	0.49670359	0.85729679	-29.450068
-0.77526263	-0.69373445	0.49670359	0.85729679	-29.459181
-0.77526263	-0.69373445	0.49670359	0.85729679	-29.468294
-0.77526263	-0.69373445	0.49670359	0.85729679	-29.477408
-0.77526263	-0.69373445	0.49670359	0.85729679	-29.486523
-0.77526263	-0.69373445	0.49670359	0.85729679	-29.495638
-0.77526263	-0.69373445	0.49670359	0.85729679	-29.504753
-0.77526263	-0.69373445	0.49670359	0.85729679	-29.51387
-0.77526263	-0.69373445	0.49670359	0.85729679	-29.522986
-0.77526263	-0.69373445	0.49670359	0.85729679	-29.532104
-0.77526263	-0.69373445	0.49670359	0.85729679	-29.541222
-0.77526263	-0.69373445	0.49670359	0.85729679	-29.55034
-0.77526263	-0.69373445	0.49670359	0.85729679	-29.559459
-0.77526263	-0.69373445	0.49670359	0.85729679	-29.568579
-0.77526263	-0.69373445	0.49670359	0.85729679	-29.577699
-0.77526263	-0.69373445	0.49670359	0.85729679	-29.58682
-0.77526263	-0.69373445	0.49670359	0.85729679	-29.595942
-0.77526263	-0.69373445	0.49670359	0.85729679	-29.605064
-0.77526263	-0.69373445	0.49670359	0.85729679	-29.614186
-0.77526263	-0.69373445	0.49670359	0.85729679	-29.623309
-0.77526263	-0.69373445	0.49670359	0.85729679	-29.632433
-0.77526263	-0.69373445	0.49670359	0.85729679	-29.641557
-0.77526263	-0.69373445	0.49670359	0.85729679	-29.650682
-0.77526263	-0.69373445	0.49670359	0.85729679	-29.659807
-0.77526263	-0.69373445	0.49670359	0.85729679	-29.668933
-0.77526263	-0.69373445	0.49670359	0.85729679	-29.67806
-0.77526263	-0.69373445	0.49670359	0.85729679	-29.687187
-0.77526263	-0.69373445	0.49670359	0.85729679	-29.696314
-0.77526263	-0.69373445	0.49670359	0.85729679	-29.705443
-0.77526263	-0.69373445	0.49670359	0.85729679	-29.714571
-0.77526263	-0.69373445	0.49670359	0.85729679	-29.723701
-0.77526263	-0.69373445	0.49670359	0.85729679	-29.732831
-0.77526263	-0.69373445	0.49670359	0.85729679	-29.741961
-0.77526263	-0.69373445	0.49670359	0.85729679	-29.751092
-0.77526263	-0.69373445	0.49670359	0.85729679	-29.760224
-0.77526263	-0.69373445	0.49670359	0.85729679	-29.769356
-0.77526263	-0.69373445	0.49670359	0.85729679	-29.778488
-0.77526263	-0.69373445	0.49670359	0.85729679	-29.787622
-0.77526263	-0.69373445	0.49670359	0.85729679	-29.796756
-0.77526263	-0.69373445	0.49670359	0.85729679	-29.80589
-0.77526263	-0.69373445	0.49670359	0.85729679	-29.815025
-0.77526263	-0.69373445	0.49670359	0.85729679	-29.82416
-0.77526263	-0.69373445	0.49670359	0.85729679	-29.833296
-0.77526263	-0.69373445	0.49670359	0.85729679	-29.842433
-0.77526263	-0.69373445	0.49670359	0.85729679	-29.85157
-0.77526263	-0.69373445	0.49670359	0.85729679	-29.860708
-0.77526263	-0.69373445	0.49670359	0.85729679	-29.869846
-0.77526263	-0.69373445	0.49670359	0.85729679	-29.878985
-0.77526263	-0.69373445	0.49670359	0.85729679	-29.888124
-0.77526263	-0.69373445	0.49670359	0.85729679	-29.897264
-0.77526263	-0.69373445	0.49670359	0.85729679	-29.906404
-0.77526263	-0.69373445	0.49670359	0.85729679	-29.915545
-0.77526263	-0.69373445	0.49670359	0.85729679	-29.924687
-0.77526263	-0.69373445	0.49670359	0.85729679	-29.933829
-0.77526263	-0.69373445	0.49670359	0.85729679	-29.942972
-0.77526263	-0.69373445	0.49670359	0.85729679	-29.952115
-0.77526263	-0.69373445	0.49670359	0.85729679	-29.961259
-0.77526263	-0.69373445	0.49670359	0.85729679	-29.970403
-0.77526263	-0.69373445	0.49670359	0.85729679	-29.979548
-0.77526263	-0.69373445	0.49670359	0.85729679	-29.988693
-0.77526263	-0.69373445	0.49670359	0.85729679	-29.997839
-0.77526263	-0.69373445	0.49670359	0.85729679	-30.006985
-0.77526263	-0.69373445	0.49670359	0.85729679	-30.016132
-0.77526263	-0.69373445	0.49670359	0.85729679	-30.02528
-0.77526263	-0.69373445	0.49670359	0.85729679	-30.034428
-0.77526263	-0.69373445	0.49670359	0.85729679	-30.043577
-0.77526263	-0.69373445	0.49670359	0.85729679	-30.052726
-0.77526263	-0.69373445	0.49670359	0.85729679	-30.061875
-0.77526263	-0.69373445	0.49670359	0.85729679	-30.071026
-0.77526263	-0.69373445	0.49670359	0.85729679	-30.080176
-0.77526263	-0.69373445	0.49670359	0.85729679	-30.089328
-0.77526263	-0.69373445	0.49670359	0.85729679	-30.09848
-0.77526263	-0.69373445	0.49670359	0.85729679	-30.107632
-0.77526263	-0.69373445	0.49670359	0.85729679	-30.116785
-0.77526263	-0.69373445	0.49670359	0.85729679	-30.125938
-0.77526263	-0.69373445	0.49670359	0.85729679	-30.135092
-0.77526263	-0.69373445	0.49670359	0.85729679	-30.144247
-0.77526263	-0.69373445	0.49670359	0.85729679	-30.153402
-0.77526263	-0.69373445	0.49670359	0.85729679	-30.162557
-0.77526263	-0.69373445	0.49670359	0.85729679	-30.171714
-0.77526263	-0.69373445	0.49670359	0.85729679	-30.18087
-0.77526263	-0.69373445	0.49670359	0.85729679	-30.190027
-0.77526263	-0.69373445	0.49670359	0.85729679	-30.199185
-0.77526263	-0.69373445	0.49670359	0.85729679	-30.208343
-0.77526263	-0.69373445	0.49670359	0.85729679	-30.217502
-0.77526263	-0.69373445	0.49670359	0.85729679	-30.226661
-0.77526263	-0.69373445	0.49670359	0.85729679	-30.235821
-0.77526263	-0.69373445	0.49670359	0.85729679	-30.244981
-0.77526263	-0.69373445	0.49670359	0.85729679	-30.254142
-0.77526263	-0.69373445	0.49670359	0.85729679	-30.263304
-0.77526263	-0.69373445	0.49670359	0.85729679	-30.272466
-0.77526263	-0.69373445	0.49670359	0.85729679	-30.281628
-0.77526263	-0.69373445	0.49670359	0.85729679	-30.290791
-0.77526263	-0.69373445	0.49670359	0.85729679	-30.299954
-0.77526263	-0.69373445	0.49670359	0.85729679	-30.309118
-0.77526263	-0.69373445	0.49670359	0.85729679	-30.318283
-0.77526263	-0.69373445	0.49670359	0.85729679	-30.327448
-0.77526263	-0.69373445	0.49670359	0.85729679	-30.336614
-0.77526263	-0.69373445	0.49670359	0.85729679	-30.34578
-0.77526263	-0.69373445	0.49670359	0.85729679	-30.354946
-0.77526263	-0.69373445	0.49670359	0.85729679	-30.364113
-0.77526263	-0.69373445	0.49670359	0.85729679	-30.373281
-0.77526263	-0.69373445	0.49670359	0.85729679	-30.382449
-0.77526263	-0.69373445	0.49670359	0.85729679	-30.391618
-0.77526263	-0.69373445	0.49670359	0.85729679	-30.400787
-0.77526263	-0.69373445	0.49670359	0.85729679	-30.409957
-0.77526263	-0.69373445	0.49670359	0.85729679	-30.419127
-0.77526263	-0.69373445	0.49670359	0.85729679	-30.428298
-0.77526263	-0.69373445	0.49670359	0.85729679	-30.437469
-0.77526263	-0.69373445	0.49670359	0.85729679	-30.446641
-0.77526263	-0.69373445	0.49670359	0.85729679	-30.455813
-0.77526263	-0.69373445	0.49670359	0.85729679	-30.464986
-0.77526263	-0.69373445	0.49670359	0.85729679	-30.474159
-0.77526263	-0.69373445	0.49670359	0.85729679	-30.483333
-0.77526263	-0.69373445	0.49670359	0.85729679	-30.492507
-0.77526263	-0.69373445	0.49670359	0.85729679	-30.501682
-0.77526263	-0.69373445	0.49670359	0.85729679	-30.510857
-0.77526263	-0.69373445	0.49670359	0.85729679	-30.520033
-0.77526263	-0.69373445	0.49670359	0.85729679	-30.529209
-0.77526263	-0.69373445	0.49670359	0.85729679	-30.538386
-0.77526263	-0.69373445	0.49670359	0.85729679	-30.547564
-0.77526263	-0.69373445	0.49670359	0.85729679	-30.556741
-0.77526263	-0.69373445	0.49670359	0.85729679	-30.56592
-0.77526263	-0.69373445	0.49670359	0.85729679	-30.575099
-0.77526263	-0.69373445	0.49670359	0.85729679	-30.584278
-0.77526263	-0.69373445	0.49670359	0.85729679	-30.593458
-0.77526263	-0.69373445	0.49670359	0.85729679	-30.602638
-0.77526263	-0.69373445	0.49670359	0.85729679	-30.611819
-0.77526263	-0.69373445	0.49670359	0.85729679	-30.621
-0.77526263	-0.69373445	0.49670359	0.85729679	-30.630182
-0.77526263	-0.69373445	0.49670359	0.85729679	-30.639365
-0.77526263	-0.69373445	0.49670359	0.85729679	-30.648548
-0.77526263	-0.69373445	0.49670359	0.85729679	-30.657731
-0.77526263	-0.69373445	0.49670359	0.85729679	-30.666915
-0.77526263	-0.69373445	0.49670359	0.85729679	-30.676099
-0.77526263	-0.69373445	0.49670359	0.85729679	-30.685284
-0.77526263	-0.69373445	0.49670359	0.85729679	-30.694469
-0.77526263	-0.69373445	0.49670359	0.85729679	-30.703655
-0.77526263	-0.69373445	0.49670359	0.85729679	-30.712842
-0.77526263	-0.69373445	0.49670359	0.85729679	-30.722028
-0.77526263	-0.69373445	0.49670359	0.85729679	-30.731216
-0.77526263	-0.69373445	0.49670359	0.85729679	-30.740403
-0.77526263	-0.69373445	0.49670359	0.85729679	-30.749592
-0.77526263	-0.69373445	0.49670359	0.85729679	-30.758781
-0.77526263	-0.69373445	0.49670359	0.85729679	-30.76797
-0.77526263	-0.69373445	0.49670359	0.85729679	-30.77716
-0.77526263	-0.69373445	0.49670359	0.85729679	-30.78635
-0.77526263	-0.69373445	0.49670359	0.85729679	-30.795541
-0.77526263	-0.69373445	0.49670359	0.85729679	-30.804732
-0.77526263	-0.69373445	0.49670359	0.85729679	-30.813924
-0.77526263	-0.69373445	0.49670359	0.85729679	-30.823116
-0.77526263	-0.69373445	0.49670359	0.85729679	-30.832309
-0.77526263	-0.69373445	0.49670359	0.85729679	-30.841502
-0.77526263	-0.69373445	0.49670359	0.85729679	-30.850695
-0.77526263	-0.69373445	0.49670359	0.85729679	-30.85989
-0.77526263	-0.69373445	0.49670359	0.85729679	-30.869084
-0.77526263	-0.69373445	0.49670359	0.85729679	-30.878279
-0.77526263	-0.69373445	0.49670359	0.85729679	-30.887475
-0.77526263	-0.69373445	0.49670359	0.85729679	-30.896671
-0.77526263	-0.69373445	0.49670359	0.85729679	-30.905867
-0.77526263	-0.69373445	0.49670359	0.85729679	-30.915065
-0.77526263	-0.69373445	0.49670359	0.85729679	-30.924262
-0.77526263	-0.69373445	0.49670359	0.85729679	-30.93346
-0.77526263	-0.69373445	0.49670359	0.85729679	-30.942658
-0.77526263	-0.69373445	0.49670359	0.85729679	-30.951857
-0.77526263	-0.69373445	0.49670359	0.85729679	-30.961057
-0.77526263	-0.69373445	0.49670359	0.85729679	-30.970257
-0.77526263	-0.69373445	0.49670359	0.85729679	-30.979457
-0.77526263	-0.69373445	0.49670359	0.85729679	-30.988658
-0.77526263	-0.69373445	0.49670359	0.85729679	-30.997859
-0.77526263	-0.69373445	0.49670359	0.85729679	-31.007061
-0.77526263	-0.69373445	0.49670359	0.85729679	-31.016263
-0.77526263	-0.69373445	0.49670359	0.85729679	-31.025466
-0.77526263	-0.69373445	0.49670359	0.85729679	-31.034669
-0.77526263	-0.69373445	0.49670359	0.85729679	-31.043873
-0.77526263	-0.69373445	0.49670359	0.85729679	-31.053077
-0.77526263	-0.69373445	0.49670359	0.85729679	-31.062282
-0.77526263	-0.69373445	0.49670359	0.85729679	-31.071487
-0.77526263	-0.69373445	0.49670359	0.85729679	-31.080693
-0.77526263	-0.69373445	0.49670359	0.85729679	-31.089899
-0.77526263	-0.69373445	0.49670359	0.85729679	-31.099105
-0.77526263	-0.69373445	0.49670359	0.85729679	-31.108312
-0.77526263	-0.69373445	0.49670359	0.85729679	-31.117519
-0.77526263	-0.69373445	0.49670359	0.85729679	-31.126727
-0.77526263	-0.69373445	0.49670359	0.85729679	-31.135936
-0.77526263	-0.69373445	0.49670359	0.85729679	-31.145145
-0.77526263	-0.69373445	0.49670359	0.85729679	-31.154354
-0.77526263	-0.69373445	0.49670359	0.85729679	-31.163564
-0.77526263	-0.69373445	0.49670359	0.85729679	-31.172774
-0.77526263	-0.69373445	0.49670359	0.85729679	-31.181984
-0.77526263	-0.69373445	0.49670359	0.85729679	-31.191196
-0.77526263	-0.69373445	0.49670359	0.85729679	-31.200407
-0.77526263	-0.69373445	0.49670359	0.85729679	-31.209619
-0.77526263	-0.69373445	0.49670359	0.85729679	-31.218832
-0.77526263	-0.69373445	0.49670359	0.85729679	-31.228045
-0.77526263	-0.69373445	0.49670359	0.85729679	-31.237258
-0.77526263	-0.69373445	0.49670359	0.85729679	-31.246472
-0.77526263	-0.69373445	0.49670359	0.85729679	-31.255686
-0.77526263	-0.69373445	0.49670359	0.85729679	-31.264901
-0.77526263	-0.69373445	0.49670359	0.85729679	-31.274116
-0.77526263	-0.69373445	0.49670359	0.85729679	-31.283332
-0.77526263	-0.69373445	0.49670359	0.85729679	-31.292548
-0.77526263	-0.69373445	0.49670359	0.85729679	-31.301765
-0.77526263	-0.69373445	0.49670359	0.85729679	-31.310982
-0.77526263	-0.69373445	0.49670359	0.85729679	-31.320199
-0.77526263	-0.69373445	0.49670359	0.85729679	-31.329417
-0.77526263	-0.69373445	0.49670359	0.85729679	-31.338636
-0.77526263	-0.69373445	0.49670359	0.85729679	-31.347855
-0.77526263	-0.69373445	0.49670359	0.85729679	-31.357074
-0.77526263	-0.69373445	0.49670359	0.85729679	-31.366294
-0.77526263	-0.69373445	0.49670359	0.85729679	-31.375514
-0.77526263	-0.69373445	0.49670359	0.85729679	-31.384735
-0.77526263	-0.69373445	0.49670359	0.85729679	-31.393956
-0.77526263	-0.69373445	0.49670359	0.85729679	-31.403177
-0.77526263	-0.69373445	0.49670359	0.85729679	-31.412399
-0.77526263	-0.69373445	0.49670359	0.85729679	-31.421622
-0.77526263	-0.69373445	0.49670359	0.85729679	-31.430845
-0.77526263	-0.69373445	0.49670359	0.85729679	-31.440068
-0.77526263	-0.69373445	0.49670359	0.85729679	-31.449292
-0.77526263	-0.69373445	0.49670359	0.85729679	-31.458516
-0.77526263	-0.69373445	0.49670359	0.85729679	-31.467741
-0.77526263	-0.69373445	0.49670359	0.85729679	-31.476966
-0.77526263	-0.69373445	0.49670359	0.85729679	-31.486191
-0.77526263	-0.69373445	0.49670359	0.85729679	-31.495417
-0.77526263	-0.69373445	0.49670359	0.85729679	-31.504644
-0.77526263	-0.69373445	0.49670359	0.85729679	-31.513871
-0.77526263	-0.69373445	0.49670359	0.85729679	-31.523098
-0.77526263	-0.69373445	0.49670359	0.85729679	-31.532326
-0.77526263	-0.69373445	0.49670359	0.85729679	-31.541554
-0.77526263	-0.69373445	0.49670359	0.85729679	-31.550782
-0.77526263	-0.69373445	0.49670359	0.85729679	-31.560011
-0.77526263	-0.69373445	0.49670359	0.85729679	-31.569241
-0.77526263	-0.69373445	0.49670359	0.85729679	-31.578471
-0.77526263	-0.69373445	0.49670359	0.85729679	-31.587701
-0.77526263	-0.69373445	0.49670359	0.85729679	-31.596932
-0.77526263	-0.69373445	0.49670359	0.85729679	-31.606163
-0.77526263	-0.69373445	0.49670359	0.85729679	-31.615395
-0.77526263	-0.69373445	0.49670359	0.85729679	-31.624627
-0.77526263	-0.69373445	0.49670359	0.85729679	-31.633859
-0.77526263	-0.69373445	0.49670359	0.85729679	-31.643092
-0.77526263	-0.69373445	0.49670359	0.85729679	-31.652326
-0.77526263	-0.69373445	0.49670359	0.85729679	-31.661559
-0.77526263	-0.69373445	0.49670359	0.85729679	-31.670794
-0.77526263	-0.69373445	0.49670359	0.85729679	-31.680028
-0.77526263	-0.69373445	0.49670359	0.85729679	-31.689263
-0.77526263	-0.69373445	0.49670359	0.85729679	-31.698499
-0.77526263	-0.69373445	0.49670359	0.85729679	-31.707735
-0.77526263	-0.69373445	0.49670359	0.85729679	-31.716971
-0.77526263	-0.69373445	0.49670359	0.85729679	-31.726208
-0.77526263	-0.69373445	0.49670359	0.85729679	-31.735445
-0.77526263	-0.69373445	0.49670359	0.85729679	-31.744683
-0.77526263	-0.69373445	0.49670359	0.85729679	-31.753921
-0.77526263	-0.69373445	0.49670359	0.85729679	-31.763159
-0.77526263	-0.69373445	0.49670359	0.85729679	-31.772398
-0.77526263	-0.69373445	0.49670359	0.85729679	-31.781637
-0.77526263	-0.69373445	0.49670359	0.85729679	-31.790877
-0.77526263	-0.69373445	0.49670359	0.85729679	-31.800117
-0.77526263	-0.69373445	0.49670359	0.85729679	-31.809357
-0.77526263	-0.69373445	0.49670359	0.85729679	-31.818598
-0.77526263	-0.69373445	0.49670359	0.85729679	-31.82784
-0.77526263	-0.69373445	0.49670359	0.85729679	-31.837082
-0.77526263	-0.69373445	0.49670359	0.85729679	-31.846324
-0.77526263	-0.69373445	0.49670359	0.85729679	-31.855566
-0.77526263	-0.69373445	0.49670359	0.85729679	-31.864809
-0.77526263	-0.69373445	0.49670359	0.85729679	-31.874053
-0.77526263	-0.69373445	0.49670359	0.85729679	-31.883297
-0.77526263	-0.69373445	0.49670359	0.85729679	-31.892541
-0.77526263	-0.69373445	0.49670359	0.85729679	-31.901786
-0.77526263	-0.69373445	0.49670359	0.85729679	-31.911031
-0.77526263	-0.69373445	0.49670359	0.85729679	-31.920276
-0.77526263	-0.69373445	0.49670359	0.85729679	-31.929522
-0.77526263	-0.69373445	0.49670359	0.85729679	-31.938769
-0.77526263	-0.69373445	0.49670359	0.85729679	-31.948015
-0.77526263	-0.69373445	0.49670359	0.85729679	-31.957262
-0.77526263	-0.69373445	0.49670359	0.85729679	-31.96651
-0.77526263	-0.69373445	0.49670359	0.85729679	-31.975758
-0.77526263	-0.69373445	0.49670359	0.85729679	-31.985006
-0.77526263	-0.69373445	0.49670359	0.85729679	-31.994255
-0.77526263	-0.69373445	0.49670359	0.85729679	-32.003504
-0.77526263	-0.69373445	0.49670359	0.85729679	-32.012754
-0.77526263	-0.69373445	0.49670359	0.85729679	-32.022004
-0.77526263	-0.69373445	0.49670359	0.85729679	-32.031254
-0.77526263	-0.69373445	0.49670359	0.85729679	-32.040505
-0.77526263	-0.69373445	0.49670359	0.85729679	-32.049756
-0.77526263	-0.69373445	0.49670359	0.85729679	-32.059008
-0.77526263	-0.69373445	0.49670359	0.85729679	-32.06826
-0.77526263	-0.69373445	0.49670359	0.85729679	-32.077512
-0.77526263	-0.69373445	0.49670359	0.85729679	-32.086765
-0.77526263	-0.69373445	0.49670359	0.85729679	-32.096018
-0.77526263	-0.69373445	0.49670359	0.85729679	-32.105271
-0.77526263	-0.69373445	0.49670359	0.85729679	-32.114525
-0.77526263	-0.69373445	0.49670359	0.85729679	-32.12378
-0.77526263	-0.69373445	0.49670359	0.85729679	-32.133035
-0.77526263	-0.69373445	0.49670359	0.85729679	-32.14229
-0.77526263	-0.69373445	0.49670359	0.85729679	-32.151545
-0.77526263	-0.69373445	0.49670359	0.85729679	-32.160801
-0.77526263	-0.69373445	0.49670359	0.85729679	-32.170058
-0.77526263	-0.69373445	0.49670359	0.85729679	-32.179314
-0.77526263	-0.69373445	0.49670359	0.85729679	-32.188571
-0.77526263	-0.69373445	0.49670359	0.85729679	-32.197829
-0.77526263	-0.69373445	0.49670359	0.85729679	-32.207087
-0.77526263	-0.69373445	0.49670359	0.85729679	-32.216345
-0.77526263	-0.69373445	0.49670359	0.85729679	-32.225604
-0.77526263	-0.69373445	0.49670359	0.85729679	-32.234863
-0.77526263	-0.69373445	0.49670359	0.85729679	-32.244122
-0.77526263	-0.69373445	0.49670359	0.85729679	-32.253382
-0.77526263	-0.69373445	0.49670359	0.85729679	-32.262642
-0.77526263	-0.69373445	0.49670359	0.85729679	-32.271903
-0.77526263	-0.69373445	0.49670359	0.85729679	-32.281164
-0.77526263	-0.69373445	0.49670359	0.85729679	-32.290425
-0.77526263	-0.69373445	0.49670359	0.85729679	-32.299687
-0.77526263	-0.69373445	0.49670359	0.85729679	-32.308949
-0.77526263	-0.69373445	0.49670359	0.85729679	-32.318212
-0.77526263	-0.69373445	0.49670359	0.85729679	-32.327475
-0.77526263	-0.69373445	0.49670359	0.85729679	-32.336738
-0.77526263	-0.69373445	0.49670359	0.85729679	-32.346002
-0.77526263	-0.69373445	0.49670359	0.85729679	-32.355266
-0.77526263	-0.69373445	0.49670359	0.85729679	-32.36453
-0.77526263	-0.69373445	0.49670359	0.85729679	-32.373795
-0.77526263	-0.69373445	0.49670359	0.85729679	-32.38306
-0.77526263	-0.69373445	0.49670359	0.85729679	-32.392326
-0.77526263	-0.69373445	0.49670359	0.85729679	-32.401591
-0.77526263	-0.69373445	0.49670359	0.85729679	-32.410858
-0.77526263	-0.69373445	0.49670359	0.85729679	-32.420124
-0.77526263	-0.69373445	0.49670359	0.85729679	-32.429392
-0.77526263	-0.69373445	0.49670359	0.85729679	-32.438659
-0.77526263	-0.69373445	0.49670359	0.85729679	-32.447927
-0.77526263	-0.69373445	0.49670359	0.85729679	-32.457195
-0.77526263	-0.69373445	0.49670359	0.85729679	-32.466464
-0.77526263	-0.69373445	0.49670359	0.85729679	-32.475732
-0.77526263	-0.69373445	0.49670359	0.85729679	-32.485002
-0.77526263	-0.69373445	0.49670359	0.85729679	-32.494271
-0.77526263	-0.69373445	0.49670359	0.85729679	-32.503541
-0.77526263	-0.69373445	0.49670359	0.85729679	-32.512812
-0.77526263	-0.69373445	0.49670359	0.85729679	-32.522083
-0.77526263	-0.69373445	0.49670359	0.85729679	-32.531354
-0.77526263	-0.69373445	0.49670359	0.85729679	-32.540625
-0.77526263	-0.69373445	0.49670359	0.85729679	-32.549897
-0.77526263	-0.69373445	0.49670359	0.85729679	-32.559169
-0.77526263	-0.69373445	0.49670359	0.85729679	-32.568442
-0.77526263	-0.69373445	0.49670359	0.85729679	-32.577715
-0.77526263	-0.69373445	0.49670359	0.85729679	-32.586988
-0.77526263	-0.69373445	0.49670359	0.85729679	-32.596262
-0.77526263	-0.69373445	0.49670359	0.85729679	-32.605536
-0.77526263	-0.69373445	0.49670359	0.85729679	-32.61481
-0.77526263	-0.69373445	0.49670359	0.85729679	-32.624085
-0.77526263	-0.69373445	0.49670359	0.85729679	-32.63336
-0.77526263	-0.69373445	0.49670359	0.85729679	-32.642636
-0.77526263	-0.69373445	0.49670359	0.85729679	-32.651912
-0.77526263	-0.69373445	0.49670359	0.85729679	-32.661188
-0.77526263	-0.69373445	0.49670359	0.85729679	-32.670464
-0.77526263	-0.69373445	0.49670359	0.85729679	-32.679741
-0.77526263	-0.69373445	0.49670359	0.85729679	-32.689019
-0.77526263	-0.69373445	0.49670359	0.85729679	-32.698296
-0.77526263	-0.69373445	0.49670359	0.85729679	-32.707574
-0.77526263	-0.69373445	0.49670359	0.85729679	-32.716853
-0.77526263	-0.69373445	0.49670359	0.85729679	-32.726131
-0.77526263	-0.69373445	0.49670359	0.85729679	-32.73541
-0.77526263	-0.69373445	0.49670359	0.85729679	-32.74469
-0.77526263	-0.69373445	0.49670359	0.85729679	-32.75397
-0.77526263	-0.69373445	0.49670359	0.85729679	-32.76325
-0.77526263	-0.69373445	0.49670359	0.85729679	-32.77253
-0.77526263	-0.69373445	0.49670359	0.85729679	-32.781811
-0.77526263	-0.69373445	0.49670359	0.85729679	-32.791092
-0.77526263	-0.69373445	0.49670359	0.85729679	-32.800374
-0.77526263	-0.69373445	0.49670359	0.85729679	-32.809656
-0.77526263	-0.69373445	0.49670359	0.85729679	-32.818938
-0.77526263	-0.69373445	0.49670359	0.85729679	-32.82822
-0.77526263	-0.69373445	0.49670359	0.85729679	-32.837503
-0.77526263	-0.69373445	0.49670359	0.85729679	-32.846786
-0.77526263	-0.69373445	0.49670359	0.85729679	-32.85607
-0.77526263	-0.69373445	0.49670359	0.85729679	-32.865354
-0.77526263	-0.69373445	0.49670359	0.85729679	-32.874638
-0.77526263	-0.69373445	0.49670359	0.85729679	-32.883923
-0.77526263	-0.69373445	0.49670359	0.85729679	-32.893208
-0.77526263	-0.69373445	0.49670359	0.85729679	-32.902493
-0.77526263	-0.69373445	0.49670359	0.85729679	-32.911779
-0.77526263	-0.69373445	0.49670359	0.85729679	-32.921065
-0.77526263	-0.69373445	0.49670359	0.85729679	-32.930351
-0.77526263	-0.69373445	0.49670359	0.85729679	-32.939638
-0.77526263	-0.69373445	0.49670359	0.85729679	-32.948925
-0.77526263	-0.69373445	0.49670359	0.85729679	-32.958212
-0.77526263	-0.69373445	0.49670359	0.85729679	-32.9675
-0.77526263	-0.69373445	0.49670359	0.85729679	-32.976788
-0.77526263	-0.69373445	0.49670359	0.85729679	-32.986076
-0.77526263	-0.69373445	0.49670359	0.85729679	-32.995365
-0.77526263	-0.69373445	0.49670359	0.85729679	-33.004654
-0.77526263	-0.69373445	0.49670359	0.85729679	-33.013943
-0.77526263	-0.69373445	0.49670359	0.85729679	-33.023233
-0.77526263	-0.69373445	0.49670359	0.85729679	-33.032523
-0.77526263	-0.69373445	0.49670359	0.85729679	-33.041813
-0.77526263	-0.69373445	0.49670359	0.85729679	-33.051104
-0.77526263	-0.69373445	0.49670359	0.85729679	-33.060395
-0.77526263	-0.69373445	0.49670359	0.85729679	-33.069686
-0.77526263	-0.69373445	0.49670359	0.85729679	-33.078978
-0.77526263	-0.69373445	0.49670359	0.85729679	-33.08827
-0.77526263	-0.69373445	0.49670359	0.85729679	-33.097562
-0.77526263	-0.69373445	0.49670359	0.85729679	-33.106855
-0.77526263	-0.69373445	0.49670359	0.85729679	-33.116148
-0.77526263	-0.69373445	0.49670359	0.85729679	-33.125441
-0.77526263	-0.69373445	0.49670359	0.85729679	-33.134735
-0.77526263	-0.69373445	0.49670359	0.85729679	-33.144029
-0.77526263	-0.69373445	0.49670359	0.85729679	-33.153323
-0.77526263	-0.69373445	0.49670359	0.85729679	-33.162618
-0.77526263	-0.69373445	0.49670359	0.85729679	-33.171913
-0.77526263	-0.69373445	0.49670359	0.85729679	-33.181208
-0.77526263	-0.69373445	0.49670359	0.85729679	-33.190504
-0.77526263	-0.69373445	0.49670359	0.85729679	-33.199799
-0.77526263	-0.69373445	0.49670359	0.85729679	-33.209096
-0.77526263	-0.69373445	0.49670359	0.85729679	-33.218392
-0.77526263	-0.69373445	0.49670359	0.85729679	-33.227689
-0.77526263	-0.69373445	0.49670359	0.85729679	-33.236986
-0.77526263	-0.69373445	0.49670359	0.85729679	-33.246284
-0.77526263	-0.69373445	0.49670359	0.85729679	-33.255581
-0.77526263	-0.69373445	0.49670359	0.85729679	-33.26488
-0.77526263	-0.69373445	0.49670359	0.85729679	-33.274178
-0.77526263	-0.69373445	0.49670359	0.85729679	-33.283477
-0.77526263	-0.69373445	0.49670359	0.85729679	-33.292776
-0.77526263	-0.69373445	0.49670359	0.85729679	-33.302075
-0.77526263	-0.69373445	0.49670359	0.85729679	-33.311375
-0.77526263	-0.69373445	0.49670359	0.85729679	-33.320675
-0.77526263	-0.69373445	0.49670359	0.85729679	-33.329975
-0.77526263	-0.69373445	0.49670359	0.85729679	-33.339276
-0.77526263	-0.69373445	0.49670359	0.85729679	-33.348577
-0.77526263	-0.69373445	0.49670359	0.85729679	-33.357878
-0.77526263	-0.69373445	0.49670359	0.85729679	-33.36718
-0.77526263	-0.69373445	0.49670359	0.85729679	-33.376481
-0.77526263	-0.69373445	0.49670359	0.85729679	-33.385784
-0.77526263	-0.69373445	0.49670359	0.85729679	-33.395086
-0.77526263	-0.69373445	0.49670359	0.85729679	-33.404389
-0.77526263	-0.69373445	0.49670359	0.85729679	-33.413692
-0.77526263	-0.69373445	0.49670359	0.85729679	-33.422995
-0.77526263	-0.69373445	0.49670359	0.85729679	-33.432299
-0.77526263	-0.69373445	0.49670359	0.85729679	-33.441603
-0.77526263	-0.69373445	0.49670359	0.85729679	-33.450907
-0.77526263	-0.69373445	0.49670359	0.85729679	-33.460212
-0.77526263	-0.69373445	0.49670359	0.85729679	-33.469517
-0.77526263	-0.69373445	0.49670359	0.85729679	-33.478822
-0.77526263	-0.69373445	0.49670359	0.85729679	-33.488128
-0.77526263	-0.69373445	0.49670359	0.85729679	-33.497434
-0.77526263	-0.69373445	0.49670359	0.85729679	-33.50674
-0.77526263	-0.69373445	0.49670359	0.85729679	-33.516046
-0.77526263	-0.69373445	0.49670359	0.85729679	-33.525353
-0.77526263	-0.69373445	0.49670359	0.85729679	-33.53466
-0.77526263	-0.69373445	0.49670359	0.85729679	-33.543967
-0.77526263	-0.69373445	0.49670359	0.85729679	-33.553275
-0.77526263	-0.69373445	0.49670359	0.85729679	-33.562583
-0.77526263	-0.69373445	0.49670359	0.85729679	-33.571891
-0.77526263	-0.69373445	0.49670359	0.85729679	-33.581199
-0.77526263	-0.69373445	0.49670359	0.85729679	-33.590508
-0.77526263	-0.69373445	0.49670359	0.85729679	-33.599817
-0.77526263	-0.69373445	0.49670359	0.85729679	-33.609127
-0.77526263	-0.69373445	0.49670359	0.85729679	-33.618436
-0.77526263	-0.69373445	0.49670359	0.85729679	-33.627746
-0.77526263	-0.69373445	0.49670359	0.85729679	-33.637056
-0.77526263	-0.69373445	0.49670359	0.85729679	-33.646367
-0.77526263	-0.69373445	0.49670359	0.85729679	-33.655678
-0.77526263	-0.69373445	0.49670359	0.85729679	-33.664989
-0.77526263	-0.69373445	0.49670359	0.85729679	-33.6743
-0.77526263	-0.69373445	0.49670359	0.85729679	-33.683612
-0.77526263	-0.69373445	0.49670359	0.85729679	-33.692924
-0.77526263	-0.69373445	0.49670359	0.85729679	-33.702236
-0.77526263	-0.69373445	0.49670359	0.85729679	-33.711549
-0.77526263	-0.69373445	0.49670359	0.85729679	-33.720862
-0.77526263	-0.69373445	0.49670359	0.85729679	-33.730175
-0.77526263	-0.69373445	0.49670359	0.85729679	-33.739488
-0.77526263	-0.69373445	0.49670359	0.85729679	-33.748802
-0.77526263	-0.69373445	0.49670359	0.85729679	-33.758116
-0.77526263	-0.69373445	0.49670359	0.85729679	-33.76743
-0.77526263	-0.69373445	0.49670359	0.85729679	-33.776744
-0.77526263	-0.69373445	0.49670359	0.85729679	-33.786059
-0.77526263	-0.69373445	0.49670359	0.85729679	-33.795374
-0.77526263	-0.69373445	0.49670359	0.85729679	-33.80469
-0.77526263	-0.69373445	0.49670359	0.85729679	-33.814005
-0.77526263	-0.69373445	0.49670359	0.85729679	-33.823321
-0.77526263	-0.69373445	0.49670359	0.85729679	-33.832637
-0.77526263	-0.69373445	0.49670359	0.85729679	-33.841954
-0.77526263	-0.69373445	0.49670359	0.85729679	-33.851271
-0.77526263	-0.69373445	0.49670359	0.85729679	-33.860588
-0.77526263	-0.69373445	0.49670359	0.85729679	-33.869905
-0.77526263	-0.69373445	0.49670359	0.85729679	-33.879222
-0.77526263	-0.69373445	0.49670359	0.85729679	-33.88854
-0.77526263	-0.69373445	0.49670359	0.85729679	-33.897858
-0.77526263	-0.69373445	0.49670359	0.85729679	-33.907177
-0.77526263	-0.69373445	0.49670359	0.85729679	-33.916495
-0.77526263	-0.69373445	0.49670359	0.85729679	-33.925814
-0.77526263	-0.69373445	0.49670359	0.85729679	-33.935134
-0.77526263	-0.69373445	0.49670359	0.85729679	-33.944453
-0.77526263	-0.69373445	0.49670359	0.85729679	-33.953773
-0.77526263	-0.69373445	0.49670359	0.85729679	-33.963093
-0.77526263	-0.69373445	0.49670359	0.85729679	-33.972413
-0.77526263	-0.69373445	0.49670359	0.85729679	-33.981733
-0.77526263	-0.69373445	0.49670359	0.85729679	-33.991054
-0.77526263	-0.69373445	0.49670359	0.85729679	-34.000375
-0.77526263	-0.69373445	0.49670359	0.85729679	-34.009697
-0.77526263	-0.69373445	0.49670359	0.85729679	-34.019018
-0.77526263	-0.69373445	0.49670359	0.85729679	-34.02834
-0.77526263	-0.69373445	0.49670359	0.85729679	-34.037662
-0.77526263	-0.69373445	0.49670359	0.85729679	-34.046985
-0.77526263	-0.69373445	0.49670359	0.85729679	-34.056307
-0.77526263	-0.69373445	0.49670359	0.85729679	-34.06563
-0.77526263	-0.69373445	0.49670359	0.85729679	-34.074953
-0.77526263	-0.69373445	0.49670359	0.85729679	-34.084277
-0.77526263	-0.69373445	0.49670359	0.85729679	-34.0936
-0.77526263	-0.69373445	0.49670359	0.85729679	-34.102924
-0.77526263	-0.69373445	0.49670359	0.85729679	-34.112248
-0.77526263	-0.69373445	0.49670359	0.85729679	-34.121573
-0.77526263	-0.69373445	0.49670359	0.85729679	-34.130898
-0.77526263	-0.69373445	0.49670359	0.85729679	-34.140223
-0.77526263	-0.69373445	0.49670359	0.85729679	-34.149548
-0.77526263	-0.69373445	0.49670359	0.85729679	-34.158873
-0.77526263	-0.69373445	0.49670359	0.85729679	-34.168199
-0.77526263	-0.69373445	0.49670359	0.85729679	-34.177525
-0.77526263	-0.69373445	0.49670359	0.85729679	-34.186851
-0.77526263	-0.69373445	0.49670359	0.85729679	-34.196178
-0.77526263	-0.69373445	0.49670359	0.85729679	-34.205504
-0.77526263	-0.69373445	0.49670359	0.85729679	-34.214831
-0.77526263	-0.69373445	0.49670359	0.85729679	-34.224158
-0.77526263	-0.69373445	0.49670359	0.85729679	-34.233486
-0.77526263	-0.69373445	0.49670359	0.85729679	-34.242814
-0.77526263	-0.69373445	0.49670359	0.85729679	-34.252142
-0.77526263	-0.69373445	0.49670359	0.85729679	-34.26147
-0.77526263	-0.69373445	0.49670359	0.85729679	-34.270798
-0.77526263	-0.69373445	0.49670359	0.85729679	-34.280127
-0.77526263	-0.69373445	0.49670359	0.85729679	-34.289456
-0.77526263	-0.69373445	0.49670359	0.85729679	-34.298785
-0.77526263	-0.69373445	0.49670359	0.85729679	-34.308115
-0.77526263	-0.69373445	0.49670359	0.85729679	-34.317444
-0.77526263	-0.69373445	0.49670359	0.85729679	-34.326774
-0.77526263	-0.69373445	0.49670359	0.85729679	-34.336104
-0.77526263	-0.69373445	0.49670359	0.85729679	-34.345435
-0.77526263	-0.69373445	0.49670359	0.85729679	-34.354765
-0.77526263	-0.69373445	0.49670359	0.85729679	-34.364096
-0.77526263	-0.69373445	0.49670359	0.85729679	-34.373427
-0.77526263	-0.69373445	0.49670359	0.85729679	-34.382759
-0.77526263	-0.69373445	0.49670359	0.85729679	-34.39209
-0.77526263	-0.69373445	0.49670359	0.85729679	-34.401422
-0.77526263	-0.69373445	0.49670359	0.85729679	-34.410754
-0.77526263	-0.69373445	0.49670359	0.85729679	-34.420087
-0.77526263	-0.69373445	0.49670359	0.85729679	-34.429419
-0.77526263	-0.69373445	0.49670359	0.85729679	-34.438752
-0.77526263	-0.69373445	0.49670359	0.85729679	-34.448085
-0.77526263	-0.69373445	0.49670359	0.85729679	-34.457418
-0.77526263	-0.69373445	0.49670359	0.85729679	-34.466752
-0.77526263	-0.69373445	0.49670359	0.85729679	-34.476085
-0.77526263	-0.69373445	0.49670359	0.85729679	-34.485419
-0.77526263	-0.69373445	0.49670359	0.85729679	-34.494753
-0.77526263	-0.69373445	0.49670359	0.85729679	-34.504088
-0.77526263	-0.69373445	0.49670359	0.85729679	-34.513422
-0.77526263	-0.69373445	0.49670359	0.85729679	-34.522757
-0.77526263	-0.69373445	0.49670359	0.85729679	-34.532092
-0.77526263	-0.69373445	0.49670359	0.85729679	-34.541428
-0.77526263	-0.69373445	0.49670359	0.85729679	-34.550763
-0.77526263	-0.69373445	0.49670359	0.85729679	-34.560099
-0.77526263	-0.69373445	0.49670359	0.85729679	-34.569435
-0.77526263	-0.69373445	0.49670359	0.85729679	-34.578771
-0.77526263	-0.69373445	0.49670359	0.85729679	-34.588108
-0.77526263	-0.69373445	0.49670359	0.85729679	-34.597444
-0.77526263	-0.69373445	0.49670359	0.85729679	-34.606781
-0.77526263	-0.69373445	0.49670359	0.85729679	-34.616118
-0.77526263	-0.69373445	0.49670359	0.85729679	-34.625456
-0.77526263	-0.69373445	0.49670359	0.85729679	-34.634793
-0.77526263	-0.69373445	0.49670359	0.85729679	-34.644131
-0.77526263	-0.69373445	0.49670359	0.85729679	-34.653469
-0.77526263	-0.69373445	0.49670359	0.85729679	-34.662807
-0.77526263	-0.69373445	0.49670359	0.85729679	-34.672145
-0.77526263	-0.69373445	0.49670359	0.85729679	-34.681484
-0.77526263	-0.69373445	0.49670359	0.85729679	-34.690823
-0.77526263	-0.69373445	0.49670359	0.85729679	-34.700162
-0.77526263	-0.69373445	0.49670359	0.85729679	-34.709501
-0.77526263	-0.69373445	0.49670359	0.85729679	-34.718841
-0.77526263	-0.69373445	0.49670359	0.85729679	-34.728181
-0.77526263	-0.69373445	0.49670359	0.85729679	-34.73752
-0.77526263	-0.69373445	0.49670359	0.85729679	-34.746861
-0.77526263	-0.69373445	0.49670359	0.85729679	-34.756201
-0.77526263	-0.69373445	0.49670359	0.85729679	-34.765541
-0.77526263	-0.69373445	0.49670359	0.85729679	-34.774882
-0.77526263	-0.69373445	0.49670359	0.85729679	-34.784223
-0.77526263	-0.69373445	0.49670359	0.85729679	-34.793564
-0.77526263	-0.69373445	0.49670359	0.85729679	-34.802906
-0.77526263	-0.69373445	0.49670359	0.85729679	-34.812247
-0.77526263	-0.69373445	0.49670359	0.85729679	-34.821589
-0.77526263	-0.69373445	0.49670359	0.85729679	-34.830931
-0.77526263	-0.69373445	0.49670359	0.85729679	-34.840274
-0.77526263	-0.69373445	0.49670359	0.85729679	-34.849616
-0.77526263	-0.69373445	0.49670359	0.85729679	-34.858959
-0.77526263	-0.69373445	0.49670359	0.85729679	-34.868301
-0.77526263	-0.69373445	0.49670359	0.85729679	-34.877645
-0.77526263	-0.69373445	0.49670359	0.85729679	-34.886988
-0.77526263	-0.69373445	0.49670359	0.85729679	-34.896331
-0.77526263	-0.69373445	0.49670359	0.85729679	-34.905675
-0.77526263	-0.69373445	0.49670359	0.85729679	-34.915019
-0.77526263	-0.69373445	0.49670359	0.85729679	-34.924363
-0.77526263	-0.69373445	0.49670359	0.85729679	-34.933707
-0.77526263	-0.69373445	0.49670359	0.85729679	-34.943052
-0.77526263	-0.69373445	0.49670359	0.85729679	-34.952396
-0.77526263	-0.69373445	0.49670359	0.85729679	-34.961741
-0.77526263	-0.69373445	0.49670359	0.85729679	-34.971086
-0.77526263	-0.69373445	0.49670359	0.85729679	-34.980431
-0.77526263	-0.69373445	0.49670359	0.85729679	-34.989777
-0.77526263	-0.69373445	0.49670359	0.85729679	-34.999122
-0.77526263	-0.69373445	0.49670359	0.85729679	-35.008468
-0.77526263	-0.69373445	0.49670359	0.85729679	-35.017814
-0.77526263	-0.69373445	0.49670359	0.85729679	-35.02716
-0.77526263	-0.69373445	0.49670359	0.85729679	-35.036507
-0.77526263	-0.69373445	0.49670359	0.85729679	-35.045853
-0.77526263	-0.69373445	0.49670359	0.85729679	-35.0552
-0.77526263	-0.69373445	0.49670359	0.85729679	-35.064547
-0.77526263	-0.69373445	0.49670359	0.85729679	-35.073894
-0.77526263	-0.69373445	0.49670359	0.85729679	-35.083242
-0.77526263	-0.69373445	0.49670359	0.85729679	-35.092589
-0.77526263	-0.69373445	0.49670359	0.85729679	-35.101937
-0.77526263	-0.69373445	0.49670359	0.85729679	-35.111285
-0.77526263	-0.69373445	0.49670359	0.85729679	-35.120633
-0.77526263	-0.69373445	0.49670359	0.85729679	-35.129981
-0.77526263	-0.69373445	0.49670359	0.85729679	-35.13933
-0.77526263	-0.69373445	0.49670359	0.85729679	-35.148679
-0.77526263	-0.69373445	0.49670359	0.85729679	-35.158027
-0.77526263	-0.69373445	0.49670359	0.85729679	-35.167376
-0.77526263	-0.69373445	0.49670359	0.85729679	-35.176726
-0.77526263	-0.69373445	0.49670359	0.85729679	-35.186075
-0.77526263	-0.69373445	0.49670359	0.85729679	-35.195425
-0.77526263	-0.69373445	0.49670359	0.85729679	-35.204774
-0.77526263	-0.69373445	0.49670359	0.85729679	-35.214124
-0.77526263	-0.69373445	0.49670359	0.85729679	-35.223475
-0.77526263	-0.69373445	0.49670359	0.85729679	-35.232825
-0.77526263	-0.69373445	0.49670359	0.85729679	-35.242175
-0.77526263	-0.69373445	0.49670359	0.85729679	-35.251526
-0.77526263	-0.69373445	0.49670359	0.85729679	-35.260877
-0.77526263	-0.69373445	0.49670359	0.85729679	-35.270228
-0.77526263	-0.69373445	0.49670359	0.85729679	-35.279579
-0.77526263	-0.69373445	0.49670359	0.85729679	-35.28893
-0.77526263	-0.69373445	0.49670359	0.85729679	-35.298282
-0.77526263	-0.69373445	0.49670359	0.85729679	-35.307634
-0.77526263	-0.69373445	0.49670359	0.85729679	-35.316986
-0.77526263	-0.69373445	0.49670359	0.85729679	-35.326338
-0.77526263	-0.69373445	0.49670359	0.85729679	-35.33569
-0.77526263	-0.69373445	0.49670359	0.85729679	-35.345042
-0.77526263	-0.69373445	0.49670359	0.85729679	-35.354395
-0.77526263	-0.69373445	0.49670359	0.85729679	-35.363747
-0.77526263	-0.69373445	0.49670359	0.85729679	-35.3731
-0.77526263	-0.69373445	0.49670359	0.85729679	-35.382453
-0.77526263	-0.69373445	0.49670359	0.85729679	-35.391807
-0.77526263	-0.69373445	0.49670359	0.85729679	-35.40116
-0.77526263	-0.69373445	0.49670359	0.85729679	-35.410514
-0.77526263	-0.69373445	0.49670359	0.85729679	-35.419867
-0.77526263	-0.69373445	0.49670359	0.85729679	-35.429221
-0.77526263	-0.69373445	0.49670359	0.85729679	-35.438575
-0.77526263	-0.69373445	0.49670359	0.85729679	-35.44793
-0.77526263	-0.69373445	0.49670359	0.85729679	-35.457284
-0.77526263	-0.69373445	0.49670359	0.85729679	-35.466639
-0.77526263	-0.69373445	0.49670359	0.85729679	-35.475993
-0.77526263	-0.69373445	0.49670359	0.85729679	-35.485348
-0.77526263	-0.69373445	0.49670359	0.85729679	-35.494703
-0.77526263	-0.69373445	0.49670359	0.85729679	-35.504058
-0.77526263	-0.69373445	0.49670359	0.85729679	-35.513414
-0.77526263	-0.69373445	0.49670359	0.85729679	-35.522769
-0.77526263	-0.69373445	0.49670359	0.85729679	-35.532125
-0.77526263	-0.69373445	0.49670359	0.85729679	-35.541481
-0.77526263	-0.69373445	0.49670359	0.85729679	-35.550837
-0.77526263	-0.69373445	0.49670359	0.85729679	-35.560193
-0.77526263	-0.69373445	0.49670359	0.85729679	-35.569549
-0.77526263	-0.69373445	0.49670359	0.85729679	-35.578906
-0.77526263	-0.69373445	0.49670359	0.85729679	-35.588262
-0.77526263	-0.69373445	0.49670359	0.85729679	-35.597619
-0.77526263	-0.69373445	0.49670359	0.85729679	-35.606976
-0.77526263	-0.69373445	0.49670359	0.85729679	-35.616333
-0.77526263	-0.69373445	0.49670359	0.85729679	-35.62569
-0.77526263	-0.69373445	0.49670359	0.85729679	-35.635048
-0.77526263	-0.69373445	0.49670359	0.85729679	-35.644405
-0.77526263	-0.69373445	0.49670359	0.85729679	-35.653763
-0.77526263	-0.69373445	0.49670359	0.85729679	-35.663121
-0.77526263	-0.69373445	0.49670359	0.85729679	-35.672479
-0.77526263	-0.69373445	0.49670359	0.85729679	-35.681837
-0.77526263	-0.69373445	0.49670359	0.85729679	-35.691195
-0.77526263	-0.69373445	0.49670359	0.85729679	-35.700553
-0.77526263	-0.69373445	0.49670359	0.85729679	-35.709912
-0.77526263	-0.69373445	0.49670359	0.85729679	-35.719271
-0.77526263	-0.69373445	0.49670359	0.85729679	-35.72863
-0.77526263	-0.69373445	0.49670359	0.85729679	-35.737989
-0.77526263	-0.69373445	0.49670359	0.85729679	-35.747348
-0.77526263	-0.69373445	0.49670359	0.85729679	-35.756707
-0.77526263	-0.69373445	0.49670359	0.85729679	-35.766066
-0.77526263	-0.69373445	0.49670359	0.85729679	-35.775426
-0.77526263	-0.69373445	0.49670359	0.85729679	-35.784786
-0.77526263	-0.69373445	0.49670359	0.85729679	-35.794145
-0.77526263	-0.69373445	0.49670359	0.85729679	-35.803505
-0.77526263	-0.69373445	0.49670359	0.85729679	-35.812866
-0.77526263	-0.69373445	0.49670359	0.85729679	-35.822226
-0.77526263	-0.69373445	0.49670359	0.85729679	-35.831586
-0.77526263	-0.69373445	0.49670359	0.85729679	-35.840947
-0.77526263	-0.69373445	0.49670359	0.85729679	-35.850307
-0.77526263	-0.69373445	0.49670359	0.85729679	-35.859668
-0.77526263	-0.69373445	0.49670359	0.85729679	-35.869029
-0.77526263	-0.69373445	0.49670359	0.85729679	-35.87839
-0.77526263	-0.69373445	0.49670359	0.85729679	-35.887751
-0.77526263	-0.69373445	0.49670359	0.85729679	-35.897113
-0.77526263	-0.69373445	0.49670359	0.85729679	-35.906474
-0.77526263	-0.69373445	0.49670359	0.85729679	-35.915836
-0.77526263	-0.69373445	0.49670359	0.85729679	-35.925197
-0.77526263	-0.69373445	0.49670359	0.85729679	-35.934559
-0.77526263	-0.69373445	0.49670359	0.85729679	-35.943921
-0.77526263	-0.69373445	0.49670359	0.85729679	-35.953283
-0.77526263	-0.69373445	0.49670359	0.85729679	-35.962645
-0.77526263	-0.69373445	0.49670359	0.85729679	-35.972008
-0.77526263	-0.69373445	0.49670359	0.85729679	-35.98137
-0.77526263	-0.69373445	0.49670359	0.85729679	-35.990733
-0.77526263	-0.69373445	0.49670359	0.85729679	-36.000096
-0.77526263	-0.69373445	0.49670359	0.85729679	-36.009459
-0.77526263	-0.69373445	0.49670359	0.85729679	-36.018822
-0.77526263	-0.69373445	0.49670359	0.85729679	-36.028185
-0.77526263	-0.69373445	0.49670359	0.85729679	-36.037548
-0.77526263	-0.69373445	0.49670359	0.85729679	-36.046911
-0.77526263	-0.69373445	0.49670359	0.85729679	-36.056275
-0.77526263	-0.69373445	0.49670359	0.85729679	-36.065638
-0.77526263	-0.69373445	0.49670359	0.85729679	-36.075002
-0.77526263	-0.69373445	0.49670359	0.85729679	-36.084366
-0.77526263	-0.69373445	0.49670359	0.85729679	-36.09373
-0.77526263	-0.69373445	0.49670359	0.85729679	-36.103094
-0.77526263	-0.69373445	0.49670359	0.85729679	-36.112458
-0.77526263	-0.69373445	0.49670359	0.85729679	-36.121822
-0.77526263	-0.69373445	0.49670359	0.85729679	-36.131187
-0.77526263	-0.69373445	0.49670359	0.85729679	-36.140551
-0.77526263	-0.69373445	0.49670359	0.85729679	-36.149916
-0.77526263	-0.69373445	0.49670359	0.85729679	-36.159281
-0.77526263	-0.69373445	0.49670359	0.85729679	-36.168646
-0.77526263	-0.69373445	0.49670359	0.85729679	-36.178011
-0.77526263	-0.69373445	0.49670359	0.85729679	-36.187376
-0.77526263	-0.69373445	0.49670359	0.85729679	-36.196741
-0.77526263	-0.69373445	0.49670359	0.85729679	-36.206106
-0.77526263	-0.69373445	0.49670359	0.85729679	-36.215472
-0.77526263	-0.69373445	0.49670359	0.85729679	-36.224837
-0.77526263	-0.69373445	0.49670359	0.85729679	-36.234203
-0.77526263	-0.69373445	0.49670359	0.85729679	-36.243568
-0.77526263	-0.69373445	0.49670359	0.85729679	-36.252934
-0.77526263	-0.69373445	0.49670359	0.85729679	-36.2623
-0.77526263	-0.69373445	0.49670359	0.85729679	-36.271666
-0.77526263	-0.69373445	0.49670359	0.85729679	-36.281033
-0.77526263	-0.69373445	0.49670359	0.85729679	-36.290399
-0.77526263	-0.69373445	0.49670359	0.85729679	-36.299765
-0.77526263	-0.69373445	0.49670359	0.85729679	-36.309132
-0.77526263	-0.69373445	0.49670359	0.85729679	-36.318498
-0.77526263	-0.69373445	0.49670359	0.85729679	-36.327865
-0.77526263	-0.69373445	0.49670359	0.85729679	-36.337232
-0.77526263	-0.69373445	0.49670359	0.85729679	-36.346599
-0.77526263	-0.69373445	0.49670359	0.85729679	-36.355966
-0.77526263	-0.69373445	0.49670359	0.85729679	-36.365333
-0.77526263	-0.69373445	0.49670359	0.85729679	-36.3747
-0.77526263	-0.69373445	0.49670359	0.85729679	-36.384067
-0.77526263	-0.69373445	0.49670359	0.85729679	-36.393435
-0.77526263	-0.69373445	0.49670359	0.85729679	-36.402802
-0.77526263	-0.69373445	0.49670359	0.85729679	-36.41217
-0.77526263	-0.69373445	0.49670359	0.85729679	-36.421537
-0.77526263	-0.69373445	0.49670359	0.85729679	-36.430905
-0.77526263	-0.69373445	0.49670359	0.85729679	-36.440273
-0.77526263	-0.69373445	0.49670359	0.85729679	-36.449641
-0.77526263	-0.69373445	0.49670359	0.85729679	-36.459009
-0.77526263	-0.69373445	0.49670359	0.85729679	-36.468377
-0.77526263	-0.69373445	0.49670359	0.85729679	-36.477746
-0.77526263	-0.69373445	0.49670359	0.85729679	-36.487114
-0.77526263	-0.69373445	0.49670359	0.85729679	-36.496482
-0.77526263	-0.69373445	0.49670359	0.85729679	-36.505851
-0.77526263	-0.69373445	0.49670359	0.85729679	-36.515219
-0.77526263	-0.69373445	0.49670359	0.85729679	-36.524588
-0.77526263	-0.69373445	0.49670359	0.85729679	-36.533957
-0.77526263	-0.69373445	0.49670359	0.85729679	-36.543326
-0.77526263	-0.69373445	0.49670359	0.85729679	-36.552695
-0.77526263	-0.69373445	0.49670359	0.85729679	-36.562064
-0.77526263	-0.69373445	0.49670359	0.85729679	-36.571433
-0.77526263	-0.69373445	0.49670359	0.85729679	-36.580802
-0.77526263	-0.69373445	0.49670359	0.85729679	-36.590171
-0.77526263	-0.69373445	0.49670359	0.85729679	-36.599541
-0.77526263	-0.69373445	0.49670359	0.85729679	-36.60891
-0.77526263	-0.69373445	0.49670359	0.85729679	-36.61828
-0.77526263	-0.69373445	0.49670359	0.85729679	-36.627649
-0.77526263	-0.69373445	0.49670359	0.85729679	-36.637019
-0.77526263	-0.69373445	0.49670359	0.85729679	-36.646389
-0.77526263	-0.69373445	0.49670359	0.85729679	-36.655759
-0.77526263	-0.69373445	0.49670359	0.85729679	-36.665129
-0.77526263	-0.69373445	0.49670359	0.85729679	-36.674499
-0.77526263	-0.69373445	0.49670359	0.85729679	-36.683869
-0.77526263	-0.69373445	0.49670359	0.85729679	-36.693239
-0.77526263	-0.69373445	0.49670359	0.85729679	-36.702609
-0.77526263	-0.69373445	0.49670359	0.85729679	-36.711979
-0.77526263	-0.69373445	0.49670359	0.85729679	-36.72135
-0.77526263	-0.69373445	0.49670359	0.85729679	-36.73072
-0.77526263	-0.69373445	0.49670359	0.85729679	-36.740091
-0.77526263	-0.69373445	0.49670359	0.85729679	-36.749461
-0.77526263	-0.69373445	0.49670359	0.85729679	-36.758832
-0.77526263	-0.69373445	0.49670359	0.85729679	-36.768203
-0.77526263	-0.69373445	0.49670359	0.85729679	-36.777574
-0.77526263	-0.69373445	0.49670359	0.85729679	-36.786945
-0.77526263	-0.69373445	0.49670359	0.85729679	-36.796316
-0.77526263	-0.69373445	0.49670359	0.85729679	-36.805687
-0.77526263	-0.69373445	0.49670359	0.85729679	-36.815058
-0.77526263	-0.69373445	0.49670359	0.85729679	-36.824429
-0.77526263	-0.69373445	0.49670359	0.85729679	-36.8338
-0.77526263	-0.69373445	0.49670359	0.85729679	-36.843171
-0.77526263	-0.69373445	0.49670359	0.85729679	-36.852543
-0.77526263	-0.69373445	0.49670359	0.85729679	-36.861914
-0.77526263	-0.69373445	0.49670359	0.85729679	-36.871286
-0.77526263	-0.69373445	0.49670359	0.85729679	-36.880657
-0.77526263	-0.69373445	0.49670359	0.85729679	-36.890029
-0.77526263	-0.69373445	0.49670359	0.85729679	-36.899401
-0.77526263	-0.69373445	0.49670359	0.85729679	-36.908772
-0.77526263	-0.69373445	0.49670359	0.85729679	-36.918144
-0.77526263	-0.69373445	0.49670359	0.85729679	-36.927516
-0.77526263	-0.69373445	0.49670359	0.85729679	-36.936888
-0.77526263	-0.69373445	0.49670359	0.85729679	-36.94626
-0.77526263	-0.69373445	0.49670359	0.85729679	-36.955632
-0.77526263	-0.69373445	0.49670359	0.85729679	-36.965004
-0.77526263	-0.69373445	0.49670359	0.85729679	-36.974376
-0.77526263	-0.69373445	0.49670359	0.85729679	-36.983748
-0.77526263	-0.69373445	0.49670359	0.85729679	-36.993121
-0.77526263	-0.69373445	0.49670359	0.85729679	-37.002493
-0.77526263	-0.69373445	0.49670359	0.85729679	-37.011865
-0.77526263	-0.69373445	0.49670359	0.85729679	-37.021238
-0.77526263	-0.69373445	0.49670359	0.85729679	-37.03061
-0.77526263	-0.69373445	0.49670359	0.85729679	-37.039983
-0.77526263	-0.69373445	0.49670359	0.85729679	-37.049355
-0.77526263	-0.69373445	0.49670359	0.85729679	-37.058728
-0.77526263	-0.69373445	0.49670359	0.85729679	-37.068101
-0.77526263	-0.69373445	0.49670359	0.85729679	-37.077474
-0.77526263	-0.69373445	0.49670359	0.85729679	-37.086846
-0.77526263	-0.69373445	0.49670359	0.85729679	-37.096219
-0.77526263	-0.69373445	0.49670359	0.85729679	-37.105592
-0.77526263	-0.69373445	0.49670359	0.85729679	-37.114965
-0.77526263	-0.69373445	0.49670359	0.85729679	-37.124338
-0.77526263	-0.69373445	0.49670359	0.85729679	-37.133711
-0.77526263	-0.69373445	0.49670359	0.85729679	-37.143084
-0.77526263	-0.69373445	0.49670359	0.85729679	-37.152457
-0.77526263	-0.69373445	0.49670359	0.85729679	-37.16183
-0.77526263	-0.69373445	0.49670359	0.85729679	-37.171204
-0.77526263	-0.69373445	0.49670359	0.85729679	-37.180577
-0.77526263	-0.69373445	0.49670359	0.85729679	-37.18995
-0.77526263	-0.69373445	0.49670359	0.85729679	-37.199323
-0.77526263	-0.69373445	0.49670359	0.85729679	-37.208697
-0.77526263	-0.69373445	0.49670359	0.85729679	-37.21807
-0.77526263	-0.69373445	0.49670359	0.85729679	-37.227444
-0.77526263	-0.69373445	0.49670359	0.85729679	-37.236817
-0.77526263	-0.69373445	0.49670359	0.85729679	-37.246191
-0.77526263	-0.69373445	0.49670359	0.85729679	-37.255564
-0.77526263	-0.69373445	0.49670359	0.85729679	-37.264938
-0.77526263	-0.69373445	0.49670359	0.85729679	-37.274311
-0.77526263	-0.69373445	0.49670359	0.85729679	-37.283685
-0.77526263	-0.69373445	0.49670359	0.85729679	-37.293059
-0.77526263	-0.69373445	0.49670359	0.85729679	-37.302432
-0.77526263	-0.69373445	0.49670359	0.85729679	-37.311806
-0.77526263	-0.69373445	0.49670359	0.85729679	-37.32118
-0.77526263	-0.69373445	0.49670359	0.85729679	-37.330554
-0.77526263	-0.69373445	0.49670359	0.85729679	-37.339928
-0.77526263	-0.69373445	0.49670359	0.85729679	-37.349302
-0.77526263	-0.69373445	0.49670359	0.85729679	-37.358676
-0.77526263	-0.69373445	0.49670359	0.85729679	-37.368049
-0.77526263	-0.69373445	0.49670359	0.85729679	-37.377423
-0.77526263	-0.69373445	0.49670359	0.85729679	-37.386797
-0.77526263	-0.69373445	0.49670359	0.85729679	-37.396172
-0.77526263	-0.69373445	0.49670359	0.85729679	-37.405546
-0.77526263	-0.69373445	0.49670359	0.85729679	-37.41492
-0.77526263	-0.69373445	0.49670359	0.85729679	-37.424294
-0.77526263	-0.69373445	0.49670359	0.85729679	-37.433668
-0.77526263	-0.69373445	0.49670359	0.85729679	-37.443042
-0.77526263	-0.69373445	0.49670359	0.85729679	-37.452416
-0.77526263	-0.69373445	0.49670359	0.85729679	-37.46179
-0.77526263	-0.69373445	0.49670359	0.85729679	-37.471165
-0.77526263	-0.69373445	0.49670359	0.85729679	-37.480539
-0.77526263	-0.69373445	0.49670359	0.85729679	-37.489913
-0.77526263	-0.69373445	0.49670359	0.85729679	-37.499288
-0.77526263	-0.69373445	0.49670359	0.85729679	-37.508662
-0.77526263	-0.69373445	0.49670359	0.85729679	-37.518036
-0.77526263	-0.69373445	0.49670359	0.85729679	-37.52741
-0.77526263	-0.69373445	0.49670359	0.85729679	-37.536785
-0.77526263	-0.69373445	0.49670359	0.85729679	-37.546159
-0.77526263	-0.69373445	0.49670359	0.85729679	-37.555534
-0.77526263	-0.69373445	0.49670359	0.85729679	-37.564908
-0.77526263	-0.69373445	0.49670359	0.85729679	-37.574282
-0.77526263	-0.69373445	0.49670359	0.85729679	-37.583657
-0.77526263	-0.69373445	0.49670359	0.85729679	-37.593031
-0.77526263	-0.69373445	0.49670359	0.85729679	-37.602406
-0.77526263	-0.69373445	0.49670359	0.85729679	-37.61178
-0.77526263	-0.69373445	0.49670359	0.85729679	-37.621155
-0.77526263	-0.69373445	0.49670359	0.85729679	-37.630529
-0.77526263	-0.69373445	0.49670359	0.85729679	-37.639904
-0.77526263	-0.69373445	0.49670359	0.85729679	-37.649278
-0.77526263	-0.69373445	0.49670359	0.85729679	-37.658653
-0.77526263	-0.69373445	0.49670359	0.85729679	-37.668027
-0.77526263	-0.69373445	0.49670359	0.85729679	-37.677402
-0.77526263	-0.69373445	0.49670359	0.85729679	-37.686777
-0.77526263	-0.69373445	0.49670359	0.85729679	-37.696151
-0.77526263	-0.69373445	0.49670359	0.85729679	-37.705526
-0.77526263	-0.69373445	0.49670359	0.85729679	-37.7149
-0.77526263	-0.69373445	0.49670359	0.85729679	-37.724275
-0.77526263	-0.69373445	0.49670359	0.85729679	-37.733649
-0.77526263	-0.69373445	0.49670359	0.85729679	-37.743024
-0.77526263	-0.69373445	0.49670359	0.85729679	-37.752399
-0.77526263	-0.69373445	0.49670359	0.85729679	-37.761773
-0.77526263	-0.69373445	0.49670359	0.85729679	-37.771148
-0.77526263	-0.69373445	0.49670359	0.85729679	-37.780522
-0.77526263	-0.69373445	0.49670359	0.85729679	-37.789897
-0.77526263	-0.69373445	0.49670359	0.85729679	-37.799271
-0.77526263	-0.69373445	0.49670359	0.85729679	-37.808646
-0.77526263	-0.69373445	0.49670359	0.85729679	-37.818021
-0.77526263	-0.69373445	0.49670359	0.85729679	-37.827395
-0.77526263	-0.69373445	0.49670359	0.85729679	-37.83677
-0.77526263	-0.69373445	0.49670359	0.85729679	-37.846144
-0.77526263	-0.69373445	0.49670359	0.85729679	-37.855519
-0.77526263	-0.69373445	0.49670359	0.85729679	-37.864893
-0.77526263	-0.69373445	0.49670359	0.85729679	-37.874268
-0.77526263	-0.69373445	0.49670359	0.85729679	-37.883643
-0.77526263	-0.69373445	0.49670359	0.85729679	-37.893017
-0.77526263	-0.69373445	0.49670359	0.85729679	-37.902392
-0.77526263	-0.69373445	0.49670359	0.85729679	-37.911766
-0.77526263	-0.69373445	0.49670359	0.85729679	-37.921141
-0.77526263	-0.69373445	0.49670359	0.85729679	-37.930515
-0.77526263	-0.69373445	0.49670359	0.85729679	-37.93989
-0.77526263	-0.69373445	0.49670359	0.85729679	-37.949264
-0.77526263	-0.69373445	0.49670359	0.85729679	-37.958639
-0.77526263	-0.69373445	0.49670359	0.85729679	-37.968013
-0.77526263	-0.69373445	0.49670359	0.85729679	-37.977388
-0.77526263	-0.69373445	0.49670359	0.85729679	-37.986762
-0.77526263	-0.69373445	0.49670359	0.85729679	-37.996136
-0.77526263	-0.69373445	0.49670359	0.85729679	-38.005511
-0.77526263	-0.69373445	0.49670359	0.85729679	-38.014885
-0.77526263	-0.69373445	0.49670359	0.85729679	-38.02426
-0.77526263	-0.69373445	0.49670359	0.85729679	-38.033634
-0.77526263	-0.69373445	0.49670359	0.85729679	-38.043008
-0.77526263	-0.69373445	0.49670359	0.85729679	-38.052383
-0.77526263	-0.69373445	0.49670359	0.85729679	-38.061757
-0.77526263	-0.69373445	0.49670359	0.85729679	-38.071131
-0.77526263	-0.69373445	0.49670359	0.85729679	-38.080505
-0.77526263	-0.69373445	0.49670359	0.85729679	-38.08988
-0.77526263	-0.69373445	0.49670359	0.85729679	-38.099254
-0.77526263	-0.69373445	0.49670359	0.85729679	-38.108628
-0.77526263	-0.69373445	0.49670359	0.85729679	-38.118002
-0.77526263	-0.69373445	0.49670359	0.85729679	-38.127376
-0.77526263	-0.69373445	0.49670359	0.85729679	-38.13675
-0.77526263	-0.69373445	0.49670359	0.85729679	-38.146124
-0.77526263	-0.69373445	0.49670359	0.85729679	-38.155498
-0.77526263	-0.69373445	0.49670359	0.85729679	-38.164873
-0.77526263	-0.69373445	0.49670359	0.85729679	-38.174247
-0.77526263	-0.69373445	0.49670359	0.85729679	-38.183621
-0.77526263	-0.69373445	0.49670359	0.85729679	-38.192994
-0.77526263	-0.69373445	0.49670359	0.85729679	-38.202368
-0.77526263	-0.69373445	0.49670359	0.85729679	-38.211742
-0.77526263	-0.69373445	0.49670359	0.85729679	-38.221116
-0.77526263	-0.69373445	0.49670359	0.85729679	-38.23049
-0.77526263	-0.69373445	0.49670359	0.85729679	-38.239864
-0.77526263	-0.69373445	0.49670359	0.85729679	-38.249238
-0.77526263	-0.69373445	0.49670359	0.85729679	-38.258611
-0.77526263	-0.69373445	0.49670359	0.85729679	-38.267985
-0.77526263	-0.69373445	0.49670359	0.85729679	-38.277359
-0.77526263	-0.69373445	0.49670359	0.85729679	-38.286732
-0.77526263	-0.69373445	0.49670359	0.85729679	-38.296106
-0.77526263	-0.69373445	0.49670359	0.85729679	-38.305479
-0.77526263	-0.69373445	0.49670359	0.85729679	-38.314853
-0.77526263	-0.69373445	0.49670359	0.85729679	-38.324226
-0.77526263	-0.69373445	0.49670359	0.85729679	-38.3336
-0.77526263	-0.69373445	0.49670359	0.85729679	-38.342973
-0.77526263	-0.69373445	0.49670359	0.85729679	-38.352347
-0.77526263	-0.69373445	0.49670359	0.85729679	-38.36172
-0.77526263	-0.69373445	0.49670359	0.85729679	-38.371093
-0.77526263	-0.69373445	0.49670359	0.85729679	-38.380466
-0.77526263	-0.69373445	0.49670359	0.85729679	-38.38984
-0.77526263	-0.69373445	0.49670359	0.85729679	-38.399213
-0.77526263	-0.69373445	0.49670359	0.85729679	-38.408586
-0.77526263	-0.69373445	0.49670359	0.85729679	-38.417959
-0.77526263	-0.69373445	0.49670359	0.85729679	-38.427332
-0.77526263	-0.69373445	0.49670359	0.85729679	-38.436705
-0.77526263	-0.69373445	0.49670359	0.85729679	-38.446078
-0.77526263	-0.69373445	0.49670359	0.85729679	-38.455451
-0.77526263	-0.69373445	0.49670359	0.85729679	-38.464824
-0.77526263	-0.69373445	0.49670359	0.85729679	-38.474196
-0.77526263	-0.69373445	0.49670359	0.85729679	-38.483569
-0.77526263	-0.69373445	0.49670359	0.85729679	-38.492942
-0.77526263	-0.69373445	0.49670359	0.85729679	-38.502315
-0.77526263	-0.69373445	0.49670359	0.85729679	-38.511687
-0.77526263	-0.69373445	0.49670359	0.85729679	-38.52106
-0.77526263	-0.69373445	0.49670359	0.85729679	-38.530432
-0.77526263	-0.69373445	0.49670359	0.85729679	-38.539805
-0.77526263	-0.69373445	0.49670359	0.85729679	-38.549177
-0.77526263	-0.69373445	0.49670359	0.85729679	-38.558549
-0.77526263	-0.69373445	0.49670359	0.85729679	-38.567922
-0.77526263	-0.69373445	0.49670359	0.85729679	-38.577294
-0.77526263	-0.69373445	0.49670359	0.85729679	-38.586666
-0.77526263	-0.69373445	0.49670359	0.85729679	-38.596038
-0.77526263	-0.69373445	0.49670359	0.85729679	-38.60541
-0.77526263	-0.69373445	0.49670359	0.85729679	-38.614782
-0.77526263	-0.69373445	0.49670359	0.85729679	-38.624154
-0.77526263	-0.69373445	0.49670359	0.85729679	-38.633526
-0.77526263	-0.69373445	0.49670359	0.85729679	-38.642898
-0.77526263	-0.69373445	0.49670359	0.85729679	-38.652269
-0.77526263	-0.69373445	0.49670359	0.85729679	-38.661641
-0.77526263	-0.69373445	0.49670359	0.85729679	-38.671013
-0.77526263	-0.69373445	0.49670359	0.85729679	-38.680384
-0.77526263	-0.69373445	0.49670359	0.85729679	-38.689756
-0.77526263	-0.69373445	0.49670359	0.85729679	-38.699127
-0.77526263	-0.69373445	0.49670359	0.85729679	-38.708499
-0.77526263	-0.69373445	0.49670359	0.85729679	-38.71787
-0.77526263	-0.69373445	0.49670359	0.85729679	-38.727241
-0.77526263	-0.69373445	0.49670359	0.85729679	-38.736612
-0.77526263	-0.69373445	0.49670359	0.85729679	-38.745983
-0.77526263	-0.69373445	0.49670359	0.85729679	-38.755354
-0.77526263	-0.69373445	0.49670359	0.85729679	-38.764725
-0.77526263	-0.69373445	0.49670359	0.85729679	-38.774096
-0.77526263	-0.69373445	0.49670359	0.85729679	-38.783467
-0.77526263	-0.69373445	0.49670359	0.85729679	-38.792838
-0.77526263	-0.69373445	0.49670359	0.85729679	-38.802209
-0.77526263	-0.69373445	0.49670359	0.85729679	-38.811579
-0.77526263	-0.69373445	0.49670359	0.85729679	-38.82095
-0.77526263	-0.69373445	0.49670359	0.85729679	-38.83032
-0.77526263	-0.69373445	0.49670359	0.85729679	-38.839691
-0.77526263	-0.69373445	0.49670359	0.85729679	-38.849061
-0.77526263	-0.69373445	0.49670359	0.85729679	-38.858431
-0.77526263	-0.69373445	0.49670359	0.85729679	-38.867801
-0.77526263	-0.69373445	0.49670359	0.85729679	-38.877171
-0.77526263	-0.69373445	0.49670359	0.85729679	-38.886541
-0.77526263	-0.69373445	0.49670359	0.85729679	-38.895911
-0.77526263	-0.69373445	0.49670359	0.85729679	-38.905281
-0.77526263	-0.69373445	0.49670359	0.85729679	-38.914651
-0.77526263	-0.69373445	0.49670359	0.85729679	-38.924021
-0.77526263	-0.69373445	0.49670359	0.85729679	-38.93339
-0.77526263	-0.69373445	0.49670359	0.85729679	-38.94276
-0.77526263	-0.69373445	0.49670359	0.85729679	-38.952129
-0.77526263	-0.69373445	0.49670359	0.85729679	-38.961499
-0.77526263	-0.69373445	0.49670359	0.85729679	-38.970868
-0.77526263	-0.69373445	0.49670359	0.85729679	-38.980237
-0.77526263	-0.69373445	0.49670359	0.85729679	-38.989606
-0.77526263	-0.69373445	0.49670359	0.85729679	-38.998975
-0.77526263	-0.69373445	0.49670359	0.85729679	-39.008344
-0.77526263	-0.69373445	0.49670359	0.85729679	-39.017713
-0.77526263	-0.69373445	0.49670359	0.85729679	-39.027082
-0.77526263	-0.69373445	0.49670359	0.85729679	-39.036451
-0.77526263	-0.69373445	0.49670359	0.85729679	-39.045819
-0.77526263	-0.69373445	0.49670359	0.85729679	-39.055188
-0.77526263	-0.69373445	0.49670359	0.85729679	-39.064556
-0.77526263	-0.69373445	0.49670359	0.85729679	-39.073924
-0.77526263	-0.69373445	0.49670359	0.85729679	-39.083293
-0.77526263	-0.69373445	0.49670359	0.85729679	-39.092661
-0.77526263	-0.69373445	0.49670359	0.85729679	-39.102029
-0.77526263	-0.69373445	0.49670359	0.85729679	-39.111397
-0.77526263	-0.69373445	0.49670359	0.85729679	-39.120765
-0.77526263	-0.69373445	0.49670359	0.85729679	-39.130133
-0.77526263	-0.69373445	0.49670359	0.85729679	-39.1395
-0.77526263	-0.69373445	0.49670359	0.85729679	-39.148868
-0.77526263	-0.69373445	0.49670359	0.85729679	-39.158235
-0.77526263	-0.69373445	0.49670359	0.85729679	-39.167603
-0.77526263	-0.69373445	0.49670359	0.85729679	-39.17697
-0.77526263	-0.69373445	0.49670359	0.85729679	-39.186337
-0.77526263	-0.69373445	0.49670359	0.85729679	-39.195704
-0.77526263	-0.69373445	0.49670359	0.85729679	-39.205071
-0.77526263	-0.69373445	0.49670359	0.85729679	-39.214438
-0.77526263	-0.69373445	0.49670359	0.85729679	-39.223805
-0.77526263	-0.69373445	0.49670359	0.85729679	-39.233172
-0.77526263	-0.69373445	0.49670359	0.85729679	-39.242538
-0.77526263	-0.69373445	0.49670359	0.85729679	-39.251905
-0.77526263	-0.69373445	0.49670359	0.85729679	-39.261271
-0.77526263	-0.69373445	0.49670359	0.85729679	-39.270637
-0.77526263	-0.69373445	0.49670359	0.85729679	-39.280004
-0.77526263	-0.69373445	0.49670359	0.85729679	-39.28937
-0.77526263	-0.69373445	0.49670359	0.85729679	-39.298736
-0.77526263	-0.69373445	0.49670359	0.85729679	-39.308102
-0.77526263	-0.69373445	0.49670359	0.85729679	-39.317467
-0.77526263	-0.69373445	0.49670359	0.85729679	-39.326833
-0.77526263	-0.69373445	0.49670359	0.85729679	-39.336198
-0.77526263	-0.69373445	0.49670359	0.85729679	-39.345564
-0.77526263	-0.69373445	0.49670359	0.85729679	-39.354929
-0.77526263	-0.69373445	0.49670359	0.85729679	-39.364294
-0.77526263	-0.69373445	0.49670359	0.85729679	-39.37366
-0.77526263	-0.69373445	0.49670359	0.85729679	-39.383024
-0.77526263	-0.69373445	0.49670359	0.85729679	-39.392389
-0.77526263	-0.69373445	0.49670359	0.85729679	-39.401754
-0.77526263	-0.69373445	0.49670359	0.85729679	-39.411119
-0.77526263	-0.69373445	0.49670359	0.85729679	-39.420483
-0.77526263	-0.69373445	0.49670359	0.85729679	-39.429848
-0.77526263	-0.69373445	0.49670359	0.85729679	-39.439212
-0.77526263	-0.69373445	0.49670359	0.85729679	-39.448576
-0.77526263	-0.69373445	0.49670359	0.85729679	-39.45794
-0.77526263	-0.69373445	0.49670359	0.85729679	-39.467304
-0.77526263	-0.69373445	0.49670359	0.85729679	-39.476668
-0.77526263	-0.69373445	0.49670359	0.85729679	-39.486032
-0.77526263	-0.69373445	0.49670359	0.85729679	-39.495395
-0.77526263	-0.69373445	0.49670359	0.85729679	-39.504759
-0.77526263	-0.69373445	0.49670359	0.85729679	-39.514122
-0.77526263	-0.69373445	0.49670359	0.85729679	-39.523485
-0.77526263	-0.69373445	0.49670359	0.85729679	-39.532848
-0.77526263	-0.69373445	0.49670359	0.85729679	-39.542211
-0.77526263	-0.69373445	0.49670359	0.85729679	-39.551574
-0.77526263	-0.69373445	0.49670359	0.85729679	-39.560937
-0.77526263	-0.69373445	0.49670359	0.85729679	-39.5703
-0.77526263	-0.69373445	0.49670359	0.85729679	-39.579662
-0.77526263	-0.69373445	0.49670359	0.85729679	-39.589025
-0.77526263	-0.69373445	0.49670359	0.85729679	-39.598387
-0.77526263	-0.69373445	0.49670359	0.85729679	-39.607749
-0.77526263	-0.69373445	0.49670359	0.85729679	-39.617111
-0.77526263	-0.69373445	0.49670359	0.85729679	-39.626473
-0.77526263	-0.69373445	0.49670359	0.85729679	-39.635834
-0.77526263	-0.69373445	0.49670359	0.85729679	-39.645196
-0.77526263	-0.69373445	0.49670359	0.85729679	-39.654557
-0.77526263	-0.69373445	0.49670359	0.85729679	-39.663919
-0.77526263	-0.69373445	0.49670359	0.85729679	-39.67328
-0.77526263	-0.69373445	0.49670359	0.85729679	-39.682641
-0.77526263	-0.69373445	0.49670359	0.85729679	-39.692002
-0.77526263	-0.69373445	0.49670359	0.85729679	-39.701363
-0.77526263	-0.69373445	0.49670359	0.85729679	-39.710723
-0.77526263	-0.69373445	0.49670359	0.85729679	-39.720084
-0.77526263	-0.69373445	0.49670359	0.85729679	-39.729444
-0.77526263	-0.69373445	0.49670359	0.85729679	-39.738805
-0.77526263	-0.69373445	0.49670359	0.85729679	-39.748165
-0.77526263	-0.69373445	0.49670359	0.85729679	-39.757525
-0.77526263	-0.69373445	0.49670359	0.85729679	-39.766884
-0.77526263	-0.69373445	0.49670359	0.85729679	-39.776244
-0.77526263	-0.69373445	0.49670359	0.85729679	-39.785604
-0.77526263	-0.69373445	0.49670359	0.85729679	-39.794963
-0.77526263	-0.69373445	0.49670359	0.85729679	-39.804322
-0.77526263	-0.69373445	0.49670359	0.85729679	-39.813681
-0.77526263	-0.69373445	0.49670359	0.85729679	-39.82304
-0.77526263	-0.69373445	0.49670359	0.85729679	-39.832399
-0.77526263	-0.69373445	0.49670359	0.85729679	-39.841758
-0.77526263	-0.69373445	0.49670359	0.85729679	-39.851117
-0.77526263	-0.69373445	0.49670359	0.85729679	-39.860475
-0.77526263	-0.69373445	0.49670359	0.85729679	-39.869833
-0.77526263	-0.69373445	0.49670359	0.85729679	-39.879191
-0.77526263	-0.69373445	0.49670359	0.85729679	-39.888549
-0.77526263	-0.69373445	0.49670359	0.85729679	-39.897907
-0.77526263	-0.69373445	0.49670359	0.85729679	-39.907265
-0.77526263	-0.69373445	0.49670359	0.85729679	-39.916622
-0.77526263	-0.69373445	0.49670359	0.85729679	-39.92598
-0.77526263	-0.69373445	0.49670359	0.85729679	-39.935337
-0.77526263	-0.69373445	0.49670359	0.85729679	-39.944694
-0.77526263	-0.69373445	0.49670359	0.85729679	-39.954051
-0.77526263	-0.69373445	0.49670359	0.85729679	-39.963408
-0.77526263	-0.69373445	0.49670359	0.85729679	-39.972764
-0.77526263	-0.69373445	0.49670359	0.85729679	-39.982121
-0.77526263	-0.69373445	0.49670359	0.85729679	-39.991477
-0.77526263	-0.69373445	0.49670359	0.85729679	-40.000833
-0.77526263	-0.69373445	0.49670359	0.85729679	-40.010189
-0.77526263	-0.69373445	0.49670359	0.85729679	-40.019545
-0.77526263	-0.69373445	0.49670359	0.85729679	-40.028901
-0.77526263	-0.69373445	0.49670359	0.85729679	-40.038256
-0.77526263	-0.69373445	0.49670359	0.85729679	-40.047612
-0.77526263	-0.69373445	0.49670359	0.85729679	-40.056967
-0.77526263	-0.69373445	0.49670359	0.85729679	-40.066322
-0.77526263	-0.69373445	0.49670359	0.85729679	-40.075677
-0.77526263	-0.69373445	0.49670359	0.85729679	-40.085031
-0.77526263	-0.69373445	0.49670359	0.85729679	-40.094386
-0.77526263	-0.69373445	0.49670359	0.85729679	-40.10374
-0.77526263	-0.69373445	0.49670359	0.85729679	-40.113095
-0.77526263	-0.69373445	0.49670359	0.85729679	-40.122449
-0.77526263	-0.69373445	0.49670359	0.85729679	-40.131803
-0.77526263	-0.69373445	0.49670359	0.85729679	-40.141156
-0.77526263	-0.69373445	0.49670359	0.85729679	-40.15051
-0.77526263	-0.69373445	0.49670359	0.85729679	-40.159863
-0.77526263	-0.69373445	0.49670359	0.85729679	-40.169217
-0.77526263	-0.69373445	0.49670359	0.85729679	-40.17857
-0.77526263	-0.69373445	0.49670359	0.85729679	-40.187923
-0.77526263	-0.69373445	0.49670359	0.85729679	-40.197275
-0.77526263	-0.69373445	0.49670359	0.85729679	-40.206628
-0.77526263	-0.69373445	0.49670359	0.85729679	-40.21598
-0.77526263	-0.69373445	0.49670359	0.85729679	-40.225332
-0.77526263	-0.69373445	0.49670359	0.85729679	-40.234684
-0.77526263	-0.69373445	0.49670359	0.85729679	-40.244036
-0.77526263	-0.69373445	0.49670359	0.85729679	-40.253388
-0.77526263	-0.69373445	0.49670359	0.85729679	-40.26274
-0.77526263	-0.69373445	0.49670359	0.85729679	-40.272091
-0.77526263	-0.69373445	0.49670359	0.85729679	-40.281442
-0.77526263	-0.69373445	0.49670359	0.85729679	-40.290793
-0.77526263	-0.69373445	0.49670359	0.85729679	-40.300144
-0.77526263	-0.69373445	0.49670359	0.85729679	-40.309495
-0.77526263	-0.69373445	0.49670359	0.85729679	-40.318845
-0.77526263	-0.69373445	0.49670359	0.85729679	-40.328195
-0.77526263	-0.69373445	0.49670359	0.85729679	-40.337546
-0.77526263	-0.69373445	0.49670359	0.85729679	-40.346896
-0.77526263	-0.69373445	0.49670359	0.85729679	-40.356245
-0.77526263	-0.69373445	0.49670359	0.85729679	-40.365595
-0.77526263	-0.69373445	0.49670359	0.85729679	-40.374944
-0.77526263	-0.69373445	0.49670359	0.85729679	-40.384294
-0.77526263	-0.69373445	0.49670359	0.85729679	-40.393643
-0.77526263	-0.69373445	0.49670359	0.85729679	-40.402991
-0.77526263	-0.69373445	0.49670359	0.85729679	-40.41234
-0.77526263	-0.69373445	0.49670359	0.85729679	-40.421689
-0.77526263	-0.69373445	0.49670359	0.85729679	-40.431037
-0.77526263	-0.69373445	0.49670359	0.85729679	-40.440385
-0.77526263	-0.69373445	0.49670359	0.85729679	-40.449733
-0.77526263	-0.69373445	0.49670359	0.85729679	-40.459081
-0.77526263	-0.69373445	0.49670359	0.85729679	-40.468428
-0.77526263	-0.69373445	0.49670359	0.85729679	-40.477776
-0.77526263	-0.69373445	0.49670359	0.85729679	-40.487123
-0.77526263	-0.69373445	0.49670359	0.85729679	-40.49647
-0.77526263	-0.69373445	0.49670359	0.85729679	-40.505817
-0.77526263	-0.69373445	0.49670359	0.85729679	-40.515163
-0.77526263	-0.69373445	0.49670359	0.85729679	-40.52451
-0.77526263	-0.69373445	0.49670359	0.85729679	-40.533856
-0.77526263	-0.69373445	0.49670359	0.85729679	-40.543202
-0.77526263	-0.69373445	0.49670359	0.85729679	-40.552548
-0.77526263	-0.69373445	0.49670359	0.85729679	-40.561893
-0.77526263	-0.69373445	0.49670359	0.85729679	-40.571239
-0.77526263	-0.69373445	0.49670359	0.85729679	-40.580584
-0.77526263	-0.69373445	0.49670359	0.85729679	-40.589929
-0.77526263	-0.69373445	0.49670359	0.85729679	-40.599274
-0.77526263	-0.69373445	0.49670359	0.85729679	-40.608618
-0.77526263	-0.69373445	0.49670359	0.85729679	-40.617963
-0.77526263	-0.69373445	0.49670359	0.85729679	-40.627307
-0.77526263	-0.69373445	0.49670359	0.85729679	-40.636651
-0.77526263	-0.69373445	0.49670359	0.85729679	-40.645995
-0.77526263	-0.69373445	0.49670359	0.85729679	-40.655339
-0.77526263	-0.69373445	0.49670359	0.85729679	-40.664682
-0.77526263	-0.69373445	0.49670359	0.85729679	-40.674025
-0.77526263	-0.69373445	0.49670359	0.85729679	-40.683369
-0.77526263	-0.69373445	0.49670359	0.85729679	-40.692711
-0.77526263	-0.69373445	0.49670359	0.85729679	-40.702054
-0.77526263	-0.69373445	0.49670359	0.85729679	-40.711396
-0.77526263	-0.69373445	0.49670359	0.85729679	-40.720739
-0.77526263	-0.69373445	0.49670359	0.85729679	-40.730081
-0.77526263	-0.69373445	0.49670359	0.85729679	-40.739423
-0.77526263	-0.69373445	0.49670359	0.85729679	-40.748764
-0.77526263	-0.69373445	0.49670359	0.85729679	-40.758106
-0.77526263	-0.69373445	0.49670359	0.85729679	-40.767447
-0.77526263	-0.69373445	0.49670359	0.85729679	-40.776788
-0.77526263	-0.69373445	0.49670359	0.85729679	-40.786129
-0.77526263	-0.69373445	0.49670359	0.85729679	-40.795469
-0.77526263	-0.69373445	0.49670359	0.85729679	-40.804809
-0.77526263	-0.69373445	0.49670359	0.85729679	-40.81415
-0.77526263	-0.69373445	0.49670359	0.85729679	-40.823489
-0.77526263	-0.69373445	0.49670359	0.85729679	-40.832829
-0.77526263	-0.69373445	0.49670359	0.85729679	-40.842169
-0.77526263	-0.69373445	0.49670359	0.85729679	-40.851508
-0.77526263	-0.69373445	0.49670359	0.85729679	-40.860847
-0.77526263	-0.69373445	0.49670359	0.85729679	-40.870186
-0.77526263	-0.69373445	0.49670359	0.85729679	-40.879525
-0.77526263	-0.69373445	0.49670359	0.85729679	-40.888863
-0.77526263	-0.69373445	0.49670359	0.85729679	-40.898201
-0.77526263	-0.69373445	0.49670359	0.85729679	-40.907539
-0.77526263	-0.69373445	0.49670359	0.85729679	-40.916877
-0.77526263	-0.69373445	0.49670359	0.85729679	-40.926214
-0.77526263	-0.69373445	0.49670359	0.85729679	-40.935552
-0.77526263	-0.69373445	0.49670359	0.85729679	-40.944889
-0.77526263	-0.69373445	0.49670359	0.85729679	-40.954226
-0.77526263	-0.69373445	0.49670359	0.85729679	-40.963562
-0.77526263	-0.69373445	0.49670359	0.85729679	-40.972899
-0.77526263	-0.69373445	0.49670359	0.85729679	-40.982235
-0.77526263	-0.69373445	0.49670359	0.85729679	-40.991571
-0.77526263	-0.69373445	0.49670359	0.85729679	-41.000907
-0.77526263	-0.69373445	0.49670359	0.85729679	-41.010242
-0.77526263	-0.69373445	0.49670359	0.85729679	-41.019578
-0.77526263	-0.69373445	0.49670359	0.85729679	-41.028913
-0.77526263	-0.69373445	0.49670359	0.85729679	-41.038248
-0.77526263	-0.69373445	0.49670359	0.85729679	-41.047582
-0.77526263	-0.69373445	0.49670359	0.85729679	-41.056917
-0.77526263	-0.69373445	0.49670359	0.85729679	-41.066251
-0.77526263	-0.69373445	0.49670359	0.85729679	-41.075585
-0.77526263	-0.69373445	0.49670359	0.85729679	-41.084918
-0.77526263	-0.69373445	0.49670359	0.85729679	-41.094252
-0.77526263	-0.69373445	0.49670359	0.85729679	-41.103585
-0.77526263	-0.69373445	0.49670359	0.85729679	-41.112918
-0.77526263	-0.69373445	0.49670359	0.85729679	-41.122251
-0.77526263	-0.69373445	0.49670359	0.85729679	-41.131583
-0.77526263	-0.69373445	0.49670359	0.85729679	-41.140916
-0.77526263	-0.69373445	0.49670359	0.85729679	-41.150248
-0.77526263	-0.69373445	0.49670359	0.85729679	-41.15958
-0.77526263	-0.69373445	0.49670359	0.85729679	-41.168911
-0.77526263	-0.69373445	0.49670359	0.85729679	-41.178243
-0.77526263	-0.69373445	0.49670359	0.85729679	-41.187574
-0.77526263	-0.69373445	0.49670359	0.85729679	-41.196905
-0.77526263	-0.69373445	0.49670359	0.85729679	-41.206235
-0.77526263	-0.69373445	0.49670359	0.85729679	-41.215566
-0.77526263	-0.69373445	0.49670359	0.85729679	-41.224896
-0.77526263	-0.69373445	0.49670359	0.85729679	-41.234226
-0.77526263	-0.69373445	0.49670359	0.85729679	-41.243555
-0.77526263	-0.69373445	0.49670359	0.85729679	-41.252885
-0.77526263	-0.69373445	0.49670359	0.85729679	-41.262214
-0.77526263	-0.69373445	0.49670359	0.85729679	-41.271543
-0.77526263	-0.69373445	0.49670359	0.85729679	-41.280872
-0.77526263	-0.69373445	0.49670359	0.85729679	-41.2902
-0.77526263	-0.69373445	0.49670359	0.85729679	-41.299528
-0.77526263	-0.69373445	0.49670359	0.85729679	-41.308856
-0.77526263	-0.69373445	0.49670359	0.85729679	-41.318184
-0.77526263	-0.69373445	0.49670359	0.85729679	-41.327512
-0.77526263	-0.69373445	0.49670359	0.85729679	-41.336839
-0.77526263	-0.69373445	0.49670359	0.85729679	-41.346166
-0.77526263	-0.69373445	0.49670359	0.85729679	-41.355492
-0.77526263	-0.69373445	0.49670359	0.85729679	-41.364819
-0.77526263	-0.69373445	0.49670359	0.85729679	-41.374145
-0.77526263	-0.69373445	0.49670359	0.85729679	-41.383471
-0.77526263	-0.69373445	0.49670359	0.85729679	-41.392797
-0.77526263	-0.69373445	0.49670359	0.85729679	-41.402122
-0.77526263	-0.69373445	0.49670359	0.85729679	-41.411447
-0.77526263	-0.69373445	0.49670359	0.85729679	-41.420772
-0.77526263	-0.69373445	0.49670359	0.85729679	-41.430097
-0.77526263	-0.69373445	0.49670359	0.85729679	-41.439422
-0.77526263	-0.69373445	0.49670359	0.85729679	-41.448746
-0.77526263	-0.69373445	0.49670359	0.85729679	-41.45807
-0.77526263	-0.69373445	0.49670359	0.85729679	-41.467393
-0.77526263	-0.69373445	0.49670359	0.85729679	-41.476717
-0.77526263	-0.69373445	0.49670359	0.85729679	-41.48604
-0.77526263	-0.69373445	0.49670359	0.85729679	-41.495363
-0.77526263	-0.69373445	0.49670359	0.85729679	-41.504685
-0.77526263	-0.69373445	0.49670359	0.85729679	-41.514008
-0.77526263	-0.69373445	0.49670359	0.85729679	-41.52333
-0.77526263	-0.69373445	0.49670359	0.85729679	-41.532652
-0.77526263	-0.69373445	0.49670359	0.85729679	-41.541973
-0.77526263	-0.69373445	0.49670359	0.85729679	-41.551295
-0.77526263	-0.69373445	0.49670359	0.85729679	-41.560616
-0.77526263	-0.69373445	0.49670359	0.85729679	-41.569937
-0.77526263	-0.69373445	0.49670359	0.85729679	-41.579257
-0.77526263	-0.69373445	0.49670359	0.85729679	-41.588577
-0.77526263	-0.69373445	0.49670359	0.85729679	-41.597897
-0.77526263	-0.69373445	0.49670359	0.85729679	-41.607217
-0.77526263	-0.69373445	0.49670359	0.85729679	-41.616536
-0.77526263	-0.69373445	0.49670359	0.85729679	-41.625856
-0.77526263	-0.69373445	0.49670359	0.85729679	-41.635175
-0.77526263	-0.69373445	0.49670359	0.85729679	-41.644493
-0.77526263	-0.69373445	0.49670359	0.85729679	-41.653812
-0.77526263	-0.69373445	0.49670359	0.85729679	-41.66313
-0.77526263	-0.69373445	0.49670359	0.85729679	-41.672448
-0.77526263	-0.69373445	0.49670359	0.85729679	-41.681765
-0.77526263	-0.69373445	0.49670359	0.85729679	-41.691082
-0.77526263	-0.69373445	0.49670359	0.85729679	-41.700399
-0.77526263	-0.69373445	0.49670359	0.85729679	-41.709716
-0.77526263	-0.69373445	0.49670359	0.85729679	-41.719033
-0.77526263	-0.69373445	0.49670359	0.85729679	-41.728349
-0.77526263	-0.69373445	0.49670359	0.85729679	-41.737665
-0.77526263	-0.69373445	0.49670359	0.85729679	-41.74698
-0.77526263	-0.69373445	0.49670359	0.85729679	-41.756296
-0.77526263	-0.69373445	0.49670359	0.85729679	-41.765611
-0.77526263	-0.69373445	0.49670359	0.85729679	-41.774926
-0.77526263	-0.69373445	0.49670359	0.85729679	-41.78424
-0.77526263	-0.69373445	0.49670359	0.85729679	-41.793554
-0.77526263	-0.69373445	0.49670359	0.85729679	-41.802868
-0.77526263	-0.69373445	0.49670359	0.85729679	-41.812182
-0.77526263	-0.69373445	0.49670359	0.85729679	-41.821495
-0.77526263	-0.69373445	0.49670359	0.85729679	-41.830808
-0.77526263	-0.69373445	0.49670359	0.85729679	-41.840121
-0.77526263	-0.69373445	0.49670359	0.85729679	-41.849434
-0.77526263	-0.69373445	0.49670359	0.85729679	-41.858746
-0.77526263	-0.69373445	0.49670359	0.85729679	-41.868058
-0.77526263	-0.69373445	0.49670359	0.85729679	-41.87737
-0.77526263	-0.69373445	0.49670359	0.85729679	-41.886681
-0.77526263	-0.69373445	0.49670359	0.85729679	-41.895992
-0.77526263	-0.69373445	0.49670359	0.85729679	-41.905303
-0.77526263	-0.69373445	0.49670359	0.85729679	-41.914614
-0.77526263	-0.69373445	0.49670359	0.85729679	-41.923924
-0.77526263	-0.69373445	0.49670359	0.85729679	-41.933234
-0.77526263	-0.69373445	0.49670359	0.85729679	-41.942543
-0.77526263	-0.69373445	0.49670359	0.85729679	-41.951853
-0.77526263	-0.69373445	0.49670359	0.85729679	-41.961162
-0.77526263	-0.69373445	0.49670359	0.85729679	-41.970471
-0.77526263	-0.69373445	0.49670359	0.85729679	-41.979779
-0.77526263	-0.69373445	0.49670359	0.85729679	-41.989087
-0.77526263	-0.69373445	0.49670359	0.85729679	-41.998395
-0.77526263	-0.69373445	0.49670359	0.85729679	-42.007703
-0.77526263	-0.69373445	0.49670359	0.85729679	-42.01701
-0.77526263	-0.69373445	0.49670359	0.85729679	-42.026317
-0.77526263	-0.69373445	0.49670359	0.85729679	-42.035624
-0.77526263	-0.69373445	0.49670359	0.85729679	-42.04493
-0.77526263	-0.69373445	0.49670359	0.85729679	-42.054236
-0.77526263	-0.69373445	0.49670359	0.85729679	-42.063542
-0.77526263	-0.69373445	0.49670359	0.85729679	-42.072848
-0.77526263	-0.69373445	0.49670359	0.85729679	-42.082153
-0.77526263	-0.69373445	0.49670359	0.85729679	-42.091458
-0.77526263	-0.69373445	0.49670359	0.85729679	-42.100763
-0.77526263	-0.69373445	0.49670359	0.85729679	-42.110067
-0.77526263	-0.69373445	0.49670359	0.85729679	-42.119371
-0.77526263	-0.69373445	0.49670359	0.85729679	-42.128675
-0.77526263	-0.69373445	0.49670359	0.85729679	-42.137978
-0.77526263	-0.69373445	0.49670359	0.85729679	-42.147281
-0.77526263	-0.69373445	0.49670359	0.85729679	-42.156584
-0.77526263	-0.69373445	0.49670359	0.85729679	-42.165886
-0.77526263	-0.69373445	0.49670359	0.85729679	-42.175189
-0.77526263	-0.69373445	0.49670359	0.85729679	-42.18449
-0.77526263	-0.69373445	0.49670359	0.85729679	-42.193792
-0.77526263	-0.69373445	0.49670359	0.85729679	-42.203093
-0.77526263	-0.69373445	0.49670359	0.85729679	-42.212394
-0.77526263	-0.69373445	0.49670359	0.85729679	-42.221695
-0.77526263	-0.69373445	0.49670359	0.85729679	-42.230995
-0.77526263	-0.69373445	0.49670359	0.85729679	-42.240295
-0.77526263	-0.69373445	0.49670359	0.85729679	-42.249595
-0.77526263	-0.69373445	0.49670359	0.85729679	-42.258894
-0.77526263	-0.69373445	0.49670359	0.85729679	-42.268193
-0.77526263	-0.69373445	0.49670359	0.85729679	-42.277492
-0.77526263	-0.69373445	0.49670359	0.85729679	-42.28679
-0.77526263	-0.69373445	0.49670359	0.85729679	-42.296089
-0.77526263	-0.69373445	0.49670359	0.85729679	-42.305386
-0.77526263	-0.69373445	0.49670359	0.85729679	-42.314684
-0.77526263	-0.69373445	0.49670359	0.85729679	-42.323981
-0.77526263	-0.69373445	0.49670359	0.85729679	-42.333278
-0.77526263	-0.69373445	0.49670359	0.85729679	-42.342574
-0.77526263	-0.69373445	0.49670359	0.85729679	-42.351871
-0.77526263	-0.69373445	0.49670359	0.85729679	-42.361166
-0.77526263	-0.69373445	0.49670359	0.85729679	-42.370462
-0.77526263	-0.69373445	0.49670359	0.85729679	-42.379757
-0.77526263	-0.69373445	0.49670359	0.85729679	-42.389052
-0.77526263	-0.69373445	0.49670359	0.85729679	-42.398347
-0.77526263	-0.69373445	0.49670359	0.85729679	-42.407641
-0.77526263	-0.69373445	0.49670359	0.85729679	-42.416935
-0.77526263	-0.69373445	0.49670359	0.85729679	-42.426229
-0.77526263	-0.69373445	0.49670359	0.85729679	-42.435522
-0.77526263	-0.69373445	0.49670359	0.85729679	-42.444815
-0.77526263	-0.69373445	0.49670359	0.85729679	-42.454108
-0.77526263	-0.69373445	0.49670359	0.85729679	-42.4634
-0.77526263	-0.69373445	0.49670359	0.85729679	-42.472692
-0.77526263	-0.69373445	0.49670359	0.85729679	-42.481984
-0.77526263	-0.69373445	0.49670359	0.85729679	-42.491275
-0.77526263	-0.69373445	0.49670359	0.85729679	-42.500566
-0.77526263	-0.69373445	0.49670359	0.85729679	-42.509857
-0.77526263	-0.69373445	0.49670359	0.85729679	-42.519147
-0.77526263	-0.69373445	0.49670359	0.85729679	-42.528437
-0.77526263	-0.69373445	0.49670359	0.85729679	-42.537727
-0.77526263	-0.69373445	0.49670359	0.85729679	-42.547016
-0.77526263	-0.69373445	0.49670359	0.85729679	-42.556305
-0.77526263	-0.69373445	0.49670359	0.85729679	-42.565594
-0.77526263	-0.69373445	0.49670359	0.85729679	-42.574882
-0.77526263	-0.69373445	0.49670359	0.85729679	-42.58417
-0.77526263	-0.69373445	0.49670359	0.85729679	-42.593458
-0.77526263	-0.69373445	0.49670359	0.85729679	-42.602745
-0.77526263	-0.69373445	0.49670359	0.85729679	-42.612032
-0.77526263	-0.69373445	0.49670359	0.85729679	-42.621319
-0.77526263	-0.69373445	0.49670359	0.85729679	-42.630605
-0.77526263	-0.69373445	0.49670359	0.85729679	-42.639891
-0.77526263	-0.69373445	0.49670359	0.85729679	-42.649177
-0.77526263	-0.69373445	0.49670359	0.85729679	-42.658462
-0.77526263	-0.69373445	0.49670359	0.85729679	-42.667747
-0.77526263	-0.69373445	0.49670359	0.85729679	-42.677032
-0.77526263	-0.69373445	0.49670359	0.85729679	-42.686316
-0.77526263	-0.69373445	0.49670359	0.85729679	-42.6956
-0.77526263	-0.69373445	0.49670359	0.85729679	-42.704884
-0.77526263	-0.69373445	0.49670359	0.85729679	-42.714167
-0.77526263	-0.69373445	0.49670359	0.85729679	-42.72345
-0.77526263	-0.69373445	0.49670359	0.85729679	-42.732732
-0.77526263	-0.69373445	0.49670359	0.85729679	-42.742014
-0.77526263	-0.69373445	0.49670359	0.85729679	-42.751296
-0.77526263	-0.69373445	0.49670359	0.85729679	-42.760578
-0.77526263	-0.69373445	0.49670359	0.85729679	-42.769859
-0.77526263	-0.69373445	0.49670359	0.85729679	-42.77914
-0.77526263	-0.69373445	0.49670359	0.85729679	-42.78842
-0.77526263	-0.69373445	0.49670359	0.85729679	-42.7977
-0.77526263	-0.69373445	0.49670359	0.85729679	-42.80698
-0.77526263	-0.69373445	0.49670359	0.85729679	-42.81626
-0.77526263	-0.69373445	0.49670359	0.85729679	-42.825539
-0.77526263	-0.69373445	0.49670359	0.85729679	-42.834817
-0.77526263	-0.69373445	0.49670359	0.85729679	-42.844096
-0.77526263	-0.69373445	0.49670359	0.85729679	-42.853374
-0.77526263	-0.69373445	0.49670359	0.85729679	-42.862651
-0.77526263	-0.69373445	0.49670359	0.85729679	-42.871929
-0.77526263	-0.69373445	0.49670359	0.85729679	-42.881206
-0.77526263	-0.69373445	0.49670359	0.85729679	-42.890482
-0.77526263	-0.69373445	0.49670359	0.85729679	-42.899758
-0.77526263	-0.69373445	0.49670359	0.85729679	-42.909034
-0.77526263	-0.69373445	0.49670359	0.85729679	-42.91831
-0.77526263	-0.69373445	0.49670359	0.85729679	-42.927585
-0.77526263	-0.69373445	0.49670359	0.85729679	-42.93686
-0.77526263	-0.69373445	0.49670359	0.85729679	-42.946134
-0.77526263	-0.69373445	0.49670359	0.85729679	-42.955408
-0.77526263	-0.69373445	0.49670359	0.85729679	-42.964682
-0.77526263	-0.69373445	0.49670359	0.85729679	-42.973955
-0.77526263	-0.69373445	0.49670359	0.85729679	-42.983228
-0.77526263	-0.69373445	0.49670359	0.85729679	-42.992501
-0.77526263	-0.69373445	0.49670359	0.85729679	-43.001773
-0.77526263	-0.69373445	0.49670359	0.85729679	-43.011045
-0.77526263	-0.69373445	0.49670359	0.85729679	-43.020316
-0.77526263	-0.69373445	0.49670359	0.85729679	-43.029587
-0.77526263	-0.69373445	0.49670359	0.85729679	-43.038858
-0.77526263	-0.69373445	0.49670359	0.85729679	-43.048129
-0.77526263	-0.69373445	0.49670359	0.85729679	-43.057399
-0.77526263	-0.69373445	0.49670359	0.85729679	-43.066668
-0.77526263	-0.69373445	0.49670359	0.85729679	-43.075938
-0.77526263	-0.69373445	0.49670359	0.85729679	-43.085206
-0.77526263	-0.69373445	0.49670359	0.85729679	-43.094475
-0.77526263	-0.69373445	0.49670359	0.85729679	-43.103743
-0.77526263	-0.69373445	0.49670359	0.85729679	-43.113011
-0.77526263	-0.69373445	0.49670359	0.85729679	-43.122278
-0.77526263	-0.69373445	0.49670359	0.85729679	-43.131546
-0.77526263	-0.69373445	0.49670359	0.85729679	-43.140812
-0.77526263	-0.69373445	0.49670359	0.85729679	-43.150079
-0.77526263	-0.69373445	0.49670359	0.85729679	-43.159344
-0.77526263	-0.69373445	0.49670359	0.85729679	-43.16861
-0.77526263	-0.69373445	0.49670359	0.85729679	-43.177875
-0.77526263	-0.69373445	0.49670359	0.85729679	-43.18714
-0.77526263	-0.69373445	0.49670359	0.85729679	-43.196404
-0.77526263	-0.69373445	0.49670359	0.85729679	-43.205668
-0.77526263	-0.69373445	0.49670359	0.85729679	-43.214932
-0.77526263	-0.69373445	0.49670359	0.85729679	-43.224195
-0.77526263	-0.69373445	0.49670359	0.85729679	-43.233458
-0.77526263	-0.69373445	0.49670359	0.85729679	-43.242721
-0.77526263	-0.69373445	0.49670359	0.85729679	-43.251983
-0.77526263	-0.69373445	0.49670359	0.85729679	-43.261245
-0.77526263	-0.69373445	0.49670359	0.85729679	-43.270506
-0.77526263	-0.69373445	0.49670359	0.85729679	-43.279767
-0.77526263	-0.69373445	0.49670359	0.85729679	-43.289028
-0.77526263	-0.69373445	0.49670359	0.85729679	-43.298288
-0.77526263	-0.69373445	0.49670359	0.85729679	-43.307548
-0.77526263	-0.69373445	0.49670359	0.85729679	-43.316807
-0.77526263	-0.69373445	0.49670359	0.85729679	-43.326066
-0.77526263	-0.69373445	0.49670359	0.85729679	-43.335325
-0.77526263	-0.69373445	0.49670359	0.85729679	-43.344583
-0.77526263	-0.69373445	0.49670359	0.85729679	-43.353841
-0.77526263	-0.69373445	0.49670359	0.85729679	-43.363099
-0.77526263	-0.69373445	0.49670359	0.85729679	-43.372356
-0.77526263	-0.69373445	0.49670359	0.85729679	-43.381612
-0.77526263	-0.69373445	0.49670359	0.85729679	-43.390869
-0.77526263	-0.69373445	0.49670359	0.85729679	-43.400125
-0.77526263	-0.69373445	0.49670359	0.85729679	-43.40938
-0.77526263	-0.69373445	0.49670359	0.85729679	-43.418635
-0.77526263	-0.69373445	0.49670359	0.85729679	-43.42789
-0.77526263	-0.69373445	0.49670359	0.85729679	-43.437145
-0.77526263	-0.69373445	0.49670359	0.85729679	-43.446399
-0.77526263	-0.69373445	0.49670359	0.85729679	-43.455652
-0.77526263	-0.69373445	0.49670359	0.85729679	-43.464905
-0.77526263	-0.69373445	0.49670359	0.85729679	-43.474158
-0.77526263	-0.69373445	0.49670359	0.85729679	-43.48341
-0.77526263	-0.69373445	0.49670359	0.85729679	-43.492662
-0.77526263	-0.69373445	0.49670359	0.85729679	-43.501914
-0.77526263	-0.69373445	0.49670359	0.85729679	-43.511165
-0.77526263	-0.69373445	0.49670359	0.85729679	-43.520416
-0.77526263	-0.69373445	0.49670359	0.85729679	-43.529666
-0.77526263	-0.69373445	0.49670359	0.85729679	-43.538916
-0.77526263	-0.69373445	0.49670359	0.85729679	-43.548166
-0.77526263	-0.69373445	0.49670359	0.85729679	-43.557415
-0.77526263	-0.69373445	0.49670359	0.85729679	-43.566664
-0.77526263	-0.69373445	0.49670359	0.85729679	-43.575912
-0.77526263	-0.69373445	0.49670359	0.85729679	-43.58516
-0.77526263	-0.69373445	0.49670359	0.85729679	-43.594408
-0.77526263	-0.69373445	0.49670359	0.85729679	-43.603655
-0.77526263	-0.69373445	0.49670359	0.85729679	-43.612901
-0.77526263	-0.69373445	0.49670359	0.85729679	-43.622148
-0.77526263	-0.69373445	0.49670359	0.85729679	-43.631394
-0.77526263	-0.69373445	0.49670359	0.85729679	-43.640639
-0.77526263	-0.69373445	0.49670359	0.85729679	-43.649884
-0.77526263	-0.69373445	0.49670359	0.85729679	-43.659129
-0.77526263	-0.69373445	0.49670359	0.85729679	-43.668373
-0.77526263	-0.69373445	0.49670359	0.85729679	-43.677617
-0.77526263	-0.69373445	0.49670359	0.85729679	-43.686861
-0.77526263	-0.69373445	0.49670359	0.85729679	-43.696104
-0.77526263	-0.69373445	0.49670359	0.85729679	-43.705346
-0.77526263	-0.69373445	0.49670359	0.85729679	-43.714588
-0.77526263	-0.69373445	0.49670359	0.85729679	-43.72383
-0.77526263	-0.69373445	0.49670359	0.85729679	-43.733072
-0.77526263	-0.69373445	0.49670359	0.85729679	-43.742313
-0.77526263	-0.69373445	0.49670359	0.85729679	-43.751553
-0.77526263	-0.69373445	0.49670359	0.85729679	-43.760793
-0.77526263	-0.69373445	0.49670359	0.85729679	-43.770033
-0.77526263	-0.69373445	0.49670359	0.85729679	-43.779272
-0.77526263	-0.69373445	0.49670359	0.85729679	-43.788511
-0.77526263	-0.69373445	0.49670359	0.85729679	-43.797749
-0.77526263	-0.69373445	0.49670359	0.85729679	-43.806988
-0.77526263	-0.69373445	0.49670359	0.85729679	-43.816225
-0.77526263	-0.69373445	0.49670359	0.85729679	-43.825462
-0.77526263	-0.69373445	0.49670359	0.85729679	-43.834699
-0.77526263	-0.69373445	0.49670359	0.85729679	-43.843935
-0.77526263	-0.69373445	0.49670359	0.85729679	-43.853171
-0.77526263	-0.69373445	0.49670359	0.85729679	-43.862407
-0.77526263	-0.69373445	0.49670359	0.85729679	-43.871642
-0.77526263	-0.69373445	0.49670359	0.85729679	-43.880876
-0.77526263	-0.69373445	0.49670359	0.85729679	-43.890111
-0.77526263	-0.69373445	0.49670359	0.85729679	-43.899344
-0.77526263	-0.69373445	0.49670359	0.85729679	-43.908578
-0.77526263	-0.69373445	0.49670359	0.85729679	-43.917811
-0.77526263	-0.69373445	0.49670359	0.85729679	-43.927043
-0.77526263	-0.69373445	0.49670359	0.85729679	-43.936275
-0.77526263	-0.69373445	0.49670359	0.85729679	-43.945507
-0.77526263	-0.69373445	0.49670359	0.85729679	-43.954738
-0.77526263	-0.69373445	0.49670359	0.85729679	-43.963969
-0.77526263	-0.69373445	0.49670359	0.85729679	-43.973199
-0.77526263	-0.69373445	0.49670359	0.85729679	-43.982429
-0.77526263	-0.69373445	0.49670359	0.85729679	-43.991659
-0.77526263	-0.69373445	0.49670359	0.85729679	-44.000888
-0.77526263	-0.69373445	0.49670359	0.85729679	-44.010116
-0.77526263	-0.69373445	0.49670359	0.85729679	-44.019344
-0.77526263	-0.69373445	0.49670359	0.85729679	-44.028572
-0.77526263	-0.69373445	0.49670359	0.85729679	-44.037799
-0.77526263	-0.69373445	0.49670359	0.85729679	-44.047026
-0.77526263	-0.69373445	0.49670359	0.85729679	-44.056253
-0.77526263	-0.69373445	0.49670359	0.85729679	-44.065479
-0.77526263	-0.69373445	0.49670359	0.85729679	-44.074704
-0.77526263	-0.69373445	0.49670359	0.85729679	-44.083929
-0.77526263	-0.69373445	0.49670359	0.85729679	-44.093154
-0.77526263	-0.69373445	0.49670359	0.85729679	-44.102378
-0.77526263	-0.69373445	0.49670359	0.85729679	-44.111602
-0.77526263	-0.69373445	0.49670359	0.85729679	-44.120825
-0.77526263	-0.69373445	0.49670359	0.85729679	-44.130048
-0.77526263	-0.69373445	0.49670359	0.85729679	-44.139271
-0.77526263	-0.69373445	0.49670359	0.85729679	-44.148493
-0.77526263	-0.69373445	0.49670359	0.85729679	-44.157714
-0.77526263	-0.69373445	0.49670359	0.85729679	-44.166935
-0.77526263	-0.69373445	0.49670359	0.85729679	-44.176156
-0.77526263	-0.69373445	0.49670359	0.85729679	-44.185376
-0.77526263	-0.69373445	0.49670359	0.85729679	-44.194596
-0.77526263	-0.69373445	0.49670359	0.85729679	-44.203815
-0.77526263	-0.69373445	0.49670359	0.85729679	-44.213034
-0.77526263	-0.69373445	0.49670359	0.85729679	-44.222253
-0.77526263	-0.69373445	0.49670359	0.85729679	-44.231471
-0.77526263	-0.69373445	0.49670359	0.85729679	-44.240688
-0.77526263	-0.69373445	0.49670359	0.85729679	-44.249905
-0.77526263	-0.69373445	0.49670359	0.85729679	-44.259122
-0.77526263	-0.69373445	0.49670359	0.85729679	-44.268338
-0.77526263	-0.69373445	0.49670359	0.85729679	-44.277554
-0.77526263	-0.69373445	0.49670359	0.85729679	-44.286769
-0.77526263	-0.69373445	0.49670359	0.85729679	-44.295984
-0.77526263	-0.69373445	0.49670359	0.85729679	-44.305198
-0.77526263	-0.69373445	0.49670359	0.85729679	-44.314412
-0.77526263	-0.69373445	0.49670359	0.85729679	-44.323625
-0.77526263	-0.69373445	0.49670359	0.85729679	-44.332838
-0.77526263	-0.69373445	0.49670359	0.85729679	-44.342051
-0.77526263	-0.69373445	0.49670359	0.85729679	-44.351263
-0.77526263	-0.69373445	0.49670359	0.85729679	-44.360474
-0.77526263	-0.69373445	0.49670359	0.85729679	-44.369686
-0.77526263	-0.69373445	0.49670359	0.85729679	-44.378896
-0.77526263	-0.69373445	0.49670359	0.85729679	-44.388106
-0.77526263	-0.69373445	0.49670359	0.85729679	-44.397316
-0.77526263	-0.69373445	0.49670359	0.85729679	-44.406525
-0.77526263	-0.69373445	0.49670359	0.85729679	-44.415734
-0.77526263	-0.69373445	0.49670359	0.85729679	-44.424943
-0.77526263	-0.69373445	0.49670359	0.85729679	-44.434151
-0.77526263	-0.69373445	0.49670359	0.85729679	-44.443358
-0.77526263	-0.69373445	0.49670359	0.85729679	-44.452565
-0.77526263	-0.69373445	0.49670359	0.85729679	-44.461771
-0.77526263	-0.69373445	0.49670359	0.85729679	-44.470977
-0.77526263	-0.69373445	0.49670359	0.85729679	-44.480183
-0.77526263	-0.69373445	0.49670359	0.85729679	-44.489388
-0.77526263	-0.69373445	0.49670359	0.85729679	-44.498593
-0.77526263	-0.69373445	0.49670359	0.85729679	-44.507797
-0.77526263	-0.69373445	0.49670359	0.85729679	-44.517001
-0.77526263	-0.69373445	0.49670359	0.85729679	-44.526204
-0.77526263	-0.69373445	0.49670359	0.85729679	-44.535407
-0.77526263	-0.69373445	0.49670359	0.85729679	-44.544609
-0.77526263	-0.69373445	0.49670359	0.85729679	-44.553811
-0.77526263	-0.69373445	0.49670359	0.85729679	-44.563012
-0.77526263	-0.69373445	0.49670359	0.85729679	-44.572213
-0.77526263	-0.69373445	0.49670359	0.85729679	-44.581413
-0.77526263	-0.69373445	0.49670359	0.85729679	-44.590613
-0.77526263	-0.69373445	0.49670359	0.85729679	-44.599813
-0.77526263	-0.69373445	0.49670359	0.85729679	-44.609012
-0.77526263	-0.69373445	0.49670359	0.85729679	-44.61821
-0.77526263	-0.69373445	0.49670359	0.85729679	-44.627408
-0.77526263	-0.69373445	0.49670359	0.85729679	-44.636605
-0.77526263	-0.69373445	0.49670359	0.85729679	-44.645803
-0.77526263	-0.69373445	0.49670359	0.85729679	-44.654999
-0.77526263	-0.69373445	0.49670359	0.85729679	-44.664195
-0.77526263	-0.69373445	0.49670359	0.85729679	-44.673391
-0.77526263	-0.69373445	0.49670359	0.85729679	-44.682586
-0.77526263	-0.69373445	0.49670359	0.85729679	-44.691781
-0.77526263	-0.69373445	0.49670359	0.85729679	-44.700975
-0.77526263	-0.69373445	0.49670359	0.85729679	-44.710168
-0.77526263	-0.69373445	0.49670359	0.85729679	-44.719361
-0.77526263	-0.69373445	0.49670359	0.85729679	-44.728554
-0.77526263	-0.69373445	0.49670359	0.85729679	-44.737746
-0.77526263	-0.69373445	0.49670359	0.85729679	-44.746938
-0.77526263	-0.69373445	0.49670359	0.85729679	-44.756129
-0.77526263	-0.69373445	0.49670359	0.85729679	-44.76532
-0.77526263	-0.69373445	0.49670359	0.85729679	-44.77451
-0.77526263	-0.69373445	0.49670359	0.85729679	-44.7837
-0.77526263	-0.69373445	0.49670359	0.85729679	-44.792889
-0.77526263	-0.69373445	0.49670359	0.85729679	-44.802078
-0.77526263	-0.69373445	0.49670359	0.85729679	-44.811267
-0.77526263	-0.69373445	0.49670359	0.85729679	-44.820454
-0.77526263	-0.69373445	0.49670359	0.85729679	-44.829642
-0.77526263	-0.69373445	0.49670359	0.85729679	-44.838828
-0.77526263	-0.69373445	0.49670359	0.85729679	-44.848015
-0.77526263	-0.69373445	0.49670359	0.85729679	-44.857201
-0.77526263	-0.69373445	0.49670359	0.85729679	-44.866386
-0.77526263	-0.69373445	0.49670359	0.85729679	-44.875571
-0.77526263	-0.69373445	0.49670359	0.85729679	-44.884755
-0.77526263	-0.69373445	0.49670359	0.85729679	-44.893939
-0.77526263	-0.69373445	0.49670359	0.85729679	-44.903122
-0.77526263	-0.69373445	0.49670359	0.85729679	-44.912305
-0.77526263	-0.69373445	0.49670359	0.85729679	-44.921488
-0.77526263	-0.69373445	0.49670359	0.85729679	-44.93067
-0.77526263	-0.69373445	0.49670359	0.85729679	-44.939851
-0.77526263	-0.69373445	0.49670359	0.85729679	-44.949032
-0.77526263	-0.69373445	0.49670359	0.85729679	-44.958212
-0.77526263	-0.69373445	0.49670359	0.85729679	-44.967392
-0.77526263	-0.69373445	0.49670359	0.85729679	-44.976571
-0.77526263	-0.69373445	0.49670359	0.85729679	-44.98575
-0.77526263	-0.69373445	0.49670359	0.85729679	-44.994929
-0.77526263	-0.69373445	0.49670359	0.85729679	-45.004106
-0.77526263	-0.69373445	0.49670359	0.85729679	-45.013284
-0.77526263	-0.69373445	0.49670359	0.85729679	-45.022461
-0.77526263	-0.69373445	0.49670359	0.85729679	-45.031637
-0.77526263	-0.69373445	0.49670359	0.85729679	-45.040813
-0.77526263	-0.69373445	0.49670359	0.85729679	-45.049988
-0.77526263	-0.69373445	0.49670359	0.85729679	-45.059163
-0.77526263	-0.69373445	0.49670359	0.85729679	-45.068337
-0.77526263	-0.69373445	0.49670359	0.85729679	-45.077511
-0.77526263	-0.69373445	0.49670359	0.85729679	-45.086684
-0.77526263	-0.69373445	0.49670359	0.85729679	-45.095857
-0.77526263	-0.69373445	0.49670359	0.85729679	-45.105029
-0.77526263	-0.69373445	0.49670359	0.85729679	-45.114201
-0.77526263	-0.69373445	0.49670359	0.85729679	-45.123372
-0.77526263	-0.69373445	0.49670359	0.85729679	-45.132543
-0.77526263	-0.69373445	0.49670359	0.85729679	-45.141713
-0.77526263	-0.69373445	0.49670359	0.85729679	-45.150883
-0.77526263	-0.69373445	0.49670359	0.85729679	-45.160052
-0.77526263	-0.69373445	0.49670359	0.85729679	-45.169221
-0.77526263	-0.69373445	0.49670359	0.85729679	-45.178389
-0.77526263	-0.69373445	0.49670359	0.85729679	-45.187557
-0.77526263	-0.69373445	0.49670359	0.85729679	-45.196724
-0.77526263	-0.69373445	0.49670359	0.85729679	-45.20589
-0.77526263	-0.69373445	0.49670359	0.85729679	-45.215056
-0.77526263	-0.69373445	0.49670359	0.85729679	-45.224222
-0.77526263	-0.69373445	0.49670359	0.85729679	-45.233387
-0.77526263	-0.69373445	0.49670359	0.85729679	-45.242552
-0.77526263	-0.69373445	0.49670359	0.85729679	-45.251716
-0.77526263	-0.69373445	0.49670359	0.85729679	-45.260879
-0.77526263	-0.69373445	0.49670359	0.85729679	-45.270042
-0.77526263	-0.69373445	0.49670359	0.85729679	-45.279204
-0.77526263	-0.69373445	0.49670359	0.85729679	-45.288366
-0.77526263	-0.69373445	0.49670359	0.85729679	-45.297528
-0.77526263	-0.69373445	0.49670359	0.85729679	-45.306689
-0.77526263	-0.69373445	0.49670359	0.85729679	-45.315849
-0.77526263	-0.69373445	0.49670359	0.85729679	-45.325009
-0.77526263	-0.69373445	0.49670359	0.85729679	-45.334168
-0.77526263	-0.69373445	0.49670359	0.85729679	-45.343327
-0.77526263	-0.69373445	0.49670359	0.85729679	-45.352485
-0.77526263	-0.69373445	0.49670359	0.85729679	-45.361643
-0.77526263	-0.69373445	0.49670359	0.85729679	-45.3708
-0.77526263	-0.69373445	0.49670359	0.85729679	-45.379956
-0.77526263	-0.69373445	0.49670359	0.85729679	-45.389113
-0.77526263	-0.69373445	0.49670359	0.85729679	-45.398268
-0.77526263	-0.69373445	0.49670359	0.85729679	-45.407423
-0.77526263	-0.69373445	0.49670359	0.85729679	-45.416578
-0.77526263	-0.69373445	0.49670359	0.85729679	-45.425732
-0.77526263	-0.69373445	0.49670359	0.85729679	-45.434885
-0.77526263	-0.69373445	0.49670359	0.85729679	-45.444038
-0.77526263	-0.69373445	0.49670359	0.85729679	-45.45319
-0.77526263	-0.69373445	0.49670359	0.85729679	-45.462342
-0.77526263	-0.69373445	0.49670359	0.85729679	-45.471494
-0.77526263	-0.69373445	0.49670359	0.85729679	-45.480644
-0.77526263	-0.69373445	0.49670359	0.85729679	-45.489795
-0.77526263	-0.69373445	0.49670359	0.85729679	-45.498944
-0.77526263	-0.69373445	0.49670359	0.85729679	-45.508093
-0.77526263	-0.69373445	0.49670359	0.85729679	-45.517242
-0.77526263	-0.69373445	0.49670359	0.85729679	-45.52639
-0.77526263	-0.69373445	0.49670359	0.85729679	-45.535538
-0.77526263	-0.69373445	0.49670359	0.85729679	-45.544685
-0.77526263	-0.69373445	0.49670359	0.85729679	-45.553831
-0.77526263	-0.69373445	0.49670359	0.85729679	-45.562977
-0.77526263	-0.69373445	0.49670359	0.85729679	-45.572122
-0.77526263	-0.69373445	0.49670359	0.85729679	-45.581267
-0.77526263	-0.69373445	0.49670359	0.85729679	-45.590411
-0.77526263	-0.69373445	0.49670359	0.85729679	-45.599555
-0.77526263	-0.69373445	0.49670359	0.85729679	-45.608698
-0.77526263	-0.69373445	0.49670359	0.85729679	-45.617841
-0.77526263	-0.69373445	0.49670359	0.85729679	-45.626983
-0.77526263	-0.69373445	0.49670359	0.85729679	-45.636125
-0.77526263	-0.69373445	0.49670359	0.85729679	-45.645266
-0.77526263	-0.69373445	0.49670359	0.85729679	-45.654406
-0.77526263	-0.69373445	0.49670359	0.85729679	-45.663546
-0.77526263	-0.69373445	0.49670359	0.85729679	-45.672685
-0.77526263	-0.69373445	0.49670359	0.85729679	-45.681824
-0.77526263	-0.69373445	0.49670359	0.85729679	-45.690962
-0.77526263	-0.69373445	0.49670359	0.85729679	-45.7001
-0.77526263	-0.69373445	0.49670359	0.85729679	-45.709237
-0.77526263	-0.69373445	0.49670359	0.85729679	-45.718374
-0.77526263	-0.69373445	0.49670359	0.85729679	-45.72751
-0.77526263	-0.69373445	0.49670359	0.85729679	-45.736645
-0.77526263	-0.69373445	0.49670359	0.85729679	-45.74578
-0.77526263	-0.69373445	0.49670359	0.85729679	-45.754914
-0.77526263	-0.69373445	0.49670359	0.85729679	-45.764048
-0.77526263	-0.69373445	0.49670359	0.85729679	-45.773182
-0.77526263	-0.69373445	0.49670359	0.85729679	-45.782314
-0.77526263	-0.69373445	0.49670359	0.85729679	-45.791446
-0.77526263	-0.69373445	0.49670359	0.85729679	-45.800578
-0.77526263	-0.69373445	0.49670359	0.85729679	-45.809709
-0.77526263	-0.69373445	0.49670359	0.85729679	-45.818839
-0.77526263	-0.69373445	0.49670359	0.85729679	-45.827969
-0.77526263	-0.69373445	0.49670359	0.85729679	-45.837099
-0.77526263	-0.69373445	0.49670359	0.85729679	-45.846227
-0.77526263	-0.69373445	0.49670359	0.85729679	-45.855356
-0.77526263	-0.69373445	0.49670359	0.85729679	-45.864483
-0.77526263	-0.69373445	0.49670359	0.85729679	-45.87361
-0.77526263	-0.69373445	0.49670359	0.85729679	-45.882737
-0.77526263	-0.69373445	0.49670359	0.85729679	-45.891863
-0.77526263	-0.69373445	0.49670359	0.85729679	-45.900988
-0.77526263	-0.69373445	0.49670359	0.85729679	-45.910113
-0.77526263	-0.69373445	0.49670359	0.85729679	-45.919237
-0.77526263	-0.69373445	0.49670359	0.85729679	-45.928361
-0.77526263	-0.69373445	0.49670359	0.85729679	-45.937484
-0.77526263	-0.69373445	0.49670359	0.85729679	-45.946606
-0.77526263	-0.69373445	0.49670359	0.85729679	-45.955728
-0.77526263	-0.69373445	0.49670359	0.85729679	-45.96485
-0.77526263	-0.69373445	0.49670359	0.85729679	-45.973971
-0.77526263	-0.69373445	0.49670359	0.85729679	-45.983091
-0.77526263	-0.69373445	0.49670359	0.85729679	-45.992211
-0.77526263	-0.69373445	0.49670359	0.85729679	-46.00133
-0.77526263	-0.69373445	0.49670359	0.85729679	-46.010448
-0.77526263	-0.69373445	0.49670359	0.85729679	-46.019566
-0.77526263	-0.69373445	0.49670359	0.85729679	-46.028684
-0.77526263	-0.69373445	0.49670359	0.85729679	-46.0378
-0.77526263	-0.69373445	0.49670359	0.85729679	-46.046917
-0.77526263	-0.69373445	0.49670359	0.85729679	-46.056032
-0.77526263	-0.69373445	0.49670359	0.85729679	-46.065147
-0.77526263	-0.69373445	0.49670359	0.85729679	-46.074262
-0.77526263	-0.69373445	0.49670359	0.85729679	-46.083376
-0.77526263	-0.69373445	0.49670359	0.85729679	-46.092489
-0.77526263	-0.69373445	0.49670359	0.85729679	-46.101602
-0.77526263	-0.69373445	0.49670359	0.85729679	-46.110714
-0.77526263	-0.69373445	0.49670359	0.85729679	-46.119826
-0.77526263	-0.69373445	0.49670359	0.85729679	-46.128937
-0.77526263	-0.69373445	0.49670359	0.85729679	-46.138047
-0.77526263	-0.69373445	0.49670359	0.85729679	-46.147157
-0.77526263	-0.69373445	0.49670359	0.85729679	-46.156266
-0.77526263	-0.69373445	0.49670359	0.85729679	-46.165375
-0.77526263	-0.69373445	0.49670359	0.85729679	-46.174483
-0.77526263	-0.69373445	0.49670359	0.85729679	-46.183591
-0.77526263	-0.69373445	0.49670359	0.85729679	-46.192698
-0.77526263	-0.69373445	0.49670359	0.85729679	-46.201804
-0.77526263	-0.69373445	0.49670359	0.85729679	-46.21091
-0.77526263	-0.69373445	0.49670359	0.85729679	-46.220015
-0.77526263	-0.69373445	0.49670359	0.85729679	-46.229119
-0.77526263	-0.69373445	0.49670359	0.85729679	-46.238223
-0.77526263	-0.69373445	0.49670359	0.85729679	-46.247327
-0.77526263	-0.69373445	0.49670359	0.85729679	-46.25643
-0.77526263	-0.69373445	0.49670359	0.85729679	-46.265532
-0.77526263	-0.69373445	0.49670359	0.85729679	-46.274633
-0.77526263	-0.69373445	0.49670359	0.85729679	-46.283734
-0.77526263	-0.69373445	0.49670359	0.85729679	-46.292835
-0.77526263	-0.69373445	0.49670359	0.85729679	-46.301935
-0.77526263	-0.69373445	0.49670359	0.85729679	-46.311034
-0.77526263	-0.69373445	0.49670359	0.85729679	-46.320133
-0.77526263	-0.69373445	0.49670359	0.85729679	-46.329231
-0.77526263	-0.69373445	0.49670359	0.85729679	-46.338328
-0.77526263	-0.69373445	0.49670359	0.85729679	-46.347425
-0.77526263	-0.69373445	0.49670359	0.85729679	-46.356521
-0.77526263	-0.69373445	0.49670359	0.85729679	-46.365617
-0.77526263	-0.69373445	0.49670359	0.85729679	-46.374712
-0.77526263	-0.69373445	0.49670359	0.85729679	-46.383807
-0.77526263	-0.69373445	0.49670359	0.85729679	-46.3929
-0.77526263	-0.69373445	0.49670359	0.85729679	-46.401994
-0.77526263	-0.69373445	0.49670359	0.85729679	-46.411086
-0.77526263	-0.69373445	0.49670359	0.85729679	-46.420178
-0.77526263	-0.69373445	0.49670359	0.85729679	-46.42927
-0.77526263	-0.69373445	0.49670359	0.85729679	-46.438361
-0.77526263	-0.69373445	0.49670359	0.85729679	-46.447451
-0.77526263	-0.69373445	0.49670359	0.85729679	-46.456541
-0.77526263	-0.69373445	0.49670359	0.85729679	-46.46563
-0.77526263	-0.69373445	0.49670359	0.85729679	-46.474718
-0.77526263	-0.69373445	0.49670359	0.85729679	-46.483806
-0.77526263	-0.69373445	0.49670359	0.85729679	-46.492893
-0.77526263	-0.69373445	0.49670359	0.85729679	-46.50198
-0.77526263	-0.69373445	0.49670359	0.85729679	-46.511066
-0.77526263	-0.69373445	0.49670359	0.85729679	-46.520151
-0.77526263	-0.69373445	0.49670359	0.85729679	-46.529236
-0.77526263	-0.69373445	0.49670359	0.85729679	-46.53832
-0.77526263	-0.69373445	0.49670359	0.85729679	-46.547404
-0.77526263	-0.69373445	0.49670359	0.85729679	-46.556487
-0.77526263	-0.69373445	0.49670359	0.85729679	-46.565569
-0.77526263	-0.69373445	0.49670359	0.85729679	-46.574651
-0.77526263	-0.69373445	0.49670359	0.85729679	-46.583732
-0.77526263	-0.69373445	0.49670359	0.85729679	-46.592813
-0.77526263	-0.69373445	0.49670359	0.85729679	-46.601892
-0.77526263	-0.69373445	0.49670359	0.85729679	-46.610972
-0.77526263	-0.69373445	0.49670359	0.85729679	-46.62005
-0.77526263	-0.69373445	0.49670359	0.85729679	-46.629128
-0.77526263	-0.69373445	0.49670359	0.85729679	-46.638206
-0.77526263	-0.69373445	0.49670359	0.85729679	-46.647283
-0.77526263	-0.69373445	0.49670359	0.85729679	-46.656359
-0.77526263	-0.69373445	0.49670359	0.85729679	-46.665434
-0.77526263	-0.69373445	0.49670359	0.85729679	-46.674509
-0.77526263	-0.69373445	0.49670359	0.85729679	-46.683584
-0.77526263	-0.69373445	0.49670359	0.85729679	-46.692657
-0.77526263	-0.69373445	0.49670359	0.85729679	-46.701731
-0.77526263	-0.69373445	0.49670359	0.85729679	-46.710803
-0.77526263	-0.69373445	0.49670359	0.85729679	-46.719875
-0.77526263	-0.69373445	0.49670359	0.85729679	-46.728946
-0.77526263	-0.69373445	0.49670359	0.85729679	-46.738017
-0.77526263	-0.69373445	0.49670359	0.85729679	-46.747087
-0.77526263	-0.69373445	0.49670359	0.85729679	-46.756156
-0.77526263	-0.69373445	0.49670359	0.85729679	-46.765225
-0.77526263	-0.69373445	0.49670359	0.85729679	-46.774293
-0.77526263	-0.69373445	0.49670359	0.85729679	-46.78336
-0.77526263	-0.69373445	0.49670359	0.85729679	-46.792427
-0.77526263	-0.69373445	0.49670359	0.85729679	-46.801493
-0.77526263	-0.69373445	0.49670359	0.85729679	-46.810559
-0.77526263	-0.69373445	0.49670359	0.85729679	-46.819624
-0.77526263	-0.69373445	0.49670359	0.85729679	-46.828688
-0.77526263	-0.69373445	0.49670359	0.85729679	-46.837752
-0.77526263	-0.69373445	0.49670359	0.85729679	-46.846815
-0.77526263	-0.69373445	0.49670359	0.85729679	-46.855878
-0.77526263	-0.69373445	0.49670359	0.85729679	-46.864939
-0.77526263	-0.69373445	0.49670359	0.85729679	-46.874001
-0.77526263	-0.69373445	0.49670359	0.85729679	-46.883061
-0.77526263	-0.69373445	0.49670359	0.85729679	-46.892121
-0.77526263	-0.69373445	0.49670359	0.85729679	-46.90118
-0.77526263	-0.69373445	0.49670359	0.85729679	-46.910239
-0.77526263	-0.69373445	0.49670359	0.85729679	-46.919297
-0.77526263	-0.69373445	0.49670359	0.85729679	-46.928354
-0.77526263	-0.69373445	0.49670359	0.85729679	-46.937411
-0.77526263	-0.69373445	0.49670359	0.85729679	-46.946467
-0.77526263	-0.69373445	0.49670359	0.85729679	-46.955522
-0.77526263	-0.69373445	0.49670359	0.85729679	-46.964577
-0.77526263	-0.69373445	0.49670359	0.85729679	-46.973631
-0.77526263	-0.69373445	0.49670359	0.85729679	-46.982685
-0.77526263	-0.69373445	0.49670359	0.85729679	-46.991738
-0.77526263	-0.69373445	0.49670359	0.85729679	-47.00079
-0.77526263	-0.69373445	0.49670359	0.85729679	-47.009842
-0.77526263	-0.69373445	0.49670359	0.85729679	-47.018893
-0.77526263	-0.69373445	0.49670359	0.85729679	-47.027943
-0.77526263	-0.69373445	0.49670359	0.85729679	-47.036993
-0.77526263	-0.69373445	0.49670359	0.85729679	-47.046042
-0.77526263	-0.69373445	0.49670359	0.85729679	-47.05509
-0.77526263	-0.69373445	0.49670359	0.85729679	-47.064138
-0.77526263	-0.69373445	0.49670359	0.85729679	-47.073185
-0.77526263	-0.69373445	0.49670359	0.85729679	-47.082231
-0.77526263	-0.69373445	0.49670359	0.85729679	-47.091277
-0.77526263	-0.69373445	0.49670359	0.85729679	-47.100322
-0.77526263	-0.69373445	0.49670359	0.85729679	-47.109367
-0.77526263	-0.69373445	0.49670359	0.85729679	-47.118411
-0.77526263	-0.69373445	0.49670359	0.85729679	-47.127454
-0.77526263	-0.69373445	0.49670359	0.85729679	-47.136496
-0.77526263	-0.69373445	0.49670359	0.85729679	-47.145538
-0.77526263	-0.69373445	0.49670359	0.85729679	-47.154579
-0.77526263	-0.69373445	0.49670359	0.85729679	-47.16362
-0.77526263	-0.69373445	0.49670359	0.85729679	-47.17266
-0.77526263	-0.69373445	0.49670359	0.85729679	-47.181699
-0.77526263	-0.69373445	0.49670359	0.85729679	-47.190738
-0.77526263	-0.69373445	0.49670359	0.85729679	-47.199776
-0.77526263	-0.69373445	0.49670359	0.85729679	-47.208813
-0.77526263	-0.69373445	0.49670359	0.85729679	-47.21785
-0.77526263	-0.69373445	0.49670359	0.85729679	-47.226886
-0.77526263	-0.69373445	0.49670359	0.85729679	-47.235921
-0.77526263	-0.69373445	0.49670359	0.85729679	-47.244956
-0.77526263	-0.69373445	0.49670359	0.85729679	-47.25399
-0.77526263	-0.69373445	0.49670359	0.85729679	-47.263023
-0.77526263	-0.69373445	0.49670359	0.85729679	-47.272056
-0.77526263	-0.69373445	0.49670359	0.85729679	-47.281088
-0.77526263	-0.69373445	0.49670359	0.85729679	-47.290119
-0.77526263	-0.69373445	0.49670359	0.85729679	-47.29915
-0.77526263	-0.69373445	0.49670359	0.85729679	-47.30818
-0.77526263	-0.69373445	0.49670359	0.85729679	-47.317209
-0.77526263	-0.69373445	0.49670359	0.85729679	-47.326238
-0.77526263	-0.69373445	0.49670359	0.85729679	-47.335266
-0.77526263	-0.69373445	0.49670359	0.85729679	-47.344294
-0.77526263	-0.69373445	0.49670359	0.85729679	-47.35332
-0.77526263	-0.69373445	0.49670359	0.85729679	-47.362346
-0.77526263	-0.69373445	0.49670359	0.85729679	-47.371372
-0.77526263	-0.69373445	0.49670359	0.85729679	-47.380396
-0.77526263	-0.69373445	0.49670359	0.85729679	-47.38942
-0.77526263	-0.69373445	0.49670359	0.85729679	-47.398444
-0.77526263	-0.69373445	0.49670359	0.85729679	-47.407467
-0.77526263	-0.69373445	0.49670359	0.85729679	-47.416489
-0.77526263	-0.69373445	0.49670359	0.85729679	-47.42551
-0.77526263	-0.69373445	0.49670359	0.85729679	-47.434531
-0.77526263	-0.69373445	0.49670359	0.85729679	-47.443551
-0.77526263	-0.69373445	0.49670359	0.85729679	-47.45257
-0.77526263	-0.69373445	0.49670359	0.85729679	-47.461589
-0.77526263	-0.69373445	0.49670359	0.85729679	-47.470607
-0.77526263	-0.69373445	0.49670359	0.85729679	-47.479624
-0.77526263	-0.69373445	0.49670359	0.85729679	-47.488641
-0.77526263	-0.69373445	0.49670359	0.85729679	-47.497657
-0.77526263	-0.69373445	0.49670359	0.85729679	-47.506672
-0.77526263	-0.69373445	0.49670359	0.85729679	-47.515687
-0.77526263	-0.69373445	0.49670359	0.85729679	-47.524701
-0.77526263	-0.69373445	0.49670359	0.85729679	-47.533714
-0.77526263	-0.69373445	0.49670359	0.85729679	-47.542726
-0.77526263	-0.69373445	0.49670359	0.85729679	-47.551738
-0.77526263	-0.69373445	0.49670359	0.85729679	-47.56075
-0.77526263	-0.69373445	0.49670359	0.85729679	-47.56976
-0.77526263	-0.69373445	0.49670359	0.85729679	-47.57877
-0.77526263	-0.69373445	0.49670359	0.85729679	-47.587779
-0.77526263	-0.69373445	0.49670359	0.85729679	-47.596788
-0.77526263	-0.69373445	0.49670359	0.85729679	-47.605795
-0.77526263	-0.69373445	0.49670359	0.85729679	-47.614803
-0.77526263	-0.69373445	0.49670359	0.85729679	-47.623809
-0.77526263	-0.69373445	0.49670359	0.85729679	-47.632815
-0.77526263	-0.69373445	0.49670359	0.85729679	-47.64182
-0.77526263	-0.69373445	0.49670359	0.85729679	-47.650824
-0.77526263	-0.69373445	0.49670359	0.85729679	-47.659828
-0.77526263	-0.69373445	0.49670359	0.85729679	-47.668831
-0.77526263	-0.69373445	0.49670359	0.85729679	-47.677833
-0.77526263	-0.69373445	0.49670359	0.85729679	-47.686835
-0.77526263	-0.69373445	0.49670359	0.85729679	-47.695836
-0.77526263	-0.69373445	0.49670359	0.85729679	-47.704836
-0.77526263	-0.69373445	0.49670359	0.85729679	-47.713836
-0.77526263	-0.69373445	0.49670359	0.85729679	-47.722835
-0.77526263	-0.69373445	0.49670359	0.85729679	-47.731833
-0.77526263	-0.69373445	0.49670359	0.85729679	-47.74083
-0.77526263	-0.69373445	0.49670359	0.85729679	-47.749827
-0.77526263	-0.69373445	0.49670359	0.85729679	-47.758823
-0.77526263	-0.69373445	0.49670359	0.85729679	-47.767819
-0.77526263	-0.69373445	0.49670359	0.85729679	-47.776813
-0.77526263	-0.69373445	0.49670359	0.85729679	-47.785807
-0.77526263	-0.69373445	0.49670359	0.85729679	-47.794801
-0.77526263	-0.69373445	0.49670359	0.85729679	-47.803793
-0.77526263	-0.69373445	0.49670359	0.85729679	-47.812785
-0.77526263	-0.69373445	0.49670359	0.85729679	-47.821776
-0.77526263	-0.69373445	0.49670359	0.85729679	-47.830767
-0.77526263	-0.69373445	0.49670359	0.85729679	-47.839757
-0.77526263	-0.69373445	0.49670359	0.85729679	-47.848746
-0.77526263	-0.69373445	0.49670359	0.85729679	-47.857734
-0.77526263	-0.69373445	0.49670359	0.85729679	-47.866722
-0.77526263	-0.69373445	0.49670359	0.85729679	-47.875709
-0.77526263	-0.69373445	0.49670359	0.85729679	-47.884695
-0.77526263	-0.69373445	0.49670359	0.85729679	-47.893681
-0.77526263	-0.69373445	0.49670359	0.85729679	-47.902666
-0.77526263	-0.69373445	0.49670359	0.85729679	-47.91165
-0.77526263	-0.69373445	0.49670359	0.85729679	-47.920634
-0.77526263	-0.69373445	0.49670359	0.85729679	-47.929616
-0.77526263	-0.69373445	0.49670359	0.85729679	-47.938599
-0.77526263	-0.69373445	0.49670359	0.85729679	-47.94758
-0.77526263	-0.69373445	0.49670359	0.85729679	-47.956561
-0.77526263	-0.69373445	0.49670359	0.85729679	-47.965541
-0.77526263	-0.69373445	0.49670359	0.85729679	-47.97452
-0.77526263	-0.69373445	0.49670359	0.85729679	-47.983498
-0.77526263	-0.69373445	0.49670359	0.85729679	-47.992476
-0.77526263	-0.69373445	0.49670359	0.85729679	-48.001453
-0.77526263	-0.69373445	0.49670359	0.85729679	-48.01043
-0.77526263	-0.69373445	0.49670359	0.85729679	-48.019405
-0.77526263	-0.69373445	0.49670359	0.85729679	-48.02838
-0.77526263	-0.69373445	0.49670359	0.85729679	-48.037355
-0.77526263	-0.69373445	0.49670359	0.85729679	-48.046328
-0.77526263	-0.69373445	0.49670359	0.85729679	-48.055301
-0.77526263	-0.69373445	0.49670359	0.85729679	-48.064273
-0.77526263	-0.69373445	0.49670359	0.85729679	-48.073245
-0.77526263	-0.69373445	0.49670359	0.85729679	-48.082215
-0.77526263	-0.69373445	0.49670359	0.85729679	-48.091185
-0.77526263	-0.69373445	0.49670359	0.85729679	-48.100155
-0.77526263	-0.69373445	0.49670359	0.85729679	-48.109123
-0.77526263	-0.69373445	0.49670359	0.85729679	-48.118091
-0.77526263	-0.69373445	0.49670359	0.85729679	-48.127058
-0.77526263	-0.69373445	0.49670359	0.85729679	-48.136025
-0.77526263	-0.69373445	0.49670359	0.85729679	-48.14499
-0.77526263	-0.69373445	0.49670359	0.85729679	-48.153955
-0.77526263	-0.69373445	0.49670359	0.85729679	-48.16292
-0.77526263	-0.69373445	0.49670359	0.85729679	-48.171883
-0.77526263	-0.69373445	0.49670359	0.85729679	-48.180846
-0.77526263	-0.69373445	0.49670359	0.85729679	-48.189808
-0.77526263	-0.69373445	0.49670359	0.85729679	-48.198769
-0.77526263	-0.69373445	0.49670359	0.85729679	-48.20773
-0.77526263	-0.69373445	0.49670359	0.85729679	-48.21669
-0.77526263	-0.69373445	0.49670359	0.85729679	-48.225649
-0.77526263	-0.69373445	0.49670359	0.85729679	-48.234607
-0.77526263	-0.69373445	0.49670359	0.85729679	-48.243565
-0.77526263	-0.69373445	0.49670359	0.85729679	-48.252522
-0.77526263	-0.69373445	0.49670359	0.85729679	-48.261478
-0.77526263	-0.69373445	0.49670359	0.85729679	-48.270434
-0.77526263	-0.69373445	0.49670359	0.85729679	-48.279389
-0.77526263	-0.69373445	0.49670359	0.85729679	-48.288343
-0.77526263	-0.69373445	0.49670359	0.85729679	-48.297296
-0.77526263	-0.69373445	0.49670359	0.85729679	-48.306249
-0.77526263	-0.69373445	0.49670359	0.85729679	-48.315201
-0.77526263	-0.69373445	0.49670359	0.85729679	-48.324152
-0.77526263	-0.69373445	0.49670359	0.85729679	-48.333102
-0.77526263	-0.69373445	0.49670359	0.85729679	-48.342052
-0.77526263	-0.69373445	0.49670359	0.85729679	-48.351001
-0.77526263	-0.69373445	0.49670359	0.85729679	-48.359949
-0.77526263	-0.69373445	0.49670359	0.85729679	-48.368896
-0.77526263	-0.69373445	0.49670359	0.85729679	-48.377843
-0.77526263	-0.69373445	0.49670359	0.85729679	-48.386789
-0.77526263	-0.69373445	0.49670359	0.85729679	-48.395734
-0.77526263	-0.69373445	0.49670359	0.85729679	-48.404679
-0.77526263	-0.69373445	0.49670359	0.85729679	-48.413623
-0.77526263	-0.69373445	0.49670359	0.85729679	-48.422566
-0.77526263	-0.69373445	0.49670359	0.85729679	-48.431508
-0.77526263	-0.69373445	0.49670359	0.85729679	-48.44045
-0.77526263	-0.69373445	0.49670359	0.85729679	-48.44939
-0.77526263	-0.69373445	0.49670359	0.85729679	-48.45833
-0.77526263	-0.69373445	0.49670359	0.85729679	-48.46727
-0.77526263	-0.69373445	0.49670359	0.85729679	-48.476208
-0.77526263	-0.69373445	0.49670359	0.85729679	-48.485146
-0.77526263	-0.69373445	0.49670359	0.85729679	-48.494083
-0.77526263	-0.69373445	0.49670359	0.85729679	-48.50302
-0.77526263	-0.69373445	0.49670359	0.85729679	-48.511955
-0.77526263	-0.69373445	0.49670359	0.85729679	-48.52089
-0.77526263	-0.69373445	0.49670359	0.85729679	-48.529824
-0.77526263	-0.69373445	0.49670359	0.85729679	-48.538758
-0.77526263	-0.69373445	0.49670359	0.85729679	-48.54769
-0.77526263	-0.69373445	0.49670359	0.85729679	-48.556622
-0.77526263	-0.69373445	0.49670359	0.85729679	-48.565553
-0.77526263	-0.69373445	0.49670359	0.85729679	-48.574484
-0.77526263	-0.69373445	0.49670359	0.85729679	-48.583413
-0.77526263	-0.69373445	0.49670359	0.85729679	-48.592342
-0.77526263	-0.69373445	0.49670359	0.85729679	-48.60127
-0.77526263	-0.69373445	0.49670359	0.85729679	-48.610198
-0.77526263	-0.69373445	0.49670359	0.85729679	-48.619124
-0.77526263	-0.69373445	0.49670359	0.85729679	-48.62805
-0.77526263	-0.69373445	0.49670359	0.85729679	-48.636975
-0.77526263	-0.69373445	0.49670359	0.85729679	-48.6459
-0.77526263	-0.69373445	0.49670359	0.85729679	-48.654823
-0.77526263	-0.69373445	0.49670359	0.85729679	-48.663746
-0.77526263	-0.69373445	0.49670359	0.85729679	-48.672668
-0.77526263	-0.69373445	0.49670359	0.85729679	-48.681589
-0.77526263	-0.69373445	0.49670359	0.85729679	-48.69051
-0.77526263	-0.69373445	0.49670359	0.85729679	-48.69943
-0.77526263	-0.69373445	0.49670359	0.85729679	-48.708349
-0.77526263	-0.69373445	0.49670359	0.85729679	-48.717267
-0.77526263	-0.69373445	0.49670359	0.85729679	-48.726185
-0.77526263	-0.69373445	0.49670359	0.85729679	-48.735101
-0.77526263	-0.69373445	0.49670359	0.85729679	-48.744017
-0.77526263	-0.69373445	0.49670359	0.85729679	-48.752933
-0.77526263	-0.69373445	0.49670359	0.85729679	-48.761847
-0.77526263	-0.69373445	0.49670359	0.85729679	-48.770761
-0.77526263	-0.69373445	0.49670359	0.85729679	-48.779674
-0.77526263	-0.69373445	0.49670359	0.85729679	-48.788586
-0.77526263	-0.69373445	0.49670359	0.85729679	-48.797498
-0.77526263	-0.69373445	0.49670359	0.85729679	-48.806408
-0.77526263	-0.69373445	0.49670359	0.85729679	-48.815318
-0.77526263	-0.69373445	0.49670359	0.85729679	-48.824227
-0.77526263	-0.69373445	0.49670359	0.85729679	-48.833136
-0.77526263	-0.69373445	0.49670359	0.85729679	-48.842043
-0.77526263	-0.69373445	0.49670359	0.85729679	-48.85095
-0.77526263	-0.69373445	0.49670359	0.85729679	-48.859856
-0.77526263	-0.69373445	0.49670359	0.85729679	-48.868761
-0.77526263	-0.69373445	0.49670359	0.85729679	-48.877666
-0.77526263	-0.69373445	0.49670359	0.85729679	-48.88657
-0.77526263	-0.69373445	0.49670359	0.85729679	-48.895473
-0.77526263	-0.69373445	0.49670359	0.85729679	-48.904375
-0.77526263	-0.69373445	0.49670359	0.85729679	-48.913276
-0.77526263	-0.69373445	0.49670359	0.85729679	-48.922177
-0.77526263	-0.69373445	0.49670359	0.85729679	-48.931077
-0.77526263	-0.69373445	0.49670359	0.85729679	-48.939976
-0.77526263	-0.69373445	0.49670359	0.85729679	-48.948874
-0.77526263	-0.69373445	0.49670359	0.85729679	-48.957772
-0.77526263	-0.69373445	0.49670359	0.85729679	-48.966669
-0.77526263	-0.69373445	0.49670359	0.85729679	-48.975565
-0.77526263	-0.69373445	0.49670359	0.85729679	-48.98446
-0.77526263	-0.69373445	0.49670359	0.85729679	-48.993354
-0.77526263	-0.69373445	0.49670359	0.85729679	-49.002248
-0.77526263	-0.69373445	0.49670359	0.85729679	-49.011141
-0.77526263	-0.69373445	0.49670359	0.85729679	-49.020033
-0.77526263	-0.69373445	0.49670359	0.85729679	-49.028924
-0.77526263	-0.69373445	0.49670359	0.85729679	-49.037815
-0.77526263	-0.69373445	0.49670359	0.85729679	-49.046705
-0.77526263	-0.69373445	0.49670359	0.85729679	-49.055594
-0.77526263	-0.69373445	0.49670359	0.85729679	-49.064482
-0.77526263	-0.69373445	0.49670359	0.85729679	-49.073369
-0.77526263	-0.69373445	0.49670359	0.85729679	-49.082256
-0.77526263	-0.69373445	0.49670359	0.85729679	-49.091142
-0.77526263	-0.69373445	0.49670359	0.85729679	-49.100027
-0.77526263	-0.69373445	0.49670359	0.85729679	-49.108911
-0.77526263	-0.69373445	0.49670359	0.85729679	-49.117795
-0.77526263	-0.69373445	0.49670359	0.85729679	-49.126677
-0.77526263	-0.69373445	0.49670359	0.85729679	-49.135559
-0.77526263	-0.69373445	0.49670359	0.85729679	-49.14444
-0.77526263	-0.69373445	0.49670359	0.85729679	-49.153321
-0.77526263	-0.69373445	0.49670359	0.85729679	-49.1622
-0.77526263	-0.69373445	0.49670359	0.85729679	-49.171079
-0.77526263	-0.69373445	0.49670359	0.85729679	-49.179957
-0.77526263	-0.69373445	0.49670359	0.85729679	-49.188834
-0.77526263	-0.69373445	0.49670359	0.85729679	-49.19771
-0.77526263	-0.69373445	0.49670359	0.85729679	-49.206586
-0.77526263	-0.69373445	0.49670359	0.85729679	-49.215461
-0.77526263	-0.69373445	0.49670359	0.85729679	-49.224335
-0.77526263	-0.69373445	0.49670359	0.85729679	-49.233208
-0.77526263	-0.69373445	0.49670359	0.85729679	-49.24208
-0.77526263	-0.69373445	0.49670359	0.85729679	-49.250952
-0.77526263	-0.69373445	0.49670359	0.85729679	-49.259823
-0.77526263	-0.69373445	0.49670359	0.85729679	-49.268693
-0.77526263	-0.69373445	0.49670359	0.85729679	-49.277562
-0.77526263	-0.69373445	0.49670359	0.85729679	-49.28643
-0.77526263	-0.69373445	0.49670359	0.85729679	-49.295298
-0.77526263	-0.69373445	0.49670359	0.85729679	-49.304165
-0.77526263	-0.69373445	0.49670359	0.85729679	-49.313031
-0.77526263	-0.69373445	0.49670359	0.85729679	-49.321896
-0.77526263	-0.69373445	0.49670359	0.85729679	-49.330761
-0.77526263	-0.69373445	0.49670359	0.85729679	-49.339624
-0.77526263	-0.69373445	0.49670359	0.85729679	-49.348487
-0.77526263	-0.69373445	0.49670359	0.85729679	-49.357349
-0.77526263	-0.69373445	0.49670359	0.85729679	-49.36621
-0.77526263	-0.69373445	0.49670359	0.85729679	-49.375071
-0.77526263	-0.69373445	0.49670359	0.85729679	-49.38393
-0.77526263	-0.69373445	0.49670359	0.85729679	-49.392789
-0.77526263	-0.69373445	0.49670359	0.85729679	-49.401647
-0.77526263	-0.69373445	0.49670359	0.85729679	-49.410504
-0.77526263	-0.69373445	0.49670359	0.85729679	-49.419361
-0.77526263	-0.69373445	0.49670359	0.85729679	-49.428216
-0.77526263	-0.69373445	0.49670359	0.85729679	-49.437071
-0.77526263	-0.69373445	0.49670359	0.85729679	-49.445925
-0.77526263	-0.69373445	0.49670359	0.85729679	-49.454778
-0.77526263	-0.69373445	0.49670359	0.85729679	-49.46363
-0.77526263	-0.69373445	0.49670359	0.85729679	-49.472482
-0.77526263	-0.69373445	0.49670359	0.85729679	-49.481333
-0.77526263	-0.69373445	0.49670359	0.85729679	-49.490182
-0.77526263	-0.69373445	0.49670359	0.85729679	-49.499032
-0.77526263	-0.69373445	0.49670359	0.85729679	-49.50788
-0.77526263	-0.69373445	0.49670359	0.85729679	-49.516727
-0.77526263	-0.69373445	0.49670359	0.85729679	-49.525574
-0.77526263	-0.69373445	0.49670359	0.85729679	-49.53442
-0.77526263	-0.69373445	0.49670359	0.85729679	-49.543265
-0.77526263	-0.69373445	0.49670359	0.85729679	-49.552109
-0.77526263	-0.69373445	0.49670359	0.85729679	-49.560952
-0.77526263	-0.69373445	0.49670359	0.85729679	-49.569795
-0.77526263	-0.69373445	0.49670359	0.85729679	-49.578637
-0.77526263	-0.69373445	0.49670359	0.85729679	-49.587478
-0.77526263	-0.69373445	0.49670359	0.85729679	-49.596318
-0.77526263	-0.69373445	0.49670359	0.85729679	-49.605157
-0.77526263	-0.69373445	0.49670359	0.85729679	-49.613995
-0.77526263	-0.69373445	0.49670359	0.85729679	-49.622833
-0.77526263	-0.69373445	0.49670359	0.85729679	-49.63167
-0.77526263	-0.69373445	0.49670359	0.85729679	-49.640506
-0.77526263	-0.69373445	0.49670359	0.85729679	-49.649341
-0.77526263	-0.69373445	0.49670359	0.85729679	-49.658175
-0.77526263	-0.69373445	0.49670359	0.85729679	-49.667009
-0.77526263	-0.69373445	0.49670359	0.85729679	-49.675842
-0.77526263	-0.69373445	0.49670359	0.85729679	-49.684673
-0.77526263	-0.69373445	0.49670359	0.85729679	-49.693505
-0.77526263	-0.69373445	0.49670359	0.85729679	-49.702335
-0.77526263	-0.69373445	0.49670359	0.85729679	-49.711164
-0.77526263	-0.69373445	0.49670359	0.85729679	-49.719993
-0.77526263	-0.69373445	0.49670359	0.85729679	-49.72882
-0.77526263	-0.69373445	0.49670359	0.85729679	-49.737647
-0.77526263	-0.69373445	0.49670359	0.85729679	-49.746473
-0.77526263	-0.69373445	0.49670359	0.85729679	-49.755299
-0.77526263	-0.69373445	0.49670359	0.85729679	-49.764123
-0.77526263	-0.69373445	0.49670359	0.85729679	-49.772947
-0.77526263	-0.69373445	0.49670359	0.85729679	-49.781769
-0.77526263	-0.69373445	0.49670359	0.85729679	-49.790591
-0.77526263	-0.69373445	0.49670359	0.85729679	-49.799412
-0.77526263	-0.69373445	0.49670359	0.85729679	-49.808233
-0.77526263	-0.69373445	0.49670359	0.85729679	-49.817052
-0.77526263	-0.69373445	0.49670359	0.85729679	-49.825871
-0.77526263	-0.69373445	0.49670359	0.85729679	-49.834689
-0.77526263	-0.69373445	0.49670359	0.85729679	-49.843505
-0.77526263	-0.69373445	0.49670359	0.85729679	-49.852322
-0.77526263	-0.69373445	0.49670359	0.85729679	-49.861137
-0.77526263	-0.69373445	0.49670359	0.85729679	-49.869951
-0.77526263	-0.69373445	0.49670359	0.85729679	-49.878765
-0.77526263	-0.69373445	0.49670359	0.85729679	-49.887577
-0.77526263	-0.69373445	0.49670359	0.85729679	-49.896389
-0.77526263	-0.69373445	0.49670359	0.85729679	-49.9052
-0.77526263	-0.69373445	0.49670359	0.85729679	-49.914011
-0.77526263	-0.69373445	0.49670359	0.85729679	-49.92282
-0.77526263	-0.69373445	0.49670359	0.85729679	-49.931628
-0.77526263	-0.69373445	0.49670359	0.85729679	-49.940436
-0.77526263	-0.69373445	0.49670359	0.85729679	-49.949243
-0.77526263	-0.69373445	0.49670359	0.85729679	-49.958049
-0.77526263	-0.69373445	0.49670359	0.85729679	-49.966854
-0.77526263	-0.69373445	0.49670359	0.85729679	-49.975658
-0.77526263	-0.69373445	0.49670359	0.85729679	-49.984462
-0.77526263	-0.69373445	0.49670359	0.85729679	-49.993265
-0.77526263	-0.69373445	0.49670359	0.85729679	-50.002066
-0.77526263	-0.69373445	0.49670359	0.85729679	-50.010867
-0.77526263	-0.69373445	0.49670359	0.85729679	-50.019667
-0.77526263	-0.69373445	0.49670359	0.85729679	-50.028466
-0.77526263	-0.69373445	0.49670359	0.85729679	-50.037265
-0.77526263	-0.69373445	0.49670359	0.85729679	-50.046062
-0.77526263	-0.69373445	0.49670359	0.85729679	-50.054859
-0.77526263	-0.69373445	0.49670359	0.85729679	-50.063655
-0.77526263	-0.69373445	0.49670359	0.85729679	-50.07245
-0.77526263	-0.69373445	0.49670359	0.85729679	-50.081244
-0.77526263	-0.69373445	0.49670359	0.85729679	-50.090037
-0.77526263	-0.69373445	0.49670359	0.85729679	-50.09883
-0.77526263	-0.69373445	0.49670359	0.85729679	-50.107621
-0.77526263	-0.69373445	0.49670359	0.85729679	-50.116412
-0.77526263	-0.69373445	0.49670359	0.85729679	-50.125202
-0.77526263	-0.69373445	0.49670359	0.85729679	-50.133991
-0.77526263	-0.69373445	0.49670359	0.85729679	-50.142779
-0.77526263	-0.69373445	0.49670359	0.85729679	-50.151566
-0.77526263	-0.69373445	0.49670359	0.85729679	-50.160353
-0.77526263	-0.69373445	0.49670359	0.85729679	-50.169138
-0.77526263	-0.69373445	0.49670359	0.85729679	-50.177923
-0.77526263	-0.69373445	0.49670359	0.85729679	-50.186707
-0.77526263	-0.69373445	0.49670359	0.85729679	-50.19549
-0.77526263	-0.69373445	0.49670359	0.85729679	-50.204272
-0.77526263	-0.69373445	0.49670359	0.85729679	-50.213053
-0.77526263	-0.69373445	0.49670359	0.85729679	-50.221833
-0.77526263	-0.69373445	0.49670359	0.85729679	-50.230613
-0.77526263	-0.69373445	0.49670359	0.85729679	-50.239392
-0.77526263	-0.69373445	0.49670359	0.85729679	-50.248169
-0.77526263	-0.69373445	0.49670359	0.85729679	-50.256946
-0.77526263	-0.69373445	0.49670359	0.85729679	-50.265722
-0.77526263	-0.69373445	0.49670359	0.85729679	-50.274498
-0.77526263	-0.69373445	0.49670359	0.85729679	-50.283272
-0.77526263	-0.69373445	0.49670359	0.85729679	-50.292045
-0.77526263	-0.69373445	0.49670359	0.85729679	-50.300818
-0.77526263	-0.69373445	0.49670359	0.85729679	-50.30959
-0.77526263	-0.69373445	0.49670359	0.85729679	-50.318361
-0.77526263	-0.69373445	0.49670359	0.85729679	-50.327131
-0.77526263	-0.69373445	0.49670359	0.85729679	-50.3359
-0.77526263	-0.69373445	0.49670359	0.85729679	-50.344668
-0.77526263	-0.69373445	0.49670359	0.85729679	-50.353436
-0.77526263	-0.69373445	0.49670359	0.85729679	-50.362202
-0.77526263	-0.69373445	0.49670359	0.85729679	-50.370968
-0.77526263	-0.69373445	0.49670359	0.85729679	-50.379733
-0.77526263	-0.69373445	0.49670359	0.85729679	-50.388496
-0.77526263	-0.69373445	0.49670359	0.85729679	-50.397259
-0.77526263	-0.69373445	0.49670359	0.85729679	-50.406022
-0.77526263	-0.69373445	0.49670359	0.85729679	-50.414783
-0.77526263	-0.69373445	0.49670359	0.85729679	-50.423543
-0.77526263	-0.69373445	0.49670359	0.85729679	-50.432303
-0.77526263	-0.69373445	0.49670359	0.85729679	-50.441062
-0.77526263	-0.69373445	0.49670359	0.85729679	-50.449819
-0.77526263	-0.69373445	0.49670359	0.85729679	-50.458576
-0.77526263	-0.69373445	0.49670359	0.85729679	-50.467332
-0.77526263	-0.69373445	0.49670359	0.85729679	-50.476087
-0.77526263	-0.69373445	0.49670359	0.85729679	-50.484842
-0.77526263	-0.69373445	0.49670359	0.85729679	-50.493595
-0.77526263	-0.69373445	0.49670359	0.85729679	-50.502348
-0.77526263	-0.69373445	0.49670359	0.85729679	-50.511099
-0.77526263	-0.69373445	0.49670359	0.85729679	-50.51985
-0.77526263	-0.69373445	0.49670359	0.85729679	-50.5286
-0.77526263	-0.69373445	0.49670359	0.85729679	-50.537349
-0.77526263	-0.69373445	0.49670359	0.85729679	-50.546097
-0.77526263	-0.69373445	0.49670359	0.85729679	-50.554844
-0.77526263	-0.69373445	0.49670359	0.85729679	-50.56359
-0.77526263	-0.69373445	0.49670359	0.85729679	-50.572336
-0.77526263	-0.69373445	0.49670359	0.85729679	-50.58108
-0.77526263	-0.69373445	0.49670359	0.85729679	-50.589824
-0.77526263	-0.69373445	0.49670359	0.85729679	-50.598567
-0.77526263	-0.69373445	0.49670359	0.85729679	-50.607309
-0.77526263	-0.69373445	0.49670359	0.85729679	-50.61605
-0.77526263	-0.69373445	0.49670359	0.85729679	-50.62479
-0.77526263	-0.69373445	0.49670359	0.85729679	-50.633529
-0.77526263	-0.69373445	0.49670359	0.85729679	-50.642268
-0.77526263	-0.69373445	0.49670359	0.85729679	-50.651005
-0.77526263	-0.69373445	0.49670359	0.85729679	-50.659742
-0.77526263	-0.69373445	0.49670359	0.85729679	-50.668477
-0.77526263	-0.69373445	0.49670359	0.85729679	-50.677212
-0.77526263	-0.69373445	0.49670359	0.85729679	-50.685946
-0.77526263	-0.69373445	0.49670359	0.85729679	-50.694679
-0.77526263	-0.69373445	0.49670359	0.85729679	-50.703411
-0.77526263	-0.69373445	0.49670359	0.85729679	-50.712142
-0.77526263	-0.69373445	0.49670359	0.85729679	-50.720872
-0.77526263	-0.69373445	0.49670359	0.85729679	-50.729602
-0.77526263	-0.69373445	0.49670359	0.85729679	-50.73833
-0.77526263	-0.69373445	0.49670359	0.85729679	-50.747058
-0.77526263	-0.69373445	0.49670359	0.85729679	-50.755785
-0.77526263	-0.69373445	0.49670359	0.85729679	-50.76451
-0.77526263	-0.69373445	0.49670359	0.85729679	-50.773235
-0.77526263	-0.69373445	0.49670359	0.85729679	-50.781959
-0.77526263	-0.69373445	0.49670359	0.85729679	-50.790683
-0.77526263	-0.69373445	0.49670359	0.85729679	-50.799405
-0.77526263	-0.69373445	0.49670359	0.85729679	-50.808126
-0.77526263	-0.69373445	0.49670359	0.85729679	-50.816846
-0.77526263	-0.69373445	0.49670359	0.85729679	-50.825566
-0.77526263	-0.69373445	0.49670359	0.85729679	-50.834285
-0.77526263	-0.69373445	0.49670359	0.85729679	-50.843002
-0.77526263	-0.69373445	0.49670359	0.85729679	-50.851719
-0.77526263	-0.69373445	0.49670359	0.85729679	-50.860435
-0.77526263	-0.69373445	0.49670359	0.85729679	-50.86915
-0.77526263	-0.69373445	0.49670359	0.85729679	-50.877864
-0.77526263	-0.69373445	0.49670359	0.85729679	-50.886577
-0.77526263	-0.69373445	0.49670359	0.85729679	-50.89529
-0.77526263	-0.69373445	0.49670359	0.85729679	-50.904001
-0.77526263	-0.69373445	0.49670359	0.85729679	-50.912711
-0.77526263	-0.69373445	0.49670359	0.85729679	-50.921421
-0.77526263	-0.69373445	0.49670359	0.85729679	-50.93013
-0.77526263	-0.69373445	0.49670359	0.85729679	-50.938837
-0.77526263	-0.69373445	0.49670359	0.85729679	-50.947544
-0.77526263	-0.69373445	0.49670359	0.85729679	-50.95625
-0.77526263	-0.69373445	0.49670359	0.85729679	-50.964955
-0.77526263	-0.69373445	0.49670359	0.85729679	-50.973659
-0.77526263	-0.69373445	0.49670359	0.85729679	-50.982362
-0.77526263	-0.69373445	0.49670359	0.85729679	-50.991064
-0.77526263	-0.69373445	0.49670359	0.85729679	-50.999766
-0.77526263	-0.69373445	0.49670359	0.85729679	-51.008466
-0.77526263	-0.69373445	0.49670359	0.85729679	-51.017166
-0.77526263	-0.69373445	0.49670359	0.85729679	-51.025864
-0.77526263	-0.69373445	0.49670359	0.85729679	-51.034562
-0.77526263	-0.69373445	0.49670359	0.85729679	-51.043259
-0.77526263	-0.69373445	0.49670359	0.85729679	-51.051955
-0.77526263	-0.69373445	0.49670359	0.85729679	-51.06065
-0.77526263	-0.69373445	0.49670359	0.85729679	-51.069344
-0.77526263	-0.69373445	0.49670359	0.85729679	-51.078037
-0.77526263	-0.69373445	0.49670359	0.85729679	-51.086729
-0.77526263	-0.69373445	0.49670359	0.85729679	-51.09542
-0.77526263	-0.69373445	0.49670359	0.85729679	-51.10411
-0.77526263	-0.69373445	0.49670359	0.85729679	-51.1128
-0.77526263	-0.69373445	0.49670359	0.85729679	-51.121488
-0.77526263	-0.69373445	0.49670359	0.85729679	-51.130176
-0.77526263	-0.69373445	0.49670359	0.85729679	-51.138862
-0.77526263	-0.69373445	0.49670359	0.85729679	-51.147548
-0.77526263	-0.69373445	0.49670359	0.85729679	-51.156233
-0.77526263	-0.69373445	0.49670359	0.85729679	-51.164917
-0.77526263	-0.69373445	0.49670359	0.85729679	-51.1736
-0.77526263	-0.69373445	0.49670359	0.85729679	-51.182282
-0.77526263	-0.69373445	0.49670359	0.85729679	-51.190963
-0.77526263	-0.69373445	0.49670359	0.85729679	-51.199643
-0.77526263	-0.69373445	0.49670359	0.85729679	-51.208322
-0.77526263	-0.69373445	0.49670359	0.85729679	-51.217
-0.77526263	-0.69373445	0.49670359	0.85729679	-51.225678
-0.77526263	-0.69373445	0.49670359	0.85729679	-51.234354
-0.77526263	-0.69373445	0.49670359	0.85729679	-51.24303
-0.77526263	-0.69373445	0.49670359	0.85729679	-51.251704
-0.77526263	-0.69373445	0.49670359	0.85729679	-51.260378
-0.77526263	-0.69373445	0.49670359	0.85729679	-51.269051
-0.77526263	-0.69373445	0.49670359	0.85729679	-51.277722
-0.77526263	-0.69373445	0.49670359	0.85729679	-51.286393
-0.77526263	-0.69373445	0.49670359	0.85729679	-51.295063
-0.77526263	-0.69373445	0.49670359	0.85729679	-51.303732
-0.77526263	-0.69373445	0.49670359	0.85729679	-51.3124
-0.77526263	-0.69373445	0.49670359	0.85729679	-51.321067
-0.77526263	-0.69373445	0.49670359	0.85729679	-51.329733
-0.77526263	-0.69373445	0.49670359	0.85729679	-51.338399
-0.77526263	-0.69373445	0.49670359	0.85729679	-51.347063
-0.77526263	-0.69373445	0.49670359	0.85729679	-51.355726
-0.77526263	-0.69373445	0.49670359	0.85729679	-51.364389
-0.77526263	-0.69373445	0.49670359	0.85729679	-51.37305
-0.77526263	-0.69373445	0.49670359	0.85729679	-51.381711
-0.77526263	-0.69373445	0.49670359	0.85729679	-51.39037
-0.77526263	-0.69373445	0.49670359	0.85729679	-51.399029
-0.77526263	-0.69373445	0.49670359	0.85729679	-51.407687
-0.77526263	-0.69373445	0.49670359	0.85729679	-51.416344
-0.77526263	-0.69373445	0.49670359	0.85729679	-51.424999
-0.77526263	-0.69373445	0.49670359	0.85729679	-51.433654
-0.77526263	-0.69373445	0.49670359	0.85729679	-51.442308
-0.77526263	-0.69373445	0.49670359	0.85729679	-51.450961
-0.77526263	-0.69373445	0.49670359	0.85729679	-51.459613
-0.77526263	-0.69373445	0.49670359	0.85729679	-51.468264
-0.77526263	-0.69373445	0.49670359	0.85729679	-51.476914
-0.77526263	-0.69373445	0.49670359	0.85729679	-51.485564
-0.77526263	-0.69373445	0.49670359	0.85729679	-51.494212
-0.77526263	-0.69373445	0.49670359	0.85729679	-51.502859
-0.77526263	-0.69373445	0.49670359	0.85729679	-51.511506
-0.77526263	-0.69373445	0.49670359	0.85729679	-51.520151
-0.77526263	-0.69373445	0.49670359	0.85729679	-51.528796
-0.77526263	-0.69373445	0.49670359	0.85729679	-51.537439
-0.77526263	-0.69373445	0.49670359	0.85729679	-51.546082
-0.77526263	-0.69373445	0.49670359	0.85729679	-51.554723
-0.77526263	-0.69373445	0.49670359	0.85729679	-51.563364
-0.77526263	-0.69373445	0.49670359	0.85729679	-51.572004
-0.77526263	-0.69373445	0.49670359	0.85729679	-51.580642
-0.77526263	-0.69373445	0.49670359	0.85729679	-51.58928
-0.77526263	-0.69373445	0.49670359	0.85729679	-51.597917
-0.77526263	-0.69373445	0.49670359	0.85729679	-51.606553
-0.77526263	-0.69373445	0.49670359	0.85729679	-51.615188
-0.77526263	-0.69373445	0.49670359	0.85729679	-51.623822
-0.77526263	-0.69373445	0.49670359	0.85729679	-51.632455
-0.77526263	-0.69373445	0.49670359	0.85729679	-51.641087
-0.77526263	-0.69373445	0.49670359	0.85729679	-51.649718
-0.77526263	-0.69373445	0.49670359	0.85729679	-51.658348
-0.77526263	-0.69373445	0.49670359	0.85729679	-51.666977
-0.77526263	-0.69373445	0.49670359	0.85729679	-51.675606
-0.77526263	-0.69373445	0.49670359	0.85729679	-51.684233
-0.77526263	-0.69373445	0.49670359	0.85729679	-51.692859
-0.77526263	-0.69373445	0.49670359	0.85729679	-51.701485
-0.77526263	-0.69373445	0.49670359	0.85729679	-51.710109
-0.77526263	-0.69373445	0.49670359	0.85729679	-51.718732
-0.77526263	-0.69373445	0.49670359	0.85729679	-51.727355
-0.77526263	-0.69373445	0.49670359	0.85729679	-51.735976
-0.77526263	-0.69373445	0.49670359	0.85729679	-51.744597
-0.77526263	-0.69373445	0.49670359	0.85729679	-51.753217
-0.77526263	-0.69373445	0.49670359	0.85729679	-51.761835
-0.77526263	-0.69373445	0.49670359	0.85729679	-51.770453
-0.77526263	-0.69373445	0.49670359	0.85729679	-51.77907
-0.77526263	-0.69373445	0.49670359	0.85729679	-51.787685
-0.77526263	-0.69373445	0.49670359	0.85729679	-51.7963
-0.77526263	-0.69373445	0.49670359	0.85729679	-51.804914
-0.77526263	-0.69373445	0.49670359	0.85729679	-51.813527
-0.77526263	-0.69373445	0.49670359	0.85729679	-51.822138
-0.77526263	-0.69373445	0.49670359	0.85729679	-51.830749
-0.77526263	-0.69373445	0.49670359	0.85729679	-51.839359
-0.77526263	-0.69373445	0.49670359	0.85729679	-51.847968
-0.77526263	-0.69373445	0.49670359	0.85729679	-51.856576
-0.77526263	-0.69373445	0.49670359	0.85729679	-51.865183
-0.77526263	-0.69373445	0.49670359	0.85729679	-51.873789
-0.77526263	-0.69373445	0.49670359	0.85729679	-51.882394
-0.77526263	-0.69373445	0.49670359	0.85729679	-51.890998
-0.77526263	-0.69373445	0.49670359	0.85729679	-51.899601
-0.77526263	-0.69373445	0.49670359	0.85729679	-51.908203
-0.77526263	-0.69373445	0.49670359	0.85729679	-51.916805
-0.77526263	-0.69373445	0.49670359	0.85729679	-51.925405
-0.77526263	-0.69373445	0.49670359	0.85729679	-51.934004
-0.77526263	-0.69373445	0.49670359	0.85729679	-51.942602
-0.77526263	-0.69373445	0.49670359	0.85729679	-51.951199
-0.77526263	-0.69373445	0.49670359	0.85729679	-51.959796
-0.77526263	-0.69373445	0.49670359	0.85729679	-51.968391
-0.77526263	-0.69373445	0.49670359	0.85729679	-51.976985
-0.77526263	-0.69373445	0.49670359	0.85729679	-51.985578
-0.77526263	-0.69373445	0.49670359	0.85729679	-51.994171
-0.77526263	-0.69373445	0.49670359	0.85729679	-52.002762
-0.77526263	-0.69373445	0.49670359	0.85729679	-52.011352
-0.77526263	-0.69373445	0.49670359	0.85729679	-52.019942
-0.77526263	-0.69373445	0.49670359	0.85729679	-52.02853
-0.77526263	-0.69373445	0.49670359	0.85729679	-52.037118
-0.77526263	-0.69373445	0.49670359	0.85729679	-52.045704
-0.77526263	-0.69373445	0.49670359	0.85729679	-52.05429
-0.77526263	-0.69373445	0.49670359	0.85729679	-52.062874
-0.77526263	-0.69373445	0.49670359	0.85729679	-52.071458
-0.77526263	-0.69373445	0.49670359	0.85729679	-52.08004
-0.77526263	-0.69373445	0.49670359	0.85729679	-52.088622
-0.77526263	-0.69373445	0.49670359	0.85729679	-52.097202
-0.77526263	-0.69373445	0.49670359	0.85729679	-52.105782
-0.77526263	-0.69373445	0.49670359	0.85729679	-52.11436
-0.77526263	-0.69373445	0.49670359	0.85729679	-52.122938
-0.77526263	-0.69373445	0.49670359	0.85729679	-52.131514
-0.77526263	-0.69373445	0.49670359	0.85729679	-52.14009
-0.77526263	-0.69373445	0.49670359	0.85729679	-52.148664
-0.77526263	-0.69373445	0.49670359	0.85729679	-52.157238
-0.77526263	-0.69373445	0.49670359	0.85729679	-52.165811
-0.77526263	-0.69373445	0.49670359	0.85729679	-52.174382
-0.77526263	-0.69373445	0.49670359	0.85729679	-52.182953
-0.77526263	-0.69373445	0.49670359	0.85729679	-52.191522
-0.77526263	-0.69373445	0.49670359	0.85729679	-52.200091
-0.77526263	-0.69373445	0.49670359	0.85729679	-52.208659
-0.77526263	-0.69373445	0.49670359	0.85729679	-52.217225
-0.77526263	-0.69373445	0.49670359	0.85729679	-52.225791
-0.77526263	-0.69373445	0.49670359	0.85729679	-52.234356
-0.77526263	-0.69373445	0.49670359	0.85729679	-52.242919
-0.77526263	-0.69373445	0.49670359	0.85729679	-52.251482
-0.77526263	-0.69373445	0.49670359	0.85729679	-52.260044
-0.77526263	-0.69373445	0.49670359	0.85729679	-52.268604
-0.77526263	-0.69373445	0.49670359	0.85729679	-52.277164
-0.77526263	-0.69373445	0.49670359	0.85729679	-52.285722
-0.77526263	-0.69373445	0.49670359	0.85729679	-52.29428
-0.77526263	-0.69373445	0.49670359	0.85729679	-52.302837
-0.77526263	-0.69373445	0.49670359	0.85729679	-52.311392
-0.77526263	-0.69373445	0.49670359	0.85729679	-52.319947
-0.77526263	-0.69373445	0.49670359	0.85729679	-52.328501
-0.77526263	-0.69373445	0.49670359	0.85729679	-52.337053
-0.77526263	-0.69373445	0.49670359	0.85729679	-52.345605
-0.77526263	-0.69373445	0.49670359	0.85729679	-52.354156
-0.77526263	-0.69373445	0.49670359	0.85729679	-52.362705
-0.77526263	-0.69373445	0.49670359	0.85729679	-52.371254
-0.77526263	-0.69373445	0.49670359	0.85729679	-52.379801
-0.77526263	-0.69373445	0.49670359	0.85729679	-52.388348
-0.77526263	-0.69373445	0.49670359	0.85729679	-52.396894
-0.77526263	-0.69373445	0.49670359	0.85729679	-52.405438
-0.77526263	-0.69373445	0.49670359	0.85729679	-52.413982
-0.77526263	-0.69373445	0.49670359	0.85729679	-52.422524
-0.77526263	-0.69373445	0.49670359	0.85729679	-52.431066
-0.77526263	-0.69373445	0.49670359	0.85729679	-52.439606
-0.77526263	-0.69373445	0.49670359	0.85729679	-52.448146
-0.77526263	-0.69373445	0.49670359	0.85729679	-52.456684
-0.77526263	-0.69373445	0.49670359	0.85729679	-52.465222
-0.77526263	-0.69373445	0.49670359	0.85729679	-52.473758
-0.77526263	-0.69373445	0.49670359	0.85729679	-52.482294
-0.77526263	-0.69373445	0.49670359	0.85729679	-52.490828
-0.77526263	-0.69373445	0.49670359	0.85729679	-52.499362
-0.77526263	-0.69373445	0.49670359	0.85729679	-52.507894
-0.77526263	-0.69373445	0.49670359	0.85729679	-52.516426
-0.77526263	-0.69373445	0.49670359	0.85729679	-52.524956
-0.77526263	-0.69373445	0.49670359	0.85729679	-52.533486
-0.77526263	-0.69373445	0.49670359	0.85729679	-52.542014
-0.77526263	-0.69373445	0.49670359	0.85729679	-52.550541
-0.77526263	-0.69373445	0.49670359	0.85729679	-52.559068
-0.77526263	-0.69373445	0.49670359	0.85729679	-52.567593
-0.77526263	-0.69373445	0.49670359	0.85729679	-52.576117
-0.77526263	-0.69373445	0.49670359	0.85729679	-52.584641
-0.77526263	-0.69373445	0.49670359	0.85729679	-52.593163
-0.77526263	-0.69373445	0.49670359	0.85729679	-52.601684
-0.77526263	-0.69373445	0.49670359	0.85729679	-52.610204
-0.77526263	-0.69373445	0.49670359	0.85729679	-52.618723
-0.77526263	-0.69373445	0.49670359	0.85729679	-52.627242
-0.77526263	-0.69373445	0.49670359	0.85729679	-52.635759
-0.77526263	-0.69373445	0.49670359	0.85729679	-52.644275
-0.77526263	-0.69373445	0.49670359	0.85729679	-52.65279
-0.77526263	-0.69373445	0.49670359	0.85729679	-52.661304
-0.77526263	-0.69373445	0.49670359	0.85729679	-52.669817
-0.77526263	-0.69373445	0.49670359	0.85729679	-52.678329
-0.77526263	-0.69373445	0.49670359	0.85729679	-52.68684
-0.77526263	-0.69373445	0.49670359	0.85729679	-52.69535
-0.77526263	-0.69373445	0.49670359	0.85729679	-52.703859
-0.77526263	-0.69373445	0.49670359	0.85729679	-52.712367
-0.77526263	-0.69373445	0.49670359	0.85729679	-52.720874
-0.77526263	-0.69373445	0.49670359	0.85729679	-52.72938
-0.77526263	-0.69373445	0.49670359	0.85729679	-52.737885
-0.77526263	-0.69373445	0.49670359	0.85729679	-52.746388
-0.77526263	-0.69373445	0.49670359	0.85729679	-52.754891
-0.77526263	-0.69373445	0.49670359	0.85729679	-52.763393
-0.77526263	-0.69373445	0.49670359	0.85729679	-52.771894
-0.77526263	-0.69373445	0.49670359	0.85729679	-52.780393
-0.77526263	-0.69373445	0.49670359	0.85729679	-52.788892
-0.77526263	-0.69373445	0.49670359	0.85729679	-52.797389
-0.77526263	-0.69373445	0.49670359	0.85729679	-52.805886
-0.77526263	-0.69373445	0.49670359	0.85729679	-52.814382
-0.77526263	-0.69373445	0.49670359	0.85729679	-52.822876
-0.77526263	-0.69373445	0.49670359	0.85729679	-52.83137
-0.77526263	-0.69373445	0.49670359	0.85729679	-52.839862
-0.77526263	-0.69373445	0.49670359	0.85729679	-52.848353
-0.77526263	-0.69373445	0.49670359	0.85729679	-52.856844
-0.77526263	-0.69373445	0.49670359	0.85729679	-52.865333
-0.77526263	-0.69373445	0.49670359	0.85729679	-52.873821
-0.77526263	-0.69373445	0.49670359	0.85729679	-52.882308
-0.77526263	-0.69373445	0.49670359	0.85729679	-52.890795
-0.77526263	-0.69373445	0.49670359	0.85729679	-52.89928
-0.77526263	-0.69373445	0.49670359	0.85729679	-52.907764
-0.77526263	-0.69373445	0.49670359	0.85729679	-52.916247
-0.77526263	-0.69373445	0.49670359	0.85729679	-52.924729
-0.77526263	-0.69373445	0.49670359	0.85729679	-52.93321
-0.77526263	-0.69373445	0.49670359	0.85729679	-52.94169
-0.77526263	-0.69373445	0.49670359	0.85729679	-52.950169
-0.77526263	-0.69373445	0.49670359	0.85729679	-52.958647
-0.77526263	-0.69373445	0.49670359	0.85729679	-52.967123
-0.77526263	-0.69373445	0.49670359	0.85729679	-52.975599
-0.77526263	-0.69373445	0.49670359	0.85729679	-52.984074
-0.77526263	-0.69373445	0.49670359	0.85729679	-52.992548
-0.77526263	-0.69373445	0.49670359	0.85729679	-53.00102
-0.77526263	-0.69373445	0.49670359	0.85729679	-53.009492
-0.77526263	-0.69373445	0.49670359	0.85729679	-53.017962
-0.77526263	-0.69373445	0.49670359	0.85729679	-53.026432
-0.77526263	-0.69373445	0.49670359	0.85729679	-53.0349
-0.77526263	-0.69373445	0.49670359	0.85729679	-53.043367
-0.77526263	-0.69373445	0.49670359	0.85729679	-53.051834
-0.77526263	-0.69373445	0.49670359	0.85729679	-53.060299
-0.77526263	-0.69373445	0.49670359	0.85729679	-53.068763
-0.77526263	-0.69373445	0.49670359	0.85729679	-53.077226
-0.77526263	-0.69373445	0.49670359	0.85729679	-53.085689
-0.77526263	-0.69373445	0.49670359	0.85729679	-53.09415
-0.77526263	-0.69373445	0.49670359	0.85729679	-53.10261
-0.77526263	-0.69373445	0.49670359	0.85729679	-53.111069
-0.77526263	-0.69373445	0.49670359	0.85729679	-53.119526
-0.77526263	-0.69373445	0.49670359	0.85729679	-53.127983
-0.77526263	-0.69373445	0.49670359	0.85729679	-53.136439
-0.77526263	-0.69373445	0.49670359	0.85729679	-53.144894
-0.77526263	-0.69373445	0.49670359	0.85729679	-53.153347
-0.77526263	-0.69373445	0.49670359	0.85729679	-53.1618
-0.77526263	-0.69373445	0.49670359	0.85729679	-53.170252
-0.77526263	-0.69373445	0.49670359	0.85729679	-53.178702
-0.77526263	-0.69373445	0.49670359	0.85729679	-53.187151
-0.77526263	-0.69373445	0.49670359	0.85729679	-53.1956
-0.77526263	-0.69373445	0.49670359	0.85729679	-53.204047
-0.77526263	-0.69373445	0.49670359	0.85729679	-53.212493
-0.77526263	-0.69373445	0.49670359	0.85729679	-53.220939
-0.77526263	-0.69373445	0.49670359	0.85729679	-53.229383
-0.77526263	-0.69373445	0.49670359	0.85729679	-53.237826
-0.77526263	-0.69373445	0.49670359	0.85729679	-53.246268
-0.77526263	-0.69373445	0.49670359	0.85729679	-53.254709
-0.77526263	-0.69373445	0.49670359	0.85729679	-53.263148
-0.77526263	-0.69373445	0.49670359	0.85729679	-53.271587
-0.77526263	-0.69373445	0.49670359	0.85729679	-53.280025
-0.77526263	-0.69373445	0.49670359	0.85729679	-53.288462
-0.77526263	-0.69373445	0.49670359	0.85729679	-53.296897
-0.77526263	-0.69373445	0.49670359	0.85729679	-53.305332
-0.77526263	-0.69373445	0.49670359	0.85729679	-53.313765
-0.77526263	-0.69373445	0.49670359	0.85729679	-53.322198
-0.77526263	-0.69373445	0.49670359	0.85729679	-53.330629
-0.77526263	-0.69373445	0.49670359	0.85729679	-53.339059
-0.77526263	-0.69373445	0.49670359	0.85729679	-53.347488
-0.77526263	-0.69373445	0.49670359	0.85729679	-53.355916
-0.77526263	-0.69373445	0.49670359	0.85729679	-53.364343
-0.77526263	-0.69373445	0.49670359	0.85729679	-53.372769
-0.77526263	-0.69373445	0.49670359	0.85729679	-53.381194
-0.77526263	-0.69373445	0.49670359	0.85729679	-53.389618
-0.77526263	-0.69373445	0.49670359	0.85729679	-53.398041
-0.77526263	-0.69373445	0.49670359	0.85729679	-53.406463
-0.77526263	-0.69373445	0.49670359	0.85729679	-53.414883
-0.77526263	-0.69373445	0.49670359	0.85729679	-53.423303
-0.77526263	-0.69373445	0.49670359	0.85729679	-53.431721
-0.77526263	-0.69373445	0.49670359	0.85729679	-53.440138
-0.77526263	-0.69373445	0.49670359	0.85729679	-53.448555
-0.77526263	-0.69373445	0.49670359	0.85729679	-53.45697
-0.77526263	-0.69373445	0.49670359	0.85729679	-53.465384
-0.77526263	-0.69373445	0.49670359	0.85729679	-53.473797
-0.77526263	-0.69373445	0.49670359	0.85729679	-53.482209
-0.77526263	-0.69373445	0.49670359	0.85729679	-53.49062
-0.77526263	-0.69373445	0.49670359	0.85729679	-53.49903
-0.77526263	-0.69373445	0.49670359	0.85729679	-53.507439
-0.77526263	-0.69373445	0.49670359	0.85729679	-53.515846
-0.77526263	-0.69373445	0.49670359	0.85729679	-53.524253
-0.77526263	-0.69373445	0.49670359	0.85729679	-53.532658
-0.77526263	-0.69373445	0.49670359	0.85729679	-53.541063
-0.77526263	-0.69373445	0.49670359	0.85729679	-53.549466
-0.77526263	-0.69373445	0.49670359	0.85729679	-53.557868
-0.77526263	-0.69373445	0.49670359	0.85729679	-53.566269
-0.77526263	-0.69373445	0.49670359	0.85729679	-53.57467
-0.77526263	-0.69373445	0.49670359	0.85729679	-53.583069
-0.77526263	-0.69373445	0.49670359	0.85729679	-53.591466
-0.77526263	-0.69373445	0.49670359	0.85729679	-53.599863
-0.77526263	-0.69373445	0.49670359	0.85729679	-53.608259
-0.77526263	-0.69373445	0.49670359	0.85729679	-53.616654
-0.77526263	-0.69373445	0.49670359	0.85729679	-53.625047
-0.77526263	-0.69373445	0.49670359	0.85729679	-53.63344
-0.77526263	-0.69373445	0.49670359	0.85729679	-53.641831
-0.77526263	-0.69373445	0.49670359	0.85729679	-53.650221
-0.77526263	-0.69373445	0.49670359	0.85729679	-53.65861
-0.77526263	-0.69373445	0.49670359	0.85729679	-53.666998
-0.77526263	-0.69373445	0.49670359	0.85729679	-53.675385
-0.77526263	-0.69373445	0.49670359	0.85729679	-53.683771
-0.77526263	-0.69373445	0.49670359	0.85729679	-53.692156
-0.77526263	-0.69373445	0.49670359	0.85729679	-53.70054
-0.77526263	-0.69373445	0.49670359	0.85729679	-53.708923
-0.77526263	-0.69373445	0.49670359	0.85729679	-53.717304
-0.77526263	-0.69373445	0.49670359	0.85729679	-53.725685
-0.77526263	-0.69373445	0.49670359	0.85729679	-53.734064
-0.77526263	-0.69373445	0.49670359	0.85729679	-53.742442
-0.77526263	-0.69373445	0.49670359	0.85729679	-53.750819
-0.77526263	-0.69373445	0.49670359	0.85729679	-53.759195
-0.77526263	-0.69373445	0.49670359	0.85729679	-53.76757
-0.77526263	-0.69373445	0.49670359	0.85729679	-53.775944
-0.77526263	-0.69373445	0.49670359	0.85729679	-53.784317
-0.77526263	-0.69373445	0.49670359	0.85729679	-53.792689
-0.77526263	-0.69373445	0.49670359	0.85729679	-53.801059
-0.77526263	-0.69373445	0.49670359	0.85729679	-53.809429
-0.77526263	-0.69373445	0.49670359	0.85729679	-53.817797
-0.77526263	-0.69373445	0.49670359	0.85729679	-53.826164
-0.77526263	-0.69373445	0.49670359	0.85729679	-53.83453
-0.77526263	-0.69373445	0.49670359	0.85729679	-53.842895
-0.77526263	-0.69373445	0.49670359	0.85729679	-53.851259
-0.77526263	-0.69373445	0.49670359	0.85729679	-53.859622
-0.77526263	-0.69373445	0.49670359	0.85729679	-53.867984
-0.77526263	-0.69373445	0.49670359	0.85729679	-53.876344
-0.77526263	-0.69373445	0.49670359	0.85729679	-53.884704
-0.77526263	-0.69373445	0.49670359	0.85729679	-53.893062
-0.77526263	-0.69373445	0.49670359	0.85729679	-53.90142
-0.77526263	-0.69373445	0.49670359	0.85729679	-53.909776
-0.77526263	-0.69373445	0.49670359	0.85729679	-53.918131
-0.77526263	-0.69373445	0.49670359	0.85729679	-53.926485
-0.77526263	-0.69373445	0.49670359	0.85729679	-53.934838
-0.77526263	-0.69373445	0.49670359	0.85729679	-53.94319
-0.77526263	-0.69373445	0.49670359	0.85729679	-53.95154
-0.77526263	-0.69373445	0.49670359	0.85729679	-53.95989
-0.77526263	-0.69373445	0.49670359	0.85729679	-53.968238
-0.77526263	-0.69373445	0.49670359	0.85729679	-53.976586
-0.77526263	-0.69373445	0.49670359	0.85729679	-53.984932
-0.77526263	-0.69373445	0.49670359	0.85729679	-53.993277
-0.77526263	-0.69373445	0.49670359	0.85729679	-54.001621
-0.77526263	-0.69373445	0.49670359	0.85729679	-54.009964
-0.77526263	-0.69373445	0.49670359	0.85729679	-54.018305
-0.77526263	-0.69373445	0.49670359	0.85729679	-54.026646
-0.77526263	-0.69373445	0.49670359	0.85729679	-54.034986
-0.77526263	-0.69373445	0.49670359	0.85729679	-54.043324
-0.77526263	-0.69373445	0.49670359	0.85729679	-54.051661
-0.77526263	-0.69373445	0.49670359	0.85729679	-54.059998
-0.77526263	-0.69373445	0.49670359	0.85729679	-54.068333
-0.77526263	-0.69373445	0.49670359	0.85729679	-54.076667
-0.77526263	-0.69373445	0.49670359	0.85729679	-54.084999
-0.77526263	-0.69373445	0.49670359	0.85729679	-54.093331
-0.77526263	-0.69373445	0.49670359	0.85729679	-54.101662
-0.77526263	-0.69373445	0.49670359	0.85729679	-54.109991
-0.77526263	-0.69373445	0.49670359	0.85729679	-54.118319
-0.77526263	-0.69373445	0.49670359	0.85729679	-54.126647
-0.77526263	-0.69373445	0.49670359	0.85729679	-54.134973
-0.77526263	-0.69373445	0.49670359	0.85729679	-54.143298
-0.77526263	-0.69373445	0.49670359	0.85729679	-54.151622
-0.77526263	-0.69373445	0.49670359	0.85729679	-54.159944
-0.77526263	-0.69373445	0.49670359	0.85729679	-54.168266
-0.77526263	-0.69373445	0.49670359	0.85729679	-54.176586
-0.77526263	-0.69373445	0.49670359	0.85729679	-54.184906
-0.77526263	-0.69373445	0.49670359	0.85729679	-54.193224
-0.77526263	-0.69373445	0.49670359	0.85729679	-54.201541
-0.77526263	-0.69373445	0.49670359	0.85729679	-54.209857
-0.77526263	-0.69373445	0.49670359	0.85729679	-54.218172
-0.77526263	-0.69373445	0.49670359	0.85729679	-54.226486
-0.77526263	-0.69373445	0.49670359	0.85729679	-54.234798
-0.77526263	-0.69373445	0.49670359	0.85729679	-54.24311
-0.77526263	-0.69373445	0.49670359	0.85729679	-54.25142
-0.77526263	-0.69373445	0.49670359	0.85729679	-54.259729
-0.77526263	-0.69373445	0.49670359	0.85729679	-54.268037
-0.77526263	-0.69373445	0.49670359	0.85729679	-54.276344
-0.77526263	-0.69373445	0.49670359	0.85729679	-54.28465
-0.77526263	-0.69373445	0.49670359	0.85729679	-54.292955
-0.77526263	-0.69373445	0.49670359	0.85729679	-54.301258
-0.77526263	-0.69373445	0.49670359	0.85729679	-54.309561
-0.77526263	-0.69373445	0.49670359	0.85729679	-54.317862
-0.77526263	-0.69373445	0.49670359	0.85729679	-54.326162
-0.77526263	-0.69373445	0.49670359	0.85729679	-54.334461
-0.77526263	-0.69373445	0.49670359	0.85729679	-54.342759
-0.77526263	-0.69373445	0.49670359	0.85729679	-54.351056
-0.77526263	-0.69373445	0.49670359	0.85729679	-54.359351
-0.77526263	-0.69373445	0.49670359	0.85729679	-54.367646
-0.77526263	-0.69373445	0.49670359	0.85729679	-54.375939
-0.77526263	-0.69373445	0.49670359	0.85729679	-54.384231
-0.77526263	-0.69373445	0.49670359	0.85729679	-54.392522
-0.77526263	-0.69373445	0.49670359	0.85729679	-54.400812
-0.77526263	-0.69373445	0.49670359	0.85729679	-54.409101
-0.77526263	-0.69373445	0.49670359	0.85729679	-54.417389
-0.77526263	-0.69373445	0.49670359	0.85729679	-54.425675
-0.77526263	-0.69373445	0.49670359	0.85729679	-54.43396
-0.77526263	-0.69373445	0.49670359	0.85729679	-54.442245
-0.77526263	-0.69373445	0.49670359	0.85729679	-54.450528
-0.77526263	-0.69373445	0.49670359	0.85729679	-54.458809
-0.77526263	-0.69373445	0.49670359	0.85729679	-54.46709
-0.77526263	-0.69373445	0.49670359	0.85729679	-54.47537
-0.77526263	-0.69373445	0.49670359	0.85729679	-54.483648
-0.77526263	-0.69373445	0.49670359	0.85729679	-54.491926
-0.77526263	-0.69373445	0.49670359	0.85729679	-54.500202
-0.77526263	-0.69373445	0.49670359	0.85729679	-54.508477
-0.77526263	-0.69373445	0.49670359	0.85729679	-54.516751
-0.77526263	-0.69373445	0.49670359	0.85729679	-54.525024
-0.77526263	-0.69373445	0.49670359	0.85729679	-54.533295
-0.77526263	-0.69373445	0.49670359	0.85729679	-54.541566
-0.77526263	-0.69373445	0.49670359	0.85729679	-54.549835
-0.77526263	-0.69373445	0.49670359	0.85729679	-54.558103
-0.77526263	-0.69373445	0.49670359	0.85729679	-54.56637
-0.77526263	-0.69373445	0.49670359	0.85729679	-54.574636
-0.77526263	-0.69373445	0.49670359	0.85729679	-54.582901
-0.77526263	-0.69373445	0.49670359	0.85729679	-54.591164
-0.77526263	-0.69373445	0.49670359	0.85729679	-54.599427
-0.77526263	-0.69373445	0.49670359	0.85729679	-54.607688
-0.77526263	-0.69373445	0.49670359	0.85729679	-54.615948
-0.77526263	-0.69373445	0.49670359	0.85729679	-54.624207
-0.77526263	-0.69373445	0.49670359	0.85729679	-54.632465
-0.77526263	-0.69373445	0.49670359	0.85729679	-54.640721
-0.77526263	-0.69373445	0.49670359	0.85729679	-54.648977
-0.77526263	-0.69373445	0.49670359	0.85729679	-54.657231
-0.77526263	-0.69373445	0.49670359	0.85729679	-54.665484
-0.77526263	-0.69373445	0.49670359	0.85729679	-54.673736
-0.77526263	-0.69373445	0.49670359	0.85729679	-54.681987
-0.77526263	-0.69373445	0.49670359	0.85729679	-54.690237
-0.77526263	-0.69373445	0.49670359	0.85729679	-54.698485
-0.77526263	-0.69373445	0.49670359	0.85729679	-54.706733
-0.77526263	-0.69373445	0.49670359	0.85729679	-54.714979
-0.77526263	-0.69373445	0.49670359	0.85729679	-54.723224
-0.77526263	-0.69373445	0.49670359	0.85729679	-54.731468
-0.77526263	-0.69373445	0.49670359	0.85729679	-54.73971
-0.77526263	-0.69373445	0.49670359	0.85729679	-54.747952
-0.77526263	-0.69373445	0.49670359	0.85729679	-54.756192
-0.77526263	-0.69373445	0.49670359	0.85729679	-54.764432
-0.77526263	-0.69373445	0.49670359	0.85729679	-54.77267
-0.77526263	-0.69373445	0.49670359	0.85729679	-54.780907
-0.77526263	-0.69373445	0.49670359	0.85729679	-54.789142
-0.77526263	-0.69373445	0.49670359	0.85729679	-54.797377
-0.77526263	-0.69373445	0.49670359	0.85729679	-54.80561
-0.77526263	-0.69373445	0.49670359	0.85729679	-54.813843
-0.77526263	-0.69373445	0.49670359	0.85729679	-54.822074
-0.77526263	-0.69373445	0.49670359	0.85729679	-54.830304
-0.77526263	-0.69373445	0.49670359	0.85729679	-54.838532
-0.77526263	-0.69373445	0.49670359	0.85729679	-54.84676
-0.77526263	-0.69373445	0.49670359	0.85729679	-54.854986
-0.77526263	-0.69373445	0.49670359	0.85729679	-54.863212
-0.77526263	-0.69373445	0.49670359	0.85729679	-54.871436
-0.77526263	-0.69373445	0.49670359	0.85729679	-54.879659
-0.77526263	-0.69373445	0.49670359	0.85729679	-54.88788
-0.77526263	-0.69373445	0.49670359	0.85729679	-54.896101
-0.77526263	-0.69373445	0.49670359	0.85729679	-54.90432
-0.77526263	-0.69373445	0.49670359	0.85729679	-54.912538
-0.77526263	-0.69373445	0.49670359	0.85729679	-54.920756
-0.77526263	-0.69373445	0.49670359	0.85729679	-54.928971
-0.77526263	-0.69373445	0.49670359	0.85729679	-54.937186
-0.77526263	-0.69373445	0.49670359	0.85729679	-54.9454
-0.77526263	-0.69373445	0.49670359	0.85729679	-54.953612
-0.77526263	-0.69373445	0.49670359	0.85729679	-54.961823
-0.77526263	-0.69373445	0.49670359	0.85729679	-54.970033
-0.77526263	-0.69373445	0.49670359	0.85729679	-54.978242
-0.77526263	-0.69373445	0.49670359	0.85729679	-54.98645
-0.77526263	-0.69373445	0.49670359	0.85729679	-54.994656
-0.77526263	-0.69373445	0.49670359	0.85729679	-55.002861
-0.77526263	-0.69373445	0.49670359	0.85729679	-55.011065
-0.77526263	-0.69373445	0.49670359	0.85729679	-55.019268
-0.77526263	-0.69373445	0.49670359	0.85729679	-55.02747
-0.77526263	-0.69373445	0.49670359	0.85729679	-55.035671
-0.77526263	-0.69373445	0.49670359	0.85729679	-55.04387
-0.77526263	-0.69373445	0.49670359	0.85729679	-55.052068
-0.77526263	-0.69373445	0.49670359	0.85729679	-55.060265
-0.77526263	-0.69373445	0.49670359	0.85729679	-55.068461
-0.77526263	-0.69373445	0.49670359	0.85729679	-55.076656
-0.77526263	-0.69373445	0.49670359	0.85729679	-55.084849
-0.77526263	-0.69373445	0.49670359	0.85729679	-55.093041
-0.77526263	-0.69373445	0.49670359	0.85729679	-55.101233
-0.77526263	-0.69373445	0.49670359	0.85729679	-55.109422
-0.77526263	-0.69373445	0.49670359	0.85729679	-55.117611
-0.77526263	-0.69373445	0.49670359	0.85729679	-55.125799
-0.77526263	-0.69373445	0.49670359	0.85729679	-55.133985
-0.77526263	-0.69373445	0.49670359	0.85729679	-55.14217
-0.77526263	-0.69373445	0.49670359	0.85729679	-55.150354
-0.77526263	-0.69373445	0.49670359	0.85729679	-55.158537
-0.77526263	-0.69373445	0.49670359	0.85729679	-55.166719
-0.77526263	-0.69373445	0.49670359	0.85729679	-55.174899
-0.77526263	-0.69373445	0.49670359	0.85729679	-55.183078
-0.77526263	-0.69373445	0.49670359	0.85729679	-55.191256
-0.77526263	-0.69373445	0.49670359	0.85729679	-55.199433
-0.77526263	-0.69373445	0.49670359	0.85729679	-55.207609
-0.77526263	-0.69373445	0.49670359	0.85729679	-55.215783
-0.77526263	-0.69373445	0.49670359	0.85729679	-55.223956
-0.77526263	-0.69373445	0.49670359	0.85729679	-55.232128
-0.77526263	-0.69373445	0.49670359	0.85729679	-55.240299
-0.77526263	-0.69373445	0.49670359	0.85729679	-55.248469
-0.77526263	-0.69373445	0.49670359	0.85729679	-55.256638
-0.77526263	-0.69373445	0.49670359	0.85729679	-55.264805
-0.77526263	-0.69373445	0.49670359	0.85729679	-55.272971
-0.77526263	-0.69373445	0.49670359	0.85729679	-55.281136
-0.77526263	-0.69373445	0.49670359	0.85729679	-55.289299
-0.77526263	-0.69373445	0.49670359	0.85729679	-55.297462
-0.77526263	-0.69373445	0.49670359	0.85729679	-55.305623
-0.77526263	-0.69373445	0.49670359	0.85729679	-55.313783
-0.77526263	-0.69373445	0.49670359	0.85729679	-55.321942
-0.77526263	-0.69373445	0.49670359	0.85729679	-55.3301
-0.77526263	-0.69373445	0.49670359	0.85729679	-55.338257
-0.77526263	-0.69373445	0.49670359	0.85729679	-55.346412
-0.77526263	-0.69373445	0.49670359	0.85729679	-55.354566
-0.77526263	-0.69373445	0.49670359	0.85729679	-55.362719
-0.77526263	-0.69373445	0.49670359	0.85729679	-55.370871
-0.77526263	-0.69373445	0.49670359	0.85729679	-55.379021
-0.77526263	-0.69373445	0.49670359	0.85729679	-55.38717
-0.77526263	-0.69373445	0.49670359	0.85729679	-55.395318
-0.77526263	-0.69373445	0.49670359	0.85729679	-55.403465
-0.77526263	-0.69373445	0.49670359	0.85729679	-55.411611
-0.77526263	-0.69373445	0.49670359	0.85729679	-55.419755
-0.77526263	-0.69373445	0.49670359	0.85729679	-55.427899
-0.77526263	-0.69373445	0.49670359	0.85729679	-55.436041
-0.77526263	-0.69373445	0.49670359	0.85729679	-55.444182
-0.77526263	-0.69373445	0.49670359	0.85729679	-55.452321
-0.77526263	-0.69373445	0.49670359	0.85729679	-55.46046
-0.77526263	-0.69373445	0.49670359	0.85729679	-55.468597
-0.77526263	-0.69373445	0.49670359	0.85729679	-55.476733
-0.77526263	-0.69373445	0.49670359	0.85729679	-55.484868
-0.77526263	-0.69373445	0.49670359	0.85729679	-55.493001
-0.77526263	-0.69373445	0.49670359	0.85729679	-55.501134
-0.77526263	-0.69373445	0.49670359	0.85729679	-55.509265
-0.77526263	-0.69373445	0.49670359	0.85729679	-55.517395
-0.77526263	-0.69373445	0.49670359	0.85729679	-55.525524
-0.77526263	-0.69373445	0.49670359	0.85729679	-55.533651
-0.77526263	-0.69373445	0.49670359	0.85729679	-55.541778
-0.77526263	-0.69373445	0.49670359	0.85729679	-55.549903
-0.77526263	-0.69373445	0.49670359	0.85729679	-55.558027
-0.77526263	-0.69373445	0.49670359	0.85729679	-55.566149
-0.77526263	-0.69373445	0.49670359	0.85729679	-55.574271
-0.77526263	-0.69373445	0.49670359	0.85729679	-55.582391
-0.77526263	-0.69373445	0.49670359	0.85729679	-55.59051
-0.77526263	-0.69373445	0.49670359	0.85729679	-55.598628
-0.77526263	-0.69373445	0.49670359	0.85729679	-55.606745
-0.77526263	-0.69373445	0.49670359	0.85729679	-55.61486
-0.77526263	-0.69373445	0.49670359	0.85729679	-55.622974
-0.77526263	-0.69373445	0.49670359	0.85729679	-55.631087
-0.77526263	-0.69373445	0.49670359	0.85729679	-55.639199
-0.77526263	-0.69373445	0.49670359	0.85729679	-55.647309
-0.77526263	-0.69373445	0.49670359	0.85729679	-55.655419
-0.77526263	-0.69373445	0.49670359	0.85729679	-55.663527
-0.77526263	-0.69373445	0.49670359	0.85729679	-55.671634
-0.77526263	-0.69373445	0.49670359	0.85729679	-55.679739
-0.77526263	-0.69373445	0.49670359	0.85729679	-55.687844
-0.77526263	-0.69373445	0.49670359	0.85729679	-55.695947
-0.77526263	-0.69373445	0.49670359	0.85729679	-55.704049
-0.77526263	-0.69373445	0.49670359	0.85729679	-55.71215
-0.77526263	-0.69373445	0.49670359	0.85729679	-55.720249
-0.77526263	-0.69373445	0.49670359	0.85729679	-55.728347
-0.77526263	-0.69373445	0.49670359	0.85729679	-55.736444
-0.77526263	-0.69373445	0.49670359	0.85729679	-55.74454
-0.77526263	-0.69373445	0.49670359	0.85729679	-55.752635
-0.77526263	-0.69373445	0.49670359	0.85729679	-55.760728
-0.77526263	-0.69373445	0.49670359	0.85729679	-55.76882
-0.77526263	-0.69373445	0.49670359	0.85729679	-55.776911
-0.77526263	-0.69373445	0.49670359	0.85729679	-55.785001
-0.77526263	-0.69373445	0.49670359	0.85729679	-55.79309
-0.77526263	-0.69373445	0.49670359	0.85729679	-55.801177
-0.77526263	-0.69373445	0.49670359	0.85729679	-55.809263
-0.77526263	-0.69373445	0.49670359	0.85729679	-55.817348
-0.77526263	-0.69373445	0.49670359	0.85729679	-55.825431
-0.77526263	-0.69373445	0.49670359	0.85729679	-55.833513
-0.77526263	-0.69373445	0.49670359	0.85729679	-55.841595
-0.77526263	-0.69373445	0.49670359	0.85729679	-55.849674
-0.77526263	-0.69373445	0.49670359	0.85729679	-55.857753
-0.77526263	-0.69373445	0.49670359	0.85729679	-55.86583
-0.77526263	-0.69373445	0.49670359	0.85729679	-55.873907
-0.77526263	-0.69373445	0.49670359	0.85729679	-55.881981
-0.77526263	-0.69373445	0.49670359	0.85729679	-55.890055
-0.77526263	-0.69373445	0.49670359	0.85729679	-55.898128
-0.77526263	-0.69373445	0.49670359	0.85729679	-55.906199
-0.77526263	-0.69373445	0.49670359	0.85729679	-55.914269
-0.77526263	-0.69373445	0.49670359	0.85729679	-55.922338
-0.77526263	-0.69373445	0.49670359	0.85729679	-55.930405
-0.77526263	-0.69373445	0.49670359	0.85729679	-55.938471
-0.77526263	-0.69373445	0.49670359	0.85729679	-55.946536
-0.77526263	-0.69373445	0.49670359	0.85729679	-55.9546
-0.77526263	-0.69373445	0.49670359	0.85729679	-55.962663
-0.77526263	-0.69373445	0.49670359	0.85729679	-55.970724
-0.77526263	-0.69373445	0.49670359	0.85729679	-55.978784
-0.77526263	-0.69373445	0.49670359	0.85729679	-55.986843
-0.77526263	-0.69373445	0.49670359	0.85729679	-55.9949
-0.77526263	-0.69373445	0.49670359	0.85729679	-56.002957
-0.77526263	-0.69373445	0.49670359	0.85729679	-56.011012
-0.77526263	-0.69373445	0.49670359	0.85729679	-56.019066
-0.77526263	-0.69373445	0.49670359	0.85729679	-56.027118
-0.77526263	-0.69373445	0.49670359	0.85729679	-56.03517
-0.77526263	-0.69373445	0.49670359	0.85729679	-56.04322
-0.77526263	-0.69373445	0.49670359	0.85729679	-56.051269
-0.77526263	-0.69373445	0.49670359	0.85729679	-56.059316
-0.77526263	-0.69373445	0.49670359	0.85729679	-56.067363
-0.77526263	-0.69373445	0.49670359	0.85729679	-56.075408
-0.77526263	-0.69373445	0.49670359	0.85729679	-56.083452
-0.77526263	-0.69373445	0.49670359	0.85729679	-56.091494
-0.77526263	-0.69373445	0.49670359	0.85729679	-56.099536
-0.77526263	-0.69373445	0.49670359	0.85729679	-56.107576
-0.77526263	-0.69373445	0.49670359	0.85729679	-56.115615
-0.77526263	-0.69373445	0.49670359	0.85729679	-56.123652
-0.77526263	-0.69373445	0.49670359	0.85729679	-56.131689
-0.77526263	-0.69373445	0.49670359	0.85729679	-56.139724
-0.77526263	-0.69373445	0.49670359	0.85729679	-56.147758
-0.77526263	-0.69373445	0.49670359	0.85729679	-56.15579
-0.77526263	-0.69373445	0.49670359	0.85729679	-56.163822
-0.77526263	-0.69373445	0.49670359	0.85729679	-56.171852
-0.77526263	-0.69373445	0.49670359	0.85729679	-56.179881
-0.77526263	-0.69373445	0.49670359	0.85729679	-56.187908
-0.77526263	-0.69373445	0.49670359	0.85729679	-56.195935
-0.77526263	-0.69373445	0.49670359	0.85729679	-56.20396
-0.77526263	-0.69373445	0.49670359	0.85729679	-56.211983
-0.77526263	-0.69373445	0.49670359	0.85729679	-56.220006
-0.77526263	-0.69373445	0.49670359	0.85729679	-56.228027
-0.77526263	-0.69373445	0.49670359	0.85729679	-56.236047
-0.77526263	-0.69373445	0.49670359	0.85729679	-56.244066
-0.77526263	-0.69373445	0.49670359	0.85729679	-56.252084
-0.77526263	-0.69373445	0.49670359	0.85729679	-56.2601
-0.77526263	-0.69373445	0.49670359	0.85729679	-56.268115
-0.77526263	-0.69373445	0.49670359	0.85729679	-56.276129
-0.77526263	-0.69373445	0.49670359	0.85729679	-56.284141
-0.77526263	-0.69373445	0.49670359	0.85729679	-56.292153
-0.77526263	-0.69373445	0.49670359	0.85729679	-56.300163
-0.77526263	-0.69373445	0.49670359	0.85729679	-56.308171
-0.77526263	-0.69373445	0.49670359	0.85729679	-56.316179
-0.77526263	-0.69373445	0.49670359	0.85729679	-56.324185
-0.77526263	-0.69373445	0.49670359	0.85729679	-56.33219
-0.77526263	-0.69373445	0.49670359	0.85729679	-56.340194
-0.77526263	-0.69373445	0.49670359	0.85729679	-56.348196
-0.77526263	-0.69373445	0.49670359	0.85729679	-56.356197
-0.77526263	-0.69373445	0.49670359	0.85729679	-56.364197
-0.77526263	-0.69373445	0.49670359	0.85729679	-56.372196
-0.77526263	-0.69373445	0.49670359	0.85729679	-56.380193
-0.77526263	-0.69373445	0.49670359	0.85729679	-56.388189
-0.77526263	-0.69373445	0.49670359	0.85729679	-56.396184
-0.77526263	-0.69373445	0.49670359	0.85729679	-56.404178
-0.77526263	-0.69373445	0.49670359	0.85729679	-56.41217
-0.77526263	-0.69373445	0.49670359	0.85729679	-56.420161
-0.77526263	-0.69373445	0.49670359	0.85729679	-56.428151
-0.77526263	-0.69373445	0.49670359	0.85729679	-56.436139
-0.77526263	-0.69373445	0.49670359	0.85729679	-56.444126
-0.77526263	-0.69373445	0.49670359	0.85729679	-56.452112
-0.77526263	-0.69373445	0.49670359	0.85729679	-56.460097
-0.77526263	-0.69373445	0.49670359	0.85729679	-56.46808
-0.77526263	-0.69373445	0.49670359	0.85729679	-56.476062
-0.77526263	-0.69373445	0.49670359	0.85729679	-56.484043
-0.77526263	-0.69373445	0.49670359	0.85729679	-56.492023
-0.77526263	-0.69373445	0.49670359	0.85729679	-56.500001
-0.77526263	-0.69373445	0.49670359	0.85729679	-56.507978
-0.77526263	-0.69373445	0.49670359	0.85729679	-56.515954
-0.77526263	-0.69373445	0.49670359	0.85729679	-56.523928
-0.77526263	-0.69373445	0.49670359	0.85729679	-56.531902
-0.77526263	-0.69373445	0.49670359	0.85729679	-56.539873
-0.77526263	-0.69373445	0.49670359	0.85729679	-56.547844
-0.77526263	-0.69373445	0.49670359	0.85729679	-56.555813
-0.77526263	-0.69373445	0.49670359	0.85729679	-56.563782
-0.77526263	-0.69373445	0.49670359	0.85729679	-56.571748
-0.77526263	-0.69373445	0.49670359	0.85729679	-56.579714
-0.77526263	-0.69373445	0.49670359	0.85729679	-56.587678
-0.77526263	-0.69373445	0.49670359	0.85729679	-56.595641
-0.77526263	-0.69373445	0.49670359	0.85729679	-56.603603
-0.77526263	-0.69373445	0.49670359	0.85729679	-56.611563
-0.77526263	-0.69373445	0.49670359	0.85729679	-56.619522
-0.77526263	-0.69373445	0.49670359	0.85729679	-56.62748
-0.77526263	-0.69373445	0.49670359	0.85729679	-56.635437
-0.77526263	-0.69373445	0.49670359	0.85729679	-56.643392
-0.77526263	-0.69373445	0.49670359	0.85729679	-56.651346
-0.77526263	-0.69373445	0.49670359	0.85729679	-56.659299
-0.77526263	-0.69373445	0.49670359	0.85729679	-56.66725
-0.77526263	-0.69373445	0.49670359	0.85729679	-56.6752
-0.77526263	-0.69373445	0.49670359	0.85729679	-56.683149
-0.77526263	-0.69373445	0.49670359	0.85729679	-56.691097
-0.77526263	-0.69373445	0.49670359	0.85729679	-56.699043
-0.77526263	-0.69373445	0.49670359	0.85729679	-56.706988
-0.77526263	-0.69373445	0.49670359	0.85729679	-56.714932
-0.77526263	-0.69373445	0.49670359	0.85729679	-56.722874
-0.77526263	-0.69373445	0.49670359	0.85729679	-56.730815
-0.77526263	-0.69373445	0.49670359	0.85729679	-56.738755
-0.77526263	-0.69373445	0.49670359	0.85729679	-56.746694
-0.77526263	-0.69373445	0.49670359	0.85729679	-56.754631
-0.77526263	-0.69373445	0.49670359	0.85729679	-56.762567
-0.77526263	-0.69373445	0.49670359	0.85729679	-56.770501
-0.77526263	-0.69373445	0.49670359	0.85729679	-56.778435
-0.77526263	-0.69373445	0.49670359	0.85729679	-56.786367
-0.77526263	-0.69373445	0.49670359	0.85729679	-56.794298
-0.77526263	-0.69373445	0.49670359	0.85729679	-56.802227
-0.77526263	-0.69373445	0.49670359	0.85729679	-56.810155
-0.77526263	-0.69373445	0.49670359	0.85729679	-56.818082
-0.77526263	-0.69373445	0.49670359	0.85729679	-56.826008
-0.77526263	-0.69373445	0.49670359	0.85729679	-56.833932
-0.77526263	-0.69373445	0.49670359	0.85729679	-56.841855
-0.77526263	-0.69373445	0.49670359	0.85729679	-56.849777
-0.77526263	-0.69373445	0.49670359	0.85729679	-56.857697
-0.77526263	-0.69373445	0.49670359	0.85729679	-56.865617
-0.77526263	-0.69373445	0.49670359	0.85729679	-56.873534
-0.77526263	-0.69373445	0.49670359	0.85729679	-56.881451
-0.77526263	-0.69373445	0.49670359	0.85729679	-56.889366
-0.77526263	-0.69373445	0.49670359	0.85729679	-56.89728
-0.77526263	-0.69373445	0.49670359	0.85729679	-56.905193
-0.77526263	-0.69373445	0.49670359	0.85729679	-56.913104
-0.77526263	-0.69373445	0.49670359	0.85729679	-56.921014
-0.77526263	-0.69373445	0.49670359	0.85729679	-56.928923
-0.77526263	-0.69373445	0.49670359	0.85729679	-56.93683
-0.77526263	-0.69373445	0.49670359	0.85729679	-56.944737
-0.77526263	-0.69373445	0.49670359	0.85729679	-56.952641
-0.77526263	-0.69373445	0.49670359	0.85729679	-56.960545
-0.77526263	-0.69373445	0.49670359	0.85729679	-56.968447
-0.77526263	-0.69373445	0.49670359	0.85729679	-56.976348
-0.77526263	-0.69373445	0.49670359	0.85729679	-56.984248
-0.77526263	-0.69373445	0.49670359	0.85729679	-56.992146
-0.77526263	-0.69373445	0.49670359	0.85729679	-57.000043
-0.77526263	-0.69373445	0.49670359	0.85729679	-57.007939
-0.77526263	-0.69373445	0.49670359	0.85729679	-57.015833
-0.77526263	-0.69373445	0.49670359	0.85729679	-57.023726
-0.77526263	-0.69373445	0.49670359	0.85729679	-57.031618
-0.77526263	-0.69373445	0.49670359	0.85729679	-57.039508
-0.77526263	-0.69373445	0.49670359	0.85729679	-57.047398
-0.77526263	-0.69373445	0.49670359	0.85729679	-57.055286
-0.77526263	-0.69373445	0.49670359	0.85729679	-57.063172
-0.77526263	-0.69373445	0.49670359	0.85729679	-57.071057
-0.77526263	-0.69373445	0.49670359	0.85729679	-57.078941
-0.77526263	-0.69373445	0.49670359	0.85729679	-57.086824
-0.77526263	-0.69373445	0.49670359	0.85729679	-57.094705
-0.77526263	-0.69373445	0.49670359	0.85729679	-57.102585
-0.77526263	-0.69373445	0.49670359	0.85729679	-57.110464
-0.77526263	-0.69373445	0.49670359	0.85729679	-57.118341
-0.77526263	-0.69373445	0.49670359	0.85729679	-57.126217
-0.77526263	-0.69373445	0.49670359	0.85729679	-57.134092
-0.77526263	-0.69373445	0.49670359	0.85729679	-57.141965
-0.77526263	-0.69373445	0.49670359	0.85729679	-57.149838
-0.77526263	-0.69373445	0.49670359	0.85729679	-57.157708
-0.77526263	-0.69373445	0.49670359	0.85729679	-57.165578
-0.77526263	-0.69373445	0.49670359	0.85729679	-57.173446
-0.77526263	-0.69373445	0.49670359	0.85729679	-57.181313
-0.77526263	-0.69373445	0.49670359	0.85729679	-57.189178
-0.77526263	-0.69373445	0.49670359	0.85729679	-57.197043
-0.77526263	-0.69373445	0.49670359	0.85729679	-57.204905
-0.77526263	-0.69373445	0.49670359	0.85729679	-57.212767
-0.77526263	-0.69373445	0.49670359	0.85729679	-57.220627
-0.77526263	-0.69373445	0.49670359	0.85729679	-57.228486
-0.77526263	-0.69373445	0.49670359	0.85729679	-57.236344
-0.77526263	-0.69373445	0.49670359	0.85729679	-57.2442
-0.77526263	-0.69373445	0.49670359	0.85729679	-57.252055
-0.77526263	-0.69373445	0.49670359	0.85729679	-57.259909
-0.77526263	-0.69373445	0.49670359	0.85729679	-57.267761
-0.77526263	-0.69373445	0.49670359	0.85729679	-57.275612
-0.77526263	-0.69373445	0.49670359	0.85729679	-57.283462
-0.77526263	-0.69373445	0.49670359	0.85729679	-57.29131
-0.77526263	-0.69373445	0.49670359	0.85729679	-57.299157
-0.77526263	-0.69373445	0.49670359	0.85729679	-57.307003
-0.77526263	-0.69373445	0.49670359	0.85729679	-57.314847
-0.77526263	-0.69373445	0.49670359	0.85729679	-57.32269
-0.77526263	-0.69373445	0.49670359	0.85729679	-57.330532
-0.77526263	-0.69373445	0.49670359	0.85729679	-57.338372
-0.77526263	-0.69373445	0.49670359	0.85729679	-57.346212
-0.77526263	-0.69373445	0.49670359	0.85729679	-57.354049
-0.77526263	-0.69373445	0.49670359	0.85729679	-57.361886
-0.77526263	-0.69373445	0.49670359	0.85729679	-57.369721
-0.77526263	-0.69373445	0.49670359	0.85729679	-57.377555
-0.77526263	-0.69373445	0.49670359	0.85729679	-57.385387
-0.77526263	-0.69373445	0.49670359	0.85729679	-57.393218
-0.77526263	-0.69373445	0.49670359	0.85729679	-57.401048
-0.77526263	-0.69373445	0.49670359	0.85729679	-57.408876
-0.77526263	-0.69373445	0.49670359	0.85729679	-57.416703
-0.77526263	-0.69373445	0.49670359	0.85729679	-57.424529
-0.77526263	-0.69373445	0.49670359	0.85729679	-57.432354
-0.77526263	-0.69373445	0.49670359	0.85729679	-57.440177
-0.77526263	-0.69373445	0.49670359	0.85729679	-57.447998
-0.77526263	-0.69373445	0.49670359	0.85729679	-57.455819
-0.77526263	-0.69373445	0.49670359	0.85729679	-57.463638
-0.77526263	-0.69373445	0.49670359	0.85729679	-57.471456
-0.77526263	-0.69373445	0.49670359	0.85729679	-57.479272
-0.77526263	-0.69373445	0.49670359	0.85729679	-57.487087
-0.77526263	-0.69373445	0.49670359	0.85729679	-57.494901
-0.77526263	-0.69373445	0.49670359	0.85729679	-57.502714
-0.77526263	-0.69373445	0.49670359	0.85729679	-57.510525
-0.77526263	-0.69373445	0.49670359	0.85729679	-57.518334
-0.77526263	-0.69373445	0.49670359	0.85729679	-57.526143
-0.77526263	-0.69373445	0.49670359	0.85729679	-57.53395
-0.77526263	-0.69373445	0.49670359	0.85729679	-57.541756
-0.77526263	-0.69373445	0.49670359	0.85729679	-57.54956
-0.77526263	-0.69373445	0.49670359	0.85729679	-57.557363
-0.77526263	-0.69373445	0.49670359	0.85729679	-57.565165
-0.77526263	-0.69373445	0.49670359	0.85729679	-57.572965
-0.77526263	-0.69373445	0.49670359	0.85729679	-57.580764
-0.77526263	-0.69373445	0.49670359	0.85729679	-57.588562
-0.77526263	-0.69373445	0.49670359	0.85729679	-57.596358
-0.77526263	-0.69373445	0.49670359	0.85729679	-57.604153
-0.77526263	-0.69373445	0.49670359	0.85729679	-57.611947
-0.77526263	-0.69373445	0.49670359	0.85729679	-57.619739
-0.77526263	-0.69373445	0.49670359	0.85729679	-57.62753
-0.77526263	-0.69373445	0.49670359	0.85729679	-57.63532
-0.77526263	-0.69373445	0.49670359	0.85729679	-57.643108
-0.77526263	-0.69373445	0.49670359	0.85729679	-57.650895
-0.77526263	-0.69373445	0.49670359	0.85729679	-57.658681
-0.77526263	-0.69373445	0.49670359	0.85729679	-57.666465
-0.77526263	-0.69373445	0.49670359	0.85729679	-57.674248
-0.77526263	-0.69373445	0.49670359	0.85729679	-57.682029
-0.77526263	-0.69373445	0.49670359	0.85729679	-57.68981
-0.77526263	-0.69373445	0.49670359	0.85729679	-57.697588
-0.77526263	-0.69373445	0.49670359	0.85729679	-57.705366
-0.77526263	-0.69373445	0.49670359	0.85729679	-57.713142
-0.77526263	-0.69373445	0.49670359	0.85729679	-57.720917
-0.77526263	-0.69373445	0.49670359	0.85729679	-57.72869
-0.77526263	-0.69373445	0.49670359	0.85729679	-57.736462
-0.77526263	-0.69373445	0.49670359	0.85729679	-57.744233
-0.77526263	-0.69373445	0.49670359	0.85729679	-57.752002
-0.77526263	-0.69373445	0.49670359	0.85729679	-57.759771
-0.77526263	-0.69373445	0.49670359	0.85729679	-57.767537
-0.77526263	-0.69373445	0.49670359	0.85729679	-57.775303
-0.77526263	-0.69373445	0.49670359	0.85729679	-57.783067
-0.77526263	-0.69373445	0.49670359	0.85729679	-57.790829
-0.77526263	-0.69373445	0.49670359	0.85729679	-57.79859
-0.77526263	-0.69373445	0.49670359	0.85729679	-57.80635
-0.77526263	-0.69373445	0.49670359	0.85729679	-57.814109
-0.77526263	-0.69373445	0.49670359	0.85729679	-57.821866
-0.77526263	-0.69373445	0.49670359	0.85729679	-57.829622
-0.77526263	-0.69373445	0.49670359	0.85729679	-57.837376
-0.77526263	-0.69373445	0.49670359	0.85729679	-57.84513
-0.77526263	-0.69373445	0.49670359	0.85729679	-57.852881
-0.77526263	-0.69373445	0.49670359	0.85729679	-57.860632
-0.77526263	-0.69373445	0.49670359	0.85729679	-57.868381
-0.77526263	-0.69373445	0.49670359	0.85729679	-57.876128
-0.77526263	-0.69373445	0.49670359	0.85729679	-57.883875
-0.77526263	-0.69373445	0.49670359	0.85729679	-57.89162
-0.77526263	-0.69373445	0.49670359	0.85729679	-57.899363
-0.77526263	-0.69373445	0.49670359	0.85729679	-57.907106
-0.77526263	-0.69373445	0.49670359	0.85729679	-57.914846
-0.77526263	-0.69373445	0.49670359	0.85729679	-57.922586
-0.77526263	-0.69373445	0.49670359	0.85729679	-57.930324
-0.77526263	-0.69373445	0.49670359	0.85729679	-57.938061
-0.77526263	-0.69373445	0.49670359	0.85729679	-57.945796
-0.77526263	-0.69373445	0.49670359	0.85729679	-57.95353
-0.77526263	-0.69373445	0.49670359	0.85729679	-57.961263
-0.77526263	-0.69373445	0.49670359	0.85729679	-57.968994
-0.77526263	-0.69373445	0.49670359	0.85729679	-57.976724
-0.77526263	-0.69373445	0.49670359	0.85729679	-57.984453
-0.77526263	-0.69373445	0.49670359	0.85729679	-57.99218
-0.77526263	-0.69373445	0.49670359	0.85729679	-57.999906
-0.77526263	-0.69373445	0.49670359	0.85729679	-58.007631
-0.77526263	-0.69373445	0.49670359	0.85729679	-58.015354
-0.77526263	-0.69373445	0.49670359	0.85729679	-58.023075
-0.77526263	-0.69373445	0.49670359	0.85729679	-58.030796
-0.77526263	-0.69373445	0.49670359	0.85729679	-58.038515
-0.77526263	-0.69373445	0.49670359	0.85729679	-58.046232
-0.77526263	-0.69373445	0.49670359	0.85729679	-58.053949
-0.77526263	-0.69373445	0.49670359	0.85729679	-58.061664
-0.77526263	-0.69373445	0.49670359	0.85729679	-58.069377
-0.77526263	-0.69373445	0.49670359	0.85729679	-58.077089
-0.77526263	-0.69373445	0.49670359	0.85729679	-58.0848
-0.77526263	-0.69373445	0.49670359	0.85729679	-58.092509
-0.77526263	-0.69373445	0.49670359	0.85729679	-58.100218
-0.77526263	-0.69373445	0.49670359	0.85729679	-58.107924
-0.77526263	-0.69373445	0.49670359	0.85729679	-58.115629
-0.77526263	-0.69373445	0.49670359	0.85729679	-58.123333
-0.77526263	-0.69373445	0.49670359	0.85729679	-58.131036
-0.77526263	-0.69373445	0.49670359	0.85729679	-58.138737
-0.77526263	-0.69373445	0.49670359	0.85729679	-58.146437
-0.77526263	-0.69373445	0.49670359	0.85729679	-58.154135
-0.77526263	-0.69373445	0.49670359	0.85729679	-58.161832
-0.77526263	-0.69373445	0.49670359	0.85729679	-58.169528
-0.77526263	-0.69373445	0.49670359	0.85729679	-58.177222
-0.77526263	-0.69373445	0.49670359	0.85729679	-58.184915
-0.77526263	-0.69373445	0.49670359	0.85729679	-58.192607
-0.77526263	-0.69373445	0.49670359	0.85729679	-58.200297
-0.77526263	-0.69373445	0.49670359	0.85729679	-58.207985
-0.77526263	-0.69373445	0.49670359	0.85729679	-58.215673
-0.77526263	-0.69373445	0.49670359	0.85729679	-58.223359
-0.77526263	-0.69373445	0.49670359	0.85729679	-58.231043
-0.77526263	-0.69373445	0.49670359	0.85729679	-58.238727
-0.77526263	-0.69373445	0.49670359	0.85729679	-58.246409
-0.77526263	-0.69373445	0.49670359	0.85729679	-58.254089
-0.77526263	-0.69373445	0.49670359	0.85729679	-58.261768
-0.77526263	-0.69373445	0.49670359	0.85729679	-58.269446
-0.77526263	-0.69373445	0.49670359	0.85729679	-58.277122
-0.77526263	-0.69373445	0.49670359	0.85729679	-58.284797
-0.77526263	-0.69373445	0.49670359	0.85729679	-58.292471
-0.77526263	-0.69373445	0.49670359	0.85729679	-58.300143
-0.77526263	-0.69373445	0.49670359	0.85729679	-58.307813
-0.77526263	-0.69373445	0.49670359	0.85729679	-58.315483
-0.77526263	-0.69373445	0.49670359	0.85729679	-58.323151
-0.77526263	-0.69373445	0.49670359	0.85729679	-58.330817
-0.77526263	-0.69373445	0.49670359	0.85729679	-58.338483
-0.77526263	-0.69373445	0.49670359	0.85729679	-58.346146
-0.77526263	-0.69373445	0.49670359	0.85729679	-58.353809
-0.77526263	-0.69373445	0.49670359	0.85729679	-58.36147
-0.77526263	-0.69373445	0.49670359	0.85729679	-58.36913
-0.77526263	-0.69373445	0.49670359	0.85729679	-58.376788
-0.77526263	-0.69373445	0.49670359	0.85729679	-58.384445
-0.77526263	-0.69373445	0.49670359	0.85729679	-58.3921
-0.77526263	-0.69373445	0.49670359	0.85729679	-58.399754
-0.77526263	-0.69373445	0.49670359	0.85729679	-58.407407
-0.77526263	-0.69373445	0.49670359	0.85729679	-58.415058
-0.77526263	-0.69373445	0.49670359	0.85729679	-58.422708
-0.77526263	-0.69373445	0.49670359	0.85729679	-58.430357
-0.77526263	-0.69373445	0.49670359	0.85729679	-58.438004
-0.77526263	-0.69373445	0.49670359	0.85729679	-58.44565
-0.77526263	-0.69373445	0.49670359	0.85729679	-58.453294
-0.77526263	-0.69373445	0.49670359	0.85729679	-58.460937
-0.77526263	-0.69373445	0.49670359	0.85729679	-58.468578
-0.77526263	-0.69373445	0.49670359	0.85729679	-58.476218
-0.77526263	-0.69373445	0.49670359	0.85729679	-58.483857
-0.77526263	-0.69373445	0.49670359	0.85729679	-58.491495
-0.77526263	-0.69373445	0.49670359	0.85729679	-58.49913
-0.77526263	-0.69373445	0.49670359	0.85729679	-58.506765
-0.77526263	-0.69373445	0.49670359	0.85729679	-58.514398
-0.77526263	-0.69373445	0.49670359	0.85729679	-58.52203
-0.77526263	-0.69373445	0.49670359	0.85729679	-58.52966
-0.77526263	-0.69373445	0.49670359	0.85729679	-58.537289
-0.77526263	-0.69373445	0.49670359	0.85729679	-58.544917
-0.77526263	-0.69373445	0.49670359	0.85729679	-58.552543
-0.77526263	-0.69373445	0.49670359	0.85729679	-58.560168
-0.77526263	-0.69373445	0.49670359	0.85729679	-58.567791
-0.77526263	-0.69373445	0.49670359	0.85729679	-58.575413
-0.77526263	-0.69373445	0.49670359	0.85729679	-58.583033
-0.77526263	-0.69373445	0.49670359	0.85729679	-58.590653
-0.77526263	-0.69373445	0.49670359	0.85729679	-58.59827
-0.77526263	-0.69373445	0.49670359	0.85729679	-58.605887
-0.77526263	-0.69373445	0.49670359	0.85729679	-58.613502
-0.77526263	-0.69373445	0.49670359	0.85729679	-58.621115
-0.77526263	-0.69373445	0.49670359	0.85729679	-58.628727
-0.77526263	-0.69373445	0.49670359	0.85729679	-58.636338
-0.77526263	-0.69373445	0.49670359	0.85729679	-58.643947
-0.77526263	-0.69373445	0.49670359	0.85729679	-58.651555
-0.77526263	-0.69373445	0.49670359	0.85729679	-58.659161
-0.77526263	-0.69373445	0.49670359	0.85729679	-58.666767
-0.77526263	-0.69373445	0.49670359	0.85729679	-58.67437
-0.77526263	-0.69373445	0.49670359	0.85729679	-58.681972
-0.77526263	-0.69373445	0.49670359	0.85729679	-58.689573
-0.77526263	-0.69373445	0.49670359	0.85729679	-58.697173
-0.77526263	-0.69373445	0.49670359	0.85729679	-58.704771
-0.77526263	-0.69373445	0.49670359	0.85729679	-58.712367
-0.77526263	-0.69373445	0.49670359	0.85729679	-58.719963
-0.77526263	-0.69373445	0.49670359	0.85729679	-58.727556
-0.77526263	-0.69373445	0.49670359	0.85729679	-58.735149
-0.77526263	-0.69373445	0.49670359	0.85729679	-58.74274
-0.77526263	-0.69373445	0.49670359	0.85729679	-58.750329
-0.77526263	-0.69373445	0.49670359	0.85729679	-58.757917
-0.77526263	-0.69373445	0.49670359	0.85729679	-58.765504
-0.77526263	-0.69373445	0.49670359	0.85729679	-58.773089
-0.77526263	-0.69373445	0.49670359	0.85729679	-58.780673
-0.77526263	-0.69373445	0.49670359	0.85729679	-58.788256
-0.77526263	-0.69373445	0.49670359	0.85729679	-58.795837
-0.77526263	-0.69373445	0.49670359	0.85729679	-58.803416
-0.77526263	-0.69373445	0.49670359	0.85729679	-58.810995
-0.77526263	-0.69373445	0.49670359	0.85729679	-58.818571
-0.77526263	-0.69373445	0.49670359	0.85729679	-58.826147
-0.77526263	-0.69373445	0.49670359	0.85729679	-58.833721
-0.77526263	-0.69373445	0.49670359	0.85729679	-58.841293
-0.77526263	-0.69373445	0.49670359	0.85729679	-58.848864
-0.77526263	-0.69373445	0.49670359	0.85729679	-58.856434
-0.77526263	-0.69373445	0.49670359	0.85729679	-58.864002
-0.77526263	-0.69373445	0.49670359	0.85729679	-58.871569
-0.77526263	-0.69373445	0.49670359	0.85729679	-58.879135
-0.77526263	-0.69373445	0.49670359	0.85729679	-58.886699
-0.77526263	-0.69373445	0.49670359	0.85729679	-58.894261
-0.77526263	-0.69373445	0.49670359	0.85729679	-58.901822
-0.77526263	-0.69373445	0.49670359	0.85729679	-58.909382
-0.77526263	-0.69373445	0.49670359	0.85729679	-58.916941
-0.77526263	-0.69373445	0.49670359	0.85729679	-58.924497
-0.77526263	-0.69373445	0.49670359	0.85729679	-58.932053
-0.77526263	-0.69373445	0.49670359	0.85729679	-58.939607
-0.77526263	-0.69373445	0.49670359	0.85729679	-58.94716
-0.77526263	-0.69373445	0.49670359	0.85729679	-58.954711
-0.77526263	-0.69373445	0.49670359	0.85729679	-58.962261
-0.77526263	-0.69373445	0.49670359	0.85729679	-58.969809
-0.77526263	-0.69373445	0.49670359	0.85729679	-58.977356
-0.77526263	-0.69373445	0.49670359	0.85729679	-58.984901
-0.77526263	-0.69373445	0.49670359	0.85729679	-58.992445
-0.77526263	-0.69373445	0.49670359	0.85729679	-58.999988
-0.77526263	-0.69373445	0.49670359	0.85729679	-59.007529
-0.77526263	-0.69373445	0.49670359	0.85729679	-59.015069
-0.77526263	-0.69373445	0.49670359	0.85729679	-59.022607
-0.77526263	-0.69373445	0.49670359	0.85729679	-59.030144
-0.77526263	-0.69373445	0.49670359	0.85729679	-59.03768
-0.77526263	-0.69373445	0.49670359	0.85729679	-59.045214
-0.77526263	-0.69373445	0.49670359	0.85729679	-59.052746
-0.77526263	-0.69373445	0.49670359	0.85729679	-59.060278
-0.77526263	-0.69373445	0.49670359	0.85729679	-59.067807
-0.77526263	-0.69373445	0.49670359	0.85729679	-59.075336
-0.77526263	-0.69373445	0.49670359	0.85729679	-59.082863
-0.77526263	-0.69373445	0.49670359	0.85729679	-59.090388
-0.77526263	-0.69373445	0.49670359	0.85729679	-59.097912
-0.77526263	-0.69373445	0.49670359	0.85729679	-59.105435
-0.77526263	-0.69373445	0.49670359	0.85729679	-59.112956
-0.77526263	-0.69373445	0.49670359	0.85729679	-59.120476
-0.77526263	-0.69373445	0.49670359	0.85729679	-59.127994
-0.77526263	-0.69373445	0.49670359	0.85729679	-59.135511
-0.77526263	-0.69373445	0.49670359	0.85729679	-59.143026
-0.77526263	-0.69373445	0.49670359	0.85729679	-59.15054
-0.77526263	-0.69373445	0.49670359	0.85729679	-59.158053
-0.77526263	-0.69373445	0.49670359	0.85729679	-59.165564
-0.77526263	-0.69373445	0.49670359	0.85729679	-59.173073
-0.77526263	-0.69373445	0.49670359	0.85729679	-59.180582
-0.77526263	-0.69373445	0.49670359	0.85729679	-59.188088
-0.77526263	-0.69373445	0.49670359	0.85729679	-59.195594
-0.77526263	-0.69373445	0.49670359	0.85729679	-59.203098
-0.77526263	-0.69373445	0.49670359	0.85729679	-59.2106
-0.77526263	-0.69373445	0.49670359	0.85729679	-59.218101
-0.77526263	-0.69373445	0.49670359	0.85729679	-59.225601
-0.77526263	-0.69373445	0.49670359	0.85729679	-59.233099
-0.77526263	-0.69373445	0.49670359	0.85729679	-59.240595
-0.77526263	-0.69373445	0.49670359	0.85729679	-59.248091
-0.77526263	-0.69373445	0.49670359	0.85729679	-59.255585
-0.77526263	-0.69373445	0.49670359	0.85729679	-59.263077
-0.77526263	-0.69373445	0.49670359	0.85729679	-59.270568
-0.77526263	-0.69373445	0.49670359	0.85729679	-59.278057
-0.77526263	-0.69373445	0.49670359	0.85729679	-59.285545
-0.77526263	-0.69373445	0.49670359	0.85729679	-59.293032
-0.77526263	-0.69373445	0.49670359	0.85729679	-59.300517
-0.77526263	-0.69373445	0.49670359	0.85729679	-59.308001
-0.77526263	-0.69373445	0.49670359	0.85729679	-59.315483
-0.77526263	-0.69373445	0.49670359	0.85729679	-59.322964
-0.77526263	-0.69373445	0.49670359	0.85729679	-59.330443
-0.77526263	-0.69373445	0.49670359	0.85729679	-59.337921
-0.77526263	-0.69373445	0.49670359	0.85729679	-59.345397
-0.77526263	-0.69373445	0.49670359	0.85729679	-59.352872
-0.77526263	-0.69373445	0.49670359	0.85729679	-59.360346
-0.77526263	-0.69373445	0.49670359	0.85729679	-59.367818
-0.77526263	-0.69373445	0.49670359	0.85729679	-59.375289
-0.77526263	-0.69373445	0.49670359	0.85729679	-59.382758
-0.77526263	-0.69373445	0.49670359	0.85729679	-59.390225
-0.77526263	-0.69373445	0.49670359	0.85729679	-59.397692
-0.77526263	-0.69373445	0.49670359	0.85729679	-59.405157
-0.77526263	-0.69373445	0.49670359	0.85729679	-59.41262
-0.77526263	-0.69373445	0.49670359	0.85729679	-59.420082
-0.77526263	-0.69373445	0.49670359	0.85729679	-59.427542
-0.77526263	-0.69373445	0.49670359	0.85729679	-59.435001
-0.77526263	-0.69373445	0.49670359	0.85729679	-59.442459
-0.77526263	-0.69373445	0.49670359	0.85729679	-59.449915
-0.77526263	-0.69373445	0.49670359	0.85729679	-59.45737
-0.77526263	-0.69373445	0.49670359	0.85729679	-59.464823
-0.77526263	-0.69373445	0.49670359	0.85729679	-59.472274
-0.77526263	-0.69373445	0.49670359	0.85729679	-59.479725
-0.77526263	-0.69373445	0.49670359	0.85729679	-59.487174
-0.77526263	-0.69373445	0.49670359	0.85729679	-59.494621
-0.77526263	-0.69373445	0.49670359	0.85729679	-59.502067
-0.77526263	-0.69373445	0.49670359	0.85729679	-59.509511
-0.77526263	-0.69373445	0.49670359	0.85729679	-59.516954
-0.77526263	-0.69373445	0.49670359	0.85729679	-59.524396
-0.77526263	-0.69373445	0.49670359	0.85729679	-59.531836
-0.77526263	-0.69373445	0.49670359	0.85729679	-59.539274
-0.77526263	-0.69373445	0.49670359	0.85729679	-59.546712
-0.77526263	-0.69373445	0.49670359	0.85729679	-59.554147
-0.77526263	-0.69373445	0.49670359	0.85729679	-59.561581
-0.77526263	-0.69373445	0.49670359	0.85729679	-59.569014
-0.77526263	-0.69373445	0.49670359	0.85729679	-59.576445
-0.77526263	-0.69373445	0.49670359	0.85729679	-59.583875
-0.77526263	-0.69373445	0.49670359	0.85729679	-59.591304
-0.77526263	-0.69373445	0.49670359	0.85729679	-59.598731
-0.77526263	-0.69373445	0.49670359	0.85729679	-59.606156
-0.77526263	-0.69373445	0.49670359	0.85729679	-59.61358
-0.77526263	-0.69373445	0.49670359	0.85729679	-59.621002
-0.77526263	-0.69373445	0.49670359	0.85729679	-59.628423
-0.77526263	-0.69373445	0.49670359	0.85729679	-59.635843
-0.77526263	-0.69373445	0.49670359	0.85729679	-59.643261
-0.77526263	-0.69373445	0.49670359	0.85729679	-59.650678
-0.77526263	-0.69373445	0.49670359	0.85729679	-59.658093
-0.77526263	-0.69373445	0.49670359	0.85729679	-59.665507
-0.77526263	-0.69373445	0.49670359	0.85729679	-59.672919
-0.77526263	-0.69373445	0.49670359	0.85729679	-59.68033
-0.77526263	-0.69373445	0.49670359	0.85729679	-59.687739
-0.77526263	-0.69373445	0.49670359	0.85729679	-59.695147
-0.77526263	-0.69373445	0.49670359	0.85729679	-59.702553
-0.77526263	-0.69373445	0.49670359	0.85729679	-59.709958
-0.77526263	-0.69373445	0.49670359	0.85729679	-59.717361
-0.77526263	-0.69373445	0.49670359	0.85729679	-59.724763
-0.77526263	-0.69373445	0.49670359	0.85729679	-59.732164
-0.77526263	-0.69373445	0.49670359	0.85729679	-59.739563
-0.77526263	-0.69373445	0.49670359	0.85729679	-59.74696
-0.77526263	-0.69373445	0.49670359	0.85729679	-59.754356
-0.77526263	-0.69373445	0.49670359	0.85729679	-59.761751
-0.77526263	-0.69373445	0.49670359	0.85729679	-59.769144
-0.77526263	-0.69373445	0.49670359	0.85729679	-59.776535
-0.77526263	-0.69373445	0.49670359	0.85729679	-59.783926
-0.77526263	-0.69373445	0.49670359	0.85729679	-59.791314
-0.77526263	-0.69373445	0.49670359	0.85729679	-59.798701
-0.77526263	-0.69373445	0.49670359	0.85729679	-59.806087
-0.77526263	-0.69373445	0.49670359	0.85729679	-59.813471
-0.77526263	-0.69373445	0.49670359	0.85729679	-59.820854
-0.77526263	-0.69373445	0.49670359	0.85729679	-59.828235
-0.77526263	-0.69373445	0.49670359	0.85729679	-59.835615
-0.77526263	-0.69373445	0.49670359	0.85729679	-59.842994
-0.77526263	-0.69373445	0.49670359	0.85729679	-59.85037
-0.77526263	-0.69373445	0.49670359	0.85729679	-59.857746
-0.77526263	-0.69373445	0.49670359	0.85729679	-59.86512
-0.77526263	-0.69373445	0.49670359	0.85729679	-59.872492
-0.77526263	-0.69373445	0.49670359	0.85729679	-59.879863
-0.77526263	-0.69373445	0.49670359	0.85729679	-59.887232
-0.77526263	-0.69373445	0.49670359	0.85729679	-59.8946
-0.77526263	-0.69373445	0.49670359	0.85729679	-59.901967
-0.77526263	-0.69373445	0.49670359	0.85729679	-59.909332
-0.77526263	-0.69373445	0.49670359	0.85729679	-59.916695
-0.77526263	-0.69373445	0.49670359	0.85729679	-59.924057
-0.77526263	-0.69373445	0.49670359	0.85729679	-59.931418
-0.77526263	-0.69373445	0.49670359	0.85729679	-59.938777
-0.77526263	-0.69373445	0.49670359	0.85729679	-59.946135
-0.77526263	-0.69373445	0.49670359	0.85729679	-59.953491
-0.77526263	-0.69373445	0.49670359	0.85729679	-59.960845
-0.77526263	-0.69373445	0.49670359	0.85729679	-59.968198
-0.77526263	-0.69373445	0.49670359	0.85729679	-59.97555
-0.77526263	-0.69373445	0.49670359	0.85729679	-59.9829
-0.77526263	-0.69373445	0.49670359	0.85729679	-59.990249
-0.77526263	-0.69373445	0.49670359	0.85729679	-59.997596
-0.77526263	-0.69373445	0.49670359	0.85729679	-60.004942
-0.77526263	-0.69373445	0.49670359	0.85729679	-60.012286
-0.77526263	-0.69373445	0.49670359	0.85729679	-60.019629
-0.77526263	-0.69373445	0.49670359	0.85729679	-60.02697
-0.77526263	-0.69373445	0.49670359	0.85729679	-60.034309
-0.77526263	-0.69373445	0.49670359	0.85729679	-60.041648
-0.77526263	-0.69373445	0.49670359	0.85729679	-60.048984
-0.77526263	-0.69373445	0.49670359	0.85729679	-60.05632
-0.77526263	-0.69373445	0.49670359	0.85729679	-60.063653
-0.77526263	-0.69373445	0.49670359	0.85729679	-60.070986
-0.77526263	-0.69373445	0.49670359	0.85729679	-60.078317
-0.77526263	-0.69373445	0.49670359	0.85729679	-60.085646
-0.77526263	-0.69373445	0.49670359	0.85729679	-60.092974
-0.77526263	-0.69373445	0.49670359	0.85729679	-60.1003
-0.77526263	-0.69373445	0.49670359	0.85729679	-60.107625
-0.77526263	-0.69373445	0.49670359	0.85729679	-60.114948
-0.77526263	-0.69373445	0.49670359	0.85729679	-60.12227
-0.77526263	-0.69373445	0.49670359	0.85729679	-60.12959
-0.77526263	-0.69373445	0.49670359	0.85729679	-60.136909
-0.77526263	-0.69373445	0.49670359	0.85729679	-60.144226
-0.77526263	-0.69373445	0.49670359	0.85729679	-60.151542
-0.77526263	-0.69373445	0.49670359	0.85729679	-60.158856
-0.77526263	-0.69373445	0.49670359	0.85729679	-60.166169
-0.77526263	-0.69373445	0.49670359	0.85729679	-60.173481
-0.77526263	-0.69373445	0.49670359	0.85729679	-60.18079
-0.77526263	-0.69373445	0.49670359	0.85729679	-60.188099
-0.77526263	-0.69373445	0.49670359	0.85729679	-60.195406
-0.77526263	-0.69373445	0.49670359	0.85729679	-60.202711
-0.77526263	-0.69373445	0.49670359	0.85729679	-60.210015
-0.77526263	-0.69373445	0.49670359	0.85729679	-60.217317
-0.77526263	-0.69373445	0.49670359	0.85729679	-60.224618
-0.77526263	-0.69373445	0.49670359	0.85729679	-60.231917
-0.77526263	-0.69373445	0.49670359	0.85729679	-60.239215
-0.77526263	-0.69373445	0.49670359	0.85729679	-60.246511
-0.77526263	-0.69373445	0.49670359	0.85729679	-60.253806
-0.77526263	-0.69373445	0.49670359	0.85729679	-60.261099
-0.77526263	-0.69373445	0.49670359	0.85729679	-60.268391
-0.77526263	-0.69373445	0.49670359	0.85729679	-60.275682
-0.77526263	-0.69373445	0.49670359	0.85729679	-60.28297
-0.77526263	-0.69373445	0.49670359	0.85729679	-60.290258
-0.77526263	-0.69373445	0.49670359	0.85729679	-60.297543
-0.77526263	-0.69373445	0.49670359	0.85729679	-60.304828
-0.77526263	-0.69373445	0.49670359	0.85729679	-60.312111
-0.77526263	-0.69373445	0.49670359	0.85729679	-60.319392
-0.77526263	-0.69373445	0.49670359	0.85729679	-60.326672
-0.77526263	-0.69373445	0.49670359	0.85729679	-60.33395
-0.77526263	-0.69373445	0.49670359	0.85729679	-60.341227
-0.77526263	-0.69373445	0.49670359	0.85729679	-60.348502
-0.77526263	-0.69373445	0.49670359	0.85729679	-60.355776
-0.77526263	-0.69373445	0.49670359	0.85729679	-60.363048
-0.77526263	-0.69373445	0.49670359	0.85729679	-60.370319
-0.77526263	-0.69373445	0.49670359	0.85729679	-60.377588
-0.77526263	-0.69373445	0.49670359	0.85729679	-60.384855
-0.77526263	-0.69373445	0.49670359	0.85729679	-60.392122
-0.77526263	-0.69373445	0.49670359	0.85729679	-60.399386
-0.77526263	-0.69373445	0.49670359	0.85729679	-60.406649
-0.77526263	-0.69373445	0.49670359	0.85729679	-60.413911
-0.77526263	-0.69373445	0.49670359	0.85729679	-60.421171
-0.77526263	-0.69373445	0.49670359	0.85729679	-60.42843
-0.77526263	-0.69373445	0.49670359	0.85729679	-60.435687
-0.77526263	-0.69373445	0.49670359	0.85729679	-60.442943
-0.77526263	-0.69373445	0.49670359	0.85729679	-60.450197
-0.77526263	-0.69373445	0.49670359	0.85729679	-60.457449
-0.77526263	-0.69373445	0.49670359	0.85729679	-60.4647
-0.77526263	-0.69373445	0.49670359	0.85729679	-60.47195
-0.77526263	-0.69373445	0.49670359	0.85729679	-60.479198
-0.77526263	-0.69373445	0.49670359	0.85729679	-60.486444
-0.77526263	-0.69373445	0.49670359	0.85729679	-60.493689
-0.77526263	-0.69373445	0.49670359	0.85729679	-60.500933
-0.77526263	-0.69373445	0.49670359	0.85729679	-60.508175
-0.77526263	-0.69373445	0.49670359	0.85729679	-60.515415
-0.77526263	-0.69373445	0.49670359	0.85729679	-60.522654
-0.77526263	-0.69373445	0.49670359	0.85729679	-60.529891
-0.77526263	-0.69373445	0.49670359	0.85729679	-60.537127
-0.77526263	-0.69373445	0.49670359	0.85729679	-60.544362
-0.77526263	-0.69373445	0.49670359	0.85729679	-60.551595
-0.77526263	-0.69373445	0.49670359	0.85729679	-60.558826
-0.77526263	-0.69373445	0.49670359	0.85729679	-60.566056
-0.77526263	-0.69373445	0.49670359	0.85729679	-60.573284
-0.77526263	-0.69373445	0.49670359	0.85729679	-60.580511
-0.77526263	-0.69373445	0.49670359	0.85729679	-60.587736
-0.77526263	-0.69373445	0.49670359	0.85729679	-60.59496
-0.77526263	-0.69373445	0.49670359	0.85729679	-60.602182
-0.77526263	-0.69373445	0.49670359	0.85729679	-60.609402
-0.77526263	-0.69373445	0.49670359	0.85729679	-60.616622
-0.77526263	-0.69373445	0.49670359	0.85729679	-60.623839
-0.77526263	-0.69373445	0.49670359	0.85729679	-60.631055
-0.77526263	-0.69373445	0.49670359	0.85729679	-60.63827
-0.77526263	-0.69373445	0.49670359	0.85729679	-60.645483
-0.77526263	-0.69373445	0.49670359	0.85729679	-60.652694
-0.77526263	-0.69373445	0.49670359	0.85729679	-60.659904
-0.77526263	-0.69373445	0.49670359	0.85729679	-60.667113
-0.77526263	-0.69373445	0.49670359	0.85729679	-60.67432
-0.77526263	-0.69373445	0.49670359	0.85729679	-60.681525
-0.77526263	-0.69373445	0.49670359	0.85729679	-60.688729
-0.77526263	-0.69373445	0.49670359	0.85729679	-60.695931
-0.77526263	-0.69373445	0.49670359	0.85729679	-60.703132
-0.77526263	-0.69373445	0.49670359	0.85729679	-60.710332
-0.77526263	-0.69373445	0.49670359	0.85729679	-60.717529
-0.77526263	-0.69373445	0.49670359	0.85729679	-60.724726
-0.77526263	-0.69373445	0.49670359	0.85729679	-60.73192
-0.77526263	-0.69373445	0.49670359	0.85729679	-60.739113
-0.77526263	-0.69373445	0.49670359	0.85729679	-60.746305
-0.77526263	-0.69373445	0.49670359	0.85729679	-60.753495
-0.77526263	-0.69373445	0.49670359	0.85729679	-60.760684
-0.77526263	-0.69373445	0.49670359	0.85729679	-60.767871
-0.77526263	-0.69373445	0.49670359	0.85729679	-60.775056
-0.77526263	-0.69373445	0.49670359	0.85729679	-60.78224
-0.77526263	-0.69373445	0.49670359	0.85729679	-60.789423
-0.77526263	-0.69373445	0.49670359	0.85729679	-60.796604
-0.77526263	-0.69373445	0.49670359	0.85729679	-60.803783
-0.77526263	-0.69373445	0.49670359	0.85729679	-60.810961
-0.77526263	-0.69373445	0.49670359	0.85729679	-60.818137
-0.77526263	-0.69373445	0.49670359	0.85729679	-60.825312
-0.77526263	-0.69373445	0.49670359	0.85729679	-60.832485
-0.77526263	-0.69373445	0.49670359	0.85729679	-60.839657
-0.77526263	-0.69373445	0.49670359	0.85729679	-60.846827
-0.77526263	-0.69373445	0.49670359	0.85729679	-60.853996
-0.77526263	-0.69373445	0.49670359	0.85729679	-60.861163
-0.77526263	-0.69373445	0.49670359	0.85729679	-60.868328
-0.77526263	-0.69373445	0.49670359	0.85729679	-60.875492
-0.77526263	-0.69373445	0.49670359	0.85729679	-60.882655
-0.77526263	-0.69373445	0.49670359	0.85729679	-60.889816
-0.77526263	-0.69373445	0.49670359	0.85729679	-60.896975
-0.77526263	-0.69373445	0.49670359	0.85729679	-60.904133
-0.77526263	-0.69373445	0.49670359	0.85729679	-60.911289
-0.77526263	-0.69373445	0.49670359	0.85729679	-60.918444
-0.77526263	-0.69373445	0.49670359	0.85729679	-60.925597
-0.77526263	-0.69373445	0.49670359	0.85729679	-60.932749
-0.77526263	-0.69373445	0.49670359	0.85729679	-60.939899
-0.77526263	-0.69373445	0.49670359	0.85729679	-60.947047
-0.77526263	-0.69373445	0.49670359	0.85729679	-60.954195
-0.77526263	-0.69373445	0.49670359	0.85729679	-60.96134
-0.77526263	-0.69373445	0.49670359	0.85729679	-60.968484
-0.77526263	-0.69373445	0.49670359	0.85729679	-60.975626
-0.77526263	-0.69373445	0.49670359	0.85729679	-60.982767
-0.77526263	-0.69373445	0.49670359	0.85729679	-60.989907
-0.77526263	-0.69373445	0.49670359	0.85729679	-60.997044
-0.77526263	-0.69373445	0.49670359	0.85729679	-61.004181
-0.77526263	-0.69373445	0.49670359	0.85729679	-61.011315
-0.77526263	-0.69373445	0.49670359	0.85729679	-61.018448
-0.77526263	-0.69373445	0.49670359	0.85729679	-61.02558
-0.77526263	-0.69373445	0.49670359	0.85729679	-61.03271
-0.77526263	-0.69373445	0.49670359	0.85729679	-61.039839
-0.77526263	-0.69373445	0.49670359	0.85729679	-61.046966
-0.77526263	-0.69373445	0.49670359	0.85729679	-61.054091
-0.77526263	-0.69373445	0.49670359	0.85729679	-61.061215
-0.77526263	-0.69373445	0.49670359	0.85729679	-61.068337
-0.77526263	-0.69373445	0.49670359	0.85729679	-61.075458
-0.77526263	-0.69373445	0.49670359	0.85729679	-61.082577
-0.77526263	-0.69373445	0.49670359	0.85729679	-61.089695
-0.77526263	-0.69373445	0.49670359	0.85729679	-61.096811
-0.77526263	-0.69373445	0.49670359	0.85729679	-61.103925
-0.77526263	-0.69373445	0.49670359	0.85729679	-61.111038
-0.77526263	-0.69373445	0.49670359	0.85729679	-61.11815
-0.77526263	-0.69373445	0.49670359	0.85729679	-61.12526
-0.77526263	-0.69373445	0.49670359	0.85729679	-61.132368
-0.77526263	-0.69373445	0.49670359	0.85729679	-61.139475
-0.77526263	-0.69373445	0.49670359	0.85729679	-61.14658
-0.77526263	-0.69373445	0.49670359	0.85729679	-61.153684
-0.77526263	-0.69373445	0.49670359	0.85729679	-61.160786
-0.77526263	-0.69373445	0.49670359	0.85729679	-61.167886
-0.77526263	-0.69373445	0.49670359	0.85729679	-61.174985
-0.77526263	-0.69373445	0.49670359	0.85729679	-61.182083
-0.77526263	-0.69373445	0.49670359	0.85729679	-61.189179
-0.77526263	-0.69373445	0.49670359	0.85729679	-61.196273
-0.77526263	-0.69373445	0.49670359	0.85729679	-61.203366
-0.77526263	-0.69373445	0.49670359	0.85729679	-61.210457
-0.77526263	-0.69373445	0.49670359	0.85729679	-61.217547
-0.77526263	-0.69373445	0.49670359	0.85729679	-61.224635
-0.77526263	-0.69373445	0.49670359	0.85729679	-61.231721
-0.77526263	-0.69373445	0.49670359	0.85729679	-61.238806
-0.77526263	-0.69373445	0.49670359	0.85729679	-61.24589
-0.77526263	-0.69373445	0.49670359	0.85729679	-61.252972
-0.77526263	-0.69373445	0.49670359	0.85729679	-61.260052
-0.77526263	-0.69373445	0.49670359	0.85729679	-61.267131
-0.77526263	-0.69373445	0.49670359	0.85729679	-61.274208
-0.77526263	-0.69373445	0.49670359	0.85729679	-61.281284
-0.77526263	-0.69373445	0.49670359	0.85729679	-61.288358
-0.77526263	-0.69373445	0.49670359	0.85729679	-61.29543
-0.77526263	-0.69373445	0.49670359	0.85729679	-61.302501
-0.77526263	-0.69373445	0.49670359	0.85729679	-61.30957
-0.77526263	-0.69373445	0.49670359	0.85729679	-61.316638
-0.77526263	-0.69373445	0.49670359	0.85729679	-61.323705
-0.77526263	-0.69373445	0.49670359	0.85729679	-61.330769
-0.77526263	-0.69373445	0.49670359	0.85729679	-61.337832
-0.77526263	-0.69373445	0.49670359	0.85729679	-61.344894
-0.77526263	-0.69373445	0.49670359	0.85729679	-61.351954
-0.77526263	-0.69373445	0.49670359	0.85729679	-61.359012
-0.77526263	-0.69373445	0.49670359	0.85729679	-61.366069
-0.77526263	-0.69373445	0.49670359	0.85729679	-61.373124
-0.77526263	-0.69373445	0.49670359	0.85729679	-61.380178
-0.77526263	-0.69373445	0.49670359	0.85729679	-61.38723
-0.77526263	-0.69373445	0.49670359	0.85729679	-61.394281
-0.77526263	-0.69373445	0.49670359	0.85729679	-61.40133
-0.77526263	-0.69373445	0.49670359	0.85729679	-61.408377
-0.77526263	-0.69373445	0.49670359	0.85729679	-61.415423
-0.77526263	-0.69373445	0.49670359	0.85729679	-61.422468
-0.77526263	-0.69373445	0.49670359	0.85729679	-61.42951
-0.77526263	-0.69373445	0.49670359	0.85729679	-61.436551
-0.77526263	-0.69373445	0.49670359	0.85729679	-61.443591
-0.77526263	-0.69373445	0.49670359	0.85729679	-61.450629
-0.77526263	-0.69373445	0.49670359	0.85729679	-61.457665
-0.77526263	-0.69373445	0.49670359	0.85729679	-61.4647
-0.77526263	-0.69373445	0.49670359	0.85729679	-61.471734
-0.77526263	-0.69373445	0.49670359	0.85729679	-61.478765
-0.77526263	-0.69373445	0.49670359	0.85729679	-61.485796
-0.77526263	-0.69373445	0.49670359	0.85729679	-61.492824
-0.77526263	-0.69373445	0.49670359	0.85729679	-61.499851
-0.77526263	-0.69373445	0.49670359	0.85729679	-61.506877
-0.77526263	-0.69373445	0.49670359	0.85729679	-61.5139
-0.77526263	-0.69373445	0.49670359	0.85729679	-61.520923
-0.77526263	-0.69373445	0.49670359	0.85729679	-61.527943
-0.77526263	-0.69373445	0.49670359	0.85729679	-61.534963
-0.77526263	-0.69373445	0.49670359	0.85729679	-61.54198
-0.77526263	-0.69373445	0.49670359	0.85729679	-61.548996
-0.77526263	-0.69373445	0.49670359	0.85729679	-61.556011
-0.77526263	-0.69373445	0.49670359	0.85729679	-61.563023
-0.77526263	-0.69373445	0.49670359	0.85729679	-61.570035
-0.77526263	-0.69373445	0.49670359	0.85729679	-61.577044
-0.77526263	-0.69373445	0.49670359	0.85729679	-61.584052
-0.77526263	-0.69373445	0.49670359	0.85729679	-61.591059
-0.77526263	-0.69373445	0.49670359	0.85729679	-61.598064
-0.77526263	-0.69373445	0.49670359	0.85729679	-61.605067
-0.77526263	-0.69373445	0.49670359	0.85729679	-61.612069
-0.77526263	-0.69373445	0.49670359	0.85729679	-61.619069
-0.77526263	-0.69373445	0.49670359	0.85729679	-61.626068
-0.77526263	-0.69373445	0.49670359	0.85729679	-61.633065
-0.77526263	-0.69373445	0.49670359	0.85729679	-61.64006
-0.77526263	-0.69373445	0.49670359	0.85729679	-61.647054
-0.77526263	-0.69373445	0.49670359	0.85729679	-61.654046
-0.77526263	-0.69373445	0.49670359	0.85729679	-61.661037
-0.77526263	-0.69373445	0.49670359	0.85729679	-61.668026
-0.77526263	-0.69373445	0.49670359	0.85729679	-61.675014
-0.77526263	-0.69373445	0.49670359	0.85729679	-61.682
-0.77526263	-0.69373445	0.49670359	0.85729679	-61.688984
-0.77526263	-0.69373445	0.49670359	0.85729679	-61.695967
-0.77526263	-0.69373445	0.49670359	0.85729679	-61.702948
-0.77526263	-0.69373445	0.49670359	0.85729679	-61.709928
-0.77526263	-0.69373445	0.49670359	0.85729679	-61.716906
-0.77526263	-0.69373445	0.49670359	0.85729679	-61.723882
-0.77526263	-0.69373445	0.49670359	0.85729679	-61.730857
-0.77526263	-0.69373445	0.49670359	0.85729679	-61.73783
-0.77526263	-0.69373445	0.49670359	0.85729679	-61.744802
-0.77526263	-0.69373445	0.49670359	0.85729679	-61.751772
-0.77526263	-0.69373445	0.49670359	0.85729679	-61.758741
-0.77526263	-0.69373445	0.49670359	0.85729679	-61.765707
-0.77526263	-0.69373445	0.49670359	0.85729679	-61.772673
-0.77526263	-0.69373445	0.49670359	0.85729679	-61.779637
-0.77526263	-0.69373445	0.49670359	0.85729679	-61.786599
-0.77526263	-0.69373445	0.49670359	0.85729679	-61.793559
-0.77526263	-0.69373445	0.49670359	0.85729679	-61.800518
-0.77526263	-0.69373445	0.49670359	0.85729679	-61.807476
-0.77526263	-0.69373445	0.49670359	0.85729679	-61.814431
-0.77526263	-0.69373445	0.49670359	0.85729679	-61.821386
-0.77526263	-0.69373445	0.49670359	0.85729679	-61.828338
-0.77526263	-0.69373445	0.49670359	0.85729679	-61.835289
-0.77526263	-0.69373445	0.49670359	0.85729679	-61.842239
-0.77526263	-0.69373445	0.49670359	0.85729679	-61.849186
-0.77526263	-0.69373445	0.49670359	0.85729679	-61.856133
-0.77526263	-0.69373445	0.49670359	0.85729679	-61.863077
-0.77526263	-0.69373445	0.49670359	0.85729679	-61.87002
-0.77526263	-0.69373445	0.49670359	0.85729679	-61.876962
-0.77526263	-0.69373445	0.49670359	0.85729679	-61.883902
-0.77526263	-0.69373445	0.49670359	0.85729679	-61.89084
-0.77526263	-0.69373445	0.49670359	0.85729679	-61.897776
-0.77526263	-0.69373445	0.49670359	0.85729679	-61.904711
-0.77526263	-0.69373445	0.49670359	0.85729679	-61.911645
-0.77526263	-0.69373445	0.49670359	0.85729679	-61.918577
-0.77526263	-0.69373445	0.49670359	0.85729679	-61.925507
-0.77526263	-0.69373445	0.49670359	0.85729679	-61.932436
-0.77526263	-0.69373445	0.49670359	0.85729679	-61.939363
-0.77526263	-0.69373445	0.49670359	0.85729679	-61.946288
-0.77526263	-0.69373445	0.49670359	0.85729679	-61.953212
-0.77526263	-0.69373445	0.49670359	0.85729679	-61.960134
-0.77526263	-0.69373445	0.49670359	0.85729679	-61.967055
-0.77526263	-0.69373445	0.49670359	0.85729679	-61.973974
-0.77526263	-0.69373445	0.49670359	0.85729679	-61.980892
-0.77526263	-0.69373445	0.49670359	0.85729679	-61.987807
-0.77526263	-0.69373445	0.49670359	0.85729679	-61.994722
-0.77526263	-0.69373445	0.49670359	0.85729679	-62.001634
-0.77526263	-0.69373445	0.49670359	0.85729679	-62.008545
-0.77526263	-0.69373445	0.49670359	0.85729679	-62.015455
-0.77526263	-0.69373445	0.49670359	0.85729679	-62.022363
-0.77526263	-0.69373445	0.49670359	0.85729679	-62.029269
-0.77526263	-0.69373445	0.49670359	0.85729679	-62.036174
-0.77526263	-0.69373445	0.49670359	0.85729679	-62.043077
-0.77526263	-0.69373445	0.49670359	0.85729679	-62.049978
-0.77526263	-0.69373445	0.49670359	0.85729679	-62.056878
-0.77526263	-0.69373445	0.49670359	0.85729679	-62.063776
-0.77526263	-0.69373445	0.49670359	0.85729679	-62.070673
-0.77526263	-0.69373445	0.49670359	0.85729679	-62.077568
-0.77526263	-0.69373445	0.49670359	0.85729679	-62.084461
-0.77526263	-0.69373445	0.49670359	0.85729679	-62.091353
-0.77526263	-0.69373445	0.49670359	0.85729679	-62.098243
-0.77526263	-0.69373445	0.49670359	0.85729679	-62.105132
-0.77526263	-0.69373445	0.49670359	0.85729679	-62.112019
-0.77526263	-0.69373445	0.49670359	0.85729679	-62.118904
-0.77526263	-0.69373445	0.49670359	0.85729679	-62.125788
-0.77526263	-0.69373445	0.49670359	0.85729679	-62.13267
-0.77526263	-0.69373445	0.49670359	0.85729679	-62.139551
-0.77526263	-0.69373445	0.49670359	0.85729679	-62.14643
-0.77526263	-0.69373445	0.49670359	0.85729679	-62.153307
-0.77526263	-0.69373445	0.49670359	0.85729679	-62.160183
-0.77526263	-0.69373445	0.49670359	0.85729679	-62.167057
-0.77526263	-0.69373445	0.49670359	0.85729679	-62.173929
-0.77526263	-0.69373445	0.49670359	0.85729679	-62.1808
-0.77526263	-0.69373445	0.49670359	0.85729679	-62.18767
-0.77526263	-0.69373445	0.49670359	0.85729679	-62.194537
-0.77526263	-0.69373445	0.49670359	0.85729679	-62.201403
-0.77526263	-0.69373445	0.49670359	0.85729679	-62.208268
-0.77526263	-0.69373445	0.49670359	0.85729679	-62.215131
-0.77526263	-0.69373445	0.49670359	0.85729679	-62.221992
-0.77526263	-0.69373445	0.49670359	0.85729679	-62.228851
-0.77526263	-0.69373445	0.49670359	0.85729679	-62.235709
-0.77526263	-0.69373445	0.49670359	0.85729679	-62.242566
-0.77526263	-0.69373445	0.49670359	0.85729679	-62.24942
-0.77526263	-0.69373445	0.49670359	0.85729679	-62.256274
-0.77526263	-0.69373445	0.49670359	0.85729679	-62.263125
-0.77526263	-0.69373445	0.49670359	0.85729679	-62.269975
-0.77526263	-0.69373445	0.49670359	0.85729679	-62.276823
-0.77526263	-0.69373445	0.49670359	0.85729679	-62.28367
-0.77526263	-0.69373445	0.49670359	0.85729679	-62.290515
-0.77526263	-0.69373445	0.49670359	0.85729679	-62.297358
-0.77526263	-0.69373445	0.49670359	0.85729679	-62.3042
-0.77526263	-0.69373445	0.49670359	0.85729679	-62.31104
-0.77526263	-0.69373445	0.49670359	0.85729679	-62.317879
-0.77526263	-0.69373445	0.49670359	0.85729679	-62.324716
-0.77526263	-0.69373445	0.49670359	0.85729679	-62.331551
-0.77526263	-0.69373445	0.49670359	0.85729679	-62.338385
-0.77526263	-0.69373445	0.49670359	0.85729679	-62.345217
-0.77526263	-0.69373445	0.49670359	0.85729679	-62.352048
-0.77526263	-0.69373445	0.49670359	0.85729679	-62.358876
-0.77526263	-0.69373445	0.49670359	0.85729679	-62.365704
-0.77526263	-0.69373445	0.49670359	0.85729679	-62.372529
-0.77526263	-0.69373445	0.49670359	0.85729679	-62.379353
-0.77526263	-0.69373445	0.49670359	0.85729679	-62.386176
-0.77526263	-0.69373445	0.49670359	0.85729679	-62.392996
-0.77526263	-0.69373445	0.49670359	0.85729679	-62.399816
-0.77526263	-0.69373445	0.49670359	0.85729679	-62.406633
-0.77526263	-0.69373445	0.49670359	0.85729679	-62.413449
-0.77526263	-0.69373445	0.49670359	0.85729679	-62.420263
-0.77526263	-0.69373445	0.49670359	0.85729679	-62.427076
-0.77526263	-0.69373445	0.49670359	0.85729679	-62.433887
-0.77526263	-0.69373445	0.49670359	0.85729679	-62.440696
-0.77526263	-0.69373445	0.49670359	0.85729679	-62.447504
-0.77526263	-0.69373445	0.49670359	0.85729679	-62.45431
-0.77526263	-0.69373445	0.49670359	0.85729679	-62.461115
-0.77526263	-0.69373445	0.49670359	0.85729679	-62.467917
-0.77526263	-0.69373445	0.49670359	0.85729679	-62.474719
-0.77526263	-0.69373445	0.49670359	0.85729679	-62.481518
-0.77526263	-0.69373445	0.49670359	0.85729679	-62.488316
-0.77526263	-0.69373445	0.49670359	0.85729679	-62.495113
-0.77526263	-0.69373445	0.49670359	0.85729679	-62.501907
-0.77526263	-0.69373445	0.49670359	0.85729679	-62.5087
-0.77526263	-0.69373445	0.49670359	0.85729679	-62.515492
-0.77526263	-0.69373445	0.49670359	0.85729679	-62.522282
-0.77526263	-0.69373445	0.49670359	0.85729679	-62.52907
-0.77526263	-0.69373445	0.49670359	0.85729679	-62.535857
-0.77526263	-0.69373445	0.49670359	0.85729679	-62.542641
-0.77526263	-0.69373445	0.49670359	0.85729679	-62.549425
-0.77526263	-0.69373445	0.49670359	0.85729679	-62.556206
-0.77526263	-0.69373445	0.49670359	0.85729679	-62.562987
-0.77526263	-0.69373445	0.49670359	0.85729679	-62.569765
-0.77526263	-0.69373445	0.49670359	0.85729679	-62.576542
-0.77526263	-0.69373445	0.49670359	0.85729679	-62.583317
-0.77526263	-0.69373445	0.49670359	0.85729679	-62.59009
-0.77526263	-0.69373445	0.49670359	0.85729679	-62.596862
-0.77526263	-0.69373445	0.49670359	0.85729679	-62.603633
-0.77526263	-0.69373445	0.49670359	0.85729679	-62.610401
-0.77526263	-0.69373445	0.49670359	0.85729679	-62.617168
-0.77526263	-0.69373445	0.49670359	0.85729679	-62.623933
-0.77526263	-0.69373445	0.49670359	0.85729679	-62.630697
-0.77526263	-0.69373445	0.49670359	0.85729679	-62.637459
-0.77526263	-0.69373445	0.49670359	0.85729679	-62.64422
-0.77526263	-0.69373445	0.49670359	0.85729679	-62.650979
-0.77526263	-0.69373445	0.49670359	0.85729679	-62.657736
-0.77526263	-0.69373445	0.49670359	0.85729679	-62.664491
-0.77526263	-0.69373445	0.49670359	0.85729679	-62.671245
-0.77526263	-0.69373445	0.49670359	0.85729679	-62.677997
-0.77526263	-0.69373445	0.49670359	0.85729679	-62.684748
-0.77526263	-0.69373445	0.49670359	0.85729679	-62.691497
-0.77526263	-0.69373445	0.49670359	0.85729679	-62.698244
-0.77526263	-0.69373445	0.49670359	0.85729679	-62.70499
-0.77526263	-0.69373445	0.49670359	0.85729679	-62.711734
-0.77526263	-0.69373445	0.49670359	0.85729679	-62.718476
-0.77526263	-0.69373445	0.49670359	0.85729679	-62.725217
-0.77526263	-0.69373445	0.49670359	0.85729679	-62.731956
-0.77526263	-0.69373445	0.49670359	0.85729679	-62.738694
-0.77526263	-0.69373445	0.49670359	0.85729679	-62.74543
-0.77526263	-0.69373445	0.49670359	0.85729679	-62.752164
-0.77526263	-0.69373445	0.49670359	0.85729679	-62.758896
-0.77526263	-0.69373445	0.49670359	0.85729679	-62.765627
-0.77526263	-0.69373445	0.49670359	0.85729679	-62.772357
-0.77526263	-0.69373445	0.49670359	0.85729679	-62.779084
-0.77526263	-0.69373445	0.49670359	0.85729679	-62.78581
-0.77526263	-0.69373445	0.49670359	0.85729679	-62.792535
-0.77526263	-0.69373445	0.49670359	0.85729679	-62.799257
-0.77526263	-0.69373445	0.49670359	0.85729679	-62.805978
-0.77526263	-0.69373445	0.49670359	0.85729679	-62.812698
-0.77526263	-0.69373445	0.49670359	0.85729679	-62.819415
-0.77526263	-0.69373445	0.49670359	0.85729679	-62.826132
-0.77526263	-0.69373445	0.49670359	0.85729679	-62.832846
-0.77526263	-0.69373445	0.49670359	0.85729679	-62.839559
-0.77526263	-0.69373445	0.49670359	0.85729679	-62.84627
-0.77526263	-0.69373445	0.49670359	0.85729679	-62.85298
-0.77526263	-0.69373445	0.49670359	0.85729679	-62.859687
-0.77526263	-0.69373445	0.49670359	0.85729679	-62.866394
-0.77526263	-0.69373445	0.49670359	0.85729679	-62.873098
-0.77526263	-0.69373445	0.49670359	0.85729679	-62.879801
-0.77526263	-0.69373445	0.49670359	0.85729679	-62.886503
-0.77526263	-0.69373445	0.49670359	0.85729679	-62.893202
-0.77526263	-0.69373445	0.49670359	0.85729679	-62.8999
-0.77526263	-0.69373445	0.49670359	0.85729679	-62.906596
-0.77526263	-0.69373445	0.49670359	0.85729679	-62.913291
-0.77526263	-0.69373445	0.49670359	0.85729679	-62.919984
-0.77526263	-0.69373445	0.49670359	0.85729679	-62.926676
-0.77526263	-0.69373445	0.49670359	0.85729679	-62.933365
-0.77526263	-0.69373445	0.49670359	0.85729679	-62.940053
-0.77526263	-0.69373445	0.49670359	0.85729679	-62.94674
-0.77526263	-0.69373445	0.49670359	0.85729679	-62.953425
-0.77526263	-0.69373445	0.49670359	0.85729679	-62.960108
-0.77526263	-0.69373445	0.49670359	0.85729679	-62.966789
-0.77526263	-0.69373445	0.49670359	0.85729679	-62.973469
-0.77526263	-0.69373445	0.49670359	0.85729679	-62.980147
-0.77526263	-0.69373445	0.49670359	0.85729679	-62.986824
-0.77526263	-0.69373445	0.49670359	0.85729679	-62.993499
-0.77526263	-0.69373445	0.49670359	0.85729679	-63.000172
-0.77526263	-0.69373445	0.49670359	0.85729679	-63.006843
-0.77526263	-0.69373445	0.49670359	0.85729679	-63.013513
-0.77526263	-0.69373445	0.49670359	0.85729679	-63.020181
-0.77526263	-0.69373445	0.49670359	0.85729679	-63.026848
-0.77526263	-0.69373445	0.49670359	0.85729679	-63.033513
-0.77526263	-0.69373445	0.49670359	0.85729679	-63.040176
-0.77526263	-0.69373445	0.49670359	0.85729679	-63.046838
-0.77526263	-0.69373445	0.49670359	0.85729679	-63.053498
-0.77526263	-0.69373445	0.49670359	0.85729679	-63.060156
-0.77526263	-0.69373445	0.49670359	0.85729679	-63.066813
-0.77526263	-0.69373445	0.49670359	0.85729679	-63.073467
-0.77526263	-0.69373445	0.49670359	0.85729679	-63.080121
-0.77526263	-0.69373445	0.49670359	0.85729679	-63.086772
-0.77526263	-0.69373445	0.49670359	0.85729679	-63.093422
-0.77526263	-0.69373445	0.49670359	0.85729679	-63.100071
-0.77526263	-0.69373445	0.49670359	0.85729679	-63.106717
-0.77526263	-0.69373445	0.49670359	0.85729679	-63.113362
-0.77526263	-0.69373445	0.49670359	0.85729679	-63.120006
-0.77526263	-0.69373445	0.49670359	0.85729679	-63.126647
-0.77526263	-0.69373445	0.49670359	0.85729679	-63.133287
-0.77526263	-0.69373445	0.49670359	0.85729679	-63.139926
-0.77526263	-0.69373445	0.49670359	0.85729679	-63.146562
-0.77526263	-0.69373445	0.49670359	0.85729679	-63.153198
-0.77526263	-0.69373445	0.49670359	0.85729679	-63.159831
-0.77526263	-0.69373445	0.49670359	0.85729679	-63.166463
-0.77526263	-0.69373445	0.49670359	0.85729679	-63.173093
-0.77526263	-0.69373445	0.49670359	0.85729679	-63.179721
-0.77526263	-0.69373445	0.49670359	0.85729679	-63.186348
-0.77526263	-0.69373445	0.49670359	0.85729679	-63.192973
-0.77526263	-0.69373445	0.49670359	0.85729679	-63.199596
-0.77526263	-0.69373445	0.49670359	0.85729679	-63.206218
-0.77526263	-0.69373445	0.49670359	0.85729679	-63.212838
-0.77526263	-0.69373445	0.49670359	0.85729679	-63.219456
-0.77526263	-0.69373445	0.49670359	0.85729679	-63.226073
-0.77526263	-0.69373445	0.49670359	0.85729679	-63.232688
-0.77526263	-0.69373445	0.49670359	0.85729679	-63.239301
-0.77526263	-0.69373445	0.49670359	0.85729679	-63.245913
-0.77526263	-0.69373445	0.49670359	0.85729679	-63.252523
-0.77526263	-0.69373445	0.49670359	0.85729679	-63.259131
-0.77526263	-0.69373445	0.49670359	0.85729679	-63.265738
-0.77526263	-0.69373445	0.49670359	0.85729679	-63.272343
-0.77526263	-0.69373445	0.49670359	0.85729679	-63.278947
-0.77526263	-0.69373445	0.49670359	0.85729679	-63.285548
-0.77526263	-0.69373445	0.49670359	0.85729679	-63.292148
-0.77526263	-0.69373445	0.49670359	0.85729679	-63.298747
-0.77526263	-0.69373445	0.49670359	0.85729679	-63.305343
-0.77526263	-0.69373445	0.49670359	0.85729679	-63.311938
-0.77526263	-0.69373445	0.49670359	0.85729679	-63.318532
-0.77526263	-0.69373445	0.49670359	0.85729679	-63.325123
-0.77526263	-0.69373445	0.49670359	0.85729679	-63.331713
-0.77526263	-0.69373445	0.49670359	0.85729679	-63.338302
-0.77526263	-0.69373445	0.49670359	0.85729679	-63.344888
-0.77526263	-0.69373445	0.49670359	0.85729679	-63.351473
-0.77526263	-0.69373445	0.49670359	0.85729679	-63.358057
-0.77526263	-0.69373445	0.49670359	0.85729679	-63.364638
-0.77526263	-0.69373445	0.49670359	0.85729679	-63.371218
-0.77526263	-0.69373445	0.49670359	0.85729679	-63.377796
-0.77526263	-0.69373445	0.49670359	0.85729679	-63.384373
-0.77526263	-0.69373445	0.49670359	0.85729679	-63.390948
-0.77526263	-0.69373445	0.49670359	0.85729679	-63.397521
-0.77526263	-0.69373445	0.49670359	0.85729679	-63.404093
-0.77526263	-0.69373445	0.49670359	0.85729679	-63.410663
-0.77526263	-0.69373445	0.49670359	0.85729679	-63.417231
-0.77526263	-0.69373445	0.49670359	0.85729679	-63.423797
-0.77526263	-0.69373445	0.49670359	0.85729679	-63.430362
-0.77526263	-0.69373445	0.49670359	0.85729679	-63.436925
-0.77526263	-0.69373445	0.49670359	0.85729679	-63.443487
-0.77526263	-0.69373445	0.49670359	0.85729679	-63.450047
-0.77526263	-0.69373445	0.49670359	0.85729679	-63.456605
-0.77526263	-0.69373445	0.49670359	0.85729679	-63.463161
-0.77526263	-0.69373445	0.49670359	0.85729679	-63.469716
-0.77526263	-0.69373445	0.49670359	0.85729679	-63.476269
-0.77526263	-0.69373445	0.49670359	0.85729679	-63.482821
-0.77526263	-0.69373445	0.49670359	0.85729679	-63.48937
-0.77526263	-0.69373445	0.49670359	0.85729679	-63.495919
-0.77526263	-0.69373445	0.49670359	0.85729679	-63.502465
-0.77526263	-0.69373445	0.49670359	0.85729679	-63.50901
-0.77526263	-0.69373445	0.49670359	0.85729679	-63.515553
-0.77526263	-0.69373445	0.49670359	0.85729679	-63.522094
-0.77526263	-0.69373445	0.49670359	0.85729679	-63.528634
-0.77526263	-0.69373445	0.49670359	0.85729679	-63.535172
-0.77526263	-0.69373445	0.49670359	0.85729679	-63.541708
-0.77526263	-0.69373445	0.49670359	0.85729679	-63.548243
-0.77526263	-0.69373445	0.49670359	0.85729679	-63.554775
-0.77526263	-0.69373445	0.49670359	0.85729679	-63.561307
-0.77526263	-0.69373445	0.49670359	0.85729679	-63.567836
-0.77526263	-0.69373445	0.49670359	0.85729679	-63.574364
-0.77526263	-0.69373445	0.49670359	0.85729679	-63.58089
-0.77526263	-0.69373445	0.49670359	0.85729679	-63.587415
-0.77526263	-0.69373445	0.49670359	0.85729679	-63.593938
-0.77526263	-0.69373445	0.49670359	0.85729679	-63.600459
-0.77526263	-0.69373445	0.49670359	0.85729679	-63.606978
-0.77526263	-0.69373445	0.49670359	0.85729679	-63.613496
-0.77526263	-0.69373445	0.49670359	0.85729679	-63.620012
-0.77526263	-0.69373445	0.49670359	0.85729679	-63.626526
-0.77526263	-0.69373445	0.49670359	0.85729679	-63.633039
-0.77526263	-0.69373445	0.49670359	0.85729679	-63.63955
-0.77526263	-0.69373445	0.49670359	0.85729679	-63.646059
-0.77526263	-0.69373445	0.49670359	0.85729679	-63.652567
-0.77526263	-0.69373445	0.49670359	0.85729679	-63.659073
-0.77526263	-0.69373445	0.49670359	0.85729679	-63.665577
-0.77526263	-0.69373445	0.49670359	0.85729679	-63.67208
-0.77526263	-0.69373445	0.49670359	0.85729679	-63.678581
-0.77526263	-0.69373445	0.49670359	0.85729679	-63.68508
-0.77526263	-0.69373445	0.49670359	0.85729679	-63.691577
-0.77526263	-0.69373445	0.49670359	0.85729679	-63.698073
-0.77526263	-0.69373445	0.49670359	0.85729679	-63.704567
-0.77526263	-0.69373445	0.49670359	0.85729679	-63.71106
-0.77526263	-0.69373445	0.49670359	0.85729679	-63.71755
-0.77526263	-0.69373445	0.49670359	0.85729679	-63.72404
-0.77526263	-0.69373445	0.49670359	0.85729679	-63.730527
-0.77526263	-0.69373445	0.49670359	0.85729679	-63.737012
-0.77526263	-0.69373445	0.49670359	0.85729679	-63.743496
-0.77526263	-0.69373445	0.49670359	0.85729679	-63.749979
-0.77526263	-0.69373445	0.49670359	0.85729679	-63.756459
-0.77526263	-0.69373445	0.49670359	0.85729679	-63.762938
-0.77526263	-0.69373445	0.49670359	0.85729679	-63.769415
-0.77526263	-0.69373445	0.49670359	0.85729679	-63.775891
-0.77526263	-0.69373445	0.49670359	0.85729679	-63.782365
-0.77526263	-0.69373445	0.49670359	0.85729679	-63.788837
-0.77526263	-0.69373445	0.49670359	0.85729679	-63.795307
-0.77526263	-0.69373445	0.49670359	0.85729679	-63.801776
-0.77526263	-0.69373445	0.49670359	0.85729679	-63.808243
-0.77526263	-0.69373445	0.49670359	0.85729679	-63.814708
-0.77526263	-0.69373445	0.49670359	0.85729679	-63.821172
-0.77526263	-0.69373445	0.49670359	0.85729679	-63.827634
-0.77526263	-0.69373445	0.49670359	0.85729679	-63.834094
-0.77526263	-0.69373445	0.49670359	0.85729679	-63.840552
-0.77526263	-0.69373445	0.49670359	0.85729679	-63.847009
-0.77526263	-0.69373445	0.49670359	0.85729679	-63.853464
-0.77526263	-0.69373445	0.49670359	0.85729679	-63.859918
-0.77526263	-0.69373445	0.49670359	0.85729679	-63.866369
-0.77526263	-0.69373445	0.49670359	0.85729679	-63.872819
-0.77526263	-0.69373445	0.49670359	0.85729679	-63.879268
-0.77526263	-0.69373445	0.49670359	0.85729679	-63.885714
-0.77526263	-0.69373445	0.49670359	0.85729679	-63.892159
-0.77526263	-0.69373445	0.49670359	0.85729679	-63.898602
-0.77526263	-0.69373445	0.49670359	0.85729679	-63.905044
-0.77526263	-0.69373445	0.49670359	0.85729679	-63.911484
-0.77526263	-0.69373445	0.49670359	0.85729679	-63.917922
-0.77526263	-0.69373445	0.49670359	0.85729679	-63.924358
-0.77526263	-0.69373445	0.49670359	0.85729679	-63.930793
-0.77526263	-0.69373445	0.49670359	0.85729679	-63.937226
-0.77526263	-0.69373445	0.49670359	0.85729679	-63.943657
-0.77526263	-0.69373445	0.49670359	0.85729679	-63.950087
-0.77526263	-0.69373445	0.49670359	0.85729679	-63.956515
-0.77526263	-0.69373445	0.49670359	0.85729679	-63.962941
-0.77526263	-0.69373445	0.49670359	0.85729679	-63.969365
-0.77526263	-0.69373445	0.49670359	0.85729679	-63.975788
-0.77526263	-0.69373445	0.49670359	0.85729679	-63.982209
-0.77526263	-0.69373445	0.49670359	0.85729679	-63.988629
-0.77526263	-0.69373445	0.49670359	0.85729679	-63.995046
-0.77526263	-0.69373445	0.49670359	0.85729679	-64.001462
-0.77526263	-0.69373445	0.49670359	0.85729679	-64.007877
-0.77526263	-0.69373445	0.49670359	0.85729679	-64.014289
-0.77526263	-0.69373445	0.49670359	0.85729679	-64.0207
-0.77526263	-0.69373445	0.49670359	0.85729679	-64.027109
-0.77526263	-0.69373445	0.49670359	0.85729679	-64.033516
-0.77526263	-0.69373445	0.49670359	0.85729679	-64.039922
-0.77526263	-0.69373445	0.49670359	0.85729679	-64.046326
-0.77526263	-0.69373445	0.49670359	0.85729679	-64.052728
-0.77526263	-0.69373445	0.49670359	0.85729679	-64.059129
-0.77526263	-0.69373445	0.49670359	0.85729679	-64.065528
-0.77526263	-0.69373445	0.49670359	0.85729679	-64.071925
-0.77526263	-0.69373445	0.49670359	0.85729679	-64.078321
-0.77526263	-0.69373445	0.49670359	0.85729679	-64.084714
-0.77526263	-0.69373445	0.49670359	0.85729679	-64.091106
-0.77526263	-0.69373445	0.49670359	0.85729679	-64.097497
-0.77526263	-0.69373445	0.49670359	0.85729679	-64.103885
-0.77526263	-0.69373445	0.49670359	0.85729679	-64.110272
-0.77526263	-0.69373445	0.49670359	0.85729679	-64.116657
-0.77526263	-0.69373445	0.49670359	0.85729679	-64.123041
-0.77526263	-0.69373445	0.49670359	0.85729679	-64.129423
-0.77526263	-0.69373445	0.49670359	0.85729679	-64.135803
-0.77526263	-0.69373445	0.49670359	0.85729679	-64.142181
-0.77526263	-0.69373445	0.49670359	0.85729679	-64.148558
-0.77526263	-0.69373445	0.49670359	0.85729679	-64.154933
-0.77526263	-0.69373445	0.49670359	0.85729679	-64.161306
-0.77526263	-0.69373445	0.49670359	0.85729679	-64.167677
-0.77526263	-0.69373445	0.49670359	0.85729679	-64.174047
-0.77526263	-0.69373445	0.49670359	0.85729679	-64.180415
-0.77526263	-0.69373445	0.49670359	0.85729679	-64.186781
-0.77526263	-0.69373445	0.49670359	0.85729679	-64.193146
-0.77526263	-0.69373445	0.49670359	0.85729679	-64.199509
-0.77526263	-0.69373445	0.49670359	0.85729679	-64.20587
-0.77526263	-0.69373445	0.49670359	0.85729679	-64.21223
-0.77526263	-0.69373445	0.49670359	0.85729679	-64.218587
-0.77526263	-0.69373445	0.49670359	0.85729679	-64.224943
-0.77526263	-0.69373445	0.49670359	0.85729679	-64.231298
-0.77526263	-0.69373445	0.49670359	0.85729679	-64.23765
-0.77526263	-0.69373445	0.49670359	0.85729679	-64.244001
-0.77526263	-0.69373445	0.49670359	0.85729679	-64.25035
-0.77526263	-0.69373445	0.49670359	0.85729679	-64.256698
-0.77526263	-0.69373445	0.49670359	0.85729679	-64.263044
-0.77526263	-0.69373445	0.49670359	0.85729679	-64.269388
-0.77526263	-0.69373445	0.49670359	0.85729679	-64.27573
-0.77526263	-0.69373445	0.49670359	0.85729679	-64.28207
-0.77526263	-0.69373445	0.49670359	0.85729679	-64.288409
-0.77526263	-0.69373445	0.49670359	0.85729679	-64.294746
-0.77526263	-0.69373445	0.49670359	0.85729679	-64.301082
-0.77526263	-0.69373445	0.49670359	0.85729679	-64.307415
-0.77526263	-0.69373445	0.49670359	0.85729679	-64.313747
-0.77526263	-0.69373445	0.49670359	0.85729679	-64.320078
-0.77526263	-0.69373445	0.49670359	0.85729679	-64.326406
-0.77526263	-0.69373445	0.49670359	0.85729679	-64.332733
-0.77526263	-0.69373445	0.49670359	0.85729679	-64.339058
-0.77526263	-0.69373445	0.49670359	0.85729679	-64.345381
-0.77526263	-0.69373445	0.49670359	0.85729679	-64.351703
-0.77526263	-0.69373445	0.49670359	0.85729679	-64.358023
-0.77526263	-0.69373445	0.49670359	0.85729679	-64.364341
-0.77526263	-0.69373445	0.49670359	0.85729679	-64.370658
-0.77526263	-0.69373445	0.49670359	0.85729679	-64.376972
-0.77526263	-0.69373445	0.49670359	0.85729679	-64.383285
-0.77526263	-0.69373445	0.49670359	0.85729679	-64.389597
-0.77526263	-0.69373445	0.49670359	0.85729679	-64.395906
-0.77526263	-0.69373445	0.49670359	0.85729679	-64.402214
-0.77526263	-0.69373445	0.49670359	0.85729679	-64.40852
-0.77526263	-0.69373445	0.49670359	0.85729679	-64.414825
-0.77526263	-0.69373445	0.49670359	0.85729679	-64.421127
-0.77526263	-0.69373445	0.49670359	0.85729679	-64.427428
-0.77526263	-0.69373445	0.49670359	0.85729679	-64.433727
-0.77526263	-0.69373445	0.49670359	0.85729679	-64.440025
-0.77526263	-0.69373445	0.49670359	0.85729679	-64.446321
-0.77526263	-0.69373445	0.49670359	0.85729679	-64.452615
-0.77526263	-0.69373445	0.49670359	0.85729679	-64.458907
-0.77526263	-0.69373445	0.49670359	0.85729679	-64.465197
-0.77526263	-0.69373445	0.49670359	0.85729679	-64.471486
-0.77526263	-0.69373445	0.49670359	0.85729679	-64.477773
-0.77526263	-0.69373445	0.49670359	0.85729679	-64.484059
-0.77526263	-0.69373445	0.49670359	0.85729679	-64.490342
-0.77526263	-0.69373445	0.49670359	0.85729679	-64.496624
-0.77526263	-0.69373445	0.49670359	0.85729679	-64.502904
-0.77526263	-0.69373445	0.49670359	0.85729679	-64.509183
-0.77526263	-0.69373445	0.49670359	0.85729679	-64.51546
-0.77526263	-0.69373445	0.49670359	0.85729679	-64.521735
-0.77526263	-0.69373445	0.49670359	0.85729679	-64.528008
-0.77526263	-0.69373445	0.49670359	0.85729679	-64.534279
-0.77526263	-0.69373445	0.49670359	0.85729679	-64.540549
-0.77526263	-0.69373445	0.49670359	0.85729679	-64.546817
-0.77526263	-0.69373445	0.49670359	0.85729679	-64.553084
-0.77526263	-0.69373445	0.49670359	0.85729679	-64.559348
-0.77526263	-0.69373445	0.49670359	0.85729679	-64.565611
-0.77526263	-0.69373445	0.49670359	0.85729679	-64.571872
-0.77526263	-0.69373445	0.49670359	0.85729679	-64.578132
-0.77526263	-0.69373445	0.49670359	0.85729679	-64.584389
-0.77526263	-0.69373445	0.49670359	0.85729679	-64.590645
-0.77526263	-0.69373445	0.49670359	0.85729679	-64.596899
-0.77526263	-0.69373445	0.49670359	0.85729679	-64.603152
-0.77526263	-0.69373445	0.49670359	0.85729679	-64.609402
-0.77526263	-0.69373445	0.49670359	0.85729679	-64.615651
-0.77526263	-0.69373445	0.49670359	0.85729679	-64.621899
-0.77526263	-0.69373445	0.49670359	0.85729679	-64.628144
-0.77526263	-0.69373445	0.49670359	0.85729679	-64.634388
-0.77526263	-0.69373445	0.49670359	0.85729679	-64.64063
-0.77526263	-0.69373445	0.49670359	0.85729679	-64.64687
-0.77526263	-0.69373445	0.49670359	0.85729679	-64.653109
-0.77526263	-0.69373445	0.49670359	0.85729679	-64.659346
-0.77526263	-0.69373445	0.49670359	0.85729679	-64.665581
-0.77526263	-0.69373445	0.49670359	0.85729679	-64.671814
-0.77526263	-0.69373445	0.49670359	0.85729679	-64.678046
-0.77526263	-0.69373445	0.49670359	0.85729679	-64.684276
-0.77526263	-0.69373445	0.49670359	0.85729679	-64.690504
-0.77526263	-0.69373445	0.49670359	0.85729679	-64.69673
-0.77526263	-0.69373445	0.49670359	0.85729679	-64.702955
-0.77526263	-0.69373445	0.49670359	0.85729679	-64.709178
-0.77526263	-0.69373445	0.49670359	0.85729679	-64.715399
-0.77526263	-0.69373445	0.49670359	0.85729679	-64.721618
-0.77526263	-0.69373445	0.49670359	0.85729679	-64.727836
-0.77526263	-0.69373445	0.49670359	0.85729679	-64.734052
-0.77526263	-0.69373445	0.49670359	0.85729679	-64.740266
-0.77526263	-0.69373445	0.49670359	0.85729679	-64.746479
-0.77526263	-0.69373445	0.49670359	0.85729679	-64.752689
-0.77526263	-0.69373445	0.49670359	0.85729679	-64.758898
-0.77526263	-0.69373445	0.49670359	0.85729679	-64.765106
-0.77526263	-0.69373445	0.49670359	0.85729679	-64.771311
-0.77526263	-0.69373445	0.49670359	0.85729679	-64.777515
-0.77526263	-0.69373445	0.49670359	0.85729679	-64.783717
-0.77526263	-0.69373445	0.49670359	0.85729679	-64.789917
-0.77526263	-0.69373445	0.49670359	0.85729679	-64.796116
-0.77526263	-0.69373445	0.49670359	0.85729679	-64.802312
-0.77526263	-0.69373445	0.49670359	0.85729679	-64.808507
-0.77526263	-0.69373445	0.49670359	0.85729679	-64.814701
-0.77526263	-0.69373445	0.49670359	0.85729679	-64.820892
-0.77526263	-0.69373445	0.49670359	0.85729679	-64.827082
-0.77526263	-0.69373445	0.49670359	0.85729679	-64.83327
-0.77526263	-0.69373445	0.49670359	0.85729679	-64.839456
-0.77526263	-0.69373445	0.49670359	0.85729679	-64.845641
-0.77526263	-0.69373445	0.49670359	0.85729679	-64.851824
-0.77526263	-0.69373445	0.49670359	0.85729679	-64.858005
-0.77526263	-0.69373445	0.49670359	0.85729679	-64.864184
-0.77526263	-0.69373445	0.49670359	0.85729679	-64.870362
-0.77526263	-0.69373445	0.49670359	0.85729679	-64.876537
-0.77526263	-0.69373445	0.49670359	0.85729679	-64.882711
-0.77526263	-0.69373445	0.49670359	0.85729679	-64.888884
-0.77526263	-0.69373445	0.49670359	0.85729679	-64.895054
-0.77526263	-0.69373445	0.49670359	0.85729679	-64.901223
-0.77526263	-0.69373445	0.49670359	0.85729679	-64.90739
-0.77526263	-0.69373445	0.49670359	0.85729679	-64.913555
-0.77526263	-0.69373445	0.49670359	0.85729679	-64.919719
-0.77526263	-0.69373445	0.49670359	0.85729679	-64.925881
-0.77526263	-0.69373445	0.49670359	0.85729679	-64.932041
-0.77526263	-0.69373445	0.49670359	0.85729679	-64.938199
-0.77526263	-0.69373445	0.49670359	0.85729679	-64.944356
-0.77526263	-0.69373445	0.49670359	0.85729679	-64.950511
-0.77526263	-0.69373445	0.49670359	0.85729679	-64.956664
-0.77526263	-0.69373445	0.49670359	0.85729679	-64.962815
-0.77526263	-0.69373445	0.49670359	0.85729679	-64.968965
-0.77526263	-0.69373445	0.49670359	0.85729679	-64.975112
-0.77526263	-0.69373445	0.49670359	0.85729679	-64.981258
-0.77526263	-0.69373445	0.49670359	0.85729679	-64.987403
-0.77526263	-0.69373445	0.49670359	0.85729679	-64.993545
-0.77526263	-0.69373445	0.49670359	0.85729679	-64.999686
-0.77526263	-0.69373445	0.49670359	0.85729679	-65.005825
-0.77526263	-0.69373445	0.49670359	0.85729679	-65.011962
-0.77526263	-0.69373445	0.49670359	0.85729679	-65.018098
-0.77526263	-0.69373445	0.49670359	0.85729679	-65.024232
-0.77526263	-0.69373445	0.49670359	0.85729679	-65.030364
-0.77526263	-0.69373445	0.49670359	0.85729679	-65.036494
-0.77526263	-0.69373445	0.49670359	0.85729679	-65.042622
-0.77526263	-0.69373445	0.49670359	0.85729679	-65.048749
-0.77526263	-0.69373445	0.49670359	0.85729679	-65.054874
-0.77526263	-0.69373445	0.49670359	0.85729679	-65.060997
-0.77526263	-0.69373445	0.49670359	0.85729679	-65.067119
-0.77526263	-0.69373445	0.49670359	0.85729679	-65.073239
-0.77526263	-0.69373445	0.49670359	0.85729679	-65.079357
-0.77526263	-0.69373445	0.49670359	0.85729679	-65.085473
-0.77526263	-0.69373445	0.49670359	0.85729679	-65.091587
-0.77526263	-0.69373445	0.49670359	0.85729679	-65.0977
-0.77526263	-0.69373445	0.49670359	0.85729679	-65.103811
-0.77526263	-0.69373445	0.49670359	0.85729679	-65.10992
-0.77526263	-0.69373445	0.49670359	0.85729679	-65.116027
-0.77526263	-0.69373445	0.49670359	0.85729679	-65.122133
-0.77526263	-0.69373445	0.49670359	0.85729679	-65.128237
-0.77526263	-0.69373445	0.49670359	0.85729679	-65.134339
-0.77526263	-0.69373445	0.49670359	0.85729679	-65.140439
-0.77526263	-0.69373445	0.49670359	0.85729679	-65.146538
-0.77526263	-0.69373445	0.49670359	0.85729679	-65.152635
-0.77526263	-0.69373445	0.49670359	0.85729679	-65.15873
-0.77526263	-0.69373445	0.49670359	0.85729679	-65.164823
-0.77526263	-0.69373445	0.49670359	0.85729679	-65.170915
-0.77526263	-0.69373445	0.49670359	0.85729679	-65.177005
-0.77526263	-0.69373445	0.49670359	0.85729679	-65.183093
-0.77526263	-0.69373445	0.49670359	0.85729679	-65.189179
-0.77526263	-0.69373445	0.49670359	0.85729679	-65.195264
-0.77526263	-0.69373445	0.49670359	0.85729679	-65.201346
-0.77526263	-0.69373445	0.49670359	0.85729679	-65.207427
-0.77526263	-0.69373445	0.49670359	0.85729679	-65.213507
-0.77526263	-0.69373445	0.49670359	0.85729679	-65.219584
-0.77526263	-0.69373445	0.49670359	0.85729679	-65.22566
-0.77526263	-0.69373445	0.49670359	0.85729679	-65.231734
-0.77526263	-0.69373445	0.49670359	0.85729679	-65.237806
-0.77526263	-0.69373445	0.49670359	0.85729679	-65.243876
-0.77526263	-0.69373445	0.49670359	0.85729679	-65.249945
-0.77526263	-0.69373445	0.49670359	0.85729679	-65.256012
-0.77526263	-0.69373445	0.49670359	0.85729679	-65.262077
-0.77526263	-0.69373445	0.49670359	0.85729679	-65.26814
-0.77526263	-0.69373445	0.49670359	0.85729679	-65.274202
-0.77526263	-0.69373445	0.49670359	0.85729679	-65.280262
-0.77526263	-0.69373445	0.49670359	0.85729679	-65.28632
-0.77526263	-0.69373445	0.49670359	0.85729679	-65.292376
-0.77526263	-0.69373445	0.49670359	0.85729679	-65.298431
-0.77526263	-0.69373445	0.49670359	0.85729679	-65.304483
-0.77526263	-0.69373445	0.49670359	0.85729679	-65.310534
-0.77526263	-0.69373445	0.49670359	0.85729679	-65.316583
-0.77526263	-0.69373445	0.49670359	0.85729679	-65.322631
-0.77526263	-0.69373445	0.49670359	0.85729679	-65.328677
-0.77526263	-0.69373445	0.49670359	0.85729679	-65.334721
-0.77526263	-0.69373445	0.49670359	0.85729679	-65.340763
-0.77526263	-0.69373445	0.49670359	0.85729679	-65.346803
-0.77526263	-0.69373445	0.49670359	0.85729679	-65.352842
-0.77526263	-0.69373445	0.49670359	0.85729679	-65.358878
-0.77526263	-0.69373445	0.49670359	0.85729679	-65.364914
-0.77526263	-0.69373445	0.49670359	0.85729679	-65.370947
-0.77526263	-0.69373445	0.49670359	0.85729679	-65.376978
-0.77526263	-0.69373445	0.49670359	0.85729679	-65.383008
-0.77526263	-0.69373445	0.49670359	0.85729679	-65.389036
-0.77526263	-0.69373445	0.49670359	0.85729679	-65.395062
-0.77526263	-0.69373445	0.49670359	0.85729679	-65.401087
-0.77526263	-0.69373445	0.49670359	0.85729679	-65.407109
-0.77526263	-0.69373445	0.49670359	0.85729679	-65.41313
-0.77526263	-0.69373445	0.49670359	0.85729679	-65.419149
-0.77526263	-0.69373445	0.49670359	0.85729679	-65.425167
-0.77526263	-0.69373445	0.49670359	0.85729679	-65.431182
-0.77526263	-0.69373445	0.49670359	0.85729679	-65.437196
-0.77526263	-0.69373445	0.49670359	0.85729679	-65.443208
-0.77526263	-0.69373445	0.49670359	0.85729679	-65.449218
-0.77526263	-0.69373445	0.49670359	0.85729679	-65.455227
-0.77526263	-0.69373445	0.49670359	0.85729679	-65.461233
-0.77526263	-0.69373445	0.49670359	0.85729679	-65.467238
-0.77526263	-0.69373445	0.49670359	0.85729679	-65.473242
-0.77526263	-0.69373445	0.49670359	0.85729679	-65.479243
-0.77526263	-0.69373445	0.49670359	0.85729679	-65.485243
-0.77526263	-0.69373445	0.49670359	0.85729679	-65.49124
-0.77526263	-0.69373445	0.49670359	0.85729679	-65.497236
-0.77526263	-0.69373445	0.49670359	0.85729679	-65.503231
-0.77526263	-0.69373445	0.49670359	0.85729679	-65.509223
-0.77526263	-0.69373445	0.49670359	0.85729679	-65.515214
-0.77526263	-0.69373445	0.49670359	0.85729679	-65.521203
-0.77526263	-0.69373445	0.49670359	0.85729679	-65.52719
-0.77526263	-0.69373445	0.49670359	0.85729679	-65.533175
-0.77526263	-0.69373445	0.49670359	0.85729679	-65.539159
-0.77526263	-0.69373445	0.49670359	0.85729679	-65.545141
-0.77526263	-0.69373445	0.49670359	0.85729679	-65.551121
-0.77526263	-0.69373445	0.49670359	0.85729679	-65.557099
-0.77526263	-0.69373445	0.49670359	0.85729679	-65.563076
-0.77526263	-0.69373445	0.49670359	0.85729679	-65.56905
-0.77526263	-0.69373445	0.49670359	0.85729679	-65.575023
-0.77526263	-0.69373445	0.49670359	0.85729679	-65.580994
-0.77526263	-0.69373445	0.49670359	0.85729679	-65.586964
-0.77526263	-0.69373445	0.49670359	0.85729679	-65.592931
-0.77526263	-0.69373445	0.49670359	0.85729679	-65.598897
-0.77526263	-0.69373445	0.49670359	0.85729679	-65.604861
-0.77526263	-0.69373445	0.49670359	0.85729679	-65.610823
-0.77526263	-0.69373445	0.49670359	0.85729679	-65.616784
-0.77526263	-0.69373445	0.49670359	0.85729679	-65.622743
-0.77526263	-0.69373445	0.49670359	0.85729679	-65.6287
-0.77526263	-0.69373445	0.49670359	0.85729679	-65.634655
-0.77526263	-0.69373445	0.49670359	0.85729679	-65.640608
-0.77526263	-0.69373445	0.49670359	0.85729679	-65.64656
-0.77526263	-0.69373445	0.49670359	0.85729679	-65.652509
-0.77526263	-0.69373445	0.49670359	0.85729679	-65.658457
-0.77526263	-0.69373445	0.49670359	0.85729679	-65.664404
-0.77526263	-0.69373445	0.49670359	0.85729679	-65.670348
-0.77526263	-0.69373445	0.49670359	0.85729679	-65.676291
-0.77526263	-0.69373445	0.49670359	0.85729679	-65.682231
-0.77526263	-0.69373445	0.49670359	0.85729679	-65.688171
-0.77526263	-0.69373445	0.49670359	0.85729679	-65.694108
-0.77526263	-0.69373445	0.49670359	0.85729679	-65.700043
-0.77526263	-0.69373445	0.49670359	0.85729679	-65.705977
-0.77526263	-0.69373445	0.49670359	0.85729679	-65.711909
-0.77526263	-0.69373445	0.49670359	0.85729679	-65.717839
-0.77526263	-0.69373445	0.49670359	0.85729679	-65.723767
-0.77526263	-0.69373445	0.49670359	0.85729679	-65.729694
-0.77526263	-0.69373445	0.49670359	0.85729679	-65.735619
-0.77526263	-0.69373445	0.49670359	0.85729679	-65.741542
-0.77526263	-0.69373445	0.49670359	0.85729679	-65.747463
-0.77526263	-0.69373445	0.49670359	0.85729679	-65.753383
-0.77526263	-0.69373445	0.49670359	0.85729679	-65.7593
-0.77526263	-0.69373445	0.49670359	0.85729679	-65.765216
-0.77526263	-0.69373445	0.49670359	0.85729679	-65.77113
-0.77526263	-0.69373445	0.49670359	0.85729679	-65.777042
-0.77526263	-0.69373445	0.49670359	0.85729679	-65.782953
-0.77526263	-0.69373445	0.49670359	0.85729679	-65.788862
-0.77526263	-0.69373445	0.49670359	0.85729679	-65.794768
-0.77526263	-0.69373445	0.49670359	0.85729679	-65.800674
-0.77526263	-0.69373445	0.49670359	0.85729679	-65.806577
-0.77526263	-0.69373445	0.49670359	0.85729679	-65.812478
-0.77526263	-0.69373445	0.49670359	0.85729679	-65.818378
-0.77526263	-0.69373445	0.49670359	0.85729679	-65.824276
-0.77526263	-0.69373445	0.49670359	0.85729679	-65.830172
-0.77526263	-0.69373445	0.49670359	0.85729679	-65.836067
-0.77526263	-0.69373445	0.49670359	0.85729679	-65.841959
-0.77526263	-0.69373445	0.49670359	0.85729679	-65.84785
-0.77526263	-0.69373445	0.49670359	0.85729679	-65.853739
-0.77526263	-0.69373445	0.49670359	0.85729679	-65.859626
-0.77526263	-0.69373445	0.49670359	0.85729679	-65.865512
-0.77526263	-0.69373445	0.49670359	0.85729679	-65.871395
-0.77526263	-0.69373445	0.49670359	0.85729679	-65.877277
-0.77526263	-0.69373445	0.49670359	0.85729679	-65.883157
-0.77526263	-0.69373445	0.49670359	0.85729679	-65.889036
-0.77526263	-0.69373445	0.49670359	0.85729679	-65.894912
-0.77526263	-0.69373445	0.49670359	0.85729679	-65.900787
-0.77526263	-0.69373445	0.49670359	0.85729679	-65.90666
-0.77526263	-0.69373445	0.49670359	0.85729679	-65.912531
-0.77526263	-0.69373445	0.49670359	0.85729679	-65.9184
-0.77526263	-0.69373445	0.49670359	0.85729679	-65.924267
-0.77526263	-0.69373445	0.49670359	0.85729679	-65.930133
-0.77526263	-0.69373445	0.49670359	0.85729679	-65.935997
-0.77526263	-0.69373445	0.49670359	0.85729679	-65.941859
-0.77526263	-0.69373445	0.49670359	0.85729679	-65.94772
-0.77526263	-0.69373445	0.49670359	0.85729679	-65.953578
-0.77526263	-0.69373445	0.49670359	0.85729679	-65.959435
-0.77526263	-0.69373445	0.49670359	0.85729679	-65.96529
-0.77526263	-0.69373445	0.49670359	0.85729679	-65.971143
-0.77526263	-0.69373445	0.49670359	0.85729679	-65.976994
-0.77526263	-0.69373445	0.49670359	0.85729679	-65.982844
-0.77526263	-0.69373445	0.49670359	0.85729679	-65.988691
-0.77526263	-0.69373445	0.49670359	0.85729679	-65.994537
-0.77526263	-0.69373445	0.49670359	0.85729679	-66.000382
-0.77526263	-0.69373445	0.49670359	0.85729679	-66.006224
-0.77526263	-0.69373445	0.49670359	0.85729679	-66.012064
-0.77526263	-0.69373445	0.49670359	0.85729679	-66.017903
-0.77526263	-0.69373445	0.49670359	0.85729679	-66.02374
-0.77526263	-0.69373445	0.49670359	0.85729679	-66.029575
-0.77526263	-0.69373445	0.49670359	0.85729679	-66.035409
-0.77526263	-0.69373445	0.49670359	0.85729679	-66.04124
-0.77526263	-0.69373445	0.49670359	0.85729679	-66.04707
-0.77526263	-0.69373445	0.49670359	0.85729679	-66.052898
-0.77526263	-0.69373445	0.49670359	0.85729679	-66.058724
-0.77526263	-0.69373445	0.49670359	0.85729679	-66.064548
-0.77526263	-0.69373445	0.49670359	0.85729679	-66.070371
-0.77526263	-0.69373445	0.49670359	0.85729679	-66.076192
-0.77526263	-0.69373445	0.49670359	0.85729679	-66.082011
-0.77526263	-0.69373445	0.49670359	0.85729679	-66.087828
-0.77526263	-0.69373445	0.49670359	0.85729679	-66.093643
-0.77526263	-0.69373445	0.49670359	0.85729679	-66.099457
-0.77526263	-0.69373445	0.49670359	0.85729679	-66.105269
-0.77526263	-0.69373445	0.49670359	0.85729679	-66.111078
-0.77526263	-0.69373445	0.49670359	0.85729679	-66.116887
-0.77526263	-0.69373445	0.49670359	0.85729679	-66.122693
-0.77526263	-0.69373445	0.49670359	0.85729679	-66.128497
-0.77526263	-0.69373445	0.49670359	0.85729679	-66.1343
-0.77526263	-0.69373445	0.49670359	0.85729679	-66.140101
-0.77526263	-0.69373445	0.49670359	0.85729679	-66.1459
-0.77526263	-0.69373445	0.49670359	0.85729679	-66.151698
-0.77526263	-0.69373445	0.49670359	0.85729679	-66.157493
-0.77526263	-0.69373445	0.49670359	0.85729679	-66.163287
-0.77526263	-0.69373445	0.49670359	0.85729679	-66.169079
-0.77526263	-0.69373445	0.49670359	0.85729679	-66.174869
-0.77526263	-0.69373445	0.49670359	0.85729679	-66.180657
-0.77526263	-0.69373445	0.49670359	0.85729679	-66.186444
-0.77526263	-0.69373445	0.49670359	0.85729679	-66.192228
-0.77526263	-0.69373445	0.49670359	0.85729679	-66.198011
-0.77526263	-0.69373445	0.49670359	0.85729679	-66.203792
-0.77526263	-0.69373445	0.49670359	0.85729679	-66.209572
-0.77526263	-0.69373445	0.49670359	0.85729679	-66.215349
-0.77526263	-0.69373445	0.49670359	0.85729679	-66.221125
-0.77526263	-0.69373445	0.49670359	0.85729679	-66.226899
-0.77526263	-0.69373445	0.49670359	0.85729679	-66.232671
-0.77526263	-0.69373445	0.49670359	0.85729679	-66.238441
-0.77526263	-0.69373445	0.49670359	0.85729679	-66.244209
-0.77526263	-0.69373445	0.49670359	0.85729679	-66.249976
-0.77526263	-0.69373445	0.49670359	0.85729679	-66.255741
-0.77526263	-0.69373445	0.49670359	0.85729679	-66.261504
-0.77526263	-0.69373445	0.49670359	0.85729679	-66.267265
-0.77526263	-0.69373445	0.49670359	0.85729679	-66.273024
-0.77526263	-0.69373445	0.49670359	0.85729679	-66.278782
-0.77526263	-0.69373445	0.49670359	0.85729679	-66.284538
-0.77526263	-0.69373445	0.49670359	0.85729679	-66.290292
-0.77526263	-0.69373445	0.49670359	0.85729679	-66.296044
-0.77526263	-0.69373445	0.49670359	0.85729679	-66.301794
-0.77526263	-0.69373445	0.49670359	0.85729679	-66.307543
-0.77526263	-0.69373445	0.49670359	0.85729679	-66.31329
-0.77526263	-0.69373445	0.49670359	0.85729679	-66.319034
-0.77526263	-0.69373445	0.49670359	0.85729679	-66.324778
-0.77526263	-0.69373445	0.49670359	0.85729679	-66.330519
-0.77526263	-0.69373445	0.49670359	0.85729679	-66.336258
-0.77526263	-0.69373445	0.49670359	0.85729679	-66.341996
-0.77526263	-0.69373445	0.49670359	0.85729679	-66.347732
-0.77526263	-0.69373445	0.49670359	0.85729679	-66.353466
-0.77526263	-0.69373445	0.49670359	0.85729679	-66.359198
-0.77526263	-0.69373445	0.49670359	0.85729679	-66.364929
-0.77526263	-0.69373445	0.49670359	0.85729679	-66.370657
-0.77526263	-0.69373445	0.49670359	0.85729679	-66.376384
-0.77526263	-0.69373445	0.49670359	0.85729679	-66.382109
-0.77526263	-0.69373445	0.49670359	0.85729679	-66.387832
-0.77526263	-0.69373445	0.49670359	0.85729679	-66.393554
-0.77526263	-0.69373445	0.49670359	0.85729679	-66.399273
-0.77526263	-0.69373445	0.49670359	0.85729679	-66.404991
-0.77526263	-0.69373445	0.49670359	0.85729679	-66.410707
-0.77526263	-0.69373445	0.49670359	0.85729679	-66.416421
-0.77526263	-0.69373445	0.49670359	0.85729679	-66.422133
-0.77526263	-0.69373445	0.49670359	0.85729679	-66.427844
-0.77526263	-0.69373445	0.49670359	0.85729679	-66.433552
-0.77526263	-0.69373445	0.49670359	0.85729679	-66.439259
-0.77526263	-0.69373445	0.49670359	0.85729679	-66.444964
-0.77526263	-0.69373445	0.49670359	0.85729679	-66.450667
-0.77526263	-0.69373445	0.49670359	0.85729679	-66.456369
-0.77526263	-0.69373445	0.49670359	0.85729679	-66.462068
-0.77526263	-0.69373445	0.49670359	0.85729679	-66.467766
-0.77526263	-0.69373445	0.49670359	0.85729679	-66.473462
-0.77526263	-0.69373445	0.49670359	0.85729679	-66.479156
-0.77526263	-0.69373445	0.49670359	0.85729679	-66.484849
-0.77526263	-0.69373445	0.49670359	0.85729679	-66.490539
-0.77526263	-0.69373445	0.49670359	0.85729679	-66.496228
-0.77526263	-0.69373445	0.49670359	0.85729679	-66.501915
-0.77526263	-0.69373445	0.49670359	0.85729679	-66.5076
-0.77526263	-0.69373445	0.49670359	0.85729679	-66.513283
-0.77526263	-0.69373445	0.49670359	0.85729679	-66.518964
-0.77526263	-0.69373445	0.49670359	0.85729679	-66.524644
-0.77526263	-0.69373445	0.49670359	0.85729679	-66.530322
-0.77526263	-0.69373445	0.49670359	0.85729679	-66.535998
-0.77526263	-0.69373445	0.49670359	0.85729679	-66.541672
-0.77526263	-0.69373445	0.49670359	0.85729679	-66.547344
-0.77526263	-0.69373445	0.49670359	0.85729679	-66.553014
-0.77526263	-0.69373445	0.49670359	0.85729679	-66.558683
-0.77526263	-0.69373445	0.49670359	0.85729679	-66.56435
-0.77526263	-0.69373445	0.49670359	0.85729679	-66.570015
-0.77526263	-0.69373445	0.49670359	0.85729679	-66.575678
-0.77526263	-0.69373445	0.49670359	0.85729679	-66.58134
-0.77526263	-0.69373445	0.49670359	0.85729679	-66.586999
-0.77526263	-0.69373445	0.49670359	0.85729679	-66.592657
-0.77526263	-0.69373445	0.49670359	0.85729679	-66.598313
-0.77526263	-0.69373445	0.49670359	0.85729679	-66.603967
-0.77526263	-0.69373445	0.49670359	0.85729679	-66.609619
-0.77526263	-0.69373445	0.49670359	0.85729679	-66.61527
-0.77526263	-0.69373445	0.49670359	0.85729679	-66.620918
-0.77526263	-0.69373445	0.49670359	0.85729679	-66.626565
-0.77526263	-0.69373445	0.49670359	0.85729679	-66.63221
-0.77526263	-0.69373445	0.49670359	0.85729679	-66.637853
-0.77526263	-0.69373445	0.49670359	0.85729679	-66.643495
-0.77526263	-0.69373445	0.49670359	0.85729679	-66.649134
-0.77526263	-0.69373445	0.49670359	0.85729679	-66.654772
-0.77526263	-0.69373445	0.49670359	0.85729679	-66.660408
-0.77526263	-0.69373445	0.49670359	0.85729679	-66.666042
-0.77526263	-0.69373445	0.49670359	0.85729679	-66.671674
-0.77526263	-0.69373445	0.49670359	0.85729679	-66.677305
-0.77526263	-0.69373445	0.49670359	0.85729679	-66.682933
-0.77526263	-0.69373445	0.49670359	0.85729679	-66.68856
-0.77526263	-0.69373445	0.49670359	0.85729679	-66.694185
-0.77526263	-0.69373445	0.49670359	0.85729679	-66.699808
-0.77526263	-0.69373445	0.49670359	0.85729679	-66.705429
-0.77526263	-0.69373445	0.49670359	0.85729679	-66.711049
-0.77526263	-0.69373445	0.49670359	0.85729679	-66.716666
-0.77526263	-0.69373445	0.49670359	0.85729679	-66.722282
-0.77526263	-0.69373445	0.49670359	0.85729679	-66.727896
-0.77526263	-0.69373445	0.49670359	0.85729679	-66.733508
-0.77526263	-0.69373445	0.49670359	0.85729679	-66.739119
-0.77526263	-0.69373445	0.49670359	0.85729679	-66.744727
-0.77526263	-0.69373445	0.49670359	0.85729679	-66.750334
-0.77526263	-0.69373445	0.49670359	0.85729679	-66.755939
-0.77526263	-0.69373445	0.49670359	0.85729679	-66.761542
-0.77526263	-0.69373445	0.49670359	0.85729679	-66.767143
-0.77526263	-0.69373445	0.49670359	0.85729679	-66.772742
-0.77526263	-0.69373445	0.49670359	0.85729679	-66.77834
-0.77526263	-0.69373445	0.49670359	0.85729679	-66.783935
-0.77526263	-0.69373445	0.49670359	0.85729679	-66.789529
-0.77526263	-0.69373445	0.49670359	0.85729679	-66.795121
-0.77526263	-0.69373445	0.49670359	0.85729679	-66.800712
-0.77526263	-0.69373445	0.49670359	0.85729679	-66.8063
-0.77526263	-0.69373445	0.49670359	0.85729679	-66.811886
-0.77526263	-0.69373445	0.49670359	0.85729679	-66.817471
-0.77526263	-0.69373445	0.49670359	0.85729679	-66.823054
-0.77526263	-0.69373445	0.49670359	0.85729679	-66.828635
-0.77526263	-0.69373445	0.49670359	0.85729679	-66.834214
-0.77526263	-0.69373445	0.49670359	0.85729679	-66.839792
-0.77526263	-0.69373445	0.49670359	0.85729679	-66.845367
-0.77526263	-0.69373445	0.49670359	0.85729679	-66.850941
-0.77526263	-0.69373445	0.49670359	0.85729679	-66.856513
-0.77526263	-0.69373445	0.49670359	0.85729679	-66.862083
-0.77526263	-0.69373445	0.49670359	0.85729679	-66.867651
-0.77526263	-0.69373445	0.49670359	0.85729679	-66.873218
-0.77526263	-0.69373445	0.49670359	0.85729679	-66.878782
-0.77526263	-0.69373445	0.49670359	0.85729679	-66.884345
-0.77526263	-0.69373445	0.49670359	0.85729679	-66.889906
-0.77526263	-0.69373445	0.49670359	0.85729679	-66.895465
-0.77526263	-0.69373445	0.49670359	0.85729679	-66.901022
-0.77526263	-0.69373445	0.49670359	0.85729679	-66.906578
-0.77526263	-0.69373445	0.49670359	0.85729679	-66.912131
-0.77526263	-0.69373445	0.49670359	0.85729679	-66.917683
-0.77526263	-0.69373445	0.49670359	0.85729679	-66.923233
-0.77526263	-0.69373445	0.49670359	0.85729679	-66.928781
-0.77526263	-0.69373445	0.49670359	0.85729679	-66.934327
-0.77526263	-0.69373445	0.49670359	0.85729679	-66.939872
-0.77526263	-0.69373445	0.49670359	0.85729679	-66.945414
-0.77526263	-0.69373445	0.49670359	0.85729679	-66.950955
-0.77526263	-0.69373445	0.49670359	0.85729679	-66.956494
-0.77526263	-0.69373445	0.49670359	0.85729679	-66.962031
-0.77526263	-0.69373445	0.49670359	0.85729679	-66.967567
-0.77526263	-0.69373445	0.49670359	0.85729679	-66.9731
-0.77526263	-0.69373445	0.49670359	0.85729679	-66.978631
-0.77526263	-0.69373445	0.49670359	0.85729679	-66.984161
-0.77526263	-0.69373445	0.49670359	0.85729679	-66.989689
-0.77526263	-0.69373445	0.49670359	0.85729679	-66.995215
-0.77526263	-0.69373445	0.49670359	0.85729679	-67.000739
-0.77526263	-0.69373445	0.49670359	0.85729679	-67.006262
-0.77526263	-0.69373445	0.49670359	0.85729679	-67.011782
-0.77526263	-0.69373445	0.49670359	0.85729679	-67.017301
-0.77526263	-0.69373445	0.49670359	0.85729679	-67.022818
-0.77526263	-0.69373445	0.49670359	0.85729679	-67.028333
-0.77526263	-0.69373445	0.49670359	0.85729679	-67.033846
-0.77526263	-0.69373445	0.49670359	0.85729679	-67.039358
-0.77526263	-0.69373445	0.49670359	0.85729679	-67.044867
-0.77526263	-0.69373445	0.49670359	0.85729679	-67.050375
-0.77526263	-0.69373445	0.49670359	0.85729679	-67.055881
-0.77526263	-0.69373445	0.49670359	0.85729679	-67.061385
-0.77526263	-0.69373445	0.49670359	0.85729679	-67.066887
-0.77526263	-0.69373445	0.49670359	0.85729679	-67.072387
-0.77526263	-0.69373445	0.49670359	0.85729679	-67.077886
-0.77526263	-0.69373445	0.49670359	0.85729679	-67.083382
-0.77526263	-0.69373445	0.49670359	0.85729679	-67.088877
-0.77526263	-0.69373445	0.49670359	0.85729679	-67.09437
-0.77526263	-0.69373445	0.49670359	0.85729679	-67.099861
-0.77526263	-0.69373445	0.49670359	0.85729679	-67.105351
-0.77526263	-0.69373445	0.49670359	0.85729679	-67.110838
-0.77526263	-0.69373445	0.49670359	0.85729679	-67.116324
-0.77526263	-0.69373445	0.49670359	0.85729679	-67.121808
-0.77526263	-0.69373445	0.49670359	0.85729679	-67.12729
-0.77526263	-0.69373445	0.49670359	0.85729679	-67.13277
-0.77526263	-0.69373445	0.49670359	0.85729679	-67.138248
-0.77526263	-0.69373445	0.49670359	0.85729679	-67.143724
-0.77526263	-0.69373445	0.49670359	0.85729679	-67.149199
-0.77526263	-0.69373445	0.49670359	0.85729679	-67.154672
-0.77526263	-0.69373445	0.49670359	0.85729679	-67.160143
-0.77526263	-0.69373445	0.49670359	0.85729679	-67.165612
-0.77526263	-0.69373445	0.49670359	0.85729679	-67.171079
-0.77526263	-0.69373445	0.49670359	0.85729679	-67.176544
-0.77526263	-0.69373445	0.49670359	0.85729679	-67.182008
-0.77526263	-0.69373445	0.49670359	0.85729679	-67.187469
-0.77526263	-0.69373445	0.49670359	0.85729679	-67.192929
-0.77526263	-0.69373445	0.49670359	0.85729679	-67.198387
-0.77526263	-0.69373445	0.49670359	0.85729679	-67.203843
-0.77526263	-0.69373445	0.49670359	0.85729679	-67.209298
-0.77526263	-0.69373445	0.49670359	0.85729679	-67.21475
-0.77526263	-0.69373445	0.49670359	0.85729679	-67.220201
-0.77526263	-0.69373445	0.49670359	0.85729679	-67.22565
-0.77526263	-0.69373445	0.49670359	0.85729679	-67.231096
-0.77526263	-0.69373445	0.49670359	0.85729679	-67.236542
-0.77526263	-0.69373445	0.49670359	0.85729679	-67.241985
-0.77526263	-0.69373445	0.49670359	0.85729679	-67.247426
-0.77526263	-0.69373445	0.49670359	0.85729679	-67.252866
-0.77526263	-0.69373445	0.49670359	0.85729679	-67.258303
-0.77526263	-0.69373445	0.49670359	0.85729679	-67.263739
-0.77526263	-0.69373445	0.49670359	0.85729679	-67.269173
-0.77526263	-0.69373445	0.49670359	0.85729679	-67.274605
-0.77526263	-0.69373445	0.49670359	0.85729679	-67.280036
-0.77526263	-0.69373445	0.49670359	0.85729679	-67.285464
-0.77526263	-0.69373445	0.49670359	0.85729679	-67.290891
-0.77526263	-0.69373445	0.49670359	0.85729679	-67.296316
-0.77526263	-0.69373445	0.49670359	0.85729679	-67.301739
-0.77526263	-0.69373445	0.49670359	0.85729679	-67.30716
-0.77526263	-0.69373445	0.49670359	0.85729679	-67.312579
-0.77526263	-0.69373445	0.49670359	0.85729679	-67.317996
-0.77526263	-0.69373445	0.49670359	0.85729679	-67.323412
-0.77526263	-0.69373445	0.49670359	0.85729679	-67.328826
-0.77526263	-0.69373445	0.49670359	0.85729679	-67.334237
-0.77526263	-0.69373445	0.49670359	0.85729679	-67.339647
-0.77526263	-0.69373445	0.49670359	0.85729679	-67.345056
-0.77526263	-0.69373445	0.49670359	0.85729679	-67.350462
-0.77526263	-0.69373445	0.49670359	0.85729679	-67.355866
-0.77526263	-0.69373445	0.49670359	0.85729679	-67.361269
-0.77526263	-0.69373445	0.49670359	0.85729679	-67.36667
-0.77526263	-0.69373445	0.49670359	0.85729679	-67.372069
-0.77526263	-0.69373445	0.49670359	0.85729679	-67.377466
-0.77526263	-0.69373445	0.49670359	0.85729679	-67.382861
-0.77526263	-0.69373445	0.49670359	0.85729679	-67.388254
-0.77526263	-0.69373445	0.49670359	0.85729679	-67.393646
-0.77526263	-0.69373445	0.49670359	0.85729679	-67.399035
-0.77526263	-0.69373445	0.49670359	0.85729679	-67.404423
-0.77526263	-0.69373445	0.49670359	0.85729679	-67.409809
-0.77526263	-0.69373445	0.49670359	0.85729679	-67.415193
-0.77526263	-0.69373445	0.49670359	0.85729679	-67.420576
-0.77526263	-0.69373445	0.49670359	0.85729679	-67.425956
-0.77526263	-0.69373445	0.49670359	0.85729679	-67.431334
-0.77526263	-0.69373445	0.49670359	0.85729679	-67.436711
-0.77526263	-0.69373445	0.49670359	0.85729679	-67.442086
-0.77526263	-0.69373445	0.49670359	0.85729679	-67.447459
-0.77526263	-0.69373445	0.49670359	0.85729679	-67.45283
-0.77526263	-0.69373445	0.49670359	0.85729679	-67.458199
-0.77526263	-0.69373445	0.49670359	0.85729679	-67.463567
-0.77526263	-0.69373445	0.49670359	0.85729679	-67.468932
-0.77526263	-0.69373445	0.49670359	0.85729679	-67.474296
-0.77526263	-0.69373445	0.49670359	0.85729679	-67.479658
-0.77526263	-0.69373445	0.49670359	0.85729679	-67.485018
-0.77526263	-0.69373445	0.49670359	0.85729679	-67.490376
-0.77526263	-0.69373445	0.49670359	0.85729679	-67.495733
-0.77526263	-0.69373445	0.49670359	0.85729679	-67.501087
-0.77526263	-0.69373445	0.49670359	0.85729679	-67.50644
-0.77526263	-0.69373445	0.49670359	0.85729679	-67.51179
-0.77526263	-0.69373445	0.49670359	0.85729679	-67.517139
-0.77526263	-0.69373445	0.49670359	0.85729679	-67.522486
-0.77526263	-0.69373445	0.49670359	0.85729679	-67.527832
-0.77526263	-0.69373445	0.49670359	0.85729679	-67.533175
-0.77526263	-0.69373445	0.49670359	0.85729679	-67.538516
-0.77526263	-0.69373445	0.49670359	0.85729679	-67.543856
-0.77526263	-0.69373445	0.49670359	0.85729679	-67.549194
-0.77526263	-0.69373445	0.49670359	0.85729679	-67.55453
-0.77526263	-0.69373445	0.49670359	0.85729679	-67.559864
-0.77526263	-0.69373445	0.49670359	0.85729679	-67.565196
-0.77526263	-0.69373445	0.49670359	0.85729679	-67.570526
-0.77526263	-0.69373445	0.49670359	0.85729679	-67.575855
-0.77526263	-0.69373445	0.49670359	0.85729679	-67.581182
-0.77526263	-0.69373445	0.49670359	0.85729679	-67.586506
-0.77526263	-0.69373445	0.49670359	0.85729679	-67.591829
-0.77526263	-0.69373445	0.49670359	0.85729679	-67.59715
-0.77526263	-0.69373445	0.49670359	0.85729679	-67.60247
-0.77526263	-0.69373445	0.49670359	0.85729679	-67.607787
-0.77526263	-0.69373445	0.49670359	0.85729679	-67.613102
-0.77526263	-0.69373445	0.49670359	0.85729679	-67.618416
-0.77526263	-0.69373445	0.49670359	0.85729679	-67.623728
-0.77526263	-0.69373445	0.49670359	0.85729679	-67.629038
-0.77526263	-0.69373445	0.49670359	0.85729679	-67.634346
-0.77526263	-0.69373445	0.49670359	0.85729679	-67.639652
-0.77526263	-0.69373445	0.49670359	0.85729679	-67.644956
-0.77526263	-0.69373445	0.49670359	0.85729679	-67.650259
-0.77526263	-0.69373445	0.49670359	0.85729679	-67.65556
-0.77526263	-0.69373445	0.49670359	0.85729679	-67.660858
-0.77526263	-0.69373445	0.49670359	0.85729679	-67.666155
-0.77526263	-0.69373445	0.49670359	0.85729679	-67.67145
-0.77526263	-0.69373445	0.49670359	0.85729679	-67.676744
-0.77526263	-0.69373445	0.49670359	0.85729679	-67.682035
-0.77526263	-0.69373445	0.49670359	0.85729679	-67.687324
-0.77526263	-0.69373445	0.49670359	0.85729679	-67.692612
-0.77526263	-0.69373445	0.49670359	0.85729679	-67.697898
-0.77526263	-0.69373445	0.49670359	0.85729679	-67.703182
-0.77526263	-0.69373445	0.49670359	0.85729679	-67.708464
-0.77526263	-0.69373445	0.49670359	0.85729679	-67.713744
-0.77526263	-0.69373445	0.49670359	0.85729679	-67.719022
-0.77526263	-0.69373445	0.49670359	0.85729679	-67.724299
-0.77526263	-0.69373445	0.49670359	0.85729679	-67.729573
-0.77526263	-0.69373445	0.49670359	0.85729679	-67.734846
-0.77526263	-0.69373445	0.49670359	0.85729679	-67.740117
-0.77526263	-0.69373445	0.49670359	0.85729679	-67.745386
-0.77526263	-0.69373445	0.49670359	0.85729679	-67.750653
-0.77526263	-0.69373445	0.49670359	0.85729679	-67.755918
-0.77526263	-0.69373445	0.49670359	0.85729679	-67.761182
-0.77526263	-0.69373445	0.49670359	0.85729679	-67.766443
-0.77526263	-0.69373445	0.49670359	0.85729679	-67.771703
-0.77526263	-0.69373445	0.49670359	0.85729679	-67.776961
-0.77526263	-0.69373445	0.49670359	0.85729679	-67.782217
-0.77526263	-0.69373445	0.49670359	0.85729679	-67.787471
-0.77526263	-0.69373445	0.49670359	0.85729679	-67.792723
-0.77526263	-0.69373445	0.49670359	0.85729679	-67.797974
-0.77526263	-0.69373445	0.49670359	0.85729679	-67.803222
-0.77526263	-0.69373445	0.49670359	0.85729679	-67.808469
-0.77526263	-0.69373445	0.49670359	0.85729679	-67.813714
-0.77526263	-0.69373445	0.49670359	0.85729679	-67.818957
-0.77526263	-0.69373445	0.49670359	0.85729679	-67.824198
-0.77526263	-0.69373445	0.49670359	0.85729679	-67.829437
-0.77526263	-0.69373445	0.49670359	0.85729679	-67.834674
-0.77526263	-0.69373445	0.49670359	0.85729679	-67.83991
-0.77526263	-0.69373445	0.49670359	0.85729679	-67.845143
-0.77526263	-0.69373445	0.49670359	0.85729679	-67.850375
-0.77526263	-0.69373445	0.49670359	0.85729679	-67.855605
-0.77526263	-0.69373445	0.49670359	0.85729679	-67.860833
-0.77526263	-0.69373445	0.49670359	0.85729679	-67.866059
-0.77526263	-0.69373445	0.49670359	0.85729679	-67.871284
-0.77526263	-0.69373445	0.49670359	0.85729679	-67.876506
-0.77526263	-0.69373445	0.49670359	0.85729679	-67.881726
-0.77526263	-0.69373445	0.49670359	0.85729679	-67.886945
-0.77526263	-0.69373445	0.49670359	0.85729679	-67.892162
-0.77526263	-0.69373445	0.49670359	0.85729679	-67.897377
-0.77526263	-0.69373445	0.49670359	0.85729679	-67.90259
-0.77526263	-0.69373445	0.49670359	0.85729679	-67.907801
-0.77526263	-0.69373445	0.49670359	0.85729679	-67.913011
-0.77526263	-0.69373445	0.49670359	0.85729679	-67.918218
-0.77526263	-0.69373445	0.49670359	0.85729679	-67.923424
-0.77526263	-0.69373445	0.49670359	0.85729679	-67.928628
-0.77526263	-0.69373445	0.49670359	0.85729679	-67.933829
-0.77526263	-0.69373445	0.49670359	0.85729679	-67.93903
-0.77526263	-0.69373445	0.49670359	0.85729679	-67.944228
-0.77526263	-0.69373445	0.49670359	0.85729679	-67.949424
-0.77526263	-0.69373445	0.49670359	0.85729679	-67.954618
-0.77526263	-0.69373445	0.49670359	0.85729679	-67.959811
-0.77526263	-0.69373445	0.49670359	0.85729679	-67.965002
-0.77526263	-0.69373445	0.49670359	0.85729679	-67.97019
-0.77526263	-0.69373445	0.49670359	0.85729679	-67.975377
-0.77526263	-0.69373445	0.49670359	0.85729679	-67.980563
-0.77526263	-0.69373445	0.49670359	0.85729679	-67.985746
-0.77526263	-0.69373445	0.49670359	0.85729679	-67.990927
-0.77526263	-0.69373445	0.49670359	0.85729679	-67.996107
-0.77526263	-0.69373445	0.49670359	0.85729679	-68.001284
-0.77526263	-0.69373445	0.49670359	0.85729679	-68.00646
-0.77526263	-0.69373445	0.49670359	0.85729679	-68.011634
-0.77526263	-0.69373445	0.49670359	0.85729679	-68.016806
-0.77526263	-0.69373445	0.49670359	0.85729679	-68.021976
-0.77526263	-0.69373445	0.49670359	0.85729679	-68.027144
-0.77526263	-0.69373445	0.49670359	0.85729679	-68.032311
-0.77526263	-0.69373445	0.49670359	0.85729679	-68.037475
-0.77526263	-0.69373445	0.49670359	0.85729679	-68.042638
-0.77526263	-0.69373445	0.49670359	0.85729679	-68.047799
-0.77526263	-0.69373445	0.49670359	0.85729679	-68.052957
-0.77526263	-0.69373445	0.49670359	0.85729679	-68.058115
-0.77526263	-0.69373445	0.49670359	0.85729679	-68.06327
-0.77526263	-0.69373445	0.49670359	0.85729679	-68.068423
-0.77526263	-0.69373445	0.49670359	0.85729679	-68.073574
-0.77526263	-0.69373445	0.49670359	0.85729679	-68.078724
-0.77526263	-0.69373445	0.49670359	0.85729679	-68.083872
-0.77526263	-0.69373445	0.49670359	0.85729679	-68.089017
-0.77526263	-0.69373445	0.49670359	0.85729679	-68.094161
-0.77526263	-0.69373445	0.49670359	0.85729679	-68.099303
-0.77526263	-0.69373445	0.49670359	0.85729679	-68.104444
-0.77526263	-0.69373445	0.49670359	0.85729679	-68.109582
-0.77526263	-0.69373445	0.49670359	0.85729679	-68.114718
-0.77526263	-0.69373445	0.49670359	0.85729679	-68.119853
-0.77526263	-0.69373445	0.49670359	0.85729679	-68.124986
-0.77526263	-0.69373445	0.49670359	0.85729679	-68.130117
-0.77526263	-0.69373445	0.49670359	0.85729679	-68.135246
-0.77526263	-0.69373445	0.49670359	0.85729679	-68.140373
-0.77526263	-0.69373445	0.49670359	0.85729679	-68.145498
-0.77526263	-0.69373445	0.49670359	0.85729679	-68.150621
-0.77526263	-0.69373445	0.49670359	0.85729679	-68.155743
-0.77526263	-0.69373445	0.49670359	0.85729679	-68.160862
-0.77526263	-0.69373445	0.49670359	0.85729679	-68.16598
-0.77526263	-0.69373445	0.49670359	0.85729679	-68.171096
-0.77526263	-0.69373445	0.49670359	0.85729679	-68.17621
-0.77526263	-0.69373445	0.49670359	0.85729679	-68.181322
-0.77526263	-0.69373445	0.49670359	0.85729679	-68.186432
-0.77526263	-0.69373445	0.49670359	0.85729679	-68.19154
-0.77526263	-0.69373445	0.49670359	0.85729679	-68.196647
-0.77526263	-0.69373445	0.49670359	0.85729679	-68.201752
-0.77526263	-0.69373445	0.49670359	0.85729679	-68.206854
-0.77526263	-0.69373445	0.49670359	0.85729679	-68.211955
-0.77526263	-0.69373445	0.49670359	0.85729679	-68.217054
-0.77526263	-0.69373445	0.49670359	0.85729679	-68.222151
-0.77526263	-0.69373445	0.49670359	0.85729679	-68.227246
-0.77526263	-0.69373445	0.49670359	0.85729679	-68.23234
-0.77526263	-0.69373445	0.49670359	0.85729679	-68.237431
-0.77526263	-0.69373445	0.49670359	0.85729679	-68.242521
-0.77526263	-0.69373445	0.49670359	0.85729679	-68.247609
-0.77526263	-0.69373445	0.49670359	0.85729679	-68.252694
-0.77526263	-0.69373445	0.49670359	0.85729679	-68.257778
-0.77526263	-0.69373445	0.49670359	0.85729679	-68.26286
-0.77526263	-0.69373445	0.49670359	0.85729679	-68.267941
-0.77526263	-0.69373445	0.49670359	0.85729679	-68.273019
-0.77526263	-0.69373445	0.49670359	0.85729679	-68.278095
-0.77526263	-0.69373445	0.49670359	0.85729679	-68.28317
-0.77526263	-0.69373445	0.49670359	0.85729679	-68.288243
-0.77526263	-0.69373445	0.49670359	0.85729679	-68.293314
-0.77526263	-0.69373445	0.49670359	0.85729679	-68.298383
-0.77526263	-0.69373445	0.49670359	0.85729679	-68.30345
-0.77526263	-0.69373445	0.49670359	0.85729679	-68.308515
-0.77526263	-0.69373445	0.49670359	0.85729679	-68.313578
-0.77526263	-0.69373445	0.49670359	0.85729679	-68.31864
-0.77526263	-0.69373445	0.49670359	0.85729679	-68.323699
-0.77526263	-0.69373445	0.49670359	0.85729679	-68.328757
-0.77526263	-0.69373445	0.49670359	0.85729679	-68.333813
-0.77526263	-0.69373445	0.49670359	0.85729679	-68.338867
-0.77526263	-0.69373445	0.49670359	0.85729679	-68.343919
-0.77526263	-0.69373445	0.49670359	0.85729679	-68.348969
-0.77526263	-0.69373445	0.49670359	0.85729679	-68.354017
-0.77526263	-0.69373445	0.49670359	0.85729679	-68.359063
-0.77526263	-0.69373445	0.49670359	0.85729679	-68.364108
-0.77526263	-0.69373445	0.49670359	0.85729679	-68.369151
-0.77526263	-0.69373445	0.49670359	0.85729679	-68.374191
-0.77526263	-0.69373445	0.49670359	0.85729679	-68.37923
-0.77526263	-0.69373445	0.49670359	0.85729679	-68.384267
-0.77526263	-0.69373445	0.49670359	0.85729679	-68.389302
-0.77526263	-0.69373445	0.49670359	0.85729679	-68.394336
-0.77526263	-0.69373445	0.49670359	0.85729679	-68.399367
-0.77526263	-0.69373445	0.49670359	0.85729679	-68.404397
-0.77526263	-0.69373445	0.49670359	0.85729679	-68.409424
-0.77526263	-0.69373445	0.49670359	0.85729679	-68.41445
-0.77526263	-0.69373445	0.49670359	0.85729679	-68.419474
-0.77526263	-0.69373445	0.49670359	0.85729679	-68.424496
-0.77526263	-0.69373445	0.49670359	0.85729679	-68.429516
-0.77526263	-0.69373445	0.49670359	0.85729679	-68.434534
-0.77526263	-0.69373445	0.49670359	0.85729679	-68.43955
-0.77526263	-0.69373445	0.49670359	0.85729679	-68.444565
-0.77526263	-0.69373445	0.49670359	0.85729679	-68.449577
-0.77526263	-0.69373445	0.49670359	0.85729679	-68.454588
-0.77526263	-0.69373445	0.49670359	0.85729679	-68.459597
-0.77526263	-0.69373445	0.49670359	0.85729679	-68.464604
-0.77526263	-0.69373445	0.49670359	0.85729679	-68.469609
-0.77526263	-0.69373445	0.49670359	0.85729679	-68.474612
-0.77526263	-0.69373445	0.49670359	0.85729679	-68.479613
-0.77526263	-0.69373445	0.49670359	0.85729679	-68.484613
-0.77526263	-0.69373445	0.49670359	0.85729679	-68.48961
-0.77526263	-0.69373445	0.49670359	0.85729679	-68.494606
-0.77526263	-0.69373445	0.49670359	0.85729679	-68.4996
-0.77526263	-0.69373445	0.49670359	0.85729679	-68.504591
-0.77526263	-0.69373445	0.49670359	0.85729679	-68.509581
-0.77526263	-0.69373445	0.49670359	0.85729679	-68.51457
-0.77526263	-0.69373445	0.49670359	0.85729679	-68.519556
-0.77526263	-0.69373445	0.49670359	0.85729679	-68.52454
-0.77526263	-0.69373445	0.49670359	0.85729679	-68.529523
-0.77526263	-0.69373445	0.49670359	0.85729679	-68.534503
-0.77526263	-0.69373445	0.49670359	0.85729679	-68.539482
-0.77526263	-0.69373445	0.49670359	0.85729679	-68.544459
-0.77526263	-0.69373445	0.49670359	0.85729679	-68.549433
-0.77526263	-0.69373445	0.49670359	0.85729679	-68.554406
-0.77526263	-0.69373445	0.49670359	0.85729679	-68.559378
-0.77526263	-0.69373445	0.49670359	0.85729679	-68.564347
-0.77526263	-0.69373445	0.49670359	0.85729679	-68.569314
-0.77526263	-0.69373445	0.49670359	0.85729679	-68.57428
-0.77526263	-0.69373445	0.49670359	0.85729679	-68.579243
-0.77526263	-0.69373445	0.49670359	0.85729679	-68.584205
-0.77526263	-0.69373445	0.49670359	0.85729679	-68.589165
-0.77526263	-0.69373445	0.49670359	0.85729679	-68.594123
-0.77526263	-0.69373445	0.49670359	0.85729679	-68.599079
-0.77526263	-0.69373445	0.49670359	0.85729679	-68.604033
-0.77526263	-0.69373445	0.49670359	0.85729679	-68.608985
-0.77526263	-0.69373445	0.49670359	0.85729679	-68.613936
-0.77526263	-0.69373445	0.49670359	0.85729679	-68.618884
-0.77526263	-0.69373445	0.49670359	0.85729679	-68.623831
-0.77526263	-0.69373445	0.49670359	0.85729679	-68.628776
-0.77526263	-0.69373445	0.49670359	0.85729679	-68.633719
-0.77526263	-0.69373445	0.49670359	0.85729679	-68.63866
-0.77526263	-0.69373445	0.49670359	0.85729679	-68.643599
-0.77526263	-0.69373445	0.49670359	0.85729679	-68.648536
-0.77526263	-0.69373445	0.49670359	0.85729679	-68.653471
-0.77526263	-0.69373445	0.49670359	0.85729679	-68.658405
-0.77526263	-0.69373445	0.49670359	0.85729679	-68.663336
-0.77526263	-0.69373445	0.49670359	0.85729679	-68.668266
-0.77526263	-0.69373445	0.49670359	0.85729679	-68.673194
-0.77526263	-0.69373445	0.49670359	0.85729679	-68.67812
-0.77526263	-0.69373445	0.49670359	0.85729679	-68.683044
-0.77526263	-0.69373445	0.49670359	0.85729679	-68.687966
-0.77526263	-0.69373445	0.49670359	0.85729679	-68.692886
-0.77526263	-0.69373445	0.49670359	0.85729679	-68.697804
-0.77526263	-0.69373445	0.49670359	0.85729679	-68.702721
-0.77526263	-0.69373445	0.49670359	0.85729679	-68.707635
-0.77526263	-0.69373445	0.49670359	0.85729679	-68.712548
-0.77526263	-0.69373445	0.49670359	0.85729679	-68.717459
-0.77526263	-0.69373445	0.49670359	0.85729679	-68.722368
-0.77526263	-0.69373445	0.49670359	0.85729679	-68.727275
-0.77526263	-0.69373445	0.49670359	0.85729679	-68.73218
-0.77526263	-0.69373445	0.49670359	0.85729679	-68.737083
-0.77526263	-0.69373445	0.49670359	0.85729679	-68.741984
-0.77526263	-0.69373445	0.49670359	0.85729679	-68.746884
-0.77526263	-0.69373445	0.49670359	0.85729679	-68.751781
-0.77526263	-0.69373445	0.49670359	0.85729679	-68.756677
-0.77526263	-0.69373445	0.49670359	0.85729679	-68.761571
-0.77526263	-0.69373445	0.49670359	0.85729679	-68.766463
-0.77526263	-0.69373445	0.49670359	0.85729679	-68.771353
-0.77526263	-0.69373445	0.49670359	0.85729679	-68.776241
-0.77526263	-0.69373445	0.49670359	0.85729679	-68.781127
-0.77526263	-0.69373445	0.49670359	0.85729679	-68.786012
-0.77526263	-0.69373445	0.49670359	0.85729679	-68.790894
-0.77526263	-0.69373445	0.49670359	0.85729679	-68.795775
-0.77526263	-0.69373445	0.49670359	0.85729679	-68.800653
-0.77526263	-0.69373445	0.49670359	0.85729679	-68.80553
-0.77526263	-0.69373445	0.49670359	0.85729679	-68.810405
-0.77526263	-0.69373445	0.49670359	0.85729679	-68.815278
-0.77526263	-0.69373445	0.49670359	0.85729679	-68.820149
-0.77526263	-0.69373445	0.49670359	0.85729679	-68.825018
-0.77526263	-0.69373445	0.49670359	0.85729679	-68.829886
-0.77526263	-0.69373445	0.49670359	0.85729679	-68.834751
-0.77526263	-0.69373445	0.49670359	0.85729679	-68.839615
-0.77526263	-0.69373445	0.49670359	0.85729679	-68.844476
-0.77526263	-0.69373445	0.49670359	0.85729679	-68.849336
-0.77526263	-0.69373445	0.49670359	0.85729679	-68.854194
-0.77526263	-0.69373445	0.49670359	0.85729679	-68.85905
-0.77526263	-0.69373445	0.49670359	0.85729679	-68.863904
-0.77526263	-0.69373445	0.49670359	0.85729679	-68.868756
-0.77526263	-0.69373445	0.49670359	0.85729679	-68.873607
-0.77526263	-0.69373445	0.49670359	0.85729679	-68.878455
-0.77526263	-0.69373445	0.49670359	0.85729679	-68.883302
-0.77526263	-0.69373445	0.49670359	0.85729679	-68.888146
-0.77526263	-0.69373445	0.49670359	0.85729679	-68.892989
-0.77526263	-0.69373445	0.49670359	0.85729679	-68.89783
-0.77526263	-0.69373445	0.49670359	0.85729679	-68.902669
-0.77526263	-0.69373445	0.49670359	0.85729679	-68.907506
-0.77526263	-0.69373445	0.49670359	0.85729679	-68.912341
-0.77526263	-0.69373445	0.49670359	0.85729679	-68.917174
-0.77526263	-0.69373445	0.49670359	0.85729679	-68.922006
-0.77526263	-0.69373445	0.49670359	0.85729679	-68.926835
-0.77526263	-0.69373445	0.49670359	0.85729679	-68.931663
-0.77526263	-0.69373445	0.49670359	0.85729679	-68.936489
-0.77526263	-0.69373445	0.49670359	0.85729679	-68.941312
-0.77526263	-0.69373445	0.49670359	0.85729679	-68.946134
-0.77526263	-0.69373445	0.49670359	0.85729679	-68.950954
-0.77526263	-0.69373445	0.49670359	0.85729679	-68.955773
-0.77526263	-0.69373445	0.49670359	0.85729679	-68.960589
-0.77526263	-0.69373445	0.49670359	0.85729679	-68.965403
-0.77526263	-0.69373445	0.49670359	0.85729679	-68.970216
-0.77526263	-0.69373445	0.49670359	0.85729679	-68.975026
-0.77526263	-0.69373445	0.49670359	0.85729679	-68.979835
-0.77526263	-0.69373445	0.49670359	0.85729679	-68.984642
-0.77526263	-0.69373445	0.49670359	0.85729679	-68.989447
-0.77526263	-0.69373445	0.49670359	0.85729679	-68.99425
-0.77526263	-0.69373445	0.49670359	0.85729679	-68.999051
-0.77526263	-0.69373445	0.49670359	0.85729679	-69.00385
-0.77526263	-0.69373445	0.49670359	0.85729679	-69.008647
-0.77526263	-0.69373445	0.49670359	0.85729679	-69.013443
-0.77526263	-0.69373445	0.49670359	0.85729679	-69.018236
-0.77526263	-0.69373445	0.49670359	0.85729679	-69.023028
-0.77526263	-0.69373445	0.49670359	0.85729679	-69.027818
-0.77526263	-0.69373445	0.49670359	0.85729679	-69.032605
-0.77526263	-0.69373445	0.49670359	0.85729679	-69.037391
-0.77526263	-0.69373445	0.49670359	0.85729679	-69.042175
-0.77526263	-0.69373445	0.49670359	0.85729679	-69.046958
-0.77526263	-0.69373445	0.49670359	0.85729679	-69.051738
-0.77526263	-0.69373445	0.49670359	0.85729679	-69.056516
-0.77526263	-0.69373445	0.49670359	0.85729679	-69.061293
-0.77526263	-0.69373445	0.49670359	0.85729679	-69.066067
-0.77526263	-0.69373445	0.49670359	0.85729679	-69.07084
-0.77526263	-0.69373445	0.49670359	0.85729679	-69.075611
-0.77526263	-0.69373445	0.49670359	0.85729679	-69.08038
-0.77526263	-0.69373445	0.49670359	0.85729679	-69.085147
-0.77526263	-0.69373445	0.49670359	0.85729679	-69.089912
-0.77526263	-0.69373445	0.49670359	0.85729679	-69.094675
-0.77526263	-0.69373445	0.49670359	0.85729679	-69.099436
-0.77526263	-0.69373445	0.49670359	0.85729679	-69.104196
-0.77526263	-0.69373445	0.49670359	0.85729679	-69.108953
-0.77526263	-0.69373445	0.49670359	0.85729679	-69.113709
-0.77526263	-0.69373445	0.49670359	0.85729679	-69.118463
-0.77526263	-0.69373445	0.49670359	0.85729679	-69.123214
-0.77526263	-0.69373445	0.49670359	0.85729679	-69.127964
-0.77526263	-0.69373445	0.49670359	0.85729679	-69.132712
-0.77526263	-0.69373445	0.49670359	0.85729679	-69.137459
-0.77526263	-0.69373445	0.49670359	0.85729679	-69.142203
-0.77526263	-0.69373445	0.49670359	0.85729679	-69.146945
-0.77526263	-0.69373445	0.49670359	0.85729679	-69.151686
-0.77526263	-0.69373445	0.49670359	0.85729679	-69.156424
-0.77526263	-0.69373445	0.49670359	0.85729679	-69.161161
-0.77526263	-0.69373445	0.49670359	0.85729679	-69.165896
-0.77526263	-0.69373445	0.49670359	0.85729679	-69.170629
-0.77526263	-0.69373445	0.49670359	0.85729679	-69.175359
-0.77526263	-0.69373445	0.49670359	0.85729679	-69.180089
-0.77526263	-0.69373445	0.49670359	0.85729679	-69.184816
-0.77526263	-0.69373445	0.49670359	0.85729679	-69.189541
-0.77526263	-0.69373445	0.49670359	0.85729679	-69.194264
-0.77526263	-0.69373445	0.49670359	0.85729679	-69.198986
-0.77526263	-0.69373445	0.49670359	0.85729679	-69.203705
-0.77526263	-0.69373445	0.49670359	0.85729679	-69.208423
-0.77526263	-0.69373445	0.49670359	0.85729679	-69.213139
-0.77526263	-0.69373445	0.49670359	0.85729679	-69.217853
-0.77526263	-0.69373445	0.49670359	0.85729679	-69.222565
-0.77526263	-0.69373445	0.49670359	0.85729679	-69.227275
-0.77526263	-0.69373445	0.49670359	0.85729679	-69.231983
-0.77526263	-0.69373445	0.49670359	0.85729679	-69.236689
-0.77526263	-0.69373445	0.49670359	0.85729679	-69.241394
-0.77526263	-0.69373445	0.49670359	0.85729679	-69.246096
-0.77526263	-0.69373445	0.49670359	0.85729679	-69.250797
-0.77526263	-0.69373445	0.49670359	0.85729679	-69.255496
-0.77526263	-0.69373445	0.49670359	0.85729679	-69.260192
-0.77526263	-0.69373445	0.49670359	0.85729679	-69.264887
-0.77526263	-0.69373445	0.49670359	0.85729679	-69.26958
-0.77526263	-0.69373445	0.49670359	0.85729679	-69.274271
-0.77526263	-0.69373445	0.49670359	0.85729679	-69.278961
-0.77526263	-0.69373445	0.49670359	0.85729679	-69.283648
-0.77526263	-0.69373445	0.49670359	0.85729679	-69.288333
-0.77526263	-0.69373445	0.49670359	0.85729679	-69.293017
-0.77526263	-0.69373445	0.49670359	0.85729679	-69.297698
-0.77526263	-0.69373445	0.49670359	0.85729679	-69.302378
-0.77526263	-0.69373445	0.49670359	0.85729679	-69.307056
-0.77526263	-0.69373445	0.49670359	0.85729679	-69.311732
-0.77526263	-0.69373445	0.49670359	0.85729679	-69.316406
-0.77526263	-0.69373445	0.49670359	0.85729679	-69.321078
-0.77526263	-0.69373445	0.49670359	0.85729679	-69.325748
-0.77526263	-0.69373445	0.49670359	0.85729679	-69.330416
-0.77526263	-0.69373445	0.49670359	0.85729679	-69.335083
-0.77526263	-0.69373445	0.49670359	0.85729679	-69.339747
-0.77526263	-0.69373445	0.49670359	0.85729679	-69.34441
-0.77526263	-0.69373445	0.49670359	0.85729679	-69.349071
-0.77526263	-0.69373445	0.49670359	0.85729679	-69.35373
-0.77526263	-0.69373445	0.49670359	0.85729679	-69.358386
-0.77526263	-0.69373445	0.49670359	0.85729679	-69.363041
-0.77526263	-0.69373445	0.49670359	0.85729679	-69.367695
-0.77526263	-0.69373445	0.49670359	0.85729679	-69.372346
-0.77526263	-0.69373445	0.49670359	0.85729679	-69.376995
-0.77526263	-0.69373445	0.49670359	0.85729679	-69.381642
-0.77526263	-0.69373445	0.49670359	0.85729679	-69.386288
-0.77526263	-0.69373445	0.49670359	0.85729679	-69.390932
-0.77526263	-0.69373445	0.49670359	0.85729679	-69.395573
-0.77526263	-0.69373445	0.49670359	0.85729679	-69.400213
-0.77526263	-0.69373445	0.49670359	0.85729679	-69.404851
-0.77526263	-0.69373445	0.49670359	0.85729679	-69.409487
-0.77526263	-0.69373445	0.49670359	0.85729679	-69.414121
-0.77526263	-0.69373445	0.49670359	0.85729679	-69.418753
-0.77526263	-0.69373445	0.49670359	0.85729679	-69.423384
-0.77526263	-0.69373445	0.49670359	0.85729679	-69.428012
-0.77526263	-0.69373445	0.49670359	0.85729679	-69.432638
-0.77526263	-0.69373445	0.49670359	0.85729679	-69.437263
-0.77526263	-0.69373445	0.49670359	0.85729679	-69.441886
-0.77526263	-0.69373445	0.49670359	0.85729679	-69.446507
-0.77526263	-0.69373445	0.49670359	0.85729679	-69.451125
-0.77526263	-0.69373445	0.49670359	0.85729679	-69.455742
-0.77526263	-0.69373445	0.49670359	0.85729679	-69.460357
-0.77526263	-0.69373445	0.49670359	0.85729679	-69.464971
-0.77526263	-0.69373445	0.49670359	0.85729679	-69.469582
-0.77526263	-0.69373445	0.49670359	0.85729679	-69.474191
-0.77526263	-0.69373445	0.49670359	0.85729679	-69.478799
-0.77526263	-0.69373445	0.49670359	0.85729679	-69.483404
-0.77526263	-0.69373445	0.49670359	0.85729679	-69.488008
-0.77526263	-0.69373445	0.49670359	0.85729679	-69.49261
-0.77526263	-0.69373445	0.49670359	0.85729679	-69.49721
-0.77526263	-0.69373445	0.49670359	0.85729679	-69.501808
-0.77526263	-0.69373445	0.49670359	0.85729679	-69.506404
-0.77526263	-0.69373445	0.49670359	0.85729679	-69.510998
-0.77526263	-0.69373445	0.49670359	0.85729679	-69.51559
-0.77526263	-0.69373445	0.49670359	0.85729679	-69.52018
-0.77526263	-0.69373445	0.49670359	0.85729679	-69.524769
-0.77526263	-0.69373445	0.49670359	0.85729679	-69.529355
-0.77526263	-0.69373445	0.49670359	0.85729679	-69.53394
-0.77526263	-0.69373445	0.49670359	0.85729679	-69.538523
-0.77526263	-0.69373445	0.49670359	0.85729679	-69.543104
-0.77526263	-0.69373445	0.49670359	0.85729679	-69.547682
-0.77526263	-0.69373445	0.49670359	0.85729679	-69.55226
-0.77526263	-0.69373445	0.49670359	0.85729679	-69.556835
-0.77526263	-0.69373445	0.49670359	0.85729679	-69.561408
-0.77526263	-0.69373445	0.49670359	0.85729679	-69.565979
-0.77526263	-0.69373445	0.49670359	0.85729679	-69.570549
-0.77526263	-0.69373445	0.49670359	0.85729679	-69.575116
-0.77526263	-0.69373445	0.49670359	0.85729679	-69.579682
-0.77526263	-0.69373445	0.49670359	0.85729679	-69.584245
-0.77526263	-0.69373445	0.49670359	0.85729679	-69.588807
-0.77526263	-0.69373445	0.49670359	0.85729679	-69.593367
-0.77526263	-0.69373445	0.49670359	0.85729679	-69.597925
-0.77526263	-0.69373445	0.49670359	0.85729679	-69.602481
-0.77526263	-0.69373445	0.49670359	0.85729679	-69.607035
-0.77526263	-0.69373445	0.49670359	0.85729679	-69.611588
-0.77526263	-0.69373445	0.49670359	0.85729679	-69.616138
-0.77526263	-0.69373445	0.49670359	0.85729679	-69.620686
-0.77526263	-0.69373445	0.49670359	0.85729679	-69.625233
-0.77526263	-0.69373445	0.49670359	0.85729679	-69.629778
-0.77526263	-0.69373445	0.49670359	0.85729679	-69.63432
-0.77526263	-0.69373445	0.49670359	0.85729679	-69.638861
-0.77526263	-0.69373445	0.49670359	0.85729679	-69.6434
-0.77526263	-0.69373445	0.49670359	0.85729679	-69.647937
-0.77526263	-0.69373445	0.49670359	0.85729679	-69.652472
-0.77526263	-0.69373445	0.49670359	0.85729679	-69.657006
-0.77526263	-0.69373445	0.49670359	0.85729679	-69.661537
-0.77526263	-0.69373445	0.49670359	0.85729679	-69.666066
-0.77526263	-0.69373445	0.49670359	0.85729679	-69.670594
-0.77526263	-0.69373445	0.49670359	0.85729679	-69.675119
-0.77526263	-0.69373445	0.49670359	0.85729679	-69.679643
-0.77526263	-0.69373445	0.49670359	0.85729679	-69.684165
-0.77526263	-0.69373445	0.49670359	0.85729679	-69.688685
-0.77526263	-0.69373445	0.49670359	0.85729679	-69.693203
-0.77526263	-0.69373445	0.49670359	0.85729679	-69.697719
-0.77526263	-0.69373445	0.49670359	0.85729679	-69.702233
-0.77526263	-0.69373445	0.49670359	0.85729679	-69.706745
-0.77526263	-0.69373445	0.49670359	0.85729679	-69.711256
-0.77526263	-0.69373445	0.49670359	0.85729679	-69.715764
-0.77526263	-0.69373445	0.49670359	0.85729679	-69.720271
-0.77526263	-0.69373445	0.49670359	0.85729679	-69.724775
-0.77526263	-0.69373445	0.49670359	0.85729679	-69.729278
-0.77526263	-0.69373445	0.49670359	0.85729679	-69.733779
-0.77526263	-0.69373445	0.49670359	0.85729679	-69.738278
-0.77526263	-0.69373445	0.49670359	0.85729679	-69.742775
-0.77526263	-0.69373445	0.49670359	0.85729679	-69.74727
-0.77526263	-0.69373445	0.49670359	0.85729679	-69.751763
-0.77526263	-0.69373445	0.49670359	0.85729679	-69.756255
-0.77526263	-0.69373445	0.49670359	0.85729679	-69.760744
-0.77526263	-0.69373445	0.49670359	0.85729679	-69.765232
-0.77526263	-0.69373445	0.49670359	0.85729679	-69.769717
-0.77526263	-0.69373445	0.49670359	0.85729679	-69.774201
-0.77526263	-0.69373445	0.49670359	0.85729679	-69.778683
-0.77526263	-0.69373445	0.49670359	0.85729679	-69.783162
-0.77526263	-0.69373445	0.49670359	0.85729679	-69.78764
-0.77526263	-0.69373445	0.49670359	0.85729679	-69.792116
-0.77526263	-0.69373445	0.49670359	0.85729679	-69.796591
-0.77526263	-0.69373445	0.49670359	0.85729679	-69.801063
-0.77526263	-0.69373445	0.49670359	0.85729679	-69.805533
-0.77526263	-0.69373445	0.49670359	0.85729679	-69.810002
-0.77526263	-0.69373445	0.49670359	0.85729679	-69.814468
-0.77526263	-0.69373445	0.49670359	0.85729679	-69.818933
-0.77526263	-0.69373445	0.49670359	0.85729679	-69.823396
-0.77526263	-0.69373445	0.49670359	0.85729679	-69.827856
-0.77526263	-0.69373445	0.49670359	0.85729679	-69.832315
-0.77526263	-0.69373445	0.49670359	0.85729679	-69.836772
-0.77526263	-0.69373445	0.49670359	0.85729679	-69.841227
-0.77526263	-0.69373445	0.49670359	0.85729679	-69.84568
-0.77526263	-0.69373445	0.49670359	0.85729679	-69.850132
-0.77526263	-0.69373445	0.49670359	0.85729679	-69.854581
-0.77526263	-0.69373445	0.49670359	0.85729679	-69.859029
-0.77526263	-0.69373445	0.49670359	0.85729679	-69.863474
-0.77526263	-0.69373445	0.49670359	0.85729679	-69.867918
-0.77526263	-0.69373445	0.49670359	0.85729679	-69.87236
-0.77526263	-0.69373445	0.49670359	0.85729679	-69.876799
-0.77526263	-0.69373445	0.49670359	0.85729679	-69.881237
-0.77526263	-0.69373445	0.49670359	0.85729679	-69.885673
-0.77526263	-0.69373445	0.49670359	0.85729679	-69.890107
-0.77526263	-0.69373445	0.49670359	0.85729679	-69.89454
-0.77526263	-0.69373445	0.49670359	0.85729679	-69.89897
-0.77526263	-0.69373445	0.49670359	0.85729679	-69.903398
-0.77526263	-0.69373445	0.49670359	0.85729679	-69.907825
-0.77526263	-0.69373445	0.49670359	0.85729679	-69.912249
-0.77526263	-0.69373445	0.49670359	0.85729679	-69.916672
-0.77526263	-0.69373445	0.49670359	0.85729679	-69.921093
-0.77526263	-0.69373445	0.49670359	0.85729679	-69.925512
-0.77526263	-0.69373445	0.49670359	0.85729679	-69.929929
-0.77526263	-0.69373445	0.49670359	0.85729679	-69.934344
-0.77526263	-0.69373445	0.49670359	0.85729679	-69.938757
-0.77526263	-0.69373445	0.49670359	0.85729679	-69.943168
-0.77526263	-0.69373445	0.49670359	0.85729679	-69.947577
-0.77526263	-0.69373445	0.49670359	0.85729679	-69.951985
-0.77526263	-0.69373445	0.49670359	0.85729679	-69.95639
-0.77526263	-0.69373445	0.49670359	0.85729679	-69.960794
-0.77526263	-0.69373445	0.49670359	0.85729679	-69.965195
-0.77526263	-0.69373445	0.49670359	0.85729679	-69.969595
-0.77526263	-0.69373445	0.49670359	0.85729679	-69.973993
-0.77526263	-0.69373445	0.49670359	0.85729679	-69.978389
-0.77526263	-0.69373445	0.49670359	0.85729679	-69.982783
-0.77526263	-0.69373445	0.49670359	0.85729679	-69.987175
-0.77526263	-0.69373445	0.49670359	0.85729679	-69.991565
-0.77526263	-0.69373445	0.49670359	0.85729679	-69.995954
-0.77526263	-0.69373445	0.49670359	0.85729679	-70.00034
-0.77526263	-0.69373445	0.49670359	0.85729679	-70.004725
-0.77526263	-0.69373445	0.49670359	0.85729679	-70.009107
-0.77526263	-0.69373445	0.49670359	0.85729679	-70.013488
-0.77526263	-0.69373445	0.49670359	0.85729679	-70.017867
-0.77526263	-0.69373445	0.49670359	0.85729679	-70.022244
-0.77526263	-0.69373445	0.49670359	0.85729679	-70.026619
-0.77526263	-0.69373445	0.49670359	0.85729679	-70.030992
-0.77526263	-0.69373445	0.49670359	0.85729679	-70.035363
-0.77526263	-0.69373445	0.49670359	0.85729679	-70.039732
-0.77526263	-0.69373445	0.49670359	0.85729679	-70.044099
-0.77526263	-0.69373445	0.49670359	0.85729679	-70.048465
-0.77526263	-0.69373445	0.49670359	0.85729679	-70.052828
-0.77526263	-0.69373445	0.49670359	0.85729679	-70.05719
-0.77526263	-0.69373445	0.49670359	0.85729679	-70.06155
-0.77526263	-0.69373445	0.49670359	0.85729679	-70.065907
-0.77526263	-0.69373445	0.49670359	0.85729679	-70.070263
-0.77526263	-0.69373445	0.49670359	0.85729679	-70.074617
-0.77526263	-0.69373445	0.49670359	0.85729679	-70.078969
-0.77526263	-0.69373445	0.49670359	0.85729679	-70.083319
-0.77526263	-0.69373445	0.49670359	0.85729679	-70.087668
-0.77526263	-0.69373445	0.49670359	0.85729679	-70.092014
-0.77526263	-0.69373445	0.49670359	0.85729679	-70.096358
-0.77526263	-0.69373445	0.49670359	0.85729679	-70.100701
-0.77526263	-0.69373445	0.49670359	0.85729679	-70.105042
-0.77526263	-0.69373445	0.49670359	0.85729679	-70.10938
-0.77526263	-0.69373445	0.49670359	0.85729679	-70.113717
-0.77526263	-0.69373445	0.49670359	0.85729679	-70.118052
-0.77526263	-0.69373445	0.49670359	0.85729679	-70.122385
-0.77526263	-0.69373445	0.49670359	0.85729679	-70.126716
-0.77526263	-0.69373445	0.49670359	0.85729679	-70.131045
-0.77526263	-0.69373445	0.49670359	0.85729679	-70.135372
-0.77526263	-0.69373445	0.49670359	0.85729679	-70.139698
-0.77526263	-0.69373445	0.49670359	0.85729679	-70.144021
-0.77526263	-0.69373445	0.49670359	0.85729679	-70.148343
-0.77526263	-0.69373445	0.49670359	0.85729679	-70.152662
-0.77526263	-0.69373445	0.49670359	0.85729679	-70.15698
-0.77526263	-0.69373445	0.49670359	0.85729679	-70.161296
-0.77526263	-0.69373445	0.49670359	0.85729679	-70.16561
-0.77526263	-0.69373445	0.49670359	0.85729679	-70.169921
-0.77526263	-0.69373445	0.49670359	0.85729679	-70.174232
-0.77526263	-0.69373445	0.49670359	0.85729679	-70.17854
-0.77526263	-0.69373445	0.49670359	0.85729679	-70.182846
-0.77526263	-0.69373445	0.49670359	0.85729679	-70.18715
-0.77526263	-0.69373445	0.49670359	0.85729679	-70.191453
-0.77526263	-0.69373445	0.49670359	0.85729679	-70.195753
-0.77526263	-0.69373445	0.49670359	0.85729679	-70.200052
-0.77526263	-0.69373445	0.49670359	0.85729679	-70.204348
-0.77526263	-0.69373445	0.49670359	0.85729679	-70.208643
-0.77526263	-0.69373445	0.49670359	0.85729679	-70.212936
-0.77526263	-0.69373445	0.49670359	0.85729679	-70.217227
-0.77526263	-0.69373445	0.49670359	0.85729679	-70.221516
-0.77526263	-0.69373445	0.49670359	0.85729679	-70.225803
-0.77526263	-0.69373445	0.49670359	0.85729679	-70.230089
-0.77526263	-0.69373445	0.49670359	0.85729679	-70.234372
-0.77526263	-0.69373445	0.49670359	0.85729679	-70.238653
-0.77526263	-0.69373445	0.49670359	0.85729679	-70.242933
-0.77526263	-0.69373445	0.49670359	0.85729679	-70.24721
-0.77526263	-0.69373445	0.49670359	0.85729679	-70.251486
-0.77526263	-0.69373445	0.49670359	0.85729679	-70.25576
-0.77526263	-0.69373445	0.49670359	0.85729679	-70.260032
-0.77526263	-0.69373445	0.49670359	0.85729679	-70.264302
-0.77526263	-0.69373445	0.49670359	0.85729679	-70.26857
-0.77526263	-0.69373445	0.49670359	0.85729679	-70.272836
-0.77526263	-0.69373445	0.49670359	0.85729679	-70.2771
-0.77526263	-0.69373445	0.49670359	0.85729679	-70.281362
-0.77526263	-0.69373445	0.49670359	0.85729679	-70.285623
-0.77526263	-0.69373445	0.49670359	0.85729679	-70.289881
-0.77526263	-0.69373445	0.49670359	0.85729679	-70.294138
-0.77526263	-0.69373445	0.49670359	0.85729679	-70.298393
-0.77526263	-0.69373445	0.49670359	0.85729679	-70.302645
-0.77526263	-0.69373445	0.49670359	0.85729679	-70.306896
-0.77526263	-0.69373445	0.49670359	0.85729679	-70.311145
-0.77526263	-0.69373445	0.49670359	0.85729679	-70.315392
-0.77526263	-0.69373445	0.49670359	0.85729679	-70.319637
-0.77526263	-0.69373445	0.49670359	0.85729679	-70.32388
-0.77526263	-0.69373445	0.49670359	0.85729679	-70.328122
-0.77526263	-0.69373445	0.49670359	0.85729679	-70.332361
-0.77526263	-0.69373445	0.49670359	0.85729679	-70.336599
-0.77526263	-0.69373445	0.49670359	0.85729679	-70.340834
-0.77526263	-0.69373445	0.49670359	0.85729679	-70.345068
-0.77526263	-0.69373445	0.49670359	0.85729679	-70.3493
-0.77526263	-0.69373445	0.49670359	0.85729679	-70.35353
-0.77526263	-0.69373445	0.49670359	0.85729679	-70.357757
-0.77526263	-0.69373445	0.49670359	0.85729679	-70.361983
-0.77526263	-0.69373445	0.49670359	0.85729679	-70.366208
-0.77526263	-0.69373445	0.49670359	0.85729679	-70.37043
-0.77526263	-0.69373445	0.49670359	0.85729679	-70.37465
-0.77526263	-0.69373445	0.49670359	0.85729679	-70.378868
-0.77526263	-0.69373445	0.49670359	0.85729679	-70.383085
-0.77526263	-0.69373445	0.49670359	0.85729679	-70.3873
-0.77526263	-0.69373445	0.49670359	0.85729679	-70.391512
-0.77526263	-0.69373445	0.49670359	0.85729679	-70.395723
-0.77526263	-0.69373445	0.49670359	0.85729679	-70.399932
-0.77526263	-0.69373445	0.49670359	0.85729679	-70.404139
-0.77526263	-0.69373445	0.49670359	0.85729679	-70.408344
-0.77526263	-0.69373445	0.49670359	0.85729679	-70.412547
-0.77526263	-0.69373445	0.49670359	0.85729679	-70.416748
-0.77526263	-0.69373445	0.49670359	0.85729679	-70.420947
-0.77526263	-0.69373445	0.49670359	0.85729679	-70.425145
-0.77526263	-0.69373445	0.49670359	0.85729679	-70.42934
-0.77526263	-0.69373445	0.49670359	0.85729679	-70.433534
-0.77526263	-0.69373445	0.49670359	0.85729679	-70.437725
-0.77526263	-0.69373445	0.49670359	0.85729679	-70.441915
-0.77526263	-0.69373445	0.49670359	0.85729679	-70.446103
-0.77526263	-0.69373445	0.49670359	0.85729679	-70.450289
-0.77526263	-0.69373445	0.49670359	0.85729679	-70.454473
-0.77526263	-0.69373445	0.49670359	0.85729679	-70.458655
-0.77526263	-0.69373445	0.49670359	0.85729679	-70.462835
-0.77526263	-0.69373445	0.49670359	0.85729679	-70.467013
-0.77526263	-0.69373445	0.49670359	0.85729679	-70.47119
-0.77526263	-0.69373445	0.49670359	0.85729679	-70.475364
-0.77526263	-0.69373445	0.49670359	0.85729679	-70.479537
-0.77526263	-0.69373445	0.49670359	0.85729679	-70.483707
-0.77526263	-0.69373445	0.49670359	0.85729679	-70.487876
-0.77526263	-0.69373445	0.49670359	0.85729679	-70.492043
-0.77526263	-0.69373445	0.49670359	0.85729679	-70.496208
-0.77526263	-0.69373445	0.49670359	0.85729679	-70.500371
-0.77526263	-0.69373445	0.49670359	0.85729679	-70.504532
-0.77526263	-0.69373445	0.49670359	0.85729679	-70.508691
-0.77526263	-0.69373445	0.49670359	0.85729679	-70.512848
-0.77526263	-0.69373445	0.49670359	0.85729679	-70.517004
-0.77526263	-0.69373445	0.49670359	0.85729679	-70.521157
-0.77526263	-0.69373445	0.49670359	0.85729679	-70.525308
-0.77526263	-0.69373445	0.49670359	0.85729679	-70.529458
-0.77526263	-0.69373445	0.49670359	0.85729679	-70.533606
-0.77526263	-0.69373445	0.49670359	0.85729679	-70.537752
-0.77526263	-0.69373445	0.49670359	0.85729679	-70.541895
-0.77526263	-0.69373445	0.49670359	0.85729679	-70.546037
-0.77526263	-0.69373445	0.49670359	0.85729679	-70.550178
-0.77526263	-0.69373445	0.49670359	0.85729679	-70.554316
-0.77526263	-0.69373445	0.49670359	0.85729679	-70.558452
-0.77526263	-0.69373445	0.49670359	0.85729679	-70.562586
-0.77526263	-0.69373445	0.49670359	0.85729679	-70.566719
-0.77526263	-0.69373445	0.49670359	0.85729679	-70.570849
-0.77526263	-0.69373445	0.49670359	0.85729679	-70.574978
-0.77526263	-0.69373445	0.49670359	0.85729679	-70.579104
-0.77526263	-0.69373445	0.49670359	0.85729679	-70.583229
-0.77526263	-0.69373445	0.49670359	0.85729679	-70.587352
-0.77526263	-0.69373445	0.49670359	0.85729679	-70.591473
-0.77526263	-0.69373445	0.49670359	0.85729679	-70.595592
-0.77526263	-0.69373445	0.49670359	0.85729679	-70.599709
-0.77526263	-0.69373445	0.49670359	0.85729679	-70.603825
-0.77526263	-0.69373445	0.49670359	0.85729679	-70.607938
-0.77526263	-0.69373445	0.49670359	0.85729679	-70.612049
-0.77526263	-0.69373445	0.49670359	0.85729679	-70.616159
-0.77526263	-0.69373445	0.49670359	0.85729679	-70.620266
-0.77526263	-0.69373445	0.49670359	0.85729679	-70.624372
-0.77526263	-0.69373445	0.49670359	0.85729679	-70.628476
-0.77526263	-0.69373445	0.49670359	0.85729679	-70.632578
-0.77526263	-0.69373445	0.49670359	0.85729679	-70.636678
-0.77526263	-0.69373445	0.49670359	0.85729679	-70.640776
-0.77526263	-0.69373445	0.49670359	0.85729679	-70.644872
-0.77526263	-0.69373445	0.49670359	0.85729679	-70.648966
-0.77526263	-0.69373445	0.49670359	0.85729679	-70.653058
-0.77526263	-0.69373445	0.49670359	0.85729679	-70.657149
-0.77526263	-0.69373445	0.49670359	0.85729679	-70.661237
-0.77526263	-0.69373445	0.49670359	0.85729679	-70.665324
-0.77526263	-0.69373445	0.49670359	0.85729679	-70.669408
-0.77526263	-0.69373445	0.49670359	0.85729679	-70.673491
-0.77526263	-0.69373445	0.49670359	0.85729679	-70.677572
-0.77526263	-0.69373445	0.49670359	0.85729679	-70.681651
-0.77526263	-0.69373445	0.49670359	0.85729679	-70.685728
-0.77526263	-0.69373445	0.49670359	0.85729679	-70.689803
-0.77526263	-0.69373445	0.49670359	0.85729679	-70.693876
-0.77526263	-0.69373445	0.49670359	0.85729679	-70.697948
-0.77526263	-0.69373445	0.49670359	0.85729679	-70.702017
-0.77526263	-0.69373445	0.49670359	0.85729679	-70.706085
-0.77526263	-0.69373445	0.49670359	0.85729679	-70.71015
-0.77526263	-0.69373445	0.49670359	0.85729679	-70.714214
-0.77526263	-0.69373445	0.49670359	0.85729679	-70.718275
-0.77526263	-0.69373445	0.49670359	0.85729679	-70.722335
-0.77526263	-0.69373445	0.49670359	0.85729679	-70.726393
-0.77526263	-0.69373445	0.49670359	0.85729679	-70.730449
-0.77526263	-0.69373445	0.49670359	0.85729679	-70.734503
-0.77526263	-0.69373445	0.49670359	0.85729679	-70.738556
-0.77526263	-0.69373445	0.49670359	0.85729679	-70.742606
-0.77526263	-0.69373445	0.49670359	0.85729679	-70.746654
-0.77526263	-0.69373445	0.49670359	0.85729679	-70.750701
-0.77526263	-0.69373445	0.49670359	0.85729679	-70.754745
-0.77526263	-0.69373445	0.49670359	0.85729679	-70.758788
-0.77526263	-0.69373445	0.49670359	0.85729679	-70.762829
-0.77526263	-0.69373445	0.49670359	0.85729679	-70.766868
-0.77526263	-0.69373445	0.49670359	0.85729679	-70.770904
-0.77526263	-0.69373445	0.49670359	0.85729679	-70.774939
-0.77526263	-0.69373445	0.49670359	0.85729679	-70.778973
-0.77526263	-0.69373445	0.49670359	0.85729679	-70.783004
-0.77526263	-0.69373445	0.49670359	0.85729679	-70.787033
-0.77526263	-0.69373445	0.49670359	0.85729679	-70.79106
-0.77526263	-0.69373445	0.49670359	0.85729679	-70.795086
-0.77526263	-0.69373445	0.49670359	0.85729679	-70.799109
-0.77526263	-0.69373445	0.49670359	0.85729679	-70.803131
-0.77526263	-0.69373445	0.49670359	0.85729679	-70.807151
-0.77526263	-0.69373445	0.49670359	0.85729679	-70.811169
-0.77526263	-0.69373445	0.49670359	0.85729679	-70.815185
-0.77526263	-0.69373445	0.49670359	0.85729679	-70.819199
-0.77526263	-0.69373445	0.49670359	0.85729679	-70.823211
-0.77526263	-0.69373445	0.49670359	0.85729679	-70.827221
-0.77526263	-0.69373445	0.49670359	0.85729679	-70.831229
-0.77526263	-0.69373445	0.49670359	0.85729679	-70.835236
-0.77526263	-0.69373445	0.49670359	0.85729679	-70.83924
-0.77526263	-0.69373445	0.49670359	0.85729679	-70.843243
-0.77526263	-0.69373445	0.49670359	0.85729679	-70.847243
-0.77526263	-0.69373445	0.49670359	0.85729679	-70.851242
-0.77526263	-0.69373445	0.49670359	0.85729679	-70.855239
-0.77526263	-0.69373445	0.49670359	0.85729679	-70.859234
-0.77526263	-0.69373445	0.49670359	0.85729679	-70.863227
-0.77526263	-0.69373445	0.49670359	0.85729679	-70.867218
-0.77526263	-0.69373445	0.49670359	0.85729679	-70.871207
-0.77526263	-0.69373445	0.49670359	0.85729679	-70.875194
-0.77526263	-0.69373445	0.49670359	0.85729679	-70.87918
-0.77526263	-0.69373445	0.49670359	0.85729679	-70.883163
-0.77526263	-0.69373445	0.49670359	0.85729679	-70.887145
-0.77526263	-0.69373445	0.49670359	0.85729679	-70.891124
-0.77526263	-0.69373445	0.49670359	0.85729679	-70.895102
-0.77526263	-0.69373445	0.49670359	0.85729679	-70.899078
-0.77526263	-0.69373445	0.49670359	0.85729679	-70.903052
-0.77526263	-0.69373445	0.49670359	0.85729679	-70.907024
-0.77526263	-0.69373445	0.49670359	0.85729679	-70.910994
-0.77526263	-0.69373445	0.49670359	0.85729679	-70.914962
-0.77526263	-0.69373445	0.49670359	0.85729679	-70.918928
-0.77526263	-0.69373445	0.49670359	0.85729679	-70.922893
-0.77526263	-0.69373445	0.49670359	0.85729679	-70.926855
-0.77526263	-0.69373445	0.49670359	0.85729679	-70.930816
-0.77526263	-0.69373445	0.49670359	0.85729679	-70.934774
-0.77526263	-0.69373445	0.49670359	0.85729679	-70.938731
-0.77526263	-0.69373445	0.49670359	0.85729679	-70.942686
-0.77526263	-0.69373445	0.49670359	0.85729679	-70.946639
-0.77526263	-0.69373445	0.49670359	0.85729679	-70.95059
-0.77526263	-0.69373445	0.49670359	0.85729679	-70.954539
-0.77526263	-0.69373445	0.49670359	0.85729679	-70.958486
-0.77526263	-0.69373445	0.49670359	0.85729679	-70.962432
-0.77526263	-0.69373445	0.49670359	0.85729679	-70.966375
-0.77526263	-0.69373445	0.49670359	0.85729679	-70.970316
-0.77526263	-0.69373445	0.49670359	0.85729679	-70.974256
-0.77526263	-0.69373445	0.49670359	0.85729679	-70.978194
-0.77526263	-0.69373445	0.49670359	0.85729679	-70.982129
-0.77526263	-0.69373445	0.49670359	0.85729679	-70.986063
-0.77526263	-0.69373445	0.49670359	0.85729679	-70.989995
-0.77526263	-0.69373445	0.49670359	0.85729679	-70.993925
-0.77526263	-0.69373445	0.49670359	0.85729679	-70.997853
-0.77526263	-0.69373445	0.49670359	0.85729679	-71.00178
-0.77526263	-0.69373445	0.49670359	0.85729679	-71.005704
-0.77526263	-0.69373445	0.49670359	0.85729679	-71.009626
-0.77526263	-0.69373445	0.49670359	0.85729679	-71.013547
-0.77526263	-0.69373445	0.49670359	0.85729679	-71.017465
-0.77526263	-0.69373445	0.49670359	0.85729679	-71.021382
-0.77526263	-0.69373445	0.49670359	0.85729679	-71.025297
-0.77526263	-0.69373445	0.49670359	0.85729679	-71.02921
-0.77526263	-0.69373445	0.49670359	0.85729679	-71.033121
-0.77526263	-0.69373445	0.49670359	0.85729679	-71.03703
-0.77526263	-0.69373445	0.49670359	0.85729679	-71.040937
-0.77526263	-0.69373445	0.49670359	0.85729679	-71.044842
-0.77526263	-0.69373445	0.49670359	0.85729679	-71.048745
-0.77526263	-0.69373445	0.49670359	0.85729679	-71.052647
-0.77526263	-0.69373445	0.49670359	0.85729679	-71.056546
-0.77526263	-0.69373445	0.49670359	0.85729679	-71.060444
-0.77526263	-0.69373445	0.49670359	0.85729679	-71.06434
-0.77526263	-0.69373445	0.49670359	0.85729679	-71.068233
-0.77526263	-0.69373445	0.49670359	0.85729679	-71.072125
-0.77526263	-0.69373445	0.49670359	0.85729679	-71.076015
-0.77526263	-0.69373445	0.49670359	0.85729679	-71.079903
-0.77526263	-0.69373445	0.49670359	0.85729679	-71.083789
-0.77526263	-0.69373445	0.49670359	0.85729679	-71.087674
-0.77526263	-0.69373445	0.49670359	0.85729679	-71.091556
-0.77526263	-0.69373445	0.49670359	0.85729679	-71.095436
-0.77526263	-0.69373445	0.49670359	0.85729679	-71.099315
-0.77526263	-0.69373445	0.49670359	0.85729679	-71.103192
-0.77526263	-0.69373445	0.49670359	0.85729679	-71.107066
-0.77526263	-0.69373445	0.49670359	0.85729679	-71.110939
-0.77526263	-0.69373445	0.49670359	0.85729679	-71.11481
-0.77526263	-0.69373445	0.49670359	0.85729679	-71.118679
-0.77526263	-0.69373445	0.49670359	0.85729679	-71.122546
-0.77526263	-0.69373445	0.49670359	0.85729679	-71.126411
-0.77526263	-0.69373445	0.49670359	0.85729679	-71.130275
-0.77526263	-0.69373445	0.49670359	0.85729679	-71.134136
-0.77526263	-0.69373445	0.49670359	0.85729679	-71.137995
-0.77526263	-0.69373445	0.49670359	0.85729679	-71.141853
-0.77526263	-0.69373445	0.49670359	0.85729679	-71.145709
-0.77526263	-0.69373445	0.49670359	0.85729679	-71.149562
-0.77526263	-0.69373445	0.49670359	0.85729679	-71.153414
-0.77526263	-0.69373445	0.49670359	0.85729679	-71.157264
-0.77526263	-0.69373445	0.49670359	0.85729679	-71.161112
-0.77526263	-0.69373445	0.49670359	0.85729679	-71.164958
-0.77526263	-0.69373445	0.49670359	0.85729679	-71.168802
-0.77526263	-0.69373445	0.49670359	0.85729679	-71.172645
-0.77526263	-0.69373445	0.49670359	0.85729679	-71.176485
-0.77526263	-0.69373445	0.49670359	0.85729679	-71.180324
-0.77526263	-0.69373445	0.49670359	0.85729679	-71.18416
-0.77526263	-0.69373445	0.49670359	0.85729679	-71.187995
-0.77526263	-0.69373445	0.49670359	0.85729679	-71.191828
-0.77526263	-0.69373445	0.49670359	0.85729679	-71.195659
-0.77526263	-0.69373445	0.49670359	0.85729679	-71.199488
-0.77526263	-0.69373445	0.49670359	0.85729679	-71.203315
-0.77526263	-0.69373445	0.49670359	0.85729679	-71.20714
-0.77526263	-0.69373445	0.49670359	0.85729679	-71.210963
-0.77526263	-0.69373445	0.49670359	0.85729679	-71.214784
-0.77526263	-0.69373445	0.49670359	0.85729679	-71.218604
-0.77526263	-0.69373445	0.49670359	0.85729679	-71.222421
-0.77526263	-0.69373445	0.49670359	0.85729679	-71.226237
-0.77526263	-0.69373445	0.49670359	0.85729679	-71.230051
-0.77526263	-0.69373445	0.49670359	0.85729679	-71.233863
-0.77526263	-0.69373445	0.49670359	0.85729679	-71.237672
-0.77526263	-0.69373445	0.49670359	0.85729679	-71.241481
-0.77526263	-0.69373445	0.49670359	0.85729679	-71.245287
-0.77526263	-0.69373445	0.49670359	0.85729679	-71.249091
-0.77526263	-0.69373445	0.49670359	0.85729679	-71.252893
-0.77526263	-0.69373445	0.49670359	0.85729679	-71.256694
-0.77526263	-0.69373445	0.49670359	0.85729679	-71.260492
-0.77526263	-0.69373445	0.49670359	0.85729679	-71.264289
-0.77526263	-0.69373445	0.49670359	0.85729679	-71.268083
-0.77526263	-0.69373445	0.49670359	0.85729679	-71.271876
-0.77526263	-0.69373445	0.49670359	0.85729679	-71.275667
-0.77526263	-0.69373445	0.49670359	0.85729679	-71.279456
-0.77526263	-0.69373445	0.49670359	0.85729679	-71.283243
-0.77526263	-0.69373445	0.49670359	0.85729679	-71.287028
-0.77526263	-0.69373445	0.49670359	0.85729679	-71.290811
-0.77526263	-0.69373445	0.49670359	0.85729679	-71.294593
-0.77526263	-0.69373445	0.49670359	0.85729679	-71.298372
-0.77526263	-0.69373445	0.49670359	0.85729679	-71.30215
-0.77526263	-0.69373445	0.49670359	0.85729679	-71.305925
-0.77526263	-0.69373445	0.49670359	0.85729679	-71.309699
-0.77526263	-0.69373445	0.49670359	0.85729679	-71.313471
-0.77526263	-0.69373445	0.49670359	0.85729679	-71.317241
-0.77526263	-0.69373445	0.49670359	0.85729679	-71.321009
-0.77526263	-0.69373445	0.49670359	0.85729679	-71.324775
-0.77526263	-0.69373445	0.49670359	0.85729679	-71.328539
-0.77526263	-0.69373445	0.49670359	0.85729679	-71.332301
-0.77526263	-0.69373445	0.49670359	0.85729679	-71.336062
-0.77526263	-0.69373445	0.49670359	0.85729679	-71.33982
-0.77526263	-0.69373445	0.49670359	0.85729679	-71.343577
-0.77526263	-0.69373445	0.49670359	0.85729679	-71.347332
-0.77526263	-0.69373445	0.49670359	0.85729679	-71.351084
-0.77526263	-0.69373445	0.49670359	0.85729679	-71.354835
-0.77526263	-0.69373445	0.49670359	0.85729679	-71.358584
-0.77526263	-0.69373445	0.49670359	0.85729679	-71.362331
-0.77526263	-0.69373445	0.49670359	0.85729679	-71.366077
-0.77526263	-0.69373445	0.49670359	0.85729679	-71.36982
-0.77526263	-0.69373445	0.49670359	0.85729679	-71.373561
-0.77526263	-0.69373445	0.49670359	0.85729679	-71.377301
-0.77526263	-0.69373445	0.49670359	0.85729679	-71.381038
-0.77526263	-0.69373445	0.49670359	0.85729679	-71.384774
-0.77526263	-0.69373445	0.49670359	0.85729679	-71.388508
-0.77526263	-0.69373445	0.49670359	0.85729679	-71.39224
-0.77526263	-0.69373445	0.49670359	0.85729679	-71.39597
-0.77526263	-0.69373445	0.49670359	0.85729679	-71.399698
-0.77526263	-0.69373445	0.49670359	0.85729679	-71.403424
-0.77526263	-0.69373445	0.49670359	0.85729679	-71.407148
-0.77526263	-0.69373445	0.49670359	0.85729679	-71.41087
-0.77526263	-0.69373445	0.49670359	0.85729679	-71.414591
-0.77526263	-0.69373445	0.49670359	0.85729679	-71.418309
-0.77526263	-0.69373445	0.49670359	0.85729679	-71.422026
-0.77526263	-0.69373445	0.49670359	0.85729679	-71.425741
-0.77526263	-0.69373445	0.49670359	0.85729679	-71.429454
-0.77526263	-0.69373445	0.49670359	0.85729679	-71.433165
-0.77526263	-0.69373445	0.49670359	0.85729679	-71.436874
-0.77526263	-0.69373445	0.49670359	0.85729679	-71.440581
-0.77526263	-0.69373445	0.49670359	0.85729679	-71.444286
-0.77526263	-0.69373445	0.49670359	0.85729679	-71.447989
-0.77526263	-0.69373445	0.49670359	0.85729679	-71.451691
-0.77526263	-0.69373445	0.49670359	0.85729679	-71.45539
-0.77526263	-0.69373445	0.49670359	0.85729679	-71.459088
-0.77526263	-0.69373445	0.49670359	0.85729679	-71.462784
-0.77526263	-0.69373445	0.49670359	0.85729679	-71.466478
-0.77526263	-0.69373445	0.49670359	0.85729679	-71.470169
-0.77526263	-0.69373445	0.49670359	0.85729679	-71.47386
-0.77526263	-0.69373445	0.49670359	0.85729679	-71.477548
-0.77526263	-0.69373445	0.49670359	0.85729679	-71.481234
-0.77526263	-0.69373445	0.49670359	0.85729679	-71.484918
-0.77526263	-0.69373445	0.49670359	0.85729679	-71.488601
-0.77526263	-0.69373445	0.49670359	0.85729679	-71.492281
-0.77526263	-0.69373445	0.49670359	0.85729679	-71.49596
-0.77526263	-0.69373445	0.49670359	0.85729679	-71.499637
-0.77526263	-0.69373445	0.49670359	0.85729679	-71.503311
-0.77526263	-0.69373445	0.49670359	0.85729679	-71.506984
-0.77526263	-0.69373445	0.49670359	0.85729679	-71.510655
-0.77526263	-0.69373445	0.49670359	0.85729679	-71.514324
-0.77526263	-0.69373445	0.49670359	0.85729679	-71.517992
-0.77526263	-0.69373445	0.49670359	0.85729679	-71.521657
-0.77526263	-0.69373445	0.49670359	0.85729679	-71.52532
-0.77526263	-0.69373445	0.49670359	0.85729679	-71.528982
-0.77526263	-0.69373445	0.49670359	0.85729679	-71.532642
-0.77526263	-0.69373445	0.49670359	0.85729679	-71.536299
-0.77526263	-0.69373445	0.49670359	0.85729679	-71.539955
-0.77526263	-0.69373445	0.49670359	0.85729679	-71.543609
-0.77526263	-0.69373445	0.49670359	0.85729679	-71.547261
-0.77526263	-0.69373445	0.49670359	0.85729679	-71.550911
-0.77526263	-0.69373445	0.49670359	0.85729679	-71.554559
-0.77526263	-0.69373445	0.49670359	0.85729679	-71.558206
-0.77526263	-0.69373445	0.49670359	0.85729679	-71.56185
-0.77526263	-0.69373445	0.49670359	0.85729679	-71.565493
-0.77526263	-0.69373445	0.49670359	0.85729679	-71.569133
-0.77526263	-0.69373445	0.49670359	0.85729679	-71.572772
-0.77526263	-0.69373445	0.49670359	0.85729679	-71.576409
-0.77526263	-0.69373445	0.49670359	0.85729679	-71.580044
-0.77526263	-0.69373445	0.49670359	0.85729679	-71.583677
-0.77526263	-0.69373445	0.49670359	0.85729679	-71.587308
-0.77526263	-0.69373445	0.49670359	0.85729679	-71.590937
-0.77526263	-0.69373445	0.49670359	0.85729679	-71.594565
-0.77526263	-0.69373445	0.49670359	0.85729679	-71.59819
-0.77526263	-0.69373445	0.49670359	0.85729679	-71.601814
-0.77526263	-0.69373445	0.49670359	0.85729679	-71.605435
-0.77526263	-0.69373445	0.49670359	0.85729679	-71.609055
-0.77526263	-0.69373445	0.49670359	0.85729679	-71.612673
-0.77526263	-0.69373445	0.49670359	0.85729679	-71.616289
-0.77526263	-0.69373445	0.49670359	0.85729679	-71.619903
-0.77526263	-0.69373445	0.49670359	0.85729679	-71.623515
-0.77526263	-0.69373445	0.49670359	0.85729679	-71.627126
-0.77526263	-0.69373445	0.49670359	0.85729679	-71.630734
-0.77526263	-0.69373445	0.49670359	0.85729679	-71.63434
-0.77526263	-0.69373445	0.49670359	0.85729679	-71.637945
-0.77526263	-0.69373445	0.49670359	0.85729679	-71.641548
-0.77526263	-0.69373445	0.49670359	0.85729679	-71.645148
-0.77526263	-0.69373445	0.49670359	0.85729679	-71.648747
-0.77526263	-0.69373445	0.49670359	0.85729679	-71.652344
-0.77526263	-0.69373445	0.49670359	0.85729679	-71.655939
-0.77526263	-0.69373445	0.49670359	0.85729679	-71.659533
-0.77526263	-0.69373445	0.49670359	0.85729679	-71.663124
-0.77526263	-0.69373445	0.49670359	0.85729679	-71.666713
-0.77526263	-0.69373445	0.49670359	0.85729679	-71.670301
-0.77526263	-0.69373445	0.49670359	0.85729679	-71.673886
-0.77526263	-0.69373445	0.49670359	0.85729679	-71.67747
-0.77526263	-0.69373445	0.49670359	0.85729679	-71.681052
-0.77526263	-0.69373445	0.49670359	0.85729679	-71.684632
-0.77526263	-0.69373445	0.49670359	0.85729679	-71.68821
-0.77526263	-0.69373445	0.49670359	0.85729679	-71.691786
-0.77526263	-0.69373445	0.49670359	0.85729679	-71.69536
-0.77526263	-0.69373445	0.49670359	0.85729679	-71.698933
-0.77526263	-0.69373445	0.49670359	0.85729679	-71.702503
-0.77526263	-0.69373445	0.49670359	0.85729679	-71.706072
-0.77526263	-0.69373445	0.49670359	0.85729679	-71.709638
-0.77526263	-0.69373445	0.49670359	0.85729679	-71.713203
-0.77526263	-0.69373445	0.49670359	0.85729679	-71.716766
-0.77526263	-0.69373445	0.49670359	0.85729679	-71.720327
-0.77526263	-0.69373445	0.49670359	0.85729679	-71.723886
-0.77526263	-0.69373445	0.49670359	0.85729679	-71.727443
-0.77526263	-0.69373445	0.49670359	0.85729679	-71.730999
-0.77526263	-0.69373445	0.49670359	0.85729679	-71.734552
-0.77526263	-0.69373445	0.49670359	0.85729679	-71.738104
-0.77526263	-0.69373445	0.49670359	0.85729679	-71.741653
-0.77526263	-0.69373445	0.49670359	0.85729679	-71.745201
-0.77526263	-0.69373445	0.49670359	0.85729679	-71.748747
-0.77526263	-0.69373445	0.49670359	0.85729679	-71.752291
-0.77526263	-0.69373445	0.49670359	0.85729679	-71.755833
-0.77526263	-0.69373445	0.49670359	0.85729679	-71.759373
-0.77526263	-0.69373445	0.49670359	0.85729679	-71.762911
-0.77526263	-0.69373445	0.49670359	0.85729679	-71.766447
-0.77526263	-0.69373445	0.49670359	0.85729679	-71.769982
-0.77526263	-0.69373445	0.49670359	0.85729679	-71.773514
-0.77526263	-0.69373445	0.49670359	0.85729679	-71.777045
-0.77526263	-0.69373445	0.49670359	0.85729679	-71.780574
-0.77526263	-0.69373445	0.49670359	0.85729679	-71.784101
-0.77526263	-0.69373445	0.49670359	0.85729679	-71.787626
-0.77526263	-0.69373445	0.49670359	0.85729679	-71.791149
-0.77526263	-0.69373445	0.49670359	0.85729679	-71.79467
-0.77526263	-0.69373445	0.49670359	0.85729679	-71.798189
-0.77526263	-0.69373445	0.49670359	0.85729679	-71.801707
-0.77526263	-0.69373445	0.49670359	0.85729679	-71.805222
-0.77526263	-0.69373445	0.49670359	0.85729679	-71.808736
-0.77526263	-0.69373445	0.49670359	0.85729679	-71.812248
-0.77526263	-0.69373445	0.49670359	0.85729679	-71.815758
-0.77526263	-0.69373445	0.49670359	0.85729679	-71.819266
-0.77526263	-0.69373445	0.49670359	0.85729679	-71.822772
-0.77526263	-0.69373445	0.49670359	0.85729679	-71.826276
-0.77526263	-0.69373445	0.49670359	0.85729679	-71.829778
-0.77526263	-0.69373445	0.49670359	0.85729679	-71.833279
-0.77526263	-0.69373445	0.49670359	0.85729679	-71.836777
-0.77526263	-0.69373445	0.49670359	0.85729679	-71.840274
-0.77526263	-0.69373445	0.49670359	0.85729679	-71.843768
-0.77526263	-0.69373445	0.49670359	0.85729679	-71.847261
-0.77526263	-0.69373445	0.49670359	0.85729679	-71.850752
-0.77526263	-0.69373445	0.49670359	0.85729679	-71.854241
-0.77526263	-0.69373445	0.49670359	0.85729679	-71.857728
-0.77526263	-0.69373445	0.49670359	0.85729679	-71.861214
-0.77526263	-0.69373445	0.49670359	0.85729679	-71.864697
-0.77526263	-0.69373445	0.49670359	0.85729679	-71.868179
-0.77526263	-0.69373445	0.49670359	0.85729679	-71.871658
-0.77526263	-0.69373445	0.49670359	0.85729679	-71.875136
-0.77526263	-0.69373445	0.49670359	0.85729679	-71.878612
-0.77526263	-0.69373445	0.49670359	0.85729679	-71.882086
-0.77526263	-0.69373445	0.49670359	0.85729679	-71.885558
-0.77526263	-0.69373445	0.49670359	0.85729679	-71.889028
-0.77526263	-0.69373445	0.49670359	0.85729679	-71.892496
-0.77526263	-0.69373445	0.49670359	0.85729679	-71.895963
-0.77526263	-0.69373445	0.49670359	0.85729679	-71.899427
-0.77526263	-0.69373445	0.49670359	0.85729679	-71.90289
-0.77526263	-0.69373445	0.49670359	0.85729679	-71.90635
-0.77526263	-0.69373445	0.49670359	0.85729679	-71.909809
-0.77526263	-0.69373445	0.49670359	0.85729679	-71.913266
-0.77526263	-0.69373445	0.49670359	0.85729679	-71.916721
-0.77526263	-0.69373445	0.49670359	0.85729679	-71.920174
-0.77526263	-0.69373445	0.49670359	0.85729679	-71.923625
-0.77526263	-0.69373445	0.49670359	0.85729679	-71.927075
-0.77526263	-0.69373445	0.49670359	0.85729679	-71.930522
-0.77526263	-0.69373445	0.49670359	0.85729679	-71.933968
-0.77526263	-0.69373445	0.49670359	0.85729679	-71.937412
-0.77526263	-0.69373445	0.49670359	0.85729679	-71.940853
-0.77526263	-0.69373445	0.49670359	0.85729679	-71.944293
-0.77526263	-0.69373445	0.49670359	0.85729679	-71.947731
-0.77526263	-0.69373445	0.49670359	0.85729679	-71.951168
-0.77526263	-0.69373445	0.49670359	0.85729679	-71.954602
-0.77526263	-0.69373445	0.49670359	0.85729679	-71.958034
-0.77526263	-0.69373445	0.49670359	0.85729679	-71.961465
-0.77526263	-0.69373445	0.49670359	0.85729679	-71.964893
-0.77526263	-0.69373445	0.49670359	0.85729679	-71.96832
-0.77526263	-0.69373445	0.49670359	0.85729679	-71.971745
-0.77526263	-0.69373445	0.49670359	0.85729679	-71.975168
-0.77526263	-0.69373445	0.49670359	0.85729679	-71.978589
-0.77526263	-0.69373445	0.49670359	0.85729679	-71.982008
-0.77526263	-0.69373445	0.49670359	0.85729679	-71.985425
-0.77526263	-0.69373445	0.49670359	0.85729679	-71.988841
-0.77526263	-0.69373445	0.49670359	0.85729679	-71.992254
-0.77526263	-0.69373445	0.49670359	0.85729679	-71.995666
-0.77526263	-0.69373445	0.49670359	0.85729679	-71.999076
-0.77526263	-0.69373445	0.49670359	0.85729679	-72.002484
-0.77526263	-0.69373445	0.49670359	0.85729679	-72.00589
-0.77526263	-0.69373445	0.49670359	0.85729679	-72.009294
-0.77526263	-0.69373445	0.49670359	0.85729679	-72.012696
-0.77526263	-0.69373445	0.49670359	0.85729679	-72.016096
-0.77526263	-0.69373445	0.49670359	0.85729679	-72.019495
-0.77526263	-0.69373445	0.49670359	0.85729679	-72.022891
-0.77526263	-0.69373445	0.49670359	0.85729679	-72.026286
-0.77526263	-0.69373445	0.49670359	0.85729679	-72.029679
-0.77526263	-0.69373445	0.49670359	0.85729679	-72.03307
-0.77526263	-0.69373445	0.49670359	0.85729679	-72.036459
-0.77526263	-0.69373445	0.49670359	0.85729679	-72.039846
-0.77526263	-0.69373445	0.49670359	0.85729679	-72.043231
-0.77526263	-0.69373445	0.49670359	0.85729679	-72.046614
-0.77526263	-0.69373445	0.49670359	0.85729679	-72.049996
-0.77526263	-0.69373445	0.49670359	0.85729679	-72.053375
-0.77526263	-0.69373445	0.49670359	0.85729679	-72.056753
-0.77526263	-0.69373445	0.49670359	0.85729679	-72.060129
-0.77526263	-0.69373445	0.49670359	0.85729679	-72.063503
-0.77526263	-0.69373445	0.49670359	0.85729679	-72.066875
-0.77526263	-0.69373445	0.49670359	0.85729679	-72.070245
-0.77526263	-0.69373445	0.49670359	0.85729679	-72.073613
-0.77526263	-0.69373445	0.49670359	0.85729679	-72.07698
-0.77526263	-0.69373445	0.49670359	0.85729679	-72.080344
-0.77526263	-0.69373445	0.49670359	0.85729679	-72.083707
-0.77526263	-0.69373445	0.49670359	0.85729679	-72.087068
-0.77526263	-0.69373445	0.49670359	0.85729679	-72.090427
-0.77526263	-0.69373445	0.49670359	0.85729679	-72.093784
-0.77526263	-0.69373445	0.49670359	0.85729679	-72.097139
-0.77526263	-0.69373445	0.49670359	0.85729679	-72.100492
-0.77526263	-0.69373445	0.49670359	0.85729679	-72.103843
-0.77526263	-0.69373445	0.49670359	0.85729679	-72.107193
-0.77526263	-0.69373445	0.49670359	0.85729679	-72.11054
-0.77526263	-0.69373445	0.49670359	0.85729679	-72.113886
-0.77526263	-0.69373445	0.49670359	0.85729679	-72.11723
-0.77526263	-0.69373445	0.49670359	0.85729679	-72.120572
-0.77526263	-0.69373445	0.49670359	0.85729679	-72.123912
-0.77526263	-0.69373445	0.49670359	0.85729679	-72.12725
-0.77526263	-0.69373445	0.49670359	0.85729679	-72.130586
-0.77526263	-0.69373445	0.49670359	0.85729679	-72.133921
-0.77526263	-0.69373445	0.49670359	0.85729679	-72.137253
-0.77526263	-0.69373445	0.49670359	0.85729679	-72.140584
-0.77526263	-0.69373445	0.49670359	0.85729679	-72.143913
-0.77526263	-0.69373445	0.49670359	0.85729679	-72.14724
-0.77526263	-0.69373445	0.49670359	0.85729679	-72.150565
-0.77526263	-0.69373445	0.49670359	0.85729679	-72.153888
-0.77526263	-0.69373445	0.49670359	0.85729679	-72.157209
-0.77526263	-0.69373445	0.49670359	0.85729679	-72.160529
-0.77526263	-0.69373445	0.49670359	0.85729679	-72.163846
-0.77526263	-0.69373445	0.49670359	0.85729679	-72.167162
-0.77526263	-0.69373445	0.49670359	0.85729679	-72.170475
-0.77526263	-0.69373445	0.49670359	0.85729679	-72.173787
-0.77526263	-0.69373445	0.49670359	0.85729679	-72.177097
-0.77526263	-0.69373445	0.49670359	0.85729679	-72.180405
-0.77526263	-0.69373445	0.49670359	0.85729679	-72.183712
-0.77526263	-0.69373445	0.49670359	0.85729679	-72.187016
-0.77526263	-0.69373445	0.49670359	0.85729679	-72.190318
-0.77526263	-0.69373445	0.49670359	0.85729679	-72.193619
-0.77526263	-0.69373445	0.49670359	0.85729679	-72.196918
-0.77526263	-0.69373445	0.49670359	0.85729679	-72.200215
-0.77526263	-0.69373445	0.49670359	0.85729679	-72.20351
-0.77526263	-0.69373445	0.49670359	0.85729679	-72.206803
-0.77526263	-0.69373445	0.49670359	0.85729679	-72.210094
-0.77526263	-0.69373445	0.49670359	0.85729679	-72.213383
-0.77526263	-0.69373445	0.49670359	0.85729679	-72.216671
-0.77526263	-0.69373445	0.49670359	0.85729679	-72.219956
-0.77526263	-0.69373445	0.49670359	0.85729679	-72.22324
-0.77526263	-0.69373445	0.49670359	0.85729679	-72.226522
-0.77526263	-0.69373445	0.49670359	0.85729679	-72.229802
-0.77526263	-0.69373445	0.49670359	0.85729679	-72.23308
-0.77526263	-0.69373445	0.49670359	0.85729679	-72.236356
-0.77526263	-0.69373445	0.49670359	0.85729679	-72.23963
-0.77526263	-0.69373445	0.49670359	0.85729679	-72.242903
-0.77526263	-0.69373445	0.49670359	0.85729679	-72.246173
-0.77526263	-0.69373445	0.49670359	0.85729679	-72.249442
-0.77526263	-0.69373445	0.49670359	0.85729679	-72.252709
-0.77526263	-0.69373445	0.49670359	0.85729679	-72.255974
-0.77526263	-0.69373445	0.49670359	0.85729679	-72.259237
-0.77526263	-0.69373445	0.49670359	0.85729679	-72.262498
-0.77526263	-0.69373445	0.49670359	0.85729679	-72.265757
-0.77526263	-0.69373445	0.49670359	0.85729679	-72.269015
-0.77526263	-0.69373445	0.49670359	0.85729679	-72.27227
-0.77526263	-0.69373445	0.49670359	0.85729679	-72.275524
-0.77526263	-0.69373445	0.49670359	0.85729679	-72.278776
-0.77526263	-0.69373445	0.49670359	0.85729679	-72.282026
-0.77526263	-0.69373445	0.49670359	0.85729679	-72.285274
-0.77526263	-0.69373445	0.49670359	0.85729679	-72.28852
-0.77526263	-0.69373445	0.49670359	0.85729679	-72.291765
-0.77526263	-0.69373445	0.49670359	0.85729679	-72.295007
-0.77526263	-0.69373445	0.49670359	0.85729679	-72.298248
-0.77526263	-0.69373445	0.49670359	0.85729679	-72.301486
-0.77526263	-0.69373445	0.49670359	0.85729679	-72.304723
-0.77526263	-0.69373445	0.49670359	0.85729679	-72.307958
-0.77526263	-0.69373445	0.49670359	0.85729679	-72.311191
-0.77526263	-0.69373445	0.49670359	0.85729679	-72.314422
-0.77526263	-0.69373445	0.49670359	0.85729679	-72.317652
-0.77526263	-0.69373445	0.49670359	0.85729679	-72.320879
-0.77526263	-0.69373445	0.49670359	0.85729679	-72.324105
-0.77526263	-0.69373445	0.49670359	0.85729679	-72.327329
-0.77526263	-0.69373445	0.49670359	0.85729679	-72.33055
-0.77526263	-0.69373445	0.49670359	0.85729679	-72.33377
-0.77526263	-0.69373445	0.49670359	0.85729679	-72.336988
-0.77526263	-0.69373445	0.49670359	0.85729679	-72.340205
-0.77526263	-0.69373445	0.49670359	0.85729679	-72.343419
-0.77526263	-0.69373445	0.49670359	0.85729679	-72.346632
-0.77526263	-0.69373445	0.49670359	0.85729679	-72.349842
-0.77526263	-0.69373445	0.49670359	0.85729679	-72.353051
-0.77526263	-0.69373445	0.49670359	0.85729679	-72.356258
-0.77526263	-0.69373445	0.49670359	0.85729679	-72.359463
-0.77526263	-0.69373445	0.49670359	0.85729679	-72.362666
-0.77526263	-0.69373445	0.49670359	0.85729679	-72.365867
-0.77526263	-0.69373445	0.49670359	0.85729679	-72.369067
-0.77526263	-0.69373445	0.49670359	0.85729679	-72.372264
-0.77526263	-0.69373445	0.49670359	0.85729679	-72.37546
-0.77526263	-0.69373445	0.49670359	0.85729679	-72.378654
-0.77526263	-0.69373445	0.49670359	0.85729679	-72.381846
-0.77526263	-0.69373445	0.49670359	0.85729679	-72.385036
-0.77526263	-0.69373445	0.49670359	0.85729679	-72.388224
-0.77526263	-0.69373445	0.49670359	0.85729679	-72.39141
-0.77526263	-0.69373445	0.49670359	0.85729679	-72.394595
-0.77526263	-0.69373445	0.49670359	0.85729679	-72.397777
-0.77526263	-0.69373445	0.49670359	0.85729679	-72.400958
-0.77526263	-0.69373445	0.49670359	0.85729679	-72.404137
-0.77526263	-0.69373445	0.49670359	0.85729679	-72.407314
-0.77526263	-0.69373445	0.49670359	0.85729679	-72.410489
-0.77526263	-0.69373445	0.49670359	0.85729679	-72.413662
-0.77526263	-0.69373445	0.49670359	0.85729679	-72.416834
-0.77526263	-0.69373445	0.49670359	0.85729679	-72.420003
-0.77526263	-0.69373445	0.49670359	0.85729679	-72.423171
-0.77526263	-0.69373445	0.49670359	0.85729679	-72.426337
-0.77526263	-0.69373445	0.49670359	0.85729679	-72.429501
-0.77526263	-0.69373445	0.49670359	0.85729679	-72.432663
-0.77526263	-0.69373445	0.49670359	0.85729679	-72.435823
-0.77526263	-0.69373445	0.49670359	0.85729679	-72.438981
-0.77526263	-0.69373445	0.49670359	0.85729679	-72.442138
-0.77526263	-0.69373445	0.49670359	0.85729679	-72.445292
-0.77526263	-0.69373445	0.49670359	0.85729679	-72.448445
-0.77526263	-0.69373445	0.49670359	0.85729679	-72.451596
-0.77526263	-0.69373445	0.49670359	0.85729679	-72.454745
-0.77526263	-0.69373445	0.49670359	0.85729679	-72.457892
-0.77526263	-0.69373445	0.49670359	0.85729679	-72.461037
-0.77526263	-0.69373445	0.49670359	0.85729679	-72.46418
-0.77526263	-0.69373445	0.49670359	0.85729679	-72.467322
-0.77526263	-0.69373445	0.49670359	0.85729679	-72.470462
-0.77526263	-0.69373445	0.49670359	0.85729679	-72.473599
-0.77526263	-0.69373445	0.49670359	0.85729679	-72.476735
-0.77526263	-0.69373445	0.49670359	0.85729679	-72.479869
-0.77526263	-0.69373445	0.49670359	0.85729679	-72.483002
-0.77526263	-0.69373445	0.49670359	0.85729679	-72.486132
-0.77526263	-0.69373445	0.49670359	0.85729679	-72.489261
-0.77526263	-0.69373445	0.49670359	0.85729679	-72.492387
-0.77526263	-0.69373445	0.49670359	0.85729679	-72.495512
-0.77526263	-0.69373445	0.49670359	0.85729679	-72.498635
-0.77526263	-0.69373445	0.49670359	0.85729679	-72.501756
-0.77526263	-0.69373445	0.49670359	0.85729679	-72.504875
-0.77526263	-0.69373445	0.49670359	0.85729679	-72.507992
-0.77526263	-0.69373445	0.49670359	0.85729679	-72.511108
-0.77526263	-0.69373445	0.49670359	0.85729679	-72.514221
-0.77526263	-0.69373445	0.49670359	0.85729679	-72.517333
-0.77526263	-0.69373445	0.49670359	0.85729679	-72.520443
-0.77526263	-0.69373445	0.49670359	0.85729679	-72.523551
-0.77526263	-0.69373445	0.49670359	0.85729679	-72.526657
-0.77526263	-0.69373445	0.49670359	0.85729679	-72.529761
-0.77526263	-0.69373445	0.49670359	0.85729679	-72.532864
-0.77526263	-0.69373445	0.49670359	0.85729679	-72.535964
-0.77526263	-0.69373445	0.49670359	0.85729679	-72.539063
-0.77526263	-0.69373445	0.49670359	0.85729679	-72.54216
-0.77526263	-0.69373445	0.49670359	0.85729679	-72.545255
-0.77526263	-0.69373445	0.49670359	0.85729679	-72.548348
-0.77526263	-0.69373445	0.49670359	0.85729679	-72.551439
-0.77526263	-0.69373445	0.49670359	0.85729679	-72.554529
-0.77526263	-0.69373445	0.49670359	0.85729679	-72.557616
-0.77526263	-0.69373445	0.49670359	0.85729679	-72.560702
-0.77526263	-0.69373445	0.49670359	0.85729679	-72.563786
-0.77526263	-0.69373445	0.49670359	0.85729679	-72.566868
-0.77526263	-0.69373445	0.49670359	0.85729679	-72.569948
-0.77526263	-0.69373445	0.49670359	0.85729679	-72.573026
-0.77526263	-0.69373445	0.49670359	0.85729679	-72.576102
-0.77526263	-0.69373445	0.49670359	0.85729679	-72.579177
-0.77526263	-0.69373445	0.49670359	0.85729679	-72.58225
-0.77526263	-0.69373445	0.49670359	0.85729679	-72.58532
-0.77526263	-0.69373445	0.49670359	0.85729679	-72.588389
-0.77526263	-0.69373445	0.49670359	0.85729679	-72.591456
-0.77526263	-0.69373445	0.49670359	0.85729679	-72.594522
-0.77526263	-0.69373445	0.49670359	0.85729679	-72.597585
-0.77526263	-0.69373445	0.49670359	0.85729679	-72.600647
-0.77526263	-0.69373445	0.49670359	0.85729679	-72.603706
-0.77526263	-0.69373445	0.49670359	0.85729679	-72.606764
-0.77526263	-0.69373445	0.49670359	0.85729679	-72.60982
-0.77526263	-0.69373445	0.49670359	0.85729679	-72.612874
-0.77526263	-0.69373445	0.49670359	0.85729679	-72.615926
-0.77526263	-0.69373445	0.49670359	0.85729679	-72.618977
-0.77526263	-0.69373445	0.49670359	0.85729679	-72.622025
-0.77526263	-0.69373445	0.49670359	0.85729679	-72.625072
-0.77526263	-0.69373445	0.49670359	0.85729679	-72.628117
-0.77526263	-0.69373445	0.49670359	0.85729679	-72.63116
-0.77526263	-0.69373445	0.49670359	0.85729679	-72.634201
-0.77526263	-0.69373445	0.49670359	0.85729679	-72.63724
-0.77526263	-0.69373445	0.49670359	0.85729679	-72.640278
-0.77526263	-0.69373445	0.49670359	0.85729679	-72.643313
-0.77526263	-0.69373445	0.49670359	0.85729679	-72.646347
-0.77526263	-0.69373445	0.49670359	0.85729679	-72.649379
-0.77526263	-0.69373445	0.49670359	0.85729679	-72.652409
-0.77526263	-0.69373445	0.49670359	0.85729679	-72.655437
-0.77526263	-0.69373445	0.49670359	0.85729679	-72.658463
-0.77526263	-0.69373445	0.49670359	0.85729679	-72.661488
-0.77526263	-0.69373445	0.49670359	0.85729679	-72.66451
-0.77526263	-0.69373445	0.49670359	0.85729679	-72.667531
-0.77526263	-0.69373445	0.49670359	0.85729679	-72.67055
-0.77526263	-0.69373445	0.49670359	0.85729679	-72.673567
-0.77526263	-0.69373445	0.49670359	0.85729679	-72.676582
-0.77526263	-0.69373445	0.49670359	0.85729679	-72.679595
-0.77526263	-0.69373445	0.49670359	0.85729679	-72.682607
-0.77526263	-0.69373445	0.49670359	0.85729679	-72.685616
-0.77526263	-0.69373445	0.49670359	0.85729679	-72.688624
-0.77526263	-0.69373445	0.49670359	0.85729679	-72.69163
-0.77526263	-0.69373445	0.49670359	0.85729679	-72.694634
-0.77526263	-0.69373445	0.49670359	0.85729679	-72.697636
-0.77526263	-0.69373445	0.49670359	0.85729679	-72.700637
-0.77526263	-0.69373445	0.49670359	0.85729679	-72.703635
-0.77526263	-0.69373445	0.49670359	0.85729679	-72.706632
-0.77526263	-0.69373445	0.49670359	0.85729679	-72.709627
-0.77526263	-0.69373445	0.49670359	0.85729679	-72.71262
-0.77526263	-0.69373445	0.49670359	0.85729679	-72.715611
-0.77526263	-0.69373445	0.49670359	0.85729679	-72.7186
-0.77526263	-0.69373445	0.49670359	0.85729679	-72.721587
-0.77526263	-0.69373445	0.49670359	0.85729679	-72.724573
-0.77526263	-0.69373445	0.49670359	0.85729679	-72.727557
-0.77526263	-0.69373445	0.49670359	0.85729679	-72.730538
-0.77526263	-0.69373445	0.49670359	0.85729679	-72.733519
-0.77526263	-0.69373445	0.49670359	0.85729679	-72.736497
-0.77526263	-0.69373445	0.49670359	0.85729679	-72.739473
-0.77526263	-0.69373445	0.49670359	0.85729679	-72.742447
-0.77526263	-0.69373445	0.49670359	0.85729679	-72.74542
-0.77526263	-0.69373445	0.49670359	0.85729679	-72.748391
-0.77526263	-0.69373445	0.49670359	0.85729679	-72.75136
-0.77526263	-0.69373445	0.49670359	0.85729679	-72.754327
-0.77526263	-0.69373445	0.49670359	0.85729679	-72.757292
-0.77526263	-0.69373445	0.49670359	0.85729679	-72.760256
-0.77526263	-0.69373445	0.49670359	0.85729679	-72.763217
-0.77526263	-0.69373445	0.49670359	0.85729679	-72.766177
-0.77526263	-0.69373445	0.49670359	0.85729679	-72.769135
-0.77526263	-0.69373445	0.49670359	0.85729679	-72.772091
-0.77526263	-0.69373445	0.49670359	0.85729679	-72.775045
-0.77526263	-0.69373445	0.49670359	0.85729679	-72.777997
-0.77526263	-0.69373445	0.49670359	0.85729679	-72.780948
-0.77526263	-0.69373445	0.49670359	0.85729679	-72.783896
-0.77526263	-0.69373445	0.49670359	0.85729679	-72.786843
-0.77526263	-0.69373445	0.49670359	0.85729679	-72.789788
-0.77526263	-0.69373445	0.49670359	0.85729679	-72.792731
-0.77526263	-0.69373445	0.49670359	0.85729679	-72.795672
-0.77526263	-0.69373445	0.49670359	0.85729679	-72.798612
-0.77526263	-0.69373445	0.49670359	0.85729679	-72.801549
-0.77526263	-0.69373445	0.49670359	0.85729679	-72.804485
-0.77526263	-0.69373445	0.49670359	0.85729679	-72.807419
-0.77526263	-0.69373445	0.49670359	0.85729679	-72.810351
-0.77526263	-0.69373445	0.49670359	0.85729679	-72.813281
-0.77526263	-0.69373445	0.49670359	0.85729679	-72.81621
-0.77526263	-0.69373445	0.49670359	0.85729679	-72.819136
-0.77526263	-0.69373445	0.49670359	0.85729679	-72.822061
-0.77526263	-0.69373445	0.49670359	0.85729679	-72.824984
-0.77526263	-0.69373445	0.49670359	0.85729679	-72.827905
-0.77526263	-0.69373445	0.49670359	0.85729679	-72.830824
-0.77526263	-0.69373445	0.49670359	0.85729679	-72.833741
-0.77526263	-0.69373445	0.49670359	0.85729679	-72.836656
-0.77526263	-0.69373445	0.49670359	0.85729679	-72.83957
-0.77526263	-0.69373445	0.49670359	0.85729679	-72.842482
-0.77526263	-0.69373445	0.49670359	0.85729679	-72.845392
-0.77526263	-0.69373445	0.49670359	0.85729679	-72.8483
-0.77526263	-0.69373445	0.49670359	0.85729679	-72.851206
-0.77526263	-0.69373445	0.49670359	0.85729679	-72.854111
-0.77526263	-0.69373445	0.49670359	0.85729679	-72.857013
-0.77526263	-0.69373445	0.49670359	0.85729679	-72.859914
-0.77526263	-0.69373445	0.49670359	0.85729679	-72.862813
-0.77526263	-0.69373445	0.49670359	0.85729679	-72.86571
-0.77526263	-0.69373445	0.49670359	0.85729679	-72.868605
-0.77526263	-0.69373445	0.49670359	0.85729679	-72.871499
-0.77526263	-0.69373445	0.49670359	0.85729679	-72.87439
-0.77526263	-0.69373445	0.49670359	0.85729679	-72.87728
-0.77526263	-0.69373445	0.49670359	0.85729679	-72.880168
-0.77526263	-0.69373445	0.49670359	0.85729679	-72.883054
-0.77526263	-0.69373445	0.49670359	0.85729679	-72.885938
-0.77526263	-0.69373445	0.49670359	0.85729679	-72.88882
-0.77526263	-0.69373445	0.49670359	0.85729679	-72.891701
-0.77526263	-0.69373445	0.49670359	0.85729679	-72.89458
-0.77526263	-0.69373445	0.49670359	0.85729679	-72.897456
-0.77526263	-0.69373445	0.49670359	0.85729679	-72.900331
-0.77526263	-0.69373445	0.49670359	0.85729679	-72.903205
-0.77526263	-0.69373445	0.49670359	0.85729679	-72.906076
-0.77526263	-0.69373445	0.49670359	0.85729679	-72.908945
-0.77526263	-0.69373445	0.49670359	0.85729679	-72.911813
-0.77526263	-0.69373445	0.49670359	0.85729679	-72.914679
-0.77526263	-0.69373445	0.49670359	0.85729679	-72.917543
-0.77526263	-0.69373445	0.49670359	0.85729679	-72.920405
-0.77526263	-0.69373445	0.49670359	0.85729679	-72.923265
-0.77526263	-0.69373445	0.49670359	0.85729679	-72.926124
-0.77526263	-0.69373445	0.49670359	0.85729679	-72.928981
-0.77526263	-0.69373445	0.49670359	0.85729679	-72.931836
-0.77526263	-0.69373445	0.49670359	0.85729679	-72.934689
-0.77526263	-0.69373445	0.49670359	0.85729679	-72.93754
-0.77526263	-0.69373445	0.49670359	0.85729679	-72.940389
-0.77526263	-0.69373445	0.49670359	0.85729679	-72.943237
-0.77526263	-0.69373445	0.49670359	0.85729679	-72.946082
-0.77526263	-0.69373445	0.49670359	0.85729679	-72.948926
-0.77526263	-0.69373445	0.49670359	0.85729679	-72.951768
-0.77526263	-0.69373445	0.49670359	0.85729679	-72.954608
-0.77526263	-0.69373445	0.49670359	0.85729679	-72.957447
-0.77526263	-0.69373445	0.49670359	0.85729679	-72.960283
-0.77526263	-0.69373445	0.49670359	0.85729679	-72.963118
-0.77526263	-0.69373445	0.49670359	0.85729679	-72.965951
-0.77526263	-0.69373445	0.49670359	0.85729679	-72.968782
-0.77526263	-0.69373445	0.49670359	0.85729679	-72.971611
-0.77526263	-0.69373445	0.49670359	0.85729679	-72.974438
-0.77526263	-0.69373445	0.49670359	0.85729679	-72.977264
-0.77526263	-0.69373445	0.49670359	0.85729679	-72.980087
-0.77526263	-0.69373445	0.49670359	0.85729679	-72.982909
-0.77526263	-0.69373445	0.49670359	0.85729679	-72.985729
-0.77526263	-0.69373445	0.49670359	0.85729679	-72.988548
-0.77526263	-0.69373445	0.49670359	0.85729679	-72.991364
-0.77526263	-0.69373445	0.49670359	0.85729679	-72.994179
-0.77526263	-0.69373445	0.49670359	0.85729679	-72.996991
-0.77526263	-0.69373445	0.49670359	0.85729679	-72.999802
-0.77526263	-0.69373445	0.49670359	0.85729679	-73.002611
-0.77526263	-0.69373445	0.49670359	0.85729679	-73.005418
-0.77526263	-0.69373445	0.49670359	0.85729679	-73.008224
-0.77526263	-0.69373445	0.49670359	0.85729679	-73.011027
-0.77526263	-0.69373445	0.49670359	0.85729679	-73.013829
-0.77526263	-0.69373445	0.49670359	0.85729679	-73.016629
-0.77526263	-0.69373445	0.49670359	0.85729679	-73.019427
-0.77526263	-0.69373445	0.49670359	0.85729679	-73.022224
-0.77526263	-0.69373445	0.49670359	0.85729679	-73.025018
-0.77526263	-0.69373445	0.49670359	0.85729679	-73.027811
-0.77526263	-0.69373445	0.49670359	0.85729679	-73.030601
-0.77526263	-0.69373445	0.49670359	0.85729679	-73.03339
-0.77526263	-0.69373445	0.49670359	0.85729679	-73.036178
-0.77526263	-0.69373445	0.49670359	0.85729679	-73.038963
-0.77526263	-0.69373445	0.49670359	0.85729679	-73.041746
-0.77526263	-0.69373445	0.49670359	0.85729679	-73.044528
-0.77526263	-0.69373445	0.49670359	0.85729679	-73.047308
-0.77526263	-0.69373445	0.49670359	0.85729679	-73.050086
-0.77526263	-0.69373445	0.49670359	0.85729679	-73.052862
-0.77526263	-0.69373445	0.49670359	0.85729679	-73.055637
-0.77526263	-0.69373445	0.49670359	0.85729679	-73.058409
-0.77526263	-0.69373445	0.49670359	0.85729679	-73.06118
-0.77526263	-0.69373445	0.49670359	0.85729679	-73.063949
-0.77526263	-0.69373445	0.49670359	0.85729679	-73.066716
-0.77526263	-0.69373445	0.49670359	0.85729679	-73.069481
-0.77526263	-0.69373445	0.49670359	0.85729679	-73.072245
-0.77526263	-0.69373445	0.49670359	0.85729679	-73.075006
-0.77526263	-0.69373445	0.49670359	0.85729679	-73.077766
-0.77526263	-0.69373445	0.49670359	0.85729679	-73.080524
-0.77526263	-0.69373445	0.49670359	0.85729679	-73.08328
-0.77526263	-0.69373445	0.49670359	0.85729679	-73.086035
-0.77526263	-0.69373445	0.49670359	0.85729679	-73.088787
-0.77526263	-0.69373445	0.49670359	0.85729679	-73.091538
-0.77526263	-0.69373445	0.49670359	0.85729679	-73.094287
-0.77526263	-0.69373445	0.49670359	0.85729679	-73.097034
-0.77526263	-0.69373445	0.49670359	0.85729679	-73.099779
-0.77526263	-0.69373445	0.49670359	0.85729679	-73.102522
-0.77526263	-0.69373445	0.49670359	0.85729679	-73.105264
-0.77526263	-0.69373445	0.49670359	0.85729679	-73.108004
-0.77526263	-0.69373445	0.49670359	0.85729679	-73.110742
-0.77526263	-0.69373445	0.49670359	0.85729679	-73.113478
-0.77526263	-0.69373445	0.49670359	0.85729679	-73.116212
-0.77526263	-0.69373445	0.49670359	0.85729679	-73.118945
-0.77526263	-0.69373445	0.49670359	0.85729679	-73.121676
-0.77526263	-0.69373445	0.49670359	0.85729679	-73.124404
-0.77526263	-0.69373445	0.49670359	0.85729679	-73.127132
-0.77526263	-0.69373445	0.49670359	0.85729679	-73.129857
-0.77526263	-0.69373445	0.49670359	0.85729679	-73.13258
-0.77526263	-0.69373445	0.49670359	0.85729679	-73.135302
-0.77526263	-0.69373445	0.49670359	0.85729679	-73.138022
-0.77526263	-0.69373445	0.49670359	0.85729679	-73.14074
-0.77526263	-0.69373445	0.49670359	0.85729679	-73.143456
-0.77526263	-0.69373445	0.49670359	0.85729679	-73.14617
-0.77526263	-0.69373445	0.49670359	0.85729679	-73.148883
-0.77526263	-0.69373445	0.49670359	0.85729679	-73.151593
-0.77526263	-0.69373445	0.49670359	0.85729679	-73.154302
-0.77526263	-0.69373445	0.49670359	0.85729679	-73.157009
-0.77526263	-0.69373445	0.49670359	0.85729679	-73.159715
-0.77526263	-0.69373445	0.49670359	0.85729679	-73.162418
-0.77526263	-0.69373445	0.49670359	0.85729679	-73.16512
-0.77526263	-0.69373445	0.49670359	0.85729679	-73.16782
-0.77526263	-0.69373445	0.49670359	0.85729679	-73.170518
-0.77526263	-0.69373445	0.49670359	0.85729679	-73.173214
-0.77526263	-0.69373445	0.49670359	0.85729679	-73.175908
-0.77526263	-0.69373445	0.49670359	0.85729679	-73.178601
-0.77526263	-0.69373445	0.49670359	0.85729679	-73.181292
-0.77526263	-0.69373445	0.49670359	0.85729679	-73.183981
-0.77526263	-0.69373445	0.49670359	0.85729679	-73.186668
-0.77526263	-0.69373445	0.49670359	0.85729679	-73.189353
-0.77526263	-0.69373445	0.49670359	0.85729679	-73.192037
-0.77526263	-0.69373445	0.49670359	0.85729679	-73.194718
-0.77526263	-0.69373445	0.49670359	0.85729679	-73.197398
-0.77526263	-0.69373445	0.49670359	0.85729679	-73.200077
-0.77526263	-0.69373445	0.49670359	0.85729679	-73.202753
-0.77526263	-0.69373445	0.49670359	0.85729679	-73.205427
-0.77526263	-0.69373445	0.49670359	0.85729679	-73.2081
-0.77526263	-0.69373445	0.49670359	0.85729679	-73.210771
-0.77526263	-0.69373445	0.49670359	0.85729679	-73.21344
-0.77526263	-0.69373445	0.49670359	0.85729679	-73.216107
-0.77526263	-0.69373445	0.49670359	0.85729679	-73.218773
-0.77526263	-0.69373445	0.49670359	0.85729679	-73.221436
-0.77526263	-0.69373445	0.49670359	0.85729679	-73.224098
-0.77526263	-0.69373445	0.49670359	0.85729679	-73.226758
-0.77526263	-0.69373445	0.49670359	0.85729679	-73.229416
-0.77526263	-0.69373445	0.49670359	0.85729679	-73.232073
-0.77526263	-0.69373445	0.49670359	0.85729679	-73.234727
-0.77526263	-0.69373445	0.49670359	0.85729679	-73.23738
-0.77526263	-0.69373445	0.49670359	0.85729679	-73.240031
-0.77526263	-0.69373445	0.49670359	0.85729679	-73.24268
-0.77526263	-0.69373445	0.49670359	0.85729679	-73.245328
-0.77526263	-0.69373445	0.49670359	0.85729679	-73.247973
-0.77526263	-0.69373445	0.49670359	0.85729679	-73.250617
-0.77526263	-0.69373445	0.49670359	0.85729679	-73.253259
-0.77526263	-0.69373445	0.49670359	0.85729679	-73.255899
-0.77526263	-0.69373445	0.49670359	0.85729679	-73.258537
-0.77526263	-0.69373445	0.49670359	0.85729679	-73.261174
-0.77526263	-0.69373445	0.49670359	0.85729679	-73.263809
-0.77526263	-0.69373445	0.49670359	0.85729679	-73.266442
-0.77526263	-0.69373445	0.49670359	0.85729679	-73.269073
-0.77526263	-0.69373445	0.49670359	0.85729679	-73.271702
-0.77526263	-0.69373445	0.49670359	0.85729679	-73.27433
-0.77526263	-0.69373445	0.49670359	0.85729679	-73.276955
-0.77526263	-0.69373445	0.49670359	0.85729679	-73.279579
-0.77526263	-0.69373445	0.49670359	0.85729679	-73.282202
-0.77526263	-0.69373445	0.49670359	0.85729679	-73.284822
-0.77526263	-0.69373445	0.49670359	0.85729679	-73.28744
-0.77526263	-0.69373445	0.49670359	0.85729679	-73.290057
-0.77526263	-0.69373445	0.49670359	0.85729679	-73.292672
-0.77526263	-0.69373445	0.49670359	0.85729679	-73.295285
-0.77526263	-0.69373445	0.49670359	0.85729679	-73.297896
-0.77526263	-0.69373445	0.49670359	0.85729679	-73.300506
-0.77526263	-0.69373445	0.49670359	0.85729679	-73.303114
-0.77526263	-0.69373445	0.49670359	0.85729679	-73.30572
-0.77526263	-0.69373445	0.49670359	0.85729679	-73.308324
-0.77526263	-0.69373445	0.49670359	0.85729679	-73.310926
-0.77526263	-0.69373445	0.49670359	0.85729679	-73.313527
-0.77526263	-0.69373445	0.49670359	0.85729679	-73.316125
-0.77526263	-0.69373445	0.49670359	0.85729679	-73.318722
-0.77526263	-0.69373445	0.49670359	0.85729679	-73.321317
-0.77526263	-0.69373445	0.49670359	0.85729679	-73.323911
-0.77526263	-0.69373445	0.49670359	0.85729679	-73.326502
-0.77526263	-0.69373445	0.49670359	0.85729679	-73.329092
-0.77526263	-0.69373445	0.49670359	0.85729679	-73.33168
-0.77526263	-0.69373445	0.49670359	0.85729679	-73.334266
-0.77526263	-0.69373445	0.49670359	0.85729679	-73.33685
-0.77526263	-0.69373445	0.49670359	0.85729679	-73.339433
-0.77526263	-0.69373445	0.49670359	0.85729679	-73.342014
-0.77526263	-0.69373445	0.49670359	0.85729679	-73.344593
-0.77526263	-0.69373445	0.49670359	0.85729679	-73.34717
-0.77526263	-0.69373445	0.49670359	0.85729679	-73.349745
-0.77526263	-0.69373445	0.49670359	0.85729679	-73.352319
-0.77526263	-0.69373445	0.49670359	0.85729679	-73.354891
-0.77526263	-0.69373445	0.49670359	0.85729679	-73.357461
-0.77526263	-0.69373445	0.49670359	0.85729679	-73.360029
-0.77526263	-0.69373445	0.49670359	0.85729679	-73.362595
-0.77526263	-0.69373445	0.49670359	0.85729679	-73.36516
-0.77526263	-0.69373445	0.49670359	0.85729679	-73.367723
-0.77526263	-0.69373445	0.49670359	0.85729679	-73.370284
-0.77526263	-0.69373445	0.49670359	0.85729679	-73.372843
-0.77526263	-0.69373445	0.49670359	0.85729679	-73.3754
-0.77526263	-0.69373445	0.49670359	0.85729679	-73.377956
-0.77526263	-0.69373445	0.49670359	0.85729679	-73.38051
-0.77526263	-0.69373445	0.49670359	0.85729679	-73.383062
-0.77526263	-0.69373445	0.49670359	0.85729679	-73.385612
-0.77526263	-0.69373445	0.49670359	0.85729679	-73.388161
-0.77526263	-0.69373445	0.49670359	0.85729679	-73.390708
-0.77526263	-0.69373445	0.49670359	0.85729679	-73.393252
-0.77526263	-0.69373445	0.49670359	0.85729679	-73.395796
-0.77526263	-0.69373445	0.49670359	0.85729679	-73.398337
-0.77526263	-0.69373445	0.49670359	0.85729679	-73.400876
-0.77526263	-0.69373445	0.49670359	0.85729679	-73.403414
-0.77526263	-0.69373445	0.49670359	0.85729679	-73.40595
-0.77526263	-0.69373445	0.49670359	0.85729679	-73.408484
-0.77526263	-0.69373445	0.49670359	0.85729679	-73.411017
-0.77526263	-0.69373445	0.49670359	0.85729679	-73.413547
-0.77526263	-0.69373445	0.49670359	0.85729679	-73.416076
-0.77526263	-0.69373445	0.49670359	0.85729679	-73.418603
-0.77526263	-0.69373445	0.49670359	0.85729679	-73.421128
-0.77526263	-0.69373445	0.49670359	0.85729679	-73.423652
-0.77526263	-0.69373445	0.49670359	0.85729679	-73.426174
-0.77526263	-0.69373445	0.49670359	0.85729679	-73.428693
-0.77526263	-0.69373445	0.49670359	0.85729679	-73.431212
-0.77526263	-0.69373445	0.49670359	0.85729679	-73.433728
-0.77526263	-0.69373445	0.49670359	0.85729679	-73.436242
-0.77526263	-0.69373445	0.49670359	0.85729679	-73.438755
-0.77526263	-0.69373445	0.49670359	0.85729679	-73.441266
-0.77526263	-0.69373445	0.49670359	0.85729679	-73.443775
-0.77526263	-0.69373445	0.49670359	0.85729679	-73.446283
-0.77526263	-0.69373445	0.49670359	0.85729679	-73.448788
-0.77526263	-0.69373445	0.49670359	0.85729679	-73.451292
-0.77526263	-0.69373445	0.49670359	0.85729679	-73.453794
-0.77526263	-0.69373445	0.49670359	0.85729679	-73.456294
-0.77526263	-0.69373445	0.49670359	0.85729679	-73.458793
-0.77526263	-0.69373445	0.49670359	0.85729679	-73.46129
-0.77526263	-0.69373445	0.49670359	0.85729679	-73.463785
-0.77526263	-0.69373445	0.49670359	0.85729679	-73.466278
-0.77526263	-0.69373445	0.49670359	0.85729679	-73.468769
-0.77526263	-0.69373445	0.49670359	0.85729679	-73.471259
-0.77526263	-0.69373445	0.49670359	0.85729679	-73.473746
-0.77526263	-0.69373445	0.49670359	0.85729679	-73.476232
-0.77526263	-0.69373445	0.49670359	0.85729679	-73.478717
-0.77526263	-0.69373445	0.49670359	0.85729679	-73.481199
-0.77526263	-0.69373445	0.49670359	0.85729679	-73.48368
-0.77526263	-0.69373445	0.49670359	0.85729679	-73.486159
-0.77526263	-0.69373445	0.49670359	0.85729679	-73.488636
-0.77526263	-0.69373445	0.49670359	0.85729679	-73.491111
-0.77526263	-0.69373445	0.49670359	0.85729679	-73.493585
-0.77526263	-0.69373445	0.49670359	0.85729679	-73.496056
-0.77526263	-0.69373445	0.49670359	0.85729679	-73.498526
-0.77526263	-0.69373445	0.49670359	0.85729679	-73.500995
-0.77526263	-0.69373445	0.49670359	0.85729679	-73.503461
-0.77526263	-0.69373445	0.49670359	0.85729679	-73.505926
-0.77526263	-0.69373445	0.49670359	0.85729679	-73.508389
-0.77526263	-0.69373445	0.49670359	0.85729679	-73.51085
-0.77526263	-0.69373445	0.49670359	0.85729679	-73.513309
-0.77526263	-0.69373445	0.49670359	0.85729679	-73.515767
-0.77526263	-0.69373445	0.49670359	0.85729679	-73.518223
-0.77526263	-0.69373445	0.49670359	0.85729679	-73.520677
-0.77526263	-0.69373445	0.49670359	0.85729679	-73.523129
-0.77526263	-0.69373445	0.49670359	0.85729679	-73.525579
-0.77526263	-0.69373445	0.49670359	0.85729679	-73.528028
-0.77526263	-0.69373445	0.49670359	0.85729679	-73.530475
-0.77526263	-0.69373445	0.49670359	0.85729679	-73.53292
-0.77526263	-0.69373445	0.49670359	0.85729679	-73.535363
-0.77526263	-0.69373445	0.49670359	0.85729679	-73.537805
-0.77526263	-0.69373445	0.49670359	0.85729679	-73.540245
-0.77526263	-0.69373445	0.49670359	0.85729679	-73.542683
-0.77526263	-0.69373445	0.49670359	0.85729679	-73.545119
-0.77526263	-0.69373445	0.49670359	0.85729679	-73.547554
-0.77526263	-0.69373445	0.49670359	0.85729679	-73.549987
-0.77526263	-0.69373445	0.49670359	0.85729679	-73.552417
-0.77526263	-0.69373445	0.49670359	0.85729679	-73.554847
-0.77526263	-0.69373445	0.49670359	0.85729679	-73.557274
-0.77526263	-0.69373445	0.49670359	0.85729679	-73.5597
-0.77526263	-0.69373445	0.49670359	0.85729679	-73.562124
-0.77526263	-0.69373445	0.49670359	0.85729679	-73.564546
-0.77526263	-0.69373445	0.49670359	0.85729679	-73.566966
-0.77526263	-0.69373445	0.49670359	0.85729679	-73.569385
-0.77526263	-0.69373445	0.49670359	0.85729679	-73.571802
-0.77526263	-0.69373445	0.49670359	0.85729679	-73.574217
-0.77526263	-0.69373445	0.49670359	0.85729679	-73.57663
-0.77526263	-0.69373445	0.49670359	0.85729679	-73.579041
-0.77526263	-0.69373445	0.49670359	0.85729679	-73.581451
-0.77526263	-0.69373445	0.49670359	0.85729679	-73.583859
-0.77526263	-0.69373445	0.49670359	0.85729679	-73.586265
-0.77526263	-0.69373445	0.49670359	0.85729679	-73.58867
-0.77526263	-0.69373445	0.49670359	0.85729679	-73.591073
-0.77526263	-0.69373445	0.49670359	0.85729679	-73.593474
-0.77526263	-0.69373445	0.49670359	0.85729679	-73.595873
-0.77526263	-0.69373445	0.49670359	0.85729679	-73.59827
-0.77526263	-0.69373445	0.49670359	0.85729679	-73.600666
-0.77526263	-0.69373445	0.49670359	0.85729679	-73.60306
-0.77526263	-0.69373445	0.49670359	0.85729679	-73.605452
-0.77526263	-0.69373445	0.49670359	0.85729679	-73.607842
-0.77526263	-0.69373445	0.49670359	0.85729679	-73.610231
-0.77526263	-0.69373445	0.49670359	0.85729679	-73.612617
-0.77526263	-0.69373445	0.49670359	0.85729679	-73.615002
-0.77526263	-0.69373445	0.49670359	0.85729679	-73.617386
-0.77526263	-0.69373445	0.49670359	0.85729679	-73.619767
-0.77526263	-0.69373445	0.49670359	0.85729679	-73.622147
-0.77526263	-0.69373445	0.49670359	0.85729679	-73.624525
-0.77526263	-0.69373445	0.49670359	0.85729679	-73.626901
-0.77526263	-0.69373445	0.49670359	0.85729679	-73.629276
-0.77526263	-0.69373445	0.49670359	0.85729679	-73.631649
-0.77526263	-0.69373445	0.49670359	0.85729679	-73.634019
-0.77526263	-0.69373445	0.49670359	0.85729679	-73.636389
-0.77526263	-0.69373445	0.49670359	0.85729679	-73.638756
-0.77526263	-0.69373445	0.49670359	0.85729679	-73.641122
-0.77526263	-0.69373445	0.49670359	0.85729679	-73.643486
-0.77526263	-0.69373445	0.49670359	0.85729679	-73.645848
-0.77526263	-0.69373445	0.49670359	0.85729679	-73.648208
-0.77526263	-0.69373445	0.49670359	0.85729679	-73.650567
-0.77526263	-0.69373445	0.49670359	0.85729679	-73.652924
-0.77526263	-0.69373445	0.49670359	0.85729679	-73.655279
-0.77526263	-0.69373445	0.49670359	0.85729679	-73.657632
-0.77526263	-0.69373445	0.49670359	0.85729679	-73.659984
-0.77526263	-0.69373445	0.49670359	0.85729679	-73.662334
-0.77526263	-0.69373445	0.49670359	0.85729679	-73.664682
-0.77526263	-0.69373445	0.49670359	0.85729679	-73.667028
-0.77526263	-0.69373445	0.49670359	0.85729679	-73.669373
-0.77526263	-0.69373445	0.49670359	0.85729679	-73.671716
-0.77526263	-0.69373445	0.49670359	0.85729679	-73.674057
-0.77526263	-0.69373445	0.49670359	0.85729679	-73.676396
-0.77526263	-0.69373445	0.49670359	0.85729679	-73.678734
-0.77526263	-0.69373445	0.49670359	0.85729679	-73.68107
-0.77526263	-0.69373445	0.49670359	0.85729679	-73.683404
-0.77526263	-0.69373445	0.49670359	0.85729679	-73.685736
-0.77526263	-0.69373445	0.49670359	0.85729679	-73.688067
-0.77526263	-0.69373445	0.49670359	0.85729679	-73.690395
-0.77526263	-0.69373445	0.49670359	0.85729679	-73.692723
-0.77526263	-0.69373445	0.49670359	0.85729679	-73.695048
-0.77526263	-0.69373445	0.49670359	0.85729679	-73.697371
-0.77526263	-0.69373445	0.49670359	0.85729679	-73.699693
-0.77526263	-0.69373445	0.49670359	0.85729679	-73.702013
-0.77526263	-0.69373445	0.49670359	0.85729679	-73.704332
-0.77526263	-0.69373445	0.49670359	0.85729679	-73.706648
-0.77526263	-0.69373445	0.49670359	0.85729679	-73.708963
-0.77526263	-0.69373445	0.49670359	0.85729679	-73.711276
-0.77526263	-0.69373445	0.49670359	0.85729679	-73.713587
-0.77526263	-0.69373445	0.49670359	0.85729679	-73.715897
-0.77526263	-0.69373445	0.49670359	0.85729679	-73.718205
-0.77526263	-0.69373445	0.49670359	0.85729679	-73.720511
-0.77526263	-0.69373445	0.49670359	0.85729679	-73.722815
-0.77526263	-0.69373445	0.49670359	0.85729679	-73.725118
-0.77526263	-0.69373445	0.49670359	0.85729679	-73.727419
-0.77526263	-0.69373445	0.49670359	0.85729679	-73.729718
-0.77526263	-0.69373445	0.49670359	0.85729679	-73.732015
-0.77526263	-0.69373445	0.49670359	0.85729679	-73.734311
-0.77526263	-0.69373445	0.49670359	0.85729679	-73.736605
-0.77526263	-0.69373445	0.49670359	0.85729679	-73.738897
-0.77526263	-0.69373445	0.49670359	0.85729679	-73.741187
-0.77526263	-0.69373445	0.49670359	0.85729679	-73.743476
-0.77526263	-0.69373445	0.49670359	0.85729679	-73.745762
-0.77526263	-0.69373445	0.49670359	0.85729679	-73.748048
-0.77526263	-0.69373445	0.49670359	0.85729679	-73.750331
-0.77526263	-0.69373445	0.49670359	0.85729679	-73.752613
-0.77526263	-0.69373445	0.49670359	0.85729679	-73.754893
-0.77526263	-0.69373445	0.49670359	0.85729679	-73.757171
-0.77526263	-0.69373445	0.49670359	0.85729679	-73.759447
-0.77526263	-0.69373445	0.49670359	0.85729679	-73.761722
-0.77526263	-0.69373445	0.49670359	0.85729679	-73.763995
-0.77526263	-0.69373445	0.49670359	0.85729679	-73.766266
-0.77526263	-0.69373445	0.49670359	0.85729679	-73.768535
-0.77526263	-0.69373445	0.49670359	0.85729679	-73.770803
-0.77526263	-0.69373445	0.49670359	0.85729679	-73.773069
-0.77526263	-0.69373445	0.49670359	0.85729679	-73.775333
-0.77526263	-0.69373445	0.49670359	0.85729679	-73.777596
-0.77526263	-0.69373445	0.49670359	0.85729679	-73.779857
-0.77526263	-0.69373445	0.49670359	0.85729679	-73.782116
-0.77526263	-0.69373445	0.49670359	0.85729679	-73.784373
-0.77526263	-0.69373445	0.49670359	0.85729679	-73.786628
-0.77526263	-0.69373445	0.49670359	0.85729679	-73.788882
-0.77526263	-0.69373445	0.49670359	0.85729679	-73.791134
-0.77526263	-0.69373445	0.49670359	0.85729679	-73.793385
-0.77526263	-0.69373445	0.49670359	0.85729679	-73.795633
-0.77526263	-0.69373445	0.49670359	0.85729679	-73.79788
-0.77526263	-0.69373445	0.49670359	0.85729679	-73.800125
-0.77526263	-0.69373445	0.49670359	0.85729679	-73.802369
-0.77526263	-0.69373445	0.49670359	0.85729679	-73.80461
-0.77526263	-0.69373445	0.49670359	0.85729679	-73.80685
-0.77526263	-0.69373445	0.49670359	0.85729679	-73.809088
-0.77526263	-0.69373445	0.49670359	0.85729679	-73.811325
-0.77526263	-0.69373445	0.49670359	0.85729679	-73.813559
-0.77526263	-0.69373445	0.49670359	0.85729679	-73.815792
-0.77526263	-0.69373445	0.49670359	0.85729679	-73.818024
-0.77526263	-0.69373445	0.49670359	0.85729679	-73.820253
-0.77526263	-0.69373445	0.49670359	0.85729679	-73.822481
-0.77526263	-0.69373445	0.49670359	0.85729679	-73.824707
-0.77526263	-0.69373445	0.49670359	0.85729679	-73.826931
-0.77526263	-0.69373445	0.49670359	0.85729679	-73.829154
-0.77526263	-0.69373445	0.49670359	0.85729679	-73.831375
-0.77526263	-0.69373445	0.49670359	0.85729679	-73.833594
-0.77526263	-0.69373445	0.49670359	0.85729679	-73.835811
-0.77526263	-0.69373445	0.49670359	0.85729679	-73.838027
-0.77526263	-0.69373445	0.49670359	0.85729679	-73.840241
-0.77526263	-0.69373445	0.49670359	0.85729679	-73.842453
-0.77526263	-0.69373445	0.49670359	0.85729679	-73.844664
-0.77526263	-0.69373445	0.49670359	0.85729679	-73.846872
-0.77526263	-0.69373445	0.49670359	0.85729679	-73.849079
-0.77526263	-0.69373445	0.49670359	0.85729679	-73.851285
-0.77526263	-0.69373445	0.49670359	0.85729679	-73.853488
-0.77526263	-0.69373445	0.49670359	0.85729679	-73.85569
-0.77526263	-0.69373445	0.49670359	0.85729679	-73.85789
-0.77526263	-0.69373445	0.49670359	0.85729679	-73.860089
-0.77526263	-0.69373445	0.49670359	0.85729679	-73.862285
-0.77526263	-0.69373445	0.49670359	0.85729679	-73.86448
-0.77526263	-0.69373445	0.49670359	0.85729679	-73.866673
-0.77526263	-0.69373445	0.49670359	0.85729679	-73.868865
-0.77526263	-0.69373445	0.49670359	0.85729679	-73.871055
-0.77526263	-0.69373445	0.49670359	0.85729679	-73.873243
-0.77526263	-0.69373445	0.49670359	0.85729679	-73.875429
-0.77526263	-0.69373445	0.49670359	0.85729679	-73.877614
-0.77526263	-0.69373445	0.49670359	0.85729679	-73.879796
-0.77526263	-0.69373445	0.49670359	0.85729679	-73.881978
-0.77526263	-0.69373445	0.49670359	0.85729679	-73.884157
-0.77526263	-0.69373445	0.49670359	0.85729679	-73.886335
-0.77526263	-0.69373445	0.49670359	0.85729679	-73.888511
-0.77526263	-0.69373445	0.49670359	0.85729679	-73.890685
-0.77526263	-0.69373445	0.49670359	0.85729679	-73.892857
-0.77526263	-0.69373445	0.49670359	0.85729679	-73.895028
-0.77526263	-0.69373445	0.49670359	0.85729679	-73.897197
-0.77526263	-0.69373445	0.49670359	0.85729679	-73.899365
-0.77526263	-0.69373445	0.49670359	0.85729679	-73.90153
-0.77526263	-0.69373445	0.49670359	0.85729679	-73.903694
-0.77526263	-0.69373445	0.49670359	0.85729679	-73.905857
-0.77526263	-0.69373445	0.49670359	0.85729679	-73.908017
-0.77526263	-0.69373445	0.49670359	0.85729679	-73.910176
-0.77526263	-0.69373445	0.49670359	0.85729679	-73.912333
-0.77526263	-0.69373445	0.49670359	0.85729679	-73.914488
-0.77526263	-0.69373445	0.49670359	0.85729679	-73.916642
-0.77526263	-0.69373445	0.49670359	0.85729679	-73.918794
-0.77526263	-0.69373445	0.49670359	0.85729679	-73.920944
-0.77526263	-0.69373445	0.49670359	0.85729679	-73.923093
-0.77526263	-0.69373445	0.49670359	0.85729679	-73.925239
-0.77526263	-0.69373445	0.49670359	0.85729679	-73.927384
-0.77526263	-0.69373445	0.49670359	0.85729679	-73.929528
-0.77526263	-0.69373445	0.49670359	0.85729679	-73.931669
-0.77526263	-0.69373445	0.49670359	0.85729679	-73.933809
-0.77526263	-0.69373445	0.49670359	0.85729679	-73.935947
-0.77526263	-0.69373445	0.49670359	0.85729679	-73.938084
-0.77526263	-0.69373445	0.49670359	0.85729679	-73.940219
-0.77526263	-0.69373445	0.49670359	0.85729679	-73.942352
-0.77526263	-0.69373445	0.49670359	0.85729679	-73.944483
-0.77526263	-0.69373445	0.49670359	0.85729679	-73.946613
-0.77526263	-0.69373445	0.49670359	0.85729679	-73.948741
-0.77526263	-0.69373445	0.49670359	0.85729679	-73.950867
-0.77526263	-0.69373445	0.49670359	0.85729679	-73.952991
-0.77526263	-0.69373445	0.49670359	0.85729679	-73.955114
-0.77526263	-0.69373445	0.49670359	0.85729679	-73.957235
-0.77526263	-0.69373445	0.49670359	0.85729679	-73.959355
-0.77526263	-0.69373445	0.49670359	0.85729679	-73.961472
-0.77526263	-0.69373445	0.49670359	0.85729679	-73.963588
-0.77526263	-0.69373445	0.49670359	0.85729679	-73.965703
-0.77526263	-0.69373445	0.49670359	0.85729679	-73.967815
-0.77526263	-0.69373445	0.49670359	0.85729679	-73.969926
-0.77526263	-0.69373445	0.49670359	0.85729679	-73.972035
-0.77526263	-0.69373445	0.49670359	0.85729679	-73.974142
-0.77526263	-0.69373445	0.49670359	0.85729679	-73.976248
-0.77526263	-0.69373445	0.49670359	0.85729679	-73.978352
-0.77526263	-0.69373445	0.49670359	0.85729679	-73.980455
-0.77526263	-0.69373445	0.49670359	0.85729679	-73.982555
-0.77526263	-0.69373445	0.49670359	0.85729679	-73.984654
-0.77526263	-0.69373445	0.49670359	0.85729679	-73.986751
-0.77526263	-0.69373445	0.49670359	0.85729679	-73.988847
-0.77526263	-0.69373445	0.49670359	0.85729679	-73.99094
-0.77526263	-0.69373445	0.49670359	0.85729679	-73.993033
-0.77526263	-0.69373445	0.49670359	0.85729679	-73.995123
-0.77526263	-0.69373445	0.49670359	0.85729679	-73.997212
-0.77526263	-0.69373445	0.49670359	0.85729679	-73.999299
-0.77526263	-0.69373445	0.49670359	0.85729679	-74.001384
-0.77526263	-0.69373445	0.49670359	0.85729679	-74.003467
-0.77526263	-0.69373445	0.49670359	0.85729679	-74.005549
-0.77526263	-0.69373445	0.49670359	0.85729679	-74.007629
-0.77526263	-0.69373445	0.49670359	0.85729679	-74.009708
-0.77526263	-0.69373445	0.49670359	0.85729679	-74.011785
-0.77526263	-0.69373445	0.49670359	0.85729679	-74.01386
-0.77526263	-0.69373445	0.49670359	0.85729679	-74.015933
-0.77526263	-0.69373445	0.49670359	0.85729679	-74.018005
-0.77526263	-0.69373445	0.49670359	0.85729679	-74.020075
-0.77526263	-0.69373445	0.49670359	0.85729679	-74.022143
-0.77526263	-0.69373445	0.49670359	0.85729679	-74.02421
-0.77526263	-0.69373445	0.49670359	0.85729679	-74.026275
-0.77526263	-0.69373445	0.49670359	0.85729679	-74.028338
-0.77526263	-0.69373445	0.49670359	0.85729679	-74.030399
-0.77526263	-0.69373445	0.49670359	0.85729679	-74.032459
-0.77526263	-0.69373445	0.49670359	0.85729679	-74.034517
-0.77526263	-0.69373445	0.49670359	0.85729679	-74.036574
-0.77526263	-0.69373445	0.49670359	0.85729679	-74.038628
-0.77526263	-0.69373445	0.49670359	0.85729679	-74.040681
-0.77526263	-0.69373445	0.49670359	0.85729679	-74.042733
-0.77526263	-0.69373445	0.49670359	0.85729679	-74.044782
-0.77526263	-0.69373445	0.49670359	0.85729679	-74.04683
-0.77526263	-0.69373445	0.49670359	0.85729679	-74.048876
-0.77526263	-0.69373445	0.49670359	0.85729679	-74.050921
-0.77526263	-0.69373445	0.49670359	0.85729679	-74.052964
-0.77526263	-0.69373445	0.49670359	0.85729679	-74.055005
-0.77526263	-0.69373445	0.49670359	0.85729679	-74.057044
-0.77526263	-0.69373445	0.49670359	0.85729679	-74.059082
-0.77526263	-0.69373445	0.49670359	0.85729679	-74.061118
-0.77526263	-0.69373445	0.49670359	0.85729679	-74.063153
-0.77526263	-0.69373445	0.49670359	0.85729679	-74.065185
-0.77526263	-0.69373445	0.49670359	0.85729679	-74.067216
-0.77526263	-0.69373445	0.49670359	0.85729679	-74.069246
-0.77526263	-0.69373445	0.49670359	0.85729679	-74.071273
-0.77526263	-0.69373445	0.49670359	0.85729679	-74.073299
-0.77526263	-0.69373445	0.49670359	0.85729679	-74.075324
-0.77526263	-0.69373445	0.49670359	0.85729679	-74.077346
-0.77526263	-0.69373445	0.49670359	0.85729679	-74.079367
-0.77526263	-0.69373445	0.49670359	0.85729679	-74.081386
-0.77526263	-0.69373445	0.49670359	0.85729679	-74.083404
-0.77526263	-0.69373445	0.49670359	0.85729679	-74.08542
-0.77526263	-0.69373445	0.49670359	0.85729679	-74.087434
-0.77526263	-0.69373445	0.49670359	0.85729679	-74.089446
-0.77526263	-0.69373445	0.49670359	0.85729679	-74.091457
-0.77526263	-0.69373445	0.49670359	0.85729679	-74.093466
-0.77526263	-0.69373445	0.49670359	0.85729679	-74.095474
-0.77526263	-0.69373445	0.49670359	0.85729679	-74.097479
-0.77526263	-0.69373445	0.49670359	0.85729679	-74.099483
-0.77526263	-0.69373445	0.49670359	0.85729679	-74.101486
-0.77526263	-0.69373445	0.49670359	0.85729679	-74.103486
-0.77526263	-0.69373445	0.49670359	0.85729679	-74.105485
-0.77526263	-0.69373445	0.49670359	0.85729679	-74.107483
-0.77526263	-0.69373445	0.49670359	0.85729679	-74.109478
-0.77526263	-0.69373445	0.49670359	0.85729679	-74.111472
-0.77526263	-0.69373445	0.49670359	0.85729679	-74.113465
-0.77526263	-0.69373445	0.49670359	0.85729679	-74.115455
-0.77526263	-0.69373445	0.49670359	0.85729679	-74.117444
-0.77526263	-0.69373445	0.49670359	0.85729679	-74.119431
-0.77526263	-0.69373445	0.49670359	0.85729679	-74.121417
-0.77526263	-0.69373445	0.49670359	0.85729679	-74.123401
-0.77526263	-0.69373445	0.49670359	0.85729679	-74.125383
-0.77526263	-0.69373445	0.49670359	0.85729679	-74.127364
-0.77526263	-0.69373445	0.49670359	0.85729679	-74.129343
-0.77526263	-0.69373445	0.49670359	0.85729679	-74.13132
-0.77526263	-0.69373445	0.49670359	0.85729679	-74.133295
-0.77526263	-0.69373445	0.49670359	0.85729679	-74.135269
-0.77526263	-0.69373445	0.49670359	0.85729679	-74.137241
-0.77526263	-0.69373445	0.49670359	0.85729679	-74.139212
-0.77526263	-0.69373445	0.49670359	0.85729679	-74.141181
-0.77526263	-0.69373445	0.49670359	0.85729679	-74.143148
-0.77526263	-0.69373445	0.49670359	0.85729679	-74.145113
-0.77526263	-0.69373445	0.49670359	0.85729679	-74.147077
-0.77526263	-0.69373445	0.49670359	0.85729679	-74.149039
-0.77526263	-0.69373445	0.49670359	0.85729679	-74.150999
-0.77526263	-0.69373445	0.49670359	0.85729679	-74.152958
-0.77526263	-0.69373445	0.49670359	0.85729679	-74.154915
-0.77526263	-0.69373445	0.49670359	0.85729679	-74.156871
-0.77526263	-0.69373445	0.49670359	0.85729679	-74.158825
-0.77526263	-0.69373445	0.49670359	0.85729679	-74.160777
-0.77526263	-0.69373445	0.49670359	0.85729679	-74.162727
-0.77526263	-0.69373445	0.49670359	0.85729679	-74.164676
-0.77526263	-0.69373445	0.49670359	0.85729679	-74.166623
-0.77526263	-0.69373445	0.49670359	0.85729679	-74.168568
-0.77526263	-0.69373445	0.49670359	0.85729679	-74.170512
-0.77526263	-0.69373445	0.49670359	0.85729679	-74.172454
-0.77526263	-0.69373445	0.49670359	0.85729679	-74.174394
-0.77526263	-0.69373445	0.49670359	0.85729679	-74.176333
-0.77526263	-0.69373445	0.49670359	0.85729679	-74.17827
-0.77526263	-0.69373445	0.49670359	0.85729679	-74.180206
-0.77526263	-0.69373445	0.49670359	0.85729679	-74.182139
-0.77526263	-0.69373445	0.49670359	0.85729679	-74.184072
-0.77526263	-0.69373445	0.49670359	0.85729679	-74.186002
-0.77526263	-0.69373445	0.49670359	0.85729679	-74.187931
-0.77526263	-0.69373445	0.49670359	0.85729679	-74.189858
-0.77526263	-0.69373445	0.49670359	0.85729679	-74.191783
-0.77526263	-0.69373445	0.49670359	0.85729679	-74.193707
-0.77526263	-0.69373445	0.49670359	0.85729679	-74.195629
-0.77526263	-0.69373445	0.49670359	0.85729679	-74.19755
-0.77526263	-0.69373445	0.49670359	0.85729679	-74.199468
-0.77526263	-0.69373445	0.49670359	0.85729679	-74.201385
-0.77526263	-0.69373445	0.49670359	0.85729679	-74.203301
-0.77526263	-0.69373445	0.49670359	0.85729679	-74.205215
-0.77526263	-0.69373445	0.49670359	0.85729679	-74.207127
-0.77526263	-0.69373445	0.49670359	0.85729679	-74.209037
-0.77526263	-0.69373445	0.49670359	0.85729679	-74.210946
-0.77526263	-0.69373445	0.49670359	0.85729679	-74.212853
-0.77526263	-0.69373445	0.49670359	0.85729679	-74.214759
-0.77526263	-0.69373445	0.49670359	0.85729679	-74.216663
-0.77526263	-0.69373445	0.49670359	0.85729679	-74.218565
-0.77526263	-0.69373445	0.49670359	0.85729679	-74.220465
-0.77526263	-0.69373445	0.49670359	0.85729679	-74.222364
-0.77526263	-0.69373445	0.49670359	0.85729679	-74.224261
-0.77526263	-0.69373445	0.49670359	0.85729679	-74.226157
-0.77526263	-0.69373445	0.49670359	0.85729679	-74.228051
-0.77526263	-0.69373445	0.49670359	0.85729679	-74.229943
-0.77526263	-0.69373445	0.49670359	0.85729679	-74.231834
-0.77526263	-0.69373445	0.49670359	0.85729679	-74.233723
-0.77526263	-0.69373445	0.49670359	0.85729679	-74.23561
-0.77526263	-0.69373445	0.49670359	0.85729679	-74.237495
-0.77526263	-0.69373445	0.49670359	0.85729679	-74.239379
-0.77526263	-0.69373445	0.49670359	0.85729679	-74.241262
-0.77526263	-0.69373445	0.49670359	0.85729679	-74.243142
-0.77526263	-0.69373445	0.49670359	0.85729679	-74.245021
-0.77526263	-0.69373445	0.49670359	0.85729679	-74.246899
-0.77526263	-0.69373445	0.49670359	0.85729679	-74.248775
-0.77526263	-0.69373445	0.49670359	0.85729679	-74.250649
-0.77526263	-0.69373445	0.49670359	0.85729679	-74.252521
-0.77526263	-0.69373445	0.49670359	0.85729679	-74.254392
-0.77526263	-0.69373445	0.49670359	0.85729679	-74.256261
-0.77526263	-0.69373445	0.49670359	0.85729679	-74.258128
-0.77526263	-0.69373445	0.49670359	0.85729679	-74.259994
-0.77526263	-0.69373445	0.49670359	0.85729679	-74.261858
-0.77526263	-0.69373445	0.49670359	0.85729679	-74.263721
-0.77526263	-0.69373445	0.49670359	0.85729679	-74.265582
-0.77526263	-0.69373445	0.49670359	0.85729679	-74.267441
-0.77526263	-0.69373445	0.49670359	0.85729679	-74.269299
-0.77526263	-0.69373445	0.49670359	0.85729679	-74.271155
-0.77526263	-0.69373445	0.49670359	0.85729679	-74.273009
-0.77526263	-0.69373445	0.49670359	0.85729679	-74.274861
-0.77526263	-0.69373445	0.49670359	0.85729679	-74.276712
-0.77526263	-0.69373445	0.49670359	0.85729679	-74.278562
-0.77526263	-0.69373445	0.49670359	0.85729679	-74.28041
-0.77526263	-0.69373445	0.49670359	0.85729679	-74.282256
-0.77526263	-0.69373445	0.49670359	0.85729679	-74.2841
-0.77526263	-0.69373445	0.49670359	0.85729679	-74.285943
-0.77526263	-0.69373445	0.49670359	0.85729679	-74.287784
-0.77526263	-0.69373445	0.49670359	0.85729679	-74.289624
-0.77526263	-0.69373445	0.49670359	0.85729679	-74.291461
-0.77526263	-0.69373445	0.49670359	0.85729679	-74.293298
-0.77526263	-0.69373445	0.49670359	0.85729679	-74.295132
-0.77526263	-0.69373445	0.49670359	0.85729679	-74.296965
-0.77526263	-0.69373445	0.49670359	0.85729679	-74.298797
-0.77526263	-0.69373445	0.49670359	0.85729679	-74.300626
-0.77526263	-0.69373445	0.49670359	0.85729679	-74.302454
-0.77526263	-0.69373445	0.49670359	0.85729679	-74.304281
-0.77526263	-0.69373445	0.49670359	0.85729679	-74.306105
-0.77526263	-0.69373445	0.49670359	0.85729679	-74.307929
-0.77526263	-0.69373445	0.49670359	0.85729679	-74.30975
-0.77526263	-0.69373445	0.49670359	0.85729679	-74.31157
-0.77526263	-0.69373445	0.49670359	0.85729679	-74.313388
-0.77526263	-0.69373445	0.49670359	0.85729679	-74.315205
-0.77526263	-0.69373445	0.49670359	0.85729679	-74.31702
-0.77526263	-0.69373445	0.49670359	0.85729679	-74.318833
-0.77526263	-0.69373445	0.49670359	0.85729679	-74.320645
-0.77526263	-0.69373445	0.49670359	0.85729679	-74.322455
-0.77526263	-0.69373445	0.49670359	0.85729679	-74.324263
-0.77526263	-0.69373445	0.49670359	0.85729679	-74.32607
-0.77526263	-0.69373445	0.49670359	0.85729679	-74.327875
-0.77526263	-0.69373445	0.49670359	0.85729679	-74.329679
-0.77526263	-0.69373445	0.49670359	0.85729679	-74.33148
-0.77526263	-0.69373445	0.49670359	0.85729679	-74.333281
-0.77526263	-0.69373445	0.49670359	0.85729679	-74.335079
-0.77526263	-0.69373445	0.49670359	0.85729679	-74.336876
-0.77526263	-0.69373445	0.49670359	0.85729679	-74.338672
-0.77526263	-0.69373445	0.49670359	0.85729679	-74.340465
-0.77526263	-0.69373445	0.49670359	0.85729679	-74.342258
-0.77526263	-0.69373445	0.49670359	0.85729679	-74.344048
-0.77526263	-0.69373445	0.49670359	0.85729679	-74.345837
-0.77526263	-0.69373445	0.49670359	0.85729679	-74.347624
-0.77526263	-0.69373445	0.49670359	0.85729679	-74.34941
-0.77526263	-0.69373445	0.49670359	0.85729679	-74.351194
-0.77526263	-0.69373445	0.49670359	0.85729679	-74.352976
-0.77526263	-0.69373445	0.49670359	0.85729679	-74.354757
-0.77526263	-0.69373445	0.49670359	0.85729679	-74.356536
-0.77526263	-0.69373445	0.49670359	0.85729679	-74.358313
-0.77526263	-0.69373445	0.49670359	0.85729679	-74.360089
-0.77526263	-0.69373445	0.49670359	0.85729679	-74.361864
-0.77526263	-0.69373445	0.49670359	0.85729679	-74.363636
-0.77526263	-0.69373445	0.49670359	0.85729679	-74.365407
-0.77526263	-0.69373445	0.49670359	0.85729679	-74.367176
-0.77526263	-0.69373445	0.49670359	0.85729679	-74.368944
-0.77526263	-0.69373445	0.49670359	0.85729679	-74.37071
-0.77526263	-0.69373445	0.49670359	0.85729679	-74.372475
-0.77526263	-0.69373445	0.49670359	0.85729679	-74.374238
-0.77526263	-0.69373445	0.49670359	0.85729679	-74.375999
-0.77526263	-0.69373445	0.49670359	0.85729679	-74.377759
-0.77526263	-0.69373445	0.49670359	0.85729679	-74.379517
-0.77526263	-0.69373445	0.49670359	0.85729679	-74.381273
-0.77526263	-0.69373445	0.49670359	0.85729679	-74.383028
-0.77526263	-0.69373445	0.49670359	0.85729679	-74.384781
-0.77526263	-0.69373445	0.49670359	0.85729679	-74.386533
-0.77526263	-0.69373445	0.49670359	0.85729679	-74.388283
-0.77526263	-0.69373445	0.49670359	0.85729679	-74.390031
-0.77526263	-0.69373445	0.49670359	0.85729679	-74.391778
-0.77526263	-0.69373445	0.49670359	0.85729679	-74.393523
-0.77526263	-0.69373445	0.49670359	0.85729679	-74.395266
-0.77526263	-0.69373445	0.49670359	0.85729679	-74.397008
-0.77526263	-0.69373445	0.49670359	0.85729679	-74.398748
-0.77526263	-0.69373445	0.49670359	0.85729679	-74.400487
-0.77526263	-0.69373445	0.49670359	0.85729679	-74.402224
-0.77526263	-0.69373445	0.49670359	0.85729679	-74.403959
-0.77526263	-0.69373445	0.49670359	0.85729679	-74.405693
-0.77526263	-0.69373445	0.49670359	0.85729679	-74.407425
-0.77526263	-0.69373445	0.49670359	0.85729679	-74.409156
-0.77526263	-0.69373445	0.49670359	0.85729679	-74.410885
-0.77526263	-0.69373445	0.49670359	0.85729679	-74.412612
-0.77526263	-0.69373445	0.49670359	0.85729679	-74.414338
-0.77526263	-0.69373445	0.49670359	0.85729679	-74.416062
-0.77526263	-0.69373445	0.49670359	0.85729679	-74.417785
-0.77526263	-0.69373445	0.49670359	0.85729679	-74.419506
-0.77526263	-0.69373445	0.49670359	0.85729679	-74.421225
-0.77526263	-0.69373445	0.49670359	0.85729679	-74.422943
-0.77526263	-0.69373445	0.49670359	0.85729679	-74.424659
-0.77526263	-0.69373445	0.49670359	0.85729679	-74.426373
-0.77526263	-0.69373445	0.49670359	0.85729679	-74.428086
-0.77526263	-0.69373445	0.49670359	0.85729679	-74.429798
-0.77526263	-0.69373445	0.49670359	0.85729679	-74.431507
-0.77526263	-0.69373445	0.49670359	0.85729679	-74.433215
-0.77526263	-0.69373445	0.49670359	0.85729679	-74.434922
-0.77526263	-0.69373445	0.49670359	0.85729679	-74.436627
-0.77526263	-0.69373445	0.49670359	0.85729679	-74.43833
-0.77526263	-0.69373445	0.49670359	0.85729679	-74.440032
-0.77526263	-0.69373445	0.49670359	0.85729679	-74.441732
-0.77526263	-0.69373445	0.49670359	0.85729679	-74.44343
-0.77526263	-0.69373445	0.49670359	0.85729679	-74.445127
-0.77526263	-0.69373445	0.49670359	0.85729679	-74.446822
-0.77526263	-0.69373445	0.49670359	0.85729679	-74.448516
-0.77526263	-0.69373445	0.49670359	0.85729679	-74.450208
-0.77526263	-0.69373445	0.49670359	0.85729679	-74.451899
-0.77526263	-0.69373445	0.49670359	0.85729679	-74.453587
-0.77526263	-0.69373445	0.49670359	0.85729679	-74.455275
-0.77526263	-0.69373445	0.49670359	0.85729679	-74.45696
-0.77526263	-0.69373445	0.49670359	0.85729679	-74.458645
-0.77526263	-0.69373445	0.49670359	0.85729679	-74.460327
-0.77526263	-0.69373445	0.49670359	0.85729679	-74.462008
-0.77526263	-0.69373445	0.49670359	0.85729679	-74.463687
-0.77526263	-0.69373445	0.49670359	0.85729679	-74.465365
-0.77526263	-0.69373445	0.49670359	0.85729679	-74.467041
-0.77526263	-0.69373445	0.49670359	0.85729679	-74.468716
-0.77526263	-0.69373445	0.49670359	0.85729679	-74.470388
-0.77526263	-0.69373445	0.49670359	0.85729679	-74.47206
-0.77526263	-0.69373445	0.49670359	0.85729679	-74.473729
-0.77526263	-0.69373445	0.49670359	0.85729679	-74.475398
-0.77526263	-0.69373445	0.49670359	0.85729679	-74.477064
-0.77526263	-0.69373445	0.49670359	0.85729679	-74.478729
-0.77526263	-0.69373445	0.49670359	0.85729679	-74.480392
-0.77526263	-0.69373445	0.49670359	0.85729679	-74.482054
-0.77526263	-0.69373445	0.49670359	0.85729679	-74.483714
-0.77526263	-0.69373445	0.49670359	0.85729679	-74.485373
-0.77526263	-0.69373445	0.49670359	0.85729679	-74.48703
-0.77526263	-0.69373445	0.49670359	0.85729679	-74.488685
-0.77526263	-0.69373445	0.49670359	0.85729679	-74.490339
-0.77526263	-0.69373445	0.49670359	0.85729679	-74.491992
-0.77526263	-0.69373445	0.49670359	0.85729679	-74.493642
-0.77526263	-0.69373445	0.49670359	0.85729679	-74.495291
-0.77526263	-0.69373445	0.49670359	0.85729679	-74.496939
-0.77526263	-0.69373445	0.49670359	0.85729679	-74.498585
-0.77526263	-0.69373445	0.49670359	0.85729679	-74.500229
-0.77526263	-0.69373445	0.49670359	0.85729679	-74.501872
-0.77526263	-0.69373445	0.49670359	0.85729679	-74.503513
-0.77526263	-0.69373445	0.49670359	0.85729679	-74.505152
-0.77526263	-0.69373445	0.49670359	0.85729679	-74.50679
-0.77526263	-0.69373445	0.49670359	0.85729679	-74.508427
-0.77526263	-0.69373445	0.49670359	0.85729679	-74.510062
-0.77526263	-0.69373445	0.49670359	0.85729679	-74.511695
-0.77526263	-0.69373445	0.49670359	0.85729679	-74.513327
-0.77526263	-0.69373445	0.49670359	0.85729679	-74.514957
-0.77526263	-0.69373445	0.49670359	0.85729679	-74.516585
-0.77526263	-0.69373445	0.49670359	0.85729679	-74.518212
-0.77526263	-0.69373445	0.49670359	0.85729679	-74.519837
-0.77526263	-0.69373445	0.49670359	0.85729679	-74.521461
-0.77526263	-0.69373445	0.49670359	0.85729679	-74.523083
-0.77526263	-0.69373445	0.49670359	0.85729679	-74.524704
-0.77526263	-0.69373445	0.49670359	0.85729679	-74.526323
-0.77526263	-0.69373445	0.49670359	0.85729679	-74.52794
-0.77526263	-0.69373445	0.49670359	0.85729679	-74.529556
-0.77526263	-0.69373445	0.49670359	0.85729679	-74.53117
-0.77526263	-0.69373445	0.49670359	0.85729679	-74.532783
-0.77526263	-0.69373445	0.49670359	0.85729679	-74.534394
-0.77526263	-0.69373445	0.49670359	0.85729679	-74.536004
-0.77526263	-0.69373445	0.49670359	0.85729679	-74.537612
-0.77526263	-0.69373445	0.49670359	0.85729679	-74.539218
-0.77526263	-0.69373445	0.49670359	0.85729679	-74.540823
-0.77526263	-0.69373445	0.49670359	0.85729679	-74.542426
-0.77526263	-0.69373445	0.49670359	0.85729679	-74.544028
-0.77526263	-0.69373445	0.49670359	0.85729679	-74.545628
-0.77526263	-0.69373445	0.49670359	0.85729679	-74.547227
-0.77526263	-0.69373445	0.49670359	0.85729679	-74.548824
-0.77526263	-0.69373445	0.49670359	0.85729679	-74.550419
-0.77526263	-0.69373445	0.49670359	0.85729679	-74.552013
-0.77526263	-0.69373445	0.49670359	0.85729679	-74.553605
-0.77526263	-0.69373445	0.49670359	0.85729679	-74.555196
-0.77526263	-0.69373445	0.49670359	0.85729679	-74.556785
-0.77526263	-0.69373445	0.49670359	0.85729679	-74.558373
-0.77526263	-0.69373445	0.49670359	0.85729679	-74.559959
-0.77526263	-0.69373445	0.49670359	0.85729679	-74.561543
-0.77526263	-0.69373445	0.49670359	0.85729679	-74.563126
-0.77526263	-0.69373445	0.49670359	0.85729679	-74.564708
-0.77526263	-0.69373445	0.49670359	0.85729679	-74.566287
-0.77526263	-0.69373445	0.49670359	0.85729679	-74.567866
-0.77526263	-0.69373445	0.49670359	0.85729679	-74.569442
-0.77526263	-0.69373445	0.49670359	0.85729679	-74.571017
-0.77526263	-0.69373445	0.49670359	0.85729679	-74.572591
-0.77526263	-0.69373445	0.49670359	0.85729679	-74.574163
-0.77526263	-0.69373445	0.49670359	0.85729679	-74.575733
-0.77526263	-0.69373445	0.49670359	0.85729679	-74.577302
-0.77526263	-0.69373445	0.49670359	0.85729679	-74.578869
-0.77526263	-0.69373445	0.49670359	0.85729679	-74.580435
-0.77526263	-0.69373445	0.49670359	0.85729679	-74.581999
-0.77526263	-0.69373445	0.49670359	0.85729679	-74.583562
-0.77526263	-0.69373445	0.49670359	0.85729679	-74.585123
-0.77526263	-0.69373445	0.49670359	0.85729679	-74.586682
-0.77526263	-0.69373445	0.49670359	0.85729679	-74.58824
-0.77526263	-0.69373445	0.49670359	0.85729679	-74.589796
-0.77526263	-0.69373445	0.49670359	0.85729679	-74.591351
-0.77526263	-0.69373445	0.49670359	0.85729679	-74.592904
-0.77526263	-0.69373445	0.49670359	0.85729679	-74.594456
-0.77526263	-0.69373445	0.49670359	0.85729679	-74.596006
-0.77526263	-0.69373445	0.49670359	0.85729679	-74.597555
-0.77526263	-0.69373445	0.49670359	0.85729679	-74.599102
-0.77526263	-0.69373445	0.49670359	0.85729679	-74.600647
-0.77526263	-0.69373445	0.49670359	0.85729679	-74.602191
-0.77526263	-0.69373445	0.49670359	0.85729679	-74.603734
-0.77526263	-0.69373445	0.49670359	0.85729679	-74.605274
-0.77526263	-0.69373445	0.49670359	0.85729679	-74.606814
-0.77526263	-0.69373445	0.49670359	0.85729679	-74.608351
-0.77526263	-0.69373445	0.49670359	0.85729679	-74.609888
-0.77526263	-0.69373445	0.49670359	0.85729679	-74.611422
-0.77526263	-0.69373445	0.49670359	0.85729679	-74.612955
-0.77526263	-0.69373445	0.49670359	0.85729679	-74.614487
-0.77526263	-0.69373445	0.49670359	0.85729679	-74.616017
-0.77526263	-0.69373445	0.49670359	0.85729679	-74.617545
-0.77526263	-0.69373445	0.49670359	0.85729679	-74.619072
-0.77526263	-0.69373445	0.49670359	0.85729679	-74.620597
-0.77526263	-0.69373445	0.49670359	0.85729679	-74.622121
-0.77526263	-0.69373445	0.49670359	0.85729679	-74.623643
-0.77526263	-0.69373445	0.49670359	0.85729679	-74.625164
-0.77526263	-0.69373445	0.49670359	0.85729679	-74.626683
-0.77526263	-0.69373445	0.49670359	0.85729679	-74.628201
-0.77526263	-0.69373445	0.49670359	0.85729679	-74.629717
-0.77526263	-0.69373445	0.49670359	0.85729679	-74.631231
-0.77526263	-0.69373445	0.49670359	0.85729679	-74.632744
-0.77526263	-0.69373445	0.49670359	0.85729679	-74.634256
-0.77526263	-0.69373445	0.49670359	0.85729679	-74.635766
-0.77526263	-0.69373445	0.49670359	0.85729679	-74.637274
-0.77526263	-0.69373445	0.49670359	0.85729679	-74.638781
-0.77526263	-0.69373445	0.49670359	0.85729679	-74.640286
-0.77526263	-0.69373445	0.49670359	0.85729679	-74.64179
-0.77526263	-0.69373445	0.49670359	0.85729679	-74.643292
-0.77526263	-0.69373445	0.49670359	0.85729679	-74.644793
-0.77526263	-0.69373445	0.49670359	0.85729679	-74.646292
-0.77526263	-0.69373445	0.49670359	0.85729679	-74.647789
-0.77526263	-0.69373445	0.49670359	0.85729679	-74.649285
-0.77526263	-0.69373445	0.49670359	0.85729679	-74.65078
-0.77526263	-0.69373445	0.49670359	0.85729679	-74.652273
-0.77526263	-0.69373445	0.49670359	0.85729679	-74.653764
-0.77526263	-0.69373445	0.49670359	0.85729679	-74.655254
-0.77526263	-0.69373445	0.49670359	0.85729679	-74.656743
-0.77526263	-0.69373445	0.49670359	0.85729679	-74.658229
-0.77526263	-0.69373445	0.49670359	0.85729679	-74.659715
-0.77526263	-0.69373445	0.49670359	0.85729679	-74.661198
-0.77526263	-0.69373445	0.49670359	0.85729679	-74.662681
-0.77526263	-0.69373445	0.49670359	0.85729679	-74.664161
-0.77526263	-0.69373445	0.49670359	0.85729679	-74.66564
-0.77526263	-0.69373445	0.49670359	0.85729679	-74.667118
-0.77526263	-0.69373445	0.49670359	0.85729679	-74.668594
-0.77526263	-0.69373445	0.49670359	0.85729679	-74.670069
-0.77526263	-0.69373445	0.49670359	0.85729679	-74.671542
-0.77526263	-0.69373445	0.49670359	0.85729679	-74.673013
-0.77526263	-0.69373445	0.49670359	0.85729679	-74.674483
-0.77526263	-0.69373445	0.49670359	0.85729679	-74.675952
-0.77526263	-0.69373445	0.49670359	0.85729679	-74.677419
-0.77526263	-0.69373445	0.49670359	0.85729679	-74.678884
-0.77526263	-0.69373445	0.49670359	0.85729679	-74.680348
-0.77526263	-0.69373445	0.49670359	0.85729679	-74.68181
-0.77526263	-0.69373445	0.49670359	0.85729679	-74.683271
-0.77526263	-0.69373445	0.49670359	0.85729679	-74.684731
-0.77526263	-0.69373445	0.49670359	0.85729679	-74.686188
-0.77526263	-0.69373445	0.49670359	0.85729679	-74.687645
-0.77526263	-0.69373445	0.49670359	0.85729679	-74.689099
-0.77526263	-0.69373445	0.49670359	0.85729679	-74.690553
-0.77526263	-0.69373445	0.49670359	0.85729679	-74.692004
-0.77526263	-0.69373445	0.49670359	0.85729679	-74.693455
-0.77526263	-0.69373445	0.49670359	0.85729679	-74.694903
-0.77526263	-0.69373445	0.49670359	0.85729679	-74.69635
-0.77526263	-0.69373445	0.49670359	0.85729679	-74.697796
-0.77526263	-0.69373445	0.49670359	0.85729679	-74.69924
-0.77526263	-0.69373445	0.49670359	0.85729679	-74.700683
-0.77526263	-0.69373445	0.49670359	0.85729679	-74.702124
-0.77526263	-0.69373445	0.49670359	0.85729679	-74.703563
-0.77526263	-0.69373445	0.49670359	0.85729679	-74.705001
-0.77526263	-0.69373445	0.49670359	0.85729679	-74.706438
-0.77526263	-0.69373445	0.49670359	0.85729679	-74.707873
-0.77526263	-0.69373445	0.49670359	0.85729679	-74.709306
-0.77526263	-0.69373445	0.49670359	0.85729679	-74.710738
-0.77526263	-0.69373445	0.49670359	0.85729679	-74.712169
-0.77526263	-0.69373445	0.49670359	0.85729679	-74.713598
-0.77526263	-0.69373445	0.49670359	0.85729679	-74.715025
-0.77526263	-0.69373445	0.49670359	0.85729679	-74.716451
-0.77526263	-0.69373445	0.49670359	0.85729679	-74.717876
-0.77526263	-0.69373445	0.49670359	0.85729679	-74.719298
-0.77526263	-0.69373445	0.49670359	0.85729679	-74.72072
-0.77526263	-0.69373445	0.49670359	0.85729679	-74.72214
-0.77526263	-0.69373445	0.49670359	0.85729679	-74.723558
-0.77526263	-0.69373445	0.49670359	0.85729679	-74.724975
-0.77526263	-0.69373445	0.49670359	0.85729679	-74.72639
-0.77526263	-0.69373445	0.49670359	0.85729679	-74.727804
-0.77526263	-0.69373445	0.49670359	0.85729679	-74.729217
-0.77526263	-0.69373445	0.49670359	0.85729679	-74.730627
-0.77526263	-0.69373445	0.49670359	0.85729679	-74.732037
-0.77526263	-0.69373445	0.49670359	0.85729679	-74.733444
-0.77526263	-0.69373445	0.49670359	0.85729679	-74.734851
-0.77526263	-0.69373445	0.49670359	0.85729679	-74.736256
-0.77526263	-0.69373445	0.49670359	0.85729679	-74.737659
-0.77526263	-0.69373445	0.49670359	0.85729679	-74.739061
-0.77526263	-0.69373445	0.49670359	0.85729679	-74.740461
-0.77526263	-0.69373445	0.49670359	0.85729679	-74.74186
-0.77526263	-0.69373445	0.49670359	0.85729679	-74.743257
-0.77526263	-0.69373445	0.49670359	0.85729679	-74.744653
-0.77526263	-0.69373445	0.49670359	0.85729679	-74.746047
-0.77526263	-0.69373445	0.49670359	0.85729679	-74.74744
-0.77526263	-0.69373445	0.49670359	0.85729679	-74.748831
-0.77526263	-0.69373445	0.49670359	0.85729679	-74.750221
-0.77526263	-0.69373445	0.49670359	0.85729679	-74.751609
-0.77526263	-0.69373445	0.49670359	0.85729679	-74.752996
-0.77526263	-0.69373445	0.49670359	0.85729679	-74.754382
-0.77526263	-0.69373445	0.49670359	0.85729679	-74.755765
-0.77526263	-0.69373445	0.49670359	0.85729679	-74.757148
-0.77526263	-0.69373445	0.49670359	0.85729679	-74.758529
-0.77526263	-0.69373445	0.49670359	0.85729679	-74.759908
-0.77526263	-0.69373445	0.49670359	0.85729679	-74.761286
-0.77526263	-0.69373445	0.49670359	0.85729679	-74.762662
-0.77526263	-0.69373445	0.49670359	0.85729679	-74.764037
-0.77526263	-0.69373445	0.49670359	0.85729679	-74.76541
-0.77526263	-0.69373445	0.49670359	0.85729679	-74.766782
-0.77526263	-0.69373445	0.49670359	0.85729679	-74.768152
-0.77526263	-0.69373445	0.49670359	0.85729679	-74.769521
-0.77526263	-0.69373445	0.49670359	0.85729679	-74.770889
-0.77526263	-0.69373445	0.49670359	0.85729679	-74.772255
-0.77526263	-0.69373445	0.49670359	0.85729679	-74.773619
-0.77526263	-0.69373445	0.49670359	0.85729679	-74.774982
-0.77526263	-0.69373445	0.49670359	0.85729679	-74.776343
-0.77526263	-0.69373445	0.49670359	0.85729679	-74.777703
-0.77526263	-0.69373445	0.49670359	0.85729679	-74.779062
-0.77526263	-0.69373445	0.49670359	0.85729679	-74.780419
-0.77526263	-0.69373445	0.49670359	0.85729679	-74.781774
-0.77526263	-0.69373445	0.49670359	0.85729679	-74.783128
-0.77526263	-0.69373445	0.49670359	0.85729679	-74.784481
-0.77526263	-0.69373445	0.49670359	0.85729679	-74.785832
-0.77526263	-0.69373445	0.49670359	0.85729679	-74.787181
-0.77526263	-0.69373445	0.49670359	0.85729679	-74.788529
-0.77526263	-0.69373445	0.49670359	0.85729679	-74.789876
-0.77526263	-0.69373445	0.49670359	0.85729679	-74.791221
-0.77526263	-0.69373445	0.49670359	0.85729679	-74.792565
-0.77526263	-0.69373445	0.49670359	0.85729679	-74.793907
-0.77526263	-0.69373445	0.49670359	0.85729679	-74.795247
-0.77526263	-0.69373445	0.49670359	0.85729679	-74.796587
-0.77526263	-0.69373445	0.49670359	0.85729679	-74.797924
-0.77526263	-0.69373445	0.49670359	0.85729679	-74.799261
-0.77526263	-0.69373445	0.49670359	0.85729679	-74.800595
-0.77526263	-0.69373445	0.49670359	0.85729679	-74.801929
-0.77526263	-0.69373445	0.49670359	0.85729679	-74.80326
-0.77526263	-0.69373445	0.49670359	0.85729679	-74.804591
-0.77526263	-0.69373445	0.49670359	0.85729679	-74.805919
-0.77526263	-0.69373445	0.49670359	0.85729679	-74.807247
-0.77526263	-0.69373445	0.49670359	0.85729679	-74.808573
-0.77526263	-0.69373445	0.49670359	0.85729679	-74.809897
-0.77526263	-0.69373445	0.49670359	0.85729679	-74.81122
-0.77526263	-0.69373445	0.49670359	0.85729679	-74.812541
-0.77526263	-0.69373445	0.49670359	0.85729679	-74.813861
-0.77526263	-0.69373445	0.49670359	0.85729679	-74.81518
-0.77526263	-0.69373445	0.49670359	0.85729679	-74.816497
-0.77526263	-0.69373445	0.49670359	0.85729679	-74.817813
-0.77526263	-0.69373445	0.49670359	0.85729679	-74.819127
-0.77526263	-0.69373445	0.49670359	0.85729679	-74.820439
-0.77526263	-0.69373445	0.49670359	0.85729679	-74.821751
-0.77526263	-0.69373445	0.49670359	0.85729679	-74.82306
-0.77526263	-0.69373445	0.49670359	0.85729679	-74.824368
-0.77526263	-0.69373445	0.49670359	0.85729679	-74.825675
-0.77526263	-0.69373445	0.49670359	0.85729679	-74.826981
-0.77526263	-0.69373445	0.49670359	0.85729679	-74.828284
-0.77526263	-0.69373445	0.49670359	0.85729679	-74.829587
-0.77526263	-0.69373445	0.49670359	0.85729679	-74.830888
-0.77526263	-0.69373445	0.49670359	0.85729679	-74.832187
-0.77526263	-0.69373445	0.49670359	0.85729679	-74.833485
-0.77526263	-0.69373445	0.49670359	0.85729679	-74.834782
-0.77526263	-0.69373445	0.49670359	0.85729679	-74.836077
-0.77526263	-0.69373445	0.49670359	0.85729679	-74.83737
-0.77526263	-0.69373445	0.49670359	0.85729679	-74.838662
-0.77526263	-0.69373445	0.49670359	0.85729679	-74.839953
-0.77526263	-0.69373445	0.49670359	0.85729679	-74.841242
-0.77526263	-0.69373445	0.49670359	0.85729679	-74.84253
-0.77526263	-0.69373445	0.49670359	0.85729679	-74.843816
-0.77526263	-0.69373445	0.49670359	0.85729679	-74.845101
-0.77526263	-0.69373445	0.49670359	0.85729679	-74.846384
-0.77526263	-0.69373445	0.49670359	0.85729679	-74.847666
-0.77526263	-0.69373445	0.49670359	0.85729679	-74.848947
-0.77526263	-0.69373445	0.49670359	0.85729679	-74.850226
-0.77526263	-0.69373445	0.49670359	0.85729679	-74.851503
-0.77526263	-0.69373445	0.49670359	0.85729679	-74.852779
-0.77526263	-0.69373445	0.49670359	0.85729679	-74.854054
-0.77526263	-0.69373445	0.49670359	0.85729679	-74.855327
-0.77526263	-0.69373445	0.49670359	0.85729679	-74.856599
-0.77526263	-0.69373445	0.49670359	0.85729679	-74.857869
-0.77526263	-0.69373445	0.49670359	0.85729679	-74.859138
-0.77526263	-0.69373445	0.49670359	0.85729679	-74.860405
-0.77526263	-0.69373445	0.49670359	0.85729679	-74.861671
-0.77526263	-0.69373445	0.49670359	0.85729679	-74.862936
-0.77526263	-0.69373445	0.49670359	0.85729679	-74.864199
-0.77526263	-0.69373445	0.49670359	0.85729679	-74.86546
-0.77526263	-0.69373445	0.49670359	0.85729679	-74.866721
-0.77526263	-0.69373445	0.49670359	0.85729679	-74.867979
-0.77526263	-0.69373445	0.49670359	0.85729679	-74.869236
-0.77526263	-0.69373445	0.49670359	0.85729679	-74.870492
-0.77526263	-0.69373445	0.49670359	0.85729679	-74.871747
-0.77526263	-0.69373445	0.49670359	0.85729679	-74.872999
-0.77526263	-0.69373445	0.49670359	0.85729679	-74.874251
-0.77526263	-0.69373445	0.49670359	0.85729679	-74.875501
-0.77526263	-0.69373445	0.49670359	0.85729679	-74.876749
-0.77526263	-0.69373445	0.49670359	0.85729679	-74.877997
-0.77526263	-0.69373445	0.49670359	0.85729679	-74.879242
-0.77526263	-0.69373445	0.49670359	0.85729679	-74.880486
-0.77526263	-0.69373445	0.49670359	0.85729679	-74.881729
-0.77526263	-0.69373445	0.49670359	0.85729679	-74.882971
-0.77526263	-0.69373445	0.49670359	0.85729679	-74.884211
-0.77526263	-0.69373445	0.49670359	0.85729679	-74.885449
-0.77526263	-0.69373445	0.49670359	0.85729679	-74.886686
-0.77526263	-0.69373445	0.49670359	0.85729679	-74.887922
-0.77526263	-0.69373445	0.49670359	0.85729679	-74.889156
-0.77526263	-0.69373445	0.49670359	0.85729679	-74.890388
-0.77526263	-0.69373445	0.49670359	0.85729679	-74.89162
-0.77526263	-0.69373445	0.49670359	0.85729679	-74.89285
-0.77526263	-0.69373445	0.49670359	0.85729679	-74.894078
-0.77526263	-0.69373445	0.49670359	0.85729679	-74.895305
-0.77526263	-0.69373445	0.49670359	0.85729679	-74.896531
-0.77526263	-0.69373445	0.49670359	0.85729679	-74.897755
-0.77526263	-0.69373445	0.49670359	0.85729679	-74.898977
-0.77526263	-0.69373445	0.49670359	0.85729679	-74.900199
-0.77526263	-0.69373445	0.49670359	0.85729679	-74.901418
-0.77526263	-0.69373445	0.49670359	0.85729679	-74.902637
-0.77526263	-0.69373445	0.49670359	0.85729679	-74.903854
-0.77526263	-0.69373445	0.49670359	0.85729679	-74.905069
-0.77526263	-0.69373445	0.49670359	0.85729679	-74.906283
-0.77526263	-0.69373445	0.49670359	0.85729679	-74.907496
-0.77526263	-0.69373445	0.49670359	0.85729679	-74.908707
-0.77526263	-0.69373445	0.49670359	0.85729679	-74.909917
-0.77526263	-0.69373445	0.49670359	0.85729679	-74.911125
-0.77526263	-0.69373445	0.49670359	0.85729679	-74.912332
-0.77526263	-0.69373445	0.49670359	0.85729679	-74.913538
-0.77526263	-0.69373445	0.49670359	0.85729679	-74.914742
-0.77526263	-0.69373445	0.49670359	0.85729679	-74.915945
-0.77526263	-0.69373445	0.49670359	0.85729679	-74.917146
-0.77526263	-0.69373445	0.49670359	0.85729679	-74.918346
-0.77526263	-0.69373445	0.49670359	0.85729679	-74.919544
-0.77526263	-0.69373445	0.49670359	0.85729679	-74.920741
-0.77526263	-0.69373445	0.49670359	0.85729679	-74.921937
-0.77526263	-0.69373445	0.49670359	0.85729679	-74.923131
-0.77526263	-0.69373445	0.49670359	0.85729679	-74.924324
-0.77526263	-0.69373445	0.49670359	0.85729679	-74.925515
-0.77526263	-0.69373445	0.49670359	0.85729679	-74.926705
-0.77526263	-0.69373445	0.49670359	0.85729679	-74.927893
-0.77526263	-0.69373445	0.49670359	0.85729679	-74.92908
-0.77526263	-0.69373445	0.49670359	0.85729679	-74.930266
-0.77526263	-0.69373445	0.49670359	0.85729679	-74.93145
-0.77526263	-0.69373445	0.49670359	0.85729679	-74.932633
-0.77526263	-0.69373445	0.49670359	0.85729679	-74.933814
-0.77526263	-0.69373445	0.49670359	0.85729679	-74.934994
-0.77526263	-0.69373445	0.49670359	0.85729679	-74.936173
-0.77526263	-0.69373445	0.49670359	0.85729679	-74.93735
-0.77526263	-0.69373445	0.49670359	0.85729679	-74.938526
-0.77526263	-0.69373445	0.49670359	0.85729679	-74.9397
-0.77526263	-0.69373445	0.49670359	0.85729679	-74.940873
-0.77526263	-0.69373445	0.49670359	0.85729679	-74.942044
-0.77526263	-0.69373445	0.49670359	0.85729679	-74.943214
-0.77526263	-0.69373445	0.49670359	0.85729679	-74.944383
-0.77526263	-0.69373445	0.49670359	0.85729679	-74.94555
-0.77526263	-0.69373445	0.49670359	0.85729679	-74.946716
-0.77526263	-0.69373445	0.49670359	0.85729679	-74.947881
-0.77526263	-0.69373445	0.49670359	0.85729679	-74.949044
-0.77526263	-0.69373445	0.49670359	0.85729679	-74.950205
-0.77526263	-0.69373445	0.49670359	0.85729679	-74.951366
-0.77526263	-0.69373445	0.49670359	0.85729679	-74.952524
-0.77526263	-0.69373445	0.49670359	0.85729679	-74.953682
-0.77526263	-0.69373445	0.49670359	0.85729679	-74.954838
-0.77526263	-0.69373445	0.49670359	0.85729679	-74.955992
-0.77526263	-0.69373445	0.49670359	0.85729679	-74.957146
-0.77526263	-0.69373445	0.49670359	0.85729679	-74.958297
-0.77526263	-0.69373445	0.49670359	0.85729679	-74.959448
-0.77526263	-0.69373445	0.49670359	0.85729679	-74.960597
-0.77526263	-0.69373445	0.49670359	0.85729679	-74.961744
-0.77526263	-0.69373445	0.49670359	0.85729679	-74.962891
-0.77526263	-0.69373445	0.49670359	0.85729679	-74.964035
-0.77526263	-0.69373445	0.49670359	0.85729679	-74.965179
-0.77526263	-0.69373445	0.49670359	0.85729679	-74.966321
-0.77526263	-0.69373445	0.49670359	0.85729679	-74.967461
-0.77526263	-0.69373445	0.49670359	0.85729679	-74.968601
-0.77526263	-0.69373445	0.49670359	0.85729679	-74.969738
-0.77526263	-0.69373445	0.49670359	0.85729679	-74.970875
-0.77526263	-0.69373445	0.49670359	0.85729679	-74.97201
-0.77526263	-0.69373445	0.49670359	0.85729679	-74.973144
-0.77526263	-0.69373445	0.49670359	0.85729679	-74.974276
-0.77526263	-0.69373445	0.49670359	0.85729679	-74.975407
-0.77526263	-0.69373445	0.49670359	0.85729679	-74.976536
-0.77526263	-0.69373445	0.49670359	0.85729679	-74.977664
-0.77526263	-0.69373445	0.49670359	0.85729679	-74.978791
-0.77526263	-0.69373445	0.49670359	0.85729679	-74.979916
-0.77526263	-0.69373445	0.49670359	0.85729679	-74.98104
-0.77526263	-0.69373445	0.49670359	0.85729679	-74.982163
-0.77526263	-0.69373445	0.49670359	0.85729679	-74.983284
-0.77526263	-0.69373445	0.49670359	0.85729679	-74.984403
-0.77526263	-0.69373445	0.49670359	0.85729679	-74.985522
-0.77526263	-0.69373445	0.49670359	0.85729679	-74.986639
-0.77526263	-0.69373445	0.49670359	0.85729679	-74.987754
-0.77526263	-0.69373445	0.49670359	0.85729679	-74.988868
-0.77526263	-0.69373445	0.49670359	0.85729679	-74.989981
-0.77526263	-0.69373445	0.49670359	0.85729679	-74.991093
-0.77526263	-0.69373445	0.49670359	0.85729679	-74.992203
-0.77526263	-0.69373445	0.49670359	0.85729679	-74.993311
-0.77526263	-0.69373445	0.49670359	0.85729679	-74.994419
-0.77526263	-0.69373445	0.49670359	0.85729679	-74.995524
-0.77526263	-0.69373445	0.49670359	0.85729679	-74.996629
-0.77526263	-0.69373445	0.49670359	0.85729679	-74.997732
-0.77526263	-0.69373445	0.49670359	0.85729679	-74.998834
-0.77526263	-0.69373445	0.49670359	0.85729679	-74.999934
-0.77526263	-0.69373445	0.49670359	0.85729679	-75.001033
-0.77526263	-0.69373445	0.49670359	0.85729679	-75.002131
-0.77526263	-0.69373445	0.49670359	0.85729679	-75.003227
-0.77526263	-0.69373445	0.49670359	0.85729679	-75.004322
-0.77526263	-0.69373445	0.49670359	0.85729679	-75.005415
-0.77526263	-0.69373445	0.49670359	0.85729679	-75.006507
-0.77526263	-0.69373445	0.49670359	0.85729679	-75.007598
-0.77526263	-0.69373445	0.49670359	0.85729679	-75.008687
-0.77526263	-0.69373445	0.49670359	0.85729679	-75.009775
-0.77526263	-0.69373445	0.49670359	0.85729679	-75.010862
-0.77526263	-0.69373445	0.49670359	0.85729679	-75.011947
-0.77526263	-0.69373445	0.49670359	0.85729679	-75.013031
-0.77526263	-0.69373445	0.49670359	0.85729679	-75.014114
-0.77526263	-0.69373445	0.49670359	0.85729679	-75.015195
-0.77526263	-0.69373445	0.49670359	0.85729679	-75.016274
-0.77526263	-0.69373445	0.49670359	0.85729679	-75.017353
-0.77526263	-0.69373445	0.49670359	0.85729679	-75.01843
-0.77526263	-0.69373445	0.49670359	0.85729679	-75.019506
-0.77526263	-0.69373445	0.49670359	0.85729679	-75.02058
-0.77526263	-0.69373445	0.49670359	0.85729679	-75.021653
-0.77526263	-0.69373445	0.49670359	0.85729679	-75.022724
-0.77526263	-0.69373445	0.49670359	0.85729679	-75.023794
-0.77526263	-0.69373445	0.49670359	0.85729679	-75.024863
-0.77526263	-0.69373445	0.49670359	0.85729679	-75.025931
-0.77526263	-0.69373445	0.49670359	0.85729679	-75.026997
-0.77526263	-0.69373445	0.49670359	0.85729679	-75.028062
-0.77526263	-0.69373445	0.49670359	0.85729679	-75.029125
-0.77526263	-0.69373445	0.49670359	0.85729679	-75.030187
-0.77526263	-0.69373445	0.49670359	0.85729679	-75.031248
-0.77526263	-0.69373445	0.49670359	0.85729679	-75.032307
-0.77526263	-0.69373445	0.49670359	0.85729679	-75.033365
-0.77526263	-0.69373445	0.49670359	0.85729679	-75.034421
-0.77526263	-0.69373445	0.49670359	0.85729679	-75.035477
-0.77526263	-0.69373445	0.49670359	0.85729679	-75.03653
-0.77526263	-0.69373445	0.49670359	0.85729679	-75.037583
-0.77526263	-0.69373445	0.49670359	0.85729679	-75.038634
-0.77526263	-0.69373445	0.49670359	0.85729679	-75.039684
-0.77526263	-0.69373445	0.49670359	0.85729679	-75.040732
-0.77526263	-0.69373445	0.49670359	0.85729679	-75.041779
-0.77526263	-0.69373445	0.49670359	0.85729679	-75.042825
-0.77526263	-0.69373445	0.49670359	0.85729679	-75.04387
-0.77526263	-0.69373445	0.49670359	0.85729679	-75.044913
-0.77526263	-0.69373445	0.49670359	0.85729679	-75.045954
-0.77526263	-0.69373445	0.49670359	0.85729679	-75.046995
-0.77526263	-0.69373445	0.49670359	0.85729679	-75.048034
-0.77526263	-0.69373445	0.49670359	0.85729679	-75.049071
-0.77526263	-0.69373445	0.49670359	0.85729679	-75.050107
-0.77526263	-0.69373445	0.49670359	0.85729679	-75.051142
-0.77526263	-0.69373445	0.49670359	0.85729679	-75.052176
-0.77526263	-0.69373445	0.49670359	0.85729679	-75.053208
-0.77526263	-0.69373445	0.49670359	0.85729679	-75.054239
-0.77526263	-0.69373445	0.49670359	0.85729679	-75.055269
-0.77526263	-0.69373445	0.49670359	0.85729679	-75.056297
-0.77526263	-0.69373445	0.49670359	0.85729679	-75.057324
-0.77526263	-0.69373445	0.49670359	0.85729679	-75.058349
-0.77526263	-0.69373445	0.49670359	0.85729679	-75.059373
-0.77526263	-0.69373445	0.49670359	0.85729679	-75.060396
-0.77526263	-0.69373445	0.49670359	0.85729679	-75.061418
-0.77526263	-0.69373445	0.49670359	0.85729679	-75.062438
-0.77526263	-0.69373445	0.49670359	0.85729679	-75.063457
-0.77526263	-0.69373445	0.49670359	0.85729679	-75.064474
-0.77526263	-0.69373445	0.49670359	0.85729679	-75.06549
-0.77526263	-0.69373445	0.49670359	0.85729679	-75.066505
-0.77526263	-0.69373445	0.49670359	0.85729679	-75.067518
-0.77526263	-0.69373445	0.49670359	0.85729679	-75.068531
-0.77526263	-0.69373445	0.49670359	0.85729679	-75.069541
-0.77526263	-0.69373445	0.49670359	0.85729679	-75.070551
-0.77526263	-0.69373445	0.49670359	0.85729679	-75.071559
-0.77526263	-0.69373445	0.49670359	0.85729679	-75.072566
-0.77526263	-0.69373445	0.49670359	0.85729679	-75.073571
-0.77526263	-0.69373445	0.49670359	0.85729679	-75.074575
-0.77526263	-0.69373445	0.49670359	0.85729679	-75.075578
-0.77526263	-0.69373445	0.49670359	0.85729679	-75.076579
-0.77526263	-0.69373445	0.49670359	0.85729679	-75.07758
-0.77526263	-0.69373445	0.49670359	0.85729679	-75.078578
-0.77526263	-0.69373445	0.49670359	0.85729679	-75.079576
-0.77526263	-0.69373445	0.49670359	0.85729679	-75.080572
-0.77526263	-0.69373445	0.49670359	0.85729679	-75.081567
-0.77526263	-0.69373445	0.49670359	0.85729679	-75.08256
-0.77526263	-0.69373445	0.49670359	0.85729679	-75.083552
-0.77526263	-0.69373445	0.49670359	0.85729679	-75.084543
-0.77526263	-0.69373445	0.49670359	0.85729679	-75.085533
-0.77526263	-0.69373445	0.49670359	0.85729679	-75.086521
-0.77526263	-0.69373445	0.49670359	0.85729679	-75.087508
-0.77526263	-0.69373445	0.49670359	0.85729679	-75.088493
-0.77526263	-0.69373445	0.49670359	0.85729679	-75.089477
-0.77526263	-0.69373445	0.49670359	0.85729679	-75.09046
-0.77526263	-0.69373445	0.49670359	0.85729679	-75.091442
-0.77526263	-0.69373445	0.49670359	0.85729679	-75.092422
-0.77526263	-0.69373445	0.49670359	0.85729679	-75.093401
-0.77526263	-0.69373445	0.49670359	0.85729679	-75.094379
-0.77526263	-0.69373445	0.49670359	0.85729679	-75.095355
-0.77526263	-0.69373445	0.49670359	0.85729679	-75.09633
-0.77526263	-0.69373445	0.49670359	0.85729679	-75.097304
-0.77526263	-0.69373445	0.49670359	0.85729679	-75.098276
-0.77526263	-0.69373445	0.49670359	0.85729679	-75.099247
-0.77526263	-0.69373445	0.49670359	0.85729679	-75.100217
-0.77526263	-0.69373445	0.49670359	0.85729679	-75.101185
-0.77526263	-0.69373445	0.49670359	0.85729679	-75.102152
-0.77526263	-0.69373445	0.49670359	0.85729679	-75.103118
-0.77526263	-0.69373445	0.49670359	0.85729679	-75.104082
-0.77526263	-0.69373445	0.49670359	0.85729679	-75.105045
-0.77526263	-0.69373445	0.49670359	0.85729679	-75.106007
-0.77526263	-0.69373445	0.49670359	0.85729679	-75.106968
-0.77526263	-0.69373445	0.49670359	0.85729679	-75.107927
-0.77526263	-0.69373445	0.49670359	0.85729679	-75.108885
-0.77526263	-0.69373445	0.49670359	0.85729679	-75.109841
-0.77526263	-0.69373445	0.49670359	0.85729679	-75.110797
-0.77526263	-0.69373445	0.49670359	0.85729679	-75.111751
-0.77526263	-0.69373445	0.49670359	0.85729679	-75.112703
-0.77526263	-0.69373445	0.49670359	0.85729679	-75.113655
-0.77526263	-0.69373445	0.49670359	0.85729679	-75.114605
-0.77526263	-0.69373445	0.49670359	0.85729679	-75.115554
-0.77526263	-0.69373445	0.49670359	0.85729679	-75.116501
-0.77526263	-0.69373445	0.49670359	0.85729679	-75.117447
-0.77526263	-0.69373445	0.49670359	0.85729679	-75.118392
-0.77526263	-0.69373445	0.49670359	0.85729679	-75.119336
-0.77526263	-0.69373445	0.49670359	0.85729679	-75.120278
-0.77526263	-0.69373445	0.49670359	0.85729679	-75.121219
-0.77526263	-0.69373445	0.49670359	0.85729679	-75.122158
-0.77526263	-0.69373445	0.49670359	0.85729679	-75.123097
-0.77526263	-0.69373445	0.49670359	0.85729679	-75.124034
-0.77526263	-0.69373445	0.49670359	0.85729679	-75.124969
-0.77526263	-0.69373445	0.49670359	0.85729679	-75.125904
-0.77526263	-0.69373445	0.49670359	0.85729679	-75.126837
-0.77526263	-0.69373445	0.49670359	0.85729679	-75.127769
-0.77526263	-0.69373445	0.49670359	0.85729679	-75.1287
-0.77526263	-0.69373445	0.49670359	0.85729679	-75.129629
-0.77526263	-0.69373445	0.49670359	0.85729679	-75.130557
-0.77526263	-0.69373445	0.49670359	0.85729679	-75.131483
-0.77526263	-0.69373445	0.49670359	0.85729679	-75.132409
-0.77526263	-0.69373445	0.49670359	0.85729679	-75.133333
-0.77526263	-0.69373445	0.49670359	0.85729679	-75.134256
-0.77526263	-0.69373445	0.49670359	0.85729679	-75.135177
-0.77526263	-0.69373445	0.49670359	0.85729679	-75.136098
-0.77526263	-0.69373445	0.49670359	0.85729679	-75.137016
-0.77526263	-0.69373445	0.49670359	0.85729679	-75.137934
-0.77526263	-0.69373445	0.49670359	0.85729679	-75.138851
-0.77526263	-0.69373445	0.49670359	0.85729679	-75.139766
-0.77526263	-0.69373445	0.49670359	0.85729679	-75.140679
-0.77526263	-0.69373445	0.49670359	0.85729679	-75.141592
-0.77526263	-0.69373445	0.49670359	0.85729679	-75.142503
-0.77526263	-0.69373445	0.49670359	0.85729679	-75.143413
-0.77526263	-0.69373445	0.49670359	0.85729679	-75.144322
-0.77526263	-0.69373445	0.49670359	0.85729679	-75.145229
-0.77526263	-0.69373445	0.49670359	0.85729679	-75.146135
-0.77526263	-0.69373445	0.49670359	0.85729679	-75.14704
-0.77526263	-0.69373445	0.49670359	0.85729679	-75.147944
-0.77526263	-0.69373445	0.49670359	0.85729679	-75.148846
-0.77526263	-0.69373445	0.49670359	0.85729679	-75.149747
-0.77526263	-0.69373445	0.49670359	0.85729679	-75.150647
-0.77526263	-0.69373445	0.49670359	0.85729679	-75.151545
-0.77526263	-0.69373445	0.49670359	0.85729679	-75.152442
-0.77526263	-0.69373445	0.49670359	0.85729679	-75.153338
-0.77526263	-0.69373445	0.49670359	0.85729679	-75.154233
-0.77526263	-0.69373445	0.49670359	0.85729679	-75.155126
-0.77526263	-0.69373445	0.49670359	0.85729679	-75.156018
-0.77526263	-0.69373445	0.49670359	0.85729679	-75.156909
-0.77526263	-0.69373445	0.49670359	0.85729679	-75.157798
-0.77526263	-0.69373445	0.49670359	0.85729679	-75.158687
-0.77526263	-0.69373445	0.49670359	0.85729679	-75.159574
-0.77526263	-0.69373445	0.49670359	0.85729679	-75.160459
-0.77526263	-0.69373445	0.49670359	0.85729679	-75.161344
-0.77526263	-0.69373445	0.49670359	0.85729679	-75.162227
-0.77526263	-0.69373445	0.49670359	0.85729679	-75.163109
-0.77526263	-0.69373445	0.49670359	0.85729679	-75.163989
-0.77526263	-0.69373445	0.49670359	0.85729679	-75.164869
-0.77526263	-0.69373445	0.49670359	0.85729679	-75.165747
-0.77526263	-0.69373445	0.49670359	0.85729679	-75.166624
-0.77526263	-0.69373445	0.49670359	0.85729679	-75.167499
-0.77526263	-0.69373445	0.49670359	0.85729679	-75.168374
-0.77526263	-0.69373445	0.49670359	0.85729679	-75.169247
-0.77526263	-0.69373445	0.49670359	0.85729679	-75.170118
-0.77526263	-0.69373445	0.49670359	0.85729679	-75.170989
-0.77526263	-0.69373445	0.49670359	0.85729679	-75.171858
-0.77526263	-0.69373445	0.49670359	0.85729679	-75.172726
-0.77526263	-0.69373445	0.49670359	0.85729679	-75.173593
-0.77526263	-0.69373445	0.49670359	0.85729679	-75.174458
-0.77526263	-0.69373445	0.49670359	0.85729679	-75.175323
-0.77526263	-0.69373445	0.49670359	0.85729679	-75.176186
-0.77526263	-0.69373445	0.49670359	0.85729679	-75.177047
-0.77526263	-0.69373445	0.49670359	0.85729679	-75.177908
-0.77526263	-0.69373445	0.49670359	0.85729679	-75.178767
-0.77526263	-0.69373445	0.49670359	0.85729679	-75.179625
-0.77526263	-0.69373445	0.49670359	0.85729679	-75.180482
-0.77526263	-0.69373445	0.49670359	0.85729679	-75.181337
-0.77526263	-0.69373445	0.49670359	0.85729679	-75.182191
-0.77526263	-0.69373445	0.49670359	0.85729679	-75.183044
-0.77526263	-0.69373445	0.49670359	0.85729679	-75.183896
-0.77526263	-0.69373445	0.49670359	0.85729679	-75.184746
-0.77526263	-0.69373445	0.49670359	0.85729679	-75.185595
-0.77526263	-0.69373445	0.49670359	0.85729679	-75.186443
-0.77526263	-0.69373445	0.49670359	0.85729679	-75.18729
-0.77526263	-0.69373445	0.49670359	0.85729679	-75.188135
-0.77526263	-0.69373445	0.49670359	0.85729679	-75.18898
-0.77526263	-0.69373445	0.49670359	0.85729679	-75.189823
-0.77526263	-0.69373445	0.49670359	0.85729679	-75.190664
-0.77526263	-0.69373445	0.49670359	0.85729679	-75.191505
-0.77526263	-0.69373445	0.49670359	0.85729679	-75.192344
-0.77526263	-0.69373445	0.49670359	0.85729679	-75.193182
-0.77526263	-0.69373445	0.49670359	0.85729679	-75.194019
-0.77526263	-0.69373445	0.49670359	0.85729679	-75.194854
-0.77526263	-0.69373445	0.49670359	0.85729679	-75.195688
-0.77526263	-0.69373445	0.49670359	0.85729679	-75.196521
-0.77526263	-0.69373445	0.49670359	0.85729679	-75.197353
-0.77526263	-0.69373445	0.49670359	0.85729679	-75.198184
-0.77526263	-0.69373445	0.49670359	0.85729679	-75.199013
-0.77526263	-0.69373445	0.49670359	0.85729679	-75.199841
-0.77526263	-0.69373445	0.49670359	0.85729679	-75.200668
-0.77526263	-0.69373445	0.49670359	0.85729679	-75.201493
-0.77526263	-0.69373445	0.49670359	0.85729679	-75.202318
-0.77526263	-0.69373445	0.49670359	0.85729679	-75.203141
-0.77526263	-0.69373445	0.49670359	0.85729679	-75.203963
-0.77526263	-0.69373445	0.49670359	0.85729679	-75.204783
-0.77526263	-0.69373445	0.49670359	0.85729679	-75.205603
-0.77526263	-0.69373445	0.49670359	0.85729679	-75.206421
-0.77526263	-0.69373445	0.49670359	0.85729679	-75.207238
-0.77526263	-0.69373445	0.49670359	0.85729679	-75.208054
-0.77526263	-0.69373445	0.49670359	0.85729679	-75.208868
-0.77526263	-0.69373445	0.49670359	0.85729679	-75.209681
-0.77526263	-0.69373445	0.49670359	0.85729679	-75.210494
-0.77526263	-0.69373445	0.49670359	0.85729679	-75.211304
-0.77526263	-0.69373445	0.49670359	0.85729679	-75.212114
-0.77526263	-0.69373445	0.49670359	0.85729679	-75.212922
-0.77526263	-0.69373445	0.49670359	0.85729679	-75.213729
-0.77526263	-0.69373445	0.49670359	0.85729679	-75.214535
-0.77526263	-0.69373445	0.49670359	0.85729679	-75.21534
-0.77526263	-0.69373445	0.49670359	0.85729679	-75.216144
-0.77526263	-0.69373445	0.49670359	0.85729679	-75.216946
-0.77526263	-0.69373445	0.49670359	0.85729679	-75.217747
-0.77526263	-0.69373445	0.49670359	0.85729679	-75.218547
-0.77526263	-0.69373445	0.49670359	0.85729679	-75.219345
-0.77526263	-0.69373445	0.49670359	0.85729679	-75.220143
-0.77526263	-0.69373445	0.49670359	0.85729679	-75.220939
-0.77526263	-0.69373445	0.49670359	0.85729679	-75.221734
-0.77526263	-0.69373445	0.49670359	0.85729679	-75.222527
-0.77526263	-0.69373445	0.49670359	0.85729679	-75.22332
-0.77526263	-0.69373445	0.49670359	0.85729679	-75.224111
-0.77526263	-0.69373445	0.49670359	0.85729679	-75.224901
-0.77526263	-0.69373445	0.49670359	0.85729679	-75.22569
-0.77526263	-0.69373445	0.49670359	0.85729679	-75.226478
-0.77526263	-0.69373445	0.49670359	0.85729679	-75.227264
-0.77526263	-0.69373445	0.49670359	0.85729679	-75.228049
-0.77526263	-0.69373445	0.49670359	0.85729679	-75.228833
-0.77526263	-0.69373445	0.49670359	0.85729679	-75.229616
-0.77526263	-0.69373445	0.49670359	0.85729679	-75.230398
-0.77526263	-0.69373445	0.49670359	0.85729679	-75.231178
-0.77526263	-0.69373445	0.49670359	0.85729679	-75.231957
-0.77526263	-0.69373445	0.49670359	0.85729679	-75.232735
-0.77526263	-0.69373445	0.49670359	0.85729679	-75.233512
-0.77526263	-0.69373445	0.49670359	0.85729679	-75.234288
-0.77526263	-0.69373445	0.49670359	0.85729679	-75.235062
-0.77526263	-0.69373445	0.49670359	0.85729679	-75.235835
-0.77526263	-0.69373445	0.49670359	0.85729679	-75.236607
-0.77526263	-0.69373445	0.49670359	0.85729679	-75.237378
-0.77526263	-0.69373445	0.49670359	0.85729679	-75.238147
-0.77526263	-0.69373445	0.49670359	0.85729679	-75.238916
-0.77526263	-0.69373445	0.49670359	0.85729679	-75.239683
-0.77526263	-0.69373445	0.49670359	0.85729679	-75.240449
-0.77526263	-0.69373445	0.49670359	0.85729679	-75.241214
-0.77526263	-0.69373445	0.49670359	0.85729679	-75.241977
-0.77526263	-0.69373445	0.49670359	0.85729679	-75.24274
-0.77526263	-0.69373445	0.49670359	0.85729679	-75.243501
-0.77526263	-0.69373445	0.49670359	0.85729679	-75.244261
-0.77526263	-0.69373445	0.49670359	0.85729679	-75.245019
-0.77526263	-0.69373445	0.49670359	0.85729679	-75.245777
-0.77526263	-0.69373445	0.49670359	0.85729679	-75.246533
-0.77526263	-0.69373445	0.49670359	0.85729679	-75.247289
-0.77526263	-0.69373445	0.49670359	0.85729679	-75.248043
-0.77526263	-0.69373445	0.49670359	0.85729679	-75.248795
-0.77526263	-0.69373445	0.49670359	0.85729679	-75.249547
-0.77526263	-0.69373445	0.49670359	0.85729679	-75.250297
-0.77526263	-0.69373445	0.49670359	0.85729679	-75.251047
-0.77526263	-0.69373445	0.49670359	0.85729679	-75.251795
-0.77526263	-0.69373445	0.49670359	0.85729679	-75.252542
-0.77526263	-0.69373445	0.49670359	0.85729679	-75.253287
-0.77526263	-0.69373445	0.49670359	0.85729679	-75.254032
-0.77526263	-0.69373445	0.49670359	0.85729679	-75.254775
-0.77526263	-0.69373445	0.49670359	0.85729679	-75.255517
-0.77526263	-0.69373445	0.49670359	0.85729679	-75.256258
-0.77526263	-0.69373445	0.49670359	0.85729679	-75.256998
-0.77526263	-0.69373445	0.49670359	0.85729679	-75.257736
-0.77526263	-0.69373445	0.49670359	0.85729679	-75.258474
-0.77526263	-0.69373445	0.49670359	0.85729679	-75.25921
-0.77526263	-0.69373445	0.49670359	0.85729679	-75.259945
-0.77526263	-0.69373445	0.49670359	0.85729679	-75.260679
-0.77526263	-0.69373445	0.49670359	0.85729679	-75.261412
-0.77526263	-0.69373445	0.49670359	0.85729679	-75.262143
-0.77526263	-0.69373445	0.49670359	0.85729679	-75.262873
-0.77526263	-0.69373445	0.49670359	0.85729679	-75.263603
-0.77526263	-0.69373445	0.49670359	0.85729679	-75.264331
-0.77526263	-0.69373445	0.49670359	0.85729679	-75.265057
-0.77526263	-0.69373445	0.49670359	0.85729679	-75.265783
-0.77526263	-0.69373445	0.49670359	0.85729679	-75.266507
-0.77526263	-0.69373445	0.49670359	0.85729679	-75.267231
-0.77526263	-0.69373445	0.49670359	0.85729679	-75.267953
-0.77526263	-0.69373445	0.49670359	0.85729679	-75.268674
-0.77526263	-0.69373445	0.49670359	0.85729679	-75.269393
-0.77526263	-0.69373445	0.49670359	0.85729679	-75.270112
-0.77526263	-0.69373445	0.49670359	0.85729679	-75.270829
-0.77526263	-0.69373445	0.49670359	0.85729679	-75.271546
-0.77526263	-0.69373445	0.49670359	0.85729679	-75.272261
-0.77526263	-0.69373445	0.49670359	0.85729679	-75.272975
-0.77526263	-0.69373445	0.49670359	0.85729679	-75.273688
-0.77526263	-0.69373445	0.49670359	0.85729679	-75.274399
-0.77526263	-0.69373445	0.49670359	0.85729679	-75.27511
-0.77526263	-0.69373445	0.49670359	0.85729679	-75.275819
-0.77526263	-0.69373445	0.49670359	0.85729679	-75.276527
-0.77526263	-0.69373445	0.49670359	0.85729679	-75.277234
-0.77526263	-0.69373445	0.49670359	0.85729679	-75.27794
-0.77526263	-0.69373445	0.49670359	0.85729679	-75.278644
-0.77526263	-0.69373445	0.49670359	0.85729679	-75.279348
-0.77526263	-0.69373445	0.49670359	0.85729679	-75.28005
-0.77526263	-0.69373445	0.49670359	0.85729679	-75.280751
-0.77526263	-0.69373445	0.49670359	0.85729679	-75.281451
-0.77526263	-0.69373445	0.49670359	0.85729679	-75.28215
-0.77526263	-0.69373445	0.49670359	0.85729679	-75.282848
-0.77526263	-0.69373445	0.49670359	0.85729679	-75.283544
-0.77526263	-0.69373445	0.49670359	0.85729679	-75.28424
-0.77526263	-0.69373445	0.49670359	0.85729679	-75.284934
-0.77526263	-0.69373445	0.49670359	0.85729679	-75.285627
-0.77526263	-0.69373445	0.49670359	0.85729679	-75.286319
-0.77526263	-0.69373445	0.49670359	0.85729679	-75.28701
-0.77526263	-0.69373445	0.49670359	0.85729679	-75.287699
-0.77526263	-0.69373445	0.49670359	0.85729679	-75.288388
-0.77526263	-0.69373445	0.49670359	0.85729679	-75.289075
-0.77526263	-0.69373445	0.49670359	0.85729679	-75.289761
-0.77526263	-0.69373445	0.49670359	0.85729679	-75.290446
-0.77526263	-0.69373445	0.49670359	0.85729679	-75.29113
-0.77526263	-0.69373445	0.49670359	0.85729679	-75.291813
-0.77526263	-0.69373445	0.49670359	0.85729679	-75.292495
-0.77526263	-0.69373445	0.49670359	0.85729679	-75.293175
-0.77526263	-0.69373445	0.49670359	0.85729679	-75.293854
-0.77526263	-0.69373445	0.49670359	0.85729679	-75.294533
-0.77526263	-0.69373445	0.49670359	0.85729679	-75.29521
-0.77526263	-0.69373445	0.49670359	0.85729679	-75.295886
-0.77526263	-0.69373445	0.49670359	0.85729679	-75.29656
-0.77526263	-0.69373445	0.49670359	0.85729679	-75.297234
-0.77526263	-0.69373445	0.49670359	0.85729679	-75.297906
-0.77526263	-0.69373445	0.49670359	0.85729679	-75.298578
-0.77526263	-0.69373445	0.49670359	0.85729679	-75.299248
-0.77526263	-0.69373445	0.49670359	0.85729679	-75.299917
-0.77526263	-0.69373445	0.49670359	0.85729679	-75.300585
-0.77526263	-0.69373445	0.49670359	0.85729679	-75.301252
-0.77526263	-0.69373445	0.49670359	0.85729679	-75.301917
-0.77526263	-0.69373445	0.49670359	0.85729679	-75.302582
-0.77526263	-0.69373445	0.49670359	0.85729679	-75.303245
-0.77526263	-0.69373445	0.49670359	0.85729679	-75.303908
-0.77526263	-0.69373445	0.49670359	0.85729679	-75.304569
-0.77526263	-0.69373445	0.49670359	0.85729679	-75.305229
-0.77526263	-0.69373445	0.49670359	0.85729679	-75.305888
-0.77526263	-0.69373445	0.49670359	0.85729679	-75.306545
-0.77526263	-0.69373445	0.49670359	0.85729679	-75.307202
-0.77526263	-0.69373445	0.49670359	0.85729679	-75.307858
-0.77526263	-0.69373445	0.49670359	0.85729679	-75.308512
-0.77526263	-0.69373445	0.49670359	0.85729679	-75.309165
-0.77526263	-0.69373445	0.49670359	0.85729679	-75.309817
-0.77526263	-0.69373445	0.49670359	0.85729679	-75.310468
-0.77526263	-0.69373445	0.49670359	0.85729679	-75.311118
-0.77526263	-0.69373445	0.49670359	0.85729679	-75.311767
-0.77526263	-0.69373445	0.49670359	0.85729679	-75.312415
-0.77526263	-0.69373445	0.49670359	0.85729679	-75.313061
-0.77526263	-0.69373445	0.49670359	0.85729679	-75.313707
-0.77526263	-0.69373445	0.49670359	0.85729679	-75.314351
-0.77526263	-0.69373445	0.49670359	0.85729679	-75.314994
-0.77526263	-0.69373445	0.49670359	0.85729679	-75.315636
-0.77526263	-0.69373445	0.49670359	0.85729679	-75.316277
-0.77526263	-0.69373445	0.49670359	0.85729679	-75.316917
-0.77526263	-0.69373445	0.49670359	0.85729679	-75.317556
-0.77526263	-0.69373445	0.49670359	0.85729679	-75.318193
-0.77526263	-0.69373445	0.49670359	0.85729679	-75.31883
-0.77526263	-0.69373445	0.49670359	0.85729679	-75.319465
-0.77526263	-0.69373445	0.49670359	0.85729679	-75.320099
-0.77526263	-0.69373445	0.49670359	0.85729679	-75.320732
-0.77526263	-0.69373445	0.49670359	0.85729679	-75.321364
-0.77526263	-0.69373445	0.49670359	0.85729679	-75.321995
-0.77526263	-0.69373445	0.49670359	0.85729679	-75.322625
-0.77526263	-0.69373445	0.49670359	0.85729679	-75.323254
-0.77526263	-0.69373445	0.49670359	0.85729679	-75.323882
-0.77526263	-0.69373445	0.49670359	0.85729679	-75.324508
-0.77526263	-0.69373445	0.49670359	0.85729679	-75.325133
-0.77526263	-0.69373445	0.49670359	0.85729679	-75.325758
-0.77526263	-0.69373445	0.49670359	0.85729679	-75.326381
-0.77526263	-0.69373445	0.49670359	0.85729679	-75.327003
-0.77526263	-0.69373445	0.49670359	0.85729679	-75.327624
-0.77526263	-0.69373445	0.49670359	0.85729679	-75.328244
-0.77526263	-0.69373445	0.49670359	0.85729679	-75.328863
-0.77526263	-0.69373445	0.49670359	0.85729679	-75.32948
-0.77526263	-0.69373445	0.49670359	0.85729679	-75.330097
-0.77526263	-0.69373445	0.49670359	0.85729679	-75.330713
-0.77526263	-0.69373445	0.49670359	0.85729679	-75.331327
-0.77526263	-0.69373445	0.49670359	0.85729679	-75.33194
-0.77526263	-0.69373445	0.49670359	0.85729679	-75.332552
-0.77526263	-0.69373445	0.49670359	0.85729679	-75.333164
-0.77526263	-0.69373445	0.49670359	0.85729679	-75.333774
-0.77526263	-0.69373445	0.49670359	0.85729679	-75.334383
-0.77526263	-0.69373445	0.49670359	0.85729679	-75.33499
-0.77526263	-0.69373445	0.49670359	0.85729679	-75.335597
-0.77526263	-0.69373445	0.49670359	0.85729679	-75.336203
-0.77526263	-0.69373445	0.49670359	0.85729679	-75.336807
-0.77526263	-0.69373445	0.49670359	0.85729679	-75.337411
-0.77526263	-0.69373445	0.49670359	0.85729679	-75.338013
-0.77526263	-0.69373445	0.49670359	0.85729679	-75.338615
-0.77526263	-0.69373445	0.49670359	0.85729679	-75.339215
-0.77526263	-0.69373445	0.49670359	0.85729679	-75.339814
-0.77526263	-0.69373445	0.49670359	0.85729679	-75.340412
-0.77526263	-0.69373445	0.49670359	0.85729679	-75.341009
-0.77526263	-0.69373445	0.49670359	0.85729679	-75.341605
-0.77526263	-0.69373445	0.49670359	0.85729679	-75.3422
-0.77526263	-0.69373445	0.49670359	0.85729679	-75.342793
-0.77526263	-0.69373445	0.49670359	0.85729679	-75.343386
-0.77526263	-0.69373445	0.49670359	0.85729679	-75.343978
-0.77526263	-0.69373445	0.49670359	0.85729679	-75.344568
-0.77526263	-0.69373445	0.49670359	0.85729679	-75.345158
-0.77526263	-0.69373445	0.49670359	0.85729679	-75.345746
-0.77526263	-0.69373445	0.49670359	0.85729679	-75.346333
-0.77526263	-0.69373445	0.49670359	0.85729679	-75.346919
-0.77526263	-0.69373445	0.49670359	0.85729679	-75.347504
-0.77526263	-0.69373445	0.49670359	0.85729679	-75.348088
-0.77526263	-0.69373445	0.49670359	0.85729679	-75.348671
-0.77526263	-0.69373445	0.49670359	0.85729679	-75.349253
-0.77526263	-0.69373445	0.49670359	0.85729679	-75.349834
-0.77526263	-0.69373445	0.49670359	0.85729679	-75.350414
-0.77526263	-0.69373445	0.49670359	0.85729679	-75.350993
-0.77526263	-0.69373445	0.49670359	0.85729679	-75.35157
-0.77526263	-0.69373445	0.49670359	0.85729679	-75.352147
-0.77526263	-0.69373445	0.49670359	0.85729679	-75.352722
-0.77526263	-0.69373445	0.49670359	0.85729679	-75.353297
-0.77526263	-0.69373445	0.49670359	0.85729679	-75.35387
-0.77526263	-0.69373445	0.49670359	0.85729679	-75.354442
-0.77526263	-0.69373445	0.49670359	0.85729679	-75.355013
-0.77526263	-0.69373445	0.49670359	0.85729679	-75.355584
-0.77526263	-0.69373445	0.49670359	0.85729679	-75.356153
-0.77526263	-0.69373445	0.49670359	0.85729679	-75.356721
-0.77526263	-0.69373445	0.49670359	0.85729679	-75.357288
-0.77526263	-0.69373445	0.49670359	0.85729679	-75.357854
-0.77526263	-0.69373445	0.49670359	0.85729679	-75.358419
-0.77526263	-0.69373445	0.49670359	0.85729679	-75.358982
-0.77526263	-0.69373445	0.49670359	0.85729679	-75.359545
-0.77526263	-0.69373445	0.49670359	0.85729679	-75.360107
-0.77526263	-0.69373445	0.49670359	0.85729679	-75.360667
-0.77526263	-0.69373445	0.49670359	0.85729679	-75.361227
-0.77526263	-0.69373445	0.49670359	0.85729679	-75.361785
-0.77526263	-0.69373445	0.49670359	0.85729679	-75.362343
-0.77526263	-0.69373445	0.49670359	0.85729679	-75.362899
-0.77526263	-0.69373445	0.49670359	0.85729679	-75.363455
-0.77526263	-0.69373445	0.49670359	0.85729679	-75.364009
-0.77526263	-0.69373445	0.49670359	0.85729679	-75.364562
-0.77526263	-0.69373445	0.49670359	0.85729679	-75.365115
-0.77526263	-0.69373445	0.49670359	0.85729679	-75.365666
-0.77526263	-0.69373445	0.49670359	0.85729679	-75.366216
-0.77526263	-0.69373445	0.49670359	0.85729679	-75.366765
-0.77526263	-0.69373445	0.49670359	0.85729679	-75.367313
-0.77526263	-0.69373445	0.49670359	0.85729679	-75.36786
-0.77526263	-0.69373445	0.49670359	0.85729679	-75.368406
-0.77526263	-0.69373445	0.49670359	0.85729679	-75.368951
-0.77526263	-0.69373445	0.49670359	0.85729679	-75.369495
-0.77526263	-0.69373445	0.49670359	0.85729679	-75.370037
-0.77526263	-0.69373445	0.49670359	0.85729679	-75.370579
-0.77526263	-0.69373445	0.49670359	0.85729679	-75.37112
-0.77526263	-0.69373445	0.49670359	0.85729679	-75.37166
-0.77526263	-0.69373445	0.49670359	0.85729679	-75.372198
-0.77526263	-0.69373445	0.49670359	0.85729679	-75.372736
-0.77526263	-0.69373445	0.49670359	0.85729679	-75.373272
-0.77526263	-0.69373445	0.49670359	0.85729679	-75.373808
-0.77526263	-0.69373445	0.49670359	0.85729679	-75.374343
-0.77526263	-0.69373445	0.49670359	0.85729679	-75.374876
-0.77526263	-0.69373445	0.49670359	0.85729679	-75.375408
-0.77526263	-0.69373445	0.49670359	0.85729679	-75.37594
-0.77526263	-0.69373445	0.49670359	0.85729679	-75.37647
-0.77526263	-0.69373445	0.49670359	0.85729679	-75.377
-0.77526263	-0.69373445	0.49670359	0.85729679	-75.377528
-0.77526263	-0.69373445	0.49670359	0.85729679	-75.378055
-0.77526263	-0.69373445	0.49670359	0.85729679	-75.378582
-0.77526263	-0.69373445	0.49670359	0.85729679	-75.379107
-0.77526263	-0.69373445	0.49670359	0.85729679	-75.379631
-0.77526263	-0.69373445	0.49670359	0.85729679	-75.380154
-0.77526263	-0.69373445	0.49670359	0.85729679	-75.380676
-0.77526263	-0.69373445	0.49670359	0.85729679	-75.381198
-0.77526263	-0.69373445	0.49670359	0.85729679	-75.381718
-0.77526263	-0.69373445	0.49670359	0.85729679	-75.382237
-0.77526263	-0.69373445	0.49670359	0.85729679	-75.382755
-0.77526263	-0.69373445	0.49670359	0.85729679	-75.383272
-0.77526263	-0.69373445	0.49670359	0.85729679	-75.383788
-0.77526263	-0.69373445	0.49670359	0.85729679	-75.384303
-0.77526263	-0.69373445	0.49670359	0.85729679	-75.384817
-0.77526263	-0.69373445	0.49670359	0.85729679	-75.38533
-0.77526263	-0.69373445	0.49670359	0.85729679	-75.385842
-0.77526263	-0.69373445	0.49670359	0.85729679	-75.386353
-0.77526263	-0.69373445	0.49670359	0.85729679	-75.386863
-0.77526263	-0.69373445	0.49670359	0.85729679	-75.387372
-0.77526263	-0.69373445	0.49670359	0.85729679	-75.38788
-0.77526263	-0.69373445	0.49670359	0.85729679	-75.388387
-0.77526263	-0.69373445	0.49670359	0.85729679	-75.388893
-0.77526263	-0.69373445	0.49670359	0.85729679	-75.389397
-0.77526263	-0.69373445	0.49670359	0.85729679	-75.389901
-0.77526263	-0.69373445	0.49670359	0.85729679	-75.390404
-0.77526263	-0.69373445	0.49670359	0.85729679	-75.390906
-0.77526263	-0.69373445	0.49670359	0.85729679	-75.391407
-0.77526263	-0.69373445	0.49670359	0.85729679	-75.391907
-0.77526263	-0.69373445	0.49670359	0.85729679	-75.392406
-0.77526263	-0.69373445	0.49670359	0.85729679	-75.392903
-0.77526263	-0.69373445	0.49670359	0.85729679	-75.3934
-0.77526263	-0.69373445	0.49670359	0.85729679	-75.393896
-0.77526263	-0.69373445	0.49670359	0.85729679	-75.394391
-0.77526263	-0.69373445	0.49670359	0.85729679	-75.394885
-0.77526263	-0.69373445	0.49670359	0.85729679	-75.395378
-0.77526263	-0.69373445	0.49670359	0.85729679	-75.395869
-0.77526263	-0.69373445	0.49670359	0.85729679	-75.39636
-0.77526263	-0.69373445	0.49670359	0.85729679	-75.39685
-0.77526263	-0.69373445	0.49670359	0.85729679	-75.397339
-0.77526263	-0.69373445	0.49670359	0.85729679	-75.397827
-0.77526263	-0.69373445	0.49670359	0.85729679	-75.398314
-0.77526263	-0.69373445	0.49670359	0.85729679	-75.3988
-0.77526263	-0.69373445	0.49670359	0.85729679	-75.399284
-0.77526263	-0.69373445	0.49670359	0.85729679	-75.399768
-0.77526263	-0.69373445	0.49670359	0.85729679	-75.400251
-0.77526263	-0.69373445	0.49670359	0.85729679	-75.400733
-0.77526263	-0.69373445	0.49670359	0.85729679	-75.401214
-0.77526263	-0.69373445	0.49670359	0.85729679	-75.401694
-0.77526263	-0.69373445	0.49670359	0.85729679	-75.402173
-0.77526263	-0.69373445	0.49670359	0.85729679	-75.402651
-0.77526263	-0.69373445	0.49670359	0.85729679	-75.403128
-0.77526263	-0.69373445	0.49670359	0.85729679	-75.403604
-0.77526263	-0.69373445	0.49670359	0.85729679	-75.404079
-0.77526263	-0.69373445	0.49670359	0.85729679	-75.404553
-0.77526263	-0.69373445	0.49670359	0.85729679	-75.405026
-0.77526263	-0.69373445	0.49670359	0.85729679	-75.405498
-0.77526263	-0.69373445	0.49670359	0.85729679	-75.405969
-0.77526263	-0.69373445	0.49670359	0.85729679	-75.406439
-0.77526263	-0.69373445	0.49670359	0.85729679	-75.406908
-0.77526263	-0.69373445	0.49670359	0.85729679	-75.407376
-0.77526263	-0.69373445	0.49670359	0.85729679	-75.407843
-0.77526263	-0.69373445	0.49670359	0.85729679	-75.40831
-0.77526263	-0.69373445	0.49670359	0.85729679	-75.408775
-0.77526263	-0.69373445	0.49670359	0.85729679	-75.409239
-0.77526263	-0.69373445	0.49670359	0.85729679	-75.409702
-0.77526263	-0.69373445	0.49670359	0.85729679	-75.410165
-0.77526263	-0.69373445	0.49670359	0.85729679	-75.410626
-0.77526263	-0.69373445	0.49670359	0.85729679	-75.411086
-0.77526263	-0.69373445	0.49670359	0.85729679	-75.411546
-0.77526263	-0.69373445	0.49670359	0.85729679	-75.412004
-0.77526263	-0.69373445	0.49670359	0.85729679	-75.412462
-0.77526263	-0.69373445	0.49670359	0.85729679	-75.412918
-0.77526263	-0.69373445	0.49670359	0.85729679	-75.413373
-0.77526263	-0.69373445	0.49670359	0.85729679	-75.413828
-0.77526263	-0.69373445	0.49670359	0.85729679	-75.414282
-0.77526263	-0.69373445	0.49670359	0.85729679	-75.414734
-0.77526263	-0.69373445	0.49670359	0.85729679	-75.415186
-0.77526263	-0.69373445	0.49670359	0.85729679	-75.415637
-0.77526263	-0.69373445	0.49670359	0.85729679	-75.416086
-0.77526263	-0.69373445	0.49670359	0.85729679	-75.416535
-0.77526263	-0.69373445	0.49670359	0.85729679	-75.416983
-0.77526263	-0.69373445	0.49670359	0.85729679	-75.41743
-0.77526263	-0.69373445	0.49670359	0.85729679	-75.417876
-0.77526263	-0.69373445	0.49670359	0.85729679	-75.41832
-0.77526263	-0.69373445	0.49670359	0.85729679	-75.418764
-0.77526263	-0.69373445	0.49670359	0.85729679	-75.419207
-0.77526263	-0.69373445	0.49670359	0.85729679	-75.41965
-0.77526263	-0.69373445	0.49670359	0.85729679	-75.420091
-0.77526263	-0.69373445	0.49670359	0.85729679	-75.420531
-0.77526263	-0.69373445	0.49670359	0.85729679	-75.42097
-0.77526263	-0.69373445	0.49670359	0.85729679	-75.421408
-0.77526263	-0.69373445	0.49670359	0.85729679	-75.421846
-0.77526263	-0.69373445	0.49670359	0.85729679	-75.422282
-0.77526263	-0.69373445	0.49670359	0.85729679	-75.422717
-0.77526263	-0.69373445	0.49670359	0.85729679	-75.423152
-0.77526263	-0.69373445	0.49670359	0.85729679	-75.423585
-0.77526263	-0.69373445	0.49670359	0.85729679	-75.424018
-0.77526263	-0.69373445	0.49670359	0.85729679	-75.42445
-0.77526263	-0.69373445	0.49670359	0.85729679	-75.42488
-0.77526263	-0.69373445	0.49670359	0.85729679	-75.42531
-0.77526263	-0.69373445	0.49670359	0.85729679	-75.425739
-0.77526263	-0.69373445	0.49670359	0.85729679	-75.426167
-0.77526263	-0.69373445	0.49670359	0.85729679	-75.426594
-0.77526263	-0.69373445	0.49670359	0.85729679	-75.42702
-0.77526263	-0.69373445	0.49670359	0.85729679	-75.427445
-0.77526263	-0.69373445	0.49670359	0.85729679	-75.427869
-0.77526263	-0.69373445	0.49670359	0.85729679	-75.428292
-0.77526263	-0.69373445	0.49670359	0.85729679	-75.428714
-0.77526263	-0.69373445	0.49670359	0.85729679	-75.429135
-0.77526263	-0.69373445	0.49670359	0.85729679	-75.429556
-0.77526263	-0.69373445	0.49670359	0.85729679	-75.429975
-0.77526263	-0.69373445	0.49670359	0.85729679	-75.430394
-0.77526263	-0.69373445	0.49670359	0.85729679	-75.430811
-0.77526263	-0.69373445	0.49670359	0.85729679	-75.431228
-0.77526263	-0.69373445	0.49670359	0.85729679	-75.431644
-0.77526263	-0.69373445	0.49670359	0.85729679	-75.432058
-0.77526263	-0.69373445	0.49670359	0.85729679	-75.432472
-0.77526263	-0.69373445	0.49670359	0.85729679	-75.432885
-0.77526263	-0.69373445	0.49670359	0.85729679	-75.433297
-0.77526263	-0.69373445	0.49670359	0.85729679	-75.433708
-0.77526263	-0.69373445	0.49670359	0.85729679	-75.434119
-0.77526263	-0.69373445	0.49670359	0.85729679	-75.434528
-0.77526263	-0.69373445	0.49670359	0.85729679	-75.434936
-0.77526263	-0.69373445	0.49670359	0.85729679	-75.435343
-0.77526263	-0.69373445	0.49670359	0.85729679	-75.43575
-0.77526263	-0.69373445	0.49670359	0.85729679	-75.436155
-0.77526263	-0.69373445	0.49670359	0.85729679	-75.43656
-0.77526263	-0.69373445	0.49670359	0.85729679	-75.436964
-0.77526263	-0.69373445	0.49670359	0.85729679	-75.437367
-0.77526263	-0.69373445	0.49670359	0.85729679	-75.437769
-0.77526263	-0.69373445	0.49670359	0.85729679	-75.43817
-0.77526263	-0.69373445	0.49670359	0.85729679	-75.43857
-0.77526263	-0.69373445	0.49670359	0.85729679	-75.438969
-0.77526263	-0.69373445	0.49670359	0.85729679	-75.439367
-0.77526263	-0.69373445	0.49670359	0.85729679	-75.439764
-0.77526263	-0.69373445	0.49670359	0.85729679	-75.440161
-0.77526263	-0.69373445	0.49670359	0.85729679	-75.440556
-0.77526263	-0.69373445	0.49670359	0.85729679	-75.440951
-0.77526263	-0.69373445	0.49670359	0.85729679	-75.441344
-0.77526263	-0.69373445	0.49670359	0.85729679	-75.441737
-0.77526263	-0.69373445	0.49670359	0.85729679	-75.442129
-0.77526263	-0.69373445	0.49670359	0.85729679	-75.44252
-0.77526263	-0.69373445	0.49670359	0.85729679	-75.44291
-0.77526263	-0.69373445	0.49670359	0.85729679	-75.443299
-0.77526263	-0.69373445	0.49670359	0.85729679	-75.443688
-0.77526263	-0.69373445	0.49670359	0.85729679	-75.444075
-0.77526263	-0.69373445	0.49670359	0.85729679	-75.444461
-0.77526263	-0.69373445	0.49670359	0.85729679	-75.444847
-0.77526263	-0.69373445	0.49670359	0.85729679	-75.445232
-0.77526263	-0.69373445	0.49670359	0.85729679	-75.445615
-0.77526263	-0.69373445	0.49670359	0.85729679	-75.445998
-0.77526263	-0.69373445	0.49670359	0.85729679	-75.44638
-0.77526263	-0.69373445	0.49670359	0.85729679	-75.446761
-0.77526263	-0.69373445	0.49670359	0.85729679	-75.447142
-0.77526263	-0.69373445	0.49670359	0.85729679	-75.447521
-0.77526263	-0.69373445	0.49670359	0.85729679	-75.447899
-0.77526263	-0.69373445	0.49670359	0.85729679	-75.448277
-0.77526263	-0.69373445	0.49670359	0.85729679	-75.448653
-0.77526263	-0.69373445	0.49670359	0.85729679	-75.449029
-0.77526263	-0.69373445	0.49670359	0.85729679	-75.449404
-0.77526263	-0.69373445	0.49670359	0.85729679	-75.449778
-0.77526263	-0.69373445	0.49670359	0.85729679	-75.450151
-0.77526263	-0.69373445	0.49670359	0.85729679	-75.450523
-0.77526263	-0.69373445	0.49670359	0.85729679	-75.450894
-0.77526263	-0.69373445	0.49670359	0.85729679	-75.451265
-0.77526263	-0.69373445	0.49670359	0.85729679	-75.451634
-0.77526263	-0.69373445	0.49670359	0.85729679	-75.452003
-0.77526263	-0.69373445	0.49670359	0.85729679	-75.452371
-0.77526263	-0.69373445	0.49670359	0.85729679	-75.452738
-0.77526263	-0.69373445	0.49670359	0.85729679	-75.453104
-0.77526263	-0.69373445	0.49670359	0.85729679	-75.453469
-0.77526263	-0.69373445	0.49670359	0.85729679	-75.453833
-0.77526263	-0.69373445	0.49670359	0.85729679	-75.454197
-0.77526263	-0.69373445	0.49670359	0.85729679	-75.454559
-0.77526263	-0.69373445	0.49670359	0.85729679	-75.454921
-0.77526263	-0.69373445	0.49670359	0.85729679	-75.455281
-0.77526263	-0.69373445	0.49670359	0.85729679	-75.455641
-0.77526263	-0.69373445	0.49670359	0.85729679	-75.456
-0.77526263	-0.69373445	0.49670359	0.85729679	-75.456359
-0.77526263	-0.69373445	0.49670359	0.85729679	-75.456716
-0.77526263	-0.69373445	0.49670359	0.85729679	-75.457072
-0.77526263	-0.69373445	0.49670359	0.85729679	-75.457428
-0.77526263	-0.69373445	0.49670359	0.85729679	-75.457782
-0.77526263	-0.69373445	0.49670359	0.85729679	-75.458136
-0.77526263	-0.69373445	0.49670359	0.85729679	-75.458489
-0.77526263	-0.69373445	0.49670359	0.85729679	-75.458841
-0.77526263	-0.69373445	0.49670359	0.85729679	-75.459192
-0.77526263	-0.69373445	0.49670359	0.85729679	-75.459543
-0.77526263	-0.69373445	0.49670359	0.85729679	-75.459892
-0.77526263	-0.69373445	0.49670359	0.85729679	-75.460241
-0.77526263	-0.69373445	0.49670359	0.85729679	-75.460589
-0.77526263	-0.69373445	0.49670359	0.85729679	-75.460936
-0.77526263	-0.69373445	0.49670359	0.85729679	-75.461282
-0.77526263	-0.69373445	0.49670359	0.85729679	-75.461627
-0.77526263	-0.69373445	0.49670359	0.85729679	-75.461971
-0.77526263	-0.69373445	0.49670359	0.85729679	-75.462315
-0.77526263	-0.69373445	0.49670359	0.85729679	-75.462657
-0.77526263	-0.69373445	0.49670359	0.85729679	-75.462999
-0.77526263	-0.69373445	0.49670359	0.85729679	-75.46334
-0.77526263	-0.69373445	0.49670359	0.85729679	-75.46368
-0.77526263	-0.69373445	0.49670359	0.85729679	-75.464019
-0.77526263	-0.69373445	0.49670359	0.85729679	-75.464358
-0.77526263	-0.69373445	0.49670359	0.85729679	-75.464695
-0.77526263	-0.69373445	0.49670359	0.85729679	-75.465032
-0.77526263	-0.69373445	0.49670359	0.85729679	-75.465368
-0.77526263	-0.69373445	0.49670359	0.85729679	-75.465703
-0.77526263	-0.69373445	0.49670359	0.85729679	-75.466037
-0.77526263	-0.69373445	0.49670359	0.85729679	-75.46637
-0.77526263	-0.69373445	0.49670359	0.85729679	-75.466703
-0.77526263	-0.69373445	0.49670359	0.85729679	-75.467034
-0.77526263	-0.69373445	0.49670359	0.85729679	-75.467365
-0.77526263	-0.69373445	0.49670359	0.85729679	-75.467695
-0.77526263	-0.69373445	0.49670359	0.85729679	-75.468024
-0.77526263	-0.69373445	0.49670359	0.85729679	-75.468352
-0.77526263	-0.69373445	0.49670359	0.85729679	-75.46868
-0.77526263	-0.69373445	0.49670359	0.85729679	-75.469006
-0.77526263	-0.69373445	0.49670359	0.85729679	-75.469332
-0.77526263	-0.69373445	0.49670359	0.85729679	-75.469657
-0.77526263	-0.69373445	0.49670359	0.85729679	-75.469981
-0.77526263	-0.69373445	0.49670359	0.85729679	-75.470304
-0.77526263	-0.69373445	0.49670359	0.85729679	-75.470627
-0.77526263	-0.69373445	0.49670359	0.85729679	-75.470948
-0.77526263	-0.69373445	0.49670359	0.85729679	-75.471269
-0.77526263	-0.69373445	0.49670359	0.85729679	-75.471589
-0.77526263	-0.69373445	0.49670359	0.85729679	-75.471908
-0.77526263	-0.69373445	0.49670359	0.85729679	-75.472227
-0.77526263	-0.69373445	0.49670359	0.85729679	-75.472544
-0.77526263	-0.69373445	0.49670359	0.85729679	-75.472861
-0.77526263	-0.69373445	0.49670359	0.85729679	-75.473176
-0.77526263	-0.69373445	0.49670359	0.85729679	-75.473491
-0.77526263	-0.69373445	0.49670359	0.85729679	-75.473806
-0.77526263	-0.69373445	0.49670359	0.85729679	-75.474119
-0.77526263	-0.69373445	0.49670359	0.85729679	-75.474432
-0.77526263	-0.69373445	0.49670359	0.85729679	-75.474743
-0.77526263	-0.69373445	0.49670359	0.85729679	-75.475054
-0.77526263	-0.69373445	0.49670359	0.85729679	-75.475364
-0.77526263	-0.69373445	0.49670359	0.85729679	-75.475673
-0.77526263	-0.69373445	0.49670359	0.85729679	-75.475982
-0.77526263	-0.69373445	0.49670359	0.85729679	-75.47629
-0.77526263	-0.69373445	0.49670359	0.85729679	-75.476596
-0.77526263	-0.69373445	0.49670359	0.85729679	-75.476902
-0.77526263	-0.69373445	0.49670359	0.85729679	-75.477208
-0.77526263	-0.69373445	0.49670359	0.85729679	-75.477512
-0.77526263	-0.69373445	0.49670359	0.85729679	-75.477815
-0.77526263	-0.69373445	0.49670359	0.85729679	-75.478118
-0.77526263	-0.69373445	0.49670359	0.85729679	-75.47842
-0.77526263	-0.69373445	0.49670359	0.85729679	-75.478721
-0.77526263	-0.69373445	0.49670359	0.85729679	-75.479022
-0.77526263	-0.69373445	0.49670359	0.85729679	-75.479321
-0.77526263	-0.69373445	0.49670359	0.85729679	-75.47962
-0.77526263	-0.69373445	0.49670359	0.85729679	-75.479918
-0.77526263	-0.69373445	0.49670359	0.85729679	-75.480215
-0.77526263	-0.69373445	0.49670359	0.85729679	-75.480511
-0.77526263	-0.69373445	0.49670359	0.85729679	-75.480807
-0.77526263	-0.69373445	0.49670359	0.85729679	-75.481102
-0.77526263	-0.69373445	0.49670359	0.85729679	-75.481396
-0.77526263	-0.69373445	0.49670359	0.85729679	-75.481689
-0.77526263	-0.69373445	0.49670359	0.85729679	-75.481981
-0.77526263	-0.69373445	0.49670359	0.85729679	-75.482273
-0.77526263	-0.69373445	0.49670359	0.85729679	-75.482563
-0.77526263	-0.69373445	0.49670359	0.85729679	-75.482853
-0.77526263	-0.69373445	0.49670359	0.85729679	-75.483142
-0.77526263	-0.69373445	0.49670359	0.85729679	-75.483431
-0.77526263	-0.69373445	0.49670359	0.85729679	-75.483718
-0.77526263	-0.69373445	0.49670359	0.85729679	-75.484005
-0.77526263	-0.69373445	0.49670359	0.85729679	-75.484291
-0.77526263	-0.69373445	0.49670359	0.85729679	-75.484576
-0.77526263	-0.69373445	0.49670359	0.85729679	-75.484861
-0.77526263	-0.69373445	0.49670359	0.85729679	-75.485145
-0.77526263	-0.69373445	0.49670359	0.85729679	-75.485427
-0.77526263	-0.69373445	0.49670359	0.85729679	-75.48571
-0.77526263	-0.69373445	0.49670359	0.85729679	-75.485991
-0.77526263	-0.69373445	0.49670359	0.85729679	-75.486271
-0.77526263	-0.69373445	0.49670359	0.85729679	-75.486551
-0.77526263	-0.69373445	0.49670359	0.85729679	-75.48683
-0.77526263	-0.69373445	0.49670359	0.85729679	-75.487108
-0.77526263	-0.69373445	0.49670359	0.85729679	-75.487386
-0.77526263	-0.69373445	0.49670359	0.85729679	-75.487662
-0.77526263	-0.69373445	0.49670359	0.85729679	-75.487938
-0.77526263	-0.69373445	0.49670359	0.85729679	-75.488213
-0.77526263	-0.69373445	0.49670359	0.85729679	-75.488488
-0.77526263	-0.69373445	0.49670359	0.85729679	-75.488761
-0.77526263	-0.69373445	0.49670359	0.85729679	-75.489034
-0.77526263	-0.69373445	0.49670359	0.85729679	-75.489306
-0.77526263	-0.69373445	0.49670359	0.85729679	-75.489577
-0.77526263	-0.69373445	0.49670359	0.85729679	-75.489847
-0.77526263	-0.69373445	0.49670359	0.85729679	-75.490117
-0.77526263	-0.69373445	0.49670359	0.85729679	-75.490386
-0.77526263	-0.69373445	0.49670359	0.85729679	-75.490654
-0.77526263	-0.69373445	0.49670359	0.85729679	-75.490922
-0.77526263	-0.69373445	0.49670359	0.85729679	-75.491188
-0.77526263	-0.69373445	0.49670359	0.85729679	-75.491454
-0.77526263	-0.69373445	0.49670359	0.85729679	-75.491719
-0.77526263	-0.69373445	0.49670359	0.85729679	-75.491984
-0.77526263	-0.69373445	0.49670359	0.85729679	-75.492247
-0.77526263	-0.69373445	0.49670359	0.85729679	-75.49251
-0.77526263	-0.69373445	0.49670359	0.85729679	-75.492772
-0.77526263	-0.69373445	0.49670359	0.85729679	-75.493033
-0.77526263	-0.69373445	0.49670359	0.85729679	-75.493294
-0.77526263	-0.69373445	0.49670359	0.85729679	-75.493554
-0.77526263	-0.69373445	0.49670359	0.85729679	-75.493813
-0.77526263	-0.69373445	0.49670359	0.85729679	-75.494071
-0.77526263	-0.69373445	0.49670359	0.85729679	-75.494329
-0.77526263	-0.69373445	0.49670359	0.85729679	-75.494585
-0.77526263	-0.69373445	0.49670359	0.85729679	-75.494841
-0.77526263	-0.69373445	0.49670359	0.85729679	-75.495097
-0.77526263	-0.69373445	0.49670359	0.85729679	-75.495351
-0.77526263	-0.69373445	0.49670359	0.85729679	-75.495605
-0.77526263	-0.69373445	0.49670359	0.85729679	-75.495858
-0.77526263	-0.69373445	0.49670359	0.85729679	-75.49611
-0.77526263	-0.69373445	0.49670359	0.85729679	-75.496362
-0.77526263	-0.69373445	0.49670359	0.85729679	-75.496613
-0.77526263	-0.69373445	0.49670359	0.85729679	-75.496863
-0.77526263	-0.69373445	0.49670359	0.85729679	-75.497112
-0.77526263	-0.69373445	0.49670359	0.85729679	-75.497361
-0.77526263	-0.69373445	0.49670359	0.85729679	-75.497609
-0.77526263	-0.69373445	0.49670359	0.85729679	-75.497856
-0.77526263	-0.69373445	0.49670359	0.85729679	-75.498102
-0.77526263	-0.69373445	0.49670359	0.85729679	-75.498348
-0.77526263	-0.69373445	0.49670359	0.85729679	-75.498593
-0.77526263	-0.69373445	0.49670359	0.85729679	-75.498837
-0.77526263	-0.69373445	0.49670359	0.85729679	-75.49908
-0.77526263	-0.69373445	0.49670359	0.85729679	-75.499323
-0.77526263	-0.69373445	0.49670359	0.85729679	-75.499565
-0.77526263	-0.69373445	0.49670359	0.85729679	-75.499806
-0.77526263	-0.69373445	0.49670359	0.85729679	-75.500047
-0.77526263	-0.69373445	0.49670359	0.85729679	-75.500287
-0.77526263	-0.69373445	0.49670359	0.85729679	-75.500526
-0.77526263	-0.69373445	0.49670359	0.85729679	-75.500764
-0.77526263	-0.69373445	0.49670359	0.85729679	-75.501002
-0.77526263	-0.69373445	0.49670359	0.85729679	-75.501238
-0.77526263	-0.69373445	0.49670359	0.85729679	-75.501475
-0.77526263	-0.69373445	0.49670359	0.85729679	-75.50171
-0.77526263	-0.69373445	0.49670359	0.85729679	-75.501945
-0.77526263	-0.69373445	0.49670359	0.85729679	-75.502179
-0.77526263	-0.69373445	0.49670359	0.85729679	-75.502412
-0.77526263	-0.69373445	0.49670359	0.85729679	-75.502645
-0.77526263	-0.69373445	0.49670359	0.85729679	-75.502877
-0.77526263	-0.69373445	0.49670359	0.85729679	-75.503108
-0.77526263	-0.69373445	0.49670359	0.85729679	-75.503338
-0.77526263	-0.69373445	0.49670359	0.85729679	-75.503568
-0.77526263	-0.69373445	0.49670359	0.85729679	-75.503797
-0.77526263	-0.69373445	0.49670359	0.85729679	-75.504025
-0.77526263	-0.69373445	0.49670359	0.85729679	-75.504253
-0.77526263	-0.69373445	0.49670359	0.85729679	-75.50448
-0.77526263	-0.69373445	0.49670359	0.85729679	-75.504706
-0.77526263	-0.69373445	0.49670359	0.85729679	-75.504931
-0.77526263	-0.69373445	0.49670359	0.85729679	-75.505156
-0.77526263	-0.69373445	0.49670359	0.85729679	-75.50538
-0.77526263	-0.69373445	0.49670359	0.85729679	-75.505603
-0.77526263	-0.69373445	0.49670359	0.85729679	-75.505826
-0.77526263	-0.69373445	0.49670359	0.85729679	-75.506048
-0.77526263	-0.69373445	0.49670359	0.85729679	-75.506269
-0.77526263	-0.69373445	0.49670359	0.85729679	-75.506489
-0.77526263	-0.69373445	0.49670359	0.85729679	-75.506709
-0.77526263	-0.69373445	0.49670359	0.85729679	-75.506928
-0.77526263	-0.69373445	0.49670359	0.85729679	-75.507147
-0.77526263	-0.69373445	0.49670359	0.85729679	-75.507365
-0.77526263	-0.69373445	0.49670359	0.85729679	-75.507582
-0.77526263	-0.69373445	0.49670359	0.85729679	-75.507798
-0.77526263	-0.69373445	0.49670359	0.85729679	-75.508014
-0.77526263	-0.69373445	0.49670359	0.85729679	-75.508228
-0.77526263	-0.69373445	0.49670359	0.85729679	-75.508443
-0.77526263	-0.69373445	0.49670359	0.85729679	-75.508656
-0.77526263	-0.69373445	0.49670359	0.85729679	-75.508869
-0.77526263	-0.69373445	0.49670359	0.85729679	-75.509081
-0.77526263	-0.69373445	0.49670359	0.85729679	-75.509293
-0.77526263	-0.69373445	0.49670359	0.85729679	-75.509504
-0.77526263	-0.69373445	0.49670359	0.85729679	-75.509714
-0.77526263	-0.69373445	0.49670359	0.85729679	-75.509923
-0.77526263	-0.69373445	0.49670359	0.85729679	-75.510132
-0.77526263	-0.69373445	0.49670359	0.85729679	-75.51034
-0.77526263	-0.69373445	0.49670359	0.85729679	-75.510547
-0.77526263	-0.69373445	0.49670359	0.85729679	-75.510754
-0.77526263	-0.69373445	0.49670359	0.85729679	-75.51096
-0.77526263	-0.69373445	0.49670359	0.85729679	-75.511166
-0.77526263	-0.69373445	0.49670359	0.85729679	-75.51137
-0.77526263	-0.69373445	0.49670359	0.85729679	-75.511574
-0.77526263	-0.69373445	0.49670359	0.85729679	-75.511778
-0.77526263	-0.69373445	0.49670359	0.85729679	-75.51198
-0.77526263	-0.69373445	0.49670359	0.85729679	-75.512182
-0.77526263	-0.69373445	0.49670359	0.85729679	-75.512383
-0.77526263	-0.69373445	0.49670359	0.85729679	-75.512584
-0.77526263	-0.69373445	0.49670359	0.85729679	-75.512784
-0.77526263	-0.69373445	0.49670359	0.85729679	-75.512983
-0.77526263	-0.69373445	0.49670359	0.85729679	-75.513182
-0.77526263	-0.69373445	0.49670359	0.85729679	-75.51338
-0.77526263	-0.69373445	0.49670359	0.85729679	-75.513577
-0.77526263	-0.69373445	0.49670359	0.85729679	-75.513774
-0.77526263	-0.69373445	0.49670359	0.85729679	-75.51397
-0.77526263	-0.69373445	0.49670359	0.85729679	-75.514165
-0.77526263	-0.69373445	0.49670359	0.85729679	-75.51436
-0.77526263	-0.69373445	0.49670359	0.85729679	-75.514554
-0.77526263	-0.69373445	0.49670359	0.85729679	-75.514747
-0.77526263	-0.69373445	0.49670359	0.85729679	-75.51494
-0.77526263	-0.69373445	0.49670359	0.85729679	-75.515132
-0.77526263	-0.69373445	0.49670359	0.85729679	-75.515323
-0.77526263	-0.69373445	0.49670359	0.85729679	-75.515514
-0.77526263	-0.69373445	0.49670359	0.85729679	-75.515704
-0.77526263	-0.69373445	0.49670359	0.85729679	-75.515893
-0.77526263	-0.69373445	0.49670359	0.85729679	-75.516082
-0.77526263	-0.69373445	0.49670359	0.85729679	-75.51627
-0.77526263	-0.69373445	0.49670359	0.85729679	-75.516457
-0.77526263	-0.69373445	0.49670359	0.85729679	-75.516644
-0.77526263	-0.69373445	0.49670359	0.85729679	-75.51683
-0.77526263	-0.69373445	0.49670359	0.85729679	-75.517016
-0.77526263	-0.69373445	0.49670359	0.85729679	-75.517201
-0.77526263	-0.69373445	0.49670359	0.85729679	-75.517385
-0.77526263	-0.69373445	0.49670359	0.85729679	-75.517568
-0.77526263	-0.69373445	0.49670359	0.85729679	-75.517751
-0.77526263	-0.69373445	0.49670359	0.85729679	-75.517933
-0.77526263	-0.69373445	0.49670359	0.85729679	-75.518115
-0.77526263	-0.69373445	0.49670359	0.85729679	-75.518296
-0.77526263	-0.69373445	0.49670359	0.85729679	-75.518476
-0.77526263	-0.69373445	0.49670359	0.85729679	-75.518656
-0.77526263	-0.69373445	0.49670359	0.85729679	-75.518835
-0.77526263	-0.69373445	0.49670359	0.85729679	-75.519013
-0.77526263	-0.69373445	0.49670359	0.85729679	-75.519191
-0.77526263	-0.69373445	0.49670359	0.85729679	-75.519368
-0.77526263	-0.69373445	0.49670359	0.85729679	-75.519545
-0.77526263	-0.69373445	0.49670359	0.85729679	-75.519721
-0.77526263	-0.69373445	0.49670359	0.85729679	-75.519896
-0.77526263	-0.69373445	0.49670359	0.85729679	-75.520071
-0.77526263	-0.69373445	0.49670359	0.85729679	-75.520245
-0.77526263	-0.69373445	0.49670359	0.85729679	-75.520418
-0.77526263	-0.69373445	0.49670359	0.85729679	-75.520591
-0.77526263	-0.69373445	0.49670359	0.85729679	-75.520763
-0.77526263	-0.69373445	0.49670359	0.85729679	-75.520934
-0.77526263	-0.69373445	0.49670359	0.85729679	-75.521105
-0.77526263	-0.69373445	0.49670359	0.85729679	-75.521275
-0.77526263	-0.69373445	0.49670359	0.85729679	-75.521445
-0.77526263	-0.69373445	0.49670359	0.85729679	-75.521614
-0.77526263	-0.69373445	0.49670359	0.85729679	-75.521782
-0.77526263	-0.69373445	0.49670359	0.85729679	-75.52195
-0.77526263	-0.69373445	0.49670359	0.85729679	-75.522117
-0.77526263	-0.69373445	0.49670359	0.85729679	-75.522284
-0.77526263	-0.69373445	0.49670359	0.85729679	-75.52245
-0.77526263	-0.69373445	0.49670359	0.85729679	-75.522615
-0.77526263	-0.69373445	0.49670359	0.85729679	-75.52278
-0.77526263	-0.69373445	0.49670359	0.85729679	-75.522944
-0.77526263	-0.69373445	0.49670359	0.85729679	-75.523107
-0.77526263	-0.69373445	0.49670359	0.85729679	-75.52327
-0.77526263	-0.69373445	0.49670359	0.85729679	-75.523432
-0.77526263	-0.69373445	0.49670359	0.85729679	-75.523594
-0.77526263	-0.69373445	0.49670359	0.85729679	-75.523755
-0.77526263	-0.69373445	0.49670359	0.85729679	-75.523916
-0.77526263	-0.69373445	0.49670359	0.85729679	-75.524075
-0.77526263	-0.69373445	0.49670359	0.85729679	-75.524235
-0.77526263	-0.69373445	0.49670359	0.85729679	-75.524393
-0.77526263	-0.69373445	0.49670359	0.85729679	-75.524551
-0.77526263	-0.69373445	0.49670359	0.85729679	-75.524709
-0.77526263	-0.69373445	0.49670359	0.85729679	-75.524865
-0.77526263	-0.69373445	0.49670359	0.85729679	-75.525022
-0.77526263	-0.69373445	0.49670359	0.85729679	-75.525177
-0.77526263	-0.69373445	0.49670359	0.85729679	-75.525332
-0.77526263	-0.69373445	0.49670359	0.85729679	-75.525487
-0.77526263	-0.69373445	0.49670359	0.85729679	-75.52564
-0.77526263	-0.69373445	0.49670359	0.85729679	-75.525794
-0.77526263	-0.69373445	0.49670359	0.85729679	-75.525946
-0.77526263	-0.69373445	0.49670359	0.85729679	-75.526098
-0.77526263	-0.69373445	0.49670359	0.85729679	-75.52625
-0.77526263	-0.69373445	0.49670359	0.85729679	-75.526401
-0.77526263	-0.69373445	0.49670359	0.85729679	-75.526551
-0.77526263	-0.69373445	0.49670359	0.85729679	-75.526701
-0.77526263	-0.69373445	0.49670359	0.85729679	-75.52685
-0.77526263	-0.69373445	0.49670359	0.85729679	-75.526998
-0.77526263	-0.69373445	0.49670359	0.85729679	-75.527146
-0.77526263	-0.69373445	0.49670359	0.85729679	-75.527294
-0.77526263	-0.69373445	0.49670359	0.85729679	-75.52744
-0.77526263	-0.69373445	0.49670359	0.85729679	-75.527587
-0.77526263	-0.69373445	0.49670359	0.85729679	-75.527732
-0.77526263	-0.69373445	0.49670359	0.85729679	-75.527877
-0.77526263	-0.69373445	0.49670359	0.85729679	-75.528022
-0.77526263	-0.69373445	0.49670359	0.85729679	-75.528166
-0.77526263	-0.69373445	0.49670359	0.85729679	-75.528309
-0.77526263	-0.69373445	0.49670359	0.85729679	-75.528452
-0.77526263	-0.69373445	0.49670359	0.85729679	-75.528594
-0.77526263	-0.69373445	0.49670359	0.85729679	-75.528736
-0.77526263	-0.69373445	0.49670359	0.85729679	-75.528877
-0.77526263	-0.69373445	0.49670359	0.85729679	-75.529017
-0.77526263	-0.69373445	0.49670359	0.85729679	-75.529157
-0.77526263	-0.69373445	0.49670359	0.85729679	-75.529296
-0.77526263	-0.69373445	0.49670359	0.85729679	-75.529435
-0.77526263	-0.69373445	0.49670359	0.85729679	-75.529573
-0.77526263	-0.69373445	0.49670359	0.85729679	-75.529711
-0.77526263	-0.69373445	0.49670359	0.85729679	-75.529848
-0.77526263	-0.69373445	0.49670359	0.85729679	-75.529984
-0.77526263	-0.69373445	0.49670359	0.85729679	-75.53012
-0.77526263	-0.69373445	0.49670359	0.85729679	-75.530256
-0.77526263	-0.69373445	0.49670359	0.85729679	-75.53039
-0.77526263	-0.69373445	0.49670359	0.85729679	-75.530525
-0.77526263	-0.69373445	0.49670359	0.85729679	-75.530658
-0.77526263	-0.69373445	0.49670359	0.85729679	-75.530792
-0.77526263	-0.69373445	0.49670359	0.85729679	-75.530924
-0.77526263	-0.69373445	0.49670359	0.85729679	-75.531056
-0.77526263	-0.69373445	0.49670359	0.85729679	-75.531188
-0.77526263	-0.69373445	0.49670359	0.85729679	-75.531319
-0.77526263	-0.69373445	0.49670359	0.85729679	-75.531449
-0.77526263	-0.69373445	0.49670359	0.85729679	-75.531579
-0.77526263	-0.69373445	0.49670359	0.85729679	-75.531708
-0.77526263	-0.69373445	0.49670359	0.85729679	-75.531837
-0.77526263	-0.69373445	0.49670359	0.85729679	-75.531965
-0.77526263	-0.69373445	0.49670359	0.85729679	-75.532093
-0.77526263	-0.69373445	0.49670359	0.85729679	-75.53222
-0.77526263	-0.69373445	0.49670359	0.85729679	-75.532346
-0.77526263	-0.69373445	0.49670359	0.85729679	-75.532472
-0.77526263	-0.69373445	0.49670359	0.85729679	-75.532598
-0.77526263	-0.69373445	0.49670359	0.85729679	-75.532723
-0.77526263	-0.69373445	0.49670359	0.85729679	-75.532847
-0.77526263	-0.69373445	0.49670359	0.85729679	-75.532971
-0.77526263	-0.69373445	0.49670359	0.85729679	-75.533095
-0.77526263	-0.69373445	0.49670359	0.85729679	-75.533217
-0.77526263	-0.69373445	0.49670359	0.85729679	-75.53334
-0.77526263	-0.69373445	0.49670359	0.85729679	-75.533461
-0.77526263	-0.69373445	0.49670359	0.85729679	-75.533582
-0.77526263	-0.69373445	0.49670359	0.85729679	-75.533703
-0.77526263	-0.69373445	0.49670359	0.85729679	-75.533823
-0.77526263	-0.69373445	0.49670359	0.85729679	-75.533943
-0.77526263	-0.69373445	0.49670359	0.85729679	-75.534062
-0.77526263	-0.69373445	0.49670359	0.85729679	-75.534181
-0.77526263	-0.69373445	0.49670359	0.85729679	-75.534299
-0.77526263	-0.69373445	0.49670359	0.85729679	-75.534416
-0.77526263	-0.69373445	0.49670359	0.85729679	-75.534533
-0.77526263	-0.69373445	0.49670359	0.85729679	-75.53465
-0.77526263	-0.69373445	0.49670359	0.85729679	-75.534765
-0.77526263	-0.69373445	0.49670359	0.85729679	-75.534881
-0.77526263	-0.69373445	0.49670359	0.85729679	-75.534996
-0.77526263	-0.69373445	0.49670359	0.85729679	-75.53511
-0.77526263	-0.69373445	0.49670359	0.85729679	-75.535224
-0.77526263	-0.69373445	0.49670359	0.85729679	-75.535337
-0.77526263	-0.69373445	0.49670359	0.85729679	-75.53545
-0.77526263	-0.69373445	0.49670359	0.85729679	-75.535563
-0.77526263	-0.69373445	0.49670359	0.85729679	-75.535674
-0.77526263	-0.69373445	0.49670359	0.85729679	-75.535786
-0.77526263	-0.69373445	0.49670359	0.85729679	-75.535896
-0.77526263	-0.69373445	0.49670359	0.85729679	-75.536007
-0.77526263	-0.69373445	0.49670359	0.85729679	-75.536117
-0.77526263	-0.69373445	0.49670359	0.85729679	-75.536226
-0.77526263	-0.69373445	0.49670359	0.85729679	-75.536335
-0.77526263	-0.69373445	0.49670359	0.85729679	-75.536443
-0.77526263	-0.69373445	0.49670359	0.85729679	-75.536551
-0.77526263	-0.69373445	0.49670359	0.85729679	-75.536658
-0.77526263	-0.69373445	0.49670359	0.85729679	-75.536765
-0.77526263	-0.69373445	0.49670359	0.85729679	-75.536871
-0.77526263	-0.69373445	0.49670359	0.85729679	-75.536977
-0.77526263	-0.69373445	0.49670359	0.85729679	-75.537082
-0.77526263	-0.69373445	0.49670359	0.85729679	-75.537187
-0.77526263	-0.69373445	0.49670359	0.85729679	-75.537291
-0.77526263	-0.69373445	0.49670359	0.85729679	-75.537395
-0.77526263	-0.69373445	0.49670359	0.85729679	-75.537498
-0.77526263	-0.69373445	0.49670359	0.85729679	-75.537601
-0.77526263	-0.69373445	0.49670359	0.85729679	-75.537703
-0.77526263	-0.69373445	0.49670359	0.85729679	-75.537805
-0.77526263	-0.69373445	0.49670359	0.85729679	-75.537906
-0.77526263	-0.69373445	0.49670359	0.85729679	-75.538007
-0.77526263	-0.69373445	0.49670359	0.85729679	-75.538107
-0.77526263	-0.69373445	0.49670359	0.85729679	-75.538207
-0.77526263	-0.69373445	0.49670359	0.85729679	-75.538306
-0.77526263	-0.69373445	0.49670359	0.85729679	-75.538405
-0.77526263	-0.69373445	0.49670359	0.85729679	-75.538504
-0.77526263	-0.69373445	0.49670359	0.85729679	-75.538602
-0.77526263	-0.69373445	0.49670359	0.85729679	-75.538699
-0.77526263	-0.69373445	0.49670359	0.85729679	-75.538796
-0.77526263	-0.69373445	0.49670359	0.85729679	-75.538893
-0.77526263	-0.69373445	0.49670359	0.85729679	-75.538989
-0.77526263	-0.69373445	0.49670359	0.85729679	-75.539084
-0.77526263	-0.69373445	0.49670359	0.85729679	-75.539179
-0.77526263	-0.69373445	0.49670359	0.85729679	-75.539274
-0.77526263	-0.69373445	0.49670359	0.85729679	-75.539368
-0.77526263	-0.69373445	0.49670359	0.85729679	-75.539462
-0.77526263	-0.69373445	0.49670359	0.85729679	-75.539555
-0.77526263	-0.69373445	0.49670359	0.85729679	-75.539647
-0.77526263	-0.69373445	0.49670359	0.85729679	-75.53974
-0.77526263	-0.69373445	0.49670359	0.85729679	-75.539831
-0.77526263	-0.69373445	0.49670359	0.85729679	-75.539923
-0.77526263	-0.69373445	0.49670359	0.85729679	-75.540014
-0.77526263	-0.69373445	0.49670359	0.85729679	-75.540104
-0.77526263	-0.69373445	0.49670359	0.85729679	-75.540194
-0.77526263	-0.69373445	0.49670359	0.85729679	-75.540283
-0.77526263	-0.69373445	0.49670359	0.85729679	-75.540372
-0.77526263	-0.69373445	0.49670359	0.85729679	-75.540461
-0.77526263	-0.69373445	0.49670359	0.85729679	-75.540549
-0.77526263	-0.69373445	0.49670359	0.85729679	-75.540636
-0.77526263	-0.69373445	0.49670359	0.85729679	-75.540724
-0.77526263	-0.69373445	0.49670359	0.85729679	-75.54081
-0.77526263	-0.69373445	0.49670359	0.85729679	-75.540897
-0.77526263	-0.69373445	0.49670359	0.85729679	-75.540982
-0.77526263	-0.69373445	0.49670359	0.85729679	-75.541068
-0.77526263	-0.69373445	0.49670359	0.85729679	-75.541153
-0.77526263	-0.69373445	0.49670359	0.85729679	-75.541237
-0.77526263	-0.69373445	0.49670359	0.85729679	-75.541321
-0.77526263	-0.69373445	0.49670359	0.85729679	-75.541405
-0.77526263	-0.69373445	0.49670359	0.85729679	-75.541488
-0.77526263	-0.69373445	0.49670359	0.85729679	-75.54157
-0.77526263	-0.69373445	0.49670359	0.85729679	-75.541653
-0.77526263	-0.69373445	0.49670359	0.85729679	-75.541734
-0.77526263	-0.69373445	0.49670359	0.85729679	-75.541816
-0.77526263	-0.69373445	0.49670359	0.85729679	-75.541897
-0.77526263	-0.69373445	0.49670359	0.85729679	-75.541977
-0.77526263	-0.69373445	0.49670359	0.85729679	-75.542057
-0.77526263	-0.69373445	0.49670359	0.85729679	-75.542137
-0.77526263	-0.69373445	0.49670359	0.85729679	-75.542216
-0.77526263	-0.69373445	0.49670359	0.85729679	-75.542295
-0.77526263	-0.69373445	0.49670359	0.85729679	-75.542373
-0.77526263	-0.69373445	0.49670359	0.85729679	-75.542451
-0.77526263	-0.69373445	0.49670359	0.85729679	-75.542528
-0.77526263	-0.69373445	0.49670359	0.85729679	-75.542605
-0.77526263	-0.69373445	0.49670359	0.85729679	-75.542682
-0.77526263	-0.69373445	0.49670359	0.85729679	-75.542758
-0.77526263	-0.69373445	0.49670359	0.85729679	-75.542834
-0.77526263	-0.69373445	0.49670359	0.85729679	-75.542909
-0.77526263	-0.69373445	0.49670359	0.85729679	-75.542984
-0.77526263	-0.69373445	0.49670359	0.85729679	-75.543058
-0.77526263	-0.69373445	0.49670359	0.85729679	-75.543132
-0.77526263	-0.69373445	0.49670359	0.85729679	-75.543206
-0.77526263	-0.69373445	0.49670359	0.85729679	-75.543279
-0.77526263	-0.69373445	0.49670359	0.85729679	-75.543352
-0.77526263	-0.69373445	0.49670359	0.85729679	-75.543424
-0.77526263	-0.69373445	0.49670359	0.85729679	-75.543496
-0.77526263	-0.69373445	0.49670359	0.85729679	-75.543568
-0.77526263	-0.69373445	0.49670359	0.85729679	-75.543639
-0.77526263	-0.69373445	0.49670359	0.85729679	-75.543709
-0.77526263	-0.69373445	0.49670359	0.85729679	-75.54378
-0.77526263	-0.69373445	0.49670359	0.85729679	-75.54385
-0.77526263	-0.69373445	0.49670359	0.85729679	-75.543919
-0.77526263	-0.69373445	0.49670359	0.85729679	-75.543988
-0.77526263	-0.69373445	0.49670359	0.85729679	-75.544057
-0.77526263	-0.69373445	0.49670359	0.85729679	-75.544125
-0.77526263	-0.69373445	0.49670359	0.85729679	-75.544193
-0.77526263	-0.69373445	0.49670359	0.85729679	-75.54426
-0.77526263	-0.69373445	0.49670359	0.85729679	-75.544327
-0.77526263	-0.69373445	0.49670359	0.85729679	-75.544394
-0.77526263	-0.69373445	0.49670359	0.85729679	-75.54446
-0.77526263	-0.69373445	0.49670359	0.85729679	-75.544526
-0.77526263	-0.69373445	0.49670359	0.85729679	-75.544591
-0.77526263	-0.69373445	0.49670359	0.85729679	-75.544656
-0.77526263	-0.69373445	0.49670359	0.85729679	-75.544721
-0.77526263	-0.69373445	0.49670359	0.85729679	-75.544785
-0.77526263	-0.69373445	0.49670359	0.85729679	-75.544849
-0.77526263	-0.69373445	0.49670359	0.85729679	-75.544913
-0.77526263	-0.69373445	0.49670359	0.85729679	-75.544976
-0.77526263	-0.69373445	0.49670359	0.85729679	-75.545038
-0.77526263	-0.69373445	0.49670359	0.85729679	-75.545101
-0.77526263	-0.69373445	0.49670359	0.85729679	-75.545163
-0.77526263	-0.69373445	0.49670359	0.85729679	-75.545224
-0.77526263	-0.69373445	0.49670359	0.85729679	-75.545285
-0.77526263	-0.69373445	0.49670359	0.85729679	-75.545346
-0.77526263	-0.69373445	0.49670359	0.85729679	-75.545406
-0.77526263	-0.69373445	0.49670359	0.85729679	-75.545466
-0.77526263	-0.69373445	0.49670359	0.85729679	-75.545526
-0.77526263	-0.69373445	0.49670359	0.85729679	-75.545585
-0.77526263	-0.69373445	0.49670359	0.85729679	-75.545644
-0.77526263	-0.69373445	0.49670359	0.85729679	-75.545703
-0.77526263	-0.69373445	0.49670359	0.85729679	-75.545761
-0.77526263	-0.69373445	0.49670359	0.85729679	-75.545818
-0.77526263	-0.69373445	0.49670359	0.85729679	-75.545876
-0.77526263	-0.69373445	0.49670359	0.85729679	-75.545933
-0.77526263	-0.69373445	0.49670359	0.85729679	-75.545989
-0.77526263	-0.69373445	0.49670359	0.85729679	-75.546046
-0.77526263	-0.69373445	0.49670359	0.85729679	-75.546101
-0.77526263	-0.69373445	0.49670359	0.85729679	-75.546157
-0.77526263	-0.69373445	0.49670359	0.85729679	-75.546212
-0.77526263	-0.69373445	0.49670359	0.85729679	-75.546267
-0.77526263	-0.69373445	0.49670359	0.85729679	-75.546321
-0.77526263	-0.69373445	0.49670359	0.85729679	-75.546375
-0.77526263	-0.69373445	0.49670359	0.85729679	-75.546429
-0.77526263	-0.69373445	0.49670359	0.85729679	-75.546482
-0.77526263	-0.69373445	0.49670359	0.85729679	-75.546535
-0.77526263	-0.69373445	0.49670359	0.85729679	-75.546588
-0.77526263	-0.69373445	0.49670359	0.85729679	-75.54664
-0.77526263	-0.69373445	0.49670359	0.85729679	-75.546692
-0.77526263	-0.69373445	0.49670359	0.85729679	-75.546744
-0.77526263	-0.69373445	0.49670359	0.85729679	-75.546795
-0.77526263	-0.69373445	0.49670359	0.85729679	-75.546846
-0.77526263	-0.69373445	0.49670359	0.85729679	-75.546896
-0.77526263	-0.69373445	0.49670359	0.85729679	-75.546946
-0.77526263	-0.69373445	0.49670359	0.85729679	-75.546996
-0.77526263	-0.69373445	0.49670359	0.85729679	-75.547045
-0.77526263	-0.69373445	0.49670359	0.85729679	-75.547095
-0.77526263	-0.69373445	0.49670359	0.85729679	-75.547143
-0.77526263	-0.69373445	0.49670359	0.85729679	-75.547192
-0.77526263	-0.69373445	0.49670359	0.85729679	-75.54724
-0.77526263	-0.69373445	0.49670359	0.85729679	-75.547287
-0.77526263	-0.69373445	0.49670359	0.85729679	-75.547335
-0.77526263	-0.69373445	0.49670359	0.85729679	-75.547382
-0.77526263	-0.69373445	0.49670359	0.85729679	-75.547429
-0.77526263	-0.69373445	0.49670359	0.85729679	-75.547475
-0.77526263	-0.69373445	0.49670359	0.85729679	-75.547521
-0.77526263	-0.69373445	0.49670359	0.85729679	-75.547567
-0.77526263	-0.69373445	0.49670359	0.85729679	-75.547612
-0.77526263	-0.69373445	0.49670359	0.85729679	-75.547657
-0.77526263	-0.69373445	0.49670359	0.85729679	-75.547702
-0.77526263	-0.69373445	0.49670359	0.85729679	-75.547746
-0.77526263	-0.69373445	0.49670359	0.85729679	-75.54779
-0.77526263	-0.69373445	0.49670359	0.85729679	-75.547834
-0.77526263	-0.69373445	0.49670359	0.85729679	-75.547877
-0.77526263	-0.69373445	0.49670359	0.85729679	-75.54792
-0.77526263	-0.69373445	0.49670359	0.85729679	-75.547963
-0.77526263	-0.69373445	0.49670359	0.85729679	-75.548005
-0.77526263	-0.69373445	0.49670359	0.85729679	-75.548047
-0.77526263	-0.69373445	0.49670359	0.85729679	-75.548089
-0.77526263	-0.69373445	0.49670359	0.85729679	-75.548131
-0.77526263	-0.69373445	0.49670359	0.85729679	-75.548172
-0.77526263	-0.69373445	0.49670359	0.85729679	-75.548213
-0.77526263	-0.69373445	0.49670359	0.85729679	-75.548253
-0.77526263	-0.69373445	0.49670359	0.85729679	-75.548293
-0.77526263	-0.69373445	0.49670359	0.85729679	-75.548333
-0.77526263	-0.69373445	0.49670359	0.85729679	-75.548373
-0.77526263	-0.69373445	0.49670359	0.85729679	-75.548412
-0.77526263	-0.69373445	0.49670359	0.85729679	-75.548451
-0.77526263	-0.69373445	0.49670359	0.85729679	-75.548489
-0.77526263	-0.69373445	0.49670359	0.85729679	-75.548528
-0.77526263	-0.69373445	0.49670359	0.85729679	-75.548566
-0.77526263	-0.69373445	0.49670359	0.85729679	-75.548603
-0.77526263	-0.69373445	0.49670359	0.85729679	-75.548641
-0.77526263	-0.69373445	0.49670359	0.85729679	-75.548678
-0.77526263	-0.69373445	0.49670359	0.85729679	-75.548715
-0.77526263	-0.69373445	0.49670359	0.85729679	-75.548751
-0.77526263	-0.69373445	0.49670359	0.85729679	-75.548787
-0.77526263	-0.69373445	0.49670359	0.85729679	-75.548823
-0.77526263	-0.69373445	0.49670359	0.85729679	-75.548859
-0.77526263	-0.69373445	0.49670359	0.85729679	-75.548894
-0.77526263	-0.69373445	0.49670359	0.85729679	-75.548929
-0.77526263	-0.69373445	0.49670359	0.85729679	-75.548964
-0.77526263	-0.69373445	0.49670359	0.85729679	-75.548998
-0.77526263	-0.69373445	0.49670359	0.85729679	-75.549033
-0.77526263	-0.69373445	0.49670359	0.85729679	-75.549066
-0.77526263	-0.69373445	0.49670359	0.85729679	-75.5491
-0.77526263	-0.69373445	0.49670359	0.85729679	-75.549133
-0.77526263	-0.69373445	0.49670359	0.85729679	-75.549166
-0.77526263	-0.69373445	0.49670359	0.85729679	-75.549199
-0.77526263	-0.69373445	0.49670359	0.85729679	-75.549231
-0.77526263	-0.69373445	0.49670359	0.85729679	-75.549263
-0.77526263	-0.69373445	0.49670359	0.85729679	-75.549295
-0.77526263	-0.69373445	0.49670359	0.85729679	-75.549327
-0.77526263	-0.69373445	0.49670359	0.85729679	-75.549358
-0.77526263	-0.69373445	0.49670359	0.85729679	-75.549389
-0.77526263	-0.69373445	0.49670359	0.85729679	-75.54942
-0.77526263	-0.69373445	0.49670359	0.85729679	-75.54945
-0.77526263	-0.69373445	0.49670359	0.85729679	-75.549481
-0.77526263	-0.69373445	0.49670359	0.85729679	-75.54951
-0.77526263	-0.69373445	0.49670359	0.85729679	-75.54954
-0.77526263	-0.69373445	0.49670359	0.85729679	-75.549569
-0.77526263	-0.69373445	0.49670359	0.85729679	-75.549599
-0.77526263	-0.69373445	0.49670359	0.85729679	-75.549627
-0.77526263	-0.69373445	0.49670359	0.85729679	-75.549656
-0.77526263	-0.69373445	0.49670359	0.85729679	-75.549684
-0.77526263	-0.69373445	0.49670359	0.85729679	-75.549712
-0.77526263	-0.69373445	0.49670359	0.85729679	-75.54974
-0.77526263	-0.69373445	0.49670359	0.85729679	-75.549768
-0.77526263	-0.69373445	0.49670359	0.85729679	-75.549795
-0.77526263	-0.69373445	0.49670359	0.85729679	-75.549822
-0.77526263	-0.69373445	0.49670359	0.85729679	-75.549849
-0.77526263	-0.69373445	0.49670359	0.85729679	-75.549875
-0.77526263	-0.69373445	0.49670359	0.85729679	-75.549901
-0.77526263	-0.69373445	0.49670359	0.85729679	-75.549927
-0.77526263	-0.69373445	0.49670359	0.85729679	-75.549953
-0.77526263	-0.69373445	0.49670359	0.85729679	-75.549978
-0.77526263	-0.69373445	0.49670359	0.85729679	-75.550004
-0.77526263	-0.69373445	0.49670359	0.85729679	-75.550029
-0.77526263	-0.69373445	0.49670359	0.85729679	-75.550053
-0.77526263	-0.69373445	0.49670359	0.85729679	-75.550078
-0.77526263	-0.69373445	0.49670359	0.85729679	-75.550102
-0.77526263	-0.69373445	0.49670359	0.85729679	-75.550126
-0.77526263	-0.69373445	0.49670359	0.85729679	-75.55015
-0.77526263	-0.69373445	0.49670359	0.85729679	-75.550173
-0.77526263	-0.69373445	0.49670359	0.85729679	-75.550196
-0.77526263	-0.69373445	0.49670359	0.85729679	-75.550219
-0.77526263	-0.69373445	0.49670359	0.85729679	-75.550242
-0.77526263	-0.69373445	0.49670359	0.85729679	-75.550265
-0.77526263	-0.69373445	0.49670359	0.85729679	-75.550287
-0.77526263	-0.69373445	0.49670359	0.85729679	-75.550309
-0.77526263	-0.69373445	0.49670359	0.85729679	-75.550331
-0.77526263	-0.69373445	0.49670359	0.85729679	-75.550352
-0.77526263	-0.69373445	0.49670359	0.85729679	-75.550374
-0.77526263	-0.69373445	0.49670359	0.85729679	-75.550395
-0.77526263	-0.69373445	0.49670359	0.85729679	-75.550416
-0.77526263	-0.69373445	0.49670359	0.85729679	-75.550436
-0.77526263	-0.69373445	0.49670359	0.85729679	-75.550457
-0.77526263	-0.69373445	0.49670359	0.85729679	-75.550477
-0.77526263	-0.69373445	0.49670359	0.85729679	-75.550497
-0.77526263	-0.69373445	0.49670359	0.85729679	-75.550517
-0.77526263	-0.69373445	0.49670359	0.85729679	-75.550536
-0.77526263	-0.69373445	0.49670359	0.85729679	-75.550556
-0.77526263	-0.69373445	0.49670359	0.85729679	-75.550575
-0.77526263	-0.69373445	0.49670359	0.85729679	-75.550594
-0.77526263	-0.69373445	0.49670359	0.85729679	-75.550612
-0.77526263	-0.69373445	0.49670359	0.85729679	-75.550631
-0.77526263	-0.69373445	0.49670359	0.85729679	-75.550649
-0.77526263	-0.69373445	0.49670359	0.85729679	-75.550667
-0.77526263	-0.69373445	0.49670359	0.85729679	-75.550685
-0.77526263	-0.69373445	0.49670359	0.85729679	-75.550702
-0.77526263	-0.69373445	0.49670359	0.85729679	-75.55072
-0.77526263	-0.69373445	0.49670359	0.85729679	-75.550737
-0.77526263	-0.69373445	0.49670359	0.85729679	-75.550754
-0.77526263	-0.69373445	0.49670359	0.85729679	-75.550771
-0.77526263	-0.69373445	0.49670359	0.85729679	-75.550787
-0.77526263	-0.69373445	0.49670359	0.85729679	-75.550804
-0.77526263	-0.69373445	0.49670359	0.85729679	-75.55082
-0.77526263	-0.69373445	0.49670359	0.85729679	-75.550836
-0.77526263	-0.69373445	0.49670359	0.85729679	-75.550852
-0.77526263	-0.69373445	0.49670359	0.85729679	-75.550867
-0.77526263	-0.69373445	0.49670359	0.85729679	-75.550882
-0.77526263	-0.69373445	0.49670359	0.85729679	-75.550898
-0.77526263	-0.69373445	0.49670359	0.85729679	-75.550913
-0.77526263	-0.69373445	0.49670359	0.85729679	-75.550927
-0.77526263	-0.69373445	0.49670359	0.85729679	-75.550942
-0.77526263	-0.69373445	0.49670359	0.85729679	-75.550956
-0.77526263	-0.69373445	0.49670359	0.85729679	-75.550971
-0.77526263	-0.69373445	0.49670359	0.85729679	-75.550985
-0.77526263	-0.69373445	0.49670359	0.85729679	-75.550998
-0.77526263	-0.69373445	0.49670359	0.85729679	-75.551012
-0.77526263	-0.69373445	0.49670359	0.85729679	-75.551026
-0.77526263	-0.69373445	0.49670359	0.85729679	-75.551039
-0.77526263	-0.69373445	0.49670359	0.85729679	-75.551052
-0.77526263	-0.69373445	0.49670359	0.85729679	-75.551065
-0.77526263	-0.69373445	0.49670359	0.85729679	-75.551078
-0.77526263	-0.69373445	0.49670359	0.85729679	-75.55109
-0.77526263	-0.69373445	0.49670359	0.85729679	-75.551102
-0.77526263	-0.69373445	0.49670359	0.85729679	-75.551115
-0.77526263	-0.69373445	0.49670359	0.85729679	-75.551127
-0.77526263	-0.69373445	0.49670359	0.85729679	-75.551138
-0.77526263	-0.69373445	0.49670359	0.85729679	-75.55115
-0.77526263	-0.69373445	0.49670359	0.85729679	-75.551162
-0.77526263	-0.69373445	0.49670359	0.85729679	-75.551173
-0.77526263	-0.69373445	0.49670359	0.85729679	-75.551184
-0.77526263	-0.69373445	0.49670359	0.85729679	-75.551195
-0.77526263	-0.69373445	0.49670359	0.85729679	-75.551206
-0.77526263	-0.69373445	0.49670359	0.85729679	-75.551217
-0.77526263	-0.69373445	0.49670359	0.85729679	-75.551227
-0.77526263	-0.69373445	0.49670359	0.85729679	-75.551237
-0.77526263	-0.69373445	0.49670359	0.85729679	-75.551248
-0.77526263	-0.69373445	0.49670359	0.85729679	-75.551258
-0.77526263	-0.69373445	0.49670359	0.85729679	-75.551268
-0.77526263	-0.69373445	0.49670359	0.85729679	-75.551277
-0.77526263	-0.69373445	0.49670359	0.85729679	-75.551287
-0.77526263	-0.69373445	0.49670359	0.85729679	-75.551296
-0.77526263	-0.69373445	0.49670359	0.85729679	-75.551305
-0.77526263	-0.69373445	0.49670359	0.85729679	-75.551314
-0.77526263	-0.69373445	0.49670359	0.85729679	-75.551323
-0.77526263	-0.69373445	0.49670359	0.85729679	-75.551332
-0.77526263	-0.69373445	0.49670359	0.85729679	-75.551341
-0.77526263	-0.69373445	0.49670359	0.85729679	-75.551349
-0.77526263	-0.69373445	0.49670359	0.85729679	-75.551358
-0.77526263	-0.69373445	0.49670359	0.85729679	-75.551366
-0.77526263	-0.69373445	0.49670359	0.85729679	-75.551374
-0.77526263	-0.69373445	0.49670359	0.85729679	-75.551382
-0.77526263	-0.69373445	0.49670359	0.85729679	-75.55139
-0.77526263	-0.69373445	0.49670359	0.85729679	-75.551397
-0.77526263	-0.69373445	0.49670359	0.85729679	-75.551405
-0.77526263	-0.69373445	0.49670359	0.85729679	-75.551412
-0.77526263	-0.69373445	0.49670359	0.85729679	-75.551419
-0.77526263	-0.69373445	0.49670359	0.85729679	-75.551426
-0.77526263	-0.69373445	0.49670359	0.85729679	-75.551433
-0.77526263	-0.69373445	0.49670359	0.85729679	-75.55144
-0.77526263	-0.69373445	0.49670359	0.85729679	-75.551447
-0.77526263	-0.69373445	0.49670359	0.85729679	-75.551453
-0.77526263	-0.69373445	0.49670359	0.85729679	-75.55146
-0.77526263	-0.69373445	0.49670359	0.85729679	-75.551466
-0.77526263	-0.69373445	0.49670359	0.85729679	-75.551472
-0.77526263	-0.69373445	0.49670359	0.85729679	-75.551478
-0.77526263	-0.69373445	0.49670359	0.85729679	-75.551484
-0.77526263	-0.69373445	0.49670359	0.85729679	-75.55149
-0.77526263	-0.69373445	0.49670359	0.85729679	-75.551496
-0.77526263	-0.69373445	0.49670359	0.85729679	-75.551501
-0.77526263	-0.69373445	0.49670359	0.85729679	-75.551506
-0.77526263	-0.69373445	0.49670359	0.85729679	-75.551512
-0.77526263	-0.69373445	0.49670359	0.85729679	-75.551517
-0.77526263	-0.69373445	0.49670359	0.85729679	-75.551522
-0.77526263	-0.69373445	0.49670359	0.85729679	-75.551527
-0.77526263	-0.69373445	0.49670359	0.85729679	-75.551532
-0.77526263	-0.69373445	0.49670359	0.85729679	-75.551537
-0.77526263	-0.69373445	0.49670359	0.85729679	-75.551541
-0.77526263	-0.69373445	0.49670359	0.85729679	-75.551546
-0.77526263	-0.69373445	0.49670359	0.85729679	-75.55155
-0.77526263	-0.69373445	0.49670359	0.85729679	-75.551555
-0.77526263	-0.69373445	0.49670359	0.85729679	-75.551559
-0.77526263	-0.69373445	0.49670359	0.85729679	-75.551563
-0.77526263	-0.69373445	0.49670359	0.85729679	-75.551567
-0.77526263	-0.69373445	0.49670359	0.85729679	-75.551571
-0.77526263	-0.69373445	0.49670359	0.85729679	-75.551575
-0.77526263	-0.69373445	0.49670359	0.85729679	-75.551578
-0.77526263	-0.69373445	0.49670359	0.85729679	-75.551582
-0.77526263	-0.69373445	0.49670359	0.85729679	-75.551585
-0.77526263	-0.69373445	0.49670359	0.85729679	-75.551589
-0.77526263	-0.69373445	0.49670359	0.85729679	-75.551592
-0.77526263	-0.69373445	0.49670359	0.85729679	-75.551595
-0.77526263	-0.69373445	0.49670359	0.85729679	-75.551599
-0.77526263	-0.69373445	0.49670359	0.85729679	-75.551602
-0.77526263	-0.69373445	0.49670359	0.85729679	-75.551605
-0.77526263	-0.69373445	0.49670359	0.85729679	-75.551607
-0.77526263	-0.69373445	0.49670359	0.85729679	-75.55161
-0.77526263	-0.69373445	0.49670359	0.85729679	-75.551613
-0.77526263	-0.69373445	0.49670359	0.85729679	-75.551616
-0.77526263	-0.69373445	0.49670359	0.85729679	-75.551618
-0.77526263	-0.69373445	0.49670359	0.85729679	-75.551621
-0.77526263	-0.69373445	0.49670359	0.85729679	-75.551623
-0.77526263	-0.69373445	0.49670359	0.85729679	-75.551625
-0.77526263	-0.69373445	0.49670359	0.85729679	-75.551628
-0.77526263	-0.69373445	0.49670359	0.85729679	-75.55163
-0.77526263	-0.69373445	0.49670359	0.85729679	-75.551632
-0.77526263	-0.69373445	0.49670359	0.85729679	-75.551634
-0.77526263	-0.69373445	0.49670359	0.85729679	-75.551636
-0.77526263	-0.69373445	0.49670359	0.85729679	-75.551638
-0.77526263	-0.69373445	0.49670359	0.85729679	-75.551639
-0.77526263	-0.69373445	0.49670359	0.85729679	-75.551641
-0.77526263	-0.69373445	0.49670359	0.85729679	-75.551643
-0.77526263	-0.69373445	0.49670359	0.85729679	-75.551644
-0.77526263	-0.69373445	0.49670359	0.85729679	-75.551646
-0.77526263	-0.69373445	0.49670359	0.85729679	-75.551647
-0.77526263	-0.69373445	0.49670359	0.85729679	-75.551649
-0.77526263	-0.69373445	0.49670359	0.85729679	-75.55165
-0.77526263	-0.69373445	0.49670359	0.85729679	-75.551651
-0.77526263	-0.69373445	0.49670359	0.85729679	-75.551653
-0.77526263	-0.69373445	0.49670359	0.85729679	-75.551654
-0.77526263	-0.69373445	0.49670359	0.85729679	-75.551655
-0.77526263	-0.69373445	0.49670359	0.85729679	-75.551656
-0.77526263	-0.69373445	0.49670359	0.85729679	-75.551657
-0.77526263	-0.69373445	0.49670359	0.85729679	-75.551658
-0.77526263	-0.69373445	0.49670359	0.85729679	-75.551659
-0.77526263	-0.69373445	0.49670359	0.85729679	-75.55166
-0.77526263	-0.69373445	0.49670359	0.85729679	-75.551661
-0.77526263	-0.69373445	0.49670359	0.85729679	-75.551661
-0.77526263	-0.69373445	0.49670359	0.85729679	-75.551662
-0.77526263	-0.69373445	0.49670359	0.85729679	-75.551663
-0.77526263	-0.69373445	0.49670359	0.85729679	-75.551664
-0.77526263	-0.69373445	0.49670359	0.85729679	-75.551664
-0.77526263	-0.69373445	0.49670359	0.85729679	-75.551665
-0.77526263	-0.69373445	0.49670359	0.85729679	-75.551665
-0.77526263	-0.69373445	0.49670359	0.85729679	-75.551666
-0.77526263	-0.69373445	0.49670359	0.85729679	-75.551666
-0.77526263	-0.69373445	0.49670359	0.85729679	-75.551667
-0.77526263	-0.69373445	0.49670359	0.85729679	-75.551667
-0.77526263	-0.69373445	0.49670359	0.85729679	-75.551667
-0.77526263	-0.69373445	0.49670359	0.85729679	-75.551668
-0.77526263	-0.69373445	0.49670359	0.85729679	-75.551668
-0.77526263	-0.69373445	0.49670359	0.85729679	-75.551668
-0.77526263	-0.69373445	0.49670359	0.85729679	-75.551669
-0.77526263	-0.69373445	0.49670359	0.85729679	-75.551669
-0.77526263	-0.69373445	0.49670359	0.85729679	-75.551669
-0.77526263	-0.69373445	0.49670359	0.85729679	-75.551669
-0.77526263	-0.69373445	0.49670359	0.85729679	-75.551669
-0.77526263	-0.69373445	0.49670359	0.85729679	-75.551669
-0.77526263	-0.69373445	0.49670359	0.85729679	-75.55167
-0.77526263	-0.69373445	0.49670359	0.85729679	-75.55167
-0.77526263	-0.69373445	0.49670359	0.85729679	-75.55167
-0.77526263	-0.69373445	0.49670359	0.85729679	-75.55167
-0.77526263	-0.69373445	0.49670359	0.85729679	-75.55167
-0.77526263	-0.69373445	0.49670359	0.85729679	-75.55167
-0.77526263	-0.69373445	0.49670359	0.85729679	-75.55167
-0.77526263	-0.69373445	0.49670359	0.85729679	-75.55167
-0.77526263	-0.69373445	0.49670359	0.85729679	-75.55167
-0.77526263	-0.69373445	0.49670359	0.85729679	-75.55167
-0.77526263	-0.69373445	0.49670359	0.85729679	-75.55167
-0.77526263	-0.69373445	0.49670359	0.85729679	-75.55167
-0.77526263	-0.69373445	0.49670359	0.85729679	-75.55167
-0.77526263	-0.69373445	0.49670359	0.85729679	-75.55167