-0.0031	69.8409	-10.0357	-0.0045	113.8079
-0.0031	69.8409	-10.0357	-0.0045	113.8079
-0.0031	69.8409	-10.0357	-0.0045	113.8079
-0.0031	69.8409	-10.0357	-0.0045	113.8079
-0.0031	69.8409	-10.0357	-0.0045	113.8079
-0.0031	69.8409	-10.0357	-0.0045	113.8079
-0.0031	69.8409	-10.0357	-0.0045	113.8079
-0.0031	69.8409	-10.0357	-0.0045	113.8079
-0.0031	69.8409	-10.0357	-0.0045	113.8079
-0.0031	69.8409	-10.0357	-0.0045	113.8079
-0.0031	69.8409	-10.0357	-0.0045	113.8079
-0.0031	69.8409	-10.0357	-0.0045	113.8079
-0.0031	69.8409	-10.0357	-0.0045	113.8079
-0.0031	69.8409	-10.0357	-0.0045	113.8079
-0.0031	69.8409	-10.0357	-0.0045	113.8079
-0.0031	69.8409	-10.0357	-0.0045	113.8079
-0.0031	69.8409	-10.0357	-0.0045	113.8079
-0.0031	69.8409	-10.0357	-0.0045	113.8079
-0.0031	69.8409	-10.0357	-0.0045	113.8079
-0.0031	69.8409	-10.0357	-0.0045	113.8079
-0.0031	69.8409	-10.0357	-0.0045	113.8079
-0.0031	69.8409	-10.0357	-0.0045	113.8079
-0.0031	69.8409	-10.0357	-0.0045	113.8079
-0.0031	69.8409	-10.0357	-0.0045	113.8079
-0.0031	69.8409	-10.0357	-0.0045	113.8079
-0.0031	69.8409	-10.0357	-0.0045	113.8079
-0.0031	69.8409	-10.0357	-0.0045	113.8079
-0.0031	69.8409	-10.0357	-0.0045	113.8079
-0.0031	69.8409	-10.0357	-0.0045	113.8079
-0.0031	69.8409	-10.0357	-0.0045	113.8079
-0.0031	69.8409	-10.0357	-0.0045	113.8079
-0.0031	69.8409	-10.0357	-0.0045	113.8079
-0.0031	69.8409	-10.0357	-0.0045	113.8079
-0.0031	69.8409	-10.0357	-0.0045	113.8079
-0.0031	69.8409	-10.0357	-0.0045	113.8079
-0.0031	69.8409	-10.0357	-0.0045	113.8079
-0.0031	69.8409	-10.0357	-0.0045	113.808
-0.0031	69.8409	-10.0357	-0.0045	113.808
-0.0031	69.8409	-10.0357	-0.0045	113.808
-0.0031	69.8409	-10.0357	-0.0045	113.808
-0.0031	69.8409	-10.0357	-0.0044	113.808
-0.0031	69.8409	-10.0357	-0.0044	113.808
-0.0031	69.8409	-10.0357	-0.0044	113.808
-0.0031	69.841	-10.0357	-0.0044	113.808
-0.0031	69.841	-10.0357	-0.0044	113.808
-0.0031	69.841	-10.0357	-0.0044	113.808
-0.0031	69.841	-10.0357	-0.0044	113.808
-0.0032	69.841	-10.0357	-0.0044	113.808
-0.0032	69.841	-10.0357	-0.0044	113.808
-0.0032	69.841	-10.0357	-0.0044	113.808
-0.0032	69.841	-10.0357	-0.0044	113.808
-0.0032	69.841	-10.0357	-0.0044	113.808
-0.0032	69.841	-10.0357	-0.0044	113.8081
-0.0032	69.841	-10.0357	-0.0044	113.8081
-0.0032	69.841	-10.0357	-0.0044	113.8081
-0.0032	69.841	-10.0357	-0.0044	113.8081
-0.0032	69.841	-10.0357	-0.0044	113.8081
-0.0032	69.841	-10.0357	-0.0044	113.8081
-0.0032	69.841	-10.0357	-0.0043	113.8081
-0.0032	69.841	-10.0357	-0.0043	113.8081
-0.0032	69.841	-10.0357	-0.0043	113.8081
-0.0032	69.841	-10.0357	-0.0043	113.8081
-0.0032	69.8411	-10.0357	-0.0043	113.8082
-0.0032	69.8411	-10.0357	-0.0043	113.8082
-0.0032	69.8411	-10.0357	-0.0043	113.8082
-0.0032	69.8411	-10.0357	-0.0043	113.8082
-0.0032	69.8411	-10.0357	-0.0043	113.8082
-0.0032	69.8411	-10.0357	-0.0043	113.8082
-0.0033	69.8411	-10.0357	-0.0043	113.8082
-0.0033	69.8411	-10.0357	-0.0042	113.8083
-0.0033	69.8411	-10.0357	-0.0042	113.8083
-0.0033	69.8411	-10.0357	-0.0042	113.8083
-0.0033	69.8411	-10.0357	-0.0042	113.8083
-0.0033	69.8411	-10.0357	-0.0042	113.8083
-0.0033	69.8412	-10.0357	-0.0042	113.8083
-0.0033	69.8412	-10.0357	-0.0042	113.8084
-0.0033	69.8412	-10.0357	-0.0042	113.8084
-0.0033	69.8412	-10.0357	-0.0041	113.8084
-0.0033	69.8412	-10.0357	-0.0041	113.8084
-0.0033	69.8412	-10.0357	-0.0041	113.8084
-0.0033	69.8412	-10.0357	-0.0041	113.8085
-0.0034	69.8412	-10.0357	-0.0041	113.8085
-0.0034	69.8412	-10.0357	-0.0041	113.8085
-0.0034	69.8413	-10.0357	-0.004	113.8085
-0.0034	69.8413	-10.0357	-0.004	113.8085
-0.0034	69.8413	-10.0357	-0.004	113.8086
-0.0034	69.8413	-10.0357	-0.004	113.8086
-0.0034	69.8413	-10.0357	-0.004	113.8086
-0.0034	69.8413	-10.0357	-0.004	113.8086
-0.0034	69.8413	-10.0357	-0.0039	113.8087
-0.0035	69.8414	-10.0357	-0.0039	113.8087
-0.0035	69.8414	-10.0357	-0.0039	113.8087
-0.0035	69.8414	-10.0357	-0.0039	113.8087
-0.0035	69.8414	-10.0357	-0.0039	113.8088
-0.0035	69.8414	-10.0357	-0.0038	113.8088
-0.0035	69.8414	-10.0357	-0.0038	113.8088
-0.0035	69.8415	-10.0357	-0.0038	113.8088
-0.0035	69.8415	-10.0357	-0.0038	113.8089
-0.0036	69.8415	-10.0357	-0.0038	113.8089
-0.0036	69.8415	-10.0357	-0.0037	113.8089
-0.0036	69.8415	-10.0357	-0.0037	113.809
-0.0036	69.8415	-10.0357	-0.0037	113.809
-0.0036	69.8416	-10.0357	-0.0037	113.809
-0.0036	69.8416	-10.0357	-0.0036	113.8091
-0.0036	69.8416	-10.0357	-0.0036	113.8091
-0.0037	69.8416	-10.0357	-0.0036	113.8091
-0.0037	69.8416	-10.0357	-0.0036	113.8092
-0.0037	69.8417	-10.0357	-0.0035	113.8092
-0.0037	69.8417	-10.0357	-0.0035	113.8092
-0.0037	69.8417	-10.0357	-0.0035	113.8093
-0.0037	69.8417	-10.0357	-0.0035	113.8093
-0.0038	69.8418	-10.0358	-0.0034	113.8094
-0.0038	69.8418	-10.0358	-0.0034	113.8094
-0.0038	69.8418	-10.0358	-0.0034	113.8094
-0.0038	69.8418	-10.0358	-0.0033	113.8095
-0.0038	69.8419	-10.0358	-0.0033	113.8095
-0.0038	69.8419	-10.0358	-0.0033	113.8096
-0.0039	69.8419	-10.0358	-0.0032	113.8096
-0.0039	69.8419	-10.0358	-0.0032	113.8097
-0.0039	69.842	-10.0358	-0.0032	113.8097
-0.0039	69.842	-10.0358	-0.0031	113.8097
-0.0039	69.842	-10.0358	-0.0031	113.8098
-0.004	69.842	-10.0358	-0.0031	113.8098
-0.004	69.8421	-10.0358	-0.003	113.8099
-0.004	69.8421	-10.0358	-0.003	113.8099
-0.004	69.8421	-10.0358	-0.003	113.81
-0.0041	69.8421	-10.0358	-0.0029	113.81
-0.0041	69.8422	-10.0358	-0.0029	113.8101
-0.0041	69.8422	-10.0358	-0.0029	113.8101
-0.0041	69.8422	-10.0358	-0.0028	113.8102
-0.0041	69.8423	-10.0358	-0.0028	113.8102
-0.0042	69.8423	-10.0358	-0.0027	113.8103
-0.0042	69.8423	-10.0358	-0.0027	113.8103
-0.0042	69.8424	-10.0358	-0.0027	113.8104
-0.0042	69.8424	-10.0358	-0.0026	113.8105
-0.0043	69.8424	-10.0358	-0.0026	113.8105
-0.0043	69.8425	-10.0358	-0.0025	113.8106
-0.0043	69.8425	-10.0358	-0.0025	113.8106
-0.0044	69.8425	-10.0358	-0.0025	113.8107
-0.0044	69.8426	-10.0358	-0.0024	113.8107
-0.0044	69.8426	-10.0358	-0.0024	113.8108
-0.0044	69.8426	-10.0358	-0.0023	113.8109
-0.0045	69.8427	-10.0358	-0.0023	113.8109
-0.0045	69.8427	-10.0358	-0.0022	113.811
-0.0045	69.8428	-10.0358	-0.0022	113.8111
-0.0046	69.8428	-10.0358	-0.0021	113.8111
-0.0046	69.8428	-10.0358	-0.0021	113.8112
-0.0046	69.8429	-10.0358	-0.002	113.8113
-0.0046	69.8429	-10.0358	-0.002	113.8113
-0.0047	69.843	-10.0358	-0.0019	113.8114
-0.0047	69.843	-10.0358	-0.0019	113.8115
-0.0047	69.843	-10.0358	-0.0018	113.8115
-0.0048	69.8431	-10.0358	-0.0018	113.8116
-0.0048	69.8431	-10.0358	-0.0017	113.8117
-0.0048	69.8432	-10.0358	-0.0017	113.8118
-0.0049	69.8432	-10.0358	-0.0016	113.8118
-0.0049	69.8433	-10.0358	-0.0016	113.8119
-0.0049	69.8433	-10.0358	-0.0015	113.812
-0.005	69.8433	-10.0358	-0.0014	113.8121
-0.005	69.8434	-10.0358	-0.0014	113.8121
-0.005	69.8434	-10.0358	-0.0013	113.8122
-0.0051	69.8435	-10.0359	-0.0013	113.8123
-0.0051	69.8435	-10.0359	-0.0012	113.8124
-0.0052	69.8436	-10.0359	-0.0011	113.8125
-0.0052	69.8436	-10.0359	-0.0011	113.8126
-0.0052	69.8437	-10.0359	-0.001	113.8126
-0.0053	69.8437	-10.0359	-0.001	113.8127
-0.0053	69.8438	-10.0359	-0.0009	113.8128
-0.0053	69.8438	-10.0359	-0.0008	113.8129
-0.0054	69.8439	-10.0359	-0.0008	113.813
-0.0054	69.8439	-10.0359	-0.0007	113.8131
-0.0055	69.844	-10.0359	-0.0006	113.8132
-0.0055	69.844	-10.0359	-0.0006	113.8133
-0.0055	69.8441	-10.0359	-0.0005	113.8134
-0.0056	69.8442	-10.0359	-0.0004	113.8134
-0.0056	69.8442	-10.0359	-0.0004	113.8135
-0.0057	69.8443	-10.0359	-0.0003	113.8136
-0.0057	69.8443	-10.0359	-0.0002	113.8137
-0.0058	69.8444	-10.0359	-0.0001	113.8138
-0.0058	69.8444	-10.0359	-0.0001	113.8139
-0.0059	69.8445	-10.0359	0	113.814
-0.0059	69.8446	-10.0359	0.0001	113.8141
-0.0059	69.8446	-10.0359	0.0001	113.8142
-0.006	69.8447	-10.0359	0.0002	113.8143
-0.006	69.8447	-10.0359	0.0003	113.8144
-0.0061	69.8448	-10.0359	0.0004	113.8145
-0.0061	69.8449	-10.0359	0.0005	113.8147
-0.0062	69.8449	-10.0359	0.0005	113.8148
-0.0062	69.845	-10.0359	0.0006	113.8149
-0.0063	69.8451	-10.0359	0.0007	113.815
-0.0063	69.8451	-10.0359	0.0008	113.8151
-0.0064	69.8452	-10.036	0.0009	113.8152
-0.0064	69.8453	-10.036	0.0009	113.8153
-0.0065	69.8453	-10.036	0.001	113.8154
-0.0065	69.8454	-10.036	0.0011	113.8156
-0.0066	69.8455	-10.036	0.0012	113.8157
-0.0066	69.8455	-10.036	0.0013	113.8158
-0.0067	69.8456	-10.036	0.0014	113.8159
-0.0067	69.8457	-10.036	0.0015	113.816
-0.0068	69.8457	-10.036	0.0016	113.8161
-0.0069	69.8458	-10.036	0.0016	113.8163
-0.0069	69.8459	-10.036	0.0017	113.8164
-0.007	69.846	-10.036	0.0018	113.8165
-0.007	69.846	-10.036	0.0019	113.8166
-0.0071	69.8461	-10.036	0.002	113.8168
-0.0071	69.8462	-10.036	0.0021	113.8169
-0.0072	69.8463	-10.036	0.0022	113.817
-0.0073	69.8463	-10.036	0.0023	113.8172
-0.0073	69.8464	-10.036	0.0024	113.8173
-0.0074	69.8465	-10.036	0.0025	113.8174
-0.0074	69.8466	-10.036	0.0026	113.8176
-0.0075	69.8467	-10.036	0.0027	113.8177
-0.0076	69.8467	-10.036	0.0028	113.8178
-0.0076	69.8468	-10.036	0.0029	113.818
-0.0077	69.8469	-10.0361	0.003	113.8181
-0.0078	69.847	-10.0361	0.0031	113.8183
-0.0078	69.8471	-10.0361	0.0032	113.8184
-0.0079	69.8472	-10.0361	0.0033	113.8186
-0.0079	69.8472	-10.0361	0.0034	113.8187
-0.008	69.8473	-10.0361	0.0035	113.8188
-0.0081	69.8474	-10.0361	0.0036	113.819
-0.0081	69.8475	-10.0361	0.0038	113.8191
-0.0082	69.8476	-10.0361	0.0039	113.8193
-0.0083	69.8477	-10.0361	0.004	113.8194
-0.0084	69.8478	-10.0361	0.0041	113.8196
-0.0084	69.8479	-10.0361	0.0042	113.8198
-0.0085	69.8479	-10.0361	0.0043	113.8199
-0.0086	69.848	-10.0361	0.0044	113.8201
-0.0086	69.8481	-10.0361	0.0045	113.8202
-0.0087	69.8482	-10.0361	0.0047	113.8204
-0.0088	69.8483	-10.0361	0.0048	113.8205
-0.0089	69.8484	-10.0361	0.0049	113.8207
-0.0089	69.8485	-10.0361	0.005	113.8209
-0.009	69.8486	-10.0362	0.0051	113.821
-0.0091	69.8487	-10.0362	0.0053	113.8212
-0.0091	69.8488	-10.0362	0.0054	113.8214
-0.0092	69.8489	-10.0362	0.0055	113.8215
-0.0093	69.849	-10.0362	0.0056	113.8217
-0.0094	69.8491	-10.0362	0.0058	113.8219
-0.0095	69.8492	-10.0362	0.0059	113.8221
-0.0095	69.8493	-10.0362	0.006	113.8222
-0.0096	69.8494	-10.0362	0.0062	113.8224
-0.0097	69.8495	-10.0362	0.0063	113.8226
-0.0098	69.8496	-10.0362	0.0064	113.8228
-0.0099	69.8497	-10.0362	0.0065	113.8229
-0.0099	69.8498	-10.0362	0.0067	113.8231
-0.01	69.8499	-10.0362	0.0068	113.8233
-0.0101	69.8501	-10.0362	0.007	113.8235
-0.0102	69.8502	-10.0362	0.0071	113.8237
-0.0103	69.8503	-10.0363	0.0072	113.8239
-0.0104	69.8504	-10.0363	0.0074	113.8241
-0.0104	69.8505	-10.0363	0.0075	113.8243
-0.0105	69.8506	-10.0363	0.0076	113.8244
-0.0106	69.8507	-10.0363	0.0078	113.8246
-0.0107	69.8508	-10.0363	0.0079	113.8248
-0.0108	69.851	-10.0363	0.0081	113.825
-0.0109	69.8511	-10.0363	0.0082	113.8252
-0.011	69.8512	-10.0363	0.0084	113.8254
-0.0111	69.8513	-10.0363	0.0085	113.8256
-0.0112	69.8514	-10.0363	0.0087	113.8258
-0.0112	69.8515	-10.0363	0.0088	113.826
-0.0113	69.8517	-10.0363	0.009	113.8262
-0.0114	69.8518	-10.0363	0.0091	113.8265
-0.0115	69.8519	-10.0363	0.0093	113.8267
-0.0116	69.852	-10.0364	0.0094	113.8269
-0.0117	69.8522	-10.0364	0.0096	113.8271
-0.0118	69.8523	-10.0364	0.0097	113.8273
-0.0119	69.8524	-10.0364	0.0099	113.8275
-0.012	69.8525	-10.0364	0.0101	113.8277
-0.0121	69.8527	-10.0364	0.0102	113.828
-0.0122	69.8528	-10.0364	0.0104	113.8282
-0.0123	69.8529	-10.0364	0.0105	113.8284
-0.0124	69.8531	-10.0364	0.0107	113.8286
-0.0125	69.8532	-10.0364	0.0109	113.8288
-0.0126	69.8533	-10.0364	0.011	113.8291
-0.0127	69.8535	-10.0364	0.0112	113.8293
-0.0128	69.8536	-10.0364	0.0114	113.8295
-0.0129	69.8537	-10.0365	0.0115	113.8298
-0.013	69.8539	-10.0365	0.0117	113.83
-0.0131	69.854	-10.0365	0.0119	113.8302
-0.0132	69.8541	-10.0365	0.0121	113.8305
-0.0133	69.8543	-10.0365	0.0122	113.8307
-0.0134	69.8544	-10.0365	0.0124	113.8309
-0.0135	69.8546	-10.0365	0.0126	113.8312
-0.0137	69.8547	-10.0365	0.0128	113.8314
-0.0138	69.8548	-10.0365	0.0129	113.8317
-0.0139	69.855	-10.0365	0.0131	113.8319
-0.014	69.8551	-10.0365	0.0133	113.8322
-0.0141	69.8553	-10.0365	0.0135	113.8324
-0.0142	69.8554	-10.0366	0.0137	113.8327
-0.0143	69.8556	-10.0366	0.0139	113.8329
-0.0144	69.8557	-10.0366	0.014	113.8332
-0.0146	69.8559	-10.0366	0.0142	113.8334
-0.0147	69.856	-10.0366	0.0144	113.8337
-0.0148	69.8562	-10.0366	0.0146	113.8339
-0.0149	69.8563	-10.0366	0.0148	113.8342
-0.015	69.8565	-10.0366	0.015	113.8345
-0.0151	69.8566	-10.0366	0.0152	113.8347
-0.0153	69.8568	-10.0366	0.0154	113.835
-0.0154	69.8569	-10.0366	0.0156	113.8352
-0.0155	69.8571	-10.0367	0.0158	113.8355
-0.0156	69.8573	-10.0367	0.016	113.8358
-0.0157	69.8574	-10.0367	0.0162	113.8361
-0.0159	69.8576	-10.0367	0.0164	113.8363
-0.016	69.8577	-10.0367	0.0166	113.8366
-0.0161	69.8579	-10.0367	0.0168	113.8369
-0.0162	69.8581	-10.0367	0.017	113.8372
-0.0164	69.8582	-10.0367	0.0172	113.8374
-0.0165	69.8584	-10.0367	0.0174	113.8377
-0.0166	69.8586	-10.0367	0.0176	113.838
-0.0168	69.8587	-10.0367	0.0178	113.8383
-0.0169	69.8589	-10.0368	0.018	113.8386
-0.017	69.8591	-10.0368	0.0182	113.8389
-0.0171	69.8593	-10.0368	0.0185	113.8392
-0.0173	69.8594	-10.0368	0.0187	113.8395
-0.0174	69.8596	-10.0368	0.0189	113.8398
-0.0175	69.8598	-10.0368	0.0191	113.8401
-0.0177	69.8599	-10.0368	0.0193	113.8404
-0.0178	69.8601	-10.0368	0.0195	113.8407
-0.0179	69.8603	-10.0368	0.0198	113.841
-0.0181	69.8605	-10.0368	0.02	113.8413
-0.0182	69.8607	-10.0369	0.0202	113.8416
-0.0184	69.8608	-10.0369	0.0204	113.8419
-0.0185	69.861	-10.0369	0.0207	113.8422
-0.0186	69.8612	-10.0369	0.0209	113.8425
-0.0188	69.8614	-10.0369	0.0211	113.8428
-0.0189	69.8616	-10.0369	0.0214	113.8431
-0.0191	69.8618	-10.0369	0.0216	113.8434
-0.0192	69.8619	-10.0369	0.0218	113.8438
-0.0193	69.8621	-10.0369	0.0221	113.8441
-0.0195	69.8623	-10.037	0.0223	113.8444
-0.0196	69.8625	-10.037	0.0225	113.8447
-0.0198	69.8627	-10.037	0.0228	113.8451
-0.0199	69.8629	-10.037	0.023	113.8454
-0.0201	69.8631	-10.037	0.0233	113.8457
-0.0202	69.8633	-10.037	0.0235	113.846
-0.0204	69.8635	-10.037	0.0237	113.8464
-0.0205	69.8637	-10.037	0.024	113.8467
-0.0207	69.8639	-10.037	0.0242	113.8471
-0.0208	69.8641	-10.0371	0.0245	113.8474
-0.021	69.8643	-10.0371	0.0247	113.8477
-0.0211	69.8645	-10.0371	0.025	113.8481
-0.0213	69.8647	-10.0371	0.0252	113.8484
-0.0215	69.8649	-10.0371	0.0255	113.8488
-0.0216	69.8651	-10.0371	0.0258	113.8491
-0.0218	69.8653	-10.0371	0.026	113.8495
-0.0219	69.8655	-10.0371	0.0263	113.8498
-0.0221	69.8657	-10.0372	0.0265	113.8502
-0.0222	69.8659	-10.0372	0.0268	113.8505
-0.0224	69.8661	-10.0372	0.0271	113.8509
-0.0226	69.8663	-10.0372	0.0273	113.8513
-0.0227	69.8666	-10.0372	0.0276	113.8516
-0.0229	69.8668	-10.0372	0.0279	113.852
-0.0231	69.867	-10.0372	0.0281	113.8523
-0.0232	69.8672	-10.0372	0.0284	113.8527
-0.0234	69.8674	-10.0373	0.0287	113.8531
-0.0236	69.8676	-10.0373	0.0289	113.8535
-0.0237	69.8679	-10.0373	0.0292	113.8538
-0.0239	69.8681	-10.0373	0.0295	113.8542
-0.0241	69.8683	-10.0373	0.0298	113.8546
-0.0242	69.8685	-10.0373	0.03	113.855
-0.0244	69.8687	-10.0373	0.0303	113.8553
-0.0246	69.869	-10.0373	0.0306	113.8557
-0.0248	69.8692	-10.0374	0.0309	113.8561
-0.0249	69.8694	-10.0374	0.0312	113.8565
-0.0251	69.8697	-10.0374	0.0315	113.8569
-0.0253	69.8699	-10.0374	0.0318	113.8573
-0.0255	69.8701	-10.0374	0.032	113.8577
-0.0256	69.8704	-10.0374	0.0323	113.8581
-0.0258	69.8706	-10.0374	0.0326	113.8585
-0.026	69.8708	-10.0375	0.0329	113.8589
-0.0262	69.8711	-10.0375	0.0332	113.8593
-0.0264	69.8713	-10.0375	0.0335	113.8597
-0.0265	69.8715	-10.0375	0.0338	113.8601
-0.0267	69.8718	-10.0375	0.0341	113.8605
-0.0269	69.872	-10.0375	0.0344	113.8609
-0.0271	69.8723	-10.0375	0.0347	113.8613
-0.0273	69.8725	-10.0376	0.035	113.8617
-0.0275	69.8727	-10.0376	0.0353	113.8622
-0.0277	69.873	-10.0376	0.0356	113.8626
-0.0278	69.8732	-10.0376	0.0359	113.863
-0.028	69.8735	-10.0376	0.0363	113.8634
-0.0282	69.8737	-10.0376	0.0366	113.8638
-0.0284	69.874	-10.0376	0.0369	113.8643
-0.0286	69.8742	-10.0377	0.0372	113.8647
-0.0288	69.8745	-10.0377	0.0375	113.8651
-0.029	69.8747	-10.0377	0.0378	113.8656
-0.0292	69.875	-10.0377	0.0382	113.866
-0.0294	69.8753	-10.0377	0.0385	113.8664
-0.0296	69.8755	-10.0377	0.0388	113.8669
-0.0298	69.8758	-10.0377	0.0391	113.8673
-0.03	69.876	-10.0378	0.0394	113.8678
-0.0302	69.8763	-10.0378	0.0398	113.8682
-0.0304	69.8766	-10.0378	0.0401	113.8687
-0.0306	69.8768	-10.0378	0.0404	113.8691
-0.0308	69.8771	-10.0378	0.0408	113.8696
-0.031	69.8774	-10.0378	0.0411	113.87
-0.0312	69.8776	-10.0379	0.0414	113.8705
-0.0314	69.8779	-10.0379	0.0418	113.8709
-0.0316	69.8782	-10.0379	0.0421	113.8714
-0.0318	69.8784	-10.0379	0.0425	113.8719
-0.032	69.8787	-10.0379	0.0428	113.8723
-0.0322	69.879	-10.0379	0.0431	113.8728
-0.0325	69.8793	-10.038	0.0435	113.8733
-0.0327	69.8795	-10.038	0.0438	113.8737
-0.0329	69.8798	-10.038	0.0442	113.8742
-0.0331	69.8801	-10.038	0.0445	113.8747
-0.0333	69.8804	-10.038	0.0449	113.8752
-0.0335	69.8807	-10.038	0.0452	113.8757
-0.0337	69.881	-10.0381	0.0456	113.8761
-0.034	69.8812	-10.0381	0.0459	113.8766
-0.0342	69.8815	-10.0381	0.0463	113.8771
-0.0344	69.8818	-10.0381	0.0467	113.8776
-0.0346	69.8821	-10.0381	0.047	113.8781
-0.0348	69.8824	-10.0381	0.0474	113.8786
-0.0351	69.8827	-10.0382	0.0478	113.8791
-0.0353	69.883	-10.0382	0.0481	113.8796
-0.0355	69.8833	-10.0382	0.0485	113.8801
-0.0357	69.8836	-10.0382	0.0489	113.8806
-0.036	69.8839	-10.0382	0.0492	113.8811
-0.0362	69.8842	-10.0382	0.0496	113.8816
-0.0364	69.8845	-10.0383	0.05	113.8821
-0.0367	69.8848	-10.0383	0.0504	113.8826
-0.0369	69.8851	-10.0383	0.0507	113.8831
-0.0371	69.8854	-10.0383	0.0511	113.8837
-0.0374	69.8857	-10.0383	0.0515	113.8842
-0.0376	69.886	-10.0383	0.0519	113.8847
-0.0378	69.8863	-10.0384	0.0523	113.8852
-0.0381	69.8866	-10.0384	0.0527	113.8858
-0.0383	69.8869	-10.0384	0.053	113.8863
-0.0385	69.8872	-10.0384	0.0534	113.8868
-0.0388	69.8875	-10.0384	0.0538	113.8874
-0.039	69.8878	-10.0385	0.0542	113.8879
-0.0393	69.8882	-10.0385	0.0546	113.8884
-0.0395	69.8885	-10.0385	0.055	113.889
-0.0397	69.8888	-10.0385	0.0554	113.8895
-0.04	69.8891	-10.0385	0.0558	113.8901
-0.0402	69.8894	-10.0385	0.0562	113.8906
-0.0405	69.8898	-10.0386	0.0566	113.8912
-0.0407	69.8901	-10.0386	0.057	113.8917
-0.041	69.8904	-10.0386	0.0574	113.8923
-0.0412	69.8907	-10.0386	0.0578	113.8928
-0.0415	69.8911	-10.0386	0.0582	113.8934
-0.0417	69.8914	-10.0387	0.0587	113.8939
-0.042	69.8917	-10.0387	0.0591	113.8945
-0.0422	69.8921	-10.0387	0.0595	113.8951
-0.0425	69.8924	-10.0387	0.0599	113.8956
-0.0428	69.8927	-10.0387	0.0603	113.8962
-0.043	69.8931	-10.0388	0.0607	113.8968
-0.0433	69.8934	-10.0388	0.0612	113.8974
-0.0435	69.8937	-10.0388	0.0616	113.8979
-0.0438	69.8941	-10.0388	0.062	113.8985
-0.044	69.8944	-10.0388	0.0624	113.8991
-0.0443	69.8948	-10.0389	0.0629	113.8997
-0.0446	69.8951	-10.0389	0.0633	113.9003
-0.0448	69.8955	-10.0389	0.0637	113.9009
-0.0451	69.8958	-10.0389	0.0642	113.9014
-0.0454	69.8962	-10.0389	0.0646	113.902
-0.0456	69.8965	-10.039	0.065	113.9026
-0.0459	69.8969	-10.039	0.0655	113.9032
-0.0462	69.8972	-10.039	0.0659	113.9038
-0.0465	69.8976	-10.039	0.0664	113.9044
-0.0467	69.8979	-10.039	0.0668	113.9051
-0.047	69.8983	-10.0391	0.0673	113.9057
-0.0473	69.8986	-10.0391	0.0677	113.9063
-0.0475	69.899	-10.0391	0.0682	113.9069
-0.0478	69.8994	-10.0391	0.0686	113.9075
-0.0481	69.8997	-10.0392	0.0691	113.9081
-0.0484	69.9001	-10.0392	0.0695	113.9087
-0.0487	69.9005	-10.0392	0.07	113.9094
-0.0489	69.9008	-10.0392	0.0704	113.91
-0.0492	69.9012	-10.0392	0.0709	113.9106
-0.0495	69.9016	-10.0393	0.0714	113.9113
-0.0498	69.9019	-10.0393	0.0718	113.9119
-0.0501	69.9023	-10.0393	0.0723	113.9125
-0.0504	69.9027	-10.0393	0.0728	113.9132
-0.0507	69.9031	-10.0393	0.0732	113.9138
-0.0509	69.9034	-10.0394	0.0737	113.9145
-0.0512	69.9038	-10.0394	0.0742	113.9151
-0.0515	69.9042	-10.0394	0.0747	113.9158
-0.0518	69.9046	-10.0394	0.0751	113.9164
-0.0521	69.905	-10.0395	0.0756	113.9171
-0.0524	69.9053	-10.0395	0.0761	113.9177
-0.0527	69.9057	-10.0395	0.0766	113.9184
-0.053	69.9061	-10.0395	0.0771	113.919
-0.0533	69.9065	-10.0396	0.0776	113.9197
-0.0536	69.9069	-10.0396	0.0781	113.9204
-0.0539	69.9073	-10.0396	0.0785	113.921
-0.0542	69.9077	-10.0396	0.079	113.9217
-0.0545	69.9081	-10.0396	0.0795	113.9224
-0.0548	69.9085	-10.0397	0.08	113.9231
-0.0551	69.9089	-10.0397	0.0805	113.9237
-0.0554	69.9093	-10.0397	0.081	113.9244
-0.0557	69.9097	-10.0397	0.0815	113.9251
-0.056	69.9101	-10.0398	0.082	113.9258
-0.0563	69.9105	-10.0398	0.0825	113.9265
-0.0567	69.9109	-10.0398	0.083	113.9272
-0.057	69.9113	-10.0398	0.0836	113.9279
-0.0573	69.9117	-10.0399	0.0841	113.9286
-0.0576	69.9121	-10.0399	0.0846	113.9293
-0.0579	69.9125	-10.0399	0.0851	113.93
-0.0582	69.913	-10.0399	0.0856	113.9307
-0.0585	69.9134	-10.04	0.0861	113.9314
-0.0589	69.9138	-10.04	0.0867	113.9321
-0.0592	69.9142	-10.04	0.0872	113.9328
-0.0595	69.9146	-10.04	0.0877	113.9335
-0.0598	69.915	-10.0401	0.0882	113.9342
-0.0602	69.9155	-10.0401	0.0888	113.935
-0.0605	69.9159	-10.0401	0.0893	113.9357
-0.0608	69.9163	-10.0401	0.0898	113.9364
-0.0611	69.9167	-10.0402	0.0904	113.9371
-0.0615	69.9172	-10.0402	0.0909	113.9379
-0.0618	69.9176	-10.0402	0.0914	113.9386
-0.0621	69.918	-10.0402	0.092	113.9393
-0.0625	69.9185	-10.0403	0.0925	113.9401
-0.0628	69.9189	-10.0403	0.0931	113.9408
-0.0631	69.9193	-10.0403	0.0936	113.9416
-0.0635	69.9198	-10.0403	0.0942	113.9423
-0.0638	69.9202	-10.0404	0.0947	113.9431
-0.0641	69.9207	-10.0404	0.0953	113.9438
-0.0645	69.9211	-10.0404	0.0958	113.9446
-0.0648	69.9216	-10.0404	0.0964	113.9453
-0.0651	69.922	-10.0405	0.0969	113.9461
-0.0655	69.9224	-10.0405	0.0975	113.9468
-0.0658	69.9229	-10.0405	0.0981	113.9476
-0.0662	69.9233	-10.0405	0.0986	113.9484
-0.0665	69.9238	-10.0406	0.0992	113.9492
-0.0669	69.9243	-10.0406	0.0998	113.9499
-0.0672	69.9247	-10.0406	0.1003	113.9507
-0.0676	69.9252	-10.0406	0.1009	113.9515
-0.0679	69.9256	-10.0407	0.1015	113.9523
-0.0683	69.9261	-10.0407	0.102	113.953
-0.0686	69.9265	-10.0407	0.1026	113.9538
-0.069	69.927	-10.0408	0.1032	113.9546
-0.0693	69.9275	-10.0408	0.1038	113.9554
-0.0697	69.9279	-10.0408	0.1044	113.9562
-0.0701	69.9284	-10.0408	0.105	113.957
-0.0704	69.9289	-10.0409	0.1055	113.9578
-0.0708	69.9294	-10.0409	0.1061	113.9586
-0.0711	69.9298	-10.0409	0.1067	113.9594
-0.0715	69.9303	-10.0409	0.1073	113.9602
-0.0719	69.9308	-10.041	0.1079	113.961
-0.0722	69.9313	-10.041	0.1085	113.9619
-0.0726	69.9317	-10.041	0.1091	113.9627
-0.073	69.9322	-10.0411	0.1097	113.9635
-0.0733	69.9327	-10.0411	0.1103	113.9643
-0.0737	69.9332	-10.0411	0.1109	113.9651
-0.0741	69.9337	-10.0411	0.1115	113.966
-0.0745	69.9342	-10.0412	0.1121	113.9668
-0.0748	69.9346	-10.0412	0.1128	113.9676
-0.0752	69.9351	-10.0412	0.1134	113.9685
-0.0756	69.9356	-10.0413	0.114	113.9693
-0.076	69.9361	-10.0413	0.1146	113.9702
-0.0763	69.9366	-10.0413	0.1152	113.971
-0.0767	69.9371	-10.0413	0.1158	113.9719
-0.0771	69.9376	-10.0414	0.1165	113.9727
-0.0775	69.9381	-10.0414	0.1171	113.9736
-0.0779	69.9386	-10.0414	0.1177	113.9744
-0.0783	69.9391	-10.0415	0.1184	113.9753
-0.0786	69.9396	-10.0415	0.119	113.9761
-0.079	69.9401	-10.0415	0.1196	113.977
-0.0794	69.9406	-10.0416	0.1203	113.9779
-0.0798	69.9412	-10.0416	0.1209	113.9787
-0.0802	69.9417	-10.0416	0.1215	113.9796
-0.0806	69.9422	-10.0416	0.1222	113.9805
-0.081	69.9427	-10.0417	0.1228	113.9814
-0.0814	69.9432	-10.0417	0.1235	113.9822
-0.0818	69.9437	-10.0417	0.1241	113.9831
-0.0822	69.9443	-10.0418	0.1248	113.984
-0.0826	69.9448	-10.0418	0.1254	113.9849
-0.083	69.9453	-10.0418	0.1261	113.9858
-0.0834	69.9458	-10.0419	0.1267	113.9867
-0.0838	69.9464	-10.0419	0.1274	113.9876
-0.0842	69.9469	-10.0419	0.1281	113.9885
-0.0846	69.9474	-10.042	0.1287	113.9894
-0.085	69.948	-10.042	0.1294	113.9903
-0.0854	69.9485	-10.042	0.1301	113.9912
-0.0858	69.949	-10.042	0.1307	113.9921
-0.0862	69.9496	-10.0421	0.1314	113.993
-0.0866	69.9501	-10.0421	0.1321	113.994
-0.0871	69.9506	-10.0421	0.1328	113.9949
-0.0875	69.9512	-10.0422	0.1334	113.9958
-0.0879	69.9517	-10.0422	0.1341	113.9967
-0.0883	69.9523	-10.0422	0.1348	113.9977
-0.0887	69.9528	-10.0423	0.1355	113.9986
-0.0891	69.9534	-10.0423	0.1362	113.9995
-0.0896	69.9539	-10.0423	0.1369	114.0005
-0.09	69.9545	-10.0424	0.1375	114.0014
-0.0904	69.955	-10.0424	0.1382	114.0024
-0.0908	69.9556	-10.0424	0.1389	114.0033
-0.0913	69.9561	-10.0425	0.1396	114.0043
-0.0917	69.9567	-10.0425	0.1403	114.0052
-0.0921	69.9573	-10.0425	0.141	114.0062
-0.0926	69.9578	-10.0426	0.1417	114.0071
-0.093	69.9584	-10.0426	0.1424	114.0081
-0.0934	69.959	-10.0426	0.1432	114.0091
-0.0939	69.9595	-10.0427	0.1439	114.01
-0.0943	69.9601	-10.0427	0.1446	114.011
-0.0947	69.9607	-10.0427	0.1453	114.012
-0.0952	69.9612	-10.0428	0.146	114.0129
-0.0956	69.9618	-10.0428	0.1467	114.0139
-0.0961	69.9624	-10.0428	0.1475	114.0149
-0.0965	69.963	-10.0429	0.1482	114.0159
-0.0969	69.9635	-10.0429	0.1489	114.0169
-0.0974	69.9641	-10.0429	0.1496	114.0179
-0.0978	69.9647	-10.043	0.1504	114.0189
-0.0983	69.9653	-10.043	0.1511	114.0199
-0.0987	69.9659	-10.043	0.1518	114.0209
-0.0992	69.9665	-10.0431	0.1526	114.0219
-0.0996	69.9671	-10.0431	0.1533	114.0229
-0.1001	69.9677	-10.0431	0.154	114.0239
-0.1005	69.9683	-10.0432	0.1548	114.0249
-0.101	69.9689	-10.0432	0.1555	114.0259
-0.1015	69.9694	-10.0432	0.1563	114.0269
-0.1019	69.97	-10.0433	0.157	114.028
-0.1024	69.9706	-10.0433	0.1578	114.029
-0.1028	69.9713	-10.0434	0.1585	114.03
-0.1033	69.9719	-10.0434	0.1593	114.031
-0.1038	69.9725	-10.0434	0.1601	114.0321
-0.1042	69.9731	-10.0435	0.1608	114.0331
-0.1047	69.9737	-10.0435	0.1616	114.0342
-0.1052	69.9743	-10.0435	0.1623	114.0352
-0.1056	69.9749	-10.0436	0.1631	114.0362
-0.1061	69.9755	-10.0436	0.1639	114.0373
-0.1066	69.9761	-10.0436	0.1646	114.0383
-0.107	69.9768	-10.0437	0.1654	114.0394
-0.1075	69.9774	-10.0437	0.1662	114.0405
-0.108	69.978	-10.0437	0.167	114.0415
-0.1085	69.9786	-10.0438	0.1678	114.0426
-0.109	69.9793	-10.0438	0.1685	114.0436
-0.1094	69.9799	-10.0439	0.1693	114.0447
-0.1099	69.9805	-10.0439	0.1701	114.0458
-0.1104	69.9811	-10.0439	0.1709	114.0469
-0.1109	69.9818	-10.044	0.1717	114.0479
-0.1114	69.9824	-10.044	0.1725	114.049
-0.1119	69.983	-10.044	0.1733	114.0501
-0.1123	69.9837	-10.0441	0.1741	114.0512
-0.1128	69.9843	-10.0441	0.1749	114.0523
-0.1133	69.985	-10.0442	0.1757	114.0534
-0.1138	69.9856	-10.0442	0.1765	114.0545
-0.1143	69.9863	-10.0442	0.1773	114.0556
-0.1148	69.9869	-10.0443	0.1781	114.0567
-0.1153	69.9876	-10.0443	0.1789	114.0578
-0.1158	69.9882	-10.0443	0.1797	114.0589
-0.1163	69.9889	-10.0444	0.1806	114.06
-0.1168	69.9895	-10.0444	0.1814	114.0611
-0.1173	69.9902	-10.0445	0.1822	114.0622
-0.1178	69.9908	-10.0445	0.183	114.0634
-0.1183	69.9915	-10.0445	0.1839	114.0645
-0.1188	69.9922	-10.0446	0.1847	114.0656
-0.1193	69.9928	-10.0446	0.1855	114.0668
-0.1198	69.9935	-10.0447	0.1863	114.0679
-0.1204	69.9942	-10.0447	0.1872	114.069
-0.1209	69.9948	-10.0447	0.188	114.0702
-0.1214	69.9955	-10.0448	0.1889	114.0713
-0.1219	69.9962	-10.0448	0.1897	114.0725
-0.1224	69.9968	-10.0449	0.1905	114.0736
-0.1229	69.9975	-10.0449	0.1914	114.0748
-0.1234	69.9982	-10.0449	0.1922	114.0759
-0.124	69.9989	-10.045	0.1931	114.0771
-0.1245	69.9996	-10.045	0.1939	114.0782
-0.125	70.0002	-10.0451	0.1948	114.0794
-0.1255	70.0009	-10.0451	0.1957	114.0806
-0.1261	70.0016	-10.0451	0.1965	114.0818
-0.1266	70.0023	-10.0452	0.1974	114.0829
-0.1271	70.003	-10.0452	0.1982	114.0841
-0.1277	70.0037	-10.0453	0.1991	114.0853
-0.1282	70.0044	-10.0453	0.2	114.0865
-0.1287	70.0051	-10.0453	0.2009	114.0877
-0.1293	70.0058	-10.0454	0.2017	114.0889
-0.1298	70.0065	-10.0454	0.2026	114.09
-0.1303	70.0072	-10.0455	0.2035	114.0912
-0.1309	70.0079	-10.0455	0.2044	114.0924
-0.1314	70.0086	-10.0455	0.2053	114.0937
-0.132	70.0093	-10.0456	0.2061	114.0949
-0.1325	70.01	-10.0456	0.207	114.0961
-0.133	70.0107	-10.0457	0.2079	114.0973
-0.1336	70.0114	-10.0457	0.2088	114.0985
-0.1341	70.0122	-10.0458	0.2097	114.0997
-0.1347	70.0129	-10.0458	0.2106	114.1009
-0.1352	70.0136	-10.0458	0.2115	114.1022
-0.1358	70.0143	-10.0459	0.2124	114.1034
-0.1363	70.015	-10.0459	0.2133	114.1046
-0.1369	70.0158	-10.046	0.2142	114.1059
-0.1375	70.0165	-10.046	0.2151	114.1071
-0.138	70.0172	-10.0461	0.216	114.1083
-0.1386	70.018	-10.0461	0.217	114.1096
-0.1391	70.0187	-10.0461	0.2179	114.1108
-0.1397	70.0194	-10.0462	0.2188	114.1121
-0.1403	70.0202	-10.0462	0.2197	114.1134
-0.1408	70.0209	-10.0463	0.2206	114.1146
-0.1414	70.0216	-10.0463	0.2216	114.1159
-0.142	70.0224	-10.0464	0.2225	114.1171
-0.1425	70.0231	-10.0464	0.2234	114.1184
-0.1431	70.0239	-10.0464	0.2244	114.1197
-0.1437	70.0246	-10.0465	0.2253	114.121
-0.1442	70.0254	-10.0465	0.2262	114.1222
-0.1448	70.0261	-10.0466	0.2272	114.1235
-0.1454	70.0269	-10.0466	0.2281	114.1248
-0.146	70.0276	-10.0467	0.2291	114.1261
-0.1466	70.0284	-10.0467	0.23	114.1274
-0.1471	70.0292	-10.0468	0.231	114.1287
-0.1477	70.0299	-10.0468	0.2319	114.13
-0.1483	70.0307	-10.0468	0.2329	114.1313
-0.1489	70.0314	-10.0469	0.2338	114.1326
-0.1495	70.0322	-10.0469	0.2348	114.1339
-0.1501	70.033	-10.047	0.2357	114.1352
-0.1507	70.0338	-10.047	0.2367	114.1365
-0.1512	70.0345	-10.0471	0.2377	114.1378
-0.1518	70.0353	-10.0471	0.2386	114.1391
-0.1524	70.0361	-10.0472	0.2396	114.1405
-0.153	70.0369	-10.0472	0.2406	114.1418
-0.1536	70.0376	-10.0473	0.2416	114.1431
-0.1542	70.0384	-10.0473	0.2425	114.1445
-0.1548	70.0392	-10.0473	0.2435	114.1458
-0.1554	70.04	-10.0474	0.2445	114.1471
-0.156	70.0408	-10.0474	0.2455	114.1485
-0.1566	70.0416	-10.0475	0.2465	114.1498
-0.1572	70.0424	-10.0475	0.2475	114.1512
-0.1578	70.0432	-10.0476	0.2485	114.1525
-0.1585	70.044	-10.0476	0.2495	114.1539
-0.1591	70.0448	-10.0477	0.2505	114.1552
-0.1597	70.0456	-10.0477	0.2515	114.1566
-0.1603	70.0464	-10.0478	0.2525	114.158
-0.1609	70.0472	-10.0478	0.2535	114.1593
-0.1615	70.048	-10.0479	0.2545	114.1607
-0.1621	70.0488	-10.0479	0.2555	114.1621
-0.1628	70.0496	-10.048	0.2565	114.1635
-0.1634	70.0504	-10.048	0.2575	114.1649
-0.164	70.0512	-10.048	0.2585	114.1663
-0.1646	70.052	-10.0481	0.2596	114.1676
-0.1653	70.0528	-10.0481	0.2606	114.169
-0.1659	70.0537	-10.0482	0.2616	114.1704
-0.1665	70.0545	-10.0482	0.2626	114.1718
-0.1671	70.0553	-10.0483	0.2637	114.1732
-0.1678	70.0561	-10.0483	0.2647	114.1746
-0.1684	70.057	-10.0484	0.2657	114.1761
-0.169	70.0578	-10.0484	0.2668	114.1775
-0.1697	70.0586	-10.0485	0.2678	114.1789
-0.1703	70.0595	-10.0485	0.2689	114.1803
-0.171	70.0603	-10.0486	0.2699	114.1817
-0.1716	70.0611	-10.0486	0.271	114.1832
-0.1722	70.062	-10.0487	0.272	114.1846
-0.1729	70.0628	-10.0487	0.2731	114.186
-0.1735	70.0637	-10.0488	0.2741	114.1875
-0.1742	70.0645	-10.0488	0.2752	114.1889
-0.1748	70.0653	-10.0489	0.2762	114.1903
-0.1755	70.0662	-10.0489	0.2773	114.1918
-0.1761	70.0671	-10.049	0.2784	114.1932
-0.1768	70.0679	-10.049	0.2794	114.1947
-0.1774	70.0688	-10.0491	0.2805	114.1962
-0.1781	70.0696	-10.0491	0.2816	114.1976
-0.1788	70.0705	-10.0492	0.2826	114.1991
-0.1794	70.0713	-10.0492	0.2837	114.2006
-0.1801	70.0722	-10.0493	0.2848	114.202
-0.1807	70.0731	-10.0493	0.2859	114.2035
-0.1814	70.0739	-10.0494	0.287	114.205
-0.1821	70.0748	-10.0494	0.2881	114.2065
-0.1827	70.0757	-10.0495	0.2891	114.2079
-0.1834	70.0766	-10.0495	0.2902	114.2094
-0.1841	70.0774	-10.0496	0.2913	114.2109
-0.1847	70.0783	-10.0496	0.2924	114.2124
-0.1854	70.0792	-10.0497	0.2935	114.2139
-0.1861	70.0801	-10.0497	0.2946	114.2154
-0.1868	70.0809	-10.0498	0.2957	114.2169
-0.1874	70.0818	-10.0498	0.2968	114.2184
-0.1881	70.0827	-10.0499	0.298	114.2199
-0.1888	70.0836	-10.0499	0.2991	114.2215
-0.1895	70.0845	-10.05	0.3002	114.223
-0.1902	70.0854	-10.0501	0.3013	114.2245
-0.1909	70.0863	-10.0501	0.3024	114.226
-0.1915	70.0872	-10.0502	0.3035	114.2276
-0.1922	70.0881	-10.0502	0.3047	114.2291
-0.1929	70.089	-10.0503	0.3058	114.2306
-0.1936	70.0899	-10.0503	0.3069	114.2322
-0.1943	70.0908	-10.0504	0.3081	114.2337
-0.195	70.0917	-10.0504	0.3092	114.2353
-0.1957	70.0926	-10.0505	0.3103	114.2368
-0.1964	70.0935	-10.0505	0.3115	114.2384
-0.1971	70.0944	-10.0506	0.3126	114.2399
-0.1978	70.0954	-10.0506	0.3138	114.2415
-0.1985	70.0963	-10.0507	0.3149	114.2431
-0.1992	70.0972	-10.0507	0.3161	114.2446
-0.1999	70.0981	-10.0508	0.3172	114.2462
-0.2006	70.0991	-10.0509	0.3184	114.2478
-0.2013	70.1	-10.0509	0.3195	114.2493
-0.202	70.1009	-10.051	0.3207	114.2509
-0.2027	70.1018	-10.051	0.3219	114.2525
-0.2035	70.1028	-10.0511	0.323	114.2541
-0.2042	70.1037	-10.0511	0.3242	114.2557
-0.2049	70.1046	-10.0512	0.3254	114.2573
-0.2056	70.1056	-10.0512	0.3265	114.2589
-0.2063	70.1065	-10.0513	0.3277	114.2605
-0.207	70.1075	-10.0513	0.3289	114.2621
-0.2078	70.1084	-10.0514	0.3301	114.2637
-0.2085	70.1094	-10.0515	0.3313	114.2653
-0.2092	70.1103	-10.0515	0.3325	114.2669
-0.21	70.1113	-10.0516	0.3336	114.2686
-0.2107	70.1122	-10.0516	0.3348	114.2702
-0.2114	70.1132	-10.0517	0.336	114.2718
-0.2121	70.1141	-10.0517	0.3372	114.2735
-0.2129	70.1151	-10.0518	0.3384	114.2751
-0.2136	70.116	-10.0519	0.3396	114.2767
-0.2144	70.117	-10.0519	0.3408	114.2784
-0.2151	70.118	-10.052	0.342	114.28
-0.2158	70.1189	-10.052	0.3433	114.2817
-0.2166	70.1199	-10.0521	0.3445	114.2833
-0.2173	70.1209	-10.0521	0.3457	114.285
-0.2181	70.1219	-10.0522	0.3469	114.2866
-0.2188	70.1228	-10.0523	0.3481	114.2883
-0.2196	70.1238	-10.0523	0.3493	114.29
-0.2203	70.1248	-10.0524	0.3506	114.2916
-0.2211	70.1258	-10.0524	0.3518	114.2933
-0.2218	70.1268	-10.0525	0.353	114.295
-0.2226	70.1277	-10.0525	0.3543	114.2967
-0.2233	70.1287	-10.0526	0.3555	114.2983
-0.2241	70.1297	-10.0527	0.3567	114.3
-0.2248	70.1307	-10.0527	0.358	114.3017
-0.2256	70.1317	-10.0528	0.3592	114.3034
-0.2264	70.1327	-10.0528	0.3605	114.3051
-0.2271	70.1337	-10.0529	0.3617	114.3068
-0.2279	70.1347	-10.0529	0.363	114.3085
-0.2287	70.1357	-10.053	0.3642	114.3102
-0.2294	70.1367	-10.0531	0.3655	114.312
-0.2302	70.1377	-10.0531	0.3668	114.3137
-0.231	70.1387	-10.0532	0.368	114.3154
-0.2318	70.1398	-10.0532	0.3693	114.3171
-0.2325	70.1408	-10.0533	0.3706	114.3188
-0.2333	70.1418	-10.0534	0.3718	114.3206
-0.2341	70.1428	-10.0534	0.3731	114.3223
-0.2349	70.1438	-10.0535	0.3744	114.3241
-0.2356	70.1448	-10.0535	0.3757	114.3258
-0.2364	70.1459	-10.0536	0.3769	114.3275
-0.2372	70.1469	-10.0537	0.3782	114.3293
-0.238	70.1479	-10.0537	0.3795	114.331
-0.2388	70.149	-10.0538	0.3808	114.3328
-0.2396	70.15	-10.0538	0.3821	114.3346
-0.2404	70.151	-10.0539	0.3834	114.3363
-0.2412	70.1521	-10.054	0.3847	114.3381
-0.242	70.1531	-10.054	0.386	114.3399
-0.2428	70.1541	-10.0541	0.3873	114.3416
-0.2436	70.1552	-10.0542	0.3886	114.3434
-0.2444	70.1562	-10.0542	0.3899	114.3452
-0.2452	70.1573	-10.0543	0.3912	114.347
-0.246	70.1583	-10.0543	0.3925	114.3488
-0.2468	70.1594	-10.0544	0.3938	114.3506
-0.2476	70.1604	-10.0545	0.3952	114.3524
-0.2484	70.1615	-10.0545	0.3965	114.3542
-0.2492	70.1625	-10.0546	0.3978	114.356
-0.25	70.1636	-10.0546	0.3991	114.3578
-0.2508	70.1647	-10.0547	0.4005	114.3596
-0.2516	70.1657	-10.0548	0.4018	114.3614
-0.2525	70.1668	-10.0548	0.4031	114.3632
-0.2533	70.1679	-10.0549	0.4045	114.365
-0.2541	70.1689	-10.055	0.4058	114.3669
-0.2549	70.17	-10.055	0.4071	114.3687
-0.2557	70.1711	-10.0551	0.4085	114.3705
-0.2566	70.1722	-10.0551	0.4098	114.3724
-0.2574	70.1733	-10.0552	0.4112	114.3742
-0.2582	70.1743	-10.0553	0.4125	114.376
-0.259	70.1754	-10.0553	0.4139	114.3779
-0.2599	70.1765	-10.0554	0.4153	114.3797
-0.2607	70.1776	-10.0555	0.4166	114.3816
-0.2615	70.1787	-10.0555	0.418	114.3835
-0.2624	70.1798	-10.0556	0.4193	114.3853
-0.2632	70.1809	-10.0557	0.4207	114.3872
-0.2641	70.182	-10.0557	0.4221	114.3891
-0.2649	70.1831	-10.0558	0.4235	114.3909
-0.2657	70.1842	-10.0559	0.4248	114.3928
-0.2666	70.1853	-10.0559	0.4262	114.3947
-0.2674	70.1864	-10.056	0.4276	114.3966
-0.2683	70.1875	-10.056	0.429	114.3985
-0.2691	70.1886	-10.0561	0.4304	114.4004
-0.27	70.1897	-10.0562	0.4318	114.4023
-0.2708	70.1908	-10.0562	0.4332	114.4042
-0.2717	70.1919	-10.0563	0.4346	114.4061
-0.2725	70.1931	-10.0564	0.436	114.408
-0.2734	70.1942	-10.0564	0.4374	114.4099
-0.2743	70.1953	-10.0565	0.4388	114.4118
-0.2751	70.1964	-10.0566	0.4402	114.4137
-0.276	70.1976	-10.0566	0.4416	114.4156
-0.2768	70.1987	-10.0567	0.443	114.4176
-0.2777	70.1998	-10.0568	0.4444	114.4195
-0.2786	70.201	-10.0568	0.4458	114.4214
-0.2795	70.2021	-10.0569	0.4473	114.4233
-0.2803	70.2032	-10.057	0.4487	114.4253
-0.2812	70.2044	-10.057	0.4501	114.4272
-0.2821	70.2055	-10.0571	0.4515	114.4292
-0.2829	70.2067	-10.0572	0.453	114.4311
-0.2838	70.2078	-10.0572	0.4544	114.4331
-0.2847	70.209	-10.0573	0.4558	114.435
-0.2856	70.2101	-10.0574	0.4573	114.437
-0.2865	70.2113	-10.0574	0.4587	114.439
-0.2874	70.2124	-10.0575	0.4602	114.4409
-0.2882	70.2136	-10.0576	0.4616	114.4429
-0.2891	70.2147	-10.0576	0.4631	114.4449
-0.29	70.2159	-10.0577	0.4645	114.4469
-0.2909	70.2171	-10.0578	0.466	114.4489
-0.2918	70.2182	-10.0579	0.4674	114.4509
-0.2927	70.2194	-10.0579	0.4689	114.4528
-0.2936	70.2206	-10.058	0.4704	114.4548
-0.2945	70.2218	-10.0581	0.4718	114.4568
-0.2954	70.2229	-10.0581	0.4733	114.4588
-0.2963	70.2241	-10.0582	0.4748	114.4609
-0.2972	70.2253	-10.0583	0.4763	114.4629
-0.2981	70.2265	-10.0583	0.4777	114.4649
-0.299	70.2277	-10.0584	0.4792	114.4669
-0.2999	70.2288	-10.0585	0.4807	114.4689
-0.3008	70.23	-10.0585	0.4822	114.4709
-0.3017	70.2312	-10.0586	0.4837	114.473
-0.3027	70.2324	-10.0587	0.4852	114.475
-0.3036	70.2336	-10.0588	0.4867	114.4771
-0.3045	70.2348	-10.0588	0.4882	114.4791
-0.3054	70.236	-10.0589	0.4897	114.4811
-0.3063	70.2372	-10.059	0.4912	114.4832
-0.3072	70.2384	-10.059	0.4927	114.4852
-0.3082	70.2396	-10.0591	0.4942	114.4873
-0.3091	70.2408	-10.0592	0.4957	114.4894
-0.31	70.242	-10.0593	0.4972	114.4914
-0.3109	70.2433	-10.0593	0.4987	114.4935
-0.3119	70.2445	-10.0594	0.5003	114.4956
-0.3128	70.2457	-10.0595	0.5018	114.4976
-0.3137	70.2469	-10.0595	0.5033	114.4997
-0.3147	70.2481	-10.0596	0.5048	114.5018
-0.3156	70.2494	-10.0597	0.5064	114.5039
-0.3166	70.2506	-10.0598	0.5079	114.506
-0.3175	70.2518	-10.0598	0.5094	114.5081
-0.3184	70.253	-10.0599	0.511	114.5102
-0.3194	70.2543	-10.06	0.5125	114.5123
-0.3203	70.2555	-10.06	0.5141	114.5144
-0.3213	70.2568	-10.0601	0.5156	114.5165
-0.3222	70.258	-10.0602	0.5172	114.5186
-0.3232	70.2592	-10.0603	0.5187	114.5207
-0.3241	70.2605	-10.0603	0.5203	114.5228
-0.3251	70.2617	-10.0604	0.5219	114.525
-0.326	70.263	-10.0605	0.5234	114.5271
-0.327	70.2642	-10.0606	0.525	114.5292
-0.328	70.2655	-10.0606	0.5265	114.5314
-0.3289	70.2667	-10.0607	0.5281	114.5335
-0.3299	70.268	-10.0608	0.5297	114.5357
-0.3308	70.2693	-10.0608	0.5313	114.5378
-0.3318	70.2705	-10.0609	0.5329	114.54
-0.3328	70.2718	-10.061	0.5344	114.5421
-0.3337	70.2731	-10.0611	0.536	114.5443
-0.3347	70.2743	-10.0611	0.5376	114.5464
-0.3357	70.2756	-10.0612	0.5392	114.5486
-0.3367	70.2769	-10.0613	0.5408	114.5508
-0.3376	70.2782	-10.0614	0.5424	114.5529
-0.3386	70.2794	-10.0614	0.544	114.5551
-0.3396	70.2807	-10.0615	0.5456	114.5573
-0.3406	70.282	-10.0616	0.5472	114.5595
-0.3416	70.2833	-10.0617	0.5488	114.5617
-0.3426	70.2846	-10.0617	0.5504	114.5639
-0.3435	70.2859	-10.0618	0.552	114.5661
-0.3445	70.2872	-10.0619	0.5536	114.5683
-0.3455	70.2884	-10.062	0.5553	114.5705
-0.3465	70.2897	-10.0621	0.5569	114.5727
-0.3475	70.291	-10.0621	0.5585	114.5749
-0.3485	70.2923	-10.0622	0.5601	114.5771
-0.3495	70.2936	-10.0623	0.5618	114.5793
-0.3505	70.295	-10.0624	0.5634	114.5816
-0.3515	70.2963	-10.0624	0.565	114.5838
-0.3525	70.2976	-10.0625	0.5667	114.586
-0.3535	70.2989	-10.0626	0.5683	114.5883
-0.3545	70.3002	-10.0627	0.57	114.5905
-0.3555	70.3015	-10.0627	0.5716	114.5928
-0.3565	70.3028	-10.0628	0.5733	114.595
-0.3575	70.3042	-10.0629	0.5749	114.5973
-0.3586	70.3055	-10.063	0.5766	114.5995
-0.3596	70.3068	-10.0631	0.5782	114.6018
-0.3606	70.3081	-10.0631	0.5799	114.604
-0.3616	70.3095	-10.0632	0.5816	114.6063
-0.3626	70.3108	-10.0633	0.5832	114.6086
-0.3636	70.3121	-10.0634	0.5849	114.6109
-0.3647	70.3135	-10.0634	0.5866	114.6131
-0.3657	70.3148	-10.0635	0.5882	114.6154
-0.3667	70.3162	-10.0636	0.5899	114.6177
-0.3678	70.3175	-10.0637	0.5916	114.62
-0.3688	70.3189	-10.0638	0.5933	114.6223
-0.3698	70.3202	-10.0638	0.595	114.6246
-0.3709	70.3216	-10.0639	0.5967	114.6269
-0.3719	70.3229	-10.064	0.5984	114.6292
-0.3729	70.3243	-10.0641	0.6001	114.6315
-0.374	70.3256	-10.0642	0.6018	114.6338
-0.375	70.327	-10.0642	0.6035	114.6361
-0.376	70.3283	-10.0643	0.6052	114.6385
-0.3771	70.3297	-10.0644	0.6069	114.6408
-0.3781	70.3311	-10.0645	0.6086	114.6431
-0.3792	70.3324	-10.0646	0.6103	114.6455
-0.3802	70.3338	-10.0646	0.612	114.6478
-0.3813	70.3352	-10.0647	0.6137	114.6501
-0.3823	70.3366	-10.0648	0.6155	114.6525
-0.3834	70.338	-10.0649	0.6172	114.6548
-0.3845	70.3393	-10.065	0.6189	114.6572
-0.3855	70.3407	-10.065	0.6206	114.6596
-0.3866	70.3421	-10.0651	0.6224	114.6619
-0.3876	70.3435	-10.0652	0.6241	114.6643
-0.3887	70.3449	-10.0653	0.6258	114.6666
-0.3898	70.3463	-10.0654	0.6276	114.669
-0.3908	70.3477	-10.0655	0.6293	114.6714
-0.3919	70.3491	-10.0655	0.6311	114.6738
-0.393	70.3505	-10.0656	0.6328	114.6762
-0.394	70.3519	-10.0657	0.6346	114.6786
-0.3951	70.3533	-10.0658	0.6363	114.6809
-0.3962	70.3547	-10.0659	0.6381	114.6833
-0.3973	70.3561	-10.0659	0.6399	114.6857
-0.3984	70.3575	-10.066	0.6416	114.6882
-0.3994	70.3589	-10.0661	0.6434	114.6906
-0.4005	70.3603	-10.0662	0.6452	114.693
-0.4016	70.3618	-10.0663	0.6469	114.6954
-0.4027	70.3632	-10.0664	0.6487	114.6978
-0.4038	70.3646	-10.0664	0.6505	114.7002
-0.4049	70.366	-10.0665	0.6523	114.7027
-0.406	70.3674	-10.0666	0.6541	114.7051
-0.4071	70.3689	-10.0667	0.6559	114.7075
-0.4082	70.3703	-10.0668	0.6577	114.71
-0.4093	70.3717	-10.0669	0.6594	114.7124
-0.4104	70.3732	-10.0669	0.6612	114.7149
-0.4115	70.3746	-10.067	0.663	114.7173
-0.4126	70.3761	-10.0671	0.6648	114.7198
-0.4137	70.3775	-10.0672	0.6667	114.7222
-0.4148	70.379	-10.0673	0.6685	114.7247
-0.4159	70.3804	-10.0674	0.6703	114.7272
-0.417	70.3819	-10.0675	0.6721	114.7296
-0.4181	70.3833	-10.0675	0.6739	114.7321
-0.4192	70.3848	-10.0676	0.6757	114.7346
-0.4203	70.3862	-10.0677	0.6776	114.7371
-0.4214	70.3877	-10.0678	0.6794	114.7396
-0.4226	70.3891	-10.0679	0.6812	114.7421
-0.4237	70.3906	-10.068	0.683	114.7446
-0.4248	70.3921	-10.0681	0.6849	114.7471
-0.4259	70.3935	-10.0681	0.6867	114.7496
-0.4271	70.395	-10.0682	0.6886	114.7521
-0.4282	70.3965	-10.0683	0.6904	114.7546
-0.4293	70.398	-10.0684	0.6922	114.7571
-0.4305	70.3995	-10.0685	0.6941	114.7596
-0.4316	70.4009	-10.0686	0.696	114.7622
-0.4327	70.4024	-10.0687	0.6978	114.7647
-0.4339	70.4039	-10.0688	0.6997	114.7672
-0.435	70.4054	-10.0688	0.7015	114.7697
-0.4361	70.4069	-10.0689	0.7034	114.7723
-0.4373	70.4084	-10.069	0.7053	114.7748
-0.4384	70.4099	-10.0691	0.7071	114.7774
-0.4396	70.4114	-10.0692	0.709	114.7799
-0.4407	70.4129	-10.0693	0.7109	114.7825
-0.4419	70.4144	-10.0694	0.7128	114.7851
-0.443	70.4159	-10.0695	0.7146	114.7876
-0.4442	70.4174	-10.0695	0.7165	114.7902
-0.4453	70.4189	-10.0696	0.7184	114.7928
-0.4465	70.4204	-10.0697	0.7203	114.7953
-0.4476	70.4219	-10.0698	0.7222	114.7979
-0.4488	70.4234	-10.0699	0.7241	114.8005
-0.45	70.425	-10.07	0.726	114.8031
-0.4511	70.4265	-10.0701	0.7279	114.8057
-0.4523	70.428	-10.0702	0.7298	114.8083
-0.4535	70.4295	-10.0703	0.7317	114.8109
-0.4546	70.4311	-10.0703	0.7336	114.8135
-0.4558	70.4326	-10.0704	0.7355	114.8161
-0.457	70.4341	-10.0705	0.7375	114.8187
-0.4582	70.4357	-10.0706	0.7394	114.8213
-0.4593	70.4372	-10.0707	0.7413	114.8239
-0.4605	70.4387	-10.0708	0.7432	114.8266
-0.4617	70.4403	-10.0709	0.7452	114.8292
-0.4629	70.4418	-10.071	0.7471	114.8318
-0.4641	70.4434	-10.0711	0.749	114.8345
-0.4652	70.4449	-10.0712	0.751	114.8371
-0.4664	70.4465	-10.0713	0.7529	114.8397
-0.4676	70.448	-10.0713	0.7549	114.8424
-0.4688	70.4496	-10.0714	0.7568	114.845
-0.47	70.4511	-10.0715	0.7588	114.8477
-0.4712	70.4527	-10.0716	0.7607	114.8504
-0.4724	70.4543	-10.0717	0.7627	114.853
-0.4736	70.4558	-10.0718	0.7646	114.8557
-0.4748	70.4574	-10.0719	0.7666	114.8584
-0.476	70.459	-10.072	0.7685	114.861
-0.4772	70.4605	-10.0721	0.7705	114.8637
-0.4784	70.4621	-10.0722	0.7725	114.8664
-0.4796	70.4637	-10.0723	0.7745	114.8691
-0.4808	70.4653	-10.0724	0.7764	114.8718
-0.482	70.4669	-10.0724	0.7784	114.8745
-0.4832	70.4684	-10.0725	0.7804	114.8772
-0.4845	70.47	-10.0726	0.7824	114.8799
-0.4857	70.4716	-10.0727	0.7844	114.8826
-0.4869	70.4732	-10.0728	0.7864	114.8853
-0.4881	70.4748	-10.0729	0.7884	114.888
-0.4893	70.4764	-10.073	0.7904	114.8908
-0.4906	70.478	-10.0731	0.7924	114.8935
-0.4918	70.4796	-10.0732	0.7944	114.8962
-0.493	70.4812	-10.0733	0.7964	114.899
-0.4942	70.4828	-10.0734	0.7984	114.9017
-0.4955	70.4844	-10.0735	0.8004	114.9044
-0.4967	70.486	-10.0736	0.8024	114.9072
-0.4979	70.4877	-10.0737	0.8044	114.9099
-0.4992	70.4893	-10.0738	0.8064	114.9127
-0.5004	70.4909	-10.0739	0.8085	114.9154
-0.5017	70.4925	-10.074	0.8105	114.9182
-0.5029	70.4941	-10.0741	0.8125	114.921
-0.5041	70.4958	-10.0741	0.8146	114.9237
-0.5054	70.4974	-10.0742	0.8166	114.9265
-0.5066	70.499	-10.0743	0.8186	114.9293
-0.5079	70.5007	-10.0744	0.8207	114.9321
-0.5091	70.5023	-10.0745	0.8227	114.9349
-0.5104	70.5039	-10.0746	0.8248	114.9377
-0.5116	70.5056	-10.0747	0.8268	114.9405
-0.5129	70.5072	-10.0748	0.8289	114.9433
-0.5142	70.5089	-10.0749	0.8309	114.9461
-0.5154	70.5105	-10.075	0.833	114.9489
-0.5167	70.5122	-10.0751	0.8351	114.9517
-0.5179	70.5138	-10.0752	0.8371	114.9545
-0.5192	70.5155	-10.0753	0.8392	114.9573
-0.5205	70.5171	-10.0754	0.8413	114.9601
-0.5218	70.5188	-10.0755	0.8434	114.963
-0.523	70.5204	-10.0756	0.8454	114.9658
-0.5243	70.5221	-10.0757	0.8475	114.9686
-0.5256	70.5238	-10.0758	0.8496	114.9715
-0.5268	70.5254	-10.0759	0.8517	114.9743
-0.5281	70.5271	-10.076	0.8538	114.9772
-0.5294	70.5288	-10.0761	0.8559	114.98
-0.5307	70.5305	-10.0762	0.858	114.9829
-0.532	70.5321	-10.0763	0.8601	114.9857
-0.5333	70.5338	-10.0764	0.8622	114.9886
-0.5345	70.5355	-10.0765	0.8643	114.9915
-0.5358	70.5372	-10.0766	0.8664	114.9943
-0.5371	70.5389	-10.0767	0.8685	114.9972
-0.5384	70.5406	-10.0768	0.8706	115.0001
-0.5397	70.5423	-10.0769	0.8727	115.003
-0.541	70.544	-10.077	0.8748	115.0059
-0.5423	70.5457	-10.0771	0.877	115.0088
-0.5436	70.5474	-10.0772	0.8791	115.0117
-0.5449	70.5491	-10.0773	0.8812	115.0146
-0.5462	70.5508	-10.0774	0.8834	115.0175
-0.5475	70.5525	-10.0775	0.8855	115.0204
-0.5488	70.5542	-10.0776	0.8876	115.0233
-0.5501	70.5559	-10.0777	0.8898	115.0262
-0.5515	70.5576	-10.0778	0.8919	115.0291
-0.5528	70.5593	-10.0779	0.8941	115.0321
-0.5541	70.5611	-10.078	0.8962	115.035
-0.5554	70.5628	-10.0781	0.8984	115.0379
-0.5567	70.5645	-10.0782	0.9005	115.0409
-0.558	70.5662	-10.0783	0.9027	115.0438
-0.5594	70.568	-10.0784	0.9049	115.0467
-0.5607	70.5697	-10.0785	0.907	115.0497
-0.562	70.5714	-10.0786	0.9092	115.0527
-0.5634	70.5732	-10.0787	0.9114	115.0556
-0.5647	70.5749	-10.0788	0.9135	115.0586
-0.566	70.5766	-10.0789	0.9157	115.0615
-0.5674	70.5784	-10.079	0.9179	115.0645
-0.5687	70.5801	-10.0791	0.9201	115.0675
-0.57	70.5819	-10.0792	0.9223	115.0705
-0.5714	70.5836	-10.0793	0.9245	115.0735
-0.5727	70.5854	-10.0794	0.9266	115.0764
-0.5741	70.5871	-10.0795	0.9288	115.0794
-0.5754	70.5889	-10.0796	0.931	115.0824
-0.5767	70.5907	-10.0797	0.9332	115.0854
-0.5781	70.5924	-10.0798	0.9355	115.0884
-0.5794	70.5942	-10.0799	0.9377	115.0914
-0.5808	70.596	-10.08	0.9399	115.0945
-0.5822	70.5977	-10.0801	0.9421	115.0975
-0.5835	70.5995	-10.0802	0.9443	115.1005
-0.5849	70.6013	-10.0803	0.9465	115.1035
-0.5862	70.6031	-10.0804	0.9487	115.1065
-0.5876	70.6048	-10.0805	0.951	115.1096
-0.589	70.6066	-10.0807	0.9532	115.1126
-0.5903	70.6084	-10.0808	0.9554	115.1157
-0.5917	70.6102	-10.0809	0.9577	115.1187
-0.5931	70.612	-10.081	0.9599	115.1218
-0.5944	70.6138	-10.0811	0.9622	115.1248
-0.5958	70.6156	-10.0812	0.9644	115.1279
-0.5972	70.6174	-10.0813	0.9666	115.1309
-0.5986	70.6192	-10.0814	0.9689	115.134
-0.5999	70.621	-10.0815	0.9712	115.1371
-0.6013	70.6228	-10.0816	0.9734	115.1401
-0.6027	70.6246	-10.0817	0.9757	115.1432
-0.6041	70.6264	-10.0818	0.9779	115.1463
-0.6055	70.6282	-10.0819	0.9802	115.1494
-0.6069	70.63	-10.082	0.9825	115.1525
-0.6082	70.6318	-10.0821	0.9847	115.1556
-0.6096	70.6336	-10.0822	0.987	115.1587
-0.611	70.6355	-10.0823	0.9893	115.1618
-0.6124	70.6373	-10.0825	0.9916	115.1649
-0.6138	70.6391	-10.0826	0.9939	115.168
-0.6152	70.6409	-10.0827	0.9962	115.1711
-0.6166	70.6428	-10.0828	0.9984	115.1742
-0.618	70.6446	-10.0829	1.0007	115.1774
-0.6194	70.6465	-10.083	1.003	115.1805
-0.6208	70.6483	-10.0831	1.0053	115.1836
-0.6222	70.6501	-10.0832	1.0076	115.1868
-0.6237	70.652	-10.0833	1.0099	115.1899
-0.6251	70.6538	-10.0834	1.0123	115.1931
-0.6265	70.6557	-10.0835	1.0146	115.1962
-0.6279	70.6575	-10.0836	1.0169	115.1994
-0.6293	70.6594	-10.0838	1.0192	115.2025
-0.6307	70.6612	-10.0839	1.0215	115.2057
-0.6322	70.6631	-10.084	1.0238	115.2089
-0.6336	70.665	-10.0841	1.0262	115.212
-0.635	70.6668	-10.0842	1.0285	115.2152
-0.6364	70.6687	-10.0843	1.0308	115.2184
-0.6379	70.6705	-10.0844	1.0332	115.2216
-0.6393	70.6724	-10.0845	1.0355	115.2247
-0.6407	70.6743	-10.0846	1.0379	115.2279
-0.6422	70.6762	-10.0847	1.0402	115.2311
-0.6436	70.678	-10.0848	1.0425	115.2343
-0.645	70.6799	-10.085	1.0449	115.2375
-0.6465	70.6818	-10.0851	1.0473	115.2407
-0.6479	70.6837	-10.0852	1.0496	115.244
-0.6494	70.6856	-10.0853	1.052	115.2472
-0.6508	70.6875	-10.0854	1.0543	115.2504
-0.6523	70.6894	-10.0855	1.0567	115.2536
-0.6537	70.6913	-10.0856	1.0591	115.2569
-0.6552	70.6932	-10.0857	1.0615	115.2601
-0.6566	70.6951	-10.0858	1.0638	115.2633
-0.6581	70.697	-10.086	1.0662	115.2666
-0.6595	70.6989	-10.0861	1.0686	115.2698
-0.661	70.7008	-10.0862	1.071	115.2731
-0.6625	70.7027	-10.0863	1.0734	115.2763
-0.6639	70.7046	-10.0864	1.0758	115.2796
-0.6654	70.7065	-10.0865	1.0782	115.2828
-0.6669	70.7084	-10.0866	1.0806	115.2861
-0.6683	70.7103	-10.0867	1.083	115.2894
-0.6698	70.7123	-10.0869	1.0854	115.2927
-0.6713	70.7142	-10.087	1.0878	115.2959
-0.6727	70.7161	-10.0871	1.0902	115.2992
-0.6742	70.7181	-10.0872	1.0926	115.3025
-0.6757	70.72	-10.0873	1.095	115.3058
-0.6772	70.7219	-10.0874	1.0974	115.3091
-0.6787	70.7239	-10.0875	1.0998	115.3124
-0.6801	70.7258	-10.0877	1.1023	115.3157
-0.6816	70.7277	-10.0878	1.1047	115.319
-0.6831	70.7297	-10.0879	1.1071	115.3223
-0.6846	70.7316	-10.088	1.1096	115.3256
-0.6861	70.7336	-10.0881	1.112	115.329
-0.6876	70.7355	-10.0882	1.1144	115.3323
-0.6891	70.7375	-10.0883	1.1169	115.3356
-0.6906	70.7394	-10.0885	1.1193	115.3389
-0.6921	70.7414	-10.0886	1.1218	115.3423
-0.6936	70.7434	-10.0887	1.1242	115.3456
-0.6951	70.7453	-10.0888	1.1267	115.349
-0.6966	70.7473	-10.0889	1.1292	115.3523
-0.6981	70.7493	-10.089	1.1316	115.3557
-0.6996	70.7512	-10.0891	1.1341	115.359
-0.7011	70.7532	-10.0893	1.1366	115.3624
-0.7026	70.7552	-10.0894	1.139	115.3658
-0.7041	70.7572	-10.0895	1.1415	115.3691
-0.7057	70.7591	-10.0896	1.144	115.3725
-0.7072	70.7611	-10.0897	1.1465	115.3759
-0.7087	70.7631	-10.0898	1.1489	115.3793
-0.7102	70.7651	-10.09	1.1514	115.3827
-0.7117	70.7671	-10.0901	1.1539	115.3861
-0.7133	70.7691	-10.0902	1.1564	115.3895
-0.7148	70.7711	-10.0903	1.1589	115.3929
-0.7163	70.7731	-10.0904	1.1614	115.3963
-0.7179	70.7751	-10.0905	1.1639	115.3997
-0.7194	70.7771	-10.0907	1.1664	115.4031
-0.7209	70.7791	-10.0908	1.1689	115.4065
-0.7225	70.7811	-10.0909	1.1714	115.4099
-0.724	70.7831	-10.091	1.174	115.4134
-0.7255	70.7851	-10.0911	1.1765	115.4168
-0.7271	70.7871	-10.0913	1.179	115.4202
-0.7286	70.7892	-10.0914	1.1815	115.4237
-0.7302	70.7912	-10.0915	1.1841	115.4271
-0.7317	70.7932	-10.0916	1.1866	115.4306
-0.7333	70.7952	-10.0917	1.1891	115.434
-0.7348	70.7973	-10.0918	1.1917	115.4375
-0.7364	70.7993	-10.092	1.1942	115.4409
-0.7379	70.8013	-10.0921	1.1967	115.4444
-0.7395	70.8034	-10.0922	1.1993	115.4479
-0.741	70.8054	-10.0923	1.2018	115.4513
-0.7426	70.8074	-10.0924	1.2044	115.4548
-0.7442	70.8095	-10.0926	1.2069	115.4583
-0.7457	70.8115	-10.0927	1.2095	115.4618
-0.7473	70.8136	-10.0928	1.2121	115.4653
-0.7489	70.8156	-10.0929	1.2146	115.4688
-0.7504	70.8177	-10.093	1.2172	115.4723
-0.752	70.8197	-10.0932	1.2198	115.4758
-0.7536	70.8218	-10.0933	1.2223	115.4793
-0.7552	70.8239	-10.0934	1.2249	115.4828
-0.7567	70.8259	-10.0935	1.2275	115.4863
-0.7583	70.828	-10.0937	1.2301	115.4898
-0.7599	70.8301	-10.0938	1.2327	115.4934
-0.7615	70.8321	-10.0939	1.2353	115.4969
-0.7631	70.8342	-10.094	1.2379	115.5004
-0.7647	70.8363	-10.0941	1.2405	115.5039
-0.7663	70.8384	-10.0943	1.2431	115.5075
-0.7679	70.8404	-10.0944	1.2457	115.511
-0.7694	70.8425	-10.0945	1.2483	115.5146
-0.771	70.8446	-10.0946	1.2509	115.5181
-0.7726	70.8467	-10.0947	1.2535	115.5217
-0.7742	70.8488	-10.0949	1.2561	115.5253
-0.7758	70.8509	-10.095	1.2587	115.5288
-0.7774	70.853	-10.0951	1.2613	115.5324
-0.779	70.8551	-10.0952	1.264	115.536
-0.7807	70.8572	-10.0954	1.2666	115.5395
-0.7823	70.8593	-10.0955	1.2692	115.5431
-0.7839	70.8614	-10.0956	1.2719	115.5467
-0.7855	70.8635	-10.0957	1.2745	115.5503
-0.7871	70.8656	-10.0959	1.2771	115.5539
-0.7887	70.8677	-10.096	1.2798	115.5575
-0.7903	70.8698	-10.0961	1.2824	115.5611
-0.792	70.8719	-10.0962	1.2851	115.5647
-0.7936	70.8741	-10.0964	1.2877	115.5683
-0.7952	70.8762	-10.0965	1.2904	115.572
-0.7968	70.8783	-10.0966	1.293	115.5756
-0.7985	70.8804	-10.0967	1.2957	115.5792
-0.8001	70.8826	-10.0969	1.2984	115.5828
-0.8017	70.8847	-10.097	1.301	115.5865
-0.8034	70.8868	-10.0971	1.3037	115.5901
-0.805	70.889	-10.0972	1.3064	115.5937
-0.8066	70.8911	-10.0974	1.309	115.5974
-0.8083	70.8933	-10.0975	1.3117	115.601
-0.8099	70.8954	-10.0976	1.3144	115.6047
-0.8116	70.8976	-10.0977	1.3171	115.6084
-0.8132	70.8997	-10.0979	1.3198	115.612
-0.8148	70.9019	-10.098	1.3225	115.6157
-0.8165	70.904	-10.0981	1.3252	115.6194
-0.8181	70.9062	-10.0982	1.3279	115.623
-0.8198	70.9083	-10.0984	1.3306	115.6267
-0.8215	70.9105	-10.0985	1.3333	115.6304
-0.8231	70.9127	-10.0986	1.336	115.6341
-0.8248	70.9148	-10.0987	1.3387	115.6378
-0.8264	70.917	-10.0989	1.3414	115.6415
-0.8281	70.9192	-10.099	1.3441	115.6452
-0.8298	70.9213	-10.0991	1.3469	115.6489
-0.8314	70.9235	-10.0993	1.3496	115.6526
-0.8331	70.9257	-10.0994	1.3523	115.6563
-0.8348	70.9279	-10.0995	1.355	115.66
-0.8364	70.9301	-10.0996	1.3578	115.6638
-0.8381	70.9323	-10.0998	1.3605	115.6675
-0.8398	70.9344	-10.0999	1.3632	115.6712
-0.8415	70.9366	-10.1	1.366	115.675
-0.8431	70.9388	-10.1002	1.3687	115.6787
-0.8448	70.941	-10.1003	1.3715	115.6824
-0.8465	70.9432	-10.1004	1.3742	115.6862
-0.8482	70.9454	-10.1005	1.377	115.6899
-0.8499	70.9476	-10.1007	1.3797	115.6937
-0.8516	70.9498	-10.1008	1.3825	115.6975
-0.8533	70.9521	-10.1009	1.3853	115.7012
-0.8549	70.9543	-10.1011	1.388	115.705
-0.8566	70.9565	-10.1012	1.3908	115.7088
-0.8583	70.9587	-10.1013	1.3936	115.7126
-0.86	70.9609	-10.1015	1.3964	115.7163
-0.8617	70.9631	-10.1016	1.3991	115.7201
-0.8634	70.9654	-10.1017	1.4019	115.7239
-0.8651	70.9676	-10.1018	1.4047	115.7277
-0.8669	70.9698	-10.102	1.4075	115.7315
-0.8686	70.9721	-10.1021	1.4103	115.7353
-0.8703	70.9743	-10.1022	1.4131	115.7391
-0.872	70.9765	-10.1024	1.4159	115.7429
-0.8737	70.9788	-10.1025	1.4187	115.7468
-0.8754	70.981	-10.1026	1.4215	115.7506
-0.8771	70.9833	-10.1028	1.4243	115.7544
-0.8788	70.9855	-10.1029	1.4271	115.7582
-0.8806	70.9878	-10.103	1.4299	115.7621
-0.8823	70.99	-10.1032	1.4327	115.7659
-0.884	70.9923	-10.1033	1.4356	115.7697
-0.8857	70.9945	-10.1034	1.4384	115.7736
-0.8875	70.9968	-10.1036	1.4412	115.7774
-0.8892	70.9991	-10.1037	1.444	115.7813
-0.8909	71.0013	-10.1038	1.4469	115.7852
-0.8927	71.0036	-10.104	1.4497	115.789
-0.8944	71.0059	-10.1041	1.4526	115.7929
-0.8962	71.0081	-10.1042	1.4554	115.7968
-0.8979	71.0104	-10.1044	1.4582	115.8006
-0.8996	71.0127	-10.1045	1.4611	115.8045
-0.9014	71.015	-10.1046	1.4639	115.8084
-0.9031	71.0172	-10.1048	1.4668	115.8123
-0.9049	71.0195	-10.1049	1.4697	115.8162
-0.9066	71.0218	-10.105	1.4725	115.8201
-0.9084	71.0241	-10.1052	1.4754	115.824
-0.9101	71.0264	-10.1053	1.4782	115.8279
-0.9119	71.0287	-10.1054	1.4811	115.8318
-0.9136	71.031	-10.1056	1.484	115.8357
-0.9154	71.0333	-10.1057	1.4869	115.8396
-0.9172	71.0356	-10.1058	1.4897	115.8436
-0.9189	71.0379	-10.106	1.4926	115.8475
-0.9207	71.0402	-10.1061	1.4955	115.8514
-0.9225	71.0425	-10.1062	1.4984	115.8554
-0.9242	71.0448	-10.1064	1.5013	115.8593
-0.926	71.0471	-10.1065	1.5042	115.8633
-0.9278	71.0495	-10.1067	1.5071	115.8672
-0.9296	71.0518	-10.1068	1.51	115.8712
-0.9313	71.0541	-10.1069	1.5129	115.8751
-0.9331	71.0564	-10.1071	1.5158	115.8791
-0.9349	71.0588	-10.1072	1.5187	115.883
-0.9367	71.0611	-10.1073	1.5216	115.887
-0.9385	71.0634	-10.1075	1.5246	115.891
-0.9402	71.0658	-10.1076	1.5275	115.895
-0.942	71.0681	-10.1077	1.5304	115.8989
-0.9438	71.0704	-10.1079	1.5333	115.9029
-0.9456	71.0728	-10.108	1.5363	115.9069
-0.9474	71.0751	-10.1082	1.5392	115.9109
-0.9492	71.0775	-10.1083	1.5421	115.9149
-0.951	71.0798	-10.1084	1.5451	115.9189
-0.9528	71.0822	-10.1086	1.548	115.9229
-0.9546	71.0845	-10.1087	1.551	115.927
-0.9564	71.0869	-10.1088	1.5539	115.931
-0.9582	71.0892	-10.109	1.5569	115.935
-0.96	71.0916	-10.1091	1.5598	115.939
-0.9618	71.094	-10.1093	1.5628	115.943
-0.9636	71.0963	-10.1094	1.5657	115.9471
-0.9655	71.0987	-10.1095	1.5687	115.9511
-0.9673	71.1011	-10.1097	1.5717	115.9552
-0.9691	71.1035	-10.1098	1.5746	115.9592
-0.9709	71.1058	-10.11	1.5776	115.9633
-0.9727	71.1082	-10.1101	1.5806	115.9673
-0.9746	71.1106	-10.1102	1.5836	115.9714
-0.9764	71.113	-10.1104	1.5865	115.9754
-0.9782	71.1154	-10.1105	1.5895	115.9795
-0.98	71.1178	-10.1107	1.5925	115.9836
-0.9819	71.1202	-10.1108	1.5955	115.9877
-0.9837	71.1226	-10.1109	1.5985	115.9917
-0.9855	71.125	-10.1111	1.6015	115.9958
-0.9874	71.1274	-10.1112	1.6045	115.9999
-0.9892	71.1298	-10.1114	1.6075	116.004
-0.9911	71.1322	-10.1115	1.6105	116.0081
-0.9929	71.1346	-10.1116	1.6135	116.0122
-0.9947	71.137	-10.1118	1.6166	116.0163
-0.9966	71.1394	-10.1119	1.6196	116.0204
-0.9984	71.1418	-10.1121	1.6226	116.0246
-1.0003	71.1442	-10.1122	1.6256	116.0287
-1.0021	71.1466	-10.1124	1.6286	116.0328
-1.004	71.1491	-10.1125	1.6317	116.0369
-1.0058	71.1515	-10.1126	1.6347	116.0411
-1.0077	71.1539	-10.1128	1.6377	116.0452
-1.0096	71.1564	-10.1129	1.6408	116.0493
-1.0114	71.1588	-10.1131	1.6438	116.0535
-1.0133	71.1612	-10.1132	1.6469	116.0576
-1.0152	71.1637	-10.1134	1.6499	116.0618
-1.017	71.1661	-10.1135	1.653	116.0659
-1.0189	71.1685	-10.1136	1.656	116.0701
-1.0208	71.171	-10.1138	1.6591	116.0743
-1.0226	71.1734	-10.1139	1.6622	116.0784
-1.0245	71.1759	-10.1141	1.6652	116.0826
-1.0264	71.1783	-10.1142	1.6683	116.0868
-1.0283	71.1808	-10.1144	1.6714	116.091
-1.0301	71.1833	-10.1145	1.6744	116.0952
-1.032	71.1857	-10.1147	1.6775	116.0994
-1.0339	71.1882	-10.1148	1.6806	116.1036
-1.0358	71.1906	-10.1149	1.6837	116.1078
-1.0377	71.1931	-10.1151	1.6868	116.112
-1.0396	71.1956	-10.1152	1.6899	116.1162
-1.0415	71.1981	-10.1154	1.6929	116.1204
-1.0434	71.2005	-10.1155	1.696	116.1246
-1.0453	71.203	-10.1157	1.6991	116.1288
-1.0472	71.2055	-10.1158	1.7022	116.1331
-1.0491	71.208	-10.116	1.7053	116.1373
-1.051	71.2105	-10.1161	1.7085	116.1415
-1.0529	71.2129	-10.1163	1.7116	116.1458
-1.0548	71.2154	-10.1164	1.7147	116.15
-1.0567	71.2179	-10.1165	1.7178	116.1543
-1.0586	71.2204	-10.1167	1.7209	116.1585
-1.0605	71.2229	-10.1168	1.724	116.1628
-1.0624	71.2254	-10.117	1.7272	116.167
-1.0643	71.2279	-10.1171	1.7303	116.1713
-1.0662	71.2304	-10.1173	1.7334	116.1756
-1.0682	71.2329	-10.1174	1.7366	116.1798
-1.0701	71.2355	-10.1176	1.7397	116.1841
-1.072	71.238	-10.1177	1.7429	116.1884
-1.0739	71.2405	-10.1179	1.746	116.1927
-1.0759	71.243	-10.118	1.7492	116.197
-1.0778	71.2455	-10.1182	1.7523	116.2013
-1.0797	71.248	-10.1183	1.7555	116.2056
-1.0816	71.2506	-10.1185	1.7586	116.2099
-1.0836	71.2531	-10.1186	1.7618	116.2142
-1.0855	71.2556	-10.1188	1.765	116.2185
-1.0875	71.2582	-10.1189	1.7681	116.2228
-1.0894	71.2607	-10.1191	1.7713	116.2271
-1.0913	71.2632	-10.1192	1.7745	116.2315
-1.0933	71.2658	-10.1194	1.7776	116.2358
-1.0952	71.2683	-10.1195	1.7808	116.2401
-1.0972	71.2709	-10.1197	1.784	116.2445
-1.0991	71.2734	-10.1198	1.7872	116.2488
-1.1011	71.276	-10.12	1.7904	116.2531
-1.103	71.2785	-10.1201	1.7936	116.2575
-1.105	71.2811	-10.1203	1.7968	116.2618
-1.1069	71.2836	-10.1204	1.8	116.2662
-1.1089	71.2862	-10.1206	1.8032	116.2706
-1.1109	71.2888	-10.1207	1.8064	116.2749
-1.1128	71.2913	-10.1209	1.8096	116.2793
-1.1148	71.2939	-10.121	1.8128	116.2837
-1.1168	71.2965	-10.1212	1.816	116.2881
-1.1187	71.299	-10.1213	1.8192	116.2924
-1.1207	71.3016	-10.1215	1.8225	116.2968
-1.1227	71.3042	-10.1216	1.8257	116.3012
-1.1246	71.3068	-10.1218	1.8289	116.3056
-1.1266	71.3094	-10.1219	1.8321	116.31
-1.1286	71.3119	-10.1221	1.8354	116.3144
-1.1306	71.3145	-10.1222	1.8386	116.3188
-1.1326	71.3171	-10.1224	1.8419	116.3233
-1.1345	71.3197	-10.1225	1.8451	116.3277
-1.1365	71.3223	-10.1227	1.8483	116.3321
-1.1385	71.3249	-10.1228	1.8516	116.3365
-1.1405	71.3275	-10.123	1.8549	116.341
-1.1425	71.3301	-10.1231	1.8581	116.3454
-1.1445	71.3327	-10.1233	1.8614	116.3498
-1.1465	71.3353	-10.1234	1.8646	116.3543
-1.1485	71.3379	-10.1236	1.8679	116.3587
-1.1505	71.3405	-10.1237	1.8712	116.3632
-1.1525	71.3432	-10.1239	1.8744	116.3676
-1.1545	71.3458	-10.124	1.8777	116.3721
-1.1565	71.3484	-10.1242	1.881	116.3766
-1.1585	71.351	-10.1244	1.8843	116.381
-1.1605	71.3537	-10.1245	1.8876	116.3855
-1.1625	71.3563	-10.1247	1.8908	116.39
-1.1645	71.3589	-10.1248	1.8941	116.3945
-1.1666	71.3615	-10.125	1.8974	116.399
-1.1686	71.3642	-10.1251	1.9007	116.4035
-1.1706	71.3668	-10.1253	1.904	116.4079
-1.1726	71.3695	-10.1254	1.9073	116.4124
-1.1746	71.3721	-10.1256	1.9106	116.417
-1.1767	71.3747	-10.1257	1.9139	116.4215
-1.1787	71.3774	-10.1259	1.9173	116.426
-1.1807	71.38	-10.1261	1.9206	116.4305
-1.1827	71.3827	-10.1262	1.9239	116.435
-1.1848	71.3854	-10.1264	1.9272	116.4395
-1.1868	71.388	-10.1265	1.9305	116.4441
-1.1888	71.3907	-10.1267	1.9339	116.4486
-1.1909	71.3933	-10.1268	1.9372	116.4531
-1.1929	71.396	-10.127	1.9405	116.4577
-1.195	71.3987	-10.1272	1.9439	116.4622
-1.197	71.4013	-10.1273	1.9472	116.4668
-1.199	71.404	-10.1275	1.9505	116.4713
-1.2011	71.4067	-10.1276	1.9539	116.4759
-1.2031	71.4094	-10.1278	1.9572	116.4805
-1.2052	71.4121	-10.1279	1.9606	116.485
-1.2073	71.4147	-10.1281	1.964	116.4896
-1.2093	71.4174	-10.1283	1.9673	116.4942
-1.2114	71.4201	-10.1284	1.9707	116.4988
-1.2134	71.4228	-10.1286	1.974	116.5033
-1.2155	71.4255	-10.1287	1.9774	116.5079
-1.2175	71.4282	-10.1289	1.9808	116.5125
-1.2196	71.4309	-10.129	1.9842	116.5171
-1.2217	71.4336	-10.1292	1.9875	116.5217
-1.2237	71.4363	-10.1294	1.9909	116.5263
-1.2258	71.439	-10.1295	1.9943	116.5309
-1.2279	71.4417	-10.1297	1.9977	116.5356
-1.23	71.4444	-10.1298	2.0011	116.5402
-1.232	71.4471	-10.13	2.0045	116.5448
-1.2341	71.4498	-10.1302	2.0079	116.5494
-1.2362	71.4526	-10.1303	2.0113	116.5541
-1.2383	71.4553	-10.1305	2.0147	116.5587
-1.2404	71.458	-10.1306	2.0181	116.5633
-1.2424	71.4607	-10.1308	2.0215	116.568
-1.2445	71.4635	-10.131	2.0249	116.5726
-1.2466	71.4662	-10.1311	2.0283	116.5773
-1.2487	71.4689	-10.1313	2.0317	116.5819
-1.2508	71.4717	-10.1314	2.0352	116.5866
-1.2529	71.4744	-10.1316	2.0386	116.5913
-1.255	71.4771	-10.1318	2.042	116.5959
-1.2571	71.4799	-10.1319	2.0454	116.6006
-1.2592	71.4826	-10.1321	2.0489	116.6053
-1.2613	71.4854	-10.1322	2.0523	116.61
-1.2634	71.4881	-10.1324	2.0557	116.6147
-1.2655	71.4909	-10.1326	2.0592	116.6193
-1.2676	71.4936	-10.1327	2.0626	116.624
-1.2697	71.4964	-10.1329	2.0661	116.6287
-1.2718	71.4992	-10.1331	2.0695	116.6334
-1.274	71.5019	-10.1332	2.073	116.6382
-1.2761	71.5047	-10.1334	2.0765	116.6429
-1.2782	71.5075	-10.1335	2.0799	116.6476
-1.2803	71.5102	-10.1337	2.0834	116.6523
-1.2824	71.513	-10.1339	2.0869	116.657
-1.2846	71.5158	-10.134	2.0903	116.6618
-1.2867	71.5186	-10.1342	2.0938	116.6665
-1.2888	71.5213	-10.1344	2.0973	116.6712
-1.2909	71.5241	-10.1345	2.1008	116.676
-1.2931	71.5269	-10.1347	2.1042	116.6807
-1.2952	71.5297	-10.1348	2.1077	116.6855
-1.2973	71.5325	-10.135	2.1112	116.6902
-1.2995	71.5353	-10.1352	2.1147	116.695
-1.3016	71.5381	-10.1353	2.1182	116.6997
-1.3038	71.5409	-10.1355	2.1217	116.7045
-1.3059	71.5437	-10.1357	2.1252	116.7093
-1.308	71.5465	-10.1358	2.1287	116.7141
-1.3102	71.5493	-10.136	2.1322	116.7188
-1.3123	71.5521	-10.1362	2.1357	116.7236
-1.3145	71.5549	-10.1363	2.1393	116.7284
-1.3166	71.5577	-10.1365	2.1428	116.7332
-1.3188	71.5605	-10.1367	2.1463	116.738
-1.3209	71.5633	-10.1368	2.1498	116.7428
-1.3231	71.5662	-10.137	2.1533	116.7476
-1.3253	71.569	-10.1372	2.1569	116.7524
-1.3274	71.5718	-10.1373	2.1604	116.7572
-1.3296	71.5746	-10.1375	2.1639	116.7621
-1.3318	71.5775	-10.1377	2.1675	116.7669
-1.3339	71.5803	-10.1378	2.171	116.7717
-1.3361	71.5831	-10.138	2.1746	116.7765
-1.3383	71.586	-10.1382	2.1781	116.7814
-1.3404	71.5888	-10.1383	2.1817	116.7862
-1.3426	71.5917	-10.1385	2.1852	116.7911
-1.3448	71.5945	-10.1387	2.1888	116.7959
-1.347	71.5973	-10.1388	2.1924	116.8008
-1.3491	71.6002	-10.139	2.1959	116.8056
-1.3513	71.603	-10.1392	2.1995	116.8105
-1.3535	71.6059	-10.1393	2.2031	116.8153
-1.3557	71.6088	-10.1395	2.2066	116.8202
-1.3579	71.6116	-10.1397	2.2102	116.8251
-1.3601	71.6145	-10.1398	2.2138	116.83
-1.3623	71.6173	-10.14	2.2174	116.8348
-1.3645	71.6202	-10.1402	2.221	116.8397
-1.3667	71.6231	-10.1403	2.2245	116.8446
-1.3689	71.626	-10.1405	2.2281	116.8495
-1.3711	71.6288	-10.1407	2.2317	116.8544
-1.3733	71.6317	-10.1408	2.2353	116.8593
-1.3755	71.6346	-10.141	2.2389	116.8642
-1.3777	71.6375	-10.1412	2.2425	116.8691
-1.3799	71.6404	-10.1413	2.2461	116.874
-1.3821	71.6432	-10.1415	2.2498	116.879
-1.3843	71.6461	-10.1417	2.2534	116.8839
-1.3865	71.649	-10.1419	2.257	116.8888
-1.3887	71.6519	-10.142	2.2606	116.8937
-1.3909	71.6548	-10.1422	2.2642	116.8987
-1.3932	71.6577	-10.1424	2.2679	116.9036
-1.3954	71.6606	-10.1425	2.2715	116.9086
-1.3976	71.6635	-10.1427	2.2751	116.9135
-1.3998	71.6664	-10.1429	2.2788	116.9185
-1.4021	71.6693	-10.143	2.2824	116.9234
-1.4043	71.6723	-10.1432	2.286	116.9284
-1.4065	71.6752	-10.1434	2.2897	116.9334
-1.4087	71.6781	-10.1436	2.2933	116.9383
-1.411	71.681	-10.1437	2.297	116.9433
-1.4132	71.6839	-10.1439	2.3006	116.9483
-1.4154	71.6869	-10.1441	2.3043	116.9533
-1.4177	71.6898	-10.1442	2.308	116.9583
-1.4199	71.6927	-10.1444	2.3116	116.9632
-1.4222	71.6956	-10.1446	2.3153	116.9682
-1.4244	71.6986	-10.1448	2.319	116.9732
-1.4267	71.7015	-10.1449	2.3226	116.9782
-1.4289	71.7045	-10.1451	2.3263	116.9833
-1.4312	71.7074	-10.1453	2.33	116.9883
-1.4334	71.7103	-10.1455	2.3337	116.9933
-1.4357	71.7133	-10.1456	2.3374	116.9983
-1.4379	71.7162	-10.1458	2.341	117.0033
-1.4402	71.7192	-10.146	2.3447	117.0084
-1.4424	71.7221	-10.1461	2.3484	117.0134
-1.4447	71.7251	-10.1463	2.3521	117.0184
-1.447	71.7281	-10.1465	2.3558	117.0235
-1.4492	71.731	-10.1467	2.3595	117.0285
-1.4515	71.734	-10.1468	2.3632	117.0336
-1.4538	71.7369	-10.147	2.367	117.0386
-1.456	71.7399	-10.1472	2.3707	117.0437
-1.4583	71.7429	-10.1474	2.3744	117.0487
-1.4606	71.7459	-10.1475	2.3781	117.0538
-1.4629	71.7488	-10.1477	2.3818	117.0589
-1.4652	71.7518	-10.1479	2.3856	117.064
-1.4674	71.7548	-10.1481	2.3893	117.069
-1.4697	71.7578	-10.1482	2.393	117.0741
-1.472	71.7608	-10.1484	2.3967	117.0792
-1.4743	71.7638	-10.1486	2.4005	117.0843
-1.4766	71.7667	-10.1488	2.4042	117.0894
-1.4789	71.7697	-10.1489	2.408	117.0945
-1.4812	71.7727	-10.1491	2.4117	117.0996
-1.4835	71.7757	-10.1493	2.4155	117.1047
-1.4857	71.7787	-10.1495	2.4192	117.1098
-1.488	71.7817	-10.1496	2.423	117.1149
-1.4903	71.7847	-10.1498	2.4267	117.1201
-1.4926	71.7878	-10.15	2.4305	117.1252
-1.495	71.7908	-10.1502	2.4343	117.1303
-1.4973	71.7938	-10.1504	2.438	117.1355
-1.4996	71.7968	-10.1505	2.4418	117.1406
-1.5019	71.7998	-10.1507	2.4456	117.1457
-1.5042	71.8028	-10.1509	2.4494	117.1509
-1.5065	71.8059	-10.1511	2.4531	117.156
-1.5088	71.8089	-10.1512	2.4569	117.1612
-1.5111	71.8119	-10.1514	2.4607	117.1663
-1.5134	71.8149	-10.1516	2.4645	117.1715
-1.5158	71.818	-10.1518	2.4683	117.1767
-1.5181	71.821	-10.1519	2.4721	117.1819
-1.5204	71.824	-10.1521	2.4759	117.187
-1.5227	71.8271	-10.1523	2.4797	117.1922
-1.5251	71.8301	-10.1525	2.4835	117.1974
-1.5274	71.8332	-10.1527	2.4873	117.2026
-1.5297	71.8362	-10.1528	2.4911	117.2078
-1.5321	71.8393	-10.153	2.4949	117.213
-1.5344	71.8423	-10.1532	2.4988	117.2182
-1.5367	71.8454	-10.1534	2.5026	117.2234
-1.5391	71.8484	-10.1536	2.5064	117.2286
-1.5414	71.8515	-10.1537	2.5102	117.2338
-1.5438	71.8546	-10.1539	2.5141	117.239
-1.5461	71.8576	-10.1541	2.5179	117.2442
-1.5485	71.8607	-10.1543	2.5217	117.2495
-1.5508	71.8638	-10.1545	2.5256	117.2547
-1.5531	71.8668	-10.1546	2.5294	117.2599
-1.5555	71.8699	-10.1548	2.5332	117.2652
-1.5579	71.873	-10.155	2.5371	117.2704
-1.5602	71.8761	-10.1552	2.5409	117.2757
-1.5626	71.8791	-10.1554	2.5448	117.2809
-1.5649	71.8822	-10.1555	2.5487	117.2862
-1.5673	71.8853	-10.1557	2.5525	117.2914
-1.5697	71.8884	-10.1559	2.5564	117.2967
-1.572	71.8915	-10.1561	2.5603	117.302
-1.5744	71.8946	-10.1563	2.5641	117.3072
-1.5768	71.8977	-10.1565	2.568	117.3125
-1.5791	71.9008	-10.1566	2.5719	117.3178
-1.5815	71.9039	-10.1568	2.5757	117.3231
-1.5839	71.907	-10.157	2.5796	117.3284
-1.5863	71.9101	-10.1572	2.5835	117.3337
-1.5886	71.9132	-10.1574	2.5874	117.3389
-1.591	71.9163	-10.1575	2.5913	117.3442
-1.5934	71.9194	-10.1577	2.5952	117.3496
-1.5958	71.9225	-10.1579	2.5991	117.3549
-1.5982	71.9257	-10.1581	2.603	117.3602
-1.6006	71.9288	-10.1583	2.6069	117.3655
-1.6029	71.9319	-10.1585	2.6108	117.3708
-1.6053	71.935	-10.1586	2.6147	117.3761
-1.6077	71.9382	-10.1588	2.6186	117.3815
-1.6101	71.9413	-10.159	2.6225	117.3868
-1.6125	71.9444	-10.1592	2.6265	117.3921
-1.6149	71.9476	-10.1594	2.6304	117.3975
-1.6173	71.9507	-10.1596	2.6343	117.4028
-1.6197	71.9538	-10.1597	2.6382	117.4082
-1.6221	71.957	-10.1599	2.6422	117.4135
-1.6245	71.9601	-10.1601	2.6461	117.4189
-1.6269	71.9633	-10.1603	2.65	117.4243
-1.6293	71.9664	-10.1605	2.654	117.4296
-1.6318	71.9696	-10.1607	2.6579	117.435
-1.6342	71.9727	-10.1609	2.6619	117.4404
-1.6366	71.9759	-10.161	2.6658	117.4458
-1.639	71.979	-10.1612	2.6698	117.4511
-1.6414	71.9822	-10.1614	2.6737	117.4565
-1.6438	71.9854	-10.1616	2.6777	117.4619
-1.6463	71.9885	-10.1618	2.6816	117.4673
-1.6487	71.9917	-10.162	2.6856	117.4727
-1.6511	71.9949	-10.1622	2.6896	117.4781
-1.6536	71.9981	-10.1623	2.6935	117.4835
-1.656	72.0012	-10.1625	2.6975	117.4889
-1.6584	72.0044	-10.1627	2.7015	117.4944
-1.6608	72.0076	-10.1629	2.7055	117.4998
-1.6633	72.0108	-10.1631	2.7094	117.5052
-1.6657	72.014	-10.1633	2.7134	117.5106
-1.6682	72.0172	-10.1635	2.7174	117.5161
-1.6706	72.0203	-10.1637	2.7214	117.5215
-1.673	72.0235	-10.1638	2.7254	117.527
-1.6755	72.0267	-10.164	2.7294	117.5324
-1.6779	72.0299	-10.1642	2.7334	117.5378
-1.6804	72.0331	-10.1644	2.7374	117.5433
-1.6828	72.0363	-10.1646	2.7414	117.5488
-1.6853	72.0395	-10.1648	2.7454	117.5542
-1.6877	72.0428	-10.165	2.7494	117.5597
-1.6902	72.046	-10.1652	2.7535	117.5652
-1.6927	72.0492	-10.1653	2.7575	117.5706
-1.6951	72.0524	-10.1655	2.7615	117.5761
-1.6976	72.0556	-10.1657	2.7655	117.5816
-1.7	72.0588	-10.1659	2.7695	117.5871
-1.7025	72.0621	-10.1661	2.7736	117.5926
-1.705	72.0653	-10.1663	2.7776	117.5981
-1.7075	72.0685	-10.1665	2.7816	117.6036
-1.7099	72.0717	-10.1667	2.7857	117.6091
-1.7124	72.075	-10.1669	2.7897	117.6146
-1.7149	72.0782	-10.167	2.7938	117.6201
-1.7173	72.0814	-10.1672	2.7978	117.6256
-1.7198	72.0847	-10.1674	2.8019	117.6311
-1.7223	72.0879	-10.1676	2.8059	117.6367
-1.7248	72.0912	-10.1678	2.81	117.6422
-1.7273	72.0944	-10.168	2.814	117.6477
-1.7298	72.0977	-10.1682	2.8181	117.6532
-1.7322	72.1009	-10.1684	2.8222	117.6588
-1.7347	72.1042	-10.1686	2.8262	117.6643
-1.7372	72.1074	-10.1688	2.8303	117.6699
-1.7397	72.1107	-10.169	2.8344	117.6754
-1.7422	72.1139	-10.1691	2.8385	117.681
-1.7447	72.1172	-10.1693	2.8426	117.6866
-1.7472	72.1205	-10.1695	2.8466	117.6921
-1.7497	72.1237	-10.1697	2.8507	117.6977
-1.7522	72.127	-10.1699	2.8548	117.7033
-1.7547	72.1303	-10.1701	2.8589	117.7088
-1.7572	72.1336	-10.1703	2.863	117.7144
-1.7597	72.1368	-10.1705	2.8671	117.72
-1.7622	72.1401	-10.1707	2.8712	117.7256
-1.7648	72.1434	-10.1709	2.8753	117.7312
-1.7673	72.1467	-10.1711	2.8794	117.7368
-1.7698	72.15	-10.1713	2.8835	117.7424
-1.7723	72.1533	-10.1715	2.8877	117.748
-1.7748	72.1566	-10.1716	2.8918	117.7536
-1.7773	72.1599	-10.1718	2.8959	117.7592
-1.7799	72.1631	-10.172	2.9	117.7648
-1.7824	72.1664	-10.1722	2.9041	117.7705
-1.7849	72.1698	-10.1724	2.9083	117.7761
-1.7874	72.1731	-10.1726	2.9124	117.7817
-1.79	72.1764	-10.1728	2.9165	117.7874
-1.7925	72.1797	-10.173	2.9207	117.793
-1.795	72.183	-10.1732	2.9248	117.7986
-1.7976	72.1863	-10.1734	2.929	117.8043
-1.8001	72.1896	-10.1736	2.9331	117.8099
-1.8027	72.1929	-10.1738	2.9373	117.8156
-1.8052	72.1963	-10.174	2.9414	117.8212
-1.8077	72.1996	-10.1742	2.9456	117.8269
-1.8103	72.2029	-10.1744	2.9497	117.8326
-1.8128	72.2062	-10.1746	2.9539	117.8382
-1.8154	72.2096	-10.1748	2.9581	117.8439
-1.8179	72.2129	-10.175	2.9622	117.8496
-1.8205	72.2162	-10.1752	2.9664	117.8553
-1.823	72.2196	-10.1753	2.9706	117.861
-1.8256	72.2229	-10.1755	2.9748	117.8667
-1.8281	72.2263	-10.1757	2.9789	117.8724
-1.8307	72.2296	-10.1759	2.9831	117.8781
-1.8333	72.2329	-10.1761	2.9873	117.8838
-1.8358	72.2363	-10.1763	2.9915	117.8895
-1.8384	72.2396	-10.1765	2.9957	117.8952
-1.841	72.243	-10.1767	2.9999	117.9009
-1.8435	72.2464	-10.1769	3.0041	117.9066
-1.8461	72.2497	-10.1771	3.0083	117.9123
-1.8487	72.2531	-10.1773	3.0125	117.9181
-1.8512	72.2564	-10.1775	3.0167	117.9238
-1.8538	72.2598	-10.1777	3.0209	117.9295
-1.8564	72.2632	-10.1779	3.0251	117.9353
-1.859	72.2665	-10.1781	3.0293	117.941
-1.8616	72.2699	-10.1783	3.0336	117.9468
-1.8641	72.2733	-10.1785	3.0378	117.9525
-1.8667	72.2767	-10.1787	3.042	117.9583
-1.8693	72.2801	-10.1789	3.0462	117.964
-1.8719	72.2834	-10.1791	3.0505	117.9698
-1.8745	72.2868	-10.1793	3.0547	117.9756
-1.8771	72.2902	-10.1795	3.0589	117.9813
-1.8797	72.2936	-10.1797	3.0632	117.9871
-1.8823	72.297	-10.1799	3.0674	117.9929
-1.8849	72.3004	-10.1801	3.0717	117.9987
-1.8875	72.3038	-10.1803	3.0759	118.0045
-1.8901	72.3072	-10.1805	3.0802	118.0103
-1.8927	72.3106	-10.1807	3.0844	118.0161
-1.8953	72.314	-10.1809	3.0887	118.0219
-1.8979	72.3174	-10.1811	3.093	118.0277
-1.9005	72.3208	-10.1813	3.0972	118.0335
-1.9031	72.3242	-10.1815	3.1015	118.0393
-1.9057	72.3276	-10.1817	3.1058	118.0451
-1.9083	72.3311	-10.1819	3.11	118.0509
-1.9109	72.3345	-10.1821	3.1143	118.0568
-1.9136	72.3379	-10.1823	3.1186	118.0626
-1.9162	72.3413	-10.1825	3.1229	118.0684
-1.9188	72.3447	-10.1827	3.1271	118.0743
-1.9214	72.3482	-10.1829	3.1314	118.0801
-1.9241	72.3516	-10.1831	3.1357	118.0859
-1.9267	72.355	-10.1833	3.14	118.0918
-1.9293	72.3585	-10.1835	3.1443	118.0976
-1.9319	72.3619	-10.1837	3.1486	118.1035
-1.9346	72.3653	-10.1839	3.1529	118.1094
-1.9372	72.3688	-10.1841	3.1572	118.1152
-1.9398	72.3722	-10.1843	3.1615	118.1211
-1.9425	72.3757	-10.1845	3.1658	118.127
-1.9451	72.3791	-10.1847	3.1702	118.1328
-1.9478	72.3826	-10.1849	3.1745	118.1387
-1.9504	72.386	-10.1851	3.1788	118.1446
-1.953	72.3895	-10.1853	3.1831	118.1505
-1.9557	72.3929	-10.1855	3.1874	118.1564
-1.9583	72.3964	-10.1857	3.1918	118.1623
-1.961	72.3999	-10.1859	3.1961	118.1682
-1.9636	72.4033	-10.1861	3.2004	118.1741
-1.9663	72.4068	-10.1863	3.2048	118.18
-1.9689	72.4103	-10.1865	3.2091	118.1859
-1.9716	72.4137	-10.1867	3.2135	118.1918
-1.9743	72.4172	-10.187	3.2178	118.1978
-1.9769	72.4207	-10.1872	3.2222	118.2037
-1.9796	72.4242	-10.1874	3.2265	118.2096
-1.9822	72.4277	-10.1876	3.2309	118.2156
-1.9849	72.4311	-10.1878	3.2352	118.2215
-1.9876	72.4346	-10.188	3.2396	118.2274
-1.9903	72.4381	-10.1882	3.2439	118.2334
-1.9929	72.4416	-10.1884	3.2483	118.2393
-1.9956	72.4451	-10.1886	3.2527	118.2453
-1.9983	72.4486	-10.1888	3.2571	118.2512
-2.0009	72.4521	-10.189	3.2614	118.2572
-2.0036	72.4556	-10.1892	3.2658	118.2632
-2.0063	72.4591	-10.1894	3.2702	118.2691
-2.009	72.4626	-10.1896	3.2746	118.2751
-2.0117	72.4661	-10.1898	3.279	118.2811
-2.0144	72.4696	-10.19	3.2834	118.2871
-2.017	72.4731	-10.1902	3.2877	118.293
-2.0197	72.4767	-10.1904	3.2921	118.299
-2.0224	72.4802	-10.1906	3.2965	118.305
-2.0251	72.4837	-10.1909	3.3009	118.311
-2.0278	72.4872	-10.1911	3.3053	118.317
-2.0305	72.4907	-10.1913	3.3098	118.323
-2.0332	72.4943	-10.1915	3.3142	118.329
-2.0359	72.4978	-10.1917	3.3186	118.3351
-2.0386	72.5013	-10.1919	3.323	118.3411
-2.0413	72.5049	-10.1921	3.3274	118.3471
-2.044	72.5084	-10.1923	3.3318	118.3531
-2.0467	72.5119	-10.1925	3.3363	118.3591
-2.0494	72.5155	-10.1927	3.3407	118.3652
-2.0521	72.519	-10.1929	3.3451	118.3712
-2.0549	72.5226	-10.1931	3.3496	118.3773
-2.0576	72.5261	-10.1933	3.354	118.3833
-2.0603	72.5297	-10.1936	3.3584	118.3893
-2.063	72.5332	-10.1938	3.3629	118.3954
-2.0657	72.5368	-10.194	3.3673	118.4015
-2.0684	72.5403	-10.1942	3.3718	118.4075
-2.0712	72.5439	-10.1944	3.3762	118.4136
-2.0739	72.5474	-10.1946	3.3807	118.4196
-2.0766	72.551	-10.1948	3.3851	118.4257
-2.0793	72.5546	-10.195	3.3896	118.4318
-2.0821	72.5581	-10.1952	3.3941	118.4379
-2.0848	72.5617	-10.1954	3.3985	118.444
-2.0875	72.5653	-10.1956	3.403	118.45
-2.0903	72.5689	-10.1959	3.4075	118.4561
-2.093	72.5724	-10.1961	3.4119	118.4622
-2.0958	72.576	-10.1963	3.4164	118.4683
-2.0985	72.5796	-10.1965	3.4209	118.4744
-2.1012	72.5832	-10.1967	3.4254	118.4805
-2.104	72.5868	-10.1969	3.4299	118.4867
-2.1067	72.5904	-10.1971	3.4343	118.4928
-2.1095	72.594	-10.1973	3.4388	118.4989
-2.1122	72.5975	-10.1975	3.4433	118.505
-2.115	72.6011	-10.1977	3.4478	118.5111
-2.1177	72.6047	-10.198	3.4523	118.5173
-2.1205	72.6083	-10.1982	3.4568	118.5234
-2.1232	72.6119	-10.1984	3.4613	118.5295
-2.126	72.6155	-10.1986	3.4659	118.5357
-2.1288	72.6192	-10.1988	3.4704	118.5418
-2.1315	72.6228	-10.199	3.4749	118.548
-2.1343	72.6264	-10.1992	3.4794	118.5541
-2.137	72.63	-10.1994	3.4839	118.5603
-2.1398	72.6336	-10.1997	3.4884	118.5665
-2.1426	72.6372	-10.1999	3.493	118.5726
-2.1454	72.6408	-10.2001	3.4975	118.5788
-2.1481	72.6445	-10.2003	3.502	118.585
-2.1509	72.6481	-10.2005	3.5066	118.5912
-2.1537	72.6517	-10.2007	3.5111	118.5973
-2.1565	72.6554	-10.2009	3.5156	118.6035
-2.1592	72.659	-10.2011	3.5202	118.6097
-2.162	72.6626	-10.2014	3.5247	118.6159
-2.1648	72.6663	-10.2016	3.5293	118.6221
-2.1676	72.6699	-10.2018	3.5338	118.6283
-2.1704	72.6735	-10.202	3.5384	118.6345
-2.1732	72.6772	-10.2022	3.5429	118.6407
-2.1759	72.6808	-10.2024	3.5475	118.6469
-2.1787	72.6845	-10.2026	3.5521	118.6532
-2.1815	72.6881	-10.2029	3.5566	118.6594
-2.1843	72.6918	-10.2031	3.5612	118.6656
-2.1871	72.6954	-10.2033	3.5658	118.6718
-2.1899	72.6991	-10.2035	3.5704	118.6781
-2.1927	72.7028	-10.2037	3.5749	118.6843
-2.1955	72.7064	-10.2039	3.5795	118.6905
-2.1983	72.7101	-10.2041	3.5841	118.6968
-2.2011	72.7138	-10.2044	3.5887	118.703
-2.2039	72.7174	-10.2046	3.5933	118.7093
-2.2068	72.7211	-10.2048	3.5979	118.7155
-2.2096	72.7248	-10.205	3.6025	118.7218
-2.2124	72.7284	-10.2052	3.6071	118.7281
-2.2152	72.7321	-10.2054	3.6117	118.7343
-2.218	72.7358	-10.2057	3.6163	118.7406
-2.2208	72.7395	-10.2059	3.6209	118.7469
-2.2236	72.7432	-10.2061	3.6255	118.7532
-2.2265	72.7469	-10.2063	3.6301	118.7594
-2.2293	72.7505	-10.2065	3.6347	118.7657
-2.2321	72.7542	-10.2067	3.6393	118.772
-2.2349	72.7579	-10.207	3.6439	118.7783
-2.2378	72.7616	-10.2072	3.6486	118.7846
-2.2406	72.7653	-10.2074	3.6532	118.7909
-2.2434	72.769	-10.2076	3.6578	118.7972
-2.2463	72.7727	-10.2078	3.6625	118.8035
-2.2491	72.7764	-10.208	3.6671	118.8098
-2.2519	72.7801	-10.2083	3.6717	118.8162
-2.2548	72.7839	-10.2085	3.6764	118.8225
-2.2576	72.7876	-10.2087	3.681	118.8288
-2.2605	72.7913	-10.2089	3.6857	118.8351
-2.2633	72.795	-10.2091	3.6903	118.8415
-2.2661	72.7987	-10.2093	3.695	118.8478
-2.269	72.8024	-10.2096	3.6996	118.8541
-2.2718	72.8062	-10.2098	3.7043	118.8605
-2.2747	72.8099	-10.21	3.7089	118.8668
-2.2775	72.8136	-10.2102	3.7136	118.8732
-2.2804	72.8174	-10.2104	3.7183	118.8795
-2.2833	72.8211	-10.2107	3.7229	118.8859
-2.2861	72.8248	-10.2109	3.7276	118.8923
-2.289	72.8286	-10.2111	3.7323	118.8986
-2.2918	72.8323	-10.2113	3.7369	118.905
-2.2947	72.836	-10.2115	3.7416	118.9114
-2.2976	72.8398	-10.2118	3.7463	118.9178
-2.3004	72.8435	-10.212	3.751	118.9241
-2.3033	72.8473	-10.2122	3.7557	118.9305
-2.3062	72.851	-10.2124	3.7604	118.9369
-2.309	72.8548	-10.2126	3.7651	118.9433
-2.3119	72.8585	-10.2129	3.7698	118.9497
-2.3148	72.8623	-10.2131	3.7745	118.9561
-2.3177	72.8661	-10.2133	3.7792	118.9625
-2.3205	72.8698	-10.2135	3.7839	118.9689
-2.3234	72.8736	-10.2137	3.7886	118.9754
-2.3263	72.8773	-10.214	3.7933	118.9818
-2.3292	72.8811	-10.2142	3.798	118.9882
-2.3321	72.8849	-10.2144	3.8027	118.9946
-2.335	72.8887	-10.2146	3.8074	119.001
-2.3378	72.8924	-10.2149	3.8122	119.0075
-2.3407	72.8962	-10.2151	3.8169	119.0139
-2.3436	72.9	-10.2153	3.8216	119.0204
-2.3465	72.9038	-10.2155	3.8263	119.0268
-2.3494	72.9076	-10.2157	3.8311	119.0332
-2.3523	72.9113	-10.216	3.8358	119.0397
-2.3552	72.9151	-10.2162	3.8405	119.0462
-2.3581	72.9189	-10.2164	3.8453	119.0526
-2.361	72.9227	-10.2166	3.85	119.0591
-2.3639	72.9265	-10.2169	3.8548	119.0655
-2.3668	72.9303	-10.2171	3.8595	119.072
-2.3697	72.9341	-10.2173	3.8643	119.0785
-2.3726	72.9379	-10.2175	3.869	119.085
-2.3755	72.9417	-10.2177	3.8738	119.0915
-2.3785	72.9455	-10.218	3.8786	119.0979
-2.3814	72.9493	-10.2182	3.8833	119.1044
-2.3843	72.9531	-10.2184	3.8881	119.1109
-2.3872	72.957	-10.2186	3.8929	119.1174
-2.3901	72.9608	-10.2189	3.8976	119.1239
-2.393	72.9646	-10.2191	3.9024	119.1304
-2.396	72.9684	-10.2193	3.9072	119.1369
-2.3989	72.9722	-10.2195	3.912	119.1434
-2.4018	72.976	-10.2198	3.9167	119.15
-2.4047	72.9799	-10.22	3.9215	119.1565
-2.4077	72.9837	-10.2202	3.9263	119.163
-2.4106	72.9875	-10.2204	3.9311	119.1695
-2.4135	72.9914	-10.2207	3.9359	119.1761
-2.4165	72.9952	-10.2209	3.9407	119.1826
-2.4194	72.999	-10.2211	3.9455	119.1891
-2.4224	73.0029	-10.2213	3.9503	119.1957
-2.4253	73.0067	-10.2216	3.9551	119.2022
-2.4282	73.0106	-10.2218	3.9599	119.2088
-2.4312	73.0144	-10.222	3.9647	119.2153
-2.4341	73.0183	-10.2222	3.9695	119.2219
-2.4371	73.0221	-10.2225	3.9744	119.2284
-2.44	73.026	-10.2227	3.9792	119.235
-2.443	73.0298	-10.2229	3.984	119.2416
-2.4459	73.0337	-10.2231	3.9888	119.2482
-2.4489	73.0375	-10.2234	3.9937	119.2547
-2.4518	73.0414	-10.2236	3.9985	119.2613
-2.4548	73.0453	-10.2238	4.0033	119.2679
-2.4577	73.0491	-10.2241	4.0081	119.2745
-2.4607	73.053	-10.2243	4.013	119.2811
-2.4637	73.0569	-10.2245	4.0178	119.2877
-2.4666	73.0607	-10.2247	4.0227	119.2943
-2.4696	73.0646	-10.225	4.0275	119.3009
-2.4725	73.0685	-10.2252	4.0324	119.3075
-2.4755	73.0724	-10.2254	4.0372	119.3141
-2.4785	73.0763	-10.2256	4.0421	119.3207
-2.4815	73.0801	-10.2259	4.0469	119.3273
-2.4844	73.084	-10.2261	4.0518	119.3339
-2.4874	73.0879	-10.2263	4.0567	119.3406
-2.4904	73.0918	-10.2266	4.0615	119.3472
-2.4934	73.0957	-10.2268	4.0664	119.3538
-2.4963	73.0996	-10.227	4.0713	119.3605
-2.4993	73.1035	-10.2272	4.0761	119.3671
-2.5023	73.1074	-10.2275	4.081	119.3737
-2.5053	73.1113	-10.2277	4.0859	119.3804
-2.5083	73.1152	-10.2279	4.0908	119.387
-2.5113	73.1191	-10.2282	4.0957	119.3937
-2.5143	73.123	-10.2284	4.1005	119.4004
-2.5172	73.1269	-10.2286	4.1054	119.407
-2.5202	73.1308	-10.2288	4.1103	119.4137
-2.5232	73.1347	-10.2291	4.1152	119.4204
-2.5262	73.1387	-10.2293	4.1201	119.427
-2.5292	73.1426	-10.2295	4.125	119.4337
-2.5322	73.1465	-10.2298	4.1299	119.4404
-2.5352	73.1504	-10.23	4.1348	119.4471
-2.5382	73.1543	-10.2302	4.1397	119.4538
-2.5412	73.1583	-10.2305	4.1447	119.4604
-2.5442	73.1622	-10.2307	4.1496	119.4671
-2.5473	73.1661	-10.2309	4.1545	119.4738
-2.5503	73.1701	-10.2311	4.1594	119.4805
-2.5533	73.174	-10.2314	4.1643	119.4872
-2.5563	73.1779	-10.2316	4.1693	119.494
-2.5593	73.1819	-10.2318	4.1742	119.5007
-2.5623	73.1858	-10.2321	4.1791	119.5074
-2.5653	73.1898	-10.2323	4.184	119.5141
-2.5684	73.1937	-10.2325	4.189	119.5208
-2.5714	73.1977	-10.2328	4.1939	119.5276
-2.5744	73.2016	-10.233	4.1989	119.5343
-2.5774	73.2056	-10.2332	4.2038	119.541
-2.5804	73.2095	-10.2335	4.2088	119.5478
-2.5835	73.2135	-10.2337	4.2137	119.5545
-2.5865	73.2174	-10.2339	4.2187	119.5613
-2.5895	73.2214	-10.2342	4.2236	119.568
-2.5926	73.2254	-10.2344	4.2286	119.5748
-2.5956	73.2293	-10.2346	4.2335	119.5815
-2.5986	73.2333	-10.2349	4.2385	119.5883
-2.6017	73.2373	-10.2351	4.2435	119.5951
-2.6047	73.2412	-10.2353	4.2484	119.6018
-2.6078	73.2452	-10.2356	4.2534	119.6086
-2.6108	73.2492	-10.2358	4.2584	119.6154
-2.6138	73.2532	-10.236	4.2633	119.6221
-2.6169	73.2571	-10.2363	4.2683	119.6289
-2.6199	73.2611	-10.2365	4.2733	119.6357
-2.623	73.2651	-10.2367	4.2783	119.6425
-2.626	73.2691	-10.237	4.2833	119.6493
-2.6291	73.2731	-10.2372	4.2883	119.6561
-2.6321	73.2771	-10.2374	4.2933	119.6629
-2.6352	73.2811	-10.2377	4.2983	119.6697
-2.6383	73.2851	-10.2379	4.3033	119.6765
-2.6413	73.2891	-10.2381	4.3083	119.6833
-2.6444	73.2931	-10.2384	4.3133	119.6901
-2.6474	73.2971	-10.2386	4.3183	119.697
-2.6505	73.3011	-10.2388	4.3233	119.7038
-2.6536	73.3051	-10.2391	4.3283	119.7106
-2.6566	73.3091	-10.2393	4.3333	119.7174
-2.6597	73.3131	-10.2395	4.3383	119.7243
-2.6628	73.3171	-10.2398	4.3433	119.7311
-2.6658	73.3211	-10.24	4.3484	119.738
-2.6689	73.3252	-10.2403	4.3534	119.7448
-2.672	73.3292	-10.2405	4.3584	119.7517
-2.6751	73.3332	-10.2407	4.3634	119.7585
-2.6782	73.3372	-10.241	4.3685	119.7654
-2.6812	73.3412	-10.2412	4.3735	119.7722
-2.6843	73.3453	-10.2414	4.3785	119.7791
-2.6874	73.3493	-10.2417	4.3836	119.786
-2.6905	73.3533	-10.2419	4.3886	119.7928
-2.6936	73.3574	-10.2421	4.3937	119.7997
-2.6967	73.3614	-10.2424	4.3987	119.8066
-2.6997	73.3654	-10.2426	4.4038	119.8135
-2.7028	73.3695	-10.2429	4.4088	119.8203
-2.7059	73.3735	-10.2431	4.4139	119.8272
-2.709	73.3776	-10.2433	4.4189	119.8341
-2.7121	73.3816	-10.2436	4.424	119.841
-2.7152	73.3857	-10.2438	4.4291	119.8479
-2.7183	73.3897	-10.244	4.4341	119.8548
-2.7214	73.3938	-10.2443	4.4392	119.8617
-2.7245	73.3978	-10.2445	4.4443	119.8686
-2.7276	73.4019	-10.2448	4.4493	119.8755
-2.7307	73.4059	-10.245	4.4544	119.8825
-2.7338	73.41	-10.2452	4.4595	119.8894
-2.737	73.4141	-10.2455	4.4646	119.8963
-2.7401	73.4181	-10.2457	4.4697	119.9032
-2.7432	73.4222	-10.246	4.4748	119.9102
-2.7463	73.4263	-10.2462	4.4799	119.9171
-2.7494	73.4303	-10.2464	4.4849	119.924
-2.7525	73.4344	-10.2467	4.49	119.931
-2.7556	73.4385	-10.2469	4.4951	119.9379
-2.7588	73.4426	-10.2471	4.5002	119.9449
-2.7619	73.4467	-10.2474	4.5053	119.9518
-2.765	73.4507	-10.2476	4.5105	119.9588
-2.7681	73.4548	-10.2479	4.5156	119.9657
-2.7713	73.4589	-10.2481	4.5207	119.9727
-2.7744	73.463	-10.2483	4.5258	119.9797
-2.7775	73.4671	-10.2486	4.5309	119.9866
-2.7806	73.4712	-10.2488	4.536	119.9936
-2.7838	73.4753	-10.2491	4.5411	120.0006
-2.7869	73.4794	-10.2493	4.5463	120.0076
-2.7901	73.4835	-10.2495	4.5514	120.0146
-2.7932	73.4876	-10.2498	4.5565	120.0216
-2.7963	73.4917	-10.25	4.5617	120.0285
-2.7995	73.4958	-10.2503	4.5668	120.0355
-2.8026	73.4999	-10.2505	4.5719	120.0425
-2.8058	73.504	-10.2508	4.5771	120.0495
-2.8089	73.5081	-10.251	4.5822	120.0565
-2.812	73.5122	-10.2512	4.5874	120.0636
-2.8152	73.5163	-10.2515	4.5925	120.0706
-2.8183	73.5205	-10.2517	4.5977	120.0776
-2.8215	73.5246	-10.252	4.6028	120.0846
-2.8247	73.5287	-10.2522	4.608	120.0916
-2.8278	73.5328	-10.2524	4.6131	120.0987
-2.831	73.5369	-10.2527	4.6183	120.1057
-2.8341	73.5411	-10.2529	4.6234	120.1127
-2.8373	73.5452	-10.2532	4.6286	120.1198
-2.8404	73.5493	-10.2534	4.6338	120.1268
-2.8436	73.5535	-10.2537	4.6389	120.1338
-2.8468	73.5576	-10.2539	4.6441	120.1409
-2.8499	73.5617	-10.2541	4.6493	120.1479
-2.8531	73.5659	-10.2544	4.6545	120.155
-2.8563	73.57	-10.2546	4.6597	120.1621
-2.8594	73.5742	-10.2549	4.6648	120.1691
-2.8626	73.5783	-10.2551	4.67	120.1762
-2.8658	73.5825	-10.2554	4.6752	120.1833
-2.869	73.5866	-10.2556	4.6804	120.1903
-2.8721	73.5908	-10.2558	4.6856	120.1974
-2.8753	73.5949	-10.2561	4.6908	120.2045
-2.8785	73.5991	-10.2563	4.696	120.2116
-2.8817	73.6032	-10.2566	4.7012	120.2187
-2.8849	73.6074	-10.2568	4.7064	120.2257
-2.8881	73.6116	-10.2571	4.7116	120.2328
-2.8912	73.6157	-10.2573	4.7168	120.2399
-2.8944	73.6199	-10.2576	4.722	120.247
-2.8976	73.6241	-10.2578	4.7272	120.2541
-2.9008	73.6282	-10.258	4.7325	120.2612
-2.904	73.6324	-10.2583	4.7377	120.2684
-2.9072	73.6366	-10.2585	4.7429	120.2755
-2.9104	73.6408	-10.2588	4.7481	120.2826
-2.9136	73.6449	-10.259	4.7534	120.2897
-2.9168	73.6491	-10.2593	4.7586	120.2968
-2.92	73.6533	-10.2595	4.7638	120.304
-2.9232	73.6575	-10.2598	4.7691	120.3111
-2.9264	73.6617	-10.26	4.7743	120.3182
-2.9296	73.6659	-10.2603	4.7795	120.3254
-2.9328	73.6701	-10.2605	4.7848	120.3325
-2.936	73.6743	-10.2608	4.79	120.3397
-2.9392	73.6785	-10.261	4.7953	120.3468
-2.9424	73.6827	-10.2612	4.8005	120.354
-2.9457	73.6869	-10.2615	4.8058	120.3611
-2.9489	73.6911	-10.2617	4.811	120.3683
-2.9521	73.6953	-10.262	4.8163	120.3754
-2.9553	73.6995	-10.2622	4.8215	120.3826
-2.9585	73.7037	-10.2625	4.8268	120.3898
-2.9617	73.7079	-10.2627	4.8321	120.3969
-2.965	73.7121	-10.263	4.8373	120.4041
-2.9682	73.7163	-10.2632	4.8426	120.4113
-2.9714	73.7205	-10.2635	4.8479	120.4185
-2.9746	73.7247	-10.2637	4.8532	120.4257
-2.9779	73.729	-10.264	4.8584	120.4329
-2.9811	73.7332	-10.2642	4.8637	120.4401
-2.9843	73.7374	-10.2645	4.869	120.4473
-2.9876	73.7416	-10.2647	4.8743	120.4545
-2.9908	73.7459	-10.265	4.8796	120.4617
-2.994	73.7501	-10.2652	4.8849	120.4689
-2.9973	73.7543	-10.2655	4.8902	120.4761
-3.0005	73.7586	-10.2657	4.8955	120.4833
-3.0038	73.7628	-10.2659	4.9008	120.4905
-3.007	73.767	-10.2662	4.9061	120.4977
-3.0102	73.7713	-10.2664	4.9114	120.505
-3.0135	73.7755	-10.2667	4.9167	120.5122
-3.0167	73.7798	-10.2669	4.922	120.5194
-3.02	73.784	-10.2672	4.9273	120.5266
-3.0232	73.7882	-10.2674	4.9326	120.5339
-3.0265	73.7925	-10.2677	4.9379	120.5411
-3.0297	73.7967	-10.2679	4.9432	120.5484
-3.033	73.801	-10.2682	4.9485	120.5556
-3.0363	73.8053	-10.2684	4.9539	120.5629
-3.0395	73.8095	-10.2687	4.9592	120.5701
-3.0428	73.8138	-10.2689	4.9645	120.5774
-3.046	73.818	-10.2692	4.9699	120.5846
-3.0493	73.8223	-10.2694	4.9752	120.5919
-3.0526	73.8266	-10.2697	4.9805	120.5992
-3.0558	73.8308	-10.2699	4.9859	120.6065
-3.0591	73.8351	-10.2702	4.9912	120.6137
-3.0624	73.8394	-10.2704	4.9965	120.621
-3.0656	73.8437	-10.2707	5.0019	120.6283
-3.0689	73.8479	-10.2709	5.0072	120.6356
-3.0722	73.8522	-10.2712	5.0126	120.6429
-3.0754	73.8565	-10.2714	5.0179	120.6502
-3.0787	73.8608	-10.2717	5.0233	120.6574
-3.082	73.865	-10.272	5.0286	120.6647
-3.0853	73.8693	-10.2722	5.034	120.672
-3.0886	73.8736	-10.2725	5.0394	120.6794
-3.0918	73.8779	-10.2727	5.0447	120.6867
-3.0951	73.8822	-10.273	5.0501	120.694
-3.0984	73.8865	-10.2732	5.0555	120.7013
-3.1017	73.8908	-10.2735	5.0608	120.7086
-3.105	73.8951	-10.2737	5.0662	120.7159
-3.1083	73.8994	-10.274	5.0716	120.7233
-3.1116	73.9037	-10.2742	5.077	120.7306
-3.1149	73.908	-10.2745	5.0824	120.7379
-3.1181	73.9123	-10.2747	5.0877	120.7453
-3.1214	73.9166	-10.275	5.0931	120.7526
-3.1247	73.9209	-10.2752	5.0985	120.7599
-3.128	73.9252	-10.2755	5.1039	120.7673
-3.1313	73.9295	-10.2757	5.1093	120.7746
-3.1346	73.9339	-10.276	5.1147	120.782
-3.1379	73.9382	-10.2762	5.1201	120.7893
-3.1412	73.9425	-10.2765	5.1255	120.7967
-3.1446	73.9468	-10.2768	5.1309	120.8041
-3.1479	73.9511	-10.277	5.1363	120.8114
-3.1512	73.9555	-10.2773	5.1417	120.8188
-3.1545	73.9598	-10.2775	5.1471	120.8262
-3.1578	73.9641	-10.2778	5.1525	120.8335
-3.1611	73.9684	-10.278	5.158	120.8409
-3.1644	73.9728	-10.2783	5.1634	120.8483
-3.1677	73.9771	-10.2785	5.1688	120.8557
-3.1711	73.9814	-10.2788	5.1742	120.8631
-3.1744	73.9858	-10.279	5.1797	120.8705
-3.1777	73.9901	-10.2793	5.1851	120.8779
-3.181	73.9945	-10.2795	5.1905	120.8853
-3.1843	73.9988	-10.2798	5.1959	120.8927
-3.1877	74.0032	-10.2801	5.2014	120.9001
-3.191	74.0075	-10.2803	5.2068	120.9075
-3.1943	74.0119	-10.2806	5.2123	120.9149
-3.1976	74.0162	-10.2808	5.2177	120.9223
-3.201	74.0206	-10.2811	5.2231	120.9297
-3.2043	74.0249	-10.2813	5.2286	120.9371
-3.2076	74.0293	-10.2816	5.234	120.9446
-3.211	74.0336	-10.2818	5.2395	120.952
-3.2143	74.038	-10.2821	5.245	120.9594
-3.2177	74.0424	-10.2824	5.2504	120.9669
-3.221	74.0467	-10.2826	5.2559	120.9743
-3.2243	74.0511	-10.2829	5.2613	120.9817
-3.2277	74.0555	-10.2831	5.2668	120.9892
-3.231	74.0598	-10.2834	5.2723	120.9966
-3.2344	74.0642	-10.2836	5.2777	121.0041
-3.2377	74.0686	-10.2839	5.2832	121.0115
-3.2411	74.073	-10.2842	5.2887	121.019
-3.2444	74.0773	-10.2844	5.2942	121.0265
-3.2478	74.0817	-10.2847	5.2996	121.0339
-3.2511	74.0861	-10.2849	5.3051	121.0414
-3.2545	74.0905	-10.2852	5.3106	121.0489
-3.2578	74.0949	-10.2854	5.3161	121.0563
-3.2612	74.0993	-10.2857	5.3216	121.0638
-3.2645	74.1036	-10.286	5.3271	121.0713
-3.2679	74.108	-10.2862	5.3326	121.0788
-3.2713	74.1124	-10.2865	5.3381	121.0863
-3.2746	74.1168	-10.2867	5.3436	121.0937
-3.278	74.1212	-10.287	5.3491	121.1012
-3.2814	74.1256	-10.2872	5.3546	121.1087
-3.2847	74.13	-10.2875	5.3601	121.1162
-3.2881	74.1344	-10.2878	5.3656	121.1237
-3.2915	74.1388	-10.288	5.3711	121.1312
-3.2948	74.1432	-10.2883	5.3766	121.1388
-3.2982	74.1476	-10.2885	5.3821	121.1463
-3.3016	74.1521	-10.2888	5.3876	121.1538
-3.305	74.1565	-10.2891	5.3931	121.1613
-3.3083	74.1609	-10.2893	5.3987	121.1688
-3.3117	74.1653	-10.2896	5.4042	121.1764
-3.3151	74.1697	-10.2898	5.4097	121.1839
-3.3185	74.1741	-10.2901	5.4152	121.1914
-3.3219	74.1786	-10.2904	5.4208	121.1989
-3.3253	74.183	-10.2906	5.4263	121.2065
-3.3286	74.1874	-10.2909	5.4318	121.214
-3.332	74.1918	-10.2911	5.4374	121.2216
-3.3354	74.1963	-10.2914	5.4429	121.2291
-3.3388	74.2007	-10.2917	5.4485	121.2367
-3.3422	74.2051	-10.2919	5.454	121.2442
-3.3456	74.2096	-10.2922	5.4596	121.2518
-3.349	74.214	-10.2924	5.4651	121.2593
-3.3524	74.2184	-10.2927	5.4707	121.2669
-3.3558	74.2229	-10.293	5.4762	121.2745
-3.3592	74.2273	-10.2932	5.4818	121.282
-3.3626	74.2318	-10.2935	5.4873	121.2896
-3.366	74.2362	-10.2937	5.4929	121.2972
-3.3694	74.2407	-10.294	5.4984	121.3048
-3.3728	74.2451	-10.2943	5.504	121.3124
-3.3762	74.2496	-10.2945	5.5096	121.3199
-3.3796	74.254	-10.2948	5.5152	121.3275
-3.383	74.2585	-10.295	5.5207	121.3351
-3.3864	74.2629	-10.2953	5.5263	121.3427
-3.3898	74.2674	-10.2956	5.5319	121.3503
-3.3932	74.2719	-10.2958	5.5375	121.3579
-3.3967	74.2763	-10.2961	5.543	121.3655
-3.4001	74.2808	-10.2964	5.5486	121.3731
-3.4035	74.2852	-10.2966	5.5542	121.3807
-3.4069	74.2897	-10.2969	5.5598	121.3884
-3.4103	74.2942	-10.2971	5.5654	121.396
-3.4138	74.2987	-10.2974	5.571	121.4036
-3.4172	74.3031	-10.2977	5.5766	121.4112
-3.4206	74.3076	-10.2979	5.5822	121.4188
-3.424	74.3121	-10.2982	5.5878	121.4265
-3.4275	74.3166	-10.2985	5.5934	121.4341
-3.4309	74.321	-10.2987	5.599	121.4417
-3.4343	74.3255	-10.299	5.6046	121.4494
-3.4378	74.33	-10.2992	5.6102	121.457
-3.4412	74.3345	-10.2995	5.6158	121.4647
-3.4446	74.339	-10.2998	5.6214	121.4723
-3.4481	74.3435	-10.3	5.627	121.48
-3.4515	74.348	-10.3003	5.6327	121.4876
-3.4549	74.3525	-10.3006	5.6383	121.4953
-3.4584	74.357	-10.3008	5.6439	121.5029
-3.4618	74.3615	-10.3011	5.6495	121.5106
-3.4653	74.366	-10.3014	5.6552	121.5183
-3.4687	74.3705	-10.3016	5.6608	121.5259
-3.4721	74.375	-10.3019	5.6664	121.5336
-3.4756	74.3795	-10.3022	5.6721	121.5413
-3.479	74.384	-10.3024	5.6777	121.549
-3.4825	74.3885	-10.3027	5.6833	121.5567
-3.4859	74.393	-10.3029	5.689	121.5643
-3.4894	74.3975	-10.3032	5.6946	121.572
-3.4928	74.402	-10.3035	5.7003	121.5797
-3.4963	74.4065	-10.3037	5.7059	121.5874
-3.4998	74.4111	-10.304	5.7116	121.5951
-3.5032	74.4156	-10.3043	5.7172	121.6028
-3.5067	74.4201	-10.3045	5.7229	121.6105
-3.5101	74.4246	-10.3048	5.7285	121.6182
-3.5136	74.4292	-10.3051	5.7342	121.6259
-3.5171	74.4337	-10.3053	5.7399	121.6337
-3.5205	74.4382	-10.3056	5.7455	121.6414
-3.524	74.4427	-10.3059	5.7512	121.6491
-3.5275	74.4473	-10.3061	5.7569	121.6568
-3.5309	74.4518	-10.3064	5.7625	121.6645
-3.5344	74.4563	-10.3067	5.7682	121.6723
-3.5379	74.4609	-10.3069	5.7739	121.68
-3.5413	74.4654	-10.3072	5.7796	121.6877
-3.5448	74.47	-10.3075	5.7852	121.6955
-3.5483	74.4745	-10.3077	5.7909	121.7032
-3.5518	74.479	-10.308	5.7966	121.711
-3.5553	74.4836	-10.3083	5.8023	121.7187
-3.5587	74.4881	-10.3085	5.808	121.7265
-3.5622	74.4927	-10.3088	5.8137	121.7342
-3.5657	74.4972	-10.3091	5.8194	121.742
-3.5692	74.5018	-10.3093	5.8251	121.7497
-3.5727	74.5064	-10.3096	5.8308	121.7575
-3.5762	74.5109	-10.3099	5.8365	121.7652
-3.5796	74.5155	-10.3101	5.8422	121.773
-3.5831	74.52	-10.3104	5.8479	121.7808
-3.5866	74.5246	-10.3107	5.8536	121.7886
-3.5901	74.5292	-10.3109	5.8593	121.7963
-3.5936	74.5337	-10.3112	5.865	121.8041
-3.5971	74.5383	-10.3115	5.8707	121.8119
-3.6006	74.5429	-10.3117	5.8764	121.8197
-3.6041	74.5474	-10.312	5.8821	121.8275
-3.6076	74.552	-10.3123	5.8879	121.8353
-3.6111	74.5566	-10.3126	5.8936	121.8431
-3.6146	74.5612	-10.3128	5.8993	121.8509
-3.6181	74.5657	-10.3131	5.905	121.8587
-3.6216	74.5703	-10.3134	5.9108	121.8665
-3.6251	74.5749	-10.3136	5.9165	121.8743
-3.6286	74.5795	-10.3139	5.9222	121.8821
-3.6321	74.5841	-10.3142	5.928	121.8899
-3.6356	74.5887	-10.3144	5.9337	121.8977
-3.6391	74.5932	-10.3147	5.9394	121.9055
-3.6427	74.5978	-10.315	5.9452	121.9134
-3.6462	74.6024	-10.3152	5.9509	121.9212
-3.6497	74.607	-10.3155	5.9567	121.929
-3.6532	74.6116	-10.3158	5.9624	121.9368
-3.6567	74.6162	-10.3161	5.9682	121.9447
-3.6602	74.6208	-10.3163	5.9739	121.9525
-3.6638	74.6254	-10.3166	5.9797	121.9604
-3.6673	74.63	-10.3169	5.9854	121.9682
-3.6708	74.6346	-10.3171	5.9912	121.976
-3.6743	74.6392	-10.3174	5.9969	121.9839
-3.6779	74.6438	-10.3177	6.0027	121.9918
-3.6814	74.6485	-10.3179	6.0085	121.9996
-3.6849	74.6531	-10.3182	6.0142	122.0075
-3.6884	74.6577	-10.3185	6.02	122.0153
-3.692	74.6623	-10.3188	6.0258	122.0232
-3.6955	74.6669	-10.319	6.0316	122.0311
-3.699	74.6715	-10.3193	6.0373	122.0389
-3.7026	74.6761	-10.3196	6.0431	122.0468
-3.7061	74.6808	-10.3198	6.0489	122.0547
-3.7096	74.6854	-10.3201	6.0547	122.0626
-3.7132	74.69	-10.3204	6.0605	122.0704
-3.7167	74.6946	-10.3207	6.0663	122.0783
-3.7203	74.6993	-10.3209	6.072	122.0862
-3.7238	74.7039	-10.3212	6.0778	122.0941
-3.7274	74.7085	-10.3215	6.0836	122.102
-3.7309	74.7132	-10.3217	6.0894	122.1099
-3.7344	74.7178	-10.322	6.0952	122.1178
-3.738	74.7224	-10.3223	6.101	122.1257
-3.7415	74.7271	-10.3226	6.1068	122.1336
-3.7451	74.7317	-10.3228	6.1126	122.1415
-3.7487	74.7364	-10.3231	6.1184	122.1494
-3.7522	74.741	-10.3234	6.1242	122.1573
-3.7558	74.7457	-10.3237	6.1301	122.1652
-3.7593	74.7503	-10.3239	6.1359	122.1732
-3.7629	74.755	-10.3242	6.1417	122.1811
-3.7664	74.7596	-10.3245	6.1475	122.189
-3.77	74.7643	-10.3247	6.1533	122.1969
-3.7736	74.7689	-10.325	6.1591	122.2049
-3.7771	74.7736	-10.3253	6.165	122.2128
-3.7807	74.7782	-10.3256	6.1708	122.2207
-3.7842	74.7829	-10.3258	6.1766	122.2287
-3.7878	74.7875	-10.3261	6.1825	122.2366
-3.7914	74.7922	-10.3264	6.1883	122.2446
-3.7949	74.7969	-10.3267	6.1941	122.2525
-3.7985	74.8015	-10.3269	6.2	122.2605
-3.8021	74.8062	-10.3272	6.2058	122.2684
-3.8057	74.8109	-10.3275	6.2116	122.2764
-3.8092	74.8156	-10.3278	6.2175	122.2843
-3.8128	74.8202	-10.328	6.2233	122.2923
-3.8164	74.8249	-10.3283	6.2292	122.3003
-3.82	74.8296	-10.3286	6.235	122.3082
-3.8235	74.8343	-10.3289	6.2409	122.3162
-3.8271	74.8389	-10.3291	6.2467	122.3242
-3.8307	74.8436	-10.3294	6.2526	122.3322
-3.8343	74.8483	-10.3297	6.2584	122.3401
-3.8379	74.853	-10.33	6.2643	122.3481
-3.8415	74.8577	-10.3302	6.2702	122.3561
-3.845	74.8624	-10.3305	6.276	122.3641
-3.8486	74.867	-10.3308	6.2819	122.3721
-3.8522	74.8717	-10.3311	6.2878	122.3801
-3.8558	74.8764	-10.3313	6.2936	122.3881
-3.8594	74.8811	-10.3316	6.2995	122.3961
-3.863	74.8858	-10.3319	6.3054	122.4041
-3.8666	74.8905	-10.3322	6.3112	122.4121
-3.8702	74.8952	-10.3324	6.3171	122.4201
-3.8738	74.8999	-10.3327	6.323	122.4281
-3.8774	74.9046	-10.333	6.3289	122.4361
-3.881	74.9093	-10.3333	6.3348	122.4441
-3.8846	74.914	-10.3335	6.3407	122.4521
-3.8882	74.9187	-10.3338	6.3465	122.4602
-3.8918	74.9235	-10.3341	6.3524	122.4682
-3.8954	74.9282	-10.3344	6.3583	122.4762
-3.899	74.9329	-10.3346	6.3642	122.4843
-3.9026	74.9376	-10.3349	6.3701	122.4923
-3.9062	74.9423	-10.3352	6.376	122.5003
-3.9098	74.947	-10.3355	6.3819	122.5084
-3.9134	74.9518	-10.3357	6.3878	122.5164
-3.9171	74.9565	-10.336	6.3937	122.5245
-3.9207	74.9612	-10.3363	6.3996	122.5325
-3.9243	74.9659	-10.3366	6.4055	122.5405
-3.9279	74.9706	-10.3369	6.4115	122.5486
-3.9315	74.9754	-10.3371	6.4174	122.5567
-3.9351	74.9801	-10.3374	6.4233	122.5647
-3.9388	74.9848	-10.3377	6.4292	122.5728
-3.9424	74.9896	-10.338	6.4351	122.5808
-3.946	74.9943	-10.3382	6.441	122.5889
-3.9496	74.999	-10.3385	6.447	122.597
-3.9532	75.0038	-10.3388	6.4529	122.6051
-3.9569	75.0085	-10.3391	6.4588	122.6131
-3.9605	75.0133	-10.3394	6.4648	122.6212
-3.9641	75.018	-10.3396	6.4707	122.6293
-3.9678	75.0227	-10.3399	6.4766	122.6374
-3.9714	75.0275	-10.3402	6.4826	122.6455
-3.975	75.0322	-10.3405	6.4885	122.6535
-3.9787	75.037	-10.3408	6.4944	122.6616
-3.9823	75.0417	-10.341	6.5004	122.6697
-3.9859	75.0465	-10.3413	6.5063	122.6778
-3.9896	75.0512	-10.3416	6.5123	122.6859
-3.9932	75.056	-10.3419	6.5182	122.694
-3.9968	75.0607	-10.3421	6.5242	122.7021
-4.0005	75.0655	-10.3424	6.5301	122.7102
-4.0041	75.0703	-10.3427	6.5361	122.7184
-4.0078	75.075	-10.343	6.542	122.7265
-4.0114	75.0798	-10.3433	6.548	122.7346
-4.0151	75.0846	-10.3435	6.5539	122.7427
-4.0187	75.0893	-10.3438	6.5599	122.7508
-4.0223	75.0941	-10.3441	6.5659	122.7589
-4.026	75.0989	-10.3444	6.5718	122.7671
-4.0296	75.1036	-10.3447	6.5778	122.7752
-4.0333	75.1084	-10.3449	6.5838	122.7833
-4.037	75.1132	-10.3452	6.5897	122.7915
-4.0406	75.118	-10.3455	6.5957	122.7996
-4.0443	75.1227	-10.3458	6.6017	122.8078
-4.0479	75.1275	-10.3461	6.6077	122.8159
-4.0516	75.1323	-10.3463	6.6136	122.824
-4.0552	75.1371	-10.3466	6.6196	122.8322
-4.0589	75.1419	-10.3469	6.6256	122.8403
-4.0626	75.1466	-10.3472	6.6316	122.8485
-4.0662	75.1514	-10.3475	6.6376	122.8567
-4.0699	75.1562	-10.3478	6.6436	122.8648
-4.0735	75.161	-10.348	6.6496	122.873
-4.0772	75.1658	-10.3483	6.6556	122.8811
-4.0809	75.1706	-10.3486	6.6615	122.8893
-4.0846	75.1754	-10.3489	6.6675	122.8975
-4.0882	75.1802	-10.3492	6.6735	122.9056
-4.0919	75.185	-10.3494	6.6795	122.9138
-4.0956	75.1898	-10.3497	6.6855	122.922
-4.0992	75.1946	-10.35	6.6916	122.9302
-4.1029	75.1994	-10.3503	6.6976	122.9384
-4.1066	75.2042	-10.3506	6.7036	122.9466
-4.1103	75.209	-10.3509	6.7096	122.9547
-4.1139	75.2138	-10.3511	6.7156	122.9629
-4.1176	75.2186	-10.3514	6.7216	122.9711
-4.1213	75.2234	-10.3517	6.7276	122.9793
-4.125	75.2282	-10.352	6.7336	122.9875
-4.1287	75.2331	-10.3523	6.7397	122.9957
-4.1324	75.2379	-10.3525	6.7457	123.0039
-4.136	75.2427	-10.3528	6.7517	123.0121
-4.1397	75.2475	-10.3531	6.7577	123.0203
-4.1434	75.2523	-10.3534	6.7638	123.0286
-4.1471	75.2571	-10.3537	6.7698	123.0368
-4.1508	75.262	-10.354	6.7758	123.045
-4.1545	75.2668	-10.3542	6.7819	123.0532
-4.1582	75.2716	-10.3545	6.7879	123.0614
-4.1619	75.2764	-10.3548	6.7939	123.0697
-4.1656	75.2813	-10.3551	6.8	123.0779
-4.1693	75.2861	-10.3554	6.806	123.0861
-4.173	75.2909	-10.3557	6.8121	123.0944
-4.1767	75.2958	-10.3559	6.8181	123.1026
-4.1804	75.3006	-10.3562	6.8242	123.1108
-4.1841	75.3054	-10.3565	6.8302	123.1191
-4.1878	75.3103	-10.3568	6.8363	123.1273
-4.1915	75.3151	-10.3571	6.8423	123.1356
-4.1952	75.32	-10.3574	6.8484	123.1438
-4.1989	75.3248	-10.3577	6.8544	123.1521
-4.2026	75.3296	-10.3579	6.8605	123.1603
-4.2063	75.3345	-10.3582	6.8665	123.1686
-4.21	75.3393	-10.3585	6.8726	123.1768
-4.2137	75.3442	-10.3588	6.8787	123.1851
-4.2174	75.349	-10.3591	6.8847	123.1934
-4.2211	75.3539	-10.3594	6.8908	123.2016
-4.2248	75.3587	-10.3596	6.8969	123.2099
-4.2286	75.3636	-10.3599	6.9029	123.2182
-4.2323	75.3685	-10.3602	6.909	123.2264
-4.236	75.3733	-10.3605	6.9151	123.2347
-4.2397	75.3782	-10.3608	6.9212	123.243
-4.2434	75.383	-10.3611	6.9273	123.2513
-4.2471	75.3879	-10.3614	6.9333	123.2596
-4.2509	75.3928	-10.3616	6.9394	123.2679
-4.2546	75.3976	-10.3619	6.9455	123.2761
-4.2583	75.4025	-10.3622	6.9516	123.2844
-4.262	75.4074	-10.3625	6.9577	123.2927
-4.2658	75.4122	-10.3628	6.9638	123.301
-4.2695	75.4171	-10.3631	6.9699	123.3093
-4.2732	75.422	-10.3634	6.976	123.3176
-4.2769	75.4269	-10.3636	6.9821	123.3259
-4.2807	75.4317	-10.3639	6.9881	123.3342
-4.2844	75.4366	-10.3642	6.9942	123.3426
-4.2881	75.4415	-10.3645	7.0004	123.3509
-4.2919	75.4464	-10.3648	7.0065	123.3592
-4.2956	75.4512	-10.3651	7.0126	123.3675
-4.2993	75.4561	-10.3654	7.0187	123.3758
-4.3031	75.461	-10.3656	7.0248	123.3841
-4.3068	75.4659	-10.3659	7.0309	123.3925
-4.3106	75.4708	-10.3662	7.037	123.4008
-4.3143	75.4757	-10.3665	7.0431	123.4091
-4.318	75.4806	-10.3668	7.0492	123.4175
-4.3218	75.4855	-10.3671	7.0554	123.4258
-4.3255	75.4904	-10.3674	7.0615	123.4341
-4.3293	75.4952	-10.3677	7.0676	123.4425
-4.333	75.5001	-10.3679	7.0737	123.4508
-4.3368	75.505	-10.3682	7.0798	123.4592
-4.3405	75.5099	-10.3685	7.086	123.4675
-4.3443	75.5148	-10.3688	7.0921	123.4759
-4.348	75.5197	-10.3691	7.0982	123.4842
-4.3518	75.5246	-10.3694	7.1044	123.4926
-4.3555	75.5296	-10.3697	7.1105	123.5009
-4.3593	75.5345	-10.37	7.1166	123.5093
-4.363	75.5394	-10.3702	7.1228	123.5177
-4.3668	75.5443	-10.3705	7.1289	123.526
-4.3705	75.5492	-10.3708	7.1351	123.5344
-4.3743	75.5541	-10.3711	7.1412	123.5428
-4.3781	75.559	-10.3714	7.1474	123.5511
-4.3818	75.5639	-10.3717	7.1535	123.5595
-4.3856	75.5688	-10.372	7.1596	123.5679
-4.3893	75.5738	-10.3723	7.1658	123.5763
-4.3931	75.5787	-10.3726	7.172	123.5847
-4.3969	75.5836	-10.3728	7.1781	123.593
-4.4006	75.5885	-10.3731	7.1843	123.6014
-4.4044	75.5934	-10.3734	7.1904	123.6098
-4.4082	75.5984	-10.3737	7.1966	123.6182
-4.4119	75.6033	-10.374	7.2027	123.6266
-4.4157	75.6082	-10.3743	7.2089	123.635
-4.4195	75.6132	-10.3746	7.2151	123.6434
-4.4233	75.6181	-10.3749	7.2212	123.6518
-4.427	75.623	-10.3752	7.2274	123.6602
-4.4308	75.628	-10.3754	7.2336	123.6686
-4.4346	75.6329	-10.3757	7.2398	123.677
-4.4384	75.6378	-10.376	7.2459	123.6854
-4.4421	75.6428	-10.3763	7.2521	123.6938
-4.4459	75.6477	-10.3766	7.2583	123.7023
-4.4497	75.6526	-10.3769	7.2645	123.7107
-4.4535	75.6576	-10.3772	7.2706	123.7191
-4.4573	75.6625	-10.3775	7.2768	123.7275
-4.461	75.6675	-10.3778	7.283	123.736
-4.4648	75.6724	-10.3781	7.2892	123.7444
-4.4686	75.6774	-10.3783	7.2954	123.7528
-4.4724	75.6823	-10.3786	7.3016	123.7612
-4.4762	75.6873	-10.3789	7.3078	123.7697
-4.48	75.6922	-10.3792	7.314	123.7781
-4.4838	75.6972	-10.3795	7.3202	123.7866
-4.4876	75.7021	-10.3798	7.3264	123.795
-4.4914	75.7071	-10.3801	7.3326	123.8034
-4.4951	75.712	-10.3804	7.3388	123.8119
-4.4989	75.717	-10.3807	7.345	123.8203
-4.5027	75.722	-10.381	7.3512	123.8288
-4.5065	75.7269	-10.3813	7.3574	123.8373
-4.5103	75.7319	-10.3816	7.3636	123.8457
-4.5141	75.7369	-10.3818	7.3698	123.8542
-4.5179	75.7418	-10.3821	7.376	123.8626
-4.5217	75.7468	-10.3824	7.3822	123.8711
-4.5255	75.7518	-10.3827	7.3884	123.8796
-4.5293	75.7567	-10.383	7.3946	123.888
-4.5331	75.7617	-10.3833	7.4009	123.8965
-4.5369	75.7667	-10.3836	7.4071	123.905
-4.5407	75.7716	-10.3839	7.4133	123.9135
-4.5446	75.7766	-10.3842	7.4195	123.9219
-4.5484	75.7816	-10.3845	7.4258	123.9304
-4.5522	75.7866	-10.3848	7.432	123.9389
-4.556	75.7916	-10.3851	7.4382	123.9474
-4.5598	75.7965	-10.3853	7.4444	123.9559
-4.5636	75.8015	-10.3856	7.4507	123.9644
-4.5674	75.8065	-10.3859	7.4569	123.9728
-4.5712	75.8115	-10.3862	7.4631	123.9813
-4.575	75.8165	-10.3865	7.4694	123.9898
-4.5789	75.8215	-10.3868	7.4756	123.9983
-4.5827	75.8265	-10.3871	7.4819	124.0068
-4.5865	75.8314	-10.3874	7.4881	124.0153
-4.5903	75.8364	-10.3877	7.4943	124.0238
-4.5941	75.8414	-10.388	7.5006	124.0324
-4.598	75.8464	-10.3883	7.5068	124.0409
-4.6018	75.8514	-10.3886	7.5131	124.0494
-4.6056	75.8564	-10.3889	7.5193	124.0579
-4.6094	75.8614	-10.3892	7.5256	124.0664
-4.6133	75.8664	-10.3894	7.5318	124.0749
-4.6171	75.8714	-10.3897	7.5381	124.0835
-4.6209	75.8764	-10.39	7.5443	124.092
-4.6247	75.8814	-10.3903	7.5506	124.1005
-4.6286	75.8864	-10.3906	7.5569	124.109
-4.6324	75.8914	-10.3909	7.5631	124.1176
-4.6362	75.8964	-10.3912	7.5694	124.1261
-4.6401	75.9015	-10.3915	7.5757	124.1346
-4.6439	75.9065	-10.3918	7.5819	124.1432
-4.6477	75.9115	-10.3921	7.5882	124.1517
-4.6516	75.9165	-10.3924	7.5945	124.1603
-4.6554	75.9215	-10.3927	7.6007	124.1688
-4.6592	75.9265	-10.393	7.607	124.1773
-4.6631	75.9315	-10.3933	7.6133	124.1859
-4.6669	75.9366	-10.3936	7.6196	124.1944
-4.6708	75.9416	-10.3939	7.6258	124.203
-4.6746	75.9466	-10.3942	7.6321	124.2116
-4.6785	75.9516	-10.3945	7.6384	124.2201
-4.6823	75.9566	-10.3947	7.6447	124.2287
-4.6861	75.9617	-10.395	7.651	124.2372
-4.69	75.9667	-10.3953	7.6573	124.2458
-4.6938	75.9717	-10.3956	7.6636	124.2544
-4.6977	75.9768	-10.3959	7.6698	124.2629
-4.7015	75.9818	-10.3962	7.6761	124.2715
-4.7054	75.9868	-10.3965	7.6824	124.2801
-4.7092	75.9919	-10.3968	7.6887	124.2887
-4.7131	75.9969	-10.3971	7.695	124.2972
-4.7169	76.0019	-10.3974	7.7013	124.3058
-4.7208	76.007	-10.3977	7.7076	124.3144
-4.7246	76.012	-10.398	7.7139	124.323
-4.7285	76.017	-10.3983	7.7202	124.3316
-4.7324	76.0221	-10.3986	7.7265	124.3402
-4.7362	76.0271	-10.3989	7.7328	124.3488
-4.7401	76.0322	-10.3992	7.7391	124.3574
-4.7439	76.0372	-10.3995	7.7455	124.3659
-4.7478	76.0423	-10.3998	7.7518	124.3745
-4.7517	76.0473	-10.4001	7.7581	124.3831
-4.7555	76.0524	-10.4004	7.7644	124.3917
-4.7594	76.0574	-10.4007	7.7707	124.4004
-4.7632	76.0625	-10.401	7.777	124.409
-4.7671	76.0675	-10.4013	7.7833	124.4176
-4.771	76.0726	-10.4016	7.7897	124.4262
-4.7748	76.0776	-10.4018	7.796	124.4348
-4.7787	76.0827	-10.4021	7.8023	124.4434
-4.7826	76.0877	-10.4024	7.8086	124.452
-4.7865	76.0928	-10.4027	7.815	124.4606
-4.7903	76.0978	-10.403	7.8213	124.4693
-4.7942	76.1029	-10.4033	7.8276	124.4779
-4.7981	76.108	-10.4036	7.834	124.4865
-4.8019	76.113	-10.4039	7.8403	124.4951
-4.8058	76.1181	-10.4042	7.8466	124.5038
-4.8097	76.1232	-10.4045	7.853	124.5124
-4.8136	76.1282	-10.4048	7.8593	124.521
-4.8175	76.1333	-10.4051	7.8656	124.5297
-4.8213	76.1384	-10.4054	7.872	124.5383
-4.8252	76.1434	-10.4057	7.8783	124.547
-4.8291	76.1485	-10.406	7.8847	124.5556
-4.833	76.1536	-10.4063	7.891	124.5642
-4.8369	76.1587	-10.4066	7.8974	124.5729
-4.8407	76.1637	-10.4069	7.9037	124.5815
-4.8446	76.1688	-10.4072	7.9101	124.5902
-4.8485	76.1739	-10.4075	7.9164	124.5989
-4.8524	76.179	-10.4078	7.9228	124.6075
-4.8563	76.1841	-10.4081	7.9291	124.6162
-4.8602	76.1891	-10.4084	7.9355	124.6248
-4.8641	76.1942	-10.4087	7.9418	124.6335
-4.868	76.1993	-10.409	7.9482	124.6422
-4.8718	76.2044	-10.4093	7.9546	124.6508
-4.8757	76.2095	-10.4096	7.9609	124.6595
-4.8796	76.2146	-10.4099	7.9673	124.6682
-4.8835	76.2197	-10.4102	7.9736	124.6768
-4.8874	76.2248	-10.4105	7.98	124.6855
-4.8913	76.2298	-10.4108	7.9864	124.6942
-4.8952	76.2349	-10.4111	7.9928	124.7029
-4.8991	76.24	-10.4114	7.9991	124.7115
-4.903	76.2451	-10.4117	8.0055	124.7202
-4.9069	76.2502	-10.412	8.0119	124.7289
-4.9108	76.2553	-10.4123	8.0183	124.7376
-4.9147	76.2604	-10.4126	8.0246	124.7463
-4.9186	76.2655	-10.4129	8.031	124.755
-4.9225	76.2706	-10.4132	8.0374	124.7637
-4.9264	76.2757	-10.4135	8.0438	124.7724
-4.9303	76.2808	-10.4138	8.0502	124.7811
-4.9342	76.2859	-10.4141	8.0565	124.7898
-4.9381	76.291	-10.4144	8.0629	124.7985
-4.9421	76.2962	-10.4147	8.0693	124.8072
-4.946	76.3013	-10.415	8.0757	124.8159
-4.9499	76.3064	-10.4153	8.0821	124.8246
-4.9538	76.3115	-10.4156	8.0885	124.8333
-4.9577	76.3166	-10.4159	8.0949	124.842
-4.9616	76.3217	-10.4162	8.1013	124.8507
-4.9655	76.3268	-10.4165	8.1077	124.8594
-4.9694	76.3319	-10.4168	8.1141	124.8682
-4.9734	76.3371	-10.4171	8.1205	124.8769
-4.9773	76.3422	-10.4174	8.1269	124.8856
-4.9812	76.3473	-10.4177	8.1333	124.8943
-4.9851	76.3524	-10.418	8.1397	124.903
-4.989	76.3575	-10.4183	8.1461	124.9118
-4.9929	76.3627	-10.4186	8.1525	124.9205
-4.9969	76.3678	-10.4189	8.1589	124.9292
-5.0008	76.3729	-10.4192	8.1653	124.938
-5.0047	76.378	-10.4195	8.1717	124.9467
-5.0086	76.3832	-10.4198	8.1782	124.9554
-5.0126	76.3883	-10.4201	8.1846	124.9642
-5.0165	76.3934	-10.4204	8.191	124.9729
-5.0204	76.3986	-10.4207	8.1974	124.9817
-5.0243	76.4037	-10.421	8.2038	124.9904
-5.0283	76.4088	-10.4213	8.2103	124.9992
-5.0322	76.414	-10.4216	8.2167	125.0079
-5.0361	76.4191	-10.4219	8.2231	125.0167
-5.0401	76.4242	-10.4222	8.2295	125.0254
-5.044	76.4294	-10.4225	8.236	125.0342
-5.0479	76.4345	-10.4228	8.2424	125.0429
-5.0518	76.4397	-10.4231	8.2488	125.0517
-5.0558	76.4448	-10.4234	8.2552	125.0605
-5.0597	76.4499	-10.4237	8.2617	125.0692
-5.0637	76.4551	-10.424	8.2681	125.078
-5.0676	76.4602	-10.4243	8.2745	125.0868
-5.0715	76.4654	-10.4246	8.281	125.0955
-5.0755	76.4705	-10.4249	8.2874	125.1043
-5.0794	76.4757	-10.4252	8.2939	125.1131
-5.0833	76.4808	-10.4255	8.3003	125.1218
-5.0873	76.486	-10.4258	8.3067	125.1306
-5.0912	76.4911	-10.4261	8.3132	125.1394
-5.0952	76.4963	-10.4264	8.3196	125.1482
-5.0991	76.5014	-10.4267	8.3261	125.157
-5.1031	76.5066	-10.427	8.3325	125.1657
-5.107	76.5118	-10.4273	8.339	125.1745
-5.111	76.5169	-10.4276	8.3454	125.1833
-5.1149	76.5221	-10.4279	8.3519	125.1921
-5.1188	76.5272	-10.4282	8.3583	125.2009
-5.1228	76.5324	-10.4285	8.3648	125.2097
-5.1267	76.5376	-10.4288	8.3712	125.2185
-5.1307	76.5427	-10.4292	8.3777	125.2273
-5.1346	76.5479	-10.4295	8.3842	125.2361
-5.1386	76.553	-10.4298	8.3906	125.2449
-5.1426	76.5582	-10.4301	8.3971	125.2537
-5.1465	76.5634	-10.4304	8.4036	125.2625
-5.1505	76.5686	-10.4307	8.41	125.2713
-5.1544	76.5737	-10.431	8.4165	125.2801
-5.1584	76.5789	-10.4313	8.423	125.2889
-5.1623	76.5841	-10.4316	8.4294	125.2977
-5.1663	76.5892	-10.4319	8.4359	125.3066
-5.1703	76.5944	-10.4322	8.4424	125.3154
-5.1742	76.5996	-10.4325	8.4488	125.3242
-5.1782	76.6048	-10.4328	8.4553	125.333
-5.1821	76.6099	-10.4331	8.4618	125.3418
-5.1861	76.6151	-10.4334	8.4683	125.3507
-5.1901	76.6203	-10.4337	8.4747	125.3595
-5.194	76.6255	-10.434	8.4812	125.3683
-5.198	76.6307	-10.4343	8.4877	125.3772
-5.202	76.6358	-10.4346	8.4942	125.386
-5.2059	76.641	-10.4349	8.5007	125.3948
-5.2099	76.6462	-10.4352	8.5072	125.4037
-5.2139	76.6514	-10.4355	8.5136	125.4125
-5.2178	76.6566	-10.4358	8.5201	125.4213
-5.2218	76.6618	-10.4361	8.5266	125.4302
-5.2258	76.667	-10.4364	8.5331	125.439
-5.2297	76.6722	-10.4368	8.5396	125.4479
-5.2337	76.6774	-10.4371	8.5461	125.4567
-5.2377	76.6825	-10.4374	8.5526	125.4656
-5.2417	76.6877	-10.4377	8.5591	125.4744
-5.2456	76.6929	-10.438	8.5656	125.4833
-5.2496	76.6981	-10.4383	8.5721	125.4921
-5.2536	76.7033	-10.4386	8.5786	125.501
-5.2576	76.7085	-10.4389	8.5851	125.5098
-5.2615	76.7137	-10.4392	8.5916	125.5187
-5.2655	76.7189	-10.4395	8.5981	125.5275
-5.2695	76.7241	-10.4398	8.6046	125.5364
-5.2735	76.7293	-10.4401	8.6111	125.5453
-5.2775	76.7345	-10.4404	8.6176	125.5541
-5.2814	76.7397	-10.4407	8.6241	125.563
-5.2854	76.7449	-10.441	8.6306	125.5719
-5.2894	76.7502	-10.4413	8.6372	125.5807
-5.2934	76.7554	-10.4416	8.6437	125.5896
-5.2974	76.7606	-10.4419	8.6502	125.5985
-5.3014	76.7658	-10.4422	8.6567	125.6074
-5.3054	76.771	-10.4426	8.6632	125.6163
-5.3093	76.7762	-10.4429	8.6697	125.6251
-5.3133	76.7814	-10.4432	8.6763	125.634
-5.3173	76.7866	-10.4435	8.6828	125.6429
-5.3213	76.7918	-10.4438	8.6893	125.6518
-5.3253	76.7971	-10.4441	8.6958	125.6607
-5.3293	76.8023	-10.4444	8.7023	125.6696
-5.3333	76.8075	-10.4447	8.7089	125.6785
-5.3373	76.8127	-10.445	8.7154	125.6873
-5.3413	76.8179	-10.4453	8.7219	125.6962
-5.3453	76.8232	-10.4456	8.7285	125.7051
-5.3493	76.8284	-10.4459	8.735	125.714
-5.3533	76.8336	-10.4462	8.7415	125.7229
-5.3573	76.8388	-10.4465	8.7481	125.7318
-5.3612	76.844	-10.4468	8.7546	125.7407
-5.3652	76.8493	-10.4472	8.7611	125.7496
-5.3692	76.8545	-10.4475	8.7677	125.7586
-5.3732	76.8597	-10.4478	8.7742	125.7675
-5.3772	76.865	-10.4481	8.7807	125.7764
-5.3813	76.8702	-10.4484	8.7873	125.7853
-5.3853	76.8754	-10.4487	8.7938	125.7942
-5.3893	76.8807	-10.449	8.8004	125.8031
-5.3933	76.8859	-10.4493	8.8069	125.812
-5.3973	76.8911	-10.4496	8.8135	125.8209
-5.4013	76.8964	-10.4499	8.82	125.8299
-5.4053	76.9016	-10.4502	8.8266	125.8388
-5.4093	76.9068	-10.4505	8.8331	125.8477
-5.4133	76.9121	-10.4508	8.8397	125.8566
-5.4173	76.9173	-10.4511	8.8462	125.8656
-5.4213	76.9225	-10.4515	8.8528	125.8745
-5.4253	76.9278	-10.4518	8.8593	125.8834
-5.4293	76.933	-10.4521	8.8659	125.8924
-5.4333	76.9383	-10.4524	8.8724	125.9013
-5.4374	76.9435	-10.4527	8.879	125.9102
-5.4414	76.9488	-10.453	8.8856	125.9192
-5.4454	76.954	-10.4533	8.8921	125.9281
-5.4494	76.9593	-10.4536	8.8987	125.937
-5.4534	76.9645	-10.4539	8.9053	125.946
-5.4574	76.9698	-10.4542	8.9118	125.9549
-5.4614	76.975	-10.4545	8.9184	125.9639
-5.4655	76.9803	-10.4548	8.925	125.9728
-5.4695	76.9855	-10.4551	8.9315	125.9818
-5.4735	76.9908	-10.4555	8.9381	125.9907
-5.4775	76.996	-10.4558	8.9447	125.9997
-5.4815	77.0013	-10.4561	8.9512	126.0086
-5.4856	77.0065	-10.4564	8.9578	126.0176
-5.4896	77.0118	-10.4567	8.9644	126.0265
-5.4936	77.017	-10.457	8.971	126.0355
-5.4976	77.0223	-10.4573	8.9775	126.0445
-5.5017	77.0276	-10.4576	8.9841	126.0534
-5.5057	77.0328	-10.4579	8.9907	126.0624
-5.5097	77.0381	-10.4582	8.9973	126.0714
-5.5137	77.0433	-10.4585	9.0039	126.0803
-5.5178	77.0486	-10.4589	9.0104	126.0893
-5.5218	77.0539	-10.4592	9.017	126.0983
-5.5258	77.0591	-10.4595	9.0236	126.1072
-5.5298	77.0644	-10.4598	9.0302	126.1162
-5.5339	77.0697	-10.4601	9.0368	126.1252
-5.5379	77.0749	-10.4604	9.0434	126.1342
-5.5419	77.0802	-10.4607	9.05	126.1431
-5.546	77.0855	-10.461	9.0566	126.1521
-5.55	77.0907	-10.4613	9.0631	126.1611
-5.554	77.096	-10.4616	9.0697	126.1701
-5.5581	77.1013	-10.4619	9.0763	126.1791
-5.5621	77.1066	-10.4623	9.0829	126.188
-5.5661	77.1118	-10.4626	9.0895	126.197
-5.5702	77.1171	-10.4629	9.0961	126.206
-5.5742	77.1224	-10.4632	9.1027	126.215
-5.5782	77.1277	-10.4635	9.1093	126.224
-5.5823	77.1329	-10.4638	9.1159	126.233
-5.5863	77.1382	-10.4641	9.1225	126.242
-5.5904	77.1435	-10.4644	9.1291	126.251
-5.5944	77.1488	-10.4647	9.1357	126.26
-5.5984	77.1541	-10.465	9.1423	126.269
-5.6025	77.1593	-10.4654	9.1489	126.278
-5.6065	77.1646	-10.4657	9.1556	126.287
-5.6106	77.1699	-10.466	9.1622	126.296
-5.6146	77.1752	-10.4663	9.1688	126.305
-5.6187	77.1805	-10.4666	9.1754	126.314
-5.6227	77.1858	-10.4669	9.182	126.323
-5.6268	77.1911	-10.4672	9.1886	126.332
-5.6308	77.1964	-10.4675	9.1952	126.341
-5.6348	77.2016	-10.4678	9.2018	126.3501
-5.6389	77.2069	-10.4681	9.2085	126.3591
-5.6429	77.2122	-10.4685	9.2151	126.3681
-5.647	77.2175	-10.4688	9.2217	126.3771
-5.651	77.2228	-10.4691	9.2283	126.3861
-5.6551	77.2281	-10.4694	9.2349	126.3951
-5.6591	77.2334	-10.4697	9.2416	126.4042
-5.6632	77.2387	-10.47	9.2482	126.4132
-5.6672	77.244	-10.4703	9.2548	126.4222
-5.6713	77.2493	-10.4706	9.2614	126.4312
-5.6754	77.2546	-10.4709	9.2681	126.4403
-5.6794	77.2599	-10.4713	9.2747	126.4493
-5.6835	77.2652	-10.4716	9.2813	126.4583
-5.6875	77.2705	-10.4719	9.288	126.4674
-5.6916	77.2758	-10.4722	9.2946	126.4764
-5.6956	77.2811	-10.4725	9.3012	126.4854
-5.6997	77.2864	-10.4728	9.3079	126.4945
-5.7038	77.2917	-10.4731	9.3145	126.5035
-5.7078	77.297	-10.4734	9.3211	126.5126
-5.7119	77.3023	-10.4737	9.3278	126.5216
-5.7159	77.3076	-10.4741	9.3344	126.5306
-5.72	77.3129	-10.4744	9.341	126.5397
-5.7241	77.3182	-10.4747	9.3477	126.5487
-5.7281	77.3236	-10.475	9.3543	126.5578
-5.7322	77.3289	-10.4753	9.361	126.5668
-5.7362	77.3342	-10.4756	9.3676	126.5759
-5.7403	77.3395	-10.4759	9.3743	126.5849
-5.7444	77.3448	-10.4762	9.3809	126.594
-5.7484	77.3501	-10.4766	9.3875	126.603
-5.7525	77.3554	-10.4769	9.3942	126.6121
-5.7566	77.3607	-10.4772	9.4008	126.6211
-5.7606	77.3661	-10.4775	9.4075	126.6302
-5.7647	77.3714	-10.4778	9.4141	126.6393
-5.7688	77.3767	-10.4781	9.4208	126.6483
-5.7728	77.382	-10.4784	9.4274	126.6574
-5.7769	77.3873	-10.4787	9.4341	126.6665
-5.781	77.3927	-10.4791	9.4408	126.6755
-5.7851	77.398	-10.4794	9.4474	126.6846
-5.7891	77.4033	-10.4797	9.4541	126.6937
-5.7932	77.4086	-10.48	9.4607	126.7027
-5.7973	77.4139	-10.4803	9.4674	126.7118
-5.8014	77.4193	-10.4806	9.474	126.7209
-5.8054	77.4246	-10.4809	9.4807	126.73
-5.8095	77.4299	-10.4812	9.4874	126.739
-5.8136	77.4353	-10.4816	9.494	126.7481
-5.8177	77.4406	-10.4819	9.5007	126.7572
-5.8217	77.4459	-10.4822	9.5074	126.7663
-5.8258	77.4512	-10.4825	9.514	126.7753
-5.8299	77.4566	-10.4828	9.5207	126.7844
-5.834	77.4619	-10.4831	9.5274	126.7935
-5.838	77.4672	-10.4834	9.534	126.8026
-5.8421	77.4726	-10.4837	9.5407	126.8117
-5.8462	77.4779	-10.4841	9.5474	126.8208
-5.8503	77.4832	-10.4844	9.554	126.8299
-5.8544	77.4886	-10.4847	9.5607	126.839
-5.8585	77.4939	-10.485	9.5674	126.848
-5.8625	77.4992	-10.4853	9.5741	126.8571
-5.8666	77.5046	-10.4856	9.5807	126.8662
-5.8707	77.5099	-10.4859	9.5874	126.8753
-5.8748	77.5153	-10.4862	9.5941	126.8844
-5.8789	77.5206	-10.4866	9.6008	126.8935
-5.883	77.5259	-10.4869	9.6075	126.9026
-5.8871	77.5313	-10.4872	9.6141	126.9117
-5.8911	77.5366	-10.4875	9.6208	126.9208
-5.8952	77.542	-10.4878	9.6275	126.9299
-5.8993	77.5473	-10.4881	9.6342	126.939
-5.9034	77.5527	-10.4884	9.6409	126.9481
-5.9075	77.558	-10.4888	9.6476	126.9573
-5.9116	77.5633	-10.4891	9.6542	126.9664
-5.9157	77.5687	-10.4894	9.6609	126.9755
-5.9198	77.574	-10.4897	9.6676	126.9846
-5.9239	77.5794	-10.49	9.6743	126.9937
-5.928	77.5847	-10.4903	9.681	127.0028
-5.932	77.5901	-10.4906	9.6877	127.0119
-5.9361	77.5954	-10.491	9.6944	127.021
-5.9402	77.6008	-10.4913	9.7011	127.0302
-5.9443	77.6061	-10.4916	9.7078	127.0393
-5.9484	77.6115	-10.4919	9.7145	127.0484
-5.9525	77.6168	-10.4922	9.7212	127.0575
-5.9566	77.6222	-10.4925	9.7279	127.0667
-5.9607	77.6276	-10.4928	9.7346	127.0758
-5.9648	77.6329	-10.4932	9.7413	127.0849
-5.9689	77.6383	-10.4935	9.748	127.094
-5.973	77.6436	-10.4938	9.7547	127.1032
-5.9771	77.649	-10.4941	9.7614	127.1123
-5.9812	77.6543	-10.4944	9.7681	127.1214
-5.9853	77.6597	-10.4947	9.7748	127.1306
-5.9894	77.6651	-10.495	9.7815	127.1397
-5.9935	77.6704	-10.4954	9.7882	127.1488
-5.9976	77.6758	-10.4957	9.7949	127.158
-6.0017	77.6811	-10.496	9.8016	127.1671
-6.0058	77.6865	-10.4963	9.8083	127.1762
-6.0099	77.6919	-10.4966	9.815	127.1854
-6.014	77.6972	-10.4969	9.8217	127.1945
-6.0181	77.7026	-10.4972	9.8284	127.2037
-6.0222	77.708	-10.4976	9.8351	127.2128
-6.0263	77.7133	-10.4979	9.8418	127.2219
-6.0305	77.7187	-10.4982	9.8486	127.2311
-6.0346	77.7241	-10.4985	9.8553	127.2402
-6.0387	77.7294	-10.4988	9.862	127.2494
-6.0428	77.7348	-10.4991	9.8687	127.2585
-6.0469	77.7402	-10.4995	9.8754	127.2677
-6.051	77.7456	-10.4998	9.8821	127.2768
-6.0551	77.7509	-10.5001	9.8889	127.286
-6.0592	77.7563	-10.5004	9.8956	127.2951
-6.0633	77.7617	-10.5007	9.9023	127.3043
-6.0674	77.767	-10.501	9.909	127.3135
-6.0716	77.7724	-10.5013	9.9157	127.3226
-6.0757	77.7778	-10.5017	9.9225	127.3318
-6.0798	77.7832	-10.502	9.9292	127.3409
-6.0839	77.7886	-10.5023	9.9359	127.3501
-6.088	77.7939	-10.5026	9.9426	127.3593
-6.0921	77.7993	-10.5029	9.9494	127.3684
-6.0962	77.8047	-10.5032	9.9561	127.3776
-6.1004	77.8101	-10.5036	9.9628	127.3868
-6.1045	77.8154	-10.5039	9.9696	127.3959
-6.1086	77.8208	-10.5042	9.9763	127.4051
-6.1127	77.8262	-10.5045	9.983	127.4143
-6.1168	77.8316	-10.5048	9.9897	127.4234
-6.1209	77.837	-10.5051	9.9965	127.4326
-6.1251	77.8424	-10.5055	10.0032	127.4418
-6.1292	77.8477	-10.5058	10.0099	127.451
-6.1333	77.8531	-10.5061	10.0167	127.4601
-6.1374	77.8585	-10.5064	10.0234	127.4693
-6.1415	77.8639	-10.5067	10.0302	127.4785
-6.1457	77.8693	-10.507	10.0369	127.4877
-6.1498	77.8747	-10.5073	10.0436	127.4968
-6.1539	77.8801	-10.5077	10.0504	127.506
-6.158	77.8854	-10.508	10.0571	127.5152
-6.1622	77.8908	-10.5083	10.0638	127.5244
-6.1663	77.8962	-10.5086	10.0706	127.5336
-6.1704	77.9016	-10.5089	10.0773	127.5428
-6.1745	77.907	-10.5092	10.0841	127.5519
-6.1787	77.9124	-10.5096	10.0908	127.5611
-6.1828	77.9178	-10.5099	10.0976	127.5703
-6.1869	77.9232	-10.5102	10.1043	127.5795
-6.191	77.9286	-10.5105	10.1111	127.5887
-6.1952	77.934	-10.5108	10.1178	127.5979
-6.1993	77.9394	-10.5111	10.1246	127.6071
-6.2034	77.9448	-10.5115	10.1313	127.6163
-6.2075	77.9502	-10.5118	10.138	127.6255
-6.2117	77.9556	-10.5121	10.1448	127.6347
-6.2158	77.961	-10.5124	10.1516	127.6439
-6.2199	77.9664	-10.5127	10.1583	127.6531
-6.2241	77.9718	-10.513	10.1651	127.6623
-6.2282	77.9772	-10.5134	10.1718	127.6715
-6.2323	77.9826	-10.5137	10.1786	127.6807
-6.2365	77.988	-10.514	10.1853	127.6899
-6.2406	77.9934	-10.5143	10.1921	127.6991
-6.2447	77.9988	-10.5146	10.1988	127.7083
-6.2489	78.0042	-10.515	10.2056	127.7175
-6.253	78.0096	-10.5153	10.2123	127.7267
-6.2571	78.015	-10.5156	10.2191	127.7359
-6.2613	78.0204	-10.5159	10.2259	127.7451
-6.2654	78.0258	-10.5162	10.2326	127.7543
-6.2695	78.0312	-10.5165	10.2394	127.7635
-6.2737	78.0366	-10.5169	10.2461	127.7727
-6.2778	78.042	-10.5172	10.2529	127.782
-6.2819	78.0474	-10.5175	10.2597	127.7912
-6.2861	78.0528	-10.5178	10.2664	127.8004
-6.2902	78.0582	-10.5181	10.2732	127.8096
-6.2944	78.0636	-10.5184	10.28	127.8188
-6.2985	78.069	-10.5188	10.2867	127.828
-6.3026	78.0745	-10.5191	10.2935	127.8373
-6.3068	78.0799	-10.5194	10.3003	127.8465
-6.3109	78.0853	-10.5197	10.307	127.8557
-6.3151	78.0907	-10.52	10.3138	127.8649
-6.3192	78.0961	-10.5203	10.3206	127.8741
-6.3233	78.1015	-10.5207	10.3273	127.8834
-6.3275	78.1069	-10.521	10.3341	127.8926
-6.3316	78.1123	-10.5213	10.3409	127.9018
-6.3358	78.1178	-10.5216	10.3477	127.911
-6.3399	78.1232	-10.5219	10.3544	127.9203
-6.3441	78.1286	-10.5223	10.3612	127.9295
-6.3482	78.134	-10.5226	10.368	127.9387
-6.3523	78.1394	-10.5229	10.3748	127.948
-6.3565	78.1448	-10.5232	10.3815	127.9572
-6.3606	78.1503	-10.5235	10.3883	127.9664
-6.3648	78.1557	-10.5238	10.3951	127.9757
-6.3689	78.1611	-10.5242	10.4019	127.9849
-6.3731	78.1665	-10.5245	10.4087	127.9941
-6.3772	78.1719	-10.5248	10.4154	128.0034
-6.3814	78.1774	-10.5251	10.4222	128.0126
-6.3855	78.1828	-10.5254	10.429	128.0218
-6.3897	78.1882	-10.5258	10.4358	128.0311
-6.3938	78.1936	-10.5261	10.4426	128.0403
-6.398	78.1991	-10.5264	10.4493	128.0496
-6.4021	78.2045	-10.5267	10.4561	128.0588
-6.4063	78.2099	-10.527	10.4629	128.0681
-6.4104	78.2153	-10.5273	10.4697	128.0773
-6.4146	78.2208	-10.5277	10.4765	128.0865
-6.4187	78.2262	-10.528	10.4833	128.0958
-6.4229	78.2316	-10.5283	10.4901	128.105
-6.427	78.237	-10.5286	10.4968	128.1143
-6.4312	78.2425	-10.5289	10.5036	128.1235
-6.4353	78.2479	-10.5293	10.5104	128.1328
-6.4395	78.2533	-10.5296	10.5172	128.142
-6.4436	78.2587	-10.5299	10.524	128.1513
-6.4478	78.2642	-10.5302	10.5308	128.1605
-6.452	78.2696	-10.5305	10.5376	128.1698
-6.4561	78.275	-10.5309	10.5444	128.179
-6.4603	78.2805	-10.5312	10.5512	128.1883
-6.4644	78.2859	-10.5315	10.558	128.1976
-6.4686	78.2913	-10.5318	10.5648	128.2068
-6.4727	78.2968	-10.5321	10.5716	128.2161
-6.4769	78.3022	-10.5324	10.5784	128.2253
-6.481	78.3076	-10.5328	10.5852	128.2346
-6.4852	78.3131	-10.5331	10.592	128.2438
-6.4894	78.3185	-10.5334	10.5987	128.2531
-6.4935	78.3239	-10.5337	10.6055	128.2624
-6.4977	78.3294	-10.534	10.6123	128.2716
-6.5018	78.3348	-10.5344	10.6191	128.2809
-6.506	78.3402	-10.5347	10.6259	128.2902
-6.5102	78.3457	-10.535	10.6327	128.2994
-6.5143	78.3511	-10.5353	10.6395	128.3087
-6.5185	78.3566	-10.5356	10.6464	128.318
-6.5226	78.362	-10.536	10.6532	128.3272
-6.5268	78.3674	-10.5363	10.66	128.3365
-6.531	78.3729	-10.5366	10.6668	128.3458
-6.5351	78.3783	-10.5369	10.6736	128.355
-6.5393	78.3838	-10.5372	10.6804	128.3643
-6.5435	78.3892	-10.5376	10.6872	128.3736
-6.5476	78.3946	-10.5379	10.694	128.3828
-6.5518	78.4001	-10.5382	10.7008	128.3921
-6.5559	78.4055	-10.5385	10.7076	128.4014
-6.5601	78.411	-10.5388	10.7144	128.4107
-6.5643	78.4164	-10.5392	10.7212	128.4199
-6.5684	78.4219	-10.5395	10.728	128.4292
-6.5726	78.4273	-10.5398	10.7348	128.4385
-6.5768	78.4328	-10.5401	10.7416	128.4478
-6.5809	78.4382	-10.5404	10.7485	128.4571
-6.5851	78.4436	-10.5408	10.7553	128.4663
-6.5893	78.4491	-10.5411	10.7621	128.4756
-6.5934	78.4545	-10.5414	10.7689	128.4849
-6.5976	78.46	-10.5417	10.7757	128.4942
-6.6018	78.4654	-10.542	10.7825	128.5035
-6.606	78.4709	-10.5424	10.7893	128.5127
-6.6101	78.4763	-10.5427	10.7962	128.522
-6.6143	78.4818	-10.543	10.803	128.5313
-6.6185	78.4872	-10.5433	10.8098	128.5406
-6.6226	78.4927	-10.5436	10.8166	128.5499
-6.6268	78.4981	-10.544	10.8234	128.5592
-6.631	78.5036	-10.5443	10.8302	128.5685
-6.6351	78.509	-10.5446	10.8371	128.5778
-6.6393	78.5145	-10.5449	10.8439	128.587
-6.6435	78.5199	-10.5452	10.8507	128.5963
-6.6477	78.5254	-10.5456	10.8575	128.6056
-6.6518	78.5308	-10.5459	10.8643	128.6149
-6.656	78.5363	-10.5462	10.8712	128.6242
-6.6602	78.5418	-10.5465	10.878	128.6335
-6.6643	78.5472	-10.5468	10.8848	128.6428
-6.6685	78.5527	-10.5472	10.8916	128.6521
-6.6727	78.5581	-10.5475	10.8984	128.6614
-6.6769	78.5636	-10.5478	10.9053	128.6707
-6.681	78.569	-10.5481	10.9121	128.68
-6.6852	78.5745	-10.5484	10.9189	128.6893
-6.6894	78.5799	-10.5488	10.9257	128.6986
-6.6936	78.5854	-10.5491	10.9326	128.7079
-6.6977	78.5909	-10.5494	10.9394	128.7172
-6.7019	78.5963	-10.5497	10.9462	128.7265
-6.7061	78.6018	-10.55	10.953	128.7358
-6.7103	78.6072	-10.5504	10.9599	128.7451
-6.7145	78.6127	-10.5507	10.9667	128.7544
-6.7186	78.6182	-10.551	10.9735	128.7637
-6.7228	78.6236	-10.5513	10.9804	128.773
-6.727	78.6291	-10.5516	10.9872	128.7823
-6.7312	78.6345	-10.552	10.994	128.7916
-6.7353	78.64	-10.5523	11.0009	128.8009
-6.7395	78.6455	-10.5526	11.0077	128.8102
-6.7437	78.6509	-10.5529	11.0145	128.8195
-6.7479	78.6564	-10.5532	11.0214	128.8288
-6.7521	78.6618	-10.5536	11.0282	128.8381
-6.7562	78.6673	-10.5539	11.035	128.8474
-6.7604	78.6728	-10.5542	11.0419	128.8568
-6.7646	78.6782	-10.5545	11.0487	128.8661
-6.7688	78.6837	-10.5548	11.0555	128.8754
-6.773	78.6892	-10.5552	11.0624	128.8847
-6.7771	78.6946	-10.5555	11.0692	128.894
-6.7813	78.7001	-10.5558	11.076	128.9033
-6.7855	78.7056	-10.5561	11.0829	128.9126
-6.7897	78.711	-10.5565	11.0897	128.9219
-6.7939	78.7165	-10.5568	11.0965	128.9313
-6.7981	78.722	-10.5571	11.1034	128.9406
-6.8022	78.7274	-10.5574	11.1102	128.9499
-6.8064	78.7329	-10.5577	11.1171	128.9592
-6.8106	78.7384	-10.5581	11.1239	128.9685
-6.8148	78.7438	-10.5584	11.1307	128.9778
-6.819	78.7493	-10.5587	11.1376	128.9872
-6.8232	78.7548	-10.559	11.1444	128.9965
-6.8273	78.7602	-10.5593	11.1513	129.0058
-6.8315	78.7657	-10.5597	11.1581	129.0151
-6.8357	78.7712	-10.56	11.1649	129.0244
-6.8399	78.7767	-10.5603	11.1718	129.0338
-6.8441	78.7821	-10.5606	11.1786	129.0431
-6.8483	78.7876	-10.5609	11.1855	129.0524
-6.8525	78.7931	-10.5613	11.1923	129.0617
-6.8566	78.7985	-10.5616	11.1992	129.0711
-6.8608	78.804	-10.5619	11.206	129.0804
-6.865	78.8095	-10.5622	11.2128	129.0897
-6.8692	78.815	-10.5626	11.2197	129.099
-6.8734	78.8204	-10.5629	11.2265	129.1084
-6.8776	78.8259	-10.5632	11.2334	129.1177
-6.8818	78.8314	-10.5635	11.2402	129.127
-6.886	78.8369	-10.5638	11.2471	129.1363
-6.8901	78.8423	-10.5642	11.2539	129.1457
-6.8943	78.8478	-10.5645	11.2608	129.155
-6.8985	78.8533	-10.5648	11.2676	129.1643
-6.9027	78.8588	-10.5651	11.2745	129.1737
-6.9069	78.8642	-10.5654	11.2813	129.183
-6.9111	78.8697	-10.5658	11.2882	129.1923
-6.9153	78.8752	-10.5661	11.295	129.2017
-6.9195	78.8807	-10.5664	11.3019	129.211
-6.9237	78.8861	-10.5667	11.3087	129.2203
-6.9279	78.8916	-10.5671	11.3156	129.2297
-6.932	78.8971	-10.5674	11.3224	129.239
-6.9362	78.9026	-10.5677	11.3293	129.2483
-6.9404	78.9081	-10.568	11.3361	129.2577
-6.9446	78.9135	-10.5683	11.343	129.267
-6.9488	78.919	-10.5687	11.3498	129.2763
-6.953	78.9245	-10.569	11.3567	129.2857
-6.9572	78.93	-10.5693	11.3635	129.295
-6.9614	78.9355	-10.5696	11.3704	129.3043
-6.9656	78.9409	-10.5699	11.3772	129.3137
-6.9698	78.9464	-10.5703	11.3841	129.323
-6.974	78.9519	-10.5706	11.391	129.3323
-6.9782	78.9574	-10.5709	11.3978	129.3417
-6.9824	78.9629	-10.5712	11.4047	129.351
-6.9866	78.9683	-10.5716	11.4115	129.3604
-6.9907	78.9738	-10.5719	11.4184	129.3697
-6.9949	78.9793	-10.5722	11.4252	129.3791
-6.9991	78.9848	-10.5725	11.4321	129.3884
-7.0033	78.9903	-10.5728	11.4389	129.3977
-7.0075	78.9957	-10.5732	11.4458	129.4071
-7.0117	79.0012	-10.5735	11.4527	129.4164
-7.0159	79.0067	-10.5738	11.4595	129.4258
-7.0201	79.0122	-10.5741	11.4664	129.4351
-7.0243	79.0177	-10.5745	11.4732	129.4445
-7.0285	79.0232	-10.5748	11.4801	129.4538
-7.0327	79.0287	-10.5751	11.487	129.4631
-7.0369	79.0341	-10.5754	11.4938	129.4725
-7.0411	79.0396	-10.5757	11.5007	129.4818
-7.0453	79.0451	-10.5761	11.5075	129.4912
-7.0495	79.0506	-10.5764	11.5144	129.5005
-7.0537	79.0561	-10.5767	11.5213	129.5099
-7.0579	79.0616	-10.577	11.5281	129.5192
-7.0621	79.0671	-10.5774	11.535	129.5286
-7.0663	79.0725	-10.5777	11.5418	129.5379
-7.0705	79.078	-10.578	11.5487	129.5473
-7.0747	79.0835	-10.5783	11.5556	129.5566
-7.0789	79.089	-10.5786	11.5624	129.566
-7.0831	79.0945	-10.579	11.5693	129.5753
-7.0873	79.1	-10.5793	11.5762	129.5847
-7.0915	79.1055	-10.5796	11.583	129.594
-7.0957	79.1109	-10.5799	11.5899	129.6034
-7.0999	79.1164	-10.5803	11.5968	129.6127
-7.1041	79.1219	-10.5806	11.6036	129.6221
-7.1083	79.1274	-10.5809	11.6105	129.6314
-7.1125	79.1329	-10.5812	11.6173	129.6408
-7.1167	79.1384	-10.5815	11.6242	129.6501
-7.1209	79.1439	-10.5819	11.6311	129.6595
-7.1251	79.1494	-10.5822	11.6379	129.6688
-7.1293	79.1549	-10.5825	11.6448	129.6782
-7.1335	79.1604	-10.5828	11.6517	129.6875
-7.1377	79.1658	-10.5832	11.6585	129.6969
-7.1419	79.1713	-10.5835	11.6654	129.7063
-7.1461	79.1768	-10.5838	11.6723	129.7156
-7.1503	79.1823	-10.5841	11.6791	129.725
-7.1545	79.1878	-10.5844	11.686	129.7343
-7.1587	79.1933	-10.5848	11.6929	129.7437
-7.1629	79.1988	-10.5851	11.6998	129.753
-7.1671	79.2043	-10.5854	11.7066	129.7624
-7.1713	79.2098	-10.5857	11.7135	129.7718
-7.1755	79.2153	-10.5861	11.7204	129.7811
-7.1797	79.2208	-10.5864	11.7272	129.7905
-7.1839	79.2262	-10.5867	11.7341	129.7998
-7.1881	79.2317	-10.587	11.741	129.8092
-7.1923	79.2372	-10.5873	11.7478	129.8186
-7.1965	79.2427	-10.5877	11.7547	129.8279
-7.2007	79.2482	-10.588	11.7616	129.8373
-7.2049	79.2537	-10.5883	11.7684	129.8466
-7.2091	79.2592	-10.5886	11.7753	129.856
-7.2133	79.2647	-10.589	11.7822	129.8654
-7.2175	79.2702	-10.5893	11.7891	129.8747
-7.2217	79.2757	-10.5896	11.7959	129.8841
-7.2259	79.2812	-10.5899	11.8028	129.8934
-7.2301	79.2867	-10.5902	11.8097	129.9028
-7.2343	79.2922	-10.5906	11.8166	129.9122
-7.2385	79.2977	-10.5909	11.8234	129.9215
-7.2427	79.3032	-10.5912	11.8303	129.9309
-7.2469	79.3087	-10.5915	11.8372	129.9402
-7.2511	79.3142	-10.5919	11.844	129.9496
-7.2553	79.3196	-10.5922	11.8509	129.959
-7.2595	79.3251	-10.5925	11.8578	129.9683
-7.2638	79.3306	-10.5928	11.8647	129.9777
-7.268	79.3361	-10.5932	11.8715	129.9871
-7.2722	79.3416	-10.5935	11.8784	129.9964
-7.2764	79.3471	-10.5938	11.8853	130.0058
-7.2806	79.3526	-10.5941	11.8922	130.0152
-7.2848	79.3581	-10.5944	11.899	130.0245
-7.289	79.3636	-10.5948	11.9059	130.0339
-7.2932	79.3691	-10.5951	11.9128	130.0433
-7.2974	79.3746	-10.5954	11.9197	130.0526
-7.3016	79.3801	-10.5957	11.9265	130.062
-7.3058	79.3856	-10.5961	11.9334	130.0714
-7.31	79.3911	-10.5964	11.9403	130.0807
-7.3142	79.3966	-10.5967	11.9472	130.0901
-7.3184	79.4021	-10.597	11.954	130.0995
-7.3226	79.4076	-10.5973	11.9609	130.1088
-7.3268	79.4131	-10.5977	11.9678	130.1182
-7.331	79.4186	-10.598	11.9747	130.1276
-7.3353	79.4241	-10.5983	11.9815	130.1369
-7.3395	79.4296	-10.5986	11.9884	130.1463
-7.3437	79.4351	-10.599	11.9953	130.1557
-7.3479	79.4406	-10.5993	12.0022	130.165
-7.3521	79.4461	-10.5996	12.009	130.1744
-7.3563	79.4516	-10.5999	12.0159	130.1838
-7.3605	79.4571	-10.6003	12.0228	130.1931
-7.3647	79.4626	-10.6006	12.0297	130.2025
-7.3689	79.4681	-10.6009	12.0366	130.2119
-7.3731	79.4736	-10.6012	12.0434	130.2213
-7.3773	79.4791	-10.6015	12.0503	130.2306
-7.3815	79.4846	-10.6019	12.0572	130.24
-7.3857	79.4901	-10.6022	12.0641	130.2494
-7.3899	79.4956	-10.6025	12.0709	130.2587
-7.3942	79.5011	-10.6028	12.0778	130.2681
-7.3984	79.5066	-10.6032	12.0847	130.2775
-7.4026	79.5121	-10.6035	12.0916	130.2868
-7.4068	79.5176	-10.6038	12.0985	130.2962
-7.411	79.5231	-10.6041	12.1053	130.3056
-7.4152	79.5286	-10.6044	12.1122	130.315
-7.4194	79.5341	-10.6048	12.1191	130.3243
-7.4236	79.5396	-10.6051	12.126	130.3337
-7.4278	79.5451	-10.6054	12.1329	130.3431
-7.432	79.5506	-10.6057	12.1397	130.3524
-7.4362	79.5561	-10.6061	12.1466	130.3618
-7.4404	79.5616	-10.6064	12.1535	130.3712
-7.4446	79.5671	-10.6067	12.1604	130.3806
-7.4489	79.5726	-10.607	12.1673	130.3899
-7.4531	79.5781	-10.6074	12.1741	130.3993
-7.4573	79.5836	-10.6077	12.181	130.4087
-7.4615	79.5891	-10.608	12.1879	130.4181
-7.4657	79.5946	-10.6083	12.1948	130.4274
-7.4699	79.6001	-10.6086	12.2017	130.4368
-7.4741	79.6056	-10.609	12.2085	130.4462
-7.4783	79.6111	-10.6093	12.2154	130.4555
-7.4825	79.6166	-10.6096	12.2223	130.4649
-7.4867	79.6221	-10.6099	12.2292	130.4743
-7.4909	79.6276	-10.6103	12.2361	130.4837
-7.4952	79.6331	-10.6106	12.2429	130.493
-7.4994	79.6386	-10.6109	12.2498	130.5024
-7.5036	79.6441	-10.6112	12.2567	130.5118
-7.5078	79.6496	-10.6116	12.2636	130.5212
-7.512	79.6551	-10.6119	12.2705	130.5305
-7.5162	79.6606	-10.6122	12.2773	130.5399
-7.5204	79.6661	-10.6125	12.2842	130.5493
-7.5246	79.6716	-10.6128	12.2911	130.5587
-7.5288	79.6771	-10.6132	12.298	130.568
-7.533	79.6826	-10.6135	12.3049	130.5774
-7.5372	79.6881	-10.6138	12.3117	130.5868
-7.5415	79.6936	-10.6141	12.3186	130.5961
-7.5457	79.6991	-10.6145	12.3255	130.6055
-7.5499	79.7046	-10.6148	12.3324	130.6149
-7.5541	79.7101	-10.6151	12.3393	130.6243
-7.5583	79.7156	-10.6154	12.3461	130.6336
-7.5625	79.7211	-10.6158	12.353	130.643
-7.5667	79.7266	-10.6161	12.3599	130.6524
-7.5709	79.7321	-10.6164	12.3668	130.6618
-7.5751	79.7376	-10.6167	12.3737	130.6711
-7.5793	79.7431	-10.617	12.3805	130.6805
-7.5835	79.7486	-10.6174	12.3874	130.6899
-7.5878	79.7541	-10.6177	12.3943	130.6993
-7.592	79.7596	-10.618	12.4012	130.7086
-7.5962	79.7651	-10.6183	12.4081	130.718
-7.6004	79.7706	-10.6187	12.415	130.7274
-7.6046	79.7761	-10.619	12.4218	130.7368
-7.6088	79.7816	-10.6193	12.4287	130.7461
-7.613	79.7871	-10.6196	12.4356	130.7555
-7.6172	79.7926	-10.6199	12.4425	130.7649
-7.6214	79.7981	-10.6203	12.4494	130.7743
-7.6256	79.8036	-10.6206	12.4562	130.7836
-7.6298	79.8091	-10.6209	12.4631	130.793
-7.6341	79.8146	-10.6212	12.47	130.8024
-7.6383	79.8201	-10.6216	12.4769	130.8118
-7.6425	79.8256	-10.6219	12.4838	130.8211
-7.6467	79.8311	-10.6222	12.4906	130.8305
-7.6509	79.8366	-10.6225	12.4975	130.8399
-7.6551	79.8421	-10.6229	12.5044	130.8492
-7.6593	79.8476	-10.6232	12.5113	130.8586
-7.6635	79.8531	-10.6235	12.5182	130.868
-7.6677	79.8586	-10.6238	12.525	130.8774
-7.6719	79.8641	-10.6241	12.5319	130.8867
-7.6761	79.8696	-10.6245	12.5388	130.8961
-7.6804	79.8751	-10.6248	12.5457	130.9055
-7.6846	79.8806	-10.6251	12.5526	130.9149
-7.6888	79.8861	-10.6254	12.5594	130.9242
-7.693	79.8916	-10.6258	12.5663	130.9336
-7.6972	79.8971	-10.6261	12.5732	130.943
-7.7014	79.9026	-10.6264	12.5801	130.9524
-7.7056	79.9081	-10.6267	12.587	130.9617
-7.7098	79.9136	-10.6271	12.5938	130.9711
-7.714	79.9191	-10.6274	12.6007	130.9805
-7.7182	79.9246	-10.6277	12.6076	130.9898
-7.7224	79.9301	-10.628	12.6145	130.9992
-7.7266	79.9356	-10.6283	12.6214	131.0086
-7.7309	79.9411	-10.6287	12.6282	131.018
-7.7351	79.9466	-10.629	12.6351	131.0273
-7.7393	79.9521	-10.6293	12.642	131.0367
-7.7435	79.9576	-10.6296	12.6489	131.0461
-7.7477	79.9631	-10.63	12.6558	131.0555
-7.7519	79.9686	-10.6303	12.6626	131.0648
-7.7561	79.9741	-10.6306	12.6695	131.0742
-7.7603	79.9796	-10.6309	12.6764	131.0836
-7.7645	79.9851	-10.6313	12.6833	131.0929
-7.7687	79.9906	-10.6316	12.6902	131.1023
-7.7729	79.9961	-10.6319	12.697	131.1117
-7.7771	80.0016	-10.6322	12.7039	131.1211
-7.7814	80.0071	-10.6325	12.7108	131.1304
-7.7856	80.0126	-10.6329	12.7177	131.1398
-7.7898	80.0181	-10.6332	12.7246	131.1492
-7.794	80.0236	-10.6335	12.7314	131.1585
-7.7982	80.0291	-10.6338	12.7383	131.1679
-7.8024	80.0346	-10.6342	12.7452	131.1773
-7.8066	80.0401	-10.6345	12.7521	131.1866
-7.8108	80.0456	-10.6348	12.7589	131.196
-7.815	80.0511	-10.6351	12.7658	131.2054
-7.8192	80.0566	-10.6354	12.7727	131.2148
-7.8234	80.0621	-10.6358	12.7796	131.2241
-7.8276	80.0676	-10.6361	12.7865	131.2335
-7.8318	80.0731	-10.6364	12.7933	131.2429
-7.836	80.0786	-10.6367	12.8002	131.2522
-7.8403	80.0841	-10.6371	12.8071	131.2616
-7.8445	80.0896	-10.6374	12.814	131.271
-7.8487	80.0951	-10.6377	12.8208	131.2803
-7.8529	80.1006	-10.638	12.8277	131.2897
-7.8571	80.1061	-10.6384	12.8346	131.2991
-7.8613	80.1116	-10.6387	12.8415	131.3084
-7.8655	80.1171	-10.639	12.8483	131.3178
-7.8697	80.1226	-10.6393	12.8552	131.3272
-7.8739	80.1281	-10.6396	12.8621	131.3365
-7.8781	80.1336	-10.64	12.869	131.3459
-7.8823	80.1391	-10.6403	12.8758	131.3553
-7.8865	80.1446	-10.6406	12.8827	131.3646
-7.8907	80.1501	-10.6409	12.8896	131.374
-7.8949	80.1556	-10.6413	12.8965	131.3834
-7.8991	80.1611	-10.6416	12.9033	131.3927
-7.9033	80.1666	-10.6419	12.9102	131.4021
-7.9075	80.1721	-10.6422	12.9171	131.4115
-7.9118	80.1776	-10.6425	12.924	131.4208
-7.916	80.1831	-10.6429	12.9308	131.4302
-7.9202	80.1886	-10.6432	12.9377	131.4396
-7.9244	80.1941	-10.6435	12.9446	131.4489
-7.9286	80.1996	-10.6438	12.9515	131.4583
-7.9328	80.2051	-10.6442	12.9583	131.4677
-7.937	80.2106	-10.6445	12.9652	131.477
-7.9412	80.216	-10.6448	12.9721	131.4864
-7.9454	80.2215	-10.6451	12.9789	131.4957
-7.9496	80.227	-10.6455	12.9858	131.5051
-7.9538	80.2325	-10.6458	12.9927	131.5145
-7.958	80.238	-10.6461	12.9996	131.5238
-7.9622	80.2435	-10.6464	13.0064	131.5332
-7.9664	80.249	-10.6467	13.0133	131.5425
-7.9706	80.2545	-10.6471	13.0202	131.5519
-7.9748	80.26	-10.6474	13.0271	131.5613
-7.979	80.2655	-10.6477	13.0339	131.5706
-7.9832	80.271	-10.648	13.0408	131.58
-7.9874	80.2765	-10.6484	13.0477	131.5893
-7.9916	80.282	-10.6487	13.0545	131.5987
-7.9958	80.2875	-10.649	13.0614	131.6081
-8	80.293	-10.6493	13.0683	131.6174
-8.0042	80.2985	-10.6496	13.0751	131.6268
-8.0084	80.3039	-10.65	13.082	131.6361
-8.0126	80.3094	-10.6503	13.0889	131.6455
-8.0168	80.3149	-10.6506	13.0957	131.6549
-8.021	80.3204	-10.6509	13.1026	131.6642
-8.0252	80.3259	-10.6513	13.1095	131.6736
-8.0294	80.3314	-10.6516	13.1164	131.6829
-8.0336	80.3369	-10.6519	13.1232	131.6923
-8.0378	80.3424	-10.6522	13.1301	131.7016
-8.042	80.3479	-10.6525	13.137	131.711
-8.0462	80.3534	-10.6529	13.1438	131.7204
-8.0504	80.3589	-10.6532	13.1507	131.7297
-8.0546	80.3643	-10.6535	13.1576	131.7391
-8.0588	80.3698	-10.6538	13.1644	131.7484
-8.063	80.3753	-10.6542	13.1713	131.7578
-8.0672	80.3808	-10.6545	13.1782	131.7671
-8.0714	80.3863	-10.6548	13.185	131.7765
-8.0756	80.3918	-10.6551	13.1919	131.7858
-8.0798	80.3973	-10.6554	13.1987	131.7952
-8.084	80.4028	-10.6558	13.2056	131.8045
-8.0882	80.4083	-10.6561	13.2125	131.8139
-8.0924	80.4137	-10.6564	13.2193	131.8232
-8.0966	80.4192	-10.6567	13.2262	131.8326
-8.1008	80.4247	-10.6571	13.2331	131.8419
-8.105	80.4302	-10.6574	13.2399	131.8513
-8.1092	80.4357	-10.6577	13.2468	131.8606
-8.1134	80.4412	-10.658	13.2537	131.87
-8.1176	80.4467	-10.6583	13.2605	131.8793
-8.1218	80.4522	-10.6587	13.2674	131.8887
-8.126	80.4576	-10.659	13.2742	131.898
-8.1302	80.4631	-10.6593	13.2811	131.9074
-8.1344	80.4686	-10.6596	13.288	131.9167
-8.1386	80.4741	-10.66	13.2948	131.9261
-8.1428	80.4796	-10.6603	13.3017	131.9354
-8.147	80.4851	-10.6606	13.3085	131.9448
-8.1512	80.4905	-10.6609	13.3154	131.9541
-8.1554	80.496	-10.6612	13.3223	131.9634
-8.1596	80.5015	-10.6616	13.3291	131.9728
-8.1638	80.507	-10.6619	13.336	131.9821
-8.168	80.5125	-10.6622	13.3428	131.9915
-8.1722	80.518	-10.6625	13.3497	132.0008
-8.1764	80.5234	-10.6629	13.3566	132.0102
-8.1806	80.5289	-10.6632	13.3634	132.0195
-8.1848	80.5344	-10.6635	13.3703	132.0288
-8.189	80.5399	-10.6638	13.3771	132.0382
-8.1932	80.5454	-10.6641	13.384	132.0475
-8.1974	80.5509	-10.6645	13.3908	132.0569
-8.2015	80.5563	-10.6648	13.3977	132.0662
-8.2057	80.5618	-10.6651	13.4045	132.0756
-8.2099	80.5673	-10.6654	13.4114	132.0849
-8.2141	80.5728	-10.6658	13.4183	132.0942
-8.2183	80.5783	-10.6661	13.4251	132.1036
-8.2225	80.5837	-10.6664	13.432	132.1129
-8.2267	80.5892	-10.6667	13.4388	132.1222
-8.2309	80.5947	-10.667	13.4457	132.1316
-8.2351	80.6002	-10.6674	13.4525	132.1409
-8.2393	80.6057	-10.6677	13.4594	132.1502
-8.2435	80.6111	-10.668	13.4662	132.1596
-8.2477	80.6166	-10.6683	13.4731	132.1689
-8.2519	80.6221	-10.6686	13.4799	132.1782
-8.256	80.6276	-10.669	13.4868	132.1876
-8.2602	80.633	-10.6693	13.4936	132.1969
-8.2644	80.6385	-10.6696	13.5005	132.2062
-8.2686	80.644	-10.6699	13.5073	132.2156
-8.2728	80.6495	-10.6703	13.5142	132.2249
-8.277	80.655	-10.6706	13.521	132.2342
-8.2812	80.6604	-10.6709	13.5279	132.2436
-8.2854	80.6659	-10.6712	13.5347	132.2529
-8.2896	80.6714	-10.6715	13.5416	132.2622
-8.2938	80.6769	-10.6719	13.5484	132.2716
-8.2979	80.6823	-10.6722	13.5553	132.2809
-8.3021	80.6878	-10.6725	13.5621	132.2902
-8.3063	80.6933	-10.6728	13.569	132.2995
-8.3105	80.6988	-10.6731	13.5758	132.3089
-8.3147	80.7042	-10.6735	13.5827	132.3182
-8.3189	80.7097	-10.6738	13.5895	132.3275
-8.3231	80.7152	-10.6741	13.5963	132.3368
-8.3273	80.7206	-10.6744	13.6032	132.3462
-8.3314	80.7261	-10.6748	13.61	132.3555
-8.3356	80.7316	-10.6751	13.6169	132.3648
-8.3398	80.7371	-10.6754	13.6237	132.3741
-8.344	80.7425	-10.6757	13.6306	132.3835
-8.3482	80.748	-10.676	13.6374	132.3928
-8.3524	80.7535	-10.6764	13.6442	132.4021
-8.3566	80.7589	-10.6767	13.6511	132.4114
-8.3607	80.7644	-10.677	13.6579	132.4207
-8.3649	80.7699	-10.6773	13.6648	132.4301
-8.3691	80.7753	-10.6776	13.6716	132.4394
-8.3733	80.7808	-10.678	13.6784	132.4487
-8.3775	80.7863	-10.6783	13.6853	132.458
-8.3817	80.7917	-10.6786	13.6921	132.4673
-8.3858	80.7972	-10.6789	13.699	132.4766
-8.39	80.8027	-10.6792	13.7058	132.486
-8.3942	80.8081	-10.6796	13.7126	132.4953
-8.3984	80.8136	-10.6799	13.7195	132.5046
-8.4026	80.8191	-10.6802	13.7263	132.5139
-8.4067	80.8245	-10.6805	13.7331	132.5232
-8.4109	80.83	-10.6809	13.74	132.5325
-8.4151	80.8355	-10.6812	13.7468	132.5418
-8.4193	80.8409	-10.6815	13.7536	132.5511
-8.4235	80.8464	-10.6818	13.7605	132.5605
-8.4277	80.8519	-10.6821	13.7673	132.5698
-8.4318	80.8573	-10.6825	13.7741	132.5791
-8.436	80.8628	-10.6828	13.781	132.5884
-8.4402	80.8683	-10.6831	13.7878	132.5977
-8.4444	80.8737	-10.6834	13.7946	132.607
-8.4485	80.8792	-10.6837	13.8015	132.6163
-8.4527	80.8846	-10.6841	13.8083	132.6256
-8.4569	80.8901	-10.6844	13.8151	132.6349
-8.4611	80.8956	-10.6847	13.822	132.6442
-8.4653	80.901	-10.685	13.8288	132.6535
-8.4694	80.9065	-10.6853	13.8356	132.6628
-8.4736	80.9119	-10.6857	13.8425	132.6721
-8.4778	80.9174	-10.686	13.8493	132.6814
-8.482	80.9229	-10.6863	13.8561	132.6907
-8.4861	80.9283	-10.6866	13.8629	132.7
-8.4903	80.9338	-10.6869	13.8698	132.7093
-8.4945	80.9392	-10.6873	13.8766	132.7186
-8.4987	80.9447	-10.6876	13.8834	132.7279
-8.5028	80.9501	-10.6879	13.8902	132.7372
-8.507	80.9556	-10.6882	13.8971	132.7465
-8.5112	80.9611	-10.6885	13.9039	132.7558
-8.5154	80.9665	-10.6889	13.9107	132.7651
-8.5195	80.972	-10.6892	13.9175	132.7744
-8.5237	80.9774	-10.6895	13.9243	132.7837
-8.5279	80.9829	-10.6898	13.9312	132.793
-8.5321	80.9883	-10.6901	13.938	132.8023
-8.5362	80.9938	-10.6905	13.9448	132.8116
-8.5404	80.9992	-10.6908	13.9516	132.8209
-8.5446	81.0047	-10.6911	13.9584	132.8301
-8.5487	81.0101	-10.6914	13.9653	132.8394
-8.5529	81.0156	-10.6917	13.9721	132.8487
-8.5571	81.021	-10.6921	13.9789	132.858
-8.5613	81.0265	-10.6924	13.9857	132.8673
-8.5654	81.0319	-10.6927	13.9925	132.8766
-8.5696	81.0374	-10.693	13.9993	132.8859
-8.5738	81.0428	-10.6933	14.0062	132.8952
-8.5779	81.0483	-10.6937	14.013	132.9044
-8.5821	81.0537	-10.694	14.0198	132.9137
-8.5863	81.0592	-10.6943	14.0266	132.923
-8.5904	81.0646	-10.6946	14.0334	132.9323
-8.5946	81.0701	-10.6949	14.0402	132.9416
-8.5988	81.0755	-10.6953	14.047	132.9508
-8.6029	81.081	-10.6956	14.0539	132.9601
-8.6071	81.0864	-10.6959	14.0607	132.9694
-8.6113	81.0919	-10.6962	14.0675	132.9787
-8.6154	81.0973	-10.6965	14.0743	132.988
-8.6196	81.1027	-10.6969	14.0811	132.9972
-8.6238	81.1082	-10.6972	14.0879	133.0065
-8.6279	81.1136	-10.6975	14.0947	133.0158
-8.6321	81.1191	-10.6978	14.1015	133.0251
-8.6363	81.1245	-10.6981	14.1083	133.0343
-8.6404	81.13	-10.6985	14.1151	133.0436
-8.6446	81.1354	-10.6988	14.1219	133.0529
-8.6487	81.1408	-10.6991	14.1287	133.0621
-8.6529	81.1463	-10.6994	14.1355	133.0714
-8.6571	81.1517	-10.6997	14.1423	133.0807
-8.6612	81.1572	-10.7001	14.1491	133.0899
-8.6654	81.1626	-10.7004	14.156	133.0992
-8.6696	81.168	-10.7007	14.1628	133.1085
-8.6737	81.1735	-10.701	14.1696	133.1177
-8.6779	81.1789	-10.7013	14.1764	133.127
-8.682	81.1843	-10.7017	14.1832	133.1363
-8.6862	81.1898	-10.702	14.19	133.1455
-8.6903	81.1952	-10.7023	14.1968	133.1548
-8.6945	81.2006	-10.7026	14.2035	133.1641
-8.6987	81.2061	-10.7029	14.2103	133.1733
-8.7028	81.2115	-10.7033	14.2171	133.1826
-8.707	81.2169	-10.7036	14.2239	133.1918
-8.7111	81.2224	-10.7039	14.2307	133.2011
-8.7153	81.2278	-10.7042	14.2375	133.2103
-8.7194	81.2332	-10.7045	14.2443	133.2196
-8.7236	81.2387	-10.7048	14.2511	133.2289
-8.7278	81.2441	-10.7052	14.2579	133.2381
-8.7319	81.2495	-10.7055	14.2647	133.2474
-8.7361	81.255	-10.7058	14.2715	133.2566
-8.7402	81.2604	-10.7061	14.2783	133.2659
-8.7444	81.2658	-10.7064	14.2851	133.2751
-8.7485	81.2713	-10.7068	14.2919	133.2844
-8.7527	81.2767	-10.7071	14.2987	133.2936
-8.7568	81.2821	-10.7074	14.3054	133.3029
-8.761	81.2875	-10.7077	14.3122	133.3121
-8.7651	81.293	-10.708	14.319	133.3214
-8.7693	81.2984	-10.7084	14.3258	133.3306
-8.7734	81.3038	-10.7087	14.3326	133.3398
-8.7776	81.3092	-10.709	14.3394	133.3491
-8.7817	81.3147	-10.7093	14.3462	133.3583
-8.7859	81.3201	-10.7096	14.3529	133.3676
-8.79	81.3255	-10.7099	14.3597	133.3768
-8.7942	81.3309	-10.7103	14.3665	133.3861
-8.7983	81.3364	-10.7106	14.3733	133.3953
-8.8025	81.3418	-10.7109	14.3801	133.4045
-8.8066	81.3472	-10.7112	14.3868	133.4138
-8.8108	81.3526	-10.7115	14.3936	133.423
-8.8149	81.358	-10.7119	14.4004	133.4322
-8.8191	81.3635	-10.7122	14.4072	133.4415
-8.8232	81.3689	-10.7125	14.414	133.4507
-8.8274	81.3743	-10.7128	14.4207	133.4599
-8.8315	81.3797	-10.7131	14.4275	133.4692
-8.8357	81.3851	-10.7134	14.4343	133.4784
-8.8398	81.3905	-10.7138	14.4411	133.4876
-8.8439	81.396	-10.7141	14.4478	133.4969
-8.8481	81.4014	-10.7144	14.4546	133.5061
-8.8522	81.4068	-10.7147	14.4614	133.5153
-8.8564	81.4122	-10.715	14.4682	133.5245
-8.8605	81.4176	-10.7154	14.4749	133.5338
-8.8647	81.423	-10.7157	14.4817	133.543
-8.8688	81.4284	-10.716	14.4885	133.5522
-8.8729	81.4339	-10.7163	14.4952	133.5614
-8.8771	81.4393	-10.7166	14.502	133.5706
-8.8812	81.4447	-10.7169	14.5088	133.5799
-8.8854	81.4501	-10.7173	14.5155	133.5891
-8.8895	81.4555	-10.7176	14.5223	133.5983
-8.8936	81.4609	-10.7179	14.5291	133.6075
-8.8978	81.4663	-10.7182	14.5358	133.6167
-8.9019	81.4717	-10.7185	14.5426	133.6259
-8.906	81.4771	-10.7188	14.5494	133.6352
-8.9102	81.4825	-10.7192	14.5561	133.6444
-8.9143	81.4879	-10.7195	14.5629	133.6536
-8.9185	81.4933	-10.7198	14.5696	133.6628
-8.9226	81.4987	-10.7201	14.5764	133.672
-8.9267	81.5042	-10.7204	14.5832	133.6812
-8.9309	81.5096	-10.7207	14.5899	133.6904
-8.935	81.515	-10.7211	14.5967	133.6996
-8.9391	81.5204	-10.7214	14.6034	133.7088
-8.9433	81.5258	-10.7217	14.6102	133.718
-8.9474	81.5312	-10.722	14.6169	133.7272
-8.9515	81.5366	-10.7223	14.6237	133.7364
-8.9556	81.542	-10.7227	14.6304	133.7456
-8.9598	81.5474	-10.723	14.6372	133.7548
-8.9639	81.5528	-10.7233	14.6439	133.764
-8.968	81.5582	-10.7236	14.6507	133.7732
-8.9722	81.5636	-10.7239	14.6575	133.7824
-8.9763	81.569	-10.7242	14.6642	133.7916
-8.9804	81.5743	-10.7246	14.6709	133.8008
-8.9846	81.5797	-10.7249	14.6777	133.81
-8.9887	81.5851	-10.7252	14.6844	133.8192
-8.9928	81.5905	-10.7255	14.6912	133.8284
-8.9969	81.5959	-10.7258	14.6979	133.8376
-9.0011	81.6013	-10.7261	14.7047	133.8468
-9.0052	81.6067	-10.7265	14.7114	133.856
-9.0093	81.6121	-10.7268	14.7182	133.8651
-9.0134	81.6175	-10.7271	14.7249	133.8743
-9.0176	81.6229	-10.7274	14.7317	133.8835
-9.0217	81.6283	-10.7277	14.7384	133.8927
-9.0258	81.6337	-10.728	14.7451	133.9019
-9.0299	81.639	-10.7284	14.7519	133.9111
-9.0341	81.6444	-10.7287	14.7586	133.9202
-9.0382	81.6498	-10.729	14.7653	133.9294
-9.0423	81.6552	-10.7293	14.7721	133.9386
-9.0464	81.6606	-10.7296	14.7788	133.9478
-9.0505	81.666	-10.7299	14.7856	133.9569
-9.0547	81.6714	-10.7302	14.7923	133.9661
-9.0588	81.6767	-10.7306	14.799	133.9753
-9.0629	81.6821	-10.7309	14.8058	133.9845
-9.067	81.6875	-10.7312	14.8125	133.9936
-9.0711	81.6929	-10.7315	14.8192	134.0028
-9.0752	81.6983	-10.7318	14.8259	134.012
-9.0794	81.7037	-10.7321	14.8327	134.0211
-9.0835	81.709	-10.7325	14.8394	134.0303
-9.0876	81.7144	-10.7328	14.8461	134.0395
-9.0917	81.7198	-10.7331	14.8529	134.0486
-9.0958	81.7252	-10.7334	14.8596	134.0578
-9.0999	81.7305	-10.7337	14.8663	134.067
-9.104	81.7359	-10.734	14.873	134.0761
-9.1082	81.7413	-10.7344	14.8798	134.0853
-9.1123	81.7467	-10.7347	14.8865	134.0944
-9.1164	81.752	-10.735	14.8932	134.1036
-9.1205	81.7574	-10.7353	14.8999	134.1128
-9.1246	81.7628	-10.7356	14.9066	134.1219
-9.1287	81.7682	-10.7359	14.9134	134.1311
-9.1328	81.7735	-10.7362	14.9201	134.1402
-9.1369	81.7789	-10.7366	14.9268	134.1494
-9.141	81.7843	-10.7369	14.9335	134.1585
-9.1451	81.7896	-10.7372	14.9402	134.1677
-9.1493	81.795	-10.7375	14.9469	134.1768
-9.1534	81.8004	-10.7378	14.9537	134.186
-9.1575	81.8057	-10.7381	14.9604	134.1951
-9.1616	81.8111	-10.7385	14.9671	134.2042
-9.1657	81.8165	-10.7388	14.9738	134.2134
-9.1698	81.8218	-10.7391	14.9805	134.2225
-9.1739	81.8272	-10.7394	14.9872	134.2317
-9.178	81.8326	-10.7397	14.9939	134.2408
-9.1821	81.8379	-10.74	15.0006	134.2499
-9.1862	81.8433	-10.7403	15.0073	134.2591
-9.1903	81.8487	-10.7407	15.014	134.2682
-9.1944	81.854	-10.741	15.0207	134.2773
-9.1985	81.8594	-10.7413	15.0274	134.2865
-9.2026	81.8647	-10.7416	15.0341	134.2956
-9.2067	81.8701	-10.7419	15.0408	134.3047
-9.2108	81.8754	-10.7422	15.0475	134.3139
-9.2149	81.8808	-10.7425	15.0542	134.323
-9.219	81.8862	-10.7429	15.0609	134.3321
-9.2231	81.8915	-10.7432	15.0676	134.3412
-9.2272	81.8969	-10.7435	15.0743	134.3504
-9.2313	81.9022	-10.7438	15.081	134.3595
-9.2354	81.9076	-10.7441	15.0877	134.3686
-9.2395	81.9129	-10.7444	15.0944	134.3777
-9.2436	81.9183	-10.7447	15.1011	134.3869
-9.2477	81.9236	-10.7451	15.1078	134.396
-9.2518	81.929	-10.7454	15.1145	134.4051
-9.2559	81.9343	-10.7457	15.1212	134.4142
-9.2599	81.9397	-10.746	15.1279	134.4233
-9.264	81.945	-10.7463	15.1346	134.4324
-9.2681	81.9504	-10.7466	15.1413	134.4415
-9.2722	81.9557	-10.7469	15.1479	134.4506
-9.2763	81.9611	-10.7473	15.1546	134.4598
-9.2804	81.9664	-10.7476	15.1613	134.4689
-9.2845	81.9718	-10.7479	15.168	134.478
-9.2886	81.9771	-10.7482	15.1747	134.4871
-9.2927	81.9824	-10.7485	15.1814	134.4962
-9.2967	81.9878	-10.7488	15.188	134.5053
-9.3008	81.9931	-10.7491	15.1947	134.5144
-9.3049	81.9985	-10.7495	15.2014	134.5235
-9.309	82.0038	-10.7498	15.2081	134.5326
-9.3131	82.0091	-10.7501	15.2148	134.5417
-9.3172	82.0145	-10.7504	15.2214	134.5508
-9.3213	82.0198	-10.7507	15.2281	134.5599
-9.3253	82.0251	-10.751	15.2348	134.5689
-9.3294	82.0305	-10.7513	15.2415	134.578
-9.3335	82.0358	-10.7516	15.2481	134.5871
-9.3376	82.0412	-10.752	15.2548	134.5962
-9.3417	82.0465	-10.7523	15.2615	134.6053
-9.3457	82.0518	-10.7526	15.2681	134.6144
-9.3498	82.0571	-10.7529	15.2748	134.6235
-9.3539	82.0625	-10.7532	15.2815	134.6326
-9.358	82.0678	-10.7535	15.2881	134.6416
-9.3621	82.0731	-10.7538	15.2948	134.6507
-9.3661	82.0785	-10.7541	15.3015	134.6598
-9.3702	82.0838	-10.7545	15.3081	134.6689
-9.3743	82.0891	-10.7548	15.3148	134.6779
-9.3784	82.0944	-10.7551	15.3215	134.687
-9.3824	82.0998	-10.7554	15.3281	134.6961
-9.3865	82.1051	-10.7557	15.3348	134.7052
-9.3906	82.1104	-10.756	15.3414	134.7142
-9.3947	82.1157	-10.7563	15.3481	134.7233
-9.3987	82.1211	-10.7566	15.3547	134.7324
-9.4028	82.1264	-10.757	15.3614	134.7414
-9.4069	82.1317	-10.7573	15.3681	134.7505
-9.4109	82.137	-10.7576	15.3747	134.7596
-9.415	82.1423	-10.7579	15.3814	134.7686
-9.4191	82.1477	-10.7582	15.388	134.7777
-9.4231	82.153	-10.7585	15.3947	134.7868
-9.4272	82.1583	-10.7588	15.4013	134.7958
-9.4313	82.1636	-10.7591	15.408	134.8049
-9.4353	82.1689	-10.7595	15.4146	134.8139
-9.4394	82.1742	-10.7598	15.4212	134.823
-9.4435	82.1795	-10.7601	15.4279	134.832
-9.4475	82.1849	-10.7604	15.4345	134.8411
-9.4516	82.1902	-10.7607	15.4412	134.8501
-9.4557	82.1955	-10.761	15.4478	134.8592
-9.4597	82.2008	-10.7613	15.4545	134.8682
-9.4638	82.2061	-10.7616	15.4611	134.8773
-9.4678	82.2114	-10.762	15.4677	134.8863
-9.4719	82.2167	-10.7623	15.4744	134.8953
-9.476	82.222	-10.7626	15.481	134.9044
-9.48	82.2273	-10.7629	15.4876	134.9134
-9.4841	82.2326	-10.7632	15.4943	134.9225
-9.4881	82.2379	-10.7635	15.5009	134.9315
-9.4922	82.2432	-10.7638	15.5075	134.9405
-9.4962	82.2485	-10.7641	15.5142	134.9496
-9.5003	82.2538	-10.7644	15.5208	134.9586
-9.5044	82.2591	-10.7648	15.5274	134.9676
-9.5084	82.2644	-10.7651	15.5341	134.9767
-9.5125	82.2697	-10.7654	15.5407	134.9857
-9.5165	82.275	-10.7657	15.5473	134.9947
-9.5206	82.2803	-10.766	15.5539	135.0037
-9.5246	82.2856	-10.7663	15.5606	135.0128
-9.5287	82.2909	-10.7666	15.5672	135.0218
-9.5327	82.2962	-10.7669	15.5738	135.0308
-9.5368	82.3015	-10.7672	15.5804	135.0398
-9.5408	82.3068	-10.7676	15.587	135.0488
-9.5449	82.3121	-10.7679	15.5937	135.0578
-9.5489	82.3174	-10.7682	15.6003	135.0669
-9.553	82.3227	-10.7685	15.6069	135.0759
-9.557	82.3279	-10.7688	15.6135	135.0849
-9.5611	82.3332	-10.7691	15.6201	135.0939
-9.5651	82.3385	-10.7694	15.6267	135.1029
-9.5691	82.3438	-10.7697	15.6333	135.1119
-9.5732	82.3491	-10.77	15.6399	135.1209
-9.5772	82.3544	-10.7703	15.6466	135.1299
-9.5813	82.3597	-10.7707	15.6532	135.1389
-9.5853	82.3649	-10.771	15.6598	135.1479
-9.5894	82.3702	-10.7713	15.6664	135.1569
-9.5934	82.3755	-10.7716	15.673	135.1659
-9.5974	82.3808	-10.7719	15.6796	135.1749
-9.6015	82.3861	-10.7722	15.6862	135.1839
-9.6055	82.3913	-10.7725	15.6928	135.1929
-9.6095	82.3966	-10.7728	15.6994	135.2019
-9.6136	82.4019	-10.7731	15.706	135.2109
-9.6176	82.4072	-10.7734	15.7126	135.2199
-9.6216	82.4124	-10.7738	15.7192	135.2288
-9.6257	82.4177	-10.7741	15.7258	135.2378
-9.6297	82.423	-10.7744	15.7324	135.2468
-9.6337	82.4282	-10.7747	15.7389	135.2558
-9.6378	82.4335	-10.775	15.7455	135.2648
-9.6418	82.4388	-10.7753	15.7521	135.2737
-9.6458	82.4441	-10.7756	15.7587	135.2827
-9.6499	82.4493	-10.7759	15.7653	135.2917
-9.6539	82.4546	-10.7762	15.7719	135.3007
-9.6579	82.4598	-10.7765	15.7785	135.3096
-9.662	82.4651	-10.7768	15.7851	135.3186
-9.666	82.4704	-10.7772	15.7916	135.3276
-9.67	82.4756	-10.7775	15.7982	135.3365
-9.674	82.4809	-10.7778	15.8048	135.3455
-9.6781	82.4862	-10.7781	15.8114	135.3545
-9.6821	82.4914	-10.7784	15.818	135.3634
-9.6861	82.4967	-10.7787	15.8245	135.3724
-9.6901	82.5019	-10.779	15.8311	135.3814
-9.6942	82.5072	-10.7793	15.8377	135.3903
-9.6982	82.5124	-10.7796	15.8443	135.3993
-9.7022	82.5177	-10.7799	15.8508	135.4082
-9.7062	82.523	-10.7802	15.8574	135.4172
-9.7102	82.5282	-10.7806	15.864	135.4261
-9.7143	82.5335	-10.7809	15.8705	135.4351
-9.7183	82.5387	-10.7812	15.8771	135.444
-9.7223	82.544	-10.7815	15.8837	135.453
-9.7263	82.5492	-10.7818	15.8902	135.4619
-9.7303	82.5545	-10.7821	15.8968	135.4709
-9.7343	82.5597	-10.7824	15.9034	135.4798
-9.7383	82.565	-10.7827	15.9099	135.4887
-9.7424	82.5702	-10.783	15.9165	135.4977
-9.7464	82.5754	-10.7833	15.9231	135.5066
-9.7504	82.5807	-10.7836	15.9296	135.5155
-9.7544	82.5859	-10.7839	15.9362	135.5245
-9.7584	82.5912	-10.7842	15.9427	135.5334
-9.7624	82.5964	-10.7846	15.9493	135.5423
-9.7664	82.6016	-10.7849	15.9558	135.5513
-9.7704	82.6069	-10.7852	15.9624	135.5602
-9.7744	82.6121	-10.7855	15.9689	135.5691
-9.7784	82.6174	-10.7858	15.9755	135.578
-9.7824	82.6226	-10.7861	15.982	135.587
-9.7865	82.6278	-10.7864	15.9886	135.5959
-9.7905	82.6331	-10.7867	15.9951	135.6048
-9.7945	82.6383	-10.787	16.0017	135.6137
-9.7985	82.6435	-10.7873	16.0082	135.6226
-9.8025	82.6488	-10.7876	16.0148	135.6315
-9.8065	82.654	-10.7879	16.0213	135.6404
-9.8105	82.6592	-10.7882	16.0278	135.6493
-9.8145	82.6644	-10.7885	16.0344	135.6583
-9.8185	82.6697	-10.7889	16.0409	135.6672
-9.8225	82.6749	-10.7892	16.0474	135.6761
-9.8265	82.6801	-10.7895	16.054	135.685
-9.8305	82.6853	-10.7898	16.0605	135.6939
-9.8344	82.6906	-10.7901	16.067	135.7028
-9.8384	82.6958	-10.7904	16.0736	135.7117
-9.8424	82.701	-10.7907	16.0801	135.7206
-9.8464	82.7062	-10.791	16.0866	135.7294
-9.8504	82.7114	-10.7913	16.0932	135.7383
-9.8544	82.7167	-10.7916	16.0997	135.7472
-9.8584	82.7219	-10.7919	16.1062	135.7561
-9.8624	82.7271	-10.7922	16.1127	135.765
-9.8664	82.7323	-10.7925	16.1192	135.7739
-9.8704	82.7375	-10.7928	16.1258	135.7828
-9.8744	82.7427	-10.7931	16.1323	135.7916
-9.8783	82.7479	-10.7935	16.1388	135.8005
-9.8823	82.7531	-10.7938	16.1453	135.8094
-9.8863	82.7584	-10.7941	16.1518	135.8183
-9.8903	82.7636	-10.7944	16.1583	135.8272
-9.8943	82.7688	-10.7947	16.1649	135.836
-9.8983	82.774	-10.795	16.1714	135.8449
-9.9023	82.7792	-10.7953	16.1779	135.8538
-9.9062	82.7844	-10.7956	16.1844	135.8626
-9.9102	82.7896	-10.7959	16.1909	135.8715
-9.9142	82.7948	-10.7962	16.1974	135.8804
-9.9182	82.8	-10.7965	16.2039	135.8892
-9.9222	82.8052	-10.7968	16.2104	135.8981
-9.9261	82.8104	-10.7971	16.2169	135.9069
-9.9301	82.8156	-10.7974	16.2234	135.9158
-9.9341	82.8208	-10.7977	16.2299	135.9246
-9.9381	82.826	-10.798	16.2364	135.9335
-9.942	82.8312	-10.7983	16.2429	135.9423
-9.946	82.8364	-10.7986	16.2494	135.9512
-9.95	82.8416	-10.7989	16.2559	135.96
-9.9539	82.8467	-10.7993	16.2624	135.9689
-9.9579	82.8519	-10.7996	16.2689	135.9777
-9.9619	82.8571	-10.7999	16.2754	135.9866
-9.9659	82.8623	-10.8002	16.2819	135.9954
-9.9698	82.8675	-10.8005	16.2883	136.0042
-9.9738	82.8727	-10.8008	16.2948	136.0131
-9.9778	82.8779	-10.8011	16.3013	136.0219
-9.9817	82.8831	-10.8014	16.3078	136.0307
-9.9857	82.8882	-10.8017	16.3143	136.0396
-9.9897	82.8934	-10.802	16.3208	136.0484
-9.9936	82.8986	-10.8023	16.3272	136.0572
-9.9976	82.9038	-10.8026	16.3337	136.0661
-10.0015	82.909	-10.8029	16.3402	136.0749
-10.0055	82.9141	-10.8032	16.3467	136.0837
-10.0095	82.9193	-10.8035	16.3531	136.0925
-10.0134	82.9245	-10.8038	16.3596	136.1013
-10.0174	82.9297	-10.8041	16.3661	136.1102
-10.0213	82.9348	-10.8044	16.3725	136.119
-10.0253	82.94	-10.8047	16.379	136.1278
-10.0292	82.9452	-10.805	16.3855	136.1366
-10.0332	82.9503	-10.8053	16.3919	136.1454
-10.0372	82.9555	-10.8056	16.3984	136.1542
-10.0411	82.9607	-10.8059	16.4049	136.163
-10.0451	82.9658	-10.8062	16.4113	136.1718
-10.049	82.971	-10.8065	16.4178	136.1806
-10.053	82.9762	-10.8069	16.4243	136.1894
-10.0569	82.9813	-10.8072	16.4307	136.1982
-10.0609	82.9865	-10.8075	16.4372	136.207
-10.0648	82.9916	-10.8078	16.4436	136.2158
-10.0688	82.9968	-10.8081	16.4501	136.2246
-10.0727	83.002	-10.8084	16.4565	136.2334
-10.0767	83.0071	-10.8087	16.463	136.2422
-10.0806	83.0123	-10.809	16.4694	136.2509
-10.0845	83.0174	-10.8093	16.4759	136.2597
-10.0885	83.0226	-10.8096	16.4823	136.2685
-10.0924	83.0277	-10.8099	16.4888	136.2773
-10.0964	83.0329	-10.8102	16.4952	136.2861
-10.1003	83.038	-10.8105	16.5016	136.2948
-10.1042	83.0432	-10.8108	16.5081	136.3036
-10.1082	83.0483	-10.8111	16.5145	136.3124
-10.1121	83.0535	-10.8114	16.521	136.3211
-10.1161	83.0586	-10.8117	16.5274	136.3299
-10.12	83.0638	-10.812	16.5338	136.3387
-10.1239	83.0689	-10.8123	16.5403	136.3474
-10.1279	83.0741	-10.8126	16.5467	136.3562
-10.1318	83.0792	-10.8129	16.5531	136.365
-10.1357	83.0843	-10.8132	16.5595	136.3737
-10.1397	83.0895	-10.8135	16.566	136.3825
-10.1436	83.0946	-10.8138	16.5724	136.3912
-10.1475	83.0997	-10.8141	16.5788	136.4
-10.1515	83.1049	-10.8144	16.5852	136.4087
-10.1554	83.11	-10.8147	16.5917	136.4175
-10.1593	83.1152	-10.815	16.5981	136.4262
-10.1632	83.1203	-10.8153	16.6045	136.435
-10.1672	83.1254	-10.8156	16.6109	136.4437
-10.1711	83.1305	-10.8159	16.6173	136.4525
-10.175	83.1357	-10.8162	16.6238	136.4612
-10.1789	83.1408	-10.8165	16.6302	136.4699
-10.1828	83.1459	-10.8168	16.6366	136.4787
-10.1868	83.151	-10.8171	16.643	136.4874
-10.1907	83.1562	-10.8174	16.6494	136.4961
-10.1946	83.1613	-10.8177	16.6558	136.5049
-10.1985	83.1664	-10.818	16.6622	136.5136
-10.2024	83.1715	-10.8183	16.6686	136.5223
-10.2064	83.1767	-10.8186	16.675	136.531
-10.2103	83.1818	-10.8189	16.6814	136.5397
-10.2142	83.1869	-10.8192	16.6878	136.5485
-10.2181	83.192	-10.8195	16.6942	136.5572
-10.222	83.1971	-10.8198	16.7006	136.5659
-10.2259	83.2022	-10.8201	16.707	136.5746
-10.2298	83.2073	-10.8204	16.7134	136.5833
-10.2338	83.2125	-10.8207	16.7198	136.592
-10.2377	83.2176	-10.821	16.7262	136.6007
-10.2416	83.2227	-10.8213	16.7326	136.6094
-10.2455	83.2278	-10.8216	16.739	136.6181
-10.2494	83.2329	-10.8219	16.7453	136.6268
-10.2533	83.238	-10.8222	16.7517	136.6355
-10.2572	83.2431	-10.8225	16.7581	136.6442
-10.2611	83.2482	-10.8228	16.7645	136.6529
-10.265	83.2533	-10.8231	16.7709	136.6616
-10.2689	83.2584	-10.8234	16.7772	136.6703
-10.2728	83.2635	-10.8237	16.7836	136.679
-10.2767	83.2686	-10.824	16.79	136.6877
-10.2806	83.2737	-10.8243	16.7964	136.6964
-10.2845	83.2788	-10.8246	16.8027	136.705
-10.2884	83.2839	-10.8249	16.8091	136.7137
-10.2923	83.289	-10.8252	16.8155	136.7224
-10.2962	83.2941	-10.8255	16.8219	136.7311
-10.3001	83.2991	-10.8258	16.8282	136.7397
-10.304	83.3042	-10.8261	16.8346	136.7484
-10.3079	83.3093	-10.8264	16.8409	136.7571
-10.3118	83.3144	-10.8267	16.8473	136.7657
-10.3156	83.3195	-10.827	16.8537	136.7744
-10.3195	83.3246	-10.8273	16.86	136.7831
-10.3234	83.3297	-10.8276	16.8664	136.7917
-10.3273	83.3347	-10.8279	16.8727	136.8004
-10.3312	83.3398	-10.8282	16.8791	136.809
-10.3351	83.3449	-10.8285	16.8854	136.8177
-10.339	83.35	-10.8288	16.8918	136.8264
-10.3429	83.3551	-10.8291	16.8981	136.835
-10.3467	83.3601	-10.8294	16.9045	136.8437
-10.3506	83.3652	-10.8297	16.9108	136.8523
-10.3545	83.3703	-10.83	16.9172	136.8609
-10.3584	83.3753	-10.8303	16.9235	136.8696
-10.3623	83.3804	-10.8306	16.9299	136.8782
-10.3661	83.3855	-10.8309	16.9362	136.8869
-10.37	83.3906	-10.8312	16.9425	136.8955
-10.3739	83.3956	-10.8315	16.9489	136.9041
-10.3778	83.4007	-10.8318	16.9552	136.9128
-10.3816	83.4057	-10.8321	16.9615	136.9214
-10.3855	83.4108	-10.8324	16.9679	136.93
-10.3894	83.4159	-10.8327	16.9742	136.9386
-10.3933	83.4209	-10.833	16.9805	136.9473
-10.3971	83.426	-10.8333	16.9869	136.9559
-10.401	83.431	-10.8336	16.9932	136.9645
-10.4049	83.4361	-10.8339	16.9995	136.9731
-10.4087	83.4412	-10.8341	17.0058	136.9817
-10.4126	83.4462	-10.8344	17.0122	136.9903
-10.4165	83.4513	-10.8347	17.0185	136.9989
-10.4203	83.4563	-10.835	17.0248	137.0075
-10.4242	83.4614	-10.8353	17.0311	137.0162
-10.4281	83.4664	-10.8356	17.0374	137.0248
-10.4319	83.4715	-10.8359	17.0437	137.0334
-10.4358	83.4765	-10.8362	17.05	137.042
-10.4396	83.4816	-10.8365	17.0564	137.0505
-10.4435	83.4866	-10.8368	17.0627	137.0591
-10.4474	83.4916	-10.8371	17.069	137.0677
-10.4512	83.4967	-10.8374	17.0753	137.0763
-10.4551	83.5017	-10.8377	17.0816	137.0849
-10.4589	83.5068	-10.838	17.0879	137.0935
-10.4628	83.5118	-10.8383	17.0942	137.1021
-10.4666	83.5168	-10.8386	17.1005	137.1107
-10.4705	83.5219	-10.8389	17.1068	137.1192
-10.4743	83.5269	-10.8392	17.1131	137.1278
-10.4782	83.5319	-10.8395	17.1194	137.1364
-10.482	83.537	-10.8398	17.1257	137.145
-10.4859	83.542	-10.8401	17.1319	137.1535
-10.4897	83.547	-10.8404	17.1382	137.1621
-10.4936	83.552	-10.8407	17.1445	137.1707
-10.4974	83.5571	-10.841	17.1508	137.1792
-10.5013	83.5621	-10.8412	17.1571	137.1878
-10.5051	83.5671	-10.8415	17.1634	137.1963
-10.5089	83.5721	-10.8418	17.1697	137.2049
-10.5128	83.5772	-10.8421	17.1759	137.2135
-10.5166	83.5822	-10.8424	17.1822	137.222
-10.5205	83.5872	-10.8427	17.1885	137.2306
-10.5243	83.5922	-10.843	17.1948	137.2391
-10.5281	83.5972	-10.8433	17.201	137.2476
-10.532	83.6022	-10.8436	17.2073	137.2562
-10.5358	83.6072	-10.8439	17.2136	137.2647
-10.5396	83.6123	-10.8442	17.2198	137.2733
-10.5435	83.6173	-10.8445	17.2261	137.2818
-10.5473	83.6223	-10.8448	17.2324	137.2903
-10.5511	83.6273	-10.8451	17.2386	137.2989
-10.555	83.6323	-10.8454	17.2449	137.3074
-10.5588	83.6373	-10.8457	17.2512	137.3159
-10.5626	83.6423	-10.846	17.2574	137.3244
-10.5665	83.6473	-10.8463	17.2637	137.333
-10.5703	83.6523	-10.8465	17.2699	137.3415
-10.5741	83.6573	-10.8468	17.2762	137.35
-10.5779	83.6623	-10.8471	17.2824	137.3585
-10.5817	83.6673	-10.8474	17.2887	137.367
-10.5856	83.6723	-10.8477	17.2949	137.3755
-10.5894	83.6773	-10.848	17.3012	137.3841
-10.5932	83.6823	-10.8483	17.3074	137.3926
-10.597	83.6873	-10.8486	17.3136	137.4011
-10.6008	83.6922	-10.8489	17.3199	137.4096
-10.6047	83.6972	-10.8492	17.3261	137.4181
-10.6085	83.7022	-10.8495	17.3324	137.4266
-10.6123	83.7072	-10.8498	17.3386	137.4351
-10.6161	83.7122	-10.8501	17.3448	137.4435
-10.6199	83.7172	-10.8504	17.3511	137.452
-10.6237	83.7222	-10.8506	17.3573	137.4605
-10.6275	83.7271	-10.8509	17.3635	137.469
-10.6313	83.7321	-10.8512	17.3697	137.4775
-10.6352	83.7371	-10.8515	17.376	137.486
-10.639	83.7421	-10.8518	17.3822	137.4944
-10.6428	83.747	-10.8521	17.3884	137.5029
-10.6466	83.752	-10.8524	17.3946	137.5114
-10.6504	83.757	-10.8527	17.4009	137.5199
-10.6542	83.762	-10.853	17.4071	137.5283
-10.658	83.7669	-10.8533	17.4133	137.5368
-10.6618	83.7719	-10.8536	17.4195	137.5453
-10.6656	83.7769	-10.8539	17.4257	137.5537
-10.6694	83.7818	-10.8541	17.4319	137.5622
-10.6732	83.7868	-10.8544	17.4381	137.5706
-10.677	83.7917	-10.8547	17.4443	137.5791
-10.6808	83.7967	-10.855	17.4505	137.5876
-10.6846	83.8017	-10.8553	17.4567	137.596
-10.6884	83.8066	-10.8556	17.4629	137.6045
-10.6921	83.8116	-10.8559	17.4691	137.6129
-10.6959	83.8165	-10.8562	17.4753	137.6213
-10.6997	83.8215	-10.8565	17.4815	137.6298
-10.7035	83.8264	-10.8568	17.4877	137.6382
-10.7073	83.8314	-10.8571	17.4939	137.6467
-10.7111	83.8363	-10.8574	17.5001	137.6551
-10.7149	83.8413	-10.8576	17.5063	137.6635
-10.7187	83.8462	-10.8579	17.5125	137.6719
-10.7224	83.8512	-10.8582	17.5187	137.6804
-10.7262	83.8561	-10.8585	17.5249	137.6888
-10.73	83.8611	-10.8588	17.531	137.6972
-10.7338	83.866	-10.8591	17.5372	137.7056
-10.7376	83.8709	-10.8594	17.5434	137.7141
-10.7413	83.8759	-10.8597	17.5496	137.7225
-10.7451	83.8808	-10.86	17.5557	137.7309
-10.7489	83.8858	-10.8603	17.5619	137.7393
-10.7527	83.8907	-10.8605	17.5681	137.7477
-10.7565	83.8956	-10.8608	17.5743	137.7561
-10.7602	83.9006	-10.8611	17.5804	137.7645
-10.764	83.9055	-10.8614	17.5866	137.7729
-10.7678	83.9104	-10.8617	17.5928	137.7813
-10.7715	83.9153	-10.862	17.5989	137.7897
-10.7753	83.9203	-10.8623	17.6051	137.7981
-10.7791	83.9252	-10.8626	17.6112	137.8065
-10.7828	83.9301	-10.8629	17.6174	137.8149
-10.7866	83.935	-10.8631	17.6235	137.8232
-10.7904	83.94	-10.8634	17.6297	137.8316
-10.7941	83.9449	-10.8637	17.6359	137.84
-10.7979	83.9498	-10.864	17.642	137.8484
-10.8017	83.9547	-10.8643	17.6481	137.8568
-10.8054	83.9596	-10.8646	17.6543	137.8651
-10.8092	83.9645	-10.8649	17.6604	137.8735
-10.8129	83.9694	-10.8652	17.6666	137.8819
-10.8167	83.9744	-10.8655	17.6727	137.8902
-10.8204	83.9793	-10.8657	17.6789	137.8986
-10.8242	83.9842	-10.866	17.685	137.907
-10.8279	83.9891	-10.8663	17.6911	137.9153
-10.8317	83.994	-10.8666	17.6973	137.9237
-10.8354	83.9989	-10.8669	17.7034	137.932
-10.8392	84.0038	-10.8672	17.7095	137.9404
-10.8429	84.0087	-10.8675	17.7157	137.9487
-10.8467	84.0136	-10.8678	17.7218	137.9571
-10.8504	84.0185	-10.868	17.7279	137.9654
-10.8542	84.0234	-10.8683	17.734	137.9738
-10.8579	84.0283	-10.8686	17.7401	137.9821
-10.8617	84.0332	-10.8689	17.7463	137.9904
-10.8654	84.038	-10.8692	17.7524	137.9988
-10.8692	84.0429	-10.8695	17.7585	138.0071
-10.8729	84.0478	-10.8698	17.7646	138.0154
-10.8766	84.0527	-10.8701	17.7707	138.0238
-10.8804	84.0576	-10.8703	17.7768	138.0321
-10.8841	84.0625	-10.8706	17.7829	138.0404
-10.8878	84.0674	-10.8709	17.789	138.0487
-10.8916	84.0722	-10.8712	17.7951	138.057
-10.8953	84.0771	-10.8715	17.8013	138.0653
-10.899	84.082	-10.8718	17.8074	138.0737
-10.9028	84.0869	-10.8721	17.8134	138.082
-10.9065	84.0917	-10.8723	17.8195	138.0903
-10.9102	84.0966	-10.8726	17.8256	138.0986
-10.914	84.1015	-10.8729	17.8317	138.1069
-10.9177	84.1064	-10.8732	17.8378	138.1152
-10.9214	84.1112	-10.8735	17.8439	138.1235
-10.9251	84.1161	-10.8738	17.85	138.1318
-10.9289	84.121	-10.8741	17.8561	138.14
-10.9326	84.1258	-10.8743	17.8622	138.1483
-10.9363	84.1307	-10.8746	17.8682	138.1566
-10.94	84.1355	-10.8749	17.8743	138.1649
-10.9437	84.1404	-10.8752	17.8804	138.1732
-10.9474	84.1453	-10.8755	17.8865	138.1815
-10.9512	84.1501	-10.8758	17.8926	138.1897
-10.9549	84.155	-10.8761	17.8986	138.198
-10.9586	84.1598	-10.8763	17.9047	138.2063
-10.9623	84.1647	-10.8766	17.9108	138.2145
-10.966	84.1695	-10.8769	17.9168	138.2228
-10.9697	84.1744	-10.8772	17.9229	138.2311
-10.9734	84.1792	-10.8775	17.929	138.2393
-10.9771	84.1841	-10.8778	17.935	138.2476
-10.9808	84.1889	-10.878	17.9411	138.2558
-10.9846	84.1938	-10.8783	17.9471	138.2641
-10.9883	84.1986	-10.8786	17.9532	138.2723
-10.992	84.2034	-10.8789	17.9592	138.2806
-10.9957	84.2083	-10.8792	17.9653	138.2888
-10.9994	84.2131	-10.8795	17.9713	138.2971
-11.0031	84.2179	-10.8798	17.9774	138.3053
-11.0068	84.2228	-10.88	17.9834	138.3135
-11.0105	84.2276	-10.8803	17.9895	138.3218
-11.0142	84.2324	-10.8806	17.9955	138.33
-11.0178	84.2373	-10.8809	18.0016	138.3382
-11.0215	84.2421	-10.8812	18.0076	138.3465
-11.0252	84.2469	-10.8815	18.0136	138.3547
-11.0289	84.2517	-10.8817	18.0197	138.3629
-11.0326	84.2566	-10.882	18.0257	138.3711
-11.0363	84.2614	-10.8823	18.0317	138.3793
-11.04	84.2662	-10.8826	18.0378	138.3876
-11.0437	84.271	-10.8829	18.0438	138.3958
-11.0474	84.2758	-10.8832	18.0498	138.404
-11.051	84.2807	-10.8834	18.0558	138.4122
-11.0547	84.2855	-10.8837	18.0619	138.4204
-11.0584	84.2903	-10.884	18.0679	138.4286
-11.0621	84.2951	-10.8843	18.0739	138.4368
-11.0658	84.2999	-10.8846	18.0799	138.445
-11.0694	84.3047	-10.8848	18.0859	138.4532
-11.0731	84.3095	-10.8851	18.0919	138.4613
-11.0768	84.3143	-10.8854	18.0979	138.4695
-11.0805	84.3191	-10.8857	18.1039	138.4777
-11.0841	84.3239	-10.886	18.11	138.4859
-11.0878	84.3287	-10.8863	18.116	138.4941
-11.0915	84.3335	-10.8865	18.122	138.5023
-11.0952	84.3383	-10.8868	18.128	138.5104
-11.0988	84.3431	-10.8871	18.134	138.5186
-11.1025	84.3479	-10.8874	18.1399	138.5268
-11.1062	84.3527	-10.8877	18.1459	138.5349
-11.1098	84.3575	-10.8879	18.1519	138.5431
-11.1135	84.3623	-10.8882	18.1579	138.5512
-11.1172	84.3671	-10.8885	18.1639	138.5594
-11.1208	84.3719	-10.8888	18.1699	138.5676
-11.1245	84.3766	-10.8891	18.1759	138.5757
-11.1281	84.3814	-10.8894	18.1819	138.5839
-11.1318	84.3862	-10.8896	18.1878	138.592
-11.1355	84.391	-10.8899	18.1938	138.6001
-11.1391	84.3958	-10.8902	18.1998	138.6083
-11.1428	84.4005	-10.8905	18.2058	138.6164
-11.1464	84.4053	-10.8908	18.2117	138.6246
-11.1501	84.4101	-10.891	18.2177	138.6327
-11.1537	84.4149	-10.8913	18.2237	138.6408
-11.1574	84.4196	-10.8916	18.2296	138.649
-11.161	84.4244	-10.8919	18.2356	138.6571
-11.1647	84.4292	-10.8922	18.2416	138.6652
-11.1683	84.4339	-10.8924	18.2475	138.6733
-11.1719	84.4387	-10.8927	18.2535	138.6814
-11.1756	84.4434	-10.893	18.2594	138.6895
-11.1792	84.4482	-10.8933	18.2654	138.6977
-11.1829	84.453	-10.8936	18.2713	138.7058
-11.1865	84.4577	-10.8938	18.2773	138.7139
-11.1902	84.4625	-10.8941	18.2832	138.722
-11.1938	84.4672	-10.8944	18.2892	138.7301
-11.1974	84.472	-10.8947	18.2951	138.7382
-11.2011	84.4767	-10.8949	18.3011	138.7463
-11.2047	84.4815	-10.8952	18.307	138.7544
-11.2083	84.4862	-10.8955	18.3129	138.7624
-11.212	84.491	-10.8958	18.3189	138.7705
-11.2156	84.4957	-10.8961	18.3248	138.7786
-11.2192	84.5005	-10.8963	18.3307	138.7867
-11.2228	84.5052	-10.8966	18.3367	138.7948
-11.2265	84.5099	-10.8969	18.3426	138.8028
-11.2301	84.5147	-10.8972	18.3485	138.8109
-11.2337	84.5194	-10.8975	18.3545	138.819
-11.2373	84.5241	-10.8977	18.3604	138.8271
-11.241	84.5289	-10.898	18.3663	138.8351
-11.2446	84.5336	-10.8983	18.3722	138.8432
-11.2482	84.5383	-10.8986	18.3781	138.8512
-11.2518	84.5431	-10.8988	18.384	138.8593
-11.2554	84.5478	-10.8991	18.39	138.8674
-11.259	84.5525	-10.8994	18.3959	138.8754
-11.2627	84.5572	-10.8997	18.4018	138.8834
-11.2663	84.562	-10.9	18.4077	138.8915
-11.2699	84.5667	-10.9002	18.4136	138.8995
-11.2735	84.5714	-10.9005	18.4195	138.9076
-11.2771	84.5761	-10.9008	18.4254	138.9156
-11.2807	84.5808	-10.9011	18.4313	138.9236
-11.2843	84.5855	-10.9013	18.4372	138.9317
-11.2879	84.5903	-10.9016	18.4431	138.9397
-11.2915	84.595	-10.9019	18.449	138.9477
-11.2951	84.5997	-10.9022	18.4548	138.9558
-11.2987	84.6044	-10.9024	18.4607	138.9638
-11.3023	84.6091	-10.9027	18.4666	138.9718
-11.3059	84.6138	-10.903	18.4725	138.9798
-11.3095	84.6185	-10.9033	18.4784	138.9878
-11.3131	84.6232	-10.9035	18.4843	138.9958
-11.3167	84.6279	-10.9038	18.4901	139.0038
-11.3203	84.6326	-10.9041	18.496	139.0118
-11.3239	84.6373	-10.9044	18.5019	139.0198
-11.3275	84.642	-10.9046	18.5077	139.0278
-11.3311	84.6467	-10.9049	18.5136	139.0358
-11.3347	84.6514	-10.9052	18.5195	139.0438
-11.3383	84.656	-10.9055	18.5253	139.0518
-11.3418	84.6607	-10.9057	18.5312	139.0598
-11.3454	84.6654	-10.906	18.5371	139.0678
-11.349	84.6701	-10.9063	18.5429	139.0757
-11.3526	84.6748	-10.9066	18.5488	139.0837
-11.3562	84.6795	-10.9068	18.5546	139.0917
-11.3597	84.6841	-10.9071	18.5605	139.0997
-11.3633	84.6888	-10.9074	18.5663	139.1076
-11.3669	84.6935	-10.9077	18.5722	139.1156
-11.3705	84.6982	-10.9079	18.578	139.1236
-11.3741	84.7028	-10.9082	18.5839	139.1315
-11.3776	84.7075	-10.9085	18.5897	139.1395
-11.3812	84.7122	-10.9088	18.5955	139.1474
-11.3848	84.7168	-10.909	18.6014	139.1554
-11.3883	84.7215	-10.9093	18.6072	139.1633
-11.3919	84.7262	-10.9096	18.613	139.1713
-11.3955	84.7308	-10.9099	18.6189	139.1792
-11.399	84.7355	-10.9101	18.6247	139.1872
-11.4026	84.7401	-10.9104	18.6305	139.1951
-11.4062	84.7448	-10.9107	18.6364	139.203
-11.4097	84.7495	-10.911	18.6422	139.211
-11.4133	84.7541	-10.9112	18.648	139.2189
-11.4168	84.7588	-10.9115	18.6538	139.2268
-11.4204	84.7634	-10.9118	18.6596	139.2347
-11.424	84.7681	-10.912	18.6654	139.2427
-11.4275	84.7727	-10.9123	18.6713	139.2506
-11.4311	84.7773	-10.9126	18.6771	139.2585
-11.4346	84.782	-10.9129	18.6829	139.2664
-11.4382	84.7866	-10.9131	18.6887	139.2743
-11.4417	84.7913	-10.9134	18.6945	139.2822
-11.4453	84.7959	-10.9137	18.7003	139.2901
-11.4488	84.8005	-10.914	18.7061	139.298
-11.4524	84.8052	-10.9142	18.7119	139.3059
-11.4559	84.8098	-10.9145	18.7177	139.3138
-11.4594	84.8144	-10.9148	18.7235	139.3217
-11.463	84.8191	-10.915	18.7292	139.3296
-11.4665	84.8237	-10.9153	18.735	139.3375
-11.4701	84.8283	-10.9156	18.7408	139.3453
-11.4736	84.8329	-10.9159	18.7466	139.3532
-11.4771	84.8376	-10.9161	18.7524	139.3611
-11.4807	84.8422	-10.9164	18.7582	139.369
-11.4842	84.8468	-10.9167	18.7639	139.3768
-11.4877	84.8514	-10.9169	18.7697	139.3847
-11.4913	84.856	-10.9172	18.7755	139.3926
-11.4948	84.8607	-10.9175	18.7813	139.4004
-11.4983	84.8653	-10.9178	18.787	139.4083
-11.5019	84.8699	-10.918	18.7928	139.4161
-11.5054	84.8745	-10.9183	18.7986	139.424
-11.5089	84.8791	-10.9186	18.8043	139.4319
-11.5124	84.8837	-10.9188	18.8101	139.4397
-11.516	84.8883	-10.9191	18.8158	139.4475
-11.5195	84.8929	-10.9194	18.8216	139.4554
-11.523	84.8975	-10.9196	18.8273	139.4632
-11.5265	84.9021	-10.9199	18.8331	139.4711
-11.53	84.9067	-10.9202	18.8388	139.4789
-11.5335	84.9113	-10.9205	18.8446	139.4867
-11.5371	84.9159	-10.9207	18.8503	139.4945
-11.5406	84.9205	-10.921	18.8561	139.5024
-11.5441	84.9251	-10.9213	18.8618	139.5102
-11.5476	84.9296	-10.9215	18.8675	139.518
-11.5511	84.9342	-10.9218	18.8733	139.5258
-11.5546	84.9388	-10.9221	18.879	139.5336
-11.5581	84.9434	-10.9223	18.8847	139.5414
-11.5616	84.948	-10.9226	18.8905	139.5492
-11.5651	84.9526	-10.9229	18.8962	139.557
-11.5686	84.9571	-10.9231	18.9019	139.5648
-11.5721	84.9617	-10.9234	18.9076	139.5726
-11.5756	84.9663	-10.9237	18.9134	139.5804
-11.5791	84.9709	-10.924	18.9191	139.5882
-11.5826	84.9754	-10.9242	18.9248	139.596
-11.5861	84.98	-10.9245	18.9305	139.6038
-11.5896	84.9846	-10.9248	18.9362	139.6116
-11.5931	84.9891	-10.925	18.9419	139.6193
-11.5966	84.9937	-10.9253	18.9476	139.6271
-11.6001	84.9982	-10.9256	18.9533	139.6349
-11.6036	85.0028	-10.9258	18.959	139.6427
-11.607	85.0074	-10.9261	18.9647	139.6504
-11.6105	85.0119	-10.9264	18.9704	139.6582
-11.614	85.0165	-10.9266	18.9761	139.6659
-11.6175	85.021	-10.9269	18.9818	139.6737
-11.621	85.0256	-10.9272	18.9875	139.6814
-11.6245	85.0301	-10.9274	18.9932	139.6892
-11.6279	85.0347	-10.9277	18.9989	139.6969
-11.6314	85.0392	-10.928	19.0046	139.7047
-11.6349	85.0438	-10.9282	19.0103	139.7124
-11.6384	85.0483	-10.9285	19.0159	139.7202
-11.6418	85.0528	-10.9288	19.0216	139.7279
-11.6453	85.0574	-10.929	19.0273	139.7356
-11.6488	85.0619	-10.9293	19.033	139.7434
-11.6523	85.0664	-10.9296	19.0386	139.7511
-11.6557	85.071	-10.9298	19.0443	139.7588
-11.6592	85.0755	-10.9301	19.05	139.7665
-11.6627	85.08	-10.9304	19.0556	139.7742
-11.6661	85.0846	-10.9306	19.0613	139.782
-11.6696	85.0891	-10.9309	19.067	139.7897
-11.673	85.0936	-10.9312	19.0726	139.7974
-11.6765	85.0981	-10.9314	19.0783	139.8051
-11.68	85.1027	-10.9317	19.0839	139.8128
-11.6834	85.1072	-10.932	19.0896	139.8205
-11.6869	85.1117	-10.9322	19.0952	139.8282
-11.6903	85.1162	-10.9325	19.1009	139.8359
-11.6938	85.1207	-10.9328	19.1065	139.8436
-11.6972	85.1252	-10.933	19.1122	139.8512
-11.7007	85.1297	-10.9333	19.1178	139.8589
-11.7041	85.1342	-10.9335	19.1234	139.8666
-11.7076	85.1387	-10.9338	19.1291	139.8743
-11.711	85.1432	-10.9341	19.1347	139.882
-11.7145	85.1478	-10.9343	19.1403	139.8896
-11.7179	85.1523	-10.9346	19.146	139.8973
-11.7213	85.1567	-10.9349	19.1516	139.905
-11.7248	85.1612	-10.9351	19.1572	139.9126
-11.7282	85.1657	-10.9354	19.1628	139.9203
-11.7317	85.1702	-10.9357	19.1685	139.9279
-11.7351	85.1747	-10.9359	19.1741	139.9356
-11.7385	85.1792	-10.9362	19.1797	139.9432
-11.742	85.1837	-10.9365	19.1853	139.9509
-11.7454	85.1882	-10.9367	19.1909	139.9585
-11.7488	85.1927	-10.937	19.1965	139.9662
-11.7523	85.1971	-10.9372	19.2021	139.9738
-11.7557	85.2016	-10.9375	19.2077	139.9814
-11.7591	85.2061	-10.9378	19.2133	139.9891
-11.7625	85.2106	-10.938	19.2189	139.9967
-11.766	85.2151	-10.9383	19.2245	140.0043
-11.7694	85.2195	-10.9386	19.2301	140.0119
-11.7728	85.224	-10.9388	19.2357	140.0195
-11.7762	85.2285	-10.9391	19.2413	140.0272
-11.7796	85.2329	-10.9393	19.2469	140.0348
-11.783	85.2374	-10.9396	19.2525	140.0424
-11.7865	85.2419	-10.9399	19.258	140.05
-11.7899	85.2463	-10.9401	19.2636	140.0576
-11.7933	85.2508	-10.9404	19.2692	140.0652
-11.7967	85.2552	-10.9407	19.2748	140.0728
-11.8001	85.2597	-10.9409	19.2803	140.0804
-11.8035	85.2641	-10.9412	19.2859	140.088
-11.8069	85.2686	-10.9414	19.2915	140.0955
-11.8103	85.2731	-10.9417	19.2971	140.1031
-11.8137	85.2775	-10.942	19.3026	140.1107
-11.8171	85.2819	-10.9422	19.3082	140.1183
-11.8205	85.2864	-10.9425	19.3137	140.1259
-11.8239	85.2908	-10.9427	19.3193	140.1334
-11.8273	85.2953	-10.943	19.3248	140.141
-11.8307	85.2997	-10.9433	19.3304	140.1486
-11.8341	85.3041	-10.9435	19.3359	140.1561
-11.8375	85.3086	-10.9438	19.3415	140.1637
-11.8409	85.313	-10.944	19.347	140.1712
-11.8443	85.3174	-10.9443	19.3526	140.1788
-11.8477	85.3219	-10.9446	19.3581	140.1863
-11.8511	85.3263	-10.9448	19.3637	140.1939
-11.8545	85.3307	-10.9451	19.3692	140.2014
-11.8578	85.3352	-10.9453	19.3747	140.209
-11.8612	85.3396	-10.9456	19.3803	140.2165
-11.8646	85.344	-10.9459	19.3858	140.224
-11.868	85.3484	-10.9461	19.3913	140.2315
-11.8714	85.3528	-10.9464	19.3968	140.2391
-11.8747	85.3572	-10.9466	19.4024	140.2466
-11.8781	85.3617	-10.9469	19.4079	140.2541
-11.8815	85.3661	-10.9472	19.4134	140.2616
-11.8849	85.3705	-10.9474	19.4189	140.2691
-11.8882	85.3749	-10.9477	19.4244	140.2767
-11.8916	85.3793	-10.9479	19.4299	140.2842
-11.895	85.3837	-10.9482	19.4354	140.2917
-11.8983	85.3881	-10.9485	19.4409	140.2992
-11.9017	85.3925	-10.9487	19.4464	140.3067
-11.9051	85.3969	-10.949	19.4519	140.3142
-11.9084	85.4013	-10.9492	19.4574	140.3216
-11.9118	85.4057	-10.9495	19.4629	140.3291
-11.9152	85.4101	-10.9497	19.4684	140.3366
-11.9185	85.4145	-10.95	19.4739	140.3441
-11.9219	85.4189	-10.9503	19.4794	140.3516
-11.9252	85.4232	-10.9505	19.4849	140.359
-11.9286	85.4276	-10.9508	19.4904	140.3665
-11.9319	85.432	-10.951	19.4959	140.374
-11.9353	85.4364	-10.9513	19.5013	140.3814
-11.9386	85.4408	-10.9515	19.5068	140.3889
-11.942	85.4451	-10.9518	19.5123	140.3964
-11.9453	85.4495	-10.9521	19.5178	140.4038
-11.9487	85.4539	-10.9523	19.5232	140.4113
-11.952	85.4583	-10.9526	19.5287	140.4187
-11.9554	85.4626	-10.9528	19.5342	140.4262
-11.9587	85.467	-10.9531	19.5396	140.4336
-11.9621	85.4714	-10.9533	19.5451	140.441
-11.9654	85.4757	-10.9536	19.5505	140.4485
-11.9687	85.4801	-10.9539	19.556	140.4559
-11.9721	85.4844	-10.9541	19.5615	140.4633
-11.9754	85.4888	-10.9544	19.5669	140.4708
-11.9787	85.4932	-10.9546	19.5724	140.4782
-11.9821	85.4975	-10.9549	19.5778	140.4856
-11.9854	85.5019	-10.9551	19.5832	140.493
-11.9887	85.5062	-10.9554	19.5887	140.5004
-11.992	85.5106	-10.9556	19.5941	140.5078
-11.9954	85.5149	-10.9559	19.5996	140.5152
-11.9987	85.5193	-10.9562	19.605	140.5226
-12.002	85.5236	-10.9564	19.6104	140.53
-12.0053	85.5279	-10.9567	19.6158	140.5374
-12.0087	85.5323	-10.9569	19.6213	140.5448
-12.012	85.5366	-10.9572	19.6267	140.5522
-12.0153	85.5409	-10.9574	19.6321	140.5596
-12.0186	85.5453	-10.9577	19.6375	140.567
-12.0219	85.5496	-10.9579	19.643	140.5744
-12.0252	85.5539	-10.9582	19.6484	140.5817
-12.0285	85.5583	-10.9584	19.6538	140.5891
-12.0319	85.5626	-10.9587	19.6592	140.5965
-12.0352	85.5669	-10.9589	19.6646	140.6038
-12.0385	85.5712	-10.9592	19.67	140.6112
-12.0418	85.5755	-10.9595	19.6754	140.6186
-12.0451	85.5799	-10.9597	19.6808	140.6259
-12.0484	85.5842	-10.96	19.6862	140.6333
-12.0517	85.5885	-10.9602	19.6916	140.6406
-12.055	85.5928	-10.9605	19.697	140.648
-12.0583	85.5971	-10.9607	19.7024	140.6553
-12.0616	85.6014	-10.961	19.7078	140.6626
-12.0649	85.6057	-10.9612	19.7131	140.67
-12.0681	85.61	-10.9615	19.7185	140.6773
-12.0714	85.6143	-10.9617	19.7239	140.6846
-12.0747	85.6186	-10.962	19.7293	140.692
-12.078	85.6229	-10.9622	19.7347	140.6993
-12.0813	85.6272	-10.9625	19.74	140.7066
-12.0846	85.6315	-10.9627	19.7454	140.7139
-12.0879	85.6358	-10.963	19.7508	140.7212
-12.0912	85.6401	-10.9632	19.7561	140.7285
-12.0944	85.6444	-10.9635	19.7615	140.7359
-12.0977	85.6487	-10.9637	19.7669	140.7432
-12.101	85.653	-10.964	19.7722	140.7505
-12.1043	85.6572	-10.9643	19.7776	140.7577
-12.1075	85.6615	-10.9645	19.7829	140.765
-12.1108	85.6658	-10.9648	19.7883	140.7723
-12.1141	85.6701	-10.965	19.7936	140.7796
-12.1174	85.6743	-10.9653	19.799	140.7869
-12.1206	85.6786	-10.9655	19.8043	140.7942
-12.1239	85.6829	-10.9658	19.8096	140.8014
-12.1272	85.6871	-10.966	19.815	140.8087
-12.1304	85.6914	-10.9663	19.8203	140.816
-12.1337	85.6957	-10.9665	19.8256	140.8233
-12.1369	85.6999	-10.9668	19.831	140.8305
-12.1402	85.7042	-10.967	19.8363	140.8378
-12.1435	85.7085	-10.9673	19.8416	140.845
-12.1467	85.7127	-10.9675	19.847	140.8523
-12.15	85.717	-10.9678	19.8523	140.8595
-12.1532	85.7212	-10.968	19.8576	140.8668
-12.1565	85.7255	-10.9683	19.8629	140.874
-12.1597	85.7297	-10.9685	19.8682	140.8813
-12.163	85.734	-10.9688	19.8735	140.8885
-12.1662	85.7382	-10.969	19.8788	140.8957
-12.1695	85.7424	-10.9693	19.8841	140.9029
-12.1727	85.7467	-10.9695	19.8894	140.9102
-12.176	85.7509	-10.9698	19.8947	140.9174
-12.1792	85.7552	-10.97	19.9	140.9246
-12.1824	85.7594	-10.9702	19.9053	140.9318
-12.1857	85.7636	-10.9705	19.9106	140.939
-12.1889	85.7679	-10.9707	19.9159	140.9462
-12.1921	85.7721	-10.971	19.9212	140.9534
-12.1954	85.7763	-10.9712	19.9265	140.9606
-12.1986	85.7805	-10.9715	19.9318	140.9678
-12.2018	85.7848	-10.9717	19.9371	140.975
-12.2051	85.789	-10.972	19.9423	140.9822
-12.2083	85.7932	-10.9722	19.9476	140.9894
-12.2115	85.7974	-10.9725	19.9529	140.9966
-12.2147	85.8016	-10.9727	19.9582	141.0038
-12.218	85.8058	-10.973	19.9634	141.011
-12.2212	85.81	-10.9732	19.9687	141.0181
-12.2244	85.8143	-10.9735	19.974	141.0253
-12.2276	85.8185	-10.9737	19.9792	141.0325
-12.2308	85.8227	-10.974	19.9845	141.0396
-12.2341	85.8269	-10.9742	19.9897	141.0468
-12.2373	85.8311	-10.9745	19.995	141.0539
-12.2405	85.8353	-10.9747	20.0002	141.0611
-12.2437	85.8395	-10.9749	20.0055	141.0682
-12.2469	85.8436	-10.9752	20.0107	141.0754
-12.2501	85.8478	-10.9754	20.016	141.0825
-12.2533	85.852	-10.9757	20.0212	141.0897
-12.2565	85.8562	-10.9759	20.0264	141.0968
-12.2597	85.8604	-10.9762	20.0317	141.1039
-12.2629	85.8646	-10.9764	20.0369	141.1111
-12.2661	85.8688	-10.9767	20.0421	141.1182
-12.2693	85.8729	-10.9769	20.0474	141.1253
-12.2725	85.8771	-10.9772	20.0526	141.1324
-12.2757	85.8813	-10.9774	20.0578	141.1395
-12.2789	85.8855	-10.9777	20.063	141.1467
-12.2821	85.8896	-10.9779	20.0683	141.1538
-12.2853	85.8938	-10.9781	20.0735	141.1609
-12.2885	85.898	-10.9784	20.0787	141.168
-12.2917	85.9021	-10.9786	20.0839	141.1751
-12.2948	85.9063	-10.9789	20.0891	141.1822
-12.298	85.9105	-10.9791	20.0943	141.1892
-12.3012	85.9146	-10.9794	20.0995	141.1963
-12.3044	85.9188	-10.9796	20.1047	141.2034
-12.3076	85.9229	-10.9799	20.1099	141.2105
-12.3107	85.9271	-10.9801	20.1151	141.2176
-12.3139	85.9312	-10.9803	20.1203	141.2246
-12.3171	85.9354	-10.9806	20.1255	141.2317
-12.3203	85.9395	-10.9808	20.1307	141.2388
-12.3234	85.9437	-10.9811	20.1358	141.2458
-12.3266	85.9478	-10.9813	20.141	141.2529
-12.3298	85.952	-10.9816	20.1462	141.26
-12.3329	85.9561	-10.9818	20.1514	141.267
-12.3361	85.9602	-10.982	20.1566	141.2741
-12.3393	85.9644	-10.9823	20.1617	141.2811
-12.3424	85.9685	-10.9825	20.1669	141.2881
-12.3456	85.9726	-10.9828	20.1721	141.2952
-12.3487	85.9768	-10.983	20.1772	141.3022
-12.3519	85.9809	-10.9833	20.1824	141.3092
-12.3551	85.985	-10.9835	20.1875	141.3163
-12.3582	85.9891	-10.9837	20.1927	141.3233
-12.3614	85.9933	-10.984	20.1978	141.3303
-12.3645	85.9974	-10.9842	20.203	141.3373
-12.3677	86.0015	-10.9845	20.2081	141.3443
-12.3708	86.0056	-10.9847	20.2133	141.3514
-12.374	86.0097	-10.9849	20.2184	141.3584
-12.3771	86.0138	-10.9852	20.2236	141.3654
-12.3802	86.0179	-10.9854	20.2287	141.3724
-12.3834	86.022	-10.9857	20.2338	141.3794
-12.3865	86.0261	-10.9859	20.239	141.3863
-12.3897	86.0302	-10.9862	20.2441	141.3933
-12.3928	86.0343	-10.9864	20.2492	141.4003
-12.3959	86.0384	-10.9866	20.2544	141.4073
-12.3991	86.0425	-10.9869	20.2595	141.4143
-12.4022	86.0466	-10.9871	20.2646	141.4213
-12.4053	86.0507	-10.9874	20.2697	141.4282
-12.4085	86.0548	-10.9876	20.2748	141.4352
-12.4116	86.0589	-10.9878	20.2799	141.4422
-12.4147	86.063	-10.9881	20.285	141.4491
-12.4178	86.0671	-10.9883	20.2902	141.4561
-12.421	86.0711	-10.9886	20.2953	141.463
-12.4241	86.0752	-10.9888	20.3004	141.47
-12.4272	86.0793	-10.989	20.3055	141.4769
-12.4303	86.0834	-10.9893	20.3106	141.4839
-12.4334	86.0874	-10.9895	20.3156	141.4908
-12.4365	86.0915	-10.9897	20.3207	141.4977
-12.4397	86.0956	-10.99	20.3258	141.5047
-12.4428	86.0996	-10.9902	20.3309	141.5116
-12.4459	86.1037	-10.9905	20.336	141.5185
-12.449	86.1078	-10.9907	20.3411	141.5254
-12.4521	86.1118	-10.9909	20.3462	141.5324
-12.4552	86.1159	-10.9912	20.3512	141.5393
-12.4583	86.1199	-10.9914	20.3563	141.5462
-12.4614	86.124	-10.9917	20.3614	141.5531
-12.4645	86.1281	-10.9919	20.3664	141.56
-12.4676	86.1321	-10.9921	20.3715	141.5669
-12.4707	86.1361	-10.9924	20.3766	141.5738
-12.4738	86.1402	-10.9926	20.3816	141.5807
-12.4769	86.1442	-10.9928	20.3867	141.5876
-12.48	86.1483	-10.9931	20.3917	141.5944
-12.4831	86.1523	-10.9933	20.3968	141.6013
-12.4861	86.1563	-10.9936	20.4018	141.6082
-12.4892	86.1604	-10.9938	20.4069	141.6151
-12.4923	86.1644	-10.994	20.4119	141.6219
-12.4954	86.1684	-10.9943	20.417	141.6288
-12.4985	86.1725	-10.9945	20.422	141.6357
-12.5016	86.1765	-10.9947	20.427	141.6425
-12.5046	86.1805	-10.995	20.4321	141.6494
-12.5077	86.1845	-10.9952	20.4371	141.6562
-12.5108	86.1886	-10.9954	20.4421	141.6631
-12.5139	86.1926	-10.9957	20.4471	141.6699
-12.5169	86.1966	-10.9959	20.4522	141.6768
-12.52	86.2006	-10.9962	20.4572	141.6836
-12.5231	86.2046	-10.9964	20.4622	141.6905
-12.5261	86.2086	-10.9966	20.4672	141.6973
-12.5292	86.2126	-10.9969	20.4722	141.7041
-12.5323	86.2166	-10.9971	20.4772	141.7109
-12.5353	86.2206	-10.9973	20.4822	141.7178
-12.5384	86.2246	-10.9976	20.4872	141.7246
-12.5415	86.2286	-10.9978	20.4922	141.7314
-12.5445	86.2326	-10.998	20.4972	141.7382
-12.5476	86.2366	-10.9983	20.5022	141.745
-12.5506	86.2406	-10.9985	20.5072	141.7518
-12.5537	86.2446	-10.9987	20.5122	141.7586
-12.5567	86.2486	-10.999	20.5172	141.7654
-12.5598	86.2526	-10.9992	20.5222	141.7722
-12.5628	86.2566	-10.9994	20.5272	141.779
-12.5659	86.2605	-10.9997	20.5322	141.7858
-12.5689	86.2645	-10.9999	20.5371	141.7925
-12.572	86.2685	-11.0001	20.5421	141.7993
-12.575	86.2725	-11.0004	20.5471	141.8061
-12.578	86.2765	-11.0006	20.552	141.8128
-12.5811	86.2804	-11.0008	20.557	141.8196
-12.5841	86.2844	-11.0011	20.562	141.8264
-12.5871	86.2884	-11.0013	20.5669	141.8331
-12.5902	86.2923	-11.0015	20.5719	141.8399
-12.5932	86.2963	-11.0018	20.5768	141.8466
-12.5962	86.3002	-11.002	20.5818	141.8534
-12.5993	86.3042	-11.0022	20.5867	141.8601
-12.6023	86.3082	-11.0025	20.5917	141.8669
-12.6053	86.3121	-11.0027	20.5966	141.8736
-12.6083	86.3161	-11.0029	20.6016	141.8803
-12.6114	86.32	-11.0032	20.6065	141.8871
-12.6144	86.324	-11.0034	20.6115	141.8938
-12.6174	86.3279	-11.0036	20.6164	141.9005
-12.6204	86.3318	-11.0039	20.6213	141.9072
-12.6234	86.3358	-11.0041	20.6262	141.9139
-12.6264	86.3397	-11.0043	20.6312	141.9207
-12.6295	86.3437	-11.0046	20.6361	141.9274
-12.6325	86.3476	-11.0048	20.641	141.9341
-12.6355	86.3515	-11.005	20.6459	141.9408
-12.6385	86.3554	-11.0052	20.6508	141.9475
-12.6415	86.3594	-11.0055	20.6558	141.9541
-12.6445	86.3633	-11.0057	20.6607	141.9608
-12.6475	86.3672	-11.0059	20.6656	141.9675
-12.6505	86.3711	-11.0062	20.6705	141.9742
-12.6535	86.3751	-11.0064	20.6754	141.9809
-12.6565	86.379	-11.0066	20.6803	141.9875
-12.6595	86.3829	-11.0069	20.6852	141.9942
-12.6625	86.3868	-11.0071	20.6901	142.0009
-12.6655	86.3907	-11.0073	20.695	142.0075
-12.6684	86.3946	-11.0075	20.6998	142.0142
-12.6714	86.3985	-11.0078	20.7047	142.0209
-12.6744	86.4024	-11.008	20.7096	142.0275
-12.6774	86.4063	-11.0082	20.7145	142.0342
-12.6804	86.4102	-11.0085	20.7194	142.0408
-12.6834	86.4141	-11.0087	20.7242	142.0474
-12.6864	86.418	-11.0089	20.7291	142.0541
-12.6893	86.4219	-11.0091	20.734	142.0607
-12.6923	86.4258	-11.0094	20.7388	142.0673
-12.6953	86.4297	-11.0096	20.7437	142.074
-12.6983	86.4336	-11.0098	20.7486	142.0806
-12.7012	86.4375	-11.0101	20.7534	142.0872
-12.7042	86.4413	-11.0103	20.7583	142.0938
-12.7072	86.4452	-11.0105	20.7631	142.1004
-12.7101	86.4491	-11.0107	20.768	142.107
-12.7131	86.453	-11.011	20.7728	142.1136
-12.7161	86.4568	-11.0112	20.7777	142.1202
-12.719	86.4607	-11.0114	20.7825	142.1268
-12.722	86.4646	-11.0116	20.7874	142.1334
-12.7249	86.4685	-11.0119	20.7922	142.14
-12.7279	86.4723	-11.0121	20.797	142.1466
-12.7308	86.4762	-11.0123	20.8018	142.1532
-12.7338	86.48	-11.0126	20.8067	142.1597
-12.7368	86.4839	-11.0128	20.8115	142.1663
-12.7397	86.4877	-11.013	20.8163	142.1729
-12.7426	86.4916	-11.0132	20.8211	142.1795
-12.7456	86.4955	-11.0135	20.826	142.186
-12.7485	86.4993	-11.0137	20.8308	142.1926
-12.7515	86.5031	-11.0139	20.8356	142.1991
-12.7544	86.507	-11.0141	20.8404	142.2057
-12.7574	86.5108	-11.0144	20.8452	142.2122
-12.7603	86.5147	-11.0146	20.85	142.2188
-12.7632	86.5185	-11.0148	20.8548	142.2253
-12.7662	86.5223	-11.015	20.8596	142.2318
-12.7691	86.5262	-11.0153	20.8644	142.2384
-12.772	86.53	-11.0155	20.8692	142.2449
-12.775	86.5338	-11.0157	20.874	142.2514
-12.7779	86.5377	-11.0159	20.8788	142.2579
-12.7808	86.5415	-11.0162	20.8835	142.2645
-12.7837	86.5453	-11.0164	20.8883	142.271
-12.7867	86.5491	-11.0166	20.8931	142.2775
-12.7896	86.5529	-11.0168	20.8979	142.284
-12.7925	86.5568	-11.0171	20.9026	142.2905
-12.7954	86.5606	-11.0173	20.9074	142.297
-12.7983	86.5644	-11.0175	20.9122	142.3035
-12.8013	86.5682	-11.0177	20.9169	142.31
-12.8042	86.572	-11.018	20.9217	142.3164
-12.8071	86.5758	-11.0182	20.9265	142.3229
-12.81	86.5796	-11.0184	20.9312	142.3294
-12.8129	86.5834	-11.0186	20.936	142.3359
-12.8158	86.5872	-11.0188	20.9407	142.3424
-12.8187	86.591	-11.0191	20.9455	142.3488
-12.8216	86.5948	-11.0193	20.9502	142.3553
-12.8245	86.5986	-11.0195	20.955	142.3617
-12.8274	86.6024	-11.0197	20.9597	142.3682
-12.8303	86.6062	-11.02	20.9644	142.3747
-12.8332	86.6099	-11.0202	20.9692	142.3811
-12.8361	86.6137	-11.0204	20.9739	142.3875
-12.839	86.6175	-11.0206	20.9786	142.394
-12.8419	86.6213	-11.0208	20.9833	142.4004
-12.8448	86.6251	-11.0211	20.9881	142.4069
-12.8476	86.6288	-11.0213	20.9928	142.4133
-12.8505	86.6326	-11.0215	20.9975	142.4197
-12.8534	86.6364	-11.0217	21.0022	142.4261
-12.8563	86.6401	-11.022	21.0069	142.4325
-12.8592	86.6439	-11.0222	21.0116	142.439
-12.8621	86.6477	-11.0224	21.0163	142.4454
-12.8649	86.6514	-11.0226	21.021	142.4518
-12.8678	86.6552	-11.0228	21.0257	142.4582
-12.8707	86.6589	-11.0231	21.0304	142.4646
-12.8735	86.6627	-11.0233	21.0351	142.471
-12.8764	86.6664	-11.0235	21.0398	142.4774
-12.8793	86.6702	-11.0237	21.0445	142.4838
-12.8822	86.6739	-11.0239	21.0492	142.4901
-12.885	86.6777	-11.0242	21.0539	142.4965
-12.8879	86.6814	-11.0244	21.0586	142.5029
-12.8907	86.6852	-11.0246	21.0632	142.5093
-12.8936	86.6889	-11.0248	21.0679	142.5156
-12.8965	86.6926	-11.025	21.0726	142.522
-12.8993	86.6964	-11.0253	21.0772	142.5284
-12.9022	86.7001	-11.0255	21.0819	142.5347
-12.905	86.7038	-11.0257	21.0866	142.5411
-12.9079	86.7075	-11.0259	21.0912	142.5474
-12.9107	86.7113	-11.0261	21.0959	142.5538
-12.9136	86.715	-11.0264	21.1005	142.5601
-12.9164	86.7187	-11.0266	21.1052	142.5664
-12.9193	86.7224	-11.0268	21.1098	142.5728
-12.9221	86.7261	-11.027	21.1145	142.5791
-12.9249	86.7299	-11.0272	21.1191	142.5854
-12.9278	86.7336	-11.0274	21.1238	142.5917
-12.9306	86.7373	-11.0277	21.1284	142.5981
-12.9334	86.741	-11.0279	21.133	142.6044
-12.9363	86.7447	-11.0281	21.1377	142.6107
-12.9391	86.7484	-11.0283	21.1423	142.617
-12.9419	86.7521	-11.0285	21.1469	142.6233
-12.9448	86.7558	-11.0287	21.1516	142.6296
-12.9476	86.7595	-11.029	21.1562	142.6359
-12.9504	86.7632	-11.0292	21.1608	142.6422
-12.9532	86.7669	-11.0294	21.1654	142.6485
-12.9561	86.7705	-11.0296	21.17	142.6547
-12.9589	86.7742	-11.0298	21.1746	142.661
-12.9617	86.7779	-11.03	21.1792	142.6673
-12.9645	86.7816	-11.0303	21.1838	142.6736
-12.9673	86.7853	-11.0305	21.1884	142.6798
-12.9701	86.7889	-11.0307	21.193	142.6861
-12.973	86.7926	-11.0309	21.1976	142.6924
-12.9758	86.7963	-11.0311	21.2022	142.6986
-12.9786	86.8	-11.0313	21.2068	142.7049
-12.9814	86.8036	-11.0316	21.2114	142.7111
-12.9842	86.8073	-11.0318	21.216	142.7174
-12.987	86.811	-11.032	21.2206	142.7236
-12.9898	86.8146	-11.0322	21.2251	142.7298
-12.9926	86.8183	-11.0324	21.2297	142.7361
-12.9954	86.8219	-11.0326	21.2343	142.7423
-12.9982	86.8256	-11.0328	21.2389	142.7485
-13.001	86.8292	-11.0331	21.2434	142.7547
-13.0038	86.8329	-11.0333	21.248	142.761
-13.0066	86.8365	-11.0335	21.2526	142.7672
-13.0093	86.8402	-11.0337	21.2571	142.7734
-13.0121	86.8438	-11.0339	21.2617	142.7796
-13.0149	86.8475	-11.0341	21.2662	142.7858
-13.0177	86.8511	-11.0343	21.2708	142.792
-13.0205	86.8547	-11.0346	21.2753	142.7982
-13.0233	86.8584	-11.0348	21.2799	142.8044
-13.026	86.862	-11.035	21.2844	142.8106
-13.0288	86.8656	-11.0352	21.2889	142.8167
-13.0316	86.8692	-11.0354	21.2935	142.8229
-13.0344	86.8729	-11.0356	21.298	142.8291
-13.0371	86.8765	-11.0358	21.3025	142.8353
-13.0399	86.8801	-11.036	21.3071	142.8414
-13.0427	86.8837	-11.0363	21.3116	142.8476
-13.0454	86.8873	-11.0365	21.3161	142.8538
-13.0482	86.891	-11.0367	21.3206	142.8599
-13.051	86.8946	-11.0369	21.3251	142.8661
-13.0537	86.8982	-11.0371	21.3296	142.8722
-13.0565	86.9018	-11.0373	21.3342	142.8784
-13.0592	86.9054	-11.0375	21.3387	142.8845
-13.062	86.909	-11.0377	21.3432	142.8906
-13.0647	86.9126	-11.038	21.3477	142.8968
-13.0675	86.9162	-11.0382	21.3522	142.9029
-13.0702	86.9198	-11.0384	21.3567	142.909
-13.073	86.9234	-11.0386	21.3612	142.9151
-13.0757	86.9269	-11.0388	21.3656	142.9212
-13.0785	86.9305	-11.039	21.3701	142.9274
-13.0812	86.9341	-11.0392	21.3746	142.9335
-13.084	86.9377	-11.0394	21.3791	142.9396
-13.0867	86.9413	-11.0396	21.3836	142.9457
-13.0894	86.9449	-11.0398	21.388	142.9518
-13.0922	86.9484	-11.0401	21.3925	142.9579
-13.0949	86.952	-11.0403	21.397	142.9639
-13.0976	86.9556	-11.0405	21.4014	142.97
-13.1004	86.9591	-11.0407	21.4059	142.9761
-13.1031	86.9627	-11.0409	21.4104	142.9822
-13.1058	86.9663	-11.0411	21.4148	142.9883
-13.1085	86.9698	-11.0413	21.4193	142.9943
-13.1113	86.9734	-11.0415	21.4237	143.0004
-13.114	86.9769	-11.0417	21.4282	143.0064
-13.1167	86.9805	-11.0419	21.4326	143.0125
-13.1194	86.9841	-11.0421	21.4371	143.0186
-13.1221	86.9876	-11.0424	21.4415	143.0246
-13.1249	86.9912	-11.0426	21.4459	143.0306
-13.1276	86.9947	-11.0428	21.4504	143.0367
-13.1303	86.9982	-11.043	21.4548	143.0427
-13.133	87.0018	-11.0432	21.4592	143.0488
-13.1357	87.0053	-11.0434	21.4637	143.0548
-13.1384	87.0089	-11.0436	21.4681	143.0608
-13.1411	87.0124	-11.0438	21.4725	143.0668
-13.1438	87.0159	-11.044	21.4769	143.0728
-13.1465	87.0194	-11.0442	21.4813	143.0789
-13.1492	87.023	-11.0444	21.4857	143.0849
-13.1519	87.0265	-11.0446	21.4902	143.0909
-13.1546	87.03	-11.0448	21.4946	143.0969
-13.1573	87.0335	-11.0451	21.499	143.1029
-13.16	87.0371	-11.0453	21.5034	143.1089
-13.1627	87.0406	-11.0455	21.5078	143.1149
-13.1654	87.0441	-11.0457	21.5121	143.1208
-13.168	87.0476	-11.0459	21.5165	143.1268
-13.1707	87.0511	-11.0461	21.5209	143.1328
-13.1734	87.0546	-11.0463	21.5253	143.1388
-13.1761	87.0581	-11.0465	21.5297	143.1447
-13.1788	87.0616	-11.0467	21.5341	143.1507
-13.1814	87.0651	-11.0469	21.5384	143.1567
-13.1841	87.0686	-11.0471	21.5428	143.1626
-13.1868	87.0721	-11.0473	21.5472	143.1686
-13.1895	87.0756	-11.0475	21.5516	143.1745
-13.1921	87.0791	-11.0477	21.5559	143.1805
-13.1948	87.0826	-11.0479	21.5603	143.1864
-13.1975	87.0861	-11.0481	21.5646	143.1923
-13.2001	87.0895	-11.0483	21.569	143.1983
-13.2028	87.093	-11.0485	21.5733	143.2042
-13.2055	87.0965	-11.0487	21.5777	143.2101
-13.2081	87.1	-11.049	21.582	143.2161
-13.2108	87.1034	-11.0492	21.5864	143.222
-13.2134	87.1069	-11.0494	21.5907	143.2279
-13.2161	87.1104	-11.0496	21.5951	143.2338
-13.2187	87.1138	-11.0498	21.5994	143.2397
-13.2214	87.1173	-11.05	21.6037	143.2456
-13.224	87.1208	-11.0502	21.6081	143.2515
-13.2267	87.1242	-11.0504	21.6124	143.2574
-13.2293	87.1277	-11.0506	21.6167	143.2633
-13.232	87.1311	-11.0508	21.621	143.2692
-13.2346	87.1346	-11.051	21.6253	143.2751
-13.2372	87.138	-11.0512	21.6297	143.2809
-13.2399	87.1415	-11.0514	21.634	143.2868
-13.2425	87.1449	-11.0516	21.6383	143.2927
-13.2451	87.1484	-11.0518	21.6426	143.2985
-13.2478	87.1518	-11.052	21.6469	143.3044
-13.2504	87.1552	-11.0522	21.6512	143.3103
-13.253	87.1587	-11.0524	21.6555	143.3161
-13.2557	87.1621	-11.0526	21.6598	143.322
-13.2583	87.1655	-11.0528	21.6641	143.3278
-13.2609	87.169	-11.053	21.6684	143.3336
-13.2635	87.1724	-11.0532	21.6726	143.3395
-13.2661	87.1758	-11.0534	21.6769	143.3453
-13.2688	87.1792	-11.0536	21.6812	143.3511
-13.2714	87.1827	-11.0538	21.6855	143.357
-13.274	87.1861	-11.054	21.6897	143.3628
-13.2766	87.1895	-11.0542	21.694	143.3686
-13.2792	87.1929	-11.0544	21.6983	143.3744
-13.2818	87.1963	-11.0546	21.7025	143.3802
-13.2844	87.1997	-11.0548	21.7068	143.386
-13.287	87.2031	-11.055	21.7111	143.3918
-13.2896	87.2065	-11.0552	21.7153	143.3976
-13.2922	87.2099	-11.0554	21.7196	143.4034
-13.2948	87.2133	-11.0556	21.7238	143.4092
-13.2974	87.2167	-11.0558	21.7281	143.415
-13.3	87.2201	-11.056	21.7323	143.4208
-13.3026	87.2235	-11.0562	21.7366	143.4266
-13.3052	87.2269	-11.0564	21.7408	143.4323
-13.3078	87.2303	-11.0566	21.745	143.4381
-13.3104	87.2337	-11.0568	21.7493	143.4439
-13.313	87.237	-11.057	21.7535	143.4496
-13.3156	87.2404	-11.0572	21.7577	143.4554
-13.3182	87.2438	-11.0574	21.7619	143.4611
-13.3207	87.2472	-11.0576	21.7662	143.4669
-13.3233	87.2505	-11.0578	21.7704	143.4726
-13.3259	87.2539	-11.058	21.7746	143.4784
-13.3285	87.2573	-11.0582	21.7788	143.4841
-13.331	87.2606	-11.0584	21.783	143.4898
-13.3336	87.264	-11.0586	21.7872	143.4956
-13.3362	87.2674	-11.0588	21.7914	143.5013
-13.3388	87.2707	-11.059	21.7956	143.507
-13.3413	87.2741	-11.0592	21.7998	143.5127
-13.3439	87.2774	-11.0594	21.804	143.5184
-13.3464	87.2808	-11.0596	21.8082	143.5241
-13.349	87.2841	-11.0598	21.8124	143.5298
-13.3516	87.2875	-11.06	21.8166	143.5355
-13.3541	87.2908	-11.0602	21.8207	143.5412
-13.3567	87.2941	-11.0604	21.8249	143.5469
-13.3592	87.2975	-11.0605	21.8291	143.5526
-13.3618	87.3008	-11.0607	21.8333	143.5583
-13.3643	87.3042	-11.0609	21.8374	143.564
-13.3669	87.3075	-11.0611	21.8416	143.5697
-13.3694	87.3108	-11.0613	21.8458	143.5753
-13.372	87.3141	-11.0615	21.8499	143.581
-13.3745	87.3175	-11.0617	21.8541	143.5867
-13.3771	87.3208	-11.0619	21.8582	143.5923
-13.3796	87.3241	-11.0621	21.8624	143.598
-13.3821	87.3274	-11.0623	21.8665	143.6036
-13.3847	87.3307	-11.0625	21.8707	143.6093
-13.3872	87.334	-11.0627	21.8748	143.6149
-13.3897	87.3374	-11.0629	21.879	143.6205
-13.3923	87.3407	-11.0631	21.8831	143.6262
-13.3948	87.344	-11.0633	21.8872	143.6318
-13.3973	87.3473	-11.0635	21.8914	143.6374
-13.3998	87.3506	-11.0637	21.8955	143.6431
-13.4024	87.3539	-11.0639	21.8996	143.6487
-13.4049	87.3572	-11.0641	21.9037	143.6543
-13.4074	87.3605	-11.0642	21.9078	143.6599
-13.4099	87.3637	-11.0644	21.912	143.6655
-13.4124	87.367	-11.0646	21.9161	143.6711
-13.415	87.3703	-11.0648	21.9202	143.6767
-13.4175	87.3736	-11.065	21.9243	143.6823
-13.42	87.3769	-11.0652	21.9284	143.6879
-13.4225	87.3802	-11.0654	21.9325	143.6935
-13.425	87.3834	-11.0656	21.9366	143.6991
-13.4275	87.3867	-11.0658	21.9407	143.7046
-13.43	87.39	-11.066	21.9448	143.7102
-13.4325	87.3932	-11.0662	21.9489	143.7158
-13.435	87.3965	-11.0664	21.9529	143.7213
-13.4375	87.3998	-11.0666	21.957	143.7269
-13.44	87.403	-11.0667	21.9611	143.7325
-13.4425	87.4063	-11.0669	21.9652	143.738
-13.445	87.4096	-11.0671	21.9693	143.7436
-13.4475	87.4128	-11.0673	21.9733	143.7491
-13.45	87.4161	-11.0675	21.9774	143.7547
-13.4524	87.4193	-11.0677	21.9815	143.7602
-13.4549	87.4226	-11.0679	21.9855	143.7657
-13.4574	87.4258	-11.0681	21.9896	143.7712
-13.4599	87.429	-11.0683	21.9936	143.7768
-13.4624	87.4323	-11.0685	21.9977	143.7823
-13.4648	87.4355	-11.0687	22.0017	143.7878
-13.4673	87.4388	-11.0688	22.0058	143.7933
-13.4698	87.442	-11.069	22.0098	143.7988
-13.4723	87.4452	-11.0692	22.0139	143.8043
-13.4747	87.4484	-11.0694	22.0179	143.8098
-13.4772	87.4517	-11.0696	22.0219	143.8153
-13.4797	87.4549	-11.0698	22.026	143.8208
-13.4821	87.4581	-11.07	22.03	143.8263
-13.4846	87.4613	-11.0702	22.034	143.8318
-13.487	87.4645	-11.0704	22.038	143.8373
-13.4895	87.4678	-11.0705	22.042	143.8427
-13.492	87.471	-11.0707	22.0461	143.8482
-13.4944	87.4742	-11.0709	22.0501	143.8537
-13.4969	87.4774	-11.0711	22.0541	143.8591
-13.4993	87.4806	-11.0713	22.0581	143.8646
-13.5018	87.4838	-11.0715	22.0621	143.8701
-13.5042	87.487	-11.0717	22.0661	143.8755
-13.5067	87.4902	-11.0719	22.0701	143.8809
-13.5091	87.4934	-11.072	22.0741	143.8864
-13.5115	87.4966	-11.0722	22.0781	143.8918
-13.514	87.4998	-11.0724	22.0821	143.8973
-13.5164	87.5029	-11.0726	22.0861	143.9027
-13.5189	87.5061	-11.0728	22.09	143.9081
-13.5213	87.5093	-11.073	22.094	143.9135
-13.5237	87.5125	-11.0732	22.098	143.919
-13.5262	87.5157	-11.0734	22.102	143.9244
-13.5286	87.5188	-11.0735	22.1059	143.9298
-13.531	87.522	-11.0737	22.1099	143.9352
-13.5334	87.5252	-11.0739	22.1139	143.9406
-13.5359	87.5283	-11.0741	22.1178	143.946
-13.5383	87.5315	-11.0743	22.1218	143.9514
-13.5407	87.5347	-11.0745	22.1257	143.9568
-13.5431	87.5378	-11.0747	22.1297	143.9621
-13.5455	87.541	-11.0748	22.1336	143.9675
-13.548	87.5441	-11.075	22.1376	143.9729
-13.5504	87.5473	-11.0752	22.1415	143.9783
-13.5528	87.5504	-11.0754	22.1455	143.9836
-13.5552	87.5536	-11.0756	22.1494	143.989
-13.5576	87.5567	-11.0758	22.1533	143.9944
-13.56	87.5599	-11.076	22.1573	143.9997
-13.5624	87.563	-11.0761	22.1612	144.0051
-13.5648	87.5662	-11.0763	22.1651	144.0104
-13.5672	87.5693	-11.0765	22.169	144.0158
-13.5696	87.5724	-11.0767	22.173	144.0211
-13.572	87.5756	-11.0769	22.1769	144.0264
-13.5744	87.5787	-11.0771	22.1808	144.0318
-13.5768	87.5818	-11.0772	22.1847	144.0371
-13.5792	87.5849	-11.0774	22.1886	144.0424
-13.5815	87.5881	-11.0776	22.1925	144.0477
-13.5839	87.5912	-11.0778	22.1964	144.053
-13.5863	87.5943	-11.078	22.2003	144.0583
-13.5887	87.5974	-11.0782	22.2042	144.0637
-13.5911	87.6005	-11.0783	22.2081	144.069
-13.5935	87.6036	-11.0785	22.212	144.0742
-13.5958	87.6067	-11.0787	22.2159	144.0795
-13.5982	87.6098	-11.0789	22.2198	144.0848
-13.6006	87.6129	-11.0791	22.2236	144.0901
-13.603	87.616	-11.0792	22.2275	144.0954
-13.6053	87.6191	-11.0794	22.2314	144.1007
-13.6077	87.6222	-11.0796	22.2352	144.1059
-13.6101	87.6253	-11.0798	22.2391	144.1112
-13.6124	87.6284	-11.08	22.243	144.1165
-13.6148	87.6315	-11.0802	22.2468	144.1217
-13.6171	87.6346	-11.0803	22.2507	144.127
-13.6195	87.6377	-11.0805	22.2546	144.1322
-13.6219	87.6407	-11.0807	22.2584	144.1375
-13.6242	87.6438	-11.0809	22.2623	144.1427
-13.6266	87.6469	-11.0811	22.2661	144.148
-13.6289	87.65	-11.0812	22.2699	144.1532
-13.6313	87.653	-11.0814	22.2738	144.1584
-13.6336	87.6561	-11.0816	22.2776	144.1637
-13.636	87.6592	-11.0818	22.2814	144.1689
-13.6383	87.6622	-11.082	22.2853	144.1741
-13.6406	87.6653	-11.0821	22.2891	144.1793
-13.643	87.6683	-11.0823	22.2929	144.1845
-13.6453	87.6714	-11.0825	22.2967	144.1897
-13.6476	87.6744	-11.0827	22.3006	144.1949
-13.65	87.6775	-11.0829	22.3044	144.2001
-13.6523	87.6805	-11.083	22.3082	144.2053
-13.6546	87.6836	-11.0832	22.312	144.2105
-13.657	87.6866	-11.0834	22.3158	144.2157
-13.6593	87.6897	-11.0836	22.3196	144.2209
-13.6616	87.6927	-11.0838	22.3234	144.226
-13.6639	87.6957	-11.0839	22.3272	144.2312
-13.6663	87.6988	-11.0841	22.331	144.2364
-13.6686	87.7018	-11.0843	22.3348	144.2416
-13.6709	87.7048	-11.0845	22.3386	144.2467
-13.6732	87.7079	-11.0846	22.3424	144.2519
-13.6755	87.7109	-11.0848	22.3461	144.257
-13.6778	87.7139	-11.085	22.3499	144.2622
-13.6801	87.7169	-11.0852	22.3537	144.2673
-13.6825	87.7199	-11.0853	22.3575	144.2724
-13.6848	87.723	-11.0855	22.3612	144.2776
-13.6871	87.726	-11.0857	22.365	144.2827
-13.6894	87.729	-11.0859	22.3688	144.2878
-13.6917	87.732	-11.0861	22.3725	144.293
-13.694	87.735	-11.0862	22.3763	144.2981
-13.6963	87.738	-11.0864	22.38	144.3032
-13.6986	87.741	-11.0866	22.3838	144.3083
-13.7008	87.744	-11.0868	22.3875	144.3134
-13.7031	87.747	-11.0869	22.3913	144.3185
-13.7054	87.75	-11.0871	22.395	144.3236
-13.7077	87.7529	-11.0873	22.3988	144.3287
-13.71	87.7559	-11.0875	22.4025	144.3338
-13.7123	87.7589	-11.0876	22.4062	144.3389
-13.7146	87.7619	-11.0878	22.4099	144.3439
-13.7168	87.7649	-11.088	22.4137	144.349
-13.7191	87.7679	-11.0882	22.4174	144.3541
-13.7214	87.7708	-11.0883	22.4211	144.3592
-13.7237	87.7738	-11.0885	22.4248	144.3642
-13.7259	87.7768	-11.0887	22.4285	144.3693
-13.7282	87.7797	-11.0889	22.4323	144.3743
-13.7305	87.7827	-11.089	22.436	144.3794
-13.7327	87.7857	-11.0892	22.4397	144.3844
-13.735	87.7886	-11.0894	22.4434	144.3895
-13.7373	87.7916	-11.0896	22.4471	144.3945
-13.7395	87.7945	-11.0897	22.4508	144.3995
-13.7418	87.7975	-11.0899	22.4545	144.4046
-13.744	87.8004	-11.0901	22.4581	144.4096
-13.7463	87.8034	-11.0902	22.4618	144.4146
-13.7485	87.8063	-11.0904	22.4655	144.4196
-13.7508	87.8093	-11.0906	22.4692	144.4246
-13.753	87.8122	-11.0908	22.4729	144.4297
-13.7553	87.8151	-11.0909	22.4765	144.4347
-13.7575	87.8181	-11.0911	22.4802	144.4397
-13.7598	87.821	-11.0913	22.4839	144.4447
-13.762	87.8239	-11.0915	22.4875	144.4496
-13.7643	87.8269	-11.0916	22.4912	144.4546
-13.7665	87.8298	-11.0918	22.4949	144.4596
-13.7687	87.8327	-11.092	22.4985	144.4646
-13.771	87.8356	-11.0921	22.5022	144.4696
-13.7732	87.8385	-11.0923	22.5058	144.4745
-13.7754	87.8415	-11.0925	22.5095	144.4795
-13.7777	87.8444	-11.0927	22.5131	144.4845
-13.7799	87.8473	-11.0928	22.5167	144.4894
-13.7821	87.8502	-11.093	22.5204	144.4944
-13.7843	87.8531	-11.0932	22.524	144.4993
-13.7866	87.856	-11.0933	22.5276	144.5043
-13.7888	87.8589	-11.0935	22.5313	144.5092
-13.791	87.8618	-11.0937	22.5349	144.5142
-13.7932	87.8647	-11.0938	22.5385	144.5191
-13.7954	87.8676	-11.094	22.5421	144.524
-13.7976	87.8705	-11.0942	22.5457	144.5289
-13.7998	87.8734	-11.0944	22.5494	144.5339
-13.802	87.8762	-11.0945	22.553	144.5388
-13.8042	87.8791	-11.0947	22.5566	144.5437
-13.8065	87.882	-11.0949	22.5602	144.5486
-13.8087	87.8849	-11.095	22.5638	144.5535
-13.8109	87.8878	-11.0952	22.5674	144.5584
-13.8131	87.8906	-11.0954	22.571	144.5633
-13.8152	87.8935	-11.0955	22.5745	144.5682
-13.8174	87.8964	-11.0957	22.5781	144.5731
-13.8196	87.8992	-11.0959	22.5817	144.5779
-13.8218	87.9021	-11.096	22.5853	144.5828
-13.824	87.905	-11.0962	22.5889	144.5877
-13.8262	87.9078	-11.0964	22.5924	144.5926
-13.8284	87.9107	-11.0965	22.596	144.5974
-13.8306	87.9135	-11.0967	22.5996	144.6023
-13.8327	87.9164	-11.0969	22.6031	144.6071
-13.8349	87.9192	-11.097	22.6067	144.612
-13.8371	87.9221	-11.0972	22.6103	144.6168
-13.8393	87.9249	-11.0974	22.6138	144.6217
-13.8414	87.9277	-11.0975	22.6174	144.6265
-13.8436	87.9306	-11.0977	22.6209	144.6314
-13.8458	87.9334	-11.0979	22.6245	144.6362
-13.848	87.9363	-11.098	22.628	144.641
-13.8501	87.9391	-11.0982	22.6316	144.6458
-13.8523	87.9419	-11.0984	22.6351	144.6507
-13.8544	87.9447	-11.0985	22.6386	144.6555
-13.8566	87.9476	-11.0987	22.6422	144.6603
-13.8588	87.9504	-11.0989	22.6457	144.6651
-13.8609	87.9532	-11.099	22.6492	144.6699
-13.8631	87.956	-11.0992	22.6527	144.6747
-13.8652	87.9588	-11.0994	22.6562	144.6795
-13.8674	87.9616	-11.0995	22.6598	144.6843
-13.8695	87.9644	-11.0997	22.6633	144.6891
-13.8717	87.9672	-11.0999	22.6668	144.6938
-13.8738	87.9701	-11.1	22.6703	144.6986
-13.876	87.9729	-11.1002	22.6738	144.7034
-13.8781	87.9756	-11.1004	22.6773	144.7082
-13.8802	87.9784	-11.1005	22.6808	144.7129
-13.8824	87.9812	-11.1007	22.6843	144.7177
-13.8845	87.984	-11.1009	22.6878	144.7224
-13.8866	87.9868	-11.101	22.6913	144.7272
-13.8888	87.9896	-11.1012	22.6947	144.7319
-13.8909	87.9924	-11.1013	22.6982	144.7367
-13.893	87.9952	-11.1015	22.7017	144.7414
-13.8952	87.9979	-11.1017	22.7052	144.7461
-13.8973	88.0007	-11.1018	22.7086	144.7509
-13.8994	88.0035	-11.102	22.7121	144.7556
-13.9015	88.0063	-11.1022	22.7156	144.7603
-13.9036	88.009	-11.1023	22.719	144.765
-13.9058	88.0118	-11.1025	22.7225	144.7697
-13.9079	88.0146	-11.1026	22.726	144.7745
-13.91	88.0173	-11.1028	22.7294	144.7792
-13.9121	88.0201	-11.103	22.7329	144.7839
-13.9142	88.0228	-11.1031	22.7363	144.7886
-13.9163	88.0256	-11.1033	22.7398	144.7932
-13.9184	88.0283	-11.1035	22.7432	144.7979
-13.9205	88.0311	-11.1036	22.7466	144.8026
-13.9226	88.0338	-11.1038	22.7501	144.8073
-13.9247	88.0366	-11.1039	22.7535	144.812
-13.9268	88.0393	-11.1041	22.7569	144.8166
-13.9289	88.0421	-11.1043	22.7603	144.8213
-13.931	88.0448	-11.1044	22.7638	144.826
-13.9331	88.0475	-11.1046	22.7672	144.8306
-13.9352	88.0503	-11.1047	22.7706	144.8353
-13.9373	88.053	-11.1049	22.774	144.8399
-13.9394	88.0557	-11.1051	22.7774	144.8446
-13.9414	88.0584	-11.1052	22.7808	144.8492
-13.9435	88.0612	-11.1054	22.7842	144.8538
-13.9456	88.0639	-11.1055	22.7876	144.8585
-13.9477	88.0666	-11.1057	22.791	144.8631
-13.9498	88.0693	-11.1059	22.7944	144.8677
-13.9518	88.072	-11.106	22.7978	144.8723
-13.9539	88.0747	-11.1062	22.8012	144.877
-13.956	88.0774	-11.1063	22.8046	144.8816
-13.958	88.0801	-11.1065	22.808	144.8862
-13.9601	88.0828	-11.1067	22.8113	144.8908
-13.9622	88.0855	-11.1068	22.8147	144.8954
-13.9642	88.0882	-11.107	22.8181	144.9
-13.9663	88.0909	-11.1071	22.8215	144.9046
-13.9684	88.0936	-11.1073	22.8248	144.9091
-13.9704	88.0963	-11.1074	22.8282	144.9137
-13.9725	88.099	-11.1076	22.8315	144.9183
-13.9745	88.1017	-11.1078	22.8349	144.9229
-13.9766	88.1043	-11.1079	22.8383	144.9274
-13.9786	88.107	-11.1081	22.8416	144.932
-13.9807	88.1097	-11.1082	22.845	144.9366
-13.9827	88.1124	-11.1084	22.8483	144.9411
-13.9848	88.115	-11.1085	22.8516	144.9457
-13.9868	88.1177	-11.1087	22.855	144.9502
-13.9888	88.1204	-11.1089	22.8583	144.9548
-13.9909	88.123	-11.109	22.8616	144.9593
-13.9929	88.1257	-11.1092	22.865	144.9638
-13.9949	88.1284	-11.1093	22.8683	144.9684
-13.997	88.131	-11.1095	22.8716	144.9729
-13.999	88.1337	-11.1096	22.8749	144.9774
-14.001	88.1363	-11.1098	22.8782	144.9819
-14.0031	88.139	-11.11	22.8816	144.9864
-14.0051	88.1416	-11.1101	22.8849	144.9909
-14.0071	88.1443	-11.1103	22.8882	144.9955
-14.0091	88.1469	-11.1104	22.8915	145
-14.0111	88.1495	-11.1106	22.8948	145.0044
-14.0132	88.1522	-11.1107	22.8981	145.0089
-14.0152	88.1548	-11.1109	22.9014	145.0134
-14.0172	88.1574	-11.111	22.9047	145.0179
-14.0192	88.1601	-11.1112	22.9079	145.0224
-14.0212	88.1627	-11.1113	22.9112	145.0269
-14.0232	88.1653	-11.1115	22.9145	145.0313
-14.0252	88.1679	-11.1117	22.9178	145.0358
-14.0272	88.1706	-11.1118	22.9211	145.0403
-14.0292	88.1732	-11.112	22.9243	145.0447
-14.0312	88.1758	-11.1121	22.9276	145.0492
-14.0332	88.1784	-11.1123	22.9309	145.0536
-14.0352	88.181	-11.1124	22.9341	145.0581
-14.0372	88.1836	-11.1126	22.9374	145.0625
-14.0392	88.1862	-11.1127	22.9406	145.0669
-14.0412	88.1888	-11.1129	22.9439	145.0714
-14.0432	88.1914	-11.113	22.9472	145.0758
-14.0452	88.194	-11.1132	22.9504	145.0802
-14.0472	88.1966	-11.1133	22.9536	145.0846
-14.0491	88.1992	-11.1135	22.9569	145.0891
-14.0511	88.2018	-11.1136	22.9601	145.0935
-14.0531	88.2044	-11.1138	22.9634	145.0979
-14.0551	88.2069	-11.1139	22.9666	145.1023
-14.057	88.2095	-11.1141	22.9698	145.1067
-14.059	88.2121	-11.1142	22.973	145.1111
-14.061	88.2147	-11.1144	22.9763	145.1155
-14.063	88.2173	-11.1145	22.9795	145.1198
-14.0649	88.2198	-11.1147	22.9827	145.1242
-14.0669	88.2224	-11.1148	22.9859	145.1286
-14.0689	88.225	-11.115	22.9891	145.133
-14.0708	88.2275	-11.1151	22.9923	145.1373
-14.0728	88.2301	-11.1153	22.9955	145.1417
-14.0747	88.2326	-11.1154	22.9987	145.1461
-14.0767	88.2352	-11.1156	23.0019	145.1504
-14.0786	88.2378	-11.1157	23.0051	145.1548
-14.0806	88.2403	-11.1159	23.0083	145.1591
-14.0825	88.2429	-11.116	23.0115	145.1634
-14.0845	88.2454	-11.1162	23.0147	145.1678
-14.0864	88.2479	-11.1163	23.0179	145.1721
-14.0884	88.2505	-11.1165	23.021	145.1764
-14.0903	88.253	-11.1166	23.0242	145.1808
-14.0923	88.2556	-11.1168	23.0274	145.1851
-14.0942	88.2581	-11.1169	23.0305	145.1894
-14.0961	88.2606	-11.1171	23.0337	145.1937
-14.0981	88.2631	-11.1172	23.0369	145.198
-14.1	88.2657	-11.1174	23.04	145.2023
-14.1019	88.2682	-11.1175	23.0432	145.2066
-14.1039	88.2707	-11.1177	23.0463	145.2109
-14.1058	88.2732	-11.1178	23.0495	145.2152
-14.1077	88.2758	-11.118	23.0526	145.2195
-14.1096	88.2783	-11.1181	23.0558	145.2238
-14.1116	88.2808	-11.1183	23.0589	145.2281
-14.1135	88.2833	-11.1184	23.0621	145.2323
-14.1154	88.2858	-11.1186	23.0652	145.2366
-14.1173	88.2883	-11.1187	23.0683	145.2409
-14.1192	88.2908	-11.1189	23.0715	145.2451
-14.1211	88.2933	-11.119	23.0746	145.2494
-14.123	88.2958	-11.1192	23.0777	145.2536
-14.1249	88.2983	-11.1193	23.0808	145.2579
-14.1269	88.3008	-11.1194	23.0839	145.2621
-14.1288	88.3033	-11.1196	23.087	145.2664
-14.1307	88.3057	-11.1197	23.0902	145.2706
-14.1326	88.3082	-11.1199	23.0933	145.2748
-14.1345	88.3107	-11.12	23.0964	145.2791
-14.1364	88.3132	-11.1202	23.0995	145.2833
-14.1382	88.3157	-11.1203	23.1026	145.2875
-14.1401	88.3181	-11.1205	23.1056	145.2917
-14.142	88.3206	-11.1206	23.1087	145.2959
-14.1439	88.3231	-11.1208	23.1118	145.3001
-14.1458	88.3255	-11.1209	23.1149	145.3043
-14.1477	88.328	-11.121	23.118	145.3085
-14.1496	88.3305	-11.1212	23.1211	145.3127
-14.1515	88.3329	-11.1213	23.1241	145.3169
-14.1533	88.3354	-11.1215	23.1272	145.3211
-14.1552	88.3378	-11.1216	23.1303	145.3253
-14.1571	88.3403	-11.1218	23.1333	145.3295
-14.159	88.3427	-11.1219	23.1364	145.3336
-14.1608	88.3452	-11.1221	23.1395	145.3378
-14.1627	88.3476	-11.1222	23.1425	145.342
-14.1646	88.3501	-11.1223	23.1456	145.3461
-14.1664	88.3525	-11.1225	23.1486	145.3503
-14.1683	88.3549	-11.1226	23.1517	145.3544
-14.1702	88.3574	-11.1228	23.1547	145.3586
-14.172	88.3598	-11.1229	23.1578	145.3627
-14.1739	88.3622	-11.1231	23.1608	145.3668
-14.1757	88.3646	-11.1232	23.1638	145.371
-14.1776	88.3671	-11.1233	23.1669	145.3751
-14.1794	88.3695	-11.1235	23.1699	145.3792
-14.1813	88.3719	-11.1236	23.1729	145.3833
-14.1831	88.3743	-11.1238	23.1759	145.3875
-14.185	88.3767	-11.1239	23.1789	145.3916
-14.1868	88.3791	-11.1241	23.182	145.3957
-14.1887	88.3816	-11.1242	23.185	145.3998
-14.1905	88.384	-11.1243	23.188	145.4039
-14.1923	88.3864	-11.1245	23.191	145.408
-14.1942	88.3888	-11.1246	23.194	145.4121
-14.196	88.3912	-11.1248	23.197	145.4162
-14.1978	88.3936	-11.1249	23.2	145.4202
-14.1997	88.3959	-11.125	23.203	145.4243
-14.2015	88.3983	-11.1252	23.206	145.4284
-14.2033	88.4007	-11.1253	23.209	145.4325
-14.2052	88.4031	-11.1255	23.2119	145.4365
-14.207	88.4055	-11.1256	23.2149	145.4406
-14.2088	88.4079	-11.1257	23.2179	145.4446
-14.2106	88.4103	-11.1259	23.2209	145.4487
-14.2124	88.4126	-11.126	23.2238	145.4527
-14.2143	88.415	-11.1262	23.2268	145.4568
-14.2161	88.4174	-11.1263	23.2298	145.4608
-14.2179	88.4197	-11.1264	23.2327	145.4649
-14.2197	88.4221	-11.1266	23.2357	145.4689
-14.2215	88.4245	-11.1267	23.2386	145.4729
-14.2233	88.4268	-11.1269	23.2416	145.4769
-14.2251	88.4292	-11.127	23.2445	145.4809
-14.2269	88.4315	-11.1271	23.2475	145.485
-14.2287	88.4339	-11.1273	23.2504	145.489
-14.2305	88.4362	-11.1274	23.2534	145.493
-14.2323	88.4386	-11.1275	23.2563	145.497
-14.2341	88.4409	-11.1277	23.2592	145.501
-14.2359	88.4433	-11.1278	23.2622	145.505
-14.2377	88.4456	-11.128	23.2651	145.509
-14.2395	88.448	-11.1281	23.268	145.5129
-14.2413	88.4503	-11.1282	23.2709	145.5169
-14.243	88.4526	-11.1284	23.2739	145.5209
-14.2448	88.455	-11.1285	23.2768	145.5249
-14.2466	88.4573	-11.1286	23.2797	145.5288
-14.2484	88.4596	-11.1288	23.2826	145.5328
-14.2502	88.4619	-11.1289	23.2855	145.5367
-14.2519	88.4643	-11.129	23.2884	145.5407
-14.2537	88.4666	-11.1292	23.2913	145.5446
-14.2555	88.4689	-11.1293	23.2942	145.5486
-14.2572	88.4712	-11.1295	23.2971	145.5525
-14.259	88.4735	-11.1296	23.3	145.5565
-14.2608	88.4758	-11.1297	23.3029	145.5604
-14.2625	88.4781	-11.1299	23.3058	145.5643
-14.2643	88.4804	-11.13	23.3086	145.5683
-14.2661	88.4827	-11.1301	23.3115	145.5722
-14.2678	88.485	-11.1303	23.3144	145.5761
-14.2696	88.4873	-11.1304	23.3173	145.58
-14.2713	88.4896	-11.1305	23.3201	145.5839
-14.2731	88.4919	-11.1307	23.323	145.5878
-14.2748	88.4942	-11.1308	23.3258	145.5917
-14.2766	88.4965	-11.1309	23.3287	145.5956
-14.2783	88.4988	-11.1311	23.3316	145.5995
-14.2801	88.501	-11.1312	23.3344	145.6034
-14.2818	88.5033	-11.1313	23.3373	145.6073
-14.2836	88.5056	-11.1315	23.3401	145.6111
-14.2853	88.5079	-11.1316	23.3429	145.615
-14.287	88.5101	-11.1317	23.3458	145.6189
-14.2888	88.5124	-11.1319	23.3486	145.6227
-14.2905	88.5147	-11.132	23.3515	145.6266
-14.2922	88.5169	-11.1321	23.3543	145.6305
-14.294	88.5192	-11.1323	23.3571	145.6343
-14.2957	88.5214	-11.1324	23.3599	145.6382
-14.2974	88.5237	-11.1325	23.3628	145.642
-14.2991	88.526	-11.1327	23.3656	145.6458
-14.3009	88.5282	-11.1328	23.3684	145.6497
-14.3026	88.5305	-11.1329	23.3712	145.6535
-14.3043	88.5327	-11.1331	23.374	145.6573
-14.306	88.5349	-11.1332	23.3768	145.6611
-14.3077	88.5372	-11.1333	23.3796	145.665
-14.3094	88.5394	-11.1335	23.3824	145.6688
-14.3112	88.5417	-11.1336	23.3852	145.6726
-14.3129	88.5439	-11.1337	23.388	145.6764
-14.3146	88.5461	-11.1339	23.3908	145.6802
-14.3163	88.5483	-11.134	23.3936	145.684
-14.318	88.5506	-11.1341	23.3964	145.6878
-14.3197	88.5528	-11.1342	23.3991	145.6916
-14.3214	88.555	-11.1344	23.4019	145.6953
-14.3231	88.5572	-11.1345	23.4047	145.6991
-14.3248	88.5594	-11.1346	23.4075	145.7029
-14.3265	88.5617	-11.1348	23.4102	145.7067
-14.3281	88.5639	-11.1349	23.413	145.7104
-14.3298	88.5661	-11.135	23.4158	145.7142
-14.3315	88.5683	-11.1352	23.4185	145.718
-14.3332	88.5705	-11.1353	23.4213	145.7217
-14.3349	88.5727	-11.1354	23.424	145.7255
-14.3366	88.5749	-11.1355	23.4268	145.7292
-14.3383	88.5771	-11.1357	23.4295	145.7329
-14.3399	88.5793	-11.1358	23.4323	145.7367
-14.3416	88.5815	-11.1359	23.435	145.7404
-14.3433	88.5836	-11.1361	23.4377	145.7441
-14.345	88.5858	-11.1362	23.4405	145.7479
-14.3466	88.588	-11.1363	23.4432	145.7516
-14.3483	88.5902	-11.1364	23.4459	145.7553
-14.35	88.5924	-11.1366	23.4486	145.759
-14.3516	88.5945	-11.1367	23.4514	145.7627
-14.3533	88.5967	-11.1368	23.4541	145.7664
-14.3549	88.5989	-11.137	23.4568	145.7701
-14.3566	88.6011	-11.1371	23.4595	145.7738
-14.3583	88.6032	-11.1372	23.4622	145.7775
-14.3599	88.6054	-11.1373	23.4649	145.7812
-14.3616	88.6075	-11.1375	23.4676	145.7849
-14.3632	88.6097	-11.1376	23.4703	145.7885
-14.3649	88.6119	-11.1377	23.473	145.7922
-14.3665	88.614	-11.1378	23.4757	145.7959
-14.3682	88.6162	-11.138	23.4784	145.7995
-14.3698	88.6183	-11.1381	23.4811	145.8032
-14.3714	88.6205	-11.1382	23.4838	145.8069
-14.3731	88.6226	-11.1383	23.4865	145.8105
-14.3747	88.6247	-11.1385	23.4891	145.8142
-14.3764	88.6269	-11.1386	23.4918	145.8178
-14.378	88.629	-11.1387	23.4945	145.8214
-14.3796	88.6311	-11.1388	23.4971	145.8251
-14.3813	88.6333	-11.139	23.4998	145.8287
-14.3829	88.6354	-11.1391	23.5025	145.8323
-14.3845	88.6375	-11.1392	23.5051	145.8359
-14.3861	88.6397	-11.1393	23.5078	145.8396
-14.3878	88.6418	-11.1395	23.5104	145.8432
-14.3894	88.6439	-11.1396	23.5131	145.8468
-14.391	88.646	-11.1397	23.5157	145.8504
-14.3926	88.6481	-11.1398	23.5184	145.854
-14.3942	88.6502	-11.14	23.521	145.8576
-14.3958	88.6523	-11.1401	23.5236	145.8612
-14.3974	88.6544	-11.1402	23.5263	145.8648
-14.3991	88.6565	-11.1403	23.5289	145.8684
-14.4007	88.6586	-11.1405	23.5315	145.8719
-14.4023	88.6607	-11.1406	23.5342	145.8755
-14.4039	88.6628	-11.1407	23.5368	145.8791
-14.4055	88.6649	-11.1408	23.5394	145.8826
-14.4071	88.667	-11.141	23.542	145.8862
-14.4087	88.6691	-11.1411	23.5446	145.8898
-14.4103	88.6712	-11.1412	23.5472	145.8933
-14.4119	88.6733	-11.1413	23.5498	145.8969
-14.4135	88.6754	-11.1414	23.5524	145.9004
-14.415	88.6774	-11.1416	23.555	145.904
-14.4166	88.6795	-11.1417	23.5576	145.9075
-14.4182	88.6816	-11.1418	23.5602	145.911
-14.4198	88.6837	-11.1419	23.5628	145.9145
-14.4214	88.6857	-11.142	23.5654	145.9181
-14.423	88.6878	-11.1422	23.568	145.9216
-14.4245	88.6899	-11.1423	23.5706	145.9251
-14.4261	88.6919	-11.1424	23.5732	145.9286
-14.4277	88.694	-11.1425	23.5757	145.9321
-14.4293	88.696	-11.1427	23.5783	145.9356
-14.4308	88.6981	-11.1428	23.5809	145.9391
-14.4324	88.7001	-11.1429	23.5834	145.9426
-14.434	88.7022	-11.143	23.586	145.9461
-14.4355	88.7042	-11.1431	23.5886	145.9496
-14.4371	88.7063	-11.1433	23.5911	145.9531
-14.4387	88.7083	-11.1434	23.5937	145.9566
-14.4402	88.7104	-11.1435	23.5962	145.96
-14.4418	88.7124	-11.1436	23.5988	145.9635
-14.4433	88.7144	-11.1437	23.6013	145.967
-14.4449	88.7165	-11.1439	23.6038	145.9704
-14.4464	88.7185	-11.144	23.6064	145.9739
-14.448	88.7205	-11.1441	23.6089	145.9773
-14.4495	88.7225	-11.1442	23.6114	145.9808
-14.4511	88.7246	-11.1443	23.614	145.9842
-14.4526	88.7266	-11.1444	23.6165	145.9877
-14.4542	88.7286	-11.1446	23.619	145.9911
-14.4557	88.7306	-11.1447	23.6215	145.9945
-14.4573	88.7326	-11.1448	23.6241	145.998
-14.4588	88.7346	-11.1449	23.6266	146.0014
-14.4603	88.7366	-11.145	23.6291	146.0048
-14.4619	88.7386	-11.1452	23.6316	146.0082
-14.4634	88.7406	-11.1453	23.6341	146.0116
-14.4649	88.7426	-11.1454	23.6366	146.015
-14.4664	88.7446	-11.1455	23.6391	146.0184
-14.468	88.7466	-11.1456	23.6416	146.0218
-14.4695	88.7486	-11.1457	23.6441	146.0252
-14.471	88.7506	-11.1459	23.6466	146.0286
-14.4725	88.7526	-11.146	23.649	146.032
-14.4741	88.7546	-11.1461	23.6515	146.0354
-14.4756	88.7566	-11.1462	23.654	146.0388
-14.4771	88.7585	-11.1463	23.6565	146.0421
-14.4786	88.7605	-11.1464	23.6589	146.0455
-14.4801	88.7625	-11.1466	23.6614	146.0489
-14.4816	88.7645	-11.1467	23.6639	146.0522
-14.4831	88.7664	-11.1468	23.6663	146.0556
-14.4846	88.7684	-11.1469	23.6688	146.0589
-14.4861	88.7704	-11.147	23.6713	146.0623
-14.4876	88.7723	-11.1471	23.6737	146.0656
-14.4891	88.7743	-11.1472	23.6762	146.069
-14.4906	88.7762	-11.1474	23.6786	146.0723
-14.4921	88.7782	-11.1475	23.6811	146.0756
-14.4936	88.7801	-11.1476	23.6835	146.0789
-14.4951	88.7821	-11.1477	23.6859	146.0823
-14.4966	88.784	-11.1478	23.6884	146.0856
-14.4981	88.786	-11.1479	23.6908	146.0889
-14.4996	88.7879	-11.148	23.6932	146.0922
-14.5011	88.7899	-11.1482	23.6957	146.0955
-14.5025	88.7918	-11.1483	23.6981	146.0988
-14.504	88.7937	-11.1484	23.7005	146.1021
-14.5055	88.7957	-11.1485	23.7029	146.1054
-14.507	88.7976	-11.1486	23.7053	146.1087
-14.5084	88.7995	-11.1487	23.7077	146.112
-14.5099	88.8014	-11.1488	23.7101	146.1152
-14.5114	88.8034	-11.149	23.7125	146.1185
-14.5129	88.8053	-11.1491	23.7149	146.1218
-14.5143	88.8072	-11.1492	23.7173	146.1251
-14.5158	88.8091	-11.1493	23.7197	146.1283
-14.5173	88.811	-11.1494	23.7221	146.1316
-14.5187	88.8129	-11.1495	23.7245	146.1348
-14.5202	88.8148	-11.1496	23.7269	146.1381
-14.5216	88.8168	-11.1497	23.7293	146.1413
-14.5231	88.8187	-11.1499	23.7317	146.1446
-14.5245	88.8206	-11.15	23.734	146.1478
-14.526	88.8225	-11.1501	23.7364	146.151
-14.5274	88.8243	-11.1502	23.7388	146.1543
-14.5289	88.8262	-11.1503	23.7412	146.1575
-14.5303	88.8281	-11.1504	23.7435	146.1607
-14.5318	88.83	-11.1505	23.7459	146.1639
-14.5332	88.8319	-11.1506	23.7482	146.1672
-14.5347	88.8338	-11.1507	23.7506	146.1704
-14.5361	88.8357	-11.1509	23.753	146.1736
-14.5375	88.8375	-11.151	23.7553	146.1768
-14.539	88.8394	-11.1511	23.7576	146.18
-14.5404	88.8413	-11.1512	23.76	146.1832
-14.5418	88.8432	-11.1513	23.7623	146.1863
-14.5433	88.845	-11.1514	23.7647	146.1895
-14.5447	88.8469	-11.1515	23.767	146.1927
-14.5461	88.8488	-11.1516	23.7693	146.1959
-14.5476	88.8506	-11.1517	23.7717	146.199
-14.549	88.8525	-11.1518	23.774	146.2022
-14.5504	88.8543	-11.1519	23.7763	146.2054
-14.5518	88.8562	-11.1521	23.7786	146.2085
-14.5532	88.858	-11.1522	23.7809	146.2117
-14.5546	88.8599	-11.1523	23.7832	146.2148
-14.5561	88.8617	-11.1524	23.7856	146.218
-14.5575	88.8636	-11.1525	23.7879	146.2211
-14.5589	88.8654	-11.1526	23.7902	146.2243
-14.5603	88.8673	-11.1527	23.7925	146.2274
-14.5617	88.8691	-11.1528	23.7948	146.2305
-14.5631	88.8709	-11.1529	23.7971	146.2337
-14.5645	88.8728	-11.153	23.7993	146.2368
-14.5659	88.8746	-11.1531	23.8016	146.2399
-14.5673	88.8764	-11.1532	23.8039	146.243
-14.5687	88.8782	-11.1534	23.8062	146.2461
-14.5701	88.8801	-11.1535	23.8085	146.2492
-14.5715	88.8819	-11.1536	23.8108	146.2523
-14.5729	88.8837	-11.1537	23.813	146.2554
-14.5742	88.8855	-11.1538	23.8153	146.2585
-14.5756	88.8873	-11.1539	23.8176	146.2616
-14.577	88.8891	-11.154	23.8198	146.2647
-14.5784	88.8909	-11.1541	23.8221	146.2678
-14.5798	88.8928	-11.1542	23.8243	146.2708
-14.5812	88.8946	-11.1543	23.8266	146.2739
-14.5825	88.8964	-11.1544	23.8289	146.277
-14.5839	88.8982	-11.1545	23.8311	146.28
-14.5853	88.8999	-11.1546	23.8333	146.2831
-14.5867	88.9017	-11.1547	23.8356	146.2861
-14.588	88.9035	-11.1548	23.8378	146.2892
-14.5894	88.9053	-11.1549	23.8401	146.2922
-14.5908	88.9071	-11.155	23.8423	146.2953
-14.5921	88.9089	-11.1552	23.8445	146.2983
-14.5935	88.9107	-11.1553	23.8468	146.3014
-14.5948	88.9124	-11.1554	23.849	146.3044
-14.5962	88.9142	-11.1555	23.8512	146.3074
-14.5976	88.916	-11.1556	23.8534	146.3104
-14.5989	88.9178	-11.1557	23.8556	146.3134
-14.6003	88.9195	-11.1558	23.8578	146.3165
-14.6016	88.9213	-11.1559	23.86	146.3195
-14.603	88.9231	-11.156	23.8623	146.3225
-14.6043	88.9248	-11.1561	23.8645	146.3255
-14.6057	88.9266	-11.1562	23.8667	146.3285
-14.607	88.9283	-11.1563	23.8689	146.3315
-14.6083	88.9301	-11.1564	23.871	146.3344
-14.6097	88.9318	-11.1565	23.8732	146.3374
-14.611	88.9336	-11.1566	23.8754	146.3404
-14.6124	88.9353	-11.1567	23.8776	146.3434
-14.6137	88.9371	-11.1568	23.8798	146.3464
-14.615	88.9388	-11.1569	23.882	146.3493
-14.6164	88.9406	-11.157	23.8841	146.3523
-14.6177	88.9423	-11.1571	23.8863	146.3552
-14.619	88.944	-11.1572	23.8885	146.3582
-14.6203	88.9458	-11.1573	23.8906	146.3612
-14.6217	88.9475	-11.1574	23.8928	146.3641
-14.623	88.9492	-11.1575	23.895	146.367
-14.6243	88.9509	-11.1576	23.8971	146.37
-14.6256	88.9527	-11.1577	23.8993	146.3729
-14.6269	88.9544	-11.1578	23.9014	146.3758
-14.6283	88.9561	-11.1579	23.9036	146.3788
-14.6296	88.9578	-11.158	23.9057	146.3817
-14.6309	88.9595	-11.1581	23.9079	146.3846
-14.6322	88.9612	-11.1582	23.91	146.3875
-14.6335	88.9629	-11.1583	23.9121	146.3904
-14.6348	88.9647	-11.1584	23.9143	146.3933
-14.6361	88.9664	-11.1585	23.9164	146.3962
-14.6374	88.9681	-11.1586	23.9185	146.3991
-14.6387	88.9698	-11.1587	23.9207	146.402
-14.64	88.9714	-11.1588	23.9228	146.4049
-14.6413	88.9731	-11.1589	23.9249	146.4078
-14.6426	88.9748	-11.159	23.927	146.4107
-14.6439	88.9765	-11.1591	23.9291	146.4136
-14.6452	88.9782	-11.1592	23.9312	146.4164
-14.6465	88.9799	-11.1593	23.9333	146.4193
-14.6477	88.9816	-11.1594	23.9354	146.4222
-14.649	88.9833	-11.1595	23.9375	146.425
-14.6503	88.9849	-11.1596	23.9396	146.4279
-14.6516	88.9866	-11.1597	23.9417	146.4307
-14.6529	88.9883	-11.1598	23.9438	146.4336
-14.6541	88.9899	-11.1599	23.9459	146.4364
-14.6554	88.9916	-11.16	23.948	146.4393
-14.6567	88.9933	-11.1601	23.9501	146.4421
-14.658	88.9949	-11.1602	23.9521	146.4449
-14.6592	88.9966	-11.1603	23.9542	146.4478
-14.6605	88.9983	-11.1604	23.9563	146.4506
-14.6618	88.9999	-11.1605	23.9584	146.4534
-14.663	89.0016	-11.1606	23.9604	146.4562
-14.6643	89.0032	-11.1607	23.9625	146.459
-14.6656	89.0049	-11.1608	23.9646	146.4618
-14.6668	89.0065	-11.1609	23.9666	146.4646
-14.6681	89.0081	-11.161	23.9687	146.4674
-14.6693	89.0098	-11.1611	23.9707	146.4702
-14.6706	89.0114	-11.1612	23.9728	146.473
-14.6718	89.0131	-11.1613	23.9748	146.4758
-14.6731	89.0147	-11.1614	23.9769	146.4786
-14.6743	89.0163	-11.1615	23.9789	146.4814
-14.6756	89.0179	-11.1616	23.9809	146.4842
-14.6768	89.0196	-11.1616	23.983	146.4869
-14.6781	89.0212	-11.1617	23.985	146.4897
-14.6793	89.0228	-11.1618	23.987	146.4925
-14.6805	89.0244	-11.1619	23.9891	146.4952
-14.6818	89.0261	-11.162	23.9911	146.498
-14.683	89.0277	-11.1621	23.9931	146.5007
-14.6842	89.0293	-11.1622	23.9951	146.5035
-14.6855	89.0309	-11.1623	23.9971	146.5062
-14.6867	89.0325	-11.1624	23.9991	146.5089
-14.6879	89.0341	-11.1625	24.0011	146.5117
-14.6892	89.0357	-11.1626	24.0031	146.5144
-14.6904	89.0373	-11.1627	24.0051	146.5171
-14.6916	89.0389	-11.1628	24.0071	146.5199
-14.6928	89.0405	-11.1629	24.0091	146.5226
-14.694	89.0421	-11.163	24.0111	146.5253
-14.6953	89.0437	-11.1631	24.0131	146.528
-14.6965	89.0453	-11.1632	24.0151	146.5307
-14.6977	89.0469	-11.1633	24.0171	146.5334
-14.6989	89.0484	-11.1633	24.0191	146.5361
-14.7001	89.05	-11.1634	24.021	146.5388
-14.7013	89.0516	-11.1635	24.023	146.5415
-14.7025	89.0532	-11.1636	24.025	146.5442
-14.7037	89.0547	-11.1637	24.027	146.5469
-14.7049	89.0563	-11.1638	24.0289	146.5495
-14.7061	89.0579	-11.1639	24.0309	146.5522
-14.7073	89.0594	-11.164	24.0328	146.5549
-14.7085	89.061	-11.1641	24.0348	146.5575
-14.7097	89.0626	-11.1642	24.0367	146.5602
-14.7109	89.0641	-11.1643	24.0387	146.5629
-14.7121	89.0657	-11.1644	24.0406	146.5655
-14.7133	89.0672	-11.1644	24.0426	146.5682
-14.7145	89.0688	-11.1645	24.0445	146.5708
-14.7157	89.0703	-11.1646	24.0465	146.5734
-14.7168	89.0719	-11.1647	24.0484	146.5761
-14.718	89.0734	-11.1648	24.0503	146.5787
-14.7192	89.075	-11.1649	24.0523	146.5813
-14.7204	89.0765	-11.165	24.0542	146.584
-14.7216	89.0781	-11.1651	24.0561	146.5866
-14.7227	89.0796	-11.1652	24.058	146.5892
-14.7239	89.0811	-11.1653	24.06	146.5918
-14.7251	89.0827	-11.1654	24.0619	146.5944
-14.7263	89.0842	-11.1654	24.0638	146.597
-14.7274	89.0857	-11.1655	24.0657	146.5996
-14.7286	89.0872	-11.1656	24.0676	146.6022
-14.7297	89.0888	-11.1657	24.0695	146.6048
-14.7309	89.0903	-11.1658	24.0714	146.6074
-14.7321	89.0918	-11.1659	24.0733	146.61
-14.7332	89.0933	-11.166	24.0752	146.6126
-14.7344	89.0948	-11.1661	24.0771	146.6151
-14.7355	89.0963	-11.1662	24.079	146.6177
-14.7367	89.0978	-11.1662	24.0809	146.6203
-14.7378	89.0993	-11.1663	24.0827	146.6228
-14.739	89.1008	-11.1664	24.0846	146.6254
-14.7401	89.1023	-11.1665	24.0865	146.628
-14.7413	89.1038	-11.1666	24.0884	146.6305
-14.7424	89.1053	-11.1667	24.0902	146.6331
-14.7436	89.1068	-11.1668	24.0921	146.6356
-14.7447	89.1083	-11.1669	24.094	146.6382
-14.7459	89.1098	-11.1669	24.0958	146.6407
-14.747	89.1113	-11.167	24.0977	146.6432
-14.7481	89.1128	-11.1671	24.0995	146.6457
-14.7493	89.1143	-11.1672	24.1014	146.6483
-14.7504	89.1157	-11.1673	24.1033	146.6508
-14.7515	89.1172	-11.1674	24.1051	146.6533
-14.7527	89.1187	-11.1675	24.1069	146.6558
-14.7538	89.1202	-11.1676	24.1088	146.6583
-14.7549	89.1216	-11.1676	24.1106	146.6608
-14.756	89.1231	-11.1677	24.1125	146.6633
-14.7571	89.1246	-11.1678	24.1143	146.6658
-14.7583	89.126	-11.1679	24.1161	146.6683
-14.7594	89.1275	-11.168	24.1179	146.6708
-14.7605	89.129	-11.1681	24.1198	146.6733
-14.7616	89.1304	-11.1682	24.1216	146.6758
-14.7627	89.1319	-11.1682	24.1234	146.6783
-14.7638	89.1333	-11.1683	24.1252	146.6807
-14.7649	89.1348	-11.1684	24.127	146.6832
-14.7661	89.1362	-11.1685	24.1288	146.6857
-14.7672	89.1377	-11.1686	24.1307	146.6881
-14.7683	89.1391	-11.1687	24.1325	146.6906
-14.7694	89.1405	-11.1688	24.1343	146.693
-14.7705	89.142	-11.1688	24.1361	146.6955
-14.7716	89.1434	-11.1689	24.1378	146.6979
-14.7727	89.1448	-11.169	24.1396	146.7004
-14.7737	89.1463	-11.1691	24.1414	146.7028
-14.7748	89.1477	-11.1692	24.1432	146.7052
-14.7759	89.1491	-11.1693	24.145	146.7077
-14.777	89.1505	-11.1693	24.1468	146.7101
-14.7781	89.152	-11.1694	24.1486	146.7125
-14.7792	89.1534	-11.1695	24.1503	146.7149
-14.7803	89.1548	-11.1696	24.1521	146.7173
-14.7814	89.1562	-11.1697	24.1539	146.7197
-14.7824	89.1576	-11.1698	24.1556	146.7222
-14.7835	89.159	-11.1698	24.1574	146.7246
-14.7846	89.1604	-11.1699	24.1592	146.727
-14.7857	89.1618	-11.17	24.1609	146.7293
-14.7867	89.1632	-11.1701	24.1627	146.7317
-14.7878	89.1646	-11.1702	24.1644	146.7341
-14.7889	89.166	-11.1702	24.1662	146.7365
-14.7899	89.1674	-11.1703	24.1679	146.7389
-14.791	89.1688	-11.1704	24.1697	146.7413
-14.7921	89.1702	-11.1705	24.1714	146.7436
-14.7931	89.1716	-11.1706	24.1731	146.746
-14.7942	89.173	-11.1707	24.1749	146.7483
-14.7953	89.1744	-11.1707	24.1766	146.7507
-14.7963	89.1758	-11.1708	24.1783	146.7531
-14.7974	89.1771	-11.1709	24.18	146.7554
-14.7984	89.1785	-11.171	24.1818	146.7578
-14.7995	89.1799	-11.1711	24.1835	146.7601
-14.8005	89.1813	-11.1711	24.1852	146.7624
-14.8016	89.1826	-11.1712	24.1869	146.7648
-14.8026	89.184	-11.1713	24.1886	146.7671
-14.8037	89.1854	-11.1714	24.1903	146.7694
-14.8047	89.1867	-11.1715	24.192	146.7718
-14.8057	89.1881	-11.1715	24.1937	146.7741
-14.8068	89.1895	-11.1716	24.1954	146.7764
-14.8078	89.1908	-11.1717	24.1971	146.7787
-14.8089	89.1922	-11.1718	24.1988	146.781
-14.8099	89.1935	-11.1719	24.2005	146.7833
-14.8109	89.1949	-11.1719	24.2022	146.7856
-14.812	89.1962	-11.172	24.2039	146.7879
-14.813	89.1976	-11.1721	24.2056	146.7902
-14.814	89.1989	-11.1722	24.2073	146.7925
-14.815	89.2002	-11.1723	24.2089	146.7948
-14.8161	89.2016	-11.1723	24.2106	146.797
-14.8171	89.2029	-11.1724	24.2123	146.7993
-14.8181	89.2042	-11.1725	24.2139	146.8016
-14.8191	89.2056	-11.1726	24.2156	146.8039
-14.8201	89.2069	-11.1726	24.2173	146.8061
-14.8212	89.2082	-11.1727	24.2189	146.8084
-14.8222	89.2096	-11.1728	24.2206	146.8106
-14.8232	89.2109	-11.1729	24.2222	146.8129
-14.8242	89.2122	-11.173	24.2239	146.8151
-14.8252	89.2135	-11.173	24.2255	146.8174
-14.8262	89.2148	-11.1731	24.2272	146.8196
-14.8272	89.2161	-11.1732	24.2288	146.8219
-14.8282	89.2175	-11.1733	24.2305	146.8241
-14.8292	89.2188	-11.1733	24.2321	146.8263
-14.8302	89.2201	-11.1734	24.2337	146.8286
-14.8312	89.2214	-11.1735	24.2354	146.8308
-14.8322	89.2227	-11.1736	24.237	146.833
-14.8332	89.224	-11.1736	24.2386	146.8352
-14.8342	89.2253	-11.1737	24.2402	146.8374
-14.8352	89.2266	-11.1738	24.2419	146.8396
-14.8362	89.2279	-11.1739	24.2435	146.8418
-14.8372	89.2291	-11.174	24.2451	146.844
-14.8381	89.2304	-11.174	24.2467	146.8462
-14.8391	89.2317	-11.1741	24.2483	146.8484
-14.8401	89.233	-11.1742	24.2499	146.8506
-14.8411	89.2343	-11.1743	24.2515	146.8528
-14.8421	89.2356	-11.1743	24.2531	146.855
-14.843	89.2368	-11.1744	24.2547	146.8571
-14.844	89.2381	-11.1745	24.2563	146.8593
-14.845	89.2394	-11.1746	24.2579	146.8615
-14.846	89.2407	-11.1746	24.2595	146.8636
-14.8469	89.2419	-11.1747	24.2611	146.8658
-14.8479	89.2432	-11.1748	24.2626	146.8679
-14.8489	89.2445	-11.1749	24.2642	146.8701
-14.8498	89.2457	-11.1749	24.2658	146.8722
-14.8508	89.247	-11.175	24.2674	146.8744
-14.8518	89.2482	-11.1751	24.269	146.8765
-14.8527	89.2495	-11.1751	24.2705	146.8787
-14.8537	89.2507	-11.1752	24.2721	146.8808
-14.8546	89.252	-11.1753	24.2736	146.8829
-14.8556	89.2532	-11.1754	24.2752	146.8851
-14.8565	89.2545	-11.1754	24.2768	146.8872
-14.8575	89.2557	-11.1755	24.2783	146.8893
-14.8584	89.257	-11.1756	24.2799	146.8914
-14.8594	89.2582	-11.1757	24.2814	146.8935
-14.8603	89.2594	-11.1757	24.283	146.8956
-14.8613	89.2607	-11.1758	24.2845	146.8977
-14.8622	89.2619	-11.1759	24.2861	146.8998
-14.8632	89.2631	-11.1759	24.2876	146.9019
-14.8641	89.2644	-11.176	24.2891	146.904
-14.865	89.2656	-11.1761	24.2907	146.9061
-14.866	89.2668	-11.1762	24.2922	146.9082
-14.8669	89.268	-11.1762	24.2937	146.9103
-14.8678	89.2692	-11.1763	24.2952	146.9123
-14.8688	89.2705	-11.1764	24.2968	146.9144
-14.8697	89.2717	-11.1764	24.2983	146.9165
-14.8706	89.2729	-11.1765	24.2998	146.9185
-14.8715	89.2741	-11.1766	24.3013	146.9206
-14.8725	89.2753	-11.1767	24.3028	146.9227
-14.8734	89.2765	-11.1767	24.3043	146.9247
-14.8743	89.2777	-11.1768	24.3058	146.9268
-14.8752	89.2789	-11.1769	24.3073	146.9288
-14.8761	89.2801	-11.1769	24.3088	146.9308
-14.8771	89.2813	-11.177	24.3103	146.9329
-14.878	89.2825	-11.1771	24.3118	146.9349
-14.8789	89.2837	-11.1772	24.3133	146.937
-14.8798	89.2849	-11.1772	24.3148	146.939
-14.8807	89.2861	-11.1773	24.3163	146.941
-14.8816	89.2872	-11.1774	24.3178	146.943
-14.8825	89.2884	-11.1774	24.3192	146.945
-14.8834	89.2896	-11.1775	24.3207	146.947
-14.8843	89.2908	-11.1776	24.3222	146.9491
-14.8852	89.292	-11.1776	24.3237	146.9511
-14.8861	89.2931	-11.1777	24.3251	146.9531
-14.887	89.2943	-11.1778	24.3266	146.9551
-14.8879	89.2955	-11.1778	24.3281	146.957
-14.8888	89.2966	-11.1779	24.3295	146.959
-14.8897	89.2978	-11.178	24.331	146.961
-14.8906	89.299	-11.1781	24.3324	146.963
-14.8915	89.3001	-11.1781	24.3339	146.965
-14.8924	89.3013	-11.1782	24.3353	146.967
-14.8932	89.3024	-11.1783	24.3368	146.9689
-14.8941	89.3036	-11.1783	24.3382	146.9709
-14.895	89.3048	-11.1784	24.3397	146.9729
-14.8959	89.3059	-11.1785	24.3411	146.9748
-14.8968	89.3071	-11.1785	24.3425	146.9768
-14.8976	89.3082	-11.1786	24.344	146.9787
-14.8985	89.3093	-11.1787	24.3454	146.9807
-14.8994	89.3105	-11.1787	24.3468	146.9826
-14.9003	89.3116	-11.1788	24.3482	146.9846
-14.9011	89.3128	-11.1789	24.3497	146.9865
-14.902	89.3139	-11.1789	24.3511	146.9884
-14.9029	89.315	-11.179	24.3525	146.9903
-14.9037	89.3162	-11.1791	24.3539	146.9923
-14.9046	89.3173	-11.1791	24.3553	146.9942
-14.9055	89.3184	-11.1792	24.3567	146.9961
-14.9063	89.3195	-11.1793	24.3581	146.998
-14.9072	89.3207	-11.1793	24.3595	146.9999
-14.908	89.3218	-11.1794	24.3609	147.0018
-14.9089	89.3229	-11.1795	24.3623	147.0037
-14.9097	89.324	-11.1795	24.3637	147.0056
-14.9106	89.3251	-11.1796	24.3651	147.0075
-14.9114	89.3262	-11.1797	24.3665	147.0094
-14.9123	89.3273	-11.1797	24.3679	147.0113
-14.9131	89.3284	-11.1798	24.3693	147.0132
-14.914	89.3295	-11.1798	24.3707	147.0151
-14.9148	89.3306	-11.1799	24.372	147.017
-14.9157	89.3317	-11.18	24.3734	147.0188
-14.9165	89.3328	-11.18	24.3748	147.0207
-14.9173	89.3339	-11.1801	24.3762	147.0226
-14.9182	89.335	-11.1802	24.3775	147.0244
-14.919	89.3361	-11.1802	24.3789	147.0263
-14.9198	89.3372	-11.1803	24.3802	147.0282
-14.9207	89.3383	-11.1804	24.3816	147.03
-14.9215	89.3394	-11.1804	24.383	147.0319
-14.9223	89.3405	-11.1805	24.3843	147.0337
-14.9232	89.3415	-11.1806	24.3857	147.0355
-14.924	89.3426	-11.1806	24.387	147.0374
-14.9248	89.3437	-11.1807	24.3884	147.0392
-14.9256	89.3448	-11.1807	24.3897	147.041
-14.9264	89.3458	-11.1808	24.391	147.0429
-14.9273	89.3469	-11.1809	24.3924	147.0447
-14.9281	89.348	-11.1809	24.3937	147.0465
-14.9289	89.349	-11.181	24.395	147.0483
-14.9297	89.3501	-11.1811	24.3964	147.0501
-14.9305	89.3512	-11.1811	24.3977	147.0519
-14.9313	89.3522	-11.1812	24.399	147.0537
-14.9321	89.3533	-11.1812	24.4003	147.0555
-14.9329	89.3543	-11.1813	24.4017	147.0573
-14.9337	89.3554	-11.1814	24.403	147.0591
-14.9346	89.3564	-11.1814	24.4043	147.0609
-14.9354	89.3575	-11.1815	24.4056	147.0627
-14.9362	89.3585	-11.1815	24.4069	147.0645
-14.937	89.3596	-11.1816	24.4082	147.0663
-14.9377	89.3606	-11.1817	24.4095	147.068
-14.9385	89.3617	-11.1817	24.4108	147.0698
-14.9393	89.3627	-11.1818	24.4121	147.0716
-14.9401	89.3637	-11.1819	24.4134	147.0733
-14.9409	89.3648	-11.1819	24.4147	147.0751
-14.9417	89.3658	-11.182	24.416	147.0769
-14.9425	89.3668	-11.182	24.4173	147.0786
-14.9433	89.3678	-11.1821	24.4186	147.0804
-14.9441	89.3689	-11.1822	24.4198	147.0821
-14.9448	89.3699	-11.1822	24.4211	147.0838
-14.9456	89.3709	-11.1823	24.4224	147.0856
-14.9464	89.3719	-11.1823	24.4237	147.0873
-14.9472	89.373	-11.1824	24.4249	147.0891
-14.948	89.374	-11.1825	24.4262	147.0908
-14.9487	89.375	-11.1825	24.4275	147.0925
-14.9495	89.376	-11.1826	24.4287	147.0942
-14.9503	89.377	-11.1826	24.43	147.0959
-14.951	89.378	-11.1827	24.4313	147.0977
-14.9518	89.379	-11.1828	24.4325	147.0994
-14.9526	89.38	-11.1828	24.4338	147.1011
-14.9533	89.381	-11.1829	24.435	147.1028
-14.9541	89.382	-11.1829	24.4363	147.1045
-14.9549	89.383	-11.183	24.4375	147.1062
-14.9556	89.384	-11.183	24.4388	147.1079
-14.9564	89.385	-11.1831	24.44	147.1096
-14.9571	89.386	-11.1832	24.4412	147.1112
-14.9579	89.387	-11.1832	24.4425	147.1129
-14.9587	89.3879	-11.1833	24.4437	147.1146
-14.9594	89.3889	-11.1833	24.4449	147.1163
-14.9602	89.3899	-11.1834	24.4462	147.1179
-14.9609	89.3909	-11.1834	24.4474	147.1196
-14.9617	89.3919	-11.1835	24.4486	147.1213
-14.9624	89.3928	-11.1836	24.4498	147.1229
-14.9631	89.3938	-11.1836	24.451	147.1246
-14.9639	89.3948	-11.1837	24.4522	147.1262
-14.9646	89.3957	-11.1837	24.4535	147.1279
-14.9654	89.3967	-11.1838	24.4547	147.1295
-14.9661	89.3977	-11.1838	24.4559	147.1312
-14.9668	89.3986	-11.1839	24.4571	147.1328
-14.9676	89.3996	-11.184	24.4583	147.1344
-14.9683	89.4005	-11.184	24.4595	147.1361
-14.969	89.4015	-11.1841	24.4607	147.1377
-14.9698	89.4025	-11.1841	24.4619	147.1393
-14.9705	89.4034	-11.1842	24.463	147.141
-14.9712	89.4044	-11.1842	24.4642	147.1426
-14.9719	89.4053	-11.1843	24.4654	147.1442
-14.9727	89.4063	-11.1844	24.4666	147.1458
-14.9734	89.4072	-11.1844	24.4678	147.1474
-14.9741	89.4081	-11.1845	24.469	147.149
-14.9748	89.4091	-11.1845	24.4701	147.1506
-14.9755	89.41	-11.1846	24.4713	147.1522
-14.9763	89.4109	-11.1846	24.4725	147.1538
-14.977	89.4119	-11.1847	24.4736	147.1554
-14.9777	89.4128	-11.1847	24.4748	147.157
-14.9784	89.4137	-11.1848	24.476	147.1586
-14.9791	89.4147	-11.1848	24.4771	147.1601
-14.9798	89.4156	-11.1849	24.4783	147.1617
-14.9805	89.4165	-11.185	24.4794	147.1633
-14.9812	89.4174	-11.185	24.4806	147.1648
-14.9819	89.4183	-11.1851	24.4817	147.1664
-14.9826	89.4193	-11.1851	24.4829	147.168
-14.9833	89.4202	-11.1852	24.484	147.1695
-14.984	89.4211	-11.1852	24.4852	147.1711
-14.9847	89.422	-11.1853	24.4863	147.1726
-14.9854	89.4229	-11.1853	24.4874	147.1742
-14.9861	89.4238	-11.1854	24.4886	147.1757
-14.9868	89.4247	-11.1854	24.4897	147.1773
-14.9875	89.4256	-11.1855	24.4908	147.1788
-14.9882	89.4265	-11.1855	24.492	147.1803
-14.9889	89.4274	-11.1856	24.4931	147.1819
-14.9895	89.4283	-11.1856	24.4942	147.1834
-14.9902	89.4292	-11.1857	24.4953	147.1849
-14.9909	89.4301	-11.1858	24.4964	147.1864
-14.9916	89.431	-11.1858	24.4975	147.188
-14.9923	89.4319	-11.1859	24.4987	147.1895
-14.9929	89.4328	-11.1859	24.4998	147.191
-14.9936	89.4336	-11.186	24.5009	147.1925
-14.9943	89.4345	-11.186	24.502	147.194
-14.995	89.4354	-11.1861	24.5031	147.1955
-14.9956	89.4363	-11.1861	24.5042	147.197
-14.9963	89.4372	-11.1862	24.5053	147.1985
-14.997	89.438	-11.1862	24.5064	147.2
-14.9977	89.4389	-11.1863	24.5074	147.2014
-14.9983	89.4398	-11.1863	24.5085	147.2029
-14.999	89.4406	-11.1864	24.5096	147.2044
-14.9996	89.4415	-11.1864	24.5107	147.2059
-15.0003	89.4424	-11.1865	24.5118	147.2073
-15.001	89.4432	-11.1865	24.5129	147.2088
-15.0016	89.4441	-11.1866	24.5139	147.2103
-15.0023	89.445	-11.1866	24.515	147.2117
-15.0029	89.4458	-11.1867	24.5161	147.2132
-15.0036	89.4467	-11.1867	24.5171	147.2147
-15.0042	89.4475	-11.1868	24.5182	147.2161
-15.0049	89.4484	-11.1868	24.5193	147.2176
-15.0055	89.4492	-11.1869	24.5203	147.219
-15.0062	89.4501	-11.1869	24.5214	147.2204
-15.0068	89.4509	-11.187	24.5224	147.2219
-15.0075	89.4517	-11.187	24.5235	147.2233
-15.0081	89.4526	-11.1871	24.5245	147.2247
-15.0088	89.4534	-11.1871	24.5256	147.2262
-15.0094	89.4543	-11.1872	24.5266	147.2276
-15.01	89.4551	-11.1872	24.5277	147.229
-15.0107	89.4559	-11.1873	24.5287	147.2304
-15.0113	89.4568	-11.1873	24.5298	147.2318
-15.0119	89.4576	-11.1874	24.5308	147.2333
-15.0126	89.4584	-11.1874	24.5318	147.2347
-15.0132	89.4592	-11.1875	24.5329	147.2361
-15.0138	89.4601	-11.1875	24.5339	147.2375
-15.0145	89.4609	-11.1876	24.5349	147.2389
-15.0151	89.4617	-11.1876	24.5359	147.2403
-15.0157	89.4625	-11.1877	24.537	147.2416
-15.0163	89.4633	-11.1877	24.538	147.243
-15.0169	89.4641	-11.1877	24.539	147.2444
-15.0176	89.4649	-11.1878	24.54	147.2458
-15.0182	89.4658	-11.1878	24.541	147.2472
-15.0188	89.4666	-11.1879	24.542	147.2486
-15.0194	89.4674	-11.1879	24.543	147.2499
-15.02	89.4682	-11.188	24.544	147.2513
-15.0206	89.469	-11.188	24.545	147.2527
-15.0213	89.4698	-11.1881	24.546	147.254
-15.0219	89.4706	-11.1881	24.547	147.2554
-15.0225	89.4714	-11.1882	24.548	147.2567
-15.0231	89.4721	-11.1882	24.549	147.2581
-15.0237	89.4729	-11.1883	24.55	147.2594
-15.0243	89.4737	-11.1883	24.551	147.2608
-15.0249	89.4745	-11.1884	24.552	147.2621
-15.0255	89.4753	-11.1884	24.553	147.2634
-15.0261	89.4761	-11.1884	24.5539	147.2648
-15.0267	89.4769	-11.1885	24.5549	147.2661
-15.0273	89.4776	-11.1885	24.5559	147.2674
-15.0279	89.4784	-11.1886	24.5569	147.2688
-15.0285	89.4792	-11.1886	24.5578	147.2701
-15.0291	89.48	-11.1887	24.5588	147.2714
-15.0297	89.4807	-11.1887	24.5598	147.2727
-15.0302	89.4815	-11.1888	24.5607	147.274
-15.0308	89.4823	-11.1888	24.5617	147.2753
-15.0314	89.483	-11.1889	24.5626	147.2766
-15.032	89.4838	-11.1889	24.5636	147.2779
-15.0326	89.4846	-11.1889	24.5645	147.2792
-15.0332	89.4853	-11.189	24.5655	147.2805
-15.0337	89.4861	-11.189	24.5664	147.2818
-15.0343	89.4868	-11.1891	24.5674	147.2831
-15.0349	89.4876	-11.1891	24.5683	147.2844
-15.0355	89.4883	-11.1892	24.5693	147.2857
-15.036	89.4891	-11.1892	24.5702	147.2869
-15.0366	89.4898	-11.1893	24.5711	147.2882
-15.0372	89.4906	-11.1893	24.5721	147.2895
-15.0378	89.4913	-11.1893	24.573	147.2908
-15.0383	89.4921	-11.1894	24.5739	147.292
-15.0389	89.4928	-11.1894	24.5749	147.2933
-15.0395	89.4936	-11.1895	24.5758	147.2945
-15.04	89.4943	-11.1895	24.5767	147.2958
-15.0406	89.495	-11.1896	24.5776	147.2971
-15.0411	89.4958	-11.1896	24.5785	147.2983
-15.0417	89.4965	-11.1896	24.5795	147.2996
-15.0423	89.4972	-11.1897	24.5804	147.3008
-15.0428	89.4979	-11.1897	24.5813	147.302
-15.0434	89.4987	-11.1898	24.5822	147.3033
-15.0439	89.4994	-11.1898	24.5831	147.3045
-15.0445	89.5001	-11.1899	24.584	147.3057
-15.045	89.5008	-11.1899	24.5849	147.307
-15.0456	89.5016	-11.1899	24.5858	147.3082
-15.0461	89.5023	-11.19	24.5867	147.3094
-15.0467	89.503	-11.19	24.5876	147.3106
-15.0472	89.5037	-11.1901	24.5885	147.3118
-15.0478	89.5044	-11.1901	24.5894	147.313
-15.0483	89.5051	-11.1902	24.5902	147.3142
-15.0488	89.5058	-11.1902	24.5911	147.3155
-15.0494	89.5065	-11.1902	24.592	147.3167
-15.0499	89.5072	-11.1903	24.5929	147.3179
-15.0505	89.5079	-11.1903	24.5938	147.319
-15.051	89.5086	-11.1904	24.5946	147.3202
-15.0515	89.5093	-11.1904	24.5955	147.3214
-15.0521	89.51	-11.1904	24.5964	147.3226
-15.0526	89.5107	-11.1905	24.5973	147.3238
-15.0531	89.5114	-11.1905	24.5981	147.325
-15.0536	89.5121	-11.1906	24.599	147.3261
-15.0542	89.5128	-11.1906	24.5998	147.3273
-15.0547	89.5135	-11.1906	24.6007	147.3285
-15.0552	89.5142	-11.1907	24.6016	147.3297
-15.0557	89.5148	-11.1907	24.6024	147.3308
-15.0563	89.5155	-11.1908	24.6033	147.332
-15.0568	89.5162	-11.1908	24.6041	147.3331
-15.0573	89.5169	-11.1908	24.605	147.3343
-15.0578	89.5175	-11.1909	24.6058	147.3354
-15.0583	89.5182	-11.1909	24.6066	147.3366
-15.0588	89.5189	-11.191	24.6075	147.3377
-15.0594	89.5196	-11.191	24.6083	147.3389
-15.0599	89.5202	-11.191	24.6092	147.34
-15.0604	89.5209	-11.1911	24.61	147.3411
-15.0609	89.5216	-11.1911	24.6108	147.3423
-15.0614	89.5222	-11.1912	24.6116	147.3434
-15.0619	89.5229	-11.1912	24.6125	147.3445
-15.0624	89.5235	-11.1912	24.6133	147.3457
-15.0629	89.5242	-11.1913	24.6141	147.3468
-15.0634	89.5249	-11.1913	24.6149	147.3479
-15.0639	89.5255	-11.1914	24.6158	147.349
-15.0644	89.5262	-11.1914	24.6166	147.3501
-15.0649	89.5268	-11.1914	24.6174	147.3512
-15.0654	89.5275	-11.1915	24.6182	147.3523
-15.0659	89.5281	-11.1915	24.619	147.3534
-15.0664	89.5287	-11.1915	24.6198	147.3545
-15.0669	89.5294	-11.1916	24.6206	147.3556
-15.0674	89.53	-11.1916	24.6214	147.3567
-15.0679	89.5307	-11.1917	24.6222	147.3578
-15.0683	89.5313	-11.1917	24.623	147.3589
-15.0688	89.5319	-11.1917	24.6238	147.36
-15.0693	89.5326	-11.1918	24.6246	147.361
-15.0698	89.5332	-11.1918	24.6254	147.3621
-15.0703	89.5338	-11.1918	24.6262	147.3632
-15.0708	89.5345	-11.1919	24.627	147.3643
-15.0712	89.5351	-11.1919	24.6277	147.3653
-15.0717	89.5357	-11.192	24.6285	147.3664
-15.0722	89.5363	-11.192	24.6293	147.3674
-15.0727	89.537	-11.192	24.6301	147.3685
-15.0731	89.5376	-11.1921	24.6309	147.3696
-15.0736	89.5382	-11.1921	24.6316	147.3706
-15.0741	89.5388	-11.1921	24.6324	147.3717
-15.0746	89.5394	-11.1922	24.6332	147.3727
-15.075	89.54	-11.1922	24.6339	147.3737
-15.0755	89.5406	-11.1922	24.6347	147.3748
-15.076	89.5413	-11.1923	24.6354	147.3758
-15.0764	89.5419	-11.1923	24.6362	147.3769
-15.0769	89.5425	-11.1923	24.637	147.3779
-15.0773	89.5431	-11.1924	24.6377	147.3789
-15.0778	89.5437	-11.1924	24.6385	147.3799
-15.0783	89.5443	-11.1925	24.6392	147.381
-15.0787	89.5449	-11.1925	24.64	147.382
-15.0792	89.5455	-11.1925	24.6407	147.383
-15.0796	89.5461	-11.1926	24.6415	147.384
-15.0801	89.5466	-11.1926	24.6422	147.385
-15.0805	89.5472	-11.1926	24.6429	147.386
-15.081	89.5478	-11.1927	24.6437	147.387
-15.0814	89.5484	-11.1927	24.6444	147.388
-15.0819	89.549	-11.1927	24.6451	147.389
-15.0823	89.5496	-11.1928	24.6459	147.39
-15.0828	89.5502	-11.1928	24.6466	147.391
-15.0832	89.5507	-11.1928	24.6473	147.392
-15.0837	89.5513	-11.1929	24.648	147.393
-15.0841	89.5519	-11.1929	24.6488	147.394
-15.0845	89.5525	-11.1929	24.6495	147.395
-15.085	89.5531	-11.193	24.6502	147.3959
-15.0854	89.5536	-11.193	24.6509	147.3969
-15.0859	89.5542	-11.193	24.6516	147.3979
-15.0863	89.5548	-11.1931	24.6523	147.3988
-15.0867	89.5553	-11.1931	24.6531	147.3998
-15.0872	89.5559	-11.1931	24.6538	147.4008
-15.0876	89.5565	-11.1932	24.6545	147.4017
-15.088	89.557	-11.1932	24.6552	147.4027
-15.0884	89.5576	-11.1932	24.6559	147.4036
-15.0889	89.5581	-11.1933	24.6566	147.4046
-15.0893	89.5587	-11.1933	24.6573	147.4055
-15.0897	89.5592	-11.1933	24.658	147.4065
-15.0901	89.5598	-11.1934	24.6586	147.4074
-15.0906	89.5603	-11.1934	24.6593	147.4084
-15.091	89.5609	-11.1934	24.66	147.4093
-15.0914	89.5614	-11.1935	24.6607	147.4102
-15.0918	89.562	-11.1935	24.6614	147.4112
-15.0922	89.5625	-11.1935	24.6621	147.4121
-15.0927	89.5631	-11.1936	24.6627	147.413
-15.0931	89.5636	-11.1936	24.6634	147.4139
-15.0935	89.5642	-11.1936	24.6641	147.4149
-15.0939	89.5647	-11.1937	24.6648	147.4158
-15.0943	89.5652	-11.1937	24.6654	147.4167
-15.0947	89.5658	-11.1937	24.6661	147.4176
-15.0951	89.5663	-11.1937	24.6668	147.4185
-15.0955	89.5668	-11.1938	24.6674	147.4194
-15.0959	89.5674	-11.1938	24.6681	147.4203
-15.0963	89.5679	-11.1938	24.6688	147.4212
-15.0967	89.5684	-11.1939	24.6694	147.4221
-15.0971	89.5689	-11.1939	24.6701	147.423
-15.0975	89.5695	-11.1939	24.6707	147.4239
-15.0979	89.57	-11.194	24.6714	147.4248
-15.0983	89.5705	-11.194	24.672	147.4257
-15.0987	89.571	-11.194	24.6727	147.4265
-15.0991	89.5715	-11.1941	24.6733	147.4274
-15.0995	89.572	-11.1941	24.674	147.4283
-15.0999	89.5726	-11.1941	24.6746	147.4292
-15.1003	89.5731	-11.1941	24.6752	147.43
-15.1007	89.5736	-11.1942	24.6759	147.4309
-15.1011	89.5741	-11.1942	24.6765	147.4318
-15.1015	89.5746	-11.1942	24.6771	147.4326
-15.1018	89.5751	-11.1943	24.6778	147.4335
-15.1022	89.5756	-11.1943	24.6784	147.4343
-15.1026	89.5761	-11.1943	24.679	147.4352
-15.103	89.5766	-11.1944	24.6797	147.436
-15.1034	89.5771	-11.1944	24.6803	147.4369
-15.1038	89.5776	-11.1944	24.6809	147.4377
-15.1041	89.5781	-11.1944	24.6815	147.4386
-15.1045	89.5786	-11.1945	24.6821	147.4394
-15.1049	89.5791	-11.1945	24.6827	147.4403
-15.1053	89.5796	-11.1945	24.6834	147.4411
-15.1056	89.58	-11.1946	24.684	147.4419
-15.106	89.5805	-11.1946	24.6846	147.4428
-15.1064	89.581	-11.1946	24.6852	147.4436
-15.1067	89.5815	-11.1946	24.6858	147.4444
-15.1071	89.582	-11.1947	24.6864	147.4452
-15.1075	89.5825	-11.1947	24.687	147.446
-15.1078	89.5829	-11.1947	24.6876	147.4469
-15.1082	89.5834	-11.1948	24.6882	147.4477
-15.1086	89.5839	-11.1948	24.6888	147.4485
-15.1089	89.5844	-11.1948	24.6894	147.4493
-15.1093	89.5848	-11.1948	24.69	147.4501
-15.1097	89.5853	-11.1949	24.6905	147.4509
-15.11	89.5858	-11.1949	24.6911	147.4517
-15.1104	89.5862	-11.1949	24.6917	147.4525
-15.1107	89.5867	-11.1949	24.6923	147.4533
-15.1111	89.5872	-11.195	24.6929	147.4541
-15.1114	89.5876	-11.195	24.6935	147.4549
-15.1118	89.5881	-11.195	24.694	147.4556
-15.1121	89.5885	-11.1951	24.6946	147.4564
-15.1125	89.589	-11.1951	24.6952	147.4572
-15.1128	89.5895	-11.1951	24.6957	147.458
-15.1132	89.5899	-11.1951	24.6963	147.4587
-15.1135	89.5904	-11.1952	24.6969	147.4595
-15.1139	89.5908	-11.1952	24.6974	147.4603
-15.1142	89.5913	-11.1952	24.698	147.4611
-15.1146	89.5917	-11.1952	24.6986	147.4618
-15.1149	89.5922	-11.1953	24.6991	147.4626
-15.1152	89.5926	-11.1953	24.6997	147.4633
-15.1156	89.5931	-11.1953	24.7002	147.4641
-15.1159	89.5935	-11.1953	24.7008	147.4648
-15.1163	89.5939	-11.1954	24.7013	147.4656
-15.1166	89.5944	-11.1954	24.7019	147.4663
-15.1169	89.5948	-11.1954	24.7024	147.4671
-15.1173	89.5952	-11.1954	24.703	147.4678
-15.1176	89.5957	-11.1955	24.7035	147.4686
-15.1179	89.5961	-11.1955	24.7041	147.4693
-15.1183	89.5965	-11.1955	24.7046	147.47
-15.1186	89.597	-11.1955	24.7051	147.4708
-15.1189	89.5974	-11.1956	24.7057	147.4715
-15.1192	89.5978	-11.1956	24.7062	147.4722
-15.1196	89.5982	-11.1956	24.7067	147.4729
-15.1199	89.5987	-11.1956	24.7073	147.4737
-15.1202	89.5991	-11.1957	24.7078	147.4744
-15.1205	89.5995	-11.1957	24.7083	147.4751
-15.1208	89.5999	-11.1957	24.7088	147.4758
-15.1212	89.6003	-11.1957	24.7094	147.4765
-15.1215	89.6008	-11.1958	24.7099	147.4772
-15.1218	89.6012	-11.1958	24.7104	147.4779
-15.1221	89.6016	-11.1958	24.7109	147.4786
-15.1224	89.602	-11.1958	24.7114	147.4793
-15.1227	89.6024	-11.1959	24.7119	147.48
-15.1231	89.6028	-11.1959	24.7125	147.4807
-15.1234	89.6032	-11.1959	24.713	147.4814
-15.1237	89.6036	-11.1959	24.7135	147.4821
-15.124	89.604	-11.196	24.714	147.4828
-15.1243	89.6044	-11.196	24.7145	147.4835
-15.1246	89.6048	-11.196	24.715	147.4842
-15.1249	89.6052	-11.196	24.7155	147.4848
-15.1252	89.6056	-11.1961	24.716	147.4855
-15.1255	89.606	-11.1961	24.7165	147.4862
-15.1258	89.6064	-11.1961	24.717	147.4869
-15.1261	89.6068	-11.1961	24.7174	147.4875
-15.1264	89.6072	-11.1961	24.7179	147.4882
-15.1267	89.6076	-11.1962	24.7184	147.4889
-15.127	89.608	-11.1962	24.7189	147.4895
-15.1273	89.6084	-11.1962	24.7194	147.4902
-15.1276	89.6088	-11.1962	24.7199	147.4908
-15.1279	89.6091	-11.1963	24.7204	147.4915
-15.1282	89.6095	-11.1963	24.7208	147.4921
-15.1285	89.6099	-11.1963	24.7213	147.4928
-15.1288	89.6103	-11.1963	24.7218	147.4934
-15.1291	89.6107	-11.1964	24.7223	147.4941
-15.1293	89.611	-11.1964	24.7227	147.4947
-15.1296	89.6114	-11.1964	24.7232	147.4954
-15.1299	89.6118	-11.1964	24.7237	147.496
-15.1302	89.6122	-11.1964	24.7241	147.4966
-15.1305	89.6125	-11.1965	24.7246	147.4973
-15.1308	89.6129	-11.1965	24.7251	147.4979
-15.131	89.6133	-11.1965	24.7255	147.4985
-15.1313	89.6136	-11.1965	24.726	147.4992
-15.1316	89.614	-11.1965	24.7264	147.4998
-15.1319	89.6144	-11.1966	24.7269	147.5004
-15.1322	89.6147	-11.1966	24.7273	147.501
-15.1324	89.6151	-11.1966	24.7278	147.5016
-15.1327	89.6154	-11.1966	24.7282	147.5022
-15.133	89.6158	-11.1967	24.7287	147.5028
-15.1333	89.6162	-11.1967	24.7291	147.5035
-15.1335	89.6165	-11.1967	24.7296	147.5041
-15.1338	89.6169	-11.1967	24.73	147.5047
-15.1341	89.6172	-11.1967	24.7305	147.5053
-15.1343	89.6176	-11.1968	24.7309	147.5059
-15.1346	89.6179	-11.1968	24.7313	147.5065
-15.1349	89.6183	-11.1968	24.7318	147.507
-15.1351	89.6186	-11.1968	24.7322	147.5076
-15.1354	89.619	-11.1968	24.7326	147.5082
-15.1357	89.6193	-11.1969	24.7331	147.5088
-15.1359	89.6196	-11.1969	24.7335	147.5094
-15.1362	89.62	-11.1969	24.7339	147.51
-15.1364	89.6203	-11.1969	24.7343	147.5105
-15.1367	89.6207	-11.1969	24.7348	147.5111
-15.137	89.621	-11.197	24.7352	147.5117
-15.1372	89.6213	-11.197	24.7356	147.5123
-15.1375	89.6217	-11.197	24.736	147.5128
-15.1377	89.622	-11.197	24.7364	147.5134
-15.138	89.6223	-11.197	24.7368	147.514
-15.1382	89.6227	-11.1971	24.7373	147.5145
-15.1385	89.623	-11.1971	24.7377	147.5151
-15.1387	89.6233	-11.1971	24.7381	147.5156
-15.139	89.6236	-11.1971	24.7385	147.5162
-15.1392	89.624	-11.1971	24.7389	147.5167
-15.1395	89.6243	-11.1972	24.7393	147.5173
-15.1397	89.6246	-11.1972	24.7397	147.5178
-15.14	89.6249	-11.1972	24.7401	147.5184
-15.1402	89.6252	-11.1972	24.7405	147.5189
-15.1405	89.6256	-11.1972	24.7409	147.5195
-15.1407	89.6259	-11.1972	24.7413	147.52
-15.1409	89.6262	-11.1973	24.7417	147.5205
-15.1412	89.6265	-11.1973	24.7421	147.5211
-15.1414	89.6268	-11.1973	24.7425	147.5216
-15.1417	89.6271	-11.1973	24.7428	147.5221
-15.1419	89.6274	-11.1973	24.7432	147.5227
-15.1421	89.6277	-11.1974	24.7436	147.5232
-15.1424	89.628	-11.1974	24.744	147.5237
-15.1426	89.6283	-11.1974	24.7444	147.5242
-15.1428	89.6287	-11.1974	24.7448	147.5248
-15.1431	89.629	-11.1974	24.7451	147.5253
-15.1433	89.6293	-11.1974	24.7455	147.5258
-15.1435	89.6296	-11.1975	24.7459	147.5263
-15.1437	89.6299	-11.1975	24.7463	147.5268
-15.144	89.6302	-11.1975	24.7466	147.5273
-15.1442	89.6304	-11.1975	24.747	147.5278
-15.1444	89.6307	-11.1975	24.7474	147.5283
-15.1446	89.631	-11.1975	24.7477	147.5288
-15.1449	89.6313	-11.1976	24.7481	147.5293
-15.1451	89.6316	-11.1976	24.7485	147.5298
-15.1453	89.6319	-11.1976	24.7488	147.5303
-15.1455	89.6322	-11.1976	24.7492	147.5308
-15.1458	89.6325	-11.1976	24.7496	147.5313
-15.146	89.6328	-11.1976	24.7499	147.5318
-15.1462	89.633	-11.1977	24.7503	147.5322
-15.1464	89.6333	-11.1977	24.7506	147.5327
-15.1466	89.6336	-11.1977	24.751	147.5332
-15.1468	89.6339	-11.1977	24.7513	147.5337
-15.147	89.6342	-11.1977	24.7517	147.5342
-15.1473	89.6344	-11.1977	24.752	147.5346
-15.1475	89.6347	-11.1978	24.7524	147.5351
-15.1477	89.635	-11.1978	24.7527	147.5356
-15.1479	89.6353	-11.1978	24.753	147.536
-15.1481	89.6355	-11.1978	24.7534	147.5365
-15.1483	89.6358	-11.1978	24.7537	147.537
-15.1485	89.6361	-11.1978	24.7541	147.5374
-15.1487	89.6364	-11.1979	24.7544	147.5379
-15.1489	89.6366	-11.1979	24.7547	147.5383
-15.1491	89.6369	-11.1979	24.7551	147.5388
-15.1493	89.6372	-11.1979	24.7554	147.5392
-15.1495	89.6374	-11.1979	24.7557	147.5397
-15.1497	89.6377	-11.1979	24.7561	147.5401
-15.1499	89.6379	-11.198	24.7564	147.5406
-15.1501	89.6382	-11.198	24.7567	147.541
-15.1503	89.6385	-11.198	24.757	147.5415
-15.1505	89.6387	-11.198	24.7573	147.5419
-15.1507	89.639	-11.198	24.7577	147.5423
-15.1509	89.6392	-11.198	24.758	147.5428
-15.1511	89.6395	-11.198	24.7583	147.5432
-15.1513	89.6397	-11.1981	24.7586	147.5436
-15.1515	89.64	-11.1981	24.7589	147.5441
-15.1517	89.6402	-11.1981	24.7592	147.5445
-15.1519	89.6405	-11.1981	24.7596	147.5449
-15.1521	89.6407	-11.1981	24.7599	147.5453
-15.1522	89.641	-11.1981	24.7602	147.5457
-15.1524	89.6412	-11.1981	24.7605	147.5462
-15.1526	89.6415	-11.1982	24.7608	147.5466
-15.1528	89.6417	-11.1982	24.7611	147.547
-15.153	89.6419	-11.1982	24.7614	147.5474
-15.1532	89.6422	-11.1982	24.7617	147.5478
-15.1534	89.6424	-11.1982	24.762	147.5482
-15.1535	89.6427	-11.1982	24.7623	147.5486
-15.1537	89.6429	-11.1982	24.7626	147.549
-15.1539	89.6431	-11.1983	24.7629	147.5494
-15.1541	89.6434	-11.1983	24.7632	147.5498
-15.1543	89.6436	-11.1983	24.7635	147.5502
-15.1544	89.6438	-11.1983	24.7637	147.5506
-15.1546	89.6441	-11.1983	24.764	147.551
-15.1548	89.6443	-11.1983	24.7643	147.5514
-15.155	89.6445	-11.1983	24.7646	147.5518
-15.1551	89.6447	-11.1984	24.7649	147.5522
-15.1553	89.645	-11.1984	24.7652	147.5526
-15.1555	89.6452	-11.1984	24.7655	147.5529
-15.1556	89.6454	-11.1984	24.7657	147.5533
-15.1558	89.6456	-11.1984	24.766	147.5537
-15.156	89.6459	-11.1984	24.7663	147.5541
-15.1562	89.6461	-11.1984	24.7666	147.5544
-15.1563	89.6463	-11.1984	24.7668	147.5548
-15.1565	89.6465	-11.1985	24.7671	147.5552
-15.1567	89.6467	-11.1985	24.7674	147.5556
-15.1568	89.6469	-11.1985	24.7676	147.5559
-15.157	89.6472	-11.1985	24.7679	147.5563
-15.1571	89.6474	-11.1985	24.7682	147.5566
-15.1573	89.6476	-11.1985	24.7684	147.557
-15.1575	89.6478	-11.1985	24.7687	147.5574
-15.1576	89.648	-11.1985	24.769	147.5577
-15.1578	89.6482	-11.1986	24.7692	147.5581
-15.1579	89.6484	-11.1986	24.7695	147.5584
-15.1581	89.6486	-11.1986	24.7697	147.5588
-15.1583	89.6488	-11.1986	24.77	147.5591
-15.1584	89.649	-11.1986	24.7703	147.5595
-15.1586	89.6492	-11.1986	24.7705	147.5598
-15.1587	89.6494	-11.1986	24.7708	147.5602
-15.1589	89.6496	-11.1986	24.771	147.5605
-15.159	89.6498	-11.1987	24.7713	147.5608
-15.1592	89.65	-11.1987	24.7715	147.5612
-15.1593	89.6502	-11.1987	24.7718	147.5615
-15.1595	89.6504	-11.1987	24.772	147.5619
-15.1596	89.6506	-11.1987	24.7722	147.5622
-15.1598	89.6508	-11.1987	24.7725	147.5625
-15.1599	89.651	-11.1987	24.7727	147.5628
-15.1601	89.6512	-11.1987	24.773	147.5632
-15.1602	89.6514	-11.1987	24.7732	147.5635
-15.1604	89.6516	-11.1988	24.7734	147.5638
-15.1605	89.6518	-11.1988	24.7737	147.5641
-15.1607	89.652	-11.1988	24.7739	147.5645
-15.1608	89.6521	-11.1988	24.7741	147.5648
-15.1609	89.6523	-11.1988	24.7744	147.5651
-15.1611	89.6525	-11.1988	24.7746	147.5654
-15.1612	89.6527	-11.1988	24.7748	147.5657
-15.1614	89.6529	-11.1988	24.7751	147.566
-15.1615	89.6531	-11.1988	24.7753	147.5663
-15.1616	89.6532	-11.1989	24.7755	147.5666
-15.1618	89.6534	-11.1989	24.7757	147.5669
-15.1619	89.6536	-11.1989	24.776	147.5672
-15.162	89.6538	-11.1989	24.7762	147.5675
-15.1622	89.6539	-11.1989	24.7764	147.5678
-15.1623	89.6541	-11.1989	24.7766	147.5681
-15.1624	89.6543	-11.1989	24.7768	147.5684
-15.1626	89.6545	-11.1989	24.777	147.5687
-15.1627	89.6546	-11.1989	24.7773	147.569
-15.1628	89.6548	-11.1989	24.7775	147.5693
-15.163	89.655	-11.199	24.7777	147.5696
-15.1631	89.6551	-11.199	24.7779	147.5699
-15.1632	89.6553	-11.199	24.7781	147.5702
-15.1633	89.6555	-11.199	24.7783	147.5705
-15.1635	89.6556	-11.199	24.7785	147.5707
-15.1636	89.6558	-11.199	24.7787	147.571
-15.1637	89.656	-11.199	24.7789	147.5713
-15.1638	89.6561	-11.199	24.7791	147.5716
-15.164	89.6563	-11.199	24.7793	147.5718
-15.1641	89.6564	-11.199	24.7795	147.5721
-15.1642	89.6566	-11.199	24.7797	147.5724
-15.1643	89.6568	-11.1991	24.7799	147.5727
-15.1645	89.6569	-11.1991	24.7801	147.5729
-15.1646	89.6571	-11.1991	24.7803	147.5732
-15.1647	89.6572	-11.1991	24.7805	147.5734
-15.1648	89.6574	-11.1991	24.7807	147.5737
-15.1649	89.6575	-11.1991	24.7809	147.574
-15.165	89.6577	-11.1991	24.7811	147.5742
-15.1652	89.6578	-11.1991	24.7813	147.5745
-15.1653	89.658	-11.1991	24.7815	147.5747
-15.1654	89.6581	-11.1991	24.7816	147.575
-15.1655	89.6583	-11.1991	24.7818	147.5752
-15.1656	89.6584	-11.1992	24.782	147.5755
-15.1657	89.6586	-11.1992	24.7822	147.5757
-15.1658	89.6587	-11.1992	24.7824	147.576
-15.1659	89.6589	-11.1992	24.7826	147.5762
-15.1661	89.659	-11.1992	24.7827	147.5765
-15.1662	89.6592	-11.1992	24.7829	147.5767
-15.1663	89.6593	-11.1992	24.7831	147.577
-15.1664	89.6594	-11.1992	24.7833	147.5772
-15.1665	89.6596	-11.1992	24.7834	147.5774
-15.1666	89.6597	-11.1992	24.7836	147.5777
-15.1667	89.6599	-11.1992	24.7838	147.5779
-15.1668	89.66	-11.1992	24.784	147.5781
-15.1669	89.6601	-11.1993	24.7841	147.5784
-15.167	89.6603	-11.1993	24.7843	147.5786
-15.1671	89.6604	-11.1993	24.7845	147.5788
-15.1672	89.6605	-11.1993	24.7846	147.5791
-15.1673	89.6607	-11.1993	24.7848	147.5793
-15.1674	89.6608	-11.1993	24.785	147.5795
-15.1675	89.6609	-11.1993	24.7851	147.5797
-15.1676	89.661	-11.1993	24.7853	147.5799
-15.1677	89.6612	-11.1993	24.7854	147.5802
-15.1678	89.6613	-11.1993	24.7856	147.5804
-15.1679	89.6614	-11.1993	24.7858	147.5806
-15.168	89.6616	-11.1993	24.7859	147.5808
-15.1681	89.6617	-11.1993	24.7861	147.581
-15.1682	89.6618	-11.1994	24.7862	147.5812
-15.1683	89.6619	-11.1994	24.7864	147.5814
-15.1684	89.662	-11.1994	24.7865	147.5817
-15.1685	89.6622	-11.1994	24.7867	147.5819
-15.1686	89.6623	-11.1994	24.7868	147.5821
-15.1686	89.6624	-11.1994	24.787	147.5823
-15.1687	89.6625	-11.1994	24.7871	147.5825
-15.1688	89.6626	-11.1994	24.7873	147.5827
-15.1689	89.6628	-11.1994	24.7874	147.5829
-15.169	89.6629	-11.1994	24.7876	147.5831
-15.1691	89.663	-11.1994	24.7877	147.5833
-15.1692	89.6631	-11.1994	24.7879	147.5835
-15.1693	89.6632	-11.1994	24.788	147.5836
-15.1694	89.6633	-11.1994	24.7881	147.5838
-15.1694	89.6634	-11.1994	24.7883	147.584
-15.1695	89.6636	-11.1995	24.7884	147.5842
-15.1696	89.6637	-11.1995	24.7885	147.5844
-15.1697	89.6638	-11.1995	24.7887	147.5846
-15.1698	89.6639	-11.1995	24.7888	147.5848
-15.1699	89.664	-11.1995	24.789	147.585
-15.1699	89.6641	-11.1995	24.7891	147.5851
-15.17	89.6642	-11.1995	24.7892	147.5853
-15.1701	89.6643	-11.1995	24.7893	147.5855
-15.1702	89.6644	-11.1995	24.7895	147.5857
-15.1703	89.6645	-11.1995	24.7896	147.5858
-15.1703	89.6646	-11.1995	24.7897	147.586
-15.1704	89.6647	-11.1995	24.7899	147.5862
-15.1705	89.6648	-11.1995	24.79	147.5864
-15.1706	89.6649	-11.1995	24.7901	147.5865
-15.1706	89.665	-11.1995	24.7902	147.5867
-15.1707	89.6651	-11.1995	24.7904	147.5869
-15.1708	89.6652	-11.1996	24.7905	147.587
-15.1709	89.6653	-11.1996	24.7906	147.5872
-15.1709	89.6654	-11.1996	24.7907	147.5874
-15.171	89.6655	-11.1996	24.7908	147.5875
-15.1711	89.6656	-11.1996	24.791	147.5877
-15.1712	89.6657	-11.1996	24.7911	147.5878
-15.1712	89.6658	-11.1996	24.7912	147.588
-15.1713	89.6659	-11.1996	24.7913	147.5881
-15.1714	89.666	-11.1996	24.7914	147.5883
-15.1714	89.666	-11.1996	24.7915	147.5885
-15.1715	89.6661	-11.1996	24.7916	147.5886
-15.1716	89.6662	-11.1996	24.7917	147.5888
-15.1716	89.6663	-11.1996	24.7919	147.5889
-15.1717	89.6664	-11.1996	24.792	147.5891
-15.1718	89.6665	-11.1996	24.7921	147.5892
-15.1718	89.6666	-11.1996	24.7922	147.5893
-15.1719	89.6666	-11.1996	24.7923	147.5895
-15.172	89.6667	-11.1996	24.7924	147.5896
-15.172	89.6668	-11.1996	24.7925	147.5898
-15.1721	89.6669	-11.1997	24.7926	147.5899
-15.1721	89.667	-11.1997	24.7927	147.5901
-15.1722	89.6671	-11.1997	24.7928	147.5902
-15.1723	89.6671	-11.1997	24.7929	147.5903
-15.1723	89.6672	-11.1997	24.793	147.5905
-15.1724	89.6673	-11.1997	24.7931	147.5906
-15.1725	89.6674	-11.1997	24.7932	147.5907
-15.1725	89.6675	-11.1997	24.7933	147.5909
-15.1726	89.6675	-11.1997	24.7934	147.591
-15.1726	89.6676	-11.1997	24.7935	147.5911
-15.1727	89.6677	-11.1997	24.7936	147.5913
-15.1727	89.6678	-11.1997	24.7937	147.5914
-15.1728	89.6678	-11.1997	24.7938	147.5915
-15.1729	89.6679	-11.1997	24.7939	147.5916
-15.1729	89.668	-11.1997	24.7939	147.5918
-15.173	89.668	-11.1997	24.794	147.5919
-15.173	89.6681	-11.1997	24.7941	147.592
-15.1731	89.6682	-11.1997	24.7942	147.5921
-15.1731	89.6683	-11.1997	24.7943	147.5922
-15.1732	89.6683	-11.1997	24.7944	147.5923
-15.1732	89.6684	-11.1997	24.7945	147.5925
-15.1733	89.6685	-11.1997	24.7946	147.5926
-15.1733	89.6685	-11.1997	24.7946	147.5927
-15.1734	89.6686	-11.1998	24.7947	147.5928
-15.1734	89.6687	-11.1998	24.7948	147.5929
-15.1735	89.6687	-11.1998	24.7949	147.593
-15.1735	89.6688	-11.1998	24.795	147.5931
-15.1736	89.6689	-11.1998	24.795	147.5932
-15.1736	89.6689	-11.1998	24.7951	147.5934
-15.1737	89.669	-11.1998	24.7952	147.5935
-15.1737	89.669	-11.1998	24.7953	147.5936
-15.1738	89.6691	-11.1998	24.7954	147.5937
-15.1738	89.6692	-11.1998	24.7954	147.5938
-15.1739	89.6692	-11.1998	24.7955	147.5939
-15.1739	89.6693	-11.1998	24.7956	147.594
-15.1739	89.6693	-11.1998	24.7956	147.5941
-15.174	89.6694	-11.1998	24.7957	147.5942
-15.174	89.6694	-11.1998	24.7958	147.5943
-15.1741	89.6695	-11.1998	24.7959	147.5944
-15.1741	89.6696	-11.1998	24.7959	147.5945
-15.1742	89.6696	-11.1998	24.796	147.5945
-15.1742	89.6697	-11.1998	24.7961	147.5946
-15.1742	89.6697	-11.1998	24.7961	147.5947
-15.1743	89.6698	-11.1998	24.7962	147.5948
-15.1743	89.6698	-11.1998	24.7963	147.5949
-15.1744	89.6699	-11.1998	24.7963	147.595
-15.1744	89.6699	-11.1998	24.7964	147.5951
-15.1744	89.67	-11.1998	24.7965	147.5952
-15.1745	89.67	-11.1998	24.7965	147.5953
-15.1745	89.6701	-11.1998	24.7966	147.5953
-15.1746	89.6701	-11.1998	24.7966	147.5954
-15.1746	89.6702	-11.1998	24.7967	147.5955
-15.1746	89.6702	-11.1998	24.7968	147.5956
-15.1747	89.6703	-11.1999	24.7968	147.5957
-15.1747	89.6703	-11.1999	24.7969	147.5958
-15.1747	89.6704	-11.1999	24.7969	147.5958
-15.1748	89.6704	-11.1999	24.797	147.5959
-15.1748	89.6705	-11.1999	24.7971	147.596
-15.1748	89.6705	-11.1999	24.7971	147.5961
-15.1749	89.6705	-11.1999	24.7972	147.5961
-15.1749	89.6706	-11.1999	24.7972	147.5962
-15.1749	89.6706	-11.1999	24.7973	147.5963
-15.175	89.6707	-11.1999	24.7973	147.5964
-15.175	89.6707	-11.1999	24.7974	147.5964
-15.175	89.6708	-11.1999	24.7974	147.5965
-15.1751	89.6708	-11.1999	24.7975	147.5966
-15.1751	89.6708	-11.1999	24.7975	147.5966
-15.1751	89.6709	-11.1999	24.7976	147.5967
-15.1752	89.6709	-11.1999	24.7976	147.5968
-15.1752	89.671	-11.1999	24.7977	147.5968
-15.1752	89.671	-11.1999	24.7977	147.5969
-15.1752	89.671	-11.1999	24.7978	147.597
-15.1753	89.6711	-11.1999	24.7978	147.597
-15.1753	89.6711	-11.1999	24.7979	147.5971
-15.1753	89.6711	-11.1999	24.7979	147.5972
-15.1754	89.6712	-11.1999	24.798	147.5972
-15.1754	89.6712	-11.1999	24.798	147.5973
-15.1754	89.6712	-11.1999	24.798	147.5973
-15.1754	89.6713	-11.1999	24.7981	147.5974
-15.1755	89.6713	-11.1999	24.7981	147.5974
-15.1755	89.6713	-11.1999	24.7982	147.5975
-15.1755	89.6714	-11.1999	24.7982	147.5976
-15.1755	89.6714	-11.1999	24.7982	147.5976
-15.1756	89.6714	-11.1999	24.7983	147.5977
-15.1756	89.6715	-11.1999	24.7983	147.5977
-15.1756	89.6715	-11.1999	24.7984	147.5978
-15.1756	89.6715	-11.1999	24.7984	147.5978
-15.1757	89.6716	-11.1999	24.7984	147.5979
-15.1757	89.6716	-11.1999	24.7985	147.5979
-15.1757	89.6716	-11.1999	24.7985	147.598
-15.1757	89.6717	-11.1999	24.7985	147.598
-15.1757	89.6717	-11.1999	24.7986	147.5981
-15.1758	89.6717	-11.1999	24.7986	147.5981
-15.1758	89.6717	-11.1999	24.7986	147.5982
-15.1758	89.6718	-11.1999	24.7987	147.5982
-15.1758	89.6718	-11.1999	24.7987	147.5982
-15.1758	89.6718	-11.1999	24.7987	147.5983
-15.1759	89.6718	-11.1999	24.7988	147.5983
-15.1759	89.6719	-11.1999	24.7988	147.5984
-15.1759	89.6719	-11.1999	24.7988	147.5984
-15.1759	89.6719	-11.1999	24.7989	147.5985
-15.1759	89.6719	-11.1999	24.7989	147.5985
-15.176	89.672	-11.1999	24.7989	147.5985
-15.176	89.672	-11.2	24.799	147.5986
-15.176	89.672	-11.2	24.799	147.5986
-15.176	89.672	-11.2	24.799	147.5987
-15.176	89.672	-11.2	24.799	147.5987
-15.176	89.6721	-11.2	24.7991	147.5987
-15.1761	89.6721	-11.2	24.7991	147.5988
-15.1761	89.6721	-11.2	24.7991	147.5988
-15.1761	89.6721	-11.2	24.7991	147.5988
-15.1761	89.6721	-11.2	24.7992	147.5989
-15.1761	89.6722	-11.2	24.7992	147.5989
-15.1761	89.6722	-11.2	24.7992	147.5989
-15.1761	89.6722	-11.2	24.7992	147.599
-15.1762	89.6722	-11.2	24.7993	147.599
-15.1762	89.6722	-11.2	24.7993	147.599
-15.1762	89.6723	-11.2	24.7993	147.5991
-15.1762	89.6723	-11.2	24.7993	147.5991
-15.1762	89.6723	-11.2	24.7993	147.5991
-15.1762	89.6723	-11.2	24.7994	147.5991
-15.1762	89.6723	-11.2	24.7994	147.5992
-15.1762	89.6723	-11.2	24.7994	147.5992
-15.1763	89.6724	-11.2	24.7994	147.5992
-15.1763	89.6724	-11.2	24.7994	147.5992
-15.1763	89.6724	-11.2	24.7995	147.5993
-15.1763	89.6724	-11.2	24.7995	147.5993
-15.1763	89.6724	-11.2	24.7995	147.5993
-15.1763	89.6724	-11.2	24.7995	147.5993
-15.1763	89.6724	-11.2	24.7995	147.5994
-15.1763	89.6725	-11.2	24.7995	147.5994
-15.1763	89.6725	-11.2	24.7996	147.5994
-15.1764	89.6725	-11.2	24.7996	147.5994
-15.1764	89.6725	-11.2	24.7996	147.5994
-15.1764	89.6725	-11.2	24.7996	147.5995
-15.1764	89.6725	-11.2	24.7996	147.5995
-15.1764	89.6725	-11.2	24.7996	147.5995
-15.1764	89.6725	-11.2	24.7997	147.5995
-15.1764	89.6725	-11.2	24.7997	147.5995
-15.1764	89.6726	-11.2	24.7997	147.5996
-15.1764	89.6726	-11.2	24.7997	147.5996
-15.1764	89.6726	-11.2	24.7997	147.5996
-15.1764	89.6726	-11.2	24.7997	147.5996
-15.1764	89.6726	-11.2	24.7997	147.5996
-15.1765	89.6726	-11.2	24.7997	147.5996
-15.1765	89.6726	-11.2	24.7998	147.5997
-15.1765	89.6726	-11.2	24.7998	147.5997
-15.1765	89.6726	-11.2	24.7998	147.5997
-15.1765	89.6726	-11.2	24.7998	147.5997
-15.1765	89.6726	-11.2	24.7998	147.5997
-15.1765	89.6727	-11.2	24.7998	147.5997
-15.1765	89.6727	-11.2	24.7998	147.5997
-15.1765	89.6727	-11.2	24.7998	147.5998
-15.1765	89.6727	-11.2	24.7998	147.5998
-15.1765	89.6727	-11.2	24.7998	147.5998
-15.1765	89.6727	-11.2	24.7998	147.5998
-15.1765	89.6727	-11.2	24.7999	147.5998
-15.1765	89.6727	-11.2	24.7999	147.5998
-15.1765	89.6727	-11.2	24.7999	147.5998
-15.1765	89.6727	-11.2	24.7999	147.5998
-15.1765	89.6727	-11.2	24.7999	147.5998
-15.1765	89.6727	-11.2	24.7999	147.5998
-15.1765	89.6727	-11.2	24.7999	147.5999
-15.1766	89.6727	-11.2	24.7999	147.5999
-15.1766	89.6727	-11.2	24.7999	147.5999
-15.1766	89.6727	-11.2	24.7999	147.5999
-15.1766	89.6727	-11.2	24.7999	147.5999
-15.1766	89.6728	-11.2	24.7999	147.5999
-15.1766	89.6728	-11.2	24.7999	147.5999
-15.1766	89.6728	-11.2	24.7999	147.5999
-15.1766	89.6728	-11.2	24.7999	147.5999
-15.1766	89.6728	-11.2	24.7999	147.5999
-15.1766	89.6728	-11.2	24.7999	147.5999
-15.1766	89.6728	-11.2	24.7999	147.5999
-15.1766	89.6728	-11.2	24.8	147.5999
-15.1766	89.6728	-11.2	24.8	147.5999
-15.1766	89.6728	-11.2	24.8	147.5999
-15.1766	89.6728	-11.2	24.8	147.5999
-15.1766	89.6728	-11.2	24.8	147.6
-15.1766	89.6728	-11.2	24.8	147.6
-15.1766	89.6728	-11.2	24.8	147.6
-15.1766	89.6728	-11.2	24.8	147.6
-15.1766	89.6728	-11.2	24.8	147.6
-15.1766	89.6728	-11.2	24.8	147.6
-15.1766	89.6728	-11.2	24.8	147.6
-15.1766	89.6728	-11.2	24.8	147.6
-15.1766	89.6728	-11.2	24.8	147.6
-15.1766	89.6728	-11.2	24.8	147.6
-15.1766	89.6728	-11.2	24.8	147.6
-15.1766	89.6728	-11.2	24.8	147.6
-15.1766	89.6728	-11.2	24.8	147.6
-15.1766	89.6728	-11.2	24.8	147.6
-15.1766	89.6728	-11.2	24.8	147.6
-15.1766	89.6728	-11.2	24.8	147.6
-15.1766	89.6728	-11.2	24.8	147.6
-15.1766	89.6728	-11.2	24.8	147.6
-15.1766	89.6728	-11.2	24.8	147.6
-15.1766	89.6728	-11.2	24.8	147.6
-15.1766	89.6728	-11.2	24.8	147.6
-15.1766	89.6728	-11.2	24.8	147.6
-15.1766	89.6728	-11.2	24.8	147.6
-15.1766	89.6728	-11.2	24.8	147.6
-15.1766	89.6728	-11.2	24.8	147.6
-15.1766	89.6728	-11.2	24.8	147.6
-15.1766	89.6728	-11.2	24.8	147.6
-15.1766	89.6728	-11.2	24.8	147.6
-15.1766	89.6728	-11.2	24.8	147.6
-15.1766	89.6728	-11.2	24.8	147.6
-15.1766	89.6728	-11.2	24.8	147.6
-15.1766	89.6728	-11.2	24.8	147.6
-15.1766	89.6728	-11.2	24.8	147.6
-15.1766	89.6728	-11.2	24.8	147.6
-15.1766	89.6728	-11.2	24.8	147.6
-15.1766	89.6728	-11.2	24.8	147.6