0	0	0	0	0
0	0	0	0	0
0	0	0	0	-6.9079886e-9
0	-1.0347527e-9	0	2.0919564e-9	-2.4202905e-8
-1.307075e-9	-2.4518784e-9	2.1937087e-9	4.9566879e-9	-5.7195842e-8
-2.5519769e-9	-4.7871294e-9	4.2830927e-9	9.6776444e-9	-1.1169438e-7
-4.4082548e-9	-8.2692302e-9	7.3980474e-9	1.6716163e-8	-1.9243398e-7
-6.9976659e-9	-1.312658e-8	1.1744029e-8	2.6535872e-8	-3.0582767e-7
-1.0441795e-8	-1.9587255e-8	1.7524381e-8	3.9596616e-8	-4.564935e-7
-1.4862055e-8	-2.7879003e-8	2.4942708e-8	5.635853e-8	-6.4958279e-7
-2.0379682e-8	-3.8229251e-8	3.4202708e-8	7.7281747e-8	-8.9061527e-7
-2.7115744e-8	-5.08651e-8	4.5508e-8	1.0282612e-7	-0.000001185313
-3.5191132e-8	-6.6013326e-8	5.9060689e-8	1.3344872e-7	-0.0000015381857
-4.4726567e-8	-8.3900383e-8	7.5063715e-8	1.6960793e-7	-0.0000019548423
-5.5842596e-8	-1.047524e-7	9.3719409e-8	2.1176089e-7	-0.0000024405701
-6.8659594e-8	-1.2879518e-7	1.1523015e-7	2.603647e-7	-0.0000030009809
-8.3297763e-8	-1.562542e-7	1.3979691e-7	3.1587387e-7	-0.0000036405835
-9.9877133e-8	-1.8735463e-7	1.6762203e-7	3.7874508e-7	-0.0000043654929
-1.1851756e-7	-2.2232129e-7	1.9890581e-7	4.4943143e-7	-0.0000051801325
-1.3933873e-7	-2.613787e-7	2.3384956e-7	5.2838747e-7	-0.0000060901433
-1.6246016e-7	-3.0475105e-7	2.7265361e-7	6.1606604e-7	-0.0000071005278
-1.8800118e-7	-3.526622e-7	3.1551865e-7	7.1292037e-7	-0.0000082168953
-2.1608098e-7	-4.0533569e-7	3.6264445e-7	8.1940194e-7	-0.0000094442207
-2.4681853e-7	-4.6299475e-7	4.1423047e-7	9.3596158e-7	-0.000010787463
-2.8033268e-7	-5.2586228e-7	4.7047671e-7	0.0000010630509	-0.000012252384
-3.1674206e-7	-5.9416084e-7	5.3158179e-7	0.0000012011189	-0.000013843676
-3.5616518e-7	-6.6811269e-7	5.9774467e-7	0.0000013506151	-0.000015566608
-3.9872032e-7	-7.4793977e-7	6.6916391e-7	0.0000015119882	-0.00001742638
-4.4452564e-7	-8.3386368e-7	7.4603796e-7	0.0000016856864	-0.000019428314
-4.936991e-7	-9.2610571e-7	8.2856506e-7	0.0000018721576	-0.00002157783
-5.463585e-7	-0.0000010248868	9.1694221e-7	0.0000020718471	-0.000023879386
-6.0262147e-7	-0.0000011304277	0.000001011367	0.0000022852014	-0.000026338306
-6.6260545e-7	-0.0000012429486	0.0000011120367	0.0000025126663	-0.000028959915
-7.2642773e-7	-0.0000013626696	0.0000012191484	0.0000027546866	-0.000031749508
-7.9420543e-7	-0.0000014898103	0.0000013328983	0.000003011706	-0.000034711897
-8.6605548e-7	-0.0000016245901	0.0000014534824	0.0000032841675	-0.000037851984
-9.4209465e-7	-0.0000017672281	0.0000015810969	0.0000035725144	-0.000041175122
-0.0000010224396	-0.000001917943	0.0000017159381	0.0000038771896	-0.000044686863
-0.0000011072066	-0.0000020769531	0.0000018582004	0.0000041986332	-0.000048391468
-0.0000011965121	-0.0000022444766	0.0000020080799	0.0000045372875	-0.000052294922
-0.0000012904721	-0.0000024207312	0.0000021657705	0.0000048935912	-0.000056401402
-0.0000013892025	-0.0000026059343	0.0000023314675	0.0000052679851	-0.000060716679
-0.000001492819	-0.0000028003032	0.0000025053645	0.000005660907	-0.000065245206
-0.0000016014373	-0.0000030040545	0.0000026876552	0.0000060727948	-0.000069991878
-0.0000017151728	-0.0000032174048	0.0000028785343	0.0000065040878	-0.000074962566
-0.0000018341407	-0.0000034405702	0.0000030781953	0.0000069552229	-0.000080162419
-0.000001958456	-0.0000036737666	0.0000032868301	0.0000074266347	-0.000085595394
-0.0000020882337	-0.0000039172095	0.0000035046325	0.0000079187603	-0.000091267399
-0.0000022235885	-0.0000041711141	0.0000037317947	0.0000084320343	-0.000097183186
-0.000002364635	-0.0000044356954	0.0000039685088	0.0000089668907	-0.00010334748
-0.0000025114875	-0.0000047111678	0.0000042149671	0.0000095237637	-0.00010976567
-0.0000026642603	-0.0000049977456	0.0000044713607	0.000010103086	-0.00011644216
-0.0000028230673	-0.0000052956428	0.0000047378816	0.00001070529	-0.00012338263
-0.0000029880226	-0.0000056050731	0.000005014721	0.000011330808	-0.00013059196
-0.0000031592398	-0.0000059262496	0.0000053020688	0.00001198007	-0.00013807433
-0.0000033368325	-0.0000062593853	0.0000056001169	0.000012653509	-0.00014583593
-0.000003520914	-0.0000066046931	0.0000059090546	0.000013351552	-0.00015388081
-0.0000037115976	-0.0000069623851	0.0000062290721	0.00001407463	-0.00016221422
-0.0000039089963	-0.0000073326734	0.000006560359	0.00001482317	-0.0001708409
-0.0000041132229	-0.0000077157698	0.000006903105	0.000015597602	-0.00017976611
-0.0000043243902	-0.0000081118857	0.0000072574993	0.000016398353	-0.00018899477
-0.0000045426106	-0.000008521232	0.00000762373	0.000017225847	-0.00019853115
-0.0000047679967	-0.0000089440197	0.0000080019868	0.000018080513	-0.00020838124
-0.0000050006605	-0.0000093804591	0.0000083924569	0.000018962775	-0.00021854881
-0.0000052407141	-0.0000098307604	0.0000087953287	0.000019873057	-0.0002290393
-0.0000054882693	-0.000010295133	0.00000921079	0.000020811784	-0.0002398576
-0.0000057434379	-0.000010773788	0.0000096390283	0.000021779381	-0.00025100867
-0.0000060063314	-0.000011266932	0.000010080231	0.000022776268	-0.00026249724
-0.0000062770611	-0.000011774776	0.000010534584	0.000023802869	-0.00027432823
-0.0000065557383	-0.000012297528	0.000011002275	0.000024859604	-0.00028650626
-0.0000068424739	-0.000012835396	0.000011483489	0.000025946895	-0.00029903646
-0.0000071373788	-0.000013388587	0.000011978413	0.000027065162	-0.00031192353
-0.0000074405637	-0.000013957311	0.000012487233	0.000028214824	-0.00032517242
-0.0000077521391	-0.000014541773	0.000013010133	0.0000293963	-0.00033878741
-0.0000080722154	-0.000015142182	0.0000135473	0.00003061001	-0.00035277419
-0.0000084009028	-0.000015758742	0.000014098918	0.00003185637	-0.00036713713
-0.0000087383113	-0.000016391662	0.000014665172	0.000033135797	-0.00038188117
-0.0000090845507	-0.000017041147	0.000015246246	0.000034448708	-0.00039701093
-0.0000094397308	-0.000017707402	0.000015842323	0.000035795518	-0.00041253094
-0.000009803961	-0.000018390634	0.000016453588	0.000037176643	-0.00042844638
-0.000010177351	-0.000019091047	0.000017080225	0.000038592497	-0.00044476184
-0.000010560009	-0.000019808846	0.000017722416	0.000040043494	-0.00046148228
-0.000010952045	-0.000020544235	0.000018380344	0.000041530046	-0.00047861212
-0.000011353568	-0.00002129742	0.000019054192	0.000043052568	-0.00049615652
-0.000011764686	-0.000022068602	0.000019744143	0.000044611469	-0.00051411998
-0.000012185508	-0.000022857987	0.000020450378	0.000046207163	-0.00053250709
-0.000012616142	-0.000023665777	0.00002117308	0.000047840059	-0.0005513232
-0.000013056697	-0.000024492175	0.000021912429	0.000049510567	-0.00057057186
-0.000013507279	-0.000025337384	0.000022668608	0.000051219097	-0.00059025898
-0.000013967998	-0.000026201607	0.000023441796	0.000052966057	-0.00061038814
-0.000014438961	-0.000027085044	0.000024232175	0.000054751856	-0.00063096515
-0.000014920276	-0.000027987898	0.000025039925	0.0000565769	-0.00065199402
-0.000015412049	-0.000028910371	0.000025865227	0.000058441598	-0.00067347993
-0.000015914389	-0.000029852662	0.000026708259	0.000060346354	-0.00069542683
-0.000016427401	-0.000030814974	0.000027569202	0.000062291575	-0.00071783965
-0.000016951194	-0.000031797506	0.000028448235	0.000064277665	-0.0007407236
-0.000017485873	-0.000032800458	0.000029345537	0.000066305029	-0.00076408267
-0.000018031546	-0.000033824031	0.000030261286	0.000068374069	-0.00078792147
-0.000018588318	-0.000034868423	0.000031195662	0.000070485189	-0.00081224472
-0.000019156296	-0.000035933834	0.000032148841	0.000072638793	-0.00083705754
-0.000019735586	-0.000037020464	0.000033121003	0.00007483528	-0.00086236399
-0.000020326294	-0.000038128509	0.000034112325	0.000077075053	-0.00088816886
-0.000020928525	-0.00003925817	0.000035122984	0.000079358512	-0.00091447698
-0.000021542385	-0.000040409643	0.000036153157	0.000081686055	-0.00094129243
-0.00002216798	-0.000041583126	0.000037203021	0.000084058084	-0.00096862007
-0.000022805414	-0.000042778817	0.000038272753	0.000086474996	-0.00099646463
-0.000023454793	-0.000043996913	0.000039362528	0.000088937189	-0.0010248303
-0.000024116222	-0.00004523761	0.000040472523	0.00009144506	-0.001053722
-0.000024789806	-0.000046501105	0.000041602913	0.000093999007	-0.001083144
-0.000025475648	-0.000047787594	0.000042753874	0.000096599424	-0.001113101
-0.000026173854	-0.000049097272	0.000043925581	0.000099246708	-0.0011435975
-0.000026884527	-0.000050430335	0.000045118208	0.00010194125	-0.0011746379
-0.000027607772	-0.000051786979	0.000046331931	0.00010468345	-0.0012062269
-0.000028343693	-0.000053167398	0.000047566924	0.0001074737	-0.0012383693
-0.000029092394	-0.000054571787	0.000048823359	0.00011031239	-0.0012710688
-0.000029853977	-0.00005600034	0.000050101412	0.00011319992	-0.0013043305
-0.000030628547	-0.000057453251	0.000051401256	0.00011613666	-0.0013381588
-0.000031416207	-0.000058930713	0.000052723064	0.00011912303	-0.0013725577
-0.000032217059	-0.00006043292	0.000054067009	0.0001221594	-0.0014075324
-0.000033031208	-0.000061960066	0.000055433263	0.00012524617	-0.0014430872
-0.000033858755	-0.000063512342	0.000056821999	0.00012838372	-0.0014792262
-0.000034699804	-0.000065089941	0.000058233389	0.00013157245	-0.0015159539
-0.000035554456	-0.000066693055	0.000059667605	0.00013481274	-0.0015532751
-0.000036422814	-0.000068321876	0.000061124818	0.00013810497	-0.0015911937
-0.000037304981	-0.000069976596	0.0000626052	0.00014144954	-0.0016297147
-0.000038201057	-0.000071657406	0.000064108921	0.00014484684	-0.0016688421
-0.000039111146	-0.000073364496	0.000065636152	0.00014829723	-0.0017085805
-0.000040035349	-0.000075098057	0.000067187065	0.00015180112	-0.0017489344
-0.000040973766	-0.00007685828	0.000068761827	0.00015535889	-0.0017899077
-0.000041926501	-0.000078645354	0.000070360611	0.00015897091	-0.0018315053
-0.000042893653	-0.00008045947	0.000071983585	0.00016263757	-0.0018737313
-0.000043875323	-0.000082300816	0.000073630919	0.00016635926	-0.0019165902
-0.000044871613	-0.000084169581	0.000075302781	0.00017013635	-0.0019600863
-0.000045882624	-0.000086065955	0.000076999341	0.00017396922	-0.0020042238
-0.000046908455	-0.000087990125	0.000078720768	0.00017785826	-0.0020490073
-0.000047949208	-0.000089942281	0.000080467228	0.00018180385	-0.0020944412
-0.000049004982	-0.000091922609	0.000082238891	0.00018580636	-0.0021405293
-0.000050075878	-0.000093931297	0.000084035923	0.00018986617	-0.0021872763
-0.000051161995	-0.000095968533	0.000085858493	0.00019398366	-0.0022346865
-0.000052263433	-0.000098034504	0.000087706768	0.0001981592	-0.0022827643
-0.000053380292	-0.0001001294	0.000089580914	0.00020239318	-0.0023315139
-0.00005451267	-0.00010225339	0.000091481098	0.00020668597	-0.0023809394
-0.000055660669	-0.00010440669	0.000093407487	0.00021103795	-0.0024310451
-0.000056824386	-0.00010658946	0.000095360246	0.00021544948	-0.0024818355
-0.00005800392	-0.0001088019	0.000097339541	0.00021992094	-0.0025333148
-0.00005919937	-0.00011104418	0.000099345538	0.00022445272	-0.0025854871
-0.000060410836	-0.0001133165	0.0001013784	0.00022904517	-0.0026383568
-0.000061638414	-0.00011561904	0.0001034383	0.00023369867	-0.0026919281
-0.000062882205	-0.00011795199	0.00010552539	0.00023841359	-0.002746205
-0.000064142305	-0.00012031552	0.00010763984	0.0002431903	-0.0028011921
-0.000065418813	-0.00012270982	0.00010978182	0.00024802918	-0.0028568932
-0.000066711826	-0.00012513507	0.00011195149	0.00025293059	-0.0029133127
-0.000068021443	-0.00012759147	0.00011414901	0.0002578949	-0.0029704551
-0.00006934776	-0.00013007918	0.00011637455	0.00026292248	-0.0030283242
-0.000070690876	-0.00013259839	0.00011862826	0.0002680137	-0.003086924
-0.000072050887	-0.00013514929	0.00012091032	0.00027316892	-0.0031462593
-0.00007342789	-0.00013773206	0.00012322089	0.00027838851	-0.0032063336
-0.000074821982	-0.00014034687	0.00012556012	0.00028367284	-0.0032671514
-0.000076233261	-0.00014299392	0.00012792817	0.00028902227	-0.0033287166
-0.000077661822	-0.00014567337	0.00013032522	0.00029443716	-0.0033910336
-0.000079107762	-0.00014838541	0.00013275142	0.00029991789	-0.0034541067
-0.000080571178	-0.00015113023	0.00013520694	0.0003054648	-0.0035179396
-0.000082052164	-0.00015390799	0.00013769192	0.00031107828	-0.0035825364
-0.000083550818	-0.00015671889	0.00014020655	0.00031675867	-0.0036479014
-0.000085067235	-0.00015956309	0.00014275097	0.00032250633	-0.0037140387
-0.000086601511	-0.00016244079	0.00014532534	0.00032832164	-0.0037809524
-0.000088153741	-0.00016535215	0.00014792983	0.00033420495	-0.0038486465
-0.00008972402	-0.00016829736	0.00015056459	0.00034015662	-0.0039171249
-0.000091312444	-0.00017127659	0.00015322978	0.000346177	-0.0039863919
-0.000092919108	-0.00017429003	0.00015592557	0.00035226646	-0.0040564514
-0.000094544106	-0.00017733785	0.00015865212	0.00035842536	-0.0041273077
-0.000096187533	-0.00018042022	0.00016140957	0.00036465404	-0.0041989645
-0.000097849484	-0.00018353733	0.00016419809	0.00037095287	-0.0042714258
-0.000099530053	-0.00018668936	0.00016701783	0.00037732221	-0.0043446961
-0.00010122933	-0.00018987647	0.00016986896	0.0003837624	-0.0044187789
-0.00010294742	-0.00019309884	0.00017275163	0.0003902738	-0.0044936785
-0.00010468441	-0.00019635665	0.000175666	0.00039685677	-0.0045693985
-0.00010644039	-0.00019965008	0.00017861223	0.00040351166	-0.0046459433
-0.00010821546	-0.0002029793	0.00018159047	0.00041023882	-0.0047233167
-0.00011000971	-0.00020634449	0.00018460087	0.00041703861	-0.0048015227
-0.00011182324	-0.00020974581	0.0001876436	0.00042391137	-0.0048805652
-0.00011365613	-0.00021318346	0.00019071881	0.00043085746	-0.0049604481
-0.00011550849	-0.00021665759	0.00019382666	0.00043787722	-0.0050411755
-0.00011738039	-0.00022016838	0.0001969673	0.00044497101	-0.0051227511
-0.00011927195	-0.00022371601	0.00020014088	0.00045213917	-0.0052051791
-0.00012118324	-0.00022730065	0.00020334757	0.00045938205	-0.0052884633
-0.00012311436	-0.00023092247	0.00020658751	0.00046670001	-0.0053726074
-0.0001250654	-0.00023458165	0.00020986086	0.00047409338	-0.0054576155
-0.00012703647	-0.00023827835	0.00021316777	0.00048156251	-0.0055434914
-0.00012902763	-0.00024201275	0.0002165084	0.00048910776	-0.0056302392
-0.000131039	-0.00024578503	0.0002198829	0.00049672946	-0.0057178624
-0.00013307066	-0.00024959534	0.00022329143	0.00050442795	-0.0058063651
-0.0001351227	-0.00025344387	0.00022673413	0.00051220359	-0.005895751
-0.00013719521	-0.00025733079	0.00023021116	0.00052005672	-0.005986024
-0.00013928829	-0.00026125626	0.00023372267	0.00052798767	-0.006077188
-0.00014140202	-0.00026522045	0.00023726882	0.0005359968	-0.0061692468
-0.0001435365	-0.00026922354	0.00024084975	0.00054408443	-0.0062622042
-0.00014569181	-0.0002732657	0.00024446562	0.00055225092	-0.0063560639
-0.00014786805	-0.00027734709	0.00024811658	0.0005604966	-0.0064508298
-0.00015006531	-0.00028146788	0.00025180278	0.00056882182	-0.0065465056
-0.00015228368	-0.00028562825	0.00025552436	0.0005772269	-0.0066430953
-0.00015452325	-0.00028982836	0.00025928149	0.0005857122	-0.0067406023
-0.0001567841	-0.00029406837	0.00026307431	0.00059427804	-0.0068390307
-0.00015906633	-0.00029834846	0.00026690297	0.00060292476	-0.0069383842
-0.00016137003	-0.0003026688	0.00027076762	0.00061165271	-0.0070386664
-0.00016369529	-0.00030702955	0.00027466841	0.00062046221	-0.007139881
-0.00016604219	-0.00031143088	0.00027860549	0.0006293536	-0.0072420318
-0.00016841083	-0.00031587296	0.00028257901	0.00063832722	-0.0073451225
-0.00017080129	-0.00032035594	0.00028658911	0.00064738339	-0.0074491569
-0.00017321366	-0.00032488001	0.00029063595	0.00065652246	-0.0075541386
-0.00017564804	-0.00032944532	0.00029471967	0.00066574476	-0.0076600713
-0.00017810451	-0.00033405204	0.00029884043	0.00067505061	-0.0077669587
-0.00018058316	-0.00033870033	0.00030299836	0.00068444036	-0.0078748046
-0.00018308407	-0.00034339037	0.00030719362	0.00069391432	-0.0079836123
-0.00018560734	-0.00034812231	0.00031142635	0.00070347283	-0.0080933857
-0.00018815305	-0.00035289632	0.0003156967	0.00071311622	-0.0082041285
-0.00019072129	-0.00035771257	0.00032000482	0.00072284482	-0.0083158442
-0.00019331215	-0.00036257121	0.00032435085	0.00073265896	-0.0084285365
-0.00019592572	-0.00036747241	0.00032873494	0.00074255896	-0.0085422088
-0.00019856208	-0.00037241634	0.00033315724	0.00075254515	-0.0086568651
-0.00020122132	-0.00037740316	0.00033761788	0.00076261786	-0.0087725085
-0.00020390353	-0.00038243302	0.00034211702	0.00077277742	-0.008889143
-0.00020660879	-0.0003875061	0.0003466548	0.00078302414	-0.009006772
-0.0002093372	-0.00039262255	0.00035123137	0.00079335836	-0.0091253992
-0.00021208883	-0.00039778255	0.00035584686	0.00080378039	-0.009245028
-0.00021486378	-0.00040298623	0.00036050143	0.00081429057	-0.009365662
-0.00021766213	-0.00040823378	0.00036519521	0.00082488921	-0.0094873047
-0.00022048396	-0.00041352535	0.00036992836	0.00083557663	-0.0096099597
-0.00022332937	-0.0004188611	0.00037470101	0.00084635316	-0.0097336305
-0.00022619844	-0.00042424119	0.00037951331	0.00085721912	-0.0098583206
-0.00022909125	-0.00042966579	0.0003843654	0.00086817483	-0.0099840336
-0.00023200789	-0.00043513505	0.00038925742	0.00087922061	-0.010110773
-0.00023494845	-0.00044064912	0.00039418952	0.00089035677	-0.010238542
-0.00023791301	-0.00044620818	0.00039916184	0.00090158364	-0.010367344
-0.00024090165	-0.00045181238	0.00040417451	0.00091290153	-0.010497183
-0.00024391447	-0.00045746187	0.00040922769	0.00092431076	-0.010628062
-0.00024695154	-0.00046315683	0.00041432151	0.00093581165	-0.010759985
-0.00025001295	-0.0004688974	0.00041945611	0.00094740451	-0.010892955
-0.00025309878	-0.00047468374	0.00042463164	0.00095908966	-0.011026975
-0.00025620913	-0.00048051601	0.00042984823	0.00097086741	-0.011162049
-0.00025934407	-0.00048639437	0.00043510602	0.00098273808	-0.011298181
-0.00026250368	-0.00049231897	0.00044040517	0.00099470198	-0.011435373
-0.00026568806	-0.00049828998	0.00044574579	0.0010067594	-0.011573629
-0.00026889729	-0.00050430754	0.00045112804	0.0010189107	-0.011712953
-0.00027213144	-0.00051037182	0.00045655206	0.0010311562	-0.011853347
-0.0002753906	-0.00051648296	0.00046201798	0.0010434961	-0.011994816
-0.00027867486	-0.00052264114	0.00046752593	0.0010559309	-0.012137363
-0.0002819843	-0.00052884649	0.00047307607	0.0010684607	-0.01228099
-0.000285319	-0.00053509918	0.00047866853	0.0010810859	-0.012425701
-0.00028867905	-0.00054139936	0.00048430344	0.0010938069	-0.0125715
-0.00029206452	-0.00054774718	0.00048998095	0.0011066238	-0.01271839
-0.00029547551	-0.00055414281	0.00049570119	0.0011195372	-0.012866374
-0.00029891209	-0.00056058638	0.00050146429	0.0011325471	-0.013015456
-0.00030237434	-0.00056707807	0.00050727041	0.001145654	-0.013165638
-0.00030586235	-0.00057361801	0.00051311966	0.0011588581	-0.013316924
-0.0003093762	-0.00058020637	0.00051901219	0.0011721598	-0.013469317
-0.00031291597	-0.00058684329	0.00052494814	0.0011855594	-0.013622821
-0.00031648175	-0.00059352893	0.00053092763	0.0011990571	-0.013777439
-0.0003200736	-0.00060026345	0.00053695082	0.0012126532	-0.013933174
-0.00032369163	-0.00060704698	0.00054301782	0.0012263482	-0.014090029
-0.0003273359	-0.00061387969	0.00054912878	0.0012401422	-0.014248007
-0.0003310065	-0.00062076172	0.00055528383	0.0012540356	-0.014407112
-0.00033470351	-0.00062769323	0.00056148311	0.0012680286	-0.014567347
-0.00033842702	-0.00063467437	0.00056772675	0.0012821216	-0.014728715
-0.00034217709	-0.00064170529	0.00057401488	0.0012963149	-0.014891219
-0.00034595381	-0.00064878613	0.00058034764	0.0013106087	-0.015054862
-0.00034975727	-0.00065591706	0.00058672517	0.0013250035	-0.015219648
-0.00035358754	-0.00066309821	0.00059314759	0.0013394993	-0.01538558
-0.0003574447	-0.00067032973	0.00059961503	0.0013540967	-0.01555266
-0.00036132884	-0.00067761179	0.00060612764	0.0013687958	-0.015720892
-0.00036524003	-0.00068494452	0.00061268554	0.0013835969	-0.01589028
-0.00036917835	-0.00069232807	0.00061928887	0.0013985004	-0.016060825
-0.00037314388	-0.0006997626	0.00062593776	0.0014135066	-0.016232532
-0.00037713671	-0.00070724824	0.00063263233	0.0014286156	-0.016405403
-0.0003811569	-0.00071478516	0.00063937273	0.0014438279	-0.016579442
-0.00038520455	-0.00072237348	0.00064615908	0.0014591438	-0.01675465
-0.00038927972	-0.00073001338	0.00065299152	0.0014745634	-0.016931033
-0.0003933825	-0.00073770498	0.00065987016	0.0014900871	-0.017108592
-0.00039751297	-0.00074544843	0.00066679516	0.0015057152	-0.01728733
-0.00040167121	-0.00075324389	0.00067376663	0.0015214481	-0.017467252
-0.00040585728	-0.0007610915	0.0006807847	0.0015372858	-0.017648358
-0.00041007128	-0.0007689914	0.00068784951	0.0015532289	-0.017830654
-0.00041431328	-0.00077694375	0.00069496118	0.0015692775	-0.018014141
-0.00041858336	-0.00078494867	0.00070211985	0.0015854319	-0.018198823
-0.0004228816	-0.00079300633	0.00070932564	0.0016016925	-0.018384702
-0.00042720806	-0.00080111686	0.00071657869	0.0016180594	-0.018571782
-0.00043156284	-0.00080928041	0.00072387911	0.0016345331	-0.018760066
-0.00043594601	-0.00081749713	0.00073122704	0.0016511138	-0.018949556
-0.00044035764	-0.00082576715	0.00073862261	0.0016678017	-0.019140255
-0.00044479782	-0.00083409062	0.00074606594	0.0016845971	-0.019332166
-0.00044926662	-0.00084246769	0.00075355716	0.0017015004	-0.019525293
-0.00045376411	-0.00085089849	0.00076109641	0.0017185119	-0.019719638
-0.00045829038	-0.00085938317	0.0007686838	0.0017356317	-0.019915204
-0.0004628455	-0.00086792188	0.00077631946	0.0017528602	-0.020111994
-0.00046742955	-0.00087651475	0.00078400352	0.0017701976	-0.020310011
-0.0004720426	-0.00088516192	0.0007917361	0.0017876443	-0.020509257
-0.00047668473	-0.00089386355	0.00079951734	0.0018052005	-0.020709736
-0.00048135602	-0.00090261976	0.00080734735	0.0018228666	-0.020911451
-0.00048605653	-0.00091143071	0.00081522627	0.0018406426	-0.021114403
-0.00049078636	-0.00092029653	0.00082315421	0.0018585291	-0.021318596
-0.00049554556	-0.00092921735	0.00083113131	0.0018765262	-0.021524034
-0.00050033423	-0.00093819334	0.00083915769	0.0018946342	-0.021730718
-0.00050515243	-0.00094722461	0.00084723346	0.0019128533	-0.021938651
-0.00051000024	-0.00095631132	0.00085535876	0.001931184	-0.022147836
-0.00051487773	-0.00096545359	0.00086353372	0.0019496263	-0.022358277
-0.00051978498	-0.00097465158	0.00087175844	0.0019681807	-0.022569975
-0.00052472207	-0.00098390542	0.00088003307	0.0019868474	-0.022782933
-0.00052968907	-0.00099321525	0.00088835771	0.0020056266	-0.022997155
-0.00053468604	-0.0010025812	0.0008967325	0.0020245186	-0.023212642
-0.00053971308	-0.0010120034	0.00090515755	0.0020435238	-0.023429399
-0.00054477025	-0.001021482	0.00091363299	0.0020626423	-0.023647426
-0.00054985762	-0.0010310172	0.00092215895	0.0020818744	-0.023866728
-0.00055497527	-0.001040609	0.00093073553	0.0021012205	-0.024087306
-0.00056012328	-0.0010502577	0.00093936287	0.0021206808	-0.024309164
-0.00056530171	-0.0010599633	0.00094804109	0.0021402554	-0.024532304
-0.00057051064	-0.001069726	0.0009567703	0.0021599449	-0.024756729
-0.00057575015	-0.0010795459	0.00096555064	0.0021797492	-0.02498244
-0.00058102031	-0.0010894232	0.00097438221	0.0021996689	-0.025209442
-0.00058632119	-0.001099358	0.00098326514	0.002219704	-0.025437737
-0.00059165286	-0.0011093504	0.00099219955	0.002239855	-0.025667327
-0.00059701539	-0.0011194006	0.0010011856	0.002260122	-0.025898214
-0.00060240887	-0.0011295086	0.0010102233	0.0022805053	-0.026130402
-0.00060783336	-0.0011396747	0.0010193129	0.0023010051	-0.026363893
-0.00061328893	-0.001149899	0.0010284544	0.0023216218	-0.026598689
-0.00061877566	-0.0011601816	0.001037648	0.0023423557	-0.026834794
-0.00062429362	-0.0011705226	0.0010468938	0.0023632068	-0.027072209
-0.00062984288	-0.0011809222	0.0010561919	0.0023841756	-0.027310938
-0.00063542351	-0.0011913805	0.0010655424	0.0024052623	-0.027550982
-0.00064103559	-0.0012018977	0.0010749455	0.0024264671	-0.027792344
-0.00064667918	-0.0012124738	0.0010844013	0.0024477903	-0.028035028
-0.00065235436	-0.001223109	0.0010939098	0.0024692322	-0.028279034
-0.0006580612	-0.0012338035	0.0011034713	0.002490793	-0.028524366
-0.00066379977	-0.0012445573	0.0011130858	0.002512473	-0.028771026
-0.00066957014	-0.0012553706	0.0011227534	0.0025342725	-0.029019017
-0.00067537239	-0.0012662435	0.0011324742	0.0025561916	-0.029268342
-0.00068120657	-0.0012771763	0.0011422485	0.0025782306	-0.029519001
-0.00068707277	-0.0012881689	0.0011520762	0.0026003899	-0.029770999
-0.00069297106	-0.0012992215	0.0011619575	0.0026226696	-0.030024337
-0.0006989015	-0.0013103343	0.0011718925	0.00264507	-0.030279017
-0.00070486417	-0.0013215073	0.0011818814	0.0026675914	-0.030535043
-0.00071085913	-0.0013327408	0.0011919242	0.002690234	-0.030792417
-0.00071688646	-0.0013440348	0.0012020211	0.0027129981	-0.03105114
-0.00072294622	-0.0013553895	0.0012121722	0.0027358839	-0.031311216
-0.00072903849	-0.001366805	0.0012223775	0.0027588917	-0.031572646
-0.00073516333	-0.0013782814	0.0012326373	0.0027820217	-0.031835434
-0.00074132082	-0.0013898189	0.0012429515	0.0028052741	-0.03209958
-0.00074751102	-0.0014014176	0.0012533204	0.0028286493	-0.032365088
-0.000753734	-0.0014130776	0.0012637441	0.0028521475	-0.032631961
-0.00075998983	-0.001424799	0.0012742226	0.0028757688	-0.032900199
-0.00076627859	-0.001436582	0.001284756	0.0028995137	-0.033169806
-0.00077260033	-0.0014484267	0.0012953446	0.0029233822	-0.033440784
-0.00077895514	-0.0014603332	0.0013059884	0.0029473747	-0.033713135
-0.00078534307	-0.0014723017	0.0013166874	0.0029714914	-0.033986861
-0.00079176419	-0.0014843322	0.0013274419	0.0029957326	-0.034261965
-0.00079821858	-0.0014964249	0.0013382519	0.0030200984	-0.034538448
-0.0008047063	-0.00150858	0.0013491176	0.0030445892	-0.034816314
-0.00081122742	-0.0015207976	0.001360039	0.0030692051	-0.035095564
-0.00081778201	-0.0015330777	0.0013710163	0.0030939465	-0.0353762
-0.00082437013	-0.0015454205	0.0013820495	0.0031188135	-0.035658225
-0.00083099186	-0.0015578261	0.0013931389	0.0031438065	-0.03594164
-0.00083764726	-0.0015702947	0.0014042844	0.0031689255	-0.036226449
-0.00084433639	-0.0015828264	0.0014154862	0.003194171	-0.036512652
-0.00085105933	-0.0015954213	0.0014267445	0.0032195431	-0.036800253
-0.00085781615	-0.0016080795	0.0014380593	0.003245042	-0.037089253
-0.0008646069	-0.0016208011	0.0014494307	0.0032706681	-0.037379654
-0.00087143165	-0.0016335864	0.0014608589	0.0032964214	-0.03767146
-0.00087829049	-0.0016464353	0.0014723439	0.0033223024	-0.03796467
-0.00088518345	-0.001659348	0.0014838859	0.0033483112	-0.038259289
-0.00089211063	-0.0016723247	0.0014954849	0.003374448	-0.038555317
-0.00089907208	-0.0016853654	0.0015071411	0.0034007131	-0.038852757
-0.00090606786	-0.0016984704	0.0015188546	0.0034271067	-0.039151612
-0.00091309805	-0.0017116396	0.0015306255	0.003453629	-0.039451882
-0.00092016271	-0.0017248733	0.0015424539	0.0034802804	-0.03975357
-0.00092726191	-0.0017381715	0.0015543399	0.0035070609	-0.040056678
-0.00093439571	-0.0017515344	0.0015662836	0.0035339709	-0.040361208
-0.00094156417	-0.0017649621	0.0015782852	0.0035610106	-0.040667162
-0.00094876737	-0.0017784546	0.0015903446	0.0035881802	-0.040974542
-0.00095600537	-0.0017920123	0.0016024621	0.00361548	-0.041283351
-0.00096327823	-0.001805635	0.0016146378	0.0036429101	-0.041593589
-0.00097058601	-0.0018193231	0.0016268716	0.0036704708	-0.041905258
-0.00097792879	-0.0018330765	0.0016391639	0.0036981623	-0.042218362
-0.00098530663	-0.0018468954	0.0016515145	0.0037259849	-0.042532902
-0.00099271959	-0.00186078	0.0016639238	0.0037539387	-0.042848879
-0.0010001677	-0.0018747303	0.0016763917	0.0037820241	-0.043166295
-0.0010076511	-0.0018887465	0.0016889183	0.0038102412	-0.043485153
-0.0010151698	-0.0019028287	0.0017015039	0.0038385903	-0.043805454
-0.0010227239	-0.0019169769	0.0017141484	0.0038670716	-0.044127201
-0.0010303135	-0.0019311914	0.001726852	0.0038956852	-0.044450394
-0.0010379385	-0.0019454722	0.0017396147	0.0039244316	-0.044775037
-0.0010455991	-0.0019598195	0.0017524368	0.0039533107	-0.04510113
-0.0010532954	-0.0019742333	0.0017653182	0.003982323	-0.045428675
-0.0010610273	-0.0019887138	0.0017782592	0.0040114685	-0.045757675
-0.001068795	-0.0020032612	0.0017912597	0.0040407476	-0.046088131
-0.0010765986	-0.0020178754	0.0018043199	0.0040701604	-0.046420045
-0.001084438	-0.0020325567	0.00181744	0.0040997071	-0.046753419
-0.0010923134	-0.0020473051	0.0018306199	0.0041293881	-0.047088254
-0.0011002248	-0.0020621208	0.0018438598	0.0041592034	-0.047424552
-0.0011081722	-0.0020770039	0.0018571598	0.0041891534	-0.047762315
-0.0011161558	-0.0020919544	0.0018705201	0.0042192382	-0.048101545
-0.0011241756	-0.0021069726	0.0018839406	0.0042494581	-0.048442243
-0.0011322317	-0.0021220585	0.0018974215	0.0042798132	-0.048784411
-0.0011403241	-0.0021372122	0.001910963	0.0043103038	-0.049128051
-0.0011484529	-0.0021524339	0.001924565	0.0043409301	-0.049473165
-0.0011566181	-0.0021677237	0.0019382278	0.0043716924	-0.049819753
-0.0011648198	-0.0021830816	0.0019519513	0.0044025908	-0.050167819
-0.0011730581	-0.0021985078	0.0019657358	0.0044336255	-0.050517363
-0.0011813331	-0.0022140024	0.0019795812	0.0044647967	-0.050868386
-0.0011896447	-0.0022295655	0.0019934878	0.0044961048	-0.051220892
-0.0011979931	-0.0022451973	0.0020074556	0.0045275498	-0.051574881
-0.0012063784	-0.0022608978	0.0020214846	0.004559132	-0.051930354
-0.0012148005	-0.0022766671	0.0020355751	0.0045908516	-0.052287314
-0.0012232595	-0.0022925055	0.002049727	0.0046227088	-0.052645763
-0.0012317556	-0.0023084128	0.0020639406	0.0046547039	-0.0530057
-0.0012402887	-0.0023243894	0.0020782158	0.0046868369	-0.053367129
-0.0012488589	-0.0023404353	0.0020925529	0.0047191082	-0.053730051
-0.0012574663	-0.0023565505	0.0021069518	0.004751518	-0.054094466
-0.001266111	-0.0023727353	0.0021214127	0.0047840664	-0.054460378
-0.0012747929	-0.0023889897	0.0021359356	0.0048167537	-0.054827787
-0.0012835123	-0.0024053139	0.0021505208	0.00484958	-0.055196694
-0.001292269	-0.0024217079	0.0021651682	0.0048825456	-0.055567102
-0.0013010632	-0.0024381718	0.0021798779	0.0049156506	-0.055939011
-0.001309895	-0.0024547058	0.0021946502	0.0049488954	-0.056312423
-0.0013187644	-0.00247131	0.002209485	0.00498228	-0.05668734
-0.0013276714	-0.0024879845	0.0022243824	0.0050158047	-0.057063763
-0.0013366162	-0.0025047293	0.0022393426	0.0050494697	-0.057441693
-0.0013455988	-0.0025215446	0.0022543656	0.0050832752	-0.057821132
-0.0013546191	-0.0025384306	0.0022694516	0.0051172213	-0.058202082
-0.0013636774	-0.0025553872	0.0022846006	0.0051513084	-0.058584543
-0.0013727737	-0.0025724147	0.0022998127	0.0051855365	-0.058968516
-0.0013819079	-0.0025895131	0.002315088	0.005219906	-0.059354005
-0.0013910803	-0.0026066826	0.0023304267	0.0052544169	-0.059741008
-0.0014002907	-0.0026239231	0.0023458287	0.0052890695	-0.060129529
-0.0014095394	-0.0026412349	0.0023612943	0.0053238639	-0.060519568
-0.0014188263	-0.0026586181	0.0023768234	0.0053588005	-0.060911127
-0.0014281515	-0.0026760727	0.0023924162	0.0053938793	-0.061304207
-0.0014375151	-0.0026935989	0.0024080728	0.0054291006	-0.061698809
-0.0014469171	-0.0027111967	0.0024237933	0.0054644645	-0.062094934
-0.0014563576	-0.0027288664	0.0024395777	0.0054999713	-0.062492584
-0.0014658366	-0.0027466079	0.0024554262	0.0055356212	-0.06289176
-0.0014753542	-0.0027644213	0.0024713388	0.0055714143	-0.063292464
-0.0014849105	-0.0027823069	0.0024873156	0.0056073508	-0.063694695
-0.0014945055	-0.0028002646	0.0025033568	0.005643431	-0.064098457
-0.0015041393	-0.0028182947	0.0025194624	0.005679655	-0.064503749
-0.0015138119	-0.0028363971	0.0025356325	0.005716023	-0.064910573
-0.0015235233	-0.002854572	0.0025518672	0.0057525352	-0.065318931
-0.0015332737	-0.0028728196	0.0025681665	0.0057891918	-0.065728823
-0.0015430631	-0.0028911398	0.0025845307	0.0058259929	-0.066140251
-0.0015528916	-0.0029095329	0.0026009597	0.0058629389	-0.066553215
-0.0015627591	-0.0029279988	0.0026174536	0.0059000298	-0.066967717
-0.0015726659	-0.0029465378	0.0026340126	0.0059372658	-0.067383758
-0.0015826118	-0.0029651499	0.0026506367	0.0059746472	-0.067801339
-0.001592597	-0.0029838352	0.0026673261	0.006012174	-0.068220461
-0.0016026216	-0.0030025938	0.0026840808	0.0060498466	-0.068641125
-0.0016126855	-0.0030214258	0.0027009008	0.0060876651	-0.069063333
-0.0016227889	-0.0030403313	0.0027177863	0.0061256296	-0.069487084
-0.0016329318	-0.0030593105	0.0027347375	0.0061637404	-0.069912382
-0.0016431143	-0.0030783634	0.0027517542	0.0062019976	-0.070339225
-0.0016533363	-0.0030974901	0.0027688367	0.0062404014	-0.070767616
-0.001663598	-0.0031166907	0.0027859851	0.0062789521	-0.071197556
-0.0016738995	-0.0031359653	0.0028031994	0.0063176497	-0.071629045
-0.0016842407	-0.0031553141	0.0028204796	0.0063564945	-0.072062084
-0.0016946218	-0.003174737	0.002837826	0.0063954866	-0.072496674
-0.0017050427	-0.0031942343	0.0028552386	0.0064346262	-0.072932817
-0.0017155036	-0.003213806	0.0028727174	0.0064739136	-0.073370513
-0.0017260044	-0.0032334522	0.0028902625	0.0065133488	-0.073809763
-0.0017365453	-0.003253173	0.0029078742	0.0065529321	-0.074250569
-0.0017471264	-0.0032729685	0.0029255523	0.0065926636	-0.07469293
-0.0017577475	-0.0032928388	0.002943297	0.0066325435	-0.075136848
-0.0017684089	-0.0033127841	0.0029611084	0.006672572	-0.075582324
-0.0017791106	-0.0033328043	0.0029789866	0.0067127493	-0.076029358
-0.0017898526	-0.0033528996	0.0029969317	0.0067530755	-0.076477953
-0.0018006349	-0.0033730701	0.0030149437	0.0067935508	-0.076928107
-0.0018114577	-0.0033933159	0.0030330227	0.0068341754	-0.077379822
-0.0018223209	-0.0034136371	0.0030511688	0.0068749494	-0.0778331
-0.0018332247	-0.0034340338	0.0030693822	0.0069158731	-0.07828794
-0.0018441691	-0.003454506	0.0030876628	0.0069569466	-0.078744344
-0.0018551541	-0.0034750539	0.0031060107	0.0069981701	-0.079202312
-0.0018661798	-0.0034956776	0.0031244262	0.0070395437	-0.079661845
-0.0018772462	-0.0035163772	0.0031429091	0.0070810676	-0.080122945
-0.0018883534	-0.0035371527	0.0031614596	0.007122742	-0.08058561
-0.0018995015	-0.0035580042	0.0031800779	0.007164567	-0.081049844
-0.0019106905	-0.0035789319	0.0031987639	0.0072065429	-0.081515645
-0.0019219205	-0.0035999358	0.0032175177	0.0072486697	-0.081983015
-0.0019331914	-0.0036210161	0.0032363395	0.0072909477	-0.082451954
-0.0019445034	-0.0036421728	0.0032552293	0.0073333771	-0.082922464
-0.0019558565	-0.003663406	0.0032741872	0.0073759579	-0.083394544
-0.0019672508	-0.0036847159	0.0032932133	0.0074186903	-0.083868196
-0.0019786863	-0.0037061024	0.0033123077	0.0074615746	-0.08434342
-0.0019901631	-0.0037275657	0.0033314703	0.0075046109	-0.084820216
-0.0020016812	-0.0037491059	0.0033507014	0.0075477993	-0.085298586
-0.0020132406	-0.0037707231	0.003370001	0.00759114	-0.08577853
-0.0020248415	-0.0037924174	0.0033893692	0.0076346332	-0.086260049
-0.0020364838	-0.0038141889	0.003408806	0.007678279	-0.086743142
-0.0020481677	-0.0038360376	0.0034283116	0.0077220776	-0.087227812
-0.0020598931	-0.0038579636	0.0034478859	0.0077660292	-0.087714057
-0.0020716602	-0.0038799671	0.0034675292	0.0078101339	-0.088201879
-0.0020834689	-0.0039020481	0.0034872414	0.0078543918	-0.088691279
-0.0020953194	-0.0039242068	0.0035070227	0.0078988032	-0.089182256
-0.0021072117	-0.0039464431	0.0035268731	0.0079433682	-0.089674812
-0.0021191457	-0.0039687573	0.0035467927	0.0079880869	-0.090168947
-0.0021311217	-0.0039911493	0.0035667816	0.0080329595	-0.09066466
-0.0021431395	-0.0040136193	0.0035868399	0.0080779862	-0.091161954
-0.0021551994	-0.0040361674	0.0036069676	0.0081231671	-0.091660828
-0.0021673013	-0.0040587936	0.0036271648	0.0081685024	-0.092161282
-0.0021794452	-0.0040814981	0.0036474315	0.0082139922	-0.092663318
-0.0021916313	-0.0041042809	0.003667768	0.0082596367	-0.093166935
-0.0022038595	-0.0041271422	0.0036881742	0.0083054361	-0.093672134
-0.00221613	-0.004150082	0.0037086502	0.0083513904	-0.094178915
-0.0022284428	-0.0041731003	0.0037291961	0.0083974998	-0.094687279
-0.0022407979	-0.0041961974	0.003749812	0.0084437646	-0.095197225
-0.0022531953	-0.0042193732	0.0037704979	0.0084901848	-0.095708755
-0.0022656352	-0.0042426278	0.003791254	0.0085367606	-0.096221869
-0.0022781175	-0.0042659615	0.0038120802	0.0085834921	-0.096736567
-0.0022906424	-0.0042893741	0.0038329767	0.0086303796	-0.097252849
-0.0023032098	-0.0043128659	0.0038539435	0.008677423	-0.097770716
-0.0023158199	-0.0043364369	0.0038749808	0.0087246227	-0.098290168
-0.0023284726	-0.0043600872	0.0038960886	0.0087719787	-0.098811205
-0.002341168	-0.0043838168	0.0039172669	0.0088194912	-0.099333827
-0.0023539062	-0.0044076259	0.0039385158	0.0088671604	-0.099858035
-0.0023666872	-0.0044315146	0.0039598355	0.0089149863	-0.10038383
-0.0023795111	-0.0044554829	0.003981226	0.0089629691	-0.10091121
-0.0023923778	-0.0044795309	0.0040026873	0.0090111091	-0.10144018
-0.0024052876	-0.0045036588	0.0040242195	0.0090594062	-0.10197073
-0.0024182403	-0.0045278665	0.0040458227	0.0091078607	-0.10250287
-0.0024312361	-0.0045521542	0.0040674971	0.0091564727	-0.1030366
-0.0024442749	-0.0045765219	0.0040892425	0.0092052423	-0.10357191
-0.0024573569	-0.0046009698	0.0041110592	0.0092541698	-0.10410881
-0.0024704821	-0.0046254979	0.0041329472	0.0093032551	-0.1046473
-0.0024836506	-0.0046501063	0.0041549065	0.0093524986	-0.10518737
-0.0024968623	-0.0046747951	0.0041769373	0.0094019002	-0.10572904
-0.0025101174	-0.0046995644	0.0041990395	0.0094514602	-0.10627229
-0.0025234158	-0.0047244142	0.0042212134	0.0095011787	-0.10681713
-0.0025367577	-0.0047493446	0.0042434588	0.0095510558	-0.10736355
-0.002550143	-0.0047743558	0.004265776	0.0096010917	-0.10791157
-0.0025635718	-0.0047994478	0.004288165	0.0096512864	-0.10846117
-0.0025770443	-0.0048246206	0.0043106258	0.0097016403	-0.10901236
-0.0025905603	-0.0048498744	0.0043331586	0.0097521533	-0.10956514
-0.00260412	-0.0048752093	0.0043557633	0.0098028256	-0.1101195
-0.0026177234	-0.0049006253	0.0043784401	0.0098536573	-0.11067546
-0.0026313705	-0.0049261225	0.0044011891	0.0099046487	-0.111233
-0.0026450614	-0.004951701	0.0044240102	0.0099557997	-0.11179213
-0.0026587962	-0.0049773608	0.0044469036	0.010007111	-0.11235285
-0.0026725749	-0.0050031021	0.0044698694	0.010058582	-0.11291515
-0.0026863975	-0.0050289249	0.0044929075	0.010110213	-0.11347905
-0.002700264	-0.0050548293	0.0045160181	0.010162004	-0.11404453
-0.0027141746	-0.0050808154	0.0045392013	0.010213955	-0.11461159
-0.0027281293	-0.0051068833	0.004562457	0.010266068	-0.11518025
-0.002742128	-0.005133033	0.0045857854	0.01031834	-0.11575049
-0.0027561709	-0.0051592646	0.0046091866	0.010370774	-0.11632232
-0.0027702581	-0.0051855782	0.0046326606	0.010423368	-0.11689574
-0.0027843894	-0.0052119739	0.0046562074	0.010476124	-0.11747074
-0.0027985651	-0.0052384517	0.0046798272	0.01052904	-0.11804733
-0.0028127851	-0.0052650118	0.00470352	0.010582118	-0.11862551
-0.0028270495	-0.0052916542	0.0047272859	0.010635358	-0.11920527
-0.0028413583	-0.005318379	0.0047511249	0.010688758	-0.11978662
-0.0028557116	-0.0053451862	0.0047750371	0.010742321	-0.12036956
-0.0028701093	-0.005372076	0.0047990226	0.010796045	-0.12095408
-0.0028845517	-0.0053990484	0.0048230814	0.010849931	-0.12154018
-0.0028990386	-0.0054261035	0.0048472136	0.01090398	-0.12212787
-0.0029135702	-0.0054532414	0.0048714192	0.01095819	-0.12271715
-0.0029281465	-0.0054804621	0.0048956984	0.011012563	-0.12330801
-0.0029427675	-0.0055077657	0.0049200512	0.011067098	-0.12390045
-0.0029574332	-0.0055351523	0.0049444777	0.011121795	-0.12449448
-0.0029721438	-0.005562622	0.0049689778	0.011176656	-0.12509009
-0.0029868993	-0.0055901748	0.0049935517	0.011231679	-0.12568728
-0.0030016996	-0.0056178109	0.0050181995	0.011286864	-0.12628606
-0.0030165449	-0.0056455302	0.0050429212	0.011342213	-0.12688642
-0.0030314352	-0.0056733329	0.0050677169	0.011397725	-0.12748836
-0.0030463705	-0.0057012191	0.0050925865	0.0114534	-0.12809188
-0.0030613509	-0.0057291888	0.0051175303	0.011509239	-0.12869698
-0.0030763764	-0.0057572421	0.0051425483	0.011565241	-0.12930367
-0.0030914471	-0.005785379	0.0051676404	0.011621407	-0.12991193
-0.003106563	-0.0058135997	0.0051928069	0.011677736	-0.13052178
-0.0031217241	-0.0058419041	0.0052180477	0.011734229	-0.1311332
-0.0031369305	-0.0058702925	0.0052433628	0.011790886	-0.1317462
-0.0031521822	-0.0058987648	0.0052687525	0.011847707	-0.13236078
-0.0031674793	-0.0059273212	0.0052942167	0.011904693	-0.13297694
-0.0031828218	-0.0059559616	0.0053197554	0.011961842	-0.13359468
-0.0031982098	-0.0059846862	0.0053453688	0.012019156	-0.13421399
-0.0032136433	-0.0060134951	0.005371057	0.012076635	-0.13483488
-0.0032291223	-0.0060423883	0.0053968199	0.012134278	-0.13545735
-0.0032446469	-0.0060713658	0.0054226576	0.012192086	-0.13608139
-0.0032602171	-0.0061004278	0.0054485702	0.012250058	-0.136707
-0.0032758329	-0.0061295744	0.0054745577	0.012308196	-0.13733419
-0.0032914945	-0.0061588055	0.0055006203	0.012366498	-0.13796295
-0.0033072018	-0.0061881213	0.0055267579	0.012424966	-0.13859329
-0.0033229548	-0.0062175218	0.0055529706	0.012483599	-0.13922519
-0.0033387538	-0.0062470072	0.0055792585	0.012542398	-0.13985867
-0.0033545985	-0.0062765774	0.0056056217	0.012601361	-0.14049372
-0.0033704892	-0.0063062326	0.0056320601	0.012660491	-0.14113034
-0.0033864258	-0.0063359728	0.005658574	0.012719786	-0.14176853
-0.0034024084	-0.006365798	0.0056851632	0.012779247	-0.14240829
-0.0034184371	-0.0063957085	0.0057118279	0.012838874	-0.14304961
-0.0034345118	-0.0064257041	0.0057385681	0.012898667	-0.1436925
-0.0034506326	-0.006455785	0.0057653839	0.012958626	-0.14433696
-0.0034667995	-0.0064859513	0.0057922754	0.013018751	-0.14498299
-0.0034830126	-0.006516203	0.0058192425	0.013079043	-0.14563058
-0.003499272	-0.0065465402	0.0058462854	0.013139501	-0.14627973
-0.0035155776	-0.006576963	0.0058734042	0.013200125	-0.14693045
-0.0035319296	-0.0066074714	0.0059005988	0.013260916	-0.14758273
-0.0035483278	-0.0066380655	0.0059278693	0.013321874	-0.14823657
-0.0035647725	-0.0066687453	0.0059552158	0.013382998	-0.14889198
-0.0035812636	-0.006699511	0.0059826383	0.01344429	-0.14954894
-0.0035978011	-0.0067303626	0.0060101369	0.013505749	-0.15020746
-0.0036143851	-0.0067613001	0.0060377117	0.013567374	-0.15086754
-0.0036310157	-0.0067923237	0.0060653626	0.013629167	-0.15152918
-0.0036476929	-0.0068234333	0.0060930898	0.013691127	-0.15219237
-0.0036644166	-0.0068546291	0.0061208934	0.013753255	-0.15285713
-0.0036811871	-0.0068859111	0.0061487733	0.01381555	-0.15352343
-0.0036980042	-0.0069172795	0.0061767296	0.013878013	-0.15419129
-0.003714868	-0.0069487341	0.0062047623	0.013940643	-0.1548607
-0.0037317787	-0.0069802752	0.0062328716	0.014003441	-0.15553167
-0.0037487361	-0.0070119028	0.0062610575	0.014066407	-0.15620418
-0.0037657404	-0.0070436169	0.00628932	0.014129541	-0.15687825
-0.0037827915	-0.0070754176	0.0063176592	0.014192843	-0.15755386
-0.0037998896	-0.007107305	0.0063460751	0.014256313	-0.15823102
-0.0038170346	-0.0071392791	0.0063745678	0.014319952	-0.15890973
-0.0038342267	-0.00717134	0.0064031374	0.014383759	-0.15958998
-0.0038514657	-0.0072034878	0.0064317838	0.014447734	-0.16027178
-0.0038687519	-0.0072357225	0.0064605072	0.014511878	-0.16095513
-0.0038860851	-0.0072680442	0.0064893076	0.01457619	-0.16164001
-0.0039034655	-0.0073004529	0.006518185	0.014640671	-0.16232644
-0.0039208931	-0.0073329488	0.0065471396	0.014705321	-0.16301441
-0.0039383679	-0.0073655318	0.0065761713	0.014770139	-0.16370391
-0.00395589	-0.0073982021	0.0066052801	0.014835127	-0.16439496
-0.0039734593	-0.0074309596	0.0066344663	0.014900284	-0.16508754
-0.003991076	-0.0074638045	0.0066637297	0.01496561	-0.16578166
-0.0040087401	-0.0074967369	0.0066930705	0.015031105	-0.16647731
-0.0040264515	-0.0075297567	0.0067224887	0.015096769	-0.16717449
-0.0040442104	-0.007562864	0.0067519843	0.015162603	-0.16787321
-0.0040620168	-0.007596059	0.0067815575	0.015228606	-0.16857346
-0.0040798707	-0.0076293416	0.0068112082	0.015294779	-0.16927524
-0.0040977721	-0.007662712	0.0068409365	0.015361121	-0.16997855
-0.0041157212	-0.0076961701	0.0068707424	0.015427633	-0.17068338
-0.0041337178	-0.007729716	0.0069006261	0.015494315	-0.17138975
-0.0041517621	-0.0077633499	0.0069305875	0.015561167	-0.17209763
-0.0041698541	-0.0077970717	0.0069606267	0.015628188	-0.17280704
-0.0041879938	-0.0078308816	0.0069907437	0.01569538	-0.17351797
-0.0042061813	-0.0078647795	0.0070209386	0.015762742	-0.17423042
-0.0042244166	-0.0078987655	0.0070512115	0.015830274	-0.1749444
-0.0042426997	-0.0079328398	0.0070815623	0.015897976	-0.17565989
-0.0042610307	-0.0079670023	0.0071119912	0.015965849	-0.17637689
-0.0042794096	-0.0080012531	0.0071424982	0.016033892	-0.17709542
-0.0042978365	-0.0080355923	0.0071730833	0.016102105	-0.17781545
-0.0043163113	-0.0080700199	0.0072037465	0.01617049	-0.178537
-0.0043348341	-0.0081045359	0.007234488	0.016239044	-0.17926006
-0.004353405	-0.0081391406	0.0072653078	0.01630777	-0.17998463
-0.0043720239	-0.0081738338	0.0072962058	0.016376666	-0.18071071
-0.004390691	-0.0082086156	0.0073271823	0.016445733	-0.1814383
-0.0044094062	-0.0082434862	0.0073582371	0.016514972	-0.18216739
-0.0044281695	-0.0082784456	0.0073893704	0.016584381	-0.18289798
-0.0044469812	-0.0083134937	0.0074205822	0.016653961	-0.18363008
-0.004465841	-0.0083486308	0.0074518725	0.016723713	-0.18436368
-0.0044847491	-0.0083838567	0.0074832414	0.016793635	-0.18509878
-0.0045037056	-0.0084191717	0.0075146889	0.016863729	-0.18583537
-0.0045227104	-0.0084545757	0.0075462151	0.016933995	-0.18657347
-0.0045417636	-0.0084900688	0.0075778201	0.017004431	-0.18731305
-0.0045608652	-0.0085256511	0.0076095038	0.01707504	-0.18805413
-0.0045800153	-0.0085613225	0.0076412663	0.01714582	-0.18879671
-0.0045992139	-0.0085970832	0.0076731076	0.017216771	-0.18954077
-0.0046184609	-0.0086329333	0.0077050279	0.017287895	-0.19028632
-0.0046377566	-0.0086688727	0.0077370271	0.01735919	-0.19103336
-0.0046571008	-0.0087049015	0.0077691053	0.017430657	-0.19178188
-0.0046764936	-0.0087410198	0.0078012625	0.017502295	-0.19253189
-0.0046959351	-0.0087772277	0.0078334987	0.017574106	-0.19328338
-0.0047154253	-0.0088135251	0.0078658141	0.017646089	-0.19403634
-0.0047349642	-0.0088499121	0.0078982086	0.017718244	-0.19479079
-0.0047545518	-0.0088863889	0.0079306824	0.017790571	-0.19554672
-0.0047741882	-0.0089229554	0.0079632353	0.017863071	-0.19630412
-0.0047938735	-0.0089596116	0.0079958676	0.017935742	-0.19706299
-0.0048136076	-0.0089963578	0.0080285791	0.018008587	-0.19782333
-0.0048333905	-0.0090331938	0.00806137	0.018081603	-0.19858515
-0.0048532224	-0.0090701197	0.0080942404	0.018154792	-0.19934843
-0.0048731032	-0.0091071357	0.0081271901	0.018228154	-0.20011318
-0.004893033	-0.0091442417	0.0081602194	0.018301688	-0.20087939
-0.0049130119	-0.0091814378	0.0081933282	0.018375395	-0.20164707
-0.0049330397	-0.0092187241	0.0082265165	0.018449274	-0.20241621
-0.0049531166	-0.0092561006	0.0082597844	0.018523326	-0.2031868
-0.0049732427	-0.0092935673	0.008293132	0.018597552	-0.20395886
-0.0049934178	-0.0093311244	0.0083265593	0.01867195	-0.20473237
-0.0050136422	-0.0093687717	0.0083600663	0.018746521	-0.20550733
-0.0050339157	-0.0094065095	0.0083936531	0.018821265	-0.20628375
-0.0050542384	-0.0094443378	0.0084273196	0.018896182	-0.20706161
-0.0050746105	-0.0094822565	0.008461066	0.018971272	-0.20784092
-0.0050950318	-0.0095202658	0.0084948923	0.019046535	-0.20862168
-0.0051155024	-0.0095583657	0.0085287985	0.019121972	-0.20940389
-0.0051360224	-0.0095965563	0.0085627847	0.019197582	-0.21018753
-0.0051565918	-0.0096348375	0.0085968508	0.019273365	-0.21097261
-0.0051772105	-0.0096732095	0.008630997	0.019349322	-0.21175914
-0.0051978788	-0.0097116723	0.0086652233	0.019425452	-0.2125471
-0.0052185965	-0.0097502259	0.0086995296	0.019501756	-0.21333649
-0.0052393637	-0.0097888704	0.0087339161	0.019578233	-0.21412732
-0.0052601804	-0.0098276059	0.0087683828	0.019654883	-0.21491957
-0.0052810467	-0.0098664323	0.0088029298	0.019731708	-0.21571326
-0.0053019626	-0.0099053498	0.0088375569	0.019808706	-0.21650837
-0.0053229282	-0.0099443584	0.0088722644	0.019885878	-0.2173049
-0.0053439434	-0.009983458	0.0089070522	0.019963223	-0.21810286
-0.0053650083	-0.010022649	0.0089419204	0.020040743	-0.21890223
-0.0053861228	-0.010061931	0.0089768689	0.020118436	-0.21970302
-0.0054072872	-0.010101304	0.0090118979	0.020196303	-0.22050523
-0.0054285013	-0.010140769	0.0090470074	0.020274345	-0.22130886
-0.0054497652	-0.010180325	0.0090821974	0.02035256	-0.22211389
-0.005471079	-0.010219972	0.0091174679	0.020430949	-0.22292033
-0.0054924426	-0.010259711	0.0091528191	0.020509513	-0.22372818
-0.0055138561	-0.010299541	0.0091882508	0.02058825	-0.22453744
-0.0055353195	-0.010339463	0.0092237632	0.020667162	-0.22534809
-0.0055568329	-0.010379477	0.0092593562	0.020746248	-0.22616015
-0.0055783963	-0.010419582	0.00929503	0.020825508	-0.22697361
-0.0056000096	-0.010459779	0.0093307845	0.020904943	-0.22778846
-0.005621673	-0.010500067	0.0093666198	0.020984552	-0.22860471
-0.0056433865	-0.010540447	0.009402536	0.021064336	-0.22942234
-0.0056651501	-0.010580919	0.009438533	0.021144294	-0.23024137
-0.0056869637	-0.010621483	0.0094746108	0.021224426	-0.23106178
-0.0057088276	-0.010662139	0.0095107696	0.021304733	-0.23188358
-0.0057307416	-0.010702887	0.0095470094	0.021385214	-0.23270676
-0.0057527058	-0.010743726	0.0095833301	0.021465871	-0.23353132
-0.0057747203	-0.010784658	0.0096197318	0.021546701	-0.23435726
-0.005796785	-0.010825682	0.0096562146	0.021627707	-0.23518457
-0.0058189	-0.010866797	0.0096927785	0.021708887	-0.23601326
-0.0058410653	-0.010908005	0.0097294235	0.021790242	-0.23684332
-0.005863281	-0.010949306	0.0097661497	0.021871772	-0.23767474
-0.005885547	-0.010990698	0.009802957	0.021953476	-0.23850753
-0.0059078635	-0.011032183	0.0098398455	0.022035356	-0.23934169
-0.0059302304	-0.01107376	0.0098768153	0.02211741	-0.2401772
-0.0059526477	-0.011115429	0.0099138663	0.022199639	-0.24101408
-0.0059751155	-0.011157191	0.0099509986	0.022282044	-0.24185231
-0.0059976338	-0.011199045	0.0099882123	0.022364623	-0.24269189
-0.0060202027	-0.011240991	0.010025507	0.022447377	-0.24353283
-0.0060428221	-0.01128303	0.010062884	0.022530306	-0.24437511
-0.0060654921	-0.011325162	0.010100342	0.022613411	-0.24521874
-0.0060882128	-0.011367386	0.010137881	0.02269669	-0.24606371
-0.0061109841	-0.011409703	0.010175502	0.022780145	-0.24691003
-0.006133806	-0.011452113	0.010213204	0.022863775	-0.24775768
-0.0061566787	-0.011494615	0.010250988	0.02294758	-0.24860667
-0.006179602	-0.01153721	0.010288853	0.023031561	-0.24945699
-0.0062025761	-0.011579898	0.0103268	0.023115716	-0.25030865
-0.006225601	-0.011622679	0.010364829	0.023200047	-0.25116163
-0.0062486767	-0.011665552	0.010402939	0.023284553	-0.25201593
-0.0062718033	-0.011708519	0.010441131	0.023369235	-0.25287157
-0.0062949807	-0.011751578	0.010479405	0.023454092	-0.25372852
-0.0063182089	-0.01179473	0.01051776	0.023539125	-0.25458678
-0.0063414881	-0.011837976	0.010556197	0.023624332	-0.25544637
-0.0063648182	-0.011881314	0.010594716	0.023709716	-0.25630727
-0.0063881993	-0.011924746	0.010633317	0.023795275	-0.25716947
-0.0064116313	-0.01196827	0.010672	0.023881009	-0.25803299
-0.0064351144	-0.012011888	0.010710764	0.023966919	-0.2588978
-0.0064586484	-0.012055599	0.010749611	0.024053004	-0.25976392
-0.0064822336	-0.012099403	0.010788539	0.024139265	-0.26063134
-0.0065058698	-0.012143301	0.01082755	0.024225702	-0.26150006
-0.0065295571	-0.012187292	0.010866642	0.024312314	-0.26237007
-0.0065532956	-0.012231376	0.010905816	0.024399102	-0.26324136
-0.0065770852	-0.012275553	0.010945073	0.024486065	-0.26411395
-0.0066009261	-0.012319824	0.010984411	0.024573204	-0.26498782
-0.0066248181	-0.012364189	0.011023832	0.024660519	-0.26586298
-0.0066487613	-0.012408647	0.011063334	0.02474801	-0.26673941
-0.0066727558	-0.012453198	0.011102919	0.024835676	-0.26761712
-0.0066968016	-0.012497843	0.011142586	0.024923518	-0.26849611
-0.0067208987	-0.012542582	0.011182335	0.025011536	-0.26937636
-0.0067450472	-0.012587414	0.011222166	0.02509973	-0.27025789
-0.0067692469	-0.01263234	0.01126208	0.025188099	-0.27114068
-0.0067934981	-0.01267736	0.011302076	0.025276644	-0.27202473
-0.0068178007	-0.012722473	0.011342154	0.025365365	-0.27291004
-0.0068421547	-0.01276768	0.011382314	0.025454262	-0.27379661
-0.0068665601	-0.012812981	0.011422557	0.025543335	-0.27468443
-0.006891017	-0.012858376	0.011462882	0.025632584	-0.2755735
-0.0069155254	-0.012903864	0.01150329	0.025722008	-0.27646382
-0.0069400854	-0.012949447	0.01154378	0.025811609	-0.27735539
-0.0069646969	-0.012995123	0.011584352	0.025901385	-0.2782482
-0.0069893599	-0.013040894	0.011625007	0.025991338	-0.27914224
-0.0070140746	-0.013086758	0.011665744	0.026081466	-0.28003752
-0.0070388408	-0.013132716	0.011706564	0.02617177	-0.28093404
-0.0070636587	-0.013178769	0.011747466	0.02626225	-0.28183178
-0.0070885283	-0.013224915	0.011788451	0.026352906	-0.28273075
-0.0071134495	-0.013271156	0.011829518	0.026443739	-0.28363095
-0.0071384224	-0.013317491	0.011870668	0.026534747	-0.28453236
-0.0071634471	-0.01336392	0.011911901	0.026625931	-0.285435
-0.0071885235	-0.013410443	0.011953216	0.026717291	-0.28633884
-0.0072136517	-0.013457061	0.011994614	0.026808827	-0.2872439
-0.0072388317	-0.013503773	0.012036094	0.026900539	-0.28815017
-0.0072640635	-0.013550579	0.012077657	0.026992427	-0.28905764
-0.0072893472	-0.013597479	0.012119303	0.027084492	-0.28996631
-0.0073146827	-0.013644474	0.012161032	0.027176732	-0.29087619
-0.0073400701	-0.013691563	0.012202843	0.027269148	-0.29178726
-0.0073655094	-0.013738747	0.012244737	0.027361741	-0.29269952
-0.0073910007	-0.013786025	0.012286714	0.027454509	-0.29361297
-0.0074165439	-0.013833397	0.012328774	0.027547454	-0.29452761
-0.0074421391	-0.013880864	0.012370916	0.027640574	-0.29544343
-0.0074677862	-0.013928426	0.012413142	0.027733871	-0.29636042
-0.0074934854	-0.013976082	0.01245545	0.027827343	-0.2972786
-0.0075192366	-0.014023833	0.012497841	0.027920992	-0.29819795
-0.0075450399	-0.014071678	0.012540315	0.028014817	-0.29911847
-0.0075708953	-0.014119618	0.012582872	0.028108818	-0.30004016
-0.0075968028	-0.014167653	0.012625512	0.028202995	-0.30096301
-0.0076227623	-0.014215782	0.012668235	0.028297348	-0.30188701
-0.0076487741	-0.014264007	0.01271104	0.028391877	-0.30281218
-0.007674838	-0.014312326	0.012753929	0.028486582	-0.3037385
-0.0077009541	-0.014360739	0.012796901	0.028581463	-0.30466597
-0.0077271224	-0.014409248	0.012839956	0.028676521	-0.30559459
-0.0077533429	-0.014457851	0.012883094	0.028771754	-0.30652435
-0.0077796157	-0.01450655	0.012926315	0.028867163	-0.30745525
-0.0078059407	-0.014555343	0.012969619	0.028962749	-0.30838729
-0.0078323181	-0.014604231	0.013013006	0.02905851	-0.30932046
-0.0078587477	-0.014653214	0.013056476	0.029154448	-0.31025476
-0.0078852297	-0.014702292	0.01310003	0.029250562	-0.31119019
-0.007911764	-0.014751465	0.013143666	0.029346851	-0.31212674
-0.0079383507	-0.014800733	0.013187386	0.029443317	-0.31306441
-0.0079649898	-0.014850096	0.013231189	0.029539959	-0.31400319
-0.0079916813	-0.014899555	0.013275075	0.029636776	-0.31494309
-0.0080184253	-0.014949108	0.013319044	0.02973377	-0.3158841
-0.0080452217	-0.014998756	0.013363096	0.02983094	-0.31682622
-0.0080720705	-0.0150485	0.013407232	0.029928286	-0.31776943
-0.0080989719	-0.015098339	0.013451451	0.030025807	-0.31871375
-0.0081259258	-0.015148273	0.013495753	0.030123505	-0.31965916
-0.0081529322	-0.015198302	0.013540139	0.030221379	-0.32060566
-0.0081799911	-0.015248427	0.013584608	0.030319428	-0.32155325
-0.0082071026	-0.015298646	0.01362916	0.030417654	-0.32250193
-0.0082342667	-0.015348961	0.013673795	0.030516056	-0.32345168
-0.0082614834	-0.015399372	0.013718514	0.030614633	-0.32440252
-0.0082887528	-0.015449878	0.013763316	0.030713386	-0.32535442
-0.0083160747	-0.015500479	0.013808202	0.030812316	-0.3263074
-0.0083434494	-0.015551175	0.013853171	0.030911421	-0.32726145
-0.0083708767	-0.015601967	0.013898223	0.031010702	-0.32821656
-0.0083983568	-0.015652854	0.013943359	0.031110159	-0.32917272
-0.0084258895	-0.015703837	0.013988578	0.031209791	-0.33012995
-0.008453475	-0.015754916	0.01403388	0.0313096	-0.33108822
-0.0084811133	-0.015806089	0.014079266	0.031409584	-0.33204755
-0.0085088043	-0.015857359	0.014124736	0.031509745	-0.33300791
-0.0085365481	-0.015908723	0.014170289	0.031610081	-0.33396932
-0.0085643447	-0.015960184	0.014215925	0.031710592	-0.33493177
-0.0085921942	-0.01601174	0.014261645	0.03181128	-0.33589525
-0.0086200965	-0.016063391	0.014307449	0.031912143	-0.33685976
-0.0086480517	-0.016115139	0.014353336	0.032013182	-0.3378253
-0.0086760598	-0.016166982	0.014399306	0.032114397	-0.33879186
-0.0087041207	-0.01621892	0.01444536	0.032215787	-0.33975944
-0.0087322346	-0.016270954	0.014491498	0.032317353	-0.34072803
-0.0087604015	-0.016323084	0.014537719	0.032419095	-0.34169763
-0.0087886212	-0.01637531	0.014584023	0.032521012	-0.34266824
-0.008816894	-0.016427631	0.014630412	0.032623105	-0.34363986
-0.0088452198	-0.016480049	0.014676884	0.032725373	-0.34461247
-0.0088735985	-0.016532562	0.014723439	0.032827817	-0.34558608
-0.0089020303	-0.01658517	0.014770078	0.032930437	-0.34656068
-0.0089305151	-0.016637875	0.014816801	0.033033232	-0.34753627
-0.008959053	-0.016690675	0.014863607	0.033136203	-0.34851285
-0.008987644	-0.016743572	0.014910497	0.033239349	-0.3494904
-0.009016288	-0.016796564	0.014957471	0.03334267	-0.35046893
-0.0090449852	-0.016849652	0.015004528	0.033446167	-0.35144844
-0.0090737355	-0.016902836	0.015051669	0.033549839	-0.35242891
-0.0091025389	-0.016956116	0.015098894	0.033653687	-0.35341035
-0.0091313955	-0.017009492	0.015146202	0.03375771	-0.35439275
-0.0091603053	-0.017062964	0.015193594	0.033861908	-0.3553761
-0.0091892683	-0.017116532	0.01524107	0.033966282	-0.35636041
-0.0092182845	-0.017170196	0.015288629	0.034070831	-0.35734567
-0.0092473539	-0.017223955	0.015336272	0.034175555	-0.35833187
-0.0092764765	-0.017277811	0.015383999	0.034280454	-0.35931901
-0.0093056524	-0.017331763	0.01543181	0.034385529	-0.36030709
-0.0093348816	-0.017385811	0.015479704	0.034490778	-0.3612961
-0.0093641641	-0.017439956	0.015527682	0.034596203	-0.36228604
-0.0093934999	-0.017494196	0.015575744	0.034701803	-0.36327691
-0.009422889	-0.017548532	0.015623889	0.034807578	-0.3642687
-0.0094523314	-0.017602965	0.015672119	0.034913528	-0.3652614
-0.0094818272	-0.017657493	0.015720432	0.035019653	-0.36625502
-0.0095113764	-0.017712118	0.015768829	0.035125953	-0.36724954
-0.0095409789	-0.017766839	0.015817309	0.035232428	-0.36824497
-0.0095706349	-0.017821656	0.015865874	0.035339078	-0.3692413
-0.0096003442	-0.01787657	0.015914522	0.035445902	-0.37023853
-0.009630107	-0.017931579	0.015963254	0.035552902	-0.37123665
-0.0096599233	-0.017986685	0.01601207	0.035660076	-0.37223565
-0.009689793	-0.018041887	0.01606097	0.035767425	-0.37323554
-0.0097197161	-0.018097185	0.016109953	0.035874949	-0.37423631
-0.0097496928	-0.01815258	0.016159021	0.035982648	-0.37523796
-0.009779723	-0.018208071	0.016208172	0.036090521	-0.37624048
-0.0098098067	-0.018263658	0.016257407	0.036198569	-0.37724386
-0.0098399439	-0.018319342	0.016306726	0.036306792	-0.37824811
-0.0098701347	-0.018375122	0.016356128	0.036415189	-0.37925321
-0.009900379	-0.018430998	0.016405615	0.03652376	-0.38025917
-0.009930677	-0.018486971	0.016455185	0.036632506	-0.38126598
-0.0099610285	-0.01854304	0.01650484	0.036741427	-0.38227364
-0.0099914336	-0.018599205	0.016554578	0.036850522	-0.38328214
-0.010021892	-0.018655467	0.0166044	0.036959791	-0.38429147
-0.010052405	-0.018711825	0.016654305	0.037069235	-0.38530164
-0.010082971	-0.01876828	0.016704295	0.037178853	-0.38631264
-0.01011359	-0.018824831	0.016754369	0.037288645	-0.38732447
-0.010144264	-0.018881478	0.016804526	0.037398611	-0.38833711
-0.010174991	-0.018938222	0.016854767	0.037508752	-0.38935057
-0.010205772	-0.018995062	0.016905093	0.037619067	-0.39036484
-0.010236606	-0.019051999	0.016955502	0.037729555	-0.39137992
-0.010267494	-0.019109033	0.017005995	0.037840218	-0.3923958
-0.010298436	-0.019166163	0.017056571	0.037951055	-0.39341248
-0.010329432	-0.019223389	0.017107232	0.038062066	-0.39442995
-0.010360482	-0.019280712	0.017157977	0.038173251	-0.39544822
-0.010391585	-0.019338131	0.017208805	0.038284609	-0.39646727
-0.010422742	-0.019395647	0.017259718	0.038396142	-0.3974871
-0.010453953	-0.01945326	0.017310714	0.038507848	-0.39850771
-0.010485218	-0.019510969	0.017361794	0.038619728	-0.39952908
-0.010516536	-0.019568774	0.017412958	0.038731782	-0.40055123
-0.010547908	-0.019626677	0.017464206	0.038844009	-0.40157414
-0.010579335	-0.019684676	0.017515538	0.03895641	-0.40259781
-0.010610815	-0.019742771	0.017566954	0.039068985	-0.40362224
-0.010642349	-0.019800963	0.017618453	0.039181733	-0.40464741
-0.010673937	-0.019859252	0.017670037	0.039294654	-0.40567333
-0.010705579	-0.019917637	0.017721704	0.039407749	-0.40669999
-0.010737274	-0.019976119	0.017773455	0.039521017	-0.40772739
-0.010769024	-0.020034697	0.017825291	0.039634459	-0.40875552
-0.010800828	-0.020093372	0.01787721	0.039748074	-0.40978437
-0.010832686	-0.020152144	0.017929213	0.039861862	-0.41081395
-0.010864597	-0.020211013	0.0179813	0.039975823	-0.41184425
-0.010896563	-0.020269978	0.01803347	0.040089957	-0.41287526
-0.010928582	-0.02032904	0.018085725	0.040204265	-0.41390698
-0.010960656	-0.020388198	0.018138064	0.040318745	-0.4149394
-0.010992784	-0.020447454	0.018190486	0.040433399	-0.41597253
-0.011024965	-0.020506806	0.018242992	0.040548225	-0.41700635
-0.011057201	-0.020566254	0.018295582	0.040663224	-0.41804086
-0.011089491	-0.020625799	0.018348257	0.040778396	-0.41907606
-0.011121834	-0.020685442	0.018401014	0.040893741	-0.42011193
-0.011154232	-0.02074518	0.018453856	0.041009258	-0.42114849
-0.011186684	-0.020805016	0.018506782	0.041124949	-0.42218572
-0.011219191	-0.020864948	0.018559792	0.041240811	-0.42322361
-0.011251751	-0.020924977	0.018612885	0.041356846	-0.42426217
-0.011284365	-0.020985103	0.018666062	0.041473054	-0.42530139
-0.011317034	-0.021045325	0.018719323	0.041589434	-0.42634126
-0.011349756	-0.021105645	0.018772668	0.041705987	-0.42738177
-0.011382533	-0.021166061	0.018826097	0.041822712	-0.42842294
-0.011415364	-0.021226573	0.01887961	0.041939609	-0.42946474
-0.011448249	-0.021287183	0.018933206	0.042056678	-0.43050717
-0.011481188	-0.021347889	0.018986887	0.042173919	-0.43155024
-0.011514182	-0.021408692	0.019040651	0.042291333	-0.43259393
-0.01154723	-0.021469592	0.019094499	0.042408918	-0.43363824
-0.011580332	-0.021530589	0.019148431	0.042526676	-0.43468317
-0.011613488	-0.021591682	0.019202447	0.042644605	-0.43572871
-0.011646698	-0.021652872	0.019256546	0.042762706	-0.43677485
-0.011679963	-0.021714159	0.019310729	0.042880979	-0.4378216
-0.011713282	-0.021775543	0.019364997	0.042999424	-0.43886894
-0.011746655	-0.021837024	0.019419347	0.043118041	-0.43991687
-0.011780083	-0.021898601	0.019473782	0.043236829	-0.44096539
-0.011813564	-0.021960276	0.019528301	0.043355788	-0.44201449
-0.0118471	-0.022022047	0.019582903	0.043474919	-0.44306417
-0.011880691	-0.022083915	0.019637589	0.043594222	-0.44411442
-0.011914336	-0.022145879	0.019692359	0.043713695	-0.44516524
-0.011948035	-0.022207941	0.019747213	0.04383334	-0.44621662
-0.011981788	-0.022270099	0.01980215	0.043953157	-0.44726856
-0.012015596	-0.022332354	0.019857171	0.044073144	-0.44832105
-0.012049458	-0.022394706	0.019912276	0.044193303	-0.44937409
-0.012083374	-0.022457155	0.019967464	0.044313632	-0.45042767
-0.012117345	-0.022519701	0.020022737	0.044434133	-0.45148179
-0.01215137	-0.022582343	0.020078093	0.044554804	-0.45253644
-0.01218545	-0.022645082	0.020133533	0.044675646	-0.45359162
-0.012219584	-0.022707919	0.020189056	0.044796659	-0.45464733
-0.012253773	-0.022770851	0.020244663	0.044917843	-0.45570355
-0.012288015	-0.022833881	0.020300354	0.045039198	-0.45676028
-0.012322313	-0.022897008	0.020356129	0.045160722	-0.45781752
-0.012356664	-0.022960231	0.020411987	0.045282418	-0.45887527
-0.012391071	-0.023023552	0.020467929	0.045404284	-0.45993351
-0.012425531	-0.023086969	0.020523954	0.04552632	-0.46099225
-0.012460046	-0.023150483	0.020580064	0.045648526	-0.46205147
-0.012494616	-0.023214093	0.020636257	0.045770903	-0.46311118
-0.01252924	-0.023277801	0.020692533	0.04589345	-0.46417137
-0.012563919	-0.023341605	0.020748893	0.046016167	-0.46523203
-0.012598652	-0.023405506	0.020805337	0.046139054	-0.46629315
-0.012633439	-0.023469504	0.020861864	0.046262111	-0.46735474
-0.012668281	-0.023533599	0.020918475	0.046385337	-0.46841679
-0.012703178	-0.023597791	0.02097517	0.046508734	-0.46947929
-0.012738129	-0.023662079	0.021031948	0.0466323	-0.47054224
-0.012773135	-0.023726465	0.021088809	0.046756036	-0.47160563
-0.012808195	-0.023790947	0.021145755	0.046879942	-0.47266945
-0.01284331	-0.023855526	0.021202783	0.047004017	-0.47373371
-0.012878479	-0.023920202	0.021259896	0.047128261	-0.4747984
-0.012913703	-0.023984974	0.021317092	0.047252675	-0.47586351
-0.012948981	-0.024049843	0.021374371	0.047377258	-0.47692903
-0.012984314	-0.02411481	0.021431734	0.04750201	-0.47799497
-0.013019702	-0.024179872	0.02148918	0.047626931	-0.47906131
-0.013055144	-0.024245032	0.02154671	0.047752022	-0.48012806
-0.013090641	-0.024310289	0.021604323	0.047877281	-0.4811952
-0.013126192	-0.024375642	0.02166202	0.04800271	-0.48226273
-0.013161798	-0.024441092	0.0217198	0.048128307	-0.48333065
-0.013197459	-0.024506639	0.021777664	0.048254073	-0.48439894
-0.013233174	-0.024572283	0.021835611	0.048380007	-0.48546762
-0.013268944	-0.024638023	0.021893641	0.04850611	-0.48653666
-0.013304769	-0.02470386	0.021951755	0.048632382	-0.48760607
-0.013340648	-0.024769794	0.022009952	0.048758822	-0.48867583
-0.013376582	-0.024835825	0.022068233	0.04888543	-0.48974595
-0.013412571	-0.024901952	0.022126597	0.049012207	-0.49081642
-0.013448614	-0.024968177	0.022185044	0.049139152	-0.49188724
-0.013484712	-0.025034498	0.022243575	0.049266265	-0.49295839
-0.013520865	-0.025100915	0.022302189	0.049393546	-0.49402988
-0.013557072	-0.02516743	0.022360886	0.049520995	-0.49510169
-0.013593334	-0.025234041	0.022419667	0.049648612	-0.49617383
-0.01362965	-0.025300749	0.02247853	0.049776396	-0.49724628
-0.013666022	-0.025367553	0.022537478	0.049904349	-0.49831905
-0.013702448	-0.025434454	0.022596508	0.050032469	-0.49939212
-0.013738929	-0.025501452	0.022655621	0.050160756	-0.50046549
-0.013775464	-0.025568547	0.022714818	0.050289211	-0.50153916
-0.013812055	-0.025635738	0.022774098	0.050417834	-0.50261312
-0.0138487	-0.025703026	0.022833461	0.050546623	-0.50368736
-0.013885399	-0.025770411	0.022892908	0.05067558	-0.50476189
-0.013922154	-0.025837893	0.022952437	0.050804704	-0.50583669
-0.013958963	-0.025905471	0.02301205	0.050933995	-0.50691176
-0.013995827	-0.025973145	0.023071746	0.051063453	-0.50798709
-0.014032746	-0.026040917	0.023131525	0.051193078	-0.50906268
-0.014069719	-0.026108785	0.023191387	0.051322869	-0.51013852
-0.014106748	-0.026176749	0.023251332	0.051452828	-0.51121461
-0.014143831	-0.02624481	0.02331136	0.051582953	-0.51229094
-0.014180969	-0.026312968	0.023371472	0.051713244	-0.51336751
-0.014218161	-0.026381223	0.023431666	0.051843702	-0.51444431
-0.014255409	-0.026449574	0.023491943	0.051974326	-0.51552133
-0.014292711	-0.026518021	0.023552303	0.052105117	-0.51659858
-0.014330068	-0.026586565	0.023612747	0.052236073	-0.51767604
-0.01436748	-0.026655206	0.023673273	0.052367196	-0.51875371
-0.014404946	-0.026723943	0.023733882	0.052498485	-0.51983158
-0.014442468	-0.026792777	0.023794574	0.052629939	-0.52090965
-0.014480044	-0.026861708	0.02385535	0.05276156	-0.52198791
-0.014517675	-0.026930735	0.023916208	0.052893346	-0.52306636
-0.014555361	-0.026999858	0.023977148	0.053025297	-0.52414499
-0.014593102	-0.027069078	0.024038172	0.053157415	-0.5252238
-0.014630898	-0.027138394	0.024099279	0.053289697	-0.52630278
-0.014668748	-0.027207807	0.024160468	0.053422145	-0.52738192
-0.014706653	-0.027277317	0.02422174	0.053554759	-0.52846122
-0.014744613	-0.027346923	0.024283096	0.053687537	-0.52954068
-0.014782628	-0.027416625	0.024344533	0.053820481	-0.53062029
-0.014820698	-0.027486424	0.024406054	0.05395359	-0.53170003
-0.014858823	-0.027556319	0.024467657	0.054086863	-0.53277992
-0.014897003	-0.027626311	0.024529343	0.054220301	-0.53385993
-0.014935237	-0.027696399	0.024591112	0.054353904	-0.53494008
-0.014973526	-0.027766583	0.024652964	0.054487672	-0.53602034
-0.01501187	-0.027836864	0.024714898	0.054621604	-0.53710072
-0.015050269	-0.027907241	0.024776914	0.0547557	-0.5381812
-0.015088723	-0.027977715	0.024839014	0.054889961	-0.53926179
-0.015127232	-0.028048285	0.024901196	0.055024386	-0.54034248
-0.015165796	-0.028118951	0.02496346	0.055158976	-0.54142326
-0.015204414	-0.028189714	0.025025808	0.055293729	-0.54250413
-0.015243088	-0.028260573	0.025088237	0.055428646	-0.54358507
-0.015281816	-0.028331528	0.025150749	0.055563727	-0.5446661
-0.015320599	-0.028402579	0.025213344	0.055698972	-0.54574719
-0.015359437	-0.028473727	0.025276021	0.05583438	-0.54682834
-0.01539833	-0.028544971	0.025338781	0.055969952	-0.54790956
-0.015437278	-0.028616311	0.025401623	0.056105687	-0.54899082
-0.015476281	-0.028687748	0.025464548	0.056241586	-0.55007214
-0.015515339	-0.028759281	0.025527555	0.056377648	-0.55115349
-0.015554452	-0.02883091	0.025590644	0.056513873	-0.55223488
-0.015593619	-0.028902635	0.025653816	0.056650262	-0.5533163
-0.015632842	-0.028974456	0.02571707	0.056786813	-0.55439774
-0.015672119	-0.029046374	0.025780406	0.056923527	-0.5554792
-0.015711451	-0.029118387	0.025843825	0.057060403	-0.55656067
-0.015750839	-0.029190497	0.025907326	0.057197443	-0.55764215
-0.015790281	-0.029262703	0.025970909	0.057334645	-0.55872363
-0.015829778	-0.029335005	0.026034574	0.057472009	-0.55980511
-0.01586933	-0.029407403	0.026098322	0.057609536	-0.56088657
-0.015908937	-0.029479897	0.026162152	0.057747225	-0.56196802
-0.015948599	-0.029552487	0.026226064	0.057885076	-0.56304945
-0.015988316	-0.029625174	0.026290058	0.058023089	-0.56413084
-0.016028087	-0.029697956	0.026354134	0.058161264	-0.56521221
-0.016067914	-0.029770834	0.026418292	0.058299601	-0.56629353
-0.016107796	-0.029843809	0.026482533	0.0584381	-0.56737481
-0.016147732	-0.029916879	0.026546855	0.05857676	-0.56845604
-0.016187724	-0.029990045	0.026611259	0.058715582	-0.56953721
-0.01622777	-0.030063307	0.026675746	0.058854565	-0.57061831
-0.016267871	-0.030136666	0.026740314	0.05899371	-0.57169935
-0.016308028	-0.03021012	0.026804965	0.059133015	-0.57278031
-0.016348239	-0.03028367	0.026869697	0.059272482	-0.5738612
-0.016388505	-0.030357315	0.026934511	0.05941211	-0.57494199
-0.016428826	-0.030431057	0.026999407	0.059551898	-0.5760227
-0.016469202	-0.030504895	0.027064385	0.059691848	-0.5771033
-0.016509633	-0.030578828	0.027129445	0.059831958	-0.5781838
-0.016550119	-0.030652857	0.027194586	0.059972228	-0.57926419
-0.01659066	-0.030726982	0.02725981	0.06011266	-0.58034447
-0.016631256	-0.030801203	0.027325115	0.060253251	-0.58142462
-0.016671907	-0.030875519	0.027390502	0.060394003	-0.58250465
-0.016712612	-0.030949932	0.02745597	0.060534914	-0.58358454
-0.016753373	-0.031024439	0.02752152	0.060675986	-0.58466429
-0.016794189	-0.031099043	0.027587152	0.060817218	-0.5857439
-0.016835059	-0.031173742	0.027652866	0.060958609	-0.58682335
-0.016875985	-0.031248537	0.027718661	0.06110016	-0.58790265
-0.016916965	-0.031323428	0.027784538	0.061241871	-0.58898178
-0.016958001	-0.031398414	0.027850496	0.061383741	-0.59006075
-0.016999091	-0.031473496	0.027916536	0.061525771	-0.59113954
-0.017040236	-0.031548674	0.027982657	0.06166796	-0.59221815
-0.017081436	-0.031623947	0.02804886	0.061810308	-0.59329657
-0.017122692	-0.031699315	0.028115144	0.061952815	-0.5943748
-0.017164002	-0.031774779	0.028181509	0.06209548	-0.59545282
-0.017205367	-0.031850339	0.028247956	0.062238305	-0.59653065
-0.017246787	-0.031925994	0.028314485	0.062381288	-0.59760826
-0.017288262	-0.032001744	0.028381094	0.06252443	-0.59868565
-0.017329792	-0.03207759	0.028447785	0.062667731	-0.59976283
-0.017371377	-0.032153532	0.028514558	0.062811189	-0.60083977
-0.017413016	-0.032229568	0.028581411	0.062954806	-0.60191647
-0.017454711	-0.032305701	0.028648346	0.063098581	-0.60299294
-0.017496461	-0.032381928	0.028715362	0.063242514	-0.60406916
-0.017538265	-0.032458251	0.028782459	0.063386605	-0.60514512
-0.017580125	-0.032534669	0.028849637	0.063530854	-0.60622083
-0.017622039	-0.032611183	0.028916897	0.06367526	-0.60729627
-0.017664009	-0.032687791	0.028984237	0.063819824	-0.60837143
-0.017706033	-0.032764495	0.029051659	0.063964545	-0.60944633
-0.017748113	-0.032841295	0.029119161	0.064109423	-0.61052093
-0.017790247	-0.032918189	0.029186745	0.064254459	-0.61159525
-0.017832436	-0.032995179	0.029254409	0.064399652	-0.61266927
-0.01787468	-0.033072263	0.029322155	0.064545002	-0.61374299
-0.017916979	-0.033149443	0.029389981	0.064690508	-0.6148164
-0.017959333	-0.033226718	0.029457889	0.064836172	-0.61588949
-0.018001742	-0.033304088	0.029525877	0.064981991	-0.61696227
-0.018044205	-0.033381554	0.029593946	0.065127968	-0.61803472
-0.018086724	-0.033459114	0.029662095	0.0652741	-0.61910684
-0.018129298	-0.033536769	0.029730326	0.065420389	-0.62017861
-0.018171926	-0.033614519	0.029798637	0.065566834	-0.62125005
-0.018214609	-0.033692365	0.029867029	0.065713435	-0.62232113
-0.018257348	-0.033770305	0.029935502	0.065860192	-0.62339186
-0.018300141	-0.03384834	0.030004055	0.066007105	-0.62446222
-0.018342989	-0.03392647	0.030072689	0.066154173	-0.62553221
-0.018385892	-0.034004695	0.030141403	0.066301397	-0.62660183
-0.01842885	-0.034083014	0.030210198	0.066448776	-0.62767106
-0.018471863	-0.034161429	0.030279074	0.066596311	-0.62873991
-0.01851493	-0.034239938	0.03034803	0.066744001	-0.62980836
-0.018558053	-0.034318543	0.030417066	0.066891845	-0.63087642
-0.018601231	-0.034397242	0.030486183	0.067039845	-0.63194406
-0.018644463	-0.034476035	0.030555381	0.067187999	-0.6330113
-0.01868775	-0.034554923	0.030624658	0.067336308	-0.63407811
-0.018731092	-0.034633907	0.030694016	0.067484772	-0.6351445
-0.018774489	-0.034712984	0.030763455	0.06763339	-0.63621046
-0.018817941	-0.034792157	0.030832973	0.067782162	-0.63727598
-0.018861448	-0.034871423	0.030902572	0.067931088	-0.63834106
-0.018905009	-0.034950785	0.030972251	0.068080169	-0.63940569
-0.018948626	-0.035030241	0.03104201	0.068229403	-0.64046986
-0.018992297	-0.035109791	0.031111849	0.068378791	-0.64153357
-0.019036023	-0.035189437	0.031181769	0.068528333	-0.64259681
-0.019079804	-0.035269176	0.031251768	0.068678029	-0.64365957
-0.01912364	-0.03534901	0.031321848	0.068827877	-0.64472186
-0.019167531	-0.035428938	0.031392008	0.06897788	-0.64578365
-0.019211477	-0.035508961	0.031462247	0.069128035	-0.64684496
-0.019255477	-0.035589078	0.031532567	0.069278343	-0.64790576
-0.019299532	-0.03566929	0.031602966	0.069428804	-0.64896606
-0.019343642	-0.035749596	0.031673445	0.069579418	-0.65002584
-0.019387807	-0.035829996	0.031744004	0.069730185	-0.65108511
-0.019432027	-0.03591049	0.031814643	0.069881104	-0.65214385
-0.019476301	-0.035991078	0.031885362	0.070032176	-0.65320206
-0.019520631	-0.036071761	0.03195616	0.070183399	-0.65425973
-0.019565015	-0.036152538	0.032027038	0.070334775	-0.65531686
-0.019609454	-0.036233409	0.032097996	0.070486303	-0.65637344
-0.019653947	-0.036314374	0.032169034	0.070637983	-0.65742946
-0.019698496	-0.036395433	0.032240151	0.070789815	-0.65848492
-0.019743099	-0.036476587	0.032311347	0.070941798	-0.65953981
-0.019787757	-0.036557834	0.032382623	0.071093933	-0.66059413
-0.01983247	-0.036639175	0.032453979	0.071246219	-0.66164786
-0.019877238	-0.036720611	0.032525414	0.071398656	-0.662701
-0.01992206	-0.03680214	0.032596929	0.071551245	-0.66375355
-0.019966938	-0.036883763	0.032668523	0.071703984	-0.6648055
-0.02001187	-0.03696548	0.032740196	0.071856874	-0.66585685
-0.020056856	-0.037047291	0.032811949	0.072009915	-0.66690758
-0.020101898	-0.037129195	0.03288378	0.072163107	-0.66795769
-0.020146994	-0.037211194	0.032955692	0.072316449	-0.66900717
-0.020192145	-0.037293286	0.033027682	0.072469941	-0.67005602
-0.020237351	-0.037375472	0.033099751	0.072623583	-0.67110423
-0.020282611	-0.037457751	0.0331719	0.072777376	-0.6721518
-0.020327926	-0.037540125	0.033244128	0.072931318	-0.67319871
-0.020373296	-0.037622592	0.033316435	0.073085411	-0.67424497
-0.020418721	-0.037705152	0.033388821	0.073239652	-0.67529057
-0.0204642	-0.037787806	0.033461285	0.073394044	-0.67633549
-0.020509734	-0.037870554	0.033533829	0.073548585	-0.67737973
-0.020555323	-0.037953395	0.033606452	0.073703275	-0.6784233
-0.020600966	-0.03803633	0.033679154	0.073858114	-0.67946617
-0.020646664	-0.038119358	0.033751934	0.074013102	-0.68050834
-0.020692417	-0.038202479	0.033824793	0.074168239	-0.68154982
-0.020738224	-0.038285694	0.033897731	0.074323524	-0.68259058
-0.020784086	-0.038369002	0.033970748	0.074478959	-0.68363063
-0.020830003	-0.038452404	0.034043844	0.074634541	-0.68466996
-0.020875974	-0.038535899	0.034117018	0.074790272	-0.68570855
-0.020922	-0.038619487	0.034190271	0.074946151	-0.68674642
-0.020968081	-0.038703168	0.034263602	0.075102178	-0.68778354
-0.021014216	-0.038786942	0.034337012	0.075258353	-0.68881992
-0.021060406	-0.03887081	0.0344105	0.075414676	-0.68985554
-0.021106651	-0.038954771	0.034484067	0.075571147	-0.6908904
-0.02115295	-0.039038825	0.034557712	0.075727764	-0.69192449
-0.021199304	-0.039122971	0.034631436	0.07588453	-0.69295781
-0.021245712	-0.039207211	0.034705238	0.076041442	-0.69399035
-0.021292175	-0.039291544	0.034779119	0.076198501	-0.69502211
-0.021338693	-0.03937597	0.034853077	0.076355708	-0.69605307
-0.021385265	-0.039460489	0.034927114	0.076513061	-0.69708323
-0.021431892	-0.039545101	0.035001229	0.076670561	-0.69811259
-0.021478573	-0.039629805	0.035075422	0.076828207	-0.69914113
-0.021525309	-0.039714603	0.035149694	0.076986	-0.70016886
-0.021572099	-0.039799493	0.035224043	0.077143939	-0.70119576
-0.021618944	-0.039884476	0.035298471	0.077302024	-0.70222183
-0.021665843	-0.039969551	0.035372976	0.077460254	-0.70324706
-0.021712797	-0.040054719	0.035447559	0.077618631	-0.70427145
-0.021759806	-0.04013998	0.035522221	0.077777154	-0.70529498
-0.021806869	-0.040225334	0.03559696	0.077935822	-0.70631766
-0.021853987	-0.04031078	0.035671777	0.078094635	-0.70733948
-0.021901159	-0.040396319	0.035746672	0.078253593	-0.70836042
-0.021948385	-0.04048195	0.035821644	0.078412697	-0.70938049
-0.021995666	-0.040567674	0.035896695	0.078571946	-0.71039967
-0.022043002	-0.04065349	0.035971823	0.078731339	-0.71141797
-0.022090392	-0.040739398	0.036047028	0.078890877	-0.71243537
-0.022137836	-0.040825399	0.036122312	0.07905056	-0.71345186
-0.022185335	-0.040911492	0.036197672	0.079210387	-0.71446745
-0.022232888	-0.040997677	0.036273111	0.079370358	-0.71548212
-0.022280496	-0.041083955	0.036348626	0.079530473	-0.71649586
-0.022328158	-0.041170325	0.036424219	0.079690732	-0.71750868
-0.022375875	-0.041256787	0.03649989	0.079851136	-0.71852057
-0.022423646	-0.041343341	0.036575638	0.080011682	-0.71953151
-0.022471471	-0.041429988	0.036651463	0.080172373	-0.7205415
-0.022519351	-0.041516726	0.036727366	0.080333206	-0.72155054
-0.022567285	-0.041603556	0.036803345	0.080494183	-0.72255861
-0.022615274	-0.041690479	0.036879402	0.080655303	-0.72356572
-0.022663317	-0.041777493	0.036955536	0.080816566	-0.72457185
-0.022711414	-0.0418646	0.037031747	0.080977972	-0.725577
-0.022759566	-0.041951798	0.037108035	0.08113952	-0.72658117
-0.022807772	-0.042039088	0.0371844	0.081301211	-0.72758434
-0.022856032	-0.042126469	0.037260842	0.081463044	-0.72858651
-0.022904346	-0.042213943	0.037337361	0.08162502	-0.72958767
-0.022952715	-0.042301508	0.037413957	0.081787137	-0.73058781
-0.023001139	-0.042389165	0.03749063	0.081949396	-0.73158694
-0.023049616	-0.042476914	0.037567379	0.082111798	-0.73258504
-0.023098148	-0.042564754	0.037644206	0.08227434	-0.73358211
-0.023146734	-0.042652686	0.037721109	0.082437025	-0.73457813
-0.023195374	-0.042740709	0.037798088	0.08259985	-0.73557311
-0.023244069	-0.042828824	0.037875144	0.082762817	-0.73656704
-0.023292818	-0.042917031	0.037952277	0.082925925	-0.7375599
-0.023341621	-0.043005328	0.038029486	0.083089174	-0.7385517
-0.023390478	-0.043093717	0.038106772	0.083252563	-0.73954243
-0.02343939	-0.043182198	0.038184135	0.083416093	-0.74053207
-0.023488356	-0.04327077	0.038261573	0.083579764	-0.74152063
-0.023537375	-0.043359432	0.038339088	0.083743574	-0.7425081
-0.02358645	-0.043448187	0.038416679	0.083907525	-0.74349447
-0.023635578	-0.043537032	0.038494347	0.084071616	-0.74447973
-0.02368476	-0.043625969	0.038572091	0.084235847	-0.74546388
-0.023733997	-0.043714996	0.038649911	0.084400217	-0.74644691
-0.023783288	-0.043804115	0.038727807	0.084564727	-0.74742882
-0.023832633	-0.043893324	0.038805779	0.084729377	-0.74840959
-0.023882032	-0.043982625	0.038883827	0.084894165	-0.74938922
-0.023931485	-0.044072017	0.038961951	0.085059093	-0.75036771
-0.023980992	-0.044161499	0.039040151	0.085224159	-0.75134505
-0.024030554	-0.044251072	0.039118427	0.085389365	-0.75232122
-0.024080169	-0.044340736	0.039196779	0.085554709	-0.75329623
-0.024129838	-0.044430491	0.039275207	0.085720191	-0.75427007
-0.024179562	-0.044520337	0.03935371	0.085885812	-0.75524273
-0.02422934	-0.044610273	0.039432289	0.086051571	-0.75621421
-0.024279171	-0.0447003	0.039510944	0.086217468	-0.75718449
-0.024329057	-0.044790418	0.039589674	0.086383503	-0.75815358
-0.024378997	-0.044880626	0.03966848	0.086549676	-0.75912146
-0.02442899	-0.044970924	0.039747362	0.086715986	-0.76008813
-0.024479038	-0.045061313	0.039826319	0.086882433	-0.76105358
-0.02452914	-0.045151793	0.039905351	0.087049018	-0.76201781
-0.024579295	-0.045242363	0.039984459	0.08721574	-0.7629808
-0.024629505	-0.045333023	0.040063642	0.087382599	-0.76394256
-0.024679769	-0.045423773	0.040142901	0.087549595	-0.76490307
-0.024730086	-0.045514614	0.040222234	0.087716727	-0.76586233
-0.024780458	-0.045605545	0.040301643	0.087883996	-0.76682034
-0.024830883	-0.045696566	0.040381127	0.088051401	-0.76777707
-0.024881362	-0.045787678	0.040460686	0.088218942	-0.76873254
-0.024931895	-0.045878879	0.040540321	0.088386619	-0.76968673
-0.024982482	-0.04597017	0.04062003	0.088554433	-0.77063964
-0.025033123	-0.046061552	0.040699814	0.088722381	-0.77159125
-0.025083818	-0.046153023	0.040779673	0.088890466	-0.77254157
-0.025134567	-0.046244584	0.040859607	0.089058686	-0.77349058
-0.025185369	-0.046336235	0.040939616	0.089227041	-0.77443828
-0.025236225	-0.046427976	0.041019699	0.089395531	-0.77538466
-0.025287135	-0.046519807	0.041099858	0.089564156	-0.77632972
-0.025338099	-0.046611727	0.041180091	0.089732916	-0.77727345
-0.025389117	-0.046703737	0.041260398	0.08990181	-0.77821584
-0.025440188	-0.046795837	0.04134078	0.090070839	-0.77915689
-0.025491314	-0.046888026	0.041421237	0.090240003	-0.78009658
-0.025542492	-0.046980305	0.041501768	0.0904093	-0.78103492
-0.025593725	-0.047072674	0.041582374	0.090578731	-0.7819719
-0.025645011	-0.047165131	0.041663054	0.090748297	-0.7829075
-0.025696352	-0.047257679	0.041743808	0.090917995	-0.78384173
-0.025747745	-0.047350315	0.041824636	0.091087828	-0.78477457
-0.025799193	-0.047443041	0.041905539	0.091257793	-0.78570602
-0.025850694	-0.047535856	0.041986516	0.091427892	-0.78663607
-0.025902249	-0.047628761	0.042067567	0.091598124	-0.78756472
-0.025953857	-0.047721754	0.042148692	0.091768489	-0.78849196
-0.026005519	-0.047814837	0.042229892	0.091938987	-0.78941779
-0.026057235	-0.047908009	0.042311165	0.092109617	-0.79034219
-0.026109004	-0.04800127	0.042392512	0.092280379	-0.79126516
-0.026160827	-0.04809462	0.042473933	0.092451274	-0.79218669
-0.026212703	-0.048188058	0.042555428	0.092622301	-0.79310677
-0.026264633	-0.048281586	0.042636996	0.092793459	-0.79402541
-0.026316617	-0.048375203	0.042718639	0.09296475	-0.79494259
-0.026368654	-0.048468908	0.042800355	0.093136172	-0.79585831
-0.026420744	-0.048562702	0.042882144	0.093307725	-0.79677255
-0.026472889	-0.048656585	0.042964008	0.09347941	-0.79768532
-0.026525086	-0.048750556	0.043045944	0.093651226	-0.79859661
-0.026577337	-0.048844616	0.043127955	0.093823173	-0.7995064
-0.026629642	-0.048938765	0.043210038	0.09399525	-0.8004147
-0.026682	-0.049033002	0.043292195	0.094167459	-0.8013215
-0.026734411	-0.049127328	0.043374426	0.094339797	-0.80222678
-0.026786876	-0.049221742	0.043456729	0.094512266	-0.80313055
-0.026839394	-0.049316244	0.043539106	0.094684866	-0.80403279
-0.026891966	-0.049410835	0.043621556	0.094857595	-0.8049335
-0.026944591	-0.049505514	0.043704079	0.095030454	-0.80583268
-0.026997269	-0.049600281	0.043786675	0.095203442	-0.80673031
-0.027050001	-0.049695137	0.043869344	0.09537656	-0.8076264
-0.027102786	-0.04979008	0.043952086	0.095549808	-0.80852092
-0.027155625	-0.049885112	0.044034901	0.095723184	-0.80941389
-0.027208516	-0.049980232	0.044117789	0.09589669	-0.81030528
-0.027261462	-0.050075439	0.04420075	0.096070324	-0.8111951
-0.02731446	-0.050170735	0.044283783	0.096244087	-0.81208333
-0.027367511	-0.050266118	0.04436689	0.096417979	-0.81296997
-0.027420616	-0.050361589	0.044450068	0.096591999	-0.81385502
-0.027473774	-0.050457149	0.04453332	0.096766147	-0.81473846
-0.027526986	-0.050552795	0.044616643	0.096940423	-0.81562029
-0.02758025	-0.05064853	0.04470004	0.097114827	-0.81650051
-0.027633568	-0.050744352	0.044783509	0.097289359	-0.8173791
-0.027686939	-0.050840262	0.04486705	0.097464018	-0.81825606
-0.027740363	-0.050936259	0.044950663	0.097638805	-0.81913139
-0.02779384	-0.051032344	0.045034349	0.097813719	-0.82000507
-0.02784737	-0.051128516	0.045118107	0.097988759	-0.8208771
-0.027900953	-0.051224775	0.045201937	0.098163927	-0.82174748
-0.02795459	-0.051321122	0.045285839	0.098339221	-0.82261619
-0.028008279	-0.051417556	0.045369814	0.098514642	-0.82348323
-0.028062022	-0.051514077	0.04545386	0.098690189	-0.8243486
-0.028115818	-0.051610686	0.045537978	0.098865863	-0.82521229
-0.028169666	-0.051707381	0.045622168	0.099041662	-0.82607428
-0.028223568	-0.051804164	0.04570643	0.099217588	-0.82693458
-0.028277523	-0.051901034	0.045790764	0.099393639	-0.82779317
-0.028331531	-0.05199799	0.04587517	0.099569815	-0.82865006
-0.028385591	-0.052095034	0.045959647	0.099746117	-0.82950523
-0.028439705	-0.052192164	0.046044196	0.099922544	-0.83035867
-0.028493871	-0.052289382	0.046128816	0.1000991	-0.83121039
-0.028548091	-0.052386686	0.046213508	0.10027577	-0.83206037
-0.028602363	-0.052484076	0.046298271	0.10045258	-0.8329086
-0.028656689	-0.052581554	0.046383106	0.1006295	-0.83375509
-0.028711067	-0.052679118	0.046468012	0.10080655	-0.83459982
-0.028765498	-0.052776768	0.046552989	0.10098373	-0.83544279
-0.028819982	-0.052874505	0.046638038	0.10116103	-0.83628399
-0.028874518	-0.052972328	0.046723157	0.10133845	-0.83712342
-0.028929108	-0.053070238	0.046808348	0.10151599	-0.83796106
-0.02898375	-0.053168234	0.04689361	0.10169366	-0.83879691
-0.029038445	-0.053266317	0.046978943	0.10187146	-0.83963096
-0.029093193	-0.053364485	0.047064347	0.10204937	-0.84046322
-0.029147993	-0.05346274	0.047149822	0.10222741	-0.84129366
-0.029202847	-0.053561081	0.047235367	0.10240558	-0.84212229
-0.029257753	-0.053659508	0.047320984	0.10258386	-0.8429491
-0.029312711	-0.053758021	0.047406671	0.10276227	-0.84377407
-0.029367723	-0.05385662	0.047492429	0.1029408	-0.84459722
-0.029422787	-0.053955305	0.047578257	0.10311945	-0.84541852
-0.029477903	-0.054054075	0.047664156	0.10329822	-0.84623797
-0.029533072	-0.054152932	0.047750126	0.10347712	-0.84705556
-0.029588294	-0.054251874	0.047836165	0.10365614	-0.8478713
-0.029643569	-0.054350902	0.047922276	0.10383527	-0.84868516
-0.029698896	-0.054450015	0.048008456	0.10401453	-0.84949715
-0.029754275	-0.054549214	0.048094707	0.10419392	-0.85030726
-0.029809707	-0.054648499	0.048181028	0.10437342	-0.85111548
-0.029865192	-0.054747869	0.04826742	0.10455304	-0.8519218
-0.029920729	-0.054847324	0.048353881	0.10473278	-0.85272622
-0.029976318	-0.054946865	0.048440413	0.10491265	-0.85352874
-0.03003196	-0.055046491	0.048527014	0.10509263	-0.85432934
-0.030087655	-0.055146202	0.048613685	0.10527274	-0.85512801
-0.030143402	-0.055245999	0.048700427	0.10545296	-0.85592476
-0.030199201	-0.05534588	0.048787238	0.10563331	-0.85671958
-0.030255053	-0.055445847	0.048874118	0.10581377	-0.85751245
-0.030310957	-0.055545899	0.048961069	0.10599435	-0.85830338
-0.030366913	-0.055646035	0.049048089	0.10617505	-0.85909235
-0.030422922	-0.055746257	0.049135179	0.10635588	-0.85987936
-0.030478983	-0.055846563	0.049222338	0.10653682	-0.86066441
-0.030535096	-0.055946954	0.049309567	0.10671787	-0.86144748
-0.030591261	-0.05604743	0.049396865	0.10689905	-0.86222856
-0.030647479	-0.05614799	0.049484232	0.10708035	-0.86300767
-0.030703749	-0.056248636	0.049571669	0.10726176	-0.86378477
-0.030760072	-0.056349365	0.049659175	0.10744329	-0.86455988
-0.030816446	-0.056450179	0.04974675	0.10762494	-0.86533298
-0.030872873	-0.056551078	0.049834394	0.10780671	-0.86610407
-0.030929351	-0.056652061	0.049922107	0.1079886	-0.86687313
-0.030985882	-0.056753128	0.05000989	0.1081706	-0.86764017
-0.031042465	-0.05685428	0.050097741	0.10835272	-0.86840518
-0.031099101	-0.056955516	0.050185661	0.10853496	-0.86916814
-0.031155788	-0.057056836	0.05027365	0.10871731	-0.86992907
-0.031212527	-0.05715824	0.050361708	0.10889978	-0.87068793
-0.031269319	-0.057259728	0.050449834	0.10908237	-0.87144474
-0.031326162	-0.0573613	0.050538029	0.10926507	-0.87219948
-0.031383057	-0.057462956	0.050626292	0.10944789	-0.87295215
-0.031440005	-0.057564695	0.050714624	0.10963082	-0.87370274
-0.031497004	-0.057666519	0.050803025	0.10981387	-0.87445125
-0.031554055	-0.057768426	0.050891494	0.10999704	-0.87519766
-0.031611159	-0.057870417	0.050980031	0.11018032	-0.87594197
-0.031668314	-0.057972492	0.051068637	0.11036372	-0.87668418
-0.031725521	-0.05807465	0.05115731	0.11054723	-0.87742428
-0.03178278	-0.058176892	0.051246052	0.11073086	-0.87816226
-0.03184009	-0.058279217	0.051334862	0.1109146	-0.87889811
-0.031897453	-0.058381625	0.05142374	0.11109846	-0.87963183
-0.031954867	-0.058484117	0.051512686	0.11128243	-0.88036342
-0.032012334	-0.058586692	0.0516017	0.11146651	-0.88109286
-0.032069851	-0.05868935	0.051690782	0.11165071	-0.88182015
-0.032127421	-0.058792092	0.051779931	0.11183502	-0.88254528
-0.032185043	-0.058894916	0.051869148	0.11201945	-0.88326825
-0.032242716	-0.058997824	0.051958433	0.11220399	-0.88398905
-0.03230044	-0.059100814	0.052047786	0.11238864	-0.88470767
-0.032358217	-0.059203888	0.052137206	0.11257341	-0.88542411
-0.032416045	-0.059307044	0.052226693	0.11275829	-0.88613835
-0.032473925	-0.059410283	0.052316248	0.11294328	-0.8868504
-0.032531856	-0.059513604	0.052405871	0.11312838	-0.88756025
-0.032589839	-0.059617009	0.05249556	0.1133136	-0.88826789
-0.032647873	-0.059720496	0.052585317	0.11349893	-0.88897332
-0.032705959	-0.059824065	0.052675141	0.11368437	-0.88967652
-0.032764097	-0.059927717	0.052765032	0.11386992	-0.89037749
-0.032822286	-0.060031451	0.05285499	0.11405559	-0.89107623
-0.032880526	-0.060135268	0.052945015	0.11424136	-0.89177272
-0.032938818	-0.060239167	0.053035107	0.11442725	-0.89246697
-0.032997162	-0.060343148	0.053125266	0.11461325	-0.89315896
-0.033055556	-0.060447211	0.053215492	0.11479936	-0.8938487
-0.033114003	-0.060551357	0.053305784	0.11498558	-0.89453616
-0.0331725	-0.060655584	0.053396143	0.11517191	-0.89522135
-0.033231049	-0.060759894	0.053486569	0.11535835	-0.89590426
-0.033289649	-0.060864285	0.053577061	0.1155449	-0.89658489
-0.033348301	-0.060968758	0.05366762	0.11573156	-0.89726322
-0.033407003	-0.061073313	0.053758245	0.11591833	-0.89793925
-0.033465757	-0.06117795	0.053848936	0.11610522	-0.89861297
-0.033524563	-0.061282668	0.053939694	0.11629221	-0.89928438
-0.033583419	-0.061387468	0.054030518	0.11647931	-0.89995347
-0.033642327	-0.06149235	0.054121408	0.11666652	-0.90062024
-0.033701286	-0.061597313	0.054212365	0.11685383	-0.90128468
-0.033760296	-0.061702357	0.054303387	0.11704126	-0.90194677
-0.033819357	-0.061807483	0.054394475	0.1172288	-0.90260653
-0.033878469	-0.06191269	0.054485629	0.11741644	-0.90326393
-0.033937633	-0.062017978	0.054576849	0.1176042	-0.90391897
-0.033996847	-0.062123347	0.054668135	0.11779206	-0.90457165
-0.034056112	-0.062228798	0.054759487	0.11798002	-0.90522196
-0.034115429	-0.062334329	0.054850904	0.1181681	-0.9058699
-0.034174796	-0.062439942	0.054942387	0.11835629	-0.90651545
-0.034234215	-0.062545635	0.055033935	0.11854458	-0.90715861
-0.034293684	-0.062651409	0.055125549	0.11873298	-0.90779937
-0.034353204	-0.062757264	0.055217228	0.11892148	-0.90843774
-0.034412775	-0.0628632	0.055308972	0.11911009	-0.90907369
-0.034472397	-0.062969216	0.055400782	0.11929881	-0.90970723
-0.03453207	-0.063075313	0.055492657	0.11948764	-0.91033835
-0.034591794	-0.06318149	0.055584597	0.11967657	-0.91096704
-0.034651568	-0.063287748	0.055676602	0.11986561	-0.9115933
-0.034711394	-0.063394086	0.055768672	0.12005475	-0.91221712
-0.03477127	-0.063500504	0.055860807	0.120244	-0.91283849
-0.034831197	-0.063607003	0.055953007	0.12043336	-0.9134574
-0.034891174	-0.063713582	0.056045272	0.12062282	-0.91407386
-0.034951202	-0.06382024	0.056137601	0.12081238	-0.91468785
-0.035011281	-0.063926979	0.056229996	0.12100206	-0.91529937
-0.035071411	-0.064033798	0.056322454	0.12119183	-0.91590842
-0.035131591	-0.064140697	0.056414978	0.12138171	-0.91651497
-0.035191822	-0.064247676	0.056507565	0.1215717	-0.91711904
-0.035252103	-0.064354734	0.056600218	0.12176179	-0.91772061
-0.035312435	-0.064461873	0.056692934	0.12195198	-0.91831968
-0.035372817	-0.064569091	0.056785715	0.12214228	-0.91891623
-0.03543325	-0.064676388	0.05687856	0.12233268	-0.91951028
-0.035493733	-0.064783765	0.056971469	0.12252318	-0.92010179
-0.035554267	-0.064891221	0.057064443	0.12271379	-0.92069078
-0.035614851	-0.064998757	0.05715748	0.1229045	-0.92127724
-0.035675486	-0.065106372	0.057250581	0.12309532	-0.92186115
-0.035736171	-0.065214066	0.057343746	0.12328623	-0.92244252
-0.035796906	-0.06532184	0.057436975	0.12347725	-0.92302133
-0.035857692	-0.065429692	0.057530268	0.12366837	-0.92359758
-0.035918528	-0.065537624	0.057623625	0.1238596	-0.92417127
-0.035979414	-0.065645635	0.057717045	0.12405093	-0.92474238
-0.036040351	-0.065753724	0.057810528	0.12424235	-0.92531092
-0.036101338	-0.065861893	0.057904075	0.12443388	-0.92587687
-0.036162375	-0.06597014	0.057997686	0.12462552	-0.92644023
-0.036223462	-0.066078466	0.05809136	0.12481725	-0.92700099
-0.036284599	-0.06618687	0.058185097	0.12500908	-0.92755915
-0.036345787	-0.066295353	0.058278897	0.12520102	-0.92811469
-0.036407024	-0.066403915	0.05837276	0.12539305	-0.92866763
-0.036468312	-0.066512555	0.058466687	0.12558519	-0.92921793
-0.03652965	-0.066621273	0.058560677	0.12577743	-0.92976562
-0.036591037	-0.066730069	0.058654729	0.12596976	-0.93031066
-0.036652475	-0.066838944	0.058748844	0.1261622	-0.93085307
-0.036713963	-0.066947897	0.058843023	0.12635474	-0.93139283
-0.0367755	-0.067056928	0.058937264	0.12654738	-0.93192993
-0.036837088	-0.067166037	0.059031567	0.12674011	-0.93246438
-0.036898726	-0.067275224	0.059125933	0.12693295	-0.93299616
-0.036960413	-0.067384489	0.059220362	0.12712588	-0.93352527
-0.03702215	-0.067493832	0.059314853	0.12731892	-0.9340517
-0.037083937	-0.067603252	0.059409407	0.12751205	-0.93457545
-0.037145774	-0.067712751	0.059504023	0.12770528	-0.9350965
-0.037207661	-0.067822326	0.059598701	0.12789861	-0.93561486
-0.037269597	-0.067931979	0.059693441	0.12809204	-0.93613052
-0.037331583	-0.06804171	0.059788244	0.12828557	-0.93664347
-0.037393619	-0.068151518	0.059883109	0.12847919	-0.93715371
-0.037455704	-0.068261404	0.059978035	0.12867291	-0.93766122
-0.03751784	-0.068371366	0.060073024	0.12886673	-0.93816601
-0.037580024	-0.068481406	0.060168074	0.12906065	-0.93866806
-0.037642259	-0.068591523	0.060263186	0.12925466	-0.93916738
-0.037704542	-0.068701717	0.06035836	0.12944877	-0.93966395
-0.037766876	-0.068811988	0.060453595	0.12964298	-0.94015776
-0.037829259	-0.068922335	0.060548892	0.12983728	-0.94064882
-0.037891691	-0.06903276	0.060644251	0.13003168	-0.94113712
-0.037954173	-0.069143261	0.060739671	0.13022618	-0.94162265
-0.038016704	-0.069253839	0.060835152	0.13042077	-0.9421054
-0.038079285	-0.069364494	0.060930695	0.13061546	-0.94258537
-0.038141915	-0.069475225	0.061026299	0.13081024	-0.94306256
-0.038204595	-0.069586033	0.061121964	0.13100512	-0.94353694
-0.038267324	-0.069696917	0.06121769	0.13120009	-0.94400853
-0.038330102	-0.069807877	0.061313477	0.13139516	-0.94447732
-0.038392929	-0.069918914	0.061409325	0.13159033	-0.94494329
-0.038455806	-0.070030026	0.061505234	0.13178558	-0.94540644
-0.038518731	-0.070141215	0.061601203	0.13198094	-0.94586677
-0.038581706	-0.07025248	0.061697234	0.13217639	-0.94632427
-0.03864473	-0.070363821	0.061793325	0.13237193	-0.94677893
-0.038707804	-0.070475238	0.061889477	0.13256756	-0.94723076
-0.038770926	-0.07058673	0.061985689	0.13276329	-0.94767973
-0.038834098	-0.070698299	0.062081962	0.13295912	-0.94812585
-0.038897318	-0.070809942	0.062178295	0.13315503	-0.94856911
-0.038960588	-0.070921662	0.062274688	0.13335104	-0.9490095
-0.039023906	-0.071033457	0.062371142	0.13354714	-0.94944703
-0.039087274	-0.071145328	0.062467655	0.13374334	-0.94988167
-0.03915069	-0.071257273	0.062564229	0.13393963	-0.95031343
-0.039214155	-0.071369295	0.062660863	0.13413601	-0.9507423
-0.03927767	-0.071481391	0.062757557	0.13433248	-0.95116828
-0.039341233	-0.071593562	0.062854311	0.13452904	-0.95159135
-0.039404845	-0.071705809	0.062951124	0.1347257	-0.95201152
-0.039468505	-0.071818131	0.063047998	0.13492245	-0.95242877
-0.039532215	-0.071930527	0.063144931	0.13511929	-0.9528431
-0.039595973	-0.072042999	0.063241923	0.13531622	-0.95325451
-0.03965978	-0.072155545	0.063338975	0.13551324	-0.95366299
-0.039723636	-0.072268166	0.063436087	0.13571035	-0.95406853
-0.03978754	-0.072380861	0.063533258	0.13590756	-0.95447112
-0.039851493	-0.072493631	0.063630488	0.13610485	-0.95487077
-0.039915494	-0.072606476	0.063727777	0.13630224	-0.95526747
-0.039979544	-0.072719395	0.063825126	0.13649971	-0.9556612
-0.040043643	-0.072832388	0.063922534	0.13669728	-0.95605196
-0.04010779	-0.072945456	0.064020001	0.13689493	-0.95643976
-0.040171986	-0.073058598	0.064117526	0.13709268	-0.95682457
-0.04023623	-0.073171813	0.064215111	0.13729051	-0.95720641
-0.040300522	-0.073285103	0.064312754	0.13748843	-0.95758525
-0.040364863	-0.073398467	0.064410456	0.13768644	-0.9579611
-0.040429252	-0.073511905	0.064508217	0.13788455	-0.95833394
-0.04049369	-0.073625416	0.064606036	0.13808273	-0.95870378
-0.040558176	-0.073739002	0.064703914	0.13828101	-0.9590706
-0.04062271	-0.073852661	0.064801851	0.13847938	-0.95943441
-0.040687293	-0.073966393	0.064899845	0.13867783	-0.95979519
-0.040751923	-0.074080199	0.064997898	0.13887638	-0.96015294
-0.040816602	-0.074194079	0.06509601	0.139075	-0.96050766
-0.040881329	-0.074308032	0.065194179	0.13927372	-0.96085933
-0.040946104	-0.074422058	0.065292406	0.13947253	-0.96120796
-0.041010927	-0.074536157	0.065390692	0.13967142	-0.96155353
-0.041075799	-0.074650329	0.065489035	0.1398704	-0.96189604
-0.041140718	-0.074764575	0.065587436	0.14006946	-0.96223549
-0.041205685	-0.074878893	0.065685895	0.14026862	-0.96257187
-0.041270701	-0.074993284	0.065784412	0.14046785	-0.96290517
-0.041335764	-0.075107749	0.065882987	0.14066718	-0.96323538
-0.041400875	-0.075222285	0.065981619	0.14086659	-0.96356252
-0.041466034	-0.075336895	0.066080308	0.14106609	-0.96388655
-0.041531241	-0.075451577	0.066179055	0.14126567	-0.96420749
-0.041596496	-0.075566332	0.066277859	0.14146534	-0.96452532
-0.041661798	-0.075681159	0.06637672	0.14166509	-0.96484005
-0.041727149	-0.075796058	0.066475639	0.14186493	-0.96515165
-0.041792547	-0.07591103	0.066574615	0.14206485	-0.96546014
-0.041857992	-0.076026074	0.066673648	0.14226486	-0.96576549
-0.041923486	-0.07614119	0.066772737	0.14246495	-0.96606772
-0.041989027	-0.076256378	0.066871884	0.14266513	-0.9663668
-0.042054616	-0.076371638	0.066971088	0.14286539	-0.96666274
-0.042120252	-0.07648697	0.067070348	0.14306573	-0.96695553
-0.042185936	-0.076602373	0.067169665	0.14326616	-0.96724517
-0.042251667	-0.076717849	0.067269038	0.14346667	-0.96753164
-0.042317446	-0.076833396	0.067368468	0.14366727	-0.96781495
-0.042383272	-0.076949015	0.067467955	0.14386794	-0.96809508
-0.042449146	-0.077064705	0.067567498	0.14406871	-0.96837204
-0.042515067	-0.077180466	0.067667097	0.14426955	-0.96864581
-0.042581036	-0.077296299	0.067766752	0.14447048	-0.96891639
-0.042647051	-0.077412203	0.067866464	0.14467149	-0.96918378
-0.042713114	-0.077528179	0.067966231	0.14487258	-0.96944796
-0.042779225	-0.077644225	0.068066055	0.14507375	-0.96970895
-0.042845382	-0.077760342	0.068165934	0.145275	-0.96996672
-0.042911587	-0.077876531	0.06826587	0.14547634	-0.97022127
-0.042977839	-0.07799279	0.068365861	0.14567776	-0.9704726
-0.043044138	-0.07810912	0.068465908	0.14587926	-0.9707207
-0.043110485	-0.078225521	0.06856601	0.14608084	-0.97096557
-0.043176878	-0.078341992	0.068666168	0.1462825	-0.9712072
-0.043243318	-0.078458534	0.068766382	0.14648424	-0.97144559
-0.043309806	-0.078575146	0.068866651	0.14668606	-0.97168072
-0.04337634	-0.078691829	0.068966975	0.14688797	-0.9719126
-0.043442921	-0.078808582	0.069067354	0.14708995	-0.97214122
-0.04350955	-0.078925405	0.069167789	0.14729201	-0.97236658
-0.043576225	-0.079042299	0.069268279	0.14749415	-0.97258866
-0.043642947	-0.079159262	0.069368823	0.14769638	-0.97280746
-0.043709715	-0.079276295	0.069469423	0.14789868	-0.97302298
-0.043776531	-0.079393399	0.069570078	0.14810106	-0.97323522
-0.043843393	-0.079510572	0.069670787	0.14830352	-0.97344416
-0.043910302	-0.079627815	0.069771551	0.14850606	-0.9736498
-0.043977258	-0.079745127	0.06987237	0.14870867	-0.97385213
-0.04404426	-0.079862509	0.069973243	0.14891137	-0.97405116
-0.044111309	-0.079979961	0.070074171	0.14911414	-0.97424687
-0.044178405	-0.080097482	0.070175153	0.14931699	-0.97443926
-0.044245547	-0.080215072	0.070276189	0.14951992	-0.97462833
-0.044312736	-0.080332732	0.07037728	0.14972293	-0.97481406
-0.044379971	-0.08045046	0.070478425	0.14992601	-0.97499646
-0.044447253	-0.080568258	0.070579624	0.15012917	-0.97517552
-0.044514581	-0.080686125	0.070680877	0.15033241	-0.97535123
-0.044581955	-0.080804061	0.070782184	0.15053573	-0.97552358
-0.044649376	-0.080922065	0.070883544	0.15073912	-0.97569258
-0.044716843	-0.081040138	0.070984959	0.15094259	-0.97585822
-0.044784356	-0.08115828	0.071086427	0.15114613	-0.97602049
-0.044851916	-0.081276491	0.071187949	0.15134975	-0.97617938
-0.044919522	-0.08139477	0.071289525	0.15155345	-0.9763349
-0.044987174	-0.081513118	0.071391154	0.15175722	-0.97648703
-0.045054872	-0.081631533	0.071492836	0.15196107	-0.97663577
-0.045122616	-0.081750018	0.071594572	0.15216499	-0.97678112
-0.045190407	-0.08186857	0.071696361	0.15236899	-0.97692306
-0.045258243	-0.08198719	0.071798203	0.15257306	-0.97706161
-0.045326126	-0.082105879	0.071900098	0.15277721	-0.97719674
-0.045394054	-0.082224635	0.072002046	0.15298143	-0.97732845
-0.045462029	-0.082343459	0.072104047	0.15318573	-0.97745675
-0.045530049	-0.082462351	0.072206101	0.1533901	-0.97758162
-0.045598115	-0.082581311	0.072308208	0.15359455	-0.97770306
-0.045666227	-0.082700338	0.072410368	0.15379907	-0.97782106
-0.045734385	-0.082819433	0.07251258	0.15400366	-0.97793562
-0.045802589	-0.082938595	0.072614844	0.15420832	-0.97804674
-0.045870838	-0.083057824	0.072717161	0.15441306	-0.9781544
-0.045939133	-0.083177121	0.072819531	0.15461787	-0.9782586
-0.046007474	-0.083296485	0.072921953	0.15482276	-0.97835935
-0.04607586	-0.083415916	0.073024427	0.15502772	-0.97845662
-0.046144292	-0.083535414	0.073126953	0.15523275	-0.97855043
-0.04621277	-0.083654979	0.073229531	0.15543785	-0.97864076
-0.046281293	-0.083774611	0.073332162	0.15564302	-0.9787276
-0.046349862	-0.083894309	0.073434844	0.15584827	-0.97881096
-0.046418476	-0.084014074	0.073537578	0.15605359	-0.97889082
-0.046487135	-0.084133906	0.073640364	0.15625897	-0.97896719
-0.04655584	-0.084253805	0.073743201	0.15646443	-0.97904005
-0.04662459	-0.084373769	0.07384609	0.15666997	-0.97910941
-0.046693386	-0.0844938	0.073949031	0.15687557	-0.97917526
-0.046762226	-0.084613898	0.074052023	0.15708124	-0.97923758
-0.046831113	-0.084734061	0.074155066	0.15728698	-0.97929639
-0.046900044	-0.084854291	0.074258161	0.1574928	-0.97935166
-0.04696902	-0.084974586	0.074361307	0.15769868	-0.97940341
-0.047038042	-0.085094947	0.074464504	0.15790464	-0.97945161
-0.047107109	-0.085215375	0.074567752	0.15811066	-0.97949627
-0.04717622	-0.085335868	0.074671051	0.15831675	-0.97953739
-0.047245377	-0.085456426	0.074774401	0.15852291	-0.97957495
-0.047314579	-0.08557705	0.074877801	0.15872915	-0.97960896
-0.047383826	-0.08569774	0.074981253	0.15893545	-0.9796394
-0.047453117	-0.085818495	0.075084755	0.15914182	-0.97966628
-0.047522454	-0.085939315	0.075188308	0.15934825	-0.97968958
-0.047591835	-0.086060201	0.075291911	0.15955476	-0.9797093
-0.047661262	-0.086181152	0.075395564	0.15976133	-0.97972545
-0.047730733	-0.086302167	0.075499268	0.15996798	-0.97973801
-0.047800248	-0.086423248	0.075603022	0.16017469	-0.97974697
-0.047869809	-0.086544394	0.075706827	0.16038146	-0.97975234
-0.047939414	-0.086665604	0.075810681	0.16058831	-0.97975411
-0.048009064	-0.086786879	0.075914585	0.16079522	-0.97975227
-0.048078758	-0.086908219	0.07601854	0.1610022	-0.97974682
-0.048148497	-0.087029623	0.076122544	0.16120925	-0.97973775
-0.04821828	-0.087151091	0.076226598	0.16141636	-0.97972506
-0.048288108	-0.087272624	0.076330701	0.16162354	-0.97970875
-0.048357981	-0.087394222	0.076434855	0.16183079	-0.9796888
-0.048427897	-0.087515883	0.076539057	0.1620381	-0.97966523
-0.048497858	-0.087637608	0.07664331	0.16224548	-0.97963801
-0.048567864	-0.087759398	0.076747611	0.16245292	-0.97960714
-0.048637914	-0.087881251	0.076851962	0.16266043	-0.97957263
-0.048708008	-0.088003168	0.076956362	0.162868	-0.97953446
-0.048778146	-0.088125149	0.077060811	0.16307564	-0.97949264
-0.048848328	-0.088247194	0.077165309	0.16328335	-0.97944715
-0.048918555	-0.088369302	0.077269856	0.16349111	-0.97939799
-0.048988826	-0.088491474	0.077374452	0.16369895	-0.97934516
-0.04905914	-0.088613709	0.077479097	0.16390685	-0.97928865
-0.049129499	-0.088736007	0.077583791	0.16411481	-0.97922845
-0.049199902	-0.088858368	0.077688533	0.16432283	-0.97916458
-0.049270349	-0.088980793	0.077793324	0.16453092	-0.97909701
-0.049340839	-0.089103281	0.077898163	0.16473908	-0.97902574
-0.049411374	-0.089225831	0.07800305	0.16494729	-0.97895077
-0.049481952	-0.089348445	0.078107986	0.16515557	-0.9788721
-0.049552574	-0.089471121	0.07821297	0.16536391	-0.97878971
-0.04962324	-0.08959386	0.078318003	0.16557232	-0.97870361
-0.04969395	-0.089716661	0.078423083	0.16578079	-0.97861379
-0.049764703	-0.089839525	0.078528211	0.16598932	-0.97852025
-0.0498355	-0.089962451	0.078633387	0.16619791	-0.97842298
-0.049906341	-0.09008544	0.078738611	0.16640656	-0.97832198
-0.049977225	-0.090208491	0.078843883	0.16661528	-0.97821723
-0.050048153	-0.090331604	0.078949202	0.16682406	-0.97810875
-0.050119124	-0.090454779	0.079054569	0.1670329	-0.97799652
-0.050190139	-0.090578016	0.079159984	0.1672418	-0.97788054
-0.050261197	-0.090701315	0.079265446	0.16745076	-0.9777608
-0.050332298	-0.090824676	0.079370955	0.16765978	-0.9776373
-0.050403443	-0.090948098	0.079476511	0.16786887	-0.97751003
-0.050474631	-0.091071582	0.079582115	0.16807801	-0.977379
-0.050545863	-0.091195127	0.079687765	0.16828721	-0.97724419
-0.050617137	-0.091318734	0.079793463	0.16849648	-0.97710561
-0.050688455	-0.091442402	0.079899208	0.1687058	-0.97696324
-0.050759816	-0.091566132	0.080004999	0.16891519	-0.97681709
-0.05083122	-0.091689922	0.080110837	0.16912463	-0.97666714
-0.050902667	-0.091813774	0.080216722	0.16933413	-0.9765134
-0.050974157	-0.091937686	0.080322653	0.16954369	-0.97635586
-0.05104569	-0.09206166	0.080428631	0.16975331	-0.97619451
-0.051117267	-0.092185694	0.080534655	0.16996299	-0.97602935
-0.051188885	-0.092309789	0.080640726	0.17017273	-0.97586039
-0.051260547	-0.092433945	0.080746843	0.17038253	-0.9756876
-0.051332252	-0.092558161	0.080853006	0.17059238	-0.97551099
-0.051403999	-0.092682437	0.080959215	0.17080229	-0.97533055
-0.05147579	-0.092806774	0.08106547	0.17101226	-0.97514629
-0.051547622	-0.092931171	0.081171771	0.17122229	-0.97495819
-0.051619498	-0.093055628	0.081278118	0.17143237	-0.97476624
-0.051691416	-0.093180145	0.08138451	0.17164252	-0.97457046
-0.051763377	-0.093304722	0.081490948	0.17185271	-0.97437083
-0.05183538	-0.093429359	0.081597432	0.17206297	-0.97416734
-0.051907426	-0.093554056	0.081703962	0.17227328	-0.97396
-0.051979514	-0.093678813	0.081810536	0.17248365	-0.9737488
-0.052051645	-0.093803629	0.081917156	0.17269408	-0.97353373
-0.052123818	-0.093928504	0.082023822	0.17290456	-0.9733148
-0.052196033	-0.094053439	0.082130532	0.17311509	-0.97309199
-0.052268291	-0.094178434	0.082237288	0.17332569	-0.9728653
-0.052340591	-0.094303487	0.082344088	0.17353633	-0.97263473
-0.052412933	-0.0944286	0.082450934	0.17374704	-0.97240028
-0.052485317	-0.094553771	0.082557824	0.1739578	-0.97216194
-0.052557744	-0.094679002	0.082664759	0.17416861	-0.9719197
-0.052630212	-0.094804291	0.082771739	0.17437948	-0.97167356
-0.052702723	-0.09492964	0.082878763	0.1745904	-0.97142352
-0.052775276	-0.095055046	0.082985832	0.17480137	-0.97116958
-0.05284787	-0.095180512	0.083092945	0.17501241	-0.97091172
-0.052920507	-0.095306036	0.083200102	0.17522349	-0.97064995
-0.052993185	-0.095431618	0.083307304	0.17543463	-0.97038426
-0.053065905	-0.095557259	0.08341455	0.17564582	-0.97011465
-0.053138667	-0.095682957	0.08352184	0.17585706	-0.96984111
-0.053211471	-0.095808714	0.083629174	0.17606836	-0.96956364
-0.053284317	-0.095934529	0.083736552	0.17627971	-0.96928224
-0.053357204	-0.096060402	0.083843973	0.17649112	-0.96899689
-0.053430133	-0.096186333	0.083951439	0.17670257	-0.9687076
-0.053503103	-0.096312321	0.084058948	0.17691408	-0.96841437
-0.053576115	-0.096438367	0.0841665	0.17712564	-0.96811719
-0.053649169	-0.096564471	0.084274096	0.17733726	-0.96781605
-0.053722264	-0.096690632	0.084381736	0.17754892	-0.96751095
-0.0537954	-0.09681685	0.084489418	0.17776064	-0.96720188
-0.053868578	-0.096943125	0.084597144	0.1779724	-0.96688886
-0.053941797	-0.097069458	0.084704913	0.17818422	-0.96657186
-0.054015057	-0.097195848	0.084812726	0.17839609	-0.96625088
-0.054088359	-0.097322295	0.084920581	0.17860801	-0.96592593
-0.054161702	-0.097448798	0.085028479	0.17881998	-0.965597
-0.054235086	-0.097575359	0.085136419	0.179032	-0.96526408
-0.054308511	-0.097701976	0.085244403	0.17924408	-0.96492716
-0.054381977	-0.09782865	0.085352429	0.1794562	-0.96458626
-0.054455484	-0.09795538	0.085460498	0.17966837	-0.96424136
-0.054529033	-0.098082167	0.085568609	0.17988059	-0.96389245
-0.054602622	-0.098209009	0.085676762	0.18009286	-0.96353954
-0.054676252	-0.098335909	0.085784958	0.18030518	-0.96318262
-0.054749923	-0.098462864	0.085893196	0.18051755	-0.96282169
-0.054823635	-0.098589875	0.086001476	0.18072997	-0.96245674
-0.054897388	-0.098716942	0.086109798	0.18094243	-0.96208777
-0.054971181	-0.098844065	0.086218162	0.18115495	-0.96171478
-0.055045015	-0.098971244	0.086326568	0.18136751	-0.96133776
-0.05511889	-0.099098478	0.086435016	0.18158012	-0.9609567
-0.055192805	-0.099225768	0.086543505	0.18179278	-0.96057161
-0.055266761	-0.099353114	0.086652036	0.18200549	-0.96018248
-0.055340757	-0.099480515	0.086760608	0.18221824	-0.95978931
-0.055414794	-0.09960797	0.086869222	0.18243105	-0.95939209
-0.055488871	-0.099735482	0.086977877	0.1826439	-0.95899083
-0.055562989	-0.099863048	0.087086574	0.18285679	-0.9585855
-0.055637147	-0.099990669	0.087195311	0.18306973	-0.95817612
-0.055711345	-0.10011834	0.08730409	0.18328272	-0.95776268
-0.055785584	-0.10024608	0.08741291	0.18349576	-0.95734518
-0.055859862	-0.10037386	0.08752177	0.18370884	-0.9569236
-0.055934181	-0.1005017	0.087630672	0.18392197	-0.95649796
-0.05600854	-0.1006296	0.087739614	0.18413514	-0.95606824
-0.056082939	-0.10075754	0.087848596	0.18434836	-0.95563443
-0.056157379	-0.10088555	0.08795762	0.18456163	-0.95519655
-0.056231858	-0.10101361	0.088066683	0.18477494	-0.95475458
-0.056306377	-0.10114172	0.088175788	0.18498829	-0.95430852
-0.056380936	-0.10126988	0.088284932	0.18520169	-0.95385837
-0.056455535	-0.1013981	0.088394117	0.18541513	-0.95340412
-0.056530173	-0.10152637	0.088503342	0.18562862	-0.95294577
-0.056604852	-0.1016547	0.088612606	0.18584216	-0.95248332
-0.05667957	-0.10178308	0.088721911	0.18605573	-0.95201676
-0.056754328	-0.10191152	0.088831256	0.18626935	-0.95154608
-0.056829125	-0.10204	0.08894064	0.18648302	-0.9510713
-0.056903962	-0.10216854	0.089050064	0.18669673	-0.9505924
-0.056978838	-0.10229714	0.089159528	0.18691048	-0.95010937
-0.057053754	-0.10242578	0.089269031	0.18712427	-0.94962222
-0.05712871	-0.10255448	0.089378574	0.18733811	-0.94913095
-0.057203705	-0.10268324	0.089488156	0.18755199	-0.94863554
-0.057278739	-0.10281204	0.089597777	0.18776591	-0.948136
-0.057353813	-0.1029409	0.089707438	0.18797988	-0.94763232
-0.057428925	-0.10306981	0.089817137	0.18819388	-0.9471245
-0.057504077	-0.10319878	0.089926876	0.18840793	-0.94661253
-0.057579269	-0.10332779	0.090036653	0.18862202	-0.94609642
-0.057654499	-0.10345686	0.090146469	0.18883616	-0.94557616
-0.057729768	-0.10358598	0.090256324	0.18905033	-0.94505174
-0.057805077	-0.10371515	0.090366218	0.18926454	-0.94452316
-0.057880424	-0.10384438	0.09047615	0.1894788	-0.94399043
-0.05795581	-0.10397366	0.09058612	0.1896931	-0.94345353
-0.058031236	-0.10410298	0.090696129	0.18990743	-0.94291246
-0.0581067	-0.10423236	0.090806176	0.19012181	-0.94236722
-0.058182203	-0.1043618	0.090916262	0.19033623	-0.94181781
-0.058257744	-0.10449128	0.091026385	0.19055069	-0.94126422
-0.058333325	-0.10462081	0.091136547	0.19076518	-0.94070645
-0.058408944	-0.1047504	0.091246746	0.19097972	-0.94014449
-0.058484601	-0.10488004	0.091356984	0.1911943	-0.93957836
-0.058560298	-0.10500973	0.091467259	0.19140891	-0.93900803
-0.058636032	-0.10513947	0.091577572	0.19162357	-0.9384335
-0.058711806	-0.10526926	0.091687922	0.19183826	-0.93785479
-0.058787617	-0.1053991	0.09179831	0.19205299	-0.93727187
-0.058863467	-0.10552899	0.091908735	0.19226777	-0.93668475
-0.058939356	-0.10565893	0.092019197	0.19248258	-0.93609343
-0.059015282	-0.10578893	0.092129697	0.19269742	-0.9354979
-0.059091247	-0.10591897	0.092240234	0.19291231	-0.93489815
-0.05916725	-0.10604906	0.092350808	0.19312723	-0.93429419
-0.059243291	-0.10617921	0.092461419	0.19334219	-0.93368602
-0.059319371	-0.1063094	0.092572067	0.19355719	-0.93307362
-0.059395488	-0.10643965	0.092682752	0.19377222	-0.93245701
-0.059471643	-0.10656994	0.092793473	0.1939873	-0.93183616
-0.059547837	-0.10670028	0.092904231	0.1942024	-0.93121109
-0.059624068	-0.10683068	0.093015025	0.19441755	-0.93058178
-0.059700337	-0.10696112	0.093125856	0.19463273	-0.92994824
-0.059776644	-0.10709161	0.093236723	0.19484795	-0.92931046
-0.059852989	-0.10722216	0.093347627	0.1950632	-0.92866844
-0.059929371	-0.10735275	0.093458566	0.19527849	-0.92802218
-0.060005791	-0.10748339	0.093569542	0.19549382	-0.92737166
-0.060082249	-0.10761408	0.093680554	0.19570918	-0.9267169
-0.060158744	-0.10774482	0.093791601	0.19592458	-0.92605789
-0.060235277	-0.10787561	0.093902684	0.19614001	-0.92539462
-0.060311847	-0.10800644	0.094013803	0.19635547	-0.9247271
-0.060388454	-0.10813733	0.094124958	0.19657097	-0.92405531
-0.0604651	-0.10826826	0.094236148	0.19678651	-0.92337926
-0.060541782	-0.10839925	0.094347374	0.19700208	-0.92269894
-0.060618501	-0.10853028	0.094458635	0.19721768	-0.92201435
-0.060695258	-0.10866136	0.094569931	0.19743332	-0.92132549
-0.060772052	-0.10879248	0.094681263	0.19764899	-0.92063236
-0.060848884	-0.10892366	0.094792629	0.19786469	-0.91993495
-0.060925752	-0.10905488	0.094904031	0.19808043	-0.91923325
-0.061002657	-0.10918615	0.095015468	0.1982962	-0.91852728
-0.061079599	-0.10931747	0.095126939	0.198512	-0.91781702
-0.061156579	-0.10944884	0.095238445	0.19872784	-0.91710247
-0.061233595	-0.10958026	0.095349986	0.19894371	-0.91638363
-0.061310648	-0.10971172	0.095461561	0.19915961	-0.91566049
-0.061387737	-0.10984323	0.095573171	0.19937555	-0.91493306
-0.061464864	-0.10997478	0.095684815	0.19959151	-0.91420133
-0.061542027	-0.11010639	0.095796493	0.19980751	-0.9134653
-0.061619227	-0.11023804	0.095908205	0.20002354	-0.91272496
-0.061696463	-0.11036974	0.096019952	0.2002396	-0.91198032
-0.061773736	-0.11050148	0.096131733	0.20045569	-0.91123137
-0.061851045	-0.11063327	0.096243547	0.20067181	-0.9104781
-0.061928391	-0.11076511	0.096355396	0.20088797	-0.90972053
-0.062005774	-0.110897	0.096467278	0.20110415	-0.90895863
-0.062083192	-0.11102893	0.096579194	0.20132036	-0.90819242
-0.062160647	-0.1111609	0.096691143	0.20153661	-0.90742188
-0.062238138	-0.11129293	0.096803126	0.20175288	-0.90664702
-0.062315665	-0.111425	0.096915142	0.20196919	-0.90586783
-0.062393229	-0.11155711	0.097027191	0.20218552	-0.90508431
-0.062470828	-0.11168928	0.097139274	0.20240189	-0.90429646
-0.062548464	-0.11182148	0.09725139	0.20261828	-0.90350428
-0.062626136	-0.11195374	0.097363539	0.2028347	-0.90270775
-0.062703843	-0.11208604	0.09747572	0.20305115	-0.90190689
-0.062781586	-0.11221838	0.097587935	0.20326763	-0.90110169
-0.062859366	-0.11235077	0.097700182	0.20348414	-0.90029215
-0.062937181	-0.11248321	0.097812462	0.20370068	-0.89947825
-0.063015031	-0.11261569	0.097924775	0.20391725	-0.89866001
-0.063092918	-0.11274821	0.09803712	0.20413384	-0.89783742
-0.06317084	-0.11288078	0.098149497	0.20435046	-0.89701048
-0.063248798	-0.1130134	0.098261907	0.20456711	-0.89617918
-0.063326791	-0.11314606	0.098374349	0.20478379	-0.89534352
-0.063404819	-0.11327876	0.098486823	0.20500049	-0.8945035
-0.063482883	-0.11341151	0.098599329	0.20521722	-0.89365912
-0.063560983	-0.11354431	0.098711867	0.20543398	-0.89281037
-0.063639118	-0.11367715	0.098824436	0.20565076	-0.89195726
-0.063717288	-0.11381003	0.098937038	0.20586757	-0.89109978
-0.063795493	-0.11394296	0.099049671	0.20608441	-0.89023792
-0.063873733	-0.11407593	0.099162336	0.20630127	-0.8893717
-0.063952009	-0.11420894	0.099275032	0.20651816	-0.88850109
-0.06403032	-0.114342	0.099387759	0.20673507	-0.88762611
-0.064108665	-0.1144751	0.099500518	0.20695201	-0.88674675
-0.064187046	-0.11460825	0.099613308	0.20716898	-0.88586301
-0.064265461	-0.11474144	0.099726129	0.20738597	-0.88497488
-0.064343912	-0.11487467	0.099838982	0.20760298	-0.88408237
-0.064422397	-0.11500795	0.099951865	0.20782002	-0.88318547
-0.064500917	-0.11514127	0.10006478	0.20803709	-0.88228417
-0.064579472	-0.11527463	0.10017772	0.20825418	-0.88137849
-0.064658061	-0.11540803	0.1002907	0.20847129	-0.88046841
-0.064736685	-0.11554148	0.1004037	0.20868843	-0.87955393
-0.064815343	-0.11567497	0.10051674	0.20890559	-0.87863506
-0.064894036	-0.11580851	0.10062981	0.20912277	-0.87771178
-0.064972764	-0.11594208	0.1007429	0.20933998	-0.8767841
-0.065051525	-0.1160757	0.10085603	0.20955721	-0.87585202
-0.065130321	-0.11620936	0.10096919	0.20977447	-0.87491553
-0.065209152	-0.11634307	0.10108238	0.20999174	-0.87397463
-0.065288016	-0.11647681	0.10119559	0.21020904	-0.87302932
-0.065366915	-0.1166106	0.10130884	0.21042637	-0.8720796
-0.065445848	-0.11674443	0.10142212	0.21064371	-0.87112546
-0.065524815	-0.1168783	0.10153542	0.21086108	-0.87016691
-0.065603816	-0.11701221	0.10164876	0.21107847	-0.86920394
-0.065682851	-0.11714617	0.10176212	0.21129588	-0.86823655
-0.06576192	-0.11728016	0.10187552	0.21151331	-0.86726474
-0.065841023	-0.1174142	0.10198894	0.21173076	-0.8662885
-0.065920159	-0.11754828	0.1021024	0.21194824	-0.86530784
-0.06599933	-0.1176824	0.10221588	0.21216573	-0.86432275
-0.066078534	-0.11781656	0.10232939	0.21238325	-0.86333324
-0.066157771	-0.11795076	0.10244293	0.21260079	-0.86233929
-0.066237042	-0.11808501	0.1025565	0.21281835	-0.86134091
-0.066316347	-0.11821929	0.1026701	0.21303592	-0.86033809
-0.066395685	-0.11835362	0.10278372	0.21325352	-0.85933084
-0.066475057	-0.11848798	0.10289738	0.21347114	-0.85831915
-0.066554462	-0.11862239	0.10301106	0.21368878	-0.85730302
-0.0666339	-0.11875683	0.10312477	0.21390643	-0.85628245
-0.066713372	-0.11889132	0.10323851	0.21412411	-0.85525744
-0.066792877	-0.11902584	0.10335228	0.21434181	-0.85422798
-0.066872415	-0.11916041	0.10346608	0.21455952	-0.85319408
-0.066951986	-0.11929501	0.1035799	0.21477725	-0.85215573
-0.06703159	-0.11942966	0.10369375	0.214995	-0.85111292
-0.067111227	-0.11956434	0.10380763	0.21521277	-0.85006567
-0.067190897	-0.11969907	0.10392154	0.21543056	-0.84901397
-0.0672706	-0.11983383	0.10403547	0.21564837	-0.84795781
-0.067350336	-0.11996864	0.10414944	0.21586619	-0.8468972
-0.067430104	-0.12010348	0.10426342	0.21608403	-0.84583212
-0.067509906	-0.12023836	0.10437744	0.21630189	-0.84476259
-0.06758974	-0.12037328	0.10449149	0.21651977	-0.8436886
-0.067669606	-0.12050824	0.10460556	0.21673766	-0.84261015
-0.067749505	-0.12064324	0.10471966	0.21695557	-0.84152724
-0.067829437	-0.12077828	0.10483378	0.2171735	-0.84043986
-0.067909401	-0.12091335	0.10494793	0.21739144	-0.83934801
-0.067989397	-0.12104847	0.10506211	0.2176094	-0.8382517
-0.068069426	-0.12118362	0.10517632	0.21782738	-0.83715091
-0.068149487	-0.12131881	0.10529055	0.21804537	-0.83604566
-0.06822958	-0.12145404	0.10540481	0.21826338	-0.83493594
-0.068309706	-0.12158931	0.1055191	0.2184814	-0.83382174
-0.068389863	-0.12172461	0.10563341	0.21869944	-0.83270307
-0.068470053	-0.12185996	0.10574774	0.21891749	-0.83157992
-0.068550275	-0.12199534	0.10586211	0.21913556	-0.83045229
-0.068630528	-0.12213075	0.1059765	0.21935364	-0.82932019
-0.068710813	-0.12226621	0.10609091	0.21957174	-0.82818361
-0.068791131	-0.1224017	0.10620536	0.21978985	-0.82704254
-0.06887148	-0.12253723	0.10631982	0.22000798	-0.82589699
-0.068951861	-0.1226728	0.10643432	0.22022612	-0.82474696
-0.069032273	-0.1228084	0.10654883	0.22044428	-0.82359245
-0.069112717	-0.12294405	0.10666338	0.22066244	-0.82243345
-0.069193193	-0.12307972	0.10677795	0.22088063	-0.82126996
-0.0692737	-0.12321544	0.10689254	0.22109882	-0.82010198
-0.069354238	-0.12335119	0.10700716	0.22131703	-0.81892951
-0.069434808	-0.12348698	0.10712181	0.22153525	-0.81775255
-0.069515409	-0.1236228	0.10723648	0.22175348	-0.8165711
-0.069596042	-0.12375866	0.10735117	0.22197173	-0.81538516
-0.069676705	-0.12389456	0.10746589	0.22218999	-0.81419473
-0.0697574	-0.12403049	0.10758063	0.22240826	-0.81299979
-0.069838126	-0.12416646	0.1076954	0.22262654	-0.81180036
-0.069918883	-0.12430247	0.1078102	0.22284484	-0.81059644
-0.069999671	-0.12443851	0.10792501	0.22306314	-0.80938801
-0.07008049	-0.12457458	0.10803986	0.22328146	-0.80817509
-0.07016134	-0.12471069	0.10815472	0.22349979	-0.80695766
-0.07024222	-0.12484684	0.10826961	0.22371813	-0.80573574
-0.070323132	-0.12498302	0.10838453	0.22393648	-0.80450931
-0.070404074	-0.12511924	0.10849947	0.22415485	-0.80327838
-0.070485046	-0.12525549	0.10861443	0.22437322	-0.80204294
-0.07056605	-0.12539178	0.10872941	0.2245916	-0.800803
-0.070647083	-0.1255281	0.10884442	0.22480999	-0.79955855
-0.070728148	-0.12566446	0.10895946	0.2250284	-0.79830959
-0.070809242	-0.12580085	0.10907451	0.22524681	-0.79705612
-0.070890367	-0.12593727	0.10918959	0.22546523	-0.79579815
-0.070971522	-0.12607374	0.1093047	0.22568366	-0.79453567
-0.071052708	-0.12621023	0.10941982	0.22590211	-0.79326867
-0.071133924	-0.12634676	0.10953497	0.22612056	-0.79199716
-0.071215169	-0.12648332	0.10965015	0.22633901	-0.79072115
-0.071296445	-0.12661992	0.10976534	0.22655748	-0.78944061
-0.071377751	-0.12675655	0.10988056	0.22677596	-0.78815557
-0.071459087	-0.12689321	0.1099958	0.22699444	-0.786866
-0.071540453	-0.12702991	0.11011106	0.22721294	-0.78557193
-0.071621848	-0.12716664	0.11022635	0.22743144	-0.78427333
-0.071703274	-0.12730341	0.11034166	0.22764994	-0.78297022
-0.071784729	-0.1274402	0.11045699	0.22786846	-0.78166259
-0.071866213	-0.12757703	0.11057234	0.22808698	-0.78035044
-0.071947727	-0.1277139	0.11068772	0.22830551	-0.77903378
-0.072029271	-0.12785079	0.11080312	0.22852405	-0.77771259
-0.072110845	-0.12798772	0.11091854	0.2287426	-0.77638688
-0.072192447	-0.12812469	0.11103398	0.22896115	-0.77505665
-0.072274079	-0.12826168	0.11114944	0.2291797	-0.7737219
-0.072355741	-0.12839871	0.11126492	0.22939827	-0.77238263
-0.072437431	-0.12853577	0.11138043	0.22961684	-0.77103883
-0.072519151	-0.12867286	0.11149596	0.22983541	-0.76969051
-0.0726009	-0.12880999	0.11161151	0.230054	-0.76833766
-0.072682678	-0.12894714	0.11172708	0.23027258	-0.76698029
-0.072764485	-0.12908433	0.11184267	0.23049117	-0.7656184
-0.072846321	-0.12922155	0.11195828	0.23070977	-0.76425198
-0.072928185	-0.1293588	0.11207392	0.23092837	-0.76288103
-0.073010079	-0.12949608	0.11218957	0.23114698	-0.76150555
-0.073092001	-0.1296334	0.11230525	0.23136559	-0.76012555
-0.073173952	-0.12977074	0.11242094	0.23158421	-0.75874102
-0.073255932	-0.12990812	0.11253666	0.23180283	-0.75735196
-0.07333794	-0.13004553	0.1126524	0.23202146	-0.75595837
-0.073419977	-0.13018297	0.11276815	0.23224009	-0.75456026
-0.073502042	-0.13032044	0.11288393	0.23245872	-0.75315761
-0.073584136	-0.13045794	0.11299973	0.23267735	-0.75175044
-0.073666258	-0.13059547	0.11311555	0.23289599	-0.75033873
-0.073748408	-0.13073303	0.11323139	0.23311464	-0.74892249
-0.073830587	-0.13087063	0.11334724	0.23333328	-0.74750172
-0.073912793	-0.13100825	0.11346312	0.23355193	-0.74607642
-0.073995028	-0.1311459	0.11357902	0.23377058	-0.74464659
-0.074077291	-0.13128359	0.11369494	0.23398923	-0.74321223
-0.074159582	-0.1314213	0.11381088	0.23420789	-0.74177333
-0.074241901	-0.13155904	0.11392683	0.23442655	-0.74032991
-0.074324247	-0.13169681	0.11404281	0.23464521	-0.73888194
-0.074406621	-0.13183462	0.1141588	0.23486387	-0.73742945
-0.074489024	-0.13197245	0.11427482	0.23508253	-0.73597242
-0.074571453	-0.13211031	0.11439085	0.23530119	-0.73451086
-0.074653911	-0.1322482	0.11450691	0.23551986	-0.73304477
-0.074736396	-0.13238612	0.11462298	0.23573853	-0.73157414
-0.074818908	-0.13252407	0.11473907	0.23595719	-0.73009898
-0.074901448	-0.13266205	0.11485518	0.23617586	-0.72861929
-0.074984015	-0.13280005	0.1149713	0.23639453	-0.72713506
-0.07506661	-0.13293809	0.11508745	0.2366132	-0.72564629
-0.075149232	-0.13307615	0.11520362	0.23683187	-0.72415299
-0.075231881	-0.13321424	0.1153198	0.23705053	-0.72265516
-0.075314557	-0.13335237	0.115436	0.2372692	-0.72115279
-0.07539726	-0.13349051	0.11555222	0.23748787	-0.71964589
-0.07547999	-0.13362869	0.11566846	0.23770654	-0.71813446
-0.075562747	-0.1337669	0.11578471	0.2379252	-0.71661849
-0.075645531	-0.13390513	0.11590098	0.23814387	-0.71509798
-0.075728342	-0.13404339	0.11601728	0.23836253	-0.71357294
-0.075811179	-0.13418168	0.11613358	0.23858119	-0.71204337
-0.075894044	-0.13431999	0.11624991	0.23879985	-0.71050926
-0.075976935	-0.13445834	0.11636625	0.23901851	-0.70897061
-0.076059852	-0.13459671	0.11648261	0.23923717	-0.70742744
-0.076142796	-0.13473511	0.11659899	0.23945583	-0.70587973
-0.076225766	-0.13487353	0.11671539	0.23967448	-0.70432748
-0.076308763	-0.13501198	0.1168318	0.23989313	-0.7027707
-0.076391786	-0.13515046	0.11694823	0.24011178	-0.70120939
-0.076474836	-0.13528897	0.11706468	0.24033042	-0.69964354
-0.076557911	-0.1354275	0.11718114	0.24054906	-0.69807316
-0.076641013	-0.13556606	0.11729762	0.2407677	-0.69649825
-0.07672414	-0.13570464	0.11741412	0.24098634	-0.6949188
-0.076807294	-0.13584326	0.11753063	0.24120497	-0.69333482
-0.076890474	-0.13598189	0.11764716	0.2414236	-0.69174631
-0.076973679	-0.13612056	0.1177637	0.24164222	-0.69015326
-0.077056911	-0.13625925	0.11788027	0.24186084	-0.68855569
-0.077140168	-0.13639796	0.11799684	0.24207946	-0.68695358
-0.077223451	-0.1365367	0.11811344	0.24229807	-0.68534694
-0.077306759	-0.13667547	0.11823005	0.24251667	-0.68373577
-0.077390093	-0.13681426	0.11834667	0.24273527	-0.68212006
-0.077473452	-0.13695308	0.11846331	0.24295387	-0.68049983
-0.077556837	-0.13709192	0.11857997	0.24317246	-0.67887507
-0.077640248	-0.13723079	0.11869664	0.24339105	-0.67724578
-0.077723683	-0.13736968	0.11881333	0.24360963	-0.67561195
-0.077807144	-0.1375086	0.11893003	0.2438282	-0.6739736
-0.07789063	-0.13764754	0.11904675	0.24404677	-0.67233072
-0.077974141	-0.13778651	0.11916349	0.24426534	-0.67068332
-0.078057677	-0.1379255	0.11928023	0.24448389	-0.66903138
-0.078141238	-0.13806452	0.119397	0.24470244	-0.66737492
-0.078224825	-0.13820356	0.11951378	0.24492099	-0.66571393
-0.078308436	-0.13834262	0.11963057	0.24513952	-0.66404841
-0.078392071	-0.13848171	0.11974738	0.24535805	-0.66237837
-0.078475732	-0.13862082	0.1198642	0.24557658	-0.66070381
-0.078559417	-0.13875996	0.11998104	0.24579509	-0.65902472
-0.078643127	-0.13889912	0.12009789	0.2460136	-0.6573411
-0.078726861	-0.1390383	0.12021475	0.2462321	-0.65565297
-0.07881062	-0.13917751	0.12033163	0.24645059	-0.6539603
-0.078894403	-0.13931674	0.12044853	0.24666907	-0.65226312
-0.07897821	-0.13945599	0.12056543	0.24688755	-0.65056142
-0.079062042	-0.13959527	0.12068235	0.24710602	-0.64885519
-0.079145898	-0.13973457	0.12079929	0.24732448	-0.64714445
-0.079229778	-0.13987389	0.12091624	0.24754293	-0.64542918
-0.079313682	-0.14001324	0.1210332	0.24776137	-0.6437094
-0.079397611	-0.14015261	0.12115018	0.2479798	-0.6419851
-0.079481563	-0.140292	0.12126717	0.24819822	-0.64025628
-0.079565539	-0.14043141	0.12138417	0.24841664	-0.63852294
-0.079649539	-0.14057085	0.12150119	0.24863504	-0.63678509
-0.079733563	-0.1407103	0.12161821	0.24885343	-0.63504272
-0.07981761	-0.14084978	0.12173526	0.24907182	-0.63329584
-0.079901681	-0.14098929	0.12185231	0.24929019	-0.63154444
-0.079985776	-0.14112881	0.12196938	0.24950855	-0.62978853
-0.080069894	-0.14126835	0.12208646	0.24972691	-0.62802811
-0.080154035	-0.14140792	0.12220355	0.24994525	-0.62626318
-0.0802382	-0.14154751	0.12232066	0.25016358	-0.62449374
-0.080322388	-0.14168712	0.12243778	0.2503819	-0.62271979
-0.0804066	-0.14182675	0.12255491	0.25060021	-0.62094133
-0.080490834	-0.1419664	0.12267205	0.25081851	-0.61915837
-0.080575092	-0.14210607	0.1227892	0.25103679	-0.61737089
-0.080659373	-0.14224577	0.12290637	0.25125506	-0.61557891
-0.080743676	-0.14238548	0.12302355	0.25147333	-0.61378243
-0.080828003	-0.14252522	0.12314074	0.25169158	-0.61198144
-0.080912352	-0.14266497	0.12325794	0.25190981	-0.61017595
-0.080996725	-0.14280475	0.12337515	0.25212804	-0.60836596
-0.081081119	-0.14294455	0.12349238	0.25234625	-0.60655147
-0.081165537	-0.14308436	0.12360961	0.25256445	-0.60473248
-0.081249977	-0.1432242	0.12372686	0.25278264	-0.60290899
-0.08133444	-0.14336405	0.12384412	0.25300081	-0.601081
-0.081418925	-0.14350393	0.12396139	0.25321897	-0.59924851
-0.081503432	-0.14364383	0.12407867	0.25343712	-0.59741153
-0.081587962	-0.14378374	0.12419597	0.25365525	-0.59557006
-0.081672514	-0.14392368	0.12431327	0.25387337	-0.59372409
-0.081757088	-0.14406363	0.12443058	0.25409147	-0.59187363
-0.081841684	-0.1442036	0.12454791	0.25430956	-0.59001869
-0.081926303	-0.1443436	0.12466524	0.25452764	-0.58815925
-0.082010943	-0.14448361	0.12478259	0.2547457	-0.58629532
-0.082095605	-0.14462364	0.12489994	0.25496374	-0.5844269
-0.082180289	-0.14476369	0.12501731	0.25518177	-0.582554
-0.082264995	-0.14490376	0.12513468	0.25539979	-0.58067662
-0.082349722	-0.14504384	0.12525207	0.25561779	-0.57879475
-0.082434472	-0.14518395	0.12536947	0.25583578	-0.5769084
-0.082519242	-0.14532407	0.12548687	0.25605375	-0.57501757
-0.082604034	-0.14546421	0.12560429	0.2562717	-0.57312225
-0.082688848	-0.14560437	0.12572171	0.25648964	-0.57122246
-0.082773683	-0.14574455	0.12583915	0.25670756	-0.5693182
-0.082858539	-0.14588474	0.12595659	0.25692546	-0.56740946
-0.082943417	-0.14602495	0.12607405	0.25714335	-0.56549624
-0.083028316	-0.14616518	0.12619151	0.25736122	-0.56357855
-0.083113235	-0.14630543	0.12630898	0.25757908	-0.56165639
-0.083198176	-0.14644569	0.12642646	0.25779692	-0.55972976
-0.083283138	-0.14658597	0.12654396	0.25801474	-0.55779866
-0.083368121	-0.14672627	0.12666145	0.25823254	-0.5558631
-0.083453124	-0.14686659	0.12677896	0.25845033	-0.55392306
-0.083538148	-0.14700692	0.12689648	0.25866809	-0.55197857
-0.083623193	-0.14714727	0.127014	0.25888584	-0.55002961
-0.083708259	-0.14728764	0.12713154	0.25910357	-0.54807619
-0.083793345	-0.14742802	0.12724908	0.25932129	-0.54611831
-0.083878451	-0.14756842	0.12736663	0.25953898	-0.54415598
-0.083963578	-0.14770883	0.12748419	0.25975666	-0.54218918
-0.084048726	-0.14784926	0.12760176	0.25997432	-0.54021793
-0.084133893	-0.14798971	0.12771933	0.26019195	-0.53824223
-0.084219081	-0.14813017	0.12783691	0.26040957	-0.53626208
-0.084304289	-0.14827065	0.1279545	0.26062717	-0.53427748
-0.084389517	-0.14841114	0.1280721	0.26084475	-0.53228842
-0.084474765	-0.14855165	0.12818971	0.26106231	-0.53029493
-0.084560033	-0.14869218	0.12830732	0.26127985	-0.52829698
-0.08464532	-0.14883272	0.12842494	0.26149738	-0.52629459
-0.084730628	-0.14897327	0.12854257	0.26171488	-0.52428777
-0.084815955	-0.14911384	0.1286602	0.26193236	-0.5222765
-0.084901302	-0.14925443	0.12877785	0.26214982	-0.52026079
-0.084986669	-0.14939502	0.1288955	0.26236725	-0.51824065
-0.085072055	-0.14953564	0.12901315	0.26258467	-0.51621607
-0.08515746	-0.14967627	0.12913081	0.26280207	-0.51418705
-0.085242885	-0.14981691	0.12924848	0.26301944	-0.51215361
-0.085328329	-0.14995757	0.12936616	0.2632368	-0.51011574
-0.085413792	-0.15009824	0.12948384	0.26345413	-0.50807344
-0.085499275	-0.15023892	0.12960153	0.26367144	-0.50602671
-0.085584777	-0.15037962	0.12971923	0.26388873	-0.50397557
-0.085670297	-0.15052034	0.12983693	0.26410599	-0.50191999
-0.085755837	-0.15066106	0.12995464	0.26432324	-0.49986
-0.085841395	-0.1508018	0.13007235	0.26454046	-0.49779559
-0.085926973	-0.15094256	0.13019007	0.26475766	-0.49572677
-0.086012569	-0.15108332	0.1303078	0.26497484	-0.49365353
-0.086098183	-0.1512241	0.13042553	0.26519199	-0.49157587
-0.086183817	-0.1513649	0.13054326	0.26540912	-0.48949381
-0.086269469	-0.1515057	0.13066101	0.26562623	-0.48740734
-0.086355139	-0.15164652	0.13077875	0.26584331	-0.48531646
-0.086440828	-0.15178735	0.13089651	0.26606037	-0.48322118
-0.086526535	-0.1519282	0.13101426	0.2662774	-0.48112149
-0.08661226	-0.15206905	0.13113203	0.26649441	-0.47901741
-0.086698003	-0.15220992	0.1312498	0.2667114	-0.47690893
-0.086783765	-0.1523508	0.13136757	0.26692836	-0.47479605
-0.086869545	-0.1524917	0.13148535	0.2671453	-0.47267877
-0.086955342	-0.1526326	0.13160313	0.26736222	-0.47055711
-0.087041158	-0.15277352	0.13172092	0.26757911	-0.46843105
-0.087126991	-0.15291445	0.13183871	0.26779597	-0.46630061
-0.087212842	-0.15305539	0.13195651	0.26801281	-0.46416578
-0.087298711	-0.15319634	0.13207431	0.26822962	-0.46202657
-0.087384597	-0.1533373	0.13219211	0.26844641	-0.45988297
-0.087470501	-0.15347828	0.13230992	0.26866317	-0.457735
-0.087556422	-0.15361926	0.13242773	0.26887991	-0.45558265
-0.087642361	-0.15376026	0.13254555	0.26909662	-0.45342593
-0.087728317	-0.15390126	0.13266337	0.2693133	-0.45126483
-0.08781429	-0.15404228	0.1327812	0.26952996	-0.44909936
-0.087900281	-0.15418331	0.13289903	0.26974659	-0.44692953
-0.087986288	-0.15432435	0.13301686	0.26996319	-0.44475533
-0.088072313	-0.1544654	0.13313469	0.27017977	-0.44257677
-0.088158355	-0.15460646	0.13325253	0.27039632	-0.44039384
-0.088244413	-0.15474753	0.13337037	0.27061284	-0.43820656
-0.088330489	-0.15488861	0.13348822	0.27082933	-0.43601492
-0.088416581	-0.1550297	0.13360607	0.2710458	-0.43381893
-0.08850269	-0.1551708	0.13372392	0.27126224	-0.43161859
-0.088588815	-0.1553119	0.13384177	0.27147865	-0.42941389
-0.088674957	-0.15545302	0.13395963	0.27169503	-0.42720485
-0.088761115	-0.15559415	0.13407749	0.27191139	-0.42499147
-0.08884729	-0.15573529	0.13419535	0.27212771	-0.42277375
-0.088933481	-0.15587643	0.13431321	0.27234401	-0.42055168
-0.089019688	-0.15601759	0.13443108	0.27256028	-0.41832528
-0.089105912	-0.15615875	0.13454895	0.27277652	-0.41609454
-0.089192151	-0.15629992	0.13466682	0.27299273	-0.41385948
-0.089278407	-0.1564411	0.13478469	0.27320891	-0.41162008
-0.089364679	-0.15658229	0.13490256	0.27342506	-0.40937636
-0.089450966	-0.15672349	0.13502044	0.27364119	-0.40712831
-0.089537269	-0.1568647	0.13513832	0.27385728	-0.40487594
-0.089623588	-0.15700591	0.1352562	0.27407334	-0.40261926
-0.089709923	-0.15714713	0.13537408	0.27428937	-0.40035825
-0.089796273	-0.15728836	0.13549196	0.27450538	-0.39809293
-0.089882639	-0.1574296	0.13560985	0.27472135	-0.39582331
-0.08996902	-0.15757085	0.13572773	0.27493729	-0.39354937
-0.090055417	-0.1577121	0.13584562	0.2751532	-0.39127113
-0.090141829	-0.15785336	0.13596351	0.27536908	-0.38898858
-0.090228256	-0.15799463	0.1360814	0.27558492	-0.38670173
-0.090314698	-0.1581359	0.13619929	0.27580074	-0.38441059
-0.090401156	-0.15827719	0.13631718	0.27601652	-0.38211515
-0.090487628	-0.15841847	0.13643507	0.27623228	-0.37981542
-0.090574115	-0.15855977	0.13655296	0.276448	-0.3775114
-0.090660618	-0.15870107	0.13667085	0.27666369	-0.37520309
-0.090747135	-0.15884238	0.13678874	0.27687934	-0.3728905
-0.090833666	-0.1589837	0.13690664	0.27709497	-0.37057363
-0.090920212	-0.15912502	0.13702453	0.27731056	-0.36825248
-0.091006773	-0.15926634	0.13714242	0.27752612	-0.36592705
-0.091093349	-0.15940768	0.13726031	0.27774164	-0.36359736
-0.091179938	-0.15954902	0.13737821	0.27795714	-0.36126339
-0.091266542	-0.15969036	0.1374961	0.2781726	-0.35892515
-0.091353161	-0.15983171	0.13761399	0.27838802	-0.35658266
-0.091439793	-0.15997307	0.13773188	0.27860342	-0.3542359
-0.09152644	-0.16011443	0.13784977	0.27881878	-0.35188488
-0.091613101	-0.1602558	0.13796766	0.2790341	-0.34952961
-0.091699775	-0.16039717	0.13808555	0.27924939	-0.34717008
-0.091786464	-0.16053855	0.13820344	0.27946465	-0.34480631
-0.091873166	-0.16067993	0.13832133	0.27967987	-0.34243829
-0.091959882	-0.16082132	0.13843921	0.27989506	-0.34006602
-0.092046612	-0.16096271	0.1385571	0.28011021	-0.33768952
-0.092133356	-0.1611041	0.13867498	0.28032533	-0.33530878
-0.092220113	-0.1612455	0.13879287	0.28054042	-0.3329238
-0.092306883	-0.16138691	0.13891075	0.28075546	-0.3305346
-0.092393667	-0.16152832	0.13902863	0.28097048	-0.32814116
-0.092480464	-0.16166973	0.1391465	0.28118545	-0.3257435
-0.092567274	-0.16181115	0.13926438	0.2814004	-0.32334162
-0.092654097	-0.16195257	0.13938226	0.2816153	-0.32093552
-0.092740934	-0.16209399	0.13950013	0.28183017	-0.31852521
-0.092827783	-0.16223542	0.139618	0.282045	-0.31611068
-0.092914646	-0.16237685	0.13973587	0.2822598	-0.31369195
-0.093001521	-0.16251828	0.13985373	0.28247456	-0.31126901
-0.093088409	-0.16265972	0.1399716	0.28268928	-0.30884186
-0.09317531	-0.16280116	0.14008946	0.28290397	-0.30641052
-0.093262223	-0.16294261	0.14020732	0.28311862	-0.30397498
-0.093349149	-0.16308405	0.14032517	0.28333323	-0.30153524
-0.093436087	-0.1632255	0.14044302	0.28354781	-0.29909132
-0.093523038	-0.16336695	0.14056088	0.28376235	-0.29664321
-0.093610001	-0.16350841	0.14067872	0.28397685	-0.29419092
-0.093696976	-0.16364986	0.14079657	0.28419131	-0.29173444
-0.093783963	-0.16379132	0.14091441	0.28440573	-0.28927379
-0.093870963	-0.16393278	0.14103225	0.28462012	-0.28680897
-0.093957975	-0.16407424	0.14115008	0.28483446	-0.28433998
-0.094044998	-0.16421571	0.14126791	0.28504877	-0.28186682
-0.094132033	-0.16435717	0.14138574	0.28526304	-0.2793895
-0.09421908	-0.16449864	0.14150356	0.28547727	-0.27690801
-0.094306139	-0.16464011	0.14162138	0.28569146	-0.27442238
-0.09439321	-0.16478158	0.1417392	0.28590562	-0.27193258
-0.094480292	-0.16492305	0.14185701	0.28611973	-0.26943864
-0.094567385	-0.16506452	0.14197482	0.2863338	-0.26694056
-0.09465449	-0.16520599	0.14209262	0.28654784	-0.26443833
-0.094741606	-0.16534747	0.14221042	0.28676183	-0.26193196
-0.094828734	-0.16548894	0.14232822	0.28697579	-0.25942145
-0.094915873	-0.16563041	0.14244601	0.2871897	-0.25690682
-0.095003022	-0.16577189	0.1425638	0.28740357	-0.25438805
-0.095090183	-0.16591336	0.14268158	0.28761741	-0.25186516
-0.095177355	-0.16605484	0.14279936	0.2878312	-0.24933815
-0.095264537	-0.16619632	0.14291713	0.28804495	-0.24680703
-0.095351731	-0.16633779	0.14303489	0.28825866	-0.24427178
-0.095438935	-0.16647927	0.14315266	0.28847233	-0.24173243
-0.09552615	-0.16662074	0.14327041	0.28868596	-0.23918897
-0.095613375	-0.16676221	0.14338817	0.28889955	-0.2366414
-0.095700611	-0.16690369	0.14350591	0.28911309	-0.23408974
-0.095787857	-0.16704516	0.14362365	0.28932659	-0.23153398
-0.095875113	-0.16718663	0.14374139	0.28954005	-0.22897413
-0.09596238	-0.1673281	0.14385912	0.28975347	-0.22641019
-0.096049657	-0.16746957	0.14397684	0.28996685	-0.22384216
-0.096136944	-0.16761104	0.14409456	0.29018018	-0.22127006
-0.096224241	-0.16775251	0.14421227	0.29039347	-0.21869387
-0.096311548	-0.16789398	0.14432998	0.29060672	-0.21611362
-0.096398865	-0.16803544	0.14444768	0.29081993	-0.21352929
-0.096486191	-0.1681769	0.14456537	0.29103309	-0.21094089
-0.096573528	-0.16831836	0.14468306	0.29124621	-0.20834844
-0.096660874	-0.16845982	0.14480074	0.29145929	-0.20575192
-0.096748229	-0.16860128	0.14491841	0.29167232	-0.20315135
-0.096835594	-0.16874273	0.14503608	0.29188531	-0.20054673
-0.096922968	-0.16888418	0.14515374	0.29209825	-0.19793807
-0.097010352	-0.16902563	0.14527139	0.29231115	-0.19532536
-0.097097745	-0.16916708	0.14538904	0.29252401	-0.19270861
-0.097185147	-0.16930852	0.14550668	0.29273682	-0.19008782
-0.097272558	-0.16944996	0.14562431	0.29294958	-0.18746301
-0.097359979	-0.1695914	0.14574194	0.2931623	-0.18483416
-0.097447408	-0.16973284	0.14585956	0.29337498	-0.18220129
-0.097534846	-0.16987427	0.14597717	0.29358761	-0.17956441
-0.097622292	-0.1700157	0.14609477	0.2938002	-0.1769235
-0.097709748	-0.17015712	0.14621236	0.29401274	-0.17427859
-0.097797212	-0.17029854	0.14632995	0.29422524	-0.17162967
-0.097884684	-0.17043996	0.14644753	0.29443769	-0.16897674
-0.097972165	-0.17058137	0.1465651	0.29465009	-0.16631982
-0.098059655	-0.17072278	0.14668267	0.29486245	-0.1636589
-0.098147152	-0.17086419	0.14680022	0.29507476	-0.16099399
-0.098234658	-0.17100559	0.14691777	0.29528703	-0.15832509
-0.098322172	-0.17114698	0.14703531	0.29549924	-0.1556522
-0.098409695	-0.17128837	0.14715284	0.29571142	-0.15297534
-0.098497225	-0.17142976	0.14727036	0.29592354	-0.15029451
-0.098584763	-0.17157114	0.14738787	0.29613562	-0.1476097
-0.098672309	-0.17171252	0.14750538	0.29634765	-0.14492092
-0.098759862	-0.17185389	0.14762287	0.29655963	-0.14222819
-0.098847423	-0.17199526	0.14774036	0.29677157	-0.13953149
-0.098934992	-0.17213662	0.14785784	0.29698346	-0.13683084
-0.099022569	-0.17227798	0.1479753	0.2971953	-0.13412624
-0.099110152	-0.17241933	0.14809276	0.29740709	-0.1314177
-0.099197743	-0.17256067	0.14821021	0.29761883	-0.12870521
-0.099285342	-0.17270201	0.14832765	0.29783053	-0.12598879
-0.099372947	-0.17284335	0.14844508	0.29804218	-0.12326843
-0.09946056	-0.17298467	0.1485625	0.29825378	-0.12054414
-0.09954818	-0.17312599	0.14867991	0.29846533	-0.11781593
-0.099635807	-0.17326731	0.14879731	0.29867683	-0.1150838
-0.09972344	-0.17340862	0.1489147	0.29888828	-0.11234776
-0.09981108	-0.17354992	0.14903209	0.29909968	-0.1096078
-0.099898728	-0.17369121	0.14914946	0.29931104	-0.10686393
-0.099986381	-0.1738325	0.14926682	0.29952234	-0.10411617
-0.10007404	-0.17397378	0.14938417	0.29973359	-0.1013645
-0.10016171	-0.17411506	0.14950151	0.2999448	-0.098608941
-0.10024938	-0.17425633	0.14961883	0.30015595	-0.095849491
-0.10033706	-0.17439759	0.14973615	0.30036705	-0.093086157
-0.10042475	-0.17453884	0.14985346	0.30057811	-0.090318941
-0.10051244	-0.17468008	0.14997076	0.30078911	-0.087547849
-0.10060014	-0.17482132	0.15008804	0.30100006	-0.084772886
-0.10068784	-0.17496255	0.15020532	0.30121096	-0.081994055
-0.10077555	-0.17510377	0.15032258	0.30142181	-0.079211361
-0.10086327	-0.17524498	0.15043983	0.30163261	-0.076424809
-0.10095099	-0.17538619	0.15055707	0.30184336	-0.073634403
-0.10103871	-0.17552738	0.1506743	0.30205406	-0.070840148
-0.10112645	-0.17566857	0.15079152	0.3022647	-0.068042049
-0.10121418	-0.17580975	0.15090872	0.30247529	-0.065240109
-0.10130193	-0.17595092	0.15102592	0.30268583	-0.062434333
-0.10138968	-0.17609208	0.1511431	0.30289632	-0.059624727
-0.10147743	-0.17623324	0.15126027	0.30310676	-0.056811294
-0.10156519	-0.17637438	0.15137743	0.30331714	-0.053994039
-0.10165296	-0.17651551	0.15149457	0.30352747	-0.051172967
-0.10174072	-0.17665664	0.15161171	0.30373775	-0.048348083
-0.1018285	-0.17679775	0.15172883	0.30394798	-0.045519391
-0.10191628	-0.17693886	0.15184594	0.30415815	-0.042686896
-0.10200406	-0.17707996	0.15196303	0.30436827	-0.039850602
-0.10209185	-0.17722104	0.15208012	0.30457833	-0.037010515
-0.10217964	-0.17736212	0.15219719	0.30478835	-0.034166638
-0.10226744	-0.17750318	0.15231424	0.3049983	-0.031318978
-0.10235525	-0.17764424	0.15243129	0.30520821	-0.028467537
-0.10244305	-0.17778529	0.15254832	0.30541806	-0.025612322
-0.10253086	-0.17792632	0.15266534	0.30562786	-0.022753337
-0.10261868	-0.17806734	0.15278234	0.3058376	-0.019890587
-0.1027065	-0.17820836	0.15289933	0.30604728	-0.017024076
-0.10279432	-0.17834936	0.15301631	0.30625692	-0.01415381
-0.10288215	-0.17849035	0.15313328	0.3064665	-0.011279793
-0.10296998	-0.17863133	0.15325023	0.30667602	-0.0084020298
-0.10305782	-0.1787723	0.15336716	0.30688549	-0.0055205257
-0.10314565	-0.17891326	0.15348409	0.3070949	-0.0026352853
-0.1032335	-0.1790542	0.153601	0.30730426	0.00025368638
-0.10332134	-0.17919514	0.15371789	0.30751356	0.0031463845
-0.10340919	-0.17933606	0.15383477	0.3077228	0.0060428042
-0.10349705	-0.17947697	0.15395164	0.30793199	0.0089429404
-0.1035849	-0.17961787	0.15406849	0.30814113	0.011846788
-0.10367276	-0.17975876	0.15418533	0.3083502	0.014754343
-0.10376062	-0.17989963	0.15430215	0.30855923	0.017665599
-0.10384849	-0.18004049	0.15441896	0.30876819	0.020580553
-0.10393636	-0.18018134	0.15453575	0.3089771	0.023499197
-0.10402423	-0.18032218	0.15465253	0.30918595	0.026421529
-0.1041121	-0.180463	0.15476929	0.30939474	0.029347543
-0.10419998	-0.18060381	0.15488604	0.30960348	0.032277233
-0.10428786	-0.18074461	0.15500277	0.30981216	0.035210595
-0.10437574	-0.18088539	0.15511949	0.31002078	0.038147623
-0.10446363	-0.18102616	0.15523619	0.31022935	0.041088313
-0.10455152	-0.18116692	0.15535288	0.31043785	0.04403266
-0.10463941	-0.18130766	0.15546955	0.3106463	0.046980657
-0.1047273	-0.1814484	0.15558621	0.31085469	0.049932301
-0.10481519	-0.18158911	0.15570285	0.31106303	0.052887587
-0.10490309	-0.18172981	0.15581947	0.3112713	0.055846508
-0.10499099	-0.1818705	0.15593608	0.31147952	0.05880906
-0.10507889	-0.18201118	0.15605267	0.31168767	0.061775237
-0.10516679	-0.18215184	0.15616924	0.31189577	0.064745035
-0.10525469	-0.18229248	0.1562858	0.31210381	0.067718449
-0.1053426	-0.18243311	0.15640235	0.31231179	0.070695472
-0.1054305	-0.18257373	0.15651887	0.31251971	0.073676101
-0.10551841	-0.18271433	0.15663538	0.31272757	0.076660328
-0.10560632	-0.18285491	0.15675187	0.31293538	0.079648151
-0.10569423	-0.18299548	0.15686835	0.31314312	0.082639562
-0.10578214	-0.18313604	0.15698481	0.3133508	0.085634557
-0.10587006	-0.18327658	0.15710125	0.31355842	0.088633131
-0.10595797	-0.1834171	0.15721767	0.31376598	0.091635278
-0.10604589	-0.18355761	0.15733408	0.31397348	0.094640993
-0.1061338	-0.18369811	0.15745047	0.31418092	0.097650271
-0.10622172	-0.18383858	0.15756685	0.3143883	0.10066311
-0.10630964	-0.18397904	0.1576832	0.31459562	0.10367949
-0.10639756	-0.18411949	0.15779954	0.31480288	0.10669943
-0.10648548	-0.18425992	0.15791586	0.31501008	0.1097229
-0.1065734	-0.18440033	0.15803216	0.31521721	0.11274991
-0.10666132	-0.18454073	0.15814844	0.31542429	0.11578045
-0.10674924	-0.1846811	0.15826471	0.3156313	0.11881452
-0.10683716	-0.18482147	0.15838096	0.31583825	0.1218521
-0.10692508	-0.18496181	0.15849719	0.31604514	0.1248932
-0.107013	-0.18510214	0.1586134	0.31625197	0.12793781
-0.10710092	-0.18524245	0.15872959	0.31645873	0.13098592
-0.10718884	-0.18538274	0.15884577	0.31666543	0.13403753
-0.10727676	-0.18552302	0.15896192	0.31687207	0.13709263
-0.10736469	-0.18566328	0.15907806	0.31707865	0.14015122
-0.10745261	-0.18580352	0.15919418	0.31728516	0.14321329
-0.10754053	-0.18594374	0.15931028	0.31749162	0.14627883
-0.10762844	-0.18608395	0.15942636	0.317698	0.14934784
-0.10771636	-0.18622414	0.15954242	0.31790433	0.15242032
-0.10780428	-0.18636431	0.15965846	0.31811059	0.15549626
-0.1078922	-0.18650446	0.15977448	0.31831679	0.15857565
-0.10798012	-0.18664459	0.15989049	0.31852292	0.16165849
-0.10806803	-0.1867847	0.16000647	0.31872899	0.16474477
-0.10815595	-0.1869248	0.16012243	0.318935	0.16783449
-0.10824386	-0.18706487	0.16023838	0.31914094	0.17092764
-0.10833177	-0.18720493	0.1603543	0.31934682	0.17402421
-0.10841968	-0.18734497	0.16047021	0.31955263	0.17712421
-0.10850759	-0.18748499	0.16058609	0.31975838	0.18022761
-0.1085955	-0.18762499	0.16070196	0.31996406	0.18333443
-0.10868341	-0.18776497	0.1608178	0.32016968	0.18644465
-0.10877131	-0.18790493	0.16093362	0.32037523	0.18955826
-0.10885921	-0.18804487	0.16104943	0.32058072	0.19267527
-0.10894712	-0.18818479	0.16116521	0.32078615	0.19579566
-0.10903502	-0.18832469	0.16128097	0.3209915	0.19891943
-0.10912291	-0.18846457	0.16139671	0.3211968	0.20204658
-0.10921081	-0.18860443	0.16151244	0.32140202	0.20517709
-0.1092987	-0.18874427	0.16162813	0.32160718	0.20831096
-0.10938659	-0.18888409	0.16174381	0.32181227	0.2114482
-0.10947448	-0.18902388	0.16185947	0.3220173	0.21458878
-0.10956237	-0.18916366	0.16197511	0.32222226	0.21773271
-0.10965026	-0.18930342	0.16209072	0.32242716	0.22087997
-0.10973814	-0.18944315	0.16220632	0.32263198	0.22403057
-0.10982602	-0.18958287	0.16232189	0.32283675	0.2271845
-0.10991389	-0.18972256	0.16243744	0.32304144	0.23034175
-0.11000177	-0.18986223	0.16255297	0.32324607	0.23350231
-0.11008964	-0.19000189	0.16266847	0.32345063	0.23666618
-0.1101775	-0.19014151	0.16278396	0.32365512	0.23983336
-0.11026537	-0.19028112	0.16289942	0.32385954	0.24300383
-0.11035323	-0.19042071	0.16301486	0.3240639	0.2461776
-0.11044109	-0.19056027	0.16313028	0.32426819	0.24935465
-0.11052895	-0.19069981	0.16324568	0.32447241	0.25253499
-0.1106168	-0.19083933	0.16336105	0.32467656	0.25571859
-0.11070465	-0.19097882	0.1634764	0.32488064	0.25890547
-0.11079249	-0.1911183	0.16359173	0.32508466	0.2620956
-0.11088033	-0.19125775	0.16370704	0.3252886	0.265289
-0.11096817	-0.19139718	0.16382232	0.32549248	0.26848564
-0.111056	-0.19153658	0.16393758	0.32569629	0.27168552
-0.11114383	-0.19167596	0.16405281	0.32590003	0.27488865
-0.11123166	-0.19181532	0.16416803	0.3261037	0.27809501
-0.11131948	-0.19195466	0.16428322	0.3263073	0.28130459
-0.1114073	-0.19209397	0.16439839	0.32651083	0.28451739
-0.11149511	-0.19223326	0.16451353	0.32671429	0.2877334
-0.11158292	-0.19237252	0.16462865	0.32691768	0.29095263
-0.11167072	-0.19251176	0.16474375	0.32712101	0.29417505
-0.11175852	-0.19265098	0.16485882	0.32732426	0.29740067
-0.11184632	-0.19279017	0.16497387	0.32752744	0.30062948
-0.11193411	-0.19292934	0.16508889	0.32773055	0.30386147
-0.11202189	-0.19306848	0.1652039	0.32793359	0.30709664
-0.11210967	-0.1932076	0.16531887	0.32813656	0.31033498
-0.11219745	-0.19334669	0.16543383	0.32833946	0.31357648
-0.11228522	-0.19348576	0.16554875	0.32854228	0.31682114
-0.11237299	-0.19362481	0.16566366	0.32874504	0.32006896
-0.11246075	-0.19376383	0.16577854	0.32894773	0.32331992
-0.1125485	-0.19390282	0.16589339	0.32915034	0.32657402
-0.11263625	-0.19404179	0.16600822	0.32935288	0.32983125
-0.112724	-0.19418074	0.16612303	0.32955535	0.33309161
-0.11281174	-0.19431966	0.16623781	0.32975775	0.33635509
-0.11289947	-0.19445855	0.16635256	0.32996008	0.33962169
-0.1129872	-0.19459742	0.16646729	0.33016233	0.34289139
-0.11307492	-0.19473626	0.166582	0.33036451	0.3461642
-0.11316264	-0.19487507	0.16669668	0.33056662	0.3494401
-0.11325035	-0.19501386	0.16681133	0.33076866	0.35271909
-0.11333805	-0.19515262	0.16692596	0.33097062	0.35600116
-0.11342575	-0.19529136	0.16704056	0.33117251	0.35928631
-0.11351344	-0.19543007	0.16715514	0.33137433	0.36257453
-0.11360113	-0.19556875	0.16726969	0.33157607	0.36586581
-0.11368881	-0.19570741	0.16738422	0.33177775	0.36916016
-0.11377648	-0.19584604	0.16749872	0.33197934	0.37245755
-0.11386414	-0.19598464	0.16761319	0.33218087	0.37575799
-0.1139518	-0.19612322	0.16772764	0.33238232	0.37906146
-0.11403946	-0.19626176	0.16784206	0.33258369	0.38236797
-0.1141271	-0.19640028	0.16795645	0.332785	0.3856775
-0.11421474	-0.19653878	0.16807082	0.33298622	0.38899005
-0.11430237	-0.19667724	0.16818516	0.33318738	0.39230562
-0.11439	-0.19681568	0.16829948	0.33338846	0.39562419
-0.11447761	-0.19695409	0.16841376	0.33358946	0.39894576
-0.11456522	-0.19709247	0.16852803	0.33379039	0.40227032
-0.11465283	-0.19723082	0.16864226	0.33399124	0.40559787
-0.11474042	-0.19736915	0.16875647	0.33419202	0.4089284
-0.11482801	-0.19750744	0.16887065	0.33439273	0.41226191
-0.11491559	-0.19764571	0.1689848	0.33459336	0.41559838
-0.11500316	-0.19778395	0.16909892	0.33479391	0.41893781
-0.11509073	-0.19792216	0.16921302	0.33499439	0.42228019
-0.11517828	-0.19806034	0.16932709	0.33519479	0.42562552
-0.11526583	-0.19819849	0.16944113	0.33539512	0.4289738
-0.11535337	-0.19833661	0.16955514	0.33559537	0.432325
-0.1154409	-0.19847471	0.16966913	0.33579554	0.43567914
-0.11552843	-0.19861277	0.16978309	0.33599564	0.43903619
-0.11561595	-0.19875081	0.16989702	0.33619566	0.44239616
-0.11570345	-0.19888881	0.17001092	0.3363956	0.44575904
-0.11579095	-0.19902678	0.17012479	0.33659547	0.44912481
-0.11587844	-0.19916473	0.17023864	0.33679526	0.45249349
-0.11596592	-0.19930264	0.17035246	0.33699497	0.45586505
-0.1160534	-0.19944053	0.17046624	0.33719461	0.45923949
-0.11614086	-0.19957838	0.17058	0.33739417	0.4626168
-0.11622832	-0.1997162	0.17069373	0.33759365	0.46599698
-0.11631576	-0.19985399	0.17080744	0.33779305	0.46938003
-0.1164032	-0.19999176	0.17092111	0.33799238	0.47276593
-0.11649063	-0.20012949	0.17103475	0.33819162	0.47615467
-0.11657805	-0.20026719	0.17114837	0.33839079	0.47954626
-0.11666546	-0.20040486	0.17126195	0.33858988	0.48294067
-0.11675286	-0.20054249	0.17137551	0.3387889	0.48633792
-0.11684025	-0.2006801	0.17148903	0.33898783	0.48973799
-0.11692763	-0.20081767	0.17160253	0.33918669	0.49314087
-0.117015	-0.20095521	0.171716	0.33938546	0.49654655
-0.11710236	-0.20109273	0.17182943	0.33958416	0.49995504
-0.11718971	-0.2012302	0.17194284	0.33978278	0.50336632
-0.11727705	-0.20136765	0.17205622	0.33998132	0.50678039
-0.11736438	-0.20150507	0.17216957	0.34017978	0.51019723
-0.1174517	-0.20164245	0.17228288	0.34037816	0.51361685
-0.11753901	-0.2017798	0.17239617	0.34057646	0.51703924
-0.11762631	-0.20191712	0.17250943	0.34077468	0.52046438
-0.1177136	-0.2020544	0.17262265	0.34097282	0.52389227
-0.11780088	-0.20219165	0.17273585	0.34117089	0.52732291
-0.11788815	-0.20232887	0.17284901	0.34136887	0.53075629
-0.11797541	-0.20246606	0.17296214	0.34156677	0.5341924
-0.11806266	-0.20260321	0.17307525	0.34176459	0.53763123
-0.11814989	-0.20274033	0.17318832	0.34196233	0.54107278
-0.11823712	-0.20287741	0.17330136	0.34215999	0.54451705
-0.11832433	-0.20301447	0.17341437	0.34235756	0.54796401
-0.11841154	-0.20315148	0.17352735	0.34255506	0.55141367
-0.11849873	-0.20328847	0.1736403	0.34275248	0.55486602
-0.11858591	-0.20342542	0.17375321	0.34294981	0.55832106
-0.11867308	-0.20356234	0.1738661	0.34314706	0.56177877
-0.11876024	-0.20369922	0.17397895	0.34334424	0.56523914
-0.11884738	-0.20383607	0.17409177	0.34354132	0.56870218
-0.11893452	-0.20397288	0.17420456	0.34373833	0.57216788
-0.11902164	-0.20410966	0.17431731	0.34393526	0.57563622
-0.11910875	-0.2042464	0.17443004	0.3441321	0.5791072
-0.11919585	-0.20438311	0.17454273	0.34432886	0.58258082
-0.11928294	-0.20451979	0.17465539	0.34452554	0.58605706
-0.11937001	-0.20465642	0.17476802	0.34472214	0.58953592
-0.11945708	-0.20479303	0.17488062	0.34491865	0.59301739
-0.11954413	-0.2049296	0.17499318	0.34511508	0.59650147
-0.11963116	-0.20506613	0.17510571	0.34531143	0.59998815
-0.11971819	-0.20520263	0.17521821	0.34550769	0.60347741
-0.1198052	-0.20533909	0.17533067	0.34570388	0.60696927
-0.1198922	-0.20547551	0.1754431	0.34589997	0.61046369
-0.11997919	-0.2056119	0.1755555	0.34609599	0.61396069
-0.12006617	-0.20574826	0.17566787	0.34629192	0.61746025
-0.12015313	-0.20588458	0.1757802	0.34648777	0.62096236
-0.12024008	-0.20602086	0.1758925	0.34668353	0.62446703
-0.12032701	-0.2061571	0.17600476	0.34687921	0.62797423
-0.12041394	-0.20629331	0.176117	0.3470748	0.63148397
-0.12050085	-0.20642948	0.1762292	0.34727031	0.63499623
-0.12058774	-0.20656561	0.17634136	0.34746574	0.63851101
-0.12067462	-0.20670171	0.17645349	0.34766108	0.64202831
-0.12076149	-0.20683777	0.17656559	0.34785633	0.64554811
-0.12084835	-0.20697379	0.17667765	0.34805151	0.64907041
-0.12093519	-0.20710978	0.17678968	0.34824659	0.65259519
-0.12102202	-0.20724573	0.17690168	0.34844159	0.65612246
-0.12110883	-0.20738164	0.17701364	0.34863651	0.65965221
-0.12119563	-0.20751751	0.17712556	0.34883134	0.66318443
-0.12128242	-0.20765334	0.17723745	0.34902608	0.6667191
-0.12136919	-0.20778914	0.17734931	0.34922074	0.67025623
-0.12145595	-0.2079249	0.17746113	0.34941532	0.67379581
-0.12154269	-0.20806062	0.17757292	0.3496098	0.67733783
-0.12162942	-0.2081963	0.17768467	0.3498042	0.68088227
-0.12171613	-0.20833194	0.17779639	0.34999852	0.68442915
-0.12180283	-0.20846755	0.17790807	0.35019275	0.68797844
-0.12188952	-0.20860311	0.17801972	0.35038689	0.69153014
-0.12197619	-0.20873864	0.17813133	0.35058095	0.69508424
-0.12206285	-0.20887413	0.17824291	0.35077491	0.69864074
-0.12214949	-0.20900958	0.17835445	0.35096879	0.70219962
-0.12223611	-0.20914499	0.17846596	0.35116259	0.70576089
-0.12232272	-0.20928036	0.17857743	0.3513563	0.70932453
-0.12240932	-0.20941569	0.17868886	0.35154992	0.71289054
-0.1224959	-0.20955098	0.17880026	0.35174345	0.7164589
-0.12258246	-0.20968623	0.17891162	0.35193689	0.72002961
-0.12266901	-0.20982144	0.17902295	0.35213025	0.72360267
-0.12275554	-0.20995661	0.17913424	0.35232352	0.72717807
-0.12284206	-0.21009174	0.17924549	0.3525167	0.73075579
-0.12292856	-0.21022683	0.17935671	0.35270979	0.73433583
-0.12301505	-0.21036188	0.17946789	0.3529028	0.73791819
-0.12310152	-0.21049689	0.17957903	0.35309571	0.74150286
-0.12318797	-0.21063186	0.17969014	0.35328854	0.74508982
-0.12327441	-0.21076679	0.17980121	0.35348128	0.74867907
-0.12336083	-0.21090167	0.17991225	0.35367393	0.75227061
-0.12344724	-0.21103652	0.18002325	0.35386649	0.75586442
-0.12353363	-0.21117132	0.18013421	0.35405896	0.75946051
-0.12362	-0.21130609	0.18024513	0.35425135	0.76305885
-0.12370636	-0.21144081	0.18035602	0.35444364	0.76665945
-0.12379269	-0.21157549	0.18046686	0.35463584	0.77026229
-0.12387902	-0.21171013	0.18057768	0.35482796	0.77386737
-0.12396532	-0.21184472	0.18068845	0.35501998	0.77747469
-0.12405161	-0.21197928	0.18079919	0.35521192	0.78108422
-0.12413788	-0.21211379	0.18090988	0.35540376	0.78469598
-0.12422414	-0.21224826	0.18102055	0.35559551	0.78830994
-0.12431038	-0.21238269	0.18113117	0.35578718	0.7919261
-0.1243966	-0.21251708	0.18124175	0.35597875	0.79554445
-0.1244828	-0.21265142	0.1813523	0.35617024	0.79916499
-0.12456898	-0.21278572	0.18146281	0.35636163	0.80278771
-0.12465515	-0.21291998	0.18157328	0.35655293	0.8064126
-0.1247413	-0.21305419	0.18168371	0.35674414	0.81003965
-0.12482743	-0.21318836	0.1817941	0.35693526	0.81366886
-0.12491355	-0.21332249	0.18190446	0.35712629	0.81730021
-0.12499965	-0.21345658	0.18201478	0.35731723	0.82093371
-0.12508572	-0.21359062	0.18212505	0.35750807	0.82456933
-0.12517179	-0.21372462	0.18223529	0.35769883	0.82820708
-0.12525783	-0.21385857	0.18234549	0.35788949	0.83184695
-0.12534385	-0.21399248	0.18245565	0.35808006	0.83548892
-0.12542986	-0.21412635	0.18256577	0.35827054	0.839133
-0.12551584	-0.21426017	0.18267586	0.35846092	0.84277917
-0.12560181	-0.21439395	0.1827859	0.35865122	0.84642743
-0.12568776	-0.21452769	0.1828959	0.35884142	0.85007776
-0.1257737	-0.21466138	0.18300587	0.35903153	0.85373017
-0.12585961	-0.21479502	0.18311579	0.35922154	0.85738463
-0.1259455	-0.21492862	0.18322567	0.35941147	0.86104116
-0.12603138	-0.21506218	0.18333552	0.3596013	0.86469973
-0.12611723	-0.21519569	0.18344532	0.35979104	0.86836034
-0.12620307	-0.21532915	0.18355509	0.35998068	0.87202298
-0.12628889	-0.21546257	0.18366481	0.36017023	0.87568764
-0.12637468	-0.21559595	0.1837745	0.36035969	0.87935433
-0.12646046	-0.21572928	0.18388414	0.36054905	0.88302302
-0.12654622	-0.21586256	0.18399375	0.36073832	0.88669371
-0.12663196	-0.2159958	0.18410331	0.3609275	0.89036639
-0.12671768	-0.21612899	0.18421283	0.36111658	0.89404106
-0.12680338	-0.21626214	0.18432231	0.36130557	0.8977177
-0.12688906	-0.21639524	0.18443176	0.36149447	0.90139632
-0.12697472	-0.2165283	0.18454116	0.36168327	0.90507689
-0.12706036	-0.2166613	0.18465052	0.36187197	0.90875942
-0.12714598	-0.21679426	0.18475983	0.36206058	0.9124439
-0.12723158	-0.21692718	0.18486911	0.3622491	0.91613031
-0.12731716	-0.21706005	0.18497835	0.36243752	0.91981866
-0.12740272	-0.21719287	0.18508754	0.36262585	0.92350892
-0.12748825	-0.21732564	0.1851967	0.36281408	0.9272011
-0.12757377	-0.21745837	0.18530581	0.36300222	0.93089519
-0.12765927	-0.21759105	0.18541488	0.36319026	0.93459118
-0.12774475	-0.21772369	0.18552391	0.3633782	0.93828905
-0.1278302	-0.21785627	0.18563289	0.36356605	0.94198881
-0.12791563	-0.21798881	0.18574184	0.36375381	0.94569045
-0.12800105	-0.2181213	0.18585074	0.36394146	0.94939395
-0.12808644	-0.21825374	0.1859596	0.36412903	0.95309931
-0.12817181	-0.21838614	0.18606842	0.36431649	0.95680652
-0.12825716	-0.21851849	0.18617719	0.36450386	0.96051557
-0.12834249	-0.21865078	0.18628593	0.36469113	0.96422646
-0.12842779	-0.21878303	0.18639462	0.36487831	0.96793918
-0.12851308	-0.21891524	0.18650327	0.36506539	0.97165371
-0.12859834	-0.21904739	0.18661187	0.36525237	0.97537006
-0.12868358	-0.21917949	0.18672044	0.36543926	0.97908821
-0.1287688	-0.21931155	0.18682896	0.36562605	0.98280816
-0.128854	-0.21944356	0.18693743	0.36581274	0.98652989
-0.12893918	-0.21957551	0.18704587	0.36599934	0.9902534
-0.12902433	-0.21970742	0.18715426	0.36618584	0.99397869
-0.12910946	-0.21983928	0.18726261	0.36637224	0.99770574
-0.12919457	-0.21997109	0.18737091	0.36655854	1.0014345
-0.12927966	-0.22010285	0.18747917	0.36674474	1.0051651
-0.12936472	-0.22023456	0.18758739	0.36693085	1.0088974
-0.12944976	-0.22036623	0.18769556	0.36711686	1.0126314
-0.12953478	-0.22049784	0.18780369	0.36730277	1.0163671
-0.12961978	-0.2206294	0.18791178	0.36748858	1.0201046
-0.12970475	-0.22076091	0.18801982	0.3676743	1.0238438
-0.1297897	-0.22089237	0.18812782	0.36785991	1.0275846
-0.12987463	-0.22102378	0.18823578	0.36804543	1.0313272
-0.12995953	-0.22115514	0.18834369	0.36823085	1.0350714
-0.13004441	-0.22128645	0.18845155	0.36841617	1.0388173
-0.13012927	-0.22141771	0.18855937	0.36860139	1.0425649
-0.1302141	-0.22154892	0.18866715	0.36878651	1.0463142
-0.13029891	-0.22168007	0.18877488	0.36897153	1.0500651
-0.1303837	-0.22181118	0.18888257	0.36915645	1.0538176
-0.13046846	-0.22194223	0.18899022	0.36934127	1.0575718
-0.1305532	-0.22207324	0.18909781	0.369526	1.0613276
-0.13063792	-0.22220419	0.18920537	0.36971062	1.065085
-0.13072261	-0.22233509	0.18931288	0.36989514	1.068844
-0.13080728	-0.22246594	0.18942034	0.37007957	1.0726046
-0.13089192	-0.22259673	0.18952776	0.37026389	1.0763668
-0.13097654	-0.22272748	0.18963513	0.37044811	1.0801306
-0.13106114	-0.22285817	0.18974246	0.37063223	1.083896
-0.13114571	-0.22298881	0.18984974	0.37081626	1.087663
-0.13123025	-0.2231194	0.18995697	0.37100018	1.0914315
-0.13131478	-0.22324993	0.19006417	0.371184	1.0952015
-0.13139927	-0.22338041	0.19017131	0.37136772	1.0989731
-0.13148375	-0.22351084	0.19027841	0.37155134	1.1027463
-0.13156819	-0.22364122	0.19038546	0.37173486	1.106521
-0.13165261	-0.22377155	0.19049247	0.37191827	1.1102972
-0.13173701	-0.22390182	0.19059943	0.37210159	1.1140749
-0.13182138	-0.22403203	0.19070634	0.3722848	1.1178541
-0.13190573	-0.2241622	0.19081321	0.37246791	1.1216348
-0.13199005	-0.22429231	0.19092003	0.37265092	1.125417
-0.13207435	-0.22442237	0.19102681	0.37283383	1.1292006
-0.13215862	-0.22455237	0.19113354	0.37301664	1.1329858
-0.13224287	-0.22468232	0.19124022	0.37319934	1.1367724
-0.13232709	-0.22481222	0.19134686	0.37338194	1.1405605
-0.13241128	-0.22494206	0.19145344	0.37356444	1.14435
-0.13249545	-0.22507185	0.19155999	0.37374684	1.1481409
-0.13257959	-0.22520158	0.19166648	0.37392914	1.1519333
-0.13266371	-0.22533126	0.19177293	0.37411133	1.1557271
-0.1327478	-0.22546089	0.19187933	0.37429342	1.1595223
-0.13283186	-0.22559046	0.19198568	0.3744754	1.1633189
-0.1329159	-0.22571997	0.19209198	0.37465729	1.1671169
-0.13299991	-0.22584943	0.19219824	0.37483907	1.1709163
-0.1330839	-0.22597884	0.19230445	0.37502074	1.1747171
-0.13316785	-0.22610819	0.19241061	0.37520231	1.1785192
-0.13325179	-0.22623748	0.19251673	0.37538378	1.1823228
-0.13333569	-0.22636672	0.19262279	0.37556515	1.1861276
-0.13341957	-0.22649591	0.19272881	0.37574641	1.1899338
-0.13350342	-0.22662504	0.19283478	0.37592757	1.1937414
-0.13358724	-0.22675411	0.19294071	0.37610862	1.1975503
-0.13367104	-0.22688313	0.19304658	0.37628957	1.2013605
-0.13375481	-0.22701209	0.1931524	0.37647042	1.205172
-0.13383855	-0.22714099	0.19325818	0.37665116	1.2089848
-0.13392227	-0.22726984	0.19336391	0.3768318	1.212799
-0.13400596	-0.22739863	0.19346959	0.37701233	1.2166144
-0.13408962	-0.22752737	0.19357522	0.37719276	1.2204311
-0.13417325	-0.22765605	0.1936808	0.37737308	1.224249
-0.13425686	-0.22778467	0.19378634	0.3775533	1.2280683
-0.13434043	-0.22791324	0.19389182	0.37773341	1.2318887
-0.13442398	-0.22804175	0.19399726	0.37791342	1.2357105
-0.1345075	-0.2281702	0.19410264	0.37809332	1.2395334
-0.134591	-0.22829859	0.19420798	0.37827312	1.2433576
-0.13467446	-0.22842693	0.19431327	0.37845281	1.2471831
-0.1347579	-0.22855521	0.19441851	0.37863239	1.2510097
-0.13484131	-0.22868343	0.19452369	0.37881187	1.2548375
-0.13492469	-0.2288116	0.19462883	0.37899124	1.2586666
-0.13500804	-0.22893971	0.19473392	0.37917051	1.2624968
-0.13509136	-0.22906776	0.19483896	0.37934967	1.2663282
-0.13517466	-0.22919575	0.19494395	0.37952873	1.2701608
-0.13525792	-0.22932368	0.19504889	0.37970768	1.2739945
-0.13534116	-0.22945156	0.19515378	0.37988652	1.2778294
-0.13542437	-0.22957937	0.19525862	0.38006525	1.2816654
-0.13550754	-0.22970713	0.19536341	0.38024388	1.2855026
-0.13559069	-0.22983483	0.19546814	0.3804224	1.2893409
-0.13567381	-0.22996247	0.19557283	0.38060082	1.2931803
-0.1357569	-0.23009005	0.19567747	0.38077913	1.2970209
-0.13583997	-0.23021758	0.19578206	0.38095733	1.3008625
-0.135923	-0.23034504	0.19588659	0.38113542	1.3047052
-0.136006	-0.23047245	0.19599108	0.3813134	1.3085491
-0.13608897	-0.23059979	0.19609551	0.38149128	1.312394
-0.13617191	-0.23072708	0.1961999	0.38166905	1.3162399
-0.13625483	-0.2308543	0.19630423	0.38184672	1.320087
-0.13633771	-0.23098147	0.19640851	0.38202427	1.3239351
-0.13642056	-0.23110858	0.19651274	0.38220172	1.3277842
-0.13650339	-0.23123563	0.19661692	0.38237906	1.3316344
-0.13658618	-0.23136261	0.19672104	0.38255629	1.3354856
-0.13666894	-0.23148954	0.19682512	0.38273341	1.3393378
-0.13675167	-0.23161641	0.19692914	0.38291042	1.343191
-0.13683437	-0.23174321	0.19703311	0.38308732	1.3470452
-0.13691705	-0.23186996	0.19713703	0.38326412	1.3509005
-0.13699969	-0.23199665	0.1972409	0.38344081	1.3547567
-0.1370823	-0.23212327	0.19734472	0.38361739	1.3586139
-0.13716487	-0.23224983	0.19744848	0.38379385	1.362472
-0.13724742	-0.23237634	0.19755219	0.38397021	1.3663311
-0.13732994	-0.23250278	0.19765585	0.38414647	1.3701912
-0.13741242	-0.23262916	0.19775946	0.38432261	1.3740522
-0.13749488	-0.23275548	0.19786302	0.38449864	1.3779141
-0.1375773	-0.23288174	0.19796652	0.38467456	1.381777
-0.13765969	-0.23300793	0.19806997	0.38485037	1.3856408
-0.13774205	-0.23313407	0.19817337	0.38502607	1.3895055
-0.13782438	-0.23326014	0.19827671	0.38520167	1.3933711
-0.13790668	-0.23338615	0.19838	0.38537715	1.3972376
-0.13798894	-0.2335121	0.19848324	0.38555252	1.4011049
-0.13807118	-0.23363799	0.19858642	0.38572778	1.4049732
-0.13815338	-0.23376382	0.19868956	0.38590293	1.4088423
-0.13823555	-0.23388958	0.19879264	0.38607797	1.4127123
-0.13831768	-0.23401528	0.19889566	0.3862529	1.4165831
-0.13839979	-0.23414092	0.19899863	0.38642772	1.4204547
-0.13848186	-0.23426649	0.19910155	0.38660243	1.4243272
-0.1385639	-0.234392	0.19920442	0.38677703	1.4282005
-0.13864591	-0.23451745	0.19930723	0.38695152	1.4320747
-0.13872789	-0.23464284	0.19940999	0.38712589	1.4359496
-0.13880983	-0.23476816	0.19951269	0.38730016	1.4398253
-0.13889174	-0.23489342	0.19961534	0.38747431	1.4437018
-0.13897362	-0.23501862	0.19971793	0.38764835	1.4475791
-0.13905546	-0.23514375	0.19982048	0.38782228	1.4514572
-0.13913727	-0.23526882	0.19992296	0.38799609	1.4553361
-0.13921905	-0.23539382	0.2000254	0.3881698	1.4592156
-0.1393008	-0.23551876	0.20012778	0.38834339	1.463096
-0.13938251	-0.23564364	0.2002301	0.38851687	1.4669771
-0.13946419	-0.23576846	0.20033237	0.38869024	1.4708589
-0.13954583	-0.23589321	0.20043458	0.3888635	1.4747414
-0.13962744	-0.23601789	0.20053674	0.38903665	1.4786246
-0.13970902	-0.23614251	0.20063885	0.38920968	1.4825086
-0.13979057	-0.23626707	0.2007409	0.3893826	1.4863932
-0.13987208	-0.23639156	0.2008429	0.3895554	1.4902785
-0.13995355	-0.23651598	0.20094484	0.3897281	1.4941645
-0.140035	-0.23664035	0.20104672	0.38990068	1.4980512
-0.14011641	-0.23676464	0.20114855	0.39007314	1.5019385
-0.14019778	-0.23688887	0.20125032	0.3902455	1.5058265
-0.14027912	-0.23701304	0.20135204	0.39041774	1.5097151
-0.14036043	-0.23713714	0.20145371	0.39058987	1.5136043
-0.1404417	-0.23726118	0.20155531	0.39076188	1.5174942
-0.14052294	-0.23738515	0.20165687	0.39093378	1.5213847
-0.14060414	-0.23750905	0.20175836	0.39110557	1.5252758
-0.14068531	-0.23763289	0.2018598	0.39127724	1.5291675
-0.14076644	-0.23775666	0.20196119	0.3914488	1.5330598
-0.14084754	-0.23788037	0.20206252	0.39162024	1.5369527
-0.1409286	-0.23800401	0.20216379	0.39179157	1.5408462
-0.14100963	-0.23812758	0.202265	0.39196279	1.5447402
-0.14109062	-0.23825109	0.20236616	0.39213389	1.5486348
-0.14117158	-0.23837453	0.20246727	0.39230488	1.5525299
-0.14125251	-0.23849791	0.20256831	0.39247575	1.5564255
-0.14133339	-0.23862121	0.2026693	0.39264651	1.5603217
-0.14141425	-0.23874446	0.20277024	0.39281715	1.5642184
-0.14149506	-0.23886763	0.20287112	0.39298768	1.5681157
-0.14157584	-0.23899074	0.20297194	0.39315809	1.5720134
-0.14165659	-0.23911378	0.2030727	0.39332839	1.5759116
-0.1417373	-0.23923675	0.2031734	0.39349857	1.5798104
-0.14181797	-0.23935966	0.20327405	0.39366864	1.5837095
-0.14189861	-0.23948249	0.20337465	0.39383859	1.5876092
-0.14197921	-0.23960526	0.20347518	0.39400843	1.5915093
-0.14205978	-0.23972797	0.20357566	0.39417815	1.5954099
-0.14214031	-0.2398506	0.20367608	0.39434775	1.5993109
-0.1422208	-0.23997317	0.20377644	0.39451724	1.6032124
-0.14230125	-0.24009567	0.20387674	0.39468661	1.6071143
-0.14238167	-0.2402181	0.20397699	0.39485587	1.6110166
-0.14246206	-0.24034046	0.20407718	0.39502501	1.6149193
-0.1425424	-0.24046275	0.20417731	0.39519403	1.6188224
-0.14262271	-0.24058498	0.20427738	0.39536294	1.6227259
-0.14270299	-0.24070714	0.2043774	0.39553173	1.6266298
-0.14278322	-0.24082922	0.20447736	0.3957004	1.6305341
-0.14286342	-0.24095124	0.20457725	0.39586896	1.6344387
-0.14294358	-0.24107319	0.2046771	0.3960374	1.6383437
-0.14302371	-0.24119507	0.20477688	0.39620573	1.6422491
-0.1431038	-0.24131689	0.2048766	0.39637393	1.6461547
-0.14318385	-0.24143863	0.20497627	0.39654202	1.6500607
-0.14326386	-0.2415603	0.20507587	0.39670999	1.6539671
-0.14334383	-0.24168191	0.20517542	0.39687785	1.6578737
-0.14342377	-0.24180344	0.20527491	0.39704559	1.6617807
-0.14350367	-0.2419249	0.20537434	0.39721321	1.6656879
-0.14358353	-0.2420463	0.20547371	0.39738071	1.6695955
-0.14366336	-0.24216762	0.20557302	0.39754809	1.6735033
-0.14374314	-0.24228888	0.20567228	0.39771536	1.6774114
-0.14382289	-0.24241006	0.20577147	0.39788251	1.6813197
-0.1439026	-0.24253118	0.2058706	0.39804954	1.6852283
-0.14398227	-0.24265222	0.20596968	0.39821645	1.6891372
-0.14406191	-0.24277319	0.20606869	0.39838324	1.6930463
-0.1441415	-0.2428941	0.20616765	0.39854992	1.6969556
-0.14422106	-0.24301493	0.20626655	0.39871647	1.7008651
-0.14430058	-0.24313569	0.20636538	0.39888291	1.7047748
-0.14438005	-0.24325638	0.20646416	0.39904923	1.7086848
-0.14445949	-0.243377	0.20656288	0.39921543	1.7125949
-0.1445389	-0.24349755	0.20666153	0.39938151	1.7165052
-0.14461826	-0.24361802	0.20676013	0.39954748	1.7204157
-0.14469758	-0.24373843	0.20685867	0.39971332	1.7243264
-0.14477687	-0.24385876	0.20695714	0.39987904	1.7282372
-0.14485611	-0.24397902	0.20705556	0.40004465	1.7321482
-0.14493532	-0.24409921	0.20715392	0.40021013	1.7360593
-0.14501448	-0.24421933	0.20725221	0.4003755	1.7399705
-0.14509361	-0.24433938	0.20735045	0.40054075	1.7438819
-0.1451727	-0.24445935	0.20744862	0.40070587	1.7477933
-0.14525175	-0.24457926	0.20754673	0.40087088	1.7517049
-0.14533076	-0.24469909	0.20764479	0.40103577	1.7556166
-0.14540972	-0.24481885	0.20774278	0.40120053	1.7595284
-0.14548865	-0.24493853	0.20784071	0.40136518	1.7634402
-0.14556754	-0.24505814	0.20793858	0.4015297	1.7673521
-0.14564639	-0.24517768	0.20803639	0.40169411	1.7712641
-0.1457252	-0.24529715	0.20813413	0.4018584	1.7751761
-0.14580397	-0.24541655	0.20823182	0.40202256	1.7790882
-0.14588269	-0.24553587	0.20832944	0.40218661	1.7830003
-0.14596138	-0.24565512	0.20842701	0.40235053	1.7869125
-0.14604003	-0.24577429	0.20852451	0.40251433	1.7908246
-0.14611864	-0.24589339	0.20862195	0.40267801	1.7947368
-0.1461972	-0.24601242	0.20871933	0.40284157	1.798649
-0.14627573	-0.24613138	0.20881664	0.40300501	1.8025611
-0.14635421	-0.24625026	0.2089139	0.40316833	1.8064733
-0.14643265	-0.24636907	0.20901109	0.40333153	1.8103854
-0.14651106	-0.2464878	0.20910822	0.4034946	1.8142975
-0.14658942	-0.24660646	0.20920529	0.40365756	1.8182095
-0.14666774	-0.24672504	0.20930229	0.40382039	1.8221215
-0.14674602	-0.24684356	0.20939924	0.4039831	1.8260334
-0.14682425	-0.24696199	0.20949612	0.40414569	1.8299453
-0.14690245	-0.24708036	0.20959294	0.40430816	1.8338571
-0.14698061	-0.24719864	0.20968969	0.4044705	1.8377688
-0.14705872	-0.24731686	0.20978639	0.40463272	1.8416804
-0.14713679	-0.247435	0.20988302	0.40479482	1.8455919
-0.14721482	-0.24755306	0.20997959	0.4049568	1.8495033
-0.14729281	-0.24767105	0.21007609	0.40511866	1.8534146
-0.14737075	-0.24778896	0.21017253	0.40528039	1.8573257
-0.14744866	-0.2479068	0.21026891	0.405442	1.8612367
-0.14752652	-0.24802457	0.21036523	0.40560349	1.8651476
-0.14760434	-0.24814225	0.21046148	0.40576485	1.8690583
-0.14768212	-0.24825987	0.21055767	0.4059261	1.8729688
-0.14775985	-0.2483774	0.2106538	0.40608721	1.8768792
-0.14783754	-0.24849487	0.21074986	0.40624821	1.8807894
-0.14791519	-0.24861225	0.21084586	0.40640908	1.8846994
-0.1479928	-0.24872956	0.2109418	0.40656983	1.8886092
-0.14807037	-0.2488468	0.21103767	0.40673046	1.8925187
-0.14814789	-0.24896395	0.21113348	0.40689096	1.8964281
-0.14822537	-0.24908104	0.21122922	0.40705134	1.9003373
-0.1483028	-0.24919804	0.2113249	0.4072116	1.9042462
-0.1483802	-0.24931497	0.21142052	0.40737173	1.9081549
-0.14845755	-0.24943182	0.21151607	0.40753174	1.9120633
-0.14853485	-0.2495486	0.21161156	0.40769162	1.9159714
-0.14861212	-0.2496653	0.21170699	0.40785138	1.9198793
-0.14868934	-0.24978192	0.21180235	0.40801101	1.9237869
-0.14876651	-0.24989847	0.21189764	0.40817053	1.9276943
-0.14884365	-0.25001493	0.21199287	0.40832991	1.9316013
-0.14892074	-0.25013133	0.21208804	0.40848918	1.935508
-0.14899778	-0.25024764	0.21218314	0.40864831	1.9394145
-0.14907479	-0.25036388	0.21227818	0.40880733	1.9433206
-0.14915174	-0.25048004	0.21237315	0.40896622	1.9472263
-0.14922866	-0.25059612	0.21246806	0.40912498	1.9511318
-0.14930553	-0.25071212	0.2125629	0.40928362	1.9550369
-0.14938236	-0.25082805	0.21265768	0.40944213	1.9589416
-0.14945914	-0.2509439	0.21275239	0.40960052	1.962846
-0.14953588	-0.25105967	0.21284704	0.40975879	1.96675
-0.14961257	-0.25117536	0.21294162	0.40991692	1.9706536
-0.14968922	-0.25129097	0.21303614	0.41007494	1.9745568
-0.14976582	-0.25140651	0.21313059	0.41023283	1.9784597
-0.14984238	-0.25152197	0.21322497	0.41039059	1.9823621
-0.1499189	-0.25163735	0.21331929	0.41054822	1.9862641
-0.14999537	-0.25175265	0.21341355	0.41070573	1.9901657
-0.15007179	-0.25186787	0.21350774	0.41086312	1.9940668
-0.15014818	-0.25198301	0.21360186	0.41102038	1.9979675
-0.15022451	-0.25209808	0.21369592	0.41117751	2.0018678
-0.1503008	-0.25221306	0.21378991	0.41133452	2.0057676
-0.15037705	-0.25232797	0.21388384	0.4114914	2.0096669
-0.15045325	-0.2524428	0.21397769	0.41164815	2.0135658
-0.1505294	-0.25255755	0.21407149	0.41180478	2.0174642
-0.15060551	-0.25267221	0.21416521	0.41196128	2.021362
-0.15068158	-0.2527868	0.21425887	0.41211766	2.0252594
-0.15075759	-0.25290131	0.21435247	0.41227391	2.0291563
-0.15083357	-0.25301574	0.214446	0.41243003	2.0330526
-0.15090949	-0.25313009	0.21453946	0.41258602	2.0369485
-0.15098537	-0.25324436	0.21463285	0.41274189	2.0408437
-0.15106121	-0.25335855	0.21472618	0.41289763	2.0447385
-0.151137	-0.25347266	0.21481944	0.41305325	2.0486327
-0.15121274	-0.25358669	0.21491263	0.41320873	2.0525263
-0.15128844	-0.25370064	0.21500576	0.41336409	2.0564193
-0.15136409	-0.25381451	0.21509882	0.41351933	2.0603118
-0.15143969	-0.2539283	0.21519181	0.41367443	2.0642037
-0.15151525	-0.25404201	0.21528474	0.41382941	2.068095
-0.15159076	-0.25415564	0.2153776	0.41398426	2.0719857
-0.15166623	-0.25426918	0.21547039	0.41413898	2.0758757
-0.15174165	-0.25438265	0.21556311	0.41429357	2.0797652
-0.15181702	-0.25449603	0.21565577	0.41444804	2.083654
-0.15189234	-0.25460934	0.21574835	0.41460238	2.0875422
-0.15196762	-0.25472256	0.21584088	0.41475659	2.0914297
-0.15204285	-0.2548357	0.21593333	0.41491067	2.0953166
-0.15211803	-0.25494876	0.21602571	0.41506462	2.0992028
-0.15219317	-0.25506174	0.21611803	0.41521845	2.1030883
-0.15226826	-0.25517464	0.21621028	0.41537215	2.1069732
-0.1523433	-0.25528745	0.21630246	0.41552572	2.1108573
-0.1524183	-0.25540018	0.21639458	0.41567916	2.1147408
-0.15249324	-0.25551284	0.21648662	0.41583247	2.1186235
-0.15256814	-0.25562541	0.2165786	0.41598565	2.1225056
-0.152643	-0.25573789	0.21667051	0.4161387	2.1263869
-0.1527178	-0.2558503	0.21676235	0.41629163	2.1302674
-0.15279256	-0.25596262	0.21685412	0.41644442	2.1341473
-0.15286726	-0.25607486	0.21694582	0.41659709	2.1380264
-0.15294193	-0.25618702	0.21703746	0.41674963	2.1419047
-0.15301654	-0.2562991	0.21712902	0.41690204	2.1457822
-0.1530911	-0.25641109	0.21722052	0.41705431	2.149659
-0.15316562	-0.256523	0.21731195	0.41720646	2.153535
-0.15324009	-0.25663483	0.21740331	0.41735848	2.1574102
-0.15331451	-0.25674657	0.2174946	0.41751037	2.1612846
-0.15338888	-0.25685823	0.21758582	0.41766213	2.1651582
-0.1534632	-0.25696981	0.21767697	0.41781376	2.1690309
-0.15353748	-0.25708131	0.21776805	0.41796527	2.1729029
-0.1536117	-0.25719272	0.21785907	0.41811664	2.176774
-0.15368588	-0.25730405	0.21795001	0.41826788	2.1806442
-0.15376001	-0.25741529	0.21804089	0.41841899	2.1845136
-0.15383409	-0.25752645	0.21813169	0.41856997	2.1883822
-0.15390812	-0.25763753	0.21822243	0.41872082	2.1922498
-0.1539821	-0.25774852	0.21831309	0.41887154	2.1961166
-0.15405603	-0.25785943	0.21840369	0.41902213	2.1999825
-0.15412991	-0.25797026	0.21849422	0.41917259	2.2038475
-0.15420375	-0.258081	0.21858467	0.41932291	2.2077116
-0.15427753	-0.25819166	0.21867506	0.41947311	2.2115748
-0.15435126	-0.25830223	0.21876538	0.41962318	2.2154371
-0.15442495	-0.25841272	0.21885562	0.41977311	2.2192984
-0.15449859	-0.25852313	0.2189458	0.41992292	2.2231588
-0.15457217	-0.25863345	0.21903591	0.42007259	2.2270183
-0.15464571	-0.25874368	0.21912594	0.42022214	2.2308768
-0.15471919	-0.25885383	0.21921591	0.42037155	2.2347343
-0.15479263	-0.2589639	0.2193058	0.42052083	2.2385909
-0.15486602	-0.25907388	0.21939563	0.42066998	2.2424465
-0.15493935	-0.25918377	0.21948538	0.42081899	2.246301
-0.15501264	-0.25929359	0.21957506	0.42096788	2.2501546
-0.15508587	-0.25940331	0.21966468	0.42111663	2.2540072
-0.15515906	-0.25951295	0.21975422	0.42126526	2.2578588
-0.1552322	-0.25962251	0.21984369	0.42141375	2.2617093
-0.15530528	-0.25973197	0.21993309	0.42156211	2.2655589
-0.15537831	-0.25984136	0.22002242	0.42171033	2.2694073
-0.1554513	-0.25995066	0.22011168	0.42185843	2.2732548
-0.15552423	-0.26005987	0.22020086	0.42200639	2.2771011
-0.15559711	-0.26016899	0.22028998	0.42215422	2.2809465
-0.15566994	-0.26027803	0.22037902	0.42230192	2.2847907
-0.15574272	-0.26038699	0.220468	0.42244949	2.2886338
-0.15581545	-0.26049586	0.2205569	0.42259692	2.2924759
-0.15588813	-0.26060464	0.22064573	0.42274422	2.2963169
-0.15596076	-0.26071333	0.22073449	0.42289139	2.3001567
-0.15603333	-0.26082194	0.22082317	0.42303843	2.3039955
-0.15610586	-0.26093047	0.22091179	0.42318533	2.3078331
-0.15617833	-0.2610389	0.22100033	0.4233321	2.3116696
-0.15625075	-0.26114725	0.2210888	0.42347874	2.3155049
-0.15632312	-0.26125551	0.2211772	0.42362524	2.3193391
-0.15639544	-0.26136369	0.22126553	0.42377161	2.3231721
-0.15646771	-0.26147178	0.22135378	0.42391785	2.327004
-0.15653992	-0.26157978	0.22144197	0.42406396	2.3308347
-0.15661209	-0.26168769	0.22153008	0.42420993	2.3346642
-0.1566842	-0.26179552	0.22161812	0.42435577	2.3384926
-0.15675626	-0.26190326	0.22170608	0.42450147	2.3423197
-0.15682826	-0.26201091	0.22179398	0.42464705	2.3461456
-0.15690022	-0.26211848	0.2218818	0.42479248	2.3499703
-0.15697212	-0.26222596	0.22196955	0.42493779	2.3537938
-0.15704397	-0.26233335	0.22205722	0.42508296	2.357616
-0.15711577	-0.26244065	0.22214483	0.425228	2.361437
-0.15718752	-0.26254786	0.22223236	0.4253729	2.3652568
-0.15725921	-0.26265499	0.22231981	0.42551767	2.3690753
-0.15733085	-0.26276203	0.2224072	0.4256623	2.3728925
-0.15740244	-0.26286898	0.22249451	0.42580681	2.3767085
-0.15747397	-0.26297584	0.22258175	0.42595117	2.3805232
-0.15754545	-0.26308261	0.22266892	0.42609541	2.3843366
-0.15761688	-0.2631893	0.22275601	0.4262395	2.3881486
-0.15768826	-0.26329589	0.22284303	0.42638347	2.3919594
-0.15775958	-0.2634024	0.22292997	0.4265273	2.3957689
-0.15783085	-0.26350882	0.22301685	0.42667099	2.399577
-0.15790207	-0.26361515	0.22310365	0.42681455	2.4033838
-0.15797323	-0.26372139	0.22319037	0.42695798	2.4071893
-0.15804434	-0.26382754	0.22327702	0.42710127	2.4109934
-0.1581154	-0.26393361	0.2233636	0.42724442	2.4147962
-0.1581864	-0.26403958	0.22345011	0.42738744	2.4185976
-0.15825735	-0.26414547	0.22353654	0.42753033	2.4223976
-0.15832825	-0.26425126	0.2236229	0.42767308	2.4261963
-0.15839909	-0.26435697	0.22370918	0.4278157	2.4299935
-0.15846988	-0.26446259	0.22379539	0.42795818	2.4337894
-0.15854061	-0.26456812	0.22388152	0.42810052	2.4375838
-0.15861129	-0.26467355	0.22396758	0.42824273	2.4413769
-0.15868192	-0.2647789	0.22405357	0.42838481	2.4451685
-0.15875249	-0.26488416	0.22413948	0.42852675	2.4489587
-0.15882301	-0.26498933	0.22422532	0.42866855	2.4527474
-0.15889348	-0.26509441	0.22431109	0.42881022	2.4565347
-0.15896389	-0.2651994	0.22439678	0.42895175	2.4603206
-0.15903424	-0.26530429	0.22448239	0.42909314	2.464105
-0.15910454	-0.2654091	0.22456793	0.4292344	2.4678879
-0.15917479	-0.26551382	0.2246534	0.42937553	2.4716693
-0.15924498	-0.26561845	0.22473879	0.42951652	2.4754493
-0.15931512	-0.26572299	0.22482411	0.42965737	2.4792277
-0.1593852	-0.26582743	0.22490935	0.42979808	2.4830047
-0.15945523	-0.26593179	0.22499451	0.42993866	2.4867801
-0.1595252	-0.26603605	0.22507961	0.43007911	2.490554
-0.15959512	-0.26614023	0.22516462	0.43021941	2.4943264
-0.15966498	-0.26624431	0.22524956	0.43035958	2.4980972
-0.15973479	-0.2663483	0.22533443	0.43049962	2.5018665
-0.15980454	-0.2664522	0.22541922	0.43063952	2.5056343
-0.15987424	-0.26655601	0.22550394	0.43077928	2.5094005
-0.15994388	-0.26665973	0.22558858	0.4309189	2.5131651
-0.16001347	-0.26676336	0.22567314	0.43105839	2.5169281
-0.160083	-0.2668669	0.22575763	0.43119774	2.5206896
-0.16015247	-0.26697034	0.22584205	0.43133695	2.5244495
-0.16022189	-0.26707369	0.22592639	0.43147603	2.5282077
-0.16029126	-0.26717696	0.22601065	0.43161497	2.5319644
-0.16036056	-0.26728013	0.22609484	0.43175377	2.5357194
-0.16042982	-0.2673832	0.22617895	0.43189244	2.5394729
-0.16049901	-0.26748619	0.22626298	0.43203096	2.5432246
-0.16056815	-0.26758908	0.22634694	0.43216936	2.5469748
-0.16063724	-0.26769189	0.22643083	0.43230761	2.5507233
-0.16070627	-0.2677946	0.22651463	0.43244572	2.5544701
-0.16077524	-0.26789721	0.22659836	0.4325837	2.5582153
-0.16084415	-0.26799974	0.22668202	0.43272154	2.5619588
-0.16091301	-0.26810217	0.2267656	0.43285925	2.5657006
-0.16098182	-0.26820451	0.2268491	0.43299681	2.5694407
-0.16105056	-0.26830676	0.22693253	0.43313424	2.5731791
-0.16111925	-0.26840891	0.22701588	0.43327153	2.5769159
-0.16118789	-0.26851098	0.22709915	0.43340868	2.5806509
-0.16125646	-0.26861295	0.22718235	0.43354569	2.5843842
-0.16132498	-0.26871482	0.22726547	0.43368257	2.5881157
-0.16139345	-0.26881661	0.22734851	0.43381931	2.5918455
-0.16146185	-0.2689183	0.22743148	0.43395591	2.5955736
-0.1615302	-0.26901989	0.22751437	0.43409237	2.5992999
-0.1615985	-0.2691214	0.22759718	0.43422869	2.6030245
-0.16166673	-0.26922281	0.22767992	0.43436487	2.6067473
-0.16173491	-0.26932413	0.22776258	0.43450092	2.6104683
-0.16180303	-0.26942535	0.22784516	0.43463683	2.6141876
-0.16187109	-0.26952648	0.22792767	0.4347726	2.617905
-0.1619391	-0.26962752	0.22801009	0.43490823	2.6216206
-0.16200705	-0.26972846	0.22809244	0.43504372	2.6253345
-0.16207494	-0.26982931	0.22817472	0.43517907	2.6290465
-0.16214277	-0.26993007	0.22825691	0.43531428	2.6327567
-0.16221055	-0.27003073	0.22833903	0.43544936	2.6364651
-0.16227827	-0.2701313	0.22842107	0.4355843	2.6401716
-0.16234593	-0.27023177	0.22850304	0.43571909	2.6438763
-0.16241353	-0.27033215	0.22858492	0.43585375	2.6475791
-0.16248108	-0.27043244	0.22866673	0.43598827	2.65128
-0.16254856	-0.27053263	0.22874846	0.43612265	2.6549791
-0.16261599	-0.27063273	0.22883012	0.43625689	2.6586763
-0.16268336	-0.27073273	0.22891169	0.43639099	2.6623717
-0.16275068	-0.27083264	0.22899319	0.43652495	2.6660651
-0.16281793	-0.27093245	0.22907461	0.43665877	2.6697566
-0.16288513	-0.27103217	0.22915595	0.43679246	2.6734462
-0.16295226	-0.27113179	0.22923721	0.436926	2.6771339
-0.16301934	-0.27123132	0.2293184	0.4370594	2.6808197
-0.16308636	-0.27133075	0.22939951	0.43719267	2.6845035
-0.16315332	-0.27143009	0.22948054	0.43732579	2.6881854
-0.16322023	-0.27152934	0.22956149	0.43745877	2.6918654
-0.16328707	-0.27162849	0.22964236	0.43759162	2.6955434
-0.16335386	-0.27172754	0.22972315	0.43772432	2.6992194
-0.16342058	-0.2718265	0.22980387	0.43785689	2.7028935
-0.16348725	-0.27192536	0.22988451	0.43798931	2.7065656
-0.16355386	-0.27202413	0.22996506	0.43812159	2.7102357
-0.16362041	-0.2721228	0.23004554	0.43825374	2.7139037
-0.1636869	-0.27222138	0.23012595	0.43838574	2.7175698
-0.16375333	-0.27231986	0.23020627	0.4385176	2.7212339
-0.16381971	-0.27241824	0.23028651	0.43864933	2.724896
-0.16388602	-0.27251653	0.23036668	0.43878091	2.728556
-0.16395227	-0.27261472	0.23044676	0.43891235	2.7322141
-0.16401847	-0.27271282	0.23052677	0.43904365	2.73587
-0.1640846	-0.27281082	0.2306067	0.43917482	2.7395239
-0.16415068	-0.27290873	0.23068655	0.43930584	2.7431758
-0.16421669	-0.27300654	0.23076631	0.43943672	2.7468256
-0.16428265	-0.27310425	0.230846	0.43956745	2.7504733
-0.16434854	-0.27320186	0.23092562	0.43969805	2.754119
-0.16441438	-0.27329938	0.23100515	0.43982851	2.7577626
-0.16448015	-0.27339681	0.2310846	0.43995883	2.761404
-0.16454587	-0.27349413	0.23116397	0.440089	2.7650434
-0.16461153	-0.27359136	0.23124327	0.44021904	2.7686807
-0.16467712	-0.2736885	0.23132248	0.44034893	2.7723158
-0.16474266	-0.27378553	0.23140162	0.44047868	2.7759488
-0.16480813	-0.27388247	0.23148067	0.44060829	2.7795797
-0.16487355	-0.27397932	0.23155964	0.44073776	2.7832085
-0.1649389	-0.27407606	0.23163854	0.44086709	2.7868351
-0.1650042	-0.27417271	0.23171736	0.44099628	2.7904595
-0.16506943	-0.27426926	0.23179609	0.44112532	2.7940818
-0.16513461	-0.27436572	0.23187475	0.44125423	2.7977019
-0.16519972	-0.27446208	0.23195332	0.44138299	2.8013199
-0.16526477	-0.27455834	0.23203182	0.44151161	2.8049356
-0.16532976	-0.2746545	0.23211023	0.44164009	2.8085492
-0.16539469	-0.27475056	0.23218857	0.44176843	2.8121605
-0.16545956	-0.27484653	0.23226682	0.44189662	2.8157697
-0.16552437	-0.2749424	0.232345	0.44202468	2.8193766
-0.16558912	-0.27503817	0.23242309	0.44215259	2.8229814
-0.16565381	-0.27513385	0.23250111	0.44228036	2.8265839
-0.16571843	-0.27522942	0.23257904	0.44240799	2.8301841
-0.165783	-0.2753249	0.2326569	0.44253547	2.8337821
-0.1658475	-0.27542028	0.23273467	0.44266282	2.8373779
-0.16591194	-0.27551557	0.23281236	0.44279002	2.8409714
-0.16597632	-0.27561075	0.23288997	0.44291708	2.8445626
-0.16604064	-0.27570584	0.2329675	0.443044	2.8481516
-0.1661049	-0.27580082	0.23304496	0.44317077	2.8517383
-0.16616909	-0.27589571	0.23312233	0.4432974	2.8553227
-0.16623323	-0.27599051	0.23319961	0.44342389	2.8589048
-0.1662973	-0.2760852	0.23327682	0.44355024	2.8624846
-0.16636131	-0.27617979	0.23335395	0.44367645	2.8660621
-0.16642526	-0.27627429	0.233431	0.44380251	2.8696373
-0.16648915	-0.27636869	0.23350796	0.44392843	2.8732101
-0.16655297	-0.27646298	0.23358484	0.44405421	2.8767806
-0.16661674	-0.27655718	0.23366165	0.44417985	2.8803488
-0.16668044	-0.27665129	0.23373837	0.44430534	2.8839147
-0.16674408	-0.27674529	0.23381501	0.44443069	2.8874781
-0.16680766	-0.27683919	0.23389157	0.44455589	2.8910393
-0.16687117	-0.27693299	0.23396805	0.44468096	2.894598
-0.16693462	-0.2770267	0.23404444	0.44480588	2.8981544
-0.16699801	-0.2771203	0.23412076	0.44493066	2.9017084
-0.16706134	-0.27721381	0.23419699	0.44505529	2.90526
-0.16712461	-0.27730722	0.23427314	0.44517979	2.9088092
-0.16718781	-0.27740053	0.23434921	0.44530413	2.912356
-0.16725095	-0.27749373	0.2344252	0.44542834	2.9159004
-0.16731403	-0.27758684	0.23450111	0.4455524	2.9194424
-0.16737704	-0.27767985	0.23457693	0.44567632	2.9229819
-0.16744	-0.27777276	0.23465268	0.4458001	2.926519
-0.16750289	-0.27786557	0.23472834	0.44592373	2.9300537
-0.16756571	-0.27795828	0.23480392	0.44604722	2.9335859
-0.16762848	-0.27805089	0.23487942	0.44617057	2.9371157
-0.16769118	-0.2781434	0.23495483	0.44629377	2.940643
-0.16775381	-0.27823581	0.23503017	0.44641683	2.9441679
-0.16781639	-0.27832812	0.23510542	0.44653974	2.9476902
-0.1678789	-0.27842033	0.23518059	0.44666251	2.9512101
-0.16794135	-0.27851244	0.23525568	0.44678514	2.9547275
-0.16800373	-0.27860445	0.23533068	0.44690763	2.9582424
-0.16806605	-0.27869636	0.2354056	0.44702997	2.9617548
-0.16812831	-0.27878817	0.23548045	0.44715216	2.9652647
-0.16819051	-0.27887988	0.2355552	0.44727422	2.9687721
-0.16825264	-0.27897149	0.23562988	0.44739612	2.9722769
-0.16831471	-0.279063	0.23570447	0.44751789	2.9757793
-0.16837671	-0.2791544	0.23577898	0.44763951	2.979279
-0.16843865	-0.27924571	0.23585341	0.44776099	2.9827763
-0.16850053	-0.27933692	0.23592776	0.44788232	2.9862709
-0.16856234	-0.27942802	0.23600202	0.44800351	2.9897631
-0.16862409	-0.27951903	0.2360762	0.44812455	2.9932526
-0.16868577	-0.27960993	0.2361503	0.44824545	2.9967396
-0.16874739	-0.27970073	0.23622431	0.44836621	3.000224
-0.16880895	-0.27979143	0.23629825	0.44848682	3.0037058
-0.16887044	-0.27988203	0.23637209	0.44860729	3.007185
-0.16893187	-0.27997253	0.23644586	0.44872761	3.0106616
-0.16899324	-0.28006293	0.23651954	0.44884779	3.0141356
-0.16905454	-0.28015323	0.23659314	0.44896782	3.017607
-0.16911577	-0.28024342	0.23666666	0.44908771	3.0210758
-0.16917694	-0.28033352	0.2367401	0.44920746	3.024542
-0.16923805	-0.28042351	0.23681345	0.44932706	3.0280055
-0.16929909	-0.2805134	0.23688671	0.44944651	3.0314663
-0.16936007	-0.28060319	0.2369599	0.44956583	3.0349245
-0.16942099	-0.28069288	0.237033	0.44968499	3.0383801
-0.16948184	-0.28078247	0.23710602	0.44980401	3.041833
-0.16954262	-0.28087195	0.23717895	0.44992289	3.0452832
-0.16960334	-0.28096133	0.2372518	0.45004162	3.0487308
-0.16966399	-0.28105062	0.23732457	0.45016021	3.0521757
-0.16972458	-0.2811398	0.23739725	0.45027865	3.0556178
-0.16978511	-0.28122887	0.23746985	0.45039695	3.0590573
-0.16984557	-0.28131785	0.23754237	0.4505151	3.0624941
-0.16990596	-0.28140672	0.2376148	0.45063311	3.0659282
-0.16996629	-0.28149549	0.23768715	0.45075097	3.0693595
-0.17002656	-0.28158416	0.23775942	0.45086869	3.0727882
-0.17008676	-0.28167273	0.2378316	0.45098626	3.0762141
-0.17014689	-0.28176119	0.2379037	0.45110369	3.0796372
-0.17020696	-0.28184955	0.23797571	0.45122097	3.0830577
-0.17026697	-0.28193781	0.23804764	0.45133811	3.0864753
-0.17032691	-0.28202597	0.23811949	0.4514551	3.0898902
-0.17038678	-0.28211403	0.23819125	0.45157194	3.0933024
-0.17044659	-0.28220198	0.23826293	0.45168864	3.0967118
-0.17050633	-0.28228983	0.23833453	0.4518052	3.1001184
-0.170566	-0.28237758	0.23840604	0.45192161	3.1035222
-0.17062562	-0.28246522	0.23847746	0.45203787	3.1069232
-0.17068516	-0.28255276	0.2385488	0.45215399	3.1103215
-0.17074464	-0.2826402	0.23862006	0.45226996	3.1137169
-0.17080405	-0.28272754	0.23869124	0.45238579	3.1171095
-0.1708634	-0.28281477	0.23876232	0.45250147	3.1204993
-0.17092268	-0.2829019	0.23883333	0.45261701	3.1238863
-0.1709819	-0.28298892	0.23890425	0.4527324	3.1272705
-0.17104105	-0.28307585	0.23897509	0.45284764	3.1306518
-0.17110013	-0.28316267	0.23904584	0.45296274	3.1340303
-0.17115915	-0.28324939	0.2391165	0.4530777	3.1374059
-0.1712181	-0.283336	0.23918709	0.4531925	3.1407787
-0.17127699	-0.28342251	0.23925758	0.45330717	3.1441486
-0.17133581	-0.28350892	0.239328	0.45342168	3.1475156
-0.17139456	-0.28359522	0.23939832	0.45353605	3.1508798
-0.17145325	-0.28368142	0.23946857	0.45365027	3.1542411
-0.17151187	-0.28376752	0.23953873	0.45376435	3.1575995
-0.17157042	-0.28385351	0.2396088	0.45387828	3.160955
-0.17162891	-0.2839394	0.23967879	0.45399207	3.1643076
-0.17168733	-0.28402519	0.23974869	0.45410571	3.1676573
-0.17174568	-0.28411087	0.23981851	0.4542192	3.1710041
-0.17180397	-0.28419645	0.23988825	0.45433255	3.174348
-0.17186219	-0.28428192	0.2399579	0.45444575	3.177689
-0.17192034	-0.28436729	0.24002746	0.45455881	3.181027
-0.17197843	-0.28445256	0.24009694	0.45467172	3.1843621
-0.17203645	-0.28453772	0.24016634	0.45478448	3.1876942
-0.1720944	-0.28462278	0.24023564	0.45489709	3.1910234
-0.17215229	-0.28470774	0.24030487	0.45500956	3.1943496
-0.17221011	-0.28479259	0.24037401	0.45512189	3.1976729
-0.17226786	-0.28487733	0.24044306	0.45523407	3.2009932
-0.17232555	-0.28496198	0.24051203	0.4553461	3.2043105
-0.17238316	-0.28504651	0.24058091	0.45545798	3.2076248
-0.17244072	-0.28513095	0.24064971	0.45556972	3.2109362
-0.1724982	-0.28521528	0.24071842	0.45568131	3.2142445
-0.17255562	-0.2852995	0.24078705	0.45579275	3.2175499
-0.17261296	-0.28538362	0.24085559	0.45590405	3.2208522
-0.17267025	-0.28546764	0.24092404	0.4560152	3.2241516
-0.17272746	-0.28555155	0.24099241	0.45612621	3.2274479
-0.17278461	-0.28563536	0.2410607	0.45623707	3.2307412
-0.17284169	-0.28571906	0.2411289	0.45634778	3.2340315
-0.1728987	-0.28580266	0.24119701	0.45645834	3.2373187
-0.17295564	-0.28588615	0.24126504	0.45656876	3.2406029
-0.17301252	-0.28596954	0.24133298	0.45667903	3.243884
-0.17306933	-0.28605282	0.24140083	0.45678916	3.2471621
-0.17312607	-0.286136	0.2414686	0.45689914	3.2504371
-0.17318274	-0.28621907	0.24153629	0.45700897	3.2537091
-0.17323935	-0.28630204	0.24160389	0.45711865	3.2569779
-0.17329589	-0.2863849	0.2416714	0.45722819	3.2602437
-0.17335236	-0.28646766	0.24173883	0.45733758	3.2635064
-0.17340876	-0.28655031	0.24180617	0.45744682	3.2667661
-0.17346509	-0.28663286	0.24187342	0.45755592	3.2700226
-0.17352136	-0.28671531	0.24194059	0.45766487	3.273276
-0.17357755	-0.28679764	0.24200767	0.45777367	3.2765263
-0.17363368	-0.28687988	0.24207467	0.45788233	3.2797735
-0.17368974	-0.286962	0.24214158	0.45799083	3.2830176
-0.17374574	-0.28704402	0.2422084	0.4580992	3.2862585
-0.17380166	-0.28712594	0.24227514	0.45820741	3.2894963
-0.17385752	-0.28720775	0.24234179	0.45831548	3.292731
-0.17391331	-0.28728946	0.24240836	0.4584234	3.2959625
-0.17396903	-0.28737106	0.24247484	0.45853117	3.2991909
-0.17402468	-0.28745255	0.24254123	0.45863879	3.3024161
-0.17408026	-0.28753394	0.24260753	0.45874627	3.3056382
-0.17413577	-0.28761522	0.24267375	0.4588536	3.3088571
-0.17419122	-0.2876964	0.24273989	0.45896079	3.3120728
-0.1742466	-0.28777747	0.24280593	0.45906782	3.3152853
-0.17430191	-0.28785844	0.24287189	0.45917471	3.3184947
-0.17435714	-0.28793929	0.24293777	0.45928146	3.3217008
-0.17441232	-0.28802005	0.24300356	0.45938805	3.3249038
-0.17446742	-0.2881007	0.24306926	0.4594945	3.3281036
-0.17452245	-0.28818124	0.24313487	0.4596008	3.3313001
-0.17457742	-0.28826167	0.2432004	0.45970695	3.3344934
-0.17463231	-0.288342	0.24326584	0.45981295	3.3376836
-0.17468714	-0.28842223	0.24333119	0.45991881	3.3408705
-0.17474189	-0.28850235	0.24339646	0.46002452	3.3440541
-0.17479658	-0.28858236	0.24346164	0.46013008	3.3472345
-0.1748512	-0.28866226	0.24352673	0.4602355	3.3504117
-0.17490575	-0.28874206	0.24359174	0.46034077	3.3535856
-0.17496023	-0.28882176	0.24365666	0.46044589	3.3567563
-0.17501465	-0.28890134	0.24372149	0.46055086	3.3599237
-0.17506899	-0.28898082	0.24378624	0.46065568	3.3630879
-0.17512326	-0.2890602	0.2438509	0.46076036	3.3662488
-0.17517747	-0.28913946	0.24391547	0.46086489	3.3694064
-0.1752316	-0.28921863	0.24397996	0.46096927	3.3725607
-0.17528567	-0.28929768	0.24404436	0.46107351	3.3757117
-0.17533966	-0.28937663	0.24410867	0.46117759	3.3788595
-0.17539359	-0.28945547	0.24417289	0.46128153	3.3820039
-0.17544745	-0.2895342	0.24423703	0.46138532	3.385145
-0.17550123	-0.28961283	0.24430108	0.46148897	3.3882829
-0.17555495	-0.28969135	0.24436504	0.46159246	3.3914174
-0.1756086	-0.28976977	0.24442892	0.46169581	3.3945486
-0.17566218	-0.28984808	0.2444927	0.46179901	3.3976764
-0.17571569	-0.28992628	0.24455641	0.46190206	3.400801
-0.17576913	-0.29000437	0.24462002	0.46200497	3.4039222
-0.17582249	-0.29008236	0.24468355	0.46210772	3.40704
-0.17587579	-0.29016024	0.24474698	0.46221033	3.4101546
-0.17592902	-0.29023802	0.24481034	0.46231279	3.4132657
-0.17598218	-0.29031568	0.2448736	0.46241511	3.4163735
-0.17603527	-0.29039324	0.24493678	0.46251727	3.4194779
-0.17608829	-0.2904707	0.24499987	0.46261929	3.422579
-0.17614124	-0.29054804	0.24506287	0.46272116	3.4256767
-0.17619412	-0.29062528	0.24512578	0.46282288	3.428771
-0.17624693	-0.29070241	0.24518861	0.46292446	3.4318619
-0.17629967	-0.29077944	0.24525135	0.46302588	3.4349495
-0.17635234	-0.29085635	0.245314	0.46312716	3.4380336
-0.17640494	-0.29093316	0.24537657	0.46322829	3.4411144
-0.17645747	-0.29100987	0.24543904	0.46332927	3.4441917
-0.17650993	-0.29108646	0.24550143	0.46343011	3.4472656
-0.17656232	-0.29116295	0.24556373	0.46353079	3.4503361
-0.17661463	-0.29123933	0.24562595	0.46363133	3.4534032
-0.17666688	-0.2913156	0.24568807	0.46373172	3.4564669
-0.17671906	-0.29139177	0.24575011	0.46383196	3.4595271
-0.17677117	-0.29146783	0.24581206	0.46393206	3.4625839
-0.1768232	-0.29154378	0.24587392	0.464032	3.4656372
-0.17687517	-0.29161962	0.2459357	0.4641318	3.4686871
-0.17692706	-0.29169536	0.24599739	0.46423145	3.4717336
-0.17697889	-0.29177099	0.24605898	0.46433095	3.4747766
-0.17703064	-0.29184651	0.2461205	0.46443031	3.4778161
-0.17708233	-0.29192192	0.24618192	0.46452951	3.4808522
-0.17713394	-0.29199723	0.24624325	0.46462857	3.4838848
-0.17718548	-0.29207243	0.2463045	0.46472748	3.4869139
-0.17723695	-0.29214752	0.24636566	0.46482624	3.4899395
-0.17728836	-0.2922225	0.24642673	0.46492485	3.4929616
-0.17733969	-0.29229737	0.24648772	0.46502332	3.4959803
-0.17739094	-0.29237214	0.24654861	0.46512164	3.4989954
-0.17744213	-0.2924468	0.24660942	0.4652198	3.5020071
-0.17749325	-0.29252135	0.24667014	0.46531783	3.5050152
-0.1775443	-0.29259579	0.24673077	0.4654157	3.5080199
-0.17759527	-0.29267013	0.24679131	0.46551342	3.511021
-0.17764618	-0.29274436	0.24685177	0.465611	3.5140186
-0.17769701	-0.29281848	0.24691214	0.46570843	3.5170126
-0.17774777	-0.29289249	0.24697242	0.46580571	3.5200031
-0.17779846	-0.29296639	0.24703261	0.46590284	3.5229901
-0.17784908	-0.29304019	0.24709271	0.46599982	3.5259736
-0.17789963	-0.29311388	0.24715272	0.46609666	3.5289535
-0.17795011	-0.29318746	0.24721265	0.46619334	3.5319298
-0.17800052	-0.29326093	0.24727249	0.46628988	3.5349026
-0.17805085	-0.29333429	0.24733224	0.46638627	3.5378719
-0.17810112	-0.29340754	0.2473919	0.46648252	3.5408375
-0.17815131	-0.29348069	0.24745147	0.46657861	3.5437996
-0.17820143	-0.29355373	0.24751095	0.46667456	3.5467582
-0.17825148	-0.29362666	0.24757035	0.46677035	3.5497131
-0.17830146	-0.29369948	0.24762966	0.466866	3.5526645
-0.17835137	-0.2937722	0.24768888	0.46696151	3.5556122
-0.1784012	-0.2938448	0.24774801	0.46705686	3.5585564
-0.17845097	-0.2939173	0.24780705	0.46715206	3.561497
-0.17850066	-0.29398969	0.247866	0.46724712	3.564434
-0.17855028	-0.29406197	0.24792487	0.46734203	3.5673673
-0.17859983	-0.29413414	0.24798365	0.46743679	3.5702971
-0.17864931	-0.2942062	0.24804234	0.4675314	3.5732232
-0.17869872	-0.29427816	0.24810094	0.46762587	3.5761458
-0.17874805	-0.29435	0.24815945	0.46772018	3.5790646
-0.17879732	-0.29442174	0.24821787	0.46781435	3.5819799
-0.17884651	-0.29449337	0.2482762	0.46790837	3.5848915
-0.17889563	-0.29456489	0.24833445	0.46800224	3.5877995
-0.17894468	-0.29463631	0.24839261	0.46809596	3.5907039
-0.17899365	-0.29470761	0.24845068	0.46818954	3.5936046
-0.17904256	-0.29477881	0.24850866	0.46828296	3.5965016
-0.17909139	-0.29484989	0.24856655	0.46837624	3.599395
-0.17914015	-0.29492087	0.24862435	0.46846937	3.6022847
-0.17918884	-0.29499174	0.24868206	0.46856235	3.6051707
-0.17923746	-0.2950625	0.24873969	0.46865518	3.6080531
-0.179286	-0.29513315	0.24879723	0.46874787	3.6109318
-0.17933447	-0.2952037	0.24885467	0.46884041	3.6138069
-0.17938287	-0.29527413	0.24891203	0.4689328	3.6166782
-0.1794312	-0.29534446	0.2489693	0.46902504	3.6195459
-0.17947946	-0.29541467	0.24902649	0.46911713	3.6224098
-0.17952765	-0.29548478	0.24908358	0.46920907	3.6252701
-0.17957576	-0.29555478	0.24914058	0.46930087	3.6281266
-0.1796238	-0.29562467	0.2491975	0.46939252	3.6309795
-0.17967177	-0.29569445	0.24925432	0.46948402	3.6338286
-0.17971966	-0.29576413	0.24931106	0.46957537	3.6366741
-0.17976749	-0.29583369	0.24936771	0.46966657	3.6395158
-0.17981524	-0.29590315	0.24942427	0.46975763	3.6423538
-0.17986292	-0.29597249	0.24948074	0.46984853	3.645188
-0.17991053	-0.29604173	0.24953713	0.46993929	3.6480186
-0.17995806	-0.29611086	0.24959342	0.4700299	3.6508454
-0.18000553	-0.29617988	0.24964962	0.47012036	3.6536684
-0.18005292	-0.29624879	0.24970574	0.47021068	3.6564878
-0.18010023	-0.29631759	0.24976177	0.47030084	3.6593033
-0.18014748	-0.29638628	0.2498177	0.47039086	3.6621151
-0.18019465	-0.29645487	0.24987355	0.47048073	3.6649232
-0.18024175	-0.29652334	0.24992931	0.47057045	3.6677275
-0.18028878	-0.29659171	0.24998498	0.47066003	3.670528
-0.18033574	-0.29665996	0.25004057	0.47074945	3.6733248
-0.18038262	-0.29672811	0.25009606	0.47083873	3.6761178
-0.18042943	-0.29679615	0.25015146	0.47092786	3.678907
-0.18047617	-0.29686408	0.25020678	0.47101684	3.6816925
-0.18052284	-0.2969319	0.250262	0.47110568	3.6844741
-0.18056943	-0.29699961	0.25031714	0.47119436	3.687252
-0.18061595	-0.29706721	0.25037219	0.4712829	3.6900261
-0.1806624	-0.2971347	0.25042715	0.47137129	3.6927963
-0.18070878	-0.29720209	0.25048202	0.47145953	3.6955628
-0.18075508	-0.29726936	0.2505368	0.47154762	3.6983255
-0.18080131	-0.29733653	0.25059149	0.47163557	3.7010844
-0.18084747	-0.29740358	0.25064609	0.47172337	3.7038394
-0.18089355	-0.29747053	0.25070061	0.47181101	3.7065907
-0.18093956	-0.29753737	0.25075503	0.47189852	3.7093381
-0.1809855	-0.2976041	0.25080937	0.47198587	3.7120817
-0.18103137	-0.29767071	0.25086362	0.47207308	3.7148215
-0.18107716	-0.29773722	0.25091777	0.47216013	3.7175574
-0.18112288	-0.29780363	0.25097184	0.47224704	3.7202895
-0.18116853	-0.29786992	0.25102582	0.4723338	3.7230178
-0.18121411	-0.2979361	0.25107971	0.47242042	3.7257422
-0.18125961	-0.29800217	0.25113351	0.47250688	3.7284628
-0.18130504	-0.29806813	0.25118722	0.4725932	3.7311795
-0.1813504	-0.29813399	0.25124085	0.47267937	3.7338924
-0.18139568	-0.29819973	0.25129438	0.4727654	3.7366014
-0.18144089	-0.29826537	0.25134782	0.47285127	3.7393066
-0.18148603	-0.2983309	0.25140118	0.472937	3.7420079
-0.18153109	-0.29839631	0.25145445	0.47302258	3.7447053
-0.18157609	-0.29846162	0.25150762	0.47310801	3.7473989
-0.18162101	-0.29852682	0.25156071	0.47319329	3.7500886
-0.18166585	-0.29859191	0.25161371	0.47327843	3.7527744
-0.18171062	-0.29865689	0.25166662	0.47336342	3.7554563
-0.18175532	-0.29872176	0.25171944	0.47344826	3.7581344
-0.18179995	-0.29878652	0.25177217	0.47353295	3.7608085
-0.1818445	-0.29885117	0.25182481	0.4736175	3.7634788
-0.18188899	-0.29891571	0.25187737	0.47370189	3.7661451
-0.18193339	-0.29898014	0.25192983	0.47378614	3.7688076
-0.18197773	-0.29904447	0.2519822	0.47387025	3.7714662
-0.18202199	-0.29910868	0.25203449	0.4739542	3.7741208
-0.18206618	-0.29917279	0.25208668	0.47403801	3.7767716
-0.18211029	-0.29923678	0.25213879	0.47412167	3.7794184
-0.18215433	-0.29930067	0.25219081	0.47420518	3.7820613
-0.1821983	-0.29936444	0.25224274	0.47428855	3.7847003
-0.1822422	-0.29942811	0.25229458	0.47437176	3.7873354
-0.18228602	-0.29949167	0.25234633	0.47445483	3.7899665
-0.18232977	-0.29955512	0.25239799	0.47453775	3.7925938
-0.18237344	-0.29961845	0.25244956	0.47462053	3.795217
-0.18241705	-0.29968168	0.25250104	0.47470316	3.7978364
-0.18246057	-0.2997448	0.25255243	0.47478564	3.8004518
-0.18250403	-0.29980781	0.25260374	0.47486797	3.8030633
-0.18254741	-0.29987071	0.25265495	0.47495016	3.8056708
-0.18259072	-0.29993351	0.25270608	0.47503219	3.8082744
-0.18263396	-0.29999619	0.25275711	0.47511408	3.810874
-0.18267712	-0.30005876	0.25280806	0.47519583	3.8134696
-0.18272021	-0.30012122	0.25285892	0.47527742	3.8160613
-0.18276322	-0.30018358	0.25290969	0.47535887	3.8186491
-0.18280617	-0.30024582	0.25296037	0.47544018	3.8212328
-0.18284904	-0.30030796	0.25301096	0.47552133	3.8238126
-0.18289183	-0.30036998	0.25306146	0.47560234	3.8263885
-0.18293455	-0.3004319	0.25311187	0.4756832	3.8289603
-0.1829772	-0.3004937	0.25316219	0.47576391	3.8315282
-0.18301978	-0.3005554	0.25321243	0.47584448	3.8340921
-0.18306228	-0.30061699	0.25326257	0.4759249	3.836652
-0.18310471	-0.30067847	0.25331263	0.47600517	3.839208
-0.18314706	-0.30073984	0.25336259	0.4760853	3.8417599
-0.18318934	-0.3008011	0.25341247	0.47616527	3.8443079
-0.18323155	-0.30086225	0.25346226	0.47624511	3.8468518
-0.18327369	-0.30092329	0.25351196	0.47632479	3.8493918
-0.18331575	-0.30098422	0.25356156	0.47640433	3.8519277
-0.18335774	-0.30104504	0.25361108	0.47648372	3.8544597
-0.18339965	-0.30110575	0.25366051	0.47656296	3.8569876
-0.18344149	-0.30116635	0.25370986	0.47664206	3.8595115
-0.18348326	-0.30122685	0.25375911	0.47672101	3.8620315
-0.18352495	-0.30128723	0.25380827	0.47679981	3.8645474
-0.18356657	-0.30134751	0.25385735	0.47687847	3.8670592
-0.18360812	-0.30140767	0.25390633	0.47695698	3.8695671
-0.18364959	-0.30146773	0.25395523	0.47703534	3.8720709
-0.18369099	-0.30152768	0.25400403	0.47711356	3.8745708
-0.18373232	-0.30158751	0.25405275	0.47719163	3.8770665
-0.18377357	-0.30164724	0.25410138	0.47726955	3.8795583
-0.18381475	-0.30170686	0.25414992	0.47734733	3.882046
-0.18385585	-0.30176637	0.25419837	0.47742496	3.8845297
-0.18389688	-0.30182577	0.25424673	0.47750245	3.8870093
-0.18393784	-0.30188506	0.254295	0.47757978	3.8894849
-0.18397872	-0.30194424	0.25434319	0.47765698	3.8919564
-0.18401954	-0.30200331	0.25439128	0.47773402	3.8944239
-0.18406027	-0.30206227	0.25443928	0.47781092	3.8968874
-0.18410094	-0.30212113	0.2544872	0.47788767	3.8993468
-0.18414153	-0.30217987	0.25453503	0.47796428	3.9018021
-0.18418204	-0.30223851	0.25458276	0.47804074	3.9042534
-0.18422248	-0.30229703	0.25463041	0.47811705	3.9067006
-0.18426285	-0.30235545	0.25467797	0.47819322	3.9091437
-0.18430315	-0.30241376	0.25472544	0.47826924	3.9115828
-0.18434337	-0.30247195	0.25477282	0.47834511	3.9140178
-0.18438352	-0.30253004	0.25482012	0.47842084	3.9164488
-0.18442359	-0.30258802	0.25486732	0.47849643	3.9188756
-0.18446359	-0.30264589	0.25491443	0.47857186	3.9212984
-0.18450352	-0.30270365	0.25496146	0.47864715	3.9237171
-0.18454337	-0.3027613	0.2550084	0.4787223	3.9261318
-0.18458315	-0.30281885	0.25505524	0.4787973	3.9285423
-0.18462286	-0.30287628	0.255102	0.47887215	3.9309488
-0.18466249	-0.3029336	0.25514867	0.47894686	3.9333511
-0.18470205	-0.30299082	0.25519525	0.47902142	3.9357494
-0.18474153	-0.30304792	0.25524174	0.47909584	3.9381436
-0.18478094	-0.30310492	0.25528815	0.47917011	3.9405337
-0.18482028	-0.30316181	0.25533446	0.47924423	3.9429197
-0.18485955	-0.30321859	0.25538068	0.47931821	3.9453016
-0.18489874	-0.30327526	0.25542682	0.47939204	3.9476794
-0.18493785	-0.30333182	0.25547287	0.47946573	3.9500531
-0.1849769	-0.30338827	0.25551883	0.47953927	3.9524227
-0.18501586	-0.30344461	0.2555647	0.47961267	3.9547881
-0.18505476	-0.30350084	0.25561048	0.47968592	3.9571495
-0.18509358	-0.30355697	0.25565617	0.47975903	3.9595068
-0.18513233	-0.30361298	0.25570177	0.47983199	3.9618599
-0.185171	-0.30366889	0.25574728	0.4799048	3.9642089
-0.1852096	-0.30372469	0.25579271	0.47997747	3.9665538
-0.18524813	-0.30378037	0.25583805	0.48005	3.9688946
-0.18528659	-0.30383595	0.25588329	0.48012238	3.9712312
-0.18532497	-0.30389142	0.25592845	0.48019461	3.9735638
-0.18536327	-0.30394679	0.25597352	0.4802667	3.9758922
-0.1854015	-0.30400204	0.25601851	0.48033864	3.9782164
-0.18543966	-0.30405718	0.2560634	0.48041044	3.9805366
-0.18547775	-0.30411222	0.2561082	0.4804821	3.9828526
-0.18551576	-0.30416714	0.25615292	0.48055361	3.9851645
-0.1855537	-0.30422196	0.25619755	0.48062497	3.9874722
-0.18559156	-0.30427667	0.25624208	0.48069619	3.9897758
-0.18562935	-0.30433127	0.25628653	0.48076727	3.9920752
-0.18566707	-0.30438576	0.2563309	0.4808382	3.9943705
-0.18570471	-0.30444014	0.25637517	0.48090898	3.9966617
-0.18574228	-0.30449442	0.25641935	0.48097962	3.9989487
-0.18577978	-0.30454858	0.25646345	0.48105012	4.0012316
-0.1858172	-0.30460264	0.25650746	0.48112047	4.0035103
-0.18585455	-0.30465658	0.25655137	0.48119068	4.0057849
-0.18589182	-0.30471042	0.2565952	0.48126074	4.0080553
-0.18592902	-0.30476415	0.25663895	0.48133066	4.0103215
-0.18596615	-0.30481777	0.2566826	0.48140043	4.0125836
-0.18600321	-0.30487129	0.25672616	0.48147006	4.0148416
-0.18604019	-0.30492469	0.25676964	0.48153954	4.0170953
-0.18607709	-0.30497799	0.25681303	0.48160888	4.019345
-0.18611393	-0.30503118	0.25685633	0.48167808	4.0215904
-0.18615069	-0.30508425	0.25689954	0.48174713	4.0238317
-0.18618737	-0.30513723	0.25694266	0.48181604	4.0260688
-0.18622398	-0.30519009	0.25698569	0.4818848	4.0283018
-0.18626052	-0.30524284	0.25702864	0.48195342	4.0305305
-0.18629699	-0.30529549	0.2570715	0.4820219	4.0327551
-0.18633338	-0.30534802	0.25711427	0.48209023	4.0349756
-0.1863697	-0.30540045	0.25715695	0.48215842	4.0371918
-0.18640594	-0.30545277	0.25719954	0.48222646	4.0394039
-0.18644212	-0.30550498	0.25724205	0.48229437	4.0416118
-0.18647821	-0.30555709	0.25728446	0.48236212	4.0438155
-0.18651424	-0.30560908	0.25732679	0.48242974	4.046015
-0.18655019	-0.30566097	0.25736903	0.48249721	4.0482104
-0.18658607	-0.30571275	0.25741118	0.48256453	4.0504016
-0.18662187	-0.30576442	0.25745325	0.48263171	4.0525886
-0.1866576	-0.30581598	0.25749522	0.48269875	4.0547713
-0.18669326	-0.30586744	0.25753711	0.48276565	4.05695
-0.18672884	-0.30591878	0.25757891	0.4828324	4.0591244
-0.18676435	-0.30597002	0.25762062	0.48289901	4.0612946
-0.18679979	-0.30602115	0.25766225	0.48296548	4.0634606
-0.18683515	-0.30607218	0.25770378	0.4830318	4.0656225
-0.18687044	-0.30612309	0.25774523	0.48309798	4.0677801
-0.18690565	-0.3061739	0.25778659	0.48316402	4.0699336
-0.1869408	-0.3062246	0.25782786	0.48322991	4.0720828
-0.18697587	-0.30627519	0.25786905	0.48329566	4.0742279
-0.18701086	-0.30632567	0.25791014	0.48336127	4.0763687
-0.18704579	-0.30637604	0.25795115	0.48342674	4.0785054
-0.18708064	-0.30642631	0.25799207	0.48349206	4.0806378
-0.18711541	-0.30647647	0.2580329	0.48355724	4.0827661
-0.18715011	-0.30652652	0.25807365	0.48362227	4.0848901
-0.18718474	-0.30657647	0.25811431	0.48368717	4.08701
-0.1872193	-0.3066263	0.25815488	0.48375192	4.0891256
-0.18725378	-0.30667603	0.25819536	0.48381653	4.091237
-0.18728819	-0.30672565	0.25823575	0.483881	4.0933442
-0.18732253	-0.30677517	0.25827606	0.48394532	4.0954472
-0.18735679	-0.30682457	0.25831628	0.4840095	4.097546
-0.18739098	-0.30687387	0.25835641	0.48407354	4.0996406
-0.1874251	-0.30692306	0.25839646	0.48413744	4.101731
-0.18745914	-0.30697215	0.25843641	0.4842012	4.1038171
-0.18749311	-0.30702112	0.25847628	0.48426481	4.105899
-0.18752701	-0.30706999	0.25851606	0.48432828	4.1079768
-0.18756083	-0.30711875	0.25855576	0.48439161	4.1100503
-0.18759458	-0.30716741	0.25859536	0.4844548	4.1121196
-0.18762826	-0.30721595	0.25863488	0.48451784	4.1141846
-0.18766186	-0.30726439	0.25867432	0.48458075	4.1162455
-0.18769539	-0.30731272	0.25871366	0.48464351	4.1183021
-0.18772885	-0.30736095	0.25875292	0.48470613	4.1203545
-0.18776224	-0.30740907	0.25879209	0.48476861	4.1224027
-0.18779555	-0.30745708	0.25883117	0.48483095	4.1244467
-0.18782879	-0.30750498	0.25887017	0.48489314	4.1264864
-0.18786196	-0.30755278	0.25890908	0.4849552	4.1285219
-0.18789505	-0.30760047	0.2589479	0.48501711	4.1305532
-0.18792807	-0.30764805	0.25898663	0.48507888	4.1325803
-0.18796102	-0.30769553	0.25902528	0.48514051	4.1346031
-0.18799389	-0.3077429	0.25906384	0.485202	4.1366217
-0.18802669	-0.30779016	0.25910231	0.48526335	4.1386361
-0.18805942	-0.30783731	0.2591407	0.48532456	4.1406463
-0.18809207	-0.30788436	0.259179	0.48538563	4.1426522
-0.18812466	-0.3079313	0.25921721	0.48544655	4.1446539
-0.18815717	-0.30797814	0.25925534	0.48550734	4.1466514
-0.1881896	-0.30802487	0.25929337	0.48556798	4.1486446
-0.18822197	-0.30807149	0.25933133	0.48562849	4.1506336
-0.18825426	-0.308118	0.25936919	0.48568885	4.1526184
-0.18828648	-0.30816441	0.25940697	0.48574907	4.154599
-0.18831862	-0.30821072	0.25944466	0.48580916	4.1565753
-0.1883507	-0.30825691	0.25948227	0.4858691	4.1585474
-0.1883827	-0.308303	0.25951978	0.4859289	4.1605152
-0.18841462	-0.30834898	0.25955722	0.48598856	4.1624788
-0.18844648	-0.30839486	0.25959456	0.48604808	4.1644382
-0.18847826	-0.30844063	0.25963182	0.48610746	4.1663933
-0.18850997	-0.30848629	0.25966899	0.4861667	4.1683443
-0.18854161	-0.30853185	0.25970608	0.48622581	4.1702909
-0.18857317	-0.3085773	0.25974308	0.48628477	4.1722334
-0.18860466	-0.30862265	0.25977999	0.48634359	4.1741716
-0.18863608	-0.30866789	0.25981682	0.48640227	4.1761055
-0.18866743	-0.30871302	0.25985356	0.48646081	4.1780353
-0.1886987	-0.30875805	0.25989021	0.48651921	4.1799608
-0.1887299	-0.30880297	0.25992678	0.48657748	4.181882
-0.18876103	-0.30884779	0.25996326	0.4866356	4.1837991
-0.18879209	-0.3088925	0.25999965	0.48669358	4.1857118
-0.18882307	-0.3089371	0.26003596	0.48675143	4.1876204
-0.18885399	-0.3089816	0.26007218	0.48680913	4.1895247
-0.18888483	-0.30902599	0.26010832	0.4868667	4.1914248
-0.18891559	-0.30907028	0.26014437	0.48692413	4.1933206
-0.18894629	-0.30911446	0.26018034	0.48698141	4.1952122
-0.18897691	-0.30915854	0.26021621	0.48703856	4.1970996
-0.18900746	-0.30920251	0.26025201	0.48709557	4.1989827
-0.18903794	-0.30924637	0.26028771	0.48715245	4.2008616
-0.18906834	-0.30929013	0.26032333	0.48720918	4.2027362
-0.18909868	-0.30933378	0.26035887	0.48726577	4.2046066
-0.18912894	-0.30937733	0.26039432	0.48732223	4.2064728
-0.18915913	-0.30942078	0.26042968	0.48737855	4.2083347
-0.18918925	-0.30946411	0.26046496	0.48743472	4.2101924
-0.18921929	-0.30950735	0.26050015	0.48749076	4.2120459
-0.18924927	-0.30955047	0.26053526	0.48754667	4.2138951
-0.18927917	-0.3095935	0.26057028	0.48760243	4.2157401
-0.189309	-0.30963642	0.26060522	0.48765806	4.2175808
-0.18933875	-0.30967923	0.26064007	0.48771354	4.2194173
-0.18936844	-0.30972194	0.26067483	0.48776889	4.2212496
-0.18939805	-0.30976454	0.26070951	0.48782411	4.2230776
-0.18942759	-0.30980704	0.2607441	0.48787918	4.2249014
-0.18945706	-0.30984943	0.26077861	0.48793412	4.226721
-0.18948646	-0.30989172	0.26081303	0.48798892	4.2285363
-0.18951579	-0.3099339	0.26084737	0.48804358	4.2303474
-0.18954504	-0.30997598	0.26088163	0.4880981	4.2321543
-0.18957422	-0.31001795	0.26091579	0.48815249	4.2339569
-0.18960333	-0.31005982	0.26094988	0.48820674	4.2357553
-0.18963237	-0.31010159	0.26098387	0.48826085	4.2375494
-0.18966134	-0.31014325	0.26101779	0.48831483	4.2393393
-0.18969024	-0.31018481	0.26105161	0.48836866	4.241125
-0.18971906	-0.31022626	0.26108536	0.48842237	4.2429065
-0.18974781	-0.31026761	0.26111901	0.48847593	4.2446837
-0.18977649	-0.31030885	0.26115259	0.48852936	4.2464567
-0.1898051	-0.31034999	0.26118607	0.48858265	4.2482254
-0.18983364	-0.31039103	0.26121948	0.4886358	4.2499899
-0.18986211	-0.31043196	0.2612528	0.48868882	4.2517502
-0.1898905	-0.31047278	0.26128603	0.4887417	4.2535063
-0.18991883	-0.31051351	0.26131918	0.48879445	4.2552581
-0.18994708	-0.31055413	0.26135224	0.48884706	4.2570057
-0.18997526	-0.31059464	0.26138522	0.48889953	4.2587491
-0.19000337	-0.31063506	0.26141812	0.48895186	4.2604882
-0.19003141	-0.31067536	0.26145093	0.48900407	4.2622231
-0.19005938	-0.31071557	0.26148366	0.48905613	4.2639538
-0.19008727	-0.31075567	0.2615163	0.48910806	4.2656803
-0.1901151	-0.31079567	0.26154886	0.48915985	4.2674025
-0.19014285	-0.31083556	0.26158133	0.48921151	4.2691205
-0.19017053	-0.31087535	0.26161372	0.48926303	4.2708343
-0.19019815	-0.31091504	0.26164603	0.48931442	4.2725439
-0.19022569	-0.31095462	0.26167825	0.48936567	4.2742492
-0.19025316	-0.31099411	0.26171039	0.48941678	4.2759503
-0.19028056	-0.31103348	0.26174244	0.48946776	4.2776472
-0.19030788	-0.31107276	0.26177441	0.48951861	4.2793399
-0.19033514	-0.31111193	0.26180629	0.48956932	4.2810283
-0.19036233	-0.311151	0.2618381	0.4896199	4.2827126
-0.19038944	-0.31118996	0.26186981	0.48967034	4.2843926
-0.19041649	-0.31122883	0.26190145	0.48972064	4.2860684
-0.19044346	-0.31126759	0.261933	0.48977081	4.28774
-0.19047036	-0.31130624	0.26196446	0.48982085	4.2894074
-0.1904972	-0.3113448	0.26199585	0.48987075	4.2910705
-0.19052396	-0.31138325	0.26202715	0.48992052	4.2927295
-0.19055065	-0.3114216	0.26205836	0.48997015	4.2943842
-0.19057727	-0.31145985	0.2620895	0.49001965	4.2960347
-0.19060382	-0.31149799	0.26212055	0.49006902	4.297681
-0.1906303	-0.31153603	0.26215151	0.49011825	4.2993231
-0.19065671	-0.31157397	0.26218239	0.49016735	4.300961
-0.19068305	-0.31161181	0.26221319	0.49021631	4.3025947
-0.19070932	-0.31164954	0.26224391	0.49026514	4.3042242
-0.19073552	-0.31168718	0.26227454	0.49031384	4.3058495
-0.19076165	-0.31172471	0.26230509	0.4903624	4.3074705
-0.1907877	-0.31176214	0.26233556	0.49041083	4.3090874
-0.19081369	-0.31179946	0.26236594	0.49045913	4.3107001
-0.19083961	-0.31183669	0.26239625	0.49050729	4.3123086
-0.19086546	-0.31187381	0.26242646	0.49055532	4.3139128
-0.19089123	-0.31191084	0.2624566	0.49060322	4.3155129
-0.19091694	-0.31194776	0.26248665	0.49065098	4.3171088
-0.19094258	-0.31198457	0.26251662	0.49069861	4.3187005
-0.19096815	-0.31202129	0.26254651	0.49074611	4.320288
-0.19099364	-0.31205791	0.26257632	0.49079348	4.3218712
-0.19101907	-0.31209442	0.26260604	0.49084071	4.3234504
-0.19104443	-0.31213084	0.26263568	0.49088781	4.3250253
-0.19106972	-0.31216715	0.26266524	0.49093478	4.326596
-0.19109494	-0.31220336	0.26269471	0.49098162	4.3281625
-0.19112009	-0.31223947	0.2627241	0.49102832	4.3297249
-0.19114517	-0.31227548	0.26275341	0.49107489	4.3312831
-0.19117017	-0.31231138	0.26278264	0.49112133	4.3328371
-0.19119511	-0.31234719	0.26281179	0.49116764	4.3343869
-0.19121998	-0.3123829	0.26284085	0.49121382	4.3359325
-0.19124479	-0.3124185	0.26286983	0.49125987	4.3374739
-0.19126952	-0.31245401	0.26289873	0.49130578	4.3390112
-0.19129418	-0.31248941	0.26292755	0.49135156	4.3405443
-0.19131877	-0.31252471	0.26295629	0.49139721	4.3420732
-0.1913433	-0.31255992	0.26298494	0.49144273	4.343598
-0.19136775	-0.31259502	0.26301352	0.49148812	4.3451186
-0.19139213	-0.31263002	0.26304201	0.49153338	4.346635
-0.19141645	-0.31266492	0.26307042	0.49157851	4.3481472
-0.1914407	-0.31269973	0.26309875	0.4916235	4.3496553
-0.19146487	-0.31273443	0.26312699	0.49166837	4.3511593
-0.19148898	-0.31276903	0.26315516	0.4917131	4.352659
-0.19151302	-0.31280353	0.26318324	0.49175771	4.3541546
-0.19153699	-0.31283793	0.26321125	0.49180218	4.355646
-0.1915609	-0.31287223	0.26323917	0.49184653	4.3571333
-0.19158473	-0.31290644	0.26326701	0.49189074	4.3586165
-0.19160849	-0.31294054	0.26329477	0.49193483	4.3600954
-0.19163219	-0.31297454	0.26332244	0.49197878	4.3615703
-0.19165581	-0.31300845	0.26335004	0.4920226	4.3630409
-0.19167937	-0.31304225	0.26337756	0.4920663	4.3645075
-0.19170286	-0.31307596	0.26340499	0.49210986	4.3659698
-0.19172628	-0.31310956	0.26343235	0.4921533	4.3674281
-0.19174964	-0.31314307	0.26345962	0.49219661	4.3688822
-0.19177292	-0.31317648	0.26348681	0.49223978	4.3703321
-0.19179614	-0.31320979	0.26351393	0.49228283	4.371778
-0.19181928	-0.31324299	0.26354096	0.49232575	4.3732196
-0.19184236	-0.31327611	0.26356791	0.49236854	4.3746572
-0.19186537	-0.31330912	0.26359478	0.4924112	4.3760906
-0.19188831	-0.31334203	0.26362157	0.49245374	4.3775199
-0.19191119	-0.31337485	0.26364828	0.49249614	4.3789451
-0.191934	-0.31340756	0.26367491	0.49253842	4.3803661
-0.19195673	-0.31344018	0.26370146	0.49258056	4.381783
-0.1919794	-0.3134727	0.26372793	0.49262258	4.3831958
-0.19200201	-0.31350512	0.26375432	0.49266447	4.3846045
-0.19202454	-0.31353744	0.26378063	0.49270624	4.386009
-0.19204701	-0.31356967	0.26380686	0.49274787	4.3874095
-0.19206941	-0.31360179	0.26383301	0.49278938	4.3888058
-0.19209174	-0.31363382	0.26385909	0.49283076	4.390198
-0.192114	-0.31366575	0.26388508	0.49287201	4.3915861
-0.19213619	-0.31369759	0.26391099	0.49291314	4.3929701
-0.19215832	-0.31372932	0.26393682	0.49295414	4.39435
-0.19218038	-0.31376096	0.26396257	0.49299501	4.3957258
-0.19220238	-0.3137925	0.26398824	0.49303575	4.3970975
-0.1922243	-0.31382394	0.26401384	0.49307637	4.3984651
-0.19224616	-0.31385529	0.26403935	0.49311686	4.3998286
-0.19226795	-0.31388653	0.26406479	0.49315722	4.401188
-0.19228967	-0.31391769	0.26409014	0.49319746	4.4025434
-0.19231133	-0.31394874	0.26411542	0.49323757	4.4038946
-0.19233292	-0.3139797	0.26414062	0.49327755	4.4052417
-0.19235444	-0.31401055	0.26416574	0.49331741	4.4065848
-0.1923759	-0.31404132	0.26419078	0.49335714	4.4079238
-0.19239729	-0.31407198	0.26421574	0.49339675	4.4092587
-0.19241861	-0.31410255	0.26424062	0.49343623	4.4105896
-0.19243986	-0.31413303	0.26426543	0.49347558	4.4119163
-0.19246105	-0.3141634	0.26429015	0.49351481	4.413239
-0.19248217	-0.31419368	0.2643148	0.49355391	4.4145577
-0.19250322	-0.31422386	0.26433937	0.49359289	4.4158722
-0.19252421	-0.31425395	0.26436386	0.49363174	4.4171827
-0.19254513	-0.31428394	0.26438827	0.49367047	4.4184892
-0.19256599	-0.31431384	0.2644126	0.49370907	4.4197916
-0.19258677	-0.31434364	0.26443686	0.49374755	4.4210899
-0.1926075	-0.31437334	0.26446104	0.4937859	4.4223842
-0.19262815	-0.31440295	0.26448514	0.49382413	4.4236744
-0.19264874	-0.31443246	0.26450916	0.49386224	4.4249606
-0.19266926	-0.31446187	0.2645331	0.49390022	4.4262427
-0.19268972	-0.3144912	0.26455697	0.49393807	4.4275209
-0.19271011	-0.31452042	0.26458076	0.4939758	4.4287949
-0.19273043	-0.31454955	0.26460447	0.49401341	4.430065
-0.19275069	-0.31457858	0.2646281	0.49405089	4.431331
-0.19277088	-0.31460752	0.26465166	0.49408825	4.4325929
-0.19279101	-0.31463637	0.26467513	0.49412549	4.4338509
-0.19281107	-0.31466512	0.26469854	0.4941626	4.4351048
-0.19283107	-0.31469377	0.26472186	0.49419959	4.4363547
-0.19285099	-0.31472233	0.26474511	0.49423646	4.4376006
-0.19287086	-0.3147508	0.26476828	0.4942732	4.4388424
-0.19289066	-0.31477917	0.26479137	0.49430982	4.4400803
-0.19291039	-0.31480744	0.26481438	0.49434632	4.4413142
-0.19293006	-0.31483562	0.26483732	0.49438269	4.442544
-0.19294966	-0.31486371	0.26486019	0.49441894	4.4437698
-0.19296919	-0.3148917	0.26488297	0.49445507	4.4449917
-0.19298866	-0.3149196	0.26490568	0.49449108	4.4462095
-0.19300807	-0.31494741	0.26492831	0.49452697	4.4474234
-0.19302741	-0.31497512	0.26495087	0.49456273	4.4486332
-0.19304669	-0.31500273	0.26497335	0.49459837	4.4498391
-0.1930659	-0.31503026	0.26499575	0.49463389	4.451041
-0.19308504	-0.31505769	0.26501808	0.49466929	4.4522389
-0.19310412	-0.31508502	0.26504033	0.49470457	4.4534328
-0.19312314	-0.31511227	0.2650625	0.49473972	4.4546228
-0.19314209	-0.31513941	0.2650846	0.49477476	4.4558088
-0.19316098	-0.31516647	0.26510662	0.49480967	4.4569908
-0.1931798	-0.31519343	0.26512857	0.49484446	4.4581689
-0.19319856	-0.3152203	0.26515044	0.49487913	4.459343
-0.19321725	-0.31524708	0.26517224	0.49491369	4.4605131
-0.19323588	-0.31527376	0.26519396	0.49494812	4.4616793
-0.19325444	-0.31530036	0.2652156	0.49498243	4.4628415
-0.19327294	-0.31532685	0.26523717	0.49501662	4.4639998
-0.19329138	-0.31535326	0.26525867	0.49505068	4.4651541
-0.19330975	-0.31537957	0.26528009	0.49508463	4.4663045
-0.19332806	-0.3154058	0.26530143	0.49511846	4.467451
-0.1933463	-0.31543193	0.2653227	0.49515217	4.4685935
-0.19336448	-0.31545796	0.26534389	0.49518577	4.4697321
-0.19338259	-0.31548391	0.26536501	0.49521924	4.4708667
-0.19340065	-0.31550976	0.26538605	0.49525259	4.4719975
-0.19341863	-0.31553552	0.26540702	0.49528582	4.4731243
-0.19343656	-0.31556119	0.26542792	0.49531894	4.4742472
-0.19345442	-0.31558677	0.26544874	0.49535193	4.4753662
-0.19347222	-0.31561226	0.26546948	0.49538481	4.4764812
-0.19348995	-0.31563765	0.26549015	0.49541756	4.4775924
-0.19350762	-0.31566296	0.26551075	0.4954502	4.4786997
-0.19352523	-0.31568817	0.26553127	0.49548272	4.479803
-0.19354277	-0.31571329	0.26555172	0.49551513	4.4809025
-0.19356025	-0.31573832	0.26557209	0.49554741	4.4819981
-0.19357767	-0.31576326	0.26559239	0.49557958	4.4830898
-0.19359502	-0.31578811	0.26561262	0.49561163	4.4841776
-0.19361231	-0.31581287	0.26563277	0.49564356	4.4852615
-0.19362954	-0.31583753	0.26565285	0.49567538	4.4863416
-0.19364671	-0.31586211	0.26567286	0.49570707	4.4874178
-0.19366381	-0.3158866	0.26569279	0.49573865	4.4884901
-0.19368085	-0.315911	0.26571265	0.49577012	4.4895585
-0.19369783	-0.3159353	0.26573243	0.49580146	4.4906231
-0.19371474	-0.31595952	0.26575214	0.49583269	4.4916838
-0.1937316	-0.31598365	0.26577178	0.49586381	4.4927407
-0.19374839	-0.31600768	0.26579135	0.4958948	4.4937937
-0.19376512	-0.31603163	0.26581084	0.49592568	4.4948429
-0.19378178	-0.31605549	0.26583026	0.49595645	4.4958882
-0.19379838	-0.31607926	0.26584961	0.4959871	4.4969297
-0.19381493	-0.31610294	0.26586888	0.49601763	4.4979673
-0.1938314	-0.31612653	0.26588808	0.49604805	4.4990012
-0.19384782	-0.31615003	0.26590721	0.49607835	4.5000312
-0.19386418	-0.31617344	0.26592627	0.49610854	4.5010573
-0.19388047	-0.31619676	0.26594525	0.49613861	4.5020797
-0.1938967	-0.31622	0.26596416	0.49616856	4.5030982
-0.19391287	-0.31624314	0.265983	0.49619841	4.504113
-0.19392898	-0.3162662	0.26600177	0.49622813	4.5051239
-0.19394503	-0.31628917	0.26602047	0.49625775	4.506131
-0.19396102	-0.31631205	0.26603909	0.49628724	4.5071344
-0.19397694	-0.31633484	0.26605764	0.49631663	4.5081339
-0.1939928	-0.31635754	0.26607612	0.4963459	4.5091296
-0.1940086	-0.31638016	0.26609453	0.49637505	4.5101216
-0.19402435	-0.31640269	0.26611287	0.49640409	4.5111098
-0.19404003	-0.31642513	0.26613113	0.49643302	4.5120942
-0.19405564	-0.31644748	0.26614933	0.49646184	4.5130748
-0.1940712	-0.31646974	0.26616745	0.49649054	4.5140516
-0.1940867	-0.31649192	0.2661855	0.49651913	4.5150247
-0.19410214	-0.31651401	0.26620348	0.4965476	4.5159941
-0.19411751	-0.31653601	0.26622139	0.49657596	4.5169597
-0.19413283	-0.31655793	0.26623923	0.49660421	4.5179215
-0.19414808	-0.31657976	0.266257	0.49663235	4.5188796
-0.19416328	-0.3166015	0.2662747	0.49666038	4.5198339
-0.19417841	-0.31662316	0.26629233	0.49668829	4.5207845
-0.19419348	-0.31664473	0.26630988	0.49671609	4.5217314
-0.1942085	-0.31666621	0.26632737	0.49674378	4.5226745
-0.19422345	-0.31668761	0.26634479	0.49677135	4.5236139
-0.19423834	-0.31670892	0.26636213	0.49679882	4.5245496
-0.19425318	-0.31673014	0.26637941	0.49682617	4.5254816
-0.19426795	-0.31675128	0.26639661	0.49685342	4.5264099
-0.19428267	-0.31677233	0.26641375	0.49688055	4.5273344
-0.19429732	-0.3167933	0.26643082	0.49690757	4.5282553
-0.19431192	-0.31681418	0.26644781	0.49693448	4.5291724
-0.19432645	-0.31683497	0.26646474	0.49696128	4.5300859
-0.19434093	-0.31685568	0.2664816	0.49698797	4.5309957
-0.19435534	-0.31687631	0.26649838	0.49701455	4.5319018
-0.1943697	-0.31689685	0.2665151	0.49704101	4.5328042
-0.194384	-0.3169173	0.26653175	0.49706737	4.5337029
-0.19439824	-0.31693767	0.26654833	0.49709362	4.534598
-0.19441242	-0.31695796	0.26656484	0.49711976	4.5354894
-0.19442654	-0.31697816	0.26658129	0.49714579	4.5363771
-0.1944406	-0.31699827	0.26659766	0.49717171	4.5372612
-0.1944546	-0.31701831	0.26661397	0.49719752	4.5381417
-0.19446855	-0.31703825	0.2666302	0.49722322	4.5390185
-0.19448243	-0.31705812	0.26664637	0.49724882	4.5398916
-0.19449626	-0.3170779	0.26666247	0.4972743	4.5407611
-0.19451003	-0.31709759	0.2666785	0.49729968	4.541627
-0.19452374	-0.3171172	0.26669447	0.49732495	4.5424893
-0.19453739	-0.31713673	0.26671036	0.49735011	4.5433479
-0.19455099	-0.31715618	0.26672619	0.49737516	4.5442029
-0.19456453	-0.31717554	0.26674195	0.4974001	4.5450543
-0.194578	-0.31719482	0.26675764	0.49742494	4.5459021
-0.19459142	-0.31721401	0.26677326	0.49744967	4.5467463
-0.19460479	-0.31723312	0.26678882	0.49747429	4.5475869
-0.19461809	-0.31725215	0.26680431	0.49749881	4.548424
-0.19463134	-0.3172711	0.26681973	0.49752322	4.5492574
-0.19464453	-0.31728996	0.26683509	0.49754752	4.5500872
-0.19465766	-0.31730874	0.26685037	0.49757171	4.5509135
-0.19467074	-0.31732744	0.26686559	0.4975958	4.5517362
-0.19468375	-0.31734606	0.26688075	0.49761978	4.5525553
-0.19469672	-0.31736459	0.26689583	0.49764366	4.5533709
-0.19470962	-0.31738305	0.26691085	0.49766743	4.5541829
-0.19472247	-0.31740142	0.26692581	0.49769109	4.5549913
-0.19473525	-0.31741971	0.2669407	0.49771465	4.5557962
-0.19474799	-0.31743792	0.26695552	0.49773811	4.5565976
-0.19476066	-0.31745604	0.26697027	0.49776146	4.5573955
-0.19477328	-0.31747409	0.26698496	0.4977847	4.5581898
-0.19478585	-0.31749205	0.26699958	0.49780784	4.5589805
-0.19479835	-0.31750994	0.26701414	0.49783087	4.5597678
-0.1948108	-0.31752774	0.26702863	0.4978538	4.5605515
-0.19482319	-0.31754546	0.26704305	0.49787663	4.5613318
-0.19483553	-0.3175631	0.26705741	0.49789935	4.5621085
-0.19484781	-0.31758066	0.26707171	0.49792197	4.5628817
-0.19486004	-0.31759814	0.26708593	0.49794448	4.5636515
-0.19487221	-0.31761554	0.2671001	0.49796689	4.5644177
-0.19488432	-0.31763286	0.2671142	0.4979892	4.5651805
-0.19489638	-0.3176501	0.26712823	0.4980114	4.5659398
-0.19490838	-0.31766726	0.2671422	0.4980335	4.5666956
-0.19492033	-0.31768434	0.2671561	0.4980555	4.567448
-0.19493222	-0.31770134	0.26716994	0.49807739	4.5681969
-0.19494406	-0.31771826	0.26718371	0.49809918	4.5689423
-0.19495584	-0.31773511	0.26719742	0.49812087	4.5696843
-0.19496756	-0.31775187	0.26721107	0.49814246	4.5704228
-0.19497923	-0.31776856	0.26722465	0.49816395	4.571158
-0.19499085	-0.31778516	0.26723816	0.49818533	4.5718896
-0.19500241	-0.31780169	0.26725162	0.49820661	4.5726179
-0.19501391	-0.31781814	0.267265	0.49822779	4.5733427
-0.19502536	-0.31783451	0.26727833	0.49824887	4.5740641
-0.19503676	-0.3178508	0.26729159	0.49826985	4.5747821
-0.1950481	-0.31786701	0.26730479	0.49829073	4.5754967
-0.19505939	-0.31788315	0.26731792	0.49831151	4.5762079
-0.19507062	-0.31789921	0.26733099	0.49833219	4.5769157
-0.1950818	-0.31791519	0.267344	0.49835276	4.5776201
-0.19509293	-0.31793109	0.26735694	0.49837324	4.5783212
-0.195104	-0.31794692	0.26736983	0.49839362	4.5790188
-0.19511502	-0.31796266	0.26738264	0.49841389	4.5797131
-0.19512598	-0.31797833	0.2673954	0.49843407	4.580404
-0.19513689	-0.31799393	0.26740809	0.49845415	4.5810916
-0.19514774	-0.31800945	0.26742072	0.49847413	4.5817758
-0.19515855	-0.31802489	0.26743329	0.49849401	4.5824567
-0.1951693	-0.31804025	0.2674458	0.49851379	4.5831342
-0.19517999	-0.31805554	0.26745824	0.49853347	4.5838084
-0.19519063	-0.31807075	0.26747062	0.49855305	4.5844792
-0.19520122	-0.31808588	0.26748294	0.49857254	4.5851468
-0.19521176	-0.31810094	0.2674952	0.49859193	4.585811
-0.19522224	-0.31811593	0.2675074	0.49861122	4.5864719
-0.19523267	-0.31813084	0.26751953	0.49863041	4.5871295
-0.19524305	-0.31814567	0.26753161	0.49864951	4.5877838
-0.19525338	-0.31816043	0.26754362	0.4986685	4.5884348
-0.19526365	-0.31817511	0.26755557	0.49868741	4.5890825
-0.19527387	-0.31818971	0.26756746	0.49870621	4.5897269
-0.19528404	-0.31820425	0.26757929	0.49872492	4.5903681
-0.19529415	-0.3182187	0.26759105	0.49874353	4.591006
-0.19530422	-0.31823309	0.26760276	0.49876204	4.5916406
-0.19531423	-0.31824739	0.26761441	0.49878046	4.592272
-0.19532419	-0.31826163	0.26762599	0.49879878	4.5929001
-0.1953341	-0.31827579	0.26763752	0.49881701	4.593525
-0.19534395	-0.31828987	0.26764898	0.49883514	4.5941467
-0.19535376	-0.31830388	0.26766039	0.49885318	4.5947651
-0.19536351	-0.31831782	0.26767173	0.49887112	4.5953803
-0.19537321	-0.31833169	0.26768302	0.49888897	4.5959922
-0.19538287	-0.31834548	0.26769424	0.49890672	4.596601
-0.19539246	-0.31835919	0.26770541	0.49892437	4.5972065
-0.19540201	-0.31837284	0.26771652	0.49894194	4.5978089
-0.19541151	-0.31838641	0.26772756	0.49895941	4.598408
-0.19542096	-0.31839991	0.26773855	0.49897678	4.599004
-0.19543035	-0.31841334	0.26774948	0.49899406	4.5995967
-0.1954397	-0.31842669	0.26776035	0.49901125	4.6001864
-0.19544899	-0.31843997	0.26777116	0.49902834	4.6007728
-0.19545824	-0.31845318	0.26778191	0.49904535	4.6013561
-0.19546743	-0.31846632	0.26779261	0.49906225	4.6019362
-0.19547658	-0.31847938	0.26780324	0.49907907	4.6025131
-0.19548567	-0.31849238	0.26781382	0.49909579	4.603087
-0.19549471	-0.3185053	0.26782433	0.49911242	4.6036577
-0.19550371	-0.31851815	0.26783479	0.49912896	4.6042252
-0.19551265	-0.31853093	0.2678452	0.49914541	4.6047897
-0.19552155	-0.31854364	0.26785554	0.49916177	4.605351
-0.19553039	-0.31855627	0.26786583	0.49917803	4.6059092
-0.19553919	-0.31856884	0.26787606	0.4991942	4.6064643
-0.19554793	-0.31858134	0.26788623	0.49921028	4.6070163
-0.19555663	-0.31859376	0.26789634	0.49922628	4.6075652
-0.19556528	-0.31860612	0.2679064	0.49924218	4.608111
-0.19557388	-0.3186184	0.2679164	0.49925799	4.6086538
-0.19558243	-0.31863062	0.26792634	0.49927371	4.6091935
-0.19559093	-0.31864276	0.26793623	0.49928933	4.6097301
-0.19559938	-0.31865484	0.26794606	0.49930487	4.6102637
-0.19560778	-0.31866684	0.26795583	0.49932033	4.6107942
-0.19561614	-0.31867878	0.26796555	0.49933569	4.6113217
-0.19562445	-0.31869065	0.26797521	0.49935096	4.6118461
-0.1956327	-0.31870245	0.26798481	0.49936614	4.6123675
-0.19564092	-0.31871418	0.26799436	0.49938123	4.6128859
-0.19564908	-0.31872584	0.26800385	0.49939624	4.6134012
-0.19565719	-0.31873743	0.26801328	0.49941116	4.6139136
-0.19566526	-0.31874896	0.26802267	0.49942599	4.614423
-0.19567328	-0.31876041	0.26803199	0.49944073	4.6149293
-0.19568125	-0.3187718	0.26804126	0.49945538	4.6154327
-0.19568918	-0.31878312	0.26805047	0.49946995	4.6159331
-0.19569705	-0.31879437	0.26805963	0.49948443	4.6164305
-0.19570488	-0.31880556	0.26806874	0.49949882	4.6169249
-0.19571266	-0.31881667	0.26807779	0.49951312	4.6174164
-0.1957204	-0.31882772	0.26808678	0.49952734	4.6179049
-0.19572809	-0.31883871	0.26809572	0.49954147	4.6183905
-0.19573573	-0.31884962	0.26810461	0.49955552	4.6188732
-0.19574333	-0.31886047	0.26811344	0.49956948	4.6193529
-0.19575088	-0.31887126	0.26812222	0.49958335	4.6198297
-0.19575838	-0.31888197	0.26813094	0.49959714	4.6203035
-0.19576583	-0.31889262	0.26813961	0.49961085	4.6207745
-0.19577324	-0.31890321	0.26814822	0.49962446	4.6212425
-0.19578061	-0.31891373	0.26815678	0.499638	4.6217077
-0.19578793	-0.31892418	0.26816529	0.49965145	4.62217
-0.1957952	-0.31893457	0.26817375	0.49966481	4.6226293
-0.19580243	-0.31894489	0.26818215	0.49967809	4.6230858
-0.19580961	-0.31895515	0.2681905	0.49969129	4.6235395
-0.19581674	-0.31896534	0.26819879	0.4997044	4.6239902
-0.19582383	-0.31897546	0.26820704	0.49971743	4.6244382
-0.19583088	-0.31898553	0.26821523	0.49973037	4.6248832
-0.19583788	-0.31899552	0.26822337	0.49974324	4.6253255
-0.19584483	-0.31900546	0.26823145	0.49975602	4.6257649
-0.19585174	-0.31901533	0.26823948	0.49976871	4.6262015
-0.19585861	-0.31902513	0.26824747	0.49978133	4.6266352
-0.19586543	-0.31903487	0.2682554	0.49979386	4.6270662
-0.1958722	-0.31904455	0.26826327	0.49980631	4.6274943
-0.19587894	-0.31905417	0.2682711	0.49981868	4.6279197
-0.19588562	-0.31906372	0.26827887	0.49983097	4.6283422
-0.19589227	-0.3190732	0.2682866	0.49984317	4.628762
-0.19589886	-0.31908263	0.26829427	0.4998553	4.629179
-0.19590542	-0.31909199	0.26830189	0.49986734	4.6295933
-0.19591193	-0.31910129	0.26830946	0.4998793	4.6300048
-0.1959184	-0.31911053	0.26831698	0.49989119	4.6304135
-0.19592482	-0.3191197	0.26832444	0.49990299	4.6308195
-0.1959312	-0.31912882	0.26833186	0.49991471	4.6312228
-0.19593754	-0.31913787	0.26833923	0.49992635	4.6316233
-0.19594384	-0.31914686	0.26834655	0.49993792	4.6320211
-0.19595009	-0.31915578	0.26835381	0.4999494	4.6324162
-0.1959563	-0.31916465	0.26836103	0.49996081	4.6328086
-0.19596246	-0.31917345	0.2683682	0.49997213	4.6331983
-0.19596858	-0.3191822	0.26837531	0.49998338	4.6335853
-0.19597467	-0.31919088	0.26838238	0.49999455	4.6339697
-0.1959807	-0.3191995	0.2683894	0.50000564	4.6343513
-0.1959867	-0.31920807	0.26839637	0.50001666	4.6347303
-0.19599265	-0.31921657	0.26840329	0.50002759	4.6351066
-0.19599856	-0.31922501	0.26841016	0.50003845	4.6354803
-0.19600443	-0.31923339	0.26841698	0.50004923	4.6358513
-0.19601026	-0.31924171	0.26842376	0.50005994	4.6362197
-0.19601605	-0.31924998	0.26843048	0.50007056	4.6365855
-0.19602179	-0.31925818	0.26843716	0.50008112	4.6369487
-0.19602749	-0.31926632	0.26844379	0.50009159	4.6373092
-0.19603316	-0.31927441	0.26845037	0.50010199	4.6376671
-0.19603878	-0.31928243	0.2684569	0.50011231	4.6380225
-0.19604436	-0.3192904	0.26846339	0.50012256	4.6383752
-0.19604989	-0.31929831	0.26846982	0.50013273	4.6387254
-0.19605539	-0.31930616	0.26847621	0.50014283	4.639073
-0.19606085	-0.31931395	0.26848256	0.50015285	4.639418
-0.19606627	-0.31932169	0.26848885	0.5001628	4.6397605
-0.19607164	-0.31932936	0.2684951	0.50017267	4.6401004
-0.19607698	-0.31933698	0.2685013	0.50018247	4.6404378
-0.19608227	-0.31934454	0.26850746	0.5001922	4.6407727
-0.19608753	-0.31935205	0.26851357	0.50020185	4.641105
-0.19609274	-0.31935949	0.26851963	0.50021143	4.6414348
-0.19609792	-0.31936689	0.26852564	0.50022094	4.6417621
-0.19610306	-0.31937422	0.26853161	0.50023037	4.6420869
-0.19610815	-0.3193815	0.26853754	0.50023973	4.6424092
-0.19611321	-0.31938872	0.26854342	0.50024902	4.6427291
-0.19611823	-0.31939588	0.26854925	0.50025823	4.6430464
-0.19612321	-0.31940299	0.26855503	0.50026738	4.6433613
-0.19612815	-0.31941005	0.26856078	0.50027645	4.6436737
-0.19613305	-0.31941704	0.26856647	0.50028545	4.6439837
-0.19613791	-0.31942399	0.26857212	0.50029438	4.6442912
-0.19614274	-0.31943088	0.26857773	0.50030324	4.6445963
-0.19614752	-0.31943771	0.26858329	0.50031202	4.644899
-0.19615227	-0.31944449	0.26858881	0.50032074	4.6451993
-0.19615698	-0.31945121	0.26859428	0.50032939	4.6454971
-0.19616165	-0.31945788	0.26859971	0.50033797	4.6457926
-0.19616628	-0.31946449	0.2686051	0.50034647	4.6460856
-0.19617088	-0.31947106	0.26861044	0.50035491	4.6463763
-0.19617544	-0.31947756	0.26861573	0.50036328	4.6466646
-0.19617996	-0.31948402	0.26862099	0.50037158	4.6469505
-0.19618444	-0.31949042	0.2686262	0.50037981	4.647234
-0.19618888	-0.31949676	0.26863136	0.50038797	4.6475152
-0.19619329	-0.31950306	0.26863649	0.50039607	4.6477941
-0.19619766	-0.3195093	0.26864157	0.50040409	4.6480706
-0.196202	-0.31951549	0.2686466	0.50041205	4.6483448
-0.1962063	-0.31952162	0.2686516	0.50041994	4.6486167
-0.19621056	-0.31952771	0.26865655	0.50042777	4.6488863
-0.19621478	-0.31953374	0.26866146	0.50043553	4.6491536
-0.19621897	-0.31953972	0.26866633	0.50044322	4.6494186
-0.19622313	-0.31954565	0.26867115	0.50045084	4.6496813
-0.19622724	-0.31955153	0.26867594	0.5004584	4.6499417
-0.19623132	-0.31955735	0.26868068	0.50046589	4.6501999
-0.19623537	-0.31956313	0.26868538	0.50047332	4.6504558
-0.19623938	-0.31956885	0.26869004	0.50048068	4.6507094
-0.19624335	-0.31957452	0.26869466	0.50048797	4.6509608
-0.19624729	-0.31958015	0.26869923	0.5004952	4.65121
-0.19625119	-0.31958572	0.26870377	0.50050237	4.651457
-0.19625506	-0.31959124	0.26870826	0.50050947	4.6517017
-0.19625889	-0.31959671	0.26871272	0.50051651	4.6519443
-0.19626269	-0.31960214	0.26871713	0.50052348	4.6521846
-0.19626646	-0.31960751	0.26872151	0.50053039	4.6524228
-0.19627019	-0.31961284	0.26872584	0.50053724	4.6526587
-0.19627388	-0.31961811	0.26873014	0.50054402	4.6528925
-0.19627754	-0.31962334	0.26873439	0.50055074	4.6531242
-0.19628117	-0.31962851	0.2687386	0.5005574	4.6533537
-0.19628476	-0.31963364	0.26874278	0.500564	4.653581
-0.19628832	-0.31963872	0.26874691	0.50057053	4.6538062
-0.19629185	-0.31964376	0.26875101	0.500577	4.6540293
-0.19629534	-0.31964874	0.26875507	0.50058341	4.6542503
-0.1962988	-0.31965368	0.26875909	0.50058976	4.6544692
-0.19630222	-0.31965857	0.26876307	0.50059605	4.6546859
-0.19630562	-0.31966341	0.26876701	0.50060228	4.6549006
-0.19630897	-0.31966821	0.26877091	0.50060844	4.6551132
-0.1963123	-0.31967296	0.26877478	0.50061455	4.6553237
-0.1963156	-0.31967766	0.26877861	0.5006206	4.6555322
-0.19631886	-0.31968232	0.2687824	0.50062658	4.6557386
-0.19632209	-0.31968692	0.26878615	0.50063251	4.6559429
-0.19632528	-0.31969149	0.26878986	0.50063838	4.6561452
-0.19632845	-0.31969601	0.26879354	0.50064419	4.6563455
-0.19633158	-0.31970048	0.26879718	0.50064994	4.6565438
-0.19633468	-0.31970491	0.26880078	0.50065563	4.6567401
-0.19633775	-0.31970929	0.26880435	0.50066126	4.6569343
-0.19634079	-0.31971362	0.26880788	0.50066684	4.6571266
-0.1963438	-0.31971792	0.26881137	0.50067236	4.6573169
-0.19634677	-0.31972216	0.26881483	0.50067782	4.6575052
-0.19634972	-0.31972637	0.26881825	0.50068322	4.6576916
-0.19635263	-0.31973053	0.26882164	0.50068857	4.657876
-0.19635551	-0.31973464	0.26882499	0.50069386	4.6580584
-0.19635836	-0.31973871	0.2688283	0.5006991	4.6582389
-0.19636119	-0.31974274	0.26883158	0.50070428	4.6584175
-0.19636398	-0.31974672	0.26883482	0.5007094	4.6585942
-0.19636674	-0.31975067	0.26883803	0.50071447	4.658769
-0.19636947	-0.31975456	0.26884121	0.50071948	4.6589418
-0.19637217	-0.31975842	0.26884434	0.50072444	4.6591128
-0.19637484	-0.31976223	0.26884745	0.50072934	4.6592819
-0.19637749	-0.31976601	0.26885052	0.50073419	4.6594492
-0.1963801	-0.31976973	0.26885355	0.50073899	4.6596145
-0.19638268	-0.31977342	0.26885656	0.50074373	4.659778
-0.19638524	-0.31977707	0.26885952	0.50074842	4.6599397
-0.19638776	-0.31978067	0.26886246	0.50075305	4.6600996
-0.19639026	-0.31978424	0.26886536	0.50075763	4.6602576
-0.19639273	-0.31978776	0.26886822	0.50076216	4.6604138
-0.19639516	-0.31979124	0.26887106	0.50076664	4.6605682
-0.19639758	-0.31979468	0.26887386	0.50077106	4.6607208
-0.19639996	-0.31979808	0.26887663	0.50077543	4.6608716
-0.19640231	-0.31980144	0.26887936	0.50077976	4.6610207
-0.19640464	-0.31980476	0.26888207	0.50078403	4.661168
-0.19640694	-0.31980805	0.26888474	0.50078824	4.6613135
-0.19640921	-0.31981129	0.26888738	0.50079241	4.6614573
-0.19641145	-0.31981449	0.26888998	0.50079653	4.6615993
-0.19641367	-0.31981765	0.26889256	0.5008006	4.6617396
-0.19641586	-0.31982078	0.2688951	0.50080462	4.6618782
-0.19641802	-0.31982387	0.26889762	0.50080858	4.6620151
-0.19642016	-0.31982691	0.2689001	0.5008125	4.6621503
-0.19642227	-0.31982992	0.26890255	0.50081637	4.6622838
-0.19642435	-0.3198329	0.26890497	0.5008202	4.6624156
-0.1964264	-0.31983583	0.26890735	0.50082397	4.6625458
-0.19642843	-0.31983873	0.26890971	0.50082769	4.6626743
-0.19643044	-0.31984159	0.26891204	0.50083137	4.6628011
-0.19643241	-0.31984441	0.26891434	0.500835	4.6629263
-0.19643437	-0.3198472	0.26891661	0.50083858	4.6630499
-0.19643629	-0.31984995	0.26891884	0.50084212	4.6631719
-0.19643819	-0.31985266	0.26892105	0.5008456	4.6632922
-0.19644007	-0.31985534	0.26892323	0.50084905	4.6634109
-0.19644192	-0.31985798	0.26892538	0.50085244	4.6635281
-0.19644375	-0.31986058	0.2689275	0.50085579	4.6636437
-0.19644555	-0.31986315	0.26892959	0.5008591	4.6637577
-0.19644732	-0.31986569	0.26893166	0.50086235	4.6638701
-0.19644907	-0.31986819	0.26893369	0.50086557	4.663981
-0.1964508	-0.31987065	0.2689357	0.50086874	4.6640903
-0.1964525	-0.31987308	0.26893768	0.50087186	4.6641981
-0.19645418	-0.31987548	0.26893963	0.50087494	4.6643044
-0.19645584	-0.31987784	0.26894155	0.50087798	4.6644092
-0.19645747	-0.31988017	0.26894345	0.50088097	4.6645125
-0.19645908	-0.31988246	0.26894531	0.50088392	4.6646143
-0.19646066	-0.31988473	0.26894715	0.50088683	4.6647146
-0.19646222	-0.31988695	0.26894897	0.5008897	4.6648134
-0.19646376	-0.31988915	0.26895075	0.50089252	4.6649108
-0.19646527	-0.31989131	0.26895251	0.5008953	4.6650067
-0.19646677	-0.31989344	0.26895425	0.50089804	4.6651012
-0.19646824	-0.31989554	0.26895596	0.50090073	4.6651943
-0.19646968	-0.3198976	0.26895764	0.50090339	4.6652859
-0.19647111	-0.31989964	0.26895929	0.500906	4.6653761
-0.19647251	-0.31990164	0.26896092	0.50090858	4.665465
-0.19647389	-0.31990361	0.26896253	0.50091111	4.6655524
-0.19647525	-0.31990555	0.26896411	0.50091361	4.6656385
-0.19647659	-0.31990746	0.26896566	0.50091606	4.6657232
-0.19647791	-0.31990934	0.26896719	0.50091847	4.6658065
-0.1964792	-0.31991119	0.26896869	0.50092085	4.6658885
-0.19648047	-0.319913	0.26897017	0.50092319	4.6659691
-0.19648173	-0.31991479	0.26897163	0.50092549	4.6660484
-0.19648296	-0.31991655	0.26897306	0.50092775	4.6661264
-0.19648417	-0.31991828	0.26897447	0.50092997	4.6662031
-0.19648536	-0.31991998	0.26897585	0.50093215	4.6662785
-0.19648653	-0.31992165	0.26897721	0.5009343	4.6663526
-0.19648768	-0.31992329	0.26897854	0.50093641	4.6664254
-0.19648881	-0.3199249	0.26897986	0.50093849	4.666497
-0.19648992	-0.31992649	0.26898115	0.50094052	4.6665673
-0.19649101	-0.31992805	0.26898242	0.50094252	4.6666364
-0.19649208	-0.31992957	0.26898366	0.50094449	4.6667042
-0.19649313	-0.31993108	0.26898488	0.50094642	4.6667708
-0.19649417	-0.31993255	0.26898608	0.50094831	4.6668362
-0.19649518	-0.319934	0.26898726	0.50095018	4.6669004
-0.19649618	-0.31993542	0.26898842	0.500952	4.6669634
-0.19649715	-0.31993681	0.26898955	0.50095379	4.6670253
-0.19649811	-0.31993818	0.26899066	0.50095555	4.6670859
-0.19649905	-0.31993952	0.26899175	0.50095727	4.6671454
-0.19649997	-0.31994083	0.26899282	0.50095896	4.6672037
-0.19650087	-0.31994212	0.26899387	0.50096062	4.6672609
-0.19650176	-0.31994339	0.2689949	0.50096225	4.667317
-0.19650263	-0.31994462	0.26899591	0.50096384	4.667372
-0.19650348	-0.31994584	0.2689969	0.5009654	4.6674258
-0.19650431	-0.31994703	0.26899787	0.50096693	4.6674786
-0.19650513	-0.31994819	0.26899881	0.50096842	4.6675302
-0.19650593	-0.31994933	0.26899974	0.50096989	4.6675808
-0.19650671	-0.31995045	0.26900065	0.50097133	4.6676304
-0.19650747	-0.31995154	0.26900154	0.50097273	4.6676788
-0.19650822	-0.31995261	0.26900241	0.5009741	4.6677263
-0.19650896	-0.31995366	0.26900326	0.50097545	4.6677727
-0.19650967	-0.31995468	0.26900409	0.50097676	4.6678181
-0.19651037	-0.31995568	0.26900491	0.50097805	4.6678624
-0.19651106	-0.31995666	0.2690057	0.50097931	4.6679058
-0.19651173	-0.31995761	0.26900648	0.50098053	4.6679482
-0.19651238	-0.31995854	0.26900724	0.50098173	4.6679896
-0.19651302	-0.31995946	0.26900798	0.50098291	4.66803
-0.19651364	-0.31996035	0.26900871	0.50098405	4.6680695
-0.19651425	-0.31996121	0.26900941	0.50098517	4.6681081
-0.19651485	-0.31996206	0.2690101	0.50098626	4.6681457
-0.19651543	-0.31996289	0.26901078	0.50098732	4.6681824
-0.19651599	-0.3199637	0.26901143	0.50098836	4.6682181
-0.19651654	-0.31996448	0.26901207	0.50098937	4.668253
-0.19651708	-0.31996525	0.2690127	0.50099035	4.668287
-0.1965176	-0.31996599	0.2690133	0.50099131	4.6683201
-0.19651811	-0.31996672	0.2690139	0.50099224	4.6683523
-0.1965186	-0.31996743	0.26901447	0.50099315	4.6683837
-0.19651909	-0.31996812	0.26901503	0.50099404	4.6684143
-0.19651956	-0.31996878	0.26901558	0.5009949	4.668444
-0.19652001	-0.31996944	0.26901611	0.50099573	4.6684728
-0.19652046	-0.31997007	0.26901662	0.50099655	4.6685009
-0.19652089	-0.31997068	0.26901712	0.50099734	4.6685282
-0.1965213	-0.31997128	0.26901761	0.50099811	4.6685547
-0.19652171	-0.31997186	0.26901808	0.50099885	4.6685804
-0.1965221	-0.31997242	0.26901854	0.50099957	4.6686053
-0.19652249	-0.31997297	0.26901898	0.50100027	4.6686295
-0.19652286	-0.31997349	0.26901941	0.50100095	4.6686529
-0.19652321	-0.31997401	0.26901983	0.50100161	4.6686756
-0.19652356	-0.3199745	0.26902023	0.50100225	4.6686976
-0.1965239	-0.31997498	0.26902062	0.50100286	4.6687189
-0.19652422	-0.31997544	0.269021	0.50100346	4.6687394
-0.19652454	-0.31997589	0.26902136	0.50100403	4.6687593
-0.19652484	-0.31997632	0.26902171	0.50100459	4.6687785
-0.19652513	-0.31997674	0.26902205	0.50100513	4.6687971
-0.19652541	-0.31997715	0.26902238	0.50100565	4.668815
-0.19652569	-0.31997753	0.2690227	0.50100615	4.6688322
-0.19652595	-0.31997791	0.269023	0.50100663	4.6688488
-0.1965262	-0.31997827	0.2690233	0.50100709	4.6688648
-0.19652644	-0.31997862	0.26902358	0.50100754	4.6688802
-0.19652668	-0.31997895	0.26902385	0.50100797	4.668895
-0.1965269	-0.31997927	0.26902411	0.50100838	4.6689092
-0.19652712	-0.31997958	0.26902436	0.50100877	4.6689228
-0.19652732	-0.31997987	0.2690246	0.50100915	4.6689359
-0.19652752	-0.31998015	0.26902483	0.50100951	4.6689484
-0.19652771	-0.31998042	0.26902505	0.50100986	4.6689604
-0.19652789	-0.31998068	0.26902526	0.50101019	4.6689719
-0.19652807	-0.31998093	0.26902546	0.50101051	4.6689828
-0.19652823	-0.31998116	0.26902565	0.50101081	4.6689933
-0.19652839	-0.31998139	0.26902583	0.5010111	4.6690032
-0.19652854	-0.3199816	0.26902601	0.50101137	4.6690127
-0.19652868	-0.3199818	0.26902617	0.50101164	4.6690217
-0.19652881	-0.319982	0.26902633	0.50101188	4.6690302
-0.19652894	-0.31998218	0.26902648	0.50101212	4.6690383
-0.19652906	-0.31998235	0.26902662	0.50101234	4.669046
-0.19652918	-0.31998251	0.26902675	0.50101255	4.6690532
-0.19652928	-0.31998267	0.26902688	0.50101275	4.66906
-0.19652939	-0.31998281	0.26902699	0.50101293	4.6690664
-0.19652948	-0.31998295	0.26902711	0.50101311	4.6690725
-0.19652957	-0.31998308	0.26902721	0.50101327	4.6690782
-0.19652965	-0.3199832	0.26902731	0.50101343	4.6690835
-0.19652973	-0.31998331	0.2690274	0.50101357	4.6690884
-0.19652981	-0.31998341	0.26902748	0.5010137	4.669093
-0.19652987	-0.31998351	0.26902756	0.50101383	4.6690973
-0.19652994	-0.3199836	0.26902763	0.50101394	4.6691013
-0.19652999	-0.31998368	0.2690277	0.50101405	4.669105
-0.19653005	-0.31998376	0.26902776	0.50101415	4.6691083
-0.1965301	-0.31998383	0.26902782	0.50101424	4.6691114
-0.19653014	-0.31998389	0.26902787	0.50101432	4.6691143
-0.19653018	-0.31998395	0.26902792	0.50101439	4.6691168
-0.19653022	-0.319984	0.26902796	0.50101446	4.6691192
-0.19653025	-0.31998405	0.269028	0.50101452	4.6691213
-0.19653028	-0.31998409	0.26902803	0.50101457	4.6691231
-0.19653031	-0.31998413	0.26902807	0.50101462	4.6691248
-0.19653033	-0.31998416	0.26902809	0.50101467	4.6691263
-0.19653035	-0.31998419	0.26902812	0.5010147	4.6691276
-0.19653037	-0.31998422	0.26902814	0.50101474	4.6691287
-0.19653038	-0.31998424	0.26902815	0.50101476	4.6691296
-0.1965304	-0.31998426	0.26902817	0.50101479	4.6691305
-0.19653041	-0.31998427	0.26902818	0.50101481	4.6691311
-0.19653042	-0.31998428	0.26902819	0.50101482	4.6691317
-0.19653042	-0.31998429	0.2690282	0.50101484	4.6691321
-0.19653043	-0.3199843	0.26902821	0.50101485	4.6691325
-0.19653043	-0.31998431	0.26902821	0.50101485	4.6691327
-0.19653044	-0.31998431	0.26902821	0.50101486	4.6691329
-0.19653044	-0.31998431	0.26902822	0.50101486	4.6691331
-0.19653044	-0.31998432	0.26902822	0.50101486	4.6691331
-0.19653044	-0.31998432	0.26902822	0.50101487	4.6691332
-0.19653044	-0.31998432	0.26902822	0.50101487	4.6691332
-0.19653044	-0.31998432	0.26902822	0.50101487	4.6691332