-0.0031	69.8409	-10.0357	-0.0045	113.8079
-0.0031	69.8409	-10.0357	-0.0045	113.8079
-0.0031	69.8409	-10.0357	-0.0045	113.8079
-0.0031	69.8409	-10.0357	-0.0045	113.8079
-0.0031	69.8409	-10.0357	-0.0045	113.8079
-0.0031	69.8409	-10.0357	-0.0045	113.8079
-0.0031	69.8409	-10.0357	-0.0045	113.8079
-0.0031	69.8409	-10.0357	-0.0045	113.8079
-0.0031	69.8409	-10.0357	-0.0045	113.8079
-0.0031	69.8409	-10.0357	-0.0045	113.8079
-0.0031	69.8409	-10.0357	-0.0045	113.8079
-0.0031	69.8409	-10.0357	-0.0045	113.8079
-0.0031	69.8409	-10.0357	-0.0045	113.8079
-0.0031	69.8409	-10.0357	-0.0045	113.8079
-0.0031	69.8409	-10.0357	-0.0045	113.8079
-0.0031	69.8409	-10.0357	-0.0045	113.8079
-0.0031	69.8409	-10.0357	-0.0045	113.8079
-0.0031	69.8409	-10.0357	-0.0045	113.8079
-0.0031	69.8409	-10.0357	-0.0045	113.8079
-0.0031	69.8409	-10.0357	-0.0045	113.8079
-0.0031	69.8409	-10.0357	-0.0045	113.8079
-0.0031	69.8409	-10.0357	-0.0045	113.8079
-0.0031	69.8409	-10.0357	-0.0045	113.8079
-0.0031	69.8409	-10.0357	-0.0045	113.8079
-0.0031	69.8409	-10.0357	-0.0045	113.8079
-0.0031	69.8409	-10.0357	-0.0045	113.8079
-0.0031	69.8409	-10.0357	-0.0045	113.8079
-0.0031	69.8409	-10.0357	-0.0045	113.8079
-0.0031	69.8409	-10.0357	-0.0045	113.8079
-0.0031	69.8409	-10.0357	-0.0045	113.8079
-0.0031	69.8409	-10.0357	-0.0045	113.8079
-0.0031	69.8409	-10.0357	-0.0045	113.8079
-0.0031	69.8409	-10.0357	-0.0045	113.8079
-0.0031	69.8409	-10.0357	-0.0045	113.8079
-0.0031	69.8409	-10.0357	-0.0045	113.808
-0.0031	69.8409	-10.0357	-0.0045	113.808
-0.0031	69.8409	-10.0357	-0.0045	113.808
-0.0031	69.8409	-10.0357	-0.0045	113.808
-0.0031	69.8409	-10.0357	-0.0045	113.808
-0.0031	69.8409	-10.0357	-0.0045	113.808
-0.0031	69.8409	-10.0357	-0.0045	113.808
-0.0031	69.8409	-10.0357	-0.0045	113.808
-0.0031	69.8409	-10.0357	-0.0045	113.808
-0.0031	69.8409	-10.0357	-0.0045	113.808
-0.0031	69.8409	-10.0357	-0.0045	113.808
-0.0031	69.8409	-10.0357	-0.0045	113.808
-0.0031	69.8409	-10.0357	-0.0045	113.808
-0.0031	69.8409	-10.0357	-0.0045	113.808
-0.0031	69.8409	-10.0357	-0.0045	113.808
-0.0031	69.8409	-10.0358	-0.0045	113.8081
-0.0031	69.8409	-10.0358	-0.0045	113.8081
-0.0031	69.8409	-10.0358	-0.0045	113.8081
-0.0031	69.8409	-10.0358	-0.0045	113.8081
-0.0031	69.8409	-10.0358	-0.0045	113.8081
-0.0031	69.8409	-10.0358	-0.0045	113.8081
-0.0031	69.8409	-10.0358	-0.0045	113.8081
-0.0031	69.8409	-10.0358	-0.0045	113.8081
-0.0031	69.8409	-10.0358	-0.0045	113.8081
-0.0031	69.8409	-10.0358	-0.0045	113.8082
-0.0031	69.8409	-10.0358	-0.0045	113.8082
-0.0031	69.8409	-10.0358	-0.0045	113.8082
-0.0031	69.8409	-10.0358	-0.0045	113.8082
-0.0031	69.8409	-10.0358	-0.0045	113.8082
-0.0031	69.8409	-10.0358	-0.0045	113.8082
-0.0031	69.8409	-10.0358	-0.0045	113.8082
-0.0031	69.8409	-10.0358	-0.0045	113.8083
-0.0031	69.8409	-10.0358	-0.0045	113.8083
-0.0031	69.8409	-10.0358	-0.0045	113.8083
-0.0031	69.8409	-10.0358	-0.0045	113.8083
-0.0031	69.8409	-10.0358	-0.0045	113.8083
-0.0031	69.8409	-10.0358	-0.0045	113.8083
-0.0031	69.8409	-10.0359	-0.0045	113.8084
-0.0031	69.8409	-10.0359	-0.0045	113.8084
-0.0031	69.8409	-10.0359	-0.0045	113.8084
-0.0031	69.8409	-10.0359	-0.0045	113.8084
-0.0031	69.8409	-10.0359	-0.0045	113.8084
-0.0031	69.8409	-10.0359	-0.0045	113.8085
-0.0031	69.8409	-10.0359	-0.0045	113.8085
-0.0031	69.8409	-10.0359	-0.0045	113.8085
-0.0031	69.8409	-10.0359	-0.0045	113.8085
-0.0031	69.8409	-10.0359	-0.0045	113.8086
-0.0031	69.8409	-10.0359	-0.0045	113.8086
-0.0031	69.8409	-10.0359	-0.0045	113.8086
-0.0031	69.8409	-10.0359	-0.0045	113.8086
-0.0031	69.8409	-10.036	-0.0045	113.8087
-0.0031	69.8409	-10.036	-0.0045	113.8087
-0.0031	69.8409	-10.036	-0.0045	113.8087
-0.0031	69.8409	-10.036	-0.0045	113.8088
-0.0031	69.8409	-10.036	-0.0045	113.8088
-0.0031	69.8409	-10.036	-0.0045	113.8088
-0.0031	69.8409	-10.036	-0.0045	113.8088
-0.0031	69.8409	-10.036	-0.0045	113.8089
-0.0031	69.8409	-10.036	-0.0045	113.8089
-0.0031	69.8409	-10.036	-0.0045	113.8089
-0.0031	69.8409	-10.036	-0.0045	113.809
-0.0031	69.8409	-10.0361	-0.0045	113.809
-0.0031	69.8409	-10.0361	-0.0045	113.809
-0.0031	69.8409	-10.0361	-0.0045	113.8091
-0.0031	69.8409	-10.0361	-0.0045	113.8091
-0.0031	69.8409	-10.0361	-0.0045	113.8092
-0.0031	69.8409	-10.0361	-0.0045	113.8092
-0.0031	69.8409	-10.0361	-0.0045	113.8092
-0.0031	69.8409	-10.0361	-0.0045	113.8093
-0.0031	69.8409	-10.0362	-0.0045	113.8093
-0.0031	69.8409	-10.0362	-0.0045	113.8094
-0.0031	69.8409	-10.0362	-0.0045	113.8094
-0.0031	69.8409	-10.0362	-0.0045	113.8094
-0.0031	69.8409	-10.0362	-0.0045	113.8095
-0.0031	69.8409	-10.0362	-0.0045	113.8095
-0.0031	69.8409	-10.0362	-0.0045	113.8096
-0.0031	69.8409	-10.0363	-0.0045	113.8096
-0.0031	69.8409	-10.0363	-0.0045	113.8097
-0.0031	69.8409	-10.0363	-0.0045	113.8097
-0.0031	69.8409	-10.0363	-0.0045	113.8098
-0.0031	69.8409	-10.0363	-0.0045	113.8098
-0.0031	69.8409	-10.0363	-0.0045	113.8099
-0.0031	69.8409	-10.0364	-0.0045	113.8099
-0.0031	69.8409	-10.0364	-0.0045	113.81
-0.0031	69.8409	-10.0364	-0.0045	113.81
-0.0031	69.8409	-10.0364	-0.0045	113.8101
-0.0031	69.8409	-10.0364	-0.0045	113.8101
-0.0031	69.8409	-10.0364	-0.0045	113.8102
-0.0031	69.8409	-10.0365	-0.0045	113.8102
-0.0031	69.8409	-10.0365	-0.0045	113.8103
-0.0031	69.8409	-10.0365	-0.0045	113.8104
-0.0031	69.8409	-10.0365	-0.0045	113.8104
-0.0031	69.8409	-10.0365	-0.0045	113.8105
-0.0031	69.8409	-10.0366	-0.0045	113.8105
-0.0031	69.8409	-10.0366	-0.0045	113.8106
-0.0031	69.8409	-10.0366	-0.0045	113.8107
-0.0031	69.8409	-10.0366	-0.0045	113.8107
-0.0031	69.8409	-10.0366	-0.0045	113.8108
-0.0031	69.8409	-10.0367	-0.0045	113.8109
-0.0031	69.8409	-10.0367	-0.0045	113.8109
-0.0031	69.8409	-10.0367	-0.0045	113.811
-0.0031	69.8409	-10.0367	-0.0045	113.8111
-0.0031	69.8409	-10.0367	-0.0045	113.8111
-0.0031	69.8409	-10.0368	-0.0045	113.8112
-0.0031	69.8409	-10.0368	-0.0045	113.8113
-0.0031	69.8409	-10.0368	-0.0045	113.8113
-0.0031	69.8409	-10.0368	-0.0045	113.8114
-0.0031	69.8409	-10.0369	-0.0045	113.8115
-0.0031	69.8409	-10.0369	-0.0045	113.8116
-0.0031	69.8409	-10.0369	-0.0045	113.8116
-0.0031	69.8409	-10.0369	-0.0045	113.8117
-0.0031	69.8409	-10.037	-0.0045	113.8118
-0.0031	69.8409	-10.037	-0.0045	113.8119
-0.0031	69.8409	-10.037	-0.0045	113.812
-0.0031	69.8409	-10.037	-0.0045	113.812
-0.0031	69.8409	-10.0371	-0.0045	113.8121
-0.0031	69.8409	-10.0371	-0.0045	113.8122
-0.0031	69.8409	-10.0371	-0.0045	113.8123
-0.0031	69.8409	-10.0372	-0.0045	113.8124
-0.0031	69.8409	-10.0372	-0.0045	113.8125
-0.0031	69.8409	-10.0372	-0.0045	113.8126
-0.0031	69.8409	-10.0372	-0.0045	113.8127
-0.0031	69.8409	-10.0373	-0.0045	113.8127
-0.0031	69.8409	-10.0373	-0.0045	113.8128
-0.0031	69.8409	-10.0373	-0.0045	113.8129
-0.0031	69.8409	-10.0374	-0.0045	113.813
-0.0031	69.8409	-10.0374	-0.0045	113.8131
-0.0031	69.8409	-10.0374	-0.0045	113.8132
-0.0031	69.8409	-10.0375	-0.0045	113.8133
-0.0031	69.8409	-10.0375	-0.0045	113.8134
-0.0031	69.8409	-10.0375	-0.0045	113.8135
-0.0031	69.8409	-10.0376	-0.0045	113.8136
-0.0031	69.8409	-10.0376	-0.0045	113.8137
-0.0031	69.8409	-10.0376	-0.0045	113.8138
-0.0031	69.8409	-10.0377	-0.0045	113.8139
-0.0031	69.8409	-10.0377	-0.0045	113.814
-0.0031	69.8409	-10.0377	-0.0045	113.8141
-0.0031	69.8409	-10.0378	-0.0045	113.8143
-0.0031	69.8409	-10.0378	-0.0045	113.8144
-0.0031	69.8409	-10.0378	-0.0045	113.8145
-0.0031	69.8409	-10.0379	-0.0045	113.8146
-0.0031	69.8409	-10.0379	-0.0045	113.8147
-0.0031	69.8409	-10.0379	-0.0045	113.8148
-0.0031	69.8409	-10.038	-0.0045	113.8149
-0.0031	69.8409	-10.038	-0.0045	113.8151
-0.0031	69.8409	-10.0381	-0.0045	113.8152
-0.0031	69.8409	-10.0381	-0.0045	113.8153
-0.0031	69.8409	-10.0381	-0.0045	113.8154
-0.0031	69.8409	-10.0382	-0.0045	113.8155
-0.0031	69.8409	-10.0382	-0.0045	113.8157
-0.0031	69.8409	-10.0383	-0.0045	113.8158
-0.0031	69.8409	-10.0383	-0.0045	113.8159
-0.0031	69.8409	-10.0383	-0.0045	113.8161
-0.0031	69.8409	-10.0384	-0.0045	113.8162
-0.0031	69.8409	-10.0384	-0.0045	113.8163
-0.0031	69.8409	-10.0385	-0.0045	113.8164
-0.0031	69.8409	-10.0385	-0.0045	113.8166
-0.0031	69.8409	-10.0386	-0.0045	113.8167
-0.0031	69.8409	-10.0386	-0.0045	113.8169
-0.0031	69.8409	-10.0387	-0.0045	113.817
-0.0031	69.8409	-10.0387	-0.0045	113.8171
-0.0031	69.8409	-10.0387	-0.0045	113.8173
-0.0031	69.8409	-10.0388	-0.0045	113.8174
-0.0031	69.8409	-10.0388	-0.0045	113.8176
-0.0031	69.8409	-10.0389	-0.0045	113.8177
-0.0031	69.8409	-10.0389	-0.0045	113.8179
-0.0031	69.8409	-10.039	-0.0045	113.818
-0.0031	69.8409	-10.039	-0.0045	113.8182
-0.0031	69.8409	-10.0391	-0.0045	113.8183
-0.0031	69.8409	-10.0391	-0.0045	113.8185
-0.0031	69.8409	-10.0392	-0.0045	113.8186
-0.0031	69.8409	-10.0392	-0.0045	113.8188
-0.0031	69.8409	-10.0393	-0.0045	113.8189
-0.0031	69.8409	-10.0393	-0.0045	113.8191
-0.0031	69.8409	-10.0394	-0.0045	113.8192
-0.0031	69.8409	-10.0394	-0.0045	113.8194
-0.0031	69.8409	-10.0395	-0.0045	113.8196
-0.0031	69.8409	-10.0395	-0.0045	113.8197
-0.0031	69.8409	-10.0396	-0.0045	113.8199
-0.0031	69.8409	-10.0396	-0.0045	113.8201
-0.0031	69.8409	-10.0397	-0.0045	113.8202
-0.0031	69.8409	-10.0398	-0.0045	113.8204
-0.0031	69.8409	-10.0398	-0.0045	113.8206
-0.0031	69.8409	-10.0399	-0.0045	113.8207
-0.0031	69.8409	-10.0399	-0.0045	113.8209
-0.0031	69.8409	-10.04	-0.0045	113.8211
-0.0031	69.8409	-10.04	-0.0045	113.8213
-0.0031	69.8409	-10.0401	-0.0045	113.8215
-0.0031	69.8409	-10.0402	-0.0045	113.8216
-0.0031	69.8409	-10.0402	-0.0045	113.8218
-0.0031	69.8409	-10.0403	-0.0045	113.822
-0.0031	69.8409	-10.0403	-0.0045	113.8222
-0.0031	69.8409	-10.0404	-0.0045	113.8224
-0.0031	69.8409	-10.0405	-0.0045	113.8226
-0.0031	69.8409	-10.0405	-0.0045	113.8228
-0.0031	69.8409	-10.0406	-0.0045	113.823
-0.0031	69.8409	-10.0407	-0.0045	113.8231
-0.0031	69.8409	-10.0407	-0.0045	113.8233
-0.0031	69.8409	-10.0408	-0.0045	113.8235
-0.0031	69.8409	-10.0408	-0.0045	113.8237
-0.0031	69.8409	-10.0409	-0.0045	113.8239
-0.0031	69.8409	-10.041	-0.0045	113.8241
-0.0031	69.8409	-10.041	-0.0045	113.8243
-0.0031	69.8409	-10.0411	-0.0045	113.8246
-0.0031	69.8409	-10.0412	-0.0045	113.8248
-0.0031	69.8409	-10.0412	-0.0045	113.825
-0.0031	69.8409	-10.0413	-0.0045	113.8252
-0.0031	69.8409	-10.0414	-0.0045	113.8254
-0.0031	69.8409	-10.0414	-0.0045	113.8256
-0.0031	69.8409	-10.0415	-0.0045	113.8258
-0.0031	69.8409	-10.0416	-0.0045	113.826
-0.0031	69.8409	-10.0417	-0.0045	113.8263
-0.0031	69.8409	-10.0417	-0.0045	113.8265
-0.0031	69.8409	-10.0418	-0.0045	113.8267
-0.0031	69.8409	-10.0419	-0.0045	113.8269
-0.0031	69.8409	-10.042	-0.0045	113.8272
-0.0031	69.8409	-10.042	-0.0045	113.8274
-0.0031	69.8409	-10.0421	-0.0045	113.8276
-0.0031	69.8409	-10.0422	-0.0045	113.8278
-0.0031	69.8409	-10.0423	-0.0045	113.8281
-0.0031	69.8409	-10.0423	-0.0045	113.8283
-0.0031	69.8409	-10.0424	-0.0045	113.8285
-0.0031	69.8409	-10.0425	-0.0045	113.8288
-0.0031	69.8409	-10.0426	-0.0045	113.829
-0.0031	69.8409	-10.0426	-0.0045	113.8293
-0.0031	69.8409	-10.0427	-0.0045	113.8295
-0.0031	69.8409	-10.0428	-0.0045	113.8298
-0.0031	69.8409	-10.0429	-0.0045	113.83
-0.0031	69.8409	-10.043	-0.0045	113.8303
-0.0031	69.8409	-10.043	-0.0045	113.8305
-0.0031	69.8409	-10.0431	-0.0045	113.8308
-0.0031	69.8409	-10.0432	-0.0045	113.831
-0.0031	69.8409	-10.0433	-0.0045	113.8313
-0.0031	69.8409	-10.0434	-0.0045	113.8315
-0.0031	69.8409	-10.0435	-0.0045	113.8318
-0.0031	69.8409	-10.0435	-0.0045	113.8321
-0.0031	69.8409	-10.0436	-0.0045	113.8323
-0.0031	69.8409	-10.0437	-0.0045	113.8326
-0.0031	69.8409	-10.0438	-0.0045	113.8329
-0.0031	69.8409	-10.0439	-0.0045	113.8331
-0.0031	69.8409	-10.044	-0.0045	113.8334
-0.0031	69.8409	-10.0441	-0.0045	113.8337
-0.0031	69.8409	-10.0442	-0.0045	113.8339
-0.0031	69.8409	-10.0442	-0.0045	113.8342
-0.0031	69.8409	-10.0443	-0.0045	113.8345
-0.0031	69.8409	-10.0444	-0.0045	113.8348
-0.0031	69.8409	-10.0445	-0.0045	113.8351
-0.0031	69.8409	-10.0446	-0.0045	113.8354
-0.0031	69.8409	-10.0447	-0.0045	113.8356
-0.0031	69.8409	-10.0448	-0.0045	113.8359
-0.0031	69.8409	-10.0449	-0.0045	113.8362
-0.0031	69.8409	-10.045	-0.0045	113.8365
-0.0031	69.8409	-10.0451	-0.0045	113.8368
-0.0031	69.8409	-10.0452	-0.0045	113.8371
-0.0031	69.8409	-10.0453	-0.0045	113.8374
-0.0031	69.8409	-10.0454	-0.0045	113.8377
-0.0031	69.8409	-10.0455	-0.0045	113.838
-0.0031	69.8409	-10.0456	-0.0045	113.8383
-0.0031	69.8409	-10.0457	-0.0045	113.8386
-0.0031	69.8409	-10.0458	-0.0045	113.8389
-0.0031	69.8409	-10.0459	-0.0045	113.8392
-0.0031	69.8409	-10.046	-0.0045	113.8395
-0.0031	69.8409	-10.0461	-0.0045	113.8399
-0.0031	69.8409	-10.0462	-0.0045	113.8402
-0.0031	69.8409	-10.0463	-0.0045	113.8405
-0.0031	69.8409	-10.0464	-0.0045	113.8408
-0.0031	69.8409	-10.0465	-0.0045	113.8411
-0.0031	69.8409	-10.0466	-0.0045	113.8415
-0.0031	69.8409	-10.0467	-0.0045	113.8418
-0.0031	69.8409	-10.0468	-0.0045	113.8421
-0.0031	69.8409	-10.0469	-0.0045	113.8425
-0.0031	69.8409	-10.047	-0.0045	113.8428
-0.0031	69.8409	-10.0471	-0.0045	113.8431
-0.0031	69.8409	-10.0472	-0.0045	113.8435
-0.0031	69.8409	-10.0474	-0.0045	113.8438
-0.0031	69.8409	-10.0475	-0.0045	113.8441
-0.0031	69.8409	-10.0476	-0.0045	113.8445
-0.0031	69.8409	-10.0477	-0.0045	113.8448
-0.0031	69.8409	-10.0478	-0.0045	113.8452
-0.0031	69.8409	-10.0479	-0.0045	113.8455
-0.0031	69.8409	-10.048	-0.0045	113.8459
-0.0031	69.8409	-10.0481	-0.0045	113.8462
-0.0031	69.8409	-10.0483	-0.0045	113.8466
-0.0031	69.8409	-10.0484	-0.0045	113.847
-0.0031	69.8409	-10.0485	-0.0045	113.8473
-0.0031	69.8409	-10.0486	-0.0045	113.8477
-0.0031	69.8409	-10.0487	-0.0045	113.848
-0.0031	69.8409	-10.0489	-0.0045	113.8484
-0.0031	69.8409	-10.049	-0.0045	113.8488
-0.0031	69.8409	-10.0491	-0.0045	113.8491
-0.0031	69.8409	-10.0492	-0.0045	113.8495
-0.0031	69.8409	-10.0493	-0.0045	113.8499
-0.0031	69.8409	-10.0495	-0.0045	113.8503
-0.0031	69.8409	-10.0496	-0.0045	113.8507
-0.0031	69.8409	-10.0497	-0.0045	113.851
-0.0031	69.8409	-10.0498	-0.0045	113.8514
-0.0031	69.8409	-10.05	-0.0045	113.8518
-0.0031	69.8409	-10.0501	-0.0045	113.8522
-0.0031	69.8409	-10.0502	-0.0045	113.8526
-0.0031	69.8409	-10.0503	-0.0045	113.853
-0.0031	69.8409	-10.0505	-0.0045	113.8534
-0.0031	69.8409	-10.0506	-0.0045	113.8538
-0.0031	69.8409	-10.0507	-0.0045	113.8542
-0.0031	69.8409	-10.0509	-0.0045	113.8546
-0.0031	69.8409	-10.051	-0.0045	113.855
-0.0031	69.8409	-10.0511	-0.0045	113.8554
-0.0031	69.8409	-10.0513	-0.0045	113.8558
-0.0031	69.8409	-10.0514	-0.0045	113.8562
-0.0031	69.8409	-10.0515	-0.0045	113.8566
-0.0031	69.8409	-10.0517	-0.0045	113.857
-0.0031	69.8409	-10.0518	-0.0045	113.8575
-0.0031	69.8409	-10.0519	-0.0045	113.8579
-0.0031	69.8409	-10.0521	-0.0045	113.8583
-0.0031	69.8409	-10.0522	-0.0045	113.8587
-0.0031	69.8409	-10.0523	-0.0045	113.8592
-0.0031	69.8409	-10.0525	-0.0045	113.8596
-0.0031	69.8409	-10.0526	-0.0045	113.86
-0.0031	69.8409	-10.0528	-0.0045	113.8605
-0.0031	69.8409	-10.0529	-0.0045	113.8609
-0.0031	69.8409	-10.053	-0.0045	113.8613
-0.0031	69.8409	-10.0532	-0.0045	113.8618
-0.0031	69.8409	-10.0533	-0.0045	113.8622
-0.0031	69.8409	-10.0535	-0.0045	113.8627
-0.0031	69.8409	-10.0536	-0.0045	113.8631
-0.0031	69.8409	-10.0538	-0.0045	113.8636
-0.0031	69.8409	-10.0539	-0.0045	113.864
-0.0031	69.8409	-10.0541	-0.0045	113.8645
-0.0031	69.8409	-10.0542	-0.0045	113.8649
-0.0031	69.8409	-10.0544	-0.0045	113.8654
-0.0031	69.8409	-10.0545	-0.0045	113.8659
-0.0031	69.8409	-10.0547	-0.0045	113.8663
-0.0031	69.8409	-10.0548	-0.0045	113.8668
-0.0031	69.8409	-10.055	-0.0045	113.8673
-0.0031	69.8409	-10.0551	-0.0045	113.8677
-0.0031	69.8409	-10.0553	-0.0045	113.8682
-0.0031	69.8409	-10.0554	-0.0045	113.8687
-0.0031	69.8409	-10.0556	-0.0045	113.8692
-0.0031	69.8409	-10.0557	-0.0045	113.8696
-0.0031	69.8409	-10.0559	-0.0045	113.8701
-0.0031	69.8409	-10.0561	-0.0045	113.8706
-0.0031	69.8409	-10.0562	-0.0045	113.8711
-0.0031	69.8409	-10.0564	-0.0045	113.8716
-0.0031	69.8409	-10.0565	-0.0045	113.8721
-0.0031	69.8409	-10.0567	-0.0045	113.8726
-0.0031	69.8409	-10.0569	-0.0045	113.8731
-0.0031	69.8409	-10.057	-0.0045	113.8736
-0.0031	69.8409	-10.0572	-0.0045	113.8741
-0.0031	69.8409	-10.0574	-0.0045	113.8746
-0.0031	69.8409	-10.0575	-0.0045	113.8751
-0.0031	69.8409	-10.0577	-0.0045	113.8756
-0.0031	69.8409	-10.0579	-0.0045	113.8761
-0.0031	69.8409	-10.058	-0.0045	113.8767
-0.0031	69.8409	-10.0582	-0.0045	113.8772
-0.0031	69.8409	-10.0584	-0.0045	113.8777
-0.0031	69.8409	-10.0585	-0.0045	113.8782
-0.0031	69.8409	-10.0587	-0.0045	113.8788
-0.0031	69.8409	-10.0589	-0.0045	113.8793
-0.0031	69.8409	-10.059	-0.0045	113.8798
-0.0031	69.8409	-10.0592	-0.0045	113.8804
-0.0031	69.8409	-10.0594	-0.0045	113.8809
-0.0031	69.8409	-10.0596	-0.0045	113.8814
-0.0031	69.8409	-10.0597	-0.0045	113.882
-0.0031	69.8409	-10.0599	-0.0045	113.8825
-0.0031	69.8409	-10.0601	-0.0045	113.8831
-0.0031	69.8409	-10.0603	-0.0045	113.8836
-0.0031	69.8409	-10.0605	-0.0045	113.8842
-0.0031	69.8409	-10.0606	-0.0045	113.8847
-0.0031	69.8409	-10.0608	-0.0045	113.8853
-0.0031	69.8409	-10.061	-0.0045	113.8858
-0.0031	69.8409	-10.0612	-0.0045	113.8864
-0.0031	69.8409	-10.0614	-0.0045	113.887
-0.0031	69.8409	-10.0616	-0.0045	113.8875
-0.0031	69.8409	-10.0617	-0.0045	113.8881
-0.0031	69.8409	-10.0619	-0.0045	113.8887
-0.0031	69.8409	-10.0621	-0.0045	113.8893
-0.0031	69.8409	-10.0623	-0.0045	113.8898
-0.0031	69.8409	-10.0625	-0.0045	113.8904
-0.0031	69.8409	-10.0627	-0.0045	113.891
-0.0031	69.8409	-10.0629	-0.0045	113.8916
-0.0031	69.8409	-10.0631	-0.0045	113.8922
-0.0031	69.8409	-10.0633	-0.0045	113.8928
-0.0031	69.8409	-10.0634	-0.0045	113.8934
-0.0031	69.8409	-10.0636	-0.0045	113.894
-0.0031	69.8409	-10.0638	-0.0045	113.8946
-0.0031	69.8409	-10.064	-0.0045	113.8952
-0.0031	69.8409	-10.0642	-0.0045	113.8958
-0.0031	69.8409	-10.0644	-0.0045	113.8964
-0.0031	69.8409	-10.0646	-0.0045	113.897
-0.0031	69.8409	-10.0648	-0.0045	113.8976
-0.0031	69.8409	-10.065	-0.0045	113.8982
-0.0031	69.8409	-10.0652	-0.0045	113.8988
-0.0031	69.8409	-10.0654	-0.0045	113.8995
-0.0031	69.8409	-10.0656	-0.0045	113.9001
-0.0031	69.8409	-10.0658	-0.0045	113.9007
-0.0031	69.8409	-10.066	-0.0045	113.9013
-0.0031	69.8409	-10.0662	-0.0045	113.902
-0.0031	69.8409	-10.0664	-0.0045	113.9026
-0.0031	69.8409	-10.0667	-0.0045	113.9032
-0.0031	69.8409	-10.0669	-0.0045	113.9039
-0.0031	69.8409	-10.0671	-0.0045	113.9045
-0.0031	69.8409	-10.0673	-0.0045	113.9052
-0.0031	69.8409	-10.0675	-0.0045	113.9058
-0.0031	69.8409	-10.0677	-0.0045	113.9065
-0.0031	69.8409	-10.0679	-0.0045	113.9071
-0.0031	69.8409	-10.0681	-0.0045	113.9078
-0.0031	69.8409	-10.0683	-0.0045	113.9084
-0.0031	69.8409	-10.0686	-0.0045	113.9091
-0.0031	69.8409	-10.0688	-0.0045	113.9098
-0.0031	69.8409	-10.069	-0.0045	113.9104
-0.0031	69.8409	-10.0692	-0.0045	113.9111
-0.0031	69.8409	-10.0694	-0.0045	113.9118
-0.0031	69.8409	-10.0696	-0.0045	113.9125
-0.0031	69.8409	-10.0699	-0.0045	113.9131
-0.0031	69.8409	-10.0701	-0.0045	113.9138
-0.0031	69.8409	-10.0703	-0.0045	113.9145
-0.0031	69.8409	-10.0705	-0.0045	113.9152
-0.0031	69.8409	-10.0708	-0.0045	113.9159
-0.0031	69.8409	-10.071	-0.0045	113.9166
-0.0031	69.8409	-10.0712	-0.0045	113.9173
-0.0031	69.8409	-10.0714	-0.0045	113.918
-0.0031	69.8409	-10.0717	-0.0045	113.9187
-0.0031	69.8409	-10.0719	-0.0045	113.9194
-0.0031	69.8409	-10.0721	-0.0045	113.9201
-0.0031	69.8409	-10.0724	-0.0045	113.9208
-0.0031	69.8409	-10.0726	-0.0045	113.9215
-0.0031	69.8409	-10.0728	-0.0045	113.9222
-0.0031	69.8409	-10.0731	-0.0045	113.9229
-0.0031	69.8409	-10.0733	-0.0045	113.9237
-0.0031	69.8409	-10.0735	-0.0045	113.9244
-0.0031	69.8409	-10.0738	-0.0045	113.9251
-0.0031	69.8409	-10.074	-0.0045	113.9259
-0.0031	69.8409	-10.0742	-0.0045	113.9266
-0.0031	69.8409	-10.0745	-0.0045	113.9273
-0.0031	69.8409	-10.0747	-0.0045	113.9281
-0.0031	69.8409	-10.075	-0.0045	113.9288
-0.0031	69.8409	-10.0752	-0.0045	113.9295
-0.0031	69.8409	-10.0754	-0.0045	113.9303
-0.0031	69.8409	-10.0757	-0.0045	113.931
-0.0031	69.8409	-10.0759	-0.0045	113.9318
-0.0031	69.8409	-10.0762	-0.0045	113.9326
-0.0031	69.8409	-10.0764	-0.0045	113.9333
-0.0031	69.8409	-10.0767	-0.0045	113.9341
-0.0031	69.8409	-10.0769	-0.0045	113.9348
-0.0031	69.8409	-10.0772	-0.0045	113.9356
-0.0031	69.8409	-10.0774	-0.0045	113.9364
-0.0031	69.8409	-10.0777	-0.0045	113.9372
-0.0031	69.8409	-10.0779	-0.0045	113.9379
-0.0031	69.8409	-10.0782	-0.0045	113.9387
-0.0031	69.8409	-10.0784	-0.0045	113.9395
-0.0031	69.8409	-10.0787	-0.0045	113.9403
-0.0031	69.8409	-10.0789	-0.0045	113.9411
-0.0031	69.8409	-10.0792	-0.0045	113.9419
-0.0031	69.8409	-10.0795	-0.0045	113.9427
-0.0031	69.8409	-10.0797	-0.0045	113.9435
-0.0031	69.8409	-10.08	-0.0045	113.9443
-0.0031	69.8409	-10.0802	-0.0045	113.9451
-0.0031	69.8409	-10.0805	-0.0045	113.9459
-0.0031	69.8409	-10.0808	-0.0045	113.9467
-0.0031	69.8409	-10.081	-0.0045	113.9475
-0.0031	69.8409	-10.0813	-0.0045	113.9483
-0.0031	69.8409	-10.0816	-0.0045	113.9491
-0.0031	69.8409	-10.0818	-0.0045	113.95
-0.0031	69.8409	-10.0821	-0.0045	113.9508
-0.0031	69.8409	-10.0824	-0.0045	113.9516
-0.0031	69.8409	-10.0826	-0.0045	113.9525
-0.0031	69.8409	-10.0829	-0.0045	113.9533
-0.0031	69.8409	-10.0832	-0.0045	113.9541
-0.0031	69.8409	-10.0834	-0.0045	113.955
-0.0031	69.8409	-10.0837	-0.0045	113.9558
-0.0031	69.8409	-10.084	-0.0045	113.9567
-0.0031	69.8409	-10.0843	-0.0045	113.9575
-0.0031	69.8409	-10.0845	-0.0045	113.9584
-0.0031	69.8409	-10.0848	-0.0045	113.9592
-0.0031	69.8409	-10.0851	-0.0045	113.9601
-0.0031	69.8409	-10.0854	-0.0045	113.9609
-0.0031	69.8409	-10.0857	-0.0045	113.9618
-0.0031	69.8409	-10.0859	-0.0045	113.9627
-0.0031	69.8409	-10.0862	-0.0045	113.9635
-0.0031	69.8409	-10.0865	-0.0045	113.9644
-0.0031	69.8409	-10.0868	-0.0045	113.9653
-0.0031	69.8409	-10.0871	-0.0045	113.9662
-0.0031	69.8409	-10.0874	-0.0045	113.9671
-0.0031	69.8409	-10.0877	-0.0045	113.968
-0.0031	69.8409	-10.088	-0.0045	113.9688
-0.0031	69.8409	-10.0882	-0.0045	113.9697
-0.0031	69.8409	-10.0885	-0.0045	113.9706
-0.0031	69.8409	-10.0888	-0.0045	113.9715
-0.0031	69.8409	-10.0891	-0.0045	113.9724
-0.0031	69.8409	-10.0894	-0.0045	113.9733
-0.0031	69.8409	-10.0897	-0.0045	113.9743
-0.0031	69.8409	-10.09	-0.0045	113.9752
-0.0031	69.8409	-10.0903	-0.0045	113.9761
-0.0031	69.8409	-10.0906	-0.0045	113.977
-0.0031	69.8409	-10.0909	-0.0045	113.9779
-0.0031	69.8409	-10.0912	-0.0045	113.9788
-0.0031	69.8409	-10.0915	-0.0045	113.9798
-0.0031	69.8409	-10.0918	-0.0045	113.9807
-0.0031	69.8409	-10.0921	-0.0045	113.9816
-0.0031	69.8409	-10.0924	-0.0045	113.9826
-0.0031	69.8409	-10.0927	-0.0045	113.9835
-0.0031	69.8409	-10.093	-0.0045	113.9845
-0.0031	69.8409	-10.0933	-0.0045	113.9854
-0.0031	69.8409	-10.0936	-0.0045	113.9864
-0.0031	69.8409	-10.0939	-0.0045	113.9873
-0.0031	69.8409	-10.0943	-0.0045	113.9883
-0.0031	69.8409	-10.0946	-0.0045	113.9892
-0.0031	69.8409	-10.0949	-0.0045	113.9902
-0.0031	69.8409	-10.0952	-0.0045	113.9912
-0.0031	69.8409	-10.0955	-0.0045	113.9921
-0.0031	69.8409	-10.0958	-0.0045	113.9931
-0.0031	69.8409	-10.0961	-0.0045	113.9941
-0.0031	69.8409	-10.0965	-0.0045	113.9951
-0.0031	69.8409	-10.0968	-0.0045	113.996
-0.0031	69.8409	-10.0971	-0.0045	113.997
-0.0031	69.8409	-10.0974	-0.0045	113.998
-0.0031	69.8409	-10.0977	-0.0045	113.999
-0.0031	69.8409	-10.0981	-0.0045	114
-0.0031	69.8409	-10.0984	-0.0045	114.001
-0.0031	69.8409	-10.0987	-0.0045	114.002
-0.0031	69.8409	-10.099	-0.0045	114.003
-0.0031	69.8409	-10.0994	-0.0045	114.004
-0.0031	69.8409	-10.0997	-0.0045	114.005
-0.0031	69.8409	-10.1	-0.0045	114.0061
-0.0031	69.8409	-10.1004	-0.0045	114.0071
-0.0031	69.8409	-10.1007	-0.0045	114.0081
-0.0031	69.8409	-10.101	-0.0045	114.0091
-0.0031	69.8409	-10.1014	-0.0045	114.0102
-0.0031	69.8409	-10.1017	-0.0045	114.0112
-0.0031	69.8409	-10.102	-0.0045	114.0122
-0.0031	69.8409	-10.1024	-0.0045	114.0133
-0.0031	69.8409	-10.1027	-0.0045	114.0143
-0.0031	69.8409	-10.103	-0.0045	114.0153
-0.0031	69.8409	-10.1034	-0.0045	114.0164
-0.0031	69.8409	-10.1037	-0.0045	114.0175
-0.0031	69.8409	-10.1041	-0.0045	114.0185
-0.0031	69.8409	-10.1044	-0.0045	114.0196
-0.0031	69.8409	-10.1048	-0.0045	114.0206
-0.0031	69.8409	-10.1051	-0.0045	114.0217
-0.0031	69.8409	-10.1055	-0.0045	114.0228
-0.0031	69.8409	-10.1058	-0.0045	114.0238
-0.0031	69.8409	-10.1062	-0.0045	114.0249
-0.0031	69.8409	-10.1065	-0.0045	114.026
-0.0031	69.8409	-10.1069	-0.0045	114.0271
-0.0031	69.8409	-10.1072	-0.0045	114.0282
-0.0031	69.8409	-10.1076	-0.0045	114.0292
-0.0031	69.8409	-10.1079	-0.0045	114.0303
-0.0031	69.8409	-10.1083	-0.0045	114.0314
-0.0031	69.8409	-10.1086	-0.0045	114.0325
-0.0031	69.8409	-10.109	-0.0045	114.0336
-0.0031	69.8409	-10.1093	-0.0045	114.0347
-0.0031	69.8409	-10.1097	-0.0045	114.0359
-0.0031	69.8409	-10.1101	-0.0045	114.037
-0.0031	69.8409	-10.1104	-0.0045	114.0381
-0.0031	69.8409	-10.1108	-0.0045	114.0392
-0.0031	69.8409	-10.1112	-0.0045	114.0403
-0.0031	69.8409	-10.1115	-0.0045	114.0415
-0.0031	69.8409	-10.1119	-0.0045	114.0426
-0.0031	69.8409	-10.1123	-0.0045	114.0437
-0.0031	69.8409	-10.1126	-0.0045	114.0449
-0.0031	69.8409	-10.113	-0.0045	114.046
-0.0031	69.8409	-10.1134	-0.0045	114.0471
-0.0031	69.8409	-10.1137	-0.0045	114.0483
-0.0031	69.8409	-10.1141	-0.0045	114.0494
-0.0031	69.8409	-10.1145	-0.0045	114.0506
-0.0031	69.8409	-10.1149	-0.0045	114.0517
-0.0031	69.8409	-10.1152	-0.0045	114.0529
-0.0031	69.8409	-10.1156	-0.0045	114.0541
-0.0031	69.8409	-10.116	-0.0045	114.0552
-0.0031	69.8409	-10.1164	-0.0045	114.0564
-0.0031	69.8409	-10.1168	-0.0045	114.0576
-0.0031	69.8409	-10.1171	-0.0045	114.0588
-0.0031	69.8409	-10.1175	-0.0045	114.06
-0.0031	69.8409	-10.1179	-0.0045	114.0611
-0.0031	69.8409	-10.1183	-0.0045	114.0623
-0.0031	69.8409	-10.1187	-0.0045	114.0635
-0.0031	69.8409	-10.1191	-0.0045	114.0647
-0.0031	69.8409	-10.1195	-0.0045	114.0659
-0.0031	69.8409	-10.1199	-0.0045	114.0671
-0.0031	69.8409	-10.1202	-0.0045	114.0683
-0.0031	69.8409	-10.1206	-0.0045	114.0695
-0.0031	69.8409	-10.121	-0.0045	114.0707
-0.0031	69.8409	-10.1214	-0.0045	114.072
-0.0031	69.8409	-10.1218	-0.0045	114.0732
-0.0031	69.8409	-10.1222	-0.0045	114.0744
-0.0031	69.8409	-10.1226	-0.0045	114.0756
-0.0031	69.8409	-10.123	-0.0045	114.0769
-0.0031	69.8409	-10.1234	-0.0045	114.0781
-0.0031	69.8409	-10.1238	-0.0045	114.0793
-0.0031	69.8409	-10.1242	-0.0045	114.0806
-0.0031	69.8409	-10.1246	-0.0045	114.0818
-0.0031	69.8409	-10.125	-0.0045	114.0831
-0.0031	69.8409	-10.1254	-0.0045	114.0843
-0.0031	69.8409	-10.1259	-0.0045	114.0856
-0.0031	69.8409	-10.1263	-0.0045	114.0868
-0.0031	69.8409	-10.1267	-0.0045	114.0881
-0.0031	69.8409	-10.1271	-0.0045	114.0894
-0.0031	69.8409	-10.1275	-0.0045	114.0906
-0.0031	69.8409	-10.1279	-0.0045	114.0919
-0.0031	69.8409	-10.1283	-0.0045	114.0932
-0.0031	69.8409	-10.1287	-0.0045	114.0945
-0.0031	69.8409	-10.1292	-0.0045	114.0958
-0.0031	69.8409	-10.1296	-0.0045	114.097
-0.0031	69.8409	-10.13	-0.0045	114.0983
-0.0031	69.8409	-10.1304	-0.0045	114.0996
-0.0031	69.8409	-10.1308	-0.0045	114.1009
-0.0031	69.8409	-10.1313	-0.0045	114.1022
-0.0031	69.8409	-10.1317	-0.0045	114.1035
-0.0031	69.8409	-10.1321	-0.0045	114.1049
-0.0031	69.8409	-10.1325	-0.0045	114.1062
-0.0031	69.8409	-10.133	-0.0045	114.1075
-0.0031	69.8409	-10.1334	-0.0045	114.1088
-0.0031	69.8409	-10.1338	-0.0045	114.1101
-0.0031	69.8409	-10.1343	-0.0045	114.1115
-0.0031	69.8409	-10.1347	-0.0045	114.1128
-0.0031	69.8409	-10.1351	-0.0045	114.1141
-0.0031	69.8409	-10.1356	-0.0045	114.1155
-0.0031	69.8409	-10.136	-0.0045	114.1168
-0.0031	69.8409	-10.1364	-0.0045	114.1181
-0.0031	69.8409	-10.1369	-0.0045	114.1195
-0.0031	69.8409	-10.1373	-0.0045	114.1209
-0.0031	69.8409	-10.1377	-0.0045	114.1222
-0.0031	69.8409	-10.1382	-0.0045	114.1236
-0.0031	69.8409	-10.1386	-0.0045	114.1249
-0.0031	69.8409	-10.1391	-0.0045	114.1263
-0.0031	69.8409	-10.1395	-0.0045	114.1277
-0.0031	69.8409	-10.14	-0.0045	114.129
-0.0031	69.8409	-10.1404	-0.0045	114.1304
-0.0031	69.8409	-10.1409	-0.0045	114.1318
-0.0031	69.8409	-10.1413	-0.0045	114.1332
-0.0031	69.8409	-10.1418	-0.0045	114.1346
-0.0031	69.8409	-10.1422	-0.0045	114.136
-0.0031	69.8409	-10.1427	-0.0045	114.1374
-0.0031	69.8409	-10.1431	-0.0045	114.1388
-0.0031	69.8409	-10.1436	-0.0045	114.1402
-0.0031	69.8409	-10.144	-0.0045	114.1416
-0.0031	69.8409	-10.1445	-0.0045	114.143
-0.0031	69.8409	-10.145	-0.0045	114.1444
-0.0031	69.8409	-10.1454	-0.0045	114.1458
-0.0031	69.8409	-10.1459	-0.0045	114.1473
-0.0031	69.8409	-10.1463	-0.0045	114.1487
-0.0031	69.8409	-10.1468	-0.0045	114.1501
-0.0031	69.8409	-10.1473	-0.0045	114.1516
-0.0031	69.8409	-10.1477	-0.0045	114.153
-0.0031	69.8409	-10.1482	-0.0045	114.1544
-0.0031	69.8409	-10.1487	-0.0045	114.1559
-0.0031	69.8409	-10.1491	-0.0045	114.1573
-0.0031	69.8409	-10.1496	-0.0045	114.1588
-0.0031	69.8409	-10.1501	-0.0045	114.1602
-0.0031	69.8409	-10.1506	-0.0045	114.1617
-0.0031	69.8409	-10.151	-0.0045	114.1632
-0.0031	69.8409	-10.1515	-0.0045	114.1646
-0.0031	69.8409	-10.152	-0.0045	114.1661
-0.0031	69.8409	-10.1525	-0.0045	114.1676
-0.0031	69.8409	-10.153	-0.0045	114.1691
-0.0031	69.8409	-10.1534	-0.0045	114.1705
-0.0031	69.8409	-10.1539	-0.0045	114.172
-0.0031	69.8409	-10.1544	-0.0045	114.1735
-0.0031	69.8409	-10.1549	-0.0045	114.175
-0.0031	69.8409	-10.1554	-0.0045	114.1765
-0.0031	69.8409	-10.1559	-0.0045	114.178
-0.0031	69.8409	-10.1563	-0.0045	114.1795
-0.0031	69.8409	-10.1568	-0.0045	114.181
-0.0031	69.8409	-10.1573	-0.0045	114.1825
-0.0031	69.8409	-10.1578	-0.0045	114.1841
-0.0031	69.8409	-10.1583	-0.0045	114.1856
-0.0031	69.8409	-10.1588	-0.0045	114.1871
-0.0031	69.8409	-10.1593	-0.0045	114.1886
-0.0031	69.8409	-10.1598	-0.0045	114.1902
-0.0031	69.8409	-10.1603	-0.0045	114.1917
-0.0031	69.8409	-10.1608	-0.0045	114.1933
-0.0031	69.8409	-10.1613	-0.0045	114.1948
-0.0031	69.8409	-10.1618	-0.0045	114.1963
-0.0031	69.8409	-10.1623	-0.0045	114.1979
-0.0031	69.8409	-10.1628	-0.0045	114.1995
-0.0031	69.8409	-10.1633	-0.0045	114.201
-0.0031	69.8409	-10.1638	-0.0045	114.2026
-0.0031	69.8409	-10.1643	-0.0045	114.2041
-0.0031	69.8409	-10.1649	-0.0045	114.2057
-0.0031	69.8409	-10.1654	-0.0045	114.2073
-0.0031	69.8409	-10.1659	-0.0045	114.2089
-0.0031	69.8409	-10.1664	-0.0045	114.2104
-0.0031	69.8409	-10.1669	-0.0045	114.212
-0.0031	69.8409	-10.1674	-0.0045	114.2136
-0.0031	69.8409	-10.1679	-0.0045	114.2152
-0.0031	69.8409	-10.1685	-0.0045	114.2168
-0.0031	69.8409	-10.169	-0.0045	114.2184
-0.0031	69.8409	-10.1695	-0.0045	114.22
-0.0031	69.8409	-10.17	-0.0045	114.2216
-0.0031	69.8409	-10.1705	-0.0045	114.2232
-0.0031	69.8409	-10.1711	-0.0045	114.2249
-0.0031	69.8409	-10.1716	-0.0045	114.2265
-0.0031	69.8409	-10.1721	-0.0045	114.2281
-0.0031	69.8409	-10.1727	-0.0045	114.2297
-0.0031	69.8409	-10.1732	-0.0045	114.2314
-0.0031	69.8409	-10.1737	-0.0045	114.233
-0.0031	69.8409	-10.1742	-0.0045	114.2346
-0.0031	69.8409	-10.1748	-0.0045	114.2363
-0.0031	69.8409	-10.1753	-0.0045	114.2379
-0.0031	69.8409	-10.1759	-0.0045	114.2396
-0.0031	69.8409	-10.1764	-0.0045	114.2412
-0.0031	69.8409	-10.1769	-0.0045	114.2429
-0.0031	69.8409	-10.1775	-0.0045	114.2446
-0.0031	69.8409	-10.178	-0.0045	114.2462
-0.0031	69.8409	-10.1786	-0.0045	114.2479
-0.0031	69.8409	-10.1791	-0.0045	114.2496
-0.0031	69.8409	-10.1796	-0.0045	114.2513
-0.0031	69.8409	-10.1802	-0.0045	114.253
-0.0031	69.8409	-10.1807	-0.0045	114.2546
-0.0031	69.8409	-10.1813	-0.0045	114.2563
-0.0031	69.8409	-10.1818	-0.0045	114.258
-0.0031	69.8409	-10.1824	-0.0045	114.2597
-0.0031	69.8409	-10.1829	-0.0045	114.2614
-0.0031	69.8409	-10.1835	-0.0045	114.2631
-0.0031	69.8409	-10.184	-0.0045	114.2648
-0.0031	69.8409	-10.1846	-0.0045	114.2666
-0.0031	69.8409	-10.1852	-0.0045	114.2683
-0.0031	69.8409	-10.1857	-0.0045	114.27
-0.0031	69.8409	-10.1863	-0.0045	114.2717
-0.0031	69.8409	-10.1868	-0.0045	114.2735
-0.0031	69.8409	-10.1874	-0.0045	114.2752
-0.0031	69.8409	-10.188	-0.0045	114.2769
-0.0031	69.8409	-10.1885	-0.0045	114.2787
-0.0031	69.8409	-10.1891	-0.0045	114.2804
-0.0031	69.8409	-10.1897	-0.0045	114.2822
-0.0031	69.8409	-10.1902	-0.0045	114.2839
-0.0031	69.8409	-10.1908	-0.0045	114.2857
-0.0031	69.8409	-10.1914	-0.0045	114.2875
-0.0031	69.8409	-10.192	-0.0045	114.2892
-0.0031	69.8409	-10.1925	-0.0045	114.291
-0.0031	69.8409	-10.1931	-0.0045	114.2928
-0.0031	69.8409	-10.1937	-0.0045	114.2945
-0.0031	69.8409	-10.1943	-0.0045	114.2963
-0.0031	69.8409	-10.1948	-0.0045	114.2981
-0.0031	69.8409	-10.1954	-0.0045	114.2999
-0.0031	69.8409	-10.196	-0.0045	114.3017
-0.0031	69.8409	-10.1966	-0.0045	114.3035
-0.0031	69.8409	-10.1972	-0.0045	114.3053
-0.0031	69.8409	-10.1978	-0.0045	114.3071
-0.0031	69.8409	-10.1984	-0.0045	114.3089
-0.0031	69.8409	-10.1989	-0.0045	114.3107
-0.0031	69.8409	-10.1995	-0.0045	114.3126
-0.0031	69.8409	-10.2001	-0.0045	114.3144
-0.0031	69.8409	-10.2007	-0.0045	114.3162
-0.0031	69.8409	-10.2013	-0.0045	114.318
-0.0031	69.8409	-10.2019	-0.0045	114.3199
-0.0031	69.8409	-10.2025	-0.0045	114.3217
-0.0031	69.8409	-10.2031	-0.0045	114.3236
-0.0031	69.8409	-10.2037	-0.0045	114.3254
-0.0031	69.8409	-10.2043	-0.0045	114.3272
-0.0031	69.8409	-10.2049	-0.0045	114.3291
-0.0031	69.8409	-10.2055	-0.0045	114.331
-0.0031	69.8409	-10.2061	-0.0045	114.3328
-0.0031	69.8409	-10.2067	-0.0045	114.3347
-0.0031	69.8409	-10.2073	-0.0045	114.3366
-0.0031	69.8409	-10.2079	-0.0045	114.3384
-0.0031	69.8409	-10.2086	-0.0045	114.3403
-0.0031	69.8409	-10.2092	-0.0045	114.3422
-0.0031	69.8409	-10.2098	-0.0045	114.3441
-0.0031	69.8409	-10.2104	-0.0045	114.346
-0.0031	69.8409	-10.211	-0.0045	114.3479
-0.0031	69.8409	-10.2116	-0.0045	114.3498
-0.0031	69.8409	-10.2122	-0.0045	114.3517
-0.0031	69.8409	-10.2129	-0.0045	114.3536
-0.0031	69.8409	-10.2135	-0.0045	114.3555
-0.0031	69.8409	-10.2141	-0.0045	114.3574
-0.0031	69.8409	-10.2147	-0.0045	114.3593
-0.0031	69.8409	-10.2154	-0.0045	114.3613
-0.0031	69.8409	-10.216	-0.0045	114.3632
-0.0031	69.8409	-10.2166	-0.0045	114.3651
-0.0031	69.8409	-10.2172	-0.0045	114.3671
-0.0031	69.8409	-10.2179	-0.0045	114.369
-0.0031	69.8409	-10.2185	-0.0045	114.3709
-0.0031	69.8409	-10.2191	-0.0045	114.3729
-0.0031	69.8409	-10.2198	-0.0045	114.3748
-0.0031	69.8409	-10.2204	-0.0045	114.3768
-0.0031	69.8409	-10.221	-0.0045	114.3788
-0.0031	69.8409	-10.2217	-0.0045	114.3807
-0.0031	69.8409	-10.2223	-0.0045	114.3827
-0.0031	69.8409	-10.223	-0.0045	114.3847
-0.0031	69.8409	-10.2236	-0.0045	114.3867
-0.0031	69.8409	-10.2242	-0.0045	114.3886
-0.0031	69.8409	-10.2249	-0.0045	114.3906
-0.0031	69.8409	-10.2255	-0.0045	114.3926
-0.0031	69.8409	-10.2262	-0.0045	114.3946
-0.0031	69.8409	-10.2268	-0.0045	114.3966
-0.0031	69.8409	-10.2275	-0.0045	114.3986
-0.0031	69.8409	-10.2281	-0.0045	114.4006
-0.0031	69.8409	-10.2288	-0.0045	114.4026
-0.0031	69.8409	-10.2294	-0.0045	114.4046
-0.0031	69.8409	-10.2301	-0.0045	114.4067
-0.0031	69.8409	-10.2307	-0.0045	114.4087
-0.0031	69.8409	-10.2314	-0.0045	114.4107
-0.0031	69.8409	-10.2321	-0.0045	114.4127
-0.0031	69.8409	-10.2327	-0.0045	114.4148
-0.0031	69.8409	-10.2334	-0.0045	114.4168
-0.0031	69.8409	-10.2341	-0.0045	114.4189
-0.0031	69.8409	-10.2347	-0.0045	114.4209
-0.0031	69.8409	-10.2354	-0.0045	114.423
-0.0031	69.8409	-10.2361	-0.0045	114.425
-0.0031	69.8409	-10.2367	-0.0045	114.4271
-0.0031	69.8409	-10.2374	-0.0045	114.4291
-0.0031	69.8409	-10.2381	-0.0045	114.4312
-0.0031	69.8409	-10.2387	-0.0045	114.4333
-0.0031	69.8409	-10.2394	-0.0045	114.4354
-0.0031	69.8409	-10.2401	-0.0045	114.4374
-0.0031	69.8409	-10.2408	-0.0045	114.4395
-0.0031	69.8409	-10.2414	-0.0045	114.4416
-0.0031	69.8409	-10.2421	-0.0045	114.4437
-0.0031	69.8409	-10.2428	-0.0045	114.4458
-0.0031	69.8409	-10.2435	-0.0045	114.4479
-0.0031	69.8409	-10.2442	-0.0045	114.45
-0.0031	69.8409	-10.2449	-0.0045	114.4521
-0.0031	69.8409	-10.2455	-0.0045	114.4543
-0.0031	69.8409	-10.2462	-0.0045	114.4564
-0.0031	69.8409	-10.2469	-0.0045	114.4585
-0.0031	69.8409	-10.2476	-0.0045	114.4606
-0.0031	69.8409	-10.2483	-0.0045	114.4628
-0.0031	69.8409	-10.249	-0.0045	114.4649
-0.0031	69.8409	-10.2497	-0.0045	114.467
-0.0031	69.8409	-10.2504	-0.0045	114.4692
-0.0031	69.8409	-10.2511	-0.0045	114.4713
-0.0031	69.8409	-10.2518	-0.0045	114.4735
-0.0031	69.8409	-10.2525	-0.0045	114.4756
-0.0031	69.8409	-10.2532	-0.0045	114.4778
-0.0031	69.8409	-10.2539	-0.0045	114.48
-0.0031	69.8409	-10.2546	-0.0045	114.4821
-0.0031	69.8409	-10.2553	-0.0045	114.4843
-0.0031	69.8409	-10.256	-0.0045	114.4865
-0.0031	69.8409	-10.2567	-0.0045	114.4887
-0.0031	69.8409	-10.2574	-0.0045	114.4909
-0.0031	69.8409	-10.2581	-0.0045	114.493
-0.0031	69.8409	-10.2588	-0.0045	114.4952
-0.0031	69.8409	-10.2596	-0.0045	114.4974
-0.0031	69.8409	-10.2603	-0.0045	114.4996
-0.0031	69.8409	-10.261	-0.0045	114.5019
-0.0031	69.8409	-10.2617	-0.0045	114.5041
-0.0031	69.8409	-10.2624	-0.0045	114.5063
-0.0031	69.8409	-10.2632	-0.0045	114.5085
-0.0031	69.8409	-10.2639	-0.0045	114.5107
-0.0031	69.8409	-10.2646	-0.0045	114.513
-0.0031	69.8409	-10.2653	-0.0045	114.5152
-0.0031	69.8409	-10.2661	-0.0045	114.5174
-0.0031	69.8409	-10.2668	-0.0045	114.5197
-0.0031	69.8409	-10.2675	-0.0045	114.5219
-0.0031	69.8409	-10.2682	-0.0045	114.5242
-0.0031	69.8409	-10.269	-0.0045	114.5264
-0.0031	69.8409	-10.2697	-0.0045	114.5287
-0.0031	69.8409	-10.2704	-0.0045	114.531
-0.0031	69.8409	-10.2712	-0.0045	114.5332
-0.0031	69.8409	-10.2719	-0.0045	114.5355
-0.0031	69.8409	-10.2727	-0.0045	114.5378
-0.0031	69.8409	-10.2734	-0.0045	114.5401
-0.0031	69.8409	-10.2741	-0.0045	114.5423
-0.0031	69.8409	-10.2749	-0.0045	114.5446
-0.0031	69.8409	-10.2756	-0.0045	114.5469
-0.0031	69.8409	-10.2764	-0.0045	114.5492
-0.0031	69.8409	-10.2771	-0.0045	114.5515
-0.0031	69.8409	-10.2779	-0.0045	114.5538
-0.0031	69.8409	-10.2786	-0.0045	114.5561
-0.0031	69.8409	-10.2794	-0.0045	114.5585
-0.0031	69.8409	-10.2801	-0.0045	114.5608
-0.0031	69.8409	-10.2809	-0.0045	114.5631
-0.0031	69.8409	-10.2816	-0.0045	114.5654
-0.0031	69.8409	-10.2824	-0.0045	114.5678
-0.0031	69.8409	-10.2831	-0.0045	114.5701
-0.0031	69.8409	-10.2839	-0.0045	114.5724
-0.0031	69.8409	-10.2847	-0.0045	114.5748
-0.0031	69.8409	-10.2854	-0.0045	114.5771
-0.0031	69.8409	-10.2862	-0.0045	114.5795
-0.0031	69.8409	-10.287	-0.0045	114.5818
-0.0031	69.8409	-10.2877	-0.0045	114.5842
-0.0031	69.8409	-10.2885	-0.0045	114.5866
-0.0031	69.8409	-10.2893	-0.0045	114.5889
-0.0031	69.8409	-10.29	-0.0045	114.5913
-0.0031	69.8409	-10.2908	-0.0045	114.5937
-0.0031	69.8409	-10.2916	-0.0045	114.5961
-0.0031	69.8409	-10.2924	-0.0045	114.5985
-0.0031	69.8409	-10.2931	-0.0045	114.6009
-0.0031	69.8409	-10.2939	-0.0045	114.6033
-0.0031	69.8409	-10.2947	-0.0045	114.6057
-0.0031	69.8409	-10.2955	-0.0045	114.6081
-0.0031	69.8409	-10.2963	-0.0045	114.6105
-0.0031	69.8409	-10.297	-0.0045	114.6129
-0.0031	69.8409	-10.2978	-0.0045	114.6153
-0.0031	69.8409	-10.2986	-0.0045	114.6177
-0.0031	69.8409	-10.2994	-0.0045	114.6202
-0.0031	69.8409	-10.3002	-0.0045	114.6226
-0.0031	69.8409	-10.301	-0.0045	114.625
-0.0031	69.8409	-10.3018	-0.0045	114.6275
-0.0031	69.8409	-10.3026	-0.0045	114.6299
-0.0031	69.8409	-10.3034	-0.0045	114.6324
-0.0031	69.8409	-10.3042	-0.0045	114.6348
-0.0031	69.8409	-10.305	-0.0045	114.6373
-0.0031	69.8409	-10.3058	-0.0045	114.6398
-0.0031	69.8409	-10.3066	-0.0045	114.6422
-0.0031	69.8409	-10.3074	-0.0045	114.6447
-0.0031	69.8409	-10.3082	-0.0045	114.6472
-0.0031	69.8409	-10.309	-0.0045	114.6496
-0.0031	69.8409	-10.3098	-0.0045	114.6521
-0.0031	69.8409	-10.3106	-0.0045	114.6546
-0.0031	69.8409	-10.3114	-0.0045	114.6571
-0.0031	69.8409	-10.3122	-0.0045	114.6596
-0.0031	69.8409	-10.313	-0.0045	114.6621
-0.0031	69.8409	-10.3138	-0.0045	114.6646
-0.0031	69.8409	-10.3147	-0.0045	114.6671
-0.0031	69.8409	-10.3155	-0.0045	114.6696
-0.0031	69.8409	-10.3163	-0.0045	114.6722
-0.0031	69.8409	-10.3171	-0.0045	114.6747
-0.0031	69.8409	-10.3179	-0.0045	114.6772
-0.0031	69.8409	-10.3188	-0.0045	114.6798
-0.0031	69.8409	-10.3196	-0.0045	114.6823
-0.0031	69.8409	-10.3204	-0.0045	114.6848
-0.0031	69.8409	-10.3212	-0.0045	114.6874
-0.0031	69.8409	-10.3221	-0.0045	114.6899
-0.0031	69.8409	-10.3229	-0.0045	114.6925
-0.0031	69.8409	-10.3237	-0.0045	114.695
-0.0031	69.8409	-10.3245	-0.0045	114.6976
-0.0031	69.8409	-10.3254	-0.0045	114.7002
-0.0031	69.8409	-10.3262	-0.0045	114.7027
-0.0031	69.8409	-10.3271	-0.0045	114.7053
-0.0031	69.8409	-10.3279	-0.0045	114.7079
-0.0031	69.8409	-10.3287	-0.0045	114.7105
-0.0031	69.8409	-10.3296	-0.0045	114.7131
-0.0031	69.8409	-10.3304	-0.0045	114.7157
-0.0031	69.8409	-10.3313	-0.0045	114.7183
-0.0031	69.8409	-10.3321	-0.0045	114.7209
-0.0031	69.8409	-10.3329	-0.0045	114.7235
-0.0031	69.8409	-10.3338	-0.0045	114.7261
-0.0031	69.8409	-10.3346	-0.0045	114.7287
-0.0031	69.8409	-10.3355	-0.0045	114.7313
-0.0031	69.8409	-10.3364	-0.0045	114.734
-0.0031	69.8409	-10.3372	-0.0045	114.7366
-0.0031	69.8409	-10.3381	-0.0045	114.7392
-0.0031	69.8409	-10.3389	-0.0045	114.7419
-0.0031	69.8409	-10.3398	-0.0045	114.7445
-0.0031	69.8409	-10.3406	-0.0045	114.7472
-0.0031	69.8409	-10.3415	-0.0045	114.7498
-0.0031	69.8409	-10.3424	-0.0045	114.7525
-0.0031	69.8409	-10.3432	-0.0045	114.7551
-0.0031	69.8409	-10.3441	-0.0045	114.7578
-0.0031	69.8409	-10.345	-0.0045	114.7605
-0.0031	69.8409	-10.3458	-0.0045	114.7631
-0.0031	69.8409	-10.3467	-0.0045	114.7658
-0.0031	69.8409	-10.3476	-0.0045	114.7685
-0.0031	69.8409	-10.3484	-0.0045	114.7712
-0.0031	69.8409	-10.3493	-0.0045	114.7739
-0.0031	69.8409	-10.3502	-0.0045	114.7766
-0.0031	69.8409	-10.3511	-0.0045	114.7793
-0.0031	69.8409	-10.3519	-0.0045	114.782
-0.0031	69.8409	-10.3528	-0.0045	114.7847
-0.0031	69.8409	-10.3537	-0.0045	114.7874
-0.0031	69.8409	-10.3546	-0.0045	114.7901
-0.0031	69.8409	-10.3555	-0.0045	114.7929
-0.0031	69.8409	-10.3564	-0.0045	114.7956
-0.0031	69.8409	-10.3572	-0.0045	114.7983
-0.0031	69.8409	-10.3581	-0.0045	114.8011
-0.0031	69.8409	-10.359	-0.0045	114.8038
-0.0031	69.8409	-10.3599	-0.0045	114.8065
-0.0031	69.8409	-10.3608	-0.0045	114.8093
-0.0031	69.8409	-10.3617	-0.0045	114.8121
-0.0031	69.8409	-10.3626	-0.0045	114.8148
-0.0031	69.8409	-10.3635	-0.0045	114.8176
-0.0031	69.8409	-10.3644	-0.0045	114.8203
-0.0031	69.8409	-10.3653	-0.0045	114.8231
-0.0031	69.8409	-10.3662	-0.0045	114.8259
-0.0031	69.8409	-10.3671	-0.0045	114.8287
-0.0031	69.8409	-10.368	-0.0045	114.8315
-0.0031	69.8409	-10.3689	-0.0045	114.8343
-0.0031	69.8409	-10.3698	-0.0045	114.8371
-0.0031	69.8409	-10.3707	-0.0045	114.8399
-0.0031	69.8409	-10.3716	-0.0045	114.8427
-0.0031	69.8409	-10.3725	-0.0045	114.8455
-0.0031	69.8409	-10.3735	-0.0045	114.8483
-0.0031	69.8409	-10.3744	-0.0045	114.8511
-0.0031	69.8409	-10.3753	-0.0045	114.8539
-0.0031	69.8409	-10.3762	-0.0045	114.8567
-0.0031	69.8409	-10.3771	-0.0045	114.8596
-0.0031	69.8409	-10.3781	-0.0045	114.8624
-0.0031	69.8409	-10.379	-0.0045	114.8653
-0.0031	69.8409	-10.3799	-0.0045	114.8681
-0.0031	69.8409	-10.3808	-0.0045	114.8709
-0.0031	69.8409	-10.3817	-0.0045	114.8738
-0.0031	69.8409	-10.3827	-0.0045	114.8767
-0.0031	69.8409	-10.3836	-0.0045	114.8795
-0.0031	69.8409	-10.3845	-0.0045	114.8824
-0.0031	69.8409	-10.3855	-0.0045	114.8853
-0.0031	69.8409	-10.3864	-0.0045	114.8881
-0.0031	69.8409	-10.3873	-0.0045	114.891
-0.0031	69.8409	-10.3883	-0.0045	114.8939
-0.0031	69.8409	-10.3892	-0.0045	114.8968
-0.0031	69.8409	-10.3902	-0.0045	114.8997
-0.0031	69.8409	-10.3911	-0.0045	114.9026
-0.0031	69.8409	-10.392	-0.0045	114.9055
-0.0031	69.8409	-10.393	-0.0045	114.9084
-0.0031	69.8409	-10.3939	-0.0045	114.9113
-0.0031	69.8409	-10.3949	-0.0045	114.9142
-0.0031	69.8409	-10.3958	-0.0045	114.9172
-0.0031	69.8409	-10.3968	-0.0045	114.9201
-0.0031	69.8409	-10.3977	-0.0045	114.923
-0.0031	69.8409	-10.3987	-0.0045	114.9259
-0.0031	69.8409	-10.3996	-0.0045	114.9289
-0.0031	69.8409	-10.4006	-0.0045	114.9318
-0.0031	69.8409	-10.4015	-0.0045	114.9348
-0.0031	69.8409	-10.4025	-0.0045	114.9377
-0.0031	69.8409	-10.4035	-0.0045	114.9407
-0.0031	69.8409	-10.4044	-0.0045	114.9437
-0.0031	69.8409	-10.4054	-0.0045	114.9466
-0.0031	69.8409	-10.4064	-0.0045	114.9496
-0.0031	69.8409	-10.4073	-0.0045	114.9526
-0.0031	69.8409	-10.4083	-0.0045	114.9556
-0.0031	69.8409	-10.4093	-0.0045	114.9585
-0.0031	69.8409	-10.4102	-0.0045	114.9615
-0.0031	69.8409	-10.4112	-0.0045	114.9645
-0.0031	69.8409	-10.4122	-0.0045	114.9675
-0.0031	69.8409	-10.4132	-0.0045	114.9705
-0.0031	69.8409	-10.4141	-0.0045	114.9735
-0.0031	69.8409	-10.4151	-0.0045	114.9765
-0.0031	69.8409	-10.4161	-0.0045	114.9796
-0.0031	69.8409	-10.4171	-0.0045	114.9826
-0.0031	69.8409	-10.418	-0.0045	114.9856
-0.0031	69.8409	-10.419	-0.0045	114.9886
-0.0031	69.8409	-10.42	-0.0045	114.9917
-0.0031	69.8409	-10.421	-0.0045	114.9947
-0.0031	69.8409	-10.422	-0.0045	114.9978
-0.0031	69.8409	-10.423	-0.0045	115.0008
-0.0031	69.8409	-10.424	-0.0045	115.0039
-0.0031	69.8409	-10.425	-0.0045	115.0069
-0.0031	69.8409	-10.426	-0.0045	115.01
-0.0031	69.8409	-10.427	-0.0045	115.0131
-0.0031	69.8409	-10.428	-0.0045	115.0161
-0.0031	69.8409	-10.429	-0.0045	115.0192
-0.0031	69.8409	-10.43	-0.0045	115.0223
-0.0031	69.8409	-10.431	-0.0045	115.0254
-0.0031	69.8409	-10.432	-0.0045	115.0285
-0.0031	69.8409	-10.433	-0.0045	115.0316
-0.0031	69.8409	-10.434	-0.0045	115.0347
-0.0031	69.8409	-10.435	-0.0045	115.0378
-0.0031	69.8409	-10.436	-0.0045	115.0409
-0.0031	69.8409	-10.437	-0.0045	115.044
-0.0031	69.8409	-10.438	-0.0045	115.0471
-0.0031	69.8409	-10.439	-0.0045	115.0502
-0.0031	69.8409	-10.44	-0.0045	115.0534
-0.0031	69.8409	-10.4411	-0.0045	115.0565
-0.0031	69.8409	-10.4421	-0.0045	115.0596
-0.0031	69.8409	-10.4431	-0.0045	115.0628
-0.0031	69.8409	-10.4441	-0.0045	115.0659
-0.0031	69.8409	-10.4451	-0.0045	115.0691
-0.0031	69.8409	-10.4462	-0.0045	115.0722
-0.0031	69.8409	-10.4472	-0.0045	115.0754
-0.0031	69.8409	-10.4482	-0.0045	115.0785
-0.0031	69.8409	-10.4492	-0.0045	115.0817
-0.0031	69.8409	-10.4503	-0.0045	115.0849
-0.0031	69.8409	-10.4513	-0.0045	115.0881
-0.0031	69.8409	-10.4523	-0.0045	115.0912
-0.0031	69.8409	-10.4534	-0.0045	115.0944
-0.0031	69.8409	-10.4544	-0.0045	115.0976
-0.0031	69.8409	-10.4554	-0.0045	115.1008
-0.0031	69.8409	-10.4565	-0.0045	115.104
-0.0031	69.8409	-10.4575	-0.0045	115.1072
-0.0031	69.8409	-10.4586	-0.0045	115.1104
-0.0031	69.8409	-10.4596	-0.0045	115.1136
-0.0031	69.8409	-10.4607	-0.0045	115.1169
-0.0031	69.8409	-10.4617	-0.0045	115.1201
-0.0031	69.8409	-10.4628	-0.0045	115.1233
-0.0031	69.8409	-10.4638	-0.0045	115.1265
-0.0031	69.8409	-10.4649	-0.0045	115.1298
-0.0031	69.8409	-10.4659	-0.0045	115.133
-0.0031	69.8409	-10.467	-0.0045	115.1363
-0.0031	69.8409	-10.468	-0.0045	115.1395
-0.0031	69.8409	-10.4691	-0.0045	115.1428
-0.0031	69.8409	-10.4701	-0.0045	115.146
-0.0031	69.8409	-10.4712	-0.0045	115.1493
-0.0031	69.8409	-10.4723	-0.0045	115.1526
-0.0031	69.8409	-10.4733	-0.0045	115.1558
-0.0031	69.8409	-10.4744	-0.0045	115.1591
-0.0031	69.8409	-10.4754	-0.0045	115.1624
-0.0031	69.8409	-10.4765	-0.0045	115.1657
-0.0031	69.8409	-10.4776	-0.0045	115.169
-0.0031	69.8409	-10.4787	-0.0045	115.1723
-0.0031	69.8409	-10.4797	-0.0045	115.1756
-0.0031	69.8409	-10.4808	-0.0045	115.1789
-0.0031	69.8409	-10.4819	-0.0045	115.1822
-0.0031	69.8409	-10.483	-0.0045	115.1855
-0.0031	69.8409	-10.484	-0.0045	115.1888
-0.0031	69.8409	-10.4851	-0.0045	115.1922
-0.0031	69.8409	-10.4862	-0.0045	115.1955
-0.0031	69.8409	-10.4873	-0.0045	115.1988
-0.0031	69.8409	-10.4884	-0.0045	115.2022
-0.0031	69.8409	-10.4894	-0.0045	115.2055
-0.0031	69.8409	-10.4905	-0.0045	115.2089
-0.0031	69.8409	-10.4916	-0.0045	115.2122
-0.0031	69.8409	-10.4927	-0.0045	115.2156
-0.0031	69.8409	-10.4938	-0.0045	115.2189
-0.0031	69.8409	-10.4949	-0.0045	115.2223
-0.0031	69.8409	-10.496	-0.0045	115.2257
-0.0031	69.8409	-10.4971	-0.0045	115.2291
-0.0031	69.8409	-10.4982	-0.0045	115.2324
-0.0031	69.8409	-10.4993	-0.0045	115.2358
-0.0031	69.8409	-10.5004	-0.0045	115.2392
-0.0031	69.8409	-10.5015	-0.0045	115.2426
-0.0031	69.8409	-10.5026	-0.0045	115.246
-0.0031	69.8409	-10.5037	-0.0045	115.2494
-0.0031	69.8409	-10.5048	-0.0045	115.2528
-0.0031	69.8409	-10.5059	-0.0045	115.2562
-0.0031	69.8409	-10.507	-0.0045	115.2596
-0.0031	69.8409	-10.5081	-0.0045	115.2631
-0.0031	69.8409	-10.5092	-0.0045	115.2665
-0.0031	69.8409	-10.5104	-0.0045	115.2699
-0.0031	69.8409	-10.5115	-0.0045	115.2734
-0.0031	69.8409	-10.5126	-0.0045	115.2768
-0.0031	69.8409	-10.5137	-0.0045	115.2803
-0.0031	69.8409	-10.5148	-0.0045	115.2837
-0.0031	69.8409	-10.5159	-0.0045	115.2872
-0.0031	69.8409	-10.5171	-0.0045	115.2906
-0.0031	69.8409	-10.5182	-0.0045	115.2941
-0.0031	69.8409	-10.5193	-0.0045	115.2976
-0.0031	69.8409	-10.5204	-0.0045	115.301
-0.0031	69.8409	-10.5216	-0.0045	115.3045
-0.0031	69.8409	-10.5227	-0.0045	115.308
-0.0031	69.8409	-10.5238	-0.0045	115.3115
-0.0031	69.8409	-10.525	-0.0045	115.315
-0.0031	69.8409	-10.5261	-0.0045	115.3185
-0.0031	69.8409	-10.5272	-0.0045	115.322
-0.0031	69.8409	-10.5284	-0.0045	115.3255
-0.0031	69.8409	-10.5295	-0.0045	115.329
-0.0031	69.8409	-10.5307	-0.0045	115.3325
-0.0031	69.8409	-10.5318	-0.0045	115.336
-0.0031	69.8409	-10.533	-0.0045	115.3395
-0.0031	69.8409	-10.5341	-0.0045	115.3431
-0.0031	69.8409	-10.5352	-0.0045	115.3466
-0.0031	69.8409	-10.5364	-0.0045	115.3501
-0.0031	69.8409	-10.5375	-0.0045	115.3537
-0.0031	69.8409	-10.5387	-0.0045	115.3572
-0.0031	69.8409	-10.5399	-0.0045	115.3608
-0.0031	69.8409	-10.541	-0.0045	115.3643
-0.0031	69.8409	-10.5422	-0.0045	115.3679
-0.0031	69.8409	-10.5433	-0.0045	115.3715
-0.0031	69.8409	-10.5445	-0.0045	115.3751
-0.0031	69.8409	-10.5456	-0.0045	115.3786
-0.0031	69.8409	-10.5468	-0.0045	115.3822
-0.0031	69.8409	-10.548	-0.0045	115.3858
-0.0031	69.8409	-10.5491	-0.0045	115.3894
-0.0031	69.8409	-10.5503	-0.0045	115.393
-0.0031	69.8409	-10.5515	-0.0045	115.3966
-0.0031	69.8409	-10.5526	-0.0045	115.4002
-0.0031	69.8409	-10.5538	-0.0045	115.4038
-0.0031	69.8409	-10.555	-0.0045	115.4074
-0.0031	69.8409	-10.5562	-0.0045	115.411
-0.0031	69.8409	-10.5573	-0.0045	115.4146
-0.0031	69.8409	-10.5585	-0.0045	115.4183
-0.0031	69.8409	-10.5597	-0.0045	115.4219
-0.0031	69.8409	-10.5609	-0.0045	115.4255
-0.0031	69.8409	-10.5621	-0.0045	115.4292
-0.0031	69.8409	-10.5632	-0.0045	115.4328
-0.0031	69.8409	-10.5644	-0.0045	115.4365
-0.0031	69.8409	-10.5656	-0.0045	115.4401
-0.0031	69.8409	-10.5668	-0.0045	115.4438
-0.0031	69.8409	-10.568	-0.0045	115.4475
-0.0031	69.8409	-10.5692	-0.0045	115.4511
-0.0031	69.8409	-10.5704	-0.0045	115.4548
-0.0031	69.8409	-10.5716	-0.0045	115.4585
-0.0031	69.8409	-10.5728	-0.0045	115.4622
-0.0031	69.8409	-10.574	-0.0045	115.4659
-0.0031	69.8409	-10.5752	-0.0045	115.4695
-0.0031	69.8409	-10.5764	-0.0045	115.4732
-0.0031	69.8409	-10.5776	-0.0045	115.4769
-0.0031	69.8409	-10.5788	-0.0045	115.4807
-0.0031	69.8409	-10.58	-0.0045	115.4844
-0.0031	69.8409	-10.5812	-0.0045	115.4881
-0.0031	69.8409	-10.5824	-0.0045	115.4918
-0.0031	69.8409	-10.5836	-0.0045	115.4955
-0.0031	69.8409	-10.5848	-0.0045	115.4993
-0.0031	69.8409	-10.586	-0.0045	115.503
-0.0031	69.8409	-10.5872	-0.0045	115.5067
-0.0031	69.8409	-10.5884	-0.0045	115.5105
-0.0031	69.8409	-10.5897	-0.0045	115.5142
-0.0031	69.8409	-10.5909	-0.0045	115.518
-0.0031	69.8409	-10.5921	-0.0045	115.5217
-0.0031	69.8409	-10.5933	-0.0045	115.5255
-0.0031	69.8409	-10.5946	-0.0045	115.5293
-0.0031	69.8409	-10.5958	-0.0045	115.533
-0.0031	69.8409	-10.597	-0.0045	115.5368
-0.0031	69.8409	-10.5982	-0.0045	115.5406
-0.0031	69.8409	-10.5995	-0.0045	115.5444
-0.0031	69.8409	-10.6007	-0.0045	115.5482
-0.0031	69.8409	-10.6019	-0.0045	115.552
-0.0031	69.8409	-10.6032	-0.0045	115.5558
-0.0031	69.8409	-10.6044	-0.0045	115.5596
-0.0031	69.8409	-10.6056	-0.0045	115.5634
-0.0031	69.8409	-10.6069	-0.0045	115.5672
-0.0031	69.8409	-10.6081	-0.0045	115.571
-0.0031	69.8409	-10.6093	-0.0045	115.5749
-0.0031	69.8409	-10.6106	-0.0045	115.5787
-0.0031	69.8409	-10.6118	-0.0045	115.5825
-0.0031	69.8409	-10.6131	-0.0045	115.5864
-0.0031	69.8409	-10.6143	-0.0045	115.5902
-0.0031	69.8409	-10.6156	-0.0045	115.594
-0.0031	69.8409	-10.6168	-0.0045	115.5979
-0.0031	69.8409	-10.6181	-0.0045	115.6018
-0.0031	69.8409	-10.6193	-0.0045	115.6056
-0.0031	69.8409	-10.6206	-0.0045	115.6095
-0.0031	69.8409	-10.6218	-0.0045	115.6134
-0.0031	69.8409	-10.6231	-0.0045	115.6172
-0.0031	69.8409	-10.6244	-0.0045	115.6211
-0.0031	69.8409	-10.6256	-0.0045	115.625
-0.0031	69.8409	-10.6269	-0.0045	115.6289
-0.0031	69.8409	-10.6282	-0.0045	115.6328
-0.0031	69.8409	-10.6294	-0.0045	115.6367
-0.0031	69.8409	-10.6307	-0.0045	115.6406
-0.0031	69.8409	-10.632	-0.0045	115.6445
-0.0031	69.8409	-10.6332	-0.0045	115.6484
-0.0031	69.8409	-10.6345	-0.0045	115.6523
-0.0031	69.8409	-10.6358	-0.0045	115.6562
-0.0031	69.8409	-10.637	-0.0045	115.6602
-0.0031	69.8409	-10.6383	-0.0045	115.6641
-0.0031	69.8409	-10.6396	-0.0045	115.668
-0.0031	69.8409	-10.6409	-0.0045	115.672
-0.0031	69.8409	-10.6422	-0.0045	115.6759
-0.0031	69.8409	-10.6434	-0.0045	115.6799
-0.0031	69.8409	-10.6447	-0.0045	115.6838
-0.0031	69.8409	-10.646	-0.0045	115.6878
-0.0031	69.8409	-10.6473	-0.0045	115.6918
-0.0031	69.8409	-10.6486	-0.0045	115.6957
-0.0031	69.8409	-10.6499	-0.0045	115.6997
-0.0031	69.8409	-10.6512	-0.0045	115.7037
-0.0031	69.8409	-10.6525	-0.0045	115.7077
-0.0031	69.8409	-10.6538	-0.0045	115.7117
-0.0031	69.8409	-10.6551	-0.0045	115.7156
-0.0031	69.8409	-10.6564	-0.0045	115.7196
-0.0031	69.8409	-10.6577	-0.0045	115.7236
-0.0031	69.8409	-10.659	-0.0045	115.7277
-0.0031	69.8409	-10.6603	-0.0045	115.7317
-0.0031	69.8409	-10.6616	-0.0045	115.7357
-0.0031	69.8409	-10.6629	-0.0045	115.7397
-0.0031	69.8409	-10.6642	-0.0045	115.7437
-0.0031	69.8409	-10.6655	-0.0045	115.7478
-0.0031	69.8409	-10.6668	-0.0045	115.7518
-0.0031	69.8409	-10.6681	-0.0045	115.7558
-0.0031	69.8409	-10.6694	-0.0045	115.7599
-0.0031	69.8409	-10.6707	-0.0045	115.7639
-0.0031	69.8409	-10.672	-0.0045	115.768
-0.0031	69.8409	-10.6734	-0.0045	115.772
-0.0031	69.8409	-10.6747	-0.0045	115.7761
-0.0031	69.8409	-10.676	-0.0045	115.7802
-0.0031	69.8409	-10.6773	-0.0045	115.7843
-0.0031	69.8409	-10.6787	-0.0045	115.7883
-0.0031	69.8409	-10.68	-0.0045	115.7924
-0.0031	69.8409	-10.6813	-0.0045	115.7965
-0.0031	69.8409	-10.6826	-0.0045	115.8006
-0.0031	69.8409	-10.684	-0.0045	115.8047
-0.0031	69.8409	-10.6853	-0.0045	115.8088
-0.0031	69.8409	-10.6866	-0.0045	115.8129
-0.0031	69.8409	-10.688	-0.0045	115.817
-0.0031	69.8409	-10.6893	-0.0045	115.8211
-0.0031	69.8409	-10.6906	-0.0045	115.8252
-0.0031	69.8409	-10.692	-0.0045	115.8294
-0.0031	69.8409	-10.6933	-0.0045	115.8335
-0.0031	69.8409	-10.6947	-0.0045	115.8376
-0.0031	69.8409	-10.696	-0.0045	115.8418
-0.0031	69.8409	-10.6973	-0.0045	115.8459
-0.0031	69.8409	-10.6987	-0.0045	115.8501
-0.0031	69.8409	-10.7	-0.0045	115.8542
-0.0031	69.8409	-10.7014	-0.0045	115.8584
-0.0031	69.8409	-10.7027	-0.0045	115.8625
-0.0031	69.8409	-10.7041	-0.0045	115.8667
-0.0031	69.8409	-10.7055	-0.0045	115.8709
-0.0031	69.8409	-10.7068	-0.0045	115.875
-0.0031	69.8409	-10.7082	-0.0045	115.8792
-0.0031	69.8409	-10.7095	-0.0045	115.8834
-0.0031	69.8409	-10.7109	-0.0045	115.8876
-0.0031	69.8409	-10.7122	-0.0045	115.8918
-0.0031	69.8409	-10.7136	-0.0045	115.896
-0.0031	69.8409	-10.715	-0.0045	115.9002
-0.0031	69.8409	-10.7163	-0.0045	115.9044
-0.0031	69.8409	-10.7177	-0.0045	115.9086
-0.0031	69.8409	-10.7191	-0.0045	115.9128
-0.0031	69.8409	-10.7205	-0.0045	115.9171
-0.0031	69.8409	-10.7218	-0.0045	115.9213
-0.0031	69.8409	-10.7232	-0.0045	115.9255
-0.0031	69.8409	-10.7246	-0.0045	115.9298
-0.0031	69.8409	-10.726	-0.0045	115.934
-0.0031	69.8409	-10.7273	-0.0045	115.9383
-0.0031	69.8409	-10.7287	-0.0045	115.9425
-0.0031	69.8409	-10.7301	-0.0045	115.9468
-0.0031	69.8409	-10.7315	-0.0045	115.951
-0.0031	69.8409	-10.7329	-0.0045	115.9553
-0.0031	69.8409	-10.7342	-0.0045	115.9596
-0.0031	69.8409	-10.7356	-0.0045	115.9638
-0.0031	69.8409	-10.737	-0.0045	115.9681
-0.0031	69.8409	-10.7384	-0.0045	115.9724
-0.0031	69.8409	-10.7398	-0.0045	115.9767
-0.0031	69.8409	-10.7412	-0.0045	115.981
-0.0031	69.8409	-10.7426	-0.0045	115.9853
-0.0031	69.8409	-10.744	-0.0045	115.9896
-0.0031	69.8409	-10.7454	-0.0045	115.9939
-0.0031	69.8409	-10.7468	-0.0045	115.9982
-0.0031	69.8409	-10.7482	-0.0045	116.0025
-0.0031	69.8409	-10.7496	-0.0045	116.0069
-0.0031	69.8409	-10.751	-0.0045	116.0112
-0.0031	69.8409	-10.7524	-0.0045	116.0155
-0.0031	69.8409	-10.7538	-0.0045	116.0198
-0.0031	69.8409	-10.7552	-0.0045	116.0242
-0.0031	69.8409	-10.7566	-0.0045	116.0285
-0.0031	69.8409	-10.758	-0.0045	116.0329
-0.0031	69.8409	-10.7595	-0.0045	116.0372
-0.0031	69.8409	-10.7609	-0.0045	116.0416
-0.0031	69.8409	-10.7623	-0.0045	116.046
-0.0031	69.8409	-10.7637	-0.0045	116.0503
-0.0031	69.8409	-10.7651	-0.0045	116.0547
-0.0031	69.8409	-10.7666	-0.0045	116.0591
-0.0031	69.8409	-10.768	-0.0045	116.0635
-0.0031	69.8409	-10.7694	-0.0045	116.0679
-0.0031	69.8409	-10.7708	-0.0045	116.0723
-0.0031	69.8409	-10.7723	-0.0045	116.0766
-0.0031	69.8409	-10.7737	-0.0045	116.081
-0.0031	69.8409	-10.7751	-0.0045	116.0855
-0.0031	69.8409	-10.7765	-0.0045	116.0899
-0.0031	69.8409	-10.778	-0.0045	116.0943
-0.0031	69.8409	-10.7794	-0.0045	116.0987
-0.0031	69.8409	-10.7809	-0.0045	116.1031
-0.0031	69.8409	-10.7823	-0.0045	116.1076
-0.0031	69.8409	-10.7837	-0.0045	116.112
-0.0031	69.8409	-10.7852	-0.0045	116.1164
-0.0031	69.8409	-10.7866	-0.0045	116.1209
-0.0031	69.8409	-10.7881	-0.0045	116.1253
-0.0031	69.8409	-10.7895	-0.0045	116.1298
-0.0031	69.8409	-10.791	-0.0045	116.1342
-0.0031	69.8409	-10.7924	-0.0045	116.1387
-0.0031	69.8409	-10.7939	-0.0045	116.1432
-0.0031	69.8409	-10.7953	-0.0045	116.1476
-0.0031	69.8409	-10.7968	-0.0045	116.1521
-0.0031	69.8409	-10.7982	-0.0045	116.1566
-0.0031	69.8409	-10.7997	-0.0045	116.1611
-0.0031	69.8409	-10.8011	-0.0045	116.1656
-0.0031	69.8409	-10.8026	-0.0045	116.1701
-0.0031	69.8409	-10.8041	-0.0045	116.1746
-0.0031	69.8409	-10.8055	-0.0045	116.1791
-0.0031	69.8409	-10.807	-0.0045	116.1836
-0.0031	69.8409	-10.8084	-0.0045	116.1881
-0.0031	69.8409	-10.8099	-0.0045	116.1926
-0.0031	69.8409	-10.8114	-0.0045	116.1972
-0.0031	69.8409	-10.8128	-0.0045	116.2017
-0.0031	69.8409	-10.8143	-0.0045	116.2062
-0.0031	69.8409	-10.8158	-0.0045	116.2108
-0.0031	69.8409	-10.8173	-0.0045	116.2153
-0.0031	69.8409	-10.8187	-0.0045	116.2198
-0.0031	69.8409	-10.8202	-0.0045	116.2244
-0.0031	69.8409	-10.8217	-0.0045	116.229
-0.0031	69.8409	-10.8232	-0.0045	116.2335
-0.0031	69.8409	-10.8247	-0.0045	116.2381
-0.0031	69.8409	-10.8262	-0.0045	116.2427
-0.0031	69.8409	-10.8276	-0.0045	116.2472
-0.0031	69.8409	-10.8291	-0.0045	116.2518
-0.0031	69.8409	-10.8306	-0.0045	116.2564
-0.0031	69.8409	-10.8321	-0.0045	116.261
-0.0031	69.8409	-10.8336	-0.0045	116.2656
-0.0031	69.8409	-10.8351	-0.0045	116.2702
-0.0031	69.8409	-10.8366	-0.0045	116.2748
-0.0031	69.8409	-10.8381	-0.0045	116.2794
-0.0031	69.8409	-10.8396	-0.0045	116.284
-0.0031	69.8409	-10.8411	-0.0045	116.2886
-0.0031	69.8409	-10.8426	-0.0045	116.2932
-0.0031	69.8409	-10.8441	-0.0045	116.2979
-0.0031	69.8409	-10.8456	-0.0045	116.3025
-0.0031	69.8409	-10.8471	-0.0045	116.3071
-0.0031	69.8409	-10.8486	-0.0045	116.3118
-0.0031	69.8409	-10.8501	-0.0045	116.3164
-0.0031	69.8409	-10.8516	-0.0045	116.3211
-0.0031	69.8409	-10.8531	-0.0045	116.3257
-0.0031	69.8409	-10.8546	-0.0045	116.3304
-0.0031	69.8409	-10.8561	-0.0045	116.3351
-0.0031	69.8409	-10.8577	-0.0045	116.3397
-0.0031	69.8409	-10.8592	-0.0045	116.3444
-0.0031	69.8409	-10.8607	-0.0045	116.3491
-0.0031	69.8409	-10.8622	-0.0045	116.3538
-0.0031	69.8409	-10.8637	-0.0045	116.3584
-0.0031	69.8409	-10.8653	-0.0045	116.3631
-0.0031	69.8409	-10.8668	-0.0045	116.3678
-0.0031	69.8409	-10.8683	-0.0045	116.3725
-0.0031	69.8409	-10.8698	-0.0045	116.3772
-0.0031	69.8409	-10.8714	-0.0045	116.382
-0.0031	69.8409	-10.8729	-0.0045	116.3867
-0.0031	69.8409	-10.8744	-0.0045	116.3914
-0.0031	69.8409	-10.876	-0.0045	116.3961
-0.0031	69.8409	-10.8775	-0.0045	116.4008
-0.0031	69.8409	-10.879	-0.0045	116.4056
-0.0031	69.8409	-10.8806	-0.0045	116.4103
-0.0031	69.8409	-10.8821	-0.0045	116.4151
-0.0031	69.8409	-10.8837	-0.0045	116.4198
-0.0031	69.8409	-10.8852	-0.0045	116.4246
-0.0031	69.8409	-10.8868	-0.0045	116.4293
-0.0031	69.8409	-10.8883	-0.0045	116.4341
-0.0031	69.8409	-10.8899	-0.0045	116.4389
-0.0031	69.8409	-10.8914	-0.0045	116.4436
-0.0031	69.8409	-10.893	-0.0045	116.4484
-0.0031	69.8409	-10.8945	-0.0045	116.4532
-0.0031	69.8409	-10.8961	-0.0045	116.458
-0.0031	69.8409	-10.8976	-0.0045	116.4628
-0.0031	69.8409	-10.8992	-0.0045	116.4676
-0.0031	69.8409	-10.9007	-0.0045	116.4724
-0.0031	69.8409	-10.9023	-0.0045	116.4772
-0.0031	69.8409	-10.9038	-0.0045	116.482
-0.0031	69.8409	-10.9054	-0.0045	116.4868
-0.0031	69.8409	-10.907	-0.0045	116.4916
-0.0031	69.8409	-10.9085	-0.0045	116.4964
-0.0031	69.8409	-10.9101	-0.0045	116.5013
-0.0031	69.8409	-10.9117	-0.0045	116.5061
-0.0031	69.8409	-10.9132	-0.0045	116.5109
-0.0031	69.8409	-10.9148	-0.0045	116.5158
-0.0031	69.8409	-10.9164	-0.0045	116.5206
-0.0031	69.8409	-10.918	-0.0045	116.5255
-0.0031	69.8409	-10.9195	-0.0045	116.5303
-0.0031	69.8409	-10.9211	-0.0045	116.5352
-0.0031	69.8409	-10.9227	-0.0045	116.5401
-0.0031	69.8409	-10.9243	-0.0045	116.5449
-0.0031	69.8409	-10.9259	-0.0045	116.5498
-0.0031	69.8409	-10.9275	-0.0045	116.5547
-0.0031	69.8409	-10.929	-0.0045	116.5596
-0.0031	69.8409	-10.9306	-0.0045	116.5644
-0.0031	69.8409	-10.9322	-0.0045	116.5693
-0.0031	69.8409	-10.9338	-0.0045	116.5742
-0.0031	69.8409	-10.9354	-0.0045	116.5791
-0.0031	69.8409	-10.937	-0.0045	116.584
-0.0031	69.8409	-10.9386	-0.0045	116.589
-0.0031	69.8409	-10.9402	-0.0045	116.5939
-0.0031	69.8409	-10.9418	-0.0045	116.5988
-0.0031	69.8409	-10.9434	-0.0045	116.6037
-0.0031	69.8409	-10.945	-0.0045	116.6087
-0.0031	69.8409	-10.9466	-0.0045	116.6136
-0.0031	69.8409	-10.9482	-0.0045	116.6185
-0.0031	69.8409	-10.9498	-0.0045	116.6235
-0.0031	69.8409	-10.9514	-0.0045	116.6284
-0.0031	69.8409	-10.953	-0.0045	116.6334
-0.0031	69.8409	-10.9546	-0.0045	116.6383
-0.0031	69.8409	-10.9562	-0.0045	116.6433
-0.0031	69.8409	-10.9578	-0.0045	116.6483
-0.0031	69.8409	-10.9594	-0.0045	116.6532
-0.0031	69.8409	-10.9611	-0.0045	116.6582
-0.0031	69.8409	-10.9627	-0.0045	116.6632
-0.0031	69.8409	-10.9643	-0.0045	116.6682
-0.0031	69.8409	-10.9659	-0.0045	116.6732
-0.0031	69.8409	-10.9675	-0.0045	116.6782
-0.0031	69.8409	-10.9692	-0.0045	116.6832
-0.0031	69.8409	-10.9708	-0.0045	116.6882
-0.0031	69.8409	-10.9724	-0.0045	116.6932
-0.0031	69.8409	-10.974	-0.0045	116.6982
-0.0031	69.8409	-10.9757	-0.0045	116.7032
-0.0031	69.8409	-10.9773	-0.0045	116.7082
-0.0031	69.8409	-10.9789	-0.0045	116.7133
-0.0031	69.8409	-10.9806	-0.0045	116.7183
-0.0031	69.8409	-10.9822	-0.0045	116.7233
-0.0031	69.8409	-10.9838	-0.0045	116.7284
-0.0031	69.8409	-10.9855	-0.0045	116.7334
-0.0031	69.8409	-10.9871	-0.0045	116.7385
-0.0031	69.8409	-10.9888	-0.0045	116.7435
-0.0031	69.8409	-10.9904	-0.0045	116.7486
-0.0031	69.8409	-10.992	-0.0045	116.7536
-0.0031	69.8409	-10.9937	-0.0045	116.7587
-0.0031	69.8409	-10.9953	-0.0045	116.7638
-0.0031	69.8409	-10.997	-0.0045	116.7689
-0.0031	69.8409	-10.9986	-0.0045	116.774
-0.0031	69.8409	-11.0003	-0.0045	116.779
-0.0031	69.8409	-11.0019	-0.0045	116.7841
-0.0031	69.8409	-11.0036	-0.0045	116.7892
-0.0031	69.8409	-11.0053	-0.0045	116.7943
-0.0031	69.8409	-11.0069	-0.0045	116.7994
-0.0031	69.8409	-11.0086	-0.0045	116.8045
-0.0031	69.8409	-11.0102	-0.0045	116.8097
-0.0031	69.8409	-11.0119	-0.0045	116.8148
-0.0031	69.8409	-11.0136	-0.0045	116.8199
-0.0031	69.8409	-11.0152	-0.0045	116.825
-0.0031	69.8409	-11.0169	-0.0045	116.8302
-0.0031	69.8409	-11.0186	-0.0045	116.8353
-0.0031	69.8409	-11.0202	-0.0045	116.8405
-0.0031	69.8409	-11.0219	-0.0045	116.8456
-0.0031	69.8409	-11.0236	-0.0045	116.8508
-0.0031	69.8409	-11.0252	-0.0045	116.8559
-0.0031	69.8409	-11.0269	-0.0045	116.8611
-0.0031	69.8409	-11.0286	-0.0045	116.8662
-0.0031	69.8409	-11.0303	-0.0045	116.8714
-0.0031	69.8409	-11.032	-0.0045	116.8766
-0.0031	69.8409	-11.0336	-0.0045	116.8818
-0.0031	69.8409	-11.0353	-0.0045	116.887
-0.0031	69.8409	-11.037	-0.0045	116.8921
-0.0031	69.8409	-11.0387	-0.0045	116.8973
-0.0031	69.8409	-11.0404	-0.0045	116.9025
-0.0031	69.8409	-11.0421	-0.0045	116.9077
-0.0031	69.8409	-11.0438	-0.0045	116.9129
-0.0031	69.8409	-11.0455	-0.0045	116.9182
-0.0031	69.8409	-11.0471	-0.0045	116.9234
-0.0031	69.8409	-11.0488	-0.0045	116.9286
-0.0031	69.8409	-11.0505	-0.0045	116.9338
-0.0031	69.8409	-11.0522	-0.0045	116.939
-0.0031	69.8409	-11.0539	-0.0045	116.9443
-0.0031	69.8409	-11.0556	-0.0045	116.9495
-0.0031	69.8409	-11.0573	-0.0045	116.9548
-0.0031	69.8409	-11.059	-0.0045	116.96
-0.0031	69.8409	-11.0608	-0.0045	116.9653
-0.0031	69.8409	-11.0625	-0.0045	116.9705
-0.0031	69.8409	-11.0642	-0.0045	116.9758
-0.0031	69.8409	-11.0659	-0.0045	116.9811
-0.0031	69.8409	-11.0676	-0.0045	116.9863
-0.0031	69.8409	-11.0693	-0.0045	116.9916
-0.0031	69.8409	-11.071	-0.0045	116.9969
-0.0031	69.8409	-11.0727	-0.0045	117.0022
-0.0031	69.8409	-11.0744	-0.0045	117.0075
-0.0031	69.8409	-11.0762	-0.0045	117.0128
-0.0031	69.8409	-11.0779	-0.0045	117.0181
-0.0031	69.8409	-11.0796	-0.0045	117.0234
-0.0031	69.8409	-11.0813	-0.0045	117.0287
-0.0031	69.8409	-11.0831	-0.0045	117.034
-0.0031	69.8409	-11.0848	-0.0045	117.0393
-0.0031	69.8409	-11.0865	-0.0045	117.0446
-0.0031	69.8409	-11.0882	-0.0045	117.0499
-0.0031	69.8409	-11.09	-0.0045	117.0553
-0.0031	69.8409	-11.0917	-0.0045	117.0606
-0.0031	69.8409	-11.0934	-0.0045	117.066
-0.0031	69.8409	-11.0952	-0.0045	117.0713
-0.0031	69.8409	-11.0969	-0.0045	117.0767
-0.0031	69.8409	-11.0986	-0.0045	117.082
-0.0031	69.8409	-11.1004	-0.0045	117.0874
-0.0031	69.8409	-11.1021	-0.0045	117.0927
-0.0031	69.8409	-11.1039	-0.0045	117.0981
-0.0031	69.8409	-11.1056	-0.0045	117.1035
-0.0031	69.8409	-11.1074	-0.0045	117.1088
-0.0031	69.8409	-11.1091	-0.0045	117.1142
-0.0031	69.8409	-11.1109	-0.0045	117.1196
-0.0031	69.8409	-11.1126	-0.0045	117.125
-0.0031	69.8409	-11.1144	-0.0045	117.1304
-0.0031	69.8409	-11.1161	-0.0045	117.1358
-0.0031	69.8409	-11.1179	-0.0045	117.1412
-0.0031	69.8409	-11.1196	-0.0045	117.1466
-0.0031	69.8409	-11.1214	-0.0045	117.152
-0.0031	69.8409	-11.1231	-0.0045	117.1574
-0.0031	69.8409	-11.1249	-0.0045	117.1629
-0.0031	69.8409	-11.1267	-0.0045	117.1683
-0.0031	69.8409	-11.1284	-0.0045	117.1737
-0.0031	69.8409	-11.1302	-0.0045	117.1792
-0.0031	69.8409	-11.132	-0.0045	117.1846
-0.0031	69.8409	-11.1337	-0.0045	117.19
-0.0031	69.8409	-11.1355	-0.0045	117.1955
-0.0031	69.8409	-11.1373	-0.0045	117.2009
-0.0031	69.8409	-11.139	-0.0045	117.2064
-0.0031	69.8409	-11.1408	-0.0045	117.2119
-0.0031	69.8409	-11.1426	-0.0045	117.2173
-0.0031	69.8409	-11.1444	-0.0045	117.2228
-0.0031	69.8409	-11.1461	-0.0045	117.2283
-0.0031	69.8409	-11.1479	-0.0045	117.2338
-0.0031	69.8409	-11.1497	-0.0045	117.2393
-0.0031	69.8409	-11.1515	-0.0045	117.2447
-0.0031	69.8409	-11.1533	-0.0045	117.2502
-0.0031	69.8409	-11.1551	-0.0045	117.2557
-0.0031	69.8409	-11.1568	-0.0045	117.2612
-0.0031	69.8409	-11.1586	-0.0045	117.2668
-0.0031	69.8409	-11.1604	-0.0045	117.2723
-0.0031	69.8409	-11.1622	-0.0045	117.2778
-0.0031	69.8409	-11.164	-0.0045	117.2833
-0.0031	69.8409	-11.1658	-0.0045	117.2888
-0.0031	69.8409	-11.1676	-0.0045	117.2944
-0.0031	69.8409	-11.1694	-0.0045	117.2999
-0.0031	69.8409	-11.1712	-0.0045	117.3054
-0.0031	69.8409	-11.173	-0.0045	117.311
-0.0031	69.8409	-11.1748	-0.0045	117.3165
-0.0031	69.8409	-11.1766	-0.0045	117.3221
-0.0031	69.8409	-11.1784	-0.0045	117.3276
-0.0031	69.8409	-11.1802	-0.0045	117.3332
-0.0031	69.8409	-11.182	-0.0045	117.3388
-0.0031	69.8409	-11.1838	-0.0045	117.3443
-0.0031	69.8409	-11.1856	-0.0045	117.3499
-0.0031	69.8409	-11.1874	-0.0045	117.3555
-0.0031	69.8409	-11.1893	-0.0045	117.3611
-0.0031	69.8409	-11.1911	-0.0045	117.3667
-0.0031	69.8409	-11.1929	-0.0045	117.3723
-0.0031	69.8409	-11.1947	-0.0045	117.3779
-0.0031	69.8409	-11.1965	-0.0045	117.3835
-0.0031	69.8409	-11.1983	-0.0045	117.3891
-0.0031	69.8409	-11.2002	-0.0045	117.3947
-0.0031	69.8409	-11.202	-0.0045	117.4003
-0.0031	69.8409	-11.2038	-0.0045	117.4059
-0.0031	69.8409	-11.2056	-0.0045	117.4116
-0.0031	69.8409	-11.2075	-0.0045	117.4172
-0.0031	69.8409	-11.2093	-0.0045	117.4228
-0.0031	69.8409	-11.2111	-0.0045	117.4285
-0.0031	69.8409	-11.213	-0.0045	117.4341
-0.0031	69.8409	-11.2148	-0.0045	117.4398
-0.0031	69.8409	-11.2166	-0.0045	117.4454
-0.0031	69.8409	-11.2185	-0.0045	117.4511
-0.0031	69.8409	-11.2203	-0.0045	117.4567
-0.0031	69.8409	-11.2221	-0.0045	117.4624
-0.0031	69.8409	-11.224	-0.0045	117.4681
-0.0031	69.8409	-11.2258	-0.0045	117.4737
-0.0031	69.8409	-11.2277	-0.0045	117.4794
-0.0031	69.8409	-11.2295	-0.0045	117.4851
-0.0031	69.8409	-11.2314	-0.0045	117.4908
-0.0031	69.8409	-11.2332	-0.0045	117.4965
-0.0031	69.8409	-11.2351	-0.0045	117.5022
-0.0031	69.8409	-11.2369	-0.0045	117.5079
-0.0031	69.8409	-11.2388	-0.0045	117.5136
-0.0031	69.8409	-11.2406	-0.0045	117.5193
-0.0031	69.8409	-11.2425	-0.0045	117.525
-0.0031	69.8409	-11.2443	-0.0045	117.5307
-0.0031	69.8409	-11.2462	-0.0045	117.5365
-0.0031	69.8409	-11.2481	-0.0045	117.5422
-0.0031	69.8409	-11.2499	-0.0045	117.5479
-0.0031	69.8409	-11.2518	-0.0045	117.5537
-0.0031	69.8409	-11.2536	-0.0045	117.5594
-0.0031	69.8409	-11.2555	-0.0045	117.5651
-0.0031	69.8409	-11.2574	-0.0045	117.5709
-0.0031	69.8409	-11.2592	-0.0045	117.5767
-0.0031	69.8409	-11.2611	-0.0045	117.5824
-0.0031	69.8409	-11.263	-0.0045	117.5882
-0.0031	69.8409	-11.2649	-0.0045	117.5939
-0.0031	69.8409	-11.2667	-0.0045	117.5997
-0.0031	69.8409	-11.2686	-0.0045	117.6055
-0.0031	69.8409	-11.2705	-0.0045	117.6113
-0.0031	69.8409	-11.2724	-0.0045	117.6171
-0.0031	69.8409	-11.2742	-0.0045	117.6229
-0.0031	69.8409	-11.2761	-0.0045	117.6287
-0.0031	69.8409	-11.278	-0.0045	117.6345
-0.0031	69.8409	-11.2799	-0.0045	117.6403
-0.0031	69.8409	-11.2818	-0.0045	117.6461
-0.0031	69.8409	-11.2837	-0.0045	117.6519
-0.0031	69.8409	-11.2856	-0.0045	117.6577
-0.0031	69.8409	-11.2874	-0.0045	117.6635
-0.0031	69.8409	-11.2893	-0.0045	117.6693
-0.0031	69.8409	-11.2912	-0.0045	117.6752
-0.0031	69.8409	-11.2931	-0.0045	117.681
-0.0031	69.8409	-11.295	-0.0045	117.6869
-0.0031	69.8409	-11.2969	-0.0045	117.6927
-0.0031	69.8409	-11.2988	-0.0045	117.6985
-0.0031	69.8409	-11.3007	-0.0045	117.7044
-0.0031	69.8409	-11.3026	-0.0045	117.7103
-0.0031	69.8409	-11.3045	-0.0045	117.7161
-0.0031	69.8409	-11.3064	-0.0045	117.722
-0.0031	69.8409	-11.3083	-0.0045	117.7279
-0.0031	69.8409	-11.3102	-0.0045	117.7337
-0.0031	69.8409	-11.3121	-0.0045	117.7396
-0.0031	69.8409	-11.3141	-0.0045	117.7455
-0.0031	69.8409	-11.316	-0.0045	117.7514
-0.0031	69.8409	-11.3179	-0.0045	117.7573
-0.0031	69.8409	-11.3198	-0.0045	117.7632
-0.0031	69.8409	-11.3217	-0.0045	117.7691
-0.0031	69.8409	-11.3236	-0.0045	117.775
-0.0031	69.8409	-11.3255	-0.0045	117.7809
-0.0031	69.8409	-11.3275	-0.0045	117.7868
-0.0031	69.8409	-11.3294	-0.0045	117.7927
-0.0031	69.8409	-11.3313	-0.0045	117.7987
-0.0031	69.8409	-11.3332	-0.0045	117.8046
-0.0031	69.8409	-11.3352	-0.0045	117.8105
-0.0031	69.8409	-11.3371	-0.0045	117.8164
-0.0031	69.8409	-11.339	-0.0045	117.8224
-0.0031	69.8409	-11.3409	-0.0045	117.8283
-0.0031	69.8409	-11.3429	-0.0045	117.8343
-0.0031	69.8409	-11.3448	-0.0045	117.8402
-0.0031	69.8409	-11.3467	-0.0045	117.8462
-0.0031	69.8409	-11.3487	-0.0045	117.8522
-0.0031	69.8409	-11.3506	-0.0045	117.8581
-0.0031	69.8409	-11.3526	-0.0045	117.8641
-0.0031	69.8409	-11.3545	-0.0045	117.8701
-0.0031	69.8409	-11.3564	-0.0045	117.8761
-0.0031	69.8409	-11.3584	-0.0045	117.882
-0.0031	69.8409	-11.3603	-0.0045	117.888
-0.0031	69.8409	-11.3623	-0.0045	117.894
-0.0031	69.8409	-11.3642	-0.0045	117.9
-0.0031	69.8409	-11.3662	-0.0045	117.906
-0.0031	69.8409	-11.3681	-0.0045	117.912
-0.0031	69.8409	-11.3701	-0.0045	117.918
-0.0031	69.8409	-11.372	-0.0045	117.9241
-0.0031	69.8409	-11.374	-0.0045	117.9301
-0.0031	69.8409	-11.3759	-0.0045	117.9361
-0.0031	69.8409	-11.3779	-0.0045	117.9421
-0.0031	69.8409	-11.3799	-0.0045	117.9482
-0.0031	69.8409	-11.3818	-0.0045	117.9542
-0.0031	69.8409	-11.3838	-0.0045	117.9602
-0.0031	69.8409	-11.3857	-0.0045	117.9663
-0.0031	69.8409	-11.3877	-0.0045	117.9723
-0.0031	69.8409	-11.3897	-0.0045	117.9784
-0.0031	69.8409	-11.3916	-0.0045	117.9845
-0.0031	69.8409	-11.3936	-0.0045	117.9905
-0.0031	69.8409	-11.3956	-0.0045	117.9966
-0.0031	69.8409	-11.3975	-0.0045	118.0027
-0.0031	69.8409	-11.3995	-0.0045	118.0087
-0.0031	69.8409	-11.4015	-0.0045	118.0148
-0.0031	69.8409	-11.4035	-0.0045	118.0209
-0.0031	69.8409	-11.4054	-0.0045	118.027
-0.0031	69.8409	-11.4074	-0.0045	118.0331
-0.0031	69.8409	-11.4094	-0.0045	118.0392
-0.0031	69.8409	-11.4114	-0.0045	118.0453
-0.0031	69.8409	-11.4134	-0.0045	118.0514
-0.0031	69.8409	-11.4154	-0.0045	118.0575
-0.0031	69.8409	-11.4173	-0.0045	118.0636
-0.0031	69.8409	-11.4193	-0.0045	118.0697
-0.0031	69.8409	-11.4213	-0.0045	118.0759
-0.0031	69.8409	-11.4233	-0.0045	118.082
-0.0031	69.8409	-11.4253	-0.0045	118.0881
-0.0031	69.8409	-11.4273	-0.0045	118.0943
-0.0031	69.8409	-11.4293	-0.0045	118.1004
-0.0031	69.8409	-11.4313	-0.0045	118.1066
-0.0031	69.8409	-11.4333	-0.0045	118.1127
-0.0031	69.8409	-11.4353	-0.0045	118.1189
-0.0031	69.8409	-11.4373	-0.0045	118.125
-0.0031	69.8409	-11.4393	-0.0045	118.1312
-0.0031	69.8409	-11.4413	-0.0045	118.1373
-0.0031	69.8409	-11.4433	-0.0045	118.1435
-0.0031	69.8409	-11.4453	-0.0045	118.1497
-0.0031	69.8409	-11.4473	-0.0045	118.1559
-0.0031	69.8409	-11.4493	-0.0045	118.1621
-0.0031	69.8409	-11.4513	-0.0045	118.1682
-0.0031	69.8409	-11.4533	-0.0045	118.1744
-0.0031	69.8409	-11.4553	-0.0045	118.1806
-0.0031	69.8409	-11.4573	-0.0045	118.1868
-0.0031	69.8409	-11.4594	-0.0045	118.193
-0.0031	69.8409	-11.4614	-0.0045	118.1993
-0.0031	69.8409	-11.4634	-0.0045	118.2055
-0.0031	69.8409	-11.4654	-0.0045	118.2117
-0.0031	69.8409	-11.4674	-0.0045	118.2179
-0.0031	69.8409	-11.4694	-0.0045	118.2241
-0.0031	69.8409	-11.4715	-0.0045	118.2304
-0.0031	69.8409	-11.4735	-0.0045	118.2366
-0.0031	69.8409	-11.4755	-0.0045	118.2429
-0.0031	69.8409	-11.4776	-0.0045	118.2491
-0.0031	69.8409	-11.4796	-0.0045	118.2553
-0.0031	69.8409	-11.4816	-0.0045	118.2616
-0.0031	69.8409	-11.4836	-0.0045	118.2679
-0.0031	69.8409	-11.4857	-0.0045	118.2741
-0.0031	69.8409	-11.4877	-0.0045	118.2804
-0.0031	69.8409	-11.4897	-0.0045	118.2867
-0.0031	69.8409	-11.4918	-0.0045	118.2929
-0.0031	69.8409	-11.4938	-0.0045	118.2992
-0.0031	69.8409	-11.4959	-0.0045	118.3055
-0.0031	69.8409	-11.4979	-0.0045	118.3118
-0.0031	69.8409	-11.4999	-0.0045	118.3181
-0.0031	69.8409	-11.502	-0.0045	118.3244
-0.0031	69.8409	-11.504	-0.0045	118.3307
-0.0031	69.8409	-11.5061	-0.0045	118.337
-0.0031	69.8409	-11.5081	-0.0045	118.3433
-0.0031	69.8409	-11.5102	-0.0045	118.3496
-0.0031	69.8409	-11.5122	-0.0045	118.3559
-0.0031	69.8409	-11.5143	-0.0045	118.3622
-0.0031	69.8409	-11.5163	-0.0045	118.3686
-0.0031	69.8409	-11.5184	-0.0045	118.3749
-0.0031	69.8409	-11.5204	-0.0045	118.3812
-0.0031	69.8409	-11.5225	-0.0045	118.3876
-0.0031	69.8409	-11.5246	-0.0045	118.3939
-0.0031	69.8409	-11.5266	-0.0045	118.4002
-0.0031	69.8409	-11.5287	-0.0045	118.4066
-0.0031	69.8409	-11.5307	-0.0045	118.413
-0.0031	69.8409	-11.5328	-0.0045	118.4193
-0.0031	69.8409	-11.5349	-0.0045	118.4257
-0.0031	69.8409	-11.5369	-0.0045	118.432
-0.0031	69.8409	-11.539	-0.0045	118.4384
-0.0031	69.8409	-11.5411	-0.0045	118.4448
-0.0031	69.8409	-11.5432	-0.0045	118.4512
-0.0031	69.8409	-11.5452	-0.0045	118.4576
-0.0031	69.8409	-11.5473	-0.0045	118.4639
-0.0031	69.8409	-11.5494	-0.0045	118.4703
-0.0031	69.8409	-11.5515	-0.0045	118.4767
-0.0031	69.8409	-11.5535	-0.0045	118.4831
-0.0031	69.8409	-11.5556	-0.0045	118.4895
-0.0031	69.8409	-11.5577	-0.0045	118.496
-0.0031	69.8409	-11.5598	-0.0045	118.5024
-0.0031	69.8409	-11.5619	-0.0045	118.5088
-0.0031	69.8409	-11.5639	-0.0045	118.5152
-0.0031	69.8409	-11.566	-0.0045	118.5216
-0.0031	69.8409	-11.5681	-0.0045	118.5281
-0.0031	69.8409	-11.5702	-0.0045	118.5345
-0.0031	69.8409	-11.5723	-0.0045	118.5409
-0.0031	69.8409	-11.5744	-0.0045	118.5474
-0.0031	69.8409	-11.5765	-0.0045	118.5538
-0.0031	69.8409	-11.5786	-0.0045	118.5603
-0.0031	69.8409	-11.5807	-0.0045	118.5667
-0.0031	69.8409	-11.5828	-0.0045	118.5732
-0.0031	69.8409	-11.5849	-0.0045	118.5797
-0.0031	69.8409	-11.587	-0.0045	118.5861
-0.0031	69.8409	-11.5891	-0.0045	118.5926
-0.0031	69.8409	-11.5912	-0.0045	118.5991
-0.0031	69.8409	-11.5933	-0.0045	118.6056
-0.0031	69.8409	-11.5954	-0.0045	118.6121
-0.0031	69.8409	-11.5975	-0.0045	118.6185
-0.0031	69.8409	-11.5996	-0.0045	118.625
-0.0031	69.8409	-11.6017	-0.0045	118.6315
-0.0031	69.8409	-11.6038	-0.0045	118.638
-0.0031	69.8409	-11.6059	-0.0045	118.6445
-0.0031	69.8409	-11.608	-0.0045	118.651
-0.0031	69.8409	-11.6102	-0.0045	118.6576
-0.0031	69.8409	-11.6123	-0.0045	118.6641
-0.0031	69.8409	-11.6144	-0.0045	118.6706
-0.0031	69.8409	-11.6165	-0.0045	118.6771
-0.0031	69.8409	-11.6186	-0.0045	118.6837
-0.0031	69.8409	-11.6208	-0.0045	118.6902
-0.0031	69.8409	-11.6229	-0.0045	118.6967
-0.0031	69.8409	-11.625	-0.0045	118.7033
-0.0031	69.8409	-11.6271	-0.0045	118.7098
-0.0031	69.8409	-11.6293	-0.0045	118.7164
-0.0031	69.8409	-11.6314	-0.0045	118.7229
-0.0031	69.8409	-11.6335	-0.0045	118.7295
-0.0031	69.8409	-11.6356	-0.0045	118.7361
-0.0031	69.8409	-11.6378	-0.0045	118.7426
-0.0031	69.8409	-11.6399	-0.0045	118.7492
-0.0031	69.8409	-11.642	-0.0045	118.7558
-0.0031	69.8409	-11.6442	-0.0045	118.7624
-0.0031	69.8409	-11.6463	-0.0045	118.7689
-0.0031	69.8409	-11.6485	-0.0045	118.7755
-0.0031	69.8409	-11.6506	-0.0045	118.7821
-0.0031	69.8409	-11.6527	-0.0045	118.7887
-0.0031	69.8409	-11.6549	-0.0045	118.7953
-0.0031	69.8409	-11.657	-0.0045	118.8019
-0.0031	69.8409	-11.6592	-0.0045	118.8085
-0.0031	69.8409	-11.6613	-0.0045	118.8152
-0.0031	69.8409	-11.6635	-0.0045	118.8218
-0.0031	69.8409	-11.6656	-0.0045	118.8284
-0.0031	69.8409	-11.6678	-0.0045	118.835
-0.0031	69.8409	-11.6699	-0.0045	118.8416
-0.0031	69.8409	-11.6721	-0.0045	118.8483
-0.0031	69.8409	-11.6742	-0.0045	118.8549
-0.0031	69.8409	-11.6764	-0.0045	118.8616
-0.0031	69.8409	-11.6785	-0.0045	118.8682
-0.0031	69.8409	-11.6807	-0.0045	118.8749
-0.0031	69.8409	-11.6829	-0.0045	118.8815
-0.0031	69.8409	-11.685	-0.0045	118.8882
-0.0031	69.8409	-11.6872	-0.0045	118.8948
-0.0031	69.8409	-11.6894	-0.0045	118.9015
-0.0031	69.8409	-11.6915	-0.0045	118.9082
-0.0031	69.8409	-11.6937	-0.0045	118.9148
-0.0031	69.8409	-11.6959	-0.0045	118.9215
-0.0031	69.8409	-11.698	-0.0045	118.9282
-0.0031	69.8409	-11.7002	-0.0045	118.9349
-0.0031	69.8409	-11.7024	-0.0045	118.9416
-0.0031	69.8409	-11.7045	-0.0045	118.9483
-0.0031	69.8409	-11.7067	-0.0045	118.955
-0.0031	69.8409	-11.7089	-0.0045	118.9617
-0.0031	69.8409	-11.7111	-0.0045	118.9684
-0.0031	69.8409	-11.7133	-0.0045	118.9751
-0.0031	69.8409	-11.7154	-0.0045	118.9818
-0.0031	69.8409	-11.7176	-0.0045	118.9885
-0.0031	69.8409	-11.7198	-0.0045	118.9953
-0.0031	69.8409	-11.722	-0.0045	119.002
-0.0031	69.8409	-11.7242	-0.0045	119.0087
-0.0031	69.8409	-11.7264	-0.0045	119.0155
-0.0031	69.8409	-11.7285	-0.0045	119.0222
-0.0031	69.8409	-11.7307	-0.0045	119.0289
-0.0031	69.8409	-11.7329	-0.0045	119.0357
-0.0031	69.8409	-11.7351	-0.0045	119.0424
-0.0031	69.8409	-11.7373	-0.0045	119.0492
-0.0031	69.8409	-11.7395	-0.0045	119.056
-0.0031	69.8409	-11.7417	-0.0045	119.0627
-0.0031	69.8409	-11.7439	-0.0045	119.0695
-0.0031	69.8409	-11.7461	-0.0045	119.0763
-0.0031	69.8409	-11.7483	-0.0045	119.083
-0.0031	69.8409	-11.7505	-0.0045	119.0898
-0.0031	69.8409	-11.7527	-0.0045	119.0966
-0.0031	69.8409	-11.7549	-0.0045	119.1034
-0.0031	69.8409	-11.7571	-0.0045	119.1102
-0.0031	69.8409	-11.7593	-0.0045	119.117
-0.0031	69.8409	-11.7615	-0.0045	119.1238
-0.0031	69.8409	-11.7637	-0.0045	119.1306
-0.0031	69.8409	-11.7659	-0.0045	119.1374
-0.0031	69.8409	-11.7681	-0.0045	119.1442
-0.0031	69.8409	-11.7704	-0.0045	119.151
-0.0031	69.8409	-11.7726	-0.0045	119.1578
-0.0031	69.8409	-11.7748	-0.0045	119.1647
-0.0031	69.8409	-11.777	-0.0045	119.1715
-0.0031	69.8409	-11.7792	-0.0045	119.1783
-0.0031	69.8409	-11.7814	-0.0045	119.1852
-0.0031	69.8409	-11.7837	-0.0045	119.192
-0.0031	69.8409	-11.7859	-0.0045	119.1988
-0.0031	69.8409	-11.7881	-0.0045	119.2057
-0.0031	69.8409	-11.7903	-0.0045	119.2125
-0.0031	69.8409	-11.7926	-0.0045	119.2194
-0.0031	69.8409	-11.7948	-0.0045	119.2263
-0.0031	69.8409	-11.797	-0.0045	119.2331
-0.0031	69.8409	-11.7992	-0.0045	119.24
-0.0031	69.8409	-11.8015	-0.0045	119.2469
-0.0031	69.8409	-11.8037	-0.0045	119.2537
-0.0031	69.8409	-11.8059	-0.0045	119.2606
-0.0031	69.8409	-11.8082	-0.0045	119.2675
-0.0031	69.8409	-11.8104	-0.0045	119.2744
-0.0031	69.8409	-11.8127	-0.0045	119.2813
-0.0031	69.8409	-11.8149	-0.0045	119.2882
-0.0031	69.8409	-11.8171	-0.0045	119.2951
-0.0031	69.8409	-11.8194	-0.0045	119.302
-0.0031	69.8409	-11.8216	-0.0045	119.3089
-0.0031	69.8409	-11.8239	-0.0045	119.3158
-0.0031	69.8409	-11.8261	-0.0045	119.3227
-0.0031	69.8409	-11.8284	-0.0045	119.3296
-0.0031	69.8409	-11.8306	-0.0045	119.3366
-0.0031	69.8409	-11.8328	-0.0045	119.3435
-0.0031	69.8409	-11.8351	-0.0045	119.3504
-0.0031	69.8409	-11.8373	-0.0045	119.3574
-0.0031	69.8409	-11.8396	-0.0045	119.3643
-0.0031	69.8409	-11.8419	-0.0045	119.3712
-0.0031	69.8409	-11.8441	-0.0045	119.3782
-0.0031	69.8409	-11.8464	-0.0045	119.3851
-0.0031	69.8409	-11.8486	-0.0045	119.3921
-0.0031	69.8409	-11.8509	-0.0045	119.399
-0.0031	69.8409	-11.8531	-0.0045	119.406
-0.0031	69.8409	-11.8554	-0.0045	119.413
-0.0031	69.8409	-11.8577	-0.0045	119.4199
-0.0031	69.8409	-11.8599	-0.0045	119.4269
-0.0031	69.8409	-11.8622	-0.0045	119.4339
-0.0031	69.8409	-11.8645	-0.0045	119.4409
-0.0031	69.8409	-11.8667	-0.0045	119.4479
-0.0031	69.8409	-11.869	-0.0045	119.4549
-0.0031	69.8409	-11.8713	-0.0045	119.4618
-0.0031	69.8409	-11.8735	-0.0045	119.4688
-0.0031	69.8409	-11.8758	-0.0045	119.4758
-0.0031	69.8409	-11.8781	-0.0045	119.4829
-0.0031	69.8409	-11.8804	-0.0045	119.4899
-0.0031	69.8409	-11.8826	-0.0045	119.4969
-0.0031	69.8409	-11.8849	-0.0045	119.5039
-0.0031	69.8409	-11.8872	-0.0045	119.5109
-0.0031	69.8409	-11.8895	-0.0045	119.5179
-0.0031	69.8409	-11.8918	-0.0045	119.525
-0.0031	69.8409	-11.894	-0.0045	119.532
-0.0031	69.8409	-11.8963	-0.0045	119.539
-0.0031	69.8409	-11.8986	-0.0045	119.5461
-0.0031	69.8409	-11.9009	-0.0045	119.5531
-0.0031	69.8409	-11.9032	-0.0045	119.5602
-0.0031	69.8409	-11.9055	-0.0045	119.5672
-0.0031	69.8409	-11.9078	-0.0045	119.5743
-0.0031	69.8409	-11.9101	-0.0045	119.5813
-0.0031	69.8409	-11.9124	-0.0045	119.5884
-0.0031	69.8409	-11.9147	-0.0045	119.5955
-0.0031	69.8409	-11.9169	-0.0045	119.6025
-0.0031	69.8409	-11.9192	-0.0045	119.6096
-0.0031	69.8409	-11.9215	-0.0045	119.6167
-0.0031	69.8409	-11.9238	-0.0045	119.6238
-0.0031	69.8409	-11.9261	-0.0045	119.6309
-0.0031	69.8409	-11.9284	-0.0045	119.638
-0.0031	69.8409	-11.9307	-0.0045	119.645
-0.0031	69.8409	-11.9331	-0.0045	119.6521
-0.0031	69.8409	-11.9354	-0.0045	119.6592
-0.0031	69.8409	-11.9377	-0.0045	119.6664
-0.0031	69.8409	-11.94	-0.0045	119.6735
-0.0031	69.8409	-11.9423	-0.0045	119.6806
-0.0031	69.8409	-11.9446	-0.0045	119.6877
-0.0031	69.8409	-11.9469	-0.0045	119.6948
-0.0031	69.8409	-11.9492	-0.0045	119.7019
-0.0031	69.8409	-11.9515	-0.0045	119.7091
-0.0031	69.8409	-11.9538	-0.0045	119.7162
-0.0031	69.8409	-11.9562	-0.0045	119.7233
-0.0031	69.8409	-11.9585	-0.0045	119.7305
-0.0031	69.8409	-11.9608	-0.0045	119.7376
-0.0031	69.8409	-11.9631	-0.0045	119.7448
-0.0031	69.8409	-11.9654	-0.0045	119.7519
-0.0031	69.8409	-11.9678	-0.0045	119.7591
-0.0031	69.8409	-11.9701	-0.0045	119.7662
-0.0031	69.8409	-11.9724	-0.0045	119.7734
-0.0031	69.8409	-11.9747	-0.0045	119.7806
-0.0031	69.8409	-11.9771	-0.0045	119.7877
-0.0031	69.8409	-11.9794	-0.0045	119.7949
-0.0031	69.8409	-11.9817	-0.0045	119.8021
-0.0031	69.8409	-11.9841	-0.0045	119.8093
-0.0031	69.8409	-11.9864	-0.0045	119.8164
-0.0031	69.8409	-11.9887	-0.0045	119.8236
-0.0031	69.8409	-11.9911	-0.0045	119.8308
-0.0031	69.8409	-11.9934	-0.0045	119.838
-0.0031	69.8409	-11.9957	-0.0045	119.8452
-0.0031	69.8409	-11.9981	-0.0045	119.8524
-0.0031	69.8409	-12.0004	-0.0045	119.8596
-0.0031	69.8409	-12.0028	-0.0045	119.8669
-0.0031	69.8409	-12.0051	-0.0045	119.8741
-0.0031	69.8409	-12.0074	-0.0045	119.8813
-0.0031	69.8409	-12.0098	-0.0045	119.8885
-0.0031	69.8409	-12.0121	-0.0045	119.8957
-0.0031	69.8409	-12.0145	-0.0045	119.903
-0.0031	69.8409	-12.0168	-0.0045	119.9102
-0.0031	69.8409	-12.0192	-0.0045	119.9174
-0.0031	69.8409	-12.0215	-0.0045	119.9247
-0.0031	69.8409	-12.0239	-0.0045	119.9319
-0.0031	69.8409	-12.0262	-0.0045	119.9392
-0.0031	69.8409	-12.0286	-0.0045	119.9464
-0.0031	69.8409	-12.031	-0.0045	119.9537
-0.0031	69.8409	-12.0333	-0.0045	119.9609
-0.0031	69.8409	-12.0357	-0.0045	119.9682
-0.0031	69.8409	-12.038	-0.0045	119.9755
-0.0031	69.8409	-12.0404	-0.0045	119.9828
-0.0031	69.8409	-12.0427	-0.0045	119.99
-0.0031	69.8409	-12.0451	-0.0045	119.9973
-0.0031	69.8409	-12.0475	-0.0045	120.0046
-0.0031	69.8409	-12.0498	-0.0045	120.0119
-0.0031	69.8409	-12.0522	-0.0045	120.0192
-0.0031	69.8409	-12.0546	-0.0045	120.0265
-0.0031	69.8409	-12.0569	-0.0045	120.0338
-0.0031	69.8409	-12.0593	-0.0045	120.0411
-0.0031	69.8409	-12.0617	-0.0045	120.0484
-0.0031	69.8409	-12.0641	-0.0045	120.0557
-0.0031	69.8409	-12.0664	-0.0045	120.063
-0.0031	69.8409	-12.0688	-0.0045	120.0703
-0.0031	69.8409	-12.0712	-0.0045	120.0776
-0.0031	69.8409	-12.0736	-0.0045	120.0849
-0.0031	69.8409	-12.0759	-0.0045	120.0923
-0.0031	69.8409	-12.0783	-0.0045	120.0996
-0.0031	69.8409	-12.0807	-0.0045	120.1069
-0.0031	69.8409	-12.0831	-0.0045	120.1143
-0.0031	69.8409	-12.0855	-0.0045	120.1216
-0.0031	69.8409	-12.0879	-0.0045	120.129
-0.0031	69.8409	-12.0902	-0.0045	120.1363
-0.0031	69.8409	-12.0926	-0.0045	120.1437
-0.0031	69.8409	-12.095	-0.0045	120.151
-0.0031	69.8409	-12.0974	-0.0045	120.1584
-0.0031	69.8409	-12.0998	-0.0045	120.1657
-0.0031	69.8409	-12.1022	-0.0045	120.1731
-0.0031	69.8409	-12.1046	-0.0045	120.1805
-0.0031	69.8409	-12.107	-0.0045	120.1879
-0.0031	69.8409	-12.1094	-0.0045	120.1952
-0.0031	69.8409	-12.1118	-0.0045	120.2026
-0.0031	69.8409	-12.1142	-0.0045	120.21
-0.0031	69.8409	-12.1166	-0.0045	120.2174
-0.0031	69.8409	-12.119	-0.0045	120.2248
-0.0031	69.8409	-12.1214	-0.0045	120.2322
-0.0031	69.8409	-12.1238	-0.0045	120.2396
-0.0031	69.8409	-12.1262	-0.0045	120.247
-0.0031	69.8409	-12.1286	-0.0045	120.2544
-0.0031	69.8409	-12.131	-0.0045	120.2618
-0.0031	69.8409	-12.1334	-0.0045	120.2692
-0.0031	69.8409	-12.1358	-0.0045	120.2766
-0.0031	69.8409	-12.1382	-0.0045	120.2841
-0.0031	69.8409	-12.1406	-0.0045	120.2915
-0.0031	69.8409	-12.143	-0.0045	120.2989
-0.0031	69.8409	-12.1454	-0.0045	120.3063
-0.0031	69.8409	-12.1479	-0.0045	120.3138
-0.0031	69.8409	-12.1503	-0.0045	120.3212
-0.0031	69.8409	-12.1527	-0.0045	120.3287
-0.0031	69.8409	-12.1551	-0.0045	120.3361
-0.0031	69.8409	-12.1575	-0.0045	120.3436
-0.0031	69.8409	-12.1599	-0.0045	120.351
-0.0031	69.8409	-12.1624	-0.0045	120.3585
-0.0031	69.8409	-12.1648	-0.0045	120.3659
-0.0031	69.8409	-12.1672	-0.0045	120.3734
-0.0031	69.8409	-12.1696	-0.0045	120.3809
-0.0031	69.8409	-12.1721	-0.0045	120.3883
-0.0031	69.8409	-12.1745	-0.0045	120.3958
-0.0031	69.8409	-12.1769	-0.0045	120.4033
-0.0031	69.8409	-12.1793	-0.0045	120.4108
-0.0031	69.8409	-12.1818	-0.0045	120.4183
-0.0031	69.8409	-12.1842	-0.0045	120.4258
-0.0031	69.8409	-12.1866	-0.0045	120.4332
-0.0031	69.8409	-12.1891	-0.0045	120.4407
-0.0031	69.8409	-12.1915	-0.0045	120.4482
-0.0031	69.8409	-12.1939	-0.0045	120.4557
-0.0031	69.8409	-12.1964	-0.0045	120.4633
-0.0031	69.8409	-12.1988	-0.0045	120.4708
-0.0031	69.8409	-12.2013	-0.0045	120.4783
-0.0031	69.8409	-12.2037	-0.0045	120.4858
-0.0031	69.8409	-12.2061	-0.0045	120.4933
-0.0031	69.8409	-12.2086	-0.0045	120.5008
-0.0031	69.8409	-12.211	-0.0045	120.5084
-0.0031	69.8409	-12.2135	-0.0045	120.5159
-0.0031	69.8409	-12.2159	-0.0045	120.5234
-0.0031	69.8409	-12.2184	-0.0045	120.531
-0.0031	69.8409	-12.2208	-0.0045	120.5385
-0.0031	69.8409	-12.2233	-0.0045	120.5461
-0.0031	69.8409	-12.2257	-0.0045	120.5536
-0.0031	69.8409	-12.2282	-0.0045	120.5612
-0.0031	69.8409	-12.2306	-0.0045	120.5687
-0.0031	69.8409	-12.2331	-0.0045	120.5763
-0.0031	69.8409	-12.2355	-0.0045	120.5839
-0.0031	69.8409	-12.238	-0.0045	120.5914
-0.0031	69.8409	-12.2405	-0.0045	120.599
-0.0031	69.8409	-12.2429	-0.0045	120.6066
-0.0031	69.8409	-12.2454	-0.0045	120.6141
-0.0031	69.8409	-12.2478	-0.0045	120.6217
-0.0031	69.8409	-12.2503	-0.0045	120.6293
-0.0031	69.8409	-12.2528	-0.0045	120.6369
-0.0031	69.8409	-12.2552	-0.0045	120.6445
-0.0031	69.8409	-12.2577	-0.0045	120.6521
-0.0031	69.8409	-12.2602	-0.0045	120.6597
-0.0031	69.8409	-12.2626	-0.0045	120.6673
-0.0031	69.8409	-12.2651	-0.0045	120.6749
-0.0031	69.8409	-12.2676	-0.0045	120.6825
-0.0031	69.8409	-12.27	-0.0045	120.6901
-0.0031	69.8409	-12.2725	-0.0045	120.6977
-0.0031	69.8409	-12.275	-0.0045	120.7054
-0.0031	69.8409	-12.2775	-0.0045	120.713
-0.0031	69.8409	-12.2799	-0.0045	120.7206
-0.0031	69.8409	-12.2824	-0.0045	120.7282
-0.0031	69.8409	-12.2849	-0.0045	120.7359
-0.0031	69.8409	-12.2874	-0.0045	120.7435
-0.0031	69.8409	-12.2898	-0.0045	120.7511
-0.0031	69.8409	-12.2923	-0.0045	120.7588
-0.0031	69.8409	-12.2948	-0.0045	120.7664
-0.0031	69.8409	-12.2973	-0.0045	120.7741
-0.0031	69.8409	-12.2998	-0.0045	120.7817
-0.0031	69.8409	-12.3023	-0.0045	120.7894
-0.0031	69.8409	-12.3048	-0.0045	120.7971
-0.0031	69.8409	-12.3072	-0.0045	120.8047
-0.0031	69.8409	-12.3097	-0.0045	120.8124
-0.0031	69.8409	-12.3122	-0.0045	120.8201
-0.0031	69.8409	-12.3147	-0.0045	120.8277
-0.0031	69.8409	-12.3172	-0.0045	120.8354
-0.0031	69.8409	-12.3197	-0.0045	120.8431
-0.0031	69.8409	-12.3222	-0.0045	120.8508
-0.0031	69.8409	-12.3247	-0.0045	120.8585
-0.0031	69.8409	-12.3272	-0.0045	120.8662
-0.0031	69.8409	-12.3297	-0.0045	120.8739
-0.0031	69.8409	-12.3322	-0.0045	120.8816
-0.0031	69.8409	-12.3347	-0.0045	120.8893
-0.0031	69.8409	-12.3372	-0.0045	120.897
-0.0031	69.8409	-12.3397	-0.0045	120.9047
-0.0031	69.8409	-12.3422	-0.0045	120.9124
-0.0031	69.8409	-12.3447	-0.0045	120.9201
-0.0031	69.8409	-12.3472	-0.0045	120.9278
-0.0031	69.8409	-12.3497	-0.0045	120.9355
-0.0031	69.8409	-12.3522	-0.0045	120.9433
-0.0031	69.8409	-12.3547	-0.0045	120.951
-0.0031	69.8409	-12.3572	-0.0045	120.9587
-0.0031	69.8409	-12.3598	-0.0045	120.9665
-0.0031	69.8409	-12.3623	-0.0045	120.9742
-0.0031	69.8409	-12.3648	-0.0045	120.9819
-0.0031	69.8409	-12.3673	-0.0045	120.9897
-0.0031	69.8409	-12.3698	-0.0045	120.9974
-0.0031	69.8409	-12.3723	-0.0045	121.0052
-0.0031	69.8409	-12.3748	-0.0045	121.0129
-0.0031	69.8409	-12.3774	-0.0045	121.0207
-0.0031	69.8409	-12.3799	-0.0045	121.0285
-0.0031	69.8409	-12.3824	-0.0045	121.0362
-0.0031	69.8409	-12.3849	-0.0045	121.044
-0.0031	69.8409	-12.3874	-0.0045	121.0518
-0.0031	69.8409	-12.39	-0.0045	121.0595
-0.0031	69.8409	-12.3925	-0.0045	121.0673
-0.0031	69.8409	-12.395	-0.0045	121.0751
-0.0031	69.8409	-12.3976	-0.0045	121.0829
-0.0031	69.8409	-12.4001	-0.0045	121.0907
-0.0031	69.8409	-12.4026	-0.0045	121.0985
-0.0031	69.8409	-12.4051	-0.0045	121.1063
-0.0031	69.8409	-12.4077	-0.0045	121.1141
-0.0031	69.8409	-12.4102	-0.0045	121.1219
-0.0031	69.8409	-12.4127	-0.0045	121.1297
-0.0031	69.8409	-12.4153	-0.0045	121.1375
-0.0031	69.8409	-12.4178	-0.0045	121.1453
-0.0031	69.8409	-12.4203	-0.0045	121.1531
-0.0031	69.8409	-12.4229	-0.0045	121.1609
-0.0031	69.8409	-12.4254	-0.0045	121.1687
-0.0031	69.8409	-12.428	-0.0045	121.1766
-0.0031	69.8409	-12.4305	-0.0045	121.1844
-0.0031	69.8409	-12.433	-0.0045	121.1922
-0.0031	69.8409	-12.4356	-0.0045	121.2001
-0.0031	69.8409	-12.4381	-0.0045	121.2079
-0.0031	69.8409	-12.4407	-0.0045	121.2157
-0.0031	69.8409	-12.4432	-0.0045	121.2236
-0.0031	69.8409	-12.4458	-0.0045	121.2314
-0.0031	69.8409	-12.4483	-0.0045	121.2393
-0.0031	69.8409	-12.4509	-0.0045	121.2471
-0.0031	69.8409	-12.4534	-0.0045	121.255
-0.0031	69.8409	-12.456	-0.0045	121.2629
-0.0031	69.8409	-12.4585	-0.0045	121.2707
-0.0031	69.8409	-12.4611	-0.0045	121.2786
-0.0031	69.8409	-12.4636	-0.0045	121.2865
-0.0031	69.8409	-12.4662	-0.0045	121.2943
-0.0031	69.8409	-12.4688	-0.0045	121.3022
-0.0031	69.8409	-12.4713	-0.0045	121.3101
-0.0031	69.8409	-12.4739	-0.0045	121.318
-0.0031	69.8409	-12.4764	-0.0045	121.3259
-0.0031	69.8409	-12.479	-0.0045	121.3338
-0.0031	69.8409	-12.4816	-0.0045	121.3416
-0.0031	69.8409	-12.4841	-0.0045	121.3495
-0.0031	69.8409	-12.4867	-0.0045	121.3574
-0.0031	69.8409	-12.4893	-0.0045	121.3653
-0.0031	69.8409	-12.4918	-0.0045	121.3733
-0.0031	69.8409	-12.4944	-0.0045	121.3812
-0.0031	69.8409	-12.497	-0.0045	121.3891
-0.0031	69.8409	-12.4995	-0.0045	121.397
-0.0031	69.8409	-12.5021	-0.0045	121.4049
-0.0031	69.8409	-12.5047	-0.0045	121.4128
-0.0031	69.8409	-12.5072	-0.0045	121.4208
-0.0031	69.8409	-12.5098	-0.0045	121.4287
-0.0031	69.8409	-12.5124	-0.0045	121.4366
-0.0031	69.8409	-12.515	-0.0045	121.4446
-0.0031	69.8409	-12.5175	-0.0045	121.4525
-0.0031	69.8409	-12.5201	-0.0045	121.4604
-0.0031	69.8409	-12.5227	-0.0045	121.4684
-0.0031	69.8409	-12.5253	-0.0045	121.4763
-0.0031	69.8409	-12.5279	-0.0045	121.4843
-0.0031	69.8409	-12.5304	-0.0045	121.4922
-0.0031	69.8409	-12.533	-0.0045	121.5002
-0.0031	69.8409	-12.5356	-0.0045	121.5081
-0.0031	69.8409	-12.5382	-0.0045	121.5161
-0.0031	69.8409	-12.5408	-0.0045	121.5241
-0.0031	69.8409	-12.5434	-0.0045	121.532
-0.0031	69.8409	-12.546	-0.0045	121.54
-0.0031	69.8409	-12.5485	-0.0045	121.548
-0.0031	69.8409	-12.5511	-0.0045	121.556
-0.0031	69.8409	-12.5537	-0.0045	121.564
-0.0031	69.8409	-12.5563	-0.0045	121.5719
-0.0031	69.8409	-12.5589	-0.0045	121.5799
-0.0031	69.8409	-12.5615	-0.0045	121.5879
-0.0031	69.8409	-12.5641	-0.0045	121.5959
-0.0031	69.8409	-12.5667	-0.0045	121.6039
-0.0031	69.8409	-12.5693	-0.0045	121.6119
-0.0031	69.8409	-12.5719	-0.0045	121.6199
-0.0031	69.8409	-12.5745	-0.0045	121.6279
-0.0031	69.8409	-12.5771	-0.0045	121.6359
-0.0031	69.8409	-12.5797	-0.0045	121.6439
-0.0031	69.8409	-12.5823	-0.0045	121.652
-0.0031	69.8409	-12.5849	-0.0045	121.66
-0.0031	69.8409	-12.5875	-0.0045	121.668
-0.0031	69.8409	-12.5901	-0.0045	121.676
-0.0031	69.8409	-12.5927	-0.0045	121.6841
-0.0031	69.8409	-12.5953	-0.0045	121.6921
-0.0031	69.8409	-12.5979	-0.0045	121.7001
-0.0031	69.8409	-12.6006	-0.0045	121.7082
-0.0031	69.8409	-12.6032	-0.0045	121.7162
-0.0031	69.8409	-12.6058	-0.0045	121.7243
-0.0031	69.8409	-12.6084	-0.0045	121.7323
-0.0031	69.8409	-12.611	-0.0045	121.7404
-0.0031	69.8409	-12.6136	-0.0045	121.7484
-0.0031	69.8409	-12.6162	-0.0045	121.7565
-0.0031	69.8409	-12.6188	-0.0045	121.7645
-0.0031	69.8409	-12.6215	-0.0045	121.7726
-0.0031	69.8409	-12.6241	-0.0045	121.7806
-0.0031	69.8409	-12.6267	-0.0045	121.7887
-0.0031	69.8409	-12.6293	-0.0045	121.7968
-0.0031	69.8409	-12.6319	-0.0045	121.8049
-0.0031	69.8409	-12.6346	-0.0045	121.8129
-0.0031	69.8409	-12.6372	-0.0045	121.821
-0.0031	69.8409	-12.6398	-0.0045	121.8291
-0.0031	69.8409	-12.6424	-0.0045	121.8372
-0.0031	69.8409	-12.6451	-0.0045	121.8453
-0.0031	69.8409	-12.6477	-0.0045	121.8534
-0.0031	69.8409	-12.6503	-0.0045	121.8615
-0.0031	69.8409	-12.653	-0.0045	121.8696
-0.0031	69.8409	-12.6556	-0.0045	121.8777
-0.0031	69.8409	-12.6582	-0.0045	121.8858
-0.0031	69.8409	-12.6608	-0.0045	121.8939
-0.0031	69.8409	-12.6635	-0.0045	121.902
-0.0031	69.8409	-12.6661	-0.0045	121.9101
-0.0031	69.8409	-12.6687	-0.0045	121.9182
-0.0031	69.8409	-12.6714	-0.0045	121.9263
-0.0031	69.8409	-12.674	-0.0045	121.9345
-0.0031	69.8409	-12.6767	-0.0045	121.9426
-0.0031	69.8409	-12.6793	-0.0045	121.9507
-0.0031	69.8409	-12.6819	-0.0045	121.9589
-0.0031	69.8409	-12.6846	-0.0045	121.967
-0.0031	69.8409	-12.6872	-0.0045	121.9751
-0.0031	69.8409	-12.6899	-0.0045	121.9833
-0.0031	69.8409	-12.6925	-0.0045	121.9914
-0.0031	69.8409	-12.6952	-0.0045	121.9996
-0.0031	69.8409	-12.6978	-0.0045	122.0077
-0.0031	69.8409	-12.7004	-0.0045	122.0159
-0.0031	69.8409	-12.7031	-0.0045	122.024
-0.0031	69.8409	-12.7057	-0.0045	122.0322
-0.0031	69.8409	-12.7084	-0.0045	122.0403
-0.0031	69.8409	-12.711	-0.0045	122.0485
-0.0031	69.8409	-12.7137	-0.0045	122.0567
-0.0031	69.8409	-12.7163	-0.0045	122.0648
-0.0031	69.8409	-12.719	-0.0045	122.073
-0.0031	69.8409	-12.7217	-0.0045	122.0812
-0.0031	69.8409	-12.7243	-0.0045	122.0894
-0.0031	69.8409	-12.727	-0.0045	122.0976
-0.0031	69.8409	-12.7296	-0.0045	122.1057
-0.0031	69.8409	-12.7323	-0.0045	122.1139
-0.0031	69.8409	-12.7349	-0.0045	122.1221
-0.0031	69.8409	-12.7376	-0.0045	122.1303
-0.0031	69.8409	-12.7403	-0.0045	122.1385
-0.0031	69.8409	-12.7429	-0.0045	122.1467
-0.0031	69.8409	-12.7456	-0.0045	122.1549
-0.0031	69.8409	-12.7483	-0.0045	122.1631
-0.0031	69.8409	-12.7509	-0.0045	122.1713
-0.0031	69.8409	-12.7536	-0.0045	122.1795
-0.0031	69.8409	-12.7562	-0.0045	122.1877
-0.0031	69.8409	-12.7589	-0.0045	122.196
-0.0031	69.8409	-12.7616	-0.0045	122.2042
-0.0031	69.8409	-12.7643	-0.0045	122.2124
-0.0031	69.8409	-12.7669	-0.0045	122.2206
-0.0031	69.8409	-12.7696	-0.0045	122.2289
-0.0031	69.8409	-12.7723	-0.0045	122.2371
-0.0031	69.8409	-12.7749	-0.0045	122.2453
-0.0031	69.8409	-12.7776	-0.0045	122.2536
-0.0031	69.8409	-12.7803	-0.0045	122.2618
-0.0031	69.8409	-12.783	-0.0045	122.27
-0.0031	69.8409	-12.7856	-0.0045	122.2783
-0.0031	69.8409	-12.7883	-0.0045	122.2865
-0.0031	69.8409	-12.791	-0.0045	122.2948
-0.0031	69.8409	-12.7937	-0.0045	122.303
-0.0031	69.8409	-12.7964	-0.0045	122.3113
-0.0031	69.8409	-12.799	-0.0045	122.3196
-0.0031	69.8409	-12.8017	-0.0045	122.3278
-0.0031	69.8409	-12.8044	-0.0045	122.3361
-0.0031	69.8409	-12.8071	-0.0045	122.3444
-0.0031	69.8409	-12.8098	-0.0045	122.3526
-0.0031	69.8409	-12.8125	-0.0045	122.3609
-0.0031	69.8409	-12.8152	-0.0045	122.3692
-0.0031	69.8409	-12.8178	-0.0045	122.3775
-0.0031	69.8409	-12.8205	-0.0045	122.3857
-0.0031	69.8409	-12.8232	-0.0045	122.394
-0.0031	69.8409	-12.8259	-0.0045	122.4023
-0.0031	69.8409	-12.8286	-0.0045	122.4106
-0.0031	69.8409	-12.8313	-0.0045	122.4189
-0.0031	69.8409	-12.834	-0.0045	122.4272
-0.0031	69.8409	-12.8367	-0.0045	122.4355
-0.0031	69.8409	-12.8394	-0.0045	122.4438
-0.0031	69.8409	-12.8421	-0.0045	122.4521
-0.0031	69.8409	-12.8448	-0.0045	122.4604
-0.0031	69.8409	-12.8475	-0.0045	122.4687
-0.0031	69.8409	-12.8502	-0.0045	122.477
-0.0031	69.8409	-12.8529	-0.0045	122.4854
-0.0031	69.8409	-12.8556	-0.0045	122.4937
-0.0031	69.8409	-12.8583	-0.0045	122.502
-0.0031	69.8409	-12.861	-0.0045	122.5103
-0.0031	69.8409	-12.8637	-0.0045	122.5187
-0.0031	69.8409	-12.8664	-0.0045	122.527
-0.0031	69.8409	-12.8691	-0.0045	122.5353
-0.0031	69.8409	-12.8718	-0.0045	122.5436
-0.0031	69.8409	-12.8745	-0.0045	122.552
-0.0031	69.8409	-12.8772	-0.0045	122.5603
-0.0031	69.8409	-12.8799	-0.0045	122.5687
-0.0031	69.8409	-12.8826	-0.0045	122.577
-0.0031	69.8409	-12.8853	-0.0045	122.5854
-0.0031	69.8409	-12.888	-0.0045	122.5937
-0.0031	69.8409	-12.8908	-0.0045	122.6021
-0.0031	69.8409	-12.8935	-0.0045	122.6104
-0.0031	69.8409	-12.8962	-0.0045	122.6188
-0.0031	69.8409	-12.8989	-0.0045	122.6272
-0.0031	69.8409	-12.9016	-0.0045	122.6355
-0.0031	69.8409	-12.9043	-0.0045	122.6439
-0.0031	69.8409	-12.9071	-0.0045	122.6523
-0.0031	69.8409	-12.9098	-0.0045	122.6606
-0.0031	69.8409	-12.9125	-0.0045	122.669
-0.0031	69.8409	-12.9152	-0.0045	122.6774
-0.0031	69.8409	-12.9179	-0.0045	122.6858
-0.0031	69.8409	-12.9207	-0.0045	122.6942
-0.0031	69.8409	-12.9234	-0.0045	122.7025
-0.0031	69.8409	-12.9261	-0.0045	122.7109
-0.0031	69.8409	-12.9288	-0.0045	122.7193
-0.0031	69.8409	-12.9316	-0.0045	122.7277
-0.0031	69.8409	-12.9343	-0.0045	122.7361
-0.0031	69.8409	-12.937	-0.0045	122.7445
-0.0031	69.8409	-12.9397	-0.0045	122.7529
-0.0031	69.8409	-12.9425	-0.0045	122.7613
-0.0031	69.8409	-12.9452	-0.0045	122.7697
-0.0031	69.8409	-12.9479	-0.0045	122.7781
-0.0031	69.8409	-12.9507	-0.0045	122.7866
-0.0031	69.8409	-12.9534	-0.0045	122.795
-0.0031	69.8409	-12.9561	-0.0045	122.8034
-0.0031	69.8409	-12.9589	-0.0045	122.8118
-0.0031	69.8409	-12.9616	-0.0045	122.8202
-0.0031	69.8409	-12.9643	-0.0045	122.8287
-0.0031	69.8409	-12.9671	-0.0045	122.8371
-0.0031	69.8409	-12.9698	-0.0045	122.8455
-0.0031	69.8409	-12.9725	-0.0045	122.854
-0.0031	69.8409	-12.9753	-0.0045	122.8624
-0.0031	69.8409	-12.978	-0.0045	122.8708
-0.0031	69.8409	-12.9808	-0.0045	122.8793
-0.0031	69.8409	-12.9835	-0.0045	122.8877
-0.0031	69.8409	-12.9862	-0.0045	122.8962
-0.0031	69.8409	-12.989	-0.0045	122.9046
-0.0031	69.8409	-12.9917	-0.0045	122.9131
-0.0031	69.8409	-12.9945	-0.0045	122.9215
-0.0031	69.8409	-12.9972	-0.0045	122.93
-0.0031	69.8409	-13	-0.0045	122.9385
-0.0031	69.8409	-13.0027	-0.0045	122.9469
-0.0031	69.8409	-13.0055	-0.0045	122.9554
-0.0031	69.8409	-13.0082	-0.0045	122.9639
-0.0031	69.8409	-13.011	-0.0045	122.9723
-0.0031	69.8409	-13.0137	-0.0045	122.9808
-0.0031	69.8409	-13.0165	-0.0045	122.9893
-0.0031	69.8409	-13.0192	-0.0045	122.9978
-0.0031	69.8409	-13.022	-0.0045	123.0062
-0.0031	69.8409	-13.0247	-0.0045	123.0147
-0.0031	69.8409	-13.0275	-0.0045	123.0232
-0.0031	69.8409	-13.0302	-0.0045	123.0317
-0.0031	69.8409	-13.033	-0.0045	123.0402
-0.0031	69.8409	-13.0358	-0.0045	123.0487
-0.0031	69.8409	-13.0385	-0.0045	123.0572
-0.0031	69.8409	-13.0413	-0.0045	123.0657
-0.0031	69.8409	-13.044	-0.0045	123.0742
-0.0031	69.8409	-13.0468	-0.0045	123.0827
-0.0031	69.8409	-13.0496	-0.0045	123.0912
-0.0031	69.8409	-13.0523	-0.0045	123.0997
-0.0031	69.8409	-13.0551	-0.0045	123.1082
-0.0031	69.8409	-13.0578	-0.0045	123.1167
-0.0031	69.8409	-13.0606	-0.0045	123.1253
-0.0031	69.8409	-13.0634	-0.0045	123.1338
-0.0031	69.8409	-13.0661	-0.0045	123.1423
-0.0031	69.8409	-13.0689	-0.0045	123.1508
-0.0031	69.8409	-13.0717	-0.0045	123.1593
-0.0031	69.8409	-13.0744	-0.0045	123.1679
-0.0031	69.8409	-13.0772	-0.0045	123.1764
-0.0031	69.8409	-13.08	-0.0045	123.1849
-0.0031	69.8409	-13.0828	-0.0045	123.1935
-0.0031	69.8409	-13.0855	-0.0045	123.202
-0.0031	69.8409	-13.0883	-0.0045	123.2106
-0.0031	69.8409	-13.0911	-0.0045	123.2191
-0.0031	69.8409	-13.0939	-0.0045	123.2277
-0.0031	69.8409	-13.0966	-0.0045	123.2362
-0.0031	69.8409	-13.0994	-0.0045	123.2448
-0.0031	69.8409	-13.1022	-0.0045	123.2533
-0.0031	69.8409	-13.105	-0.0045	123.2619
-0.0031	69.8409	-13.1077	-0.0045	123.2704
-0.0031	69.8409	-13.1105	-0.0045	123.279
-0.0031	69.8409	-13.1133	-0.0045	123.2876
-0.0031	69.8409	-13.1161	-0.0045	123.2961
-0.0031	69.8409	-13.1189	-0.0045	123.3047
-0.0031	69.8409	-13.1217	-0.0045	123.3133
-0.0031	69.8409	-13.1244	-0.0045	123.3218
-0.0031	69.8409	-13.1272	-0.0045	123.3304
-0.0031	69.8409	-13.13	-0.0045	123.339
-0.0031	69.8409	-13.1328	-0.0045	123.3476
-0.0031	69.8409	-13.1356	-0.0045	123.3562
-0.0031	69.8409	-13.1384	-0.0045	123.3647
-0.0031	69.8409	-13.1412	-0.0045	123.3733
-0.0031	69.8409	-13.1439	-0.0045	123.3819
-0.0031	69.8409	-13.1467	-0.0045	123.3905
-0.0031	69.8409	-13.1495	-0.0045	123.3991
-0.0031	69.8409	-13.1523	-0.0045	123.4077
-0.0031	69.8409	-13.1551	-0.0045	123.4163
-0.0031	69.8409	-13.1579	-0.0045	123.4249
-0.0031	69.8409	-13.1607	-0.0045	123.4335
-0.0031	69.8409	-13.1635	-0.0045	123.4421
-0.0031	69.8409	-13.1663	-0.0045	123.4507
-0.0031	69.8409	-13.1691	-0.0045	123.4594
-0.0031	69.8409	-13.1719	-0.0045	123.468
-0.0031	69.8409	-13.1747	-0.0045	123.4766
-0.0031	69.8409	-13.1775	-0.0045	123.4852
-0.0031	69.8409	-13.1803	-0.0045	123.4938
-0.0031	69.8409	-13.1831	-0.0045	123.5025
-0.0031	69.8409	-13.1859	-0.0045	123.5111
-0.0031	69.8409	-13.1887	-0.0045	123.5197
-0.0031	69.8409	-13.1915	-0.0045	123.5283
-0.0031	69.8409	-13.1943	-0.0045	123.537
-0.0031	69.8409	-13.1971	-0.0045	123.5456
-0.0031	69.8409	-13.1999	-0.0045	123.5543
-0.0031	69.8409	-13.2027	-0.0045	123.5629
-0.0031	69.8409	-13.2055	-0.0045	123.5715
-0.0031	69.8409	-13.2083	-0.0045	123.5802
-0.0031	69.8409	-13.2111	-0.0045	123.5888
-0.0031	69.8409	-13.2139	-0.0045	123.5975
-0.0031	69.8409	-13.2167	-0.0045	123.6061
-0.0031	69.8409	-13.2195	-0.0045	123.6148
-0.0031	69.8409	-13.2224	-0.0045	123.6235
-0.0031	69.8409	-13.2252	-0.0045	123.6321
-0.0031	69.8409	-13.228	-0.0045	123.6408
-0.0031	69.8409	-13.2308	-0.0045	123.6494
-0.0031	69.8409	-13.2336	-0.0045	123.6581
-0.0031	69.8409	-13.2364	-0.0045	123.6668
-0.0031	69.8409	-13.2392	-0.0045	123.6754
-0.0031	69.8409	-13.2421	-0.0045	123.6841
-0.0031	69.8409	-13.2449	-0.0045	123.6928
-0.0031	69.8409	-13.2477	-0.0045	123.7015
-0.0031	69.8409	-13.2505	-0.0045	123.7102
-0.0031	69.8409	-13.2533	-0.0045	123.7188
-0.0031	69.8409	-13.2561	-0.0045	123.7275
-0.0031	69.8409	-13.259	-0.0045	123.7362
-0.0031	69.8409	-13.2618	-0.0045	123.7449
-0.0031	69.8409	-13.2646	-0.0045	123.7536
-0.0031	69.8409	-13.2674	-0.0045	123.7623
-0.0031	69.8409	-13.2703	-0.0045	123.771
-0.0031	69.8409	-13.2731	-0.0045	123.7797
-0.0031	69.8409	-13.2759	-0.0045	123.7884
-0.0031	69.8409	-13.2787	-0.0045	123.7971
-0.0031	69.8409	-13.2816	-0.0045	123.8058
-0.0031	69.8409	-13.2844	-0.0045	123.8145
-0.0031	69.8409	-13.2872	-0.0045	123.8232
-0.0031	69.8409	-13.29	-0.0045	123.8319
-0.0031	69.8409	-13.2929	-0.0045	123.8406
-0.0031	69.8409	-13.2957	-0.0045	123.8494
-0.0031	69.8409	-13.2985	-0.0045	123.8581
-0.0031	69.8409	-13.3014	-0.0045	123.8668
-0.0031	69.8409	-13.3042	-0.0045	123.8755
-0.0031	69.8409	-13.307	-0.0045	123.8842
-0.0031	69.8409	-13.3099	-0.0045	123.893
-0.0031	69.8409	-13.3127	-0.0045	123.9017
-0.0031	69.8409	-13.3155	-0.0045	123.9104
-0.0031	69.8409	-13.3184	-0.0045	123.9192
-0.0031	69.8409	-13.3212	-0.0045	123.9279
-0.0031	69.8409	-13.324	-0.0045	123.9366
-0.0031	69.8409	-13.3269	-0.0045	123.9454
-0.0031	69.8409	-13.3297	-0.0045	123.9541
-0.0031	69.8409	-13.3325	-0.0045	123.9629
-0.0031	69.8409	-13.3354	-0.0045	123.9716
-0.0031	69.8409	-13.3382	-0.0045	123.9804
-0.0031	69.8409	-13.3411	-0.0045	123.9891
-0.0031	69.8409	-13.3439	-0.0045	123.9979
-0.0031	69.8409	-13.3468	-0.0045	124.0066
-0.0031	69.8409	-13.3496	-0.0045	124.0154
-0.0031	69.8409	-13.3524	-0.0045	124.0241
-0.0031	69.8409	-13.3553	-0.0045	124.0329
-0.0031	69.8409	-13.3581	-0.0045	124.0417
-0.0031	69.8409	-13.361	-0.0045	124.0504
-0.0031	69.8409	-13.3638	-0.0045	124.0592
-0.0031	69.8409	-13.3667	-0.0045	124.068
-0.0031	69.8409	-13.3695	-0.0045	124.0768
-0.0031	69.8409	-13.3724	-0.0045	124.0855
-0.0031	69.8409	-13.3752	-0.0045	124.0943
-0.0031	69.8409	-13.3781	-0.0045	124.1031
-0.0031	69.8409	-13.3809	-0.0045	124.1119
-0.0031	69.8409	-13.3838	-0.0045	124.1207
-0.0031	69.8409	-13.3866	-0.0045	124.1294
-0.0031	69.8409	-13.3895	-0.0045	124.1382
-0.0031	69.8409	-13.3923	-0.0045	124.147
-0.0031	69.8409	-13.3952	-0.0045	124.1558
-0.0031	69.8409	-13.398	-0.0045	124.1646
-0.0031	69.8409	-13.4009	-0.0045	124.1734
-0.0031	69.8409	-13.4038	-0.0045	124.1822
-0.0031	69.8409	-13.4066	-0.0045	124.191
-0.0031	69.8409	-13.4095	-0.0045	124.1998
-0.0031	69.8409	-13.4123	-0.0045	124.2086
-0.0031	69.8409	-13.4152	-0.0045	124.2174
-0.0031	69.8409	-13.418	-0.0045	124.2262
-0.0031	69.8409	-13.4209	-0.0045	124.235
-0.0031	69.8409	-13.4238	-0.0045	124.2438
-0.0031	69.8409	-13.4266	-0.0045	124.2527
-0.0031	69.8409	-13.4295	-0.0045	124.2615
-0.0031	69.8409	-13.4324	-0.0045	124.2703
-0.0031	69.8409	-13.4352	-0.0045	124.2791
-0.0031	69.8409	-13.4381	-0.0045	124.2879
-0.0031	69.8409	-13.4409	-0.0045	124.2968
-0.0031	69.8409	-13.4438	-0.0045	124.3056
-0.0031	69.8409	-13.4467	-0.0045	124.3144
-0.0031	69.8409	-13.4495	-0.0045	124.3233
-0.0031	69.8409	-13.4524	-0.0045	124.3321
-0.0031	69.8409	-13.4553	-0.0045	124.3409
-0.0031	69.8409	-13.4582	-0.0045	124.3498
-0.0031	69.8409	-13.461	-0.0045	124.3586
-0.0031	69.8409	-13.4639	-0.0045	124.3674
-0.0031	69.8409	-13.4668	-0.0045	124.3763
-0.0031	69.8409	-13.4696	-0.0045	124.3851
-0.0031	69.8409	-13.4725	-0.0045	124.394
-0.0031	69.8409	-13.4754	-0.0045	124.4028
-0.0031	69.8409	-13.4783	-0.0045	124.4117
-0.0031	69.8409	-13.4811	-0.0045	124.4205
-0.0031	69.8409	-13.484	-0.0045	124.4294
-0.0031	69.8409	-13.4869	-0.0045	124.4383
-0.0031	69.8409	-13.4898	-0.0045	124.4471
-0.0031	69.8409	-13.4926	-0.0045	124.456
-0.0031	69.8409	-13.4955	-0.0045	124.4648
-0.0031	69.8409	-13.4984	-0.0045	124.4737
-0.0031	69.8409	-13.5013	-0.0045	124.4826
-0.0031	69.8409	-13.5042	-0.0045	124.4914
-0.0031	69.8409	-13.507	-0.0045	124.5003
-0.0031	69.8409	-13.5099	-0.0045	124.5092
-0.0031	69.8409	-13.5128	-0.0045	124.5181
-0.0031	69.8409	-13.5157	-0.0045	124.5269
-0.0031	69.8409	-13.5186	-0.0045	124.5358
-0.0031	69.8409	-13.5214	-0.0045	124.5447
-0.0031	69.8409	-13.5243	-0.0045	124.5536
-0.0031	69.8409	-13.5272	-0.0045	124.5625
-0.0031	69.8409	-13.5301	-0.0045	124.5714
-0.0031	69.8409	-13.533	-0.0045	124.5802
-0.0031	69.8409	-13.5359	-0.0045	124.5891
-0.0031	69.8409	-13.5388	-0.0045	124.598
-0.0031	69.8409	-13.5416	-0.0045	124.6069
-0.0031	69.8409	-13.5445	-0.0045	124.6158
-0.0031	69.8409	-13.5474	-0.0045	124.6247
-0.0031	69.8409	-13.5503	-0.0045	124.6336
-0.0031	69.8409	-13.5532	-0.0045	124.6425
-0.0031	69.8409	-13.5561	-0.0045	124.6514
-0.0031	69.8409	-13.559	-0.0045	124.6603
-0.0031	69.8409	-13.5619	-0.0045	124.6692
-0.0031	69.8409	-13.5648	-0.0045	124.6782
-0.0031	69.8409	-13.5677	-0.0045	124.6871
-0.0031	69.8409	-13.5706	-0.0045	124.696
-0.0031	69.8409	-13.5734	-0.0045	124.7049
-0.0031	69.8409	-13.5763	-0.0045	124.7138
-0.0031	69.8409	-13.5792	-0.0045	124.7227
-0.0031	69.8409	-13.5821	-0.0045	124.7317
-0.0031	69.8409	-13.585	-0.0045	124.7406
-0.0031	69.8409	-13.5879	-0.0045	124.7495
-0.0031	69.8409	-13.5908	-0.0045	124.7584
-0.0031	69.8409	-13.5937	-0.0045	124.7674
-0.0031	69.8409	-13.5966	-0.0045	124.7763
-0.0031	69.8409	-13.5995	-0.0045	124.7852
-0.0031	69.8409	-13.6024	-0.0045	124.7942
-0.0031	69.8409	-13.6053	-0.0045	124.8031
-0.0031	69.8409	-13.6082	-0.0045	124.812
-0.0031	69.8409	-13.6111	-0.0045	124.821
-0.0031	69.8409	-13.614	-0.0045	124.8299
-0.0031	69.8409	-13.6169	-0.0045	124.8389
-0.0031	69.8409	-13.6198	-0.0045	124.8478
-0.0031	69.8409	-13.6227	-0.0045	124.8567
-0.0031	69.8409	-13.6257	-0.0045	124.8657
-0.0031	69.8409	-13.6286	-0.0045	124.8746
-0.0031	69.8409	-13.6315	-0.0045	124.8836
-0.0031	69.8409	-13.6344	-0.0045	124.8925
-0.0031	69.8409	-13.6373	-0.0045	124.9015
-0.0031	69.8409	-13.6402	-0.0045	124.9105
-0.0031	69.8409	-13.6431	-0.0045	124.9194
-0.0031	69.8409	-13.646	-0.0045	124.9284
-0.0031	69.8409	-13.6489	-0.0045	124.9373
-0.0031	69.8409	-13.6518	-0.0045	124.9463
-0.0031	69.8409	-13.6547	-0.0045	124.9553
-0.0031	69.8409	-13.6576	-0.0045	124.9642
-0.0031	69.8409	-13.6606	-0.0045	124.9732
-0.0031	69.8409	-13.6635	-0.0045	124.9822
-0.0031	69.8409	-13.6664	-0.0045	124.9912
-0.0031	69.8409	-13.6693	-0.0045	125.0001
-0.0031	69.8409	-13.6722	-0.0045	125.0091
-0.0031	69.8409	-13.6751	-0.0045	125.0181
-0.0031	69.8409	-13.678	-0.0045	125.0271
-0.0031	69.8409	-13.681	-0.0045	125.0361
-0.0031	69.8409	-13.6839	-0.0045	125.045
-0.0031	69.8409	-13.6868	-0.0045	125.054
-0.0031	69.8409	-13.6897	-0.0045	125.063
-0.0031	69.8409	-13.6926	-0.0045	125.072
-0.0031	69.8409	-13.6956	-0.0045	125.081
-0.0031	69.8409	-13.6985	-0.0045	125.09
-0.0031	69.8409	-13.7014	-0.0045	125.099
-0.0031	69.8409	-13.7043	-0.0045	125.108
-0.0031	69.8409	-13.7072	-0.0045	125.117
-0.0031	69.8409	-13.7102	-0.0045	125.126
-0.0031	69.8409	-13.7131	-0.0045	125.135
-0.0031	69.8409	-13.716	-0.0045	125.144
-0.0031	69.8409	-13.7189	-0.0045	125.153
-0.0031	69.8409	-13.7218	-0.0045	125.162
-0.0031	69.8409	-13.7248	-0.0045	125.171
-0.0031	69.8409	-13.7277	-0.0045	125.18
-0.0031	69.8409	-13.7306	-0.0045	125.189
-0.0031	69.8409	-13.7335	-0.0045	125.198
-0.0031	69.8409	-13.7365	-0.0045	125.2071
-0.0031	69.8409	-13.7394	-0.0045	125.2161
-0.0031	69.8409	-13.7423	-0.0045	125.2251
-0.0031	69.8409	-13.7453	-0.0045	125.2341
-0.0031	69.8409	-13.7482	-0.0045	125.2431
-0.0031	69.8409	-13.7511	-0.0045	125.2522
-0.0031	69.8409	-13.754	-0.0045	125.2612
-0.0031	69.8409	-13.757	-0.0045	125.2702
-0.0031	69.8409	-13.7599	-0.0045	125.2792
-0.0031	69.8409	-13.7628	-0.0045	125.2883
-0.0031	69.8409	-13.7658	-0.0045	125.2973
-0.0031	69.8409	-13.7687	-0.0045	125.3063
-0.0031	69.8409	-13.7716	-0.0045	125.3154
-0.0031	69.8409	-13.7746	-0.0045	125.3244
-0.0031	69.8409	-13.7775	-0.0045	125.3334
-0.0031	69.8409	-13.7804	-0.0045	125.3425
-0.0031	69.8409	-13.7834	-0.0045	125.3515
-0.0031	69.8409	-13.7863	-0.0045	125.3606
-0.0031	69.8409	-13.7892	-0.0045	125.3696
-0.0031	69.8409	-13.7922	-0.0045	125.3786
-0.0031	69.8409	-13.7951	-0.0045	125.3877
-0.0031	69.8409	-13.7981	-0.0045	125.3967
-0.0031	69.8409	-13.801	-0.0045	125.4058
-0.0031	69.8409	-13.8039	-0.0045	125.4148
-0.0031	69.8409	-13.8069	-0.0045	125.4239
-0.0031	69.8409	-13.8098	-0.0045	125.433
-0.0031	69.8409	-13.8128	-0.0045	125.442
-0.0031	69.8409	-13.8157	-0.0045	125.4511
-0.0031	69.8409	-13.8186	-0.0045	125.4601
-0.0031	69.8409	-13.8216	-0.0045	125.4692
-0.0031	69.8409	-13.8245	-0.0045	125.4783
-0.0031	69.8409	-13.8275	-0.0045	125.4873
-0.0031	69.8409	-13.8304	-0.0045	125.4964
-0.0031	69.8409	-13.8334	-0.0045	125.5055
-0.0031	69.8409	-13.8363	-0.0045	125.5145
-0.0031	69.8409	-13.8392	-0.0045	125.5236
-0.0031	69.8409	-13.8422	-0.0045	125.5327
-0.0031	69.8409	-13.8451	-0.0045	125.5417
-0.0031	69.8409	-13.8481	-0.0045	125.5508
-0.0031	69.8409	-13.851	-0.0045	125.5599
-0.0031	69.8409	-13.854	-0.0045	125.569
-0.0031	69.8409	-13.8569	-0.0045	125.578
-0.0031	69.8409	-13.8599	-0.0045	125.5871
-0.0031	69.8409	-13.8628	-0.0045	125.5962
-0.0031	69.8409	-13.8658	-0.0045	125.6053
-0.0031	69.8409	-13.8687	-0.0045	125.6144
-0.0031	69.8409	-13.8717	-0.0045	125.6235
-0.0031	69.8409	-13.8746	-0.0045	125.6326
-0.0031	69.8409	-13.8776	-0.0045	125.6417
-0.0031	69.8409	-13.8805	-0.0045	125.6507
-0.0031	69.8409	-13.8835	-0.0045	125.6598
-0.0031	69.8409	-13.8864	-0.0045	125.6689
-0.0031	69.8409	-13.8894	-0.0045	125.678
-0.0031	69.8409	-13.8923	-0.0045	125.6871
-0.0031	69.8409	-13.8953	-0.0045	125.6962
-0.0031	69.8409	-13.8982	-0.0045	125.7053
-0.0031	69.8409	-13.9012	-0.0045	125.7144
-0.0031	69.8409	-13.9042	-0.0045	125.7235
-0.0031	69.8409	-13.9071	-0.0045	125.7326
-0.0031	69.8409	-13.9101	-0.0045	125.7417
-0.0031	69.8409	-13.913	-0.0045	125.7509
-0.0031	69.8409	-13.916	-0.0045	125.76
-0.0031	69.8409	-13.9189	-0.0045	125.7691
-0.0031	69.8409	-13.9219	-0.0045	125.7782
-0.0031	69.8409	-13.9249	-0.0045	125.7873
-0.0031	69.8409	-13.9278	-0.0045	125.7964
-0.0031	69.8409	-13.9308	-0.0045	125.8055
-0.0031	69.8409	-13.9337	-0.0045	125.8146
-0.0031	69.8409	-13.9367	-0.0045	125.8238
-0.0031	69.8409	-13.9397	-0.0045	125.8329
-0.0031	69.8409	-13.9426	-0.0045	125.842
-0.0031	69.8409	-13.9456	-0.0045	125.8511
-0.0031	69.8409	-13.9485	-0.0045	125.8603
-0.0031	69.8409	-13.9515	-0.0045	125.8694
-0.0031	69.8409	-13.9545	-0.0045	125.8785
-0.0031	69.8409	-13.9574	-0.0045	125.8876
-0.0031	69.8409	-13.9604	-0.0045	125.8968
-0.0031	69.8409	-13.9634	-0.0045	125.9059
-0.0031	69.8409	-13.9663	-0.0045	125.915
-0.0031	69.8409	-13.9693	-0.0045	125.9242
-0.0031	69.8409	-13.9723	-0.0045	125.9333
-0.0031	69.8409	-13.9752	-0.0045	125.9424
-0.0031	69.8409	-13.9782	-0.0045	125.9516
-0.0031	69.8409	-13.9812	-0.0045	125.9607
-0.0031	69.8409	-13.9841	-0.0045	125.9699
-0.0031	69.8409	-13.9871	-0.0045	125.979
-0.0031	69.8409	-13.9901	-0.0045	125.9882
-0.0031	69.8409	-13.993	-0.0045	125.9973
-0.0031	69.8409	-13.996	-0.0045	126.0064
-0.0031	69.8409	-13.999	-0.0045	126.0156
-0.0031	69.8409	-14.0019	-0.0045	126.0247
-0.0031	69.8409	-14.0049	-0.0045	126.0339
-0.0031	69.8409	-14.0079	-0.0045	126.043
-0.0031	69.8409	-14.0109	-0.0045	126.0522
-0.0031	69.8409	-14.0138	-0.0045	126.0614
-0.0031	69.8409	-14.0168	-0.0045	126.0705
-0.0031	69.8409	-14.0198	-0.0045	126.0797
-0.0031	69.8409	-14.0227	-0.0045	126.0888
-0.0031	69.8409	-14.0257	-0.0045	126.098
-0.0031	69.8409	-14.0287	-0.0045	126.1071
-0.0031	69.8409	-14.0317	-0.0045	126.1163
-0.0031	69.8409	-14.0346	-0.0045	126.1255
-0.0031	69.8409	-14.0376	-0.0045	126.1346
-0.0031	69.8409	-14.0406	-0.0045	126.1438
-0.0031	69.8409	-14.0436	-0.0045	126.153
-0.0031	69.8409	-14.0465	-0.0045	126.1621
-0.0031	69.8409	-14.0495	-0.0045	126.1713
-0.0031	69.8409	-14.0525	-0.0045	126.1805
-0.0031	69.8409	-14.0555	-0.0045	126.1897
-0.0031	69.8409	-14.0585	-0.0045	126.1988
-0.0031	69.8409	-14.0614	-0.0045	126.208
-0.0031	69.8409	-14.0644	-0.0045	126.2172
-0.0031	69.8409	-14.0674	-0.0045	126.2264
-0.0031	69.8409	-14.0704	-0.0045	126.2355
-0.0031	69.8409	-14.0734	-0.0045	126.2447
-0.0031	69.8409	-14.0763	-0.0045	126.2539
-0.0031	69.8409	-14.0793	-0.0045	126.2631
-0.0031	69.8409	-14.0823	-0.0045	126.2723
-0.0031	69.8409	-14.0853	-0.0045	126.2815
-0.0031	69.8409	-14.0883	-0.0045	126.2906
-0.0031	69.8409	-14.0912	-0.0045	126.2998
-0.0031	69.8409	-14.0942	-0.0045	126.309
-0.0031	69.8409	-14.0972	-0.0045	126.3182
-0.0031	69.8409	-14.1002	-0.0045	126.3274
-0.0031	69.8409	-14.1032	-0.0045	126.3366
-0.0031	69.8409	-14.1062	-0.0045	126.3458
-0.0031	69.8409	-14.1092	-0.0045	126.355
-0.0031	69.8409	-14.1121	-0.0045	126.3642
-0.0031	69.8409	-14.1151	-0.0045	126.3734
-0.0031	69.8409	-14.1181	-0.0045	126.3826
-0.0031	69.8409	-14.1211	-0.0045	126.3918
-0.0031	69.8409	-14.1241	-0.0045	126.401
-0.0031	69.8409	-14.1271	-0.0045	126.4102
-0.0031	69.8409	-14.1301	-0.0045	126.4194
-0.0031	69.8409	-14.133	-0.0045	126.4286
-0.0031	69.8409	-14.136	-0.0045	126.4378
-0.0031	69.8409	-14.139	-0.0045	126.447
-0.0031	69.8409	-14.142	-0.0045	126.4562
-0.0031	69.8409	-14.145	-0.0045	126.4654
-0.0031	69.8409	-14.148	-0.0045	126.4746
-0.0031	69.8409	-14.151	-0.0045	126.4838
-0.0031	69.8409	-14.154	-0.0045	126.493
-0.0031	69.8409	-14.157	-0.0045	126.5022
-0.0031	69.8409	-14.16	-0.0045	126.5115
-0.0031	69.8409	-14.1629	-0.0045	126.5207
-0.0031	69.8409	-14.1659	-0.0045	126.5299
-0.0031	69.8409	-14.1689	-0.0045	126.5391
-0.0031	69.8409	-14.1719	-0.0045	126.5483
-0.0031	69.8409	-14.1749	-0.0045	126.5576
-0.0031	69.8409	-14.1779	-0.0045	126.5668
-0.0031	69.8409	-14.1809	-0.0045	126.576
-0.0031	69.8409	-14.1839	-0.0045	126.5852
-0.0031	69.8409	-14.1869	-0.0045	126.5944
-0.0031	69.8409	-14.1899	-0.0045	126.6037
-0.0031	69.8409	-14.1929	-0.0045	126.6129
-0.0031	69.8409	-14.1959	-0.0045	126.6221
-0.0031	69.8409	-14.1989	-0.0045	126.6313
-0.0031	69.8409	-14.2019	-0.0045	126.6406
-0.0031	69.8409	-14.2049	-0.0045	126.6498
-0.0031	69.8409	-14.2079	-0.0045	126.659
-0.0031	69.8409	-14.2109	-0.0045	126.6683
-0.0031	69.8409	-14.2139	-0.0045	126.6775
-0.0031	69.8409	-14.2169	-0.0045	126.6867
-0.0031	69.8409	-14.2199	-0.0045	126.696
-0.0031	69.8409	-14.2229	-0.0045	126.7052
-0.0031	69.8409	-14.2259	-0.0045	126.7145
-0.0031	69.8409	-14.2289	-0.0045	126.7237
-0.0031	69.8409	-14.2319	-0.0045	126.7329
-0.0031	69.8409	-14.2349	-0.0045	126.7422
-0.0031	69.8409	-14.2379	-0.0045	126.7514
-0.0031	69.8409	-14.2409	-0.0045	126.7607
-0.0031	69.8409	-14.2439	-0.0045	126.7699
-0.0031	69.8409	-14.2469	-0.0045	126.7791
-0.0031	69.8409	-14.2499	-0.0045	126.7884
-0.0031	69.8409	-14.2529	-0.0045	126.7976
-0.0031	69.8409	-14.2559	-0.0045	126.8069
-0.0031	69.8409	-14.2589	-0.0045	126.8161
-0.0031	69.8409	-14.2619	-0.0045	126.8254
-0.0031	69.8409	-14.2649	-0.0045	126.8346
-0.0031	69.8409	-14.2679	-0.0045	126.8439
-0.0031	69.8409	-14.2709	-0.0045	126.8531
-0.0031	69.8409	-14.2739	-0.0045	126.8624
-0.0031	69.8409	-14.2769	-0.0045	126.8717
-0.0031	69.8409	-14.2799	-0.0045	126.8809
-0.0031	69.8409	-14.2829	-0.0045	126.8902
-0.0031	69.8409	-14.2859	-0.0045	126.8994
-0.0031	69.8409	-14.2889	-0.0045	126.9087
-0.0031	69.8409	-14.2919	-0.0045	126.9179
-0.0031	69.8409	-14.2949	-0.0045	126.9272
-0.0031	69.8409	-14.2979	-0.0045	126.9365
-0.0031	69.8409	-14.3009	-0.0045	126.9457
-0.0031	69.8409	-14.304	-0.0045	126.955
-0.0031	69.8409	-14.307	-0.0045	126.9643
-0.0031	69.8409	-14.31	-0.0045	126.9735
-0.0031	69.8409	-14.313	-0.0045	126.9828
-0.0031	69.8409	-14.316	-0.0045	126.9921
-0.0031	69.8409	-14.319	-0.0045	127.0013
-0.0031	69.8409	-14.322	-0.0045	127.0106
-0.0031	69.8409	-14.325	-0.0045	127.0199
-0.0031	69.8409	-14.328	-0.0045	127.0291
-0.0031	69.8409	-14.331	-0.0045	127.0384
-0.0031	69.8409	-14.334	-0.0045	127.0477
-0.0031	69.8409	-14.3371	-0.0045	127.057
-0.0031	69.8409	-14.3401	-0.0045	127.0662
-0.0031	69.8409	-14.3431	-0.0045	127.0755
-0.0031	69.8409	-14.3461	-0.0045	127.0848
-0.0031	69.8409	-14.3491	-0.0045	127.0941
-0.0031	69.8409	-14.3521	-0.0045	127.1033
-0.0031	69.8409	-14.3551	-0.0045	127.1126
-0.0031	69.8409	-14.3581	-0.0045	127.1219
-0.0031	69.8409	-14.3611	-0.0045	127.1312
-0.0031	69.8409	-14.3642	-0.0045	127.1405
-0.0031	69.8409	-14.3672	-0.0045	127.1497
-0.0031	69.8409	-14.3702	-0.0045	127.159
-0.0031	69.8409	-14.3732	-0.0045	127.1683
-0.0031	69.8409	-14.3762	-0.0045	127.1776
-0.0031	69.8409	-14.3792	-0.0045	127.1869
-0.0031	69.8409	-14.3822	-0.0045	127.1962
-0.0031	69.8409	-14.3853	-0.0045	127.2055
-0.0031	69.8409	-14.3883	-0.0045	127.2147
-0.0031	69.8409	-14.3913	-0.0045	127.224
-0.0031	69.8409	-14.3943	-0.0045	127.2333
-0.0031	69.8409	-14.3973	-0.0045	127.2426
-0.0031	69.8409	-14.4003	-0.0045	127.2519
-0.0031	69.8409	-14.4034	-0.0045	127.2612
-0.0031	69.8409	-14.4064	-0.0045	127.2705
-0.0031	69.8409	-14.4094	-0.0045	127.2798
-0.0031	69.8409	-14.4124	-0.0045	127.2891
-0.0031	69.8409	-14.4154	-0.0045	127.2984
-0.0031	69.8409	-14.4184	-0.0045	127.3077
-0.0031	69.8409	-14.4215	-0.0045	127.317
-0.0031	69.8409	-14.4245	-0.0045	127.3263
-0.0031	69.8409	-14.4275	-0.0045	127.3356
-0.0031	69.8409	-14.4305	-0.0045	127.3449
-0.0031	69.8409	-14.4335	-0.0045	127.3542
-0.0031	69.8409	-14.4366	-0.0045	127.3635
-0.0031	69.8409	-14.4396	-0.0045	127.3728
-0.0031	69.8409	-14.4426	-0.0045	127.3821
-0.0031	69.8409	-14.4456	-0.0045	127.3914
-0.0031	69.8409	-14.4486	-0.0045	127.4007
-0.0031	69.8409	-14.4517	-0.0045	127.41
-0.0031	69.8409	-14.4547	-0.0045	127.4193
-0.0031	69.8409	-14.4577	-0.0045	127.4286
-0.0031	69.8409	-14.4607	-0.0045	127.4379
-0.0031	69.8409	-14.4637	-0.0045	127.4472
-0.0031	69.8409	-14.4668	-0.0045	127.4565
-0.0031	69.8409	-14.4698	-0.0045	127.4658
-0.0031	69.8409	-14.4728	-0.0045	127.4751
-0.0031	69.8409	-14.4758	-0.0045	127.4844
-0.0031	69.8409	-14.4789	-0.0045	127.4938
-0.0031	69.8409	-14.4819	-0.0045	127.5031
-0.0031	69.8409	-14.4849	-0.0045	127.5124
-0.0031	69.8409	-14.4879	-0.0045	127.5217
-0.0031	69.8409	-14.491	-0.0045	127.531
-0.0031	69.8409	-14.494	-0.0045	127.5403
-0.0031	69.8409	-14.497	-0.0045	127.5496
-0.0031	69.8409	-14.5	-0.0045	127.5589
-0.0031	69.8409	-14.5031	-0.0045	127.5683
-0.0031	69.8409	-14.5061	-0.0045	127.5776
-0.0031	69.8409	-14.5091	-0.0045	127.5869
-0.0031	69.8409	-14.5121	-0.0045	127.5962
-0.0031	69.8409	-14.5152	-0.0045	127.6055
-0.0031	69.8409	-14.5182	-0.0045	127.6149
-0.0031	69.8409	-14.5212	-0.0045	127.6242
-0.0031	69.8409	-14.5242	-0.0045	127.6335
-0.0031	69.8409	-14.5273	-0.0045	127.6428
-0.0031	69.8409	-14.5303	-0.0045	127.6521
-0.0031	69.8409	-14.5333	-0.0045	127.6615
-0.0031	69.8409	-14.5363	-0.0045	127.6708
-0.0031	69.8409	-14.5394	-0.0045	127.6801
-0.0031	69.8409	-14.5424	-0.0045	127.6894
-0.0031	69.8409	-14.5454	-0.0045	127.6988
-0.0031	69.8409	-14.5484	-0.0045	127.7081
-0.0031	69.8409	-14.5515	-0.0045	127.7174
-0.0031	69.8409	-14.5545	-0.0045	127.7267
-0.0031	69.8409	-14.5575	-0.0045	127.7361
-0.0031	69.8409	-14.5606	-0.0045	127.7454
-0.0031	69.8409	-14.5636	-0.0045	127.7547
-0.0031	69.8409	-14.5666	-0.0045	127.7641
-0.0031	69.8409	-14.5696	-0.0045	127.7734
-0.0031	69.8409	-14.5727	-0.0045	127.7827
-0.0031	69.8409	-14.5757	-0.0045	127.7921
-0.0031	69.8409	-14.5787	-0.0045	127.8014
-0.0031	69.8409	-14.5818	-0.0045	127.8107
-0.0031	69.8409	-14.5848	-0.0045	127.8201
-0.0031	69.8409	-14.5878	-0.0045	127.8294
-0.0031	69.8409	-14.5909	-0.0045	127.8387
-0.0031	69.8409	-14.5939	-0.0045	127.8481
-0.0031	69.8409	-14.5969	-0.0045	127.8574
-0.0031	69.8409	-14.6	-0.0045	127.8667
-0.0031	69.8409	-14.603	-0.0045	127.8761
-0.0031	69.8409	-14.606	-0.0045	127.8854
-0.0031	69.8409	-14.609	-0.0045	127.8947
-0.0031	69.8409	-14.6121	-0.0045	127.9041
-0.0031	69.8409	-14.6151	-0.0045	127.9134
-0.0031	69.8409	-14.6181	-0.0045	127.9228
-0.0031	69.8409	-14.6212	-0.0045	127.9321
-0.0031	69.8409	-14.6242	-0.0045	127.9414
-0.0031	69.8409	-14.6272	-0.0045	127.9508
-0.0031	69.8409	-14.6303	-0.0045	127.9601
-0.0031	69.8409	-14.6333	-0.0045	127.9695
-0.0031	69.8409	-14.6363	-0.0045	127.9788
-0.0031	69.8409	-14.6394	-0.0045	127.9882
-0.0031	69.8409	-14.6424	-0.0045	127.9975
-0.0031	69.8409	-14.6454	-0.0045	128.0068
-0.0031	69.8409	-14.6485	-0.0045	128.0162
-0.0031	69.8409	-14.6515	-0.0045	128.0255
-0.0031	69.8409	-14.6545	-0.0045	128.0349
-0.0031	69.8409	-14.6576	-0.0045	128.0442
-0.0031	69.8409	-14.6606	-0.0045	128.0536
-0.0031	69.8409	-14.6636	-0.0045	128.0629
-0.0031	69.8409	-14.6667	-0.0045	128.0723
-0.0031	69.8409	-14.6697	-0.0045	128.0816
-0.0031	69.8409	-14.6727	-0.0045	128.091
-0.0031	69.8409	-14.6758	-0.0045	128.1003
-0.0031	69.8409	-14.6788	-0.0045	128.1097
-0.0031	69.8409	-14.6819	-0.0045	128.119
-0.0031	69.8409	-14.6849	-0.0045	128.1284
-0.0031	69.8409	-14.6879	-0.0045	128.1377
-0.0031	69.8409	-14.691	-0.0045	128.1471
-0.0031	69.8409	-14.694	-0.0045	128.1564
-0.0031	69.8409	-14.697	-0.0045	128.1658
-0.0031	69.8409	-14.7001	-0.0045	128.1751
-0.0031	69.8409	-14.7031	-0.0045	128.1845
-0.0031	69.8409	-14.7061	-0.0045	128.1938
-0.0031	69.8409	-14.7092	-0.0045	128.2032
-0.0031	69.8409	-14.7122	-0.0045	128.2125
-0.0031	69.8409	-14.7152	-0.0045	128.2219
-0.0031	69.8409	-14.7183	-0.0045	128.2312
-0.0031	69.8409	-14.7213	-0.0045	128.2406
-0.0031	69.8409	-14.7244	-0.0045	128.2499
-0.0031	69.8409	-14.7274	-0.0045	128.2593
-0.0031	69.8409	-14.7304	-0.0045	128.2687
-0.0031	69.8409	-14.7335	-0.0045	128.278
-0.0031	69.8409	-14.7365	-0.0045	128.2874
-0.0031	69.8409	-14.7395	-0.0045	128.2967
-0.0031	69.8409	-14.7426	-0.0045	128.3061
-0.0031	69.8409	-14.7456	-0.0045	128.3154
-0.0031	69.8409	-14.7487	-0.0045	128.3248
-0.0031	69.8409	-14.7517	-0.0045	128.3342
-0.0031	69.8409	-14.7547	-0.0045	128.3435
-0.0031	69.8409	-14.7578	-0.0045	128.3529
-0.0031	69.8409	-14.7608	-0.0045	128.3622
-0.0031	69.8409	-14.7639	-0.0045	128.3716
-0.0031	69.8409	-14.7669	-0.0045	128.381
-0.0031	69.8409	-14.7699	-0.0045	128.3903
-0.0031	69.8409	-14.773	-0.0045	128.3997
-0.0031	69.8409	-14.776	-0.0045	128.409
-0.0031	69.8409	-14.7791	-0.0045	128.4184
-0.0031	69.8409	-14.7821	-0.0045	128.4278
-0.0031	69.8409	-14.7851	-0.0045	128.4371
-0.0031	69.8409	-14.7882	-0.0045	128.4465
-0.0031	69.8409	-14.7912	-0.0045	128.4559
-0.0031	69.8409	-14.7943	-0.0045	128.4652
-0.0031	69.8409	-14.7973	-0.0045	128.4746
-0.0031	69.8409	-14.8003	-0.0045	128.4839
-0.0031	69.8409	-14.8034	-0.0045	128.4933
-0.0031	69.8409	-14.8064	-0.0045	128.5027
-0.0031	69.8409	-14.8095	-0.0045	128.512
-0.0031	69.8409	-14.8125	-0.0045	128.5214
-0.0031	69.8409	-14.8155	-0.0045	128.5308
-0.0031	69.8409	-14.8186	-0.0045	128.5401
-0.0031	69.8409	-14.8216	-0.0045	128.5495
-0.0031	69.8409	-14.8247	-0.0045	128.5589
-0.0031	69.8409	-14.8277	-0.0045	128.5682
-0.0031	69.8409	-14.8307	-0.0045	128.5776
-0.0031	69.8409	-14.8338	-0.0045	128.587
-0.0031	69.8409	-14.8368	-0.0045	128.5963
-0.0031	69.8409	-14.8399	-0.0045	128.6057
-0.0031	69.8409	-14.8429	-0.0045	128.6151
-0.0031	69.8409	-14.8459	-0.0045	128.6244
-0.0031	69.8409	-14.849	-0.0045	128.6338
-0.0031	69.8409	-14.852	-0.0045	128.6432
-0.0031	69.8409	-14.8551	-0.0045	128.6525
-0.0031	69.8409	-14.8581	-0.0045	128.6619
-0.0031	69.8409	-14.8611	-0.0045	128.6713
-0.0031	69.8409	-14.8642	-0.0045	128.6806
-0.0031	69.8409	-14.8672	-0.0045	128.69
-0.0031	69.8409	-14.8703	-0.0045	128.6994
-0.0031	69.8409	-14.8733	-0.0045	128.7088
-0.0031	69.8409	-14.8764	-0.0045	128.7181
-0.0031	69.8409	-14.8794	-0.0045	128.7275
-0.0031	69.8409	-14.8824	-0.0045	128.7369
-0.0031	69.8409	-14.8855	-0.0045	128.7462
-0.0031	69.8409	-14.8885	-0.0045	128.7556
-0.0031	69.8409	-14.8916	-0.0045	128.765
-0.0031	69.8409	-14.8946	-0.0045	128.7743
-0.0031	69.8409	-14.8977	-0.0045	128.7837
-0.0031	69.8409	-14.9007	-0.0045	128.7931
-0.0031	69.8409	-14.9037	-0.0045	128.8025
-0.0031	69.8409	-14.9068	-0.0045	128.8118
-0.0031	69.8409	-14.9098	-0.0045	128.8212
-0.0031	69.8409	-14.9129	-0.0045	128.8306
-0.0031	69.8409	-14.9159	-0.0045	128.8399
-0.0031	69.8409	-14.9189	-0.0045	128.8493
-0.0031	69.8409	-14.922	-0.0045	128.8587
-0.0031	69.8409	-14.925	-0.0045	128.8681
-0.0031	69.8409	-14.9281	-0.0045	128.8774
-0.0031	69.8409	-14.9311	-0.0045	128.8868
-0.0031	69.8409	-14.9342	-0.0045	128.8962
-0.0031	69.8409	-14.9372	-0.0045	128.9055
-0.0031	69.8409	-14.9402	-0.0045	128.9149
-0.0031	69.8409	-14.9433	-0.0045	128.9243
-0.0031	69.8409	-14.9463	-0.0045	128.9337
-0.0031	69.8409	-14.9494	-0.0045	128.943
-0.0031	69.8409	-14.9524	-0.0045	128.9524
-0.0031	69.8409	-14.9555	-0.0045	128.9618
-0.0031	69.8409	-14.9585	-0.0045	128.9712
-0.0031	69.8409	-14.9615	-0.0045	128.9805
-0.0031	69.8409	-14.9646	-0.0045	128.9899
-0.0031	69.8409	-14.9676	-0.0045	128.9993
-0.0031	69.8409	-14.9707	-0.0045	129.0087
-0.0031	69.8409	-14.9737	-0.0045	129.018
-0.0031	69.8409	-14.9768	-0.0045	129.0274
-0.0031	69.8409	-14.9798	-0.0045	129.0368
-0.0031	69.8409	-14.9829	-0.0045	129.0461
-0.0031	69.8409	-14.9859	-0.0045	129.0555
-0.0031	69.8409	-14.9889	-0.0045	129.0649
-0.0031	69.8409	-14.992	-0.0045	129.0743
-0.0031	69.8409	-14.995	-0.0045	129.0836
-0.0031	69.8409	-14.9981	-0.0045	129.093
-0.0031	69.8409	-15.0011	-0.0045	129.1024
-0.0031	69.8409	-15.0042	-0.0045	129.1118
-0.0031	69.8409	-15.0072	-0.0045	129.1211
-0.0031	69.8409	-15.0102	-0.0045	129.1305
-0.0031	69.8409	-15.0133	-0.0045	129.1399
-0.0031	69.8409	-15.0163	-0.0045	129.1493
-0.0031	69.8409	-15.0194	-0.0045	129.1586
-0.0031	69.8409	-15.0224	-0.0045	129.168
-0.0031	69.8409	-15.0255	-0.0045	129.1774
-0.0031	69.8409	-15.0285	-0.0045	129.1868
-0.0031	69.8409	-15.0315	-0.0045	129.1961
-0.0031	69.8409	-15.0346	-0.0045	129.2055
-0.0031	69.8409	-15.0376	-0.0045	129.2149
-0.0031	69.8409	-15.0407	-0.0045	129.2243
-0.0031	69.8409	-15.0437	-0.0045	129.2336
-0.0031	69.8409	-15.0468	-0.0045	129.243
-0.0031	69.8409	-15.0498	-0.0045	129.2524
-0.0031	69.8409	-15.0528	-0.0045	129.2618
-0.0031	69.8409	-15.0559	-0.0045	129.2711
-0.0031	69.8409	-15.0589	-0.0045	129.2805
-0.0031	69.8409	-15.062	-0.0045	129.2899
-0.0031	69.8409	-15.065	-0.0045	129.2992
-0.0031	69.8409	-15.0681	-0.0045	129.3086
-0.0031	69.8409	-15.0711	-0.0045	129.318
-0.0031	69.8409	-15.0742	-0.0045	129.3274
-0.0031	69.8409	-15.0772	-0.0045	129.3367
-0.0031	69.8409	-15.0802	-0.0045	129.3461
-0.0031	69.8409	-15.0833	-0.0045	129.3555
-0.0031	69.8409	-15.0863	-0.0045	129.3649
-0.0031	69.8409	-15.0894	-0.0045	129.3742
-0.0031	69.8409	-15.0924	-0.0045	129.3836
-0.0031	69.8409	-15.0955	-0.0045	129.393
-0.0031	69.8409	-15.0985	-0.0045	129.4024
-0.0031	69.8409	-15.1015	-0.0045	129.4117
-0.0031	69.8409	-15.1046	-0.0045	129.4211
-0.0031	69.8409	-15.1076	-0.0045	129.4305
-0.0031	69.8409	-15.1107	-0.0045	129.4398
-0.0031	69.8409	-15.1137	-0.0045	129.4492
-0.0031	69.8409	-15.1168	-0.0045	129.4586
-0.0031	69.8409	-15.1198	-0.0045	129.468
-0.0031	69.8409	-15.1228	-0.0045	129.4773
-0.0031	69.8409	-15.1259	-0.0045	129.4867
-0.0031	69.8409	-15.1289	-0.0045	129.4961
-0.0031	69.8409	-15.132	-0.0045	129.5054
-0.0031	69.8409	-15.135	-0.0045	129.5148
-0.0031	69.8409	-15.138	-0.0045	129.5242
-0.0031	69.8409	-15.1411	-0.0045	129.5336
-0.0031	69.8409	-15.1441	-0.0045	129.5429
-0.0031	69.8409	-15.1472	-0.0045	129.5523
-0.0031	69.8409	-15.1502	-0.0045	129.5617
-0.0031	69.8409	-15.1533	-0.0045	129.571
-0.0031	69.8409	-15.1563	-0.0045	129.5804
-0.0031	69.8409	-15.1593	-0.0045	129.5898
-0.0031	69.8409	-15.1624	-0.0045	129.5991
-0.0031	69.8409	-15.1654	-0.0045	129.6085
-0.0031	69.8409	-15.1685	-0.0045	129.6179
-0.0031	69.8409	-15.1715	-0.0045	129.6273
-0.0031	69.8409	-15.1746	-0.0045	129.6366
-0.0031	69.8409	-15.1776	-0.0045	129.646
-0.0031	69.8409	-15.1806	-0.0045	129.6554
-0.0031	69.8409	-15.1837	-0.0045	129.6647
-0.0031	69.8409	-15.1867	-0.0045	129.6741
-0.0031	69.8409	-15.1898	-0.0045	129.6835
-0.0031	69.8409	-15.1928	-0.0045	129.6928
-0.0031	69.8409	-15.1958	-0.0045	129.7022
-0.0031	69.8409	-15.1989	-0.0045	129.7116
-0.0031	69.8409	-15.2019	-0.0045	129.7209
-0.0031	69.8409	-15.205	-0.0045	129.7303
-0.0031	69.8409	-15.208	-0.0045	129.7397
-0.0031	69.8409	-15.211	-0.0045	129.749
-0.0031	69.8409	-15.2141	-0.0045	129.7584
-0.0031	69.8409	-15.2171	-0.0045	129.7678
-0.0031	69.8409	-15.2202	-0.0045	129.7771
-0.0031	69.8409	-15.2232	-0.0045	129.7865
-0.0031	69.8409	-15.2262	-0.0045	129.7959
-0.0031	69.8409	-15.2293	-0.0045	129.8052
-0.0031	69.8409	-15.2323	-0.0045	129.8146
-0.0031	69.8409	-15.2354	-0.0045	129.824
-0.0031	69.8409	-15.2384	-0.0045	129.8333
-0.0031	69.8409	-15.2414	-0.0045	129.8427
-0.0031	69.8409	-15.2445	-0.0045	129.852
-0.0031	69.8409	-15.2475	-0.0045	129.8614
-0.0031	69.8409	-15.2506	-0.0045	129.8708
-0.0031	69.8409	-15.2536	-0.0045	129.8801
-0.0031	69.8409	-15.2566	-0.0045	129.8895
-0.0031	69.8409	-15.2597	-0.0045	129.8989
-0.0031	69.8409	-15.2627	-0.0045	129.9082
-0.0031	69.8409	-15.2658	-0.0045	129.9176
-0.0031	69.8409	-15.2688	-0.0045	129.9269
-0.0031	69.8409	-15.2718	-0.0045	129.9363
-0.0031	69.8409	-15.2749	-0.0045	129.9457
-0.0031	69.8409	-15.2779	-0.0045	129.955
-0.0031	69.8409	-15.281	-0.0045	129.9644
-0.0031	69.8409	-15.284	-0.0045	129.9737
-0.0031	69.8409	-15.287	-0.0045	129.9831
-0.0031	69.8409	-15.2901	-0.0045	129.9925
-0.0031	69.8409	-15.2931	-0.0045	130.0018
-0.0031	69.8409	-15.2962	-0.0045	130.0112
-0.0031	69.8409	-15.2992	-0.0045	130.0205
-0.0031	69.8409	-15.3022	-0.0045	130.0299
-0.0031	69.8409	-15.3053	-0.0045	130.0392
-0.0031	69.8409	-15.3083	-0.0045	130.0486
-0.0031	69.8409	-15.3113	-0.0045	130.058
-0.0031	69.8409	-15.3144	-0.0045	130.0673
-0.0031	69.8409	-15.3174	-0.0045	130.0767
-0.0031	69.8409	-15.3205	-0.0045	130.086
-0.0031	69.8409	-15.3235	-0.0045	130.0954
-0.0031	69.8409	-15.3265	-0.0045	130.1047
-0.0031	69.8409	-15.3296	-0.0045	130.1141
-0.0031	69.8409	-15.3326	-0.0045	130.1234
-0.0031	69.8409	-15.3356	-0.0045	130.1328
-0.0031	69.8409	-15.3387	-0.0045	130.1421
-0.0031	69.8409	-15.3417	-0.0045	130.1515
-0.0031	69.8409	-15.3447	-0.0045	130.1608
-0.0031	69.8409	-15.3478	-0.0045	130.1702
-0.0031	69.8409	-15.3508	-0.0045	130.1795
-0.0031	69.8409	-15.3538	-0.0045	130.1889
-0.0031	69.8409	-15.3569	-0.0045	130.1982
-0.0031	69.8409	-15.3599	-0.0045	130.2076
-0.0031	69.8409	-15.363	-0.0045	130.2169
-0.0031	69.8409	-15.366	-0.0045	130.2263
-0.0031	69.8409	-15.369	-0.0045	130.2356
-0.0031	69.8409	-15.3721	-0.0045	130.245
-0.0031	69.8409	-15.3751	-0.0045	130.2543
-0.0031	69.8409	-15.3781	-0.0045	130.2637
-0.0031	69.8409	-15.3812	-0.0045	130.273
-0.0031	69.8409	-15.3842	-0.0045	130.2824
-0.0031	69.8409	-15.3872	-0.0045	130.2917
-0.0031	69.8409	-15.3903	-0.0045	130.3011
-0.0031	69.8409	-15.3933	-0.0045	130.3104
-0.0031	69.8409	-15.3963	-0.0045	130.3197
-0.0031	69.8409	-15.3994	-0.0045	130.3291
-0.0031	69.8409	-15.4024	-0.0045	130.3384
-0.0031	69.8409	-15.4054	-0.0045	130.3478
-0.0031	69.8409	-15.4085	-0.0045	130.3571
-0.0031	69.8409	-15.4115	-0.0045	130.3665
-0.0031	69.8409	-15.4145	-0.0045	130.3758
-0.0031	69.8409	-15.4176	-0.0045	130.3851
-0.0031	69.8409	-15.4206	-0.0045	130.3945
-0.0031	69.8409	-15.4236	-0.0045	130.4038
-0.0031	69.8409	-15.4267	-0.0045	130.4132
-0.0031	69.8409	-15.4297	-0.0045	130.4225
-0.0031	69.8409	-15.4327	-0.0045	130.4318
-0.0031	69.8409	-15.4357	-0.0045	130.4412
-0.0031	69.8409	-15.4388	-0.0045	130.4505
-0.0031	69.8409	-15.4418	-0.0045	130.4598
-0.0031	69.8409	-15.4448	-0.0045	130.4692
-0.0031	69.8409	-15.4479	-0.0045	130.4785
-0.0031	69.8409	-15.4509	-0.0045	130.4878
-0.0031	69.8409	-15.4539	-0.0045	130.4972
-0.0031	69.8409	-15.457	-0.0045	130.5065
-0.0031	69.8409	-15.46	-0.0045	130.5158
-0.0031	69.8409	-15.463	-0.0045	130.5252
-0.0031	69.8409	-15.4661	-0.0045	130.5345
-0.0031	69.8409	-15.4691	-0.0045	130.5438
-0.0031	69.8409	-15.4721	-0.0045	130.5532
-0.0031	69.8409	-15.4751	-0.0045	130.5625
-0.0031	69.8409	-15.4782	-0.0045	130.5718
-0.0031	69.8409	-15.4812	-0.0045	130.5812
-0.0031	69.8409	-15.4842	-0.0045	130.5905
-0.0031	69.8409	-15.4873	-0.0045	130.5998
-0.0031	69.8409	-15.4903	-0.0045	130.6091
-0.0031	69.8409	-15.4933	-0.0045	130.6185
-0.0031	69.8409	-15.4963	-0.0045	130.6278
-0.0031	69.8409	-15.4994	-0.0045	130.6371
-0.0031	69.8409	-15.5024	-0.0045	130.6464
-0.0031	69.8409	-15.5054	-0.0045	130.6558
-0.0031	69.8409	-15.5084	-0.0045	130.6651
-0.0031	69.8409	-15.5115	-0.0045	130.6744
-0.0031	69.8409	-15.5145	-0.0045	130.6837
-0.0031	69.8409	-15.5175	-0.0045	130.693
-0.0031	69.8409	-15.5205	-0.0045	130.7024
-0.0031	69.8409	-15.5236	-0.0045	130.7117
-0.0031	69.8409	-15.5266	-0.0045	130.721
-0.0031	69.8409	-15.5296	-0.0045	130.7303
-0.0031	69.8409	-15.5326	-0.0045	130.7396
-0.0031	69.8409	-15.5357	-0.0045	130.749
-0.0031	69.8409	-15.5387	-0.0045	130.7583
-0.0031	69.8409	-15.5417	-0.0045	130.7676
-0.0031	69.8409	-15.5447	-0.0045	130.7769
-0.0031	69.8409	-15.5478	-0.0045	130.7862
-0.0031	69.8409	-15.5508	-0.0045	130.7955
-0.0031	69.8409	-15.5538	-0.0045	130.8048
-0.0031	69.8409	-15.5568	-0.0045	130.8141
-0.0031	69.8409	-15.5599	-0.0045	130.8235
-0.0031	69.8409	-15.5629	-0.0045	130.8328
-0.0031	69.8409	-15.5659	-0.0045	130.8421
-0.0031	69.8409	-15.5689	-0.0045	130.8514
-0.0031	69.8409	-15.572	-0.0045	130.8607
-0.0031	69.8409	-15.575	-0.0045	130.87
-0.0031	69.8409	-15.578	-0.0045	130.8793
-0.0031	69.8409	-15.581	-0.0045	130.8886
-0.0031	69.8409	-15.584	-0.0045	130.8979
-0.0031	69.8409	-15.5871	-0.0045	130.9072
-0.0031	69.8409	-15.5901	-0.0045	130.9165
-0.0031	69.8409	-15.5931	-0.0045	130.9258
-0.0031	69.8409	-15.5961	-0.0045	130.9351
-0.0031	69.8409	-15.5991	-0.0045	130.9444
-0.0031	69.8409	-15.6022	-0.0045	130.9537
-0.0031	69.8409	-15.6052	-0.0045	130.963
-0.0031	69.8409	-15.6082	-0.0045	130.9723
-0.0031	69.8409	-15.6112	-0.0045	130.9816
-0.0031	69.8409	-15.6142	-0.0045	130.9909
-0.0031	69.8409	-15.6173	-0.0045	131.0002
-0.0031	69.8409	-15.6203	-0.0045	131.0095
-0.0031	69.8409	-15.6233	-0.0045	131.0188
-0.0031	69.8409	-15.6263	-0.0045	131.0281
-0.0031	69.8409	-15.6293	-0.0045	131.0374
-0.0031	69.8409	-15.6323	-0.0045	131.0467
-0.0031	69.8409	-15.6354	-0.0045	131.056
-0.0031	69.8409	-15.6384	-0.0045	131.0653
-0.0031	69.8409	-15.6414	-0.0045	131.0746
-0.0031	69.8409	-15.6444	-0.0045	131.0839
-0.0031	69.8409	-15.6474	-0.0045	131.0932
-0.0031	69.8409	-15.6504	-0.0045	131.1024
-0.0031	69.8409	-15.6535	-0.0045	131.1117
-0.0031	69.8409	-15.6565	-0.0045	131.121
-0.0031	69.8409	-15.6595	-0.0045	131.1303
-0.0031	69.8409	-15.6625	-0.0045	131.1396
-0.0031	69.8409	-15.6655	-0.0045	131.1489
-0.0031	69.8409	-15.6685	-0.0045	131.1582
-0.0031	69.8409	-15.6715	-0.0045	131.1674
-0.0031	69.8409	-15.6746	-0.0045	131.1767
-0.0031	69.8409	-15.6776	-0.0045	131.186
-0.0031	69.8409	-15.6806	-0.0045	131.1953
-0.0031	69.8409	-15.6836	-0.0045	131.2046
-0.0031	69.8409	-15.6866	-0.0045	131.2138
-0.0031	69.8409	-15.6896	-0.0045	131.2231
-0.0031	69.8409	-15.6926	-0.0045	131.2324
-0.0031	69.8409	-15.6956	-0.0045	131.2417
-0.0031	69.8409	-15.6986	-0.0045	131.2509
-0.0031	69.8409	-15.7017	-0.0045	131.2602
-0.0031	69.8409	-15.7047	-0.0045	131.2695
-0.0031	69.8409	-15.7077	-0.0045	131.2788
-0.0031	69.8409	-15.7107	-0.0045	131.288
-0.0031	69.8409	-15.7137	-0.0045	131.2973
-0.0031	69.8409	-15.7167	-0.0045	131.3066
-0.0031	69.8409	-15.7197	-0.0045	131.3158
-0.0031	69.8409	-15.7227	-0.0045	131.3251
-0.0031	69.8409	-15.7257	-0.0045	131.3344
-0.0031	69.8409	-15.7287	-0.0045	131.3436
-0.0031	69.8409	-15.7317	-0.0045	131.3529
-0.0031	69.8409	-15.7348	-0.0045	131.3622
-0.0031	69.8409	-15.7378	-0.0045	131.3714
-0.0031	69.8409	-15.7408	-0.0045	131.3807
-0.0031	69.8409	-15.7438	-0.0045	131.39
-0.0031	69.8409	-15.7468	-0.0045	131.3992
-0.0031	69.8409	-15.7498	-0.0045	131.4085
-0.0031	69.8409	-15.7528	-0.0045	131.4177
-0.0031	69.8409	-15.7558	-0.0045	131.427
-0.0031	69.8409	-15.7588	-0.0045	131.4362
-0.0031	69.8409	-15.7618	-0.0045	131.4455
-0.0031	69.8409	-15.7648	-0.0045	131.4548
-0.0031	69.8409	-15.7678	-0.0045	131.464
-0.0031	69.8409	-15.7708	-0.0045	131.4733
-0.0031	69.8409	-15.7738	-0.0045	131.4825
-0.0031	69.8409	-15.7768	-0.0045	131.4918
-0.0031	69.8409	-15.7798	-0.0045	131.501
-0.0031	69.8409	-15.7828	-0.0045	131.5103
-0.0031	69.8409	-15.7858	-0.0045	131.5195
-0.0031	69.8409	-15.7888	-0.0045	131.5288
-0.0031	69.8409	-15.7918	-0.0045	131.538
-0.0031	69.8409	-15.7948	-0.0045	131.5472
-0.0031	69.8409	-15.7978	-0.0045	131.5565
-0.0031	69.8409	-15.8008	-0.0045	131.5657
-0.0031	69.8409	-15.8038	-0.0045	131.575
-0.0031	69.8409	-15.8068	-0.0045	131.5842
-0.0031	69.8409	-15.8098	-0.0045	131.5934
-0.0031	69.8409	-15.8128	-0.0045	131.6027
-0.0031	69.8409	-15.8158	-0.0045	131.6119
-0.0031	69.8409	-15.8188	-0.0045	131.6212
-0.0031	69.8409	-15.8218	-0.0045	131.6304
-0.0031	69.8409	-15.8248	-0.0045	131.6396
-0.0031	69.8409	-15.8278	-0.0045	131.6489
-0.0031	69.8409	-15.8308	-0.0045	131.6581
-0.0031	69.8409	-15.8338	-0.0045	131.6673
-0.0031	69.8409	-15.8368	-0.0045	131.6766
-0.0031	69.8409	-15.8398	-0.0045	131.6858
-0.0031	69.8409	-15.8428	-0.0045	131.695
-0.0031	69.8409	-15.8458	-0.0045	131.7042
-0.0031	69.8409	-15.8488	-0.0045	131.7135
-0.0031	69.8409	-15.8518	-0.0045	131.7227
-0.0031	69.8409	-15.8548	-0.0045	131.7319
-0.0031	69.8409	-15.8578	-0.0045	131.7411
-0.0031	69.8409	-15.8608	-0.0045	131.7503
-0.0031	69.8409	-15.8638	-0.0045	131.7596
-0.0031	69.8409	-15.8668	-0.0045	131.7688
-0.0031	69.8409	-15.8698	-0.0045	131.778
-0.0031	69.8409	-15.8728	-0.0045	131.7872
-0.0031	69.8409	-15.8757	-0.0045	131.7964
-0.0031	69.8409	-15.8787	-0.0045	131.8057
-0.0031	69.8409	-15.8817	-0.0045	131.8149
-0.0031	69.8409	-15.8847	-0.0045	131.8241
-0.0031	69.8409	-15.8877	-0.0045	131.8333
-0.0031	69.8409	-15.8907	-0.0045	131.8425
-0.0031	69.8409	-15.8937	-0.0045	131.8517
-0.0031	69.8409	-15.8967	-0.0045	131.8609
-0.0031	69.8409	-15.8997	-0.0045	131.8701
-0.0031	69.8409	-15.9027	-0.0045	131.8793
-0.0031	69.8409	-15.9056	-0.0045	131.8885
-0.0031	69.8409	-15.9086	-0.0045	131.8977
-0.0031	69.8409	-15.9116	-0.0045	131.9069
-0.0031	69.8409	-15.9146	-0.0045	131.9161
-0.0031	69.8409	-15.9176	-0.0045	131.9253
-0.0031	69.8409	-15.9206	-0.0045	131.9345
-0.0031	69.8409	-15.9236	-0.0045	131.9437
-0.0031	69.8409	-15.9265	-0.0045	131.9529
-0.0031	69.8409	-15.9295	-0.0045	131.9621
-0.0031	69.8409	-15.9325	-0.0045	131.9713
-0.0031	69.8409	-15.9355	-0.0045	131.9805
-0.0031	69.8409	-15.9385	-0.0045	131.9897
-0.0031	69.8409	-15.9415	-0.0045	131.9989
-0.0031	69.8409	-15.9445	-0.0045	132.0081
-0.0031	69.8409	-15.9474	-0.0045	132.0173
-0.0031	69.8409	-15.9504	-0.0045	132.0264
-0.0031	69.8409	-15.9534	-0.0045	132.0356
-0.0031	69.8409	-15.9564	-0.0045	132.0448
-0.0031	69.8409	-15.9594	-0.0045	132.054
-0.0031	69.8409	-15.9623	-0.0045	132.0632
-0.0031	69.8409	-15.9653	-0.0045	132.0724
-0.0031	69.8409	-15.9683	-0.0045	132.0815
-0.0031	69.8409	-15.9713	-0.0045	132.0907
-0.0031	69.8409	-15.9743	-0.0045	132.0999
-0.0031	69.8409	-15.9772	-0.0045	132.1091
-0.0031	69.8409	-15.9802	-0.0045	132.1182
-0.0031	69.8409	-15.9832	-0.0045	132.1274
-0.0031	69.8409	-15.9862	-0.0045	132.1366
-0.0031	69.8409	-15.9892	-0.0045	132.1458
-0.0031	69.8409	-15.9921	-0.0045	132.1549
-0.0031	69.8409	-15.9951	-0.0045	132.1641
-0.0031	69.8409	-15.9981	-0.0045	132.1733
-0.0031	69.8409	-16.0011	-0.0045	132.1824
-0.0031	69.8409	-16.004	-0.0045	132.1916
-0.0031	69.8409	-16.007	-0.0045	132.2008
-0.0031	69.8409	-16.01	-0.0045	132.2099
-0.0031	69.8409	-16.013	-0.0045	132.2191
-0.0031	69.8409	-16.0159	-0.0045	132.2282
-0.0031	69.8409	-16.0189	-0.0045	132.2374
-0.0031	69.8409	-16.0219	-0.0045	132.2465
-0.0031	69.8409	-16.0248	-0.0045	132.2557
-0.0031	69.8409	-16.0278	-0.0045	132.2649
-0.0031	69.8409	-16.0308	-0.0045	132.274
-0.0031	69.8409	-16.0338	-0.0045	132.2832
-0.0031	69.8409	-16.0367	-0.0045	132.2923
-0.0031	69.8409	-16.0397	-0.0045	132.3015
-0.0031	69.8409	-16.0427	-0.0045	132.3106
-0.0031	69.8409	-16.0456	-0.0045	132.3197
-0.0031	69.8409	-16.0486	-0.0045	132.3289
-0.0031	69.8409	-16.0516	-0.0045	132.338
-0.0031	69.8409	-16.0545	-0.0045	132.3472
-0.0031	69.8409	-16.0575	-0.0045	132.3563
-0.0031	69.8409	-16.0605	-0.0045	132.3655
-0.0031	69.8409	-16.0634	-0.0045	132.3746
-0.0031	69.8409	-16.0664	-0.0045	132.3837
-0.0031	69.8409	-16.0694	-0.0045	132.3929
-0.0031	69.8409	-16.0723	-0.0045	132.402
-0.0031	69.8409	-16.0753	-0.0045	132.4111
-0.0031	69.8409	-16.0783	-0.0045	132.4203
-0.0031	69.8409	-16.0812	-0.0045	132.4294
-0.0031	69.8409	-16.0842	-0.0045	132.4385
-0.0031	69.8409	-16.0872	-0.0045	132.4476
-0.0031	69.8409	-16.0901	-0.0045	132.4568
-0.0031	69.8409	-16.0931	-0.0045	132.4659
-0.0031	69.8409	-16.096	-0.0045	132.475
-0.0031	69.8409	-16.099	-0.0045	132.4841
-0.0031	69.8409	-16.102	-0.0045	132.4933
-0.0031	69.8409	-16.1049	-0.0045	132.5024
-0.0031	69.8409	-16.1079	-0.0045	132.5115
-0.0031	69.8409	-16.1108	-0.0045	132.5206
-0.0031	69.8409	-16.1138	-0.0045	132.5297
-0.0031	69.8409	-16.1168	-0.0045	132.5388
-0.0031	69.8409	-16.1197	-0.0045	132.5479
-0.0031	69.8409	-16.1227	-0.0045	132.557
-0.0031	69.8409	-16.1256	-0.0045	132.5662
-0.0031	69.8409	-16.1286	-0.0045	132.5753
-0.0031	69.8409	-16.1315	-0.0045	132.5844
-0.0031	69.8409	-16.1345	-0.0045	132.5935
-0.0031	69.8409	-16.1375	-0.0045	132.6026
-0.0031	69.8409	-16.1404	-0.0045	132.6117
-0.0031	69.8409	-16.1434	-0.0045	132.6208
-0.0031	69.8409	-16.1463	-0.0045	132.6299
-0.0031	69.8409	-16.1493	-0.0045	132.639
-0.0031	69.8409	-16.1522	-0.0045	132.6481
-0.0031	69.8409	-16.1552	-0.0045	132.6572
-0.0031	69.8409	-16.1581	-0.0045	132.6662
-0.0031	69.8409	-16.1611	-0.0045	132.6753
-0.0031	69.8409	-16.164	-0.0045	132.6844
-0.0031	69.8409	-16.167	-0.0045	132.6935
-0.0031	69.8409	-16.1699	-0.0045	132.7026
-0.0031	69.8409	-16.1729	-0.0045	132.7117
-0.0031	69.8409	-16.1758	-0.0045	132.7208
-0.0031	69.8409	-16.1788	-0.0045	132.7299
-0.0031	69.8409	-16.1817	-0.0045	132.7389
-0.0031	69.8409	-16.1847	-0.0045	132.748
-0.0031	69.8409	-16.1876	-0.0045	132.7571
-0.0031	69.8409	-16.1906	-0.0045	132.7662
-0.0031	69.8409	-16.1935	-0.0045	132.7752
-0.0031	69.8409	-16.1965	-0.0045	132.7843
-0.0031	69.8409	-16.1994	-0.0045	132.7934
-0.0031	69.8409	-16.2023	-0.0045	132.8024
-0.0031	69.8409	-16.2053	-0.0045	132.8115
-0.0031	69.8409	-16.2082	-0.0045	132.8206
-0.0031	69.8409	-16.2112	-0.0045	132.8296
-0.0031	69.8409	-16.2141	-0.0045	132.8387
-0.0031	69.8409	-16.2171	-0.0045	132.8478
-0.0031	69.8409	-16.22	-0.0045	132.8568
-0.0031	69.8409	-16.2229	-0.0045	132.8659
-0.0031	69.8409	-16.2259	-0.0045	132.8749
-0.0031	69.8409	-16.2288	-0.0045	132.884
-0.0031	69.8409	-16.2318	-0.0045	132.8931
-0.0031	69.8409	-16.2347	-0.0045	132.9021
-0.0031	69.8409	-16.2376	-0.0045	132.9112
-0.0031	69.8409	-16.2406	-0.0045	132.9202
-0.0031	69.8409	-16.2435	-0.0045	132.9293
-0.0031	69.8409	-16.2465	-0.0045	132.9383
-0.0031	69.8409	-16.2494	-0.0045	132.9473
-0.0031	69.8409	-16.2523	-0.0045	132.9564
-0.0031	69.8409	-16.2553	-0.0045	132.9654
-0.0031	69.8409	-16.2582	-0.0045	132.9745
-0.0031	69.8409	-16.2611	-0.0045	132.9835
-0.0031	69.8409	-16.2641	-0.0045	132.9925
-0.0031	69.8409	-16.267	-0.0045	133.0016
-0.0031	69.8409	-16.2699	-0.0045	133.0106
-0.0031	69.8409	-16.2729	-0.0045	133.0196
-0.0031	69.8409	-16.2758	-0.0045	133.0287
-0.0031	69.8409	-16.2787	-0.0045	133.0377
-0.0031	69.8409	-16.2817	-0.0045	133.0467
-0.0031	69.8409	-16.2846	-0.0045	133.0557
-0.0031	69.8409	-16.2875	-0.0045	133.0648
-0.0031	69.8409	-16.2904	-0.0045	133.0738
-0.0031	69.8409	-16.2934	-0.0045	133.0828
-0.0031	69.8409	-16.2963	-0.0045	133.0918
-0.0031	69.8409	-16.2992	-0.0045	133.1008
-0.0031	69.8409	-16.3022	-0.0045	133.1099
-0.0031	69.8409	-16.3051	-0.0045	133.1189
-0.0031	69.8409	-16.308	-0.0045	133.1279
-0.0031	69.8409	-16.3109	-0.0045	133.1369
-0.0031	69.8409	-16.3139	-0.0045	133.1459
-0.0031	69.8409	-16.3168	-0.0045	133.1549
-0.0031	69.8409	-16.3197	-0.0045	133.1639
-0.0031	69.8409	-16.3226	-0.0045	133.1729
-0.0031	69.8409	-16.3255	-0.0045	133.1819
-0.0031	69.8409	-16.3285	-0.0045	133.1909
-0.0031	69.8409	-16.3314	-0.0045	133.1999
-0.0031	69.8409	-16.3343	-0.0045	133.2089
-0.0031	69.8409	-16.3372	-0.0045	133.2179
-0.0031	69.8409	-16.3401	-0.0045	133.2269
-0.0031	69.8409	-16.3431	-0.0045	133.2359
-0.0031	69.8409	-16.346	-0.0045	133.2449
-0.0031	69.8409	-16.3489	-0.0045	133.2539
-0.0031	69.8409	-16.3518	-0.0045	133.2629
-0.0031	69.8409	-16.3547	-0.0045	133.2718
-0.0031	69.8409	-16.3577	-0.0045	133.2808
-0.0031	69.8409	-16.3606	-0.0045	133.2898
-0.0031	69.8409	-16.3635	-0.0045	133.2988
-0.0031	69.8409	-16.3664	-0.0045	133.3078
-0.0031	69.8409	-16.3693	-0.0045	133.3167
-0.0031	69.8409	-16.3722	-0.0045	133.3257
-0.0031	69.8409	-16.3751	-0.0045	133.3347
-0.0031	69.8409	-16.3781	-0.0045	133.3437
-0.0031	69.8409	-16.381	-0.0045	133.3526
-0.0031	69.8409	-16.3839	-0.0045	133.3616
-0.0031	69.8409	-16.3868	-0.0045	133.3706
-0.0031	69.8409	-16.3897	-0.0045	133.3795
-0.0031	69.8409	-16.3926	-0.0045	133.3885
-0.0031	69.8409	-16.3955	-0.0045	133.3974
-0.0031	69.8409	-16.3984	-0.0045	133.4064
-0.0031	69.8409	-16.4013	-0.0045	133.4154
-0.0031	69.8409	-16.4042	-0.0045	133.4243
-0.0031	69.8409	-16.4071	-0.0045	133.4333
-0.0031	69.8409	-16.41	-0.0045	133.4422
-0.0031	69.8409	-16.413	-0.0045	133.4512
-0.0031	69.8409	-16.4159	-0.0045	133.4601
-0.0031	69.8409	-16.4188	-0.0045	133.469
-0.0031	69.8409	-16.4217	-0.0045	133.478
-0.0031	69.8409	-16.4246	-0.0045	133.4869
-0.0031	69.8409	-16.4275	-0.0045	133.4959
-0.0031	69.8409	-16.4304	-0.0045	133.5048
-0.0031	69.8409	-16.4333	-0.0045	133.5137
-0.0031	69.8409	-16.4362	-0.0045	133.5227
-0.0031	69.8409	-16.4391	-0.0045	133.5316
-0.0031	69.8409	-16.442	-0.0045	133.5405
-0.0031	69.8409	-16.4449	-0.0045	133.5495
-0.0031	69.8409	-16.4478	-0.0045	133.5584
-0.0031	69.8409	-16.4507	-0.0045	133.5673
-0.0031	69.8409	-16.4536	-0.0045	133.5762
-0.0031	69.8409	-16.4565	-0.0045	133.5852
-0.0031	69.8409	-16.4594	-0.0045	133.5941
-0.0031	69.8409	-16.4623	-0.0045	133.603
-0.0031	69.8409	-16.4651	-0.0045	133.6119
-0.0031	69.8409	-16.468	-0.0045	133.6208
-0.0031	69.8409	-16.4709	-0.0045	133.6297
-0.0031	69.8409	-16.4738	-0.0045	133.6387
-0.0031	69.8409	-16.4767	-0.0045	133.6476
-0.0031	69.8409	-16.4796	-0.0045	133.6565
-0.0031	69.8409	-16.4825	-0.0045	133.6654
-0.0031	69.8409	-16.4854	-0.0045	133.6743
-0.0031	69.8409	-16.4883	-0.0045	133.6832
-0.0031	69.8409	-16.4912	-0.0045	133.6921
-0.0031	69.8409	-16.4941	-0.0045	133.701
-0.0031	69.8409	-16.4969	-0.0045	133.7099
-0.0031	69.8409	-16.4998	-0.0045	133.7188
-0.0031	69.8409	-16.5027	-0.0045	133.7277
-0.0031	69.8409	-16.5056	-0.0045	133.7365
-0.0031	69.8409	-16.5085	-0.0045	133.7454
-0.0031	69.8409	-16.5114	-0.0045	133.7543
-0.0031	69.8409	-16.5143	-0.0045	133.7632
-0.0031	69.8409	-16.5171	-0.0045	133.7721
-0.0031	69.8409	-16.52	-0.0045	133.781
-0.0031	69.8409	-16.5229	-0.0045	133.7898
-0.0031	69.8409	-16.5258	-0.0045	133.7987
-0.0031	69.8409	-16.5287	-0.0045	133.8076
-0.0031	69.8409	-16.5315	-0.0045	133.8165
-0.0031	69.8409	-16.5344	-0.0045	133.8253
-0.0031	69.8409	-16.5373	-0.0045	133.8342
-0.0031	69.8409	-16.5402	-0.0045	133.8431
-0.0031	69.8409	-16.5431	-0.0045	133.8519
-0.0031	69.8409	-16.5459	-0.0045	133.8608
-0.0031	69.8409	-16.5488	-0.0045	133.8696
-0.0031	69.8409	-16.5517	-0.0045	133.8785
-0.0031	69.8409	-16.5546	-0.0045	133.8874
-0.0031	69.8409	-16.5574	-0.0045	133.8962
-0.0031	69.8409	-16.5603	-0.0045	133.9051
-0.0031	69.8409	-16.5632	-0.0045	133.9139
-0.0031	69.8409	-16.5661	-0.0045	133.9228
-0.0031	69.8409	-16.5689	-0.0045	133.9316
-0.0031	69.8409	-16.5718	-0.0045	133.9405
-0.0031	69.8409	-16.5747	-0.0045	133.9493
-0.0031	69.8409	-16.5775	-0.0045	133.9581
-0.0031	69.8409	-16.5804	-0.0045	133.967
-0.0031	69.8409	-16.5833	-0.0045	133.9758
-0.0031	69.8409	-16.5862	-0.0045	133.9846
-0.0031	69.8409	-16.589	-0.0045	133.9935
-0.0031	69.8409	-16.5919	-0.0045	134.0023
-0.0031	69.8409	-16.5948	-0.0045	134.0111
-0.0031	69.8409	-16.5976	-0.0045	134.02
-0.0031	69.8409	-16.6005	-0.0045	134.0288
-0.0031	69.8409	-16.6033	-0.0045	134.0376
-0.0031	69.8409	-16.6062	-0.0045	134.0464
-0.0031	69.8409	-16.6091	-0.0045	134.0552
-0.0031	69.8409	-16.6119	-0.0045	134.0641
-0.0031	69.8409	-16.6148	-0.0045	134.0729
-0.0031	69.8409	-16.6177	-0.0045	134.0817
-0.0031	69.8409	-16.6205	-0.0045	134.0905
-0.0031	69.8409	-16.6234	-0.0045	134.0993
-0.0031	69.8409	-16.6262	-0.0045	134.1081
-0.0031	69.8409	-16.6291	-0.0045	134.1169
-0.0031	69.8409	-16.6319	-0.0045	134.1257
-0.0031	69.8409	-16.6348	-0.0045	134.1345
-0.0031	69.8409	-16.6377	-0.0045	134.1433
-0.0031	69.8409	-16.6405	-0.0045	134.1521
-0.0031	69.8409	-16.6434	-0.0045	134.1609
-0.0031	69.8409	-16.6462	-0.0045	134.1697
-0.0031	69.8409	-16.6491	-0.0045	134.1785
-0.0031	69.8409	-16.6519	-0.0045	134.1872
-0.0031	69.8409	-16.6548	-0.0045	134.196
-0.0031	69.8409	-16.6576	-0.0045	134.2048
-0.0031	69.8409	-16.6605	-0.0045	134.2136
-0.0031	69.8409	-16.6633	-0.0045	134.2224
-0.0031	69.8409	-16.6662	-0.0045	134.2311
-0.0031	69.8409	-16.669	-0.0045	134.2399
-0.0031	69.8409	-16.6719	-0.0045	134.2487
-0.0031	69.8409	-16.6747	-0.0045	134.2575
-0.0031	69.8409	-16.6776	-0.0045	134.2662
-0.0031	69.8409	-16.6804	-0.0045	134.275
-0.0031	69.8409	-16.6833	-0.0045	134.2838
-0.0031	69.8409	-16.6861	-0.0045	134.2925
-0.0031	69.8409	-16.6889	-0.0045	134.3013
-0.0031	69.8409	-16.6918	-0.0045	134.31
-0.0031	69.8409	-16.6946	-0.0045	134.3188
-0.0031	69.8409	-16.6975	-0.0045	134.3275
-0.0031	69.8409	-16.7003	-0.0045	134.3363
-0.0031	69.8409	-16.7032	-0.0045	134.345
-0.0031	69.8409	-16.706	-0.0045	134.3538
-0.0031	69.8409	-16.7088	-0.0045	134.3625
-0.0031	69.8409	-16.7117	-0.0045	134.3713
-0.0031	69.8409	-16.7145	-0.0045	134.38
-0.0031	69.8409	-16.7173	-0.0045	134.3887
-0.0031	69.8409	-16.7202	-0.0045	134.3975
-0.0031	69.8409	-16.723	-0.0045	134.4062
-0.0031	69.8409	-16.7258	-0.0045	134.4149
-0.0031	69.8409	-16.7287	-0.0045	134.4237
-0.0031	69.8409	-16.7315	-0.0045	134.4324
-0.0031	69.8409	-16.7343	-0.0045	134.4411
-0.0031	69.8409	-16.7372	-0.0045	134.4498
-0.0031	69.8409	-16.74	-0.0045	134.4585
-0.0031	69.8409	-16.7428	-0.0045	134.4673
-0.0031	69.8409	-16.7457	-0.0045	134.476
-0.0031	69.8409	-16.7485	-0.0045	134.4847
-0.0031	69.8409	-16.7513	-0.0045	134.4934
-0.0031	69.8409	-16.7541	-0.0045	134.5021
-0.0031	69.8409	-16.757	-0.0045	134.5108
-0.0031	69.8409	-16.7598	-0.0045	134.5195
-0.0031	69.8409	-16.7626	-0.0045	134.5282
-0.0031	69.8409	-16.7654	-0.0045	134.5369
-0.0031	69.8409	-16.7683	-0.0045	134.5456
-0.0031	69.8409	-16.7711	-0.0045	134.5543
-0.0031	69.8409	-16.7739	-0.0045	134.563
-0.0031	69.8409	-16.7767	-0.0045	134.5717
-0.0031	69.8409	-16.7796	-0.0045	134.5804
-0.0031	69.8409	-16.7824	-0.0045	134.5891
-0.0031	69.8409	-16.7852	-0.0045	134.5977
-0.0031	69.8409	-16.788	-0.0045	134.6064
-0.0031	69.8409	-16.7908	-0.0045	134.6151
-0.0031	69.8409	-16.7936	-0.0045	134.6238
-0.0031	69.8409	-16.7965	-0.0045	134.6325
-0.0031	69.8409	-16.7993	-0.0045	134.6411
-0.0031	69.8409	-16.8021	-0.0045	134.6498
-0.0031	69.8409	-16.8049	-0.0045	134.6585
-0.0031	69.8409	-16.8077	-0.0045	134.6671
-0.0031	69.8409	-16.8105	-0.0045	134.6758
-0.0031	69.8409	-16.8133	-0.0045	134.6844
-0.0031	69.8409	-16.8162	-0.0045	134.6931
-0.0031	69.8409	-16.819	-0.0045	134.7018
-0.0031	69.8409	-16.8218	-0.0045	134.7104
-0.0031	69.8409	-16.8246	-0.0045	134.7191
-0.0031	69.8409	-16.8274	-0.0045	134.7277
-0.0031	69.8409	-16.8302	-0.0045	134.7364
-0.0031	69.8409	-16.833	-0.0045	134.745
-0.0031	69.8409	-16.8358	-0.0045	134.7536
-0.0031	69.8409	-16.8386	-0.0045	134.7623
-0.0031	69.8409	-16.8414	-0.0045	134.7709
-0.0031	69.8409	-16.8442	-0.0045	134.7796
-0.0031	69.8409	-16.847	-0.0045	134.7882
-0.0031	69.8409	-16.8498	-0.0045	134.7968
-0.0031	69.8409	-16.8526	-0.0045	134.8054
-0.0031	69.8409	-16.8554	-0.0045	134.8141
-0.0031	69.8409	-16.8582	-0.0045	134.8227
-0.0031	69.8409	-16.861	-0.0045	134.8313
-0.0031	69.8409	-16.8638	-0.0045	134.8399
-0.0031	69.8409	-16.8666	-0.0045	134.8485
-0.0031	69.8409	-16.8694	-0.0045	134.8572
-0.0031	69.8409	-16.8722	-0.0045	134.8658
-0.0031	69.8409	-16.875	-0.0045	134.8744
-0.0031	69.8409	-16.8778	-0.0045	134.883
-0.0031	69.8409	-16.8806	-0.0045	134.8916
-0.0031	69.8409	-16.8834	-0.0045	134.9002
-0.0031	69.8409	-16.8862	-0.0045	134.9088
-0.0031	69.8409	-16.889	-0.0045	134.9174
-0.0031	69.8409	-16.8918	-0.0045	134.926
-0.0031	69.8409	-16.8945	-0.0045	134.9346
-0.0031	69.8409	-16.8973	-0.0045	134.9432
-0.0031	69.8409	-16.9001	-0.0045	134.9517
-0.0031	69.8409	-16.9029	-0.0045	134.9603
-0.0031	69.8409	-16.9057	-0.0045	134.9689
-0.0031	69.8409	-16.9085	-0.0045	134.9775
-0.0031	69.8409	-16.9113	-0.0045	134.9861
-0.0031	69.8409	-16.914	-0.0045	134.9946
-0.0031	69.8409	-16.9168	-0.0045	135.0032
-0.0031	69.8409	-16.9196	-0.0045	135.0118
-0.0031	69.8409	-16.9224	-0.0045	135.0203
-0.0031	69.8409	-16.9252	-0.0045	135.0289
-0.0031	69.8409	-16.928	-0.0045	135.0375
-0.0031	69.8409	-16.9307	-0.0045	135.046
-0.0031	69.8409	-16.9335	-0.0045	135.0546
-0.0031	69.8409	-16.9363	-0.0045	135.0631
-0.0031	69.8409	-16.9391	-0.0045	135.0717
-0.0031	69.8409	-16.9418	-0.0045	135.0802
-0.0031	69.8409	-16.9446	-0.0045	135.0888
-0.0031	69.8409	-16.9474	-0.0045	135.0973
-0.0031	69.8409	-16.9502	-0.0045	135.1059
-0.0031	69.8409	-16.9529	-0.0045	135.1144
-0.0031	69.8409	-16.9557	-0.0045	135.123
-0.0031	69.8409	-16.9585	-0.0045	135.1315
-0.0031	69.8409	-16.9613	-0.0045	135.14
-0.0031	69.8409	-16.964	-0.0045	135.1486
-0.0031	69.8409	-16.9668	-0.0045	135.1571
-0.0031	69.8409	-16.9696	-0.0045	135.1656
-0.0031	69.8409	-16.9723	-0.0045	135.1741
-0.0031	69.8409	-16.9751	-0.0045	135.1826
-0.0031	69.8409	-16.9779	-0.0045	135.1912
-0.0031	69.8409	-16.9806	-0.0045	135.1997
-0.0031	69.8409	-16.9834	-0.0045	135.2082
-0.0031	69.8409	-16.9861	-0.0045	135.2167
-0.0031	69.8409	-16.9889	-0.0045	135.2252
-0.0031	69.8409	-16.9917	-0.0045	135.2337
-0.0031	69.8409	-16.9944	-0.0045	135.2422
-0.0031	69.8409	-16.9972	-0.0045	135.2507
-0.0031	69.8409	-16.9999	-0.0045	135.2592
-0.0031	69.8409	-17.0027	-0.0045	135.2677
-0.0031	69.8409	-17.0055	-0.0045	135.2762
-0.0031	69.8409	-17.0082	-0.0045	135.2847
-0.0031	69.8409	-17.011	-0.0045	135.2932
-0.0031	69.8409	-17.0137	-0.0045	135.3017
-0.0031	69.8409	-17.0165	-0.0045	135.3101
-0.0031	69.8409	-17.0192	-0.0045	135.3186
-0.0031	69.8409	-17.022	-0.0045	135.3271
-0.0031	69.8409	-17.0247	-0.0045	135.3356
-0.0031	69.8409	-17.0275	-0.0045	135.344
-0.0031	69.8409	-17.0302	-0.0045	135.3525
-0.0031	69.8409	-17.033	-0.0045	135.361
-0.0031	69.8409	-17.0357	-0.0045	135.3694
-0.0031	69.8409	-17.0385	-0.0045	135.3779
-0.0031	69.8409	-17.0412	-0.0045	135.3864
-0.0031	69.8409	-17.044	-0.0045	135.3948
-0.0031	69.8409	-17.0467	-0.0045	135.4033
-0.0031	69.8409	-17.0495	-0.0045	135.4117
-0.0031	69.8409	-17.0522	-0.0045	135.4202
-0.0031	69.8409	-17.0549	-0.0045	135.4286
-0.0031	69.8409	-17.0577	-0.0045	135.4371
-0.0031	69.8409	-17.0604	-0.0045	135.4455
-0.0031	69.8409	-17.0632	-0.0045	135.4539
-0.0031	69.8409	-17.0659	-0.0045	135.4624
-0.0031	69.8409	-17.0686	-0.0045	135.4708
-0.0031	69.8409	-17.0714	-0.0045	135.4792
-0.0031	69.8409	-17.0741	-0.0045	135.4877
-0.0031	69.8409	-17.0768	-0.0045	135.4961
-0.0031	69.8409	-17.0796	-0.0045	135.5045
-0.0031	69.8409	-17.0823	-0.0045	135.5129
-0.0031	69.8409	-17.085	-0.0045	135.5213
-0.0031	69.8409	-17.0878	-0.0045	135.5298
-0.0031	69.8409	-17.0905	-0.0045	135.5382
-0.0031	69.8409	-17.0932	-0.0045	135.5466
-0.0031	69.8409	-17.096	-0.0045	135.555
-0.0031	69.8409	-17.0987	-0.0045	135.5634
-0.0031	69.8409	-17.1014	-0.0045	135.5718
-0.0031	69.8409	-17.1041	-0.0045	135.5802
-0.0031	69.8409	-17.1069	-0.0045	135.5886
-0.0031	69.8409	-17.1096	-0.0045	135.597
-0.0031	69.8409	-17.1123	-0.0045	135.6054
-0.0031	69.8409	-17.115	-0.0045	135.6137
-0.0031	69.8409	-17.1178	-0.0045	135.6221
-0.0031	69.8409	-17.1205	-0.0045	135.6305
-0.0031	69.8409	-17.1232	-0.0045	135.6389
-0.0031	69.8409	-17.1259	-0.0045	135.6473
-0.0031	69.8409	-17.1286	-0.0045	135.6556
-0.0031	69.8409	-17.1314	-0.0045	135.664
-0.0031	69.8409	-17.1341	-0.0045	135.6724
-0.0031	69.8409	-17.1368	-0.0045	135.6807
-0.0031	69.8409	-17.1395	-0.0045	135.6891
-0.0031	69.8409	-17.1422	-0.0045	135.6975
-0.0031	69.8409	-17.1449	-0.0045	135.7058
-0.0031	69.8409	-17.1477	-0.0045	135.7142
-0.0031	69.8409	-17.1504	-0.0045	135.7225
-0.0031	69.8409	-17.1531	-0.0045	135.7309
-0.0031	69.8409	-17.1558	-0.0045	135.7392
-0.0031	69.8409	-17.1585	-0.0045	135.7476
-0.0031	69.8409	-17.1612	-0.0045	135.7559
-0.0031	69.8409	-17.1639	-0.0045	135.7643
-0.0031	69.8409	-17.1666	-0.0045	135.7726
-0.0031	69.8409	-17.1693	-0.0045	135.7809
-0.0031	69.8409	-17.172	-0.0045	135.7892
-0.0031	69.8409	-17.1747	-0.0045	135.7976
-0.0031	69.8409	-17.1774	-0.0045	135.8059
-0.0031	69.8409	-17.1801	-0.0045	135.8142
-0.0031	69.8409	-17.1828	-0.0045	135.8225
-0.0031	69.8409	-17.1855	-0.0045	135.8309
-0.0031	69.8409	-17.1882	-0.0045	135.8392
-0.0031	69.8409	-17.1909	-0.0045	135.8475
-0.0031	69.8409	-17.1936	-0.0045	135.8558
-0.0031	69.8409	-17.1963	-0.0045	135.8641
-0.0031	69.8409	-17.199	-0.0045	135.8724
-0.0031	69.8409	-17.2017	-0.0045	135.8807
-0.0031	69.8409	-17.2044	-0.0045	135.889
-0.0031	69.8409	-17.2071	-0.0045	135.8973
-0.0031	69.8409	-17.2098	-0.0045	135.9056
-0.0031	69.8409	-17.2125	-0.0045	135.9139
-0.0031	69.8409	-17.2152	-0.0045	135.9222
-0.0031	69.8409	-17.2179	-0.0045	135.9304
-0.0031	69.8409	-17.2205	-0.0045	135.9387
-0.0031	69.8409	-17.2232	-0.0045	135.947
-0.0031	69.8409	-17.2259	-0.0045	135.9553
-0.0031	69.8409	-17.2286	-0.0045	135.9635
-0.0031	69.8409	-17.2313	-0.0045	135.9718
-0.0031	69.8409	-17.234	-0.0045	135.9801
-0.0031	69.8409	-17.2367	-0.0045	135.9883
-0.0031	69.8409	-17.2393	-0.0045	135.9966
-0.0031	69.8409	-17.242	-0.0045	136.0049
-0.0031	69.8409	-17.2447	-0.0045	136.0131
-0.0031	69.8409	-17.2474	-0.0045	136.0214
-0.0031	69.8409	-17.2501	-0.0045	136.0296
-0.0031	69.8409	-17.2527	-0.0045	136.0379
-0.0031	69.8409	-17.2554	-0.0045	136.0461
-0.0031	69.8409	-17.2581	-0.0045	136.0543
-0.0031	69.8409	-17.2608	-0.0045	136.0626
-0.0031	69.8409	-17.2634	-0.0045	136.0708
-0.0031	69.8409	-17.2661	-0.0045	136.079
-0.0031	69.8409	-17.2688	-0.0045	136.0873
-0.0031	69.8409	-17.2714	-0.0045	136.0955
-0.0031	69.8409	-17.2741	-0.0045	136.1037
-0.0031	69.8409	-17.2768	-0.0045	136.1119
-0.0031	69.8409	-17.2795	-0.0045	136.1202
-0.0031	69.8409	-17.2821	-0.0045	136.1284
-0.0031	69.8409	-17.2848	-0.0045	136.1366
-0.0031	69.8409	-17.2874	-0.0045	136.1448
-0.0031	69.8409	-17.2901	-0.0045	136.153
-0.0031	69.8409	-17.2928	-0.0045	136.1612
-0.0031	69.8409	-17.2954	-0.0045	136.1694
-0.0031	69.8409	-17.2981	-0.0045	136.1776
-0.0031	69.8409	-17.3008	-0.0045	136.1858
-0.0031	69.8409	-17.3034	-0.0045	136.194
-0.0031	69.8409	-17.3061	-0.0045	136.2022
-0.0031	69.8409	-17.3087	-0.0045	136.2103
-0.0031	69.8409	-17.3114	-0.0045	136.2185
-0.0031	69.8409	-17.314	-0.0045	136.2267
-0.0031	69.8409	-17.3167	-0.0045	136.2349
-0.0031	69.8409	-17.3194	-0.0045	136.2431
-0.0031	69.8409	-17.322	-0.0045	136.2512
-0.0031	69.8409	-17.3247	-0.0045	136.2594
-0.0031	69.8409	-17.3273	-0.0045	136.2676
-0.0031	69.8409	-17.33	-0.0045	136.2757
-0.0031	69.8409	-17.3326	-0.0045	136.2839
-0.0031	69.8409	-17.3353	-0.0045	136.292
-0.0031	69.8409	-17.3379	-0.0045	136.3002
-0.0031	69.8409	-17.3405	-0.0045	136.3083
-0.0031	69.8409	-17.3432	-0.0045	136.3165
-0.0031	69.8409	-17.3458	-0.0045	136.3246
-0.0031	69.8409	-17.3485	-0.0045	136.3328
-0.0031	69.8409	-17.3511	-0.0045	136.3409
-0.0031	69.8409	-17.3538	-0.0045	136.349
-0.0031	69.8409	-17.3564	-0.0045	136.3572
-0.0031	69.8409	-17.359	-0.0045	136.3653
-0.0031	69.8409	-17.3617	-0.0045	136.3734
-0.0031	69.8409	-17.3643	-0.0045	136.3816
-0.0031	69.8409	-17.367	-0.0045	136.3897
-0.0031	69.8409	-17.3696	-0.0045	136.3978
-0.0031	69.8409	-17.3722	-0.0045	136.4059
-0.0031	69.8409	-17.3749	-0.0045	136.414
-0.0031	69.8409	-17.3775	-0.0045	136.4221
-0.0031	69.8409	-17.3801	-0.0045	136.4302
-0.0031	69.8409	-17.3827	-0.0045	136.4383
-0.0031	69.8409	-17.3854	-0.0045	136.4464
-0.0031	69.8409	-17.388	-0.0045	136.4545
-0.0031	69.8409	-17.3906	-0.0045	136.4626
-0.0031	69.8409	-17.3933	-0.0045	136.4707
-0.0031	69.8409	-17.3959	-0.0045	136.4788
-0.0031	69.8409	-17.3985	-0.0045	136.4869
-0.0031	69.8409	-17.4011	-0.0045	136.495
-0.0031	69.8409	-17.4038	-0.0045	136.503
-0.0031	69.8409	-17.4064	-0.0045	136.5111
-0.0031	69.8409	-17.409	-0.0045	136.5192
-0.0031	69.8409	-17.4116	-0.0045	136.5273
-0.0031	69.8409	-17.4142	-0.0045	136.5353
-0.0031	69.8409	-17.4169	-0.0045	136.5434
-0.0031	69.8409	-17.4195	-0.0045	136.5514
-0.0031	69.8409	-17.4221	-0.0045	136.5595
-0.0031	69.8409	-17.4247	-0.0045	136.5675
-0.0031	69.8409	-17.4273	-0.0045	136.5756
-0.0031	69.8409	-17.4299	-0.0045	136.5836
-0.0031	69.8409	-17.4325	-0.0045	136.5917
-0.0031	69.8409	-17.4351	-0.0045	136.5997
-0.0031	69.8409	-17.4378	-0.0045	136.6078
-0.0031	69.8409	-17.4404	-0.0045	136.6158
-0.0031	69.8409	-17.443	-0.0045	136.6238
-0.0031	69.8409	-17.4456	-0.0045	136.6319
-0.0031	69.8409	-17.4482	-0.0045	136.6399
-0.0031	69.8409	-17.4508	-0.0045	136.6479
-0.0031	69.8409	-17.4534	-0.0045	136.6559
-0.0031	69.8409	-17.456	-0.0045	136.664
-0.0031	69.8409	-17.4586	-0.0045	136.672
-0.0031	69.8409	-17.4612	-0.0045	136.68
-0.0031	69.8409	-17.4638	-0.0045	136.688
-0.0031	69.8409	-17.4664	-0.0045	136.696
-0.0031	69.8409	-17.469	-0.0045	136.704
-0.0031	69.8409	-17.4716	-0.0045	136.712
-0.0031	69.8409	-17.4742	-0.0045	136.72
-0.0031	69.8409	-17.4768	-0.0045	136.728
-0.0031	69.8409	-17.4794	-0.0045	136.736
-0.0031	69.8409	-17.482	-0.0045	136.7439
-0.0031	69.8409	-17.4846	-0.0045	136.7519
-0.0031	69.8409	-17.4872	-0.0045	136.7599
-0.0031	69.8409	-17.4897	-0.0045	136.7679
-0.0031	69.8409	-17.4923	-0.0045	136.7759
-0.0031	69.8409	-17.4949	-0.0045	136.7838
-0.0031	69.8409	-17.4975	-0.0045	136.7918
-0.0031	69.8409	-17.5001	-0.0045	136.7998
-0.0031	69.8409	-17.5027	-0.0045	136.8077
-0.0031	69.8409	-17.5053	-0.0045	136.8157
-0.0031	69.8409	-17.5078	-0.0045	136.8236
-0.0031	69.8409	-17.5104	-0.0045	136.8316
-0.0031	69.8409	-17.513	-0.0045	136.8395
-0.0031	69.8409	-17.5156	-0.0045	136.8475
-0.0031	69.8409	-17.5182	-0.0045	136.8554
-0.0031	69.8409	-17.5207	-0.0045	136.8633
-0.0031	69.8409	-17.5233	-0.0045	136.8713
-0.0031	69.8409	-17.5259	-0.0045	136.8792
-0.0031	69.8409	-17.5285	-0.0045	136.8871
-0.0031	69.8409	-17.531	-0.0045	136.8951
-0.0031	69.8409	-17.5336	-0.0045	136.903
-0.0031	69.8409	-17.5362	-0.0045	136.9109
-0.0031	69.8409	-17.5387	-0.0045	136.9188
-0.0031	69.8409	-17.5413	-0.0045	136.9267
-0.0031	69.8409	-17.5439	-0.0045	136.9346
-0.0031	69.8409	-17.5464	-0.0045	136.9426
-0.0031	69.8409	-17.549	-0.0045	136.9505
-0.0031	69.8409	-17.5516	-0.0045	136.9584
-0.0031	69.8409	-17.5541	-0.0045	136.9663
-0.0031	69.8409	-17.5567	-0.0045	136.9741
-0.0031	69.8409	-17.5593	-0.0045	136.982
-0.0031	69.8409	-17.5618	-0.0045	136.9899
-0.0031	69.8409	-17.5644	-0.0045	136.9978
-0.0031	69.8409	-17.5669	-0.0045	137.0057
-0.0031	69.8409	-17.5695	-0.0045	137.0136
-0.0031	69.8409	-17.5721	-0.0045	137.0214
-0.0031	69.8409	-17.5746	-0.0045	137.0293
-0.0031	69.8409	-17.5772	-0.0045	137.0372
-0.0031	69.8409	-17.5797	-0.0045	137.045
-0.0031	69.8409	-17.5823	-0.0045	137.0529
-0.0031	69.8409	-17.5848	-0.0045	137.0608
-0.0031	69.8409	-17.5874	-0.0045	137.0686
-0.0031	69.8409	-17.5899	-0.0045	137.0765
-0.0031	69.8409	-17.5925	-0.0045	137.0843
-0.0031	69.8409	-17.595	-0.0045	137.0922
-0.0031	69.8409	-17.5976	-0.0045	137.1
-0.0031	69.8409	-17.6001	-0.0045	137.1078
-0.0031	69.8409	-17.6027	-0.0045	137.1157
-0.0031	69.8409	-17.6052	-0.0045	137.1235
-0.0031	69.8409	-17.6077	-0.0045	137.1313
-0.0031	69.8409	-17.6103	-0.0045	137.1392
-0.0031	69.8409	-17.6128	-0.0045	137.147
-0.0031	69.8409	-17.6154	-0.0045	137.1548
-0.0031	69.8409	-17.6179	-0.0045	137.1626
-0.0031	69.8409	-17.6204	-0.0045	137.1704
-0.0031	69.8409	-17.623	-0.0045	137.1782
-0.0031	69.8409	-17.6255	-0.0045	137.186
-0.0031	69.8409	-17.628	-0.0045	137.1938
-0.0031	69.8409	-17.6306	-0.0045	137.2016
-0.0031	69.8409	-17.6331	-0.0045	137.2094
-0.0031	69.8409	-17.6356	-0.0045	137.2172
-0.0031	69.8409	-17.6381	-0.0045	137.225
-0.0031	69.8409	-17.6407	-0.0045	137.2328
-0.0031	69.8409	-17.6432	-0.0045	137.2406
-0.0031	69.8409	-17.6457	-0.0045	137.2484
-0.0031	69.8409	-17.6483	-0.0045	137.2561
-0.0031	69.8409	-17.6508	-0.0045	137.2639
-0.0031	69.8409	-17.6533	-0.0045	137.2717
-0.0031	69.8409	-17.6558	-0.0045	137.2794
-0.0031	69.8409	-17.6583	-0.0045	137.2872
-0.0031	69.8409	-17.6609	-0.0045	137.295
-0.0031	69.8409	-17.6634	-0.0045	137.3027
-0.0031	69.8409	-17.6659	-0.0045	137.3105
-0.0031	69.8409	-17.6684	-0.0045	137.3182
-0.0031	69.8409	-17.6709	-0.0045	137.326
-0.0031	69.8409	-17.6734	-0.0045	137.3337
-0.0031	69.8409	-17.6759	-0.0045	137.3414
-0.0031	69.8409	-17.6785	-0.0045	137.3492
-0.0031	69.8409	-17.681	-0.0045	137.3569
-0.0031	69.8409	-17.6835	-0.0045	137.3646
-0.0031	69.8409	-17.686	-0.0045	137.3724
-0.0031	69.8409	-17.6885	-0.0045	137.3801
-0.0031	69.8409	-17.691	-0.0045	137.3878
-0.0031	69.8409	-17.6935	-0.0045	137.3955
-0.0031	69.8409	-17.696	-0.0045	137.4032
-0.0031	69.8409	-17.6985	-0.0045	137.4109
-0.0031	69.8409	-17.701	-0.0045	137.4186
-0.0031	69.8409	-17.7035	-0.0045	137.4263
-0.0031	69.8409	-17.706	-0.0045	137.434
-0.0031	69.8409	-17.7085	-0.0045	137.4417
-0.0031	69.8409	-17.711	-0.0045	137.4494
-0.0031	69.8409	-17.7135	-0.0045	137.4571
-0.0031	69.8409	-17.716	-0.0045	137.4648
-0.0031	69.8409	-17.7185	-0.0045	137.4725
-0.0031	69.8409	-17.721	-0.0045	137.4802
-0.0031	69.8409	-17.7235	-0.0045	137.4878
-0.0031	69.8409	-17.726	-0.0045	137.4955
-0.0031	69.8409	-17.7285	-0.0045	137.5032
-0.0031	69.8409	-17.7309	-0.0045	137.5108
-0.0031	69.8409	-17.7334	-0.0045	137.5185
-0.0031	69.8409	-17.7359	-0.0045	137.5262
-0.0031	69.8409	-17.7384	-0.0045	137.5338
-0.0031	69.8409	-17.7409	-0.0045	137.5415
-0.0031	69.8409	-17.7434	-0.0045	137.5491
-0.0031	69.8409	-17.7459	-0.0045	137.5568
-0.0031	69.8409	-17.7483	-0.0045	137.5644
-0.0031	69.8409	-17.7508	-0.0045	137.572
-0.0031	69.8409	-17.7533	-0.0045	137.5797
-0.0031	69.8409	-17.7558	-0.0045	137.5873
-0.0031	69.8409	-17.7582	-0.0045	137.5949
-0.0031	69.8409	-17.7607	-0.0045	137.6025
-0.0031	69.8409	-17.7632	-0.0045	137.6102
-0.0031	69.8409	-17.7657	-0.0045	137.6178
-0.0031	69.8409	-17.7681	-0.0045	137.6254
-0.0031	69.8409	-17.7706	-0.0045	137.633
-0.0031	69.8409	-17.7731	-0.0045	137.6406
-0.0031	69.8409	-17.7755	-0.0045	137.6482
-0.0031	69.8409	-17.778	-0.0045	137.6558
-0.0031	69.8409	-17.7805	-0.0045	137.6634
-0.0031	69.8409	-17.7829	-0.0045	137.671
-0.0031	69.8409	-17.7854	-0.0045	137.6786
-0.0031	69.8409	-17.7879	-0.0045	137.6862
-0.0031	69.8409	-17.7903	-0.0045	137.6938
-0.0031	69.8409	-17.7928	-0.0045	137.7013
-0.0031	69.8409	-17.7952	-0.0045	137.7089
-0.0031	69.8409	-17.7977	-0.0045	137.7165
-0.0031	69.8409	-17.8002	-0.0045	137.724
-0.0031	69.8409	-17.8026	-0.0045	137.7316
-0.0031	69.8409	-17.8051	-0.0045	137.7392
-0.0031	69.8409	-17.8075	-0.0045	137.7467
-0.0031	69.8409	-17.81	-0.0045	137.7543
-0.0031	69.8409	-17.8124	-0.0045	137.7618
-0.0031	69.8409	-17.8149	-0.0045	137.7694
-0.0031	69.8409	-17.8173	-0.0045	137.7769
-0.0031	69.8409	-17.8198	-0.0045	137.7845
-0.0031	69.8409	-17.8222	-0.0045	137.792
-0.0031	69.8409	-17.8247	-0.0045	137.7995
-0.0031	69.8409	-17.8271	-0.0045	137.8071
-0.0031	69.8409	-17.8296	-0.0045	137.8146
-0.0031	69.8409	-17.832	-0.0045	137.8221
-0.0031	69.8409	-17.8344	-0.0045	137.8296
-0.0031	69.8409	-17.8369	-0.0045	137.8371
-0.0031	69.8409	-17.8393	-0.0045	137.8446
-0.0031	69.8409	-17.8418	-0.0045	137.8522
-0.0031	69.8409	-17.8442	-0.0045	137.8597
-0.0031	69.8409	-17.8466	-0.0045	137.8672
-0.0031	69.8409	-17.8491	-0.0045	137.8747
-0.0031	69.8409	-17.8515	-0.0045	137.8821
-0.0031	69.8409	-17.8539	-0.0045	137.8896
-0.0031	69.8409	-17.8564	-0.0045	137.8971
-0.0031	69.8409	-17.8588	-0.0045	137.9046
-0.0031	69.8409	-17.8612	-0.0045	137.9121
-0.0031	69.8409	-17.8636	-0.0045	137.9196
-0.0031	69.8409	-17.8661	-0.0045	137.927
-0.0031	69.8409	-17.8685	-0.0045	137.9345
-0.0031	69.8409	-17.8709	-0.0045	137.942
-0.0031	69.8409	-17.8733	-0.0045	137.9494
-0.0031	69.8409	-17.8758	-0.0045	137.9569
-0.0031	69.8409	-17.8782	-0.0045	137.9643
-0.0031	69.8409	-17.8806	-0.0045	137.9718
-0.0031	69.8409	-17.883	-0.0045	137.9792
-0.0031	69.8409	-17.8854	-0.0045	137.9867
-0.0031	69.8409	-17.8878	-0.0045	137.9941
-0.0031	69.8409	-17.8903	-0.0045	138.0016
-0.0031	69.8409	-17.8927	-0.0045	138.009
-0.0031	69.8409	-17.8951	-0.0045	138.0164
-0.0031	69.8409	-17.8975	-0.0045	138.0238
-0.0031	69.8409	-17.8999	-0.0045	138.0313
-0.0031	69.8409	-17.9023	-0.0045	138.0387
-0.0031	69.8409	-17.9047	-0.0045	138.0461
-0.0031	69.8409	-17.9071	-0.0045	138.0535
-0.0031	69.8409	-17.9095	-0.0045	138.0609
-0.0031	69.8409	-17.9119	-0.0045	138.0683
-0.0031	69.8409	-17.9143	-0.0045	138.0757
-0.0031	69.8409	-17.9167	-0.0045	138.0831
-0.0031	69.8409	-17.9191	-0.0045	138.0905
-0.0031	69.8409	-17.9215	-0.0045	138.0979
-0.0031	69.8409	-17.9239	-0.0045	138.1053
-0.0031	69.8409	-17.9263	-0.0045	138.1127
-0.0031	69.8409	-17.9287	-0.0045	138.12
-0.0031	69.8409	-17.9311	-0.0045	138.1274
-0.0031	69.8409	-17.9335	-0.0045	138.1348
-0.0031	69.8409	-17.9359	-0.0045	138.1422
-0.0031	69.8409	-17.9383	-0.0045	138.1495
-0.0031	69.8409	-17.9407	-0.0045	138.1569
-0.0031	69.8409	-17.9431	-0.0045	138.1642
-0.0031	69.8409	-17.9455	-0.0045	138.1716
-0.0031	69.8409	-17.9478	-0.0045	138.1789
-0.0031	69.8409	-17.9502	-0.0045	138.1863
-0.0031	69.8409	-17.9526	-0.0045	138.1936
-0.0031	69.8409	-17.955	-0.0045	138.201
-0.0031	69.8409	-17.9574	-0.0045	138.2083
-0.0031	69.8409	-17.9598	-0.0045	138.2156
-0.0031	69.8409	-17.9621	-0.0045	138.223
-0.0031	69.8409	-17.9645	-0.0045	138.2303
-0.0031	69.8409	-17.9669	-0.0045	138.2376
-0.0031	69.8409	-17.9693	-0.0045	138.2449
-0.0031	69.8409	-17.9716	-0.0045	138.2522
-0.0031	69.8409	-17.974	-0.0045	138.2595
-0.0031	69.8409	-17.9764	-0.0045	138.2668
-0.0031	69.8409	-17.9788	-0.0045	138.2741
-0.0031	69.8409	-17.9811	-0.0045	138.2814
-0.0031	69.8409	-17.9835	-0.0045	138.2887
-0.0031	69.8409	-17.9859	-0.0045	138.296
-0.0031	69.8409	-17.9882	-0.0045	138.3033
-0.0031	69.8409	-17.9906	-0.0045	138.3106
-0.0031	69.8409	-17.993	-0.0045	138.3179
-0.0031	69.8409	-17.9953	-0.0045	138.3251
-0.0031	69.8409	-17.9977	-0.0045	138.3324
-0.0031	69.8409	-18	-0.0045	138.3397
-0.0031	69.8409	-18.0024	-0.0045	138.347
-0.0031	69.8409	-18.0047	-0.0045	138.3542
-0.0031	69.8409	-18.0071	-0.0045	138.3615
-0.0031	69.8409	-18.0095	-0.0045	138.3687
-0.0031	69.8409	-18.0118	-0.0045	138.376
-0.0031	69.8409	-18.0142	-0.0045	138.3832
-0.0031	69.8409	-18.0165	-0.0045	138.3905
-0.0031	69.8409	-18.0189	-0.0045	138.3977
-0.0031	69.8409	-18.0212	-0.0045	138.4049
-0.0031	69.8409	-18.0236	-0.0045	138.4122
-0.0031	69.8409	-18.0259	-0.0045	138.4194
-0.0031	69.8409	-18.0283	-0.0045	138.4266
-0.0031	69.8409	-18.0306	-0.0045	138.4338
-0.0031	69.8409	-18.0329	-0.0045	138.441
-0.0031	69.8409	-18.0353	-0.0045	138.4483
-0.0031	69.8409	-18.0376	-0.0045	138.4555
-0.0031	69.8409	-18.04	-0.0045	138.4627
-0.0031	69.8409	-18.0423	-0.0045	138.4699
-0.0031	69.8409	-18.0446	-0.0045	138.4771
-0.0031	69.8409	-18.047	-0.0045	138.4843
-0.0031	69.8409	-18.0493	-0.0045	138.4915
-0.0031	69.8409	-18.0516	-0.0045	138.4986
-0.0031	69.8409	-18.054	-0.0045	138.5058
-0.0031	69.8409	-18.0563	-0.0045	138.513
-0.0031	69.8409	-18.0586	-0.0045	138.5202
-0.0031	69.8409	-18.061	-0.0045	138.5273
-0.0031	69.8409	-18.0633	-0.0045	138.5345
-0.0031	69.8409	-18.0656	-0.0045	138.5417
-0.0031	69.8409	-18.0679	-0.0045	138.5488
-0.0031	69.8409	-18.0703	-0.0045	138.556
-0.0031	69.8409	-18.0726	-0.0045	138.5631
-0.0031	69.8409	-18.0749	-0.0045	138.5703
-0.0031	69.8409	-18.0772	-0.0045	138.5774
-0.0031	69.8409	-18.0795	-0.0045	138.5846
-0.0031	69.8409	-18.0819	-0.0045	138.5917
-0.0031	69.8409	-18.0842	-0.0045	138.5988
-0.0031	69.8409	-18.0865	-0.0045	138.606
-0.0031	69.8409	-18.0888	-0.0045	138.6131
-0.0031	69.8409	-18.0911	-0.0045	138.6202
-0.0031	69.8409	-18.0934	-0.0045	138.6273
-0.0031	69.8409	-18.0957	-0.0045	138.6344
-0.0031	69.8409	-18.098	-0.0045	138.6415
-0.0031	69.8409	-18.1003	-0.0045	138.6487
-0.0031	69.8409	-18.1026	-0.0045	138.6558
-0.0031	69.8409	-18.105	-0.0045	138.6629
-0.0031	69.8409	-18.1073	-0.0045	138.6699
-0.0031	69.8409	-18.1096	-0.0045	138.677
-0.0031	69.8409	-18.1119	-0.0045	138.6841
-0.0031	69.8409	-18.1142	-0.0045	138.6912
-0.0031	69.8409	-18.1165	-0.0045	138.6983
-0.0031	69.8409	-18.1188	-0.0045	138.7054
-0.0031	69.8409	-18.121	-0.0045	138.7124
-0.0031	69.8409	-18.1233	-0.0045	138.7195
-0.0031	69.8409	-18.1256	-0.0045	138.7266
-0.0031	69.8409	-18.1279	-0.0045	138.7336
-0.0031	69.8409	-18.1302	-0.0045	138.7407
-0.0031	69.8409	-18.1325	-0.0045	138.7477
-0.0031	69.8409	-18.1348	-0.0045	138.7548
-0.0031	69.8409	-18.1371	-0.0045	138.7618
-0.0031	69.8409	-18.1394	-0.0045	138.7689
-0.0031	69.8409	-18.1417	-0.0045	138.7759
-0.0031	69.8409	-18.1439	-0.0045	138.7829
-0.0031	69.8409	-18.1462	-0.0045	138.79
-0.0031	69.8409	-18.1485	-0.0045	138.797
-0.0031	69.8409	-18.1508	-0.0045	138.804
-0.0031	69.8409	-18.1531	-0.0045	138.811
-0.0031	69.8409	-18.1553	-0.0045	138.818
-0.0031	69.8409	-18.1576	-0.0045	138.825
-0.0031	69.8409	-18.1599	-0.0045	138.8321
-0.0031	69.8409	-18.1622	-0.0045	138.8391
-0.0031	69.8409	-18.1644	-0.0045	138.8461
-0.0031	69.8409	-18.1667	-0.0045	138.853
-0.0031	69.8409	-18.169	-0.0045	138.86
-0.0031	69.8409	-18.1712	-0.0045	138.867
-0.0031	69.8409	-18.1735	-0.0045	138.874
-0.0031	69.8409	-18.1758	-0.0045	138.881
-0.0031	69.8409	-18.178	-0.0045	138.888
-0.0031	69.8409	-18.1803	-0.0045	138.8949
-0.0031	69.8409	-18.1826	-0.0045	138.9019
-0.0031	69.8409	-18.1848	-0.0045	138.9089
-0.0031	69.8409	-18.1871	-0.0045	138.9158
-0.0031	69.8409	-18.1893	-0.0045	138.9228
-0.0031	69.8409	-18.1916	-0.0045	138.9297
-0.0031	69.8409	-18.1938	-0.0045	138.9367
-0.0031	69.8409	-18.1961	-0.0045	138.9436
-0.0031	69.8409	-18.1984	-0.0045	138.9505
-0.0031	69.8409	-18.2006	-0.0045	138.9575
-0.0031	69.8409	-18.2029	-0.0045	138.9644
-0.0031	69.8409	-18.2051	-0.0045	138.9713
-0.0031	69.8409	-18.2073	-0.0045	138.9783
-0.0031	69.8409	-18.2096	-0.0045	138.9852
-0.0031	69.8409	-18.2118	-0.0045	138.9921
-0.0031	69.8409	-18.2141	-0.0045	138.999
-0.0031	69.8409	-18.2163	-0.0045	139.0059
-0.0031	69.8409	-18.2186	-0.0045	139.0128
-0.0031	69.8409	-18.2208	-0.0045	139.0197
-0.0031	69.8409	-18.223	-0.0045	139.0266
-0.0031	69.8409	-18.2253	-0.0045	139.0335
-0.0031	69.8409	-18.2275	-0.0045	139.0404
-0.0031	69.8409	-18.2298	-0.0045	139.0473
-0.0031	69.8409	-18.232	-0.0045	139.0542
-0.0031	69.8409	-18.2342	-0.0045	139.061
-0.0031	69.8409	-18.2365	-0.0045	139.0679
-0.0031	69.8409	-18.2387	-0.0045	139.0748
-0.0031	69.8409	-18.2409	-0.0045	139.0816
-0.0031	69.8409	-18.2431	-0.0045	139.0885
-0.0031	69.8409	-18.2454	-0.0045	139.0954
-0.0031	69.8409	-18.2476	-0.0045	139.1022
-0.0031	69.8409	-18.2498	-0.0045	139.1091
-0.0031	69.8409	-18.252	-0.0045	139.1159
-0.0031	69.8409	-18.2543	-0.0045	139.1227
-0.0031	69.8409	-18.2565	-0.0045	139.1296
-0.0031	69.8409	-18.2587	-0.0045	139.1364
-0.0031	69.8409	-18.2609	-0.0045	139.1432
-0.0031	69.8409	-18.2631	-0.0045	139.1501
-0.0031	69.8409	-18.2653	-0.0045	139.1569
-0.0031	69.8409	-18.2676	-0.0045	139.1637
-0.0031	69.8409	-18.2698	-0.0045	139.1705
-0.0031	69.8409	-18.272	-0.0045	139.1773
-0.0031	69.8409	-18.2742	-0.0045	139.1841
-0.0031	69.8409	-18.2764	-0.0045	139.1909
-0.0031	69.8409	-18.2786	-0.0045	139.1977
-0.0031	69.8409	-18.2808	-0.0045	139.2045
-0.0031	69.8409	-18.283	-0.0045	139.2113
-0.0031	69.8409	-18.2852	-0.0045	139.2181
-0.0031	69.8409	-18.2874	-0.0045	139.2249
-0.0031	69.8409	-18.2896	-0.0045	139.2316
-0.0031	69.8409	-18.2918	-0.0045	139.2384
-0.0031	69.8409	-18.294	-0.0045	139.2452
-0.0031	69.8409	-18.2962	-0.0045	139.2519
-0.0031	69.8409	-18.2984	-0.0045	139.2587
-0.0031	69.8409	-18.3006	-0.0045	139.2655
-0.0031	69.8409	-18.3028	-0.0045	139.2722
-0.0031	69.8409	-18.305	-0.0045	139.279
-0.0031	69.8409	-18.3072	-0.0045	139.2857
-0.0031	69.8409	-18.3093	-0.0045	139.2924
-0.0031	69.8409	-18.3115	-0.0045	139.2992
-0.0031	69.8409	-18.3137	-0.0045	139.3059
-0.0031	69.8409	-18.3159	-0.0045	139.3126
-0.0031	69.8409	-18.3181	-0.0045	139.3194
-0.0031	69.8409	-18.3203	-0.0045	139.3261
-0.0031	69.8409	-18.3224	-0.0045	139.3328
-0.0031	69.8409	-18.3246	-0.0045	139.3395
-0.0031	69.8409	-18.3268	-0.0045	139.3462
-0.0031	69.8409	-18.329	-0.0045	139.3529
-0.0031	69.8409	-18.3312	-0.0045	139.3596
-0.0031	69.8409	-18.3333	-0.0045	139.3663
-0.0031	69.8409	-18.3355	-0.0045	139.373
-0.0031	69.8409	-18.3377	-0.0045	139.3797
-0.0031	69.8409	-18.3398	-0.0045	139.3864
-0.0031	69.8409	-18.342	-0.0045	139.3931
-0.0031	69.8409	-18.3442	-0.0045	139.3997
-0.0031	69.8409	-18.3463	-0.0045	139.4064
-0.0031	69.8409	-18.3485	-0.0045	139.4131
-0.0031	69.8409	-18.3507	-0.0045	139.4197
-0.0031	69.8409	-18.3528	-0.0045	139.4264
-0.0031	69.8409	-18.355	-0.0045	139.433
-0.0031	69.8409	-18.3572	-0.0045	139.4397
-0.0031	69.8409	-18.3593	-0.0045	139.4463
-0.0031	69.8409	-18.3615	-0.0045	139.453
-0.0031	69.8409	-18.3636	-0.0045	139.4596
-0.0031	69.8409	-18.3658	-0.0045	139.4663
-0.0031	69.8409	-18.3679	-0.0045	139.4729
-0.0031	69.8409	-18.3701	-0.0045	139.4795
-0.0031	69.8409	-18.3722	-0.0045	139.4861
-0.0031	69.8409	-18.3744	-0.0045	139.4927
-0.0031	69.8409	-18.3765	-0.0045	139.4994
-0.0031	69.8409	-18.3787	-0.0045	139.506
-0.0031	69.8409	-18.3808	-0.0045	139.5126
-0.0031	69.8409	-18.383	-0.0045	139.5192
-0.0031	69.8409	-18.3851	-0.0045	139.5258
-0.0031	69.8409	-18.3872	-0.0045	139.5324
-0.0031	69.8409	-18.3894	-0.0045	139.539
-0.0031	69.8409	-18.3915	-0.0045	139.5455
-0.0031	69.8409	-18.3937	-0.0045	139.5521
-0.0031	69.8409	-18.3958	-0.0045	139.5587
-0.0031	69.8409	-18.3979	-0.0045	139.5653
-0.0031	69.8409	-18.4001	-0.0045	139.5718
-0.0031	69.8409	-18.4022	-0.0045	139.5784
-0.0031	69.8409	-18.4043	-0.0045	139.585
-0.0031	69.8409	-18.4064	-0.0045	139.5915
-0.0031	69.8409	-18.4086	-0.0045	139.5981
-0.0031	69.8409	-18.4107	-0.0045	139.6046
-0.0031	69.8409	-18.4128	-0.0045	139.6112
-0.0031	69.8409	-18.4149	-0.0045	139.6177
-0.0031	69.8409	-18.4171	-0.0045	139.6242
-0.0031	69.8409	-18.4192	-0.0045	139.6308
-0.0031	69.8409	-18.4213	-0.0045	139.6373
-0.0031	69.8409	-18.4234	-0.0045	139.6438
-0.0031	69.8409	-18.4255	-0.0045	139.6503
-0.0031	69.8409	-18.4277	-0.0045	139.6569
-0.0031	69.8409	-18.4298	-0.0045	139.6634
-0.0031	69.8409	-18.4319	-0.0045	139.6699
-0.0031	69.8409	-18.434	-0.0045	139.6764
-0.0031	69.8409	-18.4361	-0.0045	139.6829
-0.0031	69.8409	-18.4382	-0.0045	139.6894
-0.0031	69.8409	-18.4403	-0.0045	139.6958
-0.0031	69.8409	-18.4424	-0.0045	139.7023
-0.0031	69.8409	-18.4445	-0.0045	139.7088
-0.0031	69.8409	-18.4466	-0.0045	139.7153
-0.0031	69.8409	-18.4487	-0.0045	139.7218
-0.0031	69.8409	-18.4508	-0.0045	139.7282
-0.0031	69.8409	-18.4529	-0.0045	139.7347
-0.0031	69.8409	-18.455	-0.0045	139.7412
-0.0031	69.8409	-18.4571	-0.0045	139.7476
-0.0031	69.8409	-18.4592	-0.0045	139.7541
-0.0031	69.8409	-18.4613	-0.0045	139.7605
-0.0031	69.8409	-18.4634	-0.0045	139.767
-0.0031	69.8409	-18.4655	-0.0045	139.7734
-0.0031	69.8409	-18.4676	-0.0045	139.7798
-0.0031	69.8409	-18.4697	-0.0045	139.7863
-0.0031	69.8409	-18.4718	-0.0045	139.7927
-0.0031	69.8409	-18.4738	-0.0045	139.7991
-0.0031	69.8409	-18.4759	-0.0045	139.8055
-0.0031	69.8409	-18.478	-0.0045	139.8119
-0.0031	69.8409	-18.4801	-0.0045	139.8184
-0.0031	69.8409	-18.4822	-0.0045	139.8248
-0.0031	69.8409	-18.4842	-0.0045	139.8312
-0.0031	69.8409	-18.4863	-0.0045	139.8376
-0.0031	69.8409	-18.4884	-0.0045	139.844
-0.0031	69.8409	-18.4905	-0.0045	139.8503
-0.0031	69.8409	-18.4925	-0.0045	139.8567
-0.0031	69.8409	-18.4946	-0.0045	139.8631
-0.0031	69.8409	-18.4967	-0.0045	139.8695
-0.0031	69.8409	-18.4988	-0.0045	139.8759
-0.0031	69.8409	-18.5008	-0.0045	139.8822
-0.0031	69.8409	-18.5029	-0.0045	139.8886
-0.0031	69.8409	-18.505	-0.0045	139.8949
-0.0031	69.8409	-18.507	-0.0045	139.9013
-0.0031	69.8409	-18.5091	-0.0045	139.9077
-0.0031	69.8409	-18.5111	-0.0045	139.914
-0.0031	69.8409	-18.5132	-0.0045	139.9203
-0.0031	69.8409	-18.5153	-0.0045	139.9267
-0.0031	69.8409	-18.5173	-0.0045	139.933
-0.0031	69.8409	-18.5194	-0.0045	139.9393
-0.0031	69.8409	-18.5214	-0.0045	139.9457
-0.0031	69.8409	-18.5235	-0.0045	139.952
-0.0031	69.8409	-18.5255	-0.0045	139.9583
-0.0031	69.8409	-18.5276	-0.0045	139.9646
-0.0031	69.8409	-18.5296	-0.0045	139.9709
-0.0031	69.8409	-18.5317	-0.0045	139.9772
-0.0031	69.8409	-18.5337	-0.0045	139.9835
-0.0031	69.8409	-18.5358	-0.0045	139.9898
-0.0031	69.8409	-18.5378	-0.0045	139.9961
-0.0031	69.8409	-18.5398	-0.0045	140.0024
-0.0031	69.8409	-18.5419	-0.0045	140.0087
-0.0031	69.8409	-18.5439	-0.0045	140.015
-0.0031	69.8409	-18.546	-0.0045	140.0212
-0.0031	69.8409	-18.548	-0.0045	140.0275
-0.0031	69.8409	-18.55	-0.0045	140.0338
-0.0031	69.8409	-18.5521	-0.0045	140.04
-0.0031	69.8409	-18.5541	-0.0045	140.0463
-0.0031	69.8409	-18.5561	-0.0045	140.0526
-0.0031	69.8409	-18.5581	-0.0045	140.0588
-0.0031	69.8409	-18.5602	-0.0045	140.065
-0.0031	69.8409	-18.5622	-0.0045	140.0713
-0.0031	69.8409	-18.5642	-0.0045	140.0775
-0.0031	69.8409	-18.5663	-0.0045	140.0838
-0.0031	69.8409	-18.5683	-0.0045	140.09
-0.0031	69.8409	-18.5703	-0.0045	140.0962
-0.0031	69.8409	-18.5723	-0.0045	140.1024
-0.0031	69.8409	-18.5743	-0.0045	140.1086
-0.0031	69.8409	-18.5763	-0.0045	140.1149
-0.0031	69.8409	-18.5784	-0.0045	140.1211
-0.0031	69.8409	-18.5804	-0.0045	140.1273
-0.0031	69.8409	-18.5824	-0.0045	140.1335
-0.0031	69.8409	-18.5844	-0.0045	140.1397
-0.0031	69.8409	-18.5864	-0.0045	140.1458
-0.0031	69.8409	-18.5884	-0.0045	140.152
-0.0031	69.8409	-18.5904	-0.0045	140.1582
-0.0031	69.8409	-18.5924	-0.0045	140.1644
-0.0031	69.8409	-18.5944	-0.0045	140.1706
-0.0031	69.8409	-18.5964	-0.0045	140.1767
-0.0031	69.8409	-18.5984	-0.0045	140.1829
-0.0031	69.8409	-18.6004	-0.0045	140.189
-0.0031	69.8409	-18.6024	-0.0045	140.1952
-0.0031	69.8409	-18.6044	-0.0045	140.2013
-0.0031	69.8409	-18.6064	-0.0045	140.2075
-0.0031	69.8409	-18.6084	-0.0045	140.2136
-0.0031	69.8409	-18.6104	-0.0045	140.2198
-0.0031	69.8409	-18.6124	-0.0045	140.2259
-0.0031	69.8409	-18.6144	-0.0045	140.232
-0.0031	69.8409	-18.6164	-0.0045	140.2382
-0.0031	69.8409	-18.6184	-0.0045	140.2443
-0.0031	69.8409	-18.6203	-0.0045	140.2504
-0.0031	69.8409	-18.6223	-0.0045	140.2565
-0.0031	69.8409	-18.6243	-0.0045	140.2626
-0.0031	69.8409	-18.6263	-0.0045	140.2687
-0.0031	69.8409	-18.6283	-0.0045	140.2748
-0.0031	69.8409	-18.6303	-0.0045	140.2809
-0.0031	69.8409	-18.6322	-0.0045	140.287
-0.0031	69.8409	-18.6342	-0.0045	140.2931
-0.0031	69.8409	-18.6362	-0.0045	140.2992
-0.0031	69.8409	-18.6382	-0.0045	140.3052
-0.0031	69.8409	-18.6401	-0.0045	140.3113
-0.0031	69.8409	-18.6421	-0.0045	140.3174
-0.0031	69.8409	-18.6441	-0.0045	140.3234
-0.0031	69.8409	-18.646	-0.0045	140.3295
-0.0031	69.8409	-18.648	-0.0045	140.3356
-0.0031	69.8409	-18.65	-0.0045	140.3416
-0.0031	69.8409	-18.6519	-0.0045	140.3477
-0.0031	69.8409	-18.6539	-0.0045	140.3537
-0.0031	69.8409	-18.6558	-0.0045	140.3597
-0.0031	69.8409	-18.6578	-0.0045	140.3658
-0.0031	69.8409	-18.6598	-0.0045	140.3718
-0.0031	69.8409	-18.6617	-0.0045	140.3778
-0.0031	69.8409	-18.6637	-0.0045	140.3838
-0.0031	69.8409	-18.6656	-0.0045	140.3899
-0.0031	69.8409	-18.6676	-0.0045	140.3959
-0.0031	69.8409	-18.6695	-0.0045	140.4019
-0.0031	69.8409	-18.6715	-0.0045	140.4079
-0.0031	69.8409	-18.6734	-0.0045	140.4139
-0.0031	69.8409	-18.6754	-0.0045	140.4199
-0.0031	69.8409	-18.6773	-0.0045	140.4259
-0.0031	69.8409	-18.6793	-0.0045	140.4318
-0.0031	69.8409	-18.6812	-0.0045	140.4378
-0.0031	69.8409	-18.6831	-0.0045	140.4438
-0.0031	69.8409	-18.6851	-0.0045	140.4498
-0.0031	69.8409	-18.687	-0.0045	140.4557
-0.0031	69.8409	-18.689	-0.0045	140.4617
-0.0031	69.8409	-18.6909	-0.0045	140.4677
-0.0031	69.8409	-18.6928	-0.0045	140.4736
-0.0031	69.8409	-18.6948	-0.0045	140.4796
-0.0031	69.8409	-18.6967	-0.0045	140.4855
-0.0031	69.8409	-18.6986	-0.0045	140.4915
-0.0031	69.8409	-18.7005	-0.0045	140.4974
-0.0031	69.8409	-18.7025	-0.0045	140.5033
-0.0031	69.8409	-18.7044	-0.0045	140.5092
-0.0031	69.8409	-18.7063	-0.0045	140.5152
-0.0031	69.8409	-18.7082	-0.0045	140.5211
-0.0031	69.8409	-18.7102	-0.0045	140.527
-0.0031	69.8409	-18.7121	-0.0045	140.5329
-0.0031	69.8409	-18.714	-0.0045	140.5388
-0.0031	69.8409	-18.7159	-0.0045	140.5447
-0.0031	69.8409	-18.7178	-0.0045	140.5506
-0.0031	69.8409	-18.7197	-0.0045	140.5565
-0.0031	69.8409	-18.7216	-0.0045	140.5624
-0.0031	69.8409	-18.7236	-0.0045	140.5683
-0.0031	69.8409	-18.7255	-0.0045	140.5742
-0.0031	69.8409	-18.7274	-0.0045	140.58
-0.0031	69.8409	-18.7293	-0.0045	140.5859
-0.0031	69.8409	-18.7312	-0.0045	140.5918
-0.0031	69.8409	-18.7331	-0.0045	140.5976
-0.0031	69.8409	-18.735	-0.0045	140.6035
-0.0031	69.8409	-18.7369	-0.0045	140.6094
-0.0031	69.8409	-18.7388	-0.0045	140.6152
-0.0031	69.8409	-18.7407	-0.0045	140.621
-0.0031	69.8409	-18.7426	-0.0045	140.6269
-0.0031	69.8409	-18.7445	-0.0045	140.6327
-0.0031	69.8409	-18.7464	-0.0045	140.6386
-0.0031	69.8409	-18.7483	-0.0045	140.6444
-0.0031	69.8409	-18.7501	-0.0045	140.6502
-0.0031	69.8409	-18.752	-0.0045	140.656
-0.0031	69.8409	-18.7539	-0.0045	140.6618
-0.0031	69.8409	-18.7558	-0.0045	140.6676
-0.0031	69.8409	-18.7577	-0.0045	140.6734
-0.0031	69.8409	-18.7596	-0.0045	140.6792
-0.0031	69.8409	-18.7615	-0.0045	140.685
-0.0031	69.8409	-18.7633	-0.0045	140.6908
-0.0031	69.8409	-18.7652	-0.0045	140.6966
-0.0031	69.8409	-18.7671	-0.0045	140.7024
-0.0031	69.8409	-18.769	-0.0045	140.7082
-0.0031	69.8409	-18.7708	-0.0045	140.714
-0.0031	69.8409	-18.7727	-0.0045	140.7197
-0.0031	69.8409	-18.7746	-0.0045	140.7255
-0.0031	69.8409	-18.7765	-0.0045	140.7312
-0.0031	69.8409	-18.7783	-0.0045	140.737
-0.0031	69.8409	-18.7802	-0.0045	140.7428
-0.0031	69.8409	-18.7821	-0.0045	140.7485
-0.0031	69.8409	-18.7839	-0.0045	140.7542
-0.0031	69.8409	-18.7858	-0.0045	140.76
-0.0031	69.8409	-18.7876	-0.0045	140.7657
-0.0031	69.8409	-18.7895	-0.0045	140.7714
-0.0031	69.8409	-18.7914	-0.0045	140.7772
-0.0031	69.8409	-18.7932	-0.0045	140.7829
-0.0031	69.8409	-18.7951	-0.0045	140.7886
-0.0031	69.8409	-18.7969	-0.0045	140.7943
-0.0031	69.8409	-18.7988	-0.0045	140.8
-0.0031	69.8409	-18.8006	-0.0045	140.8057
-0.0031	69.8409	-18.8025	-0.0045	140.8114
-0.0031	69.8409	-18.8043	-0.0045	140.8171
-0.0031	69.8409	-18.8062	-0.0045	140.8228
-0.0031	69.8409	-18.808	-0.0045	140.8285
-0.0031	69.8409	-18.8099	-0.0045	140.8342
-0.0031	69.8409	-18.8117	-0.0045	140.8398
-0.0031	69.8409	-18.8136	-0.0045	140.8455
-0.0031	69.8409	-18.8154	-0.0045	140.8512
-0.0031	69.8409	-18.8172	-0.0045	140.8568
-0.0031	69.8409	-18.8191	-0.0045	140.8625
-0.0031	69.8409	-18.8209	-0.0045	140.8681
-0.0031	69.8409	-18.8227	-0.0045	140.8738
-0.0031	69.8409	-18.8246	-0.0045	140.8794
-0.0031	69.8409	-18.8264	-0.0045	140.8851
-0.0031	69.8409	-18.8282	-0.0045	140.8907
-0.0031	69.8409	-18.8301	-0.0045	140.8963
-0.0031	69.8409	-18.8319	-0.0045	140.902
-0.0031	69.8409	-18.8337	-0.0045	140.9076
-0.0031	69.8409	-18.8355	-0.0045	140.9132
-0.0031	69.8409	-18.8374	-0.0045	140.9188
-0.0031	69.8409	-18.8392	-0.0045	140.9244
-0.0031	69.8409	-18.841	-0.0045	140.93
-0.0031	69.8409	-18.8428	-0.0045	140.9356
-0.0031	69.8409	-18.8446	-0.0045	140.9412
-0.0031	69.8409	-18.8464	-0.0045	140.9468
-0.0031	69.8409	-18.8483	-0.0045	140.9524
-0.0031	69.8409	-18.8501	-0.0045	140.958
-0.0031	69.8409	-18.8519	-0.0045	140.9636
-0.0031	69.8409	-18.8537	-0.0045	140.9691
-0.0031	69.8409	-18.8555	-0.0045	140.9747
-0.0031	69.8409	-18.8573	-0.0045	140.9803
-0.0031	69.8409	-18.8591	-0.0045	140.9858
-0.0031	69.8409	-18.8609	-0.0045	140.9914
-0.0031	69.8409	-18.8627	-0.0045	140.9969
-0.0031	69.8409	-18.8645	-0.0045	141.0025
-0.0031	69.8409	-18.8663	-0.0045	141.008
-0.0031	69.8409	-18.8681	-0.0045	141.0135
-0.0031	69.8409	-18.8699	-0.0045	141.0191
-0.0031	69.8409	-18.8717	-0.0045	141.0246
-0.0031	69.8409	-18.8735	-0.0045	141.0301
-0.0031	69.8409	-18.8753	-0.0045	141.0356
-0.0031	69.8409	-18.8771	-0.0045	141.0411
-0.0031	69.8409	-18.8789	-0.0045	141.0467
-0.0031	69.8409	-18.8806	-0.0045	141.0522
-0.0031	69.8409	-18.8824	-0.0045	141.0577
-0.0031	69.8409	-18.8842	-0.0045	141.0632
-0.0031	69.8409	-18.886	-0.0045	141.0686
-0.0031	69.8409	-18.8878	-0.0045	141.0741
-0.0031	69.8409	-18.8896	-0.0045	141.0796
-0.0031	69.8409	-18.8913	-0.0045	141.0851
-0.0031	69.8409	-18.8931	-0.0045	141.0906
-0.0031	69.8409	-18.8949	-0.0045	141.096
-0.0031	69.8409	-18.8967	-0.0045	141.1015
-0.0031	69.8409	-18.8984	-0.0045	141.107
-0.0031	69.8409	-18.9002	-0.0045	141.1124
-0.0031	69.8409	-18.902	-0.0045	141.1179
-0.0031	69.8409	-18.9037	-0.0045	141.1233
-0.0031	69.8409	-18.9055	-0.0045	141.1287
-0.0031	69.8409	-18.9073	-0.0045	141.1342
-0.0031	69.8409	-18.909	-0.0045	141.1396
-0.0031	69.8409	-18.9108	-0.0045	141.145
-0.0031	69.8409	-18.9126	-0.0045	141.1505
-0.0031	69.8409	-18.9143	-0.0045	141.1559
-0.0031	69.8409	-18.9161	-0.0045	141.1613
-0.0031	69.8409	-18.9178	-0.0045	141.1667
-0.0031	69.8409	-18.9196	-0.0045	141.1721
-0.0031	69.8409	-18.9213	-0.0045	141.1775
-0.0031	69.8409	-18.9231	-0.0045	141.1829
-0.0031	69.8409	-18.9248	-0.0045	141.1883
-0.0031	69.8409	-18.9266	-0.0045	141.1937
-0.0031	69.8409	-18.9283	-0.0045	141.1991
-0.0031	69.8409	-18.9301	-0.0045	141.2044
-0.0031	69.8409	-18.9318	-0.0045	141.2098
-0.0031	69.8409	-18.9336	-0.0045	141.2152
-0.0031	69.8409	-18.9353	-0.0045	141.2205
-0.0031	69.8409	-18.9371	-0.0045	141.2259
-0.0031	69.8409	-18.9388	-0.0045	141.2312
-0.0031	69.8409	-18.9405	-0.0045	141.2366
-0.0031	69.8409	-18.9423	-0.0045	141.2419
-0.0031	69.8409	-18.944	-0.0045	141.2473
-0.0031	69.8409	-18.9457	-0.0045	141.2526
-0.0031	69.8409	-18.9475	-0.0045	141.258
-0.0031	69.8409	-18.9492	-0.0045	141.2633
-0.0031	69.8409	-18.9509	-0.0045	141.2686
-0.0031	69.8409	-18.9526	-0.0045	141.2739
-0.0031	69.8409	-18.9544	-0.0045	141.2792
-0.0031	69.8409	-18.9561	-0.0045	141.2845
-0.0031	69.8409	-18.9578	-0.0045	141.2898
-0.0031	69.8409	-18.9595	-0.0045	141.2951
-0.0031	69.8409	-18.9613	-0.0045	141.3004
-0.0031	69.8409	-18.963	-0.0045	141.3057
-0.0031	69.8409	-18.9647	-0.0045	141.311
-0.0031	69.8409	-18.9664	-0.0045	141.3163
-0.0031	69.8409	-18.9681	-0.0045	141.3216
-0.0031	69.8409	-18.9698	-0.0045	141.3268
-0.0031	69.8409	-18.9715	-0.0045	141.3321
-0.0031	69.8409	-18.9732	-0.0045	141.3374
-0.0031	69.8409	-18.9749	-0.0045	141.3426
-0.0031	69.8409	-18.9767	-0.0045	141.3479
-0.0031	69.8409	-18.9784	-0.0045	141.3531
-0.0031	69.8409	-18.9801	-0.0045	141.3584
-0.0031	69.8409	-18.9818	-0.0045	141.3636
-0.0031	69.8409	-18.9835	-0.0045	141.3689
-0.0031	69.8409	-18.9852	-0.0045	141.3741
-0.0031	69.8409	-18.9869	-0.0045	141.3793
-0.0031	69.8409	-18.9886	-0.0045	141.3845
-0.0031	69.8409	-18.9902	-0.0045	141.3897
-0.0031	69.8409	-18.9919	-0.0045	141.395
-0.0031	69.8409	-18.9936	-0.0045	141.4002
-0.0031	69.8409	-18.9953	-0.0045	141.4054
-0.0031	69.8409	-18.997	-0.0045	141.4106
-0.0031	69.8409	-18.9987	-0.0045	141.4158
-0.0031	69.8409	-19.0004	-0.0045	141.4209
-0.0031	69.8409	-19.0021	-0.0045	141.4261
-0.0031	69.8409	-19.0037	-0.0045	141.4313
-0.0031	69.8409	-19.0054	-0.0045	141.4365
-0.0031	69.8409	-19.0071	-0.0045	141.4417
-0.0031	69.8409	-19.0088	-0.0045	141.4468
-0.0031	69.8409	-19.0105	-0.0045	141.452
-0.0031	69.8409	-19.0121	-0.0045	141.4571
-0.0031	69.8409	-19.0138	-0.0045	141.4623
-0.0031	69.8409	-19.0155	-0.0045	141.4674
-0.0031	69.8409	-19.0171	-0.0045	141.4726
-0.0031	69.8409	-19.0188	-0.0045	141.4777
-0.0031	69.8409	-19.0205	-0.0045	141.4829
-0.0031	69.8409	-19.0221	-0.0045	141.488
-0.0031	69.8409	-19.0238	-0.0045	141.4931
-0.0031	69.8409	-19.0255	-0.0045	141.4982
-0.0031	69.8409	-19.0271	-0.0045	141.5034
-0.0031	69.8409	-19.0288	-0.0045	141.5085
-0.0031	69.8409	-19.0304	-0.0045	141.5136
-0.0031	69.8409	-19.0321	-0.0045	141.5187
-0.0031	69.8409	-19.0338	-0.0045	141.5238
-0.0031	69.8409	-19.0354	-0.0045	141.5289
-0.0031	69.8409	-19.0371	-0.0045	141.5339
-0.0031	69.8409	-19.0387	-0.0045	141.539
-0.0031	69.8409	-19.0404	-0.0045	141.5441
-0.0031	69.8409	-19.042	-0.0045	141.5492
-0.0031	69.8409	-19.0437	-0.0045	141.5543
-0.0031	69.8409	-19.0453	-0.0045	141.5593
-0.0031	69.8409	-19.0469	-0.0045	141.5644
-0.0031	69.8409	-19.0486	-0.0045	141.5694
-0.0031	69.8409	-19.0502	-0.0045	141.5745
-0.0031	69.8409	-19.0519	-0.0045	141.5795
-0.0031	69.8409	-19.0535	-0.0045	141.5846
-0.0031	69.8409	-19.0551	-0.0045	141.5896
-0.0031	69.8409	-19.0568	-0.0045	141.5946
-0.0031	69.8409	-19.0584	-0.0045	141.5997
-0.0031	69.8409	-19.06	-0.0045	141.6047
-0.0031	69.8409	-19.0617	-0.0045	141.6097
-0.0031	69.8409	-19.0633	-0.0045	141.6147
-0.0031	69.8409	-19.0649	-0.0045	141.6197
-0.0031	69.8409	-19.0665	-0.0045	141.6247
-0.0031	69.8409	-19.0682	-0.0045	141.6297
-0.0031	69.8409	-19.0698	-0.0045	141.6347
-0.0031	69.8409	-19.0714	-0.0045	141.6397
-0.0031	69.8409	-19.073	-0.0045	141.6447
-0.0031	69.8409	-19.0746	-0.0045	141.6497
-0.0031	69.8409	-19.0763	-0.0045	141.6547
-0.0031	69.8409	-19.0779	-0.0045	141.6596
-0.0031	69.8409	-19.0795	-0.0045	141.6646
-0.0031	69.8409	-19.0811	-0.0045	141.6696
-0.0031	69.8409	-19.0827	-0.0045	141.6745
-0.0031	69.8409	-19.0843	-0.0045	141.6795
-0.0031	69.8409	-19.0859	-0.0045	141.6844
-0.0031	69.8409	-19.0875	-0.0045	141.6894
-0.0031	69.8409	-19.0891	-0.0045	141.6943
-0.0031	69.8409	-19.0907	-0.0045	141.6992
-0.0031	69.8409	-19.0923	-0.0045	141.7042
-0.0031	69.8409	-19.0939	-0.0045	141.7091
-0.0031	69.8409	-19.0955	-0.0045	141.714
-0.0031	69.8409	-19.0971	-0.0045	141.7189
-0.0031	69.8409	-19.0987	-0.0045	141.7239
-0.0031	69.8409	-19.1003	-0.0045	141.7288
-0.0031	69.8409	-19.1019	-0.0045	141.7337
-0.0031	69.8409	-19.1035	-0.0045	141.7386
-0.0031	69.8409	-19.1051	-0.0045	141.7435
-0.0031	69.8409	-19.1067	-0.0045	141.7483
-0.0031	69.8409	-19.1082	-0.0045	141.7532
-0.0031	69.8409	-19.1098	-0.0045	141.7581
-0.0031	69.8409	-19.1114	-0.0045	141.763
-0.0031	69.8409	-19.113	-0.0045	141.7678
-0.0031	69.8409	-19.1146	-0.0045	141.7727
-0.0031	69.8409	-19.1162	-0.0045	141.7776
-0.0031	69.8409	-19.1177	-0.0045	141.7824
-0.0031	69.8409	-19.1193	-0.0045	141.7873
-0.0031	69.8409	-19.1209	-0.0045	141.7921
-0.0031	69.8409	-19.1225	-0.0045	141.797
-0.0031	69.8409	-19.124	-0.0045	141.8018
-0.0031	69.8409	-19.1256	-0.0045	141.8066
-0.0031	69.8409	-19.1272	-0.0045	141.8115
-0.0031	69.8409	-19.1287	-0.0045	141.8163
-0.0031	69.8409	-19.1303	-0.0045	141.8211
-0.0031	69.8409	-19.1319	-0.0045	141.8259
-0.0031	69.8409	-19.1334	-0.0045	141.8307
-0.0031	69.8409	-19.135	-0.0045	141.8355
-0.0031	69.8409	-19.1365	-0.0045	141.8403
-0.0031	69.8409	-19.1381	-0.0045	141.8451
-0.0031	69.8409	-19.1396	-0.0045	141.8499
-0.0031	69.8409	-19.1412	-0.0045	141.8547
-0.0031	69.8409	-19.1427	-0.0045	141.8595
-0.0031	69.8409	-19.1443	-0.0045	141.8643
-0.0031	69.8409	-19.1458	-0.0045	141.869
-0.0031	69.8409	-19.1474	-0.0045	141.8738
-0.0031	69.8409	-19.1489	-0.0045	141.8786
-0.0031	69.8409	-19.1505	-0.0045	141.8833
-0.0031	69.8409	-19.152	-0.0045	141.8881
-0.0031	69.8409	-19.1536	-0.0045	141.8928
-0.0031	69.8409	-19.1551	-0.0045	141.8976
-0.0031	69.8409	-19.1567	-0.0045	141.9023
-0.0031	69.8409	-19.1582	-0.0045	141.9071
-0.0031	69.8409	-19.1597	-0.0045	141.9118
-0.0031	69.8409	-19.1613	-0.0045	141.9165
-0.0031	69.8409	-19.1628	-0.0045	141.9212
-0.0031	69.8409	-19.1643	-0.0045	141.9259
-0.0031	69.8409	-19.1659	-0.0045	141.9307
-0.0031	69.8409	-19.1674	-0.0045	141.9354
-0.0031	69.8409	-19.1689	-0.0045	141.9401
-0.0031	69.8409	-19.1704	-0.0045	141.9448
-0.0031	69.8409	-19.172	-0.0045	141.9495
-0.0031	69.8409	-19.1735	-0.0045	141.9541
-0.0031	69.8409	-19.175	-0.0045	141.9588
-0.0031	69.8409	-19.1765	-0.0045	141.9635
-0.0031	69.8409	-19.178	-0.0045	141.9682
-0.0031	69.8409	-19.1796	-0.0045	141.9728
-0.0031	69.8409	-19.1811	-0.0045	141.9775
-0.0031	69.8409	-19.1826	-0.0045	141.9822
-0.0031	69.8409	-19.1841	-0.0045	141.9868
-0.0031	69.8409	-19.1856	-0.0045	141.9915
-0.0031	69.8409	-19.1871	-0.0045	141.9961
-0.0031	69.8409	-19.1886	-0.0045	142.0008
-0.0031	69.8409	-19.1901	-0.0045	142.0054
-0.0031	69.8409	-19.1916	-0.0045	142.01
-0.0031	69.8409	-19.1931	-0.0045	142.0147
-0.0031	69.8409	-19.1946	-0.0045	142.0193
-0.0031	69.8409	-19.1961	-0.0045	142.0239
-0.0031	69.8409	-19.1976	-0.0045	142.0285
-0.0031	69.8409	-19.1991	-0.0045	142.0331
-0.0031	69.8409	-19.2006	-0.0045	142.0377
-0.0031	69.8409	-19.2021	-0.0045	142.0423
-0.0031	69.8409	-19.2036	-0.0045	142.0469
-0.0031	69.8409	-19.2051	-0.0045	142.0515
-0.0031	69.8409	-19.2066	-0.0045	142.0561
-0.0031	69.8409	-19.2081	-0.0045	142.0607
-0.0031	69.8409	-19.2095	-0.0045	142.0652
-0.0031	69.8409	-19.211	-0.0045	142.0698
-0.0031	69.8409	-19.2125	-0.0045	142.0744
-0.0031	69.8409	-19.214	-0.0045	142.0789
-0.0031	69.8409	-19.2155	-0.0045	142.0835
-0.0031	69.8409	-19.217	-0.0045	142.0881
-0.0031	69.8409	-19.2184	-0.0045	142.0926
-0.0031	69.8409	-19.2199	-0.0045	142.0971
-0.0031	69.8409	-19.2214	-0.0045	142.1017
-0.0031	69.8409	-19.2229	-0.0045	142.1062
-0.0031	69.8409	-19.2243	-0.0045	142.1107
-0.0031	69.8409	-19.2258	-0.0045	142.1153
-0.0031	69.8409	-19.2273	-0.0045	142.1198
-0.0031	69.8409	-19.2287	-0.0045	142.1243
-0.0031	69.8409	-19.2302	-0.0045	142.1288
-0.0031	69.8409	-19.2316	-0.0045	142.1333
-0.0031	69.8409	-19.2331	-0.0045	142.1378
-0.0031	69.8409	-19.2346	-0.0045	142.1423
-0.0031	69.8409	-19.236	-0.0045	142.1468
-0.0031	69.8409	-19.2375	-0.0045	142.1513
-0.0031	69.8409	-19.2389	-0.0045	142.1558
-0.0031	69.8409	-19.2404	-0.0045	142.1603
-0.0031	69.8409	-19.2418	-0.0045	142.1647
-0.0031	69.8409	-19.2433	-0.0045	142.1692
-0.0031	69.8409	-19.2447	-0.0045	142.1737
-0.0031	69.8409	-19.2462	-0.0045	142.1781
-0.0031	69.8409	-19.2476	-0.0045	142.1826
-0.0031	69.8409	-19.2491	-0.0045	142.187
-0.0031	69.8409	-19.2505	-0.0045	142.1915
-0.0031	69.8409	-19.252	-0.0045	142.1959
-0.0031	69.8409	-19.2534	-0.0045	142.2003
-0.0031	69.8409	-19.2548	-0.0045	142.2048
-0.0031	69.8409	-19.2563	-0.0045	142.2092
-0.0031	69.8409	-19.2577	-0.0045	142.2136
-0.0031	69.8409	-19.2592	-0.0045	142.218
-0.0031	69.8409	-19.2606	-0.0045	142.2224
-0.0031	69.8409	-19.262	-0.0045	142.2269
-0.0031	69.8409	-19.2634	-0.0045	142.2313
-0.0031	69.8409	-19.2649	-0.0045	142.2356
-0.0031	69.8409	-19.2663	-0.0045	142.24
-0.0031	69.8409	-19.2677	-0.0045	142.2444
-0.0031	69.8409	-19.2691	-0.0045	142.2488
-0.0031	69.8409	-19.2706	-0.0045	142.2532
-0.0031	69.8409	-19.272	-0.0045	142.2576
-0.0031	69.8409	-19.2734	-0.0045	142.2619
-0.0031	69.8409	-19.2748	-0.0045	142.2663
-0.0031	69.8409	-19.2762	-0.0045	142.2707
-0.0031	69.8409	-19.2777	-0.0045	142.275
-0.0031	69.8409	-19.2791	-0.0045	142.2794
-0.0031	69.8409	-19.2805	-0.0045	142.2837
-0.0031	69.8409	-19.2819	-0.0045	142.2881
-0.0031	69.8409	-19.2833	-0.0045	142.2924
-0.0031	69.8409	-19.2847	-0.0045	142.2967
-0.0031	69.8409	-19.2861	-0.0045	142.301
-0.0031	69.8409	-19.2875	-0.0045	142.3054
-0.0031	69.8409	-19.2889	-0.0045	142.3097
-0.0031	69.8409	-19.2903	-0.0045	142.314
-0.0031	69.8409	-19.2917	-0.0045	142.3183
-0.0031	69.8409	-19.2931	-0.0045	142.3226
-0.0031	69.8409	-19.2945	-0.0045	142.3269
-0.0031	69.8409	-19.2959	-0.0045	142.3312
-0.0031	69.8409	-19.2973	-0.0045	142.3355
-0.0031	69.8409	-19.2987	-0.0045	142.3398
-0.0031	69.8409	-19.3001	-0.0045	142.3441
-0.0031	69.8409	-19.3015	-0.0045	142.3483
-0.0031	69.8409	-19.3028	-0.0045	142.3526
-0.0031	69.8409	-19.3042	-0.0045	142.3569
-0.0031	69.8409	-19.3056	-0.0045	142.3611
-0.0031	69.8409	-19.307	-0.0045	142.3654
-0.0031	69.8409	-19.3084	-0.0045	142.3696
-0.0031	69.8409	-19.3097	-0.0045	142.3739
-0.0031	69.8409	-19.3111	-0.0045	142.3781
-0.0031	69.8409	-19.3125	-0.0045	142.3824
-0.0031	69.8409	-19.3139	-0.0045	142.3866
-0.0031	69.8409	-19.3152	-0.0045	142.3908
-0.0031	69.8409	-19.3166	-0.0045	142.3951
-0.0031	69.8409	-19.318	-0.0045	142.3993
-0.0031	69.8409	-19.3194	-0.0045	142.4035
-0.0031	69.8409	-19.3207	-0.0045	142.4077
-0.0031	69.8409	-19.3221	-0.0045	142.4119
-0.0031	69.8409	-19.3235	-0.0045	142.4161
-0.0031	69.8409	-19.3248	-0.0045	142.4203
-0.0031	69.8409	-19.3262	-0.0045	142.4245
-0.0031	69.8409	-19.3275	-0.0045	142.4287
-0.0031	69.8409	-19.3289	-0.0045	142.4329
-0.0031	69.8409	-19.3302	-0.0045	142.437
-0.0031	69.8409	-19.3316	-0.0045	142.4412
-0.0031	69.8409	-19.333	-0.0045	142.4454
-0.0031	69.8409	-19.3343	-0.0045	142.4495
-0.0031	69.8409	-19.3357	-0.0045	142.4537
-0.0031	69.8409	-19.337	-0.0045	142.4578
-0.0031	69.8409	-19.3384	-0.0045	142.462
-0.0031	69.8409	-19.3397	-0.0045	142.4661
-0.0031	69.8409	-19.341	-0.0045	142.4703
-0.0031	69.8409	-19.3424	-0.0045	142.4744
-0.0031	69.8409	-19.3437	-0.0045	142.4785
-0.0031	69.8409	-19.3451	-0.0045	142.4827
-0.0031	69.8409	-19.3464	-0.0045	142.4868
-0.0031	69.8409	-19.3477	-0.0045	142.4909
-0.0031	69.8409	-19.3491	-0.0045	142.495
-0.0031	69.8409	-19.3504	-0.0045	142.4991
-0.0031	69.8409	-19.3517	-0.0045	142.5032
-0.0031	69.8409	-19.3531	-0.0045	142.5073
-0.0031	69.8409	-19.3544	-0.0045	142.5114
-0.0031	69.8409	-19.3557	-0.0045	142.5155
-0.0031	69.8409	-19.357	-0.0045	142.5196
-0.0031	69.8409	-19.3584	-0.0045	142.5236
-0.0031	69.8409	-19.3597	-0.0045	142.5277
-0.0031	69.8409	-19.361	-0.0045	142.5318
-0.0031	69.8409	-19.3623	-0.0045	142.5359
-0.0031	69.8409	-19.3637	-0.0045	142.5399
-0.0031	69.8409	-19.365	-0.0045	142.544
-0.0031	69.8409	-19.3663	-0.0045	142.548
-0.0031	69.8409	-19.3676	-0.0045	142.5521
-0.0031	69.8409	-19.3689	-0.0045	142.5561
-0.0031	69.8409	-19.3702	-0.0045	142.5601
-0.0031	69.8409	-19.3715	-0.0045	142.5642
-0.0031	69.8409	-19.3728	-0.0045	142.5682
-0.0031	69.8409	-19.3741	-0.0045	142.5722
-0.0031	69.8409	-19.3754	-0.0045	142.5762
-0.0031	69.8409	-19.3767	-0.0045	142.5802
-0.0031	69.8409	-19.378	-0.0045	142.5843
-0.0031	69.8409	-19.3793	-0.0045	142.5883
-0.0031	69.8409	-19.3806	-0.0045	142.5923
-0.0031	69.8409	-19.3819	-0.0045	142.5962
-0.0031	69.8409	-19.3832	-0.0045	142.6002
-0.0031	69.8409	-19.3845	-0.0045	142.6042
-0.0031	69.8409	-19.3858	-0.0045	142.6082
-0.0031	69.8409	-19.3871	-0.0045	142.6122
-0.0031	69.8409	-19.3884	-0.0045	142.6161
-0.0031	69.8409	-19.3897	-0.0045	142.6201
-0.0031	69.8409	-19.391	-0.0045	142.6241
-0.0031	69.8409	-19.3923	-0.0045	142.628
-0.0031	69.8409	-19.3935	-0.0045	142.632
-0.0031	69.8409	-19.3948	-0.0045	142.6359
-0.0031	69.8409	-19.3961	-0.0045	142.6399
-0.0031	69.8409	-19.3974	-0.0045	142.6438
-0.0031	69.8409	-19.3987	-0.0045	142.6477
-0.0031	69.8409	-19.3999	-0.0045	142.6517
-0.0031	69.8409	-19.4012	-0.0045	142.6556
-0.0031	69.8409	-19.4025	-0.0045	142.6595
-0.0031	69.8409	-19.4037	-0.0045	142.6634
-0.0031	69.8409	-19.405	-0.0045	142.6673
-0.0031	69.8409	-19.4063	-0.0045	142.6712
-0.0031	69.8409	-19.4075	-0.0045	142.6751
-0.0031	69.8409	-19.4088	-0.0045	142.679
-0.0031	69.8409	-19.4101	-0.0045	142.6829
-0.0031	69.8409	-19.4113	-0.0045	142.6868
-0.0031	69.8409	-19.4126	-0.0045	142.6907
-0.0031	69.8409	-19.4139	-0.0045	142.6945
-0.0031	69.8409	-19.4151	-0.0045	142.6984
-0.0031	69.8409	-19.4164	-0.0045	142.7023
-0.0031	69.8409	-19.4176	-0.0045	142.7061
-0.0031	69.8409	-19.4189	-0.0045	142.71
-0.0031	69.8409	-19.4201	-0.0045	142.7139
-0.0031	69.8409	-19.4214	-0.0045	142.7177
-0.0031	69.8409	-19.4226	-0.0045	142.7215
-0.0031	69.8409	-19.4239	-0.0045	142.7254
-0.0031	69.8409	-19.4251	-0.0045	142.7292
-0.0031	69.8409	-19.4264	-0.0045	142.733
-0.0031	69.8409	-19.4276	-0.0045	142.7369
-0.0031	69.8409	-19.4288	-0.0045	142.7407
-0.0031	69.8409	-19.4301	-0.0045	142.7445
-0.0031	69.8409	-19.4313	-0.0045	142.7483
-0.0031	69.8409	-19.4325	-0.0045	142.7521
-0.0031	69.8409	-19.4338	-0.0045	142.7559
-0.0031	69.8409	-19.435	-0.0045	142.7597
-0.0031	69.8409	-19.4362	-0.0045	142.7635
-0.0031	69.8409	-19.4375	-0.0045	142.7673
-0.0031	69.8409	-19.4387	-0.0045	142.7711
-0.0031	69.8409	-19.4399	-0.0045	142.7749
-0.0031	69.8409	-19.4411	-0.0045	142.7786
-0.0031	69.8409	-19.4424	-0.0045	142.7824
-0.0031	69.8409	-19.4436	-0.0045	142.7862
-0.0031	69.8409	-19.4448	-0.0045	142.7899
-0.0031	69.8409	-19.446	-0.0045	142.7937
-0.0031	69.8409	-19.4473	-0.0045	142.7974
-0.0031	69.8409	-19.4485	-0.0045	142.8012
-0.0031	69.8409	-19.4497	-0.0045	142.8049
-0.0031	69.8409	-19.4509	-0.0045	142.8086
-0.0031	69.8409	-19.4521	-0.0045	142.8124
-0.0031	69.8409	-19.4533	-0.0045	142.8161
-0.0031	69.8409	-19.4545	-0.0045	142.8198
-0.0031	69.8409	-19.4557	-0.0045	142.8235
-0.0031	69.8409	-19.4569	-0.0045	142.8272
-0.0031	69.8409	-19.4581	-0.0045	142.831
-0.0031	69.8409	-19.4593	-0.0045	142.8347
-0.0031	69.8409	-19.4605	-0.0045	142.8384
-0.0031	69.8409	-19.4617	-0.0045	142.842
-0.0031	69.8409	-19.4629	-0.0045	142.8457
-0.0031	69.8409	-19.4641	-0.0045	142.8494
-0.0031	69.8409	-19.4653	-0.0045	142.8531
-0.0031	69.8409	-19.4665	-0.0045	142.8568
-0.0031	69.8409	-19.4677	-0.0045	142.8604
-0.0031	69.8409	-19.4689	-0.0045	142.8641
-0.0031	69.8409	-19.4701	-0.0045	142.8678
-0.0031	69.8409	-19.4713	-0.0045	142.8714
-0.0031	69.8409	-19.4725	-0.0045	142.8751
-0.0031	69.8409	-19.4736	-0.0045	142.8787
-0.0031	69.8409	-19.4748	-0.0045	142.8824
-0.0031	69.8409	-19.476	-0.0045	142.886
-0.0031	69.8409	-19.4772	-0.0045	142.8896
-0.0031	69.8409	-19.4784	-0.0045	142.8933
-0.0031	69.8409	-19.4795	-0.0045	142.8969
-0.0031	69.8409	-19.4807	-0.0045	142.9005
-0.0031	69.8409	-19.4819	-0.0045	142.9041
-0.0031	69.8409	-19.4831	-0.0045	142.9077
-0.0031	69.8409	-19.4842	-0.0045	142.9113
-0.0031	69.8409	-19.4854	-0.0045	142.9149
-0.0031	69.8409	-19.4866	-0.0045	142.9185
-0.0031	69.8409	-19.4877	-0.0045	142.9221
-0.0031	69.8409	-19.4889	-0.0045	142.9257
-0.0031	69.8409	-19.4901	-0.0045	142.9293
-0.0031	69.8409	-19.4912	-0.0045	142.9328
-0.0031	69.8409	-19.4924	-0.0045	142.9364
-0.0031	69.8409	-19.4935	-0.0045	142.94
-0.0031	69.8409	-19.4947	-0.0045	142.9436
-0.0031	69.8409	-19.4958	-0.0045	142.9471
-0.0031	69.8409	-19.497	-0.0045	142.9507
-0.0031	69.8409	-19.4982	-0.0045	142.9542
-0.0031	69.8409	-19.4993	-0.0045	142.9578
-0.0031	69.8409	-19.5005	-0.0045	142.9613
-0.0031	69.8409	-19.5016	-0.0045	142.9648
-0.0031	69.8409	-19.5027	-0.0045	142.9684
-0.0031	69.8409	-19.5039	-0.0045	142.9719
-0.0031	69.8409	-19.505	-0.0045	142.9754
-0.0031	69.8409	-19.5062	-0.0045	142.9789
-0.0031	69.8409	-19.5073	-0.0045	142.9824
-0.0031	69.8409	-19.5085	-0.0045	142.9859
-0.0031	69.8409	-19.5096	-0.0045	142.9894
-0.0031	69.8409	-19.5107	-0.0045	142.9929
-0.0031	69.8409	-19.5119	-0.0045	142.9964
-0.0031	69.8409	-19.513	-0.0045	142.9999
-0.0031	69.8409	-19.5141	-0.0045	143.0034
-0.0031	69.8409	-19.5153	-0.0045	143.0069
-0.0031	69.8409	-19.5164	-0.0045	143.0103
-0.0031	69.8409	-19.5175	-0.0045	143.0138
-0.0031	69.8409	-19.5186	-0.0045	143.0173
-0.0031	69.8409	-19.5198	-0.0045	143.0207
-0.0031	69.8409	-19.5209	-0.0045	143.0242
-0.0031	69.8409	-19.522	-0.0045	143.0276
-0.0031	69.8409	-19.5231	-0.0045	143.0311
-0.0031	69.8409	-19.5242	-0.0045	143.0345
-0.0031	69.8409	-19.5253	-0.0045	143.038
-0.0031	69.8409	-19.5265	-0.0045	143.0414
-0.0031	69.8409	-19.5276	-0.0045	143.0448
-0.0031	69.8409	-19.5287	-0.0045	143.0483
-0.0031	69.8409	-19.5298	-0.0045	143.0517
-0.0031	69.8409	-19.5309	-0.0045	143.0551
-0.0031	69.8409	-19.532	-0.0045	143.0585
-0.0031	69.8409	-19.5331	-0.0045	143.0619
-0.0031	69.8409	-19.5342	-0.0045	143.0653
-0.0031	69.8409	-19.5353	-0.0045	143.0687
-0.0031	69.8409	-19.5364	-0.0045	143.0721
-0.0031	69.8409	-19.5375	-0.0045	143.0755
-0.0031	69.8409	-19.5386	-0.0045	143.0788
-0.0031	69.8409	-19.5397	-0.0045	143.0822
-0.0031	69.8409	-19.5408	-0.0045	143.0856
-0.0031	69.8409	-19.5419	-0.0045	143.089
-0.0031	69.8409	-19.543	-0.0045	143.0923
-0.0031	69.8409	-19.5441	-0.0045	143.0957
-0.0031	69.8409	-19.5452	-0.0045	143.099
-0.0031	69.8409	-19.5463	-0.0045	143.1024
-0.0031	69.8409	-19.5473	-0.0045	143.1057
-0.0031	69.8409	-19.5484	-0.0045	143.1091
-0.0031	69.8409	-19.5495	-0.0045	143.1124
-0.0031	69.8409	-19.5506	-0.0045	143.1157
-0.0031	69.8409	-19.5517	-0.0045	143.1191
-0.0031	69.8409	-19.5527	-0.0045	143.1224
-0.0031	69.8409	-19.5538	-0.0045	143.1257
-0.0031	69.8409	-19.5549	-0.0045	143.129
-0.0031	69.8409	-19.556	-0.0045	143.1323
-0.0031	69.8409	-19.557	-0.0045	143.1356
-0.0031	69.8409	-19.5581	-0.0045	143.1389
-0.0031	69.8409	-19.5592	-0.0045	143.1422
-0.0031	69.8409	-19.5603	-0.0045	143.1455
-0.0031	69.8409	-19.5613	-0.0045	143.1488
-0.0031	69.8409	-19.5624	-0.0045	143.1521
-0.0031	69.8409	-19.5634	-0.0045	143.1553
-0.0031	69.8409	-19.5645	-0.0045	143.1586
-0.0031	69.8409	-19.5656	-0.0045	143.1619
-0.0031	69.8409	-19.5666	-0.0045	143.1651
-0.0031	69.8409	-19.5677	-0.0045	143.1684
-0.0031	69.8409	-19.5687	-0.0045	143.1716
-0.0031	69.8409	-19.5698	-0.0045	143.1749
-0.0031	69.8409	-19.5708	-0.0045	143.1781
-0.0031	69.8409	-19.5719	-0.0045	143.1814
-0.0031	69.8409	-19.5729	-0.0045	143.1846
-0.0031	69.8409	-19.574	-0.0045	143.1878
-0.0031	69.8409	-19.575	-0.0045	143.191
-0.0031	69.8409	-19.5761	-0.0045	143.1943
-0.0031	69.8409	-19.5771	-0.0045	143.1975
-0.0031	69.8409	-19.5782	-0.0045	143.2007
-0.0031	69.8409	-19.5792	-0.0045	143.2039
-0.0031	69.8409	-19.5803	-0.0045	143.2071
-0.0031	69.8409	-19.5813	-0.0045	143.2103
-0.0031	69.8409	-19.5823	-0.0045	143.2135
-0.0031	69.8409	-19.5834	-0.0045	143.2167
-0.0031	69.8409	-19.5844	-0.0045	143.2198
-0.0031	69.8409	-19.5854	-0.0045	143.223
-0.0031	69.8409	-19.5865	-0.0045	143.2262
-0.0031	69.8409	-19.5875	-0.0045	143.2294
-0.0031	69.8409	-19.5885	-0.0045	143.2325
-0.0031	69.8409	-19.5895	-0.0045	143.2357
-0.0031	69.8409	-19.5906	-0.0045	143.2388
-0.0031	69.8409	-19.5916	-0.0045	143.242
-0.0031	69.8409	-19.5926	-0.0045	143.2451
-0.0031	69.8409	-19.5936	-0.0045	143.2483
-0.0031	69.8409	-19.5946	-0.0045	143.2514
-0.0031	69.8409	-19.5957	-0.0045	143.2545
-0.0031	69.8409	-19.5967	-0.0045	143.2577
-0.0031	69.8409	-19.5977	-0.0045	143.2608
-0.0031	69.8409	-19.5987	-0.0045	143.2639
-0.0031	69.8409	-19.5997	-0.0045	143.267
-0.0031	69.8409	-19.6007	-0.0045	143.2701
-0.0031	69.8409	-19.6017	-0.0045	143.2732
-0.0031	69.8409	-19.6027	-0.0045	143.2763
-0.0031	69.8409	-19.6037	-0.0045	143.2794
-0.0031	69.8409	-19.6047	-0.0045	143.2825
-0.0031	69.8409	-19.6057	-0.0045	143.2856
-0.0031	69.8409	-19.6067	-0.0045	143.2887
-0.0031	69.8409	-19.6077	-0.0045	143.2918
-0.0031	69.8409	-19.6087	-0.0045	143.2948
-0.0031	69.8409	-19.6097	-0.0045	143.2979
-0.0031	69.8409	-19.6107	-0.0045	143.301
-0.0031	69.8409	-19.6117	-0.0045	143.304
-0.0031	69.8409	-19.6127	-0.0045	143.3071
-0.0031	69.8409	-19.6137	-0.0045	143.3101
-0.0031	69.8409	-19.6147	-0.0045	143.3132
-0.0031	69.8409	-19.6157	-0.0045	143.3162
-0.0031	69.8409	-19.6167	-0.0045	143.3193
-0.0031	69.8409	-19.6177	-0.0045	143.3223
-0.0031	69.8409	-19.6186	-0.0045	143.3253
-0.0031	69.8409	-19.6196	-0.0045	143.3283
-0.0031	69.8409	-19.6206	-0.0045	143.3314
-0.0031	69.8409	-19.6216	-0.0045	143.3344
-0.0031	69.8409	-19.6225	-0.0045	143.3374
-0.0031	69.8409	-19.6235	-0.0045	143.3404
-0.0031	69.8409	-19.6245	-0.0045	143.3434
-0.0031	69.8409	-19.6255	-0.0045	143.3464
-0.0031	69.8409	-19.6264	-0.0045	143.3494
-0.0031	69.8409	-19.6274	-0.0045	143.3523
-0.0031	69.8409	-19.6284	-0.0045	143.3553
-0.0031	69.8409	-19.6293	-0.0045	143.3583
-0.0031	69.8409	-19.6303	-0.0045	143.3613
-0.0031	69.8409	-19.6313	-0.0045	143.3642
-0.0031	69.8409	-19.6322	-0.0045	143.3672
-0.0031	69.8409	-19.6332	-0.0045	143.3702
-0.0031	69.8409	-19.6342	-0.0045	143.3731
-0.0031	69.8409	-19.6351	-0.0045	143.3761
-0.0031	69.8409	-19.6361	-0.0045	143.379
-0.0031	69.8409	-19.637	-0.0045	143.382
-0.0031	69.8409	-19.638	-0.0045	143.3849
-0.0031	69.8409	-19.6389	-0.0045	143.3878
-0.0031	69.8409	-19.6399	-0.0045	143.3907
-0.0031	69.8409	-19.6408	-0.0045	143.3937
-0.0031	69.8409	-19.6418	-0.0045	143.3966
-0.0031	69.8409	-19.6427	-0.0045	143.3995
-0.0031	69.8409	-19.6437	-0.0045	143.4024
-0.0031	69.8409	-19.6446	-0.0045	143.4053
-0.0031	69.8409	-19.6455	-0.0045	143.4082
-0.0031	69.8409	-19.6465	-0.0045	143.4111
-0.0031	69.8409	-19.6474	-0.0045	143.414
-0.0031	69.8409	-19.6484	-0.0045	143.4169
-0.0031	69.8409	-19.6493	-0.0045	143.4198
-0.0031	69.8409	-19.6502	-0.0045	143.4226
-0.0031	69.8409	-19.6512	-0.0045	143.4255
-0.0031	69.8409	-19.6521	-0.0045	143.4284
-0.0031	69.8409	-19.653	-0.0045	143.4312
-0.0031	69.8409	-19.654	-0.0045	143.4341
-0.0031	69.8409	-19.6549	-0.0045	143.437
-0.0031	69.8409	-19.6558	-0.0045	143.4398
-0.0031	69.8409	-19.6567	-0.0045	143.4426
-0.0031	69.8409	-19.6576	-0.0045	143.4455
-0.0031	69.8409	-19.6586	-0.0045	143.4483
-0.0031	69.8409	-19.6595	-0.0045	143.4512
-0.0031	69.8409	-19.6604	-0.0045	143.454
-0.0031	69.8409	-19.6613	-0.0045	143.4568
-0.0031	69.8409	-19.6622	-0.0045	143.4596
-0.0031	69.8409	-19.6632	-0.0045	143.4624
-0.0031	69.8409	-19.6641	-0.0045	143.4652
-0.0031	69.8409	-19.665	-0.0045	143.468
-0.0031	69.8409	-19.6659	-0.0045	143.4708
-0.0031	69.8409	-19.6668	-0.0045	143.4736
-0.0031	69.8409	-19.6677	-0.0045	143.4764
-0.0031	69.8409	-19.6686	-0.0045	143.4792
-0.0031	69.8409	-19.6695	-0.0045	143.482
-0.0031	69.8409	-19.6704	-0.0045	143.4848
-0.0031	69.8409	-19.6713	-0.0045	143.4876
-0.0031	69.8409	-19.6722	-0.0045	143.4903
-0.0031	69.8409	-19.6731	-0.0045	143.4931
-0.0031	69.8409	-19.674	-0.0045	143.4958
-0.0031	69.8409	-19.6749	-0.0045	143.4986
-0.0031	69.8409	-19.6758	-0.0045	143.5014
-0.0031	69.8409	-19.6767	-0.0045	143.5041
-0.0031	69.8409	-19.6776	-0.0045	143.5068
-0.0031	69.8409	-19.6785	-0.0045	143.5096
-0.0031	69.8409	-19.6793	-0.0045	143.5123
-0.0031	69.8409	-19.6802	-0.0045	143.515
-0.0031	69.8409	-19.6811	-0.0045	143.5178
-0.0031	69.8409	-19.682	-0.0045	143.5205
-0.0031	69.8409	-19.6829	-0.0045	143.5232
-0.0031	69.8409	-19.6838	-0.0045	143.5259
-0.0031	69.8409	-19.6846	-0.0045	143.5286
-0.0031	69.8409	-19.6855	-0.0045	143.5313
-0.0031	69.8409	-19.6864	-0.0045	143.534
-0.0031	69.8409	-19.6873	-0.0045	143.5367
-0.0031	69.8409	-19.6881	-0.0045	143.5394
-0.0031	69.8409	-19.689	-0.0045	143.5421
-0.0031	69.8409	-19.6899	-0.0045	143.5448
-0.0031	69.8409	-19.6907	-0.0045	143.5474
-0.0031	69.8409	-19.6916	-0.0045	143.5501
-0.0031	69.8409	-19.6925	-0.0045	143.5528
-0.0031	69.8409	-19.6933	-0.0045	143.5554
-0.0031	69.8409	-19.6942	-0.0045	143.5581
-0.0031	69.8409	-19.6951	-0.0045	143.5607
-0.0031	69.8409	-19.6959	-0.0045	143.5634
-0.0031	69.8409	-19.6968	-0.0045	143.566
-0.0031	69.8409	-19.6976	-0.0045	143.5687
-0.0031	69.8409	-19.6985	-0.0045	143.5713
-0.0031	69.8409	-19.6993	-0.0045	143.5739
-0.0031	69.8409	-19.7002	-0.0045	143.5766
-0.0031	69.8409	-19.7011	-0.0045	143.5792
-0.0031	69.8409	-19.7019	-0.0045	143.5818
-0.0031	69.8409	-19.7028	-0.0045	143.5844
-0.0031	69.8409	-19.7036	-0.0045	143.587
-0.0031	69.8409	-19.7044	-0.0045	143.5896
-0.0031	69.8409	-19.7053	-0.0045	143.5922
-0.0031	69.8409	-19.7061	-0.0045	143.5948
-0.0031	69.8409	-19.707	-0.0045	143.5974
-0.0031	69.8409	-19.7078	-0.0045	143.6
-0.0031	69.8409	-19.7086	-0.0045	143.6026
-0.0031	69.8409	-19.7095	-0.0045	143.6052
-0.0031	69.8409	-19.7103	-0.0045	143.6077
-0.0031	69.8409	-19.7112	-0.0045	143.6103
-0.0031	69.8409	-19.712	-0.0045	143.6129
-0.0031	69.8409	-19.7128	-0.0045	143.6154
-0.0031	69.8409	-19.7136	-0.0045	143.618
-0.0031	69.8409	-19.7145	-0.0045	143.6205
-0.0031	69.8409	-19.7153	-0.0045	143.6231
-0.0031	69.8409	-19.7161	-0.0045	143.6256
-0.0031	69.8409	-19.7169	-0.0045	143.6281
-0.0031	69.8409	-19.7178	-0.0045	143.6307
-0.0031	69.8409	-19.7186	-0.0045	143.6332
-0.0031	69.8409	-19.7194	-0.0045	143.6357
-0.0031	69.8409	-19.7202	-0.0045	143.6383
-0.0031	69.8409	-19.721	-0.0045	143.6408
-0.0031	69.8409	-19.7219	-0.0045	143.6433
-0.0031	69.8409	-19.7227	-0.0045	143.6458
-0.0031	69.8409	-19.7235	-0.0045	143.6483
-0.0031	69.8409	-19.7243	-0.0045	143.6508
-0.0031	69.8409	-19.7251	-0.0045	143.6533
-0.0031	69.8409	-19.7259	-0.0045	143.6558
-0.0031	69.8409	-19.7267	-0.0045	143.6583
-0.0031	69.8409	-19.7275	-0.0045	143.6607
-0.0031	69.8409	-19.7283	-0.0045	143.6632
-0.0031	69.8409	-19.7291	-0.0045	143.6657
-0.0031	69.8409	-19.7299	-0.0045	143.6681
-0.0031	69.8409	-19.7307	-0.0045	143.6706
-0.0031	69.8409	-19.7315	-0.0045	143.6731
-0.0031	69.8409	-19.7323	-0.0045	143.6755
-0.0031	69.8409	-19.7331	-0.0045	143.678
-0.0031	69.8409	-19.7339	-0.0045	143.6804
-0.0031	69.8409	-19.7347	-0.0045	143.6829
-0.0031	69.8409	-19.7355	-0.0045	143.6853
-0.0031	69.8409	-19.7363	-0.0045	143.6877
-0.0031	69.8409	-19.7371	-0.0045	143.6902
-0.0031	69.8409	-19.7379	-0.0045	143.6926
-0.0031	69.8409	-19.7387	-0.0045	143.695
-0.0031	69.8409	-19.7394	-0.0045	143.6974
-0.0031	69.8409	-19.7402	-0.0045	143.6998
-0.0031	69.8409	-19.741	-0.0045	143.7022
-0.0031	69.8409	-19.7418	-0.0045	143.7046
-0.0031	69.8409	-19.7426	-0.0045	143.707
-0.0031	69.8409	-19.7433	-0.0045	143.7094
-0.0031	69.8409	-19.7441	-0.0045	143.7118
-0.0031	69.8409	-19.7449	-0.0045	143.7142
-0.0031	69.8409	-19.7457	-0.0045	143.7166
-0.0031	69.8409	-19.7464	-0.0045	143.719
-0.0031	69.8409	-19.7472	-0.0045	143.7213
-0.0031	69.8409	-19.748	-0.0045	143.7237
-0.0031	69.8409	-19.7487	-0.0045	143.7261
-0.0031	69.8409	-19.7495	-0.0045	143.7284
-0.0031	69.8409	-19.7503	-0.0045	143.7308
-0.0031	69.8409	-19.751	-0.0045	143.7331
-0.0031	69.8409	-19.7518	-0.0045	143.7355
-0.0031	69.8409	-19.7526	-0.0045	143.7378
-0.0031	69.8409	-19.7533	-0.0045	143.7401
-0.0031	69.8409	-19.7541	-0.0045	143.7425
-0.0031	69.8409	-19.7548	-0.0045	143.7448
-0.0031	69.8409	-19.7556	-0.0045	143.7471
-0.0031	69.8409	-19.7563	-0.0045	143.7494
-0.0031	69.8409	-19.7571	-0.0045	143.7518
-0.0031	69.8409	-19.7578	-0.0045	143.7541
-0.0031	69.8409	-19.7586	-0.0045	143.7564
-0.0031	69.8409	-19.7593	-0.0045	143.7587
-0.0031	69.8409	-19.7601	-0.0045	143.761
-0.0031	69.8409	-19.7608	-0.0045	143.7633
-0.0031	69.8409	-19.7616	-0.0045	143.7656
-0.0031	69.8409	-19.7623	-0.0045	143.7678
-0.0031	69.8409	-19.763	-0.0045	143.7701
-0.0031	69.8409	-19.7638	-0.0045	143.7724
-0.0031	69.8409	-19.7645	-0.0045	143.7747
-0.0031	69.8409	-19.7653	-0.0045	143.7769
-0.0031	69.8409	-19.766	-0.0045	143.7792
-0.0031	69.8409	-19.7667	-0.0045	143.7815
-0.0031	69.8409	-19.7675	-0.0045	143.7837
-0.0031	69.8409	-19.7682	-0.0045	143.786
-0.0031	69.8409	-19.7689	-0.0045	143.7882
-0.0031	69.8409	-19.7696	-0.0045	143.7905
-0.0031	69.8409	-19.7704	-0.0045	143.7927
-0.0031	69.8409	-19.7711	-0.0045	143.7949
-0.0031	69.8409	-19.7718	-0.0045	143.7972
-0.0031	69.8409	-19.7725	-0.0045	143.7994
-0.0031	69.8409	-19.7733	-0.0045	143.8016
-0.0031	69.8409	-19.774	-0.0045	143.8038
-0.0031	69.8409	-19.7747	-0.0045	143.806
-0.0031	69.8409	-19.7754	-0.0045	143.8083
-0.0031	69.8409	-19.7761	-0.0045	143.8105
-0.0031	69.8409	-19.7769	-0.0045	143.8127
-0.0031	69.8409	-19.7776	-0.0045	143.8149
-0.0031	69.8409	-19.7783	-0.0045	143.817
-0.0031	69.8409	-19.779	-0.0045	143.8192
-0.0031	69.8409	-19.7797	-0.0045	143.8214
-0.0031	69.8409	-19.7804	-0.0045	143.8236
-0.0031	69.8409	-19.7811	-0.0045	143.8258
-0.0031	69.8409	-19.7818	-0.0045	143.8279
-0.0031	69.8409	-19.7825	-0.0045	143.8301
-0.0031	69.8409	-19.7832	-0.0045	143.8323
-0.0031	69.8409	-19.7839	-0.0045	143.8344
-0.0031	69.8409	-19.7846	-0.0045	143.8366
-0.0031	69.8409	-19.7853	-0.0045	143.8387
-0.0031	69.8409	-19.786	-0.0045	143.8409
-0.0031	69.8409	-19.7867	-0.0045	143.843
-0.0031	69.8409	-19.7874	-0.0045	143.8451
-0.0031	69.8409	-19.7881	-0.0045	143.8473
-0.0031	69.8409	-19.7888	-0.0045	143.8494
-0.0031	69.8409	-19.7895	-0.0045	143.8515
-0.0031	69.8409	-19.7902	-0.0045	143.8536
-0.0031	69.8409	-19.7908	-0.0045	143.8558
-0.0031	69.8409	-19.7915	-0.0045	143.8579
-0.0031	69.8409	-19.7922	-0.0045	143.86
-0.0031	69.8409	-19.7929	-0.0045	143.8621
-0.0031	69.8409	-19.7936	-0.0045	143.8642
-0.0031	69.8409	-19.7943	-0.0045	143.8663
-0.0031	69.8409	-19.7949	-0.0045	143.8684
-0.0031	69.8409	-19.7956	-0.0045	143.8705
-0.0031	69.8409	-19.7963	-0.0045	143.8725
-0.0031	69.8409	-19.797	-0.0045	143.8746
-0.0031	69.8409	-19.7976	-0.0045	143.8767
-0.0031	69.8409	-19.7983	-0.0045	143.8788
-0.0031	69.8409	-19.799	-0.0045	143.8808
-0.0031	69.8409	-19.7996	-0.0045	143.8829
-0.0031	69.8409	-19.8003	-0.0045	143.8849
-0.0031	69.8409	-19.801	-0.0045	143.887
-0.0031	69.8409	-19.8016	-0.0045	143.889
-0.0031	69.8409	-19.8023	-0.0045	143.8911
-0.0031	69.8409	-19.803	-0.0045	143.8931
-0.0031	69.8409	-19.8036	-0.0045	143.8952
-0.0031	69.8409	-19.8043	-0.0045	143.8972
-0.0031	69.8409	-19.805	-0.0045	143.8992
-0.0031	69.8409	-19.8056	-0.0045	143.9012
-0.0031	69.8409	-19.8063	-0.0045	143.9033
-0.0031	69.8409	-19.8069	-0.0045	143.9053
-0.0031	69.8409	-19.8076	-0.0045	143.9073
-0.0031	69.8409	-19.8082	-0.0045	143.9093
-0.0031	69.8409	-19.8089	-0.0045	143.9113
-0.0031	69.8409	-19.8095	-0.0045	143.9133
-0.0031	69.8409	-19.8102	-0.0045	143.9153
-0.0031	69.8409	-19.8108	-0.0045	143.9173
-0.0031	69.8409	-19.8115	-0.0045	143.9193
-0.0031	69.8409	-19.8121	-0.0045	143.9212
-0.0031	69.8409	-19.8127	-0.0045	143.9232
-0.0031	69.8409	-19.8134	-0.0045	143.9252
-0.0031	69.8409	-19.814	-0.0045	143.9272
-0.0031	69.8409	-19.8147	-0.0045	143.9291
-0.0031	69.8409	-19.8153	-0.0045	143.9311
-0.0031	69.8409	-19.8159	-0.0045	143.9331
-0.0031	69.8409	-19.8166	-0.0045	143.935
-0.0031	69.8409	-19.8172	-0.0045	143.937
-0.0031	69.8409	-19.8178	-0.0045	143.9389
-0.0031	69.8409	-19.8185	-0.0045	143.9408
-0.0031	69.8409	-19.8191	-0.0045	143.9428
-0.0031	69.8409	-19.8197	-0.0045	143.9447
-0.0031	69.8409	-19.8203	-0.0045	143.9466
-0.0031	69.8409	-19.821	-0.0045	143.9486
-0.0031	69.8409	-19.8216	-0.0045	143.9505
-0.0031	69.8409	-19.8222	-0.0045	143.9524
-0.0031	69.8409	-19.8228	-0.0045	143.9543
-0.0031	69.8409	-19.8235	-0.0045	143.9562
-0.0031	69.8409	-19.8241	-0.0045	143.9581
-0.0031	69.8409	-19.8247	-0.0045	143.96
-0.0031	69.8409	-19.8253	-0.0045	143.9619
-0.0031	69.8409	-19.8259	-0.0045	143.9638
-0.0031	69.8409	-19.8265	-0.0045	143.9657
-0.0031	69.8409	-19.8271	-0.0045	143.9676
-0.0031	69.8409	-19.8278	-0.0045	143.9695
-0.0031	69.8409	-19.8284	-0.0045	143.9713
-0.0031	69.8409	-19.829	-0.0045	143.9732
-0.0031	69.8409	-19.8296	-0.0045	143.9751
-0.0031	69.8409	-19.8302	-0.0045	143.9769
-0.0031	69.8409	-19.8308	-0.0045	143.9788
-0.0031	69.8409	-19.8314	-0.0045	143.9807
-0.0031	69.8409	-19.832	-0.0045	143.9825
-0.0031	69.8409	-19.8326	-0.0045	143.9843
-0.0031	69.8409	-19.8332	-0.0045	143.9862
-0.0031	69.8409	-19.8338	-0.0045	143.988
-0.0031	69.8409	-19.8344	-0.0045	143.9899
-0.0031	69.8409	-19.835	-0.0045	143.9917
-0.0031	69.8409	-19.8356	-0.0045	143.9935
-0.0031	69.8409	-19.8362	-0.0045	143.9953
-0.0031	69.8409	-19.8368	-0.0045	143.9972
-0.0031	69.8409	-19.8373	-0.0045	143.999
-0.0031	69.8409	-19.8379	-0.0045	144.0008
-0.0031	69.8409	-19.8385	-0.0045	144.0026
-0.0031	69.8409	-19.8391	-0.0045	144.0044
-0.0031	69.8409	-19.8397	-0.0045	144.0062
-0.0031	69.8409	-19.8403	-0.0045	144.008
-0.0031	69.8409	-19.8409	-0.0045	144.0098
-0.0031	69.8409	-19.8414	-0.0045	144.0116
-0.0031	69.8409	-19.842	-0.0045	144.0134
-0.0031	69.8409	-19.8426	-0.0045	144.0151
-0.0031	69.8409	-19.8432	-0.0045	144.0169
-0.0031	69.8409	-19.8437	-0.0045	144.0187
-0.0031	69.8409	-19.8443	-0.0045	144.0204
-0.0031	69.8409	-19.8449	-0.0045	144.0222
-0.0031	69.8409	-19.8455	-0.0045	144.024
-0.0031	69.8409	-19.846	-0.0045	144.0257
-0.0031	69.8409	-19.8466	-0.0045	144.0275
-0.0031	69.8409	-19.8472	-0.0045	144.0292
-0.0031	69.8409	-19.8477	-0.0045	144.031
-0.0031	69.8409	-19.8483	-0.0045	144.0327
-0.0031	69.8409	-19.8489	-0.0045	144.0344
-0.0031	69.8409	-19.8494	-0.0045	144.0362
-0.0031	69.8409	-19.85	-0.0045	144.0379
-0.0031	69.8409	-19.8505	-0.0045	144.0396
-0.0031	69.8409	-19.8511	-0.0045	144.0413
-0.0031	69.8409	-19.8517	-0.0045	144.0431
-0.0031	69.8409	-19.8522	-0.0045	144.0448
-0.0031	69.8409	-19.8528	-0.0045	144.0465
-0.0031	69.8409	-19.8533	-0.0045	144.0482
-0.0031	69.8409	-19.8539	-0.0045	144.0499
-0.0031	69.8409	-19.8544	-0.0045	144.0516
-0.0031	69.8409	-19.855	-0.0045	144.0533
-0.0031	69.8409	-19.8555	-0.0045	144.0549
-0.0031	69.8409	-19.8561	-0.0045	144.0566
-0.0031	69.8409	-19.8566	-0.0045	144.0583
-0.0031	69.8409	-19.8571	-0.0045	144.06
-0.0031	69.8409	-19.8577	-0.0045	144.0617
-0.0031	69.8409	-19.8582	-0.0045	144.0633
-0.0031	69.8409	-19.8588	-0.0045	144.065
-0.0031	69.8409	-19.8593	-0.0045	144.0667
-0.0031	69.8409	-19.8598	-0.0045	144.0683
-0.0031	69.8409	-19.8604	-0.0045	144.07
-0.0031	69.8409	-19.8609	-0.0045	144.0716
-0.0031	69.8409	-19.8615	-0.0045	144.0733
-0.0031	69.8409	-19.862	-0.0045	144.0749
-0.0031	69.8409	-19.8625	-0.0045	144.0765
-0.0031	69.8409	-19.863	-0.0045	144.0782
-0.0031	69.8409	-19.8636	-0.0045	144.0798
-0.0031	69.8409	-19.8641	-0.0045	144.0814
-0.0031	69.8409	-19.8646	-0.0045	144.083
-0.0031	69.8409	-19.8652	-0.0045	144.0847
-0.0031	69.8409	-19.8657	-0.0045	144.0863
-0.0031	69.8409	-19.8662	-0.0045	144.0879
-0.0031	69.8409	-19.8667	-0.0045	144.0895
-0.0031	69.8409	-19.8672	-0.0045	144.0911
-0.0031	69.8409	-19.8678	-0.0045	144.0927
-0.0031	69.8409	-19.8683	-0.0045	144.0943
-0.0031	69.8409	-19.8688	-0.0045	144.0959
-0.0031	69.8409	-19.8693	-0.0045	144.0975
-0.0031	69.8409	-19.8698	-0.0045	144.099
-0.0031	69.8409	-19.8703	-0.0045	144.1006
-0.0031	69.8409	-19.8708	-0.0045	144.1022
-0.0031	69.8409	-19.8714	-0.0045	144.1038
-0.0031	69.8409	-19.8719	-0.0045	144.1053
-0.0031	69.8409	-19.8724	-0.0045	144.1069
-0.0031	69.8409	-19.8729	-0.0045	144.1084
-0.0031	69.8409	-19.8734	-0.0045	144.11
-0.0031	69.8409	-19.8739	-0.0045	144.1116
-0.0031	69.8409	-19.8744	-0.0045	144.1131
-0.0031	69.8409	-19.8749	-0.0045	144.1146
-0.0031	69.8409	-19.8754	-0.0045	144.1162
-0.0031	69.8409	-19.8759	-0.0045	144.1177
-0.0031	69.8409	-19.8764	-0.0045	144.1193
-0.0031	69.8409	-19.8769	-0.0045	144.1208
-0.0031	69.8409	-19.8774	-0.0045	144.1223
-0.0031	69.8409	-19.8779	-0.0045	144.1238
-0.0031	69.8409	-19.8784	-0.0045	144.1254
-0.0031	69.8409	-19.8789	-0.0045	144.1269
-0.0031	69.8409	-19.8794	-0.0045	144.1284
-0.0031	69.8409	-19.8798	-0.0045	144.1299
-0.0031	69.8409	-19.8803	-0.0045	144.1314
-0.0031	69.8409	-19.8808	-0.0045	144.1329
-0.0031	69.8409	-19.8813	-0.0045	144.1344
-0.0031	69.8409	-19.8818	-0.0045	144.1359
-0.0031	69.8409	-19.8823	-0.0045	144.1374
-0.0031	69.8409	-19.8827	-0.0045	144.1388
-0.0031	69.8409	-19.8832	-0.0045	144.1403
-0.0031	69.8409	-19.8837	-0.0045	144.1418
-0.0031	69.8409	-19.8842	-0.0045	144.1433
-0.0031	69.8409	-19.8847	-0.0045	144.1447
-0.0031	69.8409	-19.8851	-0.0045	144.1462
-0.0031	69.8409	-19.8856	-0.0045	144.1477
-0.0031	69.8409	-19.8861	-0.0045	144.1491
-0.0031	69.8409	-19.8866	-0.0045	144.1506
-0.0031	69.8409	-19.887	-0.0045	144.152
-0.0031	69.8409	-19.8875	-0.0045	144.1535
-0.0031	69.8409	-19.888	-0.0045	144.1549
-0.0031	69.8409	-19.8884	-0.0045	144.1563
-0.0031	69.8409	-19.8889	-0.0045	144.1578
-0.0031	69.8409	-19.8894	-0.0045	144.1592
-0.0031	69.8409	-19.8898	-0.0045	144.1606
-0.0031	69.8409	-19.8903	-0.0045	144.1621
-0.0031	69.8409	-19.8907	-0.0045	144.1635
-0.0031	69.8409	-19.8912	-0.0045	144.1649
-0.0031	69.8409	-19.8917	-0.0045	144.1663
-0.0031	69.8409	-19.8921	-0.0045	144.1677
-0.0031	69.8409	-19.8926	-0.0045	144.1691
-0.0031	69.8409	-19.893	-0.0045	144.1705
-0.0031	69.8409	-19.8935	-0.0045	144.1719
-0.0031	69.8409	-19.8939	-0.0045	144.1733
-0.0031	69.8409	-19.8944	-0.0045	144.1747
-0.0031	69.8409	-19.8948	-0.0045	144.1761
-0.0031	69.8409	-19.8953	-0.0045	144.1775
-0.0031	69.8409	-19.8957	-0.0045	144.1789
-0.0031	69.8409	-19.8962	-0.0045	144.1802
-0.0031	69.8409	-19.8966	-0.0045	144.1816
-0.0031	69.8409	-19.8971	-0.0045	144.183
-0.0031	69.8409	-19.8975	-0.0045	144.1843
-0.0031	69.8409	-19.898	-0.0045	144.1857
-0.0031	69.8409	-19.8984	-0.0045	144.187
-0.0031	69.8409	-19.8988	-0.0045	144.1884
-0.0031	69.8409	-19.8993	-0.0045	144.1898
-0.0031	69.8409	-19.8997	-0.0045	144.1911
-0.0031	69.8409	-19.9001	-0.0045	144.1924
-0.0031	69.8409	-19.9006	-0.0045	144.1938
-0.0031	69.8409	-19.901	-0.0045	144.1951
-0.0031	69.8409	-19.9014	-0.0045	144.1964
-0.0031	69.8409	-19.9019	-0.0045	144.1978
-0.0031	69.8409	-19.9023	-0.0045	144.1991
-0.0031	69.8409	-19.9027	-0.0045	144.2004
-0.0031	69.8409	-19.9032	-0.0045	144.2017
-0.0031	69.8409	-19.9036	-0.0045	144.203
-0.0031	69.8409	-19.904	-0.0045	144.2044
-0.0031	69.8409	-19.9044	-0.0045	144.2057
-0.0031	69.8409	-19.9049	-0.0045	144.207
-0.0031	69.8409	-19.9053	-0.0045	144.2083
-0.0031	69.8409	-19.9057	-0.0045	144.2096
-0.0031	69.8409	-19.9061	-0.0045	144.2109
-0.0031	69.8409	-19.9065	-0.0045	144.2121
-0.0031	69.8409	-19.907	-0.0045	144.2134
-0.0031	69.8409	-19.9074	-0.0045	144.2147
-0.0031	69.8409	-19.9078	-0.0045	144.216
-0.0031	69.8409	-19.9082	-0.0045	144.2173
-0.0031	69.8409	-19.9086	-0.0045	144.2185
-0.0031	69.8409	-19.909	-0.0045	144.2198
-0.0031	69.8409	-19.9094	-0.0045	144.2211
-0.0031	69.8409	-19.9098	-0.0045	144.2223
-0.0031	69.8409	-19.9103	-0.0045	144.2236
-0.0031	69.8409	-19.9107	-0.0045	144.2248
-0.0031	69.8409	-19.9111	-0.0045	144.2261
-0.0031	69.8409	-19.9115	-0.0045	144.2273
-0.0031	69.8409	-19.9119	-0.0045	144.2286
-0.0031	69.8409	-19.9123	-0.0045	144.2298
-0.0031	69.8409	-19.9127	-0.0045	144.231
-0.0031	69.8409	-19.9131	-0.0045	144.2323
-0.0031	69.8409	-19.9135	-0.0045	144.2335
-0.0031	69.8409	-19.9139	-0.0045	144.2347
-0.0031	69.8409	-19.9143	-0.0045	144.2359
-0.0031	69.8409	-19.9147	-0.0045	144.2372
-0.0031	69.8409	-19.9151	-0.0045	144.2384
-0.0031	69.8409	-19.9155	-0.0045	144.2396
-0.0031	69.8409	-19.9158	-0.0045	144.2408
-0.0031	69.8409	-19.9162	-0.0045	144.242
-0.0031	69.8409	-19.9166	-0.0045	144.2432
-0.0031	69.8409	-19.917	-0.0045	144.2444
-0.0031	69.8409	-19.9174	-0.0045	144.2456
-0.0031	69.8409	-19.9178	-0.0045	144.2468
-0.0031	69.8409	-19.9182	-0.0045	144.2479
-0.0031	69.8409	-19.9186	-0.0045	144.2491
-0.0031	69.8409	-19.9189	-0.0045	144.2503
-0.0031	69.8409	-19.9193	-0.0045	144.2515
-0.0031	69.8409	-19.9197	-0.0045	144.2527
-0.0031	69.8409	-19.9201	-0.0045	144.2538
-0.0031	69.8409	-19.9205	-0.0045	144.255
-0.0031	69.8409	-19.9208	-0.0045	144.2562
-0.0031	69.8409	-19.9212	-0.0045	144.2573
-0.0031	69.8409	-19.9216	-0.0045	144.2585
-0.0031	69.8409	-19.922	-0.0045	144.2596
-0.0031	69.8409	-19.9223	-0.0045	144.2608
-0.0031	69.8409	-19.9227	-0.0045	144.2619
-0.0031	69.8409	-19.9231	-0.0045	144.263
-0.0031	69.8409	-19.9234	-0.0045	144.2642
-0.0031	69.8409	-19.9238	-0.0045	144.2653
-0.0031	69.8409	-19.9242	-0.0045	144.2664
-0.0031	69.8409	-19.9245	-0.0045	144.2676
-0.0031	69.8409	-19.9249	-0.0045	144.2687
-0.0031	69.8409	-19.9253	-0.0045	144.2698
-0.0031	69.8409	-19.9256	-0.0045	144.2709
-0.0031	69.8409	-19.926	-0.0045	144.272
-0.0031	69.8409	-19.9264	-0.0045	144.2732
-0.0031	69.8409	-19.9267	-0.0045	144.2743
-0.0031	69.8409	-19.9271	-0.0045	144.2754
-0.0031	69.8409	-19.9274	-0.0045	144.2765
-0.0031	69.8409	-19.9278	-0.0045	144.2776
-0.0031	69.8409	-19.9281	-0.0045	144.2787
-0.0031	69.8409	-19.9285	-0.0045	144.2797
-0.0031	69.8409	-19.9288	-0.0045	144.2808
-0.0031	69.8409	-19.9292	-0.0045	144.2819
-0.0031	69.8409	-19.9295	-0.0045	144.283
-0.0031	69.8409	-19.9299	-0.0045	144.2841
-0.0031	69.8409	-19.9302	-0.0045	144.2851
-0.0031	69.8409	-19.9306	-0.0045	144.2862
-0.0031	69.8409	-19.9309	-0.0045	144.2873
-0.0031	69.8409	-19.9313	-0.0045	144.2883
-0.0031	69.8409	-19.9316	-0.0045	144.2894
-0.0031	69.8409	-19.932	-0.0045	144.2904
-0.0031	69.8409	-19.9323	-0.0045	144.2915
-0.0031	69.8409	-19.9327	-0.0045	144.2926
-0.0031	69.8409	-19.933	-0.0045	144.2936
-0.0031	69.8409	-19.9333	-0.0045	144.2946
-0.0031	69.8409	-19.9337	-0.0045	144.2957
-0.0031	69.8409	-19.934	-0.0045	144.2967
-0.0031	69.8409	-19.9343	-0.0045	144.2977
-0.0031	69.8409	-19.9347	-0.0045	144.2988
-0.0031	69.8409	-19.935	-0.0045	144.2998
-0.0031	69.8409	-19.9353	-0.0045	144.3008
-0.0031	69.8409	-19.9357	-0.0045	144.3018
-0.0031	69.8409	-19.936	-0.0045	144.3029
-0.0031	69.8409	-19.9363	-0.0045	144.3039
-0.0031	69.8409	-19.9367	-0.0045	144.3049
-0.0031	69.8409	-19.937	-0.0045	144.3059
-0.0031	69.8409	-19.9373	-0.0045	144.3069
-0.0031	69.8409	-19.9376	-0.0045	144.3079
-0.0031	69.8409	-19.938	-0.0045	144.3089
-0.0031	69.8409	-19.9383	-0.0045	144.3099
-0.0031	69.8409	-19.9386	-0.0045	144.3109
-0.0031	69.8409	-19.9389	-0.0045	144.3119
-0.0031	69.8409	-19.9392	-0.0045	144.3128
-0.0031	69.8409	-19.9396	-0.0045	144.3138
-0.0031	69.8409	-19.9399	-0.0045	144.3148
-0.0031	69.8409	-19.9402	-0.0045	144.3158
-0.0031	69.8409	-19.9405	-0.0045	144.3167
-0.0031	69.8409	-19.9408	-0.0045	144.3177
-0.0031	69.8409	-19.9411	-0.0045	144.3187
-0.0031	69.8409	-19.9414	-0.0045	144.3196
-0.0031	69.8409	-19.9418	-0.0045	144.3206
-0.0031	69.8409	-19.9421	-0.0045	144.3215
-0.0031	69.8409	-19.9424	-0.0045	144.3225
-0.0031	69.8409	-19.9427	-0.0045	144.3234
-0.0031	69.8409	-19.943	-0.0045	144.3244
-0.0031	69.8409	-19.9433	-0.0045	144.3253
-0.0031	69.8409	-19.9436	-0.0045	144.3263
-0.0031	69.8409	-19.9439	-0.0045	144.3272
-0.0031	69.8409	-19.9442	-0.0045	144.3281
-0.0031	69.8409	-19.9445	-0.0045	144.3291
-0.0031	69.8409	-19.9448	-0.0045	144.33
-0.0031	69.8409	-19.9451	-0.0045	144.3309
-0.0031	69.8409	-19.9454	-0.0045	144.3318
-0.0031	69.8409	-19.9457	-0.0045	144.3327
-0.0031	69.8409	-19.946	-0.0045	144.3336
-0.0031	69.8409	-19.9463	-0.0045	144.3346
-0.0031	69.8409	-19.9466	-0.0045	144.3355
-0.0031	69.8409	-19.9469	-0.0045	144.3364
-0.0031	69.8409	-19.9472	-0.0045	144.3373
-0.0031	69.8409	-19.9475	-0.0045	144.3382
-0.0031	69.8409	-19.9477	-0.0045	144.3391
-0.0031	69.8409	-19.948	-0.0045	144.3399
-0.0031	69.8409	-19.9483	-0.0045	144.3408
-0.0031	69.8409	-19.9486	-0.0045	144.3417
-0.0031	69.8409	-19.9489	-0.0045	144.3426
-0.0031	69.8409	-19.9492	-0.0045	144.3435
-0.0031	69.8409	-19.9495	-0.0045	144.3444
-0.0031	69.8409	-19.9498	-0.0045	144.3452
-0.0031	69.8409	-19.95	-0.0045	144.3461
-0.0031	69.8409	-19.9503	-0.0045	144.347
-0.0031	69.8409	-19.9506	-0.0045	144.3478
-0.0031	69.8409	-19.9509	-0.0045	144.3487
-0.0031	69.8409	-19.9512	-0.0045	144.3495
-0.0031	69.8409	-19.9514	-0.0045	144.3504
-0.0031	69.8409	-19.9517	-0.0045	144.3512
-0.0031	69.8409	-19.952	-0.0045	144.3521
-0.0031	69.8409	-19.9523	-0.0045	144.3529
-0.0031	69.8409	-19.9525	-0.0045	144.3538
-0.0031	69.8409	-19.9528	-0.0045	144.3546
-0.0031	69.8409	-19.9531	-0.0045	144.3554
-0.0031	69.8409	-19.9533	-0.0045	144.3563
-0.0031	69.8409	-19.9536	-0.0045	144.3571
-0.0031	69.8409	-19.9539	-0.0045	144.3579
-0.0031	69.8409	-19.9541	-0.0045	144.3588
-0.0031	69.8409	-19.9544	-0.0045	144.3596
-0.0031	69.8409	-19.9547	-0.0045	144.3604
-0.0031	69.8409	-19.9549	-0.0045	144.3612
-0.0031	69.8409	-19.9552	-0.0045	144.362
-0.0031	69.8409	-19.9555	-0.0045	144.3628
-0.0031	69.8409	-19.9557	-0.0045	144.3636
-0.0031	69.8409	-19.956	-0.0045	144.3644
-0.0031	69.8409	-19.9562	-0.0045	144.3652
-0.0031	69.8409	-19.9565	-0.0045	144.366
-0.0031	69.8409	-19.9568	-0.0045	144.3668
-0.0031	69.8409	-19.957	-0.0045	144.3676
-0.0031	69.8409	-19.9573	-0.0045	144.3684
-0.0031	69.8409	-19.9575	-0.0045	144.3692
-0.0031	69.8409	-19.9578	-0.0045	144.37
-0.0031	69.8409	-19.958	-0.0045	144.3707
-0.0031	69.8409	-19.9583	-0.0045	144.3715
-0.0031	69.8409	-19.9585	-0.0045	144.3723
-0.0031	69.8409	-19.9588	-0.0045	144.3731
-0.0031	69.8409	-19.959	-0.0045	144.3738
-0.0031	69.8409	-19.9593	-0.0045	144.3746
-0.0031	69.8409	-19.9595	-0.0045	144.3753
-0.0031	69.8409	-19.9598	-0.0045	144.3761
-0.0031	69.8409	-19.96	-0.0045	144.3769
-0.0031	69.8409	-19.9603	-0.0045	144.3776
-0.0031	69.8409	-19.9605	-0.0045	144.3784
-0.0031	69.8409	-19.9607	-0.0045	144.3791
-0.0031	69.8409	-19.961	-0.0045	144.3798
-0.0031	69.8409	-19.9612	-0.0045	144.3806
-0.0031	69.8409	-19.9615	-0.0045	144.3813
-0.0031	69.8409	-19.9617	-0.0045	144.382
-0.0031	69.8409	-19.9619	-0.0045	144.3828
-0.0031	69.8409	-19.9622	-0.0045	144.3835
-0.0031	69.8409	-19.9624	-0.0045	144.3842
-0.0031	69.8409	-19.9626	-0.0045	144.385
-0.0031	69.8409	-19.9629	-0.0045	144.3857
-0.0031	69.8409	-19.9631	-0.0045	144.3864
-0.0031	69.8409	-19.9633	-0.0045	144.3871
-0.0031	69.8409	-19.9636	-0.0045	144.3878
-0.0031	69.8409	-19.9638	-0.0045	144.3885
-0.0031	69.8409	-19.964	-0.0045	144.3892
-0.0031	69.8409	-19.9643	-0.0045	144.3899
-0.0031	69.8409	-19.9645	-0.0045	144.3906
-0.0031	69.8409	-19.9647	-0.0045	144.3913
-0.0031	69.8409	-19.9649	-0.0045	144.392
-0.0031	69.8409	-19.9652	-0.0045	144.3927
-0.0031	69.8409	-19.9654	-0.0045	144.3934
-0.0031	69.8409	-19.9656	-0.0045	144.3941
-0.0031	69.8409	-19.9658	-0.0045	144.3948
-0.0031	69.8409	-19.9661	-0.0045	144.3954
-0.0031	69.8409	-19.9663	-0.0045	144.3961
-0.0031	69.8409	-19.9665	-0.0045	144.3968
-0.0031	69.8409	-19.9667	-0.0045	144.3975
-0.0031	69.8409	-19.9669	-0.0045	144.3981
-0.0031	69.8409	-19.9671	-0.0045	144.3988
-0.0031	69.8409	-19.9674	-0.0045	144.3995
-0.0031	69.8409	-19.9676	-0.0045	144.4001
-0.0031	69.8409	-19.9678	-0.0045	144.4008
-0.0031	69.8409	-19.968	-0.0045	144.4014
-0.0031	69.8409	-19.9682	-0.0045	144.4021
-0.0031	69.8409	-19.9684	-0.0045	144.4027
-0.0031	69.8409	-19.9686	-0.0045	144.4034
-0.0031	69.8409	-19.9688	-0.0045	144.404
-0.0031	69.8409	-19.969	-0.0045	144.4047
-0.0031	69.8409	-19.9693	-0.0045	144.4053
-0.0031	69.8409	-19.9695	-0.0045	144.4059
-0.0031	69.8409	-19.9697	-0.0045	144.4066
-0.0031	69.8409	-19.9699	-0.0045	144.4072
-0.0031	69.8409	-19.9701	-0.0045	144.4078
-0.0031	69.8409	-19.9703	-0.0045	144.4084
-0.0031	69.8409	-19.9705	-0.0045	144.4091
-0.0031	69.8409	-19.9707	-0.0045	144.4097
-0.0031	69.8409	-19.9709	-0.0045	144.4103
-0.0031	69.8409	-19.9711	-0.0045	144.4109
-0.0031	69.8409	-19.9713	-0.0045	144.4115
-0.0031	69.8409	-19.9715	-0.0045	144.4121
-0.0031	69.8409	-19.9717	-0.0045	144.4127
-0.0031	69.8409	-19.9719	-0.0045	144.4133
-0.0031	69.8409	-19.9721	-0.0045	144.4139
-0.0031	69.8409	-19.9723	-0.0045	144.4145
-0.0031	69.8409	-19.9724	-0.0045	144.4151
-0.0031	69.8409	-19.9726	-0.0045	144.4157
-0.0031	69.8409	-19.9728	-0.0045	144.4163
-0.0031	69.8409	-19.973	-0.0045	144.4169
-0.0031	69.8409	-19.9732	-0.0045	144.4175
-0.0031	69.8409	-19.9734	-0.0045	144.4181
-0.0031	69.8409	-19.9736	-0.0045	144.4186
-0.0031	69.8409	-19.9738	-0.0045	144.4192
-0.0031	69.8409	-19.974	-0.0045	144.4198
-0.0031	69.8409	-19.9741	-0.0045	144.4204
-0.0031	69.8409	-19.9743	-0.0045	144.4209
-0.0031	69.8409	-19.9745	-0.0045	144.4215
-0.0031	69.8409	-19.9747	-0.0045	144.4221
-0.0031	69.8409	-19.9749	-0.0045	144.4226
-0.0031	69.8409	-19.9751	-0.0045	144.4232
-0.0031	69.8409	-19.9752	-0.0045	144.4237
-0.0031	69.8409	-19.9754	-0.0045	144.4243
-0.0031	69.8409	-19.9756	-0.0045	144.4248
-0.0031	69.8409	-19.9758	-0.0045	144.4254
-0.0031	69.8409	-19.976	-0.0045	144.4259
-0.0031	69.8409	-19.9761	-0.0045	144.4265
-0.0031	69.8409	-19.9763	-0.0045	144.427
-0.0031	69.8409	-19.9765	-0.0045	144.4275
-0.0031	69.8409	-19.9767	-0.0045	144.4281
-0.0031	69.8409	-19.9768	-0.0045	144.4286
-0.0031	69.8409	-19.977	-0.0045	144.4291
-0.0031	69.8409	-19.9772	-0.0045	144.4297
-0.0031	69.8409	-19.9773	-0.0045	144.4302
-0.0031	69.8409	-19.9775	-0.0045	144.4307
-0.0031	69.8409	-19.9777	-0.0045	144.4312
-0.0031	69.8409	-19.9778	-0.0045	144.4318
-0.0031	69.8409	-19.978	-0.0045	144.4323
-0.0031	69.8409	-19.9782	-0.0045	144.4328
-0.0031	69.8409	-19.9783	-0.0045	144.4333
-0.0031	69.8409	-19.9785	-0.0045	144.4338
-0.0031	69.8409	-19.9787	-0.0045	144.4343
-0.0031	69.8409	-19.9788	-0.0045	144.4348
-0.0031	69.8409	-19.979	-0.0045	144.4353
-0.0031	69.8409	-19.9792	-0.0045	144.4358
-0.0031	69.8409	-19.9793	-0.0045	144.4363
-0.0031	69.8409	-19.9795	-0.0045	144.4368
-0.0031	69.8409	-19.9796	-0.0045	144.4373
-0.0031	69.8409	-19.9798	-0.0045	144.4378
-0.0031	69.8409	-19.98	-0.0045	144.4383
-0.0031	69.8409	-19.9801	-0.0045	144.4387
-0.0031	69.8409	-19.9803	-0.0045	144.4392
-0.0031	69.8409	-19.9804	-0.0045	144.4397
-0.0031	69.8409	-19.9806	-0.0045	144.4402
-0.0031	69.8409	-19.9807	-0.0045	144.4406
-0.0031	69.8409	-19.9809	-0.0045	144.4411
-0.0031	69.8409	-19.981	-0.0045	144.4416
-0.0031	69.8409	-19.9812	-0.0045	144.442
-0.0031	69.8409	-19.9813	-0.0045	144.4425
-0.0031	69.8409	-19.9815	-0.0045	144.443
-0.0031	69.8409	-19.9816	-0.0045	144.4434
-0.0031	69.8409	-19.9818	-0.0045	144.4439
-0.0031	69.8409	-19.9819	-0.0045	144.4443
-0.0031	69.8409	-19.9821	-0.0045	144.4448
-0.0031	69.8409	-19.9822	-0.0045	144.4452
-0.0031	69.8409	-19.9824	-0.0045	144.4457
-0.0031	69.8409	-19.9825	-0.0045	144.4461
-0.0031	69.8409	-19.9827	-0.0045	144.4466
-0.0031	69.8409	-19.9828	-0.0045	144.447
-0.0031	69.8409	-19.9829	-0.0045	144.4474
-0.0031	69.8409	-19.9831	-0.0045	144.4479
-0.0031	69.8409	-19.9832	-0.0045	144.4483
-0.0031	69.8409	-19.9834	-0.0045	144.4487
-0.0031	69.8409	-19.9835	-0.0045	144.4492
-0.0031	69.8409	-19.9836	-0.0045	144.4496
-0.0031	69.8409	-19.9838	-0.0045	144.45
-0.0031	69.8409	-19.9839	-0.0045	144.4504
-0.0031	69.8409	-19.984	-0.0045	144.4509
-0.0031	69.8409	-19.9842	-0.0045	144.4513
-0.0031	69.8409	-19.9843	-0.0045	144.4517
-0.0031	69.8409	-19.9844	-0.0045	144.4521
-0.0031	69.8409	-19.9846	-0.0045	144.4525
-0.0031	69.8409	-19.9847	-0.0045	144.4529
-0.0031	69.8409	-19.9848	-0.0045	144.4533
-0.0031	69.8409	-19.985	-0.0045	144.4537
-0.0031	69.8409	-19.9851	-0.0045	144.4541
-0.0031	69.8409	-19.9852	-0.0045	144.4545
-0.0031	69.8409	-19.9854	-0.0045	144.4549
-0.0031	69.8409	-19.9855	-0.0045	144.4553
-0.0031	69.8409	-19.9856	-0.0045	144.4557
-0.0031	69.8409	-19.9857	-0.0045	144.4561
-0.0031	69.8409	-19.9859	-0.0045	144.4565
-0.0031	69.8409	-19.986	-0.0045	144.4569
-0.0031	69.8409	-19.9861	-0.0045	144.4572
-0.0031	69.8409	-19.9862	-0.0045	144.4576
-0.0031	69.8409	-19.9864	-0.0045	144.458
-0.0031	69.8409	-19.9865	-0.0045	144.4584
-0.0031	69.8409	-19.9866	-0.0045	144.4588
-0.0031	69.8409	-19.9867	-0.0045	144.4591
-0.0031	69.8409	-19.9868	-0.0045	144.4595
-0.0031	69.8409	-19.987	-0.0045	144.4599
-0.0031	69.8409	-19.9871	-0.0045	144.4602
-0.0031	69.8409	-19.9872	-0.0045	144.4606
-0.0031	69.8409	-19.9873	-0.0045	144.4609
-0.0031	69.8409	-19.9874	-0.0045	144.4613
-0.0031	69.8409	-19.9876	-0.0045	144.4617
-0.0031	69.8409	-19.9877	-0.0045	144.462
-0.0031	69.8409	-19.9878	-0.0045	144.4624
-0.0031	69.8409	-19.9879	-0.0045	144.4627
-0.0031	69.8409	-19.988	-0.0045	144.4631
-0.0031	69.8409	-19.9881	-0.0045	144.4634
-0.0031	69.8409	-19.9882	-0.0045	144.4638
-0.0031	69.8409	-19.9883	-0.0045	144.4641
-0.0031	69.8409	-19.9885	-0.0045	144.4644
-0.0031	69.8409	-19.9886	-0.0045	144.4648
-0.0031	69.8409	-19.9887	-0.0045	144.4651
-0.0031	69.8409	-19.9888	-0.0045	144.4654
-0.0031	69.8409	-19.9889	-0.0045	144.4658
-0.0031	69.8409	-19.989	-0.0045	144.4661
-0.0031	69.8409	-19.9891	-0.0045	144.4664
-0.0031	69.8409	-19.9892	-0.0045	144.4668
-0.0031	69.8409	-19.9893	-0.0045	144.4671
-0.0031	69.8409	-19.9894	-0.0045	144.4674
-0.0031	69.8409	-19.9895	-0.0045	144.4677
-0.0031	69.8409	-19.9896	-0.0045	144.468
-0.0031	69.8409	-19.9897	-0.0045	144.4684
-0.0031	69.8409	-19.9898	-0.0045	144.4687
-0.0031	69.8409	-19.9899	-0.0045	144.469
-0.0031	69.8409	-19.99	-0.0045	144.4693
-0.0031	69.8409	-19.9901	-0.0045	144.4696
-0.0031	69.8409	-19.9902	-0.0045	144.4699
-0.0031	69.8409	-19.9903	-0.0045	144.4702
-0.0031	69.8409	-19.9904	-0.0045	144.4705
-0.0031	69.8409	-19.9905	-0.0045	144.4708
-0.0031	69.8409	-19.9906	-0.0045	144.4711
-0.0031	69.8409	-19.9907	-0.0045	144.4714
-0.0031	69.8409	-19.9908	-0.0045	144.4717
-0.0031	69.8409	-19.9909	-0.0045	144.472
-0.0031	69.8409	-19.991	-0.0045	144.4723
-0.0031	69.8409	-19.9911	-0.0045	144.4725
-0.0031	69.8409	-19.9912	-0.0045	144.4728
-0.0031	69.8409	-19.9913	-0.0045	144.4731
-0.0031	69.8409	-19.9914	-0.0045	144.4734
-0.0031	69.8409	-19.9915	-0.0045	144.4737
-0.0031	69.8409	-19.9915	-0.0045	144.474
-0.0031	69.8409	-19.9916	-0.0045	144.4742
-0.0031	69.8409	-19.9917	-0.0045	144.4745
-0.0031	69.8409	-19.9918	-0.0045	144.4748
-0.0031	69.8409	-19.9919	-0.0045	144.475
-0.0031	69.8409	-19.992	-0.0045	144.4753
-0.0031	69.8409	-19.9921	-0.0045	144.4756
-0.0031	69.8409	-19.9922	-0.0045	144.4758
-0.0031	69.8409	-19.9922	-0.0045	144.4761
-0.0031	69.8409	-19.9923	-0.0045	144.4764
-0.0031	69.8409	-19.9924	-0.0045	144.4766
-0.0031	69.8409	-19.9925	-0.0045	144.4769
-0.0031	69.8409	-19.9926	-0.0045	144.4771
-0.0031	69.8409	-19.9927	-0.0045	144.4774
-0.0031	69.8409	-19.9927	-0.0045	144.4776
-0.0031	69.8409	-19.9928	-0.0045	144.4779
-0.0031	69.8409	-19.9929	-0.0045	144.4781
-0.0031	69.8409	-19.993	-0.0045	144.4784
-0.0031	69.8409	-19.9931	-0.0045	144.4786
-0.0031	69.8409	-19.9931	-0.0045	144.4789
-0.0031	69.8409	-19.9932	-0.0045	144.4791
-0.0031	69.8409	-19.9933	-0.0045	144.4794
-0.0031	69.8409	-19.9934	-0.0045	144.4796
-0.0031	69.8409	-19.9934	-0.0045	144.4798
-0.0031	69.8409	-19.9935	-0.0045	144.4801
-0.0031	69.8409	-19.9936	-0.0045	144.4803
-0.0031	69.8409	-19.9937	-0.0045	144.4805
-0.0031	69.8409	-19.9937	-0.0045	144.4807
-0.0031	69.8409	-19.9938	-0.0045	144.481
-0.0031	69.8409	-19.9939	-0.0045	144.4812
-0.0031	69.8409	-19.994	-0.0045	144.4814
-0.0031	69.8409	-19.994	-0.0045	144.4816
-0.0031	69.8409	-19.9941	-0.0045	144.4819
-0.0031	69.8409	-19.9942	-0.0045	144.4821
-0.0031	69.8409	-19.9943	-0.0045	144.4823
-0.0031	69.8409	-19.9943	-0.0045	144.4825
-0.0031	69.8409	-19.9944	-0.0045	144.4827
-0.0031	69.8409	-19.9945	-0.0045	144.4829
-0.0031	69.8409	-19.9945	-0.0045	144.4831
-0.0031	69.8409	-19.9946	-0.0045	144.4833
-0.0031	69.8409	-19.9947	-0.0045	144.4836
-0.0031	69.8409	-19.9947	-0.0045	144.4838
-0.0031	69.8409	-19.9948	-0.0045	144.484
-0.0031	69.8409	-19.9949	-0.0045	144.4842
-0.0031	69.8409	-19.9949	-0.0045	144.4844
-0.0031	69.8409	-19.995	-0.0045	144.4846
-0.0031	69.8409	-19.995	-0.0045	144.4848
-0.0031	69.8409	-19.9951	-0.0045	144.4849
-0.0031	69.8409	-19.9952	-0.0045	144.4851
-0.0031	69.8409	-19.9952	-0.0045	144.4853
-0.0031	69.8409	-19.9953	-0.0045	144.4855
-0.0031	69.8409	-19.9954	-0.0045	144.4857
-0.0031	69.8409	-19.9954	-0.0045	144.4859
-0.0031	69.8409	-19.9955	-0.0045	144.4861
-0.0031	69.8409	-19.9955	-0.0045	144.4863
-0.0031	69.8409	-19.9956	-0.0045	144.4864
-0.0031	69.8409	-19.9957	-0.0045	144.4866
-0.0031	69.8409	-19.9957	-0.0045	144.4868
-0.0031	69.8409	-19.9958	-0.0045	144.487
-0.0031	69.8409	-19.9958	-0.0045	144.4872
-0.0031	69.8409	-19.9959	-0.0045	144.4873
-0.0031	69.8409	-19.9959	-0.0045	144.4875
-0.0031	69.8409	-19.996	-0.0045	144.4877
-0.0031	69.8409	-19.9961	-0.0045	144.4878
-0.0031	69.8409	-19.9961	-0.0045	144.488
-0.0031	69.8409	-19.9962	-0.0045	144.4882
-0.0031	69.8409	-19.9962	-0.0045	144.4883
-0.0031	69.8409	-19.9963	-0.0045	144.4885
-0.0031	69.8409	-19.9963	-0.0045	144.4887
-0.0031	69.8409	-19.9964	-0.0045	144.4888
-0.0031	69.8409	-19.9964	-0.0045	144.489
-0.0031	69.8409	-19.9965	-0.0045	144.4891
-0.0031	69.8409	-19.9965	-0.0045	144.4893
-0.0031	69.8409	-19.9966	-0.0045	144.4894
-0.0031	69.8409	-19.9966	-0.0045	144.4896
-0.0031	69.8409	-19.9967	-0.0045	144.4897
-0.0031	69.8409	-19.9967	-0.0045	144.4899
-0.0031	69.8409	-19.9968	-0.0045	144.49
-0.0031	69.8409	-19.9968	-0.0045	144.4902
-0.0031	69.8409	-19.9969	-0.0045	144.4903
-0.0031	69.8409	-19.9969	-0.0045	144.4905
-0.0031	69.8409	-19.997	-0.0045	144.4906
-0.0031	69.8409	-19.997	-0.0045	144.4908
-0.0031	69.8409	-19.997	-0.0045	144.4909
-0.0031	69.8409	-19.9971	-0.0045	144.491
-0.0031	69.8409	-19.9971	-0.0045	144.4912
-0.0031	69.8409	-19.9972	-0.0045	144.4913
-0.0031	69.8409	-19.9972	-0.0045	144.4915
-0.0031	69.8409	-19.9973	-0.0045	144.4916
-0.0031	69.8409	-19.9973	-0.0045	144.4917
-0.0031	69.8409	-19.9974	-0.0045	144.4918
-0.0031	69.8409	-19.9974	-0.0045	144.492
-0.0031	69.8409	-19.9974	-0.0045	144.4921
-0.0031	69.8409	-19.9975	-0.0045	144.4922
-0.0031	69.8409	-19.9975	-0.0045	144.4924
-0.0031	69.8409	-19.9976	-0.0045	144.4925
-0.0031	69.8409	-19.9976	-0.0045	144.4926
-0.0031	69.8409	-19.9976	-0.0045	144.4927
-0.0031	69.8409	-19.9977	-0.0045	144.4928
-0.0031	69.8409	-19.9977	-0.0045	144.493
-0.0031	69.8409	-19.9978	-0.0045	144.4931
-0.0031	69.8409	-19.9978	-0.0045	144.4932
-0.0031	69.8409	-19.9978	-0.0045	144.4933
-0.0031	69.8409	-19.9979	-0.0045	144.4934
-0.0031	69.8409	-19.9979	-0.0045	144.4935
-0.0031	69.8409	-19.9979	-0.0045	144.4936
-0.0031	69.8409	-19.998	-0.0045	144.4938
-0.0031	69.8409	-19.998	-0.0045	144.4939
-0.0031	69.8409	-19.998	-0.0045	144.494
-0.0031	69.8409	-19.9981	-0.0045	144.4941
-0.0031	69.8409	-19.9981	-0.0045	144.4942
-0.0031	69.8409	-19.9981	-0.0045	144.4943
-0.0031	69.8409	-19.9982	-0.0045	144.4944
-0.0031	69.8409	-19.9982	-0.0045	144.4945
-0.0031	69.8409	-19.9982	-0.0045	144.4946
-0.0031	69.8409	-19.9983	-0.0045	144.4947
-0.0031	69.8409	-19.9983	-0.0045	144.4948
-0.0031	69.8409	-19.9983	-0.0045	144.4949
-0.0031	69.8409	-19.9984	-0.0045	144.495
-0.0031	69.8409	-19.9984	-0.0045	144.4951
-0.0031	69.8409	-19.9984	-0.0045	144.4952
-0.0031	69.8409	-19.9985	-0.0045	144.4952
-0.0031	69.8409	-19.9985	-0.0045	144.4953
-0.0031	69.8409	-19.9985	-0.0045	144.4954
-0.0031	69.8409	-19.9985	-0.0045	144.4955
-0.0031	69.8409	-19.9986	-0.0045	144.4956
-0.0031	69.8409	-19.9986	-0.0045	144.4957
-0.0031	69.8409	-19.9986	-0.0045	144.4958
-0.0031	69.8409	-19.9987	-0.0045	144.4959
-0.0031	69.8409	-19.9987	-0.0045	144.4959
-0.0031	69.8409	-19.9987	-0.0045	144.496
-0.0031	69.8409	-19.9987	-0.0045	144.4961
-0.0031	69.8409	-19.9988	-0.0045	144.4962
-0.0031	69.8409	-19.9988	-0.0045	144.4963
-0.0031	69.8409	-19.9988	-0.0045	144.4963
-0.0031	69.8409	-19.9988	-0.0045	144.4964
-0.0031	69.8409	-19.9989	-0.0045	144.4965
-0.0031	69.8409	-19.9989	-0.0045	144.4966
-0.0031	69.8409	-19.9989	-0.0045	144.4966
-0.0031	69.8409	-19.9989	-0.0045	144.4967
-0.0031	69.8409	-19.999	-0.0045	144.4968
-0.0031	69.8409	-19.999	-0.0045	144.4968
-0.0031	69.8409	-19.999	-0.0045	144.4969
-0.0031	69.8409	-19.999	-0.0045	144.497
-0.0031	69.8409	-19.999	-0.0045	144.497
-0.0031	69.8409	-19.9991	-0.0045	144.4971
-0.0031	69.8409	-19.9991	-0.0045	144.4972
-0.0031	69.8409	-19.9991	-0.0045	144.4972
-0.0031	69.8409	-19.9991	-0.0045	144.4973
-0.0031	69.8409	-19.9991	-0.0045	144.4974
-0.0031	69.8409	-19.9992	-0.0045	144.4974
-0.0031	69.8409	-19.9992	-0.0045	144.4975
-0.0031	69.8409	-19.9992	-0.0045	144.4975
-0.0031	69.8409	-19.9992	-0.0045	144.4976
-0.0031	69.8409	-19.9992	-0.0045	144.4977
-0.0031	69.8409	-19.9993	-0.0045	144.4977
-0.0031	69.8409	-19.9993	-0.0045	144.4978
-0.0031	69.8409	-19.9993	-0.0045	144.4978
-0.0031	69.8409	-19.9993	-0.0045	144.4979
-0.0031	69.8409	-19.9993	-0.0045	144.4979
-0.0031	69.8409	-19.9993	-0.0045	144.498
-0.0031	69.8409	-19.9994	-0.0045	144.498
-0.0031	69.8409	-19.9994	-0.0045	144.4981
-0.0031	69.8409	-19.9994	-0.0045	144.4981
-0.0031	69.8409	-19.9994	-0.0045	144.4982
-0.0031	69.8409	-19.9994	-0.0045	144.4982
-0.0031	69.8409	-19.9994	-0.0045	144.4983
-0.0031	69.8409	-19.9995	-0.0045	144.4983
-0.0031	69.8409	-19.9995	-0.0045	144.4984
-0.0031	69.8409	-19.9995	-0.0045	144.4984
-0.0031	69.8409	-19.9995	-0.0045	144.4985
-0.0031	69.8409	-19.9995	-0.0045	144.4985
-0.0031	69.8409	-19.9995	-0.0045	144.4985
-0.0031	69.8409	-19.9995	-0.0045	144.4986
-0.0031	69.8409	-19.9996	-0.0045	144.4986
-0.0031	69.8409	-19.9996	-0.0045	144.4987
-0.0031	69.8409	-19.9996	-0.0045	144.4987
-0.0031	69.8409	-19.9996	-0.0045	144.4987
-0.0031	69.8409	-19.9996	-0.0045	144.4988
-0.0031	69.8409	-19.9996	-0.0045	144.4988
-0.0031	69.8409	-19.9996	-0.0045	144.4989
-0.0031	69.8409	-19.9996	-0.0045	144.4989
-0.0031	69.8409	-19.9997	-0.0045	144.4989
-0.0031	69.8409	-19.9997	-0.0045	144.499
-0.0031	69.8409	-19.9997	-0.0045	144.499
-0.0031	69.8409	-19.9997	-0.0045	144.499
-0.0031	69.8409	-19.9997	-0.0045	144.4991
-0.0031	69.8409	-19.9997	-0.0045	144.4991
-0.0031	69.8409	-19.9997	-0.0045	144.4991
-0.0031	69.8409	-19.9997	-0.0045	144.4991
-0.0031	69.8409	-19.9997	-0.0045	144.4992
-0.0031	69.8409	-19.9997	-0.0045	144.4992
-0.0031	69.8409	-19.9997	-0.0045	144.4992
-0.0031	69.8409	-19.9998	-0.0045	144.4993
-0.0031	69.8409	-19.9998	-0.0045	144.4993
-0.0031	69.8409	-19.9998	-0.0045	144.4993
-0.0031	69.8409	-19.9998	-0.0045	144.4993
-0.0031	69.8409	-19.9998	-0.0045	144.4994
-0.0031	69.8409	-19.9998	-0.0045	144.4994
-0.0031	69.8409	-19.9998	-0.0045	144.4994
-0.0031	69.8409	-19.9998	-0.0045	144.4994
-0.0031	69.8409	-19.9998	-0.0045	144.4995
-0.0031	69.8409	-19.9998	-0.0045	144.4995
-0.0031	69.8409	-19.9998	-0.0045	144.4995
-0.0031	69.8409	-19.9998	-0.0045	144.4995
-0.0031	69.8409	-19.9998	-0.0045	144.4995
-0.0031	69.8409	-19.9999	-0.0045	144.4996
-0.0031	69.8409	-19.9999	-0.0045	144.4996
-0.0031	69.8409	-19.9999	-0.0045	144.4996
-0.0031	69.8409	-19.9999	-0.0045	144.4996
-0.0031	69.8409	-19.9999	-0.0045	144.4996
-0.0031	69.8409	-19.9999	-0.0045	144.4996
-0.0031	69.8409	-19.9999	-0.0045	144.4997
-0.0031	69.8409	-19.9999	-0.0045	144.4997
-0.0031	69.8409	-19.9999	-0.0045	144.4997
-0.0031	69.8409	-19.9999	-0.0045	144.4997
-0.0031	69.8409	-19.9999	-0.0045	144.4997
-0.0031	69.8409	-19.9999	-0.0045	144.4997
-0.0031	69.8409	-19.9999	-0.0045	144.4997
-0.0031	69.8409	-19.9999	-0.0045	144.4998
-0.0031	69.8409	-19.9999	-0.0045	144.4998
-0.0031	69.8409	-19.9999	-0.0045	144.4998
-0.0031	69.8409	-19.9999	-0.0045	144.4998
-0.0031	69.8409	-19.9999	-0.0045	144.4998
-0.0031	69.8409	-19.9999	-0.0045	144.4998
-0.0031	69.8409	-19.9999	-0.0045	144.4998
-0.0031	69.8409	-19.9999	-0.0045	144.4998
-0.0031	69.8409	-19.9999	-0.0045	144.4998
-0.0031	69.8409	-20	-0.0045	144.4999
-0.0031	69.8409	-20	-0.0045	144.4999
-0.0031	69.8409	-20	-0.0045	144.4999
-0.0031	69.8409	-20	-0.0045	144.4999
-0.0031	69.8409	-20	-0.0045	144.4999
-0.0031	69.8409	-20	-0.0045	144.4999
-0.0031	69.8409	-20	-0.0045	144.4999
-0.0031	69.8409	-20	-0.0045	144.4999
-0.0031	69.8409	-20	-0.0045	144.4999
-0.0031	69.8409	-20	-0.0045	144.4999
-0.0031	69.8409	-20	-0.0045	144.4999
-0.0031	69.8409	-20	-0.0045	144.4999
-0.0031	69.8409	-20	-0.0045	144.4999
-0.0031	69.8409	-20	-0.0045	144.4999
-0.0031	69.8409	-20	-0.0045	144.4999
-0.0031	69.8409	-20	-0.0045	144.5
-0.0031	69.8409	-20	-0.0045	144.5
-0.0031	69.8409	-20	-0.0045	144.5
-0.0031	69.8409	-20	-0.0045	144.5
-0.0031	69.8409	-20	-0.0045	144.5
-0.0031	69.8409	-20	-0.0045	144.5
-0.0031	69.8409	-20	-0.0045	144.5
-0.0031	69.8409	-20	-0.0045	144.5
-0.0031	69.8409	-20	-0.0045	144.5
-0.0031	69.8409	-20	-0.0045	144.5
-0.0031	69.8409	-20	-0.0045	144.5
-0.0031	69.8409	-20	-0.0045	144.5
-0.0031	69.8409	-20	-0.0045	144.5
-0.0031	69.8409	-20	-0.0045	144.5
-0.0031	69.8409	-20	-0.0045	144.5
-0.0031	69.8409	-20	-0.0045	144.5
-0.0031	69.8409	-20	-0.0045	144.5
-0.0031	69.8409	-20	-0.0045	144.5
-0.0031	69.8409	-20	-0.0045	144.5
-0.0031	69.8409	-20	-0.0045	144.5
-0.0031	69.8409	-20	-0.0045	144.5
-0.0031	69.8409	-20	-0.0045	144.5
-0.0031	69.8409	-20	-0.0045	144.5
-0.0031	69.8409	-20	-0.0045	144.5
-0.0031	69.8409	-20	-0.0045	144.5
-0.0031	69.8409	-20	-0.0045	144.5
-0.0031	69.8409	-20	-0.0045	144.5
-0.0031	69.8409	-20	-0.0045	144.5
-0.0031	69.8409	-20	-0.0045	144.5
-0.0031	69.8409	-20	-0.0045	144.5
-0.0031	69.8409	-20	-0.0045	144.5
-0.0031	69.8409	-20	-0.0045	144.5
-0.0031	69.8409	-20	-0.0045	144.5
-0.0031	69.8409	-20	-0.0045	144.5