0	0	0	0	0
0	0	0	0	0
0	0	0	0	7.2339174e-9
0	0	0	0	2.3885995e-8
0	0	0	0	5.6248839e-8
0	0	0	1.706393e-9	1.0991038e-7
0	0	1.7185169e-9	2.9485395e-9	1.8959727e-7
0	0	2.7285557e-9	4.681511e-9	3.0083316e-7
0	0	4.0717424e-9	6.9860789e-9	4.493168e-7
0	0	5.795985e-9	9.944445e-9	6.3988565e-7
0	0	7.9493943e-9	1.3639151e-8	8.7713776e-7
0	0	1.057859e-8	1.8150187e-8	0.00000116709
0	0	1.3730393e-8	2.3557883e-8	0.0000015155199
0	0	1.7453723e-8	2.9946176e-8	0.0000019260998
0	0	2.1794744e-8	3.7394271e-8	0.0000024051649
0	0	2.6801299e-8	4.5984254e-8	0.0000029573599
0	0	3.2519952e-8	5.5796018e-8	0.0000035885411
0	0	3.8998312e-8	6.6911245e-8	0.0000043034964
0	0	4.6283343e-8	7.9410516e-8	0.0000051076032
0	0	5.4422421e-8	9.3375114e-8	0.0000060057925
0	0	6.3462486e-8	1.0888558e-7	0.0000070033777
0	0	7.345047e-8	1.2602244e-7	0.0000081056401
0	0	8.4433714e-8	1.4486691e-7	0.0000093174146
0	0	9.6458494e-8	1.6549839e-7	0.00001064454
0	0	1.0957213e-7	1.8799806e-7	0.000012091787
0	0	1.2382171e-7	2.1244675e-7	0.000013664102
0	0	1.3925349e-7	2.3892377e-7	0.000015367228
0	0	1.5591475e-7	2.6751028e-7	0.000017205839
0	0	1.7385213e-7	2.9828628e-7	0.000019185199
0	0	1.9311205e-7	3.3133142e-7	0.000021310748
0	0	2.1374155e-7	3.6672641e-7	0.000023587273
0	0	2.3578744e-7	4.0455159e-7	0.000026019733
0	0	2.5929528e-7	4.4488509e-7	0.000028614303
0	0	2.843125e-7	4.8780828e-7	0.000031375257
0	0	3.1088587e-7	5.3340145e-7	0.000034307459
0	0	3.3906132e-7	5.8174339e-7	0.000037416574
0	0	3.6888542e-7	6.3291397e-7	0.000040707609
0	0	4.0040428e-7	6.8699234e-7	0.000044185954
0	0	4.3366443e-7	7.440583e-7	0.000047856556
0	0	4.6871238e-7	8.041917e-7	0.000051724325
0	0	5.0559444e-7	8.6747195e-7	0.000055794351
0	0	5.4435669e-7	9.339781e-7	0.000060071897
0	0	5.8504538e-7	0.0000010037896	0.000064561986
0	0	6.277068e-7	0.0000010769857	0.00006926961
0	0	6.7238677e-7	0.0000011536452	0.000074200145
0	0	7.1913111e-7	0.0000012338466	0.000079358934
0	0	7.6798669e-7	0.0000013176703	0.00008475025
0	0	8.1899887e-7	0.0000014051942	0.000090379787
0	0	8.722143e-7	0.0000014964983	0.000096251964
0	0	9.2767811e-7	0.00000159166	0.00010237262
0	0	9.8543649e-7	0.0000016907587	0.00010874651
0	0	0.0000010455352	0.0000017938727	0.00011537881
0	0	0.0000011080204	0.0000019010813	0.00012227421
0	0	0.0000011729376	0.0000020124626	0.000129438
0	0	0.0000012403323	0.0000021280947	0.00013687545
0	0	0.0000013102507	0.0000022480567	0.00014459117
0	0	0.0000013827382	0.0000023724267	0.00015259036
0	0	0.0000014578405	0.0000025012831	0.00016087797
0	0	0.0000015356032	0.0000026347038	0.00016945915
0	0	0.0000016160711	0.0000027727661	0.00017833941
0	0	0.0000016992909	0.0000029155499	0.00018752279
0	0	0.0000017853069	0.0000030631311	0.00019701536
0	0	0.0000018741655	0.0000032155897	0.0002068211
0	0	0.0000019659117	0.0000033730024	0.0002169456
0	0	0.0000020605909	0.0000035354475	0.0002273936
0	0	0.0000021582479	0.0000037030017	0.00023817064
0	0	0.0000022589285	0.0000038757436	0.00024928117
0	0	0.0000023626782	0.0000040537512	0.00026073006
0	0	0.0000024695415	0.000004237101	0.00027252273
0	0	0.0000025795636	0.0000044258702	0.00028466439
0	0	0.0000026927902	0.0000046201377	0.00029715918
0	0	0.0000028092655	0.000004819979	0.00031001304
0	0	0.0000029290354	0.000005025473	0.00032323006
0	0	0.0000030521448	0.0000052366967	0.00033681531
0	0	0.000003178638	0.0000054537259	0.00035077444
0	0	0.0000033085603	0.0000056766388	0.00036511185
0	0	0.0000034419566	0.0000059055118	0.00037983271
0	0	0.000003578872	0.0000061404227	0.00039494157
0	0	0.0000037193507	0.0000063814473	0.00041044395
0	0	0.0000038634379	0.0000066286631	0.00042634432
0	0	0.0000040111779	0.0000068821461	0.00044264816
0	0	0.0000041626158	0.0000071419736	0.00045935986
0	0	0.0000043177959	0.0000074082216	0.00047648484
0	0	0.0000044767636	0.0000076809682	0.00049402701
0	0	0.0000046395622	0.0000079602874	0.00051199277
0	0	0.0000048062371	0.0000082462574	0.00053038597
0	0	0.0000049768328	0.0000085389542	0.00054921168
0	0	0.0000051513935	0.0000088384539	0.00056847495
0	0	0.0000053299635	0.0000091448323	0.00058818079
0	0	0.0000055125871	0.0000094581656	0.00060833417
0	0	0.0000056993092	0.0000097785308	0.00062893942
0	0	0.0000058901734	0.000010106003	0.00065000208
0	0	0.0000060852243	0.000010440658	0.00067152682
0	0	0.0000062845067	0.000010782572	0.00069351787
0	0	0.0000064880633	0.000011131821	0.0007159815
0	0	0.0000066959397	0.00001148848	0.00073892125
0	0	0.0000069081792	0.000011852626	0.00076234271
0	0	0.0000071248262	0.000012224333	0.0007862504
0	0	0.0000073459243	0.000012603677	0.00081064962
0	0	0.0000075715183	0.000012990735	0.00083554443
0	0	0.0000078016513	0.000013385581	0.00086094047
0	0	0.0000080363675	0.000013788289	0.00088684235
0	0	0.000008275711	0.000014198937	0.00091325463
0	0	0.0000085197256	0.000014617599	0.00094018227
0	0	0.0000087684545	0.000015044349	0.00096763058
0	0	0.0000090219421	0.000015479264	0.00099560384
0	0	0.000009280232	0.000015922418	0.0010241069
0	0	0.0000095433676	0.000016373885	0.001053145
0	0	0.0000098113926	0.000016833742	0.0010827227
0	0	0.000010084351	0.000017302062	0.0011128445
0	0	0.000010362286	0.000017778921	0.0011435155
0	0	0.000010645241	0.000018264392	0.0011747406
0	0	0.00001093326	0.000018758552	0.0012065246
0	0	0.000011226387	0.000019261474	0.0012388717
0	0	0.000011524663	0.000019773232	0.0012717877
0	0	0.000011828134	0.000020293901	0.0013052768
0	0	0.000012136842	0.000020823556	0.0013393435
0	0	0.00001245083	0.00002136227	0.0013739935
0	0	0.000012770142	0.000021910118	0.0014092307
0	0	0.000013094821	0.000022467174	0.00144506
0	0	0.00001342491	0.000023033512	0.0014814868
0	0	0.000013760453	0.000023609206	0.001518515
0	0	0.000014101492	0.000024194331	0.0015561499
0	0	0.000014448071	0.000024788959	0.0015943957
0	0	0.000014800232	0.000025393164	0.0016332581
0	0	0.000015158018	0.000026007022	0.0016727409
0	0	0.000015521473	0.000026630604	0.0017128496
0	0	0.00001589064	0.000027263985	0.0017535881
0	0	0.000016265561	0.000027907238	0.0017949621
0	0	0.000016646279	0.000028560437	0.0018369754
0	0	0.000017032836	0.000029223655	0.0018796334
0	0	0.000017425277	0.000029896965	0.0019229403
0	0	0.000017823642	0.000030580441	0.0019669014
0	0	0.000018227976	0.000031274157	0.0020115207
0	0	0.00001863832	0.000031978184	0.0020568038
0	0	0.000019054718	0.000032692596	0.0021027545
0	0	0.000019477212	0.000033417466	0.0021493782
0	0	0.000019905843	0.000034152867	0.0021966792
0	0	0.000020340656	0.000034898873	0.0022446622
0	0	0.000020781693	0.000035655556	0.0022933318
0	0	0.000021228994	0.000036422987	0.0023426933
0	0	0.000021682604	0.000037201241	0.0023927505
0	0	0.000022142565	0.00003799039	0.0024435087
0	0	0.000022608918	0.000038790506	0.0024949723
0	0	0.000023081706	0.000039601663	0.0025471457
0	0	0.000023560972	0.000040423932	0.0026000341
0	0	0.000024046757	0.000041257385	0.0026536422
0	0	0.000024539103	0.000042102095	0.002707974
0	0	0.000025038053	0.000042958135	0.0027630347
0	0	0.000025543649	0.000043825575	0.002818829
0	0	0.000026055933	0.00004470449	0.0028753606
0	0	0.000026574946	0.000045594949	0.0029326358
0	0	0.000027100732	0.000046497026	0.0029906574
0	0	0.000027633331	0.000047410793	0.0030494315
0	0	0.000028172786	0.00004833632	0.0031089619
0	0	0.000028719138	0.000049273681	0.0031692535
0	0	0.000029272428	0.000050222944	0.0032303115
0	0	0.000029832701	0.000051184186	0.0032921387
0	0	0.000030399996	0.000052157476	0.0033547414
-1.0047528e-9	0	0.000030974355	0.000053142884	0.0034181236
-1.0236145e-9	0	0.000031555821	0.000054140483	0.00348229
-1.042708e-9	0	0.000032144434	0.000055150344	0.0035472453
-1.0620347e-9	0	0.000032740236	0.000056172539	0.0036129938
-1.081596e-9	0	0.000033343269	0.000057207138	0.0036795404
-1.1013931e-9	0	0.000033953574	0.000058254213	0.0037468895
-1.1214275e-9	0	0.000034571194	0.000059313835	0.0038150455
-1.1417005e-9	0	0.000035196168	0.000060386075	0.0038840132
-1.1622133e-9	0	0.000035828539	0.000061471004	0.003953797
-1.1829675e-9	0	0.000036468348	0.000062568693	0.0040244017
-1.2039644e-9	0	0.000037115636	0.000063679212	0.0040958321
-1.225205e-9	0	0.000037770445	0.000064802633	0.0041680918
-1.2466911e-9	0	0.000038432816	0.000065939026	0.0042411864
-1.2684238e-9	0	0.000039102789	0.000067088462	0.0043151202
-1.2904043e-9	0	0.000039780407	0.000068251012	0.0043898969
-1.3126342e-9	0	0.000040465711	0.000069426745	0.0044655219
-1.3351148e-9	0	0.00004115874	0.000070615733	0.0045419999
-1.3578472e-9	0	0.000041859537	0.000071818046	0.0046193346
-1.380833e-9	0	0.000042568142	0.000073033753	0.0046975313
-1.4040733e-9	-1.0003116e-9	0.000043284597	0.000074262927	0.0047765937
-1.4275697e-9	-1.0170512e-9	0.000044008942	0.000075505635	0.0048565273
-1.4513233e-9	-1.0339742e-9	0.000044741218	0.00007676195	0.0049373359
-1.4753355e-9	-1.0510811e-9	0.000045481467	0.00007803194	0.0050190243
-1.4996076e-9	-1.0683735e-9	0.000046229728	0.000079315676	0.0051015969
-1.524141e-9	-1.085852e-9	0.000046986043	0.000080613227	0.0051850584
-1.5489368e-9	-1.1035174e-9	0.000047750453	0.000081924665	0.0052694128
-1.5739967e-9	-1.1213708e-9	0.000048522998	0.000083250057	0.0053546652
-1.5993218e-9	-1.1394132e-9	0.000049303719	0.000084589474	0.00544082
-1.6249131e-9	-1.1576455e-9	0.000050092657	0.000085942988	0.0055278808
-1.6507726e-9	-1.1760687e-9	0.000050889851	0.000087310664	0.0056158535
-1.676901e-9	-1.1946838e-9	0.000051695343	0.000088692575	0.0057047412
-1.7033001e-9	-1.2134911e-9	0.000052509174	0.000090088789	0.0057945497
-1.7299709e-9	-1.2324924e-9	0.000053331383	0.000091499376	0.0058852824
-1.7569148e-9	-1.2516882e-9	0.000054162011	0.000092924405	0.0059769443
-1.784133e-9	-1.2710794e-9	0.000055001099	0.000094363945	0.0060695396
-1.8116271e-9	-1.2906672e-9	0.000055848687	0.000095818066	0.0061630731
-1.8393981e-9	-1.3104523e-9	0.000056704815	0.000097286837	0.0062575489
-1.8674474e-9	-1.3304355e-9	0.000057569524	0.000098770326	0.0063529714
-1.8957765e-9	-1.3506182e-9	0.000058442853	0.0001002686	0.0064493456
-1.9243864e-9	-1.371001e-9	0.000059324844	0.00010178174	0.0065466751
-1.9532786e-9	-1.3915847e-9	0.000060215536	0.0001033098	0.0066449651
-1.9824542e-9	-1.4123705e-9	0.000061114969	0.00010485285	0.0067442193
-2.0119148e-9	-1.4333592e-9	0.000062023184	0.00010641097	0.006844443
-2.0416615e-9	-1.4545518e-9	0.000062940221	0.00010798422	0.00694564
-2.0716958e-9	-1.4759492e-9	0.000063866119	0.00010957267	0.0070478151
-2.1020188e-9	-1.4975525e-9	0.000064800918	0.00011117639	0.0071509725
-2.1326316e-9	-1.519362e-9	0.00006574466	0.00011279545	0.007255116
-2.163536e-9	-1.5413794e-9	0.000066697383	0.00011442991	0.0073602512
-2.194733e-9	-1.5636053e-9	0.000067659127	0.00011607985	0.0074663819
-2.2262237e-9	-1.5860403e-9	0.000068629933	0.00011774533	0.0075735122
-2.2580098e-9	-1.6086859e-9	0.00006960984	0.00011942642	0.007681647
-2.2900925e-9	-1.6315427e-9	0.000070598888	0.00012112319	0.0077907907
-2.3224729e-9	-1.6546117e-9	0.000071597116	0.00012283571	0.0079009472
-2.3551523e-9	-1.6778934e-9	0.000072604565	0.00012456404	0.0080121212
-2.388132e-9	-1.7013895e-9	0.000073621274	0.00012630826	0.0081243167
-2.4214135e-9	-1.7251007e-9	0.000074647283	0.00012806843	0.0082375388
-2.4549978e-9	-1.7490274e-9	0.00007568263	0.00012984462	0.0083517913
-2.4888866e-9	-1.7731707e-9	0.000076727357	0.00013163689	0.0084670792
-2.5230807e-9	-1.7975318e-9	0.000077781501	0.00013344532	0.008583406
-2.5575816e-9	-1.8221113e-9	0.000078845104	0.00013526997	0.0087007764
-2.5923906e-9	-1.8469106e-9	0.000079918204	0.00013711091	0.008819195
-2.6275089e-9	-1.8719301e-9	0.00008100084	0.00013896821	0.008938666
-2.6629379e-9	-1.8971711e-9	0.000082093053	0.00014084193	0.0090591937
-2.6986786e-9	-1.9226338e-9	0.000083194881	0.00014273215	0.009180782
-2.7347326e-9	-1.94832e-9	0.000084306363	0.00014463892	0.0093034361
-2.771101e-9	-1.9742303e-9	0.00008542754	0.00014656232	0.0094271599
-2.8077851e-9	-2.0003653e-9	0.000086558449	0.00014850242	0.0095519576
-2.8447863e-9	-2.0267262e-9	0.000087699131	0.00015045927	0.0096778338
-2.8821056e-9	-2.0533137e-9	0.000088849625	0.00015243296	0.0098047924
-2.9197445e-9	-2.0801291e-9	0.000090009969	0.00015442354	0.0099328383
-2.9577042e-9	-2.1071731e-9	0.000091180202	0.00015643108	0.010061975
-2.995986e-9	-2.1344462e-9	0.000092360364	0.00015845565	0.010192208
-3.034591e-9	-2.1619497e-9	0.000093550494	0.00016049732	0.010323541
-3.0735205e-9	-2.1896846e-9	0.000094750631	0.00016255615	0.010455977
-3.1127762e-9	-2.2176515e-9	0.000095960813	0.0001646322	0.010589523
-3.1523587e-9	-2.2458518e-9	0.00009718108	0.00016672556	0.010724181
-3.1922696e-9	-2.2742854e-9	0.00009841147	0.00016883628	0.010859956
-3.2325102e-9	-2.3029542e-9	0.000099652022	0.00017096442	0.010996853
-3.2730816e-9	-2.331859e-9	0.00010090277	0.00017311006	0.011134875
-3.3139853e-9	-2.3610001e-9	0.00010216377	0.00017527326	0.011274028
-3.3552222e-9	-2.3903786e-9	0.00010343504	0.0001774541	0.011414314
-3.3967939e-9	-2.4199959e-9	0.00010471663	0.00017965262	0.011555739
-3.4387014e-9	-2.449852e-9	0.00010600857	0.00018186891	0.011698306
-3.4809461e-9	-2.479949e-9	0.00010731091	0.00018410302	0.011842021
-3.5235293e-9	-2.5102866e-9	0.00010862368	0.00018635502	0.011986887
-3.566452e-9	-2.5408664e-9	0.00010994692	0.00018862498	0.012132908
-3.6097156e-9	-2.5716886e-9	0.00011128067	0.00019091297	0.012280089
-3.6533215e-9	-2.6027549e-9	0.00011262497	0.00019321905	0.012428434
-3.6972707e-9	-2.634066e-9	0.00011397986	0.00019554328	0.012577947
-3.7415644e-9	-2.6656226e-9	0.00011534537	0.00019788574	0.012728632
-3.7862041e-9	-2.6974256e-9	0.00011672155	0.00020024648	0.012880495
-3.8311911e-9	-2.7294757e-9	0.00011810842	0.00020262557	0.013033538
-3.8765262e-9	-2.7617739e-9	0.00011950604	0.00020502309	0.013187766
-3.922211e-9	-2.7943215e-9	0.00012091443	0.00020743908	0.013343184
-3.9682466e-9	-2.827119e-9	0.00012233365	0.00020987363	0.013499795
-4.0146343e-9	-2.8601671e-9	0.00012376371	0.00021232679	0.013657604
-4.0613753e-9	-2.8934669e-9	0.00012520467	0.00021479863	0.013816614
-4.108471e-9	-2.9270198e-9	0.00012665656	0.00021728922	0.013976832
-4.1559223e-9	-2.9608256e-9	0.00012811942	0.00021979861	0.014138259
-4.2037306e-9	-2.9948862e-9	0.00012959328	0.00022232689	0.014300901
-4.2518973e-9	-3.0292017e-9	0.00013107819	0.0002248741	0.014464762
-4.3004233e-9	-3.0637733e-9	0.00013257418	0.00022744032	0.014629845
-4.3493101e-9	-3.0986019e-9	0.00013408129	0.0002300256	0.014796156
-4.3985589e-9	-3.1336886e-9	0.00013559956	0.00023263002	0.014963698
-4.4481708e-9	-3.1690337e-9	0.00013712903	0.00023525365	0.015132475
-4.498147e-9	-3.2046387e-9	0.00013866973	0.00023789653	0.015302492
-4.5484889e-9	-3.240504e-9	0.0001402217	0.00024055875	0.015473753
-4.5991977e-9	-3.2766308e-9	0.00014178499	0.00024324036	0.015646262
-4.6502743e-9	-3.3130197e-9	0.00014335962	0.00024594142	0.015820022
-4.7017205e-9	-3.3496715e-9	0.00014494563	0.00024866201	0.01599504
-4.7535369e-9	-3.3865876e-9	0.00014654307	0.00025140219	0.016171317
-4.8057252e-9	-3.4237683e-9	0.00014815196	0.00025416201	0.016348859
-4.8582863e-9	-3.4612147e-9	0.00014977236	0.00025694155	0.01652767
-4.9112218e-9	-3.4989277e-9	0.00015140428	0.00025974087	0.016707753
-4.9645323e-9	-3.5369081e-9	0.00015304779	0.00026256004	0.016889114
-5.0182197e-9	-3.575157e-9	0.0001547029	0.00026539911	0.017071756
-5.0722848e-9	-3.6136744e-9	0.00015636965	0.00026825815	0.017255682
-5.1267288e-9	-3.6524623e-9	0.0001580481	0.00027113723	0.017440899
-5.1815531e-9	-3.691521e-9	0.00015973826	0.00027403641	0.017627408
-5.2367587e-9	-3.7308516e-9	0.00016144019	0.00027695575	0.017815215
-5.2923469e-9	-3.7704549e-9	0.00016315391	0.00027989532	0.018004324
-5.3483191e-9	-3.810331e-9	0.00016487946	0.00028285518	0.018194739
-5.4046762e-9	-3.850482e-9	0.00016661688	0.00028583539	0.018386463
-5.4614196e-9	-3.8909079e-9	0.00016836622	0.00028883602	0.018579502
-5.5185505e-9	-3.9316098e-9	0.00017012749	0.00029185713	0.018773858
-5.5760697e-9	-3.9725887e-9	0.00017190075	0.00029489879	0.018969536
-5.6339792e-9	-4.0138455e-9	0.00017368603	0.00029796105	0.019166541
-5.6922794e-9	-4.0553805e-9	0.00017548337	0.00030104398	0.019364876
-5.7509721e-9	-4.0971953e-9	0.00017729279	0.00030414765	0.019564546
-5.8100581e-9	-4.1392901e-9	0.00017911435	0.00030727211	0.019765554
-5.8695387e-9	-4.1816665e-9	0.00018094808	0.00031041744	0.019967904
-5.9294151e-9	-4.2243244e-9	0.000182794	0.00031358369	0.020171601
-5.9896887e-9	-4.2672653e-9	0.00018465217	0.00031677092	0.020376649
-6.0503604e-9	-4.3104902e-9	0.00018652262	0.00031997921	0.020583051
-6.1114313e-9	-4.3539993e-9	0.00018840538	0.0003232086	0.020790812
-6.1729032e-9	-4.3977941e-9	0.00019030048	0.00032645917	0.020999936
-6.2347766e-9	-4.4418747e-9	0.00019220798	0.00032973098	0.021210427
-6.2970531e-9	-4.4862424e-9	0.0001941279	0.00033302409	0.021422289
-6.3597336e-9	-4.5308985e-9	0.00019606028	0.00033633856	0.021635525
-6.4228195e-9	-4.575843e-9	0.00019800516	0.00033967446	0.02185014
-6.486312e-9	-4.6210773e-9	0.00019996257	0.00034303184	0.022066139
-6.5502121e-9	-4.6666021e-9	0.00020193256	0.00034641078	0.022283524
-6.6145212e-9	-4.7124182e-9	0.00020391514	0.00034981132	0.022502301
-6.6792403e-9	-4.7585263e-9	0.00020591037	0.00035323354	0.022722472
-6.7443707e-9	-4.8049277e-9	0.00020791828	0.0003566775	0.022944043
-6.8099133e-9	-4.8516224e-9	0.00020993891	0.00036014325	0.023167016
-6.8758698e-9	-4.898612e-9	0.00021197229	0.00036363087	0.023391397
-6.9422409e-9	-4.9458971e-9	0.00021401845	0.00036714041	0.023617188
-7.0090281e-9	-4.9934786e-9	0.00021607744	0.00037067193	0.023844395
-7.0762322e-9	-5.0413574e-9	0.00021814929	0.0003742255	0.024073021
-7.1438547e-9	-5.0895341e-9	0.00022023404	0.00037780118	0.02430307
-7.2118967e-9	-5.1380096e-9	0.00022233172	0.00038139903	0.024534545
-7.2803593e-9	-5.1867845e-9	0.00022444237	0.00038501911	0.024767452
-7.3492438e-9	-5.2358604e-9	0.00022656602	0.00038866148	0.025001794
-7.4185511e-9	-5.2852375e-9	0.00022870272	0.00039232621	0.025237574
-7.4882826e-9	-5.3349167e-9	0.00023085249	0.00039601336	0.025474798
-7.5584395e-9	-5.3848987e-9	0.00023301537	0.00039972298	0.025713468
-7.6290227e-9	-5.4351848e-9	0.0002351914	0.00040345514	0.025953589
-7.7000338e-9	-5.4857757e-9	0.00023738062	0.0004072099	0.026195165
-7.7714734e-9	-5.5366719e-9	0.00023958306	0.00041098732	0.0264382
-7.8433431e-9	-5.5878742e-9	0.00024179875	0.00041478747	0.026682697
-7.9156439e-9	-5.6393839e-9	0.00024402774	0.0004186104	0.026928661
-7.988377e-9	-5.6912016e-9	0.00024627005	0.00042245617	0.027176096
-8.0615435e-9	-5.7433276e-9	0.00024852573	0.00042632485	0.027425005
-8.1351445e-9	-5.7957637e-9	0.0002507948	0.0004302165	0.027675392
-8.2091813e-9	-5.8485102e-9	0.00025307731	0.00043413118	0.027927262
-8.2836549e-9	-5.9015678e-9	0.00025537329	0.00043806894	0.028180618
-8.3585665e-9	-5.9549376e-9	0.00025768278	0.00044202985	0.028435464
-8.4339175e-9	-6.0086204e-9	0.0002600058	0.00044601397	0.028691805
-8.5097087e-9	-6.0626166e-9	0.00026234241	0.00045002136	0.028949643
-8.5859416e-9	-6.1169273e-9	0.00026469262	0.00045405208	0.029208983
-8.662617e-9	-6.1715537e-9	0.00026705648	0.00045810619	0.02946983
-8.7397361e-9	-6.2264963e-9	0.00026943403	0.00046218376	0.029732185
-8.8173001e-9	-6.2817554e-9	0.00027182529	0.00046628484	0.029996055
-8.8953103e-9	-6.3373325e-9	0.00027423031	0.00047040948	0.030261442
-8.9737677e-9	-6.3932284e-9	0.00027664912	0.00047455776	0.03052835
-9.0526734e-9	-6.4494439e-9	0.00027908175	0.00047872974	0.030796784
-9.1320286e-9	-6.5059789e-9	0.00028152823	0.00048292546	0.031066747
-9.2118345e-9	-6.5628356e-9	0.00028398862	0.000487145	0.031338243
-9.2920921e-9	-6.6200141e-9	0.00028646293	0.00049138841	0.031611275
-9.3728027e-9	-6.6775149e-9	0.00028895121	0.00049565575	0.031885849
-9.4539672e-9	-6.7353395e-9	0.00029145348	0.00049994709	0.032161967
-9.5355871e-9	-6.7934883e-9	0.00029396979	0.00050426247	0.032439634
-9.6176631e-9	-6.8519621e-9	0.00029650017	0.00050860197	0.032718853
-9.7001966e-9	-6.9107621e-9	0.00029904466	0.00051296564	0.032999629
-9.7831887e-9	-6.9698887e-9	0.00030160328	0.00051735354	0.033281964
-9.8666405e-9	-7.0293426e-9	0.00030417608	0.00052176573	0.033565863
-9.9505531e-9	-7.089125e-9	0.00030676308	0.00052620227	0.03385133
-1.0034928e-8	-7.1492364e-9	0.00030936433	0.00053066322	0.034138369
-1.0119765e-8	-7.2096776e-9	0.00031197986	0.00053514863	0.034426983
-1.0205067e-8	-7.2704499e-9	0.0003146097	0.00053965858	0.034717176
-1.0290835e-8	-7.3315533e-9	0.00031725389	0.00054419311	0.035008953
-1.0377068e-8	-7.3929895e-9	0.00031991247	0.00054875228	0.035302316
-1.046377e-8	-7.4547585e-9	0.00032258546	0.00055333616	0.03559727
-1.055094e-8	-7.5168612e-9	0.0003252729	0.00055794481	0.035893818
-1.063858e-8	-7.5792992e-9	0.00032797482	0.00056257828	0.036191965
-1.072669e-8	-7.6420725e-9	0.00033069127	0.00056723662	0.036491714
-1.0815273e-8	-7.7051818e-9	0.00033342227	0.00057191991	0.036793068
-1.0904329e-8	-7.7686285e-9	0.00033616787	0.0005766282	0.037096033
-1.099386e-8	-7.8324132e-9	0.00033892808	0.00058136155	0.037400611
-1.1083865e-8	-7.8965365e-9	0.00034170296	0.00058612001	0.037706806
-1.1174347e-8	-7.9609989e-9	0.00034449253	0.00059090365	0.038014623
-1.1265307e-8	-8.0258022e-9	0.00034729682	0.00059571252	0.038324064
-1.1356746e-8	-8.0909463e-9	0.00035011588	0.00060054668	0.038635135
-1.1448664e-8	-8.1564322e-9	0.00035294973	0.00060540619	0.038947836
-1.1541064e-8	-8.2222607e-9	0.00035579841	0.00061029112	0.039262175
-1.1633945e-8	-8.2884326e-9	0.00035866195	0.0006152015	0.039578154
-1.172731e-8	-8.3549489e-9	0.00036154039	0.00062013742	0.039895776
-1.1821159e-8	-8.4218102e-9	0.00036443377	0.00062509891	0.040215045
-1.1915493e-8	-8.4890174e-9	0.00036734211	0.00063008605	0.040535966
-1.2010314e-8	-8.5565708e-9	0.00037026545	0.00063509888	0.040858543
-1.2105622e-8	-8.6244722e-9	0.00037320383	0.00064013747	0.041182777
-1.2201419e-8	-8.6927213e-9	0.00037615727	0.00064520188	0.041508674
-1.2297706e-8	-8.7613193e-9	0.00037912581	0.00065029216	0.041836237
-1.2394484e-8	-8.8302671e-9	0.00038210949	0.00065540837	0.042165471
-1.2491753e-8	-8.8995654e-9	0.00038510834	0.00066055056	0.042496378
-1.2589516e-8	-8.9692151e-9	0.00038812239	0.00066571881	0.042828962
-1.2687773e-8	-9.0392166e-9	0.00039115168	0.00067091315	0.043163227
-1.2786525e-8	-9.1095712e-9	0.00039419624	0.00067613366	0.043499177
-1.2885774e-8	-9.1802793e-9	0.00039725611	0.00068138038	0.043836816
-1.2985519e-8	-9.2513416e-9	0.00040033131	0.00068665337	0.044176147
-1.3085764e-8	-9.3227594e-9	0.00040342189	0.0006919527	0.044517175
-1.3186508e-8	-9.3945328e-9	0.00040652787	0.00069727842	0.044859901
-1.3287753e-8	-9.4666633e-9	0.00040964929	0.00070263059	0.045204331
-1.3389499e-8	-9.5391509e-9	0.00041278618	0.00070800926	0.045550468
-1.3491749e-8	-9.6119973e-9	0.00041593858	0.00071341449	0.045898316
-1.3594502e-8	-9.6852022e-9	0.00041910651	0.00071884634	0.046247878
-1.369776e-8	-9.758767e-9	0.00042229002	0.00072430486	0.046599159
-1.3801525e-8	-9.8326928e-9	0.00042548914	0.00072979011	0.04695216
-1.3905796e-8	-9.9069796e-9	0.00042870389	0.00073530215	0.047306888
-1.4010576e-8	-9.9816283e-9	0.00043193432	0.00074084104	0.047663345
-1.4115866e-8	-1.005664e-8	0.00043518046	0.00074640683	0.048021534
-1.4221665e-8	-1.0132016e-8	0.00043844233	0.00075199958	0.04838146
-1.4327977e-8	-1.0207756e-8	0.00044171997	0.00075761934	0.048743126
-1.4434801e-8	-1.0283861e-8	0.00044501343	0.00076326617	0.049106537
-1.4542138e-8	-1.0360332e-8	0.00044832272	0.00076894013	0.049471694
-1.464999e-8	-1.0437169e-8	0.00045164788	0.00077464127	0.049838602
-1.4758358e-8	-1.0514375e-8	0.00045498894	0.00078036965	0.050207265
-1.4867243e-8	-1.0591948e-8	0.00045834595	0.00078612533	0.050577687
-1.4976646e-8	-1.0669891e-8	0.00046171892	0.00079190836	0.05094987
-1.5086568e-8	-1.0748203e-8	0.0004651079	0.0007977188	0.05132382
-1.519701e-8	-1.0826886e-8	0.00046851292	0.0008035567	0.051699538
-1.5307973e-8	-1.090594e-8	0.000471934	0.00080942213	0.052077029
-1.5419458e-8	-1.0985365e-8	0.00047537119	0.00081531513	0.052456297
-1.5531467e-8	-1.1065164e-8	0.00047882451	0.00082123576	0.052837345
-1.5644e-8	-1.1145337e-8	0.00048229401	0.00082718408	0.053220177
-1.5757058e-8	-1.1225884e-8	0.0004857797	0.00083316014	0.053604796
-1.5870643e-8	-1.1306805e-8	0.00048928162	0.000839164	0.053991206
-1.5984755e-8	-1.1388103e-8	0.00049279982	0.00084519572	0.05437941
-1.6099396e-8	-1.1469777e-8	0.00049633431	0.00085125534	0.054769413
-1.6214566e-8	-1.1551828e-8	0.00049988513	0.00085734294	0.055161217
-1.6330267e-8	-1.1634258e-8	0.00050345231	0.00086345855	0.055554827
-1.64465e-8	-1.1717066e-8	0.0005070359	0.00086960224	0.055950246
-1.6563265e-8	-1.1800254e-8	0.00051063591	0.00087577406	0.056347477
-1.6680565e-8	-1.1883822e-8	0.00051425238	0.00088197406	0.056746524
-1.6798399e-8	-1.1967771e-8	0.00051788535	0.00088820231	0.057147391
-1.6916769e-8	-1.2052103e-8	0.00052153484	0.00089445886	0.057550081
-1.7035676e-8	-1.2136816e-8	0.00052520089	0.00090074375	0.057954598
-1.7155122e-8	-1.2221913e-8	0.00052888353	0.00090705706	0.058360946
-1.7275106e-8	-1.2307394e-8	0.0005325828	0.00091339882	0.058769127
-1.739563e-8	-1.239326e-8	0.00053629872	0.0009197691	0.059179145
-1.7516696e-8	-1.2479512e-8	0.00054003133	0.00092616795	0.059591005
-1.7638304e-8	-1.2566149e-8	0.00054378066	0.00093259543	0.060004709
-1.7760455e-8	-1.2653174e-8	0.00054754674	0.00093905159	0.060420261
-1.788315e-8	-1.2740586e-8	0.00055132961	0.00094553648	0.060837665
-1.8006391e-8	-1.2828388e-8	0.00055512929	0.00095205017	0.061256924
-1.8130178e-8	-1.2916578e-8	0.00055894582	0.00095859269	0.061678042
-1.8254512e-8	-1.3005158e-8	0.00056277923	0.00096516412	0.062101022
-1.8379395e-8	-1.3094129e-8	0.00056662955	0.00097176449	0.062525868
-1.8504828e-8	-1.3183491e-8	0.00057049682	0.00097839388	0.062952583
-1.863081e-8	-1.3273246e-8	0.00057438106	0.00098505232	0.063381171
-1.8757344e-8	-1.3363393e-8	0.00057828231	0.00099173988	0.063811634
-1.8884432e-8	-1.3453935e-8	0.0005822006	0.00099845661	0.064243979
-1.9012072e-8	-1.354487e-8	0.00058613596	0.0010052026	0.064678206
-1.9140267e-8	-1.3636201e-8	0.00059008843	0.0010119778	0.06511432
-1.9269018e-8	-1.3727928e-8	0.00059405803	0.0010187823	0.065552325
-1.9398326e-8	-1.3820051e-8	0.0005980448	0.0010256163	0.065992223
-1.9528191e-8	-1.3912571e-8	0.00060204876	0.0010324797	0.066434018
-1.9658615e-8	-1.400549e-8	0.00060606996	0.0010393725	0.066877715
-1.9789598e-8	-1.4098807e-8	0.00061010842	0.001046295	0.067323315
-1.9921143e-8	-1.4192524e-8	0.00061416417	0.001053247	0.067770823
-2.0053249e-8	-1.4286641e-8	0.00061823724	0.0010602287	0.068220243
-2.0185918e-8	-1.4381159e-8	0.00062232767	0.00106724	0.068671577
-2.0319151e-8	-1.4476079e-8	0.0006264355	0.0010742812	0.069124829
-2.0452949e-8	-1.4571402e-8	0.00063056073	0.0010813521	0.069580003
-2.0587312e-8	-1.4667127e-8	0.00063470342	0.0010884529	0.070037102
-2.0722243e-8	-1.4763256e-8	0.0006388636	0.0010955837	0.07049613
-2.0857741e-8	-1.485979e-8	0.00064304128	0.0011027444	0.070957089
-2.0993809e-8	-1.4956729e-8	0.00064723651	0.0011099351	0.071419984
-2.1130446e-8	-1.5054074e-8	0.00065144932	0.0011171559	0.071884818
-2.1267654e-8	-1.5151826e-8	0.00065567973	0.0011244068	0.072351594
-2.1405434e-8	-1.5249986e-8	0.00065992778	0.001131688	0.072820316
-2.1543788e-8	-1.5348554e-8	0.0006641935	0.0011389993	0.073290987
-2.1682714e-8	-1.544753e-8	0.00066847692	0.001146341	0.07376361
-2.1822217e-8	-1.5546916e-8	0.00067277807	0.001153713	0.07423819
-2.1962294e-8	-1.5646713e-8	0.00067709698	0.0011611154	0.074714729
-2.210295e-8	-1.574692e-8	0.00068143369	0.0011685482	0.075193231
-2.2244183e-8	-1.584754e-8	0.00068578822	0.0011760115	0.075673699
-2.2385994e-8	-1.5948571e-8	0.00069016061	0.0011835054	0.076156137
-2.2528386e-8	-1.6050016e-8	0.00069455089	0.0011910299	0.076640548
-2.2671359e-8	-1.6151875e-8	0.00069895908	0.001198585	0.077126935
-2.2814914e-8	-1.6254149e-8	0.00070338522	0.0012061709	0.077615302
-2.2959052e-8	-1.6356838e-8	0.00070782933	0.0012137875	0.078105653
-2.3103774e-8	-1.6459942e-8	0.00071229146	0.0012214349	0.07859799
-2.3249081e-8	-1.6563464e-8	0.00071677163	0.0012291132	0.079092317
-2.3394974e-8	-1.6667404e-8	0.00072126987	0.0012368224	0.079588638
-2.3541453e-8	-1.6771761e-8	0.00072578621	0.0012445626	0.080086956
-2.3688521e-8	-1.6876537e-8	0.00073032069	0.0012523338	0.080587273
-2.3836178e-8	-1.6981733e-8	0.00073487332	0.0012601361	0.081089594
-2.3984424e-8	-1.7087349e-8	0.00073944415	0.0012679695	0.081593922
-2.4133262e-8	-1.7193386e-8	0.00074403321	0.0012758341	0.082100261
-2.4282691e-8	-1.7299845e-8	0.00074864052	0.0012837299	0.082608613
-2.4432713e-8	-1.7406726e-8	0.00075326611	0.001291657	0.083118982
-2.458333e-8	-1.751403e-8	0.00075791002	0.0012996154	0.083631371
-2.4734541e-8	-1.7621759e-8	0.00076257228	0.0013076052	0.084145784
-2.4886347e-8	-1.7729911e-8	0.00076725291	0.0013156264	0.084662224
-2.5038751e-8	-1.7838489e-8	0.00077195194	0.0013236791	0.085180695
-2.5191753e-8	-1.7947492e-8	0.00077666942	0.0013317634	0.085701199
-2.5345353e-8	-1.8056922e-8	0.00078140536	0.0013398792	0.08622374
-2.5499553e-8	-1.816678e-8	0.0007861598	0.0013480267	0.086748322
-2.5654354e-8	-1.8277065e-8	0.00079093277	0.0013562058	0.087274947
-2.5809756e-8	-1.838778e-8	0.00079572429	0.0013644167	0.08780362
-2.5965761e-8	-1.8498924e-8	0.0008005344	0.0013726594	0.088334342
-2.612237e-8	-1.8610497e-8	0.00080536314	0.001380934	0.088867118
-2.6279584e-8	-1.8722502e-8	0.00081021051	0.0013892404	0.089401951
-2.6437403e-8	-1.8834937e-8	0.00081507657	0.0013975788	0.089938845
-2.6595829e-8	-1.8947805e-8	0.00081996133	0.0014059491	0.090477802
-2.6754862e-8	-1.9061106e-8	0.00082486484	0.0014143515	0.091018826
-2.6914504e-8	-1.9174841e-8	0.0008297871	0.0014227861	0.09156192
-2.7074755e-8	-1.9289009e-8	0.00083472817	0.0014312527	0.092107088
-2.7235617e-8	-1.9403613e-8	0.00083968807	0.0014397515	0.092654331
-2.739709e-8	-1.9518652e-8	0.00084466682	0.0014482826	0.093203656
-2.7559175e-8	-1.9634128e-8	0.00084966446	0.001456846	0.093755063
-2.7721874e-8	-1.975004e-8	0.00085468102	0.0014654418	0.094308557
-2.7885187e-8	-1.986639e-8	0.00085971652	0.0014740699	0.094864141
-2.8049116e-8	-1.9983178e-8	0.000864771	0.0014827305	0.095421818
-2.821366e-8	-2.0100406e-8	0.00086984448	0.0014914236	0.095981592
-2.8378822e-8	-2.0218073e-8	0.000874937	0.0015001492	0.096543465
-2.8544602e-8	-2.033618e-8	0.00088004859	0.0015089074	0.097107441
-2.8711001e-8	-2.0454729e-8	0.00088517927	0.0015176983	0.097673523
-2.887802e-8	-2.0573719e-8	0.00089032907	0.0015265219	0.098241714
-2.904566e-8	-2.0693152e-8	0.00089549803	0.0015353782	0.098812018
-2.9213923e-8	-2.0813028e-8	0.00090068617	0.0015442673	0.099384438
-2.9382807e-8	-2.0933348e-8	0.00090589353	0.0015531892	0.099958977
-2.9552316e-8	-2.1054112e-8	0.00091112012	0.0015621441	0.10053564
-2.972245e-8	-2.1175321e-8	0.00091636599	0.0015711319	0.10111443
-2.9893209e-8	-2.1296976e-8	0.00092163116	0.0015801527	0.10169534
-3.0064596e-8	-2.1419077e-8	0.00092691565	0.0015892065	0.10227839
-3.0236609e-8	-2.1541626e-8	0.00093221951	0.0015982934	0.10286357
-3.0409252e-8	-2.1664623e-8	0.00093754275	0.0016074135	0.10345089
-3.0582524e-8	-2.1788068e-8	0.00094288541	0.0016165667	0.10404036
-3.0756426e-8	-2.1911962e-8	0.00094824752	0.0016257532	0.10463197
-3.093096e-8	-2.2036306e-8	0.00095362911	0.001634973	0.10522572
-3.1106126e-8	-2.21611e-8	0.0009590302	0.0016442262	0.10582163
-3.1281926e-8	-2.2286346e-8	0.00096445082	0.0016535127	0.10641969
-3.1458359e-8	-2.2412044e-8	0.000969891	0.0016628326	0.10701991
-3.1635428e-8	-2.2538194e-8	0.00097535078	0.0016721861	0.10762229
-3.1813133e-8	-2.2664797e-8	0.00098083018	0.001681573	0.10822684
-3.1991476e-8	-2.2791854e-8	0.00098632922	0.0016909936	0.10883355
-3.2170456e-8	-2.2919366e-8	0.00099184795	0.0017004477	0.10944243
-3.2350075e-8	-2.3047333e-8	0.00099738638	0.0017099356	0.11005349
-3.2530333e-8	-2.3175756e-8	0.0010029446	0.0017194572	0.11066672
-3.2711233e-8	-2.3304635e-8	0.0010085225	0.0017290126	0.11128213
-3.2892775e-8	-2.3433972e-8	0.0010141202	0.0017386017	0.11189973
-3.3074959e-8	-2.3563766e-8	0.0010197378	0.0017482248	0.11251951
-3.3257786e-8	-2.3694019e-8	0.0010253752	0.0017578818	0.11314148
-3.3441258e-8	-2.3824731e-8	0.0010310324	0.0017675727	0.11376564
-3.3625376e-8	-2.3955903e-8	0.0010367096	0.0017772977	0.114392
-3.381014e-8	-2.4087535e-8	0.0010424068	0.0017870567	0.11502056
-3.3995551e-8	-2.4219628e-8	0.0010481238	0.0017968499	0.11565132
-3.418161e-8	-2.4352183e-8	0.0010538609	0.0018066772	0.11628429
-3.4368318e-8	-2.4485201e-8	0.001059618	0.0018165387	0.11691946
-3.4555677e-8	-2.4618682e-8	0.0010653952	0.0018264345	0.11755684
-3.4743686e-8	-2.4752626e-8	0.0010711924	0.0018363645	0.11819644
-3.4932347e-8	-2.4887035e-8	0.0010770098	0.001846329	0.11883826
-3.5121662e-8	-2.5021909e-8	0.0010828473	0.0018563278	0.1194823
-3.5311629e-8	-2.5157249e-8	0.0010887049	0.0018663611	0.12012856
-3.5502252e-8	-2.5293055e-8	0.0010945827	0.0018764288	0.12077705
-3.569353e-8	-2.5429328e-8	0.0011004808	0.0018865311	0.12142777
-3.5885464e-8	-2.5566069e-8	0.0011063991	0.001896668	0.12208072
-3.6078055e-8	-2.5703278e-8	0.0011123377	0.0019068396	0.12273591
-3.6271305e-8	-2.5840956e-8	0.0011182966	0.0019170458	0.12339333
-3.6465214e-8	-2.5979104e-8	0.0011242758	0.0019272868	0.124053
-3.6659784e-8	-2.6117721e-8	0.0011302754	0.0019375625	0.12471492
-3.6855014e-8	-2.625681e-8	0.0011362953	0.001947873	0.12537908
-3.7050906e-8	-2.6396371e-8	0.0011423357	0.0019582185	0.1260455
-3.7247461e-8	-2.6536403e-8	0.0011483966	0.0019685988	0.12671417
-3.7444679e-8	-2.6676909e-8	0.0011544779	0.0019790141	0.1273851
-3.7642562e-8	-2.6817888e-8	0.0011605797	0.0019894645	0.12805829
-3.7841111e-8	-2.6959341e-8	0.001166702	0.0019999499	0.12873374
-3.8040326e-8	-2.7101268e-8	0.0011728449	0.0020104703	0.12941146
-3.8240208e-8	-2.7243672e-8	0.0011790084	0.002021026	0.13009145
-3.8440759e-8	-2.7386551e-8	0.0011851925	0.0020316168	0.13077372
-3.8641978e-8	-2.7529907e-8	0.0011913972	0.0020422429	0.13145826
-3.8843868e-8	-2.767374e-8	0.0011976226	0.0020529043	0.13214507
-3.9046428e-8	-2.7818051e-8	0.0012038687	0.002063601	0.13283418
-3.924966e-8	-2.7962841e-8	0.0012101355	0.0020743331	0.13352556
-3.9453565e-8	-2.810811e-8	0.0012164231	0.0020851007	0.13421924
-3.9658144e-8	-2.8253859e-8	0.0012227314	0.0020959037	0.1349152
-3.9863397e-8	-2.8400088e-8	0.0012290606	0.0021067422	0.13561347
-4.0069325e-8	-2.8546799e-8	0.0012354106	0.0021176163	0.13631402
-4.0275929e-8	-2.8693991e-8	0.0012417814	0.0021285261	0.13701688
-4.0483211e-8	-2.8841666e-8	0.0012481732	0.0021394715	0.13772205
-4.069117e-8	-2.8989824e-8	0.0012545858	0.0021504526	0.13842951
-4.0899809e-8	-2.9138465e-8	0.0012610194	0.0021614694	0.13913929
-4.1109127e-8	-2.9287591e-8	0.001267474	0.002172522	0.13985138
-4.1319126e-8	-2.9437201e-8	0.0012739495	0.0021836105	0.14056579
-4.1529806e-8	-2.9587298e-8	0.0012804461	0.0021947349	0.14128252
-4.1741169e-8	-2.973788e-8	0.0012869638	0.0022058952	0.14200156
-4.1953215e-8	-2.9888949e-8	0.0012935025	0.0022170915	0.14272293
-4.2165946e-8	-3.0040505e-8	0.0013000623	0.0022283238	0.14344663
-4.2379361e-8	-3.019255e-8	0.0013066433	0.0022395922	0.14417266
-4.2593462e-8	-3.0345083e-8	0.0013132454	0.0022508968	0.14490103
-4.280825e-8	-3.0498106e-8	0.0013198687	0.0022622374	0.14563172
-4.3023726e-8	-3.0651618e-8	0.0013265132	0.0022736143	0.14636476
-4.323989e-8	-3.0805622e-8	0.001333179	0.0022850275	0.14710014
-4.3456744e-8	-3.0960116e-8	0.001339866	0.0022964769	0.14783787
-4.3674288e-8	-3.1115102e-8	0.0013465743	0.0023079627	0.14857795
-4.3892523e-8	-3.127058e-8	0.001353304	0.0023194848	0.14932037
-4.411145e-8	-3.1426552e-8	0.001360055	0.0023310434	0.15006515
-4.433107e-8	-3.1583017e-8	0.0013668274	0.0023426385	0.15081229
-4.4551384e-8	-3.1739976e-8	0.0013736211	0.0023542701	0.15156179
-4.4772393e-8	-3.189743e-8	0.0013804364	0.0023659383	0.15231365
-4.4994097e-8	-3.205538e-8	0.001387273	0.002377643	0.15306787
-4.5216497e-8	-3.2213826e-8	0.0013941312	0.0023893845	0.15382447
-4.5439594e-8	-3.2372768e-8	0.0014010108	0.0024011626	0.15458344
-4.566339e-8	-3.2532208e-8	0.001407912	0.0024129775	0.15534478
-4.5887884e-8	-3.2692146e-8	0.0014148348	0.0024248292	0.1561085
-4.6113079e-8	-3.2852582e-8	0.0014217791	0.0024367177	0.1568746
-4.6338974e-8	-3.3013518e-8	0.0014287451	0.002448643	0.15764308
-4.656557e-8	-3.3174953e-8	0.0014357327	0.0024606053	0.15841396
-4.6792869e-8	-3.3336889e-8	0.001442742	0.0024726046	0.15918722
-4.7020871e-8	-3.3499326e-8	0.001449773	0.0024846409	0.15996287
-4.7249577e-8	-3.3662264e-8	0.0014568257	0.0024967142	0.16074092
-4.7478988e-8	-3.3825704e-8	0.0014639001	0.0025088246	0.16152136
-4.7709105e-8	-3.3989648e-8	0.0014709964	0.0025209722	0.16230421
-4.7939929e-8	-3.4154094e-8	0.0014781144	0.002533157	0.16308946
-4.817146e-8	-3.4319045e-8	0.0014852542	0.002545379	0.16387712
-4.8403699e-8	-3.4484501e-8	0.0014924159	0.0025576382	0.16466719
-4.8636647e-8	-3.4650461e-8	0.0014995995	0.0025699348	0.16545967
-4.8870306e-8	-3.4816928e-8	0.001506805	0.0025822688	0.16625456
-4.9104675e-8	-3.4983901e-8	0.0015140325	0.0025946401	0.16705187
-4.9339756e-8	-3.5151381e-8	0.0015212818	0.0026070489	0.16785161
-4.9575549e-8	-3.5319368e-8	0.0015285532	0.0026194952	0.16865377
-4.9812056e-8	-3.5487864e-8	0.0015358466	0.002631979	0.16945835
-5.0049278e-8	-3.5656869e-8	0.001543162	0.0026445004	0.17026537
-5.0287214e-8	-3.5826383e-8	0.0015504995	0.0026570594	0.17107482
-5.0525866e-8	-3.5996407e-8	0.0015578591	0.0026696561	0.1718867
-5.0765235e-8	-3.6166942e-8	0.0015652408	0.0026822905	0.17270102
-5.1005321e-8	-3.6337988e-8	0.0015726446	0.0026949626	0.17351779
-5.1246126e-8	-3.6509546e-8	0.0015800706	0.0027076726	0.174337
-5.148765e-8	-3.6681616e-8	0.0015875188	0.0027204203	0.17515865
-5.1729895e-8	-3.68542e-8	0.0015949892	0.002733206	0.17598275
-5.197286e-8	-3.7027297e-8	0.0016024818	0.0027460296	0.17680931
-5.2216547e-8	-3.7200908e-8	0.0016099967	0.0027588911	0.17763832
-5.2460956e-8	-3.7375034e-8	0.0016175339	0.0027717906	0.17846979
-5.2706089e-8	-3.7549675e-8	0.0016250935	0.0027847282	0.17930372
-5.2951946e-8	-3.7724832e-8	0.0016326754	0.0027977039	0.18014012
-5.3198528e-8	-3.7900506e-8	0.0016402796	0.0028107177	0.18097898
-5.3445837e-8	-3.8076697e-8	0.0016479063	0.0028237697	0.18182031
-5.3693871e-8	-3.8253406e-8	0.0016555553	0.0028368599	0.18266411
-5.3942634e-8	-3.8430633e-8	0.0016632269	0.0028499884	0.18351039
-5.4192124e-8	-3.8608379e-8	0.0016709209	0.0028631552	0.18435915
-5.4442344e-8	-3.8786644e-8	0.0016786374	0.0028763603	0.18521038
-5.4693294e-8	-3.896543e-8	0.0016863764	0.0028896038	0.1860641
-5.4944975e-8	-3.9144736e-8	0.0016941379	0.0029028858	0.18692031
-5.5197387e-8	-3.9324563e-8	0.0017019221	0.0029162062	0.187779
-5.5450532e-8	-3.9504913e-8	0.0017097288	0.0029295651	0.18864019
-5.570441e-8	-3.9685784e-8	0.0017175582	0.0029429626	0.18950387
-5.5959022e-8	-3.9867179e-8	0.0017254103	0.0029563987	0.19037005
-5.6214369e-8	-4.0049097e-8	0.001733285	0.0029698734	0.19123873
-5.6470451e-8	-4.023154e-8	0.0017411824	0.0029833869	0.19210991
-5.6727271e-8	-4.0414506e-8	0.0017491025	0.002996939	0.1929836
-5.6984827e-8	-4.0597999e-8	0.0017570454	0.0030105299	0.1938598
-5.7243122e-8	-4.0782017e-8	0.0017650111	0.0030241596	0.1947385
-5.7502156e-8	-4.0966562e-8	0.0017729995	0.0030378281	0.19561972
-5.7761929e-8	-4.1151633e-8	0.0017810108	0.0030515356	0.19650346
-5.8022443e-8	-4.1337233e-8	0.001789045	0.0030652819	0.19738972
-5.8283699e-8	-4.1523361e-8	0.001797102	0.0030790673	0.1982785
-5.8545696e-8	-4.1710017e-8	0.0018051819	0.0030928916	0.1991698
-5.8808437e-8	-4.1897202e-8	0.0018132848	0.003106755	0.20006363
-5.9071921e-8	-4.2084918e-8	0.0018214106	0.0031206575	0.20095999
-5.933615e-8	-4.2273164e-8	0.0018295594	0.0031345992	0.20185889
-5.9601124e-8	-4.2461941e-8	0.0018377312	0.00314858	0.20276032
-5.9866845e-8	-4.2651249e-8	0.001845926	0.0031626	0.20366429
-6.0133312e-8	-4.284109e-8	0.0018541439	0.0031766593	0.2045708
-6.0400527e-8	-4.3031464e-8	0.0018623848	0.0031907579	0.20547985
-6.0668491e-8	-4.3222371e-8	0.0018706488	0.0032048958	0.20639145
-6.0937204e-8	-4.3413811e-8	0.001878936	0.0032190731	0.2073056
-6.1206668e-8	-4.3605787e-8	0.0018872463	0.0032332899	0.2082223
-6.1476882e-8	-4.3798297e-8	0.0018955798	0.003247546	0.20914156
-6.1747848e-8	-4.3991343e-8	0.0019039365	0.0032618417	0.21006338
-6.2019566e-8	-4.4184924e-8	0.0019123164	0.003276177	0.21098775
-6.2292038e-8	-4.4379043e-8	0.0019207196	0.0032905518	0.21191469
-6.2565264e-8	-4.4573699e-8	0.001929146	0.0033049662	0.21284419
-6.2839245e-8	-4.4768892e-8	0.0019375958	0.0033194203	0.21377626
-6.3113982e-8	-4.4964625e-8	0.0019460688	0.0033339141	0.2147109
-6.3389475e-8	-4.5160895e-8	0.0019545652	0.0033484477	0.21564812
-6.3665725e-8	-4.5357706e-8	0.001963085	0.003363021	0.21658791
-6.3942734e-8	-4.5555056e-8	0.0019716282	0.0033776342	0.21753028
-6.4220501e-8	-4.5752947e-8	0.0019801948	0.0033922872	0.21847523
-6.4499027e-8	-4.595138e-8	0.0019887848	0.0034069801	0.21942276
-6.4778315e-8	-4.6150354e-8	0.0019973983	0.003421713	0.22037289
-6.5058363e-8	-4.634987e-8	0.0020060353	0.0034364858	0.2213256
-6.5339173e-8	-4.6549929e-8	0.0020146958	0.0034512987	0.2222809
-6.5620746e-8	-4.6750532e-8	0.0020233798	0.0034661516	0.2232388
-6.5903083e-8	-4.6951678e-8	0.0020320874	0.0034810447	0.2241993
-6.6186183e-8	-4.7153369e-8	0.0020408186	0.0034959778	0.22516239
-6.6470049e-8	-4.7355605e-8	0.0020495734	0.0035109512	0.22612809
-6.6754681e-8	-4.7558387e-8	0.0020583519	0.0035259648	0.22709639
-6.7040079e-8	-4.7761715e-8	0.002067154	0.0035410186	0.22806731
-6.7326245e-8	-4.7965589e-8	0.0020759797	0.0035561127	0.22904083
-6.7613178e-8	-4.8170011e-8	0.0020848292	0.0035712472	0.23001696
-6.7900881e-8	-4.837498e-8	0.0020937025	0.0035864221	0.23099571
-6.8189353e-8	-4.8580498e-8	0.0021025994	0.0036016373	0.23197708
-6.8478596e-8	-4.8786564e-8	0.0021115202	0.003616893	0.23296107
-6.876861e-8	-4.8993181e-8	0.0021204647	0.0036321892	0.23394769
-6.9059396e-8	-4.9200347e-8	0.0021294331	0.003647526	0.23493693
-6.9350954e-8	-4.9408063e-8	0.0021384254	0.0036629033	0.2359288
-6.9643286e-8	-4.9616331e-8	0.0021474415	0.0036783212	0.2369233
-6.9936393e-8	-4.982515e-8	0.0021564815	0.0036937798	0.23792043
-7.0230274e-8	-5.0034522e-8	0.0021655454	0.0037092791	0.2389202
-7.0524931e-8	-5.0244446e-8	0.0021746333	0.003724819	0.23992261
-7.0820365e-8	-5.0454923e-8	0.0021837451	0.0037403998	0.24092767
-7.1116576e-8	-5.0665954e-8	0.0021928809	0.0037560213	0.24193536
-7.1413564e-8	-5.0877539e-8	0.0022020408	0.0037716837	0.2429457
-7.1711332e-8	-5.108968e-8	0.0022112246	0.003787387	0.2439587
-7.200988e-8	-5.1302375e-8	0.0022204326	0.0038031312	0.24497434
-7.2309207e-8	-5.1515627e-8	0.0022296646	0.0038189163	0.24599264
-7.2609316e-8	-5.1729435e-8	0.0022389207	0.0038347425	0.2470136
-7.2910206e-8	-5.19438e-8	0.002248201	0.0038506096	0.24803721
-7.3211879e-8	-5.2158722e-8	0.0022575054	0.0038665179	0.24906349
-7.3514335e-8	-5.2374203e-8	0.002266834	0.0038824672	0.25009243
-7.3817576e-8	-5.2590242e-8	0.0022761868	0.0038984577	0.25112404
-7.4121601e-8	-5.280684e-8	0.0022855639	0.0039144894	0.25215832
-7.4426411e-8	-5.3023998e-8	0.0022949651	0.0039305623	0.25319527
-7.4732008e-8	-5.3241716e-8	0.0023043907	0.0039466765	0.2542349
-7.5038393e-8	-5.3459995e-8	0.0023138405	0.0039628319	0.25527721
-7.5345564e-8	-5.3678835e-8	0.0023233147	0.0039790287	0.25632219
-7.5653524e-8	-5.3898236e-8	0.0023328132	0.0039952669	0.25736986
-7.5962274e-8	-5.4118201e-8	0.002342336	0.0040115464	0.25842021
-7.6271814e-8	-5.4338728e-8	0.0023518833	0.0040278675	0.25947325
-7.6582144e-8	-5.4559817e-8	0.0023614549	0.00404423	0.26052898
-7.6893266e-8	-5.4781472e-8	0.002371051	0.004060634	0.2615874
-7.7205179e-8	-5.500369e-8	0.0023806715	0.0040770796	0.26264852
-7.7517886e-8	-5.5226474e-8	0.0023903166	0.0040935668	0.26371233
-7.7831387e-8	-5.5449822e-8	0.0023999861	0.0041100956	0.26477885
-7.8145682e-8	-5.5673737e-8	0.0024096801	0.004126666	0.26584806
-7.8460772e-8	-5.5898218e-8	0.0024193987	0.0041432782	0.26691998
-7.8776658e-8	-5.6123267e-8	0.0024291418	0.0041599322	0.26799461
-7.909334e-8	-5.6348883e-8	0.0024389096	0.0041766279	0.26907195
-7.941082e-8	-5.6575066e-8	0.0024487019	0.0041933654	0.27015201
-7.9729098e-8	-5.6801819e-8	0.0024585189	0.0042101448	0.27123477
-8.0048175e-8	-5.7029141e-8	0.0024683606	0.0042269661	0.27232026
-8.0368051e-8	-5.7257032e-8	0.0024782269	0.0042438293	0.27340846
-8.0688728e-8	-5.7485493e-8	0.002488118	0.0042607344	0.27449939
-8.1010205e-8	-5.7714525e-8	0.0024980337	0.0042776816	0.27559304
-8.1332484e-8	-5.7944127e-8	0.0025079742	0.0042946708	0.27668942
-8.1655566e-8	-5.8174302e-8	0.0025179395	0.0043117021	0.27778853
-8.1979451e-8	-5.8405049e-8	0.0025279296	0.0043287755	0.27889037
-8.2304139e-8	-5.8636369e-8	0.0025379445	0.004345891	0.27999495
-8.2629632e-8	-5.8868261e-8	0.0025479842	0.0043630487	0.28110226
-8.2955931e-8	-5.9100728e-8	0.0025580488	0.0043802487	0.28221231
-8.3283035e-8	-5.9333769e-8	0.0025681383	0.0043974909	0.2833251
-8.3610946e-8	-5.9567384e-8	0.0025782527	0.0044147753	0.28444064
-8.3939664e-8	-5.9801575e-8	0.002588392	0.0044321022	0.28555893
-8.4269191e-8	-6.0036341e-8	0.0025985562	0.0044494713	0.28667996
-8.4599526e-8	-6.0271684e-8	0.0026087455	0.0044668829	0.28780375
-8.4930672e-8	-6.0507603e-8	0.0026189597	0.0044843369	0.28893029
-8.5262627e-8	-6.07441e-8	0.0026291989	0.0045018334	0.29005959
-8.5595393e-8	-6.0981174e-8	0.0026394632	0.0045193723	0.29119164
-8.5928971e-8	-6.1218827e-8	0.0026497525	0.0045369539	0.29232646
-8.6263362e-8	-6.1457059e-8	0.002660067	0.004554578	0.29346404
-8.6598565e-8	-6.1695869e-8	0.0026704065	0.0045722447	0.29460439
-8.6934583e-8	-6.193526e-8	0.0026807711	0.004589954	0.2957475
-8.7271415e-8	-6.217523e-8	0.0026911609	0.0046077061	0.29689339
-8.7609062e-8	-6.2415782e-8	0.0027015759	0.0046255008	0.29804205
-8.7947525e-8	-6.2656915e-8	0.0027120161	0.0046433383	0.29919349
-8.8286804e-8	-6.289863e-8	0.0027224814	0.0046612186	0.3003477
-8.8626901e-8	-6.3140927e-8	0.002732972	0.0046791417	0.30150469
-8.8967816e-8	-6.3383807e-8	0.0027434879	0.0046971077	0.30266447
-8.930955e-8	-6.362727e-8	0.002754029	0.0047151166	0.30382704
-8.9652103e-8	-6.3871317e-8	0.0027645955	0.0047331684	0.30499239
-8.9995476e-8	-6.4115948e-8	0.0027751873	0.0047512632	0.30616053
-9.033967e-8	-6.4361164e-8	0.0027858044	0.0047694009	0.30733146
-9.0684686e-8	-6.4606965e-8	0.0027964468	0.0047875817	0.30850519
-9.1030524e-8	-6.4853353e-8	0.0028071147	0.0048058056	0.30968171
-9.1377184e-8	-6.5100326e-8	0.002817808	0.0048240725	0.31086103
-9.1724669e-8	-6.5347886e-8	0.0028285267	0.0048423826	0.31204316
-9.2072977e-8	-6.5596033e-8	0.0028392708	0.0048607359	0.31322809
-9.2422111e-8	-6.5844768e-8	0.0028500404	0.0048791324	0.31441582
-9.277207e-8	-6.6094091e-8	0.0028608355	0.0048975721	0.31560637
-9.3122855e-8	-6.6344003e-8	0.0028716562	0.0049160551	0.31679973
-9.3474468e-8	-6.6594504e-8	0.0028825023	0.0049345814	0.3179959
-9.3826908e-8	-6.6845595e-8	0.0028933741	0.0049531511	0.31919488
-9.4180177e-8	-6.7097276e-8	0.0029042714	0.0049717641	0.32039669
-9.4534274e-8	-6.7349548e-8	0.0029151943	0.0049904205	0.32160131
-9.4889202e-8	-6.760241e-8	0.0029261428	0.0050091204	0.32280876
-9.5244959e-8	-6.7855865e-8	0.002937117	0.0050278638	0.32401903
-9.5601548e-8	-6.8109912e-8	0.0029481168	0.0050466506	0.32523213
-9.5958969e-8	-6.8364551e-8	0.0029591423	0.0050654811	0.32644806
-9.6317222e-8	-6.8619783e-8	0.0029701935	0.0050843551	0.32766682
-9.6676309e-8	-6.8875609e-8	0.0029812705	0.0051032727	0.32888841
-9.7036229e-8	-6.9132029e-8	0.0029923732	0.0051222339	0.33011285
-9.7396984e-8	-6.9389043e-8	0.0030035017	0.0051412389	0.33134012
-9.7758574e-8	-6.9646652e-8	0.0030146559	0.0051602875	0.33257023
-9.8120999e-8	-6.9904857e-8	0.003025836	0.0051793799	0.33380319
-9.8484262e-8	-7.0163658e-8	0.0030370419	0.0051985161	0.33503899
-9.8848361e-8	-7.0423055e-8	0.0030482737	0.0052176961	0.33627764
-9.9213298e-8	-7.0683049e-8	0.0030595313	0.00523692	0.33751914
-9.9579074e-8	-7.0943641e-8	0.0030708148	0.0052561877	0.33876349
-9.9945689e-8	-7.120483e-8	0.0030821243	0.0052754994	0.3400107
-1.0031314e-7	-7.1466618e-8	0.0030934596	0.005294855	0.34126076
-1.0068144e-7	-7.1729005e-8	0.003104821	0.0053142546	0.34251369
-1.0105058e-7	-7.1991991e-8	0.0031162083	0.0053336982	0.34376947
-1.0142055e-7	-7.2255576e-8	0.0031276216	0.0053531858	0.34502812
-1.0179138e-7	-7.2519763e-8	0.0031390609	0.0053727176	0.34628964
-1.0216304e-7	-7.2784549e-8	0.0031505263	0.0053922934	0.34755402
-1.0253555e-7	-7.3049937e-8	0.0031620177	0.0054119134	0.34882128
-1.029089e-7	-7.3315926e-8	0.0031735352	0.0054315776	0.35009141
-1.032831e-7	-7.3582518e-8	0.0031850788	0.0054512859	0.35136441
-1.0365814e-7	-7.3849712e-8	0.0031966486	0.0054710386	0.35264029
-1.0403403e-7	-7.4117509e-8	0.0032082445	0.0054908355	0.35391905
-1.0441077e-7	-7.438591e-8	0.0032198665	0.0055106767	0.35520069
-1.0478835e-7	-7.4654915e-8	0.0032315147	0.0055305622	0.35648522
-1.0516679e-7	-7.4924524e-8	0.0032431891	0.0055504921	0.35777263
-1.0554607e-7	-7.5194738e-8	0.0032548898	0.0055704665	0.35906293
-1.059262e-7	-7.5465558e-8	0.0032666167	0.0055904852	0.36035613
-1.0630718e-7	-7.5736983e-8	0.0032783698	0.0056105485	0.36165221
-1.0668902e-7	-7.6009015e-8	0.0032901493	0.0056306562	0.36295119
-1.070717e-7	-7.6281653e-8	0.003301955	0.0056508085	0.36425307
-1.0745524e-7	-7.6554899e-8	0.0033137871	0.0056710053	0.36555785
-1.0783963e-7	-7.6828752e-8	0.0033256455	0.0056912468	0.36686553
-1.0822487e-7	-7.7103214e-8	0.0033375303	0.0057115329	0.36817611
-1.0861097e-7	-7.7378284e-8	0.0033494415	0.0057318636	0.3694896
-1.0899793e-7	-7.7653963e-8	0.003361379	0.005752239	0.370806
-1.0938574e-7	-7.7930252e-8	0.003373343	0.0057726592	0.37212531
-1.097744e-7	-7.8207151e-8	0.0033853335	0.0057931241	0.37344753
-1.1016392e-7	-7.848466e-8	0.0033973504	0.0058136338	0.37477266
-1.105543e-7	-7.876278e-8	0.0034093938	0.0058341883	0.37610072
-1.1094554e-7	-7.9041511e-8	0.0034214637	0.0058547877	0.37743169
-1.1133764e-7	-7.9320855e-8	0.0034335601	0.0058754319	0.37876558
-1.1173059e-7	-7.960081e-8	0.0034456831	0.0058961211	0.3801024
-1.1212441e-7	-7.9881378e-8	0.0034578326	0.0059168552	0.38144214
-1.1251908e-7	-8.016256e-8	0.0034700087	0.0059376343	0.38278482
-1.1291462e-7	-8.0444355e-8	0.0034822115	0.0059584584	0.38413042
-1.1331102e-7	-8.0726764e-8	0.0034944408	0.0059793276	0.38547895
-1.1370828e-7	-8.1009788e-8	0.0035066968	0.0060002418	0.38683042
-1.1410641e-7	-8.1293426e-8	0.0035189795	0.0060212011	0.38818482
-1.145054e-7	-8.157768e-8	0.0035312888	0.0060422056	0.38954217
-1.1490525e-7	-8.186255e-8	0.0035436248	0.0060632552	0.39090245
-1.1530597e-7	-8.2148036e-8	0.0035559876	0.00608435	0.39226568
-1.1570756e-7	-8.2434139e-8	0.0035683771	0.00610549	0.39363185
-1.1611001e-7	-8.2720859e-8	0.0035807934	0.0061266753	0.39500097
-1.1651332e-7	-8.3008197e-8	0.0035932364	0.0061479059	0.39637304
-1.1691751e-7	-8.3296153e-8	0.0036057063	0.0061691818	0.39774806
-1.1732256e-7	-8.3584727e-8	0.0036182029	0.006190503	0.39912603
-1.1772848e-7	-8.3873921e-8	0.0036307264	0.0062118696	0.40050696
-1.1813528e-7	-8.4163733e-8	0.0036432768	0.0062332817	0.40189085
-1.1854294e-7	-8.4454166e-8	0.003655854	0.0062547391	0.4032777
-1.1895147e-7	-8.4745219e-8	0.0036684582	0.0062762421	0.4046675
-1.1936087e-7	-8.5036893e-8	0.0036810892	0.0062977905	0.40606028
-1.1977115e-7	-8.5329188e-8	0.0036937472	0.0063193844	0.40745602
-1.201823e-7	-8.5622104e-8	0.0037064322	0.006341024	0.40885473
-1.2059432e-7	-8.5915643e-8	0.0037191441	0.0063627091	0.4102564
-1.2100722e-7	-8.6209804e-8	0.003731883	0.0063844398	0.41166105
-1.2142098e-7	-8.6504588e-8	0.0037446489	0.0064062162	0.41306868
-1.2183563e-7	-8.6799995e-8	0.0037574419	0.0064280382	0.41447928
-1.2225115e-7	-8.7096026e-8	0.0037702619	0.006449906	0.41589286
-1.2266755e-7	-8.7392681e-8	0.003783109	0.0064718195	0.41730942
-1.2308482e-7	-8.7689962e-8	0.0037959831	0.0064937788	0.41872897
-1.2350297e-7	-8.7987867e-8	0.0038088844	0.0065157839	0.4201515
-1.23922e-7	-8.8286398e-8	0.0038218128	0.0065378348	0.42157701
-1.2434191e-7	-8.8585554e-8	0.0038347683	0.0065599315	0.42300552
-1.2476269e-7	-8.8885337e-8	0.0038477511	0.0065820742	0.42443701
-1.2518436e-7	-8.9185747e-8	0.0038607609	0.0066042627	0.4258715
-1.256069e-7	-8.9486785e-8	0.003873798	0.0066264972	0.42730899
-1.2603033e-7	-8.9788449e-8	0.0038868623	0.0066487777	0.42874947
-1.2645464e-7	-9.0090742e-8	0.0038999539	0.0066711042	0.43019295
-1.2687983e-7	-9.0393664e-8	0.0039130727	0.0066934767	0.43163943
-1.2730591e-7	-9.0697214e-8	0.0039262188	0.0067158953	0.43308892
-1.2773287e-7	-9.1001394e-8	0.0039393922	0.00673836	0.43454141
-1.2816071e-7	-9.1306204e-8	0.0039525929	0.0067608708	0.43599691
-1.2858943e-7	-9.1611644e-8	0.0039658209	0.0067834277	0.43745542
-1.2901905e-7	-9.1917714e-8	0.0039790763	0.0068060308	0.43891694
-1.2944954e-7	-9.2224416e-8	0.0039923591	0.0068286801	0.44038147
-1.2988093e-7	-9.2531749e-8	0.0040056692	0.0068513757	0.44184902
-1.303132e-7	-9.2839714e-8	0.0040190067	0.0068741175	0.44331959
-1.3074636e-7	-9.3148311e-8	0.0040323717	0.0068969056	0.44479317
-1.311804e-7	-9.3457542e-8	0.0040457641	0.0069197401	0.44626978
-1.3161534e-7	-9.3767405e-8	0.004059184	0.0069426209	0.44774941
-1.3205116e-7	-9.4077902e-8	0.0040726314	0.006965548	0.44923207
-1.3248788e-7	-9.4389033e-8	0.0040861062	0.0069885216	0.45071775
-1.3292548e-7	-9.4700799e-8	0.0040996086	0.0070115416	0.45220647
-1.3336398e-7	-9.5013199e-8	0.0041131385	0.0070346081	0.45369821
-1.3380337e-7	-9.5326235e-8	0.004126696	0.007057721	0.45519299
-1.3424365e-7	-9.5639906e-8	0.004140281	0.0070808805	0.4566908
-1.3468482e-7	-9.5954214e-8	0.0041538937	0.0071040866	0.45819166
-1.3512689e-7	-9.6269158e-8	0.0041675339	0.0071273392	0.45969555
-1.3556985e-7	-9.6584739e-8	0.0041812018	0.0071506384	0.46120248
-1.3601371e-7	-9.6900957e-8	0.0041948973	0.0071739842	0.46271246
-1.3645846e-7	-9.7217813e-8	0.0042086205	0.0071973767	0.46422548
-1.369041e-7	-9.7535307e-8	0.0042223713	0.0072208159	0.46574155
-1.3735065e-7	-9.785344e-8	0.0042361499	0.0072443018	0.46726066
-1.3779809e-7	-9.8172212e-8	0.0042499561	0.0072678344	0.46878283
-1.3824642e-7	-9.8491623e-8	0.0042637902	0.0072914139	0.47030806
-1.3869566e-7	-9.8811674e-8	0.0042776519	0.0073150401	0.47183634
-1.3914579e-7	-9.9132365e-8	0.0042915414	0.0073387131	0.47336767
-1.3959683e-7	-9.9453697e-8	0.0043054588	0.007362433	0.47490206
-1.4004876e-7	-9.977567e-8	0.0043194039	0.0073861998	0.47643952
-1.4050159e-7	-1.0009828e-7	0.0043333768	0.0074100135	0.47798004
-1.4095533e-7	-1.0042154e-7	0.0043473776	0.0074338741	0.47952362
-1.4140996e-7	-1.0074544e-7	0.0043614063	0.0074577816	0.48107027
-1.418655e-7	-1.0106998e-7	0.0043754628	0.0074817362	0.48261999
-1.4232194e-7	-1.0139516e-7	0.0043895472	0.0075057378	0.48417278
-1.4277928e-7	-1.0172099e-7	0.0044036596	0.0075297864	0.48572864
-1.4323753e-7	-1.0204746e-7	0.0044177998	0.0075538821	0.48728757
-1.4369668e-7	-1.0237458e-7	0.0044319681	0.0075780249	0.48884959
-1.4415674e-7	-1.0270234e-7	0.0044461642	0.0076022148	0.49041468
-1.446177e-7	-1.0303074e-7	0.0044603884	0.0076264519	0.49198285
-1.4507957e-7	-1.033598e-7	0.0044746406	0.0076507361	0.4935541
-1.4554234e-7	-1.0368949e-7	0.0044889208	0.0076750676	0.49512844
-1.4600602e-7	-1.0401983e-7	0.004503229	0.0076994463	0.49670586
-1.4647061e-7	-1.0435082e-7	0.0045175653	0.0077238722	0.49828637
-1.4693611e-7	-1.0468246e-7	0.0045319296	0.0077483454	0.49986997
-1.4740251e-7	-1.0501474e-7	0.0045463221	0.007772866	0.50145666
-1.4786983e-7	-1.0534768e-7	0.0045607426	0.0077974338	0.50304645
-1.4833806e-7	-1.0568126e-7	0.0045751913	0.0078220491	0.50463933
-1.4880719e-7	-1.0601549e-7	0.0045896681	0.0078467117	0.50623531
-1.4927724e-7	-1.0635036e-7	0.004604173	0.0078714217	0.50783439
-1.497482e-7	-1.0668589e-7	0.0046187062	0.0078961792	0.50943656
-1.5022007e-7	-1.0702207e-7	0.0046332675	0.0079209842	0.51104184
-1.5069285e-7	-1.0735889e-7	0.004647857	0.0079458366	0.51265023
-1.5116654e-7	-1.0769637e-7	0.0046624748	0.0079707366	0.51426172
-1.5164115e-7	-1.080345e-7	0.0046771208	0.0079956841	0.51587632
-1.5211668e-7	-1.0837328e-7	0.0046917951	0.0080206792	0.51749403
-1.5259312e-7	-1.0871271e-7	0.0047064976	0.0080457218	0.51911486
-1.5307047e-7	-1.090528e-7	0.0047212285	0.0080708121	0.52073879
-1.5354874e-7	-1.0939353e-7	0.0047359876	0.0080959501	0.52236585
-1.5402793e-7	-1.0973492e-7	0.0047507751	0.0081211357	0.52399602
-1.5450803e-7	-1.1007696e-7	0.0047655909	0.0081463691	0.52562931
-1.5498905e-7	-1.1041966e-7	0.0047804351	0.0081716501	0.52726572
-1.5547099e-7	-1.1076301e-7	0.0047953077	0.0081969789	0.52890525
-1.5595385e-7	-1.1110702e-7	0.0048102086	0.0082223555	0.53054791
-1.5643762e-7	-1.1145168e-7	0.004825138	0.0082477799	0.5321937
-1.5692232e-7	-1.1179699e-7	0.0048400958	0.0082732521	0.53384261
-1.5740794e-7	-1.1214296e-7	0.0048550821	0.0082987721	0.53549466
-1.5789447e-7	-1.1248959e-7	0.0048700968	0.0083243401	0.53714983
-1.5838193e-7	-1.1283687e-7	0.00488514	0.0083499559	0.53880815
-1.5887031e-7	-1.1318481e-7	0.0049002117	0.0083756197	0.54046959
-1.5935962e-7	-1.135334e-7	0.0049153119	0.0084013314	0.54213418
-1.5984984e-7	-1.1388266e-7	0.0049304406	0.0084270911	0.5438019
-1.6034099e-7	-1.1423257e-7	0.0049455979	0.0084528988	0.54547277
-1.6083306e-7	-1.1458314e-7	0.0049607838	0.0084787546	0.54714678
-1.6132606e-7	-1.1493437e-7	0.0049759982	0.0085046584	0.54882393
-1.6181998e-7	-1.1528626e-7	0.0049912412	0.0085306102	0.55050423
-1.6231483e-7	-1.156388e-7	0.0050065129	0.0085566102	0.55218768
-1.628106e-7	-1.1599201e-7	0.0050218131	0.0085826583	0.55387428
-1.633073e-7	-1.1634588e-7	0.005037142	0.0086087545	0.55556403
-1.6380493e-7	-1.167004e-7	0.0050524996	0.008634899	0.55725693
-1.6430348e-7	-1.1705559e-7	0.0050678859	0.0086610916	0.55895299
-1.6480297e-7	-1.1741144e-7	0.0050833008	0.0086873324	0.56065221
-1.6530338e-7	-1.1776795e-7	0.0050987445	0.0087136215	0.56235459
-1.6580472e-7	-1.1812512e-7	0.0051142169	0.0087399589	0.56406013
-1.6630699e-7	-1.1848296e-7	0.005129718	0.0087663445	0.56576883
-1.6681019e-7	-1.1884146e-7	0.0051452479	0.0087927785	0.56748069
-1.6731432e-7	-1.1920062e-7	0.0051608065	0.0088192609	0.56919572
-1.6781938e-7	-1.1956044e-7	0.005176394	0.0088457916	0.57091392
-1.6832538e-7	-1.1992093e-7	0.0051920103	0.0088723706	0.57263529
-1.688323e-7	-1.2028208e-7	0.0052076553	0.0088989982	0.57435983
-1.6934016e-7	-1.206439e-7	0.0052233293	0.0089256741	0.57608754
-1.6984895e-7	-1.2100638e-7	0.0052390321	0.0089523985	0.57781842
-1.7035868e-7	-1.2136952e-7	0.0052547637	0.0089791714	0.57955249
-1.7086934e-7	-1.2173334e-7	0.0052705243	0.0090059928	0.58128973
-1.7138093e-7	-1.2209781e-7	0.0052863137	0.0090328628	0.58303015
-1.7189346e-7	-1.2246296e-7	0.0053021321	0.0090597813	0.58477376
-1.7240693e-7	-1.2282877e-7	0.0053179794	0.0090867484	0.58652054
-1.7292133e-7	-1.2319525e-7	0.0053338557	0.0091137641	0.58827052
-1.7343667e-7	-1.2356239e-7	0.0053497609	0.0091408284	0.59002367
-1.7395294e-7	-1.2393021e-7	0.0053656951	0.0091679414	0.59178002
-1.7447016e-7	-1.2429869e-7	0.0053816583	0.0091951031	0.59353956
-1.7498831e-7	-1.2466784e-7	0.0053976505	0.0092223134	0.59530229
-1.755074e-7	-1.2503766e-7	0.0054136718	0.0092495725	0.59706821
-1.7602743e-7	-1.2540814e-7	0.0054297221	0.0092768803	0.59883733
-1.765484e-7	-1.257793e-7	0.0054458015	0.0093042369	0.60060965
-1.7707031e-7	-1.2615113e-7	0.0054619099	0.0093316423	0.60238516
-1.7759316e-7	-1.2652363e-7	0.0054780475	0.0093590965	0.60416388
-1.7811696e-7	-1.2689679e-7	0.0054942141	0.0093865996	0.6059458
-1.7864169e-7	-1.2727063e-7	0.0055104099	0.0094141515	0.60773092
-1.7916737e-7	-1.2764514e-7	0.0055266348	0.0094417522	0.60951925
-1.7969398e-7	-1.2802033e-7	0.0055428889	0.0094694019	0.61131078
-1.8022155e-7	-1.2839618e-7	0.0055591721	0.0094971006	0.61310552
-1.8075005e-7	-1.2877271e-7	0.0055754846	0.0095248481	0.61490348
-1.812795e-7	-1.2914991e-7	0.0055918262	0.0095526447	0.61670464
-1.818099e-7	-1.2952778e-7	0.0056081971	0.0095804902	0.61850902
-1.8234124e-7	-1.2990632e-7	0.0056245971	0.0096083848	0.62031662
-1.8287352e-7	-1.3028554e-7	0.0056410265	0.0096363284	0.62212743
-1.8340676e-7	-1.3066544e-7	0.0056574851	0.009664321	0.62394146
-1.8394093e-7	-1.31046e-7	0.005673973	0.0096923628	0.62575871
-1.8447606e-7	-1.3142725e-7	0.0056904901	0.0097204536	0.62757918
-1.8501213e-7	-1.3180916e-7	0.0057070366	0.0097485936	0.62940288
-1.8554916e-7	-1.3219176e-7	0.0057236124	0.0097767827	0.6312298
-1.8608713e-7	-1.3257502e-7	0.0057402176	0.0098050211	0.63305995
-1.8662604e-7	-1.3295897e-7	0.0057568521	0.0098333086	0.63489333
-1.8716591e-7	-1.3334359e-7	0.0057735159	0.0098616453	0.63672994
-1.8770673e-7	-1.3372889e-7	0.0057902092	0.0098900313	0.63856978
-1.882485e-7	-1.3411486e-7	0.0058069318	0.0099184665	0.64041286
-1.8879122e-7	-1.3450152e-7	0.0058236839	0.009946951	0.64225916
-1.8933489e-7	-1.3488885e-7	0.0058404654	0.0099754848	0.64410871
-1.8987952e-7	-1.3527686e-7	0.0058572764	0.010004068	0.64596149
-1.9042509e-7	-1.3566554e-7	0.0058741168	0.0100327	0.64781752
-1.9097162e-7	-1.3605491e-7	0.0058909867	0.010061382	0.64967678
-1.915191e-7	-1.3644496e-7	0.005907886	0.010090114	0.65153929
-1.9206754e-7	-1.3683568e-7	0.0059248149	0.010118894	0.65340505
-1.9261693e-7	-1.3722709e-7	0.0059417733	0.010147724	0.65527405
-1.9316727e-7	-1.3761917e-7	0.0059587613	0.010176604	0.6571463
-1.9371857e-7	-1.3801194e-7	0.0059757787	0.010205533	0.65902179
-1.9427083e-7	-1.3840538e-7	0.0059928258	0.010234511	0.66090054
-1.9482404e-7	-1.3879951e-7	0.0060099024	0.010263539	0.66278255
-1.9537821e-7	-1.3919432e-7	0.0060270086	0.010292617	0.6646678
-1.9593334e-7	-1.3958981e-7	0.0060441445	0.010321744	0.66655631
-1.9648942e-7	-1.3998598e-7	0.0060613099	0.010350921	0.66844808
-1.9704646e-7	-1.4038284e-7	0.006078505	0.010380147	0.67034311
-1.9760446e-7	-1.4078038e-7	0.0060957297	0.010409423	0.6722414
-1.9816342e-7	-1.411786e-7	0.0061129842	0.010438749	0.67414295
-1.9872334e-7	-1.4157751e-7	0.0061302682	0.010468124	0.67604777
-1.9928421e-7	-1.419771e-7	0.006147582	0.010497549	0.67795585
-1.9984605e-7	-1.4237737e-7	0.0061649255	0.010527024	0.6798672
-2.0040885e-7	-1.4277833e-7	0.0061822987	0.010556548	0.68178181
-2.0097261e-7	-1.4317997e-7	0.0061997017	0.010586122	0.6836997
-2.0153733e-7	-1.435823e-7	0.0062171344	0.010615746	0.68562085
-2.0210302e-7	-1.4398531e-7	0.0062345969	0.01064542	0.68754529
-2.0266966e-7	-1.4438901e-7	0.0062520892	0.010675143	0.68947299
-2.0323727e-7	-1.4479339e-7	0.0062696112	0.010704916	0.69140397
-2.0380584e-7	-1.4519846e-7	0.0062871631	0.010734739	0.69333823
-2.0437538e-7	-1.4560422e-7	0.0063047448	0.010764613	0.69527577
-2.0494588e-7	-1.4601067e-7	0.0063223563	0.010794535	0.69721659
-2.0551735e-7	-1.464178e-7	0.0063399977	0.010824508	0.69916069
-2.0608978e-7	-1.4682562e-7	0.0063576689	0.010854531	0.70110807
-2.0666318e-7	-1.4723413e-7	0.0063753701	0.010884604	0.70305874
-2.0723754e-7	-1.4764332e-7	0.0063931011	0.010914726	0.7050127
-2.0781287e-7	-1.4805321e-7	0.0064108621	0.010944899	0.70696994
-2.0838916e-7	-1.4846378e-7	0.0064286529	0.010975122	0.70893048
-2.0896643e-7	-1.4887505e-7	0.0064464737	0.011005394	0.71089431
-2.0954466e-7	-1.49287e-7	0.0064643245	0.011035717	0.71286143
-2.1012386e-7	-1.4969964e-7	0.0064822052	0.01106609	0.71483184
-2.1070403e-7	-1.5011298e-7	0.0065001159	0.011096513	0.71680555
-2.1128517e-7	-1.50527e-7	0.0065180566	0.011126986	0.71878256
-2.1186728e-7	-1.5094171e-7	0.0065360273	0.011157509	0.72076286
-2.1245036e-7	-1.5135712e-7	0.006554028	0.011188082	0.72274647
-2.130344e-7	-1.5177322e-7	0.0065720588	0.011218706	0.72473337
-2.1361942e-7	-1.5219e-7	0.0065901196	0.011249379	0.72672359
-2.1420542e-7	-1.5260749e-7	0.0066082104	0.011280103	0.7287171
-2.1479238e-7	-1.5302566e-7	0.0066263314	0.011310877	0.73071392
-2.1538031e-7	-1.5344452e-7	0.0066444824	0.011341701	0.73271405
-2.1596922e-7	-1.5386408e-7	0.0066626635	0.011372576	0.73471749
-2.165591e-7	-1.5428434e-7	0.0066808748	0.011403501	0.73672424
-2.1714996e-7	-1.5470528e-7	0.0066991162	0.011434476	0.7387343
-2.1774179e-7	-1.5512692e-7	0.0067173877	0.011465501	0.74074768
-2.1833459e-7	-1.5554925e-7	0.0067356894	0.011496577	0.74276437
-2.1892837e-7	-1.5597228e-7	0.0067540213	0.011527703	0.74478437
-2.1952312e-7	-1.5639601e-7	0.0067723833	0.011558879	0.7468077
-2.2011885e-7	-1.5682043e-7	0.0067907756	0.011590106	0.74883434
-2.2071556e-7	-1.5724554e-7	0.006809198	0.011621384	0.7508643
-2.2131324e-7	-1.5767135e-7	0.0068276507	0.011652711	0.75289759
-2.219119e-7	-1.5809785e-7	0.0068461336	0.011684089	0.7549342
-2.2251153e-7	-1.5852506e-7	0.0068646468	0.011715518	0.75697414
-2.2311215e-7	-1.5895295e-7	0.0068831902	0.011746997	0.7590174
-2.2371374e-7	-1.5938155e-7	0.006901764	0.011778527	0.76106399
-2.2431631e-7	-1.5981084e-7	0.006920368	0.011810107	0.76311391
-2.2491986e-7	-1.6024083e-7	0.0069390023	0.011841738	0.76516716
-2.2552439e-7	-1.6067152e-7	0.0069576669	0.011873419	0.76722374
-2.261299e-7	-1.6110291e-7	0.0069763619	0.011905151	0.76928365
-2.2673639e-7	-1.6153499e-7	0.0069950872	0.011936933	0.7713469
-2.2734386e-7	-1.6196778e-7	0.0070138429	0.011968766	0.77341349
-2.2795231e-7	-1.6240126e-7	0.007032629	0.01200065	0.77548342
-2.2856174e-7	-1.6283544e-7	0.0070514454	0.012032584	0.77755668
-2.2917216e-7	-1.6327032e-7	0.0070702922	0.012064569	0.77963329
-2.2978356e-7	-1.637059e-7	0.0070891695	0.012096604	0.78171323
-2.3039594e-7	-1.6414218e-7	0.0071080771	0.012128691	0.78379652
-2.310093e-7	-1.6457917e-7	0.0071270152	0.012160828	0.78588316
-2.3162365e-7	-1.6501685e-7	0.0071459838	0.012193015	0.78797314
-2.3223898e-7	-1.6545523e-7	0.0071649828	0.012225254	0.79006647
-2.328553e-7	-1.6589432e-7	0.0071840123	0.012257543	0.79216315
-2.334726e-7	-1.663341e-7	0.0072030723	0.012289883	0.79426317
-2.3409088e-7	-1.6677459e-7	0.0072221627	0.012322274	0.79636655
-2.3471015e-7	-1.6721578e-7	0.0072412837	0.012354716	0.79847329
-2.3533041e-7	-1.6765768e-7	0.0072604353	0.012387208	0.80058337
-2.3595165e-7	-1.6810027e-7	0.0072796173	0.012419752	0.80269682
-2.3657388e-7	-1.6854357e-7	0.0072988299	0.012452346	0.80481362
-2.371971e-7	-1.6898757e-7	0.0073180731	0.012484991	0.80693378
-2.3782131e-7	-1.6943228e-7	0.0073373469	0.012517687	0.80905729
-2.384465e-7	-1.6987769e-7	0.0073566512	0.012550434	0.81118417
-2.3907268e-7	-1.703238e-7	0.0073759862	0.012583232	0.81331442
-2.3969985e-7	-1.7077062e-7	0.0073953517	0.012616081	0.81544802
-2.4032801e-7	-1.7121814e-7	0.0074147479	0.012648981	0.81758499
-2.4095716e-7	-1.7166637e-7	0.0074341748	0.012681931	0.81972533
-2.415873e-7	-1.7211531e-7	0.0074536323	0.012714933	0.82186904
-2.4221843e-7	-1.7256495e-7	0.0074731204	0.012747986	0.82401611
-2.4285055e-7	-1.7301529e-7	0.0074926393	0.01278109	0.82616656
-2.4348367e-7	-1.7346634e-7	0.0075121888	0.012814245	0.82832038
-2.4411777e-7	-1.739181e-7	0.007531769	0.012847451	0.83047757
-2.4475286e-7	-1.7437056e-7	0.00755138	0.012880708	0.83263814
-2.4538895e-7	-1.7482374e-7	0.0075710217	0.012914016	0.83480208
-2.4602603e-7	-1.7527761e-7	0.0075906941	0.012947376	0.8369694
-2.4666411e-7	-1.757322e-7	0.0076103973	0.012980786	0.83914009
-2.4730317e-7	-1.7618749e-7	0.0076301312	0.013014248	0.84131417
-2.4794323e-7	-1.766435e-7	0.0076498959	0.013047761	0.84349163
-2.4858429e-7	-1.7710021e-7	0.0076696914	0.013081325	0.84567247
-2.4922634e-7	-1.7755763e-7	0.0076895177	0.01311494	0.8478567
-2.4986938e-7	-1.7801575e-7	0.0077093748	0.013148606	0.85004431
-2.5051343e-7	-1.7847459e-7	0.0077292628	0.013182324	0.8522353
-2.5115846e-7	-1.7893414e-7	0.0077491816	0.013216093	0.85442968
-2.5180449e-7	-1.7939439e-7	0.0077691312	0.013249913	0.85662746
-2.5245152e-7	-1.7985536e-7	0.0077891117	0.013283784	0.85882862
-2.5309955e-7	-1.8031704e-7	0.0078091231	0.013317707	0.86103317
-2.5374857e-7	-1.8077942e-7	0.0078291654	0.013351681	0.86324112
-2.5439859e-7	-1.8124252e-7	0.0078492385	0.013385707	0.86545246
-2.5504961e-7	-1.8170633e-7	0.0078693426	0.013419783	0.8676672
-2.5570163e-7	-1.8217085e-7	0.0078894776	0.013453911	0.86988533
-2.5635464e-7	-1.8263608e-7	0.0079096435	0.013488091	0.87210686
-2.5700866e-7	-1.8310202e-7	0.0079298404	0.013522322	0.87433179
-2.5766367e-7	-1.8356868e-7	0.0079500682	0.013556604	0.87656012
-2.5831969e-7	-1.8403605e-7	0.007970327	0.013590938	0.87879185
-2.589767e-7	-1.8450413e-7	0.0079906168	0.013625323	0.88102699
-2.5963472e-7	-1.8497292e-7	0.0080109376	0.013659759	0.88326553
-2.6029373e-7	-1.8544243e-7	0.0080312894	0.013694247	0.88550747
-2.6095375e-7	-1.8591265e-7	0.0080516722	0.013728787	0.88775282
-2.6161477e-7	-1.8638358e-7	0.008072086	0.013763378	0.89000158
-2.6227679e-7	-1.8685523e-7	0.0080925309	0.01379802	0.89225374
-2.6293982e-7	-1.8732759e-7	0.0081130068	0.013832714	0.89450932
-2.6360384e-7	-1.8780067e-7	0.0081335138	0.01386746	0.89676831
-2.6426887e-7	-1.8827446e-7	0.0081540519	0.013902257	0.89903071
-2.6493491e-7	-1.8874896e-7	0.008174621	0.013937106	0.90129653
-2.6560194e-7	-1.8922418e-7	0.0081952213	0.013972006	0.90356576
-2.6626999e-7	-1.8970012e-7	0.0082158526	0.014006958	0.90583841
-2.6693903e-7	-1.9017677e-7	0.0082365151	0.014041962	0.90811447
-2.6760908e-7	-1.9065414e-7	0.0082572087	0.014077017	0.91039396
-2.6828014e-7	-1.9113222e-7	0.0082779335	0.014112124	0.91267686
-2.689522e-7	-1.9161103e-7	0.0082986894	0.014147282	0.91496319
-2.6962527e-7	-1.9209054e-7	0.0083194765	0.014182492	0.91725293
-2.7029935e-7	-1.9257078e-7	0.0083402947	0.014217754	0.91954611
-2.7097443e-7	-1.9305173e-7	0.0083611442	0.014253067	0.9218427
-2.7165052e-7	-1.935334e-7	0.0083820248	0.014288433	0.92414273
-2.7232761e-7	-1.9401579e-7	0.0084029367	0.01432385	0.92644617
-2.7300572e-7	-1.9449889e-7	0.0084238798	0.014359318	0.92875305
-2.7368483e-7	-1.9498271e-7	0.0084448541	0.014394839	0.93106336
-2.7436495e-7	-1.9546726e-7	0.0084658597	0.014430411	0.9333771
-2.7504608e-7	-1.9595252e-7	0.0084868965	0.014466035	0.93569427
-2.7572822e-7	-1.964385e-7	0.0085079646	0.014501711	0.93801487
-2.7641136e-7	-1.9692519e-7	0.008529064	0.014537438	0.94033891
-2.7709552e-7	-1.9741261e-7	0.0085501946	0.014573218	0.94266639
-2.7778069e-7	-1.9790075e-7	0.0085713566	0.014609049	0.9449973
-2.7846687e-7	-1.9838961e-7	0.0085925499	0.014644932	0.94733164
-2.7915406e-7	-1.9887919e-7	0.0086137745	0.014680867	0.94966943
-2.7984226e-7	-1.9936948e-7	0.0086350304	0.014716854	0.95201066
-2.8053147e-7	-1.998605e-7	0.0086563177	0.014752893	0.95435533
-2.8122169e-7	-2.0035224e-7	0.0086776363	0.014788983	0.95670344
-2.8191293e-7	-2.008447e-7	0.0086989863	0.014825126	0.95905499
-2.8260518e-7	-2.0133789e-7	0.0087203677	0.01486132	0.96140999
-2.8329844e-7	-2.0183179e-7	0.0087417805	0.014897567	0.96376844
-2.8399272e-7	-2.0232642e-7	0.0087632247	0.014933865	0.96613033
-2.8468801e-7	-2.0282177e-7	0.0087847003	0.014970216	0.96849567
-2.8538431e-7	-2.0331784e-7	0.0088062073	0.015006618	0.97086446
-2.8608162e-7	-2.0381463e-7	0.0088277457	0.015043072	0.9732367
-2.8677996e-7	-2.0431215e-7	0.0088493156	0.015079579	0.97561239
-2.874793e-7	-2.0481038e-7	0.0088709169	0.015116137	0.97799154
-2.8817966e-7	-2.0530935e-7	0.0088925497	0.015152748	0.98037414
-2.8888104e-7	-2.0580903e-7	0.008914214	0.01518941	0.98276019
-2.8958344e-7	-2.0630944e-7	0.0089359098	0.015226125	0.9851497
-2.9028684e-7	-2.0681058e-7	0.008957637	0.015262891	0.98754267
-2.9099127e-7	-2.0731243e-7	0.0089793958	0.01529971	0.98993909
-2.9169671e-7	-2.0781502e-7	0.009001186	0.015336581	0.99233898
-2.9240317e-7	-2.0831832e-7	0.0090230079	0.015373504	0.99474232
-2.9311065e-7	-2.0882235e-7	0.0090448612	0.015410479	0.99714913
-2.9381915e-7	-2.0932711e-7	0.0090667461	0.015447506	0.9995594
-2.9452866e-7	-2.0983259e-7	0.0090886626	0.015484585	1.0019731
-2.9523919e-7	-2.103388e-7	0.0091106106	0.015521717	1.0043903
-2.9595074e-7	-2.1084574e-7	0.0091325902	0.0155589	1.006811
-2.9666331e-7	-2.113534e-7	0.0091546014	0.015596136	1.0092351
-2.973769e-7	-2.1186178e-7	0.0091766442	0.015633424	1.0116627
-2.9809151e-7	-2.123709e-7	0.0091987186	0.015670765	1.0140938
-2.9880714e-7	-2.1288074e-7	0.0092208246	0.015708157	1.0165283
-2.9952379e-7	-2.133913e-7	0.0092429623	0.015745602	1.0189663
-3.0024146e-7	-2.139026e-7	0.0092651315	0.015783099	1.0214078
-3.0096015e-7	-2.1441462e-7	0.0092873325	0.015820648	1.0238528
-3.0167987e-7	-2.1492737e-7	0.0093095651	0.01585825	1.0263012
-3.024006e-7	-2.1544084e-7	0.0093318294	0.015895903	1.0287531
-3.0312236e-7	-2.1595505e-7	0.0093541254	0.015933609	1.0312085
-3.0384514e-7	-2.1646998e-7	0.009376453	0.015971368	1.0336674
-3.0456894e-7	-2.1698564e-7	0.0093988124	0.016009178	1.0361297
-3.0529376e-7	-2.1750203e-7	0.0094212035	0.016047042	1.0385955
-3.0601961e-7	-2.1801915e-7	0.0094436262	0.016084957	1.0410648
-3.0674648e-7	-2.18537e-7	0.0094660808	0.016122925	1.0435376
-3.0747438e-7	-2.1905558e-7	0.009488567	0.016160945	1.0460139
-3.0820329e-7	-2.1957489e-7	0.0095110851	0.016199017	1.0484936
-3.0893324e-7	-2.2009492e-7	0.0095336348	0.016237142	1.0509769
-3.0966421e-7	-2.2061569e-7	0.0095562164	0.016275319	1.0534636
-3.103962e-7	-2.2113719e-7	0.0095788297	0.016313549	1.0559538
-3.1112922e-7	-2.2165942e-7	0.0096014749	0.016351831	1.0584475
-3.1186326e-7	-2.2218238e-7	0.0096241518	0.016390165	1.0609447
-3.1259833e-7	-2.2270607e-7	0.0096468605	0.016428552	1.0634453
-3.1333443e-7	-2.2323049e-7	0.0096696011	0.016466992	1.0659495
-3.1407155e-7	-2.2375564e-7	0.0096923735	0.016505484	1.0684572
-3.148097e-7	-2.2428152e-7	0.0097151777	0.016544028	1.0709683
-3.1554888e-7	-2.2480814e-7	0.0097380138	0.016582625	1.073483
-3.1628908e-7	-2.2533549e-7	0.0097608817	0.016621274	1.0760011
-3.1703031e-7	-2.2586357e-7	0.0097837816	0.016659976	1.0785227
-3.1777257e-7	-2.2639238e-7	0.0098067133	0.01669873	1.0810479
-3.1851586e-7	-2.2692192e-7	0.0098296768	0.016737537	1.0835765
-3.1926018e-7	-2.274522e-7	0.0098526723	0.016776396	1.0861086
-3.2000553e-7	-2.2798321e-7	0.0098756997	0.016815308	1.0886443
-3.207519e-7	-2.2851496e-7	0.009898759	0.016854273	1.0911834
-3.2149931e-7	-2.2904743e-7	0.0099218502	0.01689329	1.093726
-3.2224774e-7	-2.2958064e-7	0.0099449734	0.01693236	1.0962722
-3.229972e-7	-2.3011459e-7	0.0099681285	0.016971482	1.0988218
-3.237477e-7	-2.3064927e-7	0.0099913155	0.017010657	1.101375
-3.2449922e-7	-2.3118468e-7	0.010014535	0.017049884	1.1039316
-3.2525178e-7	-2.3172083e-7	0.010037786	0.017089164	1.1064918
-3.2600537e-7	-2.3225771e-7	0.010061069	0.017128497	1.1090555
-3.2675999e-7	-2.3279533e-7	0.010084384	0.017167882	1.1116226
-3.2751564e-7	-2.3333368e-7	0.010107731	0.01720732	1.1141933
-3.2827232e-7	-2.3387277e-7	0.010131109	0.017246811	1.1167675
-3.2903003e-7	-2.3441259e-7	0.01015452	0.017286354	1.1193452
-3.2978878e-7	-2.3495315e-7	0.010177964	0.01732595	1.1219265
-3.3054856e-7	-2.3549444e-7	0.010201439	0.017365599	1.1245112
-3.3130938e-7	-2.3603647e-7	0.010224946	0.0174053	1.1270995
-3.3207122e-7	-2.3657924e-7	0.010248485	0.017445054	1.1296912
-3.328341e-7	-2.3712274e-7	0.010272056	0.017484861	1.1322865
-3.3359802e-7	-2.3766698e-7	0.010295659	0.017524721	1.1348853
-3.3436297e-7	-2.3821196e-7	0.010319295	0.017564633	1.1374876
-3.3512895e-7	-2.3875767e-7	0.010342962	0.017604598	1.1400935
-3.3589597e-7	-2.3930412e-7	0.010366662	0.017644616	1.1427028
-3.3666402e-7	-2.3985131e-7	0.010390394	0.017684686	1.1453157
-3.3743311e-7	-2.4039924e-7	0.010414157	0.01772481	1.1479321
-3.3820324e-7	-2.409479e-7	0.010437953	0.017764986	1.1505521
-3.389744e-7	-2.414973e-7	0.010461781	0.017805215	1.1531755
-3.3974659e-7	-2.4204744e-7	0.010485642	0.017845496	1.1558025
-3.4051982e-7	-2.4259832e-7	0.010509534	0.017885831	1.158433
-3.4129409e-7	-2.4314994e-7	0.010533459	0.017926218	1.161067
-3.420694e-7	-2.4370229e-7	0.010557415	0.017966658	1.1637046
-3.4284574e-7	-2.4425539e-7	0.010581404	0.018007151	1.1663457
-3.4362313e-7	-2.4480922e-7	0.010605425	0.018047697	1.1689903
-3.4440154e-7	-2.4536379e-7	0.010629479	0.018088296	1.1716384
-3.45181e-7	-2.4591911e-7	0.010653564	0.018128948	1.1742901
-3.459615e-7	-2.4647516e-7	0.010677682	0.018169652	1.1769453
-3.4674303e-7	-2.4703195e-7	0.010701832	0.018210409	1.179604
-3.475256e-7	-2.4758948e-7	0.010726014	0.01825122	1.1822663
-3.4830921e-7	-2.4814776e-7	0.010750228	0.018292083	1.1849321
-3.4909387e-7	-2.4870677e-7	0.010774475	0.018332999	1.1876015
-3.4987956e-7	-2.4926652e-7	0.010798754	0.018373968	1.1902744
-3.5066629e-7	-2.4982702e-7	0.010823065	0.018414989	1.1929508
-3.5145406e-7	-2.5038825e-7	0.010847409	0.018456064	1.1956307
-3.5224287e-7	-2.5095023e-7	0.010871784	0.018497192	1.1983142
-3.5303272e-7	-2.5151295e-7	0.010896192	0.018538373	1.2010013
-3.5382361e-7	-2.5207641e-7	0.010920633	0.018579606	1.2036919
-3.5461554e-7	-2.5264061e-7	0.010945105	0.018620893	1.206386
-3.5540852e-7	-2.5320555e-7	0.01096961	0.018662232	1.2090836
-3.5620253e-7	-2.5377124e-7	0.010994148	0.018703625	1.2117849
-3.5699759e-7	-2.5433766e-7	0.011018717	0.018745071	1.2144896
-3.5779369e-7	-2.5490483e-7	0.011043319	0.018786569	1.2171979
-3.5859084e-7	-2.5547275e-7	0.011067953	0.018828121	1.2199097
-3.5938902e-7	-2.560414e-7	0.01109262	0.018869725	1.2226251
-3.6018825e-7	-2.566108e-7	0.011117319	0.018911383	1.2253441
-3.6098852e-7	-2.5718094e-7	0.01114205	0.018953093	1.2280666
-3.6178983e-7	-2.5775182e-7	0.011166814	0.018994857	1.2307926
-3.6259219e-7	-2.5832345e-7	0.01119161	0.019036674	1.2335222
-3.6339559e-7	-2.5889582e-7	0.011216439	0.019078543	1.2362553
-3.6420004e-7	-2.5946894e-7	0.0112413	0.019120466	1.238992
-3.6500553e-7	-2.600428e-7	0.011266193	0.019162442	1.2417322
-3.6581206e-7	-2.606174e-7	0.011291119	0.019204471	1.244476
-3.6661964e-7	-2.6119275e-7	0.011316078	0.019246553	1.2472234
-3.6742827e-7	-2.6176884e-7	0.011341068	0.019288688	1.2499743
-3.6823794e-7	-2.6234568e-7	0.011366091	0.019330876	1.2527288
-3.6904865e-7	-2.6292326e-7	0.011391147	0.019373118	1.2554868
-3.6986042e-7	-2.6350159e-7	0.011416235	0.019415412	1.2582483
-3.7067322e-7	-2.6408066e-7	0.011441356	0.01945776	1.2610135
-3.7148708e-7	-2.6466048e-7	0.011466509	0.01950016	1.2637822
-3.7230197e-7	-2.6524104e-7	0.011491694	0.019542614	1.2665544
-3.7311792e-7	-2.6582235e-7	0.011516912	0.019585121	1.2693302
-3.7393491e-7	-2.6640441e-7	0.011542163	0.019627681	1.2721096
-3.7475295e-7	-2.6698721e-7	0.011567446	0.019670294	1.2748925
-3.7557204e-7	-2.6757076e-7	0.011592761	0.019712961	1.277679
-3.7639218e-7	-2.6815505e-7	0.011618109	0.01975568	1.2804691
-3.7721336e-7	-2.6874009e-7	0.01164349	0.019798453	1.2832627
-3.7803559e-7	-2.6932588e-7	0.011668903	0.019841279	1.2860599
-3.7885887e-7	-2.6991241e-7	0.011694348	0.019884158	1.2888607
-3.796832e-7	-2.7049969e-7	0.011719827	0.01992709	1.291665
-3.8050858e-7	-2.7108772e-7	0.011745337	0.019970075	1.2944729
-3.81335e-7	-2.7167649e-7	0.011770881	0.020013114	1.2972844
-3.8216248e-7	-2.7226601e-7	0.011796457	0.020056206	1.3000994
-3.82991e-7	-2.7285628e-7	0.011822065	0.020099351	1.302918
-3.8382057e-7	-2.734473e-7	0.011847706	0.020142549	1.3057402
-3.846512e-7	-2.7403907e-7	0.01187338	0.020185801	1.3085659
-3.8548287e-7	-2.7463158e-7	0.011899086	0.020229106	1.3113952
-3.863156e-7	-2.7522484e-7	0.011924825	0.020272464	1.3142281
-3.8714937e-7	-2.7581885e-7	0.011950597	0.020315875	1.3170646
-3.879842e-7	-2.7641361e-7	0.011976401	0.020359339	1.3199046
-3.8882007e-7	-2.7700912e-7	0.012002238	0.020402857	1.3227482
-3.89657e-7	-2.7760537e-7	0.012028107	0.020446428	1.3255954
-3.9049498e-7	-2.7820238e-7	0.012054009	0.020490053	1.3284462
-3.9133401e-7	-2.7880014e-7	0.012079944	0.02053373	1.3313005
-3.9217409e-7	-2.7939864e-7	0.012105912	0.020577461	1.3341585
-3.9301522e-7	-2.7999789e-7	0.012131912	0.020621245	1.33702
-3.9385741e-7	-2.805979e-7	0.012157944	0.020665083	1.339885
-3.9470065e-7	-2.8119865e-7	0.01218401	0.020708973	1.3427537
-3.9554494e-7	-2.8180015e-7	0.012210108	0.020752917	1.3456259
-3.9639028e-7	-2.824024e-7	0.012236239	0.020796915	1.3485018
-3.9723668e-7	-2.8300541e-7	0.012262403	0.020840965	1.3513812
-3.9808413e-7	-2.8360916e-7	0.012288599	0.020885069	1.3542641
-3.9893264e-7	-2.8421367e-7	0.012314828	0.020929227	1.3571507
-3.9978219e-7	-2.8481892e-7	0.01234109	0.020973437	1.3600409
-4.0063281e-7	-2.8542493e-7	0.012367384	0.021017701	1.3629346
-4.0148447e-7	-2.8603168e-7	0.012393711	0.021062019	1.3658319
-4.0233719e-7	-2.8663919e-7	0.012420071	0.021106389	1.3687329
-4.0319097e-7	-2.8724745e-7	0.012446464	0.021150813	1.3716374
-4.040458e-7	-2.8785646e-7	0.01247289	0.021195291	1.3745455
-4.0490168e-7	-2.8846622e-7	0.012499348	0.021239822	1.3774571
-4.0575862e-7	-2.8907674e-7	0.012525839	0.021284406	1.3803724
-4.0661661e-7	-2.89688e-7	0.012552363	0.021329043	1.3832913
-4.0747566e-7	-2.9030002e-7	0.012578919	0.021373734	1.3862137
-4.0833577e-7	-2.9091279e-7	0.012605509	0.021418478	1.3891397
-4.0919693e-7	-2.9152631e-7	0.012632131	0.021463276	1.3920694
-4.1005915e-7	-2.9214058e-7	0.012658786	0.021508127	1.3950026
-4.1092242e-7	-2.9275561e-7	0.012685474	0.021553031	1.3979394
-4.1178675e-7	-2.9337139e-7	0.012712195	0.021597989	1.4008798
-4.1265214e-7	-2.9398792e-7	0.012738948	0.021643	1.4038238
-4.1351858e-7	-2.9460521e-7	0.012765734	0.021688065	1.4067714
-4.1438608e-7	-2.9522325e-7	0.012792554	0.021733183	1.4097226
-4.1525464e-7	-2.9584204e-7	0.012819406	0.021778355	1.4126774
-4.1612426e-7	-2.9646158e-7	0.012846291	0.02182358	1.4156358
-4.1699493e-7	-2.9708188e-7	0.012873208	0.021868858	1.4185978
-4.1786666e-7	-2.9770293e-7	0.012900159	0.02191419	1.4215634
-4.1873945e-7	-2.9832474e-7	0.012927143	0.021959575	1.4245326
-4.196133e-7	-2.989473e-7	0.012954159	0.022005013	1.4275054
-4.204882e-7	-2.9957061e-7	0.012981208	0.022050506	1.4304818
-4.2136417e-7	-3.0019468e-7	0.01300829	0.022096051	1.4334618
-4.2224119e-7	-3.008195e-7	0.013035406	0.02214165	1.4364454
-4.2311927e-7	-3.0144508e-7	0.013062554	0.022187302	1.4394326
-4.2399841e-7	-3.0207141e-7	0.013089734	0.022233008	1.4424234
-4.2487861e-7	-3.0269849e-7	0.013116948	0.022278768	1.4454178
-4.2575987e-7	-3.0332633e-7	0.013144195	0.022324581	1.4484158
-4.2664219e-7	-3.0395493e-7	0.013171475	0.022370447	1.4514174
-4.2752557e-7	-3.0458428e-7	0.013198787	0.022416367	1.4544226
-4.2841001e-7	-3.0521438e-7	0.013226133	0.02246234	1.4574314
-4.2929551e-7	-3.0584525e-7	0.013253511	0.022508367	1.4604438
-4.3018207e-7	-3.0647686e-7	0.013280923	0.022554447	1.4634599
-4.3106969e-7	-3.0710923e-7	0.013308367	0.02260058	1.4664795
-4.3195837e-7	-3.0774236e-7	0.013335845	0.022646768	1.4695028
-4.3284811e-7	-3.0837625e-7	0.013363355	0.022693008	1.4725296
-4.3373891e-7	-3.0901088e-7	0.013390899	0.022739302	1.4755601
-4.3463078e-7	-3.0964628e-7	0.013418475	0.02278565	1.4785942
-4.355237e-7	-3.1028243e-7	0.013446084	0.022832051	1.4816319
-4.3641769e-7	-3.1091934e-7	0.013473727	0.022878506	1.4846732
-4.3731274e-7	-3.11557e-7	0.013501402	0.022925014	1.4877181
-4.3820885e-7	-3.1219542e-7	0.01352911	0.022971576	1.4907666
-4.3910602e-7	-3.128346e-7	0.013556852	0.023018191	1.4938188
-4.4000426e-7	-3.1347454e-7	0.013584626	0.02306486	1.4968745
-4.4090356e-7	-3.1411523e-7	0.013612434	0.023111582	1.4999339
-4.4180392e-7	-3.1475668e-7	0.013640274	0.023158358	1.5029969
-4.4270534e-7	-3.1539888e-7	0.013668148	0.023205187	1.5060635
-4.4360783e-7	-3.1604184e-7	0.013696054	0.02325207	1.5091337
-4.4451137e-7	-3.1668556e-7	0.013723994	0.023299007	1.5122075
-4.4541599e-7	-3.1733004e-7	0.013751967	0.023345997	1.515285
-4.4632166e-7	-3.1797528e-7	0.013779972	0.02339304	1.518366
-4.472284e-7	-3.1862127e-7	0.013808011	0.023440137	1.5214507
-4.481362e-7	-3.1926802e-7	0.013836083	0.023487288	1.524539
-4.4904507e-7	-3.1991553e-7	0.013864188	0.023534492	1.5276309
-4.49955e-7	-3.205638e-7	0.013892326	0.02358175	1.5307265
-4.50866e-7	-3.2121282e-7	0.013920497	0.023629061	1.5338257
-4.5177806e-7	-3.218626e-7	0.013948702	0.023676426	1.5369284
-4.5269118e-7	-3.2251315e-7	0.013976939	0.023723844	1.5400348
-4.5360537e-7	-3.2316445e-7	0.01400521	0.023771316	1.5431449
-4.5452062e-7	-3.238165e-7	0.014033513	0.023818841	1.5462585
-4.5543694e-7	-3.2446932e-7	0.01406185	0.02386642	1.5493758
-4.5635432e-7	-3.251229e-7	0.01409022	0.023914053	1.5524967
-4.5727277e-7	-3.2577723e-7	0.014118623	0.023961739	1.5556212
-4.5819229e-7	-3.2643233e-7	0.014147059	0.024009479	1.5587494
-4.5911287e-7	-3.2708818e-7	0.014175528	0.024057272	1.5618811
-4.6003451e-7	-3.2774479e-7	0.01420403	0.024105119	1.5650165
-4.6095722e-7	-3.2840217e-7	0.014232566	0.024153019	1.5681555
-4.61881e-7	-3.290603e-7	0.014261135	0.024200973	1.5712982
-4.6280584e-7	-3.2971919e-7	0.014289736	0.024248981	1.5744445
-4.6373175e-7	-3.3037884e-7	0.014318371	0.024297042	1.5775944
-4.6465873e-7	-3.3103925e-7	0.01434704	0.024345157	1.5807479
-4.6558677e-7	-3.3170042e-7	0.014375741	0.024393325	1.5839051
-4.6651588e-7	-3.3236235e-7	0.014404476	0.024441547	1.5870659
-4.6744606e-7	-3.3302504e-7	0.014433243	0.024489823	1.5902303
-4.6837731e-7	-3.3368849e-7	0.014462044	0.024538152	1.5933983
-4.6930962e-7	-3.3435271e-7	0.014490878	0.024586535	1.59657
-4.7024299e-7	-3.3501768e-7	0.014519746	0.024634971	1.5997453
-4.7117744e-7	-3.3568341e-7	0.014548646	0.024683461	1.6029243
-4.7211295e-7	-3.363499e-7	0.01457758	0.024732004	1.6061068
-4.7304954e-7	-3.3701716e-7	0.014606547	0.024780601	1.609293
-4.7398718e-7	-3.3768517e-7	0.014635547	0.024829252	1.6124829
-4.749259e-7	-3.3835395e-7	0.014664581	0.024877956	1.6156764
-4.7586569e-7	-3.3902348e-7	0.014693647	0.024926714	1.6188735
-4.7680654e-7	-3.3969378e-7	0.014722747	0.024975526	1.6220742
-4.7774846e-7	-3.4036484e-7	0.014751881	0.025024391	1.6252786
-4.7869145e-7	-3.4103666e-7	0.014781047	0.025073309	1.6284866
-4.7963551e-7	-3.4170924e-7	0.014810247	0.025122282	1.6316982
-4.8058064e-7	-3.4238258e-7	0.014839479	0.025171307	1.6349135
-4.8152684e-7	-3.4305669e-7	0.014868746	0.025220387	1.6381324
-4.824741e-7	-3.4373155e-7	0.014898045	0.02526952	1.641355
-4.8342244e-7	-3.4440718e-7	0.014927378	0.025318707	1.6445812
-4.8437185e-7	-3.4508357e-7	0.014956744	0.025367947	1.647811
-4.8532232e-7	-3.4576072e-7	0.014986143	0.025417241	1.6510445
-4.8627386e-7	-3.4643863e-7	0.015015576	0.025466588	1.6542816
-4.8722648e-7	-3.4711731e-7	0.015045042	0.02551599	1.6575224
-4.8818016e-7	-3.4779675e-7	0.015074541	0.025565444	1.6607667
-4.8913492e-7	-3.4847695e-7	0.015104073	0.025614953	1.6640148
-4.9009074e-7	-3.4915791e-7	0.015133639	0.025664515	1.6672664
-4.9104763e-7	-3.4983963e-7	0.015163238	0.02571413	1.6705218
-4.920056e-7	-3.5052212e-7	0.01519287	0.025763799	1.6737807
-4.9296463e-7	-3.5120537e-7	0.015222536	0.025813522	1.6770433
-4.9392474e-7	-3.5188939e-7	0.015252235	0.025863298	1.6803095
-4.9488591e-7	-3.5257416e-7	0.015281967	0.025913128	1.6835794
-4.9584816e-7	-3.532597e-7	0.015311733	0.025963012	1.6868529
-4.9681148e-7	-3.53946e-7	0.015341532	0.026012949	1.6901301
-4.9777587e-7	-3.5463307e-7	0.015371364	0.02606294	1.6934109
-4.9874133e-7	-3.5532089e-7	0.01540123	0.026112984	1.6966954
-4.9970786e-7	-3.5600949e-7	0.015431129	0.026163083	1.6999835
-5.0067546e-7	-3.5669884e-7	0.015461061	0.026213234	1.7032752
-5.0164414e-7	-3.5738896e-7	0.015491027	0.026263439	1.7065706
-5.0261388e-7	-3.5807984e-7	0.015521026	0.026313698	1.7098696
-5.035847e-7	-3.5877148e-7	0.015551059	0.026364011	1.7131723
-5.0455659e-7	-3.5946389e-7	0.015581125	0.026414377	1.7164786
-5.0552955e-7	-3.6015706e-7	0.015611224	0.026464797	1.7197886
-5.0650359e-7	-3.60851e-7	0.015641356	0.02651527	1.7231022
-5.0747869e-7	-3.615457e-7	0.015671522	0.026565797	1.7264195
-5.0845487e-7	-3.6224117e-7	0.015701722	0.026616377	1.7297404
-5.0943212e-7	-3.6293739e-7	0.015731955	0.026667011	1.733065
-5.1041045e-7	-3.6363439e-7	0.015762221	0.026717699	1.7363932
-5.1138984e-7	-3.6433214e-7	0.01579252	0.02676844	1.739725
-5.1237031e-7	-3.6503066e-7	0.015822853	0.026819235	1.7430605
-5.1335185e-7	-3.6572995e-7	0.01585322	0.026870084	1.7463997
-5.1433447e-7	-3.6643e-7	0.015883619	0.026920986	1.7497425
-5.1531816e-7	-3.6713081e-7	0.015914053	0.026971942	1.753089
-5.1630292e-7	-3.6783239e-7	0.015944519	0.027022951	1.7564391
-5.1728875e-7	-3.6853473e-7	0.015975019	0.027074014	1.7597929
-5.1827566e-7	-3.6923784e-7	0.016005553	0.027125131	1.7631503
-5.1926364e-7	-3.6994171e-7	0.01603612	0.027176301	1.7665113
-5.202527e-7	-3.7064635e-7	0.01606672	0.027227525	1.7698761
-5.2124282e-7	-3.7135175e-7	0.016097354	0.027278802	1.7732444
-5.2223403e-7	-3.7205792e-7	0.016128021	0.027330133	1.7766165
-5.232263e-7	-3.7276485e-7	0.016158721	0.027381517	1.7799921
-5.2421965e-7	-3.7347255e-7	0.016189456	0.027432955	1.7833715
-5.2521408e-7	-3.7418101e-7	0.016220223	0.027484447	1.7867544
-5.2620958e-7	-3.7489024e-7	0.016251024	0.027535992	1.7901411
-5.2720615e-7	-3.7560023e-7	0.016281859	0.027587591	1.7935314
-5.2820379e-7	-3.7631099e-7	0.016312727	0.027639244	1.7969253
-5.2920252e-7	-3.7702252e-7	0.016343628	0.02769095	1.8003229
-5.3020231e-7	-3.7773481e-7	0.016374563	0.027742709	1.8037242
-5.3120318e-7	-3.7844786e-7	0.016405531	0.027794523	1.8071291
-5.3220513e-7	-3.7916168e-7	0.016436533	0.027846389	1.8105377
-5.3320815e-7	-3.7987627e-7	0.016467568	0.02789831	1.8139499
-5.3421224e-7	-3.8059162e-7	0.016498637	0.027950284	1.8173658
-5.3521741e-7	-3.8130774e-7	0.016529739	0.028002311	1.8207853
-5.3622366e-7	-3.8202463e-7	0.016560875	0.028054392	1.8242085
-5.3723098e-7	-3.8274228e-7	0.016592044	0.028106527	1.8276354
-5.3823937e-7	-3.8346069e-7	0.016623247	0.028158715	1.8310659
-5.3924884e-7	-3.8417987e-7	0.016654483	0.028210957	1.8345001
-5.4025939e-7	-3.8489982e-7	0.016685753	0.028263252	1.8379379
-5.4127101e-7	-3.8562054e-7	0.016717056	0.028315601	1.8413794
-5.4228371e-7	-3.8634202e-7	0.016748393	0.028368004	1.8448246
-5.4329748e-7	-3.8706427e-7	0.016779764	0.02842046	1.8482734
-5.4431233e-7	-3.8778728e-7	0.016811167	0.028472969	1.8517258
-5.4532825e-7	-3.8851106e-7	0.016842605	0.028525532	1.855182
-5.4634525e-7	-3.8923561e-7	0.016874076	0.028578149	1.8586418
-5.4736333e-7	-3.8996092e-7	0.01690558	0.028630819	1.8621052
-5.4838248e-7	-3.90687e-7	0.016937118	0.028683543	1.8655723
-5.4940271e-7	-3.9141385e-7	0.016968689	0.02873632	1.8690431
-5.5042401e-7	-3.9214146e-7	0.017000294	0.028789151	1.8725175
-5.5144639e-7	-3.9286984e-7	0.017031933	0.028842036	1.8759956
-5.5246985e-7	-3.9359899e-7	0.017063605	0.028894974	1.8794774
-5.5349439e-7	-3.943289e-7	0.017095311	0.028947965	1.8829628
-5.5452e-7	-3.9505958e-7	0.01712705	0.02900101	1.8864519
-5.5554668e-7	-3.9579103e-7	0.017158823	0.029054109	1.8899446
-5.5657445e-7	-3.9652324e-7	0.017190629	0.029107261	1.893441
-5.5760329e-7	-3.9725623e-7	0.017222469	0.029160466	1.8969411
-5.586332e-7	-3.9798998e-7	0.017254342	0.029213725	1.9004448
-5.596642e-7	-3.9872449e-7	0.017286249	0.029267038	1.9039522
-5.6069627e-7	-3.9945977e-7	0.01731819	0.029320404	1.9074632
-5.6172941e-7	-4.0019583e-7	0.017350164	0.029373824	1.910978
-5.6276364e-7	-4.0093264e-7	0.017382172	0.029427297	1.9144964
-5.6379894e-7	-4.0167023e-7	0.017414213	0.029480823	1.9180184
-5.6483532e-7	-4.0240858e-7	0.017446288	0.029534403	1.9215441
-5.6587278e-7	-4.031477e-7	0.017478396	0.029588037	1.9250735
-5.6691131e-7	-4.0388759e-7	0.017510538	0.029641724	1.9286065
-5.6795092e-7	-4.0462825e-7	0.017542714	0.029695465	1.9321432
-5.6899161e-7	-4.0536967e-7	0.017574923	0.029749259	1.9356836
-5.7003337e-7	-4.0611186e-7	0.017607166	0.029803107	1.9392277
-5.7107622e-7	-4.0685482e-7	0.017639442	0.029857008	1.9427754
-5.7212014e-7	-4.0759854e-7	0.017671752	0.029910962	1.9463267
-5.7316514e-7	-4.0834304e-7	0.017704096	0.02996497	1.9498818
-5.7421121e-7	-4.090883e-7	0.017736473	0.030019032	1.9534405
-5.7525837e-7	-4.0983433e-7	0.017768884	0.030073147	1.9570029
-5.763066e-7	-4.1058113e-7	0.017801328	0.030127315	1.9605689
-5.7735591e-7	-4.1132869e-7	0.017833806	0.030181537	1.9641386
-5.784063e-7	-4.1207702e-7	0.017866318	0.030235812	1.967712
-5.7945776e-7	-4.1282613e-7	0.017898863	0.030290141	1.971289
-5.8051031e-7	-4.13576e-7	0.017931442	0.030344523	1.9748697
-5.8156393e-7	-4.1432663e-7	0.017964055	0.030398959	1.9784541
-5.8261863e-7	-4.1507804e-7	0.017996701	0.030453448	1.9820421
-5.8367441e-7	-4.1583021e-7	0.018029381	0.030507991	1.9856338
-5.8473127e-7	-4.1658315e-7	0.018062094	0.030562587	1.9892292
-5.857892e-7	-4.1733687e-7	0.018094841	0.030617236	1.9928283
-5.8684821e-7	-4.1809134e-7	0.018127622	0.030671939	1.996431
-5.8790831e-7	-4.1884659e-7	0.018160436	0.030726695	2.0000374
-5.8896948e-7	-4.1960261e-7	0.018193284	0.030781505	2.0036474
-5.9003173e-7	-4.2035939e-7	0.018226166	0.030836368	2.0072611
-5.9109505e-7	-4.2111694e-7	0.018259081	0.030891284	2.0108785
-5.9215946e-7	-4.2187526e-7	0.01829203	0.030946254	2.0144996
-5.9322494e-7	-4.2263435e-7	0.018325012	0.031001277	2.0181243
-5.9429151e-7	-4.2339421e-7	0.018358028	0.031056354	2.0217527
-5.9535915e-7	-4.2415483e-7	0.018391078	0.031111484	2.0253848
-5.9642787e-7	-4.2491623e-7	0.018424162	0.031166668	2.0290205
-5.9749767e-7	-4.2567839e-7	0.018457279	0.031221904	2.03266
-5.9856855e-7	-4.2644132e-7	0.018490429	0.031277195	2.036303
-5.9964051e-7	-4.2720502e-7	0.018523614	0.031332538	2.0399498
-6.0071354e-7	-4.2796949e-7	0.018556832	0.031387935	2.0436002
-6.0178766e-7	-4.2873473e-7	0.018590084	0.031443385	2.0472543
-6.0286285e-7	-4.2950074e-7	0.018623369	0.031498889	2.0509121
-6.0393913e-7	-4.3026751e-7	0.018656688	0.031554446	2.0545735
-6.0501648e-7	-4.3103506e-7	0.018690041	0.031610056	2.0582386
-6.0609491e-7	-4.3180337e-7	0.018723427	0.03166572	2.0619074
-6.0717442e-7	-4.3257245e-7	0.018756848	0.031721437	2.0655798
-6.0825501e-7	-4.333423e-7	0.018790301	0.031777207	2.0692559
-6.0933668e-7	-4.3411292e-7	0.018823789	0.031833031	2.0729357
-6.1041943e-7	-4.3488431e-7	0.01885731	0.031888908	2.0766192
-6.1150326e-7	-4.3565647e-7	0.018890865	0.031944838	2.0803063
-6.1258817e-7	-4.3642939e-7	0.018924453	0.032000822	2.0839971
-6.1367416e-7	-4.3720309e-7	0.018958076	0.032056859	2.0876916
-6.1476122e-7	-4.3797755e-7	0.018991731	0.032112949	2.0913898
-6.1584937e-7	-4.3875279e-7	0.019025421	0.032169093	2.0950916
-6.1693859e-7	-4.3952879e-7	0.019059144	0.03222529	2.0987971
-6.180289e-7	-4.4030556e-7	0.019092901	0.03228154	2.1025063
-6.1912028e-7	-4.410831e-7	0.019126692	0.032337843	2.1062191
-6.2021275e-7	-4.4186141e-7	0.019160516	0.0323942	2.1099356
-6.2130629e-7	-4.4264049e-7	0.019194374	0.03245061	2.1136558
-6.2240091e-7	-4.4342034e-7	0.019228266	0.032507073	2.1173796
-6.2349661e-7	-4.4420095e-7	0.019262191	0.032563589	2.1211072
-6.245934e-7	-4.4498234e-7	0.019296151	0.032620159	2.1248384
-6.2569126e-7	-4.457645e-7	0.019330143	0.032676782	2.1285733
-6.267902e-7	-4.4654742e-7	0.01936417	0.032733458	2.1323118
-6.2789022e-7	-4.4733111e-7	0.01939823	0.032790187	2.136054
-6.2899132e-7	-4.4811558e-7	0.019432324	0.03284697	2.1397999
-6.300935e-7	-4.4890081e-7	0.019466452	0.032903806	2.1435495
-6.3119676e-7	-4.4968681e-7	0.019500613	0.032960695	2.1473027
-6.323011e-7	-4.5047358e-7	0.019534808	0.033017637	2.1510596
-6.3340652e-7	-4.5126112e-7	0.019569037	0.033074633	2.1548202
-6.3451302e-7	-4.5204943e-7	0.0196033	0.033131681	2.1585845
-6.356206e-7	-4.5283851e-7	0.019637596	0.033188783	2.1623524
-6.3672926e-7	-4.5362836e-7	0.019671926	0.033245938	2.166124
-6.37839e-7	-4.5441897e-7	0.01970629	0.033303147	2.1698993
-6.3894982e-7	-4.5521036e-7	0.019740687	0.033360408	2.1736783
-6.4006171e-7	-4.5600252e-7	0.019775118	0.033417723	2.1774609
-6.4117469e-7	-4.5679544e-7	0.019809583	0.03347509	2.1812472
-6.4228875e-7	-4.5758914e-7	0.019844082	0.033532511	2.1850372
-6.4340389e-7	-4.583836e-7	0.019878614	0.033589985	2.1888308
-6.4452011e-7	-4.5917883e-7	0.01991318	0.033647512	2.1926282
-6.4563741e-7	-4.5997484e-7	0.01994778	0.033705093	2.1964291
-6.4675578e-7	-4.6077161e-7	0.019982413	0.033762726	2.2002338
-6.4787524e-7	-4.6156915e-7	0.02001708	0.033820413	2.2040422
-6.4899578e-7	-4.6236746e-7	0.020051781	0.033878152	2.2078542
-6.501174e-7	-4.6316654e-7	0.020086516	0.033935945	2.2116699
-6.512401e-7	-4.6396639e-7	0.020121284	0.033993791	2.2154892
-6.5236387e-7	-4.6476701e-7	0.020156087	0.03405169	2.2193123
-6.5348873e-7	-4.655684e-7	0.020190922	0.034109642	2.223139
-6.5461467e-7	-4.6637055e-7	0.020225792	0.034167647	2.2269694
-6.5574169e-7	-4.6717348e-7	0.020260695	0.034225705	2.2308035
-6.5686978e-7	-4.6797718e-7	0.020295632	0.034283816	2.2346412
-6.5799896e-7	-4.6878164e-7	0.020330603	0.034341981	2.2384826
-6.5912922e-7	-4.6958688e-7	0.020365608	0.034400198	2.2423277
-6.6026056e-7	-4.7039288e-7	0.020400646	0.034458469	2.2461764
-6.6139297e-7	-4.7119966e-7	0.020435718	0.034516792	2.2500289
-6.6252647e-7	-4.720072e-7	0.020470824	0.034575169	2.253885
-6.6366105e-7	-4.7281551e-7	0.020505963	0.034633598	2.2577448
-6.6479671e-7	-4.736246e-7	0.020541137	0.034692081	2.2616082
-6.6593344e-7	-4.7443445e-7	0.020576344	0.034750616	2.2654753
-6.6707126e-7	-4.7524507e-7	0.020611585	0.034809205	2.2693461
-6.6821016e-7	-4.7605646e-7	0.020646859	0.034867846	2.2732206
-6.6935013e-7	-4.7686862e-7	0.020682167	0.034926541	2.2770988
-6.7049119e-7	-4.7768155e-7	0.020717509	0.034985288	2.2809806
-6.7163333e-7	-4.7849525e-7	0.020752885	0.035044089	2.2848661
-6.7277654e-7	-4.7930971e-7	0.020788294	0.035102942	2.2887553
-6.7392084e-7	-4.8012495e-7	0.020823738	0.035161849	2.2926481
-6.7506622e-7	-4.8094096e-7	0.020859215	0.035220808	2.2965446
-6.7621267e-7	-4.8175773e-7	0.020894725	0.03527982	2.3004448
-6.7736021e-7	-4.8257528e-7	0.02093027	0.035338885	2.3043487
-6.7850882e-7	-4.8339359e-7	0.020965848	0.035398004	2.3082562
-6.7965852e-7	-4.8421268e-7	0.02100146	0.035457175	2.3121674
-6.808093e-7	-4.8503253e-7	0.021037106	0.035516399	2.3160823
-6.8196115e-7	-4.8585315e-7	0.021072785	0.035575675	2.3200009
-6.8311409e-7	-4.8667454e-7	0.021108499	0.035635005	2.3239231
-6.842681e-7	-4.874967e-7	0.021144246	0.035694388	2.327849
-6.854232e-7	-4.8831963e-7	0.021180026	0.035753823	2.3317786
-6.8657937e-7	-4.8914333e-7	0.021215841	0.035813312	2.3357119
-6.8773662e-7	-4.899678e-7	0.021251689	0.035872853	2.3396488
-6.8889496e-7	-4.9079304e-7	0.021287571	0.035932447	2.3435894
-6.9005437e-7	-4.9161905e-7	0.021323487	0.035992094	2.3475336
-6.9121486e-7	-4.9244582e-7	0.021359437	0.036051794	2.3514816
-6.9237644e-7	-4.9327337e-7	0.02139542	0.036111547	2.3554332
-6.9353909e-7	-4.9410168e-7	0.021431437	0.036171352	2.3593885
-6.9470282e-7	-4.9493077e-7	0.021467488	0.03623121	2.3633475
-6.9586763e-7	-4.9576062e-7	0.021503572	0.036291121	2.3673101
-6.9703352e-7	-4.9659124e-7	0.021539691	0.036351085	2.3712764
-6.9820049e-7	-4.9742263e-7	0.021575843	0.036411102	2.3752464
-6.9936854e-7	-4.9825479e-7	0.021612028	0.036471171	2.37922
-7.0053767e-7	-4.9908772e-7	0.021648248	0.036531293	2.3831974
-7.0170788e-7	-4.9992142e-7	0.021684501	0.036591468	2.3871784
-7.0287917e-7	-5.0075588e-7	0.021720788	0.036651696	2.391163
-7.0405154e-7	-5.0159112e-7	0.021757109	0.036711977	2.3951514
-7.0522498e-7	-5.0242712e-7	0.021793464	0.03677231	2.3991434
-7.0639951e-7	-5.032639e-7	0.021829852	0.036832696	2.4031391
-7.0757511e-7	-5.0410144e-7	0.021866274	0.036893134	2.4071384
-7.087518e-7	-5.0493975e-7	0.02190273	0.036953626	2.4111414
-7.0992956e-7	-5.0577883e-7	0.02193922	0.03701417	2.4151481
-7.111084e-7	-5.0661868e-7	0.021975743	0.037074766	2.4191585
-7.1228833e-7	-5.074593e-7	0.0220123	0.037135416	2.4231726
-7.1346933e-7	-5.0830069e-7	0.022048891	0.037196118	2.4271903
-7.1465141e-7	-5.0914284e-7	0.022085516	0.037256873	2.4312116
-7.1583457e-7	-5.0998577e-7	0.022122174	0.03731768	2.4352367
-7.1701881e-7	-5.1082946e-7	0.022158867	0.03737854	2.4392654
-7.1820412e-7	-5.1167392e-7	0.022195592	0.037439453	2.4432978
-7.1939052e-7	-5.1251915e-7	0.022232352	0.037500418	2.4473339
-7.2057799e-7	-5.1336515e-7	0.022269146	0.037561436	2.4513736
-7.2176655e-7	-5.1421192e-7	0.022305973	0.037622506	2.455417
-7.2295618e-7	-5.1505945e-7	0.022342834	0.03768363	2.4594641
-7.2414689e-7	-5.1590776e-7	0.022379728	0.037744805	2.4635149
-7.2533868e-7	-5.1675683e-7	0.022416657	0.037806034	2.4675693
-7.2653155e-7	-5.1760667e-7	0.022453619	0.037867314	2.4716274
-7.277255e-7	-5.1845728e-7	0.022490615	0.037928648	2.4756891
-7.2892052e-7	-5.1930866e-7	0.022527645	0.037990034	2.4797545
-7.3011663e-7	-5.2016081e-7	0.022564708	0.038051472	2.4838236
-7.3131381e-7	-5.2101372e-7	0.022601805	0.038112963	2.4878964
-7.3251207e-7	-5.2186741e-7	0.022638936	0.038174507	2.4919728
-7.3371141e-7	-5.2272186e-7	0.022676101	0.038236103	2.4960529
-7.3491183e-7	-5.2357708e-7	0.0227133	0.038297752	2.5001367
-7.3611333e-7	-5.2443307e-7	0.022750532	0.038359453	2.5042241
-7.373159e-7	-5.2528982e-7	0.022787798	0.038421206	2.5083152
-7.3851955e-7	-5.2614735e-7	0.022825097	0.038483012	2.51241
-7.3972428e-7	-5.2700564e-7	0.022862431	0.038544871	2.5165084
-7.4093009e-7	-5.278647e-7	0.022899798	0.038606782	2.5206105
-7.4213698e-7	-5.2872453e-7	0.022937199	0.038668745	2.5247163
-7.4334494e-7	-5.2958513e-7	0.022974634	0.038730761	2.5288258
-7.4455399e-7	-5.3044649e-7	0.023012102	0.038792829	2.5329389
-7.4576411e-7	-5.3130863e-7	0.023049604	0.03885495	2.5370556
-7.4697531e-7	-5.3217153e-7	0.02308714	0.038917123	2.5411761
-7.4818758e-7	-5.3303519e-7	0.02312471	0.038979348	2.5453002
-7.4940094e-7	-5.3389963e-7	0.023162313	0.039041626	2.549428
-7.5061537e-7	-5.3476484e-7	0.023199951	0.039103956	2.5535594
-7.5183088e-7	-5.3563081e-7	0.023237622	0.039166339	2.5576945
-7.5304747e-7	-5.3649755e-7	0.023275326	0.039228774	2.5618333
-7.5426513e-7	-5.3736505e-7	0.023313065	0.039291261	2.5659757
-7.5548387e-7	-5.3823333e-7	0.023350837	0.039353801	2.5701218
-7.5670369e-7	-5.3910237e-7	0.023388643	0.039416393	2.5742716
-7.5792459e-7	-5.3997218e-7	0.023426482	0.039479037	2.578425
-7.5914656e-7	-5.4084276e-7	0.023464355	0.039541733	2.5825821
-7.6036961e-7	-5.417141e-7	0.023502262	0.039604482	2.5867429
-7.6159374e-7	-5.4258621e-7	0.023540203	0.039667283	2.5909073
-7.6281895e-7	-5.4345909e-7	0.023578178	0.039730137	2.5950754
-7.6404523e-7	-5.4433274e-7	0.023616186	0.039793042	2.5992472
-7.6527259e-7	-5.4520715e-7	0.023654228	0.039856	2.6034226
-7.6650102e-7	-5.4608233e-7	0.023692304	0.03991901	2.6076017
-7.6773054e-7	-5.4695828e-7	0.023730413	0.039982072	2.6117844
-7.6896113e-7	-5.47835e-7	0.023768556	0.040045187	2.6159708
-7.7019279e-7	-5.4871248e-7	0.023806733	0.040108354	2.6201609
-7.7142553e-7	-5.4959073e-7	0.023844944	0.040171573	2.6243546
-7.7265935e-7	-5.5046975e-7	0.023883188	0.040234844	2.628552
-7.7389425e-7	-5.5134953e-7	0.023921466	0.040298167	2.6327531
-7.7513022e-7	-5.5223008e-7	0.023959778	0.040361542	2.6369578
-7.7636727e-7	-5.531114e-7	0.023998124	0.04042497	2.6411662
-7.7760539e-7	-5.5399348e-7	0.024036503	0.04048845	2.6453782
-7.7884459e-7	-5.5487633e-7	0.024074916	0.040551981	2.649594
-7.8008487e-7	-5.5575995e-7	0.024113363	0.040615565	2.6538133
-7.8132622e-7	-5.5664433e-7	0.024151843	0.040679201	2.6580363
-7.8256865e-7	-5.5752948e-7	0.024190357	0.040742889	2.662263
-7.8381215e-7	-5.5841539e-7	0.024228905	0.04080663	2.6664934
-7.8505673e-7	-5.5930208e-7	0.024267486	0.040870422	2.6707274
-7.8630239e-7	-5.6018953e-7	0.024306102	0.040934266	2.674965
-7.8754912e-7	-5.6107774e-7	0.024344751	0.040998162	2.6792064
-7.8879693e-7	-5.6196672e-7	0.024383433	0.041062111	2.6834513
-7.9004581e-7	-5.6285647e-7	0.02442215	0.041126111	2.6877
-7.9129577e-7	-5.6374698e-7	0.0244609	0.041190164	2.6919523
-7.925468e-7	-5.6463826e-7	0.024499683	0.041254268	2.6962082
-7.9379891e-7	-5.6553031e-7	0.024538501	0.041318424	2.7004679
-7.9505209e-7	-5.6642312e-7	0.024577352	0.041382633	2.7047311
-7.9630635e-7	-5.673167e-7	0.024616237	0.041446893	2.7089981
-7.9756168e-7	-5.6821104e-7	0.024655155	0.041511205	2.7132686
-7.9881809e-7	-5.6910615e-7	0.024694108	0.04157557	2.7175429
-8.0007558e-7	-5.7000203e-7	0.024733093	0.041639986	2.7218208
-8.0133413e-7	-5.7089867e-7	0.024772113	0.041704454	2.7261023
-8.0259377e-7	-5.7179608e-7	0.024811166	0.041768974	2.7303876
-8.0385447e-7	-5.7269425e-7	0.024850253	0.041833546	2.7346764
-8.0511625e-7	-5.7359318e-7	0.024889374	0.041898169	2.7389689
-8.0637911e-7	-5.7449289e-7	0.024928529	0.041962845	2.7432651
-8.0764304e-7	-5.7539336e-7	0.024967717	0.042027572	2.747565
-8.0890804e-7	-5.7629459e-7	0.025006938	0.042092352	2.7518684
-8.1017412e-7	-5.7719659e-7	0.025046194	0.042157183	2.7561756
-8.1144127e-7	-5.7809935e-7	0.025085483	0.042222066	2.7604864
-8.127095e-7	-5.7900288e-7	0.025124806	0.042287	2.7648008
-8.139788e-7	-5.7990717e-7	0.025164162	0.042351987	2.7691189
-8.1524917e-7	-5.8081223e-7	0.025203552	0.042417025	2.7734407
-8.1652062e-7	-5.8171806e-7	0.025242976	0.042482115	2.7777661
-8.1779314e-7	-5.8262465e-7	0.025282433	0.042547257	2.7820951
-8.1906673e-7	-5.83532e-7	0.025321925	0.04261245	2.7864278
-8.203414e-7	-5.8444012e-7	0.025361449	0.042677696	2.7907642
-8.2161714e-7	-5.85349e-7	0.025401008	0.042742993	2.7951042
-8.2289395e-7	-5.8625865e-7	0.0254406	0.042808341	2.7994479
-8.2417184e-7	-5.8716906e-7	0.025480226	0.042873742	2.8037952
-8.254508e-7	-5.8808023e-7	0.025519885	0.042939194	2.8081462
-8.2673083e-7	-5.8899217e-7	0.025559578	0.043004698	2.8125008
-8.2801194e-7	-5.8990488e-7	0.025599305	0.043070253	2.816859
-8.2929412e-7	-5.9081835e-7	0.025639065	0.04313586	2.8212209
-8.3057737e-7	-5.9173258e-7	0.025678859	0.043201519	2.8255865
-8.3186169e-7	-5.9264758e-7	0.025718687	0.043267229	2.8299557
-8.3314708e-7	-5.9356334e-7	0.025758548	0.043332991	2.8343286
-8.3443355e-7	-5.9447986e-7	0.025798443	0.043398804	2.8387051
-8.3572109e-7	-5.9539715e-7	0.025838372	0.043464669	2.8430852
-8.370097e-7	-5.963152e-7	0.025878334	0.043530586	2.847469
-8.3829938e-7	-5.9723402e-7	0.02591833	0.043596554	2.8518565
-8.3959014e-7	-5.981536e-7	0.025958359	0.043662574	2.8562475
-8.4088197e-7	-5.9907394e-7	0.025998422	0.043728645	2.8606423
-8.4217486e-7	-5.9999504e-7	0.026038519	0.043794768	2.8650407
-8.4346883e-7	-6.0091691e-7	0.02607865	0.043860942	2.8694427
-8.4476387e-7	-6.0183955e-7	0.026118814	0.043927168	2.8738484
-8.4605999e-7	-6.0276294e-7	0.026159011	0.043993445	2.8782577
-8.4735717e-7	-6.036871e-7	0.026199242	0.044059773	2.8826706
-8.4865542e-7	-6.0461202e-7	0.026239507	0.044126153	2.8870872
-8.4995475e-7	-6.0553771e-7	0.026279806	0.044192585	2.8915075
-8.5125515e-7	-6.0646416e-7	0.026320138	0.044259068	2.8959314
-8.5255661e-7	-6.0739137e-7	0.026360504	0.044325602	2.9003589
-8.5385915e-7	-6.0831934e-7	0.026400903	0.044392188	2.9047901
-8.5516276e-7	-6.0924808e-7	0.026441336	0.044458825	2.9092249
-8.5646744e-7	-6.1017758e-7	0.026481802	0.044525513	2.9136633
-8.5777318e-7	-6.1110784e-7	0.026522302	0.044592253	2.9181054
-8.5908e-7	-6.1203886e-7	0.026562836	0.044659044	2.9225512
-8.6038789e-7	-6.1297065e-7	0.026603403	0.044725887	2.9270005
-8.6169685e-7	-6.1390319e-7	0.026644004	0.04479278	2.9314536
-8.6300688e-7	-6.148365e-7	0.026684639	0.044859725	2.9359102
-8.6431797e-7	-6.1577058e-7	0.026725307	0.044926722	2.9403705
-8.6563014e-7	-6.1670541e-7	0.026766008	0.044993769	2.9448344
-8.6694338e-7	-6.1764101e-7	0.026806744	0.045060868	2.949302
-8.6825768e-7	-6.1857736e-7	0.026847512	0.045128018	2.9537732
-8.6957306e-7	-6.1951448e-7	0.026888315	0.04519522	2.9582481
-8.708895e-7	-6.2045236e-7	0.026929151	0.045262472	2.9627266
-8.7220702e-7	-6.2139101e-7	0.02697002	0.045329776	2.9672087
-8.735256e-7	-6.2233041e-7	0.027010923	0.045397131	2.9716944
-8.7484525e-7	-6.2327058e-7	0.02705186	0.045464537	2.9761838
-8.7616597e-7	-6.242115e-7	0.02709283	0.045531994	2.9806768
-8.7748775e-7	-6.2515319e-7	0.027133834	0.045599502	2.9851735
-8.7881061e-7	-6.2609564e-7	0.027174871	0.045667062	2.9896738
-8.8013453e-7	-6.2703885e-7	0.027215942	0.045734672	2.9941777
-8.8145952e-7	-6.2798282e-7	0.027257047	0.045802334	2.9986853
-8.8278558e-7	-6.2892755e-7	0.027298185	0.045870047	3.0031965
-8.8411271e-7	-6.2987304e-7	0.027339356	0.04593781	3.0077113
-8.854409e-7	-6.308193e-7	0.027380561	0.046005625	3.0122298
-8.8677016e-7	-6.3176631e-7	0.0274218	0.046073491	3.0167518
-8.8810049e-7	-6.3271408e-7	0.027463072	0.046141408	3.0212776
-8.8943189e-7	-6.3366262e-7	0.027504378	0.046209376	3.0258069
-8.9076435e-7	-6.3461191e-7	0.027545717	0.046277395	3.0303399
-8.9209789e-7	-6.3556196e-7	0.027587089	0.046345465	3.0348765
-8.9343248e-7	-6.3651278e-7	0.027628496	0.046413586	3.0394168
-8.9476815e-7	-6.3746435e-7	0.027669935	0.046481758	3.0439606
-8.9610488e-7	-6.3841669e-7	0.027711409	0.04654998	3.0485081
-8.9744267e-7	-6.3936978e-7	0.027752915	0.046618254	3.0530592
-8.9878154e-7	-6.4032363e-7	0.027794456	0.046686579	3.057614
-9.0012147e-7	-6.4127825e-7	0.02783603	0.046754954	3.0621724
-9.0146246e-7	-6.4223362e-7	0.027877637	0.046823381	3.0667344
-9.0280452e-7	-6.4318975e-7	0.027919278	0.046891858	3.0713
-9.0414765e-7	-6.4414664e-7	0.027960952	0.046960386	3.0758693
-9.0549184e-7	-6.4510429e-7	0.02800266	0.047028965	3.0804421
-9.068371e-7	-6.460627e-7	0.028044401	0.047097594	3.0850187
-9.0818342e-7	-6.4702187e-7	0.028086176	0.047166275	3.0895988
-9.0953081e-7	-6.479818e-7	0.028127984	0.047235006	3.0941825
-9.1087927e-7	-6.4894248e-7	0.028169826	0.047303788	3.0987699
-9.1222878e-7	-6.4990392e-7	0.028211701	0.047372621	3.1033609
-9.1357937e-7	-6.5086613e-7	0.02825361	0.047441505	3.1079555
-9.1493101e-7	-6.5182909e-7	0.028295552	0.047510439	3.1125538
-9.1628373e-7	-6.5279281e-7	0.028337528	0.047579424	3.1171556
-9.176375e-7	-6.5375729e-7	0.028379537	0.04764846	3.1217611
-9.1899234e-7	-6.5472252e-7	0.028421579	0.047717546	3.1263702
-9.2034825e-7	-6.5568852e-7	0.028463655	0.047786683	3.130983
-9.2170521e-7	-6.5665527e-7	0.028505765	0.047855871	3.1355993
-9.2306325e-7	-6.5762278e-7	0.028547908	0.047925109	3.1402193
-9.2442234e-7	-6.5859104e-7	0.028590084	0.047994398	3.1448428
-9.257825e-7	-6.5956007e-7	0.028632294	0.048063737	3.14947
-9.2714372e-7	-6.6052985e-7	0.028674537	0.048133128	3.1541008
-9.28506e-7	-6.6150039e-7	0.028716814	0.048202568	3.1587353
-9.2986935e-7	-6.6247169e-7	0.028759124	0.04827206	3.1633733
-9.3123376e-7	-6.6344374e-7	0.028801467	0.048341601	3.168015
-9.3259924e-7	-6.6441655e-7	0.028843844	0.048411194	3.1726603
-9.3396577e-7	-6.6539012e-7	0.028886255	0.048480836	3.1773092
-9.3533337e-7	-6.6636445e-7	0.028928698	0.04855053	3.1819617
-9.3670203e-7	-6.6733953e-7	0.028971176	0.048620273	3.1866178
-9.3807175e-7	-6.6831537e-7	0.029013686	0.048690068	3.1912775
-9.3944253e-7	-6.6929196e-7	0.02905623	0.048759912	3.1959409
-9.4081438e-7	-6.7026931e-7	0.029098808	0.048829808	3.2006078
-9.4218729e-7	-6.7124742e-7	0.029141419	0.048899753	3.2052784
-9.4356125e-7	-6.7222628e-7	0.029184063	0.048969749	3.2099526
-9.4493628e-7	-6.732059e-7	0.02922674	0.049039795	3.2146303
-9.4631237e-7	-6.7418628e-7	0.029269451	0.049109892	3.2193117
-9.4768952e-7	-6.7516741e-7	0.029312196	0.049180039	3.2239967
-9.4906774e-7	-6.7614929e-7	0.029354974	0.049250236	3.2286854
-9.5044701e-7	-6.7713194e-7	0.029397785	0.049320484	3.2333776
-9.5182734e-7	-6.7811533e-7	0.029440629	0.049390782	3.2380734
-9.5320873e-7	-6.7909949e-7	0.029483507	0.04946113	3.2427728
-9.5459119e-7	-6.8008439e-7	0.029526418	0.049531529	3.2474759
-9.559747e-7	-6.8107006e-7	0.029569363	0.049601977	3.2521825
-9.5735927e-7	-6.8205648e-7	0.029612341	0.049672476	3.2568928
-9.587449e-7	-6.8304365e-7	0.029655352	0.049743026	3.2616066
-9.601316e-7	-6.8403158e-7	0.029698397	0.049813625	3.2663241
-9.6151935e-7	-6.8502026e-7	0.029741475	0.049884275	3.2710452
-9.6290816e-7	-6.860097e-7	0.029784586	0.049954974	3.2757698
-9.6429803e-7	-6.8699989e-7	0.029827731	0.050025724	3.2804981
-9.6568895e-7	-6.8799083e-7	0.029870909	0.050096524	3.28523
-9.6708094e-7	-6.8898253e-7	0.02991412	0.050167374	3.2899655
-9.6847398e-7	-6.8997499e-7	0.029957365	0.050238275	3.2947045
-9.6986808e-7	-6.9096819e-7	0.030000643	0.050309225	3.2994472
-9.7126324e-7	-6.9196216e-7	0.030043954	0.050380225	3.3041935
-9.7265946e-7	-6.9295687e-7	0.030087299	0.050451276	3.3089433
-9.7405674e-7	-6.9395234e-7	0.030130677	0.050522376	3.3136968
-9.7545507e-7	-6.9494856e-7	0.030174088	0.050593527	3.3184539
-9.7685446e-7	-6.9594554e-7	0.030217533	0.050664727	3.3232145
-9.7825491e-7	-6.9694326e-7	0.03026101	0.050735978	3.3279788
-9.7965641e-7	-6.9794175e-7	0.030304522	0.050807278	3.3327467
-9.8105898e-7	-6.9894098e-7	0.030348066	0.050878629	3.3375181
-9.8246259e-7	-6.9994097e-7	0.030391644	0.050950029	3.3422931
-9.8386727e-7	-7.0094171e-7	0.030435255	0.051021479	3.3470718
-9.85273e-7	-7.019432e-7	0.030478899	0.05109298	3.351854
-9.8667979e-7	-7.0294544e-7	0.030522576	0.05116453	3.3566398
-9.8808763e-7	-7.0394844e-7	0.030566287	0.051236129	3.3614293
-9.8949653e-7	-7.0495219e-7	0.030610031	0.051307779	3.3662223
-9.9090648e-7	-7.0595669e-7	0.030653808	0.051379479	3.3710189
-9.9231749e-7	-7.0696194e-7	0.030697619	0.051451228	3.3758191
-9.9372955e-7	-7.0796795e-7	0.030741463	0.051523027	3.3806228
-9.9514267e-7	-7.089747e-7	0.03078534	0.051594876	3.3854302
-9.9655685e-7	-7.0998221e-7	0.03082925	0.051666775	3.3902412
-9.9797208e-7	-7.1099047e-7	0.030873193	0.051738724	3.3950557
-9.9938836e-7	-7.1199948e-7	0.03091717	0.051810722	3.3998738
-0.0000010008057	-7.1300924e-7	0.03096118	0.05188277	3.4046955
-0.0000010022241	-7.1401975e-7	0.031005223	0.051954867	3.4095209
-0.0000010036435	-7.1503101e-7	0.031049299	0.052027015	3.4143497
-0.000001005064	-7.1604303e-7	0.031093409	0.052099211	3.4191822
-0.0000010064856	-7.1705579e-7	0.031137552	0.052171458	3.4240183
-0.0000010079082	-7.180693e-7	0.031181728	0.052243754	3.4288579
-0.0000010093318	-7.1908357e-7	0.031225937	0.0523161	3.4337011
-0.0000010107566	-7.2009858e-7	0.031270179	0.052388495	3.4385479
-0.0000010121823	-7.2111435e-7	0.031314455	0.05246094	3.4433983
-0.0000010136091	-7.2213086e-7	0.031358763	0.052533435	3.4482523
-0.000001015037	-7.2314813e-7	0.031403105	0.052605979	3.4531098
-0.0000010164659	-7.2416614e-7	0.03144748	0.052678572	3.457971
-0.0000010178959	-7.251849e-7	0.031491889	0.052751215	3.4628357
-0.0000010193269	-7.2620442e-7	0.03153633	0.052823908	3.4677039
-0.000001020759	-7.2722468e-7	0.031580804	0.05289665	3.4725758
-0.0000010221921	-7.2824569e-7	0.031625312	0.052969441	3.4774512
-0.0000010236263	-7.2926745e-7	0.031669853	0.053042282	3.4823302
-0.0000010250615	-7.3028996e-7	0.031714427	0.053115172	3.4872128
-0.0000010264978	-7.3131321e-7	0.031759034	0.053188112	3.492099
-0.0000010279352	-7.3233722e-7	0.031803674	0.053261101	3.4969887
-0.0000010293735	-7.3336197e-7	0.031848348	0.053334139	3.501882
-0.000001030813	-7.3438748e-7	0.031893054	0.053407227	3.5067789
-0.0000010322534	-7.3541373e-7	0.031937794	0.053480364	3.5116794
-0.000001033695	-7.3644072e-7	0.031982566	0.05355355	3.5165834
-0.0000010351376	-7.3746847e-7	0.032027372	0.053626786	3.521491
-0.0000010365812	-7.3849696e-7	0.032072211	0.053700071	3.5264022
-0.0000010380259	-7.395262e-7	0.032117083	0.053773405	3.5313169
-0.0000010394716	-7.4055619e-7	0.032161988	0.053846788	3.5362352
-0.0000010409184	-7.4158692e-7	0.032206927	0.053920221	3.5411571
-0.0000010423662	-7.4261841e-7	0.032251898	0.053993702	3.5460825
-0.0000010438151	-7.4365064e-7	0.032296902	0.054067233	3.5510115
-0.000001045265	-7.4468361e-7	0.03234194	0.054140813	3.5559441
-0.000001046716	-7.4571733e-7	0.03238701	0.054214442	3.5608802
-0.000001048168	-7.467518e-7	0.032432114	0.054288121	3.5658199
-0.0000010496211	-7.4778702e-7	0.03247725	0.054361848	3.5707632
-0.0000010510752	-7.4882298e-7	0.03252242	0.054435624	3.57571
-0.0000010525303	-7.4985968e-7	0.032567623	0.05450945	3.5806604
-0.0000010539865	-7.5089714e-7	0.032612858	0.054583324	3.5856143
-0.0000010554438	-7.5193534e-7	0.032658127	0.054657248	3.5905718
-0.0000010569021	-7.5297428e-7	0.032703429	0.054731221	3.5955329
-0.0000010583614	-7.5401397e-7	0.032748764	0.054805242	3.6004975
-0.0000010598218	-7.550544e-7	0.032794132	0.054879313	3.6054657
-0.0000010612833	-7.5609558e-7	0.032839533	0.054953432	3.6104375
-0.0000010627457	-7.5713751e-7	0.032884967	0.0550276	3.6154128
-0.0000010642093	-7.5818018e-7	0.032930433	0.055101818	3.6203916
-0.0000010656738	-7.5922359e-7	0.032975933	0.055176084	3.625374
-0.0000010671395	-7.6026775e-7	0.033021466	0.055250399	3.63036
-0.0000010686061	-7.6131265e-7	0.033067032	0.055324763	3.6353495
-0.0000010700738	-7.623583e-7	0.033112631	0.055399175	3.6403426
-0.0000010715426	-7.6340469e-7	0.033158263	0.055473637	3.6453392
-0.0000010730124	-7.6445183e-7	0.033203927	0.055548147	3.6503394
-0.0000010744832	-7.654997e-7	0.033249625	0.055622706	3.6553431
-0.0000010759551	-7.6654832e-7	0.033295356	0.055697314	3.6603504
-0.000001077428	-7.6759769e-7	0.033341119	0.055771971	3.6653613
-0.000001078902	-7.686478e-7	0.033386916	0.055846676	3.6703756
-0.000001080377	-7.6969865e-7	0.033432746	0.05592143	3.6753936
-0.0000010818531	-7.7075024e-7	0.033478608	0.055996233	3.680415
-0.0000010833302	-7.7180258e-7	0.033524503	0.056071084	3.6854401
-0.0000010848083	-7.7285566e-7	0.033570432	0.056145984	3.6904686
-0.0000010862875	-7.7390948e-7	0.033616393	0.056220933	3.6955007
-0.0000010877677	-7.7496405e-7	0.033662387	0.05629593	3.7005364
-0.000001089249	-7.7601935e-7	0.033708414	0.056370975	3.7055756
-0.0000010907313	-7.770754e-7	0.033754474	0.05644607	3.7106184
-0.0000010922146	-7.7813219e-7	0.033800567	0.056521213	3.7156646
-0.000001093699	-7.7918973e-7	0.033846693	0.056596404	3.7207145
-0.0000010951845	-7.80248e-7	0.033892851	0.056671644	3.7257678
-0.0000010966709	-7.8130701e-7	0.033939043	0.056746932	3.7308247
-0.0000010981584	-7.8236677e-7	0.033985267	0.056822269	3.7358852
-0.000001099647	-7.8342727e-7	0.034031525	0.056897654	3.7409492
-0.0000011011366	-7.844885e-7	0.034077815	0.056973088	3.7460167
-0.0000011026272	-7.8555048e-7	0.034124138	0.05704857	3.7510878
-0.0000011041189	-7.866132e-7	0.034170494	0.0571241	3.7561624
-0.0000011056116	-7.8767666e-7	0.034216882	0.057199679	3.7612405
-0.0000011071054	-7.8874086e-7	0.034263304	0.057275306	3.7663221
-0.0000011086001	-7.898058e-7	0.034309758	0.057350982	3.7714073
-0.000001110096	-7.9087148e-7	0.034356245	0.057426706	3.7764961
-0.0000011115928	-7.9193789e-7	0.034402765	0.057502478	3.7815883
-0.0000011130907	-7.9300505e-7	0.034449318	0.057578298	3.7866841
-0.0000011145897	-7.9407295e-7	0.034495904	0.057654167	3.7917835
-0.0000011160896	-7.9514159e-7	0.034542522	0.057730084	3.7968863
-0.0000011175907	-7.9621096e-7	0.034589173	0.057806049	3.8019927
-0.0000011190927	-7.9728107e-7	0.034635857	0.057882062	3.8071026
-0.0000011205958	-7.9835193e-7	0.034682574	0.057958123	3.812216
-0.0000011220999	-7.9942352e-7	0.034729323	0.058034233	3.817333
-0.0000011236051	-8.0049585e-7	0.034776106	0.05811039	3.8224535
-0.0000011251113	-8.0156892e-7	0.034822921	0.058186596	3.8275775
-0.0000011266185	-8.0264272e-7	0.034869769	0.05826285	3.832705
-0.0000011281268	-8.0371726e-7	0.034916649	0.058339152	3.8378361
-0.0000011296361	-8.0479254e-7	0.034963562	0.058415502	3.8429707
-0.0000011311464	-8.0586856e-7	0.035010509	0.0584919	3.8481088
-0.0000011326578	-8.0694532e-7	0.035057487	0.058568345	3.8532504
-0.0000011341702	-8.0802281e-7	0.035104499	0.058644839	3.8583955
-0.0000011356836	-8.0910104e-7	0.035151543	0.058721381	3.8635442
-0.0000011371981	-8.1018001e-7	0.03519862	0.058797971	3.8686964
-0.0000011387136	-8.1125971e-7	0.03524573	0.058874609	3.8738521
-0.0000011402302	-8.1234015e-7	0.035292872	0.058951294	3.8790113
-0.0000011417478	-8.1342132e-7	0.035340047	0.059028028	3.884174
-0.0000011432664	-8.1450324e-7	0.035387255	0.059104809	3.8893403
-0.000001144786	-8.1558588e-7	0.035434495	0.059181638	3.89451
-0.0000011463067	-8.1666927e-7	0.035481768	0.059258515	3.8996833
-0.0000011478284	-8.1775338e-7	0.035529074	0.05933544	3.9048601
-0.0000011493511	-8.1883824e-7	0.035576413	0.059412413	3.9100404
-0.0000011508749	-8.1992383e-7	0.035623784	0.059489433	3.9152242
-0.0000011523997	-8.2101015e-7	0.035671187	0.059566501	3.9204115
-0.0000011539255	-8.2209721e-7	0.035718624	0.059643617	3.9256023
-0.0000011554524	-8.23185e-7	0.035766093	0.05972078	3.9307966
-0.0000011569803	-8.2427353e-7	0.035813595	0.059797992	3.9359945
-0.0000011585092	-8.2536279e-7	0.035861129	0.05987525	3.9411958
-0.0000011600392	-8.2645279e-7	0.035908696	0.059952557	3.9464007
-0.0000011615702	-8.2754352e-7	0.035956295	0.060029911	3.951609
-0.0000011631022	-8.2863498e-7	0.036003927	0.060107312	3.9568209
-0.0000011646352	-8.2972718e-7	0.036051592	0.060184762	3.9620362
-0.0000011661693	-8.3082011e-7	0.036099289	0.060262258	3.9672551
-0.0000011677044	-8.3191377e-7	0.036147019	0.060339803	3.9724774
-0.0000011692406	-8.3300817e-7	0.036194782	0.060417394	3.9777033
-0.0000011707777	-8.341033e-7	0.036242577	0.060495033	3.9829327
-0.0000011723159	-8.3519916e-7	0.036290404	0.06057272	3.9881655
-0.0000011738551	-8.3629575e-7	0.036338264	0.060650454	3.9934019
-0.0000011753954	-8.3739308e-7	0.036386157	0.060728236	3.9986417
-0.0000011769367	-8.3849114e-7	0.036434082	0.060806065	4.0038851
-0.000001178479	-8.3958993e-7	0.03648204	0.060883941	4.0091319
-0.0000011800223	-8.4068945e-7	0.036530031	0.060961865	4.0143822
-0.0000011815666	-8.417897e-7	0.036578053	0.061039836	4.0196361
-0.000001183112	-8.4289069e-7	0.036626109	0.061117854	4.0248934
-0.0000011846584	-8.439924e-7	0.036674197	0.06119592	4.0301542
-0.0000011862059	-8.4509485e-7	0.036722317	0.061274032	4.0354185
-0.0000011877543	-8.4619803e-7	0.03677047	0.061352192	4.0406863
-0.0000011893038	-8.4730193e-7	0.036818655	0.0614304	4.0459576
-0.0000011908543	-8.4840657e-7	0.036866873	0.061508654	4.0512323
-0.0000011924059	-8.4951194e-7	0.036915123	0.061586956	4.0565106
-0.0000011939584	-8.5061804e-7	0.036963406	0.061665305	4.0617923
-0.000001195512	-8.5172487e-7	0.037011721	0.061743701	4.0670775
-0.0000011970666	-8.5283242e-7	0.037060069	0.061822144	4.0723663
-0.0000011986222	-8.5394071e-7	0.037108449	0.061900634	4.0776584
-0.0000012001789	-8.5504973e-7	0.037156862	0.061979171	4.0829541
-0.0000012017366	-8.5615947e-7	0.037205307	0.062057756	4.0882533
-0.0000012032953	-8.5726995e-7	0.037253784	0.062136387	4.0935559
-0.000001204855	-8.5838115e-7	0.037302294	0.062215065	4.098862
-0.0000012064157	-8.5949308e-7	0.037350836	0.062293791	4.1041716
-0.0000012079775	-8.6060574e-7	0.037399411	0.062372563	4.1094847
-0.0000012095403	-8.6171913e-7	0.037448018	0.062451382	4.1148012
-0.0000012111041	-8.6283324e-7	0.037496658	0.062530248	4.1201212
-0.000001212669	-8.6394809e-7	0.037545329	0.062609162	4.1254447
-0.0000012142348	-8.6506366e-7	0.037594034	0.062688121	4.1307717
-0.0000012158017	-8.6617995e-7	0.03764277	0.062767128	4.1361021
-0.0000012173696	-8.6729698e-7	0.037691539	0.062846182	4.141436
-0.0000012189385	-8.6841473e-7	0.03774034	0.062925282	4.1467734
-0.0000012205084	-8.6953321e-7	0.037789174	0.063004429	4.1521143
-0.0000012220794	-8.7065241e-7	0.03783804	0.063083623	4.1574586
-0.0000012236514	-8.7177234e-7	0.037886938	0.063162864	4.1628064
-0.0000012252244	-8.72893e-7	0.037935869	0.063242152	4.1681577
-0.0000012267984	-8.7401438e-7	0.037984832	0.063321486	4.1735124
-0.0000012283734	-8.7513649e-7	0.038033827	0.063400867	4.1788706
-0.0000012299495	-8.7625932e-7	0.038082855	0.063480294	4.1842322
-0.0000012315265	-8.7738288e-7	0.038131915	0.063559768	4.1895973
-0.0000012331046	-8.7850717e-7	0.038181007	0.063639289	4.1949659
-0.0000012346837	-8.7963218e-7	0.038230131	0.063718856	4.2003379
-0.0000012362638	-8.8075791e-7	0.038279288	0.06379847	4.2057134
-0.000001237845	-8.8188437e-7	0.038328477	0.06387813	4.2110924
-0.0000012394271	-8.8301155e-7	0.038377698	0.063957837	4.2164748
-0.0000012410103	-8.8413946e-7	0.038426952	0.064037591	4.2218607
-0.0000012425945	-8.8526809e-7	0.038476238	0.064117391	4.22725
-0.0000012441797	-8.8639744e-7	0.038525555	0.064197237	4.2326428
-0.0000012457659	-8.8752752e-7	0.038574906	0.06427713	4.238039
-0.0000012473531	-8.8865832e-7	0.038624288	0.064357069	4.2434387
-0.0000012489414	-8.8978984e-7	0.038673703	0.064437054	4.2488419
-0.0000012505306	-8.9092209e-7	0.03872315	0.064517086	4.2542485
-0.0000012521209	-8.9205506e-7	0.038772629	0.064597165	4.2596585
-0.0000012537122	-8.9318875e-7	0.03882214	0.064677289	4.265072
-0.0000012553045	-8.9432316e-7	0.038871683	0.06475746	4.270489
-0.0000012568978	-8.954583e-7	0.038921259	0.064837677	4.2759094
-0.0000012584922	-8.9659416e-7	0.038970867	0.06491794	4.2813332
-0.0000012600875	-8.9773073e-7	0.039020506	0.06499825	4.2867605
-0.0000012616839	-8.9886803e-7	0.039070179	0.065078606	4.2921912
-0.0000012632812	-9.0000606e-7	0.039119883	0.065159008	4.2976254
-0.0000012648796	-9.011448e-7	0.039169619	0.065239456	4.303063
-0.000001266479	-9.0228426e-7	0.039219388	0.06531995	4.3085041
-0.0000012680794	-9.0342445e-7	0.039269188	0.065400491	4.3139486
-0.0000012696808	-9.0456535e-7	0.039319021	0.065481077	4.3193965
-0.0000012712832	-9.0570697e-7	0.039368886	0.06556171	4.3248479
-0.0000012728867	-9.0684932e-7	0.039418783	0.065642388	4.3303027
-0.0000012744911	-9.0799238e-7	0.039468711	0.065723113	4.335761
-0.0000012760966	-9.0913616e-7	0.039518673	0.065803883	4.3412226
-0.000001277703	-9.1028067e-7	0.039568666	0.0658847	4.3466878
-0.0000012793105	-9.1142589e-7	0.039618691	0.065965562	4.3521563
-0.000001280919	-9.1257183e-7	0.039668748	0.066046471	4.3576283
-0.0000012825285	-9.1371849e-7	0.039718838	0.066127425	4.3631037
-0.000001284139	-9.1486586e-7	0.039768959	0.066208425	4.3685826
-0.0000012857505	-9.1601396e-7	0.039819112	0.066289471	4.3740648
-0.000001287363	-9.1716277e-7	0.039869298	0.066370563	4.3795506
-0.0000012889765	-9.183123e-7	0.039919515	0.066451701	4.3850397
-0.0000012905911	-9.1946255e-7	0.039969765	0.066532884	4.3905322
-0.0000012922066	-9.2061352e-7	0.040020046	0.066614114	4.3960282
-0.0000012938232	-9.217652e-7	0.040070359	0.066695389	4.4015276
-0.0000012954407	-9.229176e-7	0.040120705	0.066776709	4.4070305
-0.0000012970593	-9.2407072e-7	0.040171082	0.066858076	4.4125367
-0.0000012986788	-9.2522455e-7	0.040221492	0.066939488	4.4180464
-0.0000013002994	-9.263791e-7	0.040271933	0.067020945	4.4235595
-0.000001301921	-9.2753436e-7	0.040322406	0.067102449	4.429076
-0.0000013035435	-9.2869034e-7	0.040372911	0.067183998	4.434596
-0.0000013051671	-9.2984704e-7	0.040423449	0.067265592	4.4401193
-0.0000013067917	-9.3100445e-7	0.040474018	0.067347232	4.4456461
-0.0000013084173	-9.3216258e-7	0.040524619	0.067428918	4.4511762
-0.0000013100439	-9.3332142e-7	0.040575252	0.067510649	4.4567098
-0.0000013116715	-9.3448098e-7	0.040625917	0.067592425	4.4622468
-0.0000013133001	-9.3564125e-7	0.040676613	0.067674247	4.4677873
-0.0000013149297	-9.3680223e-7	0.040727342	0.067756115	4.4733311
-0.0000013165603	-9.3796393e-7	0.040778102	0.067838027	4.4788783
-0.0000013181919	-9.3912635e-7	0.040828895	0.067919986	4.484429
-0.0000013198245	-9.4028947e-7	0.040879719	0.068001989	4.489983
-0.0000013214581	-9.4145331e-7	0.040930575	0.068084038	4.4955405
-0.0000013230927	-9.4261787e-7	0.040981463	0.068166132	4.5011014
-0.0000013247283	-9.4378313e-7	0.041032383	0.068248272	4.5066656
-0.0000013263649	-9.4494911e-7	0.041083334	0.068330456	4.5122333
-0.0000013280025	-9.461158e-7	0.041134318	0.068412686	4.5178044
-0.0000013296412	-9.4728321e-7	0.041185333	0.068494962	4.5233789
-0.0000013312808	-9.4845132e-7	0.04123638	0.068577282	4.5289567
-0.0000013329214	-9.4962015e-7	0.041287459	0.068659648	4.534538
-0.000001334563	-9.5078969e-7	0.041338569	0.068742058	4.5401227
-0.0000013362056	-9.5195994e-7	0.041389712	0.068824514	4.5457108
-0.0000013378492	-9.531309e-7	0.041440886	0.068907015	4.5513022
-0.0000013394938	-9.5430257e-7	0.041492092	0.068989561	4.5568971
-0.0000013411394	-9.5547495e-7	0.04154333	0.069072152	4.5624953
-0.000001342786	-9.5664805e-7	0.041594599	0.069154788	4.568097
-0.0000013444336	-9.5782185e-7	0.0416459	0.069237469	4.573702
-0.0000013460822	-9.5899636e-7	0.041697233	0.069320195	4.5793104
-0.0000013477318	-9.6017158e-7	0.041748598	0.069402966	4.5849222
-0.0000013493823	-9.6134752e-7	0.041799994	0.069485782	4.5905374
-0.0000013510339	-9.6252416e-7	0.041851422	0.069568643	4.596156
-0.0000013526865	-9.6370151e-7	0.041902882	0.069651549	4.601778
-0.00000135434	-9.6487957e-7	0.041954373	0.069734499	4.6074034
-0.0000013559946	-9.6605834e-7	0.042005896	0.069817495	4.6130321
-0.0000013576502	-9.6723781e-7	0.042057451	0.069900535	4.6186642
-0.0000013593067	-9.68418e-7	0.042109037	0.06998362	4.6242997
-0.0000013609643	-9.6959889e-7	0.042160655	0.070066749	4.6299386
-0.0000013626228	-9.7078049e-7	0.042212305	0.070149924	4.6355809
-0.0000013642823	-9.7196279e-7	0.042263986	0.070233143	4.6412265
-0.0000013659428	-9.7314581e-7	0.042315699	0.070316407	4.6468756
-0.0000013676044	-9.7432953e-7	0.042367443	0.070399715	4.652528
-0.0000013692669	-9.7551396e-7	0.04241922	0.070483068	4.6581837
-0.0000013709304	-9.7669909e-7	0.042471027	0.070566466	4.6638429
-0.0000013725949	-9.7788493e-7	0.042522867	0.070649908	4.6695054
-0.0000013742603	-9.7907148e-7	0.042574738	0.070733395	4.6751713
-0.0000013759268	-9.8025873e-7	0.04262664	0.070816926	4.6808405
-0.0000013775943	-9.8144669e-7	0.042678574	0.070900502	4.6865131
-0.0000013792627	-9.8263535e-7	0.04273054	0.070984123	4.6921891
-0.0000013809322	-9.8382472e-7	0.042782537	0.071067787	4.6978685
-0.0000013826026	-9.8501479e-7	0.042834565	0.071151497	4.7035512
-0.000001384274	-9.8620557e-7	0.042886626	0.07123525	4.7092373
-0.0000013859464	-9.8739705e-7	0.042938717	0.071319048	4.7149268
-0.0000013876198	-9.8858923e-7	0.04299084	0.071402891	4.7206196
-0.0000013892942	-9.8978212e-7	0.043042995	0.071486777	4.7263157
-0.0000013909696	-9.9097572e-7	0.043095181	0.071570708	4.7320153
-0.0000013926459	-9.9217001e-7	0.043147399	0.071654684	4.7377182
-0.0000013943233	-9.9336501e-7	0.043199648	0.071738703	4.7434244
-0.0000013960016	-9.9456071e-7	0.043251929	0.071822767	4.749134
-0.0000013976809	-9.9575712e-7	0.043304241	0.071906875	4.754847
-0.0000013993612	-9.9695423e-7	0.043356584	0.071991027	4.7605633
-0.0000014010425	-9.9815203e-7	0.043408959	0.072075224	4.766283
-0.0000014027248	-9.9935055e-7	0.043461365	0.072159464	4.772006
-0.000001404408	-0.0000010005498	0.043513803	0.072243749	4.7777324
-0.0000014060923	-0.0000010017497	0.043566272	0.072328077	4.7834621
-0.0000014077775	-0.0000010029503	0.043618773	0.07241245	4.7891951
-0.0000014094637	-0.0000010041516	0.043671305	0.072496867	4.7949316
-0.0000014111509	-0.0000010053536	0.043723868	0.072581328	4.8006713
-0.0000014128391	-0.0000010065563	0.043776463	0.072665832	4.8064144
-0.0000014145282	-0.0000010077598	0.043829089	0.072750381	4.8121609
-0.0000014162184	-0.0000010089639	0.043881746	0.072834974	4.8179106
-0.0000014179095	-0.0000010101687	0.043934435	0.07291961	4.8236638
-0.0000014196016	-0.0000010113742	0.043987155	0.073004291	4.8294202
-0.0000014212947	-0.0000010125804	0.044039906	0.073089015	4.8351801
-0.0000014229888	-0.0000010137873	0.044092689	0.073173783	4.8409432
-0.0000014246838	-0.0000010149949	0.044145503	0.073258595	4.8467097
-0.0000014263798	-0.0000010162033	0.044198348	0.073343451	4.8524795
-0.0000014280769	-0.0000010174123	0.044251225	0.07342835	4.8582526
-0.0000014297748	-0.000001018622	0.044304133	0.073513293	4.8640291
-0.0000014314738	-0.0000010198324	0.044357072	0.07359828	4.8698089
-0.0000014331738	-0.0000010210435	0.044410042	0.07368331	4.8755921
-0.0000014348747	-0.0000010222553	0.044463044	0.073768385	4.8813786
-0.0000014365766	-0.0000010234678	0.044516077	0.073853502	4.8871684
-0.0000014382795	-0.000001024681	0.044569141	0.073938664	4.8929615
-0.0000014399833	-0.0000010258949	0.044622236	0.074023869	4.8987579
-0.0000014416882	-0.0000010271094	0.044675363	0.074109117	4.9045577
-0.000001443394	-0.0000010283247	0.04472852	0.074194409	4.9103608
-0.0000014451008	-0.0000010295407	0.044781709	0.074279745	4.9161672
-0.0000014468085	-0.0000010307574	0.044834929	0.074365124	4.921977
-0.0000014485173	-0.0000010319747	0.044888181	0.074450546	4.9277901
-0.000001450227	-0.0000010331928	0.044941463	0.074536012	4.9336064
-0.0000014519377	-0.0000010344116	0.044994777	0.074621521	4.9394261
-0.0000014536494	-0.000001035631	0.045048121	0.074707074	4.9452491
-0.000001455362	-0.0000010368512	0.045101497	0.07479267	4.9510755
-0.0000014570756	-0.000001038072	0.045154904	0.074878309	4.9569051
-0.0000014587902	-0.0000010392935	0.045208342	0.074963991	4.9627381
-0.0000014605058	-0.0000010405158	0.045261811	0.075049717	4.9685743
-0.0000014622223	-0.0000010417387	0.045315312	0.075135486	4.9744139
-0.0000014639398	-0.0000010429623	0.045368843	0.075221299	4.9802568
-0.0000014656583	-0.0000010441866	0.045422405	0.075307154	4.986103
-0.0000014673777	-0.0000010454116	0.045475999	0.075393052	4.9919525
-0.0000014690982	-0.0000010466373	0.045529623	0.075478994	4.9978053
-0.0000014708196	-0.0000010478637	0.045583279	0.075564979	5.0036614
-0.0000014725419	-0.0000010490907	0.045636966	0.075651007	5.0095208
-0.0000014742653	-0.0000010503185	0.045690683	0.075737078	5.0153835
-0.0000014759896	-0.000001051547	0.045744432	0.075823192	5.0212495
-0.0000014777148	-0.0000010527761	0.045798212	0.075909349	5.0271188
-0.0000014794411	-0.0000010540059	0.045852022	0.075995549	5.0329914
-0.0000014811683	-0.0000010552365	0.045905864	0.076081792	5.0388673
-0.0000014828965	-0.0000010564677	0.045959737	0.076168077	5.0447465
-0.0000014846256	-0.0000010576996	0.04601364	0.076254406	5.050629
-0.0000014863557	-0.0000010589322	0.046067575	0.076340778	5.0565148
-0.0000014880868	-0.0000010601655	0.04612154	0.076427192	5.0624038
-0.0000014898189	-0.0000010613995	0.046175537	0.076513649	5.0682962
-0.0000014915519	-0.0000010626341	0.046229564	0.076600149	5.0741918
-0.0000014932859	-0.0000010638695	0.046283622	0.076686692	5.0800908
-0.0000014950208	-0.0000010651055	0.046337711	0.076773278	5.085993
-0.0000014967567	-0.0000010663422	0.046391831	0.076859906	5.0918985
-0.0000014984936	-0.0000010675796	0.046445982	0.076946577	5.0978073
-0.0000015002315	-0.0000010688178	0.046500164	0.07703329	5.1037193
-0.0000015019703	-0.0000010700565	0.046554377	0.077120046	5.1096347
-0.00000150371	-0.000001071296	0.04660862	0.077206845	5.1155533
-0.0000015054508	-0.0000010725362	0.046662895	0.077293687	5.1214752
-0.0000015071925	-0.000001073777	0.0467172	0.07738057	5.1274004
-0.0000015089351	-0.0000010750186	0.046771536	0.077467497	5.1333289
-0.0000015106788	-0.0000010762608	0.046825903	0.077554466	5.1392606
-0.0000015124234	-0.0000010775037	0.0468803	0.077641477	5.1451956
-0.0000015141689	-0.0000010787473	0.046934729	0.077728531	5.1511339
-0.0000015159154	-0.0000010799916	0.046989188	0.077815627	5.1570755
-0.0000015176629	-0.0000010812365	0.047043678	0.077902766	5.1630203
-0.0000015194113	-0.0000010824822	0.047098199	0.077989947	5.1689684
-0.0000015211607	-0.0000010837285	0.04715275	0.07807717	5.1749197
-0.0000015229111	-0.0000010849755	0.047207333	0.078164436	5.1808743
-0.0000015246624	-0.0000010862232	0.047261946	0.078251744	5.1868322
-0.0000015264147	-0.0000010874716	0.047316589	0.078339094	5.1927934
-0.0000015281679	-0.0000010887206	0.047371264	0.078426487	5.1987578
-0.0000015299221	-0.0000010899704	0.047425969	0.078513921	5.2047255
-0.0000015316772	-0.0000010912208	0.047480705	0.078601398	5.2106964
-0.0000015334333	-0.0000010924719	0.047535471	0.078688917	5.2166706
-0.0000015351904	-0.0000010937237	0.047590268	0.078776478	5.222648
-0.0000015369484	-0.0000010949762	0.047645096	0.078864081	5.2286287
-0.0000015387074	-0.0000010962294	0.047699955	0.078951726	5.2346127
-0.0000015404673	-0.0000010974832	0.047754844	0.079039414	5.2405999
-0.0000015422282	-0.0000010987377	0.047809763	0.079127143	5.2465903
-0.00000154399	-0.0000010999929	0.047864714	0.079214914	5.252584
-0.0000015457528	-0.0000011012488	0.047919695	0.079302727	5.258581
-0.0000015475166	-0.0000011025053	0.047974706	0.079390582	5.2645812
-0.0000015492813	-0.0000011037626	0.048029748	0.079478479	5.2705846
-0.000001551047	-0.0000011050205	0.048084821	0.079566418	5.2765913
-0.0000015528136	-0.0000011062791	0.048139924	0.079654399	5.2826013
-0.0000015545811	-0.0000011075384	0.048195058	0.079742422	5.2886144
-0.0000015563496	-0.0000011087983	0.048250223	0.079830486	5.2946309
-0.0000015581191	-0.000001110059	0.048305418	0.079918592	5.3006505
-0.0000015598895	-0.0000011113203	0.048360643	0.08000674	5.3066734
-0.0000015616609	-0.0000011125823	0.048415899	0.08009493	5.3126995
-0.0000015634332	-0.0000011138449	0.048471185	0.080183161	5.3187289
-0.0000015652065	-0.0000011151083	0.048526502	0.080271434	5.3247615
-0.0000015669807	-0.0000011163723	0.04858185	0.080359749	5.3307973
-0.0000015687559	-0.000001117637	0.048637228	0.080448105	5.3368364
-0.000001570532	-0.0000011189024	0.048692636	0.080536502	5.3428787
-0.0000015723091	-0.0000011201684	0.048748075	0.080624942	5.3489242
-0.0000015740871	-0.0000011214351	0.048803544	0.080713423	5.354973
-0.0000015758661	-0.0000011227025	0.048859044	0.080801945	5.3610249
-0.000001577646	-0.0000011239706	0.048914574	0.080890509	5.3670801
-0.0000015794269	-0.0000011252394	0.048970134	0.080979114	5.3731385
-0.0000015812087	-0.0000011265088	0.049025725	0.08106776	5.3792002
-0.0000015829914	-0.0000011277789	0.049081346	0.081156448	5.3852651
-0.0000015847752	-0.0000011290497	0.049136998	0.081245178	5.3913331
-0.0000015865598	-0.0000011303211	0.04919268	0.081333948	5.3974044
-0.0000015883454	-0.0000011315932	0.049248392	0.08142276	5.403479
-0.0000015901319	-0.000001132866	0.049304135	0.081511614	5.4095567
-0.0000015919194	-0.0000011341395	0.049359908	0.081600508	5.4156376
-0.0000015937079	-0.0000011354136	0.049415711	0.081689444	5.4217218
-0.0000015954972	-0.0000011366884	0.049471545	0.081778421	5.4278092
-0.0000015972875	-0.0000011379639	0.049527409	0.081867439	5.4338997
-0.0000015990788	-0.0000011392401	0.049583303	0.081956498	5.4399935
-0.000001600871	-0.0000011405169	0.049639227	0.082045598	5.4460905
-0.0000016026642	-0.0000011417944	0.049695182	0.08213474	5.4521907
-0.0000016044582	-0.0000011430726	0.049751167	0.082223922	5.4582941
-0.0000016062533	-0.0000011443514	0.049807182	0.082313146	5.4644007
-0.0000016080492	-0.0000011456309	0.049863228	0.08240241	5.4705105
-0.0000016098462	-0.0000011469111	0.049919303	0.082491715	5.4766235
-0.000001611644	-0.000001148192	0.049975409	0.082581062	5.4827397
-0.0000016134428	-0.0000011494735	0.050031545	0.082670449	5.4888591
-0.0000016152425	-0.0000011507557	0.050087712	0.082759877	5.4949817
-0.0000016170432	-0.0000011520385	0.050143908	0.082849346	5.5011075
-0.0000016188448	-0.0000011533221	0.050200135	0.082938856	5.5072365
-0.0000016206473	-0.0000011546063	0.050256391	0.083028406	5.5133687
-0.0000016224508	-0.0000011558911	0.050312678	0.083117998	5.5195041
-0.0000016242552	-0.0000011571767	0.050368995	0.08320763	5.5256426
-0.0000016260606	-0.0000011584629	0.050425342	0.083297303	5.5317844
-0.0000016278669	-0.0000011597497	0.05048172	0.083387016	5.5379293
-0.0000016296741	-0.0000011610373	0.050538127	0.08347677	5.5440774
-0.0000016314823	-0.0000011623255	0.050594564	0.083566565	5.5502287
-0.0000016332914	-0.0000011636143	0.050651032	0.083656401	5.5563832
-0.0000016351014	-0.0000011649039	0.050707529	0.083746277	5.5625408
-0.0000016369124	-0.0000011661941	0.050764057	0.083836193	5.5687017
-0.0000016387243	-0.0000011674849	0.050820615	0.08392615	5.5748657
-0.0000016405371	-0.0000011687765	0.050877202	0.084016148	5.5810329
-0.0000016423509	-0.0000011700687	0.05093382	0.084106186	5.5872033
-0.0000016441656	-0.0000011713615	0.050990468	0.084196264	5.5933768
-0.0000016459813	-0.000001172655	0.051047146	0.084286383	5.5995535
-0.0000016477978	-0.0000011739492	0.051103853	0.084376542	5.6057334
-0.0000016496153	-0.0000011752441	0.051160591	0.084466742	5.6119164
-0.0000016514338	-0.0000011765396	0.051217358	0.084556981	5.6181027
-0.0000016532531	-0.0000011778358	0.051274156	0.084647261	5.624292
-0.0000016550734	-0.0000011791326	0.051330984	0.084737582	5.6304846
-0.0000016568946	-0.0000011804301	0.051387841	0.084827942	5.6366803
-0.0000016587168	-0.0000011817283	0.051444728	0.084918343	5.6428792
-0.0000016605399	-0.0000011830271	0.051501646	0.085008784	5.6490812
-0.0000016623639	-0.0000011843266	0.051558593	0.085099265	5.6552864
-0.0000016641888	-0.0000011856267	0.05161557	0.085189787	5.6614948
-0.0000016660147	-0.0000011869275	0.051672577	0.085280348	5.6677063
-0.0000016678415	-0.000001188229	0.051729613	0.085370949	5.6739209
-0.0000016696692	-0.0000011895312	0.05178668	0.085461591	5.6801388
-0.0000016714978	-0.0000011908339	0.051843776	0.085552272	5.6863597
-0.0000016733274	-0.0000011921374	0.051900903	0.085642994	5.6925839
-0.0000016751579	-0.0000011934415	0.051958059	0.085733755	5.6988111
-0.0000016769893	-0.0000011947463	0.052015244	0.085824556	5.7050415
-0.0000016788217	-0.0000011960517	0.05207246	0.085915398	5.7112751
-0.0000016806549	-0.0000011973578	0.052129705	0.086006279	5.7175118
-0.0000016824891	-0.0000011986645	0.052186981	0.086097199	5.7237517
-0.0000016843243	-0.0000011999719	0.052244286	0.08618816	5.7299947
-0.0000016861603	-0.00000120128	0.05230162	0.086279161	5.7362408
-0.0000016879973	-0.0000012025887	0.052358985	0.086370201	5.7424901
-0.0000016898351	-0.0000012038981	0.052416379	0.086461281	5.7487425
-0.000001691674	-0.0000012052081	0.052473803	0.0865524	5.754998
-0.0000016935137	-0.0000012065188	0.052531256	0.086643559	5.7612567
-0.0000016953543	-0.0000012078302	0.052588739	0.086734758	5.7675185
-0.0000016971959	-0.0000012091422	0.052646252	0.086825997	5.7737835
-0.0000016990384	-0.0000012104548	0.052703795	0.086917275	5.7800515
-0.0000017008818	-0.0000012117681	0.052761367	0.087008592	5.7863227
-0.0000017027261	-0.0000012130821	0.052818969	0.087099949	5.7925971
-0.0000017045714	-0.0000012143967	0.0528766	0.087191346	5.7988745
-0.0000017064176	-0.000001215712	0.052934261	0.087282782	5.8051551
-0.0000017082647	-0.0000012170279	0.052991952	0.087374257	5.8114388
-0.0000017101127	-0.0000012183445	0.053049672	0.087465772	5.8177256
-0.0000017119616	-0.0000012196617	0.053107422	0.087557327	5.8240156
-0.0000017138114	-0.0000012209796	0.053165201	0.08764892	5.8303086
-0.0000017156622	-0.0000012222982	0.05322301	0.087740553	5.8366048
-0.0000017175138	-0.0000012236174	0.053280848	0.087832225	5.8429041
-0.0000017193664	-0.0000012249372	0.053338716	0.087923937	5.8492065
-0.0000017212199	-0.0000012262577	0.053396614	0.088015687	5.8555121
-0.0000017230743	-0.0000012275789	0.053454541	0.088107477	5.8618207
-0.0000017249297	-0.0000012289007	0.053512497	0.088199306	5.8681324
-0.0000017267859	-0.0000012302231	0.053570483	0.088291174	5.8744473
-0.0000017286431	-0.0000012315462	0.053628499	0.088383081	5.8807652
-0.0000017305011	-0.00000123287	0.053686544	0.088475028	5.8870863
-0.0000017323601	-0.0000012341944	0.053744618	0.088567013	5.8934105
-0.00000173422	-0.0000012355194	0.053802722	0.088659037	5.8997377
-0.0000017360808	-0.0000012368451	0.053860855	0.088751101	5.9060681
-0.0000017379425	-0.0000012381715	0.053919018	0.088843203	5.9124016
-0.0000017398052	-0.0000012394985	0.05397721	0.088935344	5.9187381
-0.0000017416687	-0.0000012408261	0.054035431	0.089027524	5.9250778
-0.0000017435331	-0.0000012421544	0.054093682	0.089119743	5.9314206
-0.0000017453985	-0.0000012434834	0.054151962	0.089212001	5.9377664
-0.0000017472647	-0.000001244813	0.054210271	0.089304298	5.9441154
-0.0000017491319	-0.0000012461432	0.05426861	0.089396633	5.9504674
-0.000001751	-0.0000012474741	0.054326978	0.089489008	5.9568225
-0.000001752869	-0.0000012488056	0.054385376	0.08958142	5.9631807
-0.0000017547389	-0.0000012501378	0.054443802	0.089673872	5.969542
-0.0000017566097	-0.0000012514706	0.054502258	0.089766362	5.9759064
-0.0000017584814	-0.0000012528041	0.054560744	0.089858891	5.9822738
-0.000001760354	-0.0000012541382	0.054619258	0.089951459	5.9886444
-0.0000017622275	-0.000001255473	0.054677802	0.090044065	5.995018
-0.0000017641019	-0.0000012568084	0.054736375	0.09013671	6.0013947
-0.0000017659773	-0.0000012581444	0.054794977	0.090229393	6.0077745
-0.0000017678535	-0.0000012594811	0.054853609	0.090322114	6.0141573
-0.0000017697306	-0.0000012608184	0.054912269	0.090414875	6.0205432
-0.0000017716087	-0.0000012621564	0.054970959	0.090507673	6.0269322
-0.0000017734876	-0.000001263495	0.055029678	0.09060051	6.0333243
-0.0000017753674	-0.0000012648343	0.055088426	0.090693385	6.0397194
-0.0000017772482	-0.0000012661742	0.055147204	0.090786299	6.0461176
-0.0000017791298	-0.0000012675148	0.05520601	0.090879251	6.0525189
-0.0000017810124	-0.000001268856	0.055264846	0.090972241	6.0589232
-0.0000017828958	-0.0000012701978	0.05532371	0.09106527	6.0653306
-0.0000017847802	-0.0000012715403	0.055382604	0.091158336	6.0717411
-0.0000017866654	-0.0000012728834	0.055441527	0.091251441	6.0781546
-0.0000017885515	-0.0000012742271	0.055500479	0.091344584	6.0845711
-0.0000017904386	-0.0000012755715	0.05555946	0.091437765	6.0909908
-0.0000017923265	-0.0000012769166	0.05561847	0.091530985	6.0974135
-0.0000017942154	-0.0000012782622	0.055677509	0.091624242	6.1038392
-0.0000017961051	-0.0000012796085	0.055736577	0.091717537	6.110268
-0.0000017979957	-0.0000012809555	0.055795674	0.091810871	6.1166998
-0.0000017998872	-0.0000012823031	0.055854801	0.091904242	6.1231347
-0.0000018017797	-0.0000012836513	0.055913956	0.091997652	6.1295726
-0.000001803673	-0.0000012850002	0.05597314	0.092091099	6.1360136
-0.0000018055672	-0.0000012863497	0.056032353	0.092184584	6.1424576
-0.0000018074623	-0.0000012876998	0.056091595	0.092278107	6.1489047
-0.0000018093583	-0.0000012890506	0.056150866	0.092371668	6.1553548
-0.0000018112552	-0.000001290402	0.056210166	0.092465266	6.161808
-0.000001813153	-0.0000012917541	0.056269495	0.092558903	6.1682641
-0.0000018150517	-0.0000012931067	0.056328852	0.092652577	6.1747234
-0.0000018169512	-0.0000012944601	0.056388239	0.092746289	6.1811856
-0.0000018188517	-0.000001295814	0.056447654	0.092840038	6.1876509
-0.000001820753	-0.0000012971686	0.056507099	0.092933826	6.1941192
-0.0000018226553	-0.0000012985238	0.056566572	0.09302765	6.2005906
-0.0000018245584	-0.0000012998797	0.056626074	0.093121513	6.2070649
-0.0000018264624	-0.0000013012362	0.056685605	0.093215413	6.2135423
-0.0000018283674	-0.0000013025933	0.056745164	0.09330935	6.2200228
-0.0000018302732	-0.0000013039511	0.056804753	0.093403325	6.2265062
-0.0000018321799	-0.0000013053095	0.05686437	0.093497338	6.2329927
-0.0000018340874	-0.0000013066685	0.056924016	0.093591388	6.2394822
-0.0000018359959	-0.0000013080282	0.056983691	0.093685475	6.2459747
-0.0000018379053	-0.0000013093885	0.057043394	0.0937796	6.2524702
-0.0000018398155	-0.0000013107494	0.057103126	0.093873762	6.2589688
-0.0000018417266	-0.0000013121109	0.057162887	0.093967961	6.2654703
-0.0000018436386	-0.0000013134731	0.057222677	0.094062198	6.2719749
-0.0000018455515	-0.0000013148359	0.057282495	0.094156471	6.2784825
-0.0000018474653	-0.0000013161994	0.057342342	0.094250783	6.2849931
-0.00000184938	-0.0000013175634	0.057402218	0.094345131	6.2915067
-0.0000018512955	-0.0000013189281	0.057462122	0.094439516	6.2980233
-0.0000018532119	-0.0000013202935	0.057522055	0.094533939	6.3045429
-0.0000018551293	-0.0000013216594	0.057582017	0.094628399	6.3110655
-0.0000018570475	-0.000001323026	0.057642007	0.094722896	6.3175911
-0.0000018589665	-0.0000013243933	0.057702026	0.094817429	6.3241198
-0.0000018608865	-0.0000013257611	0.057762074	0.094912	6.3306514
-0.0000018628073	-0.0000013271296	0.05782215	0.095006608	6.337186
-0.0000018647291	-0.0000013284987	0.057882254	0.095101253	6.3437236
-0.0000018666517	-0.0000013298684	0.057942387	0.095195935	6.3502642
-0.0000018685751	-0.0000013312388	0.058002549	0.095290653	6.3568078
-0.0000018704995	-0.0000013326097	0.058062739	0.095385409	6.3633544
-0.0000018724247	-0.0000013339813	0.058122958	0.095480201	6.3699039
-0.0000018743508	-0.0000013353536	0.058183205	0.09557503	6.3764565
-0.0000018762778	-0.0000013367264	0.058243481	0.095669896	6.383012
-0.0000018782057	-0.0000013380999	0.058303785	0.095764798	6.3895705
-0.0000018801345	-0.000001339474	0.058364117	0.095859738	6.3961321
-0.0000018820641	-0.0000013408488	0.058424479	0.095954714	6.4026965
-0.0000018839946	-0.0000013422241	0.058484868	0.096049726	6.409264
-0.0000018859259	-0.0000013436001	0.058545286	0.096144776	6.4158344
-0.0000018878582	-0.0000013449767	0.058605732	0.096239862	6.4224079
-0.0000018897913	-0.0000013463539	0.058666207	0.096334984	6.4289843
-0.0000018917253	-0.0000013477318	0.05872671	0.096430143	6.4355636
-0.0000018936602	-0.0000013491102	0.058787241	0.096525338	6.442146
-0.0000018955959	-0.0000013504893	0.058847801	0.09662057	6.4487313
-0.0000018975325	-0.000001351869	0.058908389	0.096715838	6.4553195
-0.00000189947	-0.0000013532494	0.058969006	0.096811143	6.4619108
-0.0000019014084	-0.0000013546303	0.059029651	0.096906484	6.468505
-0.0000019033476	-0.0000013560119	0.059090324	0.097001862	6.4751021
-0.0000019052877	-0.0000013573941	0.059151025	0.097097275	6.4817023
-0.0000019072287	-0.0000013587769	0.059211755	0.097192725	6.4883053
-0.0000019091705	-0.0000013601603	0.059272513	0.097288212	6.4949114
-0.0000019111132	-0.0000013615444	0.059333299	0.097383734	6.5015204
-0.0000019130568	-0.0000013629291	0.059394113	0.097479293	6.5081323
-0.0000019150012	-0.0000013643143	0.059454956	0.097574887	6.5147472
-0.0000019169465	-0.0000013657003	0.059515827	0.097670518	6.5213651
-0.0000019188927	-0.0000013670868	0.059576726	0.097766185	6.5279859
-0.0000019208398	-0.0000013684739	0.059637653	0.097861888	6.5346097
-0.0000019227877	-0.0000013698617	0.059698608	0.097957627	6.5412364
-0.0000019247364	-0.0000013712501	0.059759592	0.098053403	6.547866
-0.0000019266861	-0.000001372639	0.059820603	0.098149214	6.5544986
-0.0000019286366	-0.0000013740287	0.059881643	0.098245061	6.5611341
-0.000001930588	-0.0000013754189	0.059942711	0.098340944	6.5677726
-0.0000019325402	-0.0000013768097	0.060003807	0.098436862	6.574414
-0.0000019344933	-0.0000013782012	0.060064931	0.098532817	6.5810583
-0.0000019364472	-0.0000013795932	0.060126083	0.098628807	6.5877056
-0.0000019384021	-0.0000013809859	0.060187263	0.098724834	6.5943558
-0.0000019403577	-0.0000013823792	0.060248472	0.098820896	6.6010089
-0.0000019423143	-0.0000013837731	0.060309708	0.098916993	6.607665
-0.0000019442717	-0.0000013851676	0.060370972	0.099013127	6.614324
-0.0000019462299	-0.0000013865628	0.060432264	0.099109296	6.6209859
-0.0000019481891	-0.0000013879585	0.060493585	0.0992055	6.6276508
-0.000001950149	-0.0000013893549	0.060554933	0.099301741	6.6343185
-0.0000019521099	-0.0000013907519	0.060616309	0.099398016	6.6409892
-0.0000019540716	-0.0000013921494	0.060677713	0.099494328	6.6476628
-0.0000019560341	-0.0000013935476	0.060739145	0.099590675	6.6543393
-0.0000019579976	-0.0000013949464	0.060800605	0.099687057	6.6610188
-0.0000019599618	-0.0000013963459	0.060862093	0.099783475	6.6677011
-0.0000019619269	-0.0000013977459	0.060923609	0.099879928	6.6743864
-0.0000019638929	-0.0000013991465	0.060985153	0.099976416	6.6810746
-0.0000019658598	-0.0000014005478	0.061046724	0.10007294	6.6877657
-0.0000019678275	-0.0000014019496	0.061108324	0.1001695	6.6944597
-0.000001969796	-0.0000014033521	0.061169951	0.10026609	6.7011566
-0.0000019717654	-0.0000014047551	0.061231606	0.10036272	6.7078564
-0.0000019737357	-0.0000014061588	0.061293289	0.10045939	6.7145591
-0.0000019757068	-0.0000014075631	0.061355	0.10055609	6.7212647
-0.0000019776787	-0.000001408968	0.061416738	0.10065282	6.7279732
-0.0000019796515	-0.0000014103735	0.061478504	0.10074959	6.7346846
-0.0000019816252	-0.0000014117796	0.061540298	0.1008464	6.7413989
-0.0000019835997	-0.0000014131863	0.06160212	0.10094324	6.7481161
-0.0000019855751	-0.0000014145936	0.06166397	0.10104012	6.7548362
-0.0000019875513	-0.0000014160015	0.061725847	0.10113703	6.7615592
-0.0000019895283	-0.0000014174101	0.061787752	0.10123397	6.768285
-0.0000019915062	-0.0000014188192	0.061849684	0.10133095	6.7750138
-0.000001993485	-0.0000014202289	0.061911644	0.10142797	6.7817454
-0.0000019954646	-0.0000014216393	0.061973632	0.10152502	6.78848
-0.000001997445	-0.0000014230502	0.062035648	0.1016221	6.7952174
-0.0000019994263	-0.0000014244618	0.062097691	0.10171922	6.8019576
-0.0000020014085	-0.0000014258739	0.062159762	0.10181638	6.8087008
-0.0000020033915	-0.0000014272867	0.06222186	0.10191357	6.8154469
-0.0000020053753	-0.0000014287	0.062283986	0.10201079	6.8221958
-0.00000200736	-0.000001430114	0.06234614	0.10210805	6.8289476
-0.0000020093455	-0.0000014315285	0.062408321	0.10220534	6.8357022
-0.0000020113319	-0.0000014329437	0.06247053	0.10230267	6.8424598
-0.0000020133191	-0.0000014343595	0.062532766	0.10240003	6.8492202
-0.0000020153071	-0.0000014357758	0.062595029	0.10249743	6.8559834
-0.000002017296	-0.0000014371928	0.062657321	0.10259486	6.8627495
-0.0000020192858	-0.0000014386103	0.062719639	0.10269233	6.8695185
-0.0000020212764	-0.0000014400285	0.062781985	0.10278983	6.8762904
-0.0000020232678	-0.0000014414472	0.062844359	0.10288737	6.8830651
-0.00000202526	-0.0000014428666	0.06290676	0.10298493	6.8898427
-0.0000020272531	-0.0000014442866	0.062969189	0.10308254	6.8966231
-0.0000020292471	-0.0000014457071	0.063031645	0.10318018	6.9034064
-0.0000020312418	-0.0000014471283	0.063094128	0.10327785	6.9101925
-0.0000020332375	-0.00000144855	0.063156639	0.10337556	6.9169815
-0.0000020352339	-0.0000014499723	0.063219177	0.1034733	6.9237734
-0.0000020372312	-0.0000014513953	0.063281742	0.10357107	6.930568
-0.0000020392293	-0.0000014528188	0.063344335	0.10366888	6.9373656
-0.0000020412283	-0.0000014542429	0.063406955	0.10376673	6.9441659
-0.0000020432281	-0.0000014556677	0.063469603	0.1038646	6.9509692
-0.0000020452287	-0.000001457093	0.063532277	0.10396251	6.9577752
-0.0000020472302	-0.0000014585189	0.063594979	0.10406046	6.9645841
-0.0000020492325	-0.0000014599454	0.063657709	0.10415844	6.9713958
-0.0000020512356	-0.0000014613725	0.063720465	0.10425645	6.9782104
-0.0000020532396	-0.0000014628002	0.063783249	0.1043545	6.9850278
-0.0000020552444	-0.0000014642285	0.06384606	0.10445258	6.991848
-0.00000205725	-0.0000014656574	0.063908898	0.1045507	6.9986711
-0.0000020592565	-0.0000014670869	0.063971764	0.10464885	7.005497
-0.0000020612637	-0.0000014685169	0.064034657	0.10474703	7.0123257
-0.0000020632719	-0.0000014699476	0.064097576	0.10484525	7.0191572
-0.0000020652808	-0.0000014713788	0.064160524	0.1049435	7.0259916
-0.0000020672906	-0.0000014728107	0.064223498	0.10504178	7.0328288
-0.0000020693012	-0.0000014742431	0.064286499	0.1051401	7.0396688
-0.0000020713127	-0.0000014756761	0.064349527	0.10523845	7.0465116
-0.0000020733249	-0.0000014771097	0.064412583	0.10533684	7.0533573
-0.000002075338	-0.0000014785439	0.064475665	0.10543526	7.0602057
-0.0000020773519	-0.0000014799787	0.064538775	0.10553371	7.067057
-0.0000020793667	-0.0000014814141	0.064601912	0.1056322	7.0739111
-0.0000020813823	-0.00000148285	0.064665076	0.10573072	7.0807679
-0.0000020833986	-0.0000014842866	0.064728266	0.10582927	7.0876276
-0.0000020854159	-0.0000014857237	0.064791484	0.10592786	7.0944901
-0.0000020874339	-0.0000014871615	0.064854729	0.10602648	7.1013554
-0.0000020894528	-0.0000014885998	0.064918001	0.10612513	7.1082235
-0.0000020914725	-0.0000014900387	0.0649813	0.10622382	7.1150944
-0.000002093493	-0.0000014914782	0.065044625	0.10632254	7.1219681
-0.0000020955143	-0.0000014929182	0.065107978	0.10642129	7.1288446
-0.0000020975365	-0.0000014943589	0.065171358	0.10652008	7.1357239
-0.0000020995595	-0.0000014958001	0.065234764	0.1066189	7.142606
-0.0000021015833	-0.000001497242	0.065298198	0.10671775	7.1494909
-0.0000021036079	-0.0000014986844	0.065361658	0.10681664	7.1563785
-0.0000021056333	-0.0000015001274	0.065425145	0.10691555	7.163269
-0.0000021076596	-0.0000015015709	0.065488659	0.10701451	7.1701622
-0.0000021096867	-0.0000015030151	0.0655522	0.10711349	7.1770582
-0.0000021117146	-0.0000015044598	0.065615768	0.10721251	7.183957
-0.0000021137433	-0.0000015059052	0.065679362	0.10731156	7.1908586
-0.0000021157728	-0.0000015073511	0.065742983	0.10741065	7.197763
-0.0000021178031	-0.0000015087976	0.065806632	0.10750976	7.2046701
-0.0000021198343	-0.0000015102446	0.065870306	0.10760891	7.21158
-0.0000021218663	-0.0000015116923	0.065934008	0.1077081	7.2184927
-0.0000021238991	-0.0000015131405	0.065997736	0.10780731	7.2254082
-0.0000021259327	-0.0000015145893	0.066061491	0.10790656	7.2323264
-0.0000021279671	-0.0000015160387	0.066125273	0.10800584	7.2392474
-0.0000021300023	-0.0000015174887	0.066189082	0.10810516	7.2461712
-0.0000021320383	-0.0000015189392	0.066252917	0.1082045	7.2530977
-0.0000021340752	-0.0000015203904	0.066316778	0.10830388	7.260027
-0.0000021361129	-0.0000015218421	0.066380667	0.10840329	7.266959
-0.0000021381513	-0.0000015232943	0.066444582	0.10850274	7.2738938
-0.0000021401906	-0.0000015247472	0.066508524	0.10860222	7.2808314
-0.0000021422307	-0.0000015262006	0.066572492	0.10870173	7.2877717
-0.0000021442716	-0.0000015276547	0.066636487	0.10880127	7.2947148
-0.0000021463133	-0.0000015291092	0.066700508	0.10890084	7.3016606
-0.0000021483559	-0.0000015305644	0.066764556	0.10900045	7.3086091
-0.0000021503992	-0.0000015320202	0.066828631	0.10910009	7.3155605
-0.0000021524433	-0.0000015334765	0.066892732	0.10919976	7.3225145
-0.0000021544883	-0.0000015349334	0.066956859	0.10929946	7.3294713
-0.000002156534	-0.0000015363908	0.067021014	0.1093992	7.3364309
-0.0000021585806	-0.0000015378489	0.067085194	0.10949897	7.3433932
-0.0000021606279	-0.0000015393075	0.067149401	0.10959877	7.3503582
-0.0000021626761	-0.0000015407667	0.067213635	0.1096986	7.357326
-0.0000021647251	-0.0000015422264	0.067277895	0.10979847	7.3642965
-0.0000021667749	-0.0000015436867	0.067342181	0.10989837	7.3712697
-0.0000021688254	-0.0000015451476	0.067406494	0.1099983	7.3782457
-0.0000021708768	-0.0000015466091	0.067470833	0.11009826	7.3852244
-0.000002172929	-0.0000015480712	0.067535198	0.11019825	7.3922058
-0.000002174982	-0.0000015495338	0.06759959	0.11029828	7.3991899
-0.0000021770357	-0.000001550997	0.067664008	0.11039834	7.4061768
-0.0000021790903	-0.0000015524607	0.067728453	0.11049843	7.4131664
-0.0000021811457	-0.0000015539251	0.067792924	0.11059855	7.4201587
-0.0000021832019	-0.0000015553899	0.067857421	0.1106987	7.4271537
-0.0000021852589	-0.0000015568554	0.067921945	0.11079889	7.4341515
-0.0000021873166	-0.0000015583214	0.067986494	0.1108991	7.4411519
-0.0000021893752	-0.000001559788	0.06805107	0.11099935	7.4481551
-0.0000021914346	-0.0000015612552	0.068115672	0.11109963	7.455161
-0.0000021934948	-0.0000015627229	0.068180301	0.11119994	7.4621696
-0.0000021955557	-0.0000015641912	0.068244956	0.11130029	7.4691809
-0.0000021976175	-0.0000015656601	0.068309636	0.11140066	7.4761949
-0.00000219968	-0.0000015671296	0.068374344	0.11150107	7.4832116
-0.0000022017434	-0.0000015685996	0.068439077	0.11160151	7.490231
-0.0000022038075	-0.0000015700701	0.068503836	0.11170198	7.4972531
-0.0000022058725	-0.0000015715413	0.068568622	0.11180248	7.5042779
-0.0000022079382	-0.0000015730129	0.068633433	0.11190302	7.5113055
-0.0000022100047	-0.0000015744852	0.068698271	0.11200358	7.5183357
-0.000002212072	-0.000001575958	0.068763135	0.11210418	7.5253685
-0.0000022141401	-0.0000015774314	0.068828025	0.11220481	7.5324041
-0.000002216209	-0.0000015789054	0.06889294	0.11230546	7.5394424
-0.0000022182787	-0.0000015803799	0.068957882	0.11240615	7.5464834
-0.0000022203491	-0.000001581855	0.06902285	0.11250688	7.553527
-0.0000022224204	-0.0000015833306	0.069087844	0.11260763	7.5605733
-0.0000022244924	-0.0000015848068	0.069152864	0.11270841	7.5676223
-0.0000022265653	-0.0000015862836	0.06921791	0.11280923	7.574674
-0.0000022286389	-0.0000015877609	0.069282982	0.11291008	7.5817284
-0.0000022307133	-0.0000015892388	0.06934808	0.11301095	7.5887854
-0.0000022327885	-0.0000015907172	0.069413204	0.11311186	7.5958451
-0.0000022348645	-0.0000015921962	0.069478354	0.1132128	7.6029075
-0.0000022369412	-0.0000015936758	0.069543529	0.11331377	7.6099726
-0.0000022390188	-0.0000015951559	0.069608731	0.11341477	7.6170403
-0.0000022410971	-0.0000015966366	0.069673958	0.11351581	7.6241107
-0.0000022431762	-0.0000015981178	0.069739212	0.11361687	7.6311837
-0.0000022452561	-0.0000015995996	0.069804491	0.11371796	7.6382595
-0.0000022473368	-0.0000016010819	0.069869796	0.11381909	7.6453378
-0.0000022494183	-0.0000016025648	0.069935126	0.11392025	7.6524189
-0.0000022515005	-0.0000016040483	0.070000483	0.11402143	7.6595026
-0.0000022535835	-0.0000016055323	0.070065865	0.11412265	7.6665889
-0.0000022556673	-0.0000016070169	0.070131273	0.1142239	7.6736779
-0.0000022577519	-0.000001608502	0.070196707	0.11432518	7.6807696
-0.0000022598373	-0.0000016099877	0.070262167	0.11442649	7.6878639
-0.0000022619234	-0.0000016114739	0.070327652	0.11452783	7.6949608
-0.0000022640103	-0.0000016129607	0.070393163	0.1146292	7.7020604
-0.000002266098	-0.0000016144481	0.070458699	0.1147306	7.7091626
-0.0000022681865	-0.000001615936	0.070524262	0.11483203	7.7162675
-0.0000022702757	-0.0000016174244	0.07058985	0.1149335	7.723375
-0.0000022723658	-0.0000016189134	0.070655463	0.11503499	7.7304852
-0.0000022744566	-0.000001620403	0.070721103	0.11513651	7.737598
-0.0000022765481	-0.0000016218931	0.070786767	0.11523807	7.7447134
-0.0000022786405	-0.0000016233838	0.070852458	0.11533965	7.7518314
-0.0000022807336	-0.000001624875	0.070918174	0.11544126	7.7589521
-0.0000022828275	-0.0000016263667	0.070983915	0.11554291	7.7660754
-0.0000022849221	-0.000001627859	0.071049682	0.11564458	7.7732014
-0.0000022870176	-0.0000016293519	0.071115475	0.11574629	7.7803299
-0.0000022891138	-0.0000016308453	0.071181293	0.11584802	7.7874611
-0.0000022912107	-0.0000016323393	0.071247137	0.11594979	7.7945949
-0.0000022933085	-0.0000016338338	0.071313006	0.11605159	7.8017314
-0.000002295407	-0.0000016353288	0.0713789	0.11615341	7.8088704
-0.0000022975063	-0.0000016368244	0.07144482	0.11625527	7.8160121
-0.0000022996063	-0.0000016383206	0.071510766	0.11635715	7.8231563
-0.0000023017071	-0.0000016398173	0.071576737	0.11645907	7.8303032
-0.0000023038087	-0.0000016413145	0.071642733	0.11656102	7.8374527
-0.0000023059111	-0.0000016428123	0.071708755	0.11666299	7.8446048
-0.0000023080142	-0.0000016443106	0.071774802	0.116765	7.8517595
-0.0000023101181	-0.0000016458095	0.071840874	0.11686703	7.8589168
-0.0000023122227	-0.0000016473089	0.071906972	0.1169691	7.8660767
-0.0000023143281	-0.0000016488089	0.071973095	0.11707119	7.8732392
-0.0000023164343	-0.0000016503094	0.072039243	0.11717332	7.8804043
-0.0000023185412	-0.0000016518105	0.072105417	0.11727547	7.887572
-0.0000023206489	-0.0000016533121	0.072171616	0.11737766	7.8947423
-0.0000023227574	-0.0000016548142	0.07223784	0.11747987	7.9019152
-0.0000023248666	-0.0000016563169	0.072304089	0.11758211	7.9090907
-0.0000023269766	-0.0000016578201	0.072370364	0.11768439	7.9162687
-0.0000023290873	-0.0000016593239	0.072436663	0.11778669	7.9234494
-0.0000023311988	-0.0000016608282	0.072502988	0.11788902	7.9306326
-0.0000023333111	-0.000001662333	0.072569339	0.11799138	7.9378184
-0.0000023354241	-0.0000016638384	0.072635714	0.11809378	7.9450068
-0.0000023375379	-0.0000016653444	0.072702114	0.1181962	7.9521978
-0.0000023396524	-0.0000016668508	0.07276854	0.11829865	7.9593914
-0.0000023417677	-0.0000016683578	0.072834991	0.11840113	7.9665875
-0.0000023438838	-0.0000016698654	0.072901467	0.11850363	7.9737862
-0.0000023460006	-0.0000016713735	0.072967967	0.11860617	7.9809874
-0.0000023481181	-0.0000016728821	0.073034493	0.11870874	7.9881913
-0.0000023502364	-0.0000016743912	0.073101044	0.11881134	7.9953977
-0.0000023523555	-0.0000016759009	0.07316762	0.11891396	8.0026066
-0.0000023544753	-0.0000016774112	0.073234222	0.11901662	8.0098182
-0.0000023565959	-0.0000016789219	0.073300848	0.1191193	8.0170323
-0.0000023587172	-0.0000016804332	0.073367499	0.11922201	8.0242489
-0.0000023608393	-0.0000016819451	0.073434175	0.11932476	8.0314681
-0.0000023629621	-0.0000016834575	0.073500876	0.11942753	8.0386899
-0.0000023650857	-0.0000016849704	0.073567601	0.11953033	8.0459142
-0.00000236721	-0.0000016864838	0.073634352	0.11963316	8.053141
-0.0000023693351	-0.0000016879978	0.073701128	0.11973601	8.0603704
-0.0000023714609	-0.0000016895123	0.073767929	0.1198389	8.0676024
-0.0000023735875	-0.0000016910274	0.073834754	0.11994182	8.0748369
-0.0000023757148	-0.0000016925429	0.073901604	0.12004476	8.0820739
-0.0000023778429	-0.000001694059	0.073968479	0.12014773	8.0893135
-0.0000023799717	-0.0000016955757	0.074035379	0.12025074	8.0965556
-0.0000023821012	-0.0000016970929	0.074102304	0.12035377	8.1038003
-0.0000023842315	-0.0000016986106	0.074169254	0.12045683	8.1110475
-0.0000023863626	-0.0000017001288	0.074236228	0.12055991	8.1182972
-0.0000023884944	-0.0000017016476	0.074303227	0.12066303	8.1255495
-0.0000023906269	-0.0000017031668	0.074370251	0.12076618	8.1328043
-0.0000023927602	-0.0000017046867	0.074437299	0.12086935	8.1400616
-0.0000023948942	-0.000001706207	0.074504373	0.12097255	8.1473214
-0.000002397029	-0.0000017077279	0.074571471	0.12107578	8.1545838
-0.0000023991645	-0.0000017092493	0.074638593	0.12117904	8.1618487
-0.0000024013007	-0.0000017107712	0.074705741	0.12128233	8.1691161
-0.0000024034377	-0.0000017122937	0.074772912	0.12138565	8.176386
-0.0000024055754	-0.0000017138167	0.074840109	0.12148899	8.1836585
-0.0000024077139	-0.0000017153402	0.07490733	0.12159236	8.1909334
-0.0000024098531	-0.0000017168643	0.074974576	0.12169576	8.1982109
-0.000002411993	-0.0000017183888	0.075041846	0.12179919	8.2054908
-0.0000024141337	-0.0000017199139	0.075109141	0.12190265	8.2127733
-0.0000024162751	-0.0000017214395	0.07517646	0.12200614	8.2200583
-0.0000024184173	-0.0000017229657	0.075243804	0.12210965	8.2273458
-0.0000024205602	-0.0000017244923	0.075311173	0.12221319	8.2346358
-0.0000024227038	-0.0000017260195	0.075378566	0.12231676	8.2419283
-0.0000024248481	-0.0000017275472	0.075445983	0.12242036	8.2492232
-0.0000024269932	-0.0000017290755	0.075513425	0.12252399	8.2565207
-0.000002429139	-0.0000017306042	0.075580891	0.12262764	8.2638207
-0.0000024312856	-0.0000017321335	0.075648382	0.12273132	8.2711232
-0.0000024334329	-0.0000017336633	0.075715897	0.12283503	8.2784281
-0.0000024355809	-0.0000017351936	0.075783436	0.12293877	8.2857356
-0.0000024377296	-0.0000017367245	0.075851	0.12304253	8.2930455
-0.0000024398791	-0.0000017382558	0.075918589	0.12314633	8.3003579
-0.0000024420293	-0.0000017397877	0.075986201	0.12325015	8.3076728
-0.0000024441802	-0.0000017413201	0.076053838	0.123354	8.3149902
-0.0000024463319	-0.000001742853	0.076121499	0.12345787	8.32231
-0.0000024484843	-0.0000017443865	0.076189185	0.12356178	8.3296323
-0.0000024506374	-0.0000017459204	0.076256895	0.12366571	8.3369571
-0.0000024527912	-0.0000017474549	0.076324629	0.12376967	8.3442844
-0.0000024549458	-0.0000017489899	0.076392387	0.12387366	8.3516141
-0.0000024571011	-0.0000017505254	0.076460169	0.12397767	8.3589463
-0.0000024592571	-0.0000017520614	0.076527976	0.12408171	8.366281
-0.0000024614138	-0.0000017535979	0.076595807	0.12418578	8.3736181
-0.0000024635713	-0.000001755135	0.076663662	0.12428988	8.3809577
-0.0000024657295	-0.0000017566726	0.076731541	0.124394	8.3882998
-0.0000024678884	-0.0000017582106	0.076799445	0.12449815	8.3956443
-0.000002470048	-0.0000017597492	0.076867372	0.12460233	8.4029913
-0.0000024722084	-0.0000017612883	0.076935324	0.12470654	8.4103407
-0.0000024743694	-0.000001762828	0.077003299	0.12481077	8.4176925
-0.0000024765312	-0.0000017643681	0.077071299	0.12491503	8.4250469
-0.0000024786938	-0.0000017659088	0.077139323	0.12501932	8.4324036
-0.000002480857	-0.0000017674499	0.077207371	0.12512364	8.4397628
-0.0000024830209	-0.0000017689916	0.077275443	0.12522798	8.4471245
-0.0000024851856	-0.0000017705338	0.077343539	0.12533235	8.4544886
-0.000002487351	-0.0000017720765	0.077411659	0.12543674	8.4618551
-0.0000024895171	-0.0000017736197	0.077479802	0.12554117	8.4692241
-0.0000024916839	-0.0000017751634	0.07754797	0.12564562	8.4765955
-0.0000024938514	-0.0000017767076	0.077616162	0.12575009	8.4839693
-0.0000024960197	-0.0000017782523	0.077684378	0.1258546	8.4913456
-0.0000024981886	-0.0000017797976	0.077752617	0.12595913	8.4987243
-0.0000025003583	-0.0000017813433	0.077820881	0.12606369	8.5061054
-0.0000025025287	-0.0000017828896	0.077889168	0.12616827	8.513489
-0.0000025046998	-0.0000017844364	0.077957479	0.12627288	8.5208749
-0.0000025068716	-0.0000017859836	0.078025814	0.12637752	8.5282633
-0.0000025090441	-0.0000017875314	0.078094173	0.12648219	8.5356541
-0.0000025112173	-0.0000017890797	0.078162556	0.12658688	8.5430474
-0.0000025133913	-0.0000017906285	0.078230962	0.1266916	8.550443
-0.0000025155659	-0.0000017921778	0.078299392	0.12679634	8.5578411
-0.0000025177413	-0.0000017937276	0.078367846	0.12690111	8.5652415
-0.0000025199173	-0.0000017952779	0.078436324	0.12700591	8.5726444
-0.0000025220941	-0.0000017968287	0.078504825	0.12711073	8.5800497
-0.0000025242716	-0.00000179838	0.078573351	0.12721558	8.5874574
-0.0000025264498	-0.0000017999318	0.078641899	0.12732046	8.5948674
-0.0000025286287	-0.0000018014841	0.078710472	0.12742537	8.6022799
-0.0000025308083	-0.000001803037	0.078779068	0.1275303	8.6096948
-0.0000025329886	-0.0000018045903	0.078847688	0.12763525	8.6171121
-0.0000025351696	-0.0000018061441	0.078916331	0.12774023	8.6245318
-0.0000025373513	-0.0000018076984	0.078984998	0.12784524	8.6319538
-0.0000025395337	-0.0000018092533	0.079053688	0.12795028	8.6393783
-0.0000025417168	-0.0000018108086	0.079122402	0.12805534	8.6468051
-0.0000025439006	-0.0000018123644	0.07919114	0.12816043	8.6542344
-0.0000025460851	-0.0000018139207	0.079259901	0.12826554	8.661666
-0.0000025482703	-0.0000018154776	0.079328686	0.12837068	8.6691
-0.0000025504562	-0.0000018170349	0.079397494	0.12847585	8.6765363
-0.0000025526428	-0.0000018185927	0.079466326	0.12858104	8.6839751
-0.0000025548302	-0.000001820151	0.079535181	0.12868626	8.6914162
-0.0000025570182	-0.0000018217098	0.079604059	0.1287915	8.6988597
-0.0000025592069	-0.0000018232691	0.079672961	0.12889677	8.7063056
-0.0000025613963	-0.0000018248289	0.079741887	0.12900206	8.7137538
-0.0000025635864	-0.0000018263892	0.079810835	0.12910739	8.7212044
-0.0000025657772	-0.00000182795	0.079879808	0.12921273	8.7286574
-0.0000025679686	-0.0000018295113	0.079948803	0.12931811	8.7361127
-0.0000025701608	-0.0000018310731	0.080017822	0.12942351	8.7435704
-0.0000025723537	-0.0000018326354	0.080086864	0.12952893	8.7510305
-0.0000025745473	-0.0000018341982	0.08015593	0.12963438	8.7584929
-0.0000025767415	-0.0000018357614	0.080225018	0.12973986	8.7659577
-0.0000025789365	-0.0000018373252	0.08029413	0.12984536	8.7734248
-0.0000025811321	-0.0000018388894	0.080363266	0.12995088	8.7808942
-0.0000025833284	-0.0000018404542	0.080432424	0.13005644	8.7883661
-0.0000025855255	-0.0000018420194	0.080501606	0.13016201	8.7958402
-0.0000025877232	-0.0000018435852	0.080570811	0.13026762	8.8033167
-0.0000025899216	-0.0000018451514	0.080640039	0.13037325	8.8107956
-0.0000025921206	-0.0000018467181	0.08070929	0.1304789	8.8182768
-0.0000025943204	-0.0000018482853	0.080778565	0.13058458	8.8257603
-0.0000025965209	-0.000001849853	0.080847862	0.13069029	8.8332462
-0.000002598722	-0.0000018514211	0.080917183	0.13079602	8.8407344
-0.0000026009239	-0.0000018529898	0.080986526	0.13090177	8.8482249
-0.0000026031264	-0.0000018545589	0.081055893	0.13100755	8.8557177
-0.0000026053296	-0.0000018561286	0.081125283	0.13111336	8.8632129
-0.0000026075335	-0.0000018576987	0.081194696	0.13121919	8.8707104
-0.000002609738	-0.0000018592693	0.081264132	0.13132505	8.8782103
-0.0000026119433	-0.0000018608404	0.081333591	0.13143093	8.8857124
-0.0000026141492	-0.000001862412	0.081403073	0.13153683	8.8932169
-0.0000026163558	-0.0000018639841	0.081472578	0.13164277	8.9007237
-0.0000026185631	-0.0000018655566	0.081542106	0.13174872	8.9082328
-0.0000026207711	-0.0000018671296	0.081611657	0.1318547	8.9157442
-0.0000026229797	-0.0000018687032	0.08168123	0.13196071	8.923258
-0.0000026251891	-0.0000018702772	0.081750827	0.13206674	8.930774
-0.0000026273991	-0.0000018718517	0.081820447	0.1321728	8.9382923
-0.0000026296097	-0.0000018734266	0.081890089	0.13227888	8.945813
-0.0000026318211	-0.0000018750021	0.081959754	0.13238498	8.9533359
-0.0000026340331	-0.000001876578	0.082029442	0.13249111	8.9608612
-0.0000026362459	-0.0000018781544	0.082099153	0.13259727	8.9683887
-0.0000026384592	-0.0000018797313	0.082168887	0.13270345	8.9759186
-0.0000026406733	-0.0000018813087	0.082238643	0.13280965	8.9834507
-0.000002642888	-0.0000018828866	0.082308423	0.13291588	8.9909852
-0.0000026451035	-0.0000018844649	0.082378224	0.13302214	8.9985219
-0.0000026473195	-0.0000018860437	0.082448049	0.13312841	9.0060609
-0.0000026495363	-0.000001887623	0.082517897	0.13323472	9.0136022
-0.0000026517537	-0.0000018892028	0.082587767	0.13334104	9.0211458
-0.0000026539718	-0.000001890783	0.082657659	0.13344739	9.0286916
-0.0000026561906	-0.0000018923637	0.082727575	0.13355377	9.0362398
-0.00000265841	-0.0000018939449	0.082797513	0.13366017	9.0437902
-0.0000026606301	-0.0000018955266	0.082867474	0.1337666	9.0513429
-0.0000026628509	-0.0000018971088	0.082937457	0.13387304	9.0588978
-0.0000026650723	-0.0000018986914	0.083007463	0.13397952	9.0664551
-0.0000026672944	-0.0000019002745	0.083077491	0.13408601	9.0740146
-0.0000026695172	-0.0000019018581	0.083147542	0.13419254	9.0815763
-0.0000026717406	-0.0000019034422	0.083217616	0.13429908	9.0891403
-0.0000026739647	-0.0000019050267	0.083287712	0.13440565	9.0967066
-0.0000026761895	-0.0000019066117	0.08335783	0.13451225	9.1042752
-0.0000026784149	-0.0000019081972	0.083427971	0.13461886	9.111846
-0.000002680641	-0.0000019097831	0.083498135	0.13472551	9.1194191
-0.0000026828678	-0.0000019113695	0.08356832	0.13483217	9.1269944
-0.0000026850952	-0.0000019129564	0.083638529	0.13493886	9.134572
-0.0000026873233	-0.0000019145438	0.083708759	0.13504558	9.1421518
-0.000002689552	-0.0000019161316	0.083779013	0.13515231	9.1497338
-0.0000026917814	-0.0000019177199	0.083849288	0.13525907	9.1573182
-0.0000026940115	-0.0000019193087	0.083919586	0.13536586	9.1649047
-0.0000026962422	-0.0000019208979	0.083989906	0.13547267	9.1724935
-0.0000026984736	-0.0000019224876	0.084060249	0.1355795	9.1800845
-0.0000027007056	-0.0000019240778	0.084130613	0.13568636	9.1876778
-0.0000027029383	-0.0000019256685	0.084201	0.13579324	9.1952733
-0.0000027051716	-0.0000019272596	0.08427141	0.13590014	9.2028711
-0.0000027074056	-0.0000019288512	0.084341841	0.13600707	9.210471
-0.0000027096403	-0.0000019304432	0.084412295	0.13611402	9.2180732
-0.0000027118756	-0.0000019320357	0.084482771	0.136221	9.2256776
-0.0000027141115	-0.0000019336287	0.084553269	0.13632799	9.2332843
-0.0000027163482	-0.0000019352221	0.08462379	0.13643502	9.2408931
-0.0000027185854	-0.000001936816	0.084694332	0.13654206	9.2485042
-0.0000027208233	-0.0000019384104	0.084764897	0.13664913	9.2561175
-0.0000027230619	-0.0000019400053	0.084835483	0.13675622	9.263733
-0.0000027253011	-0.0000019416005	0.084906092	0.13686334	9.2713508
-0.000002727541	-0.0000019431963	0.084976723	0.13697047	9.2789707
-0.0000027297815	-0.0000019447925	0.085047376	0.13707764	9.2865929
-0.0000027320227	-0.0000019463892	0.085118051	0.13718482	9.2942172
-0.0000027342645	-0.0000019479864	0.085188748	0.13729203	9.3018438
-0.000002736507	-0.000001949584	0.085259467	0.13739926	9.3094725
-0.0000027387501	-0.0000019511821	0.085330209	0.13750651	9.3171035
-0.0000027409938	-0.0000019527806	0.085400972	0.13761379	9.3247366
-0.0000027432382	-0.0000019543796	0.085471757	0.13772109	9.332372
-0.0000027454833	-0.000001955979	0.085542563	0.13782842	9.3400095
-0.000002747729	-0.0000019575789	0.085613392	0.13793576	9.3476493
-0.0000027499753	-0.0000019591793	0.085684243	0.13804313	9.3552912
-0.0000027522223	-0.0000019607801	0.085755116	0.13815052	9.3629353
-0.0000027544699	-0.0000019623814	0.08582601	0.13825794	9.3705816
-0.0000027567182	-0.0000019639832	0.085896927	0.13836538	9.3782301
-0.0000027589671	-0.0000019655853	0.085967865	0.13847284	9.3858808
-0.0000027612166	-0.000001967188	0.086038825	0.13858032	9.3935336
-0.0000027634668	-0.0000019687911	0.086109807	0.13868783	9.4011886
-0.0000027657176	-0.0000019703947	0.08618081	0.13879536	9.4088458
-0.0000027679691	-0.0000019719987	0.086251835	0.13890291	9.4165052
-0.0000027702212	-0.0000019736032	0.086322882	0.13901048	9.4241667
-0.0000027724739	-0.0000019752081	0.086393951	0.13911808	9.4318304
-0.0000027747273	-0.0000019768135	0.086465042	0.1392257	9.4394962
-0.0000027769813	-0.0000019784193	0.086536154	0.13933334	9.4471643
-0.0000027792359	-0.0000019800256	0.086607288	0.139441	9.4548344
-0.0000027814912	-0.0000019816323	0.086678443	0.13954869	9.4625068
-0.0000027837471	-0.0000019832395	0.08674962	0.1396564	9.4701813
-0.0000027860036	-0.0000019848472	0.086820819	0.13976413	9.4778579
-0.0000027882608	-0.0000019864552	0.086892039	0.13987188	9.4855367
-0.0000027905186	-0.0000019880638	0.086963281	0.13997966	9.4932177
-0.0000027927771	-0.0000019896728	0.087034544	0.14008746	9.5009008
-0.0000027950361	-0.0000019912822	0.087105829	0.14019528	9.5085861
-0.0000027972958	-0.0000019928921	0.087177136	0.14030312	9.5162734
-0.0000027995562	-0.0000019945024	0.087248464	0.14041099	9.523963
-0.0000028018171	-0.0000019961132	0.087319813	0.14051887	9.5316546
-0.0000028040787	-0.0000019977245	0.087391184	0.14062678	9.5393485
-0.0000028063409	-0.0000019993361	0.087462576	0.14073472	9.5470444
-0.0000028086038	-0.0000020009483	0.08753399	0.14084267	9.5547425
-0.0000028108672	-0.0000020025608	0.087605425	0.14095064	9.5624427
-0.0000028131313	-0.0000020041739	0.087676882	0.14105864	9.570145
-0.000002815396	-0.0000020057873	0.08774836	0.14116666	9.5778495
-0.0000028176614	-0.0000020074012	0.087819859	0.1412747	9.585556
-0.0000028199273	-0.0000020090156	0.087891379	0.14138277	9.5932648
-0.0000028221939	-0.0000020106304	0.087962921	0.14149085	9.6009756
-0.0000028244611	-0.0000020122456	0.088034484	0.14159896	9.6086885
-0.0000028267289	-0.0000020138613	0.088106069	0.14170708	9.6164036
-0.0000028289974	-0.0000020154774	0.088177675	0.14181524	9.6241207
-0.0000028312665	-0.000002017094	0.088249302	0.14192341	9.63184
-0.0000028335362	-0.000002018711	0.08832095	0.1420316	9.6395614
-0.0000028358065	-0.0000020203284	0.088392619	0.14213982	9.6472849
-0.0000028380774	-0.0000020219463	0.08846431	0.14224805	9.6550105
-0.0000028403489	-0.0000020235647	0.088536021	0.14235631	9.6627382
-0.0000028426211	-0.0000020251834	0.088607754	0.14246459	9.670468
-0.0000028448939	-0.0000020268026	0.088679508	0.14257289	9.6781999
-0.0000028471673	-0.0000020284223	0.088751283	0.14268121	9.6859338
-0.0000028494413	-0.0000020300424	0.08882308	0.14278956	9.6936699
-0.0000028517159	-0.0000020316629	0.088894897	0.14289792	9.7014081
-0.0000028539912	-0.0000020332838	0.088966735	0.14300631	9.7091483
-0.000002856267	-0.0000020349052	0.089038595	0.14311472	9.7168907
-0.0000028585435	-0.0000020365271	0.089110475	0.14322315	9.7246351
-0.0000028608205	-0.0000020381493	0.089182376	0.1433316	9.7323816
-0.0000028630982	-0.0000020397721	0.089254299	0.14344007	9.7401302
-0.0000028653765	-0.0000020413952	0.089326242	0.14354856	9.7478809
-0.0000028676554	-0.0000020430188	0.089398206	0.14365707	9.7556336
-0.000002869935	-0.0000020446428	0.089470192	0.14376561	9.7633884
-0.0000028722151	-0.0000020462672	0.089542198	0.14387417	9.7711453
-0.0000028744958	-0.0000020478921	0.089614225	0.14398274	9.7789043
-0.0000028767772	-0.0000020495174	0.089686272	0.14409134	9.7866653
-0.0000028790591	-0.0000020511431	0.089758341	0.14419996	9.7944284
-0.0000028813417	-0.0000020527693	0.089830431	0.1443086	9.8021935
-0.0000028836248	-0.0000020543959	0.089902541	0.14441726	9.8099607
-0.0000028859086	-0.0000020560229	0.089974672	0.14452594	9.81773
-0.0000028881929	-0.0000020576504	0.090046824	0.14463464	9.8255013
-0.0000028904779	-0.0000020592783	0.090118997	0.14474337	9.8332746
-0.0000028927635	-0.0000020609066	0.09019119	0.14485211	9.8410501
-0.0000028950497	-0.0000020625354	0.090263404	0.14496087	9.8488275
-0.0000028973364	-0.0000020641646	0.090335639	0.14506966	9.856607
-0.0000028996238	-0.0000020657942	0.090407894	0.14517847	9.8643886
-0.0000029019118	-0.0000020674242	0.09048017	0.14528729	9.8721722
-0.0000029042004	-0.0000020690547	0.090552467	0.14539614	9.8799578
-0.0000029064895	-0.0000020706856	0.090624784	0.14550501	9.8877455
-0.0000029087793	-0.0000020723169	0.090697122	0.14561389	9.8955352
-0.0000029110697	-0.0000020739486	0.090769481	0.1457228	9.9033269
-0.0000029133607	-0.0000020755808	0.09084186	0.14583173	9.9111207
-0.0000029156522	-0.0000020772134	0.09091426	0.14594068	9.9189165
-0.0000029179444	-0.0000020788464	0.09098668	0.14604965	9.9267143
-0.0000029202371	-0.0000020804798	0.091059121	0.14615864	9.9345142
-0.0000029225305	-0.0000020821137	0.091131582	0.14626765	9.942316
-0.0000029248244	-0.000002083748	0.091204064	0.14637668	9.9501199
-0.000002927119	-0.0000020853827	0.091276566	0.14648573	9.9579258
-0.0000029294141	-0.0000020870178	0.091349088	0.1465948	9.9657337
-0.0000029317098	-0.0000020886534	0.091421631	0.14670389	9.9735437
-0.0000029340061	-0.0000020902893	0.091494195	0.146813	9.9813556
-0.000002936303	-0.0000020919257	0.091566778	0.14692213	9.9891696
-0.0000029386005	-0.0000020935625	0.091639382	0.14703129	9.9969855
-0.0000029408986	-0.0000020951998	0.091712007	0.14714046	10.004803
-0.0000029431972	-0.0000020968374	0.091784651	0.14724965	10.012623
-0.0000029454965	-0.0000020984755	0.091857317	0.14735886	10.020445
-0.0000029477963	-0.000002100114	0.091930002	0.14746809	10.028269
-0.0000029500968	-0.0000021017529	0.092002707	0.14757734	10.036095
-0.0000029523978	-0.0000021033922	0.092075433	0.14768661	10.043923
-0.0000029546994	-0.0000021050319	0.092148179	0.1477959	10.051753
-0.0000029570016	-0.0000021066721	0.092220946	0.14790521	10.059585
-0.0000029593043	-0.0000021083127	0.092293732	0.14801454	10.067419
-0.0000029616077	-0.0000021099536	0.092366539	0.14812389	10.075255
-0.0000029639116	-0.000002111595	0.092439365	0.14823326	10.083093
-0.0000029662161	-0.0000021132369	0.092512212	0.14834265	10.090933
-0.0000029685212	-0.0000021148791	0.092585079	0.14845206	10.098774
-0.0000029708269	-0.0000021165217	0.092657966	0.14856148	10.106618
-0.0000029731331	-0.0000021181648	0.092730873	0.14867093	10.114464
-0.00000297544	-0.0000021198083	0.0928038	0.1487804	10.122312
-0.0000029777474	-0.0000021214521	0.092876748	0.14888988	10.130161
-0.0000029800554	-0.0000021230964	0.092949715	0.14899939	10.138013
-0.0000029823639	-0.0000021247411	0.093022702	0.14910891	10.145867
-0.0000029846731	-0.0000021263862	0.093095709	0.14921846	10.153722
-0.0000029869828	-0.0000021280318	0.093168736	0.14932802	10.16158
-0.0000029892931	-0.0000021296777	0.093241784	0.1494376	10.169439
-0.0000029916039	-0.000002131324	0.093314851	0.14954721	10.177301
-0.0000029939154	-0.0000021329708	0.093387937	0.14965683	10.185164
-0.0000029962274	-0.000002134618	0.093461044	0.14976647	10.19303
-0.00000299854	-0.0000021362655	0.093534171	0.14987613	10.200897
-0.0000030008531	-0.0000021379135	0.093607317	0.14998581	10.208766
-0.0000030031668	-0.0000021395619	0.093680484	0.1500955	10.216637
-0.0000030054811	-0.0000021412107	0.09375367	0.15020522	10.22451
-0.000003007796	-0.0000021428598	0.093826876	0.15031496	10.232386
-0.0000030101114	-0.0000021445094	0.093900101	0.15042471	10.240263
-0.0000030124274	-0.0000021461594	0.093973347	0.15053448	10.248141
-0.000003014744	-0.0000021478099	0.094046612	0.15064428	10.256022
-0.0000030170612	-0.0000021494607	0.094119897	0.15075409	10.263905
-0.0000030193789	-0.0000021511119	0.094193201	0.15086392	10.27179
-0.0000030216971	-0.0000021527635	0.094266525	0.15097376	10.279676
-0.000003024016	-0.0000021544155	0.094339869	0.15108363	10.287565
-0.0000030263354	-0.0000021560679	0.094413232	0.15119352	10.295456
-0.0000030286553	-0.0000021577208	0.094486615	0.15130342	10.303348
-0.0000030309758	-0.000002159374	0.094560018	0.15141335	10.311242
-0.0000030332969	-0.0000021610276	0.09463344	0.15152329	10.319138
-0.0000030356186	-0.0000021626816	0.094706882	0.15163325	10.327037
-0.0000030379408	-0.0000021643361	0.094780343	0.15174323	10.334937
-0.0000030402636	-0.0000021659909	0.094853824	0.15185322	10.342839
-0.0000030425869	-0.0000021676461	0.094927324	0.15196324	10.350742
-0.0000030449108	-0.0000021693017	0.095000844	0.15207327	10.358648
-0.0000030472352	-0.0000021709577	0.095074383	0.15218333	10.366556
-0.0000030495602	-0.0000021726141	0.095147942	0.1522934	10.374465
-0.0000030518858	-0.000002174271	0.09522152	0.15240349	10.382377
-0.0000030542119	-0.0000021759282	0.095295117	0.15251359	10.39029
-0.0000030565386	-0.0000021775858	0.095368734	0.15262372	10.398205
-0.0000030588658	-0.0000021792438	0.09544237	0.15273386	10.406123
-0.0000030611936	-0.0000021809022	0.095516026	0.15284403	10.414042
-0.0000030635219	-0.0000021825609	0.095589701	0.15295421	10.421962
-0.0000030658508	-0.0000021842201	0.095663395	0.1530644	10.429885
-0.0000030681802	-0.0000021858797	0.095737108	0.15317462	10.43781
-0.0000030705102	-0.0000021875397	0.095810841	0.15328486	10.445736
-0.0000030728408	-0.0000021892	0.095884593	0.15339511	10.453665
-0.0000030751719	-0.0000021908608	0.095958364	0.15350538	10.461595
-0.0000030775035	-0.0000021925219	0.096032154	0.15361567	10.469527
-0.0000030798357	-0.0000021941834	0.096105963	0.15372597	10.477461
-0.0000030821684	-0.0000021958454	0.096179792	0.1538363	10.485397
-0.0000030845017	-0.0000021975077	0.09625364	0.15394664	10.493335
-0.0000030868355	-0.0000021991704	0.096327507	0.154057	10.501274
-0.0000030891699	-0.0000022008335	0.096401393	0.15416737	10.509216
-0.0000030915048	-0.000002202497	0.096475298	0.15427777	10.517159
-0.0000030938403	-0.0000022041608	0.096549222	0.15438818	10.525104
-0.0000030961763	-0.0000022058251	0.096623165	0.15449861	10.533051
-0.0000030985129	-0.0000022074897	0.096697127	0.15460906	10.541
-0.00000310085	-0.0000022091548	0.096771108	0.15471953	10.548951
-0.0000031031876	-0.0000022108202	0.096845109	0.15483001	10.556903
-0.0000031055258	-0.000002212486	0.096919128	0.15494051	10.564858
-0.0000031078645	-0.0000022141522	0.096993166	0.15505103	10.572814
-0.0000031102037	-0.0000022158187	0.097067223	0.15516156	10.580772
-0.0000031125435	-0.0000022174857	0.097141299	0.15527211	10.588732
-0.0000031148839	-0.000002219153	0.097215393	0.15538268	10.596694
-0.0000031172248	-0.0000022208207	0.097289507	0.15549327	10.604657
-0.0000031195662	-0.0000022224888	0.09736364	0.15560388	10.612622
-0.0000031219081	-0.0000022241573	0.097437791	0.1557145	10.62059
-0.0000031242506	-0.0000022258262	0.097511961	0.15582514	10.628559
-0.0000031265936	-0.0000022274954	0.09758615	0.15593579	10.63653
-0.0000031289372	-0.0000022291651	0.097660358	0.15604647	10.644502
-0.0000031312813	-0.0000022308351	0.097734584	0.15615716	10.652477
-0.0000031336259	-0.0000022325055	0.097808829	0.15626786	10.660453
-0.000003135971	-0.0000022341762	0.097883093	0.15637859	10.668431
-0.0000031383167	-0.0000022358474	0.097957376	0.15648933	10.676411
-0.0000031406629	-0.0000022375189	0.098031677	0.15660009	10.684393
-0.0000031430097	-0.0000022391908	0.098105997	0.15671086	10.692376
-0.0000031453569	-0.0000022408631	0.098180335	0.15682166	10.700362
-0.0000031477047	-0.0000022425358	0.098254692	0.15693246	10.708349
-0.0000031500531	-0.0000022442088	0.098329068	0.15704329	10.716338
-0.0000031524019	-0.0000022458822	0.098403462	0.15715413	10.724328
-0.0000031547513	-0.000002247556	0.098477875	0.15726499	10.732321
-0.0000031571012	-0.0000022492301	0.098552306	0.15737587	10.740315
-0.0000031594517	-0.0000022509047	0.098626756	0.15748676	10.748311
-0.0000031618026	-0.0000022525796	0.098701224	0.15759767	10.756309
-0.0000031641541	-0.0000022542549	0.098775711	0.1577086	10.764309
-0.0000031665061	-0.0000022559305	0.098850216	0.15781954	10.77231
-0.0000031688586	-0.0000022576065	0.09892474	0.1579305	10.780313
-0.0000031712117	-0.0000022592829	0.098999282	0.15804147	10.788318
-0.0000031735653	-0.0000022609597	0.099073842	0.15815247	10.796325
-0.0000031759194	-0.0000022626369	0.099148421	0.15826348	10.804334
-0.000003178274	-0.0000022643144	0.099223018	0.1583745	10.812344
-0.0000031806291	-0.0000022659922	0.099297634	0.15848554	10.820356
-0.0000031829848	-0.0000022676705	0.099372268	0.1585966	10.82837
-0.0000031853409	-0.0000022693491	0.09944692	0.15870767	10.836385
-0.0000031876976	-0.0000022710281	0.09952159	0.15881876	10.844403
-0.0000031900548	-0.0000022727075	0.099596279	0.15892987	10.852422
-0.0000031924126	-0.0000022743872	0.099670986	0.15904099	10.860443
-0.0000031947708	-0.0000022760673	0.099745711	0.15915213	10.868465
-0.0000031971295	-0.0000022777477	0.099820454	0.15926329	10.87649
-0.0000031994888	-0.0000022794286	0.099895215	0.15937446	10.884516
-0.0000032018486	-0.0000022811097	0.099969995	0.15948564	10.892544
-0.0000032042089	-0.0000022827913	0.10004479	0.15959685	10.900573
-0.0000032065697	-0.0000022844732	0.10011961	0.15970807	10.908604
-0.000003208931	-0.0000022861555	0.10019444	0.1598193	10.916638
-0.0000032112928	-0.0000022878381	0.10026929	0.15993055	10.924672
-0.0000032136551	-0.0000022895211	0.10034416	0.16004182	10.932709
-0.000003216018	-0.0000022912045	0.10041905	0.1601531	10.940747
-0.0000032183813	-0.0000022928882	0.10049396	0.1602644	10.948787
-0.0000032207452	-0.0000022945723	0.10056888	0.16037571	10.956829
-0.0000032231095	-0.0000022962568	0.10064382	0.16048704	10.964872
-0.0000032254744	-0.0000022979416	0.10071878	0.16059839	10.972918
-0.0000032278398	-0.0000022996268	0.10079376	0.16070975	10.980964
-0.0000032302057	-0.0000023013123	0.10086876	0.16082112	10.989013
-0.0000032325721	-0.0000023029982	0.10094377	0.16093252	10.997063
-0.0000032349389	-0.0000023046845	0.1010188	0.16104392	11.005115
-0.0000032373063	-0.0000023063711	0.10109385	0.16115535	11.013169
-0.0000032396742	-0.0000023080581	0.10116892	0.16126679	11.021225
-0.0000032420426	-0.0000023097454	0.101244	0.16137824	11.029282
-0.0000032444115	-0.0000023114331	0.10131911	0.16148971	11.037341
-0.0000032467809	-0.0000023131211	0.10139423	0.16160119	11.045401
-0.0000032491508	-0.0000023148095	0.10146937	0.16171269	11.053463
-0.0000032515212	-0.0000023164982	0.10154452	0.16182421	11.061527
-0.0000032538921	-0.0000023181873	0.1016197	0.16193574	11.069593
-0.0000032562635	-0.0000023198768	0.10169489	0.16204729	11.07766
-0.0000032586353	-0.0000023215666	0.1017701	0.16215885	11.085729
-0.0000032610077	-0.0000023232568	0.10184532	0.16227042	11.0938
-0.0000032633806	-0.0000023249473	0.10192057	0.16238202	11.101873
-0.0000032657539	-0.0000023266382	0.10199583	0.16249362	11.109947
-0.0000032681278	-0.0000023283294	0.10207111	0.16260524	11.118022
-0.0000032705022	-0.000002330021	0.10214641	0.16271688	11.1261
-0.000003272877	-0.0000023317129	0.10222172	0.16282853	11.134179
-0.0000032752523	-0.0000023334052	0.10229705	0.1629402	11.14226
-0.0000032776282	-0.0000023350978	0.1023724	0.16305188	11.150342
-0.0000032800045	-0.0000023367908	0.10244777	0.16316358	11.158426
-0.0000032823813	-0.0000023384841	0.10252315	0.16327529	11.166512
-0.0000032847586	-0.0000023401777	0.10259856	0.16338701	11.1746
-0.0000032871364	-0.0000023418718	0.10267397	0.16349875	11.182689
-0.0000032895146	-0.0000023435661	0.10274941	0.16361051	11.190779
-0.0000032918934	-0.0000023452608	0.10282487	0.16372228	11.198872
-0.0000032942726	-0.0000023469559	0.10290034	0.16383406	11.206966
-0.0000032966524	-0.0000023486513	0.10297583	0.16394586	11.215062
-0.0000032990326	-0.000002350347	0.10305133	0.16405768	11.223159
-0.0000033014133	-0.0000023520431	0.10312686	0.16416951	11.231258
-0.0000033037945	-0.0000023537396	0.1032024	0.16428135	11.239359
-0.0000033061761	-0.0000023554363	0.10327795	0.16439321	11.247461
-0.0000033085583	-0.0000023571335	0.10335353	0.16450508	11.255565
-0.0000033109409	-0.0000023588309	0.10342912	0.16461696	11.263671
-0.000003313324	-0.0000023605287	0.10350473	0.16472887	11.271778
-0.0000033157076	-0.0000023622269	0.10358036	0.16484078	11.279887
-0.0000033180916	-0.0000023639254	0.103656	0.16495271	11.287997
-0.0000033204762	-0.0000023656242	0.10373166	0.16506465	11.296109
-0.0000033228612	-0.0000023673234	0.10380734	0.16517661	11.304223
-0.0000033252467	-0.0000023690229	0.10388304	0.16528858	11.312338
-0.0000033276327	-0.0000023707227	0.10395875	0.16540057	11.320455
-0.0000033300191	-0.0000023724229	0.10403448	0.16551257	11.328574
-0.000003332406	-0.0000023741235	0.10411023	0.16562458	11.336694
-0.0000033347934	-0.0000023758243	0.10418599	0.16573661	11.344816
-0.0000033371813	-0.0000023775255	0.10426177	0.16584866	11.352939
-0.0000033395696	-0.0000023792271	0.10433757	0.16596071	11.361064
-0.0000033419584	-0.0000023809289	0.10441338	0.16607278	11.369191
-0.0000033443477	-0.0000023826312	0.10448921	0.16618487	11.377319
-0.0000033467375	-0.0000023843337	0.10456506	0.16629696	11.385449
-0.0000033491277	-0.0000023860366	0.10464093	0.16640908	11.39358
-0.0000033515184	-0.0000023877398	0.10471681	0.1665212	11.401713
-0.0000033539096	-0.0000023894433	0.10479271	0.16663334	11.409848
-0.0000033563012	-0.0000023911472	0.10486862	0.1667455	11.417984
-0.0000033586933	-0.0000023928514	0.10494456	0.16685766	11.426122
-0.0000033610858	-0.000002394556	0.10502051	0.16696984	11.434261
-0.0000033634789	-0.0000023962609	0.10509647	0.16708204	11.442402
-0.0000033658724	-0.0000023979661	0.10517245	0.16719425	11.450545
-0.0000033682663	-0.0000023996716	0.10524845	0.16730647	11.458689
-0.0000033706607	-0.0000024013775	0.10532447	0.1674187	11.466835
-0.0000033730556	-0.0000024030837	0.1054005	0.16753095	11.474982
-0.000003375451	-0.0000024047902	0.10547655	0.16764321	11.483131
-0.0000033778468	-0.0000024064971	0.10555262	0.16775549	11.491281
-0.000003380243	-0.0000024082042	0.1056287	0.16786778	11.499433
-0.0000033826398	-0.0000024099117	0.1057048	0.16798008	11.507587
-0.000003385037	-0.0000024116196	0.10578092	0.1680924	11.515742
-0.0000033874346	-0.0000024133278	0.10585705	0.16820472	11.523899
-0.0000033898327	-0.0000024150362	0.1059332	0.16831707	11.532057
-0.0000033922313	-0.0000024167451	0.10600937	0.16842942	11.540217
-0.0000033946303	-0.0000024184542	0.10608555	0.16854179	11.548378
-0.0000033970297	-0.0000024201637	0.10616175	0.16865417	11.556541
-0.0000033994297	-0.0000024218735	0.10623796	0.16876657	11.564705
-0.00000340183	-0.0000024235836	0.10631419	0.16887897	11.572871
-0.0000034042309	-0.000002425294	0.10639044	0.16899139	11.581039
-0.0000034066322	-0.0000024270048	0.1064667	0.16910383	11.589208
-0.0000034090339	-0.0000024287158	0.10654299	0.16921628	11.597379
-0.0000034114361	-0.0000024304273	0.10661928	0.16932873	11.605551
-0.0000034138387	-0.000002432139	0.1066956	0.16944121	11.613724
-0.0000034162418	-0.000002433851	0.10677193	0.16955369	11.6219
-0.0000034186453	-0.0000024355634	0.10684827	0.16966619	11.630076
-0.0000034210493	-0.0000024372761	0.10692463	0.1697787	11.638255
-0.0000034234538	-0.0000024389891	0.10700101	0.16989123	11.646434
-0.0000034258586	-0.0000024407024	0.10707741	0.17000376	11.654616
-0.000003428264	-0.000002442416	0.10715382	0.17011631	11.662798
-0.0000034306697	-0.00000244413	0.10723024	0.17022887	11.670983
-0.000003433076	-0.0000024458443	0.10730669	0.17034145	11.679169
-0.0000034354826	-0.0000024475589	0.10738315	0.17045403	11.687356
-0.0000034378897	-0.0000024492738	0.10745962	0.17056663	11.695545
-0.0000034402973	-0.000002450989	0.10753611	0.17067925	11.703735
-0.0000034427053	-0.0000024527045	0.10761262	0.17079187	11.711927
-0.0000034451137	-0.0000024544204	0.10768915	0.17090451	11.72012
-0.0000034475226	-0.0000024561365	0.10776569	0.17101716	11.728315
-0.0000034499319	-0.000002457853	0.10784224	0.17112982	11.736512
-0.0000034523416	-0.0000024595698	0.10791881	0.17124249	11.744709
-0.0000034547518	-0.0000024612869	0.1079954	0.17135518	11.752909
-0.0000034571624	-0.0000024630043	0.108072	0.17146788	11.76111
-0.0000034595735	-0.000002464722	0.10814862	0.17158059	11.769312
-0.000003461985	-0.0000024664401	0.10822526	0.17169331	11.777516
-0.0000034643969	-0.0000024681584	0.10830191	0.17180605	11.785721
-0.0000034668093	-0.0000024698771	0.10837858	0.17191879	11.793928
-0.0000034692221	-0.0000024715961	0.10845526	0.17203155	11.802136
-0.0000034716353	-0.0000024733153	0.10853196	0.17214432	11.810346
-0.000003474049	-0.0000024750349	0.10860868	0.17225711	11.818557
-0.0000034764631	-0.0000024767548	0.10868541	0.1723699	11.82677
-0.0000034788776	-0.000002478475	0.10876215	0.17248271	11.834984
-0.0000034812926	-0.0000024801955	0.10883892	0.17259553	11.843199
-0.000003483708	-0.0000024819163	0.10891569	0.17270836	11.851416
-0.0000034861238	-0.0000024836374	0.10899249	0.1728212	11.859635
-0.0000034885401	-0.0000024853589	0.1090693	0.17293406	11.867855
-0.0000034909568	-0.0000024870806	0.10914612	0.17304692	11.876076
-0.0000034933739	-0.0000024888026	0.10922296	0.1731598	11.884299
-0.0000034957914	-0.000002490525	0.10929982	0.17327269	11.892524
-0.0000034982094	-0.0000024922476	0.10937669	0.17338559	11.900749
-0.0000035006277	-0.0000024939705	0.10945358	0.1734985	11.908977
-0.0000035030465	-0.0000024956938	0.10953048	0.17361143	11.917205
-0.0000035054658	-0.0000024974173	0.1096074	0.17372436	11.925435
-0.0000035078854	-0.0000024991412	0.10968433	0.17383731	11.933667
-0.0000035103055	-0.0000025008653	0.10976128	0.17395027	11.9419
-0.000003512726	-0.0000025025898	0.10983825	0.17406324	11.950134
-0.0000035151469	-0.0000025043145	0.10991523	0.17417622	11.95837
-0.0000035175682	-0.0000025060395	0.10999222	0.17428922	11.966607
-0.00000351999	-0.0000025077649	0.11006923	0.17440222	11.974846
-0.0000035224122	-0.0000025094905	0.11014626	0.17451524	11.983086
-0.0000035248348	-0.0000025112165	0.1102233	0.17462827	11.991328
-0.0000035272578	-0.0000025129427	0.11030036	0.1747413	11.999571
-0.0000035296812	-0.0000025146692	0.11037743	0.17485435	12.007815
-0.000003532105	-0.0000025163961	0.11045452	0.17496741	12.016061
-0.0000035345293	-0.0000025181232	0.11053162	0.17508049	12.024308
-0.000003536954	-0.0000025198506	0.11060874	0.17519357	12.032557
-0.000003539379	-0.0000025215783	0.11068587	0.17530666	12.040807
-0.0000035418045	-0.0000025233063	0.11076302	0.17541977	12.049058
-0.0000035442304	-0.0000025250346	0.11084019	0.17553288	12.057311
-0.0000035466568	-0.0000025267632	0.11091737	0.17564601	12.065565
-0.0000035490835	-0.0000025284921	0.11099456	0.17575915	12.073821
-0.0000035515106	-0.0000025302213	0.11107177	0.1758723	12.082078
-0.0000035539382	-0.0000025319508	0.111149	0.17598546	12.090336
-0.0000035563661	-0.0000025336805	0.11122623	0.17609863	12.098596
-0.0000035587945	-0.0000025354106	0.11130349	0.17621181	12.106857
-0.0000035612232	-0.0000025371409	0.11138076	0.176325	12.11512
-0.0000035636524	-0.0000025388715	0.11145804	0.1764382	12.123384
-0.000003566082	-0.0000025406025	0.11153534	0.17655142	12.131649
-0.000003568512	-0.0000025423337	0.11161266	0.17666464	12.139916
-0.0000035709424	-0.0000025440652	0.11168999	0.17677788	12.148184
-0.0000035733732	-0.0000025457969	0.11176733	0.17689112	12.156453
-0.0000035758044	-0.000002547529	0.11184469	0.17700438	12.164724
-0.0000035782359	-0.0000025492614	0.11192207	0.17711764	12.172996
-0.0000035806679	-0.000002550994	0.11199946	0.17723092	12.18127
-0.0000035831003	-0.0000025527269	0.11207686	0.17734421	12.189545
-0.0000035855331	-0.0000025544601	0.11215428	0.1774575	12.197821
-0.0000035879663	-0.0000025561936	0.11223171	0.17757081	12.206099
-0.0000035903999	-0.0000025579274	0.11230916	0.17768413	12.214378
-0.0000035928339	-0.0000025596615	0.11238663	0.17779746	12.222658
-0.0000035952683	-0.0000025613958	0.11246411	0.1779108	12.23094
-0.0000035977031	-0.0000025631304	0.1125416	0.17802415	12.239223
-0.0000036001383	-0.0000025648653	0.11261911	0.17813751	12.247507
-0.0000036025738	-0.0000025666005	0.11269663	0.17825087	12.255793
-0.0000036050098	-0.000002568336	0.11277417	0.17836425	12.26408
-0.0000036074462	-0.0000025700717	0.11285172	0.17847764	12.272368
-0.0000036098829	-0.0000025718078	0.11292928	0.17859104	12.280658
-0.00000361232	-0.0000025735441	0.11300686	0.17870445	12.288949
-0.0000036147576	-0.0000025752807	0.11308446	0.17881787	12.297241
-0.0000036171955	-0.0000025770175	0.11316207	0.1789313	12.305535
-0.0000036196338	-0.0000025787547	0.11323969	0.17904474	12.31383
-0.0000036220725	-0.0000025804921	0.11331733	0.17915819	12.322126
-0.0000036245116	-0.0000025822298	0.11339499	0.17927165	12.330424
-0.0000036269511	-0.0000025839677	0.11347265	0.17938512	12.338723
-0.0000036293909	-0.000002585706	0.11355034	0.17949859	12.347023
-0.0000036318312	-0.0000025874445	0.11362803	0.17961208	12.355325
-0.0000036342718	-0.0000025891833	0.11370575	0.17972558	12.363628
-0.0000036367128	-0.0000025909224	0.11378347	0.17983909	12.371932
-0.0000036391542	-0.0000025926617	0.11386121	0.1799526	12.380238
-0.000003641596	-0.0000025944013	0.11393897	0.18006613	12.388544
-0.0000036440382	-0.0000025961412	0.11401673	0.18017967	12.396853
-0.0000036464807	-0.0000025978813	0.11409452	0.18029321	12.405162
-0.0000036489237	-0.0000025996218	0.11417231	0.18040677	12.413473
-0.000003651367	-0.0000026013625	0.11425013	0.18052033	12.421785
-0.0000036538107	-0.0000026031034	0.11432795	0.18063391	12.430098
-0.0000036562547	-0.0000026048447	0.11440579	0.18074749	12.438413
-0.0000036586992	-0.0000026065862	0.11448365	0.18086108	12.446728
-0.000003661144	-0.000002608328	0.11456151	0.18097468	12.455046
-0.0000036635892	-0.00000261007	0.1146394	0.18108829	12.463364
-0.0000036660347	-0.0000026118123	0.11471729	0.18120191	12.471684
-0.0000036684807	-0.0000026135549	0.1147952	0.18131554	12.480005
-0.000003670927	-0.0000026152977	0.11487313	0.18142918	12.488327
-0.0000036733737	-0.0000026170408	0.11495107	0.18154283	12.496651
-0.0000036758208	-0.0000026187842	0.11502902	0.18165649	12.504975
-0.0000036782682	-0.0000026205279	0.11510699	0.18177015	12.513301
-0.000003680716	-0.0000026222718	0.11518497	0.18188383	12.521629
-0.0000036831642	-0.0000026240159	0.11526296	0.18199751	12.529957
-0.0000036856127	-0.0000026257604	0.11534097	0.18211121	12.538287
-0.0000036880617	-0.0000026275051	0.115419	0.18222491	12.546618
-0.0000036905109	-0.00000262925	0.11549703	0.18233862	12.554951
-0.0000036929606	-0.0000026309952	0.11557508	0.18245234	12.563284
-0.0000036954106	-0.0000026327407	0.11565315	0.18256607	12.571619
-0.000003697861	-0.0000026344865	0.11573123	0.1826798	12.579955
-0.0000037003117	-0.0000026362325	0.11580932	0.18279355	12.588293
-0.0000037027629	-0.0000026379787	0.11588742	0.1829073	12.596631
-0.0000037052143	-0.0000026397252	0.11596554	0.18302107	12.604971
-0.0000037076662	-0.000002641472	0.11604368	0.18313484	12.613312
-0.0000037101184	-0.0000026432191	0.11612182	0.18324862	12.621654
-0.0000037125709	-0.0000026449663	0.11619998	0.18336241	12.629998
-0.0000037150239	-0.0000026467139	0.11627816	0.1834762	12.638343
-0.0000037174772	-0.0000026484617	0.11635635	0.18359001	12.646689
-0.0000037199308	-0.0000026502098	0.11643455	0.18370383	12.655036
-0.0000037223848	-0.0000026519581	0.11651276	0.18381765	12.663384
-0.0000037248392	-0.0000026537067	0.11659099	0.18393148	12.671734
-0.0000037272939	-0.0000026554555	0.11666924	0.18404532	12.680085
-0.000003729749	-0.0000026572046	0.11674749	0.18415917	12.688437
-0.0000037322044	-0.0000026589539	0.11682576	0.18427302	12.69679
-0.0000037346602	-0.0000026607035	0.11690405	0.18438689	12.705144
-0.0000037371163	-0.0000026624533	0.11698234	0.18450076	12.7135
-0.0000037395728	-0.0000026642034	0.11706065	0.18461464	12.721857
-0.0000037420297	-0.0000026659538	0.11713898	0.18472853	12.730215
-0.0000037444869	-0.0000026677044	0.11721731	0.18484243	12.738574
-0.0000037469444	-0.0000026694552	0.11729566	0.18495633	12.746935
-0.0000037494023	-0.0000026712063	0.11737403	0.18507024	12.755296
-0.0000037518606	-0.0000026729576	0.11745241	0.18518417	12.763659
-0.0000037543191	-0.0000026747092	0.1175308	0.18529809	12.772023
-0.0000037567781	-0.0000026764611	0.1176092	0.18541203	12.780389
-0.0000037592374	-0.0000026782132	0.11768762	0.18552598	12.788755
-0.000003761697	-0.0000026799655	0.11776605	0.18563993	12.797123
-0.000003764157	-0.0000026817181	0.11784449	0.18575389	12.805491
-0.0000037666173	-0.0000026834709	0.11792295	0.18586786	12.813861
-0.000003769078	-0.000002685224	0.11800142	0.18598183	12.822232
-0.000003771539	-0.0000026869773	0.1180799	0.18609582	12.830605
-0.0000037740004	-0.0000026887309	0.1181584	0.18620981	12.838978
-0.0000037764621	-0.0000026904847	0.11823691	0.18632381	12.847353
-0.0000037789242	-0.0000026922387	0.11831543	0.18643782	12.855728
-0.0000037813865	-0.000002693993	0.11839397	0.18655183	12.864105
-0.0000037838493	-0.0000026957475	0.11847252	0.18666585	12.872483
-0.0000037863123	-0.0000026975023	0.11855108	0.18677988	12.880863
-0.0000037887757	-0.0000026992573	0.11862966	0.18689392	12.889243
-0.0000037912395	-0.0000027010126	0.11870824	0.18700796	12.897625
-0.0000037937036	-0.0000027027681	0.11878684	0.18712201	12.906007
-0.000003796168	-0.0000027045238	0.11886546	0.18723607	12.914391
-0.0000037986327	-0.0000027062798	0.11894409	0.18735014	12.922776
-0.0000038010978	-0.000002708036	0.11902273	0.18746421	12.931162
-0.0000038035633	-0.0000027097925	0.11910138	0.18757829	12.93955
-0.000003806029	-0.0000027115492	0.11918005	0.18769238	12.947938
-0.0000038084951	-0.0000027133061	0.11925872	0.18780648	12.956327
-0.0000038109615	-0.0000027150633	0.11933742	0.18792058	12.964718
-0.0000038134283	-0.0000027168207	0.11941612	0.18803469	12.97311
-0.0000038158954	-0.0000027185783	0.11949484	0.18814881	12.981503
-0.0000038183628	-0.0000027203362	0.11957357	0.18826293	12.989897
-0.0000038208305	-0.0000027220943	0.11965231	0.18837706	12.998292
-0.0000038232986	-0.0000027238526	0.11973107	0.1884912	13.006688
-0.000003825767	-0.0000027256112	0.11980983	0.18860534	13.015086
-0.0000038282357	-0.00000272737	0.11988861	0.18871949	13.023484
-0.0000038307047	-0.000002729129	0.11996741	0.18883365	13.031884
-0.0000038331741	-0.0000027308883	0.12004621	0.18894782	13.040284
-0.0000038356438	-0.0000027326478	0.12012503	0.18906199	13.048686
-0.0000038381138	-0.0000027344075	0.12020386	0.18917617	13.057089
-0.0000038405842	-0.0000027361675	0.12028271	0.18929036	13.065493
-0.0000038430549	-0.0000027379277	0.12036156	0.18940455	13.073898
-0.0000038455258	-0.0000027396881	0.12044043	0.18951875	13.082304
-0.0000038479972	-0.0000027414487	0.12051931	0.18963295	13.090712
-0.0000038504688	-0.0000027432096	0.12059821	0.18974716	13.09912
-0.0000038529407	-0.0000027449707	0.12067712	0.18986138	13.107529
-0.000003855413	-0.0000027467321	0.12075603	0.18997561	13.11594
-0.0000038578856	-0.0000027484936	0.12083497	0.19008984	13.124352
-0.0000038603585	-0.0000027502554	0.12091391	0.19020408	13.132764
-0.0000038628317	-0.0000027520174	0.12099287	0.19031832	13.141178
-0.0000038653053	-0.0000027537796	0.12107183	0.19043258	13.149593
-0.0000038677791	-0.0000027555421	0.12115081	0.19054683	13.158009
-0.0000038702533	-0.0000027573048	0.12122981	0.1906611	13.166426
-0.0000038727277	-0.0000027590677	0.12130881	0.19077537	13.174844
-0.0000038752025	-0.0000027608308	0.12138783	0.19088964	13.183263
-0.0000038776776	-0.0000027625942	0.12146686	0.19100393	13.191683
-0.0000038801531	-0.0000027643577	0.1215459	0.19111821	13.200105
-0.0000038826288	-0.0000027661215	0.12162496	0.19123251	13.208527
-0.0000038851048	-0.0000027678855	0.12170402	0.19134681	13.21695
-0.0000038875812	-0.0000027696498	0.1217831	0.19146112	13.225375
-0.0000038900578	-0.0000027714142	0.12186219	0.19157543	13.2338
-0.0000038925348	-0.0000027731789	0.1219413	0.19168975	13.242227
-0.000003895012	-0.0000027749438	0.12202041	0.19180407	13.250654
-0.0000038974896	-0.0000027767089	0.12209954	0.19191841	13.259083
-0.0000038999675	-0.0000027784742	0.12217868	0.19203274	13.267512
-0.0000039024457	-0.0000027802398	0.12225783	0.19214709	13.275943
-0.0000039049241	-0.0000027820055	0.12233699	0.19226143	13.284375
-0.0000039074029	-0.0000027837715	0.12241617	0.19237579	13.292807
-0.000003909882	-0.0000027855377	0.12249535	0.19249015	13.301241
-0.0000039123614	-0.0000027873041	0.12257455	0.19260451	13.309676
-0.0000039148411	-0.0000027890707	0.12265376	0.19271889	13.318112
-0.0000039173211	-0.0000027908376	0.12273299	0.19283326	13.326549
-0.0000039198014	-0.0000027926046	0.12281222	0.19294765	13.334986
-0.000003922282	-0.0000027943719	0.12289147	0.19306204	13.343425
-0.0000039247629	-0.0000027961393	0.12297072	0.19317643	13.351865
-0.000003927244	-0.000002797907	0.12304999	0.19329083	13.360306
-0.0000039297255	-0.0000027996749	0.12312928	0.19340523	13.368748
-0.0000039322073	-0.000002801443	0.12320857	0.19351964	13.377191
-0.0000039346894	-0.0000028032113	0.12328788	0.19363406	13.385635
-0.0000039371717	-0.0000028049799	0.12336719	0.19374848	13.394079
-0.0000039396544	-0.0000028067486	0.12344652	0.19386291	13.402525
-0.0000039421373	-0.0000028085175	0.12352586	0.19397734	13.410972
-0.0000039446206	-0.0000028102867	0.12360521	0.19409178	13.41942
-0.0000039471041	-0.000002812056	0.12368458	0.19420622	13.427869
-0.0000039495879	-0.0000028138256	0.12376395	0.19432067	13.436319
-0.000003952072	-0.0000028155954	0.12384334	0.19443512	13.44477
-0.0000039545564	-0.0000028173653	0.12392274	0.19454958	13.453222
-0.0000039570411	-0.0000028191355	0.12400215	0.19466404	13.461674
-0.0000039595261	-0.0000028209059	0.12408157	0.19477851	13.470128
-0.0000039620114	-0.0000028226765	0.124161	0.19489298	13.478583
-0.0000039644969	-0.0000028244473	0.12424045	0.19500746	13.487039
-0.0000039669827	-0.0000028262183	0.1243199	0.19512194	13.495495
-0.0000039694689	-0.0000028279895	0.12439937	0.19523643	13.503953
-0.0000039719553	-0.0000028297609	0.12447885	0.19535093	13.512412
-0.000003974442	-0.0000028315325	0.12455834	0.19546542	13.520871
-0.0000039769289	-0.0000028333043	0.12463784	0.19557993	13.529332
-0.0000039794162	-0.0000028350763	0.12471735	0.19569443	13.537793
-0.0000039819037	-0.0000028368485	0.12479688	0.19580895	13.546256
-0.0000039843915	-0.0000028386209	0.12487641	0.19592346	13.554719
-0.0000039868796	-0.0000028403935	0.12495596	0.19603798	13.563183
-0.0000039893679	-0.0000028421663	0.12503552	0.19615251	13.571649
-0.0000039918566	-0.0000028439393	0.12511509	0.19626704	13.580115
-0.0000039943455	-0.0000028457125	0.12519467	0.19638158	13.588582
-0.0000039968347	-0.0000028474859	0.12527426	0.19649612	13.59705
-0.0000039993242	-0.0000028492594	0.12535386	0.19661066	13.605519
-0.0000040018139	-0.0000028510332	0.12543347	0.19672521	13.613989
-0.0000040043039	-0.0000028528072	0.1255131	0.19683976	13.62246
-0.0000040067942	-0.0000028545814	0.12559273	0.19695432	13.630932
-0.0000040092848	-0.0000028563557	0.12567238	0.19706889	13.639405
-0.0000040117756	-0.0000028581303	0.12575204	0.19718345	13.647879
-0.0000040142667	-0.000002859905	0.12583171	0.19729802	13.656353
-0.0000040167581	-0.00000286168	0.12591139	0.1974126	13.664829
-0.0000040192497	-0.0000028634551	0.12599108	0.19752718	13.673305
-0.0000040217416	-0.0000028652304	0.12607078	0.19764176	13.681783
-0.0000040242338	-0.000002867006	0.12615049	0.19775635	13.690261
-0.0000040267263	-0.0000028687817	0.12623022	0.19787094	13.69874
-0.000004029219	-0.0000028705576	0.12630995	0.19798554	13.70722
-0.000004031712	-0.0000028723336	0.1263897	0.19810014	13.715701
-0.0000040342052	-0.0000028741099	0.12646945	0.19821474	13.724183
-0.0000040366987	-0.0000028758864	0.12654922	0.19832935	13.732666
-0.0000040391925	-0.000002877663	0.126629	0.19844396	13.741149
-0.0000040416865	-0.0000028794399	0.12670879	0.19855858	13.749634
-0.0000040441808	-0.0000028812169	0.12678859	0.1986732	13.758119
-0.0000040466754	-0.0000028829941	0.1268684	0.19878782	13.766606
-0.0000040491702	-0.0000028847715	0.12694822	0.19890245	13.775093
-0.0000040516652	-0.0000028865491	0.12702805	0.19901708	13.783581
-0.0000040541606	-0.0000028883268	0.12710789	0.19913172	13.79207
-0.0000040566562	-0.0000028901048	0.12718774	0.19924635	13.80056
-0.000004059152	-0.0000028918829	0.12726761	0.199361	13.809051
-0.0000040616481	-0.0000028936612	0.12734748	0.19947564	13.817543
-0.0000040641445	-0.0000028954397	0.12742736	0.19959029	13.826035
-0.0000040666411	-0.0000028972184	0.12750726	0.19970495	13.834528
-0.000004069138	-0.0000028989972	0.12758716	0.1998196	13.843023
-0.0000040716351	-0.0000029007763	0.12766708	0.19993426	13.851518
-0.0000040741324	-0.0000029025555	0.12774701	0.20004893	13.860014
-0.0000040766301	-0.0000029043349	0.12782694	0.2001636	13.86851
-0.000004079128	-0.0000029061145	0.12790689	0.20027827	13.877008
-0.0000040816261	-0.0000029078942	0.12798685	0.20039294	13.885507
-0.0000040841245	-0.0000029096742	0.12806682	0.20050762	13.894006
-0.0000040866231	-0.0000029114543	0.1281468	0.2006223	13.902506
-0.000004089122	-0.0000029132345	0.12822678	0.20073698	13.911007
-0.0000040916211	-0.000002915015	0.12830678	0.20085167	13.919509
-0.0000040941204	-0.0000029167956	0.12838679	0.20096636	13.928012
-0.0000040966201	-0.0000029185765	0.12846681	0.20108106	13.936515
-0.0000040991199	-0.0000029203574	0.12854684	0.20119575	13.94502
-0.00000410162	-0.0000029221386	0.12862688	0.20131045	13.953525
-0.0000041041204	-0.0000029239199	0.12870693	0.20142516	13.962031
-0.0000041066209	-0.0000029257014	0.12878699	0.20153986	13.970538
-0.0000041091218	-0.0000029274831	0.12886707	0.20165457	13.979046
-0.0000041116228	-0.000002929265	0.12894715	0.20176928	13.987554
-0.0000041141242	-0.000002931047	0.12902724	0.201884	13.996064
-0.0000041166257	-0.0000029328292	0.12910734	0.20199872	14.004574
-0.0000041191275	-0.0000029346116	0.12918745	0.20211344	14.013085
-0.0000041216295	-0.0000029363941	0.12926757	0.20222816	14.021597
-0.0000041241318	-0.0000029381768	0.1293477	0.20234289	14.030109
-0.0000041266343	-0.0000029399597	0.12942784	0.20245762	14.038623
-0.000004129137	-0.0000029417427	0.12950799	0.20257235	14.047137
-0.00000413164	-0.0000029435259	0.12958815	0.20268708	14.055652
-0.0000041341432	-0.0000029453093	0.12966833	0.20280182	14.064168
-0.0000041366467	-0.0000029470928	0.12974851	0.20291656	14.072684
-0.0000041391503	-0.0000029488765	0.1298287	0.2030313	14.081202
-0.0000041416542	-0.0000029506604	0.1299089	0.20314605	14.08972
-0.0000041441584	-0.0000029524444	0.12998911	0.20326079	14.098239
-0.0000041466627	-0.0000029542286	0.13006933	0.20337554	14.106758
-0.0000041491673	-0.000002956013	0.13014956	0.2034903	14.115279
-0.0000041516722	-0.0000029577975	0.1302298	0.20360505	14.1238
-0.0000041541772	-0.0000029595822	0.13031005	0.20371981	14.132322
-0.0000041566825	-0.0000029613671	0.13039031	0.20383457	14.140845
-0.000004159188	-0.0000029631521	0.13047058	0.20394933	14.149369
-0.0000041616938	-0.0000029649373	0.13055086	0.20406409	14.157893
-0.0000041641997	-0.0000029667226	0.13063114	0.20417886	14.166418
-0.0000041667059	-0.0000029685081	0.13071144	0.20429363	14.174944
-0.0000041692123	-0.0000029702937	0.13079175	0.2044084	14.183471
-0.0000041717189	-0.0000029720796	0.13087207	0.20452317	14.191998
-0.0000041742258	-0.0000029738655	0.13095239	0.20463795	14.200527
-0.0000041767329	-0.0000029756517	0.13103273	0.20475272	14.209056
-0.0000041792402	-0.0000029774379	0.13111308	0.2048675	14.217585
-0.0000041817477	-0.0000029792244	0.13119343	0.20498228	14.226116
-0.0000041842554	-0.000002981011	0.1312738	0.20509707	14.234647
-0.0000041867634	-0.0000029827977	0.13135417	0.20521185	14.243179
-0.0000041892715	-0.0000029845846	0.13143455	0.20532664	14.251712
-0.0000041917799	-0.0000029863717	0.13151495	0.20544143	14.260245
-0.0000041942885	-0.0000029881589	0.13159535	0.20555622	14.268779
-0.0000041967974	-0.0000029899463	0.13167576	0.20567101	14.277314
-0.0000041993064	-0.0000029917338	0.13175618	0.20578581	14.28585
-0.0000042018156	-0.0000029935215	0.13183661	0.2059006	14.294386
-0.0000042043251	-0.0000029953093	0.13191705	0.2060154	14.302923
-0.0000042068348	-0.0000029970973	0.1319975	0.2061302	14.311461
-0.0000042093447	-0.0000029988854	0.13207796	0.206245	14.319999
-0.0000042118548	-0.0000030006737	0.13215843	0.2063598	14.328539
-0.0000042143651	-0.0000030024622	0.1322389	0.20647461	14.337079
-0.0000042168756	-0.0000030042507	0.13231939	0.20658941	14.345619
-0.0000042193863	-0.0000030060395	0.13239988	0.20670422	14.354161
-0.0000042218972	-0.0000030078283	0.13248039	0.20681903	14.362703
-0.0000042244084	-0.0000030096174	0.1325609	0.20693384	14.371246
-0.0000042269197	-0.0000030114065	0.13264142	0.20704865	14.379789
-0.0000042294313	-0.0000030131959	0.13272195	0.20716346	14.388333
-0.000004231943	-0.0000030149853	0.13280249	0.20727828	14.396878
-0.000004234455	-0.0000030167749	0.13288304	0.20739309	14.405424
-0.0000042369672	-0.0000030185647	0.1329636	0.20750791	14.41397
-0.0000042394795	-0.0000030203546	0.13304417	0.20762272	14.422517
-0.0000042419921	-0.0000030221446	0.13312475	0.20773754	14.431065
-0.0000042445049	-0.0000030239348	0.13320533	0.20785236	14.439613
-0.0000042470178	-0.0000030257251	0.13328593	0.20796719	14.448162
-0.000004249531	-0.0000030275156	0.13336653	0.20808201	14.456712
-0.0000042520444	-0.0000030293062	0.13344714	0.20819683	14.465262
-0.0000042545579	-0.000003031097	0.13352776	0.20831166	14.473813
-0.0000042570717	-0.0000030328878	0.13360839	0.20842648	14.482365
-0.0000042595856	-0.0000030346789	0.13368903	0.20854131	14.490917
-0.0000042620998	-0.0000030364701	0.13376967	0.20865613	14.49947
-0.0000042646141	-0.0000030382614	0.13385033	0.20877096	14.508024
-0.0000042671287	-0.0000030400528	0.13393099	0.20888579	14.516578
-0.0000042696434	-0.0000030418444	0.13401167	0.20900062	14.525133
-0.0000042721583	-0.0000030436361	0.13409235	0.20911545	14.533689
-0.0000042746735	-0.000003045428	0.13417304	0.20923028	14.542245
-0.0000042771888	-0.00000304722	0.13425374	0.20934512	14.550802
-0.0000042797043	-0.0000030490121	0.13433445	0.20945995	14.55936
-0.00000428222	-0.0000030508044	0.13441516	0.20957478	14.567918
-0.0000042847358	-0.0000030525968	0.13449589	0.20968961	14.576477
-0.0000042872519	-0.0000030543893	0.13457662	0.20980445	14.585036
-0.0000042897682	-0.000003056182	0.13465736	0.20991928	14.593597
-0.0000042922846	-0.0000030579748	0.13473811	0.21003412	14.602157
-0.0000042948012	-0.0000030597677	0.13481887	0.21014896	14.610719
-0.000004297318	-0.0000030615608	0.13489964	0.21026379	14.619281
-0.000004299835	-0.000003063354	0.13498041	0.21037863	14.627844
-0.0000043023522	-0.0000030651473	0.1350612	0.21049347	14.636407
-0.0000043048696	-0.0000030669407	0.13514199	0.2106083	14.644971
-0.0000043073871	-0.0000030687343	0.13522279	0.21072314	14.653535
-0.0000043099048	-0.000003070528	0.1353036	0.21083798	14.662101
-0.0000043124227	-0.0000030723219	0.13538442	0.21095282	14.670666
-0.0000043149408	-0.0000030741159	0.13546524	0.21106766	14.679233
-0.0000043174591	-0.00000307591	0.13554608	0.2111825	14.6878
-0.0000043199775	-0.0000030777042	0.13562692	0.21129733	14.696367
-0.0000043224961	-0.0000030794985	0.13570777	0.21141217	14.704936
-0.0000043250149	-0.000003081293	0.13578863	0.21152701	14.713504
-0.0000043275339	-0.0000030830876	0.13586949	0.21164185	14.722074
-0.000004330053	-0.0000030848823	0.13595037	0.21175669	14.730644
-0.0000043325723	-0.0000030866772	0.13603125	0.21187153	14.739214
-0.0000043350918	-0.0000030884722	0.13611214	0.21198637	14.747786
-0.0000043376115	-0.0000030902673	0.13619304	0.21210121	14.756357
-0.0000043401313	-0.0000030920625	0.13627395	0.21221605	14.76493
-0.0000043426513	-0.0000030938578	0.13635486	0.21233088	14.773503
-0.0000043451715	-0.0000030956533	0.13643578	0.21244572	14.782076
-0.0000043476919	-0.0000030974489	0.13651671	0.21256056	14.79065
-0.0000043502124	-0.0000030992446	0.13659765	0.2126754	14.799225
-0.0000043527331	-0.0000031010404	0.1366786	0.21279024	14.8078
-0.0000043552539	-0.0000031028363	0.13675956	0.21290507	14.816376
-0.0000043577749	-0.0000031046324	0.13684052	0.21301991	14.824953
-0.0000043602961	-0.0000031064286	0.13692149	0.21313475	14.833529
-0.0000043628175	-0.0000031082249	0.13700247	0.21324958	14.842107
-0.000004365339	-0.0000031100213	0.13708345	0.21336442	14.850685
-0.0000043678606	-0.0000031118178	0.13716445	0.21347925	14.859264
-0.0000043703825	-0.0000031136145	0.13724545	0.21359409	14.867843
-0.0000043729045	-0.0000031154112	0.13732646	0.21370892	14.876423
-0.0000043754266	-0.0000031172081	0.13740747	0.21382375	14.885003
-0.000004377949	-0.0000031190051	0.1374885	0.21393859	14.893584
-0.0000043804714	-0.0000031208022	0.13756953	0.21405342	14.902165
-0.0000043829941	-0.0000031225994	0.13765057	0.21416825	14.910747
-0.0000043855169	-0.0000031243967	0.13773162	0.21428308	14.919329
-0.0000043880398	-0.0000031261942	0.13781267	0.21439791	14.927912
-0.0000043905629	-0.0000031279917	0.13789374	0.21451274	14.936496
-0.0000043930862	-0.0000031297894	0.13797481	0.21462757	14.94508
-0.0000043956096	-0.0000031315872	0.13805588	0.21474239	14.953664
-0.0000043981332	-0.0000031333851	0.13813697	0.21485722	14.96225
-0.0000044006569	-0.000003135183	0.13821806	0.21497205	14.970835
-0.0000044031808	-0.0000031369811	0.13829916	0.21508687	14.979421
-0.0000044057049	-0.0000031387794	0.13838027	0.21520169	14.988008
-0.000004408229	-0.0000031405777	0.13846139	0.21531651	14.996595
-0.0000044107534	-0.0000031423761	0.13854251	0.21543134	15.005183
-0.0000044132779	-0.0000031441746	0.13862364	0.21554616	15.013771
-0.0000044158025	-0.0000031459733	0.13870478	0.21566097	15.02236
-0.0000044183273	-0.000003147772	0.13878592	0.21577579	15.030949
-0.0000044208522	-0.0000031495709	0.13886707	0.21589061	15.039539
-0.0000044233773	-0.0000031513698	0.13894823	0.21600542	15.048129
-0.0000044259025	-0.0000031531689	0.1390294	0.21612024	15.056719
-0.0000044284279	-0.000003154968	0.13911057	0.21623505	15.065311
-0.0000044309534	-0.0000031567673	0.13919175	0.21634986	15.073902
-0.000004433479	-0.0000031585667	0.13927294	0.21646467	15.082494
-0.0000044360048	-0.0000031603661	0.13935413	0.21657948	15.091087
-0.0000044385308	-0.0000031621657	0.13943534	0.21669429	15.09968
-0.0000044410568	-0.0000031639654	0.13951655	0.21680909	15.108274
-0.0000044435831	-0.0000031657651	0.13959776	0.2169239	15.116868
-0.0000044461094	-0.000003167565	0.13967899	0.2170387	15.125462
-0.0000044486359	-0.000003169365	0.13976022	0.2171535	15.134057
-0.0000044511626	-0.000003171165	0.13984145	0.2172683	15.142653
-0.0000044536893	-0.0000031729652	0.1399227	0.2173831	15.151249
-0.0000044562162	-0.0000031747654	0.14000395	0.21749789	15.159845
-0.0000044587433	-0.0000031765658	0.14008521	0.21761269	15.168442
-0.0000044612705	-0.0000031783663	0.14016647	0.21772748	15.17704
-0.0000044637978	-0.0000031801668	0.14024775	0.21784227	15.185637
-0.0000044663252	-0.0000031819674	0.14032903	0.21795706	15.194236
-0.0000044688528	-0.0000031837682	0.14041031	0.21807184	15.202834
-0.0000044713805	-0.000003185569	0.1404916	0.21818663	15.211434
-0.0000044739084	-0.0000031873699	0.1405729	0.21830141	15.220033
-0.0000044764363	-0.000003189171	0.14065421	0.21841619	15.228633
-0.0000044789644	-0.0000031909721	0.14073552	0.21853097	15.237234
-0.0000044814927	-0.0000031927733	0.14081684	0.21864575	15.245835
-0.000004484021	-0.0000031945746	0.14089817	0.21876053	15.254436
-0.0000044865495	-0.0000031963759	0.1409795	0.2188753	15.263038
-0.0000044890781	-0.0000031981774	0.14106084	0.21899007	15.27164
-0.0000044916069	-0.000003199979	0.14114219	0.21910484	15.280243
-0.0000044941357	-0.0000032017806	0.14122354	0.2192196	15.288846
-0.0000044966647	-0.0000032035824	0.1413049	0.21933437	15.297449
-0.0000044991938	-0.0000032053842	0.14138627	0.21944913	15.306053
-0.0000045017231	-0.0000032071861	0.14146764	0.21956389	15.314658
-0.0000045042524	-0.0000032089881	0.14154902	0.21967865	15.323262
-0.0000045067819	-0.0000032107902	0.14163041	0.2197934	15.331867
-0.0000045093115	-0.0000032125924	0.1417118	0.21990816	15.340473
-0.0000045118412	-0.0000032143946	0.1417932	0.22002291	15.349079
-0.0000045143711	-0.000003216197	0.1418746	0.22013765	15.357685
-0.000004516901	-0.0000032179994	0.14195601	0.2202524	15.366292
-0.0000045194311	-0.0000032198019	0.14203743	0.22036714	15.374899
-0.0000045219613	-0.0000032216045	0.14211886	0.22048188	15.383507
-0.0000045244916	-0.0000032234072	0.14220029	0.22059662	15.392115
-0.000004527022	-0.00000322521	0.14228172	0.22071136	15.400723
-0.0000045295525	-0.0000032270128	0.14236317	0.22082609	15.409332
-0.0000045320832	-0.0000032288157	0.14244462	0.22094082	15.417941
-0.0000045346139	-0.0000032306187	0.14252607	0.22105554	15.426551
-0.0000045371448	-0.0000032324218	0.14260753	0.22117027	15.435161
-0.0000045396758	-0.000003234225	0.142689	0.22128499	15.443771
-0.0000045422069	-0.0000032360282	0.14277048	0.22139971	15.452382
-0.0000045447381	-0.0000032378315	0.14285196	0.22151442	15.460993
-0.0000045472694	-0.0000032396349	0.14293344	0.22162914	15.469604
-0.0000045498008	-0.0000032414384	0.14301494	0.22174385	15.478216
-0.0000045523323	-0.0000032432419	0.14309643	0.22185855	15.486828
-0.000004554864	-0.0000032450456	0.14317794	0.22197326	15.49544
-0.0000045573957	-0.0000032468493	0.14325945	0.22208796	15.504053
-0.0000045599275	-0.000003248653	0.14334097	0.22220266	15.512667
-0.0000045624595	-0.0000032504569	0.14342249	0.22231735	15.52128
-0.0000045649915	-0.0000032522608	0.14350402	0.22243204	15.529894
-0.0000045675237	-0.0000032540648	0.14358555	0.22254673	15.538508
-0.0000045700559	-0.0000032558689	0.14366709	0.22266142	15.547123
-0.0000045725883	-0.000003257673	0.14374864	0.2227761	15.555738
-0.0000045751208	-0.0000032594772	0.14383019	0.22289078	15.564353
-0.0000045776533	-0.0000032612815	0.14391175	0.22300545	15.572969
-0.000004580186	-0.0000032630859	0.14399331	0.22312013	15.581585
-0.0000045827187	-0.0000032648903	0.14407488	0.2232348	15.590201
-0.0000045852516	-0.0000032666948	0.14415646	0.22334946	15.598818
-0.0000045877845	-0.0000032684993	0.14423804	0.22346412	15.607435
-0.0000045903176	-0.000003270304	0.14431963	0.22357878	15.616052
-0.0000045928507	-0.0000032721086	0.14440122	0.22369344	15.62467
-0.0000045953839	-0.0000032739134	0.14448282	0.22380809	15.633287
-0.0000045979172	-0.0000032757182	0.14456442	0.22392274	15.641906
-0.0000046004507	-0.0000032775231	0.14464603	0.22403738	15.650524
-0.0000046029842	-0.0000032793281	0.14472765	0.22415202	15.659143
-0.0000046055178	-0.0000032811331	0.14480927	0.22426666	15.667762
-0.0000046080515	-0.0000032829382	0.14489089	0.22438129	15.676382
-0.0000046105852	-0.0000032847434	0.14497253	0.22449592	15.685002
-0.0000046131191	-0.0000032865486	0.14505416	0.22461055	15.693622
-0.0000046156531	-0.0000032883539	0.14513581	0.22472517	15.702242
-0.0000046181871	-0.0000032901592	0.14521745	0.22483979	15.710863
-0.0000046207212	-0.0000032919646	0.14529911	0.2249544	15.719484
-0.0000046232554	-0.0000032937701	0.14538077	0.22506901	15.728105
-0.0000046257897	-0.0000032955756	0.14546243	0.22518362	15.736727
-0.0000046283241	-0.0000032973812	0.1455441	0.22529822	15.745349
-0.0000046308586	-0.0000032991868	0.14562578	0.22541282	15.753971
-0.0000046333931	-0.0000033009925	0.14570746	0.22552742	15.762593
-0.0000046359278	-0.0000033027983	0.14578914	0.22564201	15.771216
-0.0000046384625	-0.0000033046041	0.14587083	0.2257566	15.779839
-0.0000046409973	-0.00000330641	0.14595253	0.22587118	15.788462
-0.0000046435321	-0.0000033082159	0.14603423	0.22598576	15.797086
-0.0000046460671	-0.0000033100219	0.14611594	0.22610033	15.805709
-0.0000046486021	-0.0000033118279	0.14619765	0.2262149	15.814333
-0.0000046511372	-0.000003313634	0.14627937	0.22632947	15.822958
-0.0000046536724	-0.0000033154402	0.14636109	0.22644403	15.831582
-0.0000046562077	-0.0000033172464	0.14644282	0.22655859	15.840207
-0.000004658743	-0.0000033190526	0.14652455	0.22667314	15.848832
-0.0000046612784	-0.0000033208589	0.14660628	0.22678769	15.857457
-0.0000046638139	-0.0000033226653	0.14668803	0.22690223	15.866083
-0.0000046663494	-0.0000033244717	0.14676977	0.22701677	15.874709
-0.000004668885	-0.0000033262782	0.14685153	0.22713131	15.883335
-0.0000046714207	-0.0000033280847	0.14693328	0.22724584	15.891961
-0.0000046739565	-0.0000033298913	0.14701505	0.22736036	15.900588
-0.0000046764923	-0.0000033316979	0.14709681	0.22747489	15.909215
-0.0000046790282	-0.0000033335046	0.14717859	0.2275894	15.917842
-0.0000046815642	-0.0000033353113	0.14726036	0.22770391	15.926469
-0.0000046841002	-0.000003337118	0.14734214	0.22781842	15.935096
-0.0000046866363	-0.0000033389248	0.14742393	0.22793292	15.943724
-0.0000046891725	-0.0000033407317	0.14750572	0.22804742	15.952352
-0.0000046917087	-0.0000033425386	0.14758752	0.22816192	15.96098
-0.000004694245	-0.0000033443455	0.14766932	0.22827641	15.969608
-0.0000046967814	-0.0000033461525	0.14775112	0.22839089	15.978237
-0.0000046993178	-0.0000033479596	0.14783293	0.22850537	15.986866
-0.0000047018543	-0.0000033497667	0.14791475	0.22861984	15.995495
-0.0000047043908	-0.0000033515738	0.14799657	0.22873431	16.004124
-0.0000047069274	-0.0000033533809	0.14807839	0.22884878	16.012753
-0.0000047094641	-0.0000033551882	0.14816022	0.22896323	16.021383
-0.0000047120008	-0.0000033569954	0.14824205	0.22907769	16.030013
-0.0000047145376	-0.0000033588027	0.14832389	0.22919214	16.038643
-0.0000047170744	-0.00000336061	0.14840573	0.22930658	16.047273
-0.0000047196113	-0.0000033624174	0.14848758	0.22942102	16.055904
-0.0000047221483	-0.0000033642248	0.14856943	0.22953545	16.064534
-0.0000047246853	-0.0000033660323	0.14865129	0.22964988	16.073165
-0.0000047272223	-0.0000033678397	0.14873315	0.22976431	16.081796
-0.0000047297595	-0.0000033696473	0.14881501	0.22987872	16.090427
-0.0000047322966	-0.0000033714548	0.14889688	0.22999314	16.099058
-0.0000047348338	-0.0000033732624	0.14897876	0.23010754	16.10769
-0.0000047373711	-0.0000033750701	0.14906063	0.23022195	16.116321
-0.0000047399084	-0.0000033768777	0.14914252	0.23033634	16.124953
-0.0000047424458	-0.0000033786855	0.1492244	0.23045073	16.133585
-0.0000047449832	-0.0000033804932	0.14930629	0.23056512	16.142217
-0.0000047475206	-0.000003382301	0.14938819	0.2306795	16.15085
-0.0000047500581	-0.0000033841088	0.14947009	0.23079387	16.159482
-0.0000047525957	-0.0000033859166	0.14955199	0.23090824	16.168115
-0.0000047551333	-0.0000033877245	0.1496339	0.23102261	16.176748
-0.0000047576709	-0.0000033895324	0.14971581	0.23113696	16.185381
-0.0000047602086	-0.0000033913403	0.14979772	0.23125132	16.194014
-0.0000047627464	-0.0000033931483	0.14987964	0.23136566	16.202647
-0.0000047652841	-0.0000033949563	0.14996157	0.23148	16.21128
-0.0000047678219	-0.0000033967643	0.1500435	0.23159434	16.219914
-0.0000047703598	-0.0000033985724	0.15012543	0.23170867	16.228547
-0.0000047728977	-0.0000034003805	0.15020736	0.23182299	16.237181
-0.0000047754356	-0.0000034021886	0.1502893	0.23193731	16.245815
-0.0000047779736	-0.0000034039967	0.15037125	0.23205162	16.254449
-0.0000047805116	-0.0000034058049	0.15045319	0.23216593	16.263083
-0.0000047830496	-0.0000034076131	0.15053515	0.23228023	16.271718
-0.0000047855877	-0.0000034094213	0.1506171	0.23239452	16.280352
-0.0000047881258	-0.0000034112295	0.15069906	0.23250881	16.288987
-0.000004790664	-0.0000034130378	0.15078102	0.23262309	16.297621
-0.0000047932022	-0.0000034148461	0.15086299	0.23273737	16.306256
-0.0000047957404	-0.0000034166544	0.15094496	0.23285163	16.314891
-0.0000047982786	-0.0000034184628	0.15102694	0.2329659	16.323526
-0.0000048008169	-0.0000034202711	0.15110892	0.23308016	16.332161
-0.0000048033552	-0.0000034220795	0.1511909	0.23319441	16.340796
-0.0000048058936	-0.0000034238879	0.15127288	0.23330865	16.349432
-0.000004808432	-0.0000034256963	0.15135487	0.23342289	16.358067
-0.0000048109703	-0.0000034275048	0.15143687	0.23353712	16.366703
-0.0000048135088	-0.0000034293132	0.15151886	0.23365135	16.375338
-0.0000048160472	-0.0000034311217	0.15160086	0.23376557	16.383974
-0.0000048185857	-0.0000034329302	0.15168287	0.23387978	16.39261
-0.0000048211242	-0.0000034347387	0.15176487	0.23399399	16.401246
-0.0000048236627	-0.0000034365473	0.15184688	0.23410819	16.409882
-0.0000048262013	-0.0000034383558	0.1519289	0.23422238	16.418518
-0.0000048287399	-0.0000034401644	0.15201092	0.23433657	16.427154
-0.0000048312785	-0.000003441973	0.15209294	0.23445075	16.43579
-0.0000048338171	-0.0000034437816	0.15217496	0.23456492	16.444426
-0.0000048363557	-0.0000034455902	0.15225699	0.23467909	16.453063
-0.0000048388944	-0.0000034473988	0.15233902	0.23479325	16.461699
-0.0000048414331	-0.0000034492075	0.15242106	0.23490741	16.470336
-0.0000048439718	-0.0000034510161	0.15250309	0.23502155	16.478972
-0.0000048465105	-0.0000034528248	0.15258514	0.23513569	16.487609
-0.0000048490492	-0.0000034546335	0.15266718	0.23524983	16.496245
-0.000004851588	-0.0000034564422	0.15274923	0.23536395	16.504882
-0.0000048541267	-0.0000034582509	0.15283128	0.23547807	16.513519
-0.0000048566655	-0.0000034600596	0.15291333	0.23559219	16.522156
-0.0000048592043	-0.0000034618683	0.15299539	0.23570629	16.530792
-0.0000048617431	-0.0000034636771	0.15307745	0.23582039	16.539429
-0.0000048642819	-0.0000034654858	0.15315952	0.23593449	16.548066
-0.0000048668207	-0.0000034672946	0.15324158	0.23604857	16.556703
-0.0000048693596	-0.0000034691033	0.15332365	0.23616265	16.56534
-0.0000048718984	-0.0000034709121	0.15340573	0.23627672	16.573977
-0.0000048744373	-0.0000034727208	0.1534878	0.23639078	16.582614
-0.0000048769761	-0.0000034745296	0.15356988	0.23650484	16.591251
-0.000004879515	-0.0000034763384	0.15365196	0.23661889	16.599889
-0.0000048820539	-0.0000034781472	0.15373405	0.23673293	16.608526
-0.0000048845928	-0.000003479956	0.15381614	0.23684697	16.617163
-0.0000048871316	-0.0000034817648	0.15389823	0.236961	16.6258
-0.0000048896705	-0.0000034835736	0.15398032	0.23707502	16.634437
-0.0000048922094	-0.0000034853824	0.15406242	0.23718903	16.643074
-0.0000048947483	-0.0000034871912	0.15414452	0.23730304	16.651712
-0.0000048972872	-0.000003489	0.15422662	0.23741704	16.660349
-0.0000048998261	-0.0000034908088	0.15430873	0.23753103	16.668986
-0.000004902365	-0.0000034926176	0.15439083	0.23764501	16.677623
-0.0000049049039	-0.0000034944264	0.15447294	0.23775899	16.686261
-0.0000049074428	-0.0000034962352	0.15455506	0.23787296	16.694898
-0.0000049099817	-0.000003498044	0.15463717	0.23798692	16.703535
-0.0000049125206	-0.0000034998528	0.15471929	0.23810087	16.712172
-0.0000049150595	-0.0000035016616	0.15480141	0.23821482	16.720809
-0.0000049175984	-0.0000035034704	0.15488354	0.23832875	16.729447
-0.0000049201373	-0.0000035052791	0.15496566	0.23844269	16.738084
-0.0000049226762	-0.0000035070879	0.15504779	0.23855661	16.746721
-0.000004925215	-0.0000035088967	0.15512993	0.23867052	16.755358
-0.0000049277539	-0.0000035107055	0.15521206	0.23878443	16.763995
-0.0000049302927	-0.0000035125143	0.1552942	0.23889833	16.772632
-0.0000049328316	-0.000003514323	0.15537634	0.23901222	16.781269
-0.0000049353704	-0.0000035161318	0.15545848	0.23912611	16.789906
-0.0000049379093	-0.0000035179405	0.15554062	0.23923998	16.798543
-0.0000049404481	-0.0000035197493	0.15562277	0.23935385	16.80718
-0.0000049429869	-0.000003521558	0.15570492	0.23946771	16.815817
-0.0000049455257	-0.0000035233667	0.15578707	0.23958156	16.824454
-0.0000049480644	-0.0000035251754	0.15586922	0.2396954	16.833091
-0.0000049506032	-0.0000035269841	0.15595138	0.23980924	16.841727
-0.0000049531419	-0.0000035287928	0.15603354	0.23992307	16.850364
-0.0000049556807	-0.0000035306015	0.1561157	0.24003689	16.859001
-0.0000049582194	-0.0000035324102	0.15619786	0.2401507	16.867637
-0.0000049607581	-0.0000035342188	0.15628003	0.2402645	16.876274
-0.0000049632968	-0.0000035360275	0.15636219	0.2403783	16.88491
-0.0000049658354	-0.0000035378361	0.15644436	0.24049208	16.893547
-0.0000049683741	-0.0000035396447	0.15652653	0.24060586	16.902183
-0.0000049709127	-0.0000035414533	0.15660871	0.24071963	16.910819
-0.0000049734513	-0.0000035432619	0.15669088	0.24083339	16.919455
-0.0000049759899	-0.0000035450705	0.15677306	0.24094715	16.928092
-0.0000049785284	-0.000003546879	0.15685524	0.24106089	16.936728
-0.0000049810669	-0.0000035486876	0.15693742	0.24117463	16.945364
-0.0000049836054	-0.0000035504961	0.15701961	0.24128835	16.953999
-0.0000049861439	-0.0000035523046	0.15710179	0.24140207	16.962635
-0.0000049886824	-0.0000035541131	0.15718398	0.24151578	16.971271
-0.0000049912208	-0.0000035559215	0.15726617	0.24162949	16.979907
-0.0000049937592	-0.00000355773	0.15734836	0.24174318	16.988542
-0.0000049962976	-0.0000035595384	0.15743056	0.24185686	16.997178
-0.0000049988359	-0.0000035613468	0.15751275	0.24197054	17.005813
-0.0000050013742	-0.0000035631552	0.15759495	0.24208421	17.014448
-0.0000050039125	-0.0000035649636	0.15767715	0.24219787	17.023083
-0.0000050064508	-0.0000035667719	0.15775935	0.24231152	17.031718
-0.000005008989	-0.0000035685802	0.15784155	0.24242516	17.040353
-0.0000050115272	-0.0000035703885	0.15792375	0.24253879	17.048988
-0.0000050140653	-0.0000035721968	0.15800596	0.24265241	17.057623
-0.0000050166034	-0.000003574005	0.15808817	0.24276603	17.066257
-0.0000050191415	-0.0000035758132	0.15817038	0.24287963	17.074892
-0.0000050216796	-0.0000035776214	0.15825259	0.24299323	17.083526
-0.0000050242176	-0.0000035794296	0.1583348	0.24310682	17.09216
-0.0000050267555	-0.0000035812377	0.15841702	0.2432204	17.100794
-0.0000050292935	-0.0000035830459	0.15849923	0.24333397	17.109428
-0.0000050318314	-0.0000035848539	0.15858145	0.24344753	17.118062
-0.0000050343692	-0.000003586662	0.15866367	0.24356108	17.126696
-0.000005036907	-0.00000358847	0.15874589	0.24367462	17.135329
-0.0000050394448	-0.000003590278	0.15882811	0.24378815	17.143962
-0.0000050419825	-0.000003592086	0.15891033	0.24390168	17.152596
-0.0000050445202	-0.0000035938939	0.15899256	0.24401519	17.161229
-0.0000050470579	-0.0000035957018	0.15907478	0.2441287	17.169862
-0.0000050495955	-0.0000035975097	0.15915701	0.24424219	17.178495
-0.000005052133	-0.0000035993175	0.15923924	0.24435568	17.187127
-0.0000050546705	-0.0000036011254	0.15932147	0.24446916	17.19576
-0.000005057208	-0.0000036029331	0.1594037	0.24458262	17.204392
-0.0000050597454	-0.0000036047409	0.15948593	0.24469608	17.213024
-0.0000050622827	-0.0000036065486	0.15956817	0.24480953	17.221656
-0.0000050648201	-0.0000036083563	0.1596504	0.24492297	17.230288
-0.0000050673573	-0.0000036101639	0.15973264	0.2450364	17.23892
-0.0000050698945	-0.0000036119715	0.15981488	0.24514982	17.247551
-0.0000050724317	-0.0000036137791	0.15989711	0.24526323	17.256182
-0.0000050749688	-0.0000036155866	0.15997935	0.24537663	17.264814
-0.0000050775059	-0.0000036173941	0.16006159	0.24549002	17.273444
-0.0000050800429	-0.0000036192015	0.16014384	0.2456034	17.282075
-0.0000050825798	-0.0000036210089	0.16022608	0.24571677	17.290706
-0.0000050851167	-0.0000036228163	0.16030832	0.24583014	17.299336
-0.0000050876535	-0.0000036246236	0.16039057	0.24594349	17.307966
-0.0000050901903	-0.0000036264309	0.16047281	0.24605683	17.316596
-0.000005092727	-0.0000036282382	0.16055506	0.24617016	17.325226
-0.0000050952637	-0.0000036300454	0.16063731	0.24628349	17.333856
-0.0000050978003	-0.0000036318525	0.16071956	0.2463968	17.342485
-0.0000051003369	-0.0000036336597	0.16080181	0.2465101	17.351114
-0.0000051028733	-0.0000036354668	0.16088406	0.2466234	17.359743
-0.0000051054098	-0.0000036372738	0.16096631	0.24673668	17.368372
-0.0000051079461	-0.0000036390808	0.16104856	0.24684995	17.377001
-0.0000051104824	-0.0000036408877	0.16113081	0.24696321	17.385629
-0.0000051130187	-0.0000036426946	0.16121307	0.24707647	17.394257
-0.0000051155548	-0.0000036445015	0.16129532	0.24718971	17.402885
-0.0000051180909	-0.0000036463083	0.16137758	0.24730294	17.411513
-0.000005120627	-0.0000036481151	0.16145983	0.24741616	17.42014
-0.0000051231629	-0.0000036499218	0.16154209	0.24752937	17.428768
-0.0000051256988	-0.0000036517284	0.16162435	0.24764258	17.437395
-0.0000051282347	-0.000003653535	0.1617066	0.24775577	17.446022
-0.0000051307704	-0.0000036553416	0.16178886	0.24786895	17.454648
-0.0000051333061	-0.0000036571481	0.16187112	0.24798212	17.463274
-0.0000051358417	-0.0000036589546	0.16195338	0.24809528	17.4719
-0.0000051383773	-0.000003660761	0.16203564	0.24820843	17.480526
-0.0000051409128	-0.0000036625674	0.1621179	0.24832157	17.489152
-0.0000051434482	-0.0000036643737	0.16220016	0.2484347	17.497777
-0.0000051459835	-0.0000036661799	0.16228242	0.24854782	17.506402
-0.0000051485188	-0.0000036679862	0.16236468	0.24866092	17.515027
-0.0000051510539	-0.0000036697923	0.16244695	0.24877402	17.523652
-0.000005153589	-0.0000036715984	0.16252921	0.24888711	17.532276
-0.0000051561241	-0.0000036734044	0.16261147	0.24900018	17.5409
-0.000005158659	-0.0000036752104	0.16269373	0.24911325	17.549524
-0.0000051611939	-0.0000036770164	0.162776	0.2492263	17.558147
-0.0000051637287	-0.0000036788222	0.16285826	0.24933935	17.566771
-0.0000051662634	-0.0000036806281	0.16294052	0.24945238	17.575394
-0.000005168798	-0.0000036824338	0.16302279	0.2495654	17.584016
-0.0000051713326	-0.0000036842395	0.16310505	0.24967841	17.592639
-0.000005173867	-0.0000036860452	0.16318732	0.24979142	17.601261
-0.0000051764014	-0.0000036878507	0.16326958	0.2499044	17.609883
-0.0000051789357	-0.0000036896563	0.16335185	0.25001738	17.618504
-0.0000051814699	-0.0000036914617	0.16343411	0.25013035	17.627125
-0.0000051840041	-0.0000036932671	0.16351638	0.25024331	17.635746
-0.0000051865381	-0.0000036950725	0.16359864	0.25035625	17.644367
-0.0000051890721	-0.0000036968778	0.16368091	0.25046919	17.652988
-0.0000051916059	-0.000003698683	0.16376317	0.25058211	17.661608
-0.0000051941397	-0.0000037004881	0.16384544	0.25069503	17.670227
-0.0000051966734	-0.0000037022932	0.1639277	0.25080793	17.678847
-0.000005199207	-0.0000037040982	0.16400997	0.25092082	17.687466
-0.0000052017405	-0.0000037059032	0.16409223	0.2510337	17.696085
-0.0000052042739	-0.0000037077081	0.1641745	0.25114656	17.704704
-0.0000052068072	-0.0000037095129	0.16425676	0.25125942	17.713322
-0.0000052093405	-0.0000037113177	0.16433902	0.25137227	17.72194
-0.0000052118736	-0.0000037131224	0.16442129	0.2514851	17.730557
-0.0000052144066	-0.000003714927	0.16450355	0.25159792	17.739175
-0.0000052169396	-0.0000037167316	0.16458582	0.25171073	17.747792
-0.0000052194724	-0.0000037185361	0.16466808	0.25182353	17.756408
-0.0000052220052	-0.0000037203405	0.16475034	0.25193632	17.765025
-0.0000052245378	-0.0000037221448	0.16483261	0.2520491	17.773641
-0.0000052270704	-0.0000037239491	0.16491487	0.25216187	17.782256
-0.0000052296028	-0.0000037257533	0.16499713	0.25227462	17.790872
-0.0000052321352	-0.0000037275575	0.16507939	0.25238736	17.799486
-0.0000052346675	-0.0000037293615	0.16516165	0.25250009	17.808101
-0.0000052371996	-0.0000037311655	0.16524391	0.25261281	17.816715
-0.0000052397317	-0.0000037329694	0.16532617	0.25272552	17.825329
-0.0000052422636	-0.0000037347733	0.16540843	0.25283821	17.833943
-0.0000052447955	-0.0000037365771	0.16549069	0.2529509	17.842556
-0.0000052473272	-0.0000037383808	0.16557295	0.25306357	17.851169
-0.0000052498588	-0.0000037401844	0.16565521	0.25317623	17.859781
-0.0000052523903	-0.0000037419879	0.16573747	0.25328888	17.868394
-0.0000052549218	-0.0000037437914	0.16581973	0.25340152	17.877005
-0.0000052574531	-0.0000037455948	0.16590198	0.25351414	17.885617
-0.0000052599843	-0.0000037473981	0.16598424	0.25362675	17.894228
-0.0000052625154	-0.0000037492014	0.16606649	0.25373936	17.902838
-0.0000052650463	-0.0000037510045	0.16614875	0.25385194	17.911449
-0.0000052675772	-0.0000037528076	0.166231	0.25396452	17.920059
-0.000005270108	-0.0000037546106	0.16631325	0.25407709	17.928668
-0.0000052726386	-0.0000037564135	0.16639551	0.25418964	17.937277
-0.0000052751692	-0.0000037582164	0.16647776	0.25430218	17.945886
-0.0000052776996	-0.0000037600191	0.16656001	0.25441471	17.954494
-0.0000052802299	-0.0000037618218	0.16664226	0.25452723	17.963102
-0.0000052827601	-0.0000037636244	0.16672451	0.25463973	17.97171
-0.0000052852901	-0.0000037654269	0.16680675	0.25475222	17.980317
-0.0000052878201	-0.0000037672293	0.166889	0.2548647	17.988924
-0.0000052903499	-0.0000037690317	0.16697125	0.25497717	17.99753
-0.0000052928796	-0.0000037708339	0.16705349	0.25508963	18.006136
-0.0000052954092	-0.0000037726361	0.16713574	0.25520207	18.014742
-0.0000052979387	-0.0000037744382	0.16721798	0.2553145	18.023347
-0.0000053004681	-0.0000037762402	0.16730022	0.25542692	18.031952
-0.0000053029973	-0.0000037780421	0.16738246	0.25553932	18.040556
-0.0000053055264	-0.000003779844	0.1674647	0.25565172	18.04916
-0.0000053080554	-0.0000037816457	0.16754694	0.2557641	18.057764
-0.0000053105843	-0.0000037834473	0.16762918	0.25587647	18.066367
-0.000005313113	-0.0000037852489	0.16771141	0.25598882	18.074969
-0.0000053156416	-0.0000037870504	0.16779365	0.25610116	18.083572
-0.0000053181701	-0.0000037888518	0.16787588	0.2562135	18.092173
-0.0000053206985	-0.0000037906531	0.16795812	0.25632581	18.100775
-0.0000053232267	-0.0000037924543	0.16804035	0.25643812	18.109376
-0.0000053257548	-0.0000037942554	0.16812258	0.25655041	18.117976
-0.0000053282828	-0.0000037960564	0.16820481	0.25666269	18.126576
-0.0000053308106	-0.0000037978573	0.16828703	0.25677496	18.135176
-0.0000053333383	-0.0000037996581	0.16836926	0.25688721	18.143775
-0.0000053358659	-0.0000038014589	0.16845148	0.25699945	18.152374
-0.0000053383934	-0.0000038032595	0.16853371	0.25711168	18.160972
-0.0000053409207	-0.0000038050601	0.16861593	0.2572239	18.16957
-0.0000053434479	-0.0000038068605	0.16869815	0.2573361	18.178167
-0.0000053459749	-0.0000038086609	0.16878037	0.25744829	18.186764
-0.0000053485018	-0.0000038104611	0.16886259	0.25756047	18.19536
-0.0000053510286	-0.0000038122613	0.1689448	0.25767263	18.203956
-0.0000053535552	-0.0000038140614	0.16902702	0.25778478	18.212552
-0.0000053560817	-0.0000038158613	0.16910923	0.25789692	18.221147
-0.0000053586081	-0.0000038176612	0.16919144	0.25800904	18.229741
-0.0000053611343	-0.000003819461	0.16927365	0.25812115	18.238336
-0.0000053636604	-0.0000038212606	0.16935586	0.25823325	18.246929
-0.0000053661863	-0.0000038230602	0.16943806	0.25834534	18.255522
-0.0000053687121	-0.0000038248597	0.16952027	0.25845741	18.264115
-0.0000053712378	-0.000003826659	0.16960247	0.25856947	18.272707
-0.0000053737633	-0.0000038284583	0.16968467	0.25868151	18.281299
-0.0000053762887	-0.0000038302575	0.16976687	0.25879354	18.28989
-0.0000053788139	-0.0000038320565	0.16984907	0.25890556	18.298481
-0.0000053813389	-0.0000038338555	0.16993126	0.25901757	18.307071
-0.0000053838639	-0.0000038356543	0.17001346	0.25912956	18.315661
-0.0000053863887	-0.0000038374531	0.17009565	0.25924154	18.32425
-0.0000053889133	-0.0000038392517	0.17017784	0.2593535	18.332838
-0.0000053914378	-0.0000038410502	0.17026002	0.25946545	18.341427
-0.0000053939621	-0.0000038428486	0.17034221	0.25957739	18.350014
-0.0000053964863	-0.000003844647	0.17042439	0.25968932	18.358601
-0.0000053990103	-0.0000038464452	0.17050658	0.25980123	18.367188
-0.0000054015342	-0.0000038482433	0.17058876	0.25991312	18.375774
-0.0000054040579	-0.0000038500413	0.17067093	0.26002501	18.38436
-0.0000054065815	-0.0000038518392	0.17075311	0.26013688	18.392945
-0.0000054091049	-0.0000038536369	0.17083528	0.26024873	18.401529
-0.0000054116282	-0.0000038554346	0.17091745	0.26036057	18.410113
-0.0000054141513	-0.0000038572321	0.17099962	0.2604724	18.418697
-0.0000054166743	-0.0000038590296	0.17108179	0.26058422	18.42728
-0.0000054191971	-0.0000038608269	0.17116396	0.26069602	18.435862
-0.0000054217197	-0.0000038626241	0.17124612	0.2608078	18.444444
-0.0000054242422	-0.0000038644212	0.17132828	0.26091958	18.453026
-0.0000054267645	-0.0000038662182	0.17141044	0.26103134	18.461607
-0.0000054292867	-0.0000038680151	0.17149259	0.26114308	18.470187
-0.0000054318087	-0.0000038698119	0.17157475	0.26125481	18.478767
-0.0000054343305	-0.0000038716085	0.1716569	0.26136653	18.487346
-0.0000054368522	-0.000003873405	0.17173905	0.26147823	18.495924
-0.0000054393737	-0.0000038752015	0.17182119	0.26158992	18.504502
-0.000005441895	-0.0000038769978	0.17190334	0.2617016	18.51308
-0.0000054444162	-0.0000038787939	0.17198548	0.26181326	18.521657
-0.0000054469372	-0.00000388059	0.17206762	0.2619249	18.530233
-0.0000054494581	-0.0000038823859	0.17214975	0.26203654	18.538809
-0.0000054519788	-0.0000038841818	0.17223189	0.26214815	18.547384
-0.0000054544993	-0.0000038859775	0.17231402	0.26225976	18.555959
-0.0000054570196	-0.000003887773	0.17239615	0.26237135	18.564533
-0.0000054595398	-0.0000038895685	0.17247827	0.26248292	18.573107
-0.0000054620598	-0.0000038913638	0.1725604	0.26259448	18.58168
-0.0000054645796	-0.0000038931591	0.17264252	0.26270603	18.590252
-0.0000054670993	-0.0000038949542	0.17272464	0.26281756	18.598824
-0.0000054696188	-0.0000038967491	0.17280675	0.26292908	18.607395
-0.0000054721381	-0.000003898544	0.17288886	0.26304058	18.615965
-0.0000054746573	-0.0000039003387	0.17297098	0.26315207	18.624535
-0.0000054771762	-0.0000039021333	0.17305308	0.26326355	18.633105
-0.000005479695	-0.0000039039278	0.17313519	0.26337501	18.641674
-0.0000054822136	-0.0000039057221	0.17321729	0.26348645	18.650242
-0.0000054847321	-0.0000039075164	0.17329939	0.26359788	18.65881
-0.0000054872503	-0.0000039093105	0.17338148	0.2637093	18.667377
-0.0000054897684	-0.0000039111044	0.17346358	0.2638207	18.675943
-0.0000054922863	-0.0000039128983	0.17354567	0.26393208	18.684509
-0.000005494804	-0.000003914692	0.17362775	0.26404346	18.693074
-0.0000054973216	-0.0000039164856	0.17370984	0.26415481	18.701639
-0.0000054998389	-0.000003918279	0.17379192	0.26426615	18.710202
-0.0000055023561	-0.0000039200724	0.173874	0.26437748	18.718766
-0.0000055048731	-0.0000039218656	0.17395607	0.26448879	18.727328
-0.0000055073899	-0.0000039236586	0.17403815	0.26460009	18.735891
-0.0000055099066	-0.0000039254516	0.17412021	0.26471137	18.744452
-0.000005512423	-0.0000039272444	0.17420228	0.26482264	18.753013
-0.0000055149392	-0.000003929037	0.17428434	0.26493389	18.761573
-0.0000055174553	-0.0000039308296	0.1743664	0.26504513	18.770133
-0.0000055199712	-0.000003932622	0.17444846	0.26515635	18.778691
-0.0000055224869	-0.0000039344142	0.17453051	0.26526756	18.78725
-0.0000055250024	-0.0000039362064	0.17461256	0.26537875	18.795807
-0.0000055275177	-0.0000039379983	0.17469461	0.26548993	18.804364
-0.0000055300328	-0.0000039397902	0.17477665	0.26560109	18.812921
-0.0000055325477	-0.0000039415819	0.17485869	0.26571224	18.821476
-0.0000055350625	-0.0000039433735	0.17494073	0.26582337	18.830031
-0.000005537577	-0.000003945165	0.17502276	0.26593449	18.838586
-0.0000055400914	-0.0000039469563	0.17510479	0.26604559	18.847139
-0.0000055426055	-0.0000039487474	0.17518682	0.26615668	18.855692
-0.0000055451195	-0.0000039505385	0.17526884	0.26626775	18.864245
-0.0000055476332	-0.0000039523294	0.17535086	0.2663788	18.872796
-0.0000055501468	-0.0000039541201	0.17543288	0.26648984	18.881347
-0.0000055526602	-0.0000039559107	0.17551489	0.26660086	18.889898
-0.0000055551733	-0.0000039577012	0.1755969	0.26671187	18.898447
-0.0000055576863	-0.0000039594915	0.17567891	0.26682287	18.906996
-0.0000055601991	-0.0000039612817	0.17576091	0.26693384	18.915545
-0.0000055627116	-0.0000039630717	0.17584291	0.26704481	18.924092
-0.000005565224	-0.0000039648616	0.1759249	0.26715575	18.932639
-0.0000055677362	-0.0000039666514	0.17600689	0.26726669	18.941186
-0.0000055702481	-0.000003968441	0.17608888	0.2673776	18.949731
-0.0000055727599	-0.0000039702305	0.17617087	0.2674885	18.958276
-0.0000055752714	-0.0000039720198	0.17625285	0.26759938	18.96682
-0.0000055777828	-0.000003973809	0.17633482	0.26771025	18.975364
-0.0000055802939	-0.000003975598	0.17641679	0.26782111	18.983907
-0.0000055828048	-0.0000039773869	0.17649876	0.26793194	18.992449
-0.0000055853156	-0.0000039791756	0.17658073	0.26804276	19.00099
-0.0000055878261	-0.0000039809642	0.17666269	0.26815357	19.009531
-0.0000055903364	-0.0000039827526	0.17674465	0.26826436	19.018071
-0.0000055928465	-0.0000039845409	0.1768266	0.26837513	19.02661
-0.0000055953564	-0.000003986329	0.17690855	0.26848589	19.035148
-0.000005597866	-0.000003988117	0.17699049	0.26859663	19.043686
-0.0000056003755	-0.0000039899048	0.17707244	0.26870736	19.052223
-0.0000056028848	-0.0000039916925	0.17715437	0.26881807	19.06076
-0.0000056053938	-0.00000399348	0.17723631	0.26892876	19.069295
-0.0000056079026	-0.0000039952674	0.17731824	0.26903944	19.07783
-0.0000056104112	-0.0000039970546	0.17740016	0.2691501	19.086364
-0.0000056129196	-0.0000039988417	0.17748208	0.26926074	19.094898
-0.0000056154278	-0.0000040006286	0.177564	0.26937137	19.10343
-0.0000056179357	-0.0000040024153	0.17764591	0.26948199	19.111962
-0.0000056204435	-0.0000040042019	0.17772782	0.26959258	19.120494
-0.000005622951	-0.0000040059884	0.17780973	0.26970316	19.129024
-0.0000056254583	-0.0000040077747	0.17789163	0.26981373	19.137554
-0.0000056279654	-0.0000040095608	0.17797352	0.26992427	19.146083
-0.0000056304722	-0.0000040113468	0.17805541	0.27003481	19.154611
-0.0000056329788	-0.0000040131326	0.1781373	0.27014532	19.163138
-0.0000056354853	-0.0000040149182	0.17821918	0.27025582	19.171665
-0.0000056379914	-0.0000040167037	0.17830106	0.2703663	19.180191
-0.0000056404974	-0.0000040184891	0.17838294	0.27047677	19.188716
-0.0000056430031	-0.0000040202742	0.17846481	0.27058722	19.197241
-0.0000056455086	-0.0000040220593	0.17854667	0.27069765	19.205764
-0.0000056480139	-0.0000040238441	0.17862853	0.27080807	19.214287
-0.000005650519	-0.0000040256288	0.17871039	0.27091847	19.222809
-0.0000056530238	-0.0000040274133	0.17879224	0.27102885	19.23133
-0.0000056555284	-0.0000040291977	0.17887409	0.27113921	19.239851
-0.0000056580328	-0.0000040309819	0.17895593	0.27124956	19.248371
-0.0000056605369	-0.0000040327659	0.17903777	0.2713599	19.25689
-0.0000056630408	-0.0000040345498	0.17911961	0.27147021	19.265408
-0.0000056655445	-0.0000040363335	0.17920144	0.27158051	19.273925
-0.0000056680479	-0.000004038117	0.17928326	0.2716908	19.282442
-0.0000056705511	-0.0000040399004	0.17936508	0.27180106	19.290958
-0.0000056730541	-0.0000040416836	0.1794469	0.27191131	19.299473
-0.0000056755569	-0.0000040434667	0.17952871	0.27202154	19.307987
-0.0000056780594	-0.0000040452495	0.17961051	0.27213176	19.3165
-0.0000056805616	-0.0000040470322	0.17969231	0.27224196	19.325013
-0.0000056830637	-0.0000040488148	0.17977411	0.27235214	19.333525
-0.0000056855654	-0.0000040505971	0.1798559	0.2724623	19.342036
-0.000005688067	-0.0000040523793	0.17993769	0.27257245	19.350546
-0.0000056905683	-0.0000040541614	0.18001947	0.27268258	19.359055
-0.0000056930694	-0.0000040559432	0.18010125	0.27279269	19.367564
-0.0000056955702	-0.0000040577249	0.18018302	0.27290279	19.376071
-0.0000056980708	-0.0000040595064	0.18026478	0.27301287	19.384578
-0.0000057005711	-0.0000040612877	0.18034655	0.27312293	19.393084
-0.0000057030712	-0.0000040630689	0.1804283	0.27323298	19.401589
-0.0000057055711	-0.0000040648499	0.18051006	0.273343	19.410094
-0.0000057080707	-0.0000040666307	0.1805918	0.27345301	19.418597
-0.0000057105701	-0.0000040684113	0.18067355	0.27356301	19.4271
-0.0000057130692	-0.0000040701918	0.18075528	0.27367298	19.435602
-0.0000057155681	-0.0000040719721	0.18083701	0.27378294	19.444103
-0.0000057180667	-0.0000040737522	0.18091874	0.27389288	19.452603
-0.0000057205651	-0.0000040755321	0.18100046	0.27400281	19.461103
-0.0000057230632	-0.0000040773119	0.18108218	0.27411271	19.469601
-0.0000057255611	-0.0000040790914	0.18116389	0.2742226	19.478099
-0.0000057280587	-0.0000040808708	0.18124559	0.27433247	19.486596
-0.0000057305561	-0.00000408265	0.1813273	0.27444233	19.495092
-0.0000057330532	-0.0000040844291	0.18140899	0.27455216	19.503587
-0.0000057355501	-0.0000040862079	0.18149068	0.27466198	19.512081
-0.0000057380467	-0.0000040879866	0.18157237	0.27477178	19.520574
-0.000005740543	-0.0000040897651	0.18165404	0.27488157	19.529067
-0.0000057430391	-0.0000040915434	0.18173572	0.27499133	19.537558
-0.000005745535	-0.0000040933216	0.18181739	0.27510108	19.546049
-0.0000057480306	-0.0000040950995	0.18189905	0.27521081	19.554539
-0.0000057505259	-0.0000040968773	0.18198071	0.27532052	19.563028
-0.000005753021	-0.0000040986548	0.18206236	0.27543022	19.571516
-0.0000057555158	-0.0000041004322	0.18214401	0.27553989	19.580003
-0.0000057580104	-0.0000041022094	0.18222565	0.27564955	19.58849
-0.0000057605046	-0.0000041039865	0.18230728	0.2757592	19.596975
-0.0000057629987	-0.0000041057633	0.18238891	0.27586882	19.60546
-0.0000057654924	-0.0000041075399	0.18247054	0.27597842	19.613944
-0.000005767986	-0.0000041093164	0.18255216	0.27608801	19.622426
-0.0000057704792	-0.0000041110927	0.18263377	0.27619758	19.630908
-0.0000057729722	-0.0000041128688	0.18271538	0.27630713	19.639389
-0.0000057754649	-0.0000041146447	0.18279698	0.27641667	19.647869
-0.0000057779573	-0.0000041164204	0.18287857	0.27652618	19.656349
-0.0000057804495	-0.0000041181959	0.18296016	0.27663568	19.664827
-0.0000057829414	-0.0000041199712	0.18304175	0.27674516	19.673304
-0.0000057854331	-0.0000041217463	0.18312333	0.27685462	19.681781
-0.0000057879244	-0.0000041235213	0.1832049	0.27696406	19.690256
-0.0000057904155	-0.000004125296	0.18328647	0.27707349	19.698731
-0.0000057929064	-0.0000041270706	0.18336803	0.2771829	19.707205
-0.0000057953969	-0.000004128845	0.18344958	0.27729228	19.715677
-0.0000057978872	-0.0000041306191	0.18353113	0.27740165	19.724149
-0.0000058003772	-0.0000041323931	0.18361268	0.27751101	19.73262
-0.000005802867	-0.0000041341669	0.18369421	0.27762034	19.74109
-0.0000058053565	-0.0000041359405	0.18377574	0.27772965	19.749559
-0.0000058078456	-0.0000041377139	0.18385727	0.27783895	19.758027
-0.0000058103346	-0.0000041394871	0.18393879	0.27794823	19.766494
-0.0000058128232	-0.00000414126	0.1840203	0.27805749	19.774961
-0.0000058153116	-0.0000041430328	0.18410181	0.27816673	19.783426
-0.0000058177997	-0.0000041448054	0.18418331	0.27827595	19.79189
-0.0000058202875	-0.0000041465778	0.1842648	0.27838516	19.800354
-0.000005822775	-0.00000414835	0.18434629	0.27849434	19.808816
-0.0000058252622	-0.0000041501221	0.18442777	0.27860351	19.817278
-0.0000058277492	-0.0000041518939	0.18450925	0.27871266	19.825738
-0.0000058302359	-0.0000041536655	0.18459072	0.27882179	19.834198
-0.0000058327223	-0.0000041554369	0.18467218	0.2789309	19.842656
-0.0000058352084	-0.0000041572081	0.18475364	0.27903999	19.851114
-0.0000058376942	-0.000004158979	0.18483509	0.27914907	19.859571
-0.0000058401798	-0.0000041607498	0.18491654	0.27925812	19.868027
-0.000005842665	-0.0000041625204	0.18499798	0.27936716	19.876481
-0.00000584515	-0.0000041642908	0.18507941	0.27947617	19.884935
-0.0000058476347	-0.000004166061	0.18516083	0.27958517	19.893388
-0.0000058501191	-0.000004167831	0.18524225	0.27969415	19.90184
-0.0000058526032	-0.0000041696007	0.18532366	0.27980311	19.91029
-0.000005855087	-0.0000041713703	0.18540507	0.27991205	19.91874
-0.0000058575706	-0.0000041731397	0.18548647	0.28002098	19.927189
-0.0000058600538	-0.0000041749088	0.18556786	0.28012988	19.935637
-0.0000058625368	-0.0000041766777	0.18564925	0.28023877	19.944084
-0.0000058650194	-0.0000041784465	0.18573063	0.28034763	19.95253
-0.0000058675018	-0.000004180215	0.185812	0.28045648	19.960975
-0.0000058699839	-0.0000041819833	0.18589337	0.28056531	19.969419
-0.0000058724656	-0.0000041837514	0.18597473	0.28067411	19.977862
-0.0000058749471	-0.0000041855193	0.18605608	0.2807829	19.986303
-0.0000058774283	-0.000004187287	0.18613743	0.28089167	19.994744
-0.0000058799092	-0.0000041890545	0.18621877	0.28100042	20.003184
-0.0000058823898	-0.0000041908217	0.1863001	0.28110915	20.011623
-0.0000058848701	-0.0000041925888	0.18638143	0.28121787	20.020061
-0.0000058873501	-0.0000041943556	0.18646275	0.28132656	20.028498
-0.0000058898297	-0.0000041961222	0.18654406	0.28143523	20.036933
-0.0000058923091	-0.0000041978886	0.18662537	0.28154389	20.045368
-0.0000058947882	-0.0000041996548	0.18670666	0.28165252	20.053802
-0.000005897267	-0.0000042014208	0.18678796	0.28176114	20.062235
-0.0000058997455	-0.0000042031865	0.18686924	0.28186973	20.070666
-0.0000059022237	-0.0000042049521	0.18695052	0.28197831	20.079097
-0.0000059047016	-0.0000042067174	0.18703179	0.28208687	20.087527
-0.0000059071791	-0.0000042084825	0.18711305	0.2821954	20.095955
-0.0000059096564	-0.0000042102474	0.18719431	0.28230392	20.104383
-0.0000059121333	-0.0000042120121	0.18727556	0.28241242	20.112809
-0.00000591461	-0.0000042137765	0.1873568	0.2825209	20.121235
-0.0000059170863	-0.0000042155408	0.18743804	0.28262936	20.129659
-0.0000059195624	-0.0000042173048	0.18751927	0.2827378	20.138082
-0.0000059220381	-0.0000042190686	0.18760049	0.28284622	20.146505
-0.0000059245135	-0.0000042208322	0.1876817	0.28295461	20.154926
-0.0000059269886	-0.0000042225955	0.18776291	0.28306299	20.163346
-0.0000059294634	-0.0000042243586	0.18784411	0.28317136	20.171765
-0.0000059319379	-0.0000042261215	0.1879253	0.2832797	20.180183
-0.000005934412	-0.0000042278842	0.18800649	0.28338802	20.1886
-0.0000059368859	-0.0000042296467	0.18808767	0.28349632	20.197016
-0.0000059393594	-0.0000042314089	0.18816884	0.2836046	20.205431
-0.0000059418327	-0.0000042331709	0.18825	0.28371286	20.213845
-0.0000059443056	-0.0000042349327	0.18833116	0.2838211	20.222258
-0.0000059467781	-0.0000042366943	0.1884123	0.28392932	20.230669
-0.0000059492504	-0.0000042384556	0.18849345	0.28403752	20.23908
-0.0000059517224	-0.0000042402167	0.18857458	0.2841457	20.247489
-0.000005954194	-0.0000042419776	0.18865571	0.28425386	20.255898
-0.0000059566653	-0.0000042437382	0.18873682	0.284362	20.264305
-0.0000059591363	-0.0000042454986	0.18881793	0.28447012	20.272711
-0.000005961607	-0.0000042472588	0.18889904	0.28457822	20.281116
-0.0000059640773	-0.0000042490188	0.18898013	0.2846863	20.28952
-0.0000059665473	-0.0000042507785	0.18906122	0.28479436	20.297923
-0.000005969017	-0.000004252538	0.1891423	0.2849024	20.306325
-0.0000059714864	-0.0000042542973	0.18922338	0.28501042	20.314726
-0.0000059739555	-0.0000042560563	0.18930444	0.28511842	20.323125
-0.0000059764242	-0.0000042578151	0.1893855	0.2852264	20.331524
-0.0000059788926	-0.0000042595737	0.18946655	0.28533436	20.339921
-0.0000059813606	-0.0000042613321	0.18954759	0.2854423	20.348317
-0.0000059838284	-0.0000042630902	0.18962863	0.28555022	20.356713
-0.0000059862958	-0.000004264848	0.18970965	0.28565811	20.365107
-0.0000059887629	-0.0000042666057	0.18979067	0.28576599	20.373499
-0.0000059912296	-0.0000042683631	0.18987168	0.28587385	20.381891
-0.0000059936961	-0.0000042701202	0.18995269	0.28598168	20.390282
-0.0000059961621	-0.0000042718772	0.19003368	0.2860895	20.398671
-0.0000059986279	-0.0000042736339	0.19011467	0.28619729	20.40706
-0.0000060010933	-0.0000042753903	0.19019565	0.28630507	20.415447
-0.0000060035584	-0.0000042771465	0.19027662	0.28641282	20.423833
-0.0000060060232	-0.0000042789025	0.19035758	0.28652055	20.432218
-0.0000060084876	-0.0000042806582	0.19043854	0.28662826	20.440602
-0.0000060109517	-0.0000042824137	0.19051948	0.28673596	20.448985
-0.0000060134154	-0.000004284169	0.19060042	0.28684363	20.457366
-0.0000060158788	-0.000004285924	0.19068135	0.28695128	20.465747
-0.0000060183419	-0.0000042876788	0.19076228	0.28705891	20.474126
-0.0000060208046	-0.0000042894333	0.19084319	0.28716651	20.482504
-0.000006023267	-0.0000042911876	0.1909241	0.2872741	20.490881
-0.000006025729	-0.0000042929417	0.191005	0.28738167	20.499257
-0.0000060281907	-0.0000042946955	0.19108589	0.28748921	20.507631
-0.0000060306521	-0.000004296449	0.19116677	0.28759674	20.516005
-0.0000060331131	-0.0000042982023	0.19124764	0.28770424	20.524377
-0.0000060355738	-0.0000042999554	0.19132851	0.28781173	20.532748
-0.0000060380341	-0.0000043017082	0.19140937	0.28791919	20.541118
-0.0000060404941	-0.0000043034608	0.19149021	0.28802663	20.549487
-0.0000060429538	-0.0000043052132	0.19157106	0.28813405	20.557854
-0.0000060454131	-0.0000043069653	0.19165189	0.28824145	20.566221
-0.000006047872	-0.0000043087171	0.19173271	0.28834882	20.574586
-0.0000060503306	-0.0000043104687	0.19181353	0.28845618	20.58295
-0.0000060527888	-0.00000431222	0.19189433	0.28856352	20.591313
-0.0000060552467	-0.0000043139711	0.19197513	0.28867083	20.599675
-0.0000060577043	-0.000004315722	0.19205592	0.28877812	20.608035
-0.0000060601615	-0.0000043174726	0.1921367	0.28888539	20.616394
-0.0000060626183	-0.0000043192229	0.19221747	0.28899264	20.624752
-0.0000060650748	-0.000004320973	0.19229824	0.28909987	20.633109
-0.000006067531	-0.0000043227228	0.19237899	0.28920708	20.641465
-0.0000060699868	-0.0000043244724	0.19245974	0.28931427	20.649819
-0.0000060724422	-0.0000043262218	0.19254048	0.28942143	20.658173
-0.0000060748973	-0.0000043279708	0.19262121	0.28952857	20.666525
-0.000006077352	-0.0000043297197	0.19270193	0.2896357	20.674876
-0.0000060798063	-0.0000043314682	0.19278264	0.2897428	20.683225
-0.0000060822603	-0.0000043332166	0.19286334	0.28984987	20.691574
-0.000006084714	-0.0000043349646	0.19294404	0.28995693	20.699921
-0.0000060871673	-0.0000043367124	0.19302472	0.29006397	20.708267
-0.0000060896202	-0.00000433846	0.1931054	0.29017098	20.716611
-0.0000060920728	-0.0000043402073	0.19318607	0.29027797	20.724955
-0.000006094525	-0.0000043419543	0.19326673	0.29038495	20.733297
-0.0000060969768	-0.0000043437011	0.19334738	0.29049189	20.741638
-0.0000060994283	-0.0000043454476	0.19342802	0.29059882	20.749978
-0.0000061018794	-0.0000043471939	0.19350865	0.29070573	20.758317
-0.0000061043302	-0.0000043489399	0.19358927	0.29081261	20.766654
-0.0000061067805	-0.0000043506856	0.19366989	0.29091947	20.77499
-0.0000061092306	-0.0000043524311	0.19375049	0.29102631	20.783325
-0.0000061116802	-0.0000043541763	0.19383109	0.29113313	20.791659
-0.0000061141295	-0.0000043559213	0.19391168	0.29123993	20.799991
-0.0000061165784	-0.000004357666	0.19399226	0.2913467	20.808322
-0.000006119027	-0.0000043594104	0.19407282	0.29145346	20.816652
-0.0000061214751	-0.0000043611546	0.19415338	0.29156019	20.824981
-0.0000061239229	-0.0000043628985	0.19423394	0.2916669	20.833308
-0.0000061263704	-0.0000043646421	0.19431448	0.29177358	20.841634
-0.0000061288174	-0.0000043663855	0.19439501	0.29188025	20.849959
-0.0000061312641	-0.0000043681286	0.19447553	0.29198689	20.858282
-0.0000061337105	-0.0000043698714	0.19455605	0.29209351	20.866605
-0.0000061361564	-0.000004371614	0.19463655	0.29220011	20.874926
-0.000006138602	-0.0000043733563	0.19471704	0.29230669	20.883245
-0.0000061410472	-0.0000043750984	0.19479753	0.29241324	20.891564
-0.000006143492	-0.0000043768401	0.19487801	0.29251978	20.899881
-0.0000061459364	-0.0000043785816	0.19495847	0.29262629	20.908197
-0.0000061483805	-0.0000043803229	0.19503893	0.29273277	20.916511
-0.0000061508242	-0.0000043820639	0.19511938	0.29283924	20.924825
-0.0000061532675	-0.0000043838046	0.19519982	0.29294568	20.933137
-0.0000061557104	-0.000004385545	0.19528025	0.2930521	20.941447
-0.000006158153	-0.0000043872851	0.19536067	0.2931585	20.949757
-0.0000061605951	-0.000004389025	0.19544108	0.29326488	20.958065
-0.0000061630369	-0.0000043907646	0.19552148	0.29337123	20.966372
-0.0000061654783	-0.000004392504	0.19560187	0.29347756	20.974677
-0.0000061679193	-0.000004394243	0.19568225	0.29358387	20.982982
-0.00000617036	-0.0000043959818	0.19576262	0.29369016	20.991284
-0.0000061728002	-0.0000043977203	0.19584298	0.29379642	20.999586
-0.0000061752401	-0.0000043994586	0.19592333	0.29390266	21.007886
-0.0000061776795	-0.0000044011966	0.19600368	0.29400888	21.016185
-0.0000061801186	-0.0000044029343	0.19608401	0.29411508	21.024483
-0.0000061825573	-0.0000044046717	0.19616433	0.29422125	21.032779
-0.0000061849956	-0.0000044064088	0.19624465	0.2943274	21.041074
-0.0000061874336	-0.0000044081457	0.19632495	0.29443353	21.049368
-0.0000061898711	-0.0000044098823	0.19640524	0.29453964	21.057661
-0.0000061923082	-0.0000044116186	0.19648553	0.29464572	21.065952
-0.000006194745	-0.0000044133546	0.1965658	0.29475178	21.074241
-0.0000061971814	-0.0000044150903	0.19664606	0.29485782	21.08253
-0.0000061996173	-0.0000044168258	0.19672632	0.29496383	21.090817
-0.0000062020529	-0.000004418561	0.19680656	0.29506982	21.099102
-0.0000062044881	-0.0000044202959	0.1968868	0.29517579	21.107387
-0.0000062069229	-0.0000044220305	0.19696702	0.29528174	21.11567
-0.0000062093572	-0.0000044237649	0.19704723	0.29538766	21.123951
-0.0000062117912	-0.0000044254989	0.19712744	0.29549356	21.132232
-0.0000062142248	-0.0000044272327	0.19720763	0.29559944	21.140511
-0.000006216658	-0.0000044289662	0.19728781	0.29570529	21.148788
-0.0000062190908	-0.0000044306994	0.19736799	0.29581112	21.157065
-0.0000062215232	-0.0000044324323	0.19744815	0.29591693	21.16534
-0.0000062239552	-0.000004434165	0.1975283	0.29602272	21.173613
-0.0000062263868	-0.0000044358973	0.19760845	0.29612848	21.181885
-0.000006228818	-0.0000044376294	0.19768858	0.29623422	21.190156
-0.0000062312488	-0.0000044393612	0.1977687	0.29633993	21.198426
-0.0000062336792	-0.0000044410927	0.19784882	0.29644562	21.206694
-0.0000062361092	-0.0000044428239	0.19792892	0.29655129	21.21496
-0.0000062385387	-0.0000044445548	0.19800901	0.29665694	21.223226
-0.0000062409679	-0.0000044462854	0.19808909	0.29676256	21.23149
-0.0000062433967	-0.0000044480158	0.19816916	0.29686816	21.239752
-0.000006245825	-0.0000044497458	0.19824922	0.29697374	21.248013
-0.000006248253	-0.0000044514756	0.19832927	0.29707929	21.256273
-0.0000062506805	-0.000004453205	0.19840931	0.29718482	21.264531
-0.0000062531077	-0.0000044549342	0.19848934	0.29729032	21.272788
-0.0000062555344	-0.0000044566631	0.19856936	0.29739581	21.281044
-0.0000062579607	-0.0000044583917	0.19864937	0.29750127	21.289298
-0.0000062603866	-0.00000446012	0.19872936	0.2976067	21.297551
-0.0000062628121	-0.000004461848	0.19880935	0.29771211	21.305803
-0.0000062652372	-0.0000044635757	0.19888933	0.2978175	21.314053
-0.0000062676619	-0.0000044653031	0.19896929	0.29792287	21.322301
-0.0000062700861	-0.0000044670303	0.19904925	0.29802821	21.330548
-0.00000627251	-0.0000044687571	0.19912919	0.29813353	21.338794
-0.0000062749334	-0.0000044704836	0.19920913	0.29823882	21.347039
-0.0000062773564	-0.0000044722099	0.19928905	0.29834409	21.355281
-0.000006279779	-0.0000044739358	0.19936896	0.29844934	21.363523
-0.0000062822012	-0.0000044756614	0.19944886	0.29855456	21.371763
-0.0000062846229	-0.0000044773868	0.19952875	0.29865976	21.380002
-0.0000062870442	-0.0000044791118	0.19960863	0.29876494	21.388239
-0.0000062894652	-0.0000044808366	0.1996885	0.29887009	21.396475
-0.0000062918857	-0.000004482561	0.19976836	0.29897522	21.404709
-0.0000062943057	-0.0000044842852	0.19984821	0.29908032	21.412942
-0.0000062967254	-0.000004486009	0.19992805	0.2991854	21.421174
-0.0000062991446	-0.0000044877326	0.20000787	0.29929046	21.429404
-0.0000063015634	-0.0000044894558	0.20008769	0.29939549	21.437633
-0.0000063039818	-0.0000044911787	0.20016749	0.2995005	21.44586
-0.0000063063998	-0.0000044929014	0.20024728	0.29960548	21.454086
-0.0000063088173	-0.0000044946237	0.20032706	0.29971044	21.46231
-0.0000063112344	-0.0000044963457	0.20040683	0.29981538	21.470533
-0.0000063136511	-0.0000044980675	0.20048659	0.29992029	21.478754
-0.0000063160673	-0.0000044997889	0.20056634	0.30002518	21.486974
-0.0000063184831	-0.00000450151	0.20064608	0.30013004	21.495193
-0.0000063208985	-0.0000045032308	0.2007258	0.30023488	21.50341
-0.0000063233135	-0.0000045049513	0.20080552	0.3003397	21.511626
-0.000006325728	-0.0000045066715	0.20088522	0.30044449	21.51984
-0.0000063281421	-0.0000045083914	0.20096492	0.30054926	21.528052
-0.0000063305558	-0.000004510111	0.2010446	0.300654	21.536263
-0.000006332969	-0.0000045118303	0.20112427	0.30075872	21.544473
-0.0000063353819	-0.0000045135492	0.20120392	0.30086342	21.552681
-0.0000063377942	-0.0000045152679	0.20128357	0.30096809	21.560888
-0.0000063402062	-0.0000045169862	0.20136321	0.30107273	21.569094
-0.0000063426177	-0.0000045187043	0.20144283	0.30117736	21.577297
-0.0000063450287	-0.000004520422	0.20152244	0.30128195	21.5855
-0.0000063474393	-0.0000045221394	0.20160205	0.30138653	21.593701
-0.0000063498495	-0.0000045238565	0.20168164	0.30149107	21.6019
-0.0000063522593	-0.0000045255733	0.20176122	0.3015956	21.610098
-0.0000063546686	-0.0000045272898	0.20184078	0.3017001	21.618294
-0.0000063570775	-0.000004529006	0.20192034	0.30180457	21.626489
-0.0000063594859	-0.0000045307218	0.20199988	0.30190902	21.634682
-0.0000063618939	-0.0000045324373	0.20207941	0.30201345	21.642874
-0.0000063643014	-0.0000045341526	0.20215894	0.30211785	21.651065
-0.0000063667085	-0.0000045358675	0.20223845	0.30222223	21.659253
-0.0000063691152	-0.0000045375821	0.20231794	0.30232658	21.667441
-0.0000063715214	-0.0000045392963	0.20239743	0.30243091	21.675627
-0.0000063739272	-0.0000045410103	0.2024769	0.30253521	21.683811
-0.0000063763325	-0.0000045427239	0.20255637	0.30263949	21.691994
-0.0000063787374	-0.0000045444373	0.20263582	0.30274374	21.700175
-0.0000063811418	-0.0000045461503	0.20271526	0.30284797	21.708355
-0.0000063835458	-0.0000045478629	0.20279468	0.30295217	21.716533
-0.0000063859493	-0.0000045495753	0.2028741	0.30305635	21.72471
-0.0000063883524	-0.0000045512873	0.2029535	0.3031605	21.732885
-0.0000063907551	-0.0000045529991	0.20303289	0.30326463	21.741059
-0.0000063931573	-0.0000045547105	0.20311227	0.30336874	21.749231
-0.000006395559	-0.0000045564216	0.20319164	0.30347282	21.757401
-0.0000063979603	-0.0000045581323	0.203271	0.30357687	21.76557
-0.0000064003611	-0.0000045598428	0.20335034	0.3036809	21.773738
-0.0000064027615	-0.0000045615529	0.20342967	0.3037849	21.781904
-0.0000064051614	-0.0000045632627	0.20350899	0.30388888	21.790068
-0.0000064075609	-0.0000045649721	0.2035883	0.30399284	21.798231
-0.0000064099599	-0.0000045666813	0.2036676	0.30409676	21.806393
-0.0000064123585	-0.0000045683901	0.20374688	0.30420067	21.814552
-0.0000064147566	-0.0000045700986	0.20382615	0.30430455	21.822711
-0.0000064171542	-0.0000045718067	0.20390541	0.3044084	21.830867
-0.0000064195514	-0.0000045735146	0.20398466	0.30451223	21.839022
-0.0000064219481	-0.0000045752221	0.2040639	0.30461603	21.847176
-0.0000064243444	-0.0000045769293	0.20414312	0.30471981	21.855328
-0.0000064267402	-0.0000045786361	0.20422233	0.30482356	21.863478
-0.0000064291355	-0.0000045803427	0.20430153	0.30492729	21.871627
-0.0000064315304	-0.0000045820489	0.20438072	0.30503099	21.879774
-0.0000064339248	-0.0000045837547	0.20445989	0.30513467	21.88792
-0.0000064363188	-0.0000045854603	0.20453905	0.30523832	21.896064
-0.0000064387123	-0.0000045871655	0.2046182	0.30534194	21.904207
-0.0000064411053	-0.0000045888703	0.20469734	0.30544554	21.912348
-0.0000064434979	-0.0000045905749	0.20477646	0.30554912	21.920487
-0.00000644589	-0.0000045922791	0.20485558	0.30565267	21.928625
-0.0000064482816	-0.000004593983	0.20493468	0.30575619	21.936761
-0.0000064506727	-0.0000045956865	0.20501376	0.30585969	21.944896
-0.0000064530634	-0.0000045973897	0.20509284	0.30596316	21.953029
-0.0000064554537	-0.0000045990926	0.2051719	0.30606661	21.96116
-0.0000064578434	-0.0000046007952	0.20525095	0.30617003	21.96929
-0.0000064602327	-0.0000046024974	0.20532999	0.30627343	21.977418
-0.0000064626215	-0.0000046041993	0.20540901	0.3063768	21.985545
-0.0000064650099	-0.0000046059008	0.20548802	0.30648014	21.99367
-0.0000064673977	-0.000004607602	0.20556702	0.30658346	22.001793
-0.0000064697851	-0.0000046093029	0.20564601	0.30668675	22.009915
-0.000006472172	-0.0000046110034	0.20572498	0.30679002	22.018035
-0.0000064745585	-0.0000046127036	0.20580394	0.30689326	22.026154
-0.0000064769445	-0.0000046144034	0.20588289	0.30699648	22.034271
-0.00000647933	-0.0000046161029	0.20596183	0.30709967	22.042386
-0.000006481715	-0.0000046178021	0.20604075	0.30720283	22.0505
-0.0000064840995	-0.0000046195009	0.20611966	0.30730597	22.058612
-0.0000064864836	-0.0000046211994	0.20619856	0.30740908	22.066723
-0.0000064888672	-0.0000046228976	0.20627744	0.30751217	22.074832
-0.0000064912503	-0.0000046245954	0.20635632	0.30761523	22.082939
-0.0000064936329	-0.0000046262929	0.20643518	0.30771827	22.091044
-0.000006496015	-0.00000462799	0.20651402	0.30782127	22.099148
-0.0000064983967	-0.0000046296868	0.20659285	0.30792426	22.107251
-0.0000065007779	-0.0000046313832	0.20667167	0.30802721	22.115351
-0.0000065031586	-0.0000046330793	0.20675048	0.30813014	22.12345
-0.0000065055388	-0.000004634775	0.20682927	0.30823305	22.131548
-0.0000065079185	-0.0000046364704	0.20690806	0.30833593	22.139643
-0.0000065102978	-0.0000046381655	0.20698682	0.30843878	22.147737
-0.0000065126765	-0.0000046398602	0.20706558	0.3085416	22.15583
-0.0000065150548	-0.0000046415546	0.20714432	0.3086444	22.163921
-0.0000065174326	-0.0000046432486	0.20722305	0.30874718	22.17201
-0.0000065198099	-0.0000046449422	0.20730176	0.30884992	22.180097
-0.0000065221867	-0.0000046466356	0.20738046	0.30895264	22.188183
-0.000006524563	-0.0000046483285	0.20745915	0.30905534	22.196267
-0.0000065269388	-0.0000046500212	0.20753783	0.309158	22.20435
-0.0000065293141	-0.0000046517134	0.20761649	0.30926065	22.21243
-0.000006531689	-0.0000046534054	0.20769514	0.30936326	22.220509
-0.0000065340633	-0.0000046550969	0.20777378	0.30946585	22.228587
-0.0000065364372	-0.0000046567882	0.2078524	0.30956841	22.236663
-0.0000065388106	-0.000004658479	0.20793101	0.30967095	22.244737
-0.0000065411834	-0.0000046601695	0.2080096	0.30977346	22.252809
-0.0000065435558	-0.0000046618597	0.20808819	0.30987594	22.26088
-0.0000065459277	-0.0000046635495	0.20816675	0.3099784	22.268949
-0.0000065482991	-0.000004665239	0.20824531	0.31008083	22.277016
-0.00000655067	-0.0000046669281	0.20832385	0.31018323	22.285082
-0.0000065530404	-0.0000046686168	0.20840238	0.31028561	22.293146
-0.0000065554103	-0.0000046703052	0.20848089	0.31038796	22.301208
-0.0000065577796	-0.0000046719933	0.2085594	0.31049028	22.309269
-0.0000065601485	-0.0000046736809	0.20863788	0.31059258	22.317328
-0.0000065625169	-0.0000046753683	0.20871636	0.31069485	22.325385
-0.0000065648848	-0.0000046770552	0.20879482	0.31079709	22.33344
-0.0000065672522	-0.0000046787419	0.20887326	0.31089931	22.341494
-0.0000065696191	-0.0000046804281	0.2089517	0.3110015	22.349546
-0.0000065719855	-0.000004682114	0.20903012	0.31110366	22.357596
-0.0000065743514	-0.0000046837995	0.20910852	0.31120579	22.365645
-0.0000065767167	-0.0000046854847	0.20918691	0.3113079	22.373692
-0.0000065790816	-0.0000046871695	0.20926529	0.31140999	22.381737
-0.000006581446	-0.000004688854	0.20934366	0.31151204	22.38978
-0.0000065838098	-0.0000046905381	0.20942201	0.31161407	22.397822
-0.0000065861732	-0.0000046922218	0.20950034	0.31171607	22.405862
-0.000006588536	-0.0000046939052	0.20957867	0.31181804	22.4139
-0.0000065908983	-0.0000046955882	0.20965698	0.31191999	22.421937
-0.0000065932602	-0.0000046972708	0.20973527	0.31202191	22.429972
-0.0000065956215	-0.0000046989531	0.20981355	0.31212381	22.438005
-0.0000065979823	-0.000004700635	0.20989182	0.31222567	22.446036
-0.0000066003426	-0.0000047023166	0.20997007	0.31232751	22.454066
-0.0000066027023	-0.0000047039978	0.21004831	0.31242932	22.462094
-0.0000066050616	-0.0000047056786	0.21012654	0.31253111	22.47012
-0.0000066074204	-0.0000047073591	0.21020475	0.31263286	22.478144
-0.0000066097786	-0.0000047090391	0.21028295	0.31273459	22.486167
-0.0000066121363	-0.0000047107189	0.21036113	0.3128363	22.494188
-0.0000066144935	-0.0000047123982	0.2104393	0.31293797	22.502207
-0.0000066168502	-0.0000047140772	0.21051745	0.31303962	22.510224
-0.0000066192064	-0.0000047157558	0.21059559	0.31314124	22.51824
-0.000006621562	-0.0000047174341	0.21067372	0.31324284	22.526253
-0.0000066239172	-0.000004719112	0.21075183	0.3133444	22.534266
-0.0000066262718	-0.0000047207895	0.21082993	0.31344594	22.542276
-0.0000066286259	-0.0000047224666	0.21090801	0.31354745	22.550284
-0.0000066309794	-0.0000047241434	0.21098608	0.31364894	22.558291
-0.0000066333325	-0.0000047258198	0.21106413	0.3137504	22.566296
-0.000006635685	-0.0000047274958	0.21114218	0.31385182	22.574299
-0.000006638037	-0.0000047291715	0.2112202	0.31395323	22.582301
-0.0000066403885	-0.0000047308467	0.21129821	0.3140546	22.5903
-0.0000066427395	-0.0000047325216	0.21137621	0.31415595	22.598298
-0.0000066450899	-0.0000047341962	0.21145419	0.31425727	22.606294
-0.0000066474398	-0.0000047358703	0.21153216	0.31435856	22.614289
-0.0000066497892	-0.0000047375441	0.21161012	0.31445982	22.622281
-0.0000066521381	-0.0000047392175	0.21168806	0.31456106	22.630272
-0.0000066544864	-0.0000047408906	0.21176598	0.31466227	22.638261
-0.0000066568342	-0.0000047425632	0.21184389	0.31476345	22.646248
-0.0000066591815	-0.0000047442355	0.21192179	0.3148646	22.654233
-0.0000066615282	-0.0000047459074	0.21199967	0.31496573	22.662217
-0.0000066638744	-0.0000047475789	0.21207753	0.31506682	22.670198
-0.0000066662201	-0.0000047492501	0.21215539	0.31516789	22.678178
-0.0000066685653	-0.0000047509209	0.21223322	0.31526894	22.686156
-0.0000066709099	-0.0000047525912	0.21231104	0.31536995	22.694133
-0.000006673254	-0.0000047542613	0.21238885	0.31547094	22.702107
-0.0000066755975	-0.0000047559309	0.21246665	0.3155719	22.71008
-0.0000066779406	-0.0000047576001	0.21254442	0.31567283	22.718051
-0.000006680283	-0.000004759269	0.21262219	0.31577373	22.72602
-0.000006682625	-0.0000047609375	0.21269994	0.3158746	22.733987
-0.0000066849664	-0.0000047626056	0.21277767	0.31597545	22.741952
-0.0000066873073	-0.0000047642733	0.21285539	0.31607627	22.749916
-0.0000066896476	-0.0000047659406	0.21293309	0.31617706	22.757877
-0.0000066919874	-0.0000047676076	0.21301078	0.31627782	22.765837
-0.0000066943267	-0.0000047692742	0.21308846	0.31637856	22.773795
-0.0000066966654	-0.0000047709404	0.21316611	0.31647926	22.781752
-0.0000066990036	-0.0000047726062	0.21324376	0.31657994	22.789706
-0.0000067013412	-0.0000047742716	0.21332139	0.31668059	22.797659
-0.0000067036783	-0.0000047759366	0.213399	0.31678121	22.805609
-0.0000067060148	-0.0000047776012	0.2134766	0.3168818	22.813558
-0.0000067083509	-0.0000047792655	0.21355418	0.31698237	22.821505
-0.0000067106863	-0.0000047809294	0.21363175	0.31708291	22.82945
-0.0000067130212	-0.0000047825928	0.21370931	0.31718342	22.837394
-0.0000067153556	-0.0000047842559	0.21378685	0.3172839	22.845335
-0.0000067176894	-0.0000047859186	0.21386437	0.31738435	22.853275
-0.0000067200227	-0.000004787581	0.21394188	0.31748477	22.861212
-0.0000067223555	-0.0000047892429	0.21401937	0.31758517	22.869148
-0.0000067246877	-0.0000047909044	0.21409685	0.31768553	22.877082
-0.0000067270193	-0.0000047925656	0.21417431	0.31778587	22.885014
-0.0000067293504	-0.0000047942263	0.21425176	0.31788618	22.892945
-0.0000067316809	-0.0000047958867	0.21432919	0.31798646	22.900873
-0.0000067340109	-0.0000047975466	0.21440661	0.31808672	22.908799
-0.0000067363404	-0.0000047992062	0.21448401	0.31818694	22.916724
-0.0000067386692	-0.0000048008654	0.21456139	0.31828714	22.924647
-0.0000067409976	-0.0000048025242	0.21463876	0.31838731	22.932568
-0.0000067433254	-0.0000048041826	0.21471612	0.31848744	22.940487
-0.0000067456526	-0.0000048058406	0.21479346	0.31858755	22.948404
-0.0000067479792	-0.0000048074982	0.21487078	0.31868764	22.956319
-0.0000067503054	-0.0000048091554	0.21494809	0.31878769	22.964232
-0.0000067526309	-0.0000048108122	0.21502538	0.31888771	22.972144
-0.0000067549559	-0.0000048124686	0.21510266	0.31898771	22.980053
-0.0000067572804	-0.0000048141246	0.21517992	0.31908768	22.987961
-0.0000067596043	-0.0000048157802	0.21525717	0.31918761	22.995867
-0.0000067619276	-0.0000048174355	0.2153344	0.31928752	23.003771
-0.0000067642504	-0.0000048190903	0.21541161	0.3193874	23.011673
-0.0000067665726	-0.0000048207447	0.21548881	0.31948726	23.019573
-0.0000067688942	-0.0000048223987	0.21556599	0.31958708	23.027471
-0.0000067712153	-0.0000048240523	0.21564316	0.31968687	23.035367
-0.0000067735358	-0.0000048257056	0.21572031	0.31978664	23.043261
-0.0000067758558	-0.0000048273584	0.21579745	0.31988637	23.051154
-0.0000067781752	-0.0000048290108	0.21587457	0.31998608	23.059044
-0.000006780494	-0.0000048306628	0.21595167	0.32008576	23.066933
-0.0000067828123	-0.0000048323144	0.21602876	0.32018541	23.07482
-0.00000678513	-0.0000048339657	0.21610584	0.32028503	23.082704
-0.0000067874471	-0.0000048356165	0.21618289	0.32038462	23.090587
-0.0000067897637	-0.0000048372669	0.21625993	0.32048418	23.098468
-0.0000067920797	-0.0000048389169	0.21633696	0.32058371	23.106347
-0.0000067943951	-0.0000048405665	0.21641397	0.32068322	23.114224
-0.00000679671	-0.0000048422157	0.21649096	0.32078269	23.122099
-0.0000067990243	-0.0000048438645	0.21656794	0.32088214	23.129972
-0.000006801338	-0.0000048455128	0.2166449	0.32098155	23.137843
-0.0000068036512	-0.0000048471608	0.21672184	0.32108094	23.145712
-0.0000068059638	-0.0000048488084	0.21679877	0.3211803	23.15358
-0.0000068082758	-0.0000048504555	0.21687569	0.32127963	23.161445
-0.0000068105872	-0.0000048521023	0.21695258	0.32137892	23.169309
-0.0000068128981	-0.0000048537486	0.21702946	0.32147819	23.17717
-0.0000068152084	-0.0000048553946	0.21710633	0.32157744	23.18503
-0.0000068175181	-0.0000048570401	0.21718318	0.32167665	23.192887
-0.0000068198272	-0.0000048586852	0.21726001	0.32177583	23.200743
-0.0000068221358	-0.0000048603299	0.21733682	0.32187498	23.208596
-0.0000068244438	-0.0000048619742	0.21741362	0.3219741	23.216448
-0.0000068267512	-0.0000048636181	0.21749041	0.3220732	23.224298
-0.000006829058	-0.0000048652615	0.21756717	0.32217226	23.232145
-0.0000068313643	-0.0000048669046	0.21764392	0.3222713	23.239991
-0.0000068336699	-0.0000048685472	0.21772066	0.3223703	23.247835
-0.000006835975	-0.0000048701895	0.21779738	0.32246928	23.255677
-0.0000068382795	-0.0000048718313	0.21787408	0.32256822	23.263517
-0.0000068405835	-0.0000048734727	0.21795076	0.32266714	23.271354
-0.0000068428868	-0.0000048751137	0.21802743	0.32276603	23.27919
-0.0000068451896	-0.0000048767542	0.21810408	0.32286488	23.287024
-0.0000068474918	-0.0000048783944	0.21818072	0.32296371	23.294856
-0.0000068497934	-0.0000048800341	0.21825734	0.32306251	23.302686
-0.0000068520944	-0.0000048816735	0.21833394	0.32316128	23.310514
-0.0000068543948	-0.0000048833124	0.21841052	0.32326001	23.31834
-0.0000068566946	-0.0000048849508	0.21848709	0.32335872	23.326164
-0.0000068589939	-0.0000048865889	0.21856365	0.3234574	23.333986
-0.0000068612926	-0.0000048882266	0.21864018	0.32355605	23.341806
-0.0000068635906	-0.0000048898638	0.2187167	0.32365467	23.349624
-0.0000068658881	-0.0000048915006	0.2187932	0.32375326	23.35744
-0.000006868185	-0.000004893137	0.21886969	0.32385182	23.365254
-0.0000068704813	-0.000004894773	0.21894616	0.32395035	23.373066
-0.0000068727771	-0.0000048964085	0.21902261	0.32404885	23.380876
-0.0000068750722	-0.0000048980437	0.21909905	0.32414732	23.388684
-0.0000068773667	-0.0000048996784	0.21917547	0.32424576	23.396489
-0.0000068796607	-0.0000049013126	0.21925187	0.32434417	23.404293
-0.000006881954	-0.0000049029465	0.21932825	0.32444255	23.412095
-0.0000068842468	-0.0000049045799	0.21940462	0.3245409	23.419895
-0.0000068865389	-0.000004906213	0.21948097	0.32463922	23.427693
-0.0000068888305	-0.0000049078456	0.21955731	0.32473751	23.435489
-0.0000068911215	-0.0000049094777	0.21963363	0.32483576	23.443282
-0.0000068934118	-0.0000049111095	0.21970993	0.32493399	23.451074
-0.0000068957016	-0.0000049127408	0.21978621	0.32503219	23.458864
-0.0000068979908	-0.0000049143717	0.21986248	0.32513036	23.466652
-0.0000069002794	-0.0000049160021	0.21993873	0.3252285	23.474437
-0.0000069025673	-0.0000049176322	0.22001496	0.32532661	23.482221
-0.0000069048547	-0.0000049192618	0.22009117	0.32542469	23.490002
-0.0000069071415	-0.000004920891	0.22016737	0.32552274	23.497782
-0.0000069094277	-0.0000049225197	0.22024355	0.32562075	23.505559
-0.0000069117132	-0.000004924148	0.22031972	0.32571874	23.513335
-0.0000069139982	-0.0000049257759	0.22039586	0.3258167	23.521108
-0.0000069162826	-0.0000049274034	0.22047199	0.32591463	23.528879
-0.0000069185663	-0.0000049290304	0.22054811	0.32601252	23.536649
-0.0000069208495	-0.000004930657	0.2206242	0.32611039	23.544416
-0.0000069231321	-0.0000049322832	0.22070028	0.32620822	23.552181
-0.000006925414	-0.0000049339089	0.22077634	0.32630603	23.559944
-0.0000069276953	-0.0000049355342	0.22085238	0.3264038	23.567705
-0.0000069299761	-0.0000049371591	0.22092841	0.32650155	23.575464
-0.0000069322562	-0.0000049387836	0.22100442	0.32659926	23.583221
-0.0000069345357	-0.0000049404076	0.22108041	0.32669695	23.590976
-0.0000069368146	-0.0000049420311	0.22115638	0.3267946	23.598728
-0.0000069390929	-0.0000049436543	0.22123234	0.32689222	23.606479
-0.0000069413706	-0.000004945277	0.22130828	0.32698981	23.614228
-0.0000069436477	-0.0000049468992	0.2213842	0.32708737	23.621974
-0.0000069459241	-0.0000049485211	0.2214601	0.3271849	23.629719
-0.0000069482	-0.0000049501425	0.22153599	0.3272824	23.637461
-0.0000069504752	-0.0000049517634	0.22161186	0.32737987	23.645201
-0.0000069527499	-0.000004953384	0.22168771	0.32747731	23.652939
-0.0000069550239	-0.000004955004	0.22176354	0.32757472	23.660676
-0.0000069572973	-0.0000049566237	0.22183936	0.32767209	23.668409
-0.00000695957	-0.0000049582429	0.22191515	0.32776944	23.676141
-0.0000069618422	-0.0000049598617	0.22199094	0.32786675	23.683871
-0.0000069641138	-0.00000496148	0.2220667	0.32796404	23.691599
-0.0000069663847	-0.0000049630979	0.22214244	0.32806129	23.699324
-0.000006968655	-0.0000049647153	0.22221817	0.32815851	23.707048
-0.0000069709247	-0.0000049663323	0.22229388	0.32825571	23.714769
-0.0000069731938	-0.0000049679489	0.22236957	0.32835287	23.722489
-0.0000069754622	-0.000004969565	0.22244525	0.32845	23.730206
-0.00000697773	-0.0000049711807	0.2225209	0.32854709	23.737921
-0.0000069799972	-0.000004972796	0.22259654	0.32864416	23.745634
-0.0000069822638	-0.0000049744107	0.22267216	0.3287412	23.753345
-0.0000069845298	-0.0000049760251	0.22274776	0.3288382	23.761053
-0.0000069867951	-0.000004977639	0.22282335	0.32893518	23.76876
-0.0000069890598	-0.0000049792525	0.22289892	0.32903212	23.776464
-0.0000069913239	-0.0000049808655	0.22297446	0.32912904	23.784167
-0.0000069935874	-0.0000049824781	0.22305	0.32922592	23.791867
-0.0000069958502	-0.0000049840902	0.22312551	0.32932277	23.799565
-0.0000069981124	-0.0000049857019	0.223201	0.32941959	23.807261
-0.000007000374	-0.0000049873131	0.22327648	0.32951637	23.814955
-0.000007002635	-0.0000049889239	0.22335194	0.32961313	23.822646
-0.0000070048953	-0.0000049905342	0.22342738	0.32970986	23.830336
-0.000007007155	-0.0000049921441	0.2235028	0.32980655	23.838023
-0.0000070094141	-0.0000049937535	0.22357821	0.32990321	23.845709
-0.0000070116725	-0.0000049953625	0.22365359	0.32999984	23.853392
-0.0000070139303	-0.0000049969711	0.22372896	0.33009644	23.861073
-0.0000070161875	-0.0000049985792	0.22380431	0.33019301	23.868751
-0.000007018444	-0.0000050001868	0.22387964	0.33028955	23.876428
-0.0000070207	-0.000005001794	0.22395495	0.33038606	23.884103
-0.0000070229552	-0.0000050034007	0.22403025	0.33048253	23.891775
-0.0000070252099	-0.000005005007	0.22410552	0.33057897	23.899445
-0.0000070274639	-0.0000050066129	0.22418078	0.33067539	23.907113
-0.0000070297172	-0.0000050082182	0.22425602	0.33077177	23.914779
-0.00000703197	-0.0000050098232	0.22433124	0.33086812	23.922443
-0.0000070342221	-0.0000050114276	0.22440645	0.33096443	23.930104
-0.0000070364735	-0.0000050130317	0.22448163	0.33106072	23.937764
-0.0000070387244	-0.0000050146352	0.2245568	0.33115697	23.945421
-0.0000070409745	-0.0000050162383	0.22463194	0.33125319	23.953076
-0.0000070432241	-0.000005017841	0.22470707	0.33134939	23.960729
-0.000007045473	-0.0000050194432	0.22478218	0.33144555	23.968379
-0.0000070477212	-0.0000050210449	0.22485728	0.33154167	23.976028
-0.0000070499689	-0.0000050226462	0.22493235	0.33163777	23.983674
-0.0000070522158	-0.000005024247	0.22500741	0.33173383	23.991318
-0.0000070544622	-0.0000050258474	0.22508244	0.33182987	23.99896
-0.0000070567079	-0.0000050274473	0.22515746	0.33192587	24.0066
-0.0000070589529	-0.0000050290467	0.22523246	0.33202184	24.014237
-0.0000070611973	-0.0000050306457	0.22530744	0.33211777	24.021873
-0.0000070634411	-0.0000050322443	0.2253824	0.33221368	24.029506
-0.0000070656842	-0.0000050338423	0.22545734	0.33230955	24.037137
-0.0000070679266	-0.00000503544	0.22553227	0.33240539	24.044766
-0.0000070701685	-0.0000050370371	0.22560717	0.3325012	24.052392
-0.0000070724096	-0.0000050386338	0.22568206	0.33259698	24.060016
-0.0000070746501	-0.00000504023	0.22575693	0.33269273	24.067639
-0.00000707689	-0.0000050418258	0.22583178	0.33278844	24.075259
-0.0000070791292	-0.0000050434211	0.22590661	0.33288412	24.082876
-0.0000070813678	-0.0000050450159	0.22598142	0.33297977	24.090492
-0.0000070836057	-0.0000050466103	0.22605621	0.33307539	24.098105
-0.000007085843	-0.0000050482042	0.22613098	0.33317098	24.105716
-0.0000070880796	-0.0000050497976	0.22620574	0.33326653	24.113325
-0.0000070903156	-0.0000050513906	0.22628047	0.33336205	24.120932
-0.0000070925509	-0.0000050529831	0.22635519	0.33345754	24.128536
-0.0000070947855	-0.0000050545752	0.22642989	0.333553	24.136138
-0.0000070970195	-0.0000050561668	0.22650456	0.33364843	24.143738
-0.0000070992529	-0.0000050577579	0.22657922	0.33374382	24.151336
-0.0000071014856	-0.0000050593485	0.22665386	0.33383918	24.158932
-0.0000071037176	-0.0000050609387	0.22672848	0.33393451	24.166525
-0.000007105949	-0.0000050625284	0.22680309	0.33402981	24.174116
-0.0000071081797	-0.0000050641176	0.22687767	0.33412507	24.181705
-0.0000071104097	-0.0000050657064	0.22695223	0.3342203	24.189291
-0.0000071126391	-0.0000050672947	0.22702678	0.3343155	24.196875
-0.0000071148679	-0.0000050688825	0.2271013	0.33441067	24.204458
-0.000007117096	-0.0000050704699	0.22717581	0.33450581	24.212037
-0.0000071193234	-0.0000050720568	0.22725029	0.33460091	24.219615
-0.0000071215501	-0.0000050736432	0.22732476	0.33469598	24.22719
-0.0000071237762	-0.0000050752292	0.22739921	0.33479102	24.234763
-0.0000071260017	-0.0000050768146	0.22747364	0.33488602	24.242334
-0.0000071282264	-0.0000050783996	0.22754805	0.334981	24.249903
-0.0000071304505	-0.0000050799842	0.22762244	0.33507594	24.257469
-0.000007132674	-0.0000050815682	0.22769681	0.33517085	24.265033
-0.0000071348967	-0.0000050831518	0.22777116	0.33526572	24.272595
-0.0000071371188	-0.0000050847349	0.22784549	0.33536057	24.280154
-0.0000071393403	-0.0000050863175	0.2279198	0.33545538	24.287712
-0.000007141561	-0.0000050878997	0.2279941	0.33555016	24.295266
-0.0000071437811	-0.0000050894814	0.22806837	0.3356449	24.302819
-0.0000071460006	-0.0000050910626	0.22814262	0.33573961	24.31037
-0.0000071482193	-0.0000050926433	0.22821686	0.33583429	24.317918
-0.0000071504374	-0.0000050942236	0.22829107	0.33592894	24.325464
-0.0000071526549	-0.0000050958033	0.22836526	0.33602356	24.333007
-0.0000071548716	-0.0000050973826	0.22843944	0.33611814	24.340548
-0.0000071570877	-0.0000050989614	0.2285136	0.33621269	24.348087
-0.0000071593031	-0.0000051005398	0.22858773	0.33630721	24.355624
-0.0000071615178	-0.0000051021176	0.22866185	0.33640169	24.363159
-0.0000071637319	-0.000005103695	0.22873594	0.33649614	24.370691
-0.0000071659453	-0.0000051052719	0.22881002	0.33659056	24.378221
-0.000007168158	-0.0000051068483	0.22888408	0.33668495	24.385748
-0.00000717037	-0.0000051084242	0.22895811	0.3367793	24.393273
-0.0000071725814	-0.0000051099997	0.22903213	0.33687362	24.400796
-0.0000071747921	-0.0000051115747	0.22910613	0.33696791	24.408317
-0.0000071770021	-0.0000051131492	0.22918011	0.33706216	24.415835
-0.0000071792114	-0.0000051147232	0.22925406	0.33715638	24.423351
-0.0000071814201	-0.0000051162967	0.229328	0.33725057	24.430865
-0.000007183628	-0.0000051178697	0.22940192	0.33734472	24.438377
-0.0000071858353	-0.0000051194423	0.22947582	0.33743885	24.445886
-0.000007188042	-0.0000051210143	0.22954969	0.33753294	24.453392
-0.0000071902479	-0.0000051225859	0.22962355	0.33762699	24.460897
-0.0000071924531	-0.000005124157	0.22969739	0.33772102	24.468399
-0.0000071946577	-0.0000051257276	0.22977121	0.33781501	24.475899
-0.0000071968616	-0.0000051272977	0.22984501	0.33790896	24.483396
-0.0000071990648	-0.0000051288674	0.22991878	0.33800289	24.490892
-0.0000072012673	-0.0000051304365	0.22999254	0.33809678	24.498384
-0.0000072034691	-0.0000051320052	0.23006628	0.33819063	24.505875
-0.0000072056703	-0.0000051335734	0.23013999	0.33828446	24.513363
-0.0000072078707	-0.0000051351411	0.23021369	0.33837825	24.520849
-0.0000072100705	-0.0000051367083	0.23028737	0.33847201	24.528333
-0.0000072122696	-0.000005138275	0.23036103	0.33856573	24.535814
-0.000007214468	-0.0000051398412	0.23043466	0.33865942	24.543293
-0.0000072166657	-0.0000051414069	0.23050828	0.33875308	24.550769
-0.0000072188627	-0.0000051429721	0.23058187	0.33884671	24.558243
-0.000007221059	-0.0000051445369	0.23065545	0.3389403	24.565715
-0.0000072232547	-0.0000051461011	0.230729	0.33903386	24.573185
-0.0000072254496	-0.0000051476649	0.23080254	0.33912738	24.580652
-0.0000072276439	-0.0000051492282	0.23087605	0.33922087	24.588116
-0.0000072298375	-0.0000051507909	0.23094955	0.33931433	24.595579
-0.0000072320303	-0.0000051523532	0.23102302	0.33940775	24.603039
-0.0000072342225	-0.000005153915	0.23109647	0.33950114	24.610497
-0.000007236414	-0.0000051554763	0.23116991	0.3395945	24.617952
-0.0000072386048	-0.0000051570371	0.23124332	0.33968783	24.625405
-0.0000072407949	-0.0000051585974	0.23131671	0.33978112	24.632856
-0.0000072429843	-0.0000051601572	0.23139008	0.33987437	24.640304
-0.000007245173	-0.0000051617165	0.23146343	0.3399676	24.64775
-0.000007247361	-0.0000051632753	0.23153676	0.34006079	24.655193
-0.0000072495483	-0.0000051648336	0.23161007	0.34015394	24.662634
-0.0000072517349	-0.0000051663914	0.23168336	0.34024706	24.670073
-0.0000072539208	-0.0000051679488	0.23175663	0.34034015	24.677509
-0.000007256106	-0.0000051695056	0.23182988	0.34043321	24.684943
-0.0000072582906	-0.0000051710619	0.2319031	0.34052623	24.692375
-0.0000072604744	-0.0000051726177	0.23197631	0.34061922	24.699804
-0.0000072626575	-0.0000051741731	0.23204949	0.34071217	24.707231
-0.0000072648399	-0.0000051757279	0.23212266	0.34080509	24.714656
-0.0000072670216	-0.0000051772822	0.2321958	0.34089798	24.722078
-0.0000072692026	-0.000005178836	0.23226893	0.34099083	24.729497
-0.0000072713829	-0.0000051803894	0.23234203	0.34108365	24.736915
-0.0000072735625	-0.0000051819422	0.23241511	0.34117644	24.744329
-0.0000072757414	-0.0000051834945	0.23248817	0.34126919	24.751742
-0.0000072779196	-0.0000051850463	0.23256121	0.3413619	24.759152
-0.000007280097	-0.0000051865976	0.23263423	0.34145459	24.76656
-0.0000072822738	-0.0000051881484	0.23270723	0.34154724	24.773965
-0.0000072844499	-0.0000051896987	0.2327802	0.34163985	24.781368
-0.0000072866252	-0.0000051912485	0.23285316	0.34173243	24.788768
-0.0000072887999	-0.0000051927978	0.23292609	0.34182498	24.796166
-0.0000072909738	-0.0000051943466	0.23299901	0.34191749	24.803562
-0.000007293147	-0.0000051958949	0.2330719	0.34200997	24.810955
-0.0000072953196	-0.0000051974427	0.23314477	0.34210242	24.818346
-0.0000072974914	-0.00000519899	0.23321762	0.34219483	24.825734
-0.0000072996625	-0.0000052005367	0.23329045	0.34228721	24.83312
-0.0000073018329	-0.000005202083	0.23336326	0.34237955	24.840504
-0.0000073040025	-0.0000052036287	0.23343605	0.34247186	24.847885
-0.0000073061715	-0.000005205174	0.23350881	0.34256414	24.855264
-0.0000073083397	-0.0000052067187	0.23358156	0.34265638	24.86264
-0.0000073105073	-0.0000052082629	0.23365428	0.34274858	24.870014
-0.0000073126741	-0.0000052098067	0.23372698	0.34284076	24.877385
-0.0000073148402	-0.0000052113499	0.23379966	0.34293289	24.884754
-0.0000073170056	-0.0000052128926	0.23387232	0.343025	24.892121
-0.0000073191702	-0.0000052144347	0.23394496	0.34311707	24.899485
-0.0000073213342	-0.0000052159764	0.23401758	0.3432091	24.906847
-0.0000073234974	-0.0000052175176	0.23409018	0.3433011	24.914206
-0.0000073256599	-0.0000052190582	0.23416275	0.34339307	24.921562
-0.0000073278217	-0.0000052205984	0.2342353	0.343485	24.928917
-0.0000073299828	-0.000005222138	0.23430783	0.3435769	24.936269
-0.0000073321431	-0.0000052236771	0.23438034	0.34366877	24.943618
-0.0000073343028	-0.0000052252157	0.23445283	0.34376059	24.950965
-0.0000073364617	-0.0000052267538	0.2345253	0.34385239	24.95831
-0.0000073386199	-0.0000052282913	0.23459775	0.34394415	24.965652
-0.0000073407773	-0.0000052298284	0.23467017	0.34403588	24.972991
-0.0000073429341	-0.0000052313649	0.23474257	0.34412757	24.980328
-0.0000073450901	-0.000005232901	0.23481495	0.34421922	24.987663
-0.0000073472454	-0.0000052344365	0.23488731	0.34431085	24.994995
-0.0000073493999	-0.0000052359714	0.23495965	0.34440243	25.002325
-0.0000073515538	-0.0000052375059	0.23503197	0.34449399	25.009652
-0.0000073537069	-0.0000052390399	0.23510426	0.34458551	25.016977
-0.0000073558593	-0.0000052405733	0.23517653	0.34467699	25.024299
-0.0000073580109	-0.0000052421062	0.23524878	0.34476844	25.031619
-0.0000073601619	-0.0000052436386	0.23532101	0.34485986	25.038937
-0.0000073623121	-0.0000052451705	0.23539322	0.34495124	25.046251
-0.0000073644615	-0.0000052467019	0.23546541	0.34504258	25.053564
-0.0000073666103	-0.0000052482327	0.23553757	0.34513389	25.060874
-0.0000073687583	-0.000005249763	0.23560971	0.34522517	25.068181
-0.0000073709056	-0.0000052512928	0.23568183	0.34531641	25.075486
-0.0000073730521	-0.0000052528221	0.23575393	0.34540762	25.082789
-0.0000073751979	-0.0000052543509	0.23582601	0.34549879	25.090089
-0.000007377343	-0.0000052558791	0.23589806	0.34558992	25.097386
-0.0000073794874	-0.0000052574068	0.2359701	0.34568103	25.104681
-0.000007381631	-0.000005258934	0.23604211	0.34577209	25.111974
-0.0000073837739	-0.0000052604607	0.2361141	0.34586313	25.119264
-0.000007385916	-0.0000052619868	0.23618606	0.34595412	25.126551
-0.0000073880574	-0.0000052635124	0.23625801	0.34604509	25.133836
-0.0000073901981	-0.0000052650375	0.23632993	0.34613601	25.141119
-0.000007392338	-0.0000052665621	0.23640183	0.34622691	25.148398
-0.0000073944772	-0.0000052680861	0.23647371	0.34631776	25.155676
-0.0000073966157	-0.0000052696096	0.23654557	0.34640859	25.162951
-0.0000073987534	-0.0000052711326	0.2366174	0.34649937	25.170223
-0.0000074008904	-0.0000052726551	0.23668922	0.34659013	25.177493
-0.0000074030267	-0.000005274177	0.23676101	0.34668084	25.184761
-0.0000074051622	-0.0000052756984	0.23683277	0.34677153	25.192026
-0.0000074072969	-0.0000052772193	0.23690452	0.34686217	25.199288
-0.0000074094309	-0.0000052787397	0.23697624	0.34695279	25.206548
-0.0000074115642	-0.0000052802595	0.23704794	0.34704336	25.213805
-0.0000074136968	-0.0000052817788	0.23711962	0.34713391	25.22106
-0.0000074158286	-0.0000052832975	0.23719128	0.34722441	25.228312
-0.0000074179596	-0.0000052848158	0.23726292	0.34731489	25.235562
-0.0000074200899	-0.0000052863335	0.23733453	0.34740532	25.242809
-0.0000074222195	-0.0000052878506	0.23740612	0.34749572	25.250054
-0.0000074243483	-0.0000052893673	0.23747768	0.34758609	25.257296
-0.0000074264763	-0.0000052908834	0.23754923	0.34767642	25.264535
-0.0000074286037	-0.000005292399	0.23762075	0.34776672	25.271772
-0.0000074307302	-0.000005293914	0.23769225	0.34785698	25.279007
-0.0000074328561	-0.0000052954285	0.23776373	0.3479472	25.286239
-0.0000074349811	-0.0000052969425	0.23783519	0.34803739	25.293468
-0.0000074371055	-0.000005298456	0.23790662	0.34812755	25.300695
-0.000007439229	-0.0000052999689	0.23797803	0.34821766	25.307919
-0.0000074413519	-0.0000053014812	0.23804942	0.34830775	25.315141
-0.0000074434739	-0.0000053029931	0.23812078	0.3483978	25.32236
-0.0000074455953	-0.0000053045044	0.23819212	0.34848781	25.329577
-0.0000074477158	-0.0000053060152	0.23826344	0.34857779	25.336791
-0.0000074498356	-0.0000053075254	0.23833474	0.34866773	25.344003
-0.0000074519547	-0.0000053090351	0.23840602	0.34875763	25.351212
-0.000007454073	-0.0000053105442	0.23847727	0.3488475	25.358418
-0.0000074561906	-0.0000053120529	0.2385485	0.34893734	25.365622
-0.0000074583074	-0.000005313561	0.2386197	0.34902714	25.372823
-0.0000074604234	-0.0000053150685	0.23869089	0.3491169	25.380022
-0.0000074625387	-0.0000053165755	0.23876205	0.34920663	25.387218
-0.0000074646533	-0.000005318082	0.23883319	0.34929632	25.394412
-0.000007466767	-0.0000053195879	0.2389043	0.34938598	25.401603
-0.0000074688801	-0.0000053210933	0.23897539	0.3494756	25.408791
-0.0000074709923	-0.0000053225981	0.23904646	0.34956519	25.415977
-0.0000074731038	-0.0000053241024	0.23911751	0.34965474	25.42316
-0.0000074752146	-0.0000053256062	0.23918853	0.34974425	25.430341
-0.0000074773245	-0.0000053271094	0.23925954	0.34983373	25.437519
-0.0000074794338	-0.0000053286121	0.23933051	0.34992318	25.444694
-0.0000074815422	-0.0000053301143	0.23940147	0.35001258	25.451867
-0.0000074836499	-0.0000053316159	0.2394724	0.35010195	25.459037
-0.0000074857569	-0.0000053331169	0.23954331	0.35019129	25.466205
-0.000007487863	-0.0000053346174	0.2396142	0.35028059	25.47337
-0.0000074899684	-0.0000053361174	0.23968506	0.35036985	25.480533
-0.0000074920731	-0.0000053376168	0.2397559	0.35045908	25.487693
-0.000007494177	-0.0000053391157	0.23982672	0.35054827	25.49485
-0.0000074962801	-0.000005340614	0.23989751	0.35063743	25.502005
-0.0000074983824	-0.0000053421118	0.23996828	0.35072655	25.509157
-0.000007500484	-0.0000053436091	0.24003903	0.35081564	25.516306
-0.0000075025848	-0.0000053451058	0.24010975	0.35090468	25.523453
-0.0000075046849	-0.0000053466019	0.24018045	0.3509937	25.530597
-0.0000075067842	-0.0000053480975	0.24025113	0.35108267	25.537739
-0.0000075088827	-0.0000053495926	0.24032179	0.35117161	25.544878
-0.0000075109804	-0.0000053510871	0.24039242	0.35126052	25.552014
-0.0000075130774	-0.000005352581	0.24046303	0.35134939	25.559148
-0.0000075151736	-0.0000053540744	0.24053361	0.35143822	25.566279
-0.000007517269	-0.0000053555673	0.24060417	0.35152702	25.573408
-0.0000075193637	-0.0000053570596	0.24067471	0.35161578	25.580534
-0.0000075214576	-0.0000053585514	0.24074523	0.3517045	25.587657
-0.0000075235507	-0.0000053600426	0.24081572	0.35179319	25.594778
-0.000007525643	-0.0000053615332	0.24088619	0.35188184	25.601896
-0.0000075277346	-0.0000053630233	0.24095663	0.35197046	25.609011
-0.0000075298254	-0.0000053645129	0.24102705	0.35205904	25.616124
-0.0000075319154	-0.0000053660019	0.24109745	0.35214758	25.623234
-0.0000075340047	-0.0000053674904	0.24116782	0.35223609	25.630342
-0.0000075360931	-0.0000053689783	0.24123818	0.35232456	25.637447
-0.0000075381808	-0.0000053704656	0.2413085	0.35241299	25.644549
-0.0000075402677	-0.0000053719524	0.24137881	0.35250139	25.651649
-0.0000075423539	-0.0000053734386	0.24144909	0.35258975	25.658745
-0.0000075444392	-0.0000053749243	0.24151934	0.35267808	25.66584
-0.0000075465238	-0.0000053764094	0.24158958	0.35276637	25.672931
-0.0000075486076	-0.000005377894	0.24165979	0.35285462	25.68002
-0.0000075506906	-0.000005379378	0.24172997	0.35294284	25.687107
-0.0000075527729	-0.0000053808615	0.24180013	0.35303102	25.69419
-0.0000075548543	-0.0000053823444	0.24187027	0.35311916	25.701272
-0.000007556935	-0.0000053838267	0.24194039	0.35320727	25.70835
-0.0000075590149	-0.0000053853085	0.24201048	0.35329534	25.715426
-0.000007561094	-0.0000053867898	0.24208054	0.35338337	25.722499
-0.0000075631724	-0.0000053882705	0.24215059	0.35347137	25.729569
-0.0000075652499	-0.0000053897506	0.24222061	0.35355933	25.736637
-0.0000075673267	-0.0000053912301	0.2422906	0.35364726	25.743702
-0.0000075694026	-0.0000053927091	0.24236057	0.35373514	25.750764
-0.0000075714778	-0.0000053941876	0.24243052	0.353823	25.757824
-0.0000075735522	-0.0000053956655	0.24250045	0.35391081	25.764881
-0.0000075756259	-0.0000053971428	0.24257035	0.35399859	25.771935
-0.0000075776987	-0.0000053986195	0.24264022	0.35408633	25.778987
-0.0000075797707	-0.0000054000957	0.24271007	0.35417404	25.786036
-0.000007581842	-0.0000054015714	0.2427799	0.3542617	25.793082
-0.0000075839125	-0.0000054030464	0.24284971	0.35434934	25.800126
-0.0000075859822	-0.000005404521	0.24291949	0.35443693	25.807167
-0.000007588051	-0.0000054059949	0.24298924	0.35452449	25.814205
-0.0000075901191	-0.0000054074683	0.24305898	0.35461201	25.821241
-0.0000075921865	-0.0000054089411	0.24312868	0.3546995	25.828274
-0.000007594253	-0.0000054104134	0.24319837	0.35478694	25.835304
-0.0000075963187	-0.0000054118851	0.24326803	0.35487435	25.842331
-0.0000075983836	-0.0000054133562	0.24333766	0.35496173	25.849356
-0.0000076004478	-0.0000054148268	0.24340728	0.35504907	25.856378
-0.0000076025111	-0.0000054162968	0.24347686	0.35513637	25.863398
-0.0000076045737	-0.0000054177662	0.24354643	0.35522363	25.870414
-0.0000076066354	-0.0000054192351	0.24361597	0.35531086	25.877428
-0.0000076086964	-0.0000054207034	0.24368548	0.35539805	25.88444
-0.0000076107566	-0.0000054221711	0.24375497	0.3554852	25.891448
-0.0000076128159	-0.0000054236383	0.24382444	0.35557232	25.898454
-0.0000076148745	-0.0000054251049	0.24389388	0.3556594	25.905457
-0.0000076169323	-0.0000054265709	0.2439633	0.35574644	25.912458
-0.0000076189893	-0.0000054280364	0.24403269	0.35583345	25.919456
-0.0000076210454	-0.0000054295013	0.24410206	0.35592041	25.926451
-0.0000076231008	-0.0000054309656	0.24417141	0.35600735	25.933443
-0.0000076251554	-0.0000054324294	0.24424073	0.35609424	25.940433
-0.0000076272092	-0.0000054338925	0.24431002	0.3561811	25.947419
-0.0000076292622	-0.0000054353552	0.24437929	0.35626792	25.954404
-0.0000076313143	-0.0000054368172	0.24444854	0.3563547	25.961385
-0.0000076333657	-0.0000054382787	0.24451776	0.35644145	25.968364
-0.0000076354163	-0.0000054397396	0.24458696	0.35652815	25.97534
-0.0000076374661	-0.0000054411999	0.24465613	0.35661483	25.982313
-0.000007639515	-0.0000054426597	0.24472528	0.35670146	25.989283
-0.0000076415632	-0.0000054441189	0.24479441	0.35678806	25.996251
-0.0000076436106	-0.0000054455775	0.24486351	0.35687462	26.003216
-0.0000076456571	-0.0000054470355	0.24493258	0.35696114	26.010178
-0.0000076477029	-0.000005448493	0.24500163	0.35704763	26.017138
-0.0000076497478	-0.0000054499499	0.24507066	0.35713408	26.024095
-0.0000076517919	-0.0000054514062	0.24513966	0.35722049	26.031049
-0.0000076538353	-0.0000054528619	0.24520864	0.35730686	26.038
-0.0000076558778	-0.0000054543171	0.24527759	0.3573932	26.044949
-0.0000076579195	-0.0000054557717	0.24534651	0.3574795	26.051895
-0.0000076599604	-0.0000054572257	0.24541542	0.35756576	26.058838
-0.0000076620005	-0.0000054586791	0.24548429	0.35765198	26.065778
-0.0000076640398	-0.000005460132	0.24555315	0.35773817	26.072716
-0.0000076660783	-0.0000054615843	0.24562197	0.35782432	26.07965
-0.0000076681159	-0.000005463036	0.24569078	0.35791043	26.086582
-0.0000076701528	-0.0000054644871	0.24575956	0.35799651	26.093512
-0.0000076721888	-0.0000054659376	0.24582831	0.35808254	26.100438
-0.0000076742241	-0.0000054673876	0.24589704	0.35816854	26.107362
-0.0000076762585	-0.000005468837	0.24596574	0.35825451	26.114283
-0.0000076782921	-0.0000054702858	0.24603442	0.35834043	26.121201
-0.0000076803249	-0.000005471734	0.24610307	0.35842632	26.128117
-0.0000076823569	-0.0000054731817	0.2461717	0.35851217	26.135029
-0.000007684388	-0.0000054746288	0.2462403	0.35859798	26.141939
-0.0000076864184	-0.0000054760752	0.24630888	0.35868375	26.148846
-0.0000076884479	-0.0000054775212	0.24637744	0.35876949	26.155751
-0.0000076904766	-0.0000054789665	0.24644597	0.35885519	26.162652
-0.0000076925045	-0.0000054804112	0.24651447	0.35894085	26.169551
-0.0000076945316	-0.0000054818554	0.24658295	0.35902648	26.176447
-0.0000076965578	-0.000005483299	0.2466514	0.35911206	26.18334
-0.0000076985833	-0.000005484742	0.24671983	0.35919761	26.190231
-0.0000077006079	-0.0000054861844	0.24678823	0.35928312	26.197118
-0.0000077026317	-0.0000054876262	0.24685661	0.3593686	26.204003
-0.0000077046547	-0.0000054890674	0.24692496	0.35945403	26.210885
-0.0000077066768	-0.0000054905081	0.24699329	0.35953943	26.217765
-0.0000077086982	-0.0000054919482	0.24706159	0.35962479	26.224641
-0.0000077107187	-0.0000054933876	0.24712987	0.35971011	26.231515
-0.0000077127384	-0.0000054948265	0.24719812	0.3597954	26.238386
-0.0000077147572	-0.0000054962649	0.24726635	0.35988064	26.245254
-0.0000077167753	-0.0000054977026	0.24733455	0.35996585	26.252119
-0.0000077187925	-0.0000054991397	0.24740272	0.36005102	26.258982
-0.0000077208089	-0.0000055005763	0.24747087	0.36013616	26.265841
-0.0000077228245	-0.0000055020122	0.247539	0.36022125	26.272698
-0.0000077248392	-0.0000055034476	0.2476071	0.36030631	26.279552
-0.0000077268531	-0.0000055048824	0.24767517	0.36039133	26.286404
-0.0000077288662	-0.0000055063166	0.24774322	0.36047631	26.293252
-0.0000077308785	-0.0000055077502	0.24781124	0.36056126	26.300098
-0.0000077328899	-0.0000055091832	0.24787924	0.36064616	26.306941
-0.0000077349005	-0.0000055106157	0.24794721	0.36073103	26.313781
-0.0000077369103	-0.0000055120475	0.24801516	0.36081586	26.320618
-0.0000077389193	-0.0000055134788	0.24808308	0.36090065	26.327452
-0.0000077409274	-0.0000055149094	0.24815098	0.3609854	26.334284
-0.0000077429347	-0.0000055163395	0.24821885	0.36107012	26.341112
-0.0000077449412	-0.0000055177689	0.24828669	0.3611548	26.347938
-0.0000077469468	-0.0000055191978	0.24835451	0.36123944	26.354761
-0.0000077489516	-0.0000055206261	0.2484223	0.36132404	26.361582
-0.0000077509555	-0.0000055220538	0.24849007	0.3614086	26.368399
-0.0000077529587	-0.0000055234809	0.24855781	0.36149312	26.375214
-0.000007754961	-0.0000055249074	0.24862553	0.36157761	26.382025
-0.0000077569624	-0.0000055263333	0.24869322	0.36166206	26.388834
-0.0000077589631	-0.0000055277587	0.24876088	0.36174647	26.39564
-0.0000077609629	-0.0000055291834	0.24882852	0.36183084	26.402443
-0.0000077629618	-0.0000055306075	0.24889614	0.36191518	26.409244
-0.00000776496	-0.000005532031	0.24896372	0.36199947	26.416041
-0.0000077669572	-0.000005533454	0.24903128	0.36208373	26.422836
-0.0000077689537	-0.0000055348763	0.24909882	0.36216795	26.429628
-0.0000077709493	-0.0000055362981	0.24916633	0.36225213	26.436417
-0.0000077729441	-0.0000055377192	0.24923381	0.36233627	26.443203
-0.000007774938	-0.0000055391398	0.24930127	0.36242038	26.449986
-0.0000077769311	-0.0000055405597	0.2493687	0.36250444	26.456767
-0.0000077789234	-0.0000055419791	0.24943611	0.36258847	26.463544
-0.0000077809148	-0.0000055433978	0.24950349	0.36267246	26.470319
-0.0000077829054	-0.000005544816	0.24957084	0.36275641	26.477091
-0.0000077848951	-0.0000055462336	0.24963817	0.36284032	26.48386
-0.000007786884	-0.0000055476505	0.24970547	0.3629242	26.490626
-0.0000077888721	-0.0000055490669	0.24977275	0.36300803	26.497389
-0.0000077908593	-0.0000055504826	0.24984	0.36309183	26.50415
-0.0000077928456	-0.0000055518978	0.24990722	0.36317559	26.510907
-0.0000077948312	-0.0000055533123	0.24997442	0.36325931	26.517662
-0.0000077968158	-0.0000055547263	0.25004159	0.36334299	26.524414
-0.0000077987997	-0.0000055561397	0.25010874	0.36342663	26.531162
-0.0000078007827	-0.0000055575524	0.25017586	0.36351023	26.537909
-0.0000078027648	-0.0000055589646	0.25024295	0.3635938	26.544652
-0.0000078047461	-0.0000055603761	0.25031002	0.36367733	26.551392
-0.0000078067266	-0.000005561787	0.25037706	0.36376082	26.558129
-0.0000078087062	-0.0000055631974	0.25044408	0.36384427	26.564864
-0.0000078106849	-0.0000055646071	0.25051106	0.36392768	26.571596
-0.0000078126628	-0.0000055660163	0.25057803	0.36401105	26.578324
-0.0000078146399	-0.0000055674248	0.25064496	0.36409438	26.58505
-0.0000078166161	-0.0000055688327	0.25071187	0.36417768	26.591773
-0.0000078185915	-0.00000557024	0.25077876	0.36426094	26.598493
-0.000007820566	-0.0000055716467	0.25084561	0.36434415	26.60521
-0.0000078225396	-0.0000055730528	0.25091244	0.36442733	26.611925
-0.0000078245124	-0.0000055744583	0.25097925	0.36451047	26.618636
-0.0000078264844	-0.0000055758632	0.25104603	0.36459358	26.625345
-0.0000078284555	-0.0000055772675	0.25111278	0.36467664	26.63205
-0.0000078304258	-0.0000055786712	0.2511795	0.36475966	26.638753
-0.0000078323951	-0.0000055800743	0.2512462	0.36484265	26.645453
-0.0000078343637	-0.0000055814767	0.25131287	0.36492559	26.65215
-0.0000078363314	-0.0000055828786	0.25137952	0.3650085	26.658844
-0.0000078382982	-0.0000055842798	0.25144614	0.36509137	26.665535
-0.0000078402642	-0.0000055856804	0.25151273	0.3651742	26.672223
-0.0000078422293	-0.0000055870805	0.25157929	0.36525699	26.678908
-0.0000078441936	-0.0000055884799	0.25164583	0.36533974	26.685591
-0.000007846157	-0.0000055898787	0.25171235	0.36542246	26.69227
-0.0000078481196	-0.0000055912769	0.25177883	0.36550513	26.698947
-0.0000078500813	-0.0000055926745	0.25184529	0.36558777	26.70562
-0.0000078520421	-0.0000055940714	0.25191173	0.36567036	26.712291
-0.0000078540021	-0.0000055954678	0.25197813	0.36575292	26.718959
-0.0000078559612	-0.0000055968635	0.25204451	0.36583544	26.725623
-0.0000078579195	-0.0000055982587	0.25211086	0.36591792	26.732285
-0.0000078598769	-0.0000055996532	0.25217719	0.36600036	26.738944
-0.0000078618334	-0.0000056010471	0.25224349	0.36608276	26.7456
-0.0000078637891	-0.0000056024404	0.25230976	0.36616512	26.752254
-0.0000078657439	-0.0000056038331	0.25237601	0.36624744	26.758904
-0.0000078676979	-0.0000056052252	0.25244223	0.36632973	26.765551
-0.000007869651	-0.0000056066166	0.25250842	0.36641197	26.772195
-0.0000078716032	-0.0000056080075	0.25257458	0.36649418	26.778837
-0.0000078735546	-0.0000056093977	0.25264072	0.36657635	26.785475
-0.0000078755051	-0.0000056107873	0.25270683	0.36665847	26.792111
-0.0000078774547	-0.0000056121763	0.25277292	0.36674056	26.798743
-0.0000078794035	-0.0000056135646	0.25283897	0.36682261	26.805373
-0.0000078813514	-0.0000056149524	0.252905	0.36690462	26.812
-0.0000078832984	-0.0000056163396	0.25297101	0.36698659	26.818623
-0.0000078852446	-0.0000056177261	0.25303698	0.36706852	26.825244
-0.0000078871899	-0.000005619112	0.25310293	0.36715041	26.831862
-0.0000078891344	-0.0000056204973	0.25316886	0.36723227	26.838477
-0.0000078910779	-0.0000056218819	0.25323475	0.36731408	26.845089
-0.0000078930206	-0.000005623266	0.25330062	0.36739585	26.851698
-0.0000078949625	-0.0000056246494	0.25336646	0.36747759	26.858304
-0.0000078969035	-0.0000056260322	0.25343228	0.36755929	26.864907
-0.0000078988435	-0.0000056274144	0.25349806	0.36764094	26.871507
-0.0000079007828	-0.000005628796	0.25356382	0.36772256	26.878104
-0.0000079027211	-0.000005630177	0.25362956	0.36780414	26.884699
-0.0000079046586	-0.0000056315573	0.25369526	0.36788567	26.89129
-0.0000079065952	-0.000005632937	0.25376094	0.36796717	26.897878
-0.000007908531	-0.0000056343161	0.25382659	0.36804863	26.904463
-0.0000079104658	-0.0000056356946	0.25389222	0.36813005	26.911046
-0.0000079123998	-0.0000056370724	0.25395781	0.36821143	26.917625
-0.000007914333	-0.0000056384496	0.25402338	0.36829277	26.924201
-0.0000079162652	-0.0000056398262	0.25408893	0.36837407	26.930775
-0.0000079181966	-0.0000056412022	0.25415444	0.36845534	26.937345
-0.0000079201271	-0.0000056425776	0.25421993	0.36853656	26.943913
-0.0000079220567	-0.0000056439523	0.25428539	0.36861774	26.950477
-0.0000079239854	-0.0000056453264	0.25435082	0.36869888	26.957039
-0.0000079259133	-0.0000056466999	0.25441623	0.36877999	26.963597
-0.0000079278403	-0.0000056480727	0.2544816	0.36886105	26.970153
-0.0000079297664	-0.000005649445	0.25454696	0.36894208	26.976705
-0.0000079316917	-0.0000056508166	0.25461228	0.36902306	26.983255
-0.000007933616	-0.0000056521876	0.25467757	0.36910401	26.989802
-0.0000079355395	-0.0000056535579	0.25474284	0.36918491	26.996345
-0.0000079374621	-0.0000056549277	0.25480808	0.36926578	27.002886
-0.0000079393838	-0.0000056562968	0.2548733	0.3693466	27.009423
-0.0000079413047	-0.0000056576652	0.25493848	0.36942739	27.015958
-0.0000079432246	-0.0000056590331	0.25500364	0.36950814	27.02249
-0.0000079451437	-0.0000056604003	0.25506877	0.36958884	27.029018
-0.0000079470619	-0.0000056617669	0.25513388	0.36966951	27.035544
-0.0000079489792	-0.0000056631328	0.25519895	0.36975014	27.042066
-0.0000079508956	-0.0000056644982	0.255264	0.36983073	27.048586
-0.0000079528112	-0.0000056658629	0.25532902	0.36991127	27.055103
-0.0000079547258	-0.000005667227	0.25539401	0.36999178	27.061616
-0.0000079566396	-0.0000056685904	0.25545898	0.37007225	27.068127
-0.0000079585525	-0.0000056699532	0.25552391	0.37015268	27.074634
-0.0000079604645	-0.0000056713154	0.25558882	0.37023307	27.081139
-0.0000079623757	-0.000005672677	0.25565371	0.37031342	27.087641
-0.0000079642859	-0.0000056740379	0.25571856	0.37039372	27.094139
-0.0000079661953	-0.0000056753982	0.25578339	0.37047399	27.100635
-0.0000079681037	-0.0000056767578	0.25584818	0.37055422	27.107127
-0.0000079700113	-0.0000056781168	0.25591295	0.37063441	27.113617
-0.000007971918	-0.0000056794752	0.2559777	0.37071456	27.120103
-0.0000079738238	-0.000005680833	0.25604241	0.37079467	27.126587
-0.0000079757287	-0.0000056821901	0.2561071	0.37087474	27.133067
-0.0000079776327	-0.0000056835466	0.25617176	0.37095477	27.139544
-0.0000079795359	-0.0000056849025	0.25623639	0.37103476	27.146019
-0.0000079814381	-0.0000056862577	0.25630099	0.37111471	27.15249
-0.0000079833395	-0.0000056876123	0.25636557	0.37119462	27.158958
-0.0000079852399	-0.0000056889663	0.25643012	0.37127449	27.165424
-0.0000079871395	-0.0000056903196	0.25649464	0.37135432	27.171886
-0.0000079890382	-0.0000056916723	0.25655913	0.37143411	27.178345
-0.000007990936	-0.0000056930243	0.25662359	0.37151385	27.184801
-0.0000079928328	-0.0000056943757	0.25668803	0.37159356	27.191255
-0.0000079947288	-0.0000056957265	0.25675243	0.37167323	27.197705
-0.000007996624	-0.0000056970766	0.25681681	0.37175286	27.204152
-0.0000079985182	-0.0000056984261	0.25688116	0.37183245	27.210596
-0.0000080004115	-0.000005699775	0.25694549	0.371912	27.217037
-0.0000080023039	-0.0000057011232	0.25700978	0.37199151	27.223475
-0.0000080041954	-0.0000057024708	0.25707405	0.37207097	27.22991
-0.0000080060861	-0.0000057038178	0.25713829	0.3721504	27.236341
-0.0000080079758	-0.0000057051641	0.2572025	0.37222979	27.24277
-0.0000080098646	-0.0000057065098	0.25726668	0.37230914	27.249196
-0.0000080117526	-0.0000057078548	0.25733084	0.37238844	27.255619
-0.0000080136396	-0.0000057091992	0.25739496	0.37246771	27.262038
-0.0000080155258	-0.0000057105429	0.25745906	0.37254694	27.268455
-0.000008017411	-0.0000057118861	0.25752313	0.37262612	27.274868
-0.0000080192953	-0.0000057132285	0.25758717	0.37270527	27.281279
-0.0000080211788	-0.0000057145704	0.25765118	0.37278438	27.287686
-0.0000080230613	-0.0000057159116	0.25771517	0.37286344	27.29409
-0.000008024943	-0.0000057172521	0.25777912	0.37294247	27.300492
-0.0000080268237	-0.000005718592	0.25784305	0.37302145	27.30689
-0.0000080287036	-0.0000057199313	0.25790695	0.37310039	27.313285
-0.0000080305825	-0.0000057212699	0.25797082	0.3731793	27.319677
-0.0000080324605	-0.0000057226079	0.25803466	0.37325816	27.326066
-0.0000080343377	-0.0000057239452	0.25809848	0.37333698	27.332452
-0.0000080362139	-0.0000057252819	0.25816226	0.37341577	27.338835
-0.0000080380892	-0.000005726618	0.25822602	0.37349451	27.345215
-0.0000080399636	-0.0000057279534	0.25828975	0.37357321	27.351591
-0.0000080418372	-0.0000057292881	0.25835345	0.37365187	27.357965
-0.0000080437098	-0.0000057306222	0.25841712	0.37373049	27.364335
-0.0000080455815	-0.0000057319557	0.25848077	0.37380907	27.370703
-0.0000080474523	-0.0000057332885	0.25854438	0.37388761	27.377067
-0.0000080493222	-0.0000057346207	0.25860797	0.37396611	27.383429
-0.0000080511912	-0.0000057359522	0.25867152	0.37404457	27.389787
-0.0000080530592	-0.0000057372831	0.25873505	0.37412299	27.396142
-0.0000080549264	-0.0000057386134	0.25879855	0.37420137	27.402494
-0.0000080567927	-0.000005739943	0.25886202	0.3742797	27.408843
-0.000008058658	-0.0000057412719	0.25892547	0.374358	27.415189
-0.0000080605225	-0.0000057426002	0.25898888	0.37443625	27.421532
-0.000008062386	-0.0000057439278	0.25905227	0.37451447	27.427871
-0.0000080642486	-0.0000057452548	0.25911562	0.37459264	27.434208
-0.0000080661103	-0.0000057465812	0.25917895	0.37467078	27.440541
-0.0000080679711	-0.0000057479069	0.25924225	0.37474887	27.446872
-0.000008069831	-0.0000057492319	0.25930552	0.37482692	27.453199
-0.00000807169	-0.0000057505563	0.25936876	0.37490493	27.459523
-0.0000080735481	-0.0000057518801	0.25943198	0.3749829	27.465844
-0.0000080754052	-0.0000057532032	0.25949516	0.37506083	27.472162
-0.0000080772615	-0.0000057545257	0.25955832	0.37513872	27.478477
-0.0000080791168	-0.0000057558475	0.25962144	0.37521657	27.484789
-0.0000080809712	-0.0000057571686	0.25968454	0.37529438	27.491097
-0.0000080828247	-0.0000057584891	0.25974761	0.37537215	27.497403
-0.0000080846773	-0.000005759809	0.25981065	0.37544987	27.503705
-0.000008086529	-0.0000057611281	0.25987366	0.37552756	27.510005
-0.0000080883797	-0.0000057624467	0.25993664	0.3756052	27.516301
-0.0000080902296	-0.0000057637646	0.2599996	0.37568281	27.522594
-0.0000080920785	-0.0000057650818	0.26006252	0.37576037	27.528884
-0.0000080939265	-0.0000057663984	0.26012541	0.37583789	27.535171
-0.0000080957736	-0.0000057677143	0.26018828	0.37591537	27.541454
-0.0000080976197	-0.0000057690296	0.26025112	0.37599281	27.547735
-0.000008099465	-0.0000057703442	0.26031393	0.37607021	27.554012
-0.0000081013093	-0.0000057716582	0.2603767	0.37614757	27.560287
-0.0000081031527	-0.0000057729715	0.26043945	0.37622489	27.566558
-0.0000081049952	-0.0000057742842	0.26050217	0.37630216	27.572826
-0.0000081068368	-0.0000057755962	0.26056487	0.3763794	27.579091
-0.0000081086775	-0.0000057769075	0.26062753	0.37645659	27.585353
-0.0000081105172	-0.0000057782182	0.26069016	0.37653375	27.591611
-0.000008112356	-0.0000057795282	0.26075277	0.37661086	27.597867
-0.0000081141939	-0.0000057808376	0.26081534	0.37668793	27.604119
-0.0000081160309	-0.0000057821463	0.26087789	0.37676496	27.610369
-0.0000081178669	-0.0000057834544	0.2609404	0.37684195	27.616615
-0.000008119702	-0.0000057847618	0.26100289	0.3769189	27.622858
-0.0000081215362	-0.0000057860685	0.26106535	0.37699581	27.629098
-0.0000081233695	-0.0000057873746	0.26112778	0.37707267	27.635334
-0.0000081252018	-0.0000057886801	0.26119018	0.3771495	27.641568
-0.0000081270333	-0.0000057899848	0.26125255	0.37722628	27.647798
-0.0000081288638	-0.0000057912889	0.26131489	0.37730302	27.654025
-0.0000081306933	-0.0000057925924	0.2613772	0.37737973	27.66025
-0.000008132522	-0.0000057938952	0.26143948	0.37745639	27.666471
-0.0000081343497	-0.0000057951973	0.26150173	0.37753301	27.672688
-0.0000081361765	-0.0000057964988	0.26156396	0.37760958	27.678903
-0.0000081380023	-0.0000057977996	0.26162615	0.37768612	27.685115
-0.0000081398273	-0.0000057990997	0.26168831	0.37776262	27.691323
-0.0000081416513	-0.0000058003992	0.26175045	0.37783907	27.697528
-0.0000081434744	-0.0000058016981	0.26181255	0.37791548	27.70373
-0.0000081452965	-0.0000058029962	0.26187463	0.37799186	27.709929
-0.0000081471177	-0.0000058042937	0.26193668	0.37806819	27.716125
-0.000008148938	-0.0000058055906	0.26199869	0.37814448	27.722317
-0.0000081507574	-0.0000058068867	0.26206068	0.37822072	27.728507
-0.0000081525758	-0.0000058081823	0.26212264	0.37829693	27.734693
-0.0000081543933	-0.0000058094771	0.26218457	0.3783731	27.740876
-0.0000081562099	-0.0000058107713	0.26224647	0.37844922	27.747056
-0.0000081580255	-0.0000058120648	0.26230834	0.3785253	27.753233
-0.0000081598402	-0.0000058133577	0.26237018	0.37860134	27.759406
-0.000008161654	-0.0000058146499	0.26243199	0.37867734	27.765576
-0.0000081634668	-0.0000058159414	0.26249377	0.3787533	27.771744
-0.0000081652787	-0.0000058172323	0.26255552	0.37882922	27.777908
-0.0000081670897	-0.0000058185225	0.26261724	0.3789051	27.784068
-0.0000081688998	-0.000005819812	0.26267893	0.37898093	27.790226
-0.0000081707089	-0.0000058211009	0.26274059	0.37905672	27.796381
-0.000008172517	-0.0000058223891	0.26280222	0.37913247	27.802532
-0.0000081743243	-0.0000058236766	0.26286382	0.37920818	27.80868
-0.0000081761305	-0.0000058249635	0.2629254	0.37928385	27.814825
-0.0000081779359	-0.0000058262497	0.26298694	0.37935948	27.820967
-0.0000081797403	-0.0000058275352	0.26304845	0.37943507	27.827105
-0.0000081815438	-0.0000058288201	0.26310993	0.37951061	27.833241
-0.0000081833464	-0.0000058301043	0.26317139	0.37958611	27.839373
-0.000008185148	-0.0000058313878	0.26323281	0.37966157	27.845502
-0.0000081869486	-0.0000058326706	0.2632942	0.37973699	27.851628
-0.0000081887484	-0.0000058339528	0.26335557	0.37981237	27.85775
-0.0000081905471	-0.0000058352344	0.2634169	0.37988771	27.86387
-0.000008192345	-0.0000058365152	0.2634782	0.379963	27.869986
-0.0000081941419	-0.0000058377954	0.26353948	0.38003825	27.876099
-0.0000081959379	-0.0000058390749	0.26360072	0.38011347	27.882209
-0.0000081977329	-0.0000058403537	0.26366193	0.38018864	27.888315
-0.000008199527	-0.0000058416319	0.26372312	0.38026376	27.894419
-0.0000082013201	-0.0000058429094	0.26378427	0.38033885	27.900519
-0.0000082031123	-0.0000058441862	0.26384539	0.3804139	27.906616
-0.0000082049036	-0.0000058454624	0.26390649	0.3804889	27.91271
-0.0000082066939	-0.0000058467379	0.26396755	0.38056386	27.9188
-0.0000082084833	-0.0000058480127	0.26402858	0.38063878	27.924888
-0.0000082102717	-0.0000058492868	0.26408959	0.38071366	27.930972
-0.0000082120592	-0.0000058505603	0.26415056	0.38078849	27.937053
-0.0000082138457	-0.0000058518331	0.2642115	0.38086329	27.94313
-0.0000082156313	-0.0000058531052	0.26427242	0.38093804	27.949205
-0.000008217416	-0.0000058543767	0.2643333	0.38101275	27.955276
-0.0000082191997	-0.0000058556474	0.26439415	0.38108742	27.961344
-0.0000082209825	-0.0000058569175	0.26445497	0.38116205	27.967409
-0.0000082227643	-0.000005858187	0.26451577	0.38123663	27.973471
-0.0000082245451	-0.0000058594557	0.26457653	0.38131118	27.979529
-0.0000082263251	-0.0000058607238	0.26463726	0.38138568	27.985584
-0.000008228104	-0.0000058619912	0.26469796	0.38146014	27.991636
-0.000008229882	-0.0000058632579	0.26475863	0.38153456	27.997685
-0.0000082316591	-0.000005864524	0.26481927	0.38160894	28.003731
-0.0000082334352	-0.0000058657893	0.26487989	0.38168327	28.009773
-0.0000082352104	-0.000005867054	0.26494047	0.38175756	28.015812
-0.0000082369846	-0.0000058683181	0.26500102	0.38183181	28.021848
-0.0000082387579	-0.0000058695814	0.26506153	0.38190602	28.02788
-0.0000082405302	-0.0000058708441	0.26512202	0.38198019	28.03391
-0.0000082423016	-0.0000058721061	0.26518248	0.38205431	28.039936
-0.000008244072	-0.0000058733674	0.26524291	0.3821284	28.045959
-0.0000082458415	-0.000005874628	0.26530331	0.38220244	28.051978
-0.00000824761	-0.000005875888	0.26536368	0.38227644	28.057995
-0.0000082493776	-0.0000058771472	0.26542401	0.38235039	28.064008
-0.0000082511442	-0.0000058784058	0.26548432	0.38242431	28.070018
-0.0000082529099	-0.0000058796637	0.2655446	0.38249818	28.076025
-0.0000082546746	-0.000005880921	0.26560484	0.38257201	28.082028
-0.0000082564383	-0.0000058821775	0.26566506	0.3826458	28.088028
-0.0000082582011	-0.0000058834334	0.26572524	0.38271955	28.094025
-0.0000082599629	-0.0000058846886	0.2657854	0.38279325	28.100019
-0.0000082617238	-0.0000058859431	0.26584552	0.38286692	28.106009
-0.0000082634838	-0.000005887197	0.26590561	0.38294054	28.111997
-0.0000082652427	-0.0000058884501	0.26596568	0.38301412	28.117981
-0.0000082670008	-0.0000058897026	0.26602571	0.38308765	28.123961
-0.0000082687578	-0.0000058909544	0.26608571	0.38316115	28.129939
-0.0000082705139	-0.0000058922055	0.26614568	0.3832346	28.135913
-0.0000082722691	-0.0000058934559	0.26620562	0.38330801	28.141884
-0.0000082740233	-0.0000058947057	0.26626553	0.38338138	28.147852
-0.0000082757765	-0.0000058959547	0.26632541	0.3834547	28.153816
-0.0000082775288	-0.0000058972031	0.26638526	0.38352799	28.159777
-0.0000082792801	-0.0000058984508	0.26644507	0.38360123	28.165735
-0.0000082810304	-0.0000058996978	0.26650486	0.38367443	28.17169
-0.0000082827798	-0.0000059009442	0.26656461	0.38374758	28.177641
-0.0000082845283	-0.0000059021898	0.26662434	0.3838207	28.183589
-0.0000082862757	-0.0000059034348	0.26668403	0.38389377	28.189534
-0.0000082880222	-0.000005904679	0.2667437	0.3839668	28.195475
-0.0000082897678	-0.0000059059226	0.26680333	0.38403979	28.201414
-0.0000082915124	-0.0000059071655	0.26686293	0.38411273	28.207349
-0.000008293256	-0.0000059084078	0.2669225	0.38418564	28.21328
-0.0000082949987	-0.0000059096493	0.26698204	0.3842585	28.219209
-0.0000082967404	-0.0000059108901	0.26704155	0.38433132	28.225134
-0.0000082984811	-0.0000059121303	0.26710103	0.38440409	28.231056
-0.0000083002209	-0.0000059133698	0.26716048	0.38447683	28.236975
-0.0000083019597	-0.0000059146086	0.26721989	0.38454952	28.24289
-0.0000083036975	-0.0000059158467	0.26727928	0.38462217	28.248802
-0.0000083054344	-0.0000059170841	0.26733863	0.38469477	28.254711
-0.0000083071703	-0.0000059183208	0.26739795	0.38476734	28.260616
-0.0000083089053	-0.0000059195569	0.26745725	0.38483986	28.266519
-0.0000083106393	-0.0000059207922	0.26751651	0.38491234	28.272418
-0.0000083123723	-0.0000059220269	0.26757574	0.38498478	28.278313
-0.0000083141043	-0.0000059232608	0.26763494	0.38505717	28.284206
-0.0000083158354	-0.0000059244941	0.26769411	0.38512953	28.290095
-0.0000083175655	-0.0000059257267	0.26775324	0.38520184	28.29598
-0.0000083192947	-0.0000059269586	0.26781235	0.3852741	28.301863
-0.0000083210229	-0.0000059281898	0.26787142	0.38534633	28.307742
-0.0000083227501	-0.0000059294204	0.26793047	0.38541851	28.313618
-0.0000083244763	-0.0000059306502	0.26798948	0.38549065	28.319491
-0.0000083262016	-0.0000059318794	0.26804846	0.38556275	28.32536
-0.0000083279259	-0.0000059331078	0.26810741	0.3856348	28.331226
-0.0000083296492	-0.0000059343356	0.26816633	0.38570682	28.337089
-0.0000083313716	-0.0000059355627	0.26822522	0.38577879	28.342948
-0.000008333093	-0.000005936789	0.26828408	0.38585071	28.348804
-0.0000083348134	-0.0000059380147	0.2683429	0.3859226	28.354657
-0.0000083365329	-0.0000059392397	0.2684017	0.38599444	28.360506
-0.0000083382513	-0.000005940464	0.26846046	0.38606624	28.366353
-0.0000083399688	-0.0000059416876	0.26851919	0.386138	28.372195
-0.0000083416854	-0.0000059429106	0.26857789	0.38620971	28.378035
-0.0000083434009	-0.0000059441328	0.26863656	0.38628138	28.383871
-0.0000083451155	-0.0000059453543	0.2686952	0.38635301	28.389704
-0.0000083468291	-0.0000059465752	0.26875381	0.3864246	28.395534
-0.0000083485418	-0.0000059477953	0.26881238	0.38649614	28.40136
-0.0000083502535	-0.0000059490148	0.26887093	0.38656764	28.407183
-0.0000083519641	-0.0000059502335	0.26892944	0.3866391	28.413003
-0.0000083536739	-0.0000059514516	0.26898792	0.38671052	28.418819
-0.0000083553826	-0.0000059526689	0.26904637	0.38678189	28.424632
-0.0000083570904	-0.0000059538856	0.26910479	0.38685322	28.430442
-0.0000083587972	-0.0000059551016	0.26916318	0.38692451	28.436249
-0.000008360503	-0.0000059563169	0.26922153	0.38699575	28.442052
-0.0000083622078	-0.0000059575315	0.26927986	0.38706696	28.447851
-0.0000083639117	-0.0000059587454	0.26933815	0.38713812	28.453648
-0.0000083656146	-0.0000059599585	0.26939641	0.38720923	28.459441
-0.0000083673165	-0.000005961171	0.26945464	0.38728031	28.465231
-0.0000083690174	-0.0000059623828	0.26951284	0.38735134	28.471017
-0.0000083707173	-0.0000059635939	0.269571	0.38742233	28.4768
-0.0000083724163	-0.0000059648044	0.26962914	0.38749327	28.48258
-0.0000083741143	-0.0000059660141	0.26968724	0.38756417	28.488357
-0.0000083758113	-0.0000059672231	0.26974531	0.38763503	28.49413
-0.0000083775073	-0.0000059684314	0.26980335	0.38770585	28.4999
-0.0000083792024	-0.000005969639	0.26986136	0.38777663	28.505666
-0.0000083808964	-0.0000059708459	0.26991934	0.38784736	28.511429
-0.0000083825895	-0.0000059720521	0.26997728	0.38791805	28.517189
-0.0000083842816	-0.0000059732576	0.2700352	0.38798869	28.522946
-0.0000083859728	-0.0000059744625	0.27009308	0.38805929	28.528699
-0.0000083876629	-0.0000059756666	0.27015093	0.38812985	28.534448
-0.0000083893521	-0.00000597687	0.27020875	0.38820037	28.540195
-0.0000083910402	-0.0000059780727	0.27026654	0.38827084	28.545938
-0.0000083927274	-0.0000059792747	0.27032429	0.38834128	28.551678
-0.0000083944137	-0.000005980476	0.27038201	0.38841166	28.557414
-0.0000083960989	-0.0000059816767	0.27043971	0.38848201	28.563147
-0.0000083977831	-0.0000059828766	0.27049736	0.38855231	28.568877
-0.0000083994664	-0.0000059840758	0.27055499	0.38862257	28.574603
-0.0000084011487	-0.0000059852743	0.27061259	0.38869279	28.580326
-0.0000084028299	-0.0000059864721	0.27067015	0.38876296	28.586046
-0.0000084045102	-0.0000059876692	0.27072769	0.38883309	28.591762
-0.0000084061896	-0.0000059888656	0.27078519	0.38890318	28.597475
-0.0000084078679	-0.0000059900613	0.27084266	0.38897322	28.603185
-0.0000084095452	-0.0000059912563	0.27090009	0.38904322	28.608891
-0.0000084112216	-0.0000059924506	0.2709575	0.38911318	28.614594
-0.000008412897	-0.0000059936442	0.27101487	0.3891831	28.620294
-0.0000084145713	-0.0000059948371	0.27107221	0.38925297	28.62599
-0.0000084162447	-0.0000059960293	0.27112952	0.3893228	28.631683
-0.0000084179172	-0.0000059972208	0.2711868	0.38939258	28.637372
-0.0000084195886	-0.0000059984115	0.27124404	0.38946232	28.643058
-0.000008421259	-0.0000059996016	0.27130126	0.38953202	28.648741
-0.0000084229284	-0.000006000791	0.27135844	0.38960168	28.65442
-0.0000084245969	-0.0000060019796	0.27141559	0.38967129	28.660096
-0.0000084262643	-0.0000060031676	0.2714727	0.38974086	28.665769
-0.0000084279308	-0.0000060043548	0.27152979	0.38981039	28.671438
-0.0000084295963	-0.0000060055414	0.27158684	0.38987987	28.677104
-0.0000084312608	-0.0000060067272	0.27164386	0.38994932	28.682766
-0.0000084329243	-0.0000060079124	0.27170085	0.39001871	28.688426
-0.0000084345868	-0.0000060090968	0.27175781	0.39008807	28.694081
-0.0000084362483	-0.0000060102805	0.27181474	0.39015738	28.699734
-0.0000084379088	-0.0000060114635	0.27187163	0.39022665	28.705383
-0.0000084395684	-0.0000060126458	0.27192849	0.39029587	28.711028
-0.0000084412269	-0.0000060138274	0.27198532	0.39036505	28.716671
-0.0000084428844	-0.0000060150083	0.27204211	0.39043419	28.72231
-0.000008444541	-0.0000060161885	0.27209888	0.39050329	28.727945
-0.0000084461965	-0.000006017368	0.27215561	0.39057234	28.733577
-0.0000084478511	-0.0000060185468	0.27221231	0.39064135	28.739206
-0.0000084495047	-0.0000060197248	0.27226898	0.39071031	28.744831
-0.0000084511572	-0.0000060209022	0.27232561	0.39077923	28.750453
-0.0000084528088	-0.0000060220788	0.27238221	0.39084811	28.756072
-0.0000084544594	-0.0000060232547	0.27243879	0.39091695	28.761687
-0.000008456109	-0.00000602443	0.27249532	0.39098574	28.767299
-0.0000084577576	-0.0000060256045	0.27255183	0.39105449	28.772907
-0.0000084594052	-0.0000060267783	0.2726083	0.39112319	28.778512
-0.0000084610518	-0.0000060279514	0.27266474	0.39119185	28.784114
-0.0000084626974	-0.0000060291238	0.27272115	0.39126047	28.789712
-0.000008464342	-0.0000060302954	0.27277753	0.39132905	28.795307
-0.0000084659856	-0.0000060314664	0.27283388	0.39139758	28.800899
-0.0000084676282	-0.0000060326366	0.27289019	0.39146607	28.806487
-0.0000084692698	-0.0000060338062	0.27294647	0.39153451	28.812071
-0.0000084709104	-0.000006034975	0.27300271	0.39160291	28.817653
-0.00000847255	-0.0000060361431	0.27305893	0.39167127	28.82323
-0.0000084741886	-0.0000060373105	0.27311511	0.39173959	28.828805
-0.0000084758262	-0.0000060384772	0.27317126	0.39180786	28.834376
-0.0000084774628	-0.0000060396432	0.27322738	0.39187609	28.839944
-0.0000084790984	-0.0000060408085	0.27328346	0.39194427	28.845508
-0.000008480733	-0.000006041973	0.27333952	0.39201241	28.851069
-0.0000084823666	-0.0000060431369	0.27339554	0.39208051	28.856626
-0.0000084839993	-0.0000060443	0.27345152	0.39214856	28.86218
-0.0000084856309	-0.0000060454624	0.27350748	0.39221657	28.867731
-0.0000084872615	-0.0000060466241	0.2735634	0.39228454	28.873278
-0.0000084888911	-0.0000060477851	0.27361929	0.39235246	28.878822
-0.0000084905197	-0.0000060489453	0.27367515	0.39242034	28.884362
-0.0000084921473	-0.0000060501049	0.27373097	0.39248818	28.889899
-0.0000084937739	-0.0000060512637	0.27378676	0.39255597	28.895433
-0.0000084953994	-0.0000060524219	0.27384252	0.39262372	28.900963
-0.000008497024	-0.0000060535793	0.27389825	0.39269143	28.90649
-0.0000084986476	-0.000006054736	0.27395394	0.39275909	28.912013
-0.0000085002702	-0.000006055892	0.27400961	0.39282671	28.917533
-0.0000085018918	-0.0000060570472	0.27406524	0.39289428	28.92305
-0.0000085035123	-0.0000060582018	0.27412083	0.39296182	28.928563
-0.0000085051319	-0.0000060593556	0.27417639	0.3930293	28.934073
-0.0000085067504	-0.0000060605087	0.27423193	0.39309675	28.939579
-0.000008508368	-0.0000060616611	0.27428742	0.39316415	28.945082
-0.0000085099845	-0.0000060628128	0.27434289	0.3932315	28.950581
-0.0000085116001	-0.0000060639638	0.27439832	0.39329882	28.956077
-0.0000085132146	-0.000006065114	0.27445372	0.39336609	28.96157
-0.0000085148281	-0.0000060662636	0.27450909	0.39343331	28.967059
-0.0000085164406	-0.0000060674124	0.27456442	0.3935005	28.972544
-0.0000085180522	-0.0000060685605	0.27461972	0.39356764	28.978027
-0.0000085196627	-0.0000060697078	0.27467499	0.39363473	28.983506
-0.0000085212721	-0.0000060708545	0.27473023	0.39370178	28.988981
-0.0000085228806	-0.0000060720004	0.27478543	0.39376879	28.994453
-0.0000085244881	-0.0000060731457	0.2748406	0.39383575	28.999922
-0.0000085260946	-0.0000060742902	0.27489574	0.39390267	29.005387
-0.0000085277	-0.0000060754339	0.27495084	0.39396955	29.010848
-0.0000085293045	-0.000006076577	0.27500591	0.39403638	29.016307
-0.0000085309079	-0.0000060777194	0.27506095	0.39410317	29.021761
-0.0000085325103	-0.000006078861	0.27511596	0.39416992	29.027213
-0.0000085341117	-0.0000060800019	0.27517093	0.39423662	29.032661
-0.0000085357121	-0.0000060811421	0.27522587	0.39430328	29.038105
-0.0000085373115	-0.0000060822815	0.27528078	0.39436989	29.043546
-0.0000085389099	-0.0000060834203	0.27533565	0.39443646	29.048984
-0.0000085405073	-0.0000060845583	0.27539049	0.39450299	29.054418
-0.0000085421036	-0.0000060856956	0.2754453	0.39456947	29.059849
-0.000008543699	-0.0000060868322	0.27550007	0.39463591	29.065276
-0.0000085452933	-0.000006087968	0.27555482	0.3947023	29.0707
-0.0000085468866	-0.0000060891032	0.27560952	0.39476865	29.07612
-0.0000085484789	-0.0000060902376	0.2756642	0.39483496	29.081537
-0.0000085500702	-0.0000060913713	0.27571884	0.39490122	29.086951
-0.0000085516605	-0.0000060925042	0.27577345	0.39496744	29.092361
-0.0000085532498	-0.0000060936365	0.27582803	0.39503362	29.097767
-0.000008554838	-0.000006094768	0.27588257	0.39509975	29.103171
-0.0000085564252	-0.0000060958988	0.27593708	0.39516584	29.10857
-0.0000085580115	-0.0000060970289	0.27599156	0.39523188	29.113967
-0.0000085595967	-0.0000060981582	0.276046	0.39529788	29.119359
-0.0000085611809	-0.0000060992869	0.27610041	0.39536384	29.124749
-0.000008562764	-0.0000061004148	0.27615479	0.39542975	29.130135
-0.0000085643462	-0.000006101542	0.27620914	0.39549562	29.135517
-0.0000085659273	-0.0000061026684	0.27626345	0.39556144	29.140896
-0.0000085675074	-0.0000061037941	0.27631772	0.39562722	29.146271
-0.0000085690865	-0.0000061049192	0.27637197	0.39569296	29.151643
-0.0000085706646	-0.0000061060434	0.27642618	0.39575865	29.157012
-0.0000085722417	-0.000006107167	0.27648036	0.3958243	29.162377
-0.0000085738177	-0.0000061082898	0.2765345	0.39588991	29.167739
-0.0000085753928	-0.0000061094119	0.27658862	0.39595547	29.173097
-0.0000085769668	-0.0000061105333	0.27664269	0.39602098	29.178452
-0.0000085785398	-0.000006111654	0.27669674	0.39608646	29.183803
-0.0000085801118	-0.0000061127739	0.27675075	0.39615189	29.189151
-0.0000085816827	-0.0000061138931	0.27680473	0.39621727	29.194495
-0.0000085832527	-0.0000061150116	0.27685867	0.39628261	29.199836
-0.0000085848216	-0.0000061161293	0.27691259	0.39634791	29.205173
-0.0000085863895	-0.0000061172464	0.27696647	0.39641316	29.210507
-0.0000085879563	-0.0000061183627	0.27702031	0.39647837	29.215838
-0.0000085895222	-0.0000061194782	0.27707412	0.39654353	29.221165
-0.000008591087	-0.0000061205931	0.2771279	0.39660865	29.226488
-0.0000085926508	-0.0000061217072	0.27718165	0.39667373	29.231808
-0.0000085942136	-0.0000061228206	0.27723536	0.39673876	29.237125
-0.0000085957754	-0.0000061239332	0.27728903	0.39680375	29.242438
-0.0000085973362	-0.0000061250452	0.27734268	0.39686869	29.247747
-0.0000085988959	-0.0000061261564	0.27739629	0.39693359	29.253053
-0.0000086004546	-0.0000061272669	0.27744987	0.39699845	29.258356
-0.0000086020123	-0.0000061283766	0.27750341	0.39706326	29.263655
-0.0000086035689	-0.0000061294856	0.27755692	0.39712803	29.268951
-0.0000086051245	-0.0000061305939	0.2776104	0.39719275	29.274243
-0.0000086066792	-0.0000061317015	0.27766384	0.39725743	29.279532
-0.0000086082327	-0.0000061328083	0.27771725	0.39732207	29.284817
-0.0000086097853	-0.0000061339144	0.27777063	0.39738666	29.290099
-0.0000086113368	-0.0000061350198	0.27782397	0.39745121	29.295377
-0.0000086128873	-0.0000061361244	0.27787728	0.39751571	29.300652
-0.0000086144368	-0.0000061372283	0.27793056	0.39758017	29.305923
-0.0000086159853	-0.0000061383315	0.2779838	0.39764458	29.311191
-0.0000086175327	-0.0000061394339	0.27803701	0.39770895	29.316455
-0.0000086190791	-0.0000061405356	0.27809019	0.39777328	29.321716
-0.0000086206245	-0.0000061416366	0.27814333	0.39783756	29.326973
-0.0000086221689	-0.0000061427369	0.27819643	0.3979018	29.332227
-0.0000086237122	-0.0000061438364	0.27824951	0.39796599	29.337477
-0.0000086252545	-0.0000061449352	0.27830255	0.39803014	29.342724
-0.0000086267958	-0.0000061460332	0.27835556	0.39809424	29.347968
-0.000008628336	-0.0000061471306	0.27840853	0.3981583	29.353207
-0.0000086298752	-0.0000061482272	0.27846147	0.39822232	29.358444
-0.0000086314134	-0.000006149323	0.27851437	0.39828629	29.363677
-0.0000086329506	-0.0000061504182	0.27856725	0.39835022	29.368906
-0.0000086344867	-0.0000061515126	0.27862008	0.3984141	29.374132
-0.0000086360218	-0.0000061526062	0.27867289	0.39847794	29.379354
-0.0000086375559	-0.0000061536991	0.27872566	0.39854174	29.384573
-0.000008639089	-0.0000061547913	0.2787784	0.39860549	29.389788
-0.000008640621	-0.0000061558828	0.2788311	0.39866919	29.395
-0.000008642152	-0.0000061569735	0.27888377	0.39873286	29.400209
-0.0000086436819	-0.0000061580635	0.2789364	0.39879647	29.405414
-0.0000086452108	-0.0000061591528	0.27898901	0.39886005	29.410615
-0.0000086467387	-0.0000061602413	0.27904157	0.39892358	29.415813
-0.0000086482656	-0.0000061613291	0.27909411	0.39898706	29.421007
-0.0000086497914	-0.0000061624162	0.27914661	0.3990505	29.426198
-0.0000086513162	-0.0000061635025	0.27919908	0.3991139	29.431385
-0.00000865284	-0.0000061645881	0.27925151	0.39917725	29.436569
-0.0000086543628	-0.0000061656729	0.27930391	0.39924056	29.441749
-0.0000086558845	-0.0000061667571	0.27935627	0.39930382	29.446926
-0.0000086574051	-0.0000061678404	0.2794086	0.39936704	29.452099
-0.0000086589248	-0.0000061689231	0.2794609	0.39943021	29.457269
-0.0000086604434	-0.000006170005	0.27951316	0.39949334	29.462435
-0.000008661961	-0.0000061710862	0.27956539	0.39955643	29.467598
-0.0000086634775	-0.0000061721666	0.27961759	0.39961947	29.472757
-0.000008664993	-0.0000061732463	0.27966975	0.39968246	29.477913
-0.0000086665075	-0.0000061743253	0.27972187	0.39974542	29.483065
-0.0000086680209	-0.0000061754035	0.27977397	0.39980832	29.488214
-0.0000086695334	-0.000006176481	0.27982603	0.39987119	29.493359
-0.0000086710447	-0.0000061775578	0.27987805	0.39993401	29.498501
-0.0000086725551	-0.0000061786338	0.27993004	0.39999678	29.503639
-0.0000086740644	-0.0000061797091	0.279982	0.40005951	29.508773
-0.0000086755726	-0.0000061807836	0.28003392	0.4001222	29.513904
-0.0000086770799	-0.0000061818574	0.28008581	0.40018484	29.519032
-0.0000086785861	-0.0000061829305	0.28013766	0.40024743	29.524156
-0.0000086800912	-0.0000061840028	0.28018949	0.40030999	29.529276
-0.0000086815954	-0.0000061850744	0.28024127	0.40037249	29.534393
-0.0000086830984	-0.0000061861453	0.28029302	0.40043496	29.539507
-0.0000086846005	-0.0000061872154	0.28034474	0.40049737	29.544617
-0.0000086861015	-0.0000061882847	0.28039643	0.40055975	29.549723
-0.0000086876015	-0.0000061893534	0.28044808	0.40062208	29.554826
-0.0000086891004	-0.0000061904213	0.28049969	0.40068436	29.559925
-0.0000086905983	-0.0000061914884	0.28055128	0.4007466	29.565021
-0.0000086920952	-0.0000061925549	0.28060282	0.4008088	29.570113
-0.000008693591	-0.0000061936205	0.28065434	0.40087095	29.575202
-0.0000086950858	-0.0000061946855	0.28070582	0.40093306	29.580287
-0.0000086965795	-0.0000061957497	0.28075726	0.40099512	29.585369
-0.0000086980723	-0.0000061968131	0.28080867	0.40105714	29.590447
-0.0000086995639	-0.0000061978758	0.28086005	0.40111911	29.595522
-0.0000087010546	-0.0000061989378	0.28091139	0.40118104	29.600593
-0.0000087025441	-0.0000061999991	0.2809627	0.40124292	29.60566
-0.0000087040327	-0.0000062010596	0.28101397	0.40130476	29.610724
-0.0000087055202	-0.0000062021193	0.28106521	0.40136656	29.615785
-0.0000087070067	-0.0000062031783	0.28111642	0.40142831	29.620842
-0.0000087084921	-0.0000062042366	0.28116759	0.40149001	29.625895
-0.0000087099765	-0.0000062052941	0.28121872	0.40155167	29.630945
-0.0000087114599	-0.0000062063509	0.28126983	0.40161329	29.635991
-0.0000087129422	-0.000006207407	0.2813209	0.40167486	29.641034
-0.0000087144234	-0.0000062084623	0.28137193	0.40173639	29.646073
-0.0000087159037	-0.0000062095168	0.28142293	0.40179787	29.651109
-0.0000087173828	-0.0000062105707	0.28147389	0.40185931	29.656141
-0.000008718861	-0.0000062116237	0.28152482	0.4019207	29.661169
-0.0000087203381	-0.0000062126761	0.28157572	0.40198205	29.666194
-0.0000087218141	-0.0000062137277	0.28162658	0.40204335	29.671216
-0.0000087232891	-0.0000062147785	0.28167741	0.40210461	29.676234
-0.0000087247631	-0.0000062158286	0.2817282	0.40216583	29.681248
-0.000008726236	-0.000006216878	0.28177896	0.402227	29.686259
-0.0000087277079	-0.0000062179266	0.28182969	0.40228812	29.691266
-0.0000087291788	-0.0000062189745	0.28188038	0.4023492	29.69627
-0.0000087306486	-0.0000062200216	0.28193103	0.40241024	29.70127
-0.0000087321173	-0.000006221068	0.28198165	0.40247123	29.706267
-0.000008733585	-0.0000062221137	0.28203224	0.40253218	29.71126
-0.0000087350517	-0.0000062231586	0.28208279	0.40259308	29.716249
-0.0000087365173	-0.0000062242027	0.28213331	0.40265393	29.721235
-0.0000087379819	-0.0000062252461	0.28218379	0.40271475	29.726218
-0.0000087394454	-0.0000062262888	0.28223424	0.40277551	29.731197
-0.0000087409079	-0.0000062273307	0.28228465	0.40283624	29.736172
-0.0000087423693	-0.0000062283719	0.28233503	0.40289691	29.741144
-0.0000087438297	-0.0000062294124	0.28238538	0.40295755	29.746112
-0.0000087452891	-0.000006230452	0.28243569	0.40301814	29.751076
-0.0000087467474	-0.000006231491	0.28248596	0.40307868	29.756038
-0.0000087482046	-0.0000062325292	0.2825362	0.40313918	29.760995
-0.0000087496608	-0.0000062335666	0.28258641	0.40319963	29.765949
-0.000008751116	-0.0000062346033	0.28263658	0.40326004	29.770899
-0.0000087525701	-0.0000062356393	0.28268672	0.40332041	29.775846
-0.0000087540232	-0.0000062366745	0.28273682	0.40338073	29.780789
-0.0000087554752	-0.000006237709	0.28278689	0.403441	29.785729
-0.0000087569262	-0.0000062387427	0.28283692	0.40350123	29.790665
-0.0000087583761	-0.0000062397757	0.28288692	0.40356142	29.795598
-0.0000087598249	-0.0000062408079	0.28293688	0.40362156	29.800527
-0.0000087612728	-0.0000062418394	0.28298681	0.40368165	29.805452
-0.0000087627196	-0.0000062428701	0.28303671	0.4037417	29.810374
-0.0000087641653	-0.0000062439001	0.28308657	0.40380171	29.815292
-0.00000876561	-0.0000062449294	0.28313639	0.40386167	29.820207
-0.0000087670536	-0.0000062459579	0.28318618	0.40392159	29.825118
-0.0000087684962	-0.0000062469856	0.28323594	0.40398146	29.830026
-0.0000087699377	-0.0000062480126	0.28328566	0.40404129	29.83493
-0.0000087713782	-0.0000062490389	0.28333535	0.40410107	29.83983
-0.0000087728176	-0.0000062500644	0.283385	0.4041608	29.844727
-0.000008774256	-0.0000062510891	0.28343462	0.4042205	29.849621
-0.0000087756933	-0.0000062521131	0.2834842	0.40428014	29.85451
-0.0000087771296	-0.0000062531364	0.28353375	0.40433975	29.859397
-0.0000087785648	-0.0000062541589	0.28358326	0.4043993	29.864279
-0.000008779999	-0.0000062551806	0.28363274	0.40445882	29.869158
-0.0000087814321	-0.0000062562016	0.28368218	0.40451828	29.874034
-0.0000087828642	-0.0000062572219	0.28373159	0.40457771	29.878905
-0.0000087842952	-0.0000062582414	0.28378096	0.40463709	29.883774
-0.0000087857252	-0.0000062592602	0.2838303	0.40469642	29.888638
-0.0000087871541	-0.0000062602782	0.2838796	0.40475571	29.8935
-0.000008788582	-0.0000062612955	0.28392887	0.40481495	29.898357
-0.0000087900088	-0.000006262312	0.28397811	0.40487415	29.903211
-0.0000087914346	-0.0000062633277	0.2840273	0.4049333	29.908061
-0.0000087928593	-0.0000062643428	0.28407647	0.40499241	29.912908
-0.000008794283	-0.000006265357	0.2841256	0.40505147	29.917751
-0.0000087957056	-0.0000062663705	0.28417469	0.40511049	29.922591
-0.0000087971271	-0.0000062673833	0.28422375	0.40516947	29.927427
-0.0000087985476	-0.0000062683953	0.28427278	0.4052284	29.93226
-0.0000087999671	-0.0000062694066	0.28432177	0.40528728	29.937088
-0.0000088013855	-0.0000062704171	0.28437072	0.40534612	29.941914
-0.0000088028028	-0.0000062714268	0.28441964	0.40540491	29.946736
-0.0000088042191	-0.0000062724359	0.28446853	0.40546366	29.951554
-0.0000088056343	-0.0000062734441	0.28451737	0.40552237	29.956368
-0.0000088070485	-0.0000062744516	0.28456619	0.40558102	29.961179
-0.0000088084616	-0.0000062754584	0.28461497	0.40563964	29.965987
-0.0000088098737	-0.0000062764644	0.28466371	0.40569821	29.97079
-0.0000088112847	-0.0000062774696	0.28471242	0.40575673	29.97559
-0.0000088126946	-0.0000062784741	0.2847611	0.40581521	29.980387
-0.0000088141035	-0.0000062794779	0.28480974	0.40587364	29.98518
-0.0000088155114	-0.0000062804809	0.28485834	0.40593203	29.989969
-0.0000088169182	-0.0000062814831	0.28490691	0.40599038	29.994755
-0.0000088183239	-0.0000062824846	0.28495545	0.40604868	29.999538
-0.0000088197286	-0.0000062834854	0.28500395	0.40610693	30.004316
-0.0000088211322	-0.0000062844853	0.28505241	0.40616514	30.009091
-0.0000088225347	-0.0000062854846	0.28510084	0.4062233	30.013863
-0.0000088239362	-0.0000062864831	0.28514924	0.40628142	30.018631
-0.0000088253367	-0.0000062874808	0.28519759	0.4063395	30.023395
-0.0000088267361	-0.0000062884778	0.28524592	0.40639753	30.028155
-0.0000088281344	-0.000006289474	0.28529421	0.40645551	30.032913
-0.0000088295317	-0.0000062904695	0.28534246	0.40651345	30.037666
-0.0000088309279	-0.0000062914642	0.28539068	0.40657134	30.042416
-0.0000088323231	-0.0000062924581	0.28543886	0.40662919	30.047162
-0.0000088337172	-0.0000062934513	0.28548701	0.40668699	30.051905
-0.0000088351102	-0.0000062944438	0.28553513	0.40674475	30.056644
-0.0000088365022	-0.0000062954355	0.2855832	0.40680247	30.061379
-0.0000088378931	-0.0000062964264	0.28563125	0.40686014	30.066111
-0.000008839283	-0.0000062974166	0.28567925	0.40691776	30.070839
-0.0000088406718	-0.0000062984061	0.28572723	0.40697534	30.075564
-0.0000088420596	-0.0000062993947	0.28577516	0.40703287	30.080285
-0.0000088434462	-0.0000063003827	0.28582307	0.40709036	30.085003
-0.0000088448319	-0.0000063013698	0.28587093	0.4071478	30.089717
-0.0000088462164	-0.0000063023563	0.28591876	0.4072052	30.094427
-0.0000088476	-0.0000063033419	0.28596656	0.40726255	30.099133
-0.0000088489824	-0.0000063043268	0.28601432	0.40731986	30.103836
-0.0000088503638	-0.000006305311	0.28606205	0.40737712	30.108536
-0.0000088517441	-0.0000063062944	0.28610974	0.40743434	30.113232
-0.0000088531234	-0.000006307277	0.28615739	0.40749151	30.117924
-0.0000088545016	-0.0000063082589	0.28620501	0.40754864	30.122613
-0.0000088558788	-0.00000630924	0.2862526	0.40760572	30.127298
-0.0000088572549	-0.0000063102204	0.28630015	0.40766276	30.131979
-0.0000088586299	-0.0000063112	0.28634766	0.40771975	30.136657
-0.0000088600039	-0.0000063121789	0.28639514	0.4077767	30.141331
-0.0000088613768	-0.000006313157	0.28644258	0.4078336	30.146002
-0.0000088627486	-0.0000063141344	0.28648999	0.40789046	30.150668
-0.0000088641194	-0.000006315111	0.28653737	0.40794727	30.155332
-0.0000088654891	-0.0000063160868	0.2865847	0.40800403	30.159992
-0.0000088668578	-0.0000063170619	0.28663201	0.40806076	30.164648
-0.0000088682254	-0.0000063180362	0.28667927	0.40811743	30.1693
-0.0000088695919	-0.0000063190098	0.2867265	0.40817406	30.173949
-0.0000088709574	-0.0000063199826	0.2867737	0.40823065	30.178594
-0.0000088723218	-0.0000063209546	0.28682086	0.40828719	30.183236
-0.0000088736851	-0.0000063219259	0.28686799	0.40834368	30.187874
-0.0000088750474	-0.0000063228965	0.28691508	0.40840013	30.192508
-0.0000088764087	-0.0000063238663	0.28696213	0.40845654	30.197139
-0.0000088777688	-0.0000063248353	0.28700915	0.4085129	30.201767
-0.0000088791279	-0.0000063258035	0.28705613	0.40856921	30.20639
-0.0000088804859	-0.0000063267711	0.28710308	0.40862548	30.21101
-0.0000088818429	-0.0000063277378	0.28714999	0.40868171	30.215626
-0.0000088831988	-0.0000063287038	0.28719687	0.40873789	30.220239
-0.0000088845536	-0.000006329669	0.28724371	0.40879402	30.224848
-0.0000088859074	-0.0000063306335	0.28729052	0.40885011	30.229454
-0.0000088872601	-0.0000063315972	0.28733729	0.40890615	30.234056
-0.0000088886118	-0.0000063325602	0.28738402	0.40896215	30.238654
-0.0000088899624	-0.0000063335224	0.28743072	0.4090181	30.243248
-0.0000088913119	-0.0000063344838	0.28747739	0.40907401	30.247839
-0.0000088926603	-0.0000063354445	0.28752402	0.40912987	30.252427
-0.0000088940077	-0.0000063364045	0.28757061	0.40918569	30.257011
-0.000008895354	-0.0000063373636	0.28761717	0.40924146	30.261591
-0.0000088966993	-0.000006338322	0.28766369	0.40929719	30.266167
-0.0000088980435	-0.0000063392797	0.28771018	0.40935287	30.27074
-0.0000088993866	-0.0000063402366	0.28775663	0.40940851	30.275309
-0.0000089007287	-0.0000063411927	0.28780304	0.4094641	30.279875
-0.0000089020697	-0.0000063421481	0.28784942	0.40951965	30.284437
-0.0000089034096	-0.0000063431027	0.28789577	0.40957515	30.288995
-0.0000089047485	-0.0000063440565	0.28794208	0.4096306	30.29355
-0.0000089060863	-0.0000063450096	0.28798835	0.40968601	30.298101
-0.000008907423	-0.000006345962	0.28803459	0.40974138	30.302649
-0.0000089087587	-0.0000063469135	0.28808079	0.4097967	30.307193
-0.0000089100933	-0.0000063478644	0.28812696	0.40985197	30.311733
-0.0000089114268	-0.0000063488144	0.28817309	0.4099072	30.316269
-0.0000089127593	-0.0000063497637	0.28821918	0.40996239	30.320802
-0.0000089140907	-0.0000063507122	0.28826524	0.41001753	30.325332
-0.000008915421	-0.00000635166	0.28831127	0.41007262	30.329857
-0.0000089167502	-0.000006352607	0.28835725	0.41012767	30.33438
-0.0000089180784	-0.0000063535533	0.28840321	0.41018267	30.338898
-0.0000089194056	-0.0000063544988	0.28844912	0.41023763	30.343413
-0.0000089207316	-0.0000063554435	0.288495	0.41029254	30.347924
-0.0000089220566	-0.0000063563875	0.28854085	0.41034741	30.352432
-0.0000089233805	-0.0000063573307	0.28858666	0.41040223	30.356936
-0.0000089247034	-0.0000063582731	0.28863243	0.41045701	30.361436
-0.0000089260252	-0.0000063592148	0.28867817	0.41051174	30.365932
-0.0000089273459	-0.0000063601557	0.28872387	0.41056642	30.370426
-0.0000089286656	-0.0000063610959	0.28876954	0.41062106	30.374915
-0.0000089299841	-0.0000063620353	0.28881517	0.41067566	30.379401
-0.0000089313016	-0.000006362974	0.28886077	0.41073021	30.383883
-0.0000089326181	-0.0000063639118	0.28890633	0.41078472	30.388361
-0.0000089339335	-0.000006364849	0.28895185	0.41083917	30.392836
-0.0000089352478	-0.0000063657853	0.28899734	0.41089359	30.397307
-0.000008936561	-0.0000063667209	0.28904279	0.41094796	30.401775
-0.0000089378732	-0.0000063676557	0.28908821	0.41100228	30.406239
-0.0000089391843	-0.0000063685898	0.28913359	0.41105656	30.410699
-0.0000089404943	-0.0000063695231	0.28917894	0.41111079	30.415156
-0.0000089418033	-0.0000063704557	0.28922425	0.41116498	30.419609
-0.0000089431111	-0.0000063713875	0.28926952	0.41121912	30.424058
-0.000008944418	-0.0000063723185	0.28931476	0.41127322	30.428504
-0.0000089457237	-0.0000063732487	0.28935996	0.41132727	30.432946
-0.0000089470284	-0.0000063741782	0.28940513	0.41138128	30.437384
-0.000008948332	-0.000006375107	0.28945026	0.41143524	30.441819
-0.0000089496345	-0.000006376035	0.28949535	0.41148916	30.44625
-0.000008950936	-0.0000063769622	0.28954041	0.41154303	30.450678
-0.0000089522364	-0.0000063778886	0.28958543	0.41159685	30.455102
-0.0000089535357	-0.0000063788143	0.28963042	0.41165063	30.459522
-0.000008954834	-0.0000063797392	0.28967537	0.41170437	30.463939
-0.0000089561312	-0.0000063806634	0.28972029	0.41175806	30.468352
-0.0000089574273	-0.0000063815868	0.28976517	0.4118117	30.472761
-0.0000089587223	-0.0000063825094	0.28981001	0.4118653	30.477167
-0.0000089600163	-0.0000063834313	0.28985482	0.41191885	30.481569
-0.0000089613092	-0.0000063843524	0.28989959	0.41197236	30.485967
-0.000008962601	-0.0000063852727	0.28994432	0.41202582	30.490362
-0.0000089638918	-0.0000063861923	0.28998902	0.41207924	30.494753
-0.0000089651814	-0.0000063871111	0.29003369	0.41213261	30.49914
-0.0000089664701	-0.0000063880292	0.29007832	0.41218594	30.503524
-0.0000089677576	-0.0000063889465	0.29012291	0.41223922	30.507904
-0.0000089690441	-0.000006389863	0.29016747	0.41229246	30.512281
-0.0000089703295	-0.0000063907788	0.29021199	0.41234565	30.516654
-0.0000089716138	-0.0000063916937	0.29025647	0.41239879	30.521023
-0.000008972897	-0.000006392608	0.29030092	0.41245189	30.525388
-0.0000089741792	-0.0000063935214	0.29034533	0.41250495	30.52975
-0.0000089754603	-0.0000063944342	0.29038971	0.41255795	30.534109
-0.0000089767403	-0.0000063953461	0.29043405	0.41261092	30.538463
-0.0000089780193	-0.0000063962573	0.29047835	0.41266384	30.542814
-0.0000089792972	-0.0000063971677	0.29052262	0.41271671	30.547161
-0.000008980574	-0.0000063980773	0.29056686	0.41276954	30.551505
-0.0000089818497	-0.0000063989862	0.29061105	0.41282232	30.555845
-0.0000089831244	-0.0000063998943	0.29065521	0.41287506	30.560181
-0.000008984398	-0.0000064008017	0.29069934	0.41292775	30.564514
-0.0000089856705	-0.0000064017083	0.29074343	0.41298039	30.568843
-0.000008986942	-0.0000064026141	0.29078748	0.413033	30.573169
-0.0000089882124	-0.0000064035192	0.2908315	0.41308555	30.57749
-0.0000089894817	-0.0000064044234	0.29087548	0.41313806	30.581809
-0.0000089907499	-0.000006405327	0.29091942	0.41319053	30.586123
-0.000008992017	-0.0000064062297	0.29096333	0.41324294	30.590434
-0.0000089932831	-0.0000064071317	0.2910072	0.41329532	30.594741
-0.0000089945481	-0.000006408033	0.29105104	0.41334765	30.599044
-0.000008995812	-0.0000064089334	0.29109484	0.41339993	30.603344
-0.0000089970749	-0.0000064098331	0.2911386	0.41345217	30.60764
-0.0000089983367	-0.0000064107321	0.29118233	0.41350436	30.611933
-0.0000089995974	-0.0000064116302	0.29122602	0.41355651	30.616222
-0.000009000857	-0.0000064125277	0.29126968	0.41360861	30.620507
-0.0000090021156	-0.0000064134243	0.2913133	0.41366067	30.624789
-0.0000090033731	-0.0000064143202	0.29135688	0.41371268	30.629066
-0.0000090046295	-0.0000064152153	0.29140043	0.41376464	30.633341
-0.0000090058848	-0.0000064161096	0.29144394	0.41381656	30.637611
-0.0000090071391	-0.0000064170032	0.29148742	0.41386844	30.641878
-0.0000090083922	-0.000006417896	0.29153086	0.41392027	30.646141
-0.0000090096443	-0.0000064187881	0.29157426	0.41397205	30.650401
-0.0000090108954	-0.0000064196793	0.29161763	0.41402379	30.654657
-0.0000090121453	-0.0000064205699	0.29166096	0.41407548	30.658909
-0.0000090133942	-0.0000064214596	0.29170425	0.41412713	30.663158
-0.000009014642	-0.0000064223486	0.29174751	0.41417873	30.667403
-0.0000090158888	-0.0000064232368	0.29179074	0.41423029	30.671644
-0.0000090171344	-0.0000064241242	0.29183392	0.4142818	30.675882
-0.000009018379	-0.0000064250109	0.29187707	0.41433327	30.680116
-0.0000090196225	-0.0000064258968	0.29192019	0.41438469	30.684346
-0.0000090208649	-0.000006426782	0.29196327	0.41443606	30.688573
-0.0000090221063	-0.0000064276664	0.29200631	0.41448739	30.692796
-0.0000090233466	-0.00000642855	0.29204931	0.41453868	30.697015
-0.0000090245858	-0.0000064294328	0.29209228	0.41458992	30.701231
-0.0000090258239	-0.0000064303149	0.29213522	0.41464111	30.705443
-0.0000090270609	-0.0000064311962	0.29217811	0.41469226	30.709652
-0.0000090282969	-0.0000064320768	0.29222097	0.41474336	30.713856
-0.0000090295318	-0.0000064329566	0.2922638	0.41479442	30.718057
-0.0000090307656	-0.0000064338356	0.29230659	0.41484543	30.722255
-0.0000090319984	-0.0000064347138	0.29234934	0.4148964	30.726448
-0.00000903323	-0.0000064355913	0.29239205	0.41494732	30.730638
-0.0000090344606	-0.000006436468	0.29243473	0.4149982	30.734825
-0.0000090356901	-0.000006437344	0.29247738	0.41504903	30.739008
-0.0000090369186	-0.0000064382192	0.29251999	0.41509981	30.743187
-0.0000090381459	-0.0000064390936	0.29256256	0.41515055	30.747362
-0.0000090393722	-0.0000064399672	0.29260509	0.41520125	30.751534
-0.0000090405974	-0.0000064408401	0.29264759	0.41525189	30.755702
-0.0000090418215	-0.0000064417122	0.29269005	0.4153025	30.759866
-0.0000090430446	-0.0000064425836	0.29273248	0.41535306	30.764027
-0.0000090442666	-0.0000064434541	0.29277487	0.41540357	30.768184
-0.0000090454875	-0.000006444324	0.29281722	0.41545404	30.772338
-0.0000090467073	-0.000006445193	0.29285954	0.41550446	30.776487
-0.000009047926	-0.0000064460613	0.29290182	0.41555484	30.780634
-0.0000090491437	-0.0000064469288	0.29294406	0.41560517	30.784776
-0.0000090503603	-0.0000064477955	0.29298627	0.41565545	30.788915
-0.0000090515758	-0.0000064486615	0.29302844	0.41570569	30.79305
-0.0000090527902	-0.0000064495267	0.29307058	0.41575589	30.797181
-0.0000090540036	-0.0000064503911	0.29311268	0.41580604	30.801309
-0.0000090552158	-0.0000064512548	0.29315474	0.41585614	30.805433
-0.000009056427	-0.0000064521177	0.29319677	0.4159062	30.809554
-0.0000090576372	-0.0000064529798	0.29323876	0.41595621	30.81367
-0.0000090588462	-0.0000064538412	0.29328071	0.41600618	30.817784
-0.0000090600542	-0.0000064547018	0.29332263	0.4160561	30.821893
-0.0000090612611	-0.0000064555616	0.29336451	0.41610598	30.825999
-0.0000090624669	-0.0000064564207	0.29340636	0.41615581	30.830101
-0.0000090636716	-0.000006457279	0.29344817	0.4162056	30.834199
-0.0000090648752	-0.0000064581365	0.29348994	0.41625534	30.838294
-0.0000090660778	-0.0000064589933	0.29353168	0.41630504	30.842385
-0.0000090672793	-0.0000064598492	0.29357338	0.41635469	30.846473
-0.0000090684797	-0.0000064607045	0.29361504	0.41640429	30.850556
-0.0000090696791	-0.0000064615589	0.29365667	0.41645385	30.854637
-0.0000090708773	-0.0000064624126	0.29369826	0.41650336	30.858713
-0.0000090720745	-0.0000064632655	0.29373981	0.41655283	30.862786
-0.0000090732706	-0.0000064641177	0.29378133	0.41660226	30.866855
-0.0000090744657	-0.000006464969	0.29382281	0.41665163	30.87092
-0.0000090756596	-0.0000064658197	0.29386426	0.41670097	30.874982
-0.0000090768525	-0.0000064666695	0.29390566	0.41675025	30.87904
-0.0000090780443	-0.0000064675186	0.29394704	0.41679949	30.883094
-0.000009079235	-0.0000064683669	0.29398837	0.41684869	30.887145
-0.0000090804246	-0.0000064692144	0.29402967	0.41689784	30.891192
-0.0000090816132	-0.0000064700612	0.29407093	0.41694695	30.895236
-0.0000090828006	-0.0000064709072	0.29411216	0.41699601	30.899275
-0.000009083987	-0.0000064717524	0.29415335	0.41704502	30.903312
-0.0000090851723	-0.0000064725969	0.29419451	0.41709399	30.907344
-0.0000090863566	-0.0000064734406	0.29423562	0.41714292	30.911373
-0.0000090875397	-0.0000064742835	0.2942767	0.41719179	30.915398
-0.0000090887218	-0.0000064751256	0.29431775	0.41724063	30.919419
-0.0000090899028	-0.000006475967	0.29435876	0.41728941	30.923437
-0.0000090910827	-0.0000064768076	0.29439973	0.41733816	30.927451
-0.0000090922616	-0.0000064776475	0.29444066	0.41738685	30.931461
-0.0000090934394	-0.0000064784866	0.29448156	0.41743551	30.935468
-0.000009094616	-0.0000064793249	0.29452242	0.41748411	30.939471
-0.0000090957916	-0.0000064801624	0.29456325	0.41753267	30.94347
-0.0000090969662	-0.0000064809992	0.29460404	0.41758119	30.947466
-0.0000090981396	-0.0000064818352	0.29464479	0.41762966	30.951458
-0.000009099312	-0.0000064826704	0.29468551	0.41767808	30.955446
-0.0000091004833	-0.0000064835049	0.29472619	0.41772646	30.959431
-0.0000091016535	-0.0000064843386	0.29476683	0.4177748	30.963412
-0.0000091028226	-0.0000064851715	0.29480744	0.41782308	30.967389
-0.0000091039907	-0.0000064860037	0.29484801	0.41787133	30.971363
-0.0000091051576	-0.0000064868351	0.29488854	0.41791953	30.975333
-0.0000091063235	-0.0000064876657	0.29492904	0.41796768	30.979299
-0.0000091074883	-0.0000064884956	0.2949695	0.41801578	30.983262
-0.0000091086521	-0.0000064893246	0.29500993	0.41806385	30.987221
-0.0000091098147	-0.000006490153	0.29505032	0.41811186	30.991176
-0.0000091109763	-0.0000064909805	0.29509067	0.41815983	30.995128
-0.0000091121368	-0.0000064918073	0.29513098	0.41820776	30.999076
-0.0000091132962	-0.0000064926333	0.29517126	0.41825564	31.00302
-0.0000091144545	-0.0000064934585	0.2952115	0.41830347	31.006961
-0.0000091156118	-0.000006494283	0.29525171	0.41835126	31.010897
-0.000009116768	-0.0000064951067	0.29529188	0.41839901	31.014831
-0.000009117923	-0.0000064959296	0.29533201	0.41844671	31.01876
-0.0000091190771	-0.0000064967518	0.29537211	0.41849436	31.022686
-0.00000912023	-0.0000064975732	0.29541217	0.41854197	31.026608
-0.0000091213819	-0.0000064983938	0.29545219	0.41858953	31.030527
-0.0000091225326	-0.0000064992136	0.29549217	0.41863705	31.034442
-0.0000091236823	-0.0000065000327	0.29553212	0.41868452	31.038353
-0.0000091248309	-0.000006500851	0.29557204	0.41873195	31.042261
-0.0000091259785	-0.0000065016686	0.29561191	0.41877933	31.046165
-0.0000091271249	-0.0000065024854	0.29565175	0.41882666	31.050065
-0.0000091282703	-0.0000065033014	0.29569156	0.41887395	31.053961
-0.0000091294146	-0.0000065041166	0.29573133	0.4189212	31.057854
-0.0000091305578	-0.0000065049311	0.29577106	0.4189684	31.061743
-0.0000091317	-0.0000065057448	0.29581075	0.41901555	31.065629
-0.000009132841	-0.0000065065577	0.29585041	0.41906266	31.069511
-0.000009133981	-0.0000065073699	0.29589003	0.41910973	31.073389
-0.0000091351199	-0.0000065081813	0.29592961	0.41915675	31.077263
-0.0000091362577	-0.0000065089919	0.29596916	0.41920372	31.081134
-0.0000091373944	-0.0000065098017	0.29600867	0.41925065	31.085001
-0.0000091385301	-0.0000065106108	0.29604815	0.41929753	31.088865
-0.0000091396647	-0.0000065114191	0.29608758	0.41934437	31.092724
-0.0000091407982	-0.0000065122267	0.29612698	0.41939116	31.09658
-0.0000091419306	-0.0000065130334	0.29616635	0.41943791	31.100433
-0.0000091430619	-0.0000065138394	0.29620568	0.41948461	31.104282
-0.0000091441922	-0.0000065146447	0.29624497	0.41953126	31.108127
-0.0000091453214	-0.0000065154491	0.29628422	0.41957787	31.111968
-0.0000091464495	-0.0000065162528	0.29632344	0.41962444	31.115806
-0.0000091475765	-0.0000065170558	0.29636262	0.41967096	31.11964
-0.0000091487024	-0.0000065178579	0.29640177	0.41971744	31.12347
-0.0000091498273	-0.0000065186593	0.29644088	0.41976386	31.127297
-0.0000091509511	-0.0000065194599	0.29647995	0.41981025	31.13112
-0.0000091520738	-0.0000065202598	0.29651899	0.41985659	31.134939
-0.0000091531954	-0.0000065210589	0.29655798	0.41990288	31.138755
-0.0000091543159	-0.0000065218572	0.29659695	0.41994913	31.142567
-0.0000091554354	-0.0000065226547	0.29663587	0.41999533	31.146376
-0.0000091565537	-0.0000065234515	0.29667476	0.42004149	31.15018
-0.000009157671	-0.0000065242475	0.29671361	0.4200876	31.153981
-0.0000091587873	-0.0000065250427	0.29675243	0.42013367	31.157779
-0.0000091599024	-0.0000065258372	0.29679121	0.42017969	31.161572
-0.0000091610165	-0.0000065266309	0.29682995	0.42022567	31.165362
-0.0000091621294	-0.0000065274238	0.29686866	0.4202716	31.169148
-0.0000091632413	-0.000006528216	0.29690732	0.42031749	31.172931
-0.0000091643522	-0.0000065290074	0.29694596	0.42036333	31.17671
-0.0000091654619	-0.000006529798	0.29698455	0.42040912	31.180485
-0.0000091665706	-0.0000065305878	0.29702311	0.42045487	31.184257
-0.0000091676781	-0.0000065313769	0.29706164	0.42050058	31.188025
-0.0000091687846	-0.0000065321652	0.29710012	0.42054624	31.191789
-0.00000916989	-0.0000065329527	0.29713857	0.42059185	31.19555
-0.0000091709944	-0.0000065337395	0.29717698	0.42063742	31.199307
-0.0000091720976	-0.0000065345255	0.29721536	0.42068295	31.20306
-0.0000091731998	-0.0000065353107	0.2972537	0.42072843	31.206809
-0.0000091743009	-0.0000065360952	0.297292	0.42077386	31.210555
-0.000009175401	-0.0000065368789	0.29733027	0.42081925	31.214298
-0.0000091764999	-0.0000065376618	0.2973685	0.42086459	31.218036
-0.0000091775978	-0.000006538444	0.29740669	0.42090989	31.221771
-0.0000091786945	-0.0000065392254	0.29744485	0.42095514	31.225502
-0.0000091797902	-0.000006540006	0.29748296	0.42100035	31.22923
-0.0000091808849	-0.0000065407858	0.29752105	0.42104551	31.232954
-0.0000091819784	-0.0000065415649	0.29755909	0.42109063	31.236674
-0.0000091830709	-0.0000065423432	0.2975971	0.4211357	31.24039
-0.0000091841623	-0.0000065431208	0.29763508	0.42118073	31.244103
-0.0000091852526	-0.0000065438975	0.29767301	0.42122571	31.247812
-0.0000091863418	-0.0000065446735	0.29771091	0.42127064	31.251518
-0.0000091874299	-0.0000065454488	0.29774877	0.42131553	31.25522
-0.000009188517	-0.0000065462232	0.2977866	0.42136038	31.258918
-0.000009189603	-0.0000065469969	0.29782439	0.42140518	31.262612
-0.0000091906879	-0.0000065477699	0.29786214	0.42144994	31.266303
-0.0000091917717	-0.000006548542	0.29789986	0.42149465	31.26999
-0.0000091928545	-0.0000065493134	0.29793754	0.42153931	31.273674
-0.0000091939361	-0.000006550084	0.29797518	0.42158393	31.277353
-0.0000091950167	-0.0000065508539	0.29801279	0.4216285	31.28103
-0.0000091960962	-0.000006551623	0.29805036	0.42167303	31.284702
-0.0000091971747	-0.0000065523913	0.29808789	0.42171752	31.288371
-0.000009198252	-0.0000065531588	0.29812538	0.42176196	31.292036
-0.0000091993283	-0.0000065539256	0.29816284	0.42180635	31.295697
-0.0000092004035	-0.0000065546916	0.29820027	0.4218507	31.299355
-0.0000092014776	-0.0000065554568	0.29823765	0.421895	31.303009
-0.0000092025506	-0.0000065562213	0.298275	0.42193926	31.30666
-0.0000092036226	-0.000006556985	0.29831231	0.42198348	31.310306
-0.0000092046935	-0.0000065577479	0.29834959	0.42202764	31.313949
-0.0000092057633	-0.0000065585101	0.29838683	0.42207177	31.317589
-0.000009206832	-0.0000065592715	0.29842403	0.42211584	31.321225
-0.0000092078996	-0.0000065600321	0.2984612	0.42215988	31.324857
-0.0000092089662	-0.000006560792	0.29849832	0.42220386	31.328485
-0.0000092100317	-0.0000065615511	0.29853542	0.42224781	31.33211
-0.0000092110961	-0.0000065623094	0.29857247	0.4222917	31.335731
-0.0000092121594	-0.0000065630669	0.29860949	0.42233556	31.339348
-0.0000092132217	-0.0000065638237	0.29864647	0.42237936	31.342962
-0.0000092142828	-0.0000065645797	0.29868342	0.42242312	31.346572
-0.0000092153429	-0.000006565335	0.29872033	0.42246684	31.350178
-0.0000092164019	-0.0000065660895	0.2987572	0.42251051	31.353781
-0.0000092174599	-0.0000065668432	0.29879403	0.42255414	31.35738
-0.0000092185167	-0.0000065675961	0.29883083	0.42259772	31.360975
-0.0000092195725	-0.0000065683483	0.2988676	0.42264126	31.364567
-0.0000092206272	-0.0000065690997	0.29890432	0.42268475	31.368155
-0.0000092216808	-0.0000065698503	0.29894101	0.4227282	31.37174
-0.0000092227334	-0.0000065706002	0.29897766	0.4227716	31.37532
-0.0000092237849	-0.0000065713493	0.29901428	0.42281495	31.378897
-0.0000092248352	-0.0000065720976	0.29905085	0.42285826	31.382471
-0.0000092258845	-0.0000065728452	0.2990874	0.42290153	31.38604
-0.0000092269328	-0.000006573592	0.2991239	0.42294475	31.389606
-0.0000092279799	-0.000006574338	0.29916037	0.42298793	31.393169
-0.000009229026	-0.0000065750833	0.2991968	0.42303106	31.396728
-0.000009230071	-0.0000065758278	0.2992332	0.42307414	31.400283
-0.0000092311149	-0.0000065765715	0.29926955	0.42311718	31.403834
-0.0000092321578	-0.0000065773145	0.29930587	0.42316018	31.407382
-0.0000092331995	-0.0000065780567	0.29934216	0.42320313	31.410926
-0.0000092342402	-0.0000065787981	0.29937841	0.42324603	31.414466
-0.0000092352798	-0.0000065795387	0.29941462	0.4232889	31.418003
-0.0000092363184	-0.0000065802786	0.29945079	0.42333171	31.421536
-0.0000092373558	-0.0000065810177	0.29948693	0.42337448	31.425065
-0.0000092383922	-0.0000065817561	0.29952303	0.42341721	31.428591
-0.0000092394275	-0.0000065824937	0.2995591	0.42345989	31.432113
-0.0000092404617	-0.0000065832305	0.29959512	0.42350252	31.435631
-0.0000092414949	-0.0000065839666	0.29963111	0.42354511	31.439146
-0.000009242527	-0.0000065847018	0.29966707	0.42358766	31.442657
-0.0000092435579	-0.0000065854364	0.29970299	0.42363016	31.446165
-0.0000092445879	-0.0000065861701	0.29973887	0.42367261	31.449668
-0.0000092456167	-0.0000065869031	0.29977471	0.42371502	31.453168
-0.0000092466445	-0.0000065876353	0.29981052	0.42375739	31.456665
-0.0000092476712	-0.0000065883667	0.29984629	0.42379971	31.460157
-0.0000092486968	-0.0000065890974	0.29988202	0.42384199	31.463647
-0.0000092497213	-0.0000065898273	0.29991772	0.42388422	31.467132
-0.0000092507448	-0.0000065905565	0.29995338	0.4239264	31.470614
-0.0000092517671	-0.0000065912849	0.29998901	0.42396854	31.474092
-0.0000092527884	-0.0000065920125	0.30002459	0.42401064	31.477566
-0.0000092538087	-0.0000065927393	0.30006014	0.42405269	31.481037
-0.0000092548278	-0.0000065934654	0.30009566	0.4240947	31.484504
-0.0000092558459	-0.0000065941907	0.30013113	0.42413666	31.487968
-0.0000092568629	-0.0000065949153	0.30016657	0.42417857	31.491427
-0.0000092578788	-0.000006595639	0.30020198	0.42422044	31.494884
-0.0000092588937	-0.0000065963621	0.30023734	0.42426227	31.498336
-0.0000092599074	-0.0000065970843	0.30027267	0.42430405	31.501785
-0.0000092609201	-0.0000065978058	0.30030797	0.42434579	31.50523
-0.0000092619318	-0.0000065985265	0.30034322	0.42438748	31.508671
-0.0000092629423	-0.0000065992465	0.30037844	0.42442913	31.512109
-0.0000092639518	-0.0000065999656	0.30041363	0.42447073	31.515543
-0.0000092649602	-0.000006600684	0.30044877	0.42451228	31.518974
-0.0000092659675	-0.0000066014017	0.30048388	0.4245538	31.522401
-0.0000092669737	-0.0000066021186	0.30051896	0.42459526	31.525824
-0.0000092679789	-0.0000066028347	0.30055399	0.42463668	31.529244
-0.000009268983	-0.0000066035501	0.30058899	0.42467806	31.532659
-0.000009269986	-0.0000066042646	0.30062396	0.42471939	31.536072
-0.000009270988	-0.0000066049785	0.30065888	0.42476068	31.53948
-0.0000092719888	-0.0000066056915	0.30069377	0.42480192	31.542885
-0.0000092729886	-0.0000066064038	0.30072862	0.42484312	31.546286
-0.0000092739874	-0.0000066071153	0.30076344	0.42488428	31.549684
-0.000009274985	-0.0000066078261	0.30079822	0.42492538	31.553078
-0.0000092759816	-0.0000066085361	0.30083296	0.42496645	31.556468
-0.0000092769771	-0.0000066092453	0.30086767	0.42500747	31.559855
-0.0000092779715	-0.0000066099538	0.30090234	0.42504844	31.563238
-0.0000092789648	-0.0000066106615	0.30093697	0.42508937	31.566617
-0.0000092799571	-0.0000066113684	0.30097157	0.42513025	31.569993
-0.0000092809483	-0.0000066120746	0.30100613	0.42517109	31.573365
-0.0000092819385	-0.00000661278	0.30104065	0.42521189	31.576733
-0.0000092829275	-0.0000066134846	0.30107513	0.42525264	31.580098
-0.0000092839155	-0.0000066141885	0.30110958	0.42529334	31.583459
-0.0000092849024	-0.0000066148916	0.301144	0.425334	31.586816
-0.0000092858882	-0.0000066155939	0.30117837	0.42537462	31.59017
-0.000009286873	-0.0000066162955	0.30121271	0.42541519	31.59352
-0.0000092878567	-0.0000066169963	0.30124701	0.42545571	31.596867
-0.0000092888393	-0.0000066176964	0.30128128	0.4254962	31.60021
-0.0000092898208	-0.0000066183957	0.30131551	0.42553663	31.603549
-0.0000092908013	-0.0000066190942	0.3013497	0.42557702	31.606884
-0.0000092917807	-0.0000066197919	0.30138386	0.42561737	31.610216
-0.000009292759	-0.0000066204889	0.30141797	0.42565767	31.613544
-0.0000092937363	-0.0000066211852	0.30145206	0.42569793	31.616869
-0.0000092947125	-0.0000066218806	0.3014861	0.42573814	31.62019
-0.0000092956876	-0.0000066225753	0.30152011	0.42577831	31.623507
-0.0000092966616	-0.0000066232693	0.30155408	0.42581844	31.626821
-0.0000092976346	-0.0000066239624	0.30158802	0.42585851	31.630131
-0.0000092986064	-0.0000066246548	0.30162192	0.42589855	31.633437
-0.0000092995773	-0.0000066253465	0.30165578	0.42593854	31.63674
-0.000009300547	-0.0000066260374	0.30168961	0.42597848	31.640039
-0.0000093015157	-0.0000066267275	0.3017234	0.42601838	31.643334
-0.0000093024833	-0.0000066274168	0.30175715	0.42605824	31.646626
-0.0000093034498	-0.0000066281054	0.30179086	0.42609805	31.649914
-0.0000093044153	-0.0000066287933	0.30182454	0.42613782	31.653198
-0.0000093053797	-0.0000066294803	0.30185818	0.42617754	31.656479
-0.000009306343	-0.0000066301666	0.30189179	0.42621721	31.659756
-0.0000093073052	-0.0000066308522	0.30192536	0.42625685	31.66303
-0.0000093082664	-0.0000066315369	0.30195889	0.42629643	31.6663
-0.0000093092265	-0.000006632221	0.30199239	0.42633598	31.669566
-0.0000093101856	-0.0000066329042	0.30202585	0.42637548	31.672829
-0.0000093111435	-0.0000066335867	0.30205927	0.42641493	31.676088
-0.0000093121004	-0.0000066342684	0.30209265	0.42645434	31.679343
-0.0000093130562	-0.0000066349494	0.302126	0.4264937	31.682595
-0.000009314011	-0.0000066356296	0.30215931	0.42653302	31.685843
-0.0000093149647	-0.000006636309	0.30219259	0.4265723	31.689087
-0.0000093159173	-0.0000066369877	0.30222583	0.42661153	31.692328
-0.0000093168688	-0.0000066376656	0.30225903	0.42665072	31.695565
-0.0000093178193	-0.0000066383428	0.3022922	0.42668986	31.698798
-0.0000093187687	-0.0000066390191	0.30232533	0.42672896	31.702028
-0.000009319717	-0.0000066396948	0.30235842	0.42676801	31.705254
-0.0000093206643	-0.0000066403696	0.30239148	0.42680702	31.708477
-0.0000093216105	-0.0000066410437	0.3024245	0.42684598	31.711696
-0.0000093225556	-0.0000066417171	0.30245748	0.4268849	31.714911
-0.0000093234997	-0.0000066423897	0.30249042	0.42692377	31.718123
-0.0000093244427	-0.0000066430615	0.30252333	0.4269626	31.721331
-0.0000093253846	-0.0000066437325	0.30255621	0.42700139	31.724535
-0.0000093263255	-0.0000066444028	0.30258904	0.42704013	31.727736
-0.0000093272652	-0.0000066450724	0.30262184	0.42707883	31.730933
-0.000009328204	-0.0000066457412	0.30265461	0.42711748	31.734126
-0.0000093291416	-0.0000066464092	0.30268733	0.42715609	31.737316
-0.0000093300782	-0.0000066470764	0.30272002	0.42719465	31.740502
-0.0000093310137	-0.0000066477429	0.30275267	0.42723317	31.743685
-0.0000093319482	-0.0000066484086	0.30278529	0.42727165	31.746864
-0.0000093328815	-0.0000066490736	0.30281787	0.42731008	31.750039
-0.0000093338138	-0.0000066497378	0.30285041	0.42734846	31.753211
-0.0000093347451	-0.0000066504013	0.30288292	0.4273868	31.756379
-0.0000093356753	-0.000006651064	0.30291539	0.4274251	31.759543
-0.0000093366044	-0.0000066517259	0.30294783	0.42746335	31.762704
-0.0000093375324	-0.0000066523871	0.30298022	0.42750156	31.765861
-0.0000093384594	-0.0000066530475	0.30301258	0.42753972	31.769015
-0.0000093393853	-0.0000066537071	0.30304491	0.42757784	31.772165
-0.0000093403101	-0.000006654366	0.30307719	0.42761592	31.775311
-0.0000093412339	-0.0000066550242	0.30310944	0.42765395	31.778454
-0.0000093421566	-0.0000066556815	0.30314166	0.42769194	31.781593
-0.0000093430783	-0.0000066563381	0.30317384	0.42772988	31.784728
-0.0000093439989	-0.000006656994	0.30320598	0.42776777	31.78786
-0.0000093449184	-0.0000066576491	0.30323808	0.42780563	31.790988
-0.0000093458368	-0.0000066583034	0.30327015	0.42784344	31.794113
-0.0000093467542	-0.000006658957	0.30330218	0.4278812	31.797234
-0.0000093476705	-0.0000066596098	0.30333418	0.42791892	31.800351
-0.0000093485858	-0.0000066602619	0.30336613	0.4279566	31.803464
-0.0000093495	-0.0000066609132	0.30339806	0.42799423	31.806574
-0.0000093504131	-0.0000066615637	0.30342994	0.42803182	31.809681
-0.0000093513252	-0.0000066622135	0.30346179	0.42806936	31.812784
-0.0000093522361	-0.0000066628625	0.3034936	0.42810686	31.815883
-0.0000093531461	-0.0000066635108	0.30352538	0.42814431	31.818978
-0.0000093540549	-0.0000066641583	0.30355712	0.42818172	31.82207
-0.0000093549627	-0.0000066648051	0.30358882	0.42821909	31.825159
-0.0000093558695	-0.000006665451	0.30362049	0.42825641	31.828243
-0.0000093567752	-0.0000066660963	0.30365212	0.42829369	31.831324
-0.0000093576798	-0.0000066667408	0.30368371	0.42833092	31.834402
-0.0000093585833	-0.0000066673845	0.30371526	0.42836811	31.837476
-0.0000093594858	-0.0000066680274	0.30374678	0.42840526	31.840546
-0.0000093603872	-0.0000066686696	0.30377827	0.42844236	31.843612
-0.0000093612876	-0.0000066693111	0.30380972	0.42847941	31.846675
-0.0000093621869	-0.0000066699518	0.30384113	0.42851643	31.849735
-0.0000093630851	-0.0000066705917	0.3038725	0.42855339	31.852791
-0.0000093639823	-0.0000066712309	0.30390384	0.42859032	31.855843
-0.0000093648784	-0.0000066718693	0.30393514	0.4286272	31.858891
-0.0000093657735	-0.000006672507	0.3039664	0.42866403	31.861936
-0.0000093666674	-0.0000066731439	0.30399763	0.42870083	31.864977
-0.0000093675604	-0.00000667378	0.30402882	0.42873757	31.868015
-0.0000093684522	-0.0000066744154	0.30405998	0.42877428	31.871049
-0.000009369343	-0.0000066750501	0.3040911	0.42881094	31.87408
-0.0000093702328	-0.000006675684	0.30412218	0.42884755	31.877107
-0.0000093711215	-0.0000066763171	0.30415322	0.42888412	31.88013
-0.0000093720091	-0.0000066769495	0.30418423	0.42892065	31.883149
-0.0000093728956	-0.0000066775811	0.30421521	0.42895713	31.886166
-0.0000093737811	-0.0000066782119	0.30424614	0.42899357	31.889178
-0.0000093746656	-0.000006678842	0.30427704	0.42902997	31.892187
-0.000009375549	-0.0000066794714	0.30430791	0.42906632	31.895192
-0.0000093764313	-0.0000066801	0.30433873	0.42910262	31.898194
-0.0000093773125	-0.0000066807278	0.30436953	0.42913889	31.901192
-0.0000093781927	-0.0000066813549	0.30440028	0.42917511	31.904186
-0.0000093790719	-0.0000066819812	0.304431	0.42921128	31.907177
-0.00000937995	-0.0000066826068	0.30446168	0.42924741	31.910164
-0.000009380827	-0.0000066832316	0.30449232	0.4292835	31.913148
-0.0000093817029	-0.0000066838557	0.30452293	0.42931954	31.916128
-0.0000093825779	-0.000006684479	0.3045535	0.42935554	31.919104
-0.0000093834517	-0.0000066851016	0.30458404	0.42939149	31.922077
-0.0000093843245	-0.0000066857234	0.30461454	0.4294274	31.925046
-0.0000093851962	-0.0000066863444	0.304645	0.42946327	31.928012
-0.0000093860669	-0.0000066869647	0.30467543	0.42949909	31.930974
-0.0000093869365	-0.0000066875843	0.30470582	0.42953487	31.933932
-0.0000093878051	-0.0000066882031	0.30473617	0.42957061	31.936887
-0.0000093886726	-0.0000066888211	0.30476649	0.4296063	31.939838
-0.000009389539	-0.0000066894384	0.30479677	0.42964195	31.942785
-0.0000093904044	-0.0000066900549	0.30482702	0.42967755	31.94573
-0.0000093912687	-0.0000066906707	0.30485723	0.42971311	31.94867
-0.000009392132	-0.0000066912857	0.3048874	0.42974863	31.951607
-0.0000093929942	-0.0000066919	0.30491753	0.4297841	31.95454
-0.0000093938554	-0.0000066925135	0.30494763	0.42981953	31.95747
-0.0000093947155	-0.0000066931263	0.3049777	0.42985491	31.960396
-0.0000093955745	-0.0000066937383	0.30500772	0.42989025	31.963318
-0.0000093964325	-0.0000066943496	0.30503771	0.42992555	31.966237
-0.0000093972895	-0.0000066949601	0.30506767	0.4299608	31.969152
-0.0000093981454	-0.0000066955699	0.30509759	0.42999601	31.972064
-0.0000093990002	-0.0000066961789	0.30512747	0.43003117	31.974972
-0.000009399854	-0.0000066967871	0.30515731	0.43006629	31.977876
-0.0000094007067	-0.0000066973946	0.30518712	0.43010137	31.980777
-0.0000094015583	-0.0000066980014	0.30521689	0.43013641	31.983675
-0.000009402409	-0.0000066986074	0.30524663	0.4301714	31.986568
-0.0000094032585	-0.0000066992127	0.30527633	0.43020634	31.989459
-0.000009404107	-0.0000066998172	0.30530599	0.43024124	31.992345
-0.0000094049545	-0.0000067004209	0.30533562	0.4302761	31.995228
-0.0000094058009	-0.0000067010239	0.30536521	0.43031092	31.998108
-0.0000094066462	-0.0000067016262	0.30539477	0.43034569	32.000983
-0.0000094074905	-0.0000067022277	0.30542429	0.43038042	32.003856
-0.0000094083337	-0.0000067028284	0.30545377	0.4304151	32.006724
-0.0000094091759	-0.0000067034284	0.30548321	0.43044974	32.009589
-0.0000094100171	-0.0000067040277	0.30551262	0.43048434	32.012451
-0.0000094108571	-0.0000067046262	0.305542	0.43051889	32.015309
-0.0000094116962	-0.0000067052239	0.30557134	0.4305534	32.018163
-0.0000094125341	-0.000006705821	0.30560064	0.43058787	32.021014
-0.0000094133711	-0.0000067064172	0.3056299	0.43062229	32.023861
-0.000009414207	-0.0000067070127	0.30565913	0.43065667	32.026705
-0.0000094150418	-0.0000067076075	0.30568832	0.430691	32.029545
-0.0000094158756	-0.0000067082015	0.30571748	0.43072529	32.032381
-0.0000094167083	-0.0000067087947	0.3057466	0.43075954	32.035214
-0.00000941754	-0.0000067093873	0.30577568	0.43079375	32.038043
-0.0000094183706	-0.000006709979	0.30580473	0.43082791	32.040869
-0.0000094192001	-0.00000671057	0.30583374	0.43086202	32.043691
-0.0000094200287	-0.0000067111603	0.30586272	0.4308961	32.04651
-0.0000094208561	-0.0000067117498	0.30589166	0.43093013	32.049325
-0.0000094216826	-0.0000067123386	0.30592056	0.43096411	32.052136
-0.0000094225079	-0.0000067129266	0.30594943	0.43099806	32.054944
-0.0000094233323	-0.0000067135139	0.30597826	0.43103196	32.057749
-0.0000094241556	-0.0000067141005	0.30600705	0.43106581	32.060549
-0.0000094249778	-0.0000067146862	0.30603581	0.43109962	32.063347
-0.000009425799	-0.0000067152713	0.30606453	0.43113339	32.06614
-0.0000094266191	-0.0000067158556	0.30609322	0.43116712	32.06893
-0.0000094274382	-0.0000067164391	0.30612187	0.4312008	32.071717
-0.0000094282562	-0.0000067170219	0.30615048	0.43123444	32.0745
-0.0000094290732	-0.000006717604	0.30617906	0.43126804	32.077279
-0.0000094298892	-0.0000067181853	0.3062076	0.43130159	32.080055
-0.0000094307041	-0.0000067187658	0.30623611	0.4313351	32.082827
-0.0000094315179	-0.0000067193457	0.30626458	0.43136856	32.085596
-0.0000094323307	-0.0000067199247	0.30629301	0.43140198	32.088361
-0.0000094331425	-0.0000067205031	0.30632141	0.43143536	32.091123
-0.0000094339532	-0.0000067210806	0.30634977	0.4314687	32.093881
-0.0000094347629	-0.0000067216575	0.3063781	0.43150199	32.096635
-0.0000094355715	-0.0000067222336	0.30640638	0.43153524	32.099386
-0.0000094363791	-0.0000067228089	0.30643464	0.43156844	32.102133
-0.0000094371856	-0.0000067233835	0.30646285	0.4316016	32.104877
-0.0000094379911	-0.0000067239574	0.30649104	0.43163472	32.107617
-0.0000094387956	-0.0000067245305	0.30651918	0.4316678	32.110354
-0.000009439599	-0.0000067251029	0.30654729	0.43170083	32.113087
-0.0000094404013	-0.0000067256745	0.30657536	0.43173382	32.115817
-0.0000094412026	-0.0000067262454	0.3066034	0.43176676	32.118543
-0.0000094420029	-0.0000067268155	0.3066314	0.43179966	32.121265
-0.0000094428021	-0.0000067273849	0.30665936	0.43183252	32.123984
-0.0000094436003	-0.0000067279536	0.30668729	0.43186534	32.1267
-0.0000094443975	-0.0000067285215	0.30671519	0.43189811	32.129411
-0.0000094451936	-0.0000067290887	0.30674304	0.43193084	32.13212
-0.0000094459886	-0.0000067296551	0.30677086	0.43196353	32.134824
-0.0000094467826	-0.0000067302208	0.30679865	0.43199617	32.137526
-0.0000094475756	-0.0000067307857	0.3068264	0.43202877	32.140223
-0.0000094483675	-0.0000067313499	0.30685411	0.43206133	32.142917
-0.0000094491584	-0.0000067319134	0.30688179	0.43209384	32.145608
-0.0000094499483	-0.0000067324761	0.30690943	0.43212631	32.148295
-0.0000094507371	-0.0000067330381	0.30693704	0.43215874	32.150979
-0.0000094515249	-0.0000067335993	0.3069646	0.43219112	32.153659
-0.0000094523116	-0.0000067341598	0.30699214	0.43222346	32.156335
-0.0000094530973	-0.0000067347196	0.30701964	0.43225576	32.159008
-0.0000094538819	-0.0000067352786	0.3070471	0.43228802	32.161677
-0.0000094546655	-0.0000067358368	0.30707452	0.43232023	32.164343
-0.0000094554481	-0.0000067363944	0.30710191	0.4323524	32.167005
-0.0000094562297	-0.0000067369512	0.30712927	0.43238452	32.169664
-0.0000094570101	-0.0000067375072	0.30715658	0.43241661	32.172319
-0.0000094577896	-0.0000067380625	0.30718387	0.43244864	32.174971
-0.000009458568	-0.0000067386171	0.30721111	0.43248064	32.177619
-0.0000094593454	-0.0000067391709	0.30723832	0.4325126	32.180264
-0.0000094601217	-0.000006739724	0.3072655	0.43254451	32.182905
-0.0000094608971	-0.0000067402764	0.30729264	0.43257637	32.185542
-0.0000094616713	-0.000006740828	0.30731974	0.4326082	32.188176
-0.0000094624446	-0.0000067413789	0.30734681	0.43263998	32.190807
-0.0000094632168	-0.000006741929	0.30737384	0.43267172	32.193434
-0.0000094639879	-0.0000067424784	0.30740083	0.43270342	32.196057
-0.000009464758	-0.0000067430271	0.30742779	0.43273507	32.198677
-0.0000094655271	-0.000006743575	0.30745472	0.43276668	32.201294
-0.0000094662952	-0.0000067441222	0.3074816	0.43279825	32.203907
-0.0000094670622	-0.0000067446687	0.30750846	0.43282977	32.206516
-0.0000094678282	-0.0000067452144	0.30753527	0.43286125	32.209122
-0.0000094685931	-0.0000067457593	0.30756205	0.43289269	32.211724
-0.000009469357	-0.0000067463036	0.3075888	0.43292409	32.214323
-0.0000094701199	-0.0000067468471	0.30761551	0.43295544	32.216918
-0.0000094708818	-0.0000067473899	0.30764218	0.43298675	32.21951
-0.0000094716426	-0.0000067479319	0.30766882	0.43301802	32.222098
-0.0000094724024	-0.0000067484732	0.30769542	0.43304925	32.224683
-0.0000094731611	-0.0000067490137	0.30772199	0.43308043	32.227264
-0.0000094739188	-0.0000067495536	0.30774852	0.43311157	32.229842
-0.0000094746755	-0.0000067500926	0.30777501	0.43314266	32.232416
-0.0000094754312	-0.000006750631	0.30780147	0.43317372	32.234987
-0.0000094761858	-0.0000067511686	0.3078279	0.43320473	32.237554
-0.0000094769394	-0.0000067517055	0.30785428	0.4332357	32.240118
-0.0000094776919	-0.0000067522416	0.30788064	0.43326662	32.242678
-0.0000094784435	-0.0000067527771	0.30790695	0.43329751	32.245234
-0.0000094791939	-0.0000067533117	0.30793323	0.43332835	32.247788
-0.0000094799434	-0.0000067538457	0.30795948	0.43335915	32.250337
-0.0000094806918	-0.0000067543789	0.30798569	0.4333899	32.252883
-0.0000094814392	-0.0000067549114	0.30801186	0.43342062	32.255426
-0.0000094821856	-0.0000067554431	0.308038	0.43345129	32.257965
-0.000009482931	-0.0000067559741	0.3080641	0.43348191	32.260501
-0.0000094836753	-0.0000067565044	0.30809017	0.4335125	32.263033
-0.0000094844186	-0.0000067570339	0.3081162	0.43354304	32.265561
-0.0000094851608	-0.0000067575628	0.3081422	0.43357354	32.268087
-0.0000094859021	-0.0000067580908	0.30816816	0.433604	32.270608
-0.0000094866423	-0.0000067586182	0.30819408	0.43363441	32.273126
-0.0000094873814	-0.0000067591448	0.30821997	0.43366479	32.275641
-0.0000094881196	-0.0000067596707	0.30824583	0.43369512	32.278152
-0.0000094888567	-0.0000067601958	0.30827165	0.4337254	32.28066
-0.0000094895928	-0.0000067607203	0.30829743	0.43375565	32.283164
-0.0000094903279	-0.0000067612439	0.30832318	0.43378585	32.285665
-0.0000094910619	-0.0000067617669	0.30834889	0.43381601	32.288162
-0.0000094917949	-0.0000067622891	0.30837456	0.43384613	32.290656
-0.0000094925269	-0.0000067628106	0.3084002	0.4338762	32.293146
-0.0000094932579	-0.0000067633314	0.30842581	0.43390624	32.295632
-0.0000094939879	-0.0000067638514	0.30845138	0.43393623	32.298116
-0.0000094947168	-0.0000067643707	0.30847691	0.43396617	32.300595
-0.0000094954447	-0.0000067648893	0.30850241	0.43399608	32.303072
-0.0000094961715	-0.0000067654072	0.30852787	0.43402594	32.305545
-0.0000094968974	-0.0000067659243	0.3085533	0.43405576	32.308014
-0.0000094976222	-0.0000067664407	0.30857869	0.43408554	32.31048
-0.000009498346	-0.0000067669563	0.30860405	0.43411528	32.312942
-0.0000094990688	-0.0000067674713	0.30862937	0.43414497	32.315401
-0.0000094997905	-0.0000067679855	0.30865466	0.43417463	32.317856
-0.0000095005113	-0.000006768499	0.30867991	0.43420423	32.320308
-0.000009501231	-0.0000067690117	0.30870513	0.4342338	32.322757
-0.0000095019497	-0.0000067695237	0.30873031	0.43426333	32.325202
-0.0000095026674	-0.000006770035	0.30875545	0.43429281	32.327643
-0.000009503384	-0.0000067705456	0.30878056	0.43432225	32.330081
-0.0000095040996	-0.0000067710554	0.30880563	0.43435165	32.332516
-0.0000095048142	-0.0000067715645	0.30883067	0.43438101	32.334947
-0.0000095055278	-0.0000067720729	0.30885567	0.43441032	32.337374
-0.0000095062404	-0.0000067725806	0.30888064	0.43443959	32.339798
-0.000009506952	-0.0000067730875	0.30890558	0.43446882	32.342219
-0.0000095076625	-0.0000067735937	0.30893047	0.43449801	32.344636
-0.000009508372	-0.0000067740992	0.30895533	0.43452715	32.34705
-0.0000095090805	-0.000006774604	0.30898016	0.43455626	32.34946
-0.000009509788	-0.000006775108	0.30900495	0.43458532	32.351867
-0.0000095104944	-0.0000067756113	0.30902971	0.43461434	32.35427
-0.0000095111999	-0.0000067761139	0.30905443	0.43464332	32.35667
-0.0000095119043	-0.0000067766157	0.30907912	0.43467225	32.359067
-0.0000095126077	-0.0000067771169	0.30910377	0.43470114	32.36146
-0.0000095133101	-0.0000067776173	0.30912838	0.43473	32.363849
-0.0000095140115	-0.000006778117	0.30915296	0.43475881	32.366235
-0.0000095147118	-0.0000067786159	0.30917751	0.43478757	32.368618
-0.0000095154112	-0.0000067791142	0.30920201	0.4348163	32.370997
-0.0000095161095	-0.0000067796117	0.30922649	0.43484498	32.373373
-0.0000095168068	-0.0000067801085	0.30925093	0.43487362	32.375745
-0.0000095175031	-0.0000067806046	0.30927533	0.43490222	32.378114
-0.0000095181984	-0.0000067810999	0.3092997	0.43493078	32.380479
-0.0000095188927	-0.0000067815945	0.30932403	0.4349593	32.382841
-0.000009519586	-0.0000067820884	0.30934833	0.43498777	32.385199
-0.0000095202782	-0.0000067825816	0.3093726	0.4350162	32.387554
-0.0000095209695	-0.0000067830741	0.30939683	0.43504459	32.389906
-0.0000095216597	-0.0000067835658	0.30942102	0.43507294	32.392254
-0.0000095223489	-0.0000067840568	0.30944518	0.43510125	32.394599
-0.0000095230371	-0.0000067845471	0.3094693	0.43512951	32.39694
-0.0000095237243	-0.0000067850367	0.30949339	0.43515774	32.399278
-0.0000095244105	-0.0000067855256	0.30951744	0.43518592	32.401612
-0.0000095250956	-0.0000067860137	0.30954146	0.43521406	32.403943
-0.0000095257798	-0.0000067865011	0.30956544	0.43524215	32.40627
-0.0000095264629	-0.0000067869878	0.30958939	0.43527021	32.408594
-0.0000095271451	-0.0000067874738	0.3096133	0.43529822	32.410915
-0.0000095278262	-0.0000067879591	0.30963718	0.4353262	32.413232
-0.0000095285063	-0.0000067884436	0.30966102	0.43535413	32.415546
-0.0000095291854	-0.0000067889274	0.30968483	0.43538202	32.417856
-0.0000095298635	-0.0000067894105	0.3097086	0.43540986	32.420163
-0.0000095305406	-0.0000067898929	0.30973234	0.43543767	32.422467
-0.0000095312167	-0.0000067903746	0.30975604	0.43546543	32.424767
-0.0000095318918	-0.0000067908555	0.30977971	0.43549316	32.427063
-0.0000095325659	-0.0000067913358	0.30980334	0.43552084	32.429356
-0.0000095332389	-0.0000067918153	0.30982694	0.43554848	32.431646
-0.000009533911	-0.0000067922941	0.3098505	0.43557608	32.433932
-0.0000095345821	-0.0000067927722	0.30987403	0.43560363	32.436215
-0.0000095352521	-0.0000067932496	0.30989753	0.43563115	32.438495
-0.0000095359212	-0.0000067937262	0.30992098	0.43565862	32.440771
-0.0000095365892	-0.0000067942021	0.30994441	0.43568605	32.443044
-0.0000095372562	-0.0000067946774	0.3099678	0.43571344	32.445313
-0.0000095379223	-0.0000067951519	0.30999115	0.43574079	32.447579
-0.0000095385873	-0.0000067956257	0.31001447	0.4357681	32.449841
-0.0000095392513	-0.0000067960987	0.31003775	0.43579537	32.4521
-0.0000095399144	-0.0000067965711	0.310061	0.43582259	32.454356
-0.0000095405764	-0.0000067970427	0.31008422	0.43584978	32.456608
-0.0000095412374	-0.0000067975137	0.3101074	0.43587692	32.458857
-0.0000095418974	-0.0000067979839	0.31013054	0.43590402	32.461102
-0.0000095425564	-0.0000067984534	0.31015365	0.43593108	32.463344
-0.0000095432144	-0.0000067989222	0.31017673	0.4359581	32.465582
-0.0000095438715	-0.0000067993903	0.31019977	0.43598507	32.467817
-0.0000095445275	-0.0000067998576	0.31022277	0.43601201	32.470049
-0.0000095451825	-0.0000068003243	0.31024574	0.4360389	32.472278
-0.0000095458365	-0.0000068007902	0.31026868	0.43606576	32.474502
-0.0000095464895	-0.0000068012555	0.31029158	0.43609257	32.476724
-0.0000095471415	-0.00000680172	0.31031445	0.43611934	32.478942
-0.0000095477926	-0.0000068021838	0.31033728	0.43614607	32.481157
-0.0000095484426	-0.0000068026469	0.31036008	0.43617275	32.483368
-0.0000095490916	-0.0000068031093	0.31038284	0.4361994	32.485576
-0.0000095497396	-0.000006803571	0.31040557	0.43622601	32.487781
-0.0000095503867	-0.0000068040319	0.31042826	0.43625257	32.489982
-0.0000095510327	-0.0000068044922	0.31045092	0.4362791	32.49218
-0.0000095516777	-0.0000068049517	0.31047355	0.43630558	32.494374
-0.0000095523218	-0.0000068054106	0.31049614	0.43633202	32.496565
-0.0000095529648	-0.0000068058687	0.31051869	0.43635842	32.498753
-0.0000095536069	-0.0000068063261	0.31054121	0.43638478	32.500937
-0.0000095542479	-0.0000068067828	0.3105637	0.4364111	32.503118
-0.000009554888	-0.0000068072388	0.31058615	0.43643737	32.505295
-0.000009555527	-0.0000068076941	0.31060857	0.43646361	32.507469
-0.0000095561651	-0.0000068081487	0.31063095	0.4364898	32.50964
-0.0000095568022	-0.0000068086026	0.3106533	0.43651596	32.511807
-0.0000095574383	-0.0000068090558	0.31067561	0.43654207	32.513971
-0.0000095580734	-0.0000068095082	0.31069789	0.43656814	32.516132
-0.0000095587075	-0.00000680996	0.31072014	0.43659417	32.518289
-0.0000095593406	-0.000006810411	0.31074235	0.43662016	32.520443
-0.0000095599727	-0.0000068108614	0.31076452	0.43664611	32.522593
-0.0000095606038	-0.000006811311	0.31078666	0.43667202	32.52474
-0.000009561234	-0.00000681176	0.31080877	0.43669789	32.526884
-0.0000095618631	-0.0000068122082	0.31083084	0.43672372	32.529024
-0.0000095624913	-0.0000068126557	0.31085288	0.4367495	32.531161
-0.0000095631185	-0.0000068131025	0.31087488	0.43677525	32.533295
-0.0000095637446	-0.0000068135486	0.31089685	0.43680095	32.535425
-0.0000095643698	-0.000006813994	0.31091879	0.43682661	32.537552
-0.000009564994	-0.0000068144388	0.31094069	0.43685224	32.539676
-0.0000095656173	-0.0000068148828	0.31096255	0.43687782	32.541796
-0.0000095662395	-0.0000068153261	0.31098439	0.43690336	32.543913
-0.0000095668607	-0.0000068157686	0.31100618	0.43692886	32.546026
-0.000009567481	-0.0000068162105	0.31102795	0.43695432	32.548136
-0.0000095681003	-0.0000068166517	0.31104967	0.43697974	32.550243
-0.0000095687186	-0.0000068170922	0.31107137	0.43700512	32.552346
-0.0000095693359	-0.000006817532	0.31109303	0.43703046	32.554446
-0.0000095699522	-0.0000068179711	0.31111466	0.43705575	32.556543
-0.0000095705675	-0.0000068184095	0.31113625	0.43708101	32.558636
-0.0000095711818	-0.0000068188472	0.3111578	0.43710623	32.560726
-0.0000095717952	-0.0000068192841	0.31117933	0.4371314	32.562813
-0.0000095724076	-0.0000068197204	0.31120082	0.43715654	32.564896
-0.000009573019	-0.000006820156	0.31122227	0.43718163	32.566976
-0.0000095736294	-0.0000068205909	0.31124369	0.43720668	32.569053
-0.0000095742388	-0.0000068210251	0.31126508	0.4372317	32.571126
-0.0000095748473	-0.0000068214585	0.31128643	0.43725667	32.573196
-0.0000095754548	-0.0000068218913	0.31130775	0.4372816	32.575262
-0.0000095760612	-0.0000068223234	0.31132903	0.4373065	32.577326
-0.0000095766668	-0.0000068227548	0.31135028	0.43733135	32.579386
-0.0000095772713	-0.0000068231855	0.3113715	0.43735616	32.581442
-0.0000095778748	-0.0000068236155	0.31139268	0.43738093	32.583495
-0.0000095784774	-0.0000068240448	0.31141383	0.43740566	32.585545
-0.000009579079	-0.0000068244734	0.31143494	0.43743035	32.587592
-0.0000095796796	-0.0000068249013	0.31145602	0.437455	32.589635
-0.0000095802793	-0.0000068253285	0.31147707	0.43747961	32.591675
-0.0000095808779	-0.000006825755	0.31149808	0.43750418	32.593712
-0.0000095814756	-0.0000068261808	0.31151906	0.43752871	32.595745
-0.0000095820723	-0.0000068266059	0.31154	0.43755319	32.597775
-0.000009582668	-0.0000068270303	0.31156091	0.43757764	32.599802
-0.0000095832628	-0.000006827454	0.31158179	0.43760205	32.601825
-0.0000095838566	-0.0000068278771	0.31160263	0.43762642	32.603845
-0.0000095844494	-0.0000068282994	0.31162343	0.43765075	32.605862
-0.0000095850412	-0.000006828721	0.31164421	0.43767503	32.607875
-0.000009585632	-0.000006829142	0.31166495	0.43769928	32.609885
-0.0000095862219	-0.0000068295622	0.31168565	0.43772349	32.611892
-0.0000095868108	-0.0000068299818	0.31170633	0.43774766	32.613895
-0.0000095873988	-0.0000068304007	0.31172696	0.43777178	32.615895
-0.0000095879857	-0.0000068308188	0.31174757	0.43779587	32.617892
-0.0000095885717	-0.0000068312363	0.31176814	0.43781992	32.619886
-0.0000095891567	-0.0000068316531	0.31178868	0.43784392	32.621876
-0.0000095897408	-0.0000068320692	0.31180918	0.43786789	32.623863
-0.0000095903239	-0.0000068324846	0.31182965	0.43789182	32.625846
-0.000009590906	-0.0000068328993	0.31185008	0.4379157	32.627827
-0.0000095914871	-0.0000068333134	0.31187048	0.43793955	32.629804
-0.0000095920673	-0.0000068337267	0.31189085	0.43796336	32.631777
-0.0000095926465	-0.0000068341393	0.31191119	0.43798712	32.633748
-0.0000095932247	-0.0000068345513	0.31193149	0.43801085	32.635715
-0.000009593802	-0.0000068349625	0.31195175	0.43803454	32.637679
-0.0000095943783	-0.0000068353731	0.31197199	0.43805819	32.639639
-0.0000095949536	-0.000006835783	0.31199219	0.43808179	32.641597
-0.000009595528	-0.0000068361922	0.31201235	0.43810536	32.643551
-0.0000095961014	-0.0000068366007	0.31203248	0.43812889	32.645501
-0.0000095966738	-0.0000068370085	0.31205258	0.43815238	32.647449
-0.0000095972453	-0.0000068374157	0.31207265	0.43817582	32.649393
-0.0000095978158	-0.0000068378221	0.31209268	0.43819923	32.651334
-0.0000095983853	-0.0000068382279	0.31211267	0.4382226	32.653271
-0.0000095989539	-0.0000068386329	0.31213264	0.43824593	32.655205
-0.0000095995215	-0.0000068390373	0.31215257	0.43826922	32.657136
-0.0000096000881	-0.000006839441	0.31217246	0.43829247	32.659064
-0.0000096006538	-0.000006839844	0.31219233	0.43831568	32.660988
-0.0000096012185	-0.0000068402464	0.31221216	0.43833885	32.66291
-0.0000096017823	-0.000006840648	0.31223195	0.43836198	32.664828
-0.0000096023451	-0.000006841049	0.31225171	0.43838507	32.666742
-0.0000096029069	-0.0000068414492	0.31227144	0.43840812	32.668653
-0.0000096034678	-0.0000068418488	0.31229114	0.43843114	32.670562
-0.0000096040277	-0.0000068422477	0.3123108	0.43845411	32.672466
-0.0000096045867	-0.0000068426459	0.31233043	0.43847704	32.674368
-0.0000096051447	-0.0000068430435	0.31235003	0.43849993	32.676266
-0.0000096057017	-0.0000068434403	0.31236959	0.43852279	32.678161
-0.0000096062578	-0.0000068438365	0.31238912	0.4385456	32.680053
-0.0000096068129	-0.000006844232	0.31240861	0.43856838	32.681942
-0.0000096073671	-0.0000068446268	0.31242807	0.43859111	32.683827
-0.0000096079203	-0.0000068450209	0.3124475	0.43861381	32.685709
-0.0000096084726	-0.0000068454144	0.3124669	0.43863647	32.687588
-0.0000096090239	-0.0000068458072	0.31248626	0.43865908	32.689463
-0.0000096095742	-0.0000068461992	0.31250559	0.43868166	32.691335
-0.0000096101236	-0.0000068465906	0.31252488	0.4387042	32.693204
-0.000009610672	-0.0000068469814	0.31254414	0.4387267	32.69507
-0.0000096112195	-0.0000068473714	0.31256337	0.43874916	32.696933
-0.0000096117661	-0.0000068477608	0.31258257	0.43877158	32.698792
-0.0000096123116	-0.0000068481495	0.31260173	0.43879396	32.700648
-0.0000096128563	-0.0000068485375	0.31262086	0.4388163	32.702501
-0.0000096133999	-0.0000068489248	0.31263995	0.43883861	32.70435
-0.0000096139426	-0.0000068493115	0.31265901	0.43886087	32.706196
-0.0000096144844	-0.0000068496974	0.31267804	0.4388831	32.70804
-0.0000096150252	-0.0000068500827	0.31269704	0.43890528	32.709879
-0.0000096155651	-0.0000068504674	0.312716	0.43892743	32.711716
-0.000009616104	-0.0000068508513	0.31273493	0.43894954	32.713549
-0.000009616642	-0.0000068512346	0.31275383	0.4389716	32.71538
-0.000009617179	-0.0000068516172	0.31277269	0.43899363	32.717206
-0.0000096177151	-0.0000068519991	0.31279152	0.43901562	32.71903
-0.0000096182502	-0.0000068523803	0.31281032	0.43903758	32.720851
-0.0000096187844	-0.0000068527609	0.31282909	0.43905949	32.722668
-0.0000096193176	-0.0000068531408	0.31284782	0.43908136	32.724482
-0.0000096198499	-0.00000685352	0.31286652	0.4391032	32.726293
-0.0000096203813	-0.0000068538985	0.31288518	0.43912499	32.7281
-0.0000096209116	-0.0000068542764	0.31290381	0.43914675	32.729905
-0.0000096214411	-0.0000068546536	0.31292241	0.43916846	32.731706
-0.0000096219696	-0.0000068550301	0.31294098	0.43919014	32.733504
-0.0000096224972	-0.000006855406	0.31295951	0.43921178	32.735299
-0.0000096230238	-0.0000068557812	0.31297801	0.43923338	32.73709
-0.0000096235495	-0.0000068561557	0.31299648	0.43925495	32.738878
-0.0000096240742	-0.0000068565295	0.31301492	0.43927647	32.740664
-0.000009624598	-0.0000068569027	0.31303332	0.43929795	32.742445
-0.0000096251208	-0.0000068572752	0.31305169	0.4393194	32.744224
-0.0000096256427	-0.000006857647	0.31307002	0.43934081	32.746
-0.0000096261637	-0.0000068580182	0.31308833	0.43936218	32.747772
-0.0000096266837	-0.0000068583887	0.3131066	0.43938351	32.749541
-0.0000096272028	-0.0000068587585	0.31312484	0.4394048	32.751307
-0.000009627721	-0.0000068591276	0.31314304	0.43942605	32.75307
-0.0000096282382	-0.0000068594961	0.31316121	0.43944726	32.754829
-0.0000096287545	-0.0000068598639	0.31317935	0.43946844	32.756586
-0.0000096292698	-0.0000068602311	0.31319746	0.43948958	32.758339
-0.0000096297842	-0.0000068605976	0.31321553	0.43951067	32.760089
-0.0000096302977	-0.0000068609634	0.31323358	0.43953173	32.761836
-0.0000096308102	-0.0000068613285	0.31325158	0.43955275	32.763579
-0.0000096313218	-0.000006861693	0.31326956	0.43957374	32.76532
-0.0000096318325	-0.0000068620568	0.3132875	0.43959468	32.767057
-0.0000096323422	-0.0000068624199	0.31330542	0.43961559	32.768791
-0.000009632851	-0.0000068627824	0.31332329	0.43963645	32.770522
-0.0000096333588	-0.0000068631442	0.31334114	0.43965728	32.77225
-0.0000096338658	-0.0000068635054	0.31335895	0.43967807	32.773974
-0.0000096343718	-0.0000068638659	0.31337673	0.43969883	32.775695
-0.0000096348768	-0.0000068642257	0.31339448	0.43971954	32.777414
-0.000009635381	-0.0000068645849	0.3134122	0.43974021	32.779129
-0.0000096358842	-0.0000068649434	0.31342988	0.43976085	32.780841
-0.0000096363864	-0.0000068653012	0.31344753	0.43978145	32.782549
-0.0000096368878	-0.0000068656584	0.31346515	0.43980201	32.784255
-0.0000096373882	-0.0000068660149	0.31348273	0.43982253	32.785957
-0.0000096378877	-0.0000068663707	0.31350029	0.43984302	32.787656
-0.0000096383862	-0.0000068667259	0.31351781	0.43986346	32.789352
-0.0000096388838	-0.0000068670804	0.3135353	0.43988387	32.791045
-0.0000096393805	-0.0000068674343	0.31355275	0.43990424	32.792735
-0.0000096398763	-0.0000068677875	0.31357018	0.43992457	32.794422
-0.0000096403712	-0.0000068681401	0.31358757	0.43994487	32.796105
-0.0000096408651	-0.000006868492	0.31360493	0.43996512	32.797785
-0.0000096413581	-0.0000068688432	0.31362225	0.43998534	32.799463
-0.0000096418502	-0.0000068691938	0.31363955	0.44000552	32.801137
-0.0000096423413	-0.0000068695437	0.31365681	0.44002566	32.802807
-0.0000096428315	-0.0000068698929	0.31367404	0.44004576	32.804475
-0.0000096433208	-0.0000068702415	0.31369124	0.44006583	32.80614
-0.0000096438092	-0.0000068705895	0.3137084	0.44008585	32.807801
-0.0000096442967	-0.0000068709367	0.31372554	0.44010584	32.80946
-0.0000096447832	-0.0000068712834	0.31374264	0.4401258	32.811115
-0.0000096452688	-0.0000068716293	0.31375971	0.44014571	32.812767
-0.0000096457535	-0.0000068719747	0.31377674	0.44016558	32.814416
-0.0000096462373	-0.0000068723193	0.31379375	0.44018542	32.816061
-0.0000096467202	-0.0000068726633	0.31381072	0.44020522	32.817704
-0.0000096472021	-0.0000068730067	0.31382766	0.44022498	32.819344
-0.0000096476831	-0.0000068733494	0.31384457	0.44024471	32.82098
-0.0000096481632	-0.0000068736914	0.31386144	0.4402644	32.822613
-0.0000096486424	-0.0000068740328	0.31387829	0.44028405	32.824243
-0.0000096491207	-0.0000068743735	0.3138951	0.44030366	32.825871
-0.000009649598	-0.0000068747136	0.31391188	0.44032323	32.827494
-0.0000096500745	-0.000006875053	0.31392863	0.44034277	32.829115
-0.00000965055	-0.0000068753918	0.31394534	0.44036227	32.830733
-0.0000096510246	-0.00000687573	0.31396203	0.44038173	32.832348
-0.0000096514983	-0.0000068760674	0.31397868	0.44040115	32.833959
-0.0000096519711	-0.0000068764043	0.3139953	0.44042054	32.835567
-0.000009652443	-0.0000068767404	0.31401189	0.44043988	32.837173
-0.0000096529139	-0.000006877076	0.31402844	0.44045919	32.838775
-0.000009653384	-0.0000068774108	0.31404497	0.44047847	32.840374
-0.0000096538531	-0.0000068777451	0.31406146	0.4404977	32.84197
-0.0000096543213	-0.0000068780786	0.31407792	0.4405169	32.843563
-0.0000096547886	-0.0000068784116	0.31409435	0.44053606	32.845153
-0.000009655255	-0.0000068787439	0.31411075	0.44055519	32.846739
-0.0000096557205	-0.0000068790755	0.31412711	0.44057427	32.848323
-0.0000096561851	-0.0000068794065	0.31414345	0.44059332	32.849903
-0.0000096566488	-0.0000068797368	0.31415975	0.44061233	32.851481
-0.0000096571116	-0.0000068800665	0.31417602	0.44063131	32.853055
-0.0000096575734	-0.0000068803956	0.31419226	0.44065024	32.854626
-0.0000096580344	-0.000006880724	0.31420847	0.44066914	32.856195
-0.0000096584945	-0.0000068810517	0.31422464	0.440688	32.85776
-0.0000096589536	-0.0000068813789	0.31424078	0.44070683	32.859322
-0.0000096594119	-0.0000068817053	0.3142569	0.44072562	32.860881
-0.0000096598692	-0.0000068820312	0.31427298	0.44074437	32.862437
-0.0000096603256	-0.0000068823563	0.31428903	0.44076308	32.863989
-0.0000096607812	-0.0000068826809	0.31430504	0.44078176	32.865539
-0.0000096612358	-0.0000068830048	0.31432103	0.4408004	32.867086
-0.0000096616896	-0.000006883328	0.31433698	0.440819	32.868629
-0.0000096621424	-0.0000068836507	0.31435291	0.44083757	32.87017
-0.0000096625943	-0.0000068839726	0.3143688	0.44085609	32.871707
-0.0000096630454	-0.000006884294	0.31438466	0.44087459	32.873242
-0.0000096634955	-0.0000068846147	0.31440048	0.44089304	32.874773
-0.0000096639447	-0.0000068849347	0.31441628	0.44091146	32.876301
-0.0000096643931	-0.0000068852541	0.31443205	0.44092984	32.877827
-0.0000096648405	-0.0000068855729	0.31444778	0.44094818	32.879349
-0.000009665287	-0.000006885891	0.31446348	0.44096649	32.880868
-0.0000096657327	-0.0000068862085	0.31447915	0.44098476	32.882384
-0.0000096661774	-0.0000068865254	0.31449479	0.44100299	32.883897
-0.0000096666213	-0.0000068868416	0.3145104	0.44102119	32.885407
-0.0000096670643	-0.0000068871572	0.31452598	0.44103935	32.886914
-0.0000096675063	-0.0000068874721	0.31454153	0.44105747	32.888418
-0.0000096679475	-0.0000068877864	0.31455704	0.44107556	32.889919
-0.0000096683878	-0.0000068881001	0.31457252	0.44109361	32.891416
-0.0000096688272	-0.0000068884131	0.31458798	0.44111162	32.892911
-0.0000096692657	-0.0000068887255	0.3146034	0.44112959	32.894403
-0.0000096697033	-0.0000068890373	0.31461879	0.44114753	32.895892
-0.00000967014	-0.0000068893484	0.31463414	0.44116544	32.897377
-0.0000096705758	-0.0000068896589	0.31464947	0.4411833	32.89886
-0.0000096710107	-0.0000068899688	0.31466477	0.44120113	32.90034
-0.0000096714448	-0.000006890278	0.31468003	0.44121892	32.901816
-0.000009671878	-0.0000068905866	0.31469527	0.44123668	32.90329
-0.0000096723102	-0.0000068908946	0.31471047	0.4412544	32.90476
-0.0000096727416	-0.0000068912019	0.31472564	0.44127208	32.906228
-0.0000096731721	-0.0000068915086	0.31474078	0.44128973	32.907692
-0.0000096736017	-0.0000068918147	0.31475589	0.44130734	32.909154
-0.0000096740304	-0.0000068921201	0.31477097	0.44132492	32.910612
-0.0000096744583	-0.0000068924249	0.31478602	0.44134246	32.912068
-0.0000096748852	-0.0000068927291	0.31480104	0.44135996	32.91352
-0.0000096753113	-0.0000068930327	0.31481602	0.44137742	32.91497
-0.0000096757365	-0.0000068933356	0.31483098	0.44139485	32.916416
-0.0000096761608	-0.0000068936379	0.3148459	0.44141224	32.91786
-0.0000096765842	-0.0000068939395	0.3148608	0.4414296	32.9193
-0.0000096770068	-0.0000068942406	0.31487566	0.44144692	32.920738
-0.0000096774285	-0.000006894541	0.31489049	0.44146421	32.922172
-0.0000096778492	-0.0000068948408	0.31490529	0.44148145	32.923604
-0.0000096782692	-0.0000068951399	0.31492006	0.44149867	32.925032
-0.0000096786882	-0.0000068954385	0.3149348	0.44151584	32.926458
-0.0000096791063	-0.0000068957364	0.31494951	0.44153298	32.92788
-0.0000096795236	-0.0000068960336	0.31496419	0.44155009	32.9293
-0.00000967994	-0.0000068963303	0.31497884	0.44156715	32.930716
-0.0000096803555	-0.0000068966263	0.31499345	0.44158419	32.93213
-0.0000096807702	-0.0000068969217	0.31500804	0.44160118	32.933541
-0.0000096811839	-0.0000068972165	0.31502259	0.44161814	32.934948
-0.0000096815968	-0.0000068975107	0.31503712	0.44163506	32.936353
-0.0000096820089	-0.0000068978042	0.31505161	0.44165195	32.937755
-0.00000968242	-0.0000068980971	0.31506608	0.4416688	32.939153
-0.0000096828303	-0.0000068983894	0.31508051	0.44168562	32.940549
-0.0000096832397	-0.0000068986811	0.31509491	0.4417024	32.941942
-0.0000096836482	-0.0000068989722	0.31510928	0.44171915	32.943332
-0.0000096840559	-0.0000068992626	0.31512363	0.44173585	32.944718
-0.0000096844627	-0.0000068995524	0.31513794	0.44175253	32.946102
-0.0000096848686	-0.0000068998416	0.31515222	0.44176917	32.947483
-0.0000096852736	-0.0000069001302	0.31516647	0.44178577	32.948861
-0.0000096856778	-0.0000069004181	0.31518069	0.44180233	32.950236
-0.0000096860811	-0.0000069007055	0.31519488	0.44181886	32.951608
-0.0000096864836	-0.0000069009922	0.31520903	0.44183536	32.952977
-0.0000096868852	-0.0000069012783	0.31522316	0.44185182	32.954344
-0.0000096872859	-0.0000069015638	0.31523726	0.44186824	32.955707
-0.0000096876858	-0.0000069018486	0.31525133	0.44188463	32.957067
-0.0000096880847	-0.0000069021329	0.31526537	0.44190098	32.958425
-0.0000096884829	-0.0000069024165	0.31527937	0.4419173	32.959779
-0.0000096888801	-0.0000069026996	0.31529335	0.44193358	32.96113
-0.0000096892765	-0.000006902982	0.3153073	0.44194983	32.962479
-0.0000096896721	-0.0000069032638	0.31532121	0.44196604	32.963825
-0.0000096900667	-0.0000069035449	0.3153351	0.44198221	32.965167
-0.0000096904606	-0.0000069038255	0.31534896	0.44199835	32.966507
-0.0000096908535	-0.0000069041055	0.31536278	0.44201446	32.967844
-0.0000096912456	-0.0000069043848	0.31537658	0.44203053	32.969178
-0.0000096916368	-0.0000069046635	0.31539035	0.44204656	32.970509
-0.0000096920272	-0.0000069049417	0.31540408	0.44206256	32.971837
-0.0000096924167	-0.0000069052192	0.31541779	0.44207852	32.973162
-0.0000096928054	-0.0000069054961	0.31543146	0.44209445	32.974484
-0.0000096931932	-0.0000069057724	0.31544511	0.44211035	32.975803
-0.0000096935802	-0.000006906048	0.31545872	0.4421262	32.97712
-0.0000096939663	-0.0000069063231	0.31547231	0.44214203	32.978433
-0.0000096943515	-0.0000069065976	0.31548587	0.44215781	32.979744
-0.0000096947359	-0.0000069068714	0.31549939	0.44217357	32.981051
-0.0000096951194	-0.0000069071447	0.31551289	0.44218929	32.982356
-0.0000096955021	-0.0000069074173	0.31552635	0.44220497	32.983658
-0.000009695884	-0.0000069076893	0.31553979	0.44222062	32.984957
-0.0000096962649	-0.0000069079608	0.3155532	0.44223623	32.986253
-0.0000096966451	-0.0000069082316	0.31556657	0.44225181	32.987546
-0.0000096970244	-0.0000069085018	0.31557992	0.44226735	32.988837
-0.0000096974028	-0.0000069087714	0.31559324	0.44228286	32.990124
-0.0000096977804	-0.0000069090404	0.31560653	0.44229833	32.991409
-0.0000096981571	-0.0000069093088	0.31561978	0.44231377	32.99269
-0.000009698533	-0.0000069095766	0.31563301	0.44232917	32.993969
-0.0000096989081	-0.0000069098438	0.31564621	0.44234454	32.995245
-0.0000096992822	-0.0000069101104	0.31565938	0.44235988	32.996518
-0.0000096996556	-0.0000069103764	0.31567252	0.44237518	32.997788
-0.0000097000281	-0.0000069106418	0.31568563	0.44239044	32.999055
-0.0000097003998	-0.0000069109066	0.31569871	0.44240567	33.00032
-0.0000097007706	-0.0000069111707	0.31571176	0.44242087	33.001581
-0.0000097011406	-0.0000069114343	0.31572478	0.44243603	33.00284
-0.0000097015097	-0.0000069116973	0.31573777	0.44245116	33.004096
-0.000009701878	-0.0000069119597	0.31575073	0.44246625	33.005349
-0.0000097022455	-0.0000069122215	0.31576366	0.44248131	33.006599
-0.0000097026121	-0.0000069124827	0.31577657	0.44249633	33.007846
-0.0000097029779	-0.0000069127433	0.31578944	0.44251132	33.00909
-0.0000097033428	-0.0000069130033	0.31580228	0.44252627	33.010332
-0.0000097037069	-0.0000069132627	0.3158151	0.44254119	33.01157
-0.0000097040701	-0.0000069135215	0.31582788	0.44255608	33.012806
-0.0000097044326	-0.0000069137797	0.31584064	0.44257093	33.014039
-0.0000097047942	-0.0000069140373	0.31585337	0.44258574	33.015269
-0.0000097051549	-0.0000069142943	0.31586606	0.44260053	33.016496
-0.0000097055148	-0.0000069145507	0.31587873	0.44261528	33.017721
-0.0000097058739	-0.0000069148065	0.31589137	0.44262999	33.018943
-0.0000097062322	-0.0000069150618	0.31590398	0.44264467	33.020161
-0.0000097065896	-0.0000069153164	0.31591656	0.44265931	33.021377
-0.0000097069462	-0.0000069155705	0.31592911	0.44267393	33.02259
-0.0000097073019	-0.0000069158239	0.31594163	0.4426885	33.023801
-0.0000097076569	-0.0000069160768	0.31595413	0.44270305	33.025008
-0.000009708011	-0.000006916329	0.31596659	0.44271756	33.026213
-0.0000097083642	-0.0000069165807	0.31597902	0.44273203	33.027414
-0.0000097087167	-0.0000069168318	0.31599143	0.44274647	33.028613
-0.0000097090683	-0.0000069170823	0.31600381	0.44276088	33.02981
-0.0000097094191	-0.0000069173322	0.31601615	0.44277525	33.031003
-0.000009709769	-0.0000069175816	0.31602847	0.44278959	33.032194
-0.0000097101182	-0.0000069178303	0.31604076	0.4428039	33.033381
-0.0000097104665	-0.0000069180784	0.31605302	0.44281817	33.034566
-0.000009710814	-0.000006918326	0.31606525	0.44283241	33.035748
-0.0000097111606	-0.000006918573	0.31607746	0.44284661	33.036928
-0.0000097115065	-0.0000069188194	0.31608963	0.44286078	33.038104
-0.0000097118515	-0.0000069190652	0.31610178	0.44287492	33.039278
-0.0000097121957	-0.0000069193104	0.31611389	0.44288902	33.040449
-0.000009712539	-0.000006919555	0.31612598	0.44290309	33.041617
-0.0000097128816	-0.0000069197991	0.31613804	0.44291712	33.042782
-0.0000097132233	-0.0000069200425	0.31615007	0.44293112	33.043945
-0.0000097135642	-0.0000069202854	0.31616207	0.44294509	33.045105
-0.0000097139043	-0.0000069205277	0.31617404	0.44295903	33.046262
-0.0000097142436	-0.0000069207694	0.31618599	0.44297293	33.047416
-0.0000097145821	-0.0000069210105	0.3161979	0.44298679	33.048567
-0.0000097149197	-0.0000069212511	0.31620979	0.44300063	33.049716
-0.0000097152566	-0.0000069214911	0.31622165	0.44301443	33.050862
-0.0000097155926	-0.0000069217305	0.31623348	0.4430282	33.052005
-0.0000097159278	-0.0000069219693	0.31624528	0.44304193	33.053145
-0.0000097162622	-0.0000069222075	0.31625705	0.44305563	33.054283
-0.0000097165958	-0.0000069224452	0.31626879	0.4430693	33.055418
-0.0000097169285	-0.0000069226822	0.31628051	0.44308293	33.05655
-0.0000097172605	-0.0000069229187	0.3162922	0.44309653	33.057679
-0.0000097175916	-0.0000069231546	0.31630385	0.4431101	33.058806
-0.000009717922	-0.00000692339	0.31631548	0.44312363	33.059929
-0.0000097182515	-0.0000069236248	0.31632709	0.44313713	33.06105
-0.0000097185802	-0.0000069238589	0.31633866	0.4431506	33.062169
-0.0000097189081	-0.0000069240926	0.3163502	0.44316403	33.063284
-0.0000097192352	-0.0000069243256	0.31636172	0.44317743	33.064397
-0.0000097195615	-0.0000069245581	0.31637321	0.4431908	33.065507
-0.000009719887	-0.00000692479	0.31638467	0.44320414	33.066614
-0.0000097202117	-0.0000069250213	0.3163961	0.44321744	33.067719
-0.0000097205356	-0.000006925252	0.31640751	0.44323071	33.068821
-0.0000097208587	-0.0000069254822	0.31641888	0.44324394	33.06992
-0.0000097211809	-0.0000069257118	0.31643023	0.44325715	33.071016
-0.0000097215024	-0.0000069259408	0.31644155	0.44327032	33.07211
-0.0000097218231	-0.0000069261693	0.31645284	0.44328346	33.073201
-0.000009722143	-0.0000069263972	0.3164641	0.44329656	33.074289
-0.0000097224621	-0.0000069266245	0.31647534	0.44330963	33.075375
-0.0000097227803	-0.0000069268513	0.31648654	0.44332267	33.076457
-0.0000097230978	-0.0000069270774	0.31649772	0.44333568	33.077537
-0.0000097234145	-0.0000069273031	0.31650887	0.44334865	33.078615
-0.0000097237304	-0.0000069275281	0.31651999	0.44336159	33.079689
-0.0000097240455	-0.0000069277526	0.31653109	0.4433745	33.080761
-0.0000097243598	-0.0000069279765	0.31654216	0.44338738	33.08183
-0.0000097246733	-0.0000069281999	0.3165532	0.44340022	33.082897
-0.000009724986	-0.0000069284226	0.31656421	0.44341303	33.083961
-0.0000097252979	-0.0000069286449	0.31657519	0.44342581	33.085022
-0.000009725609	-0.0000069288665	0.31658615	0.44343855	33.08608
-0.0000097259193	-0.0000069290876	0.31659707	0.44345127	33.087136
-0.0000097262289	-0.0000069293081	0.31660797	0.44346395	33.088189
-0.0000097265376	-0.0000069295281	0.31661885	0.44347659	33.089239
-0.0000097268456	-0.0000069297475	0.31662969	0.44348921	33.090287
-0.0000097271528	-0.0000069299663	0.31664051	0.44350179	33.091332
-0.0000097274591	-0.0000069301846	0.3166513	0.44351434	33.092374
-0.0000097277647	-0.0000069304023	0.31666206	0.44352686	33.093414
-0.0000097280695	-0.0000069306195	0.31667279	0.44353935	33.094451
-0.0000097283736	-0.0000069308361	0.3166835	0.4435518	33.095485
-0.0000097286768	-0.0000069310521	0.31669418	0.44356423	33.096517
-0.0000097289793	-0.0000069312676	0.31670483	0.44357662	33.097546
-0.0000097292809	-0.0000069314825	0.31671545	0.44358897	33.098572
-0.0000097295818	-0.0000069316969	0.31672605	0.4436013	33.099596
-0.0000097298819	-0.0000069319107	0.31673662	0.44361359	33.100617
-0.0000097301813	-0.0000069321239	0.31674716	0.44362585	33.101635
-0.0000097304798	-0.0000069323366	0.31675767	0.44363808	33.102651
-0.0000097307776	-0.0000069325488	0.31676816	0.44365028	33.103664
-0.0000097310746	-0.0000069327604	0.31677862	0.44366245	33.104674
-0.0000097313708	-0.0000069329714	0.31678905	0.44367458	33.105682
-0.0000097316662	-0.0000069331819	0.31679945	0.44368668	33.106687
-0.0000097319609	-0.0000069333918	0.31680983	0.44369875	33.107689
-0.0000097322548	-0.0000069336012	0.31682018	0.44371079	33.108689
-0.0000097325479	-0.00000693381	0.3168305	0.4437228	33.109686
-0.0000097328402	-0.0000069340183	0.3168408	0.44373477	33.110681
-0.0000097331318	-0.000006934226	0.31685107	0.44374671	33.111672
-0.0000097334225	-0.0000069344331	0.31686131	0.44375863	33.112662
-0.0000097337126	-0.0000069346398	0.31687152	0.44377051	33.113648
-0.0000097340018	-0.0000069348458	0.31688171	0.44378235	33.114632
-0.0000097342903	-0.0000069350513	0.31689187	0.44379417	33.115614
-0.000009734578	-0.0000069352563	0.316902	0.44380595	33.116592
-0.0000097348649	-0.0000069354607	0.31691211	0.44381771	33.117569
-0.0000097351511	-0.0000069356646	0.31692219	0.44382943	33.118542
-0.0000097354365	-0.0000069358679	0.31693224	0.44384112	33.119513
-0.0000097357211	-0.0000069360707	0.31694226	0.44385278	33.120481
-0.000009736005	-0.000006936273	0.31695226	0.44386441	33.121447
-0.0000097362881	-0.0000069364746	0.31696223	0.443876	33.12241
-0.0000097365704	-0.0000069366758	0.31697218	0.44388757	33.123371
-0.000009736852	-0.0000069368764	0.3169821	0.4438991	33.124328
-0.0000097371328	-0.0000069370765	0.31699199	0.4439106	33.125284
-0.0000097374128	-0.000006937276	0.31700185	0.44392207	33.126236
-0.0000097376921	-0.0000069374749	0.31701169	0.44393351	33.127187
-0.0000097379706	-0.0000069376734	0.3170215	0.44394492	33.128134
-0.0000097382484	-0.0000069378713	0.31703128	0.4439563	33.129079
-0.0000097385254	-0.0000069380686	0.31704104	0.44396764	33.130021
-0.0000097388017	-0.0000069382654	0.31705077	0.44397896	33.130961
-0.0000097390772	-0.0000069384617	0.31706047	0.44399024	33.131898
-0.0000097393519	-0.0000069386574	0.31707015	0.4440015	33.132833
-0.0000097396259	-0.0000069388526	0.3170798	0.44401272	33.133765
-0.0000097398991	-0.0000069390473	0.31708943	0.44402391	33.134695
-0.0000097401716	-0.0000069392414	0.31709902	0.44403507	33.135622
-0.0000097404433	-0.000006939435	0.31710859	0.4440462	33.136546
-0.0000097407143	-0.000006939628	0.31711814	0.4440573	33.137468
-0.0000097409845	-0.0000069398205	0.31712766	0.44406836	33.138387
-0.0000097412539	-0.0000069400125	0.31713715	0.4440794	33.139304
-0.0000097415227	-0.000006940204	0.31714662	0.44409041	33.140218
-0.0000097417906	-0.0000069403949	0.31715605	0.44410138	33.141129
-0.0000097420578	-0.0000069405852	0.31716547	0.44411233	33.142039
-0.0000097423243	-0.0000069407751	0.31717485	0.44412324	33.142945
-0.00000974259	-0.0000069409644	0.31718421	0.44413412	33.143849
-0.000009742855	-0.0000069411532	0.31719355	0.44414498	33.14475
-0.0000097431192	-0.0000069413414	0.31720286	0.4441558	33.145649
-0.0000097433827	-0.0000069415291	0.31721214	0.44416659	33.146546
-0.0000097436455	-0.0000069417163	0.31722139	0.44417735	33.14744
-0.0000097439075	-0.000006941903	0.31723062	0.44418808	33.148331
-0.0000097441687	-0.0000069420891	0.31723983	0.44419878	33.14922
-0.0000097444292	-0.0000069422747	0.317249	0.44420945	33.150106
-0.000009744689	-0.0000069424598	0.31725816	0.44422009	33.15099
-0.000009744948	-0.0000069426443	0.31726728	0.4442307	33.151871
-0.0000097452063	-0.0000069428283	0.31727638	0.44424128	33.15275
-0.0000097454639	-0.0000069430118	0.31728545	0.44425183	33.153626
-0.0000097457207	-0.0000069431948	0.3172945	0.44426234	33.154499
-0.0000097459768	-0.0000069433772	0.31730352	0.44427283	33.155371
-0.0000097462321	-0.0000069435591	0.31731252	0.44428329	33.156239
-0.0000097464867	-0.0000069437405	0.31732149	0.44429372	33.157105
-0.0000097467406	-0.0000069439214	0.31733043	0.44430412	33.157969
-0.0000097469938	-0.0000069441018	0.31733935	0.44431448	33.15883
-0.0000097472462	-0.0000069442816	0.31734824	0.44432482	33.159689
-0.0000097474979	-0.0000069444609	0.31735711	0.44433513	33.160545
-0.0000097477488	-0.0000069446397	0.31736595	0.44434541	33.161399
-0.000009747999	-0.0000069448179	0.31737477	0.44435565	33.16225
-0.0000097482485	-0.0000069449957	0.31738356	0.44436587	33.163099
-0.0000097484973	-0.0000069451729	0.31739232	0.44437606	33.163945
-0.0000097487453	-0.0000069453496	0.31740106	0.44438622	33.164789
-0.0000097489926	-0.0000069455258	0.31740977	0.44439635	33.16563
-0.0000097492392	-0.0000069457015	0.31741846	0.44440644	33.166469
-0.0000097494851	-0.0000069458767	0.31742712	0.44441651	33.167306
-0.0000097497302	-0.0000069460513	0.31743576	0.44442655	33.16814
-0.0000097499746	-0.0000069462254	0.31744437	0.44443656	33.168971
-0.0000097502183	-0.000006946399	0.31745296	0.44444654	33.1698
-0.0000097504613	-0.0000069465721	0.31746152	0.44445649	33.170627
-0.0000097507035	-0.0000069467447	0.31747005	0.44446641	33.171451
-0.000009750945	-0.0000069469168	0.31747856	0.4444763	33.172272
-0.0000097511858	-0.0000069470883	0.31748705	0.44448617	33.173092
-0.0000097514259	-0.0000069472594	0.31749551	0.444496	33.173908
-0.0000097516653	-0.0000069474299	0.31750394	0.4445058	33.174723
-0.0000097519039	-0.0000069475999	0.31751235	0.44451557	33.175535
-0.0000097521419	-0.0000069477695	0.31752073	0.44452532	33.176344
-0.0000097523791	-0.0000069479385	0.31752909	0.44453503	33.177151
-0.0000097526156	-0.000006948107	0.31753742	0.44454472	33.177956
-0.0000097528514	-0.0000069482749	0.31754573	0.44455437	33.178758
-0.0000097530865	-0.0000069484424	0.31755401	0.444564	33.179557
-0.0000097533208	-0.0000069486094	0.31756227	0.4445736	33.180355
-0.0000097535545	-0.0000069487759	0.31757051	0.44458317	33.18115
-0.0000097537875	-0.0000069489418	0.31757871	0.44459271	33.181942
-0.0000097540197	-0.0000069491073	0.3175869	0.44460222	33.182732
-0.0000097542512	-0.0000069492722	0.31759506	0.4446117	33.18352
-0.000009754482	-0.0000069494367	0.31760319	0.44462115	33.184305
-0.0000097547122	-0.0000069496006	0.3176113	0.44463058	33.185088
-0.0000097549416	-0.0000069497641	0.31761938	0.44463997	33.185868
-0.0000097551703	-0.000006949927	0.31762744	0.44464934	33.186646
-0.0000097553983	-0.0000069500894	0.31763547	0.44465867	33.187422
-0.0000097556256	-0.0000069502514	0.31764348	0.44466798	33.188195
-0.0000097558522	-0.0000069504128	0.31765147	0.44467726	33.188966
-0.0000097560781	-0.0000069505737	0.31765943	0.44468651	33.189735
-0.0000097563033	-0.0000069507342	0.31766736	0.44469573	33.190501
-0.0000097565278	-0.0000069508941	0.31767527	0.44470493	33.191265
-0.0000097567516	-0.0000069510536	0.31768316	0.44471409	33.192026
-0.0000097569747	-0.0000069512125	0.31769102	0.44472323	33.192785
-0.0000097571971	-0.0000069513709	0.31769886	0.44473233	33.193541
-0.0000097574188	-0.0000069515289	0.31770667	0.44474141	33.194296
-0.0000097576398	-0.0000069516863	0.31771446	0.44475046	33.195048
-0.0000097578601	-0.0000069518433	0.31772222	0.44475949	33.195797
-0.0000097580797	-0.0000069519998	0.31772996	0.44476848	33.196544
-0.0000097582986	-0.0000069521557	0.31773768	0.44477744	33.197289
-0.0000097585169	-0.0000069523112	0.31774537	0.44478638	33.198031
-0.0000097587344	-0.0000069524662	0.31775303	0.44479529	33.198771
-0.0000097589513	-0.0000069526207	0.31776067	0.44480417	33.199509
-0.0000097591674	-0.0000069527747	0.31776829	0.44481302	33.200245
-0.0000097593829	-0.0000069529282	0.31777589	0.44482184	33.200978
-0.0000097595977	-0.0000069530812	0.31778346	0.44483064	33.201708
-0.0000097598118	-0.0000069532338	0.317791	0.44483941	33.202437
-0.0000097600252	-0.0000069533858	0.31779852	0.44484815	33.203163
-0.0000097602379	-0.0000069535374	0.31780602	0.44485686	33.203886
-0.00000976045	-0.0000069536884	0.31781349	0.44486554	33.204608
-0.0000097606613	-0.000006953839	0.31782094	0.44487419	33.205327
-0.000009760872	-0.0000069539891	0.31782836	0.44488282	33.206044
-0.000009761082	-0.0000069541387	0.31783576	0.44489142	33.206758
-0.0000097612913	-0.0000069542879	0.31784314	0.44489999	33.20747
-0.0000097615	-0.0000069544365	0.31785049	0.44490854	33.20818
-0.0000097617079	-0.0000069545847	0.31785782	0.44491705	33.208887
-0.0000097619152	-0.0000069547323	0.31786513	0.44492554	33.209592
-0.0000097621218	-0.0000069548795	0.31787241	0.444934	33.210295
-0.0000097623278	-0.0000069550262	0.31787967	0.44494243	33.210996
-0.000009762533	-0.0000069551725	0.3178869	0.44495084	33.211694
-0.0000097627376	-0.0000069553182	0.31789411	0.44495921	33.21239
-0.0000097629415	-0.0000069554635	0.3179013	0.44496756	33.213084
-0.0000097631447	-0.0000069556083	0.31790846	0.44497588	33.213775
-0.0000097633473	-0.0000069557526	0.3179156	0.44498418	33.214464
-0.0000097635492	-0.0000069558964	0.31792271	0.44499244	33.215151
-0.0000097637504	-0.0000069560398	0.31792981	0.44500068	33.215836
-0.0000097639509	-0.0000069561827	0.31793687	0.4450089	33.216518
-0.0000097641508	-0.0000069563251	0.31794392	0.44501708	33.217198
-0.00000976435	-0.000006956467	0.31795094	0.44502524	33.217876
-0.0000097645486	-0.0000069566084	0.31795794	0.44503337	33.218551
-0.0000097647465	-0.0000069567494	0.31796491	0.44504147	33.219224
-0.0000097649437	-0.0000069568899	0.31797186	0.44504954	33.219895
-0.0000097651402	-0.00000695703	0.31797879	0.44505759	33.220564
-0.0000097653361	-0.0000069571695	0.31798569	0.44506561	33.22123
-0.0000097655314	-0.0000069573086	0.31799257	0.44507361	33.221894
-0.0000097657259	-0.0000069574472	0.31799943	0.44508157	33.222556
-0.0000097659198	-0.0000069575854	0.31800627	0.44508951	33.223216
-0.0000097661131	-0.000006957723	0.31801308	0.44509743	33.223873
-0.0000097663057	-0.0000069578603	0.31801987	0.44510531	33.224529
-0.0000097664976	-0.000006957997	0.31802663	0.44511317	33.225182
-0.0000097666889	-0.0000069581333	0.31803337	0.445121	33.225832
-0.0000097668795	-0.0000069582691	0.31804009	0.44512881	33.226481
-0.0000097670695	-0.0000069584044	0.31804679	0.44513659	33.227127
-0.0000097672588	-0.0000069585393	0.31805346	0.44514434	33.227771
-0.0000097674475	-0.0000069586737	0.31806011	0.44515206	33.228413
-0.0000097676355	-0.0000069588076	0.31806674	0.44515976	33.229052
-0.0000097678228	-0.0000069589411	0.31807334	0.44516743	33.22969
-0.0000097680095	-0.0000069590741	0.31807992	0.44517508	33.230325
-0.0000097681956	-0.0000069592067	0.31808648	0.4451827	33.230958
-0.000009768381	-0.0000069593388	0.31809301	0.44519029	33.231589
-0.0000097685658	-0.0000069594704	0.31809953	0.44519785	33.232217
-0.0000097687499	-0.0000069596016	0.31810602	0.44520539	33.232844
-0.0000097689334	-0.0000069597323	0.31811248	0.4452129	33.233468
-0.0000097691162	-0.0000069598626	0.31811893	0.44522039	33.23409
-0.0000097692984	-0.0000069599924	0.31812535	0.44522785	33.23471
-0.0000097694799	-0.0000069601217	0.31813175	0.44523528	33.235327
-0.0000097696608	-0.0000069602506	0.31813812	0.44524269	33.235943
-0.0000097698411	-0.000006960379	0.31814448	0.44525007	33.236556
-0.0000097700207	-0.000006960507	0.31815081	0.44525742	33.237167
-0.0000097701997	-0.0000069606345	0.31815712	0.44526475	33.237776
-0.000009770378	-0.0000069607615	0.31816341	0.44527205	33.238383
-0.0000097705557	-0.0000069608881	0.31816967	0.44527933	33.238987
-0.0000097707328	-0.0000069610143	0.31817591	0.44528658	33.239589
-0.0000097709092	-0.00000696114	0.31818213	0.4452938	33.24019
-0.000009771085	-0.0000069612652	0.31818833	0.445301	33.240788
-0.0000097712602	-0.00000696139	0.3181945	0.44530817	33.241384
-0.0000097714347	-0.0000069615144	0.31820065	0.44531532	33.241977
-0.0000097716086	-0.0000069616383	0.31820678	0.44532244	33.242569
-0.0000097717819	-0.0000069617617	0.31821289	0.44532953	33.243158
-0.0000097719545	-0.0000069618847	0.31821898	0.4453366	33.243746
-0.0000097721266	-0.0000069620072	0.31822504	0.44534364	33.244331
-0.0000097722979	-0.0000069621293	0.31823108	0.44535066	33.244914
-0.0000097724687	-0.000006962251	0.3182371	0.44535765	33.245495
-0.0000097726388	-0.0000069623722	0.3182431	0.44536462	33.246074
-0.0000097728083	-0.000006962493	0.31824907	0.44537156	33.24665
-0.0000097729772	-0.0000069626133	0.31825503	0.44537847	33.247225
-0.0000097731455	-0.0000069627332	0.31826096	0.44538536	33.247797
-0.0000097733131	-0.0000069628526	0.31826687	0.44539222	33.248368
-0.0000097734801	-0.0000069629716	0.31827276	0.44539906	33.248936
-0.0000097736465	-0.0000069630901	0.31827862	0.44540587	33.249502
-0.0000097738123	-0.0000069632083	0.31828447	0.44541266	33.250066
-0.0000097739775	-0.0000069633259	0.31829029	0.44541942	33.250628
-0.000009774142	-0.0000069634431	0.31829609	0.44542616	33.251188
-0.000009774306	-0.0000069635599	0.31830187	0.44543287	33.251745
-0.0000097744693	-0.0000069636763	0.31830763	0.44543956	33.252301
-0.000009774632	-0.0000069637922	0.31831336	0.44544622	33.252854
-0.0000097747941	-0.0000069639077	0.31831907	0.44545286	33.253406
-0.0000097749555	-0.0000069640227	0.31832477	0.44545947	33.253955
-0.0000097751164	-0.0000069641373	0.31833044	0.44546605	33.254502
-0.0000097752766	-0.0000069642515	0.31833609	0.44547261	33.255047
-0.0000097754363	-0.0000069643652	0.31834172	0.44547915	33.255591
-0.0000097755953	-0.0000069644785	0.31834732	0.44548566	33.256132
-0.0000097757537	-0.0000069645914	0.31835291	0.44549215	33.25667
-0.0000097759116	-0.0000069647038	0.31835847	0.44549861	33.257207
-0.0000097760688	-0.0000069648158	0.31836401	0.44550504	33.257742
-0.0000097762254	-0.0000069649274	0.31836953	0.44551146	33.258275
-0.0000097763814	-0.0000069650385	0.31837503	0.44551784	33.258806
-0.0000097765368	-0.0000069651493	0.31838051	0.4455242	33.259334
-0.0000097766916	-0.0000069652595	0.31838597	0.44553054	33.259861
-0.0000097768458	-0.0000069653694	0.31839141	0.44553686	33.260386
-0.0000097769994	-0.0000069654788	0.31839682	0.44554314	33.260908
-0.0000097771524	-0.0000069655878	0.31840221	0.44554941	33.261429
-0.0000097773048	-0.0000069656964	0.31840759	0.44555565	33.261947
-0.0000097774566	-0.0000069658046	0.31841294	0.44556186	33.262464
-0.0000097776078	-0.0000069659123	0.31841827	0.44556805	33.262978
-0.0000097777584	-0.0000069660196	0.31842358	0.44557422	33.26349
-0.0000097779085	-0.0000069661265	0.31842887	0.44558036	33.264001
-0.0000097780579	-0.0000069662329	0.31843414	0.44558648	33.264509
-0.0000097782067	-0.000006966339	0.31843938	0.44559257	33.265015
-0.000009778355	-0.0000069664446	0.31844461	0.44559864	33.26552
-0.0000097785026	-0.0000069665498	0.31844982	0.44560469	33.266022
-0.0000097786497	-0.0000069666546	0.318455	0.44561071	33.266522
-0.0000097787962	-0.0000069667589	0.31846017	0.4456167	33.267021
-0.0000097789421	-0.0000069668629	0.31846531	0.44562268	33.267517
-0.0000097790874	-0.0000069669664	0.31847043	0.44562862	33.268011
-0.0000097792321	-0.0000069670695	0.31847554	0.44563455	33.268504
-0.0000097793762	-0.0000069671722	0.31848062	0.44564045	33.268994
-0.0000097795198	-0.0000069672745	0.31848568	0.44564633	33.269482
-0.0000097796628	-0.0000069673763	0.31849072	0.44565218	33.269969
-0.0000097798052	-0.0000069674778	0.31849574	0.44565801	33.270453
-0.000009779947	-0.0000069675788	0.31850074	0.44566382	33.270936
-0.0000097800882	-0.0000069676794	0.31850572	0.4456696	33.271416
-0.0000097802289	-0.0000069677796	0.31851068	0.44567536	33.271895
-0.0000097803689	-0.0000069678794	0.31851562	0.44568109	33.272371
-0.0000097805084	-0.0000069679788	0.31852053	0.4456868	33.272846
-0.0000097806474	-0.0000069680778	0.31852543	0.44569249	33.273318
-0.0000097807857	-0.0000069681763	0.31853031	0.44569815	33.273789
-0.0000097809235	-0.0000069682745	0.31853517	0.44570379	33.274258
-0.0000097810607	-0.0000069683723	0.31854001	0.44570941	33.274725
-0.0000097811973	-0.0000069684696	0.31854482	0.445715	33.275189
-0.0000097813334	-0.0000069685665	0.31854962	0.44572057	33.275652
-0.0000097814689	-0.0000069686631	0.3185544	0.44572612	33.276113
-0.0000097816038	-0.0000069687592	0.31855916	0.44573164	33.276572
-0.0000097817382	-0.0000069688549	0.31856389	0.44573715	33.277029
-0.000009781872	-0.0000069689502	0.31856861	0.44574262	33.277485
-0.0000097820052	-0.0000069690452	0.31857331	0.44574808	33.277938
-0.0000097821379	-0.0000069691397	0.31857799	0.44575351	33.278389
-0.00000978227	-0.0000069692338	0.31858264	0.44575892	33.278839
-0.0000097824016	-0.0000069693275	0.31858728	0.4457643	33.279286
-0.0000097825325	-0.0000069694208	0.3185919	0.44576966	33.279732
-0.000009782663	-0.0000069695138	0.3185965	0.445775	33.280175
-0.0000097827928	-0.0000069696063	0.31860108	0.44578032	33.280617
-0.0000097829221	-0.0000069696984	0.31860564	0.44578561	33.281057
-0.0000097830509	-0.0000069697901	0.31861018	0.44579088	33.281495
-0.0000097831791	-0.0000069698815	0.3186147	0.44579613	33.281931
-0.0000097833067	-0.0000069699724	0.3186192	0.44580136	33.282365
-0.0000097834338	-0.0000069700629	0.31862368	0.44580656	33.282798
-0.0000097835603	-0.0000069701531	0.31862814	0.44581174	33.283228
-0.0000097836863	-0.0000069702428	0.31863258	0.4458169	33.283657
-0.0000097838118	-0.0000069703322	0.31863701	0.44582203	33.284083
-0.0000097839366	-0.0000069704212	0.31864141	0.44582714	33.284508
-0.000009784061	-0.0000069705097	0.31864579	0.44583223	33.284931
-0.0000097841848	-0.0000069705979	0.31865016	0.4458373	33.285352
-0.000009784308	-0.0000069706857	0.3186545	0.44584235	33.285772
-0.0000097844307	-0.0000069707732	0.31865883	0.44584737	33.286189
-0.0000097845528	-0.0000069708602	0.31866314	0.44585237	33.286605
-0.0000097846745	-0.0000069709468	0.31866742	0.44585735	33.287018
-0.0000097847955	-0.0000069710331	0.31867169	0.4458623	33.28743
-0.000009784916	-0.0000069711189	0.31867594	0.44586724	33.28784
-0.000009785036	-0.0000069712044	0.31868017	0.44587215	33.288248
-0.0000097851555	-0.0000069712895	0.31868439	0.44587704	33.288655
-0.0000097852744	-0.0000069713742	0.31868858	0.44588191	33.289059
-0.0000097853928	-0.0000069714586	0.31869275	0.44588675	33.289462
-0.0000097855106	-0.0000069715425	0.31869691	0.44589158	33.289863
-0.0000097856279	-0.0000069716261	0.31870104	0.44589638	33.290262
-0.0000097857446	-0.0000069717093	0.31870516	0.44590116	33.290659
-0.0000097858609	-0.0000069717921	0.31870926	0.44590591	33.291055
-0.0000097859766	-0.0000069718745	0.31871334	0.44591065	33.291448
-0.0000097860918	-0.0000069719565	0.3187174	0.44591537	33.29184
-0.0000097862064	-0.0000069720382	0.31872144	0.44592006	33.29223
-0.0000097863205	-0.0000069721195	0.31872547	0.44592473	33.292618
-0.0000097864341	-0.0000069722004	0.31872947	0.44592938	33.293005
-0.0000097865471	-0.000006972281	0.31873346	0.44593401	33.293389
-0.0000097866597	-0.0000069723612	0.31873743	0.44593861	33.293772
-0.0000097867717	-0.000006972441	0.31874138	0.4459432	33.294153
-0.0000097868832	-0.0000069725204	0.31874531	0.44594776	33.294532
-0.0000097869941	-0.0000069725994	0.31874922	0.44595231	33.29491
-0.0000097871046	-0.0000069726781	0.31875311	0.44595683	33.295286
-0.0000097872145	-0.0000069727564	0.31875699	0.44596133	33.295659
-0.0000097873239	-0.0000069728344	0.31876085	0.4459658	33.296032
-0.0000097874328	-0.000006972912	0.31876469	0.44597026	33.296402
-0.0000097875412	-0.0000069729892	0.31876851	0.4459747	33.296771
-0.000009787649	-0.000006973066	0.31877231	0.44597911	33.297138
-0.0000097877563	-0.0000069731425	0.3187761	0.44598351	33.297503
-0.0000097878632	-0.0000069732186	0.31877986	0.44598788	33.297866
-0.0000097879695	-0.0000069732943	0.31878361	0.44599223	33.298228
-0.0000097880753	-0.0000069733697	0.31878734	0.44599656	33.298588
-0.0000097881806	-0.0000069734447	0.31879106	0.44600087	33.298946
-0.0000097882854	-0.0000069735193	0.31879475	0.44600516	33.299302
-0.0000097883896	-0.0000069735936	0.31879843	0.44600943	33.299657
-0.0000097884934	-0.0000069736676	0.31880209	0.44601368	33.30001
-0.0000097885966	-0.0000069737411	0.31880573	0.4460179	33.300361
-0.0000097886994	-0.0000069738143	0.31880935	0.44602211	33.300711
-0.0000097888016	-0.0000069738872	0.31881296	0.4460263	33.301059
-0.0000097889034	-0.0000069739597	0.31881655	0.44603046	33.301405
-0.0000097890046	-0.0000069740318	0.31882012	0.4460346	33.301749
-0.0000097891054	-0.0000069741036	0.31882367	0.44603873	33.302092
-0.0000097892056	-0.000006974175	0.3188272	0.44604283	33.302433
-0.0000097893054	-0.000006974246	0.31883072	0.44604691	33.302773
-0.0000097894046	-0.0000069743168	0.31883422	0.44605098	33.30311
-0.0000097895034	-0.0000069743871	0.3188377	0.44605502	33.303446
-0.0000097896016	-0.0000069744571	0.31884117	0.44605904	33.30378
-0.0000097896994	-0.0000069745268	0.31884462	0.44606304	33.304113
-0.0000097897967	-0.0000069745961	0.31884805	0.44606703	33.304444
-0.0000097898934	-0.000006974665	0.31885146	0.44607099	33.304773
-0.0000097899897	-0.0000069747336	0.31885486	0.44607493	33.305101
-0.0000097900855	-0.0000069748019	0.31885823	0.44607885	33.305427
-0.0000097901808	-0.0000069748698	0.3188616	0.44608275	33.305751
-0.0000097902757	-0.0000069749373	0.31886494	0.44608663	33.306073
-0.00000979037	-0.0000069750045	0.31886827	0.44609049	33.306394
-0.0000097904638	-0.0000069750714	0.31887158	0.44609434	33.306714
-0.0000097905572	-0.0000069751379	0.31887487	0.44609816	33.307031
-0.0000097906501	-0.0000069752041	0.31887814	0.44610196	33.307347
-0.0000097907425	-0.0000069752699	0.3188814	0.44610574	33.307662
-0.0000097908344	-0.0000069753354	0.31888464	0.4461095	33.307974
-0.0000097909258	-0.0000069754005	0.31888787	0.44611325	33.308285
-0.0000097910168	-0.0000069754653	0.31889108	0.44611697	33.308595
-0.0000097911073	-0.0000069755298	0.31889427	0.44612067	33.308903
-0.0000097911973	-0.0000069755939	0.31889744	0.44612436	33.309209
-0.0000097912868	-0.0000069756577	0.3189006	0.44612802	33.309513
-0.0000097913759	-0.0000069757211	0.31890374	0.44613167	33.309816
-0.0000097914645	-0.0000069757843	0.31890686	0.44613529	33.310118
-0.0000097915526	-0.000006975847	0.31890997	0.4461389	33.310417
-0.0000097916402	-0.0000069759095	0.31891306	0.44614249	33.310716
-0.0000097917274	-0.0000069759716	0.31891614	0.44614606	33.311012
-0.0000097918141	-0.0000069760333	0.31891919	0.4461496	33.311307
-0.0000097919003	-0.0000069760948	0.31892223	0.44615313	33.3116
-0.0000097919861	-0.0000069761559	0.31892526	0.44615665	33.311892
-0.0000097920714	-0.0000069762166	0.31892827	0.44616014	33.312182
-0.0000097921562	-0.0000069762771	0.31893126	0.44616361	33.312471
-0.0000097922406	-0.0000069763372	0.31893423	0.44616706	33.312758
-0.0000097923245	-0.000006976397	0.31893719	0.4461705	33.313043
-0.000009792408	-0.0000069764564	0.31894014	0.44617391	33.313327
-0.000009792491	-0.0000069765156	0.31894306	0.44617731	33.31361
-0.0000097925735	-0.0000069765744	0.31894597	0.44618069	33.31389
-0.0000097926556	-0.0000069766328	0.31894887	0.44618405	33.31417
-0.0000097927372	-0.000006976691	0.31895175	0.44618739	33.314447
-0.0000097928183	-0.0000069767488	0.31895461	0.44619071	33.314723
-0.0000097928991	-0.0000069768063	0.31895746	0.44619402	33.314998
-0.0000097929793	-0.0000069768635	0.31896029	0.4461973	33.315271
-0.0000097930591	-0.0000069769203	0.3189631	0.44620057	33.315543
-0.0000097931385	-0.0000069769769	0.3189659	0.44620382	33.315813
-0.0000097932174	-0.0000069770331	0.31896868	0.44620705	33.316081
-0.0000097932958	-0.000006977089	0.31897145	0.44621026	33.316348
-0.0000097933738	-0.0000069771446	0.3189742	0.44621345	33.316613
-0.0000097934514	-0.0000069771998	0.31897694	0.44621662	33.316877
-0.0000097935285	-0.0000069772548	0.31897966	0.44621978	33.31714
-0.0000097936052	-0.0000069773094	0.31898236	0.44622292	33.3174
-0.0000097936814	-0.0000069773637	0.31898505	0.44622604	33.31766
-0.0000097937572	-0.0000069774177	0.31898772	0.44622914	33.317918
-0.0000097938326	-0.0000069774714	0.31899038	0.44623223	33.318174
-0.0000097939075	-0.0000069775248	0.31899302	0.44623529	33.318429
-0.000009793982	-0.0000069775778	0.31899565	0.44623834	33.318682
-0.000009794056	-0.0000069776306	0.31899826	0.44624137	33.318934
-0.0000097941296	-0.000006977683	0.31900086	0.44624438	33.319184
-0.0000097942028	-0.0000069777351	0.31900344	0.44624738	33.319433
-0.0000097942755	-0.0000069777869	0.319006	0.44625036	33.319681
-0.0000097943478	-0.0000069778385	0.31900855	0.44625332	33.319927
-0.0000097944197	-0.0000069778897	0.31901109	0.44625626	33.320171
-0.0000097944911	-0.0000069779405	0.31901361	0.44625918	33.320414
-0.0000097945621	-0.0000069779911	0.31901611	0.44626209	33.320656
-0.0000097946327	-0.0000069780414	0.3190186	0.44626498	33.320896
-0.0000097947029	-0.0000069780914	0.31902107	0.44626785	33.321135
-0.0000097947726	-0.0000069781411	0.31902353	0.4462707	33.321372
-0.0000097948419	-0.0000069781905	0.31902598	0.44627354	33.321608
-0.0000097949108	-0.0000069782395	0.31902841	0.44627636	33.321842
-0.0000097949793	-0.0000069782883	0.31903082	0.44627916	33.322075
-0.0000097950473	-0.0000069783368	0.31903322	0.44628195	33.322306
-0.0000097951149	-0.000006978385	0.31903561	0.44628471	33.322536
-0.0000097951821	-0.0000069784328	0.31903798	0.44628747	33.322765
-0.0000097952489	-0.0000069784804	0.31904033	0.4462902	33.322992
-0.0000097953153	-0.0000069785277	0.31904267	0.44629292	33.323218
-0.0000097953812	-0.0000069785747	0.319045	0.44629562	33.323442
-0.0000097954468	-0.0000069786214	0.31904731	0.4462983	33.323665
-0.0000097955119	-0.0000069786678	0.31904961	0.44630096	33.323887
-0.0000097955766	-0.0000069787139	0.31905189	0.44630361	33.324107
-0.0000097956409	-0.0000069787597	0.31905416	0.44630625	33.324326
-0.0000097957048	-0.0000069788052	0.31905641	0.44630886	33.324543
-0.0000097957683	-0.0000069788505	0.31905865	0.44631146	33.324759
-0.0000097958314	-0.0000069788954	0.31906088	0.44631404	33.324974
-0.0000097958941	-0.0000069789401	0.31906309	0.44631661	33.325187
-0.0000097959564	-0.0000069789845	0.31906528	0.44631916	33.325399
-0.0000097960182	-0.0000069790285	0.31906747	0.44632169	33.325609
-0.0000097960797	-0.0000069790723	0.31906963	0.4463242	33.325819
-0.0000097961408	-0.0000069791158	0.31907179	0.4463267	33.326026
-0.0000097962015	-0.0000069791591	0.31907393	0.44632919	33.326233
-0.0000097962617	-0.000006979202	0.31907605	0.44633165	33.326438
-0.0000097963216	-0.0000069792447	0.31907817	0.44633411	33.326641
-0.0000097963811	-0.000006979287	0.31908026	0.44633654	33.326844
-0.0000097964402	-0.0000069793291	0.31908235	0.44633896	33.327045
-0.0000097964989	-0.0000069793709	0.31908442	0.44634136	33.327244
-0.0000097965572	-0.0000069794125	0.31908647	0.44634375	33.327443
-0.0000097966151	-0.0000069794537	0.31908852	0.44634612	33.32764
-0.0000097966726	-0.0000069794947	0.31909055	0.44634847	33.327835
-0.0000097967297	-0.0000069795354	0.31909256	0.44635081	33.32803
-0.0000097967865	-0.0000069795758	0.31909456	0.44635313	33.328223
-0.0000097968428	-0.000006979616	0.31909655	0.44635544	33.328415
-0.0000097968988	-0.0000069796559	0.31909852	0.44635773	33.328605
-0.0000097969544	-0.0000069796955	0.31910048	0.44636001	33.328794
-0.0000097970096	-0.0000069797348	0.31910243	0.44636227	33.328982
-0.0000097970644	-0.0000069797739	0.31910437	0.44636451	33.329168
-0.0000097971189	-0.0000069798127	0.31910629	0.44636674	33.329354
-0.0000097971729	-0.0000069798512	0.31910819	0.44636895	33.329538
-0.0000097972266	-0.0000069798894	0.31911009	0.44637115	33.32972
-0.0000097972799	-0.0000069799274	0.31911197	0.44637333	33.329902
-0.0000097973329	-0.0000069799651	0.31911383	0.4463755	33.330082
-0.0000097973854	-0.0000069800026	0.31911569	0.44637765	33.33026
-0.0000097974376	-0.0000069800397	0.31911753	0.44637978	33.330438
-0.0000097974894	-0.0000069800767	0.31911936	0.4463819	33.330614
-0.0000097975409	-0.0000069801133	0.31912117	0.44638401	33.330789
-0.000009797592	-0.0000069801497	0.31912297	0.4463861	33.330963
-0.0000097976427	-0.0000069801858	0.31912476	0.44638818	33.331136
-0.000009797693	-0.0000069802217	0.31912654	0.44639024	33.331307
-0.000009797743	-0.0000069802573	0.3191283	0.44639228	33.331477
-0.0000097977926	-0.0000069802926	0.31913005	0.44639431	33.331646
-0.0000097978418	-0.0000069803277	0.31913179	0.44639633	33.331813
-0.0000097978907	-0.0000069803626	0.31913351	0.44639833	33.331979
-0.0000097979393	-0.0000069803971	0.31913522	0.44640032	33.332145
-0.0000097979874	-0.0000069804314	0.31913692	0.44640229	33.332308
-0.0000097980352	-0.0000069804655	0.31913861	0.44640424	33.332471
-0.0000097980827	-0.0000069804993	0.31914028	0.44640619	33.332633
-0.0000097981298	-0.0000069805329	0.31914194	0.44640811	33.332793
-0.0000097981765	-0.0000069805662	0.31914359	0.44641003	33.332952
-0.0000097982229	-0.0000069805992	0.31914523	0.44641193	33.33311
-0.0000097982689	-0.000006980632	0.31914685	0.44641381	33.333266
-0.0000097983146	-0.0000069806646	0.31914846	0.44641568	33.333422
-0.00000979836	-0.0000069806968	0.31915006	0.44641754	33.333576
-0.0000097984049	-0.0000069807289	0.31915165	0.44641938	33.333729
-0.0000097984496	-0.0000069807607	0.31915322	0.4464212	33.333881
-0.0000097984939	-0.0000069807923	0.31915478	0.44642302	33.334031
-0.0000097985378	-0.0000069808236	0.31915633	0.44642482	33.334181
-0.0000097985814	-0.0000069808546	0.31915787	0.4464266	33.334329
-0.0000097986247	-0.0000069808855	0.3191594	0.44642837	33.334476
-0.0000097986676	-0.000006980916	0.31916091	0.44643013	33.334622
-0.0000097987102	-0.0000069809464	0.31916241	0.44643187	33.334767
-0.0000097987524	-0.0000069809765	0.3191639	0.4464336	33.334911
-0.0000097987944	-0.0000069810063	0.31916538	0.44643531	33.335054
-0.0000097988359	-0.0000069810359	0.31916685	0.44643702	33.335195
-0.0000097988772	-0.0000069810653	0.3191683	0.4464387	33.335335
-0.0000097989181	-0.0000069810945	0.31916975	0.44644038	33.335474
-0.0000097989586	-0.0000069811234	0.31917118	0.44644204	33.335612
-0.0000097989989	-0.000006981152	0.3191726	0.44644369	33.335749
-0.0000097990388	-0.0000069811805	0.319174	0.44644532	33.335885
-0.0000097990784	-0.0000069812087	0.3191754	0.44644694	33.33602
-0.0000097991176	-0.0000069812366	0.31917678	0.44644855	33.336153
-0.0000097991566	-0.0000069812644	0.31917816	0.44645014	33.336286
-0.0000097991952	-0.0000069812919	0.31917952	0.44645172	33.336417
-0.0000097992334	-0.0000069813192	0.31918087	0.44645329	33.336547
-0.0000097992714	-0.0000069813462	0.31918221	0.44645484	33.336676
-0.000009799309	-0.000006981373	0.31918354	0.44645638	33.336805
-0.0000097993464	-0.0000069813996	0.31918485	0.44645791	33.336932
-0.0000097993834	-0.000006981426	0.31918616	0.44645942	33.337057
-0.00000979942	-0.0000069814521	0.31918745	0.44646092	33.337182
-0.0000097994564	-0.000006981478	0.31918873	0.44646241	33.337306
-0.0000097994925	-0.0000069815037	0.31919001	0.44646389	33.337429
-0.0000097995282	-0.0000069815292	0.31919127	0.44646535	33.33755
-0.0000097995636	-0.0000069815544	0.31919252	0.4464668	33.337671
-0.0000097995988	-0.0000069815794	0.31919376	0.44646824	33.33779
-0.0000097996336	-0.0000069816042	0.31919498	0.44646966	33.337909
-0.0000097996681	-0.0000069816288	0.3191962	0.44647108	33.338026
-0.0000097997023	-0.0000069816532	0.31919741	0.44647247	33.338142
-0.0000097997362	-0.0000069816773	0.3191986	0.44647386	33.338258
-0.0000097997697	-0.0000069817012	0.31919979	0.44647524	33.338372
-0.000009799803	-0.0000069817249	0.31920096	0.4464766	33.338485
-0.000009799836	-0.0000069817484	0.31920212	0.44647795	33.338597
-0.0000097998687	-0.0000069817717	0.31920328	0.44647929	33.338708
-0.0000097999011	-0.0000069817948	0.31920442	0.44648061	33.338819
-0.0000097999331	-0.0000069818176	0.31920555	0.44648192	33.338928
-0.0000097999649	-0.0000069818403	0.31920667	0.44648323	33.339036
-0.0000097999964	-0.0000069818627	0.31920778	0.44648451	33.339143
-0.0000098000276	-0.0000069818849	0.31920888	0.44648579	33.339249
-0.0000098000585	-0.000006981907	0.31920997	0.44648706	33.339354
-0.0000098000891	-0.0000069819288	0.31921105	0.44648831	33.339458
-0.0000098001195	-0.0000069819504	0.31921212	0.44648955	33.339562
-0.0000098001495	-0.0000069819718	0.31921318	0.44649078	33.339664
-0.0000098001792	-0.000006981993	0.31921423	0.446492	33.339765
-0.0000098002087	-0.000006982014	0.31921527	0.4464932	33.339865
-0.0000098002379	-0.0000069820347	0.3192163	0.4464944	33.339964
-0.0000098002668	-0.0000069820553	0.31921732	0.44649558	33.340063
-0.0000098002954	-0.0000069820757	0.31921833	0.44649675	33.34016
-0.0000098003237	-0.0000069820959	0.31921933	0.44649791	33.340256
-0.0000098003518	-0.0000069821159	0.31922032	0.44649906	33.340352
-0.0000098003795	-0.0000069821357	0.3192213	0.44650019	33.340446
-0.000009800407	-0.0000069821552	0.31922227	0.44650132	33.34054
-0.0000098004342	-0.0000069821746	0.31922323	0.44650243	33.340632
-0.0000098004612	-0.0000069821938	0.31922418	0.44650354	33.340724
-0.0000098004878	-0.0000069822128	0.31922512	0.44650463	33.340815
-0.0000098005142	-0.0000069822316	0.31922605	0.44650571	33.340905
-0.0000098005404	-0.0000069822503	0.31922697	0.44650678	33.340993
-0.0000098005662	-0.0000069822687	0.31922788	0.44650784	33.341081
-0.0000098005918	-0.0000069822869	0.31922878	0.44650888	33.341169
-0.0000098006172	-0.000006982305	0.31922968	0.44650992	33.341255
-0.0000098006422	-0.0000069823228	0.31923056	0.44651095	33.34134
-0.000009800667	-0.0000069823405	0.31923144	0.44651196	33.341424
-0.0000098006915	-0.000006982358	0.3192323	0.44651296	33.341508
-0.0000098007158	-0.0000069823752	0.31923316	0.44651396	33.34159
-0.0000098007398	-0.0000069823924	0.319234	0.44651494	33.341672
-0.0000098007636	-0.0000069824093	0.31923484	0.44651591	33.341753
-0.0000098007871	-0.000006982426	0.31923567	0.44651687	33.341833
-0.0000098008103	-0.0000069824426	0.31923649	0.44651783	33.341912
-0.0000098008333	-0.0000069824589	0.3192373	0.44651877	33.34199
-0.000009800856	-0.0000069824751	0.3192381	0.4465197	33.342067
-0.0000098008785	-0.0000069824912	0.3192389	0.44652062	33.342144
-0.0000098009007	-0.000006982507	0.31923968	0.44652153	33.342219
-0.0000098009227	-0.0000069825227	0.31924046	0.44652243	33.342294
-0.0000098009445	-0.0000069825381	0.31924122	0.44652332	33.342368
-0.0000098009659	-0.0000069825534	0.31924198	0.4465242	33.342441
-0.0000098009872	-0.0000069825686	0.31924273	0.44652506	33.342514
-0.0000098010082	-0.0000069825835	0.31924347	0.44652592	33.342585
-0.0000098010289	-0.0000069825983	0.3192442	0.44652677	33.342656
-0.0000098010494	-0.0000069826129	0.31924493	0.44652761	33.342725
-0.0000098010697	-0.0000069826274	0.31924564	0.44652844	33.342794
-0.0000098010898	-0.0000069826417	0.31924635	0.44652926	33.342862
-0.0000098011096	-0.0000069826558	0.31924705	0.44653007	33.34293
-0.0000098011291	-0.0000069826697	0.31924774	0.44653087	33.342996
-0.0000098011484	-0.0000069826835	0.31924842	0.44653166	33.343062
-0.0000098011675	-0.0000069826971	0.31924909	0.44653245	33.343127
-0.0000098011864	-0.0000069827105	0.31924976	0.44653322	33.343191
-0.000009801205	-0.0000069827238	0.31925041	0.44653398	33.343255
-0.0000098012234	-0.0000069827369	0.31925106	0.44653473	33.343317
-0.0000098012416	-0.0000069827498	0.3192517	0.44653548	33.343379
-0.0000098012596	-0.0000069827626	0.31925234	0.44653621	33.34344
-0.0000098012773	-0.0000069827752	0.31925296	0.44653694	33.3435
-0.0000098012948	-0.0000069827877	0.31925358	0.44653765	33.34356
-0.000009801312	-0.0000069828	0.31925419	0.44653836	33.343619
-0.0000098013291	-0.0000069828122	0.31925479	0.44653906	33.343677
-0.0000098013459	-0.0000069828242	0.31925538	0.44653975	33.343734
-0.0000098013626	-0.000006982836	0.31925597	0.44654043	33.343791
-0.000009801379	-0.0000069828477	0.31925655	0.4465411	33.343846
-0.0000098013951	-0.0000069828592	0.31925712	0.44654176	33.343901
-0.0000098014111	-0.0000069828706	0.31925768	0.44654242	33.343956
-0.0000098014269	-0.0000069828818	0.31925824	0.44654306	33.344009
-0.0000098014424	-0.0000069828929	0.31925879	0.4465437	33.344062
-0.0000098014578	-0.0000069829038	0.31925933	0.44654432	33.344114
-0.0000098014729	-0.0000069829146	0.31925986	0.44654494	33.344166
-0.0000098014878	-0.0000069829252	0.31926039	0.44654555	33.344217
-0.0000098015025	-0.0000069829357	0.31926091	0.44654616	33.344267
-0.000009801517	-0.0000069829461	0.31926142	0.44654675	33.344316
-0.0000098015313	-0.0000069829562	0.31926192	0.44654734	33.344365
-0.0000098015454	-0.0000069829663	0.31926242	0.44654791	33.344413
-0.0000098015593	-0.0000069829762	0.31926291	0.44654848	33.34446
-0.000009801573	-0.000006982986	0.3192634	0.44654904	33.344507
-0.0000098015866	-0.0000069829956	0.31926387	0.4465496	33.344553
-0.0000098015999	-0.0000069830051	0.31926434	0.44655014	33.344598
-0.000009801613	-0.0000069830144	0.3192648	0.44655068	33.344642
-0.0000098016259	-0.0000069830236	0.31926526	0.44655121	33.344686
-0.0000098016386	-0.0000069830327	0.31926571	0.44655173	33.34473
-0.0000098016512	-0.0000069830416	0.31926615	0.44655224	33.344772
-0.0000098016635	-0.0000069830504	0.31926659	0.44655275	33.344814
-0.0000098016757	-0.0000069830591	0.31926702	0.44655324	33.344856
-0.0000098016877	-0.0000069830676	0.31926744	0.44655373	33.344896
-0.0000098016994	-0.000006983076	0.31926785	0.44655422	33.344937
-0.0000098017111	-0.0000069830843	0.31926826	0.44655469	33.344976
-0.0000098017225	-0.0000069830924	0.31926867	0.44655516	33.345015
-0.0000098017337	-0.0000069831004	0.31926906	0.44655562	33.345053
-0.0000098017448	-0.0000069831083	0.31926945	0.44655607	33.345091
-0.0000098017557	-0.0000069831161	0.31926984	0.44655652	33.345128
-0.0000098017664	-0.0000069831237	0.31927022	0.44655696	33.345164
-0.0000098017769	-0.0000069831312	0.31927059	0.44655739	33.3452
-0.0000098017873	-0.0000069831386	0.31927095	0.44655781	33.345235
-0.0000098017975	-0.0000069831458	0.31927131	0.44655823	33.34527
-0.0000098018075	-0.000006983153	0.31927166	0.44655864	33.345304
-0.0000098018173	-0.00000698316	0.31927201	0.44655904	33.345338
-0.000009801827	-0.0000069831669	0.31927235	0.44655944	33.34537
-0.0000098018365	-0.0000069831737	0.31927269	0.44655983	33.345403
-0.0000098018458	-0.0000069831803	0.31927302	0.44656021	33.345435
-0.000009801855	-0.0000069831869	0.31927334	0.44656058	33.345466
-0.000009801864	-0.0000069831933	0.31927366	0.44656095	33.345496
-0.0000098018729	-0.0000069831996	0.31927397	0.44656131	33.345527
-0.0000098018816	-0.0000069832058	0.31927428	0.44656167	33.345556
-0.0000098018901	-0.0000069832119	0.31927458	0.44656202	33.345585
-0.0000098018985	-0.0000069832178	0.31927488	0.44656236	33.345614
-0.0000098019067	-0.0000069832237	0.31927517	0.4465627	33.345642
-0.0000098019148	-0.0000069832294	0.31927545	0.44656303	33.345669
-0.0000098019227	-0.0000069832351	0.31927573	0.44656335	33.345696
-0.0000098019305	-0.0000069832406	0.319276	0.44656367	33.345722
-0.0000098019381	-0.000006983246	0.31927627	0.44656398	33.345748
-0.0000098019455	-0.0000069832513	0.31927654	0.44656429	33.345774
-0.0000098019529	-0.0000069832566	0.31927679	0.44656459	33.345799
-0.00000980196	-0.0000069832617	0.31927705	0.44656488	33.345823
-0.0000098019671	-0.0000069832667	0.31927729	0.44656517	33.345847
-0.0000098019739	-0.0000069832716	0.31927754	0.44656545	33.34587
-0.0000098019807	-0.0000069832764	0.31927778	0.44656573	33.345893
-0.0000098019873	-0.0000069832811	0.31927801	0.446566	33.345916
-0.0000098019938	-0.0000069832857	0.31927824	0.44656626	33.345938
-0.0000098020001	-0.0000069832902	0.31927846	0.44656652	33.345959
-0.0000098020063	-0.0000069832946	0.31927868	0.44656677	33.34598
-0.0000098020123	-0.0000069832989	0.31927889	0.44656702	33.346001
-0.0000098020183	-0.0000069833031	0.3192791	0.44656726	33.346021
-0.000009802024	-0.0000069833073	0.3192793	0.4465675	33.346041
-0.0000098020297	-0.0000069833113	0.3192795	0.44656773	33.34606
-0.0000098020352	-0.0000069833153	0.3192797	0.44656796	33.346079
-0.0000098020406	-0.0000069833191	0.31927989	0.44656818	33.346097
-0.0000098020459	-0.0000069833229	0.31928008	0.4465684	33.346115
-0.0000098020511	-0.0000069833265	0.31928026	0.44656861	33.346133
-0.0000098020561	-0.0000069833301	0.31928044	0.44656881	33.34615
-0.000009802061	-0.0000069833336	0.31928061	0.44656902	33.346167
-0.0000098020658	-0.000006983337	0.31928078	0.44656921	33.346183
-0.0000098020705	-0.0000069833404	0.31928094	0.4465694	33.346199
-0.0000098020751	-0.0000069833436	0.3192811	0.44656959	33.346214
-0.0000098020795	-0.0000069833468	0.31928126	0.44656977	33.34623
-0.0000098020838	-0.0000069833499	0.31928141	0.44656995	33.346244
-0.000009802088	-0.0000069833529	0.31928156	0.44657012	33.346259
-0.0000098020921	-0.0000069833558	0.31928171	0.44657029	33.346273
-0.0000098020961	-0.0000069833586	0.31928185	0.44657045	33.346286
-0.0000098021	-0.0000069833614	0.31928198	0.44657061	33.346299
-0.0000098021038	-0.0000069833641	0.31928212	0.44657077	33.346312
-0.0000098021075	-0.0000069833667	0.31928225	0.44657092	33.346325
-0.000009802111	-0.0000069833693	0.31928237	0.44657106	33.346337
-0.0000098021145	-0.0000069833717	0.3192825	0.4465712	33.346349
-0.0000098021179	-0.0000069833741	0.31928261	0.44657134	33.34636
-0.0000098021211	-0.0000069833764	0.31928273	0.44657148	33.346371
-0.0000098021243	-0.0000069833787	0.31928284	0.4465716	33.346382
-0.0000098021274	-0.0000069833809	0.31928295	0.44657173	33.346392
-0.0000098021304	-0.000006983383	0.31928305	0.44657185	33.346403
-0.0000098021332	-0.0000069833851	0.31928316	0.44657197	33.346412
-0.000009802136	-0.0000069833871	0.31928325	0.44657208	33.346422
-0.0000098021387	-0.000006983389	0.31928335	0.4465722	33.346431
-0.0000098021413	-0.0000069833908	0.31928344	0.4465723	33.34644
-0.0000098021439	-0.0000069833926	0.31928353	0.44657241	33.346448
-0.0000098021463	-0.0000069833944	0.31928362	0.4465725	33.346457
-0.0000098021486	-0.000006983396	0.3192837	0.4465726	33.346465
-0.0000098021509	-0.0000069833977	0.31928378	0.44657269	33.346472
-0.0000098021531	-0.0000069833992	0.31928386	0.44657278	33.34648
-0.0000098021552	-0.0000069834007	0.31928393	0.44657287	33.346487
-0.0000098021572	-0.0000069834022	0.319284	0.44657295	33.346494
-0.0000098021592	-0.0000069834036	0.31928407	0.44657303	33.346501
-0.0000098021611	-0.0000069834049	0.31928414	0.44657311	33.346507
-0.0000098021629	-0.0000069834062	0.3192842	0.44657318	33.346513
-0.0000098021646	-0.0000069834074	0.31928426	0.44657325	33.346519
-0.0000098021662	-0.0000069834086	0.31928432	0.44657332	33.346525
-0.0000098021678	-0.0000069834097	0.31928438	0.44657339	33.34653
-0.0000098021693	-0.0000069834108	0.31928443	0.44657345	33.346535
-0.0000098021708	-0.0000069834118	0.31928448	0.44657351	33.34654
-0.0000098021722	-0.0000069834128	0.31928453	0.44657356	33.346545
-0.0000098021735	-0.0000069834137	0.31928458	0.44657362	33.346549
-0.0000098021747	-0.0000069834146	0.31928462	0.44657367	33.346554
-0.0000098021759	-0.0000069834155	0.31928466	0.44657372	33.346558
-0.0000098021771	-0.0000069834163	0.3192847	0.44657376	33.346561
-0.0000098021782	-0.0000069834171	0.31928474	0.44657381	33.346565
-0.0000098021792	-0.0000069834178	0.31928478	0.44657385	33.346569
-0.0000098021802	-0.0000069834185	0.31928481	0.44657389	33.346572
-0.0000098021811	-0.0000069834191	0.31928484	0.44657393	33.346575
-0.0000098021819	-0.0000069834198	0.31928487	0.44657396	33.346578
-0.0000098021827	-0.0000069834203	0.3192849	0.446574	33.346581
-0.0000098021835	-0.0000069834209	0.31928493	0.44657403	33.346583
-0.0000098021842	-0.0000069834214	0.31928495	0.44657406	33.346586
-0.0000098021849	-0.0000069834219	0.31928498	0.44657408	33.346588
-0.0000098021855	-0.0000069834223	0.319285	0.44657411	33.34659
-0.0000098021861	-0.0000069834227	0.31928502	0.44657413	33.346592
-0.0000098021866	-0.0000069834231	0.31928504	0.44657416	33.346594
-0.0000098021871	-0.0000069834235	0.31928506	0.44657418	33.346596
-0.0000098021876	-0.0000069834238	0.31928507	0.4465742	33.346597
-0.000009802188	-0.0000069834241	0.31928509	0.44657421	33.346599
-0.0000098021884	-0.0000069834244	0.3192851	0.44657423	33.3466
-0.0000098021888	-0.0000069834246	0.31928511	0.44657424	33.346601
-0.0000098021891	-0.0000069834249	0.31928513	0.44657426	33.346602
-0.0000098021894	-0.0000069834251	0.31928514	0.44657427	33.346603
-0.0000098021896	-0.0000069834253	0.31928515	0.44657428	33.346604
-0.0000098021899	-0.0000069834254	0.31928515	0.44657429	33.346605
-0.0000098021901	-0.0000069834256	0.31928516	0.4465743	33.346606
-0.0000098021903	-0.0000069834257	0.31928517	0.4465743	33.346606
-0.0000098021904	-0.0000069834258	0.31928517	0.44657431	33.346607
-0.0000098021906	-0.0000069834259	0.31928518	0.44657432	33.346607
-0.0000098021907	-0.000006983426	0.31928518	0.44657432	33.346608
-0.0000098021908	-0.0000069834261	0.31928519	0.44657433	33.346608
-0.0000098021909	-0.0000069834261	0.31928519	0.44657433	33.346608
-0.000009802191	-0.0000069834262	0.31928519	0.44657433	33.346609
-0.000009802191	-0.0000069834262	0.31928519	0.44657434	33.346609
-0.0000098021911	-0.0000069834263	0.3192852	0.44657434	33.346609
-0.0000098021911	-0.0000069834263	0.3192852	0.44657434	33.346609
-0.0000098021911	-0.0000069834263	0.3192852	0.44657434	33.346609
-0.0000098021911	-0.0000069834263	0.3192852	0.44657434	33.346609
-0.0000098021911	-0.0000069834263	0.3192852	0.44657434	33.346609
-0.0000098021911	-0.0000069834263	0.3192852	0.44657434	33.346609
-0.0000098021911	-0.0000069834263	0.3192852	0.44657434	33.346609
-0.0000098021911	-0.0000069834263	0.3192852	0.44657434	33.346609