-0.0031	69.8409	-10.0357	-0.0045	113.8079
-0.0031	69.8409	-10.0357	-0.0045	113.8079
-0.0031	69.8409	-10.0357	-0.0045	113.8079
-0.0031	69.8409	-10.0357	-0.0045	113.8079
-0.0031	69.8409	-10.0357	-0.0045	113.8079
-0.0031	69.8409	-10.0357	-0.0045	113.8079
-0.0031	69.8409	-10.0357	-0.0045	113.8079
-0.0031	69.8409	-10.0357	-0.0045	113.8079
-0.0031	69.8409	-10.0357	-0.0045	113.8079
-0.0031	69.8409	-10.0357	-0.0045	113.8079
-0.0031	69.8409	-10.0357	-0.0045	113.8079
-0.0031	69.8409	-10.0357	-0.0045	113.8079
-0.0031	69.8409	-10.0357	-0.0045	113.8079
-0.0031	69.8409	-10.0357	-0.0045	113.8079
-0.0031	69.8409	-10.0357	-0.0045	113.8079
-0.0031	69.8409	-10.0357	-0.0045	113.8079
-0.0031	69.8409	-10.0357	-0.0045	113.8079
-0.0031	69.8409	-10.0357	-0.0045	113.8079
-0.0031	69.8409	-10.0357	-0.0045	113.8079
-0.0031	69.8409	-10.0357	-0.0045	113.8079
-0.0031	69.8409	-10.0357	-0.0045	113.8079
-0.0031	69.8409	-10.0357	-0.0045	113.8079
-0.0031	69.8409	-10.0357	-0.0045	113.8079
-0.0031	69.8409	-10.0357	-0.0045	113.8079
-0.0031	69.8409	-10.0357	-0.0045	113.8079
-0.0031	69.8409	-10.0357	-0.0045	113.8079
-0.0031	69.8409	-10.0357	-0.0045	113.8079
-0.0031	69.8409	-10.0357	-0.0045	113.8079
-0.0031	69.8409	-10.0357	-0.0045	113.8079
-0.0031	69.8409	-10.0357	-0.0045	113.8079
-0.0031	69.8409	-10.0357	-0.0045	113.8079
-0.0031	69.8409	-10.0357	-0.0045	113.8079
-0.0031	69.8409	-10.0357	-0.0045	113.8079
-0.0031	69.8409	-10.0357	-0.0045	113.8079
-0.0031	69.8409	-10.0357	-0.0045	113.8079
-0.0031	69.8409	-10.0357	-0.0045	113.8079
-0.0031	69.8409	-10.0357	-0.0045	113.8079
-0.0031	69.8409	-10.0357	-0.0045	113.8079
-0.0031	69.8409	-10.0357	-0.0045	113.8079
-0.0031	69.8409	-10.0357	-0.0045	113.8079
-0.0031	69.8409	-10.0357	-0.0045	113.8079
-0.0031	69.8409	-10.0357	-0.0045	113.8079
-0.0031	69.8409	-10.0357	-0.0045	113.8079
-0.0031	69.8409	-10.0357	-0.0045	113.8079
-0.0031	69.8409	-10.0357	-0.0045	113.8079
-0.0031	69.8409	-10.0357	-0.0045	113.808
-0.0031	69.8409	-10.0357	-0.0045	113.808
-0.0031	69.8409	-10.0357	-0.0045	113.808
-0.0031	69.8409	-10.0357	-0.0045	113.808
-0.0031	69.8409	-10.0357	-0.0045	113.808
-0.0031	69.8409	-10.0357	-0.0045	113.808
-0.0031	69.8409	-10.0357	-0.0045	113.808
-0.0031	69.8409	-10.0357	-0.0045	113.808
-0.0031	69.8409	-10.0357	-0.0045	113.808
-0.0031	69.8409	-10.0357	-0.0045	113.808
-0.0031	69.8409	-10.0357	-0.0045	113.808
-0.0031	69.8409	-10.0357	-0.0045	113.808
-0.0031	69.8409	-10.0357	-0.0045	113.808
-0.0031	69.8409	-10.0357	-0.0045	113.808
-0.0031	69.8409	-10.0357	-0.0045	113.808
-0.0031	69.8409	-10.0357	-0.0045	113.808
-0.0031	69.8409	-10.0357	-0.0045	113.808
-0.0031	69.8409	-10.0357	-0.0045	113.808
-0.0031	69.8409	-10.0357	-0.0045	113.808
-0.0031	69.8409	-10.0357	-0.0045	113.8081
-0.0031	69.8409	-10.0357	-0.0045	113.8081
-0.0031	69.8409	-10.0357	-0.0045	113.8081
-0.0031	69.8409	-10.0357	-0.0045	113.8081
-0.0031	69.8409	-10.0357	-0.0045	113.8081
-0.0031	69.8409	-10.0357	-0.0045	113.8081
-0.0031	69.8409	-10.0357	-0.0045	113.8081
-0.0031	69.8409	-10.0357	-0.0045	113.8081
-0.0031	69.8409	-10.0357	-0.0045	113.8081
-0.0031	69.8409	-10.0357	-0.0045	113.8081
-0.0031	69.8409	-10.0358	-0.0045	113.8081
-0.0031	69.8409	-10.0358	-0.0045	113.8081
-0.0031	69.8409	-10.0358	-0.0045	113.8082
-0.0031	69.8409	-10.0358	-0.0045	113.8082
-0.0031	69.8409	-10.0358	-0.0045	113.8082
-0.0031	69.8409	-10.0358	-0.0045	113.8082
-0.0031	69.8409	-10.0358	-0.0045	113.8082
-0.0031	69.8409	-10.0358	-0.0045	113.8082
-0.0031	69.8409	-10.0358	-0.0045	113.8082
-0.0031	69.8409	-10.0358	-0.0045	113.8082
-0.0031	69.8409	-10.0358	-0.0045	113.8082
-0.0031	69.8409	-10.0358	-0.0045	113.8083
-0.0031	69.8409	-10.0358	-0.0045	113.8083
-0.0031	69.8409	-10.0358	-0.0045	113.8083
-0.0031	69.8409	-10.0358	-0.0045	113.8083
-0.0031	69.8409	-10.0358	-0.0045	113.8083
-0.0031	69.8409	-10.0358	-0.0045	113.8083
-0.0031	69.8409	-10.0358	-0.0045	113.8083
-0.0031	69.8409	-10.0358	-0.0045	113.8083
-0.0031	69.8409	-10.0358	-0.0045	113.8084
-0.0031	69.8409	-10.0358	-0.0045	113.8084
-0.0031	69.8409	-10.0358	-0.0045	113.8084
-0.0031	69.8409	-10.0358	-0.0045	113.8084
-0.0031	69.8409	-10.0358	-0.0045	113.8084
-0.0031	69.8409	-10.0358	-0.0045	113.8084
-0.0031	69.8409	-10.0358	-0.0045	113.8085
-0.0031	69.8409	-10.0358	-0.0045	113.8085
-0.0031	69.8409	-10.0358	-0.0045	113.8085
-0.0031	69.8409	-10.0358	-0.0045	113.8085
-0.0031	69.8409	-10.0358	-0.0045	113.8085
-0.0031	69.8409	-10.0358	-0.0045	113.8085
-0.0031	69.8409	-10.0358	-0.0045	113.8086
-0.0031	69.8409	-10.0358	-0.0045	113.8086
-0.0031	69.8409	-10.0359	-0.0045	113.8086
-0.0031	69.8409	-10.0359	-0.0045	113.8086
-0.0031	69.8409	-10.0359	-0.0045	113.8086
-0.0031	69.8409	-10.0359	-0.0045	113.8087
-0.0031	69.8409	-10.0359	-0.0045	113.8087
-0.0031	69.8409	-10.0359	-0.0045	113.8087
-0.0031	69.8409	-10.0359	-0.0045	113.8087
-0.0031	69.8409	-10.0359	-0.0045	113.8088
-0.0031	69.8409	-10.0359	-0.0045	113.8088
-0.0031	69.8409	-10.0359	-0.0045	113.8088
-0.0031	69.8409	-10.0359	-0.0045	113.8088
-0.0031	69.8409	-10.0359	-0.0045	113.8088
-0.0031	69.8409	-10.0359	-0.0045	113.8089
-0.0031	69.8409	-10.0359	-0.0045	113.8089
-0.0031	69.8409	-10.0359	-0.0045	113.8089
-0.0031	69.8409	-10.0359	-0.0045	113.8089
-0.0031	69.8409	-10.0359	-0.0045	113.809
-0.0031	69.8409	-10.0359	-0.0045	113.809
-0.0031	69.8409	-10.0359	-0.0045	113.809
-0.0031	69.8409	-10.0359	-0.0045	113.809
-0.0031	69.8409	-10.036	-0.0045	113.8091
-0.0031	69.8409	-10.036	-0.0045	113.8091
-0.0031	69.8409	-10.036	-0.0045	113.8091
-0.0031	69.8409	-10.036	-0.0045	113.8092
-0.0031	69.8409	-10.036	-0.0045	113.8092
-0.0031	69.8409	-10.036	-0.0045	113.8092
-0.0031	69.8409	-10.036	-0.0045	113.8092
-0.0031	69.8409	-10.036	-0.0045	113.8093
-0.0031	69.8409	-10.036	-0.0045	113.8093
-0.0031	69.8409	-10.036	-0.0045	113.8093
-0.0031	69.8409	-10.036	-0.0045	113.8094
-0.0031	69.8409	-10.036	-0.0045	113.8094
-0.0031	69.8409	-10.036	-0.0045	113.8094
-0.0031	69.8409	-10.036	-0.0045	113.8095
-0.0031	69.8409	-10.036	-0.0045	113.8095
-0.0031	69.8409	-10.0361	-0.0045	113.8095
-0.0031	69.8409	-10.0361	-0.0045	113.8096
-0.0031	69.8409	-10.0361	-0.0045	113.8096
-0.0031	69.8409	-10.0361	-0.0045	113.8096
-0.0031	69.8409	-10.0361	-0.0045	113.8097
-0.0031	69.8409	-10.0361	-0.0045	113.8097
-0.0031	69.8409	-10.0361	-0.0045	113.8098
-0.0031	69.8409	-10.0361	-0.0045	113.8098
-0.0031	69.8409	-10.0361	-0.0045	113.8098
-0.0031	69.8409	-10.0361	-0.0045	113.8099
-0.0031	69.8409	-10.0361	-0.0045	113.8099
-0.0031	69.8409	-10.0361	-0.0045	113.8099
-0.0031	69.8409	-10.0361	-0.0045	113.81
-0.0031	69.8409	-10.0362	-0.0045	113.81
-0.0031	69.8409	-10.0362	-0.0045	113.8101
-0.0031	69.8409	-10.0362	-0.0045	113.8101
-0.0031	69.8409	-10.0362	-0.0045	113.8102
-0.0031	69.8409	-10.0362	-0.0045	113.8102
-0.0031	69.8409	-10.0362	-0.0045	113.8102
-0.0031	69.8409	-10.0362	-0.0045	113.8103
-0.0031	69.8409	-10.0362	-0.0045	113.8103
-0.0031	69.8409	-10.0362	-0.0045	113.8104
-0.0031	69.8409	-10.0362	-0.0045	113.8104
-0.0031	69.8409	-10.0363	-0.0045	113.8105
-0.0031	69.8409	-10.0363	-0.0045	113.8105
-0.0031	69.8409	-10.0363	-0.0045	113.8106
-0.0031	69.8409	-10.0363	-0.0045	113.8106
-0.0031	69.8409	-10.0363	-0.0045	113.8107
-0.0031	69.8409	-10.0363	-0.0045	113.8107
-0.0031	69.8409	-10.0363	-0.0045	113.8107
-0.0031	69.8409	-10.0363	-0.0045	113.8108
-0.0031	69.8409	-10.0363	-0.0045	113.8108
-0.0031	69.8409	-10.0363	-0.0045	113.8109
-0.0031	69.8409	-10.0364	-0.0045	113.811
-0.0031	69.8409	-10.0364	-0.0045	113.811
-0.0031	69.8409	-10.0364	-0.0045	113.8111
-0.0031	69.8409	-10.0364	-0.0045	113.8111
-0.0031	69.8409	-10.0364	-0.0045	113.8112
-0.0031	69.8409	-10.0364	-0.0045	113.8112
-0.0031	69.8409	-10.0364	-0.0045	113.8113
-0.0031	69.8409	-10.0364	-0.0045	113.8113
-0.0031	69.8409	-10.0365	-0.0045	113.8114
-0.0031	69.8409	-10.0365	-0.0045	113.8114
-0.0031	69.8409	-10.0365	-0.0045	113.8115
-0.0031	69.8409	-10.0365	-0.0045	113.8116
-0.0031	69.8409	-10.0365	-0.0045	113.8116
-0.0031	69.8409	-10.0365	-0.0045	113.8117
-0.0031	69.8409	-10.0365	-0.0045	113.8117
-0.0031	69.8409	-10.0365	-0.0045	113.8118
-0.0031	69.8409	-10.0366	-0.0045	113.8119
-0.0031	69.8409	-10.0366	-0.0045	113.8119
-0.0031	69.8409	-10.0366	-0.0045	113.812
-0.0031	69.8409	-10.0366	-0.0045	113.812
-0.0031	69.8409	-10.0366	-0.0045	113.8121
-0.0031	69.8409	-10.0366	-0.0045	113.8122
-0.0031	69.8409	-10.0366	-0.0045	113.8122
-0.0031	69.8409	-10.0366	-0.0045	113.8123
-0.0031	69.8409	-10.0367	-0.0045	113.8124
-0.0031	69.8409	-10.0367	-0.0045	113.8124
-0.0031	69.8409	-10.0367	-0.0045	113.8125
-0.0031	69.8409	-10.0367	-0.0045	113.8126
-0.0031	69.8409	-10.0367	-0.0045	113.8126
-0.0031	69.8409	-10.0367	-0.0045	113.8127
-0.0031	69.8409	-10.0368	-0.0045	113.8128
-0.0031	69.8409	-10.0368	-0.0045	113.8129
-0.0031	69.8409	-10.0368	-0.0045	113.8129
-0.0031	69.8409	-10.0368	-0.0045	113.813
-0.0031	69.8409	-10.0368	-0.0045	113.8131
-0.0031	69.8409	-10.0368	-0.0045	113.8131
-0.0031	69.8409	-10.0368	-0.0045	113.8132
-0.0031	69.8409	-10.0369	-0.0045	113.8133
-0.0031	69.8409	-10.0369	-0.0045	113.8134
-0.0031	69.8409	-10.0369	-0.0045	113.8134
-0.0031	69.8409	-10.0369	-0.0045	113.8135
-0.0031	69.8409	-10.0369	-0.0045	113.8136
-0.0031	69.8409	-10.0369	-0.0045	113.8137
-0.0031	69.8409	-10.037	-0.0045	113.8138
-0.0031	69.8409	-10.037	-0.0045	113.8138
-0.0031	69.8409	-10.037	-0.0045	113.8139
-0.0031	69.8409	-10.037	-0.0045	113.814
-0.0031	69.8409	-10.037	-0.0045	113.8141
-0.0031	69.8409	-10.0371	-0.0045	113.8142
-0.0031	69.8409	-10.0371	-0.0045	113.8142
-0.0031	69.8409	-10.0371	-0.0045	113.8143
-0.0031	69.8409	-10.0371	-0.0045	113.8144
-0.0031	69.8409	-10.0371	-0.0045	113.8145
-0.0031	69.8409	-10.0371	-0.0045	113.8146
-0.0031	69.8409	-10.0372	-0.0045	113.8147
-0.0031	69.8409	-10.0372	-0.0045	113.8148
-0.0031	69.8409	-10.0372	-0.0045	113.8149
-0.0031	69.8409	-10.0372	-0.0045	113.8149
-0.0031	69.8409	-10.0372	-0.0045	113.815
-0.0031	69.8409	-10.0373	-0.0045	113.8151
-0.0031	69.8409	-10.0373	-0.0045	113.8152
-0.0031	69.8409	-10.0373	-0.0045	113.8153
-0.0031	69.8409	-10.0373	-0.0045	113.8154
-0.0031	69.8409	-10.0373	-0.0045	113.8155
-0.0031	69.8409	-10.0374	-0.0045	113.8156
-0.0031	69.8409	-10.0374	-0.0045	113.8157
-0.0031	69.8409	-10.0374	-0.0045	113.8158
-0.0031	69.8409	-10.0374	-0.0045	113.8159
-0.0031	69.8409	-10.0374	-0.0045	113.816
-0.0031	69.8409	-10.0375	-0.0045	113.8161
-0.0031	69.8409	-10.0375	-0.0045	113.8162
-0.0031	69.8409	-10.0375	-0.0045	113.8163
-0.0031	69.8409	-10.0375	-0.0045	113.8164
-0.0031	69.8409	-10.0376	-0.0045	113.8165
-0.0031	69.8409	-10.0376	-0.0045	113.8166
-0.0031	69.8409	-10.0376	-0.0045	113.8167
-0.0031	69.8409	-10.0376	-0.0045	113.8168
-0.0031	69.8409	-10.0376	-0.0045	113.8169
-0.0031	69.8409	-10.0377	-0.0045	113.817
-0.0031	69.8409	-10.0377	-0.0045	113.8171
-0.0031	69.8409	-10.0377	-0.0045	113.8172
-0.0031	69.8409	-10.0377	-0.0045	113.8173
-0.0031	69.8409	-10.0378	-0.0045	113.8174
-0.0031	69.8409	-10.0378	-0.0045	113.8175
-0.0031	69.8409	-10.0378	-0.0045	113.8177
-0.0031	69.8409	-10.0378	-0.0045	113.8178
-0.0031	69.8409	-10.0379	-0.0045	113.8179
-0.0031	69.8409	-10.0379	-0.0045	113.818
-0.0031	69.8409	-10.0379	-0.0045	113.8181
-0.0031	69.8409	-10.0379	-0.0045	113.8182
-0.0031	69.8409	-10.038	-0.0045	113.8183
-0.0031	69.8409	-10.038	-0.0045	113.8185
-0.0031	69.8409	-10.038	-0.0045	113.8186
-0.0031	69.8409	-10.038	-0.0045	113.8187
-0.0031	69.8409	-10.0381	-0.0045	113.8188
-0.0031	69.8409	-10.0381	-0.0045	113.8189
-0.0031	69.8409	-10.0381	-0.0045	113.8191
-0.0031	69.8409	-10.0381	-0.0045	113.8192
-0.0031	69.8409	-10.0382	-0.0045	113.8193
-0.0031	69.8409	-10.0382	-0.0045	113.8194
-0.0031	69.8409	-10.0382	-0.0045	113.8195
-0.0031	69.8409	-10.0382	-0.0045	113.8197
-0.0031	69.8409	-10.0383	-0.0045	113.8198
-0.0031	69.8409	-10.0383	-0.0045	113.8199
-0.0031	69.8409	-10.0383	-0.0045	113.8201
-0.0031	69.8409	-10.0383	-0.0045	113.8202
-0.0031	69.8409	-10.0384	-0.0045	113.8203
-0.0031	69.8409	-10.0384	-0.0045	113.8204
-0.0031	69.8409	-10.0384	-0.0045	113.8206
-0.0031	69.8409	-10.0385	-0.0045	113.8207
-0.0031	69.8409	-10.0385	-0.0045	113.8208
-0.0031	69.8409	-10.0385	-0.0045	113.821
-0.0031	69.8409	-10.0385	-0.0045	113.8211
-0.0031	69.8409	-10.0386	-0.0045	113.8212
-0.0031	69.8409	-10.0386	-0.0045	113.8214
-0.0031	69.8409	-10.0386	-0.0045	113.8215
-0.0031	69.8409	-10.0387	-0.0045	113.8217
-0.0031	69.8409	-10.0387	-0.0045	113.8218
-0.0031	69.8409	-10.0387	-0.0045	113.8219
-0.0031	69.8409	-10.0388	-0.0045	113.8221
-0.0031	69.8409	-10.0388	-0.0045	113.8222
-0.0031	69.8409	-10.0388	-0.0045	113.8224
-0.0031	69.8409	-10.0389	-0.0045	113.8225
-0.0031	69.8409	-10.0389	-0.0045	113.8227
-0.0031	69.8409	-10.0389	-0.0045	113.8228
-0.0031	69.8409	-10.0389	-0.0045	113.823
-0.0031	69.8409	-10.039	-0.0045	113.8231
-0.0031	69.8409	-10.039	-0.0045	113.8233
-0.0031	69.8409	-10.039	-0.0045	113.8234
-0.0031	69.8409	-10.0391	-0.0045	113.8236
-0.0031	69.8409	-10.0391	-0.0045	113.8237
-0.0031	69.8409	-10.0391	-0.0045	113.8239
-0.0031	69.8409	-10.0392	-0.0045	113.824
-0.0031	69.8409	-10.0392	-0.0045	113.8242
-0.0031	69.8409	-10.0392	-0.0045	113.8243
-0.0031	69.8409	-10.0393	-0.0045	113.8245
-0.0031	69.8409	-10.0393	-0.0045	113.8246
-0.0031	69.8409	-10.0393	-0.0045	113.8248
-0.0031	69.8409	-10.0394	-0.0045	113.825
-0.0031	69.8409	-10.0394	-0.0045	113.8251
-0.0031	69.8409	-10.0394	-0.0045	113.8253
-0.0031	69.8409	-10.0395	-0.0045	113.8254
-0.0031	69.8409	-10.0395	-0.0045	113.8256
-0.0031	69.8409	-10.0396	-0.0045	113.8258
-0.0031	69.8409	-10.0396	-0.0045	113.8259
-0.0031	69.8409	-10.0396	-0.0045	113.8261
-0.0031	69.8409	-10.0397	-0.0045	113.8263
-0.0031	69.8409	-10.0397	-0.0045	113.8264
-0.0031	69.8409	-10.0397	-0.0045	113.8266
-0.0031	69.8409	-10.0398	-0.0045	113.8268
-0.0031	69.8409	-10.0398	-0.0045	113.827
-0.0031	69.8409	-10.0398	-0.0045	113.8271
-0.0031	69.8409	-10.0399	-0.0045	113.8273
-0.0031	69.8409	-10.0399	-0.0045	113.8275
-0.0031	69.8409	-10.04	-0.0045	113.8277
-0.0031	69.8409	-10.04	-0.0045	113.8278
-0.0031	69.8409	-10.04	-0.0045	113.828
-0.0031	69.8409	-10.0401	-0.0045	113.8282
-0.0031	69.8409	-10.0401	-0.0045	113.8284
-0.0031	69.8409	-10.0402	-0.0045	113.8286
-0.0031	69.8409	-10.0402	-0.0045	113.8287
-0.0031	69.8409	-10.0402	-0.0045	113.8289
-0.0031	69.8409	-10.0403	-0.0045	113.8291
-0.0031	69.8409	-10.0403	-0.0045	113.8293
-0.0031	69.8409	-10.0404	-0.0045	113.8295
-0.0031	69.8409	-10.0404	-0.0045	113.8297
-0.0031	69.8409	-10.0404	-0.0045	113.8299
-0.0031	69.8409	-10.0405	-0.0045	113.83
-0.0031	69.8409	-10.0405	-0.0045	113.8302
-0.0031	69.8409	-10.0406	-0.0045	113.8304
-0.0031	69.8409	-10.0406	-0.0045	113.8306
-0.0031	69.8409	-10.0406	-0.0045	113.8308
-0.0031	69.8409	-10.0407	-0.0045	113.831
-0.0031	69.8409	-10.0407	-0.0045	113.8312
-0.0031	69.8409	-10.0408	-0.0045	113.8314
-0.0031	69.8409	-10.0408	-0.0045	113.8316
-0.0031	69.8409	-10.0409	-0.0045	113.8318
-0.0031	69.8409	-10.0409	-0.0045	113.832
-0.0031	69.8409	-10.0409	-0.0045	113.8322
-0.0031	69.8409	-10.041	-0.0045	113.8324
-0.0031	69.8409	-10.041	-0.0045	113.8326
-0.0031	69.8409	-10.0411	-0.0045	113.8328
-0.0031	69.8409	-10.0411	-0.0045	113.833
-0.0031	69.8409	-10.0412	-0.0045	113.8332
-0.0031	69.8409	-10.0412	-0.0045	113.8334
-0.0031	69.8409	-10.0413	-0.0045	113.8337
-0.0031	69.8409	-10.0413	-0.0045	113.8339
-0.0031	69.8409	-10.0413	-0.0045	113.8341
-0.0031	69.8409	-10.0414	-0.0045	113.8343
-0.0031	69.8409	-10.0414	-0.0045	113.8345
-0.0031	69.8409	-10.0415	-0.0045	113.8347
-0.0031	69.8409	-10.0415	-0.0045	113.8349
-0.0031	69.8409	-10.0416	-0.0045	113.8352
-0.0031	69.8409	-10.0416	-0.0045	113.8354
-0.0031	69.8409	-10.0417	-0.0045	113.8356
-0.0031	69.8409	-10.0417	-0.0045	113.8358
-0.0031	69.8409	-10.0418	-0.0045	113.836
-0.0031	69.8409	-10.0418	-0.0045	113.8363
-0.0031	69.8409	-10.0419	-0.0045	113.8365
-0.0031	69.8409	-10.0419	-0.0045	113.8367
-0.0031	69.8409	-10.042	-0.0045	113.8369
-0.0031	69.8409	-10.042	-0.0045	113.8372
-0.0031	69.8409	-10.0421	-0.0045	113.8374
-0.0031	69.8409	-10.0421	-0.0045	113.8376
-0.0031	69.8409	-10.0422	-0.0045	113.8379
-0.0031	69.8409	-10.0422	-0.0045	113.8381
-0.0031	69.8409	-10.0423	-0.0045	113.8383
-0.0031	69.8409	-10.0423	-0.0045	113.8386
-0.0031	69.8409	-10.0424	-0.0045	113.8388
-0.0031	69.8409	-10.0424	-0.0045	113.839
-0.0031	69.8409	-10.0425	-0.0045	113.8393
-0.0031	69.8409	-10.0425	-0.0045	113.8395
-0.0031	69.8409	-10.0426	-0.0045	113.8398
-0.0031	69.8409	-10.0426	-0.0045	113.84
-0.0031	69.8409	-10.0427	-0.0045	113.8402
-0.0031	69.8409	-10.0427	-0.0045	113.8405
-0.0031	69.8409	-10.0428	-0.0045	113.8407
-0.0031	69.8409	-10.0428	-0.0045	113.841
-0.0031	69.8409	-10.0429	-0.0045	113.8412
-0.0031	69.8409	-10.0429	-0.0045	113.8415
-0.0031	69.8409	-10.043	-0.0045	113.8417
-0.0031	69.8409	-10.0431	-0.0045	113.842
-0.0031	69.8409	-10.0431	-0.0045	113.8422
-0.0031	69.8409	-10.0432	-0.0045	113.8425
-0.0031	69.8409	-10.0432	-0.0045	113.8427
-0.0031	69.8409	-10.0433	-0.0045	113.843
-0.0031	69.8409	-10.0433	-0.0045	113.8433
-0.0031	69.8409	-10.0434	-0.0045	113.8435
-0.0031	69.8409	-10.0434	-0.0045	113.8438
-0.0031	69.8409	-10.0435	-0.0045	113.844
-0.0031	69.8409	-10.0436	-0.0045	113.8443
-0.0031	69.8409	-10.0436	-0.0045	113.8446
-0.0031	69.8409	-10.0437	-0.0045	113.8448
-0.0031	69.8409	-10.0437	-0.0045	113.8451
-0.0031	69.8409	-10.0438	-0.0045	113.8454
-0.0031	69.8409	-10.0438	-0.0045	113.8456
-0.0031	69.8409	-10.0439	-0.0045	113.8459
-0.0031	69.8409	-10.044	-0.0045	113.8462
-0.0031	69.8409	-10.044	-0.0045	113.8464
-0.0031	69.8409	-10.0441	-0.0045	113.8467
-0.0031	69.8409	-10.0441	-0.0045	113.847
-0.0031	69.8409	-10.0442	-0.0045	113.8473
-0.0031	69.8409	-10.0443	-0.0045	113.8475
-0.0031	69.8409	-10.0443	-0.0045	113.8478
-0.0031	69.8409	-10.0444	-0.0045	113.8481
-0.0031	69.8409	-10.0444	-0.0045	113.8484
-0.0031	69.8409	-10.0445	-0.0045	113.8487
-0.0031	69.8409	-10.0446	-0.0045	113.849
-0.0031	69.8409	-10.0446	-0.0045	113.8492
-0.0031	69.8409	-10.0447	-0.0045	113.8495
-0.0031	69.8409	-10.0447	-0.0045	113.8498
-0.0031	69.8409	-10.0448	-0.0045	113.8501
-0.0031	69.8409	-10.0449	-0.0045	113.8504
-0.0031	69.8409	-10.0449	-0.0045	113.8507
-0.0031	69.8409	-10.045	-0.0045	113.851
-0.0031	69.8409	-10.0451	-0.0045	113.8513
-0.0031	69.8409	-10.0451	-0.0045	113.8516
-0.0031	69.8409	-10.0452	-0.0045	113.8519
-0.0031	69.8409	-10.0452	-0.0045	113.8522
-0.0031	69.8409	-10.0453	-0.0045	113.8525
-0.0031	69.8409	-10.0454	-0.0045	113.8528
-0.0031	69.8409	-10.0454	-0.0045	113.8531
-0.0031	69.8409	-10.0455	-0.0045	113.8534
-0.0031	69.8409	-10.0456	-0.0045	113.8537
-0.0031	69.8409	-10.0456	-0.0045	113.854
-0.0031	69.8409	-10.0457	-0.0045	113.8543
-0.0031	69.8409	-10.0458	-0.0045	113.8546
-0.0031	69.8409	-10.0458	-0.0045	113.8549
-0.0031	69.8409	-10.0459	-0.0045	113.8552
-0.0031	69.8409	-10.046	-0.0045	113.8555
-0.0031	69.8409	-10.046	-0.0045	113.8559
-0.0031	69.8409	-10.0461	-0.0045	113.8562
-0.0031	69.8409	-10.0462	-0.0045	113.8565
-0.0031	69.8409	-10.0463	-0.0045	113.8568
-0.0031	69.8409	-10.0463	-0.0045	113.8571
-0.0031	69.8409	-10.0464	-0.0045	113.8575
-0.0031	69.8409	-10.0465	-0.0045	113.8578
-0.0031	69.8409	-10.0465	-0.0045	113.8581
-0.0031	69.8409	-10.0466	-0.0045	113.8584
-0.0031	69.8409	-10.0467	-0.0045	113.8587
-0.0031	69.8409	-10.0467	-0.0045	113.8591
-0.0031	69.8409	-10.0468	-0.0045	113.8594
-0.0031	69.8409	-10.0469	-0.0045	113.8597
-0.0031	69.8409	-10.047	-0.0045	113.8601
-0.0031	69.8409	-10.047	-0.0045	113.8604
-0.0031	69.8409	-10.0471	-0.0045	113.8607
-0.0031	69.8409	-10.0472	-0.0045	113.8611
-0.0031	69.8409	-10.0472	-0.0045	113.8614
-0.0031	69.8409	-10.0473	-0.0045	113.8618
-0.0031	69.8409	-10.0474	-0.0045	113.8621
-0.0031	69.8409	-10.0475	-0.0045	113.8624
-0.0031	69.8409	-10.0475	-0.0045	113.8628
-0.0031	69.8409	-10.0476	-0.0045	113.8631
-0.0031	69.8409	-10.0477	-0.0045	113.8635
-0.0031	69.8409	-10.0478	-0.0045	113.8638
-0.0031	69.8409	-10.0478	-0.0045	113.8642
-0.0031	69.8409	-10.0479	-0.0045	113.8645
-0.0031	69.8409	-10.048	-0.0045	113.8649
-0.0031	69.8409	-10.0481	-0.0045	113.8652
-0.0031	69.8409	-10.0481	-0.0045	113.8656
-0.0031	69.8409	-10.0482	-0.0045	113.8659
-0.0031	69.8409	-10.0483	-0.0045	113.8663
-0.0031	69.8409	-10.0484	-0.0045	113.8666
-0.0031	69.8409	-10.0485	-0.0045	113.867
-0.0031	69.8409	-10.0485	-0.0045	113.8674
-0.0031	69.8409	-10.0486	-0.0045	113.8677
-0.0031	69.8409	-10.0487	-0.0045	113.8681
-0.0031	69.8409	-10.0488	-0.0045	113.8685
-0.0031	69.8409	-10.0488	-0.0045	113.8688
-0.0031	69.8409	-10.0489	-0.0045	113.8692
-0.0031	69.8409	-10.049	-0.0045	113.8696
-0.0031	69.8409	-10.0491	-0.0045	113.8699
-0.0031	69.8409	-10.0492	-0.0045	113.8703
-0.0031	69.8409	-10.0492	-0.0045	113.8707
-0.0031	69.8409	-10.0493	-0.0045	113.8711
-0.0031	69.8409	-10.0494	-0.0045	113.8714
-0.0031	69.8409	-10.0495	-0.0045	113.8718
-0.0031	69.8409	-10.0496	-0.0045	113.8722
-0.0031	69.8409	-10.0497	-0.0045	113.8726
-0.0031	69.8409	-10.0497	-0.0045	113.873
-0.0031	69.8409	-10.0498	-0.0045	113.8734
-0.0031	69.8409	-10.0499	-0.0045	113.8737
-0.0031	69.8409	-10.05	-0.0045	113.8741
-0.0031	69.8409	-10.0501	-0.0045	113.8745
-0.0031	69.8409	-10.0502	-0.0045	113.8749
-0.0031	69.8409	-10.0502	-0.0045	113.8753
-0.0031	69.8409	-10.0503	-0.0045	113.8757
-0.0031	69.8409	-10.0504	-0.0045	113.8761
-0.0031	69.8409	-10.0505	-0.0045	113.8765
-0.0031	69.8409	-10.0506	-0.0045	113.8769
-0.0031	69.8409	-10.0507	-0.0045	113.8773
-0.0031	69.8409	-10.0508	-0.0045	113.8777
-0.0031	69.8409	-10.0508	-0.0045	113.8781
-0.0031	69.8409	-10.0509	-0.0045	113.8785
-0.0031	69.8409	-10.051	-0.0045	113.8789
-0.0031	69.8409	-10.0511	-0.0045	113.8793
-0.0031	69.8409	-10.0512	-0.0045	113.8797
-0.0031	69.8409	-10.0513	-0.0045	113.8801
-0.0031	69.8409	-10.0514	-0.0045	113.8805
-0.0031	69.8409	-10.0515	-0.0045	113.8809
-0.0031	69.8409	-10.0515	-0.0045	113.8814
-0.0031	69.8409	-10.0516	-0.0045	113.8818
-0.0031	69.8409	-10.0517	-0.0045	113.8822
-0.0031	69.8409	-10.0518	-0.0045	113.8826
-0.0031	69.8409	-10.0519	-0.0045	113.883
-0.0031	69.8409	-10.052	-0.0045	113.8835
-0.0031	69.8409	-10.0521	-0.0045	113.8839
-0.0031	69.8409	-10.0522	-0.0045	113.8843
-0.0031	69.8409	-10.0523	-0.0045	113.8847
-0.0031	69.8409	-10.0524	-0.0045	113.8852
-0.0031	69.8409	-10.0525	-0.0045	113.8856
-0.0031	69.8409	-10.0526	-0.0045	113.886
-0.0031	69.8409	-10.0526	-0.0045	113.8865
-0.0031	69.8409	-10.0527	-0.0045	113.8869
-0.0031	69.8409	-10.0528	-0.0045	113.8873
-0.0031	69.8409	-10.0529	-0.0045	113.8878
-0.0031	69.8409	-10.053	-0.0045	113.8882
-0.0031	69.8409	-10.0531	-0.0045	113.8886
-0.0031	69.8409	-10.0532	-0.0045	113.8891
-0.0031	69.8409	-10.0533	-0.0045	113.8895
-0.0031	69.8409	-10.0534	-0.0045	113.89
-0.0031	69.8409	-10.0535	-0.0045	113.8904
-0.0031	69.8409	-10.0536	-0.0045	113.8909
-0.0031	69.8409	-10.0537	-0.0045	113.8913
-0.0031	69.8409	-10.0538	-0.0045	113.8918
-0.0031	69.8409	-10.0539	-0.0045	113.8922
-0.0031	69.8409	-10.054	-0.0045	113.8927
-0.0031	69.8409	-10.0541	-0.0045	113.8931
-0.0031	69.8409	-10.0542	-0.0045	113.8936
-0.0031	69.8409	-10.0543	-0.0045	113.8941
-0.0031	69.8409	-10.0544	-0.0045	113.8945
-0.0031	69.8409	-10.0545	-0.0045	113.895
-0.0031	69.8409	-10.0546	-0.0045	113.8955
-0.0031	69.8409	-10.0547	-0.0045	113.8959
-0.0031	69.8409	-10.0548	-0.0045	113.8964
-0.0031	69.8409	-10.0549	-0.0045	113.8969
-0.0031	69.8409	-10.055	-0.0045	113.8973
-0.0031	69.8409	-10.0551	-0.0045	113.8978
-0.0031	69.8409	-10.0552	-0.0045	113.8983
-0.0031	69.8409	-10.0553	-0.0045	113.8987
-0.0031	69.8409	-10.0554	-0.0045	113.8992
-0.0031	69.8409	-10.0555	-0.0045	113.8997
-0.0031	69.8409	-10.0556	-0.0045	113.9002
-0.0031	69.8409	-10.0557	-0.0045	113.9007
-0.0031	69.8409	-10.0558	-0.0045	113.9012
-0.0031	69.8409	-10.0559	-0.0045	113.9016
-0.0031	69.8409	-10.056	-0.0045	113.9021
-0.0031	69.8409	-10.0561	-0.0045	113.9026
-0.0031	69.8409	-10.0562	-0.0045	113.9031
-0.0031	69.8409	-10.0563	-0.0045	113.9036
-0.0031	69.8409	-10.0564	-0.0045	113.9041
-0.0031	69.8409	-10.0566	-0.0045	113.9046
-0.0031	69.8409	-10.0567	-0.0045	113.9051
-0.0031	69.8409	-10.0568	-0.0045	113.9056
-0.0031	69.8409	-10.0569	-0.0045	113.9061
-0.0031	69.8409	-10.057	-0.0045	113.9066
-0.0031	69.8409	-10.0571	-0.0045	113.9071
-0.0031	69.8409	-10.0572	-0.0045	113.9076
-0.0031	69.8409	-10.0573	-0.0045	113.9081
-0.0031	69.8409	-10.0574	-0.0045	113.9086
-0.0031	69.8409	-10.0575	-0.0045	113.9091
-0.0031	69.8409	-10.0576	-0.0045	113.9096
-0.0031	69.8409	-10.0578	-0.0045	113.9101
-0.0031	69.8409	-10.0579	-0.0045	113.9107
-0.0031	69.8409	-10.058	-0.0045	113.9112
-0.0031	69.8409	-10.0581	-0.0045	113.9117
-0.0031	69.8409	-10.0582	-0.0045	113.9122
-0.0031	69.8409	-10.0583	-0.0045	113.9127
-0.0031	69.8409	-10.0584	-0.0045	113.9133
-0.0031	69.8409	-10.0585	-0.0045	113.9138
-0.0031	69.8409	-10.0587	-0.0045	113.9143
-0.0031	69.8409	-10.0588	-0.0045	113.9148
-0.0031	69.8409	-10.0589	-0.0045	113.9154
-0.0031	69.8409	-10.059	-0.0045	113.9159
-0.0031	69.8409	-10.0591	-0.0045	113.9164
-0.0031	69.8409	-10.0592	-0.0045	113.917
-0.0031	69.8409	-10.0593	-0.0045	113.9175
-0.0031	69.8409	-10.0595	-0.0045	113.918
-0.0031	69.8409	-10.0596	-0.0045	113.9186
-0.0031	69.8409	-10.0597	-0.0045	113.9191
-0.0031	69.8409	-10.0598	-0.0045	113.9197
-0.0031	69.8409	-10.0599	-0.0045	113.9202
-0.0031	69.8409	-10.06	-0.0045	113.9208
-0.0031	69.8409	-10.0602	-0.0045	113.9213
-0.0031	69.8409	-10.0603	-0.0045	113.9219
-0.0031	69.8409	-10.0604	-0.0045	113.9224
-0.0031	69.8409	-10.0605	-0.0045	113.923
-0.0031	69.8409	-10.0606	-0.0045	113.9235
-0.0031	69.8409	-10.0608	-0.0045	113.9241
-0.0031	69.8409	-10.0609	-0.0045	113.9246
-0.0031	69.8409	-10.061	-0.0045	113.9252
-0.0031	69.8409	-10.0611	-0.0045	113.9258
-0.0031	69.8409	-10.0612	-0.0045	113.9263
-0.0031	69.8409	-10.0614	-0.0045	113.9269
-0.0031	69.8409	-10.0615	-0.0045	113.9275
-0.0031	69.8409	-10.0616	-0.0045	113.928
-0.0031	69.8409	-10.0617	-0.0045	113.9286
-0.0031	69.8409	-10.0619	-0.0045	113.9292
-0.0031	69.8409	-10.062	-0.0045	113.9297
-0.0031	69.8409	-10.0621	-0.0045	113.9303
-0.0031	69.8409	-10.0622	-0.0045	113.9309
-0.0031	69.8409	-10.0624	-0.0045	113.9315
-0.0031	69.8409	-10.0625	-0.0045	113.9321
-0.0031	69.8409	-10.0626	-0.0045	113.9326
-0.0031	69.8409	-10.0627	-0.0045	113.9332
-0.0031	69.8409	-10.0629	-0.0045	113.9338
-0.0031	69.8409	-10.063	-0.0045	113.9344
-0.0031	69.8409	-10.0631	-0.0045	113.935
-0.0031	69.8409	-10.0632	-0.0045	113.9356
-0.0031	69.8409	-10.0634	-0.0045	113.9362
-0.0031	69.8409	-10.0635	-0.0045	113.9368
-0.0031	69.8409	-10.0636	-0.0045	113.9374
-0.0031	69.8409	-10.0638	-0.0045	113.938
-0.0031	69.8409	-10.0639	-0.0045	113.9386
-0.0031	69.8409	-10.064	-0.0045	113.9392
-0.0031	69.8409	-10.0641	-0.0045	113.9398
-0.0031	69.8409	-10.0643	-0.0045	113.9404
-0.0031	69.8409	-10.0644	-0.0045	113.941
-0.0031	69.8409	-10.0645	-0.0045	113.9416
-0.0031	69.8409	-10.0647	-0.0045	113.9422
-0.0031	69.8409	-10.0648	-0.0045	113.9428
-0.0031	69.8409	-10.0649	-0.0045	113.9435
-0.0031	69.8409	-10.0651	-0.0045	113.9441
-0.0031	69.8409	-10.0652	-0.0045	113.9447
-0.0031	69.8409	-10.0653	-0.0045	113.9453
-0.0031	69.8409	-10.0655	-0.0045	113.9459
-0.0031	69.8409	-10.0656	-0.0045	113.9466
-0.0031	69.8409	-10.0657	-0.0045	113.9472
-0.0031	69.8409	-10.0659	-0.0045	113.9478
-0.0031	69.8409	-10.066	-0.0045	113.9484
-0.0031	69.8409	-10.0662	-0.0045	113.9491
-0.0031	69.8409	-10.0663	-0.0045	113.9497
-0.0031	69.8409	-10.0664	-0.0045	113.9503
-0.0031	69.8409	-10.0666	-0.0045	113.951
-0.0031	69.8409	-10.0667	-0.0045	113.9516
-0.0031	69.8409	-10.0668	-0.0045	113.9523
-0.0031	69.8409	-10.067	-0.0045	113.9529
-0.0031	69.8409	-10.0671	-0.0045	113.9535
-0.0031	69.8409	-10.0673	-0.0045	113.9542
-0.0031	69.8409	-10.0674	-0.0045	113.9548
-0.0031	69.8409	-10.0675	-0.0045	113.9555
-0.0031	69.8409	-10.0677	-0.0045	113.9561
-0.0031	69.8409	-10.0678	-0.0045	113.9568
-0.0031	69.8409	-10.068	-0.0045	113.9574
-0.0031	69.8409	-10.0681	-0.0045	113.9581
-0.0031	69.8409	-10.0682	-0.0045	113.9588
-0.0031	69.8409	-10.0684	-0.0045	113.9594
-0.0031	69.8409	-10.0685	-0.0045	113.9601
-0.0031	69.8409	-10.0687	-0.0045	113.9608
-0.0031	69.8409	-10.0688	-0.0045	113.9614
-0.0031	69.8409	-10.069	-0.0045	113.9621
-0.0031	69.8409	-10.0691	-0.0045	113.9628
-0.0031	69.8409	-10.0693	-0.0045	113.9634
-0.0031	69.8409	-10.0694	-0.0045	113.9641
-0.0031	69.8409	-10.0695	-0.0045	113.9648
-0.0031	69.8409	-10.0697	-0.0045	113.9655
-0.0031	69.8409	-10.0698	-0.0045	113.9661
-0.0031	69.8409	-10.07	-0.0045	113.9668
-0.0031	69.8409	-10.0701	-0.0045	113.9675
-0.0031	69.8409	-10.0703	-0.0045	113.9682
-0.0031	69.8409	-10.0704	-0.0045	113.9689
-0.0031	69.8409	-10.0706	-0.0045	113.9696
-0.0031	69.8409	-10.0707	-0.0045	113.9703
-0.0031	69.8409	-10.0709	-0.0045	113.9709
-0.0031	69.8409	-10.071	-0.0045	113.9716
-0.0031	69.8409	-10.0712	-0.0045	113.9723
-0.0031	69.8409	-10.0713	-0.0045	113.973
-0.0031	69.8409	-10.0715	-0.0045	113.9737
-0.0031	69.8409	-10.0716	-0.0045	113.9744
-0.0031	69.8409	-10.0718	-0.0045	113.9751
-0.0031	69.8409	-10.0719	-0.0045	113.9758
-0.0031	69.8409	-10.0721	-0.0045	113.9766
-0.0031	69.8409	-10.0722	-0.0045	113.9773
-0.0031	69.8409	-10.0724	-0.0045	113.978
-0.0031	69.8409	-10.0725	-0.0045	113.9787
-0.0031	69.8409	-10.0727	-0.0045	113.9794
-0.0031	69.8409	-10.0729	-0.0045	113.9801
-0.0031	69.8409	-10.073	-0.0045	113.9808
-0.0031	69.8409	-10.0732	-0.0045	113.9816
-0.0031	69.8409	-10.0733	-0.0045	113.9823
-0.0031	69.8409	-10.0735	-0.0045	113.983
-0.0031	69.8409	-10.0736	-0.0045	113.9837
-0.0031	69.8409	-10.0738	-0.0045	113.9845
-0.0031	69.8409	-10.0739	-0.0045	113.9852
-0.0031	69.8409	-10.0741	-0.0045	113.9859
-0.0031	69.8409	-10.0743	-0.0045	113.9867
-0.0031	69.8409	-10.0744	-0.0045	113.9874
-0.0031	69.8409	-10.0746	-0.0045	113.9881
-0.0031	69.8409	-10.0747	-0.0045	113.9889
-0.0031	69.8409	-10.0749	-0.0045	113.9896
-0.0031	69.8409	-10.0751	-0.0045	113.9904
-0.0031	69.8409	-10.0752	-0.0045	113.9911
-0.0031	69.8409	-10.0754	-0.0045	113.9919
-0.0031	69.8409	-10.0755	-0.0045	113.9926
-0.0031	69.8409	-10.0757	-0.0045	113.9934
-0.0031	69.8409	-10.0759	-0.0045	113.9941
-0.0031	69.8409	-10.076	-0.0045	113.9949
-0.0031	69.8409	-10.0762	-0.0045	113.9956
-0.0031	69.8409	-10.0764	-0.0045	113.9964
-0.0031	69.8409	-10.0765	-0.0045	113.9971
-0.0031	69.8409	-10.0767	-0.0045	113.9979
-0.0031	69.8409	-10.0769	-0.0045	113.9987
-0.0031	69.8409	-10.077	-0.0045	113.9994
-0.0031	69.8409	-10.0772	-0.0045	114.0002
-0.0031	69.8409	-10.0774	-0.0045	114.001
-0.0031	69.8409	-10.0775	-0.0045	114.0018
-0.0031	69.8409	-10.0777	-0.0045	114.0025
-0.0031	69.8409	-10.0779	-0.0045	114.0033
-0.0031	69.8409	-10.078	-0.0045	114.0041
-0.0031	69.8409	-10.0782	-0.0045	114.0049
-0.0031	69.8409	-10.0784	-0.0045	114.0057
-0.0031	69.8409	-10.0785	-0.0045	114.0064
-0.0031	69.8409	-10.0787	-0.0045	114.0072
-0.0031	69.8409	-10.0789	-0.0045	114.008
-0.0031	69.8409	-10.079	-0.0045	114.0088
-0.0031	69.8409	-10.0792	-0.0045	114.0096
-0.0031	69.8409	-10.0794	-0.0045	114.0104
-0.0031	69.8409	-10.0796	-0.0045	114.0112
-0.0031	69.8409	-10.0797	-0.0045	114.012
-0.0031	69.8409	-10.0799	-0.0045	114.0128
-0.0031	69.8409	-10.0801	-0.0045	114.0136
-0.0031	69.8409	-10.0802	-0.0045	114.0144
-0.0031	69.8409	-10.0804	-0.0045	114.0152
-0.0031	69.8409	-10.0806	-0.0045	114.016
-0.0031	69.8409	-10.0808	-0.0045	114.0168
-0.0031	69.8409	-10.0809	-0.0045	114.0176
-0.0031	69.8409	-10.0811	-0.0045	114.0185
-0.0031	69.8409	-10.0813	-0.0045	114.0193
-0.0031	69.8409	-10.0815	-0.0045	114.0201
-0.0031	69.8409	-10.0817	-0.0045	114.0209
-0.0031	69.8409	-10.0818	-0.0045	114.0217
-0.0031	69.8409	-10.082	-0.0045	114.0226
-0.0031	69.8409	-10.0822	-0.0045	114.0234
-0.0031	69.8409	-10.0824	-0.0045	114.0242
-0.0031	69.8409	-10.0825	-0.0045	114.0251
-0.0031	69.8409	-10.0827	-0.0045	114.0259
-0.0031	69.8409	-10.0829	-0.0045	114.0267
-0.0031	69.8409	-10.0831	-0.0045	114.0276
-0.0031	69.8409	-10.0833	-0.0045	114.0284
-0.0031	69.8409	-10.0834	-0.0045	114.0292
-0.0031	69.8409	-10.0836	-0.0045	114.0301
-0.0031	69.8409	-10.0838	-0.0045	114.0309
-0.0031	69.8409	-10.084	-0.0045	114.0318
-0.0031	69.8409	-10.0842	-0.0045	114.0326
-0.0031	69.8409	-10.0844	-0.0045	114.0335
-0.0031	69.8409	-10.0845	-0.0045	114.0343
-0.0031	69.8409	-10.0847	-0.0045	114.0352
-0.0031	69.8409	-10.0849	-0.0045	114.0361
-0.0031	69.8409	-10.0851	-0.0045	114.0369
-0.0031	69.8409	-10.0853	-0.0045	114.0378
-0.0031	69.8409	-10.0855	-0.0045	114.0386
-0.0031	69.8409	-10.0857	-0.0045	114.0395
-0.0031	69.8409	-10.0858	-0.0045	114.0404
-0.0031	69.8409	-10.086	-0.0045	114.0412
-0.0031	69.8409	-10.0862	-0.0045	114.0421
-0.0031	69.8409	-10.0864	-0.0045	114.043
-0.0031	69.8409	-10.0866	-0.0045	114.0439
-0.0031	69.8409	-10.0868	-0.0045	114.0447
-0.0031	69.8409	-10.087	-0.0045	114.0456
-0.0031	69.8409	-10.0872	-0.0045	114.0465
-0.0031	69.8409	-10.0874	-0.0045	114.0474
-0.0031	69.8409	-10.0876	-0.0045	114.0483
-0.0031	69.8409	-10.0877	-0.0045	114.0492
-0.0031	69.8409	-10.0879	-0.0045	114.0501
-0.0031	69.8409	-10.0881	-0.0045	114.051
-0.0031	69.8409	-10.0883	-0.0045	114.0518
-0.0031	69.8409	-10.0885	-0.0045	114.0527
-0.0031	69.8409	-10.0887	-0.0045	114.0536
-0.0031	69.8409	-10.0889	-0.0045	114.0545
-0.0031	69.8409	-10.0891	-0.0045	114.0554
-0.0031	69.8409	-10.0893	-0.0045	114.0564
-0.0031	69.8409	-10.0895	-0.0045	114.0573
-0.0031	69.8409	-10.0897	-0.0045	114.0582
-0.0031	69.8409	-10.0899	-0.0045	114.0591
-0.0031	69.8409	-10.0901	-0.0045	114.06
-0.0031	69.8409	-10.0903	-0.0045	114.0609
-0.0031	69.8409	-10.0905	-0.0045	114.0618
-0.0031	69.8409	-10.0907	-0.0045	114.0628
-0.0031	69.8409	-10.0909	-0.0045	114.0637
-0.0031	69.8409	-10.0911	-0.0045	114.0646
-0.0031	69.8409	-10.0913	-0.0045	114.0655
-0.0031	69.8409	-10.0915	-0.0045	114.0665
-0.0031	69.8409	-10.0917	-0.0045	114.0674
-0.0031	69.8409	-10.0919	-0.0045	114.0683
-0.0031	69.8409	-10.0921	-0.0045	114.0693
-0.0031	69.8409	-10.0923	-0.0045	114.0702
-0.0031	69.8409	-10.0925	-0.0045	114.0711
-0.0031	69.8409	-10.0927	-0.0045	114.0721
-0.0031	69.8409	-10.0929	-0.0045	114.073
-0.0031	69.8409	-10.0931	-0.0045	114.074
-0.0031	69.8409	-10.0933	-0.0045	114.0749
-0.0031	69.8409	-10.0935	-0.0045	114.0759
-0.0031	69.8409	-10.0937	-0.0045	114.0768
-0.0031	69.8409	-10.0939	-0.0045	114.0778
-0.0031	69.8409	-10.0941	-0.0045	114.0787
-0.0031	69.8409	-10.0943	-0.0045	114.0797
-0.0031	69.8409	-10.0945	-0.0045	114.0806
-0.0031	69.8409	-10.0947	-0.0045	114.0816
-0.0031	69.8409	-10.0949	-0.0045	114.0826
-0.0031	69.8409	-10.0952	-0.0045	114.0835
-0.0031	69.8409	-10.0954	-0.0045	114.0845
-0.0031	69.8409	-10.0956	-0.0045	114.0855
-0.0031	69.8409	-10.0958	-0.0045	114.0864
-0.0031	69.8409	-10.096	-0.0045	114.0874
-0.0031	69.8409	-10.0962	-0.0045	114.0884
-0.0031	69.8409	-10.0964	-0.0045	114.0894
-0.0031	69.8409	-10.0966	-0.0045	114.0904
-0.0031	69.8409	-10.0968	-0.0045	114.0913
-0.0031	69.8409	-10.0971	-0.0045	114.0923
-0.0031	69.8409	-10.0973	-0.0045	114.0933
-0.0031	69.8409	-10.0975	-0.0045	114.0943
-0.0031	69.8409	-10.0977	-0.0045	114.0953
-0.0031	69.8409	-10.0979	-0.0045	114.0963
-0.0031	69.8409	-10.0981	-0.0045	114.0973
-0.0031	69.8409	-10.0983	-0.0045	114.0983
-0.0031	69.8409	-10.0986	-0.0045	114.0993
-0.0031	69.8409	-10.0988	-0.0045	114.1003
-0.0031	69.8409	-10.099	-0.0045	114.1013
-0.0031	69.8409	-10.0992	-0.0045	114.1023
-0.0031	69.8409	-10.0994	-0.0045	114.1033
-0.0031	69.8409	-10.0996	-0.0045	114.1043
-0.0031	69.8409	-10.0999	-0.0045	114.1054
-0.0031	69.8409	-10.1001	-0.0045	114.1064
-0.0031	69.8409	-10.1003	-0.0045	114.1074
-0.0031	69.8409	-10.1005	-0.0045	114.1084
-0.0031	69.8409	-10.1007	-0.0045	114.1094
-0.0031	69.8409	-10.101	-0.0045	114.1105
-0.0031	69.8409	-10.1012	-0.0045	114.1115
-0.0031	69.8409	-10.1014	-0.0045	114.1125
-0.0031	69.8409	-10.1016	-0.0045	114.1136
-0.0031	69.8409	-10.1019	-0.0045	114.1146
-0.0031	69.8409	-10.1021	-0.0045	114.1156
-0.0031	69.8409	-10.1023	-0.0045	114.1167
-0.0031	69.8409	-10.1025	-0.0045	114.1177
-0.0031	69.8409	-10.1028	-0.0045	114.1187
-0.0031	69.8409	-10.103	-0.0045	114.1198
-0.0031	69.8409	-10.1032	-0.0045	114.1208
-0.0031	69.8409	-10.1034	-0.0045	114.1219
-0.0031	69.8409	-10.1037	-0.0045	114.1229
-0.0031	69.8409	-10.1039	-0.0045	114.124
-0.0031	69.8409	-10.1041	-0.0045	114.1251
-0.0031	69.8409	-10.1043	-0.0045	114.1261
-0.0031	69.8409	-10.1046	-0.0045	114.1272
-0.0031	69.8409	-10.1048	-0.0045	114.1282
-0.0031	69.8409	-10.105	-0.0045	114.1293
-0.0031	69.8409	-10.1053	-0.0045	114.1304
-0.0031	69.8409	-10.1055	-0.0045	114.1314
-0.0031	69.8409	-10.1057	-0.0045	114.1325
-0.0031	69.8409	-10.106	-0.0045	114.1336
-0.0031	69.8409	-10.1062	-0.0045	114.1347
-0.0031	69.8409	-10.1064	-0.0045	114.1357
-0.0031	69.8409	-10.1067	-0.0045	114.1368
-0.0031	69.8409	-10.1069	-0.0045	114.1379
-0.0031	69.8409	-10.1071	-0.0045	114.139
-0.0031	69.8409	-10.1074	-0.0045	114.1401
-0.0031	69.8409	-10.1076	-0.0045	114.1412
-0.0031	69.8409	-10.1078	-0.0045	114.1423
-0.0031	69.8409	-10.1081	-0.0045	114.1434
-0.0031	69.8409	-10.1083	-0.0045	114.1445
-0.0031	69.8409	-10.1085	-0.0045	114.1456
-0.0031	69.8409	-10.1088	-0.0045	114.1467
-0.0031	69.8409	-10.109	-0.0045	114.1478
-0.0031	69.8409	-10.1093	-0.0045	114.1489
-0.0031	69.8409	-10.1095	-0.0045	114.15
-0.0031	69.8409	-10.1097	-0.0045	114.1511
-0.0031	69.8409	-10.11	-0.0045	114.1522
-0.0031	69.8409	-10.1102	-0.0045	114.1533
-0.0031	69.8409	-10.1105	-0.0045	114.1544
-0.0031	69.8409	-10.1107	-0.0045	114.1556
-0.0031	69.8409	-10.1109	-0.0045	114.1567
-0.0031	69.8409	-10.1112	-0.0045	114.1578
-0.0031	69.8409	-10.1114	-0.0045	114.1589
-0.0031	69.8409	-10.1117	-0.0045	114.1601
-0.0031	69.8409	-10.1119	-0.0045	114.1612
-0.0031	69.8409	-10.1122	-0.0045	114.1623
-0.0031	69.8409	-10.1124	-0.0045	114.1635
-0.0031	69.8409	-10.1126	-0.0045	114.1646
-0.0031	69.8409	-10.1129	-0.0045	114.1657
-0.0031	69.8409	-10.1131	-0.0045	114.1669
-0.0031	69.8409	-10.1134	-0.0045	114.168
-0.0031	69.8409	-10.1136	-0.0045	114.1692
-0.0031	69.8409	-10.1139	-0.0045	114.1703
-0.0031	69.8409	-10.1141	-0.0045	114.1715
-0.0031	69.8409	-10.1144	-0.0045	114.1726
-0.0031	69.8409	-10.1146	-0.0045	114.1738
-0.0031	69.8409	-10.1149	-0.0045	114.1749
-0.0031	69.8409	-10.1151	-0.0045	114.1761
-0.0031	69.8409	-10.1154	-0.0045	114.1773
-0.0031	69.8409	-10.1156	-0.0045	114.1784
-0.0031	69.8409	-10.1159	-0.0045	114.1796
-0.0031	69.8409	-10.1161	-0.0045	114.1808
-0.0031	69.8409	-10.1164	-0.0045	114.1819
-0.0031	69.8409	-10.1166	-0.0045	114.1831
-0.0031	69.8409	-10.1169	-0.0045	114.1843
-0.0031	69.8409	-10.1171	-0.0045	114.1855
-0.0031	69.8409	-10.1174	-0.0045	114.1866
-0.0031	69.8409	-10.1177	-0.0045	114.1878
-0.0031	69.8409	-10.1179	-0.0045	114.189
-0.0031	69.8409	-10.1182	-0.0045	114.1902
-0.0031	69.8409	-10.1184	-0.0045	114.1914
-0.0031	69.8409	-10.1187	-0.0045	114.1926
-0.0031	69.8409	-10.1189	-0.0045	114.1938
-0.0031	69.8409	-10.1192	-0.0045	114.195
-0.0031	69.8409	-10.1195	-0.0045	114.1962
-0.0031	69.8409	-10.1197	-0.0045	114.1974
-0.0031	69.8409	-10.12	-0.0045	114.1986
-0.0031	69.8409	-10.1202	-0.0045	114.1998
-0.0031	69.8409	-10.1205	-0.0045	114.201
-0.0031	69.8409	-10.1208	-0.0045	114.2022
-0.0031	69.8409	-10.121	-0.0045	114.2034
-0.0031	69.8409	-10.1213	-0.0045	114.2046
-0.0031	69.8409	-10.1215	-0.0045	114.2059
-0.0031	69.8409	-10.1218	-0.0045	114.2071
-0.0031	69.8409	-10.1221	-0.0045	114.2083
-0.0031	69.8409	-10.1223	-0.0045	114.2095
-0.0031	69.8409	-10.1226	-0.0045	114.2108
-0.0031	69.8409	-10.1229	-0.0045	114.212
-0.0031	69.8409	-10.1231	-0.0045	114.2132
-0.0031	69.8409	-10.1234	-0.0045	114.2145
-0.0031	69.8409	-10.1237	-0.0045	114.2157
-0.0031	69.8409	-10.1239	-0.0045	114.2169
-0.0031	69.8409	-10.1242	-0.0045	114.2182
-0.0031	69.8409	-10.1245	-0.0045	114.2194
-0.0031	69.8409	-10.1247	-0.0045	114.2207
-0.0031	69.8409	-10.125	-0.0045	114.2219
-0.0031	69.8409	-10.1253	-0.0045	114.2232
-0.0031	69.8409	-10.1255	-0.0045	114.2244
-0.0031	69.8409	-10.1258	-0.0045	114.2257
-0.0031	69.8409	-10.1261	-0.0045	114.2269
-0.0031	69.8409	-10.1264	-0.0045	114.2282
-0.0031	69.8409	-10.1266	-0.0045	114.2295
-0.0031	69.8409	-10.1269	-0.0045	114.2307
-0.0031	69.8409	-10.1272	-0.0045	114.232
-0.0031	69.8409	-10.1275	-0.0045	114.2333
-0.0031	69.8409	-10.1277	-0.0045	114.2345
-0.0031	69.8409	-10.128	-0.0045	114.2358
-0.0031	69.8409	-10.1283	-0.0045	114.2371
-0.0031	69.8409	-10.1286	-0.0045	114.2384
-0.0031	69.8409	-10.1288	-0.0045	114.2397
-0.0031	69.8409	-10.1291	-0.0045	114.2409
-0.0031	69.8409	-10.1294	-0.0045	114.2422
-0.0031	69.8409	-10.1297	-0.0045	114.2435
-0.0031	69.8409	-10.1299	-0.0045	114.2448
-0.0031	69.8409	-10.1302	-0.0045	114.2461
-0.0031	69.8409	-10.1305	-0.0045	114.2474
-0.0031	69.8409	-10.1308	-0.0045	114.2487
-0.0031	69.8409	-10.1311	-0.0045	114.25
-0.0031	69.8409	-10.1313	-0.0045	114.2513
-0.0031	69.8409	-10.1316	-0.0045	114.2526
-0.0031	69.8409	-10.1319	-0.0045	114.2539
-0.0031	69.8409	-10.1322	-0.0045	114.2552
-0.0031	69.8409	-10.1325	-0.0045	114.2565
-0.0031	69.8409	-10.1328	-0.0045	114.2579
-0.0031	69.8409	-10.133	-0.0045	114.2592
-0.0031	69.8409	-10.1333	-0.0045	114.2605
-0.0031	69.8409	-10.1336	-0.0045	114.2618
-0.0031	69.8409	-10.1339	-0.0045	114.2631
-0.0031	69.8409	-10.1342	-0.0045	114.2645
-0.0031	69.8409	-10.1345	-0.0045	114.2658
-0.0031	69.8409	-10.1348	-0.0045	114.2671
-0.0031	69.8409	-10.1351	-0.0045	114.2685
-0.0031	69.8409	-10.1353	-0.0045	114.2698
-0.0031	69.8409	-10.1356	-0.0045	114.2712
-0.0031	69.8409	-10.1359	-0.0045	114.2725
-0.0031	69.8409	-10.1362	-0.0045	114.2738
-0.0031	69.8409	-10.1365	-0.0045	114.2752
-0.0031	69.8409	-10.1368	-0.0045	114.2765
-0.0031	69.8409	-10.1371	-0.0045	114.2779
-0.0031	69.8409	-10.1374	-0.0045	114.2792
-0.0031	69.8409	-10.1377	-0.0045	114.2806
-0.0031	69.8409	-10.138	-0.0045	114.282
-0.0031	69.8409	-10.1383	-0.0045	114.2833
-0.0031	69.8409	-10.1385	-0.0045	114.2847
-0.0031	69.8409	-10.1388	-0.0045	114.2861
-0.0031	69.8409	-10.1391	-0.0045	114.2874
-0.0031	69.8409	-10.1394	-0.0045	114.2888
-0.0031	69.8409	-10.1397	-0.0045	114.2902
-0.0031	69.8409	-10.14	-0.0045	114.2915
-0.0031	69.8409	-10.1403	-0.0045	114.2929
-0.0031	69.8409	-10.1406	-0.0045	114.2943
-0.0031	69.8409	-10.1409	-0.0045	114.2957
-0.0031	69.8409	-10.1412	-0.0045	114.2971
-0.0031	69.8409	-10.1415	-0.0045	114.2985
-0.0031	69.8409	-10.1418	-0.0045	114.2999
-0.0031	69.8409	-10.1421	-0.0045	114.3012
-0.0031	69.8409	-10.1424	-0.0045	114.3026
-0.0031	69.8409	-10.1427	-0.0045	114.304
-0.0031	69.8409	-10.143	-0.0045	114.3054
-0.0031	69.8409	-10.1433	-0.0045	114.3068
-0.0031	69.8409	-10.1436	-0.0045	114.3083
-0.0031	69.8409	-10.1439	-0.0045	114.3097
-0.0031	69.8409	-10.1442	-0.0045	114.3111
-0.0031	69.8409	-10.1445	-0.0045	114.3125
-0.0031	69.8409	-10.1449	-0.0045	114.3139
-0.0031	69.8409	-10.1452	-0.0045	114.3153
-0.0031	69.8409	-10.1455	-0.0045	114.3167
-0.0031	69.8409	-10.1458	-0.0045	114.3182
-0.0031	69.8409	-10.1461	-0.0045	114.3196
-0.0031	69.8409	-10.1464	-0.0045	114.321
-0.0031	69.8409	-10.1467	-0.0045	114.3225
-0.0031	69.8409	-10.147	-0.0045	114.3239
-0.0031	69.8409	-10.1473	-0.0045	114.3253
-0.0031	69.8409	-10.1476	-0.0045	114.3268
-0.0031	69.8409	-10.1479	-0.0045	114.3282
-0.0031	69.8409	-10.1482	-0.0045	114.3296
-0.0031	69.8409	-10.1486	-0.0045	114.3311
-0.0031	69.8409	-10.1489	-0.0045	114.3325
-0.0031	69.8409	-10.1492	-0.0045	114.334
-0.0031	69.8409	-10.1495	-0.0045	114.3354
-0.0031	69.8409	-10.1498	-0.0045	114.3369
-0.0031	69.8409	-10.1501	-0.0045	114.3384
-0.0031	69.8409	-10.1504	-0.0045	114.3398
-0.0031	69.8409	-10.1508	-0.0045	114.3413
-0.0031	69.8409	-10.1511	-0.0045	114.3427
-0.0031	69.8409	-10.1514	-0.0045	114.3442
-0.0031	69.8409	-10.1517	-0.0045	114.3457
-0.0031	69.8409	-10.152	-0.0045	114.3472
-0.0031	69.8409	-10.1523	-0.0045	114.3486
-0.0031	69.8409	-10.1527	-0.0045	114.3501
-0.0031	69.8409	-10.153	-0.0045	114.3516
-0.0031	69.8409	-10.1533	-0.0045	114.3531
-0.0031	69.8409	-10.1536	-0.0045	114.3546
-0.0031	69.8409	-10.1539	-0.0045	114.356
-0.0031	69.8409	-10.1543	-0.0045	114.3575
-0.0031	69.8409	-10.1546	-0.0045	114.359
-0.0031	69.8409	-10.1549	-0.0045	114.3605
-0.0031	69.8409	-10.1552	-0.0045	114.362
-0.0031	69.8409	-10.1556	-0.0045	114.3635
-0.0031	69.8409	-10.1559	-0.0045	114.365
-0.0031	69.8409	-10.1562	-0.0045	114.3665
-0.0031	69.8409	-10.1565	-0.0045	114.368
-0.0031	69.8409	-10.1569	-0.0045	114.3695
-0.0031	69.8409	-10.1572	-0.0045	114.3711
-0.0031	69.8409	-10.1575	-0.0045	114.3726
-0.0031	69.8409	-10.1578	-0.0045	114.3741
-0.0031	69.8409	-10.1582	-0.0045	114.3756
-0.0031	69.8409	-10.1585	-0.0045	114.3771
-0.0031	69.8409	-10.1588	-0.0045	114.3787
-0.0031	69.8409	-10.1592	-0.0045	114.3802
-0.0031	69.8409	-10.1595	-0.0045	114.3817
-0.0031	69.8409	-10.1598	-0.0045	114.3833
-0.0031	69.8409	-10.1601	-0.0045	114.3848
-0.0031	69.8409	-10.1605	-0.0045	114.3863
-0.0031	69.8409	-10.1608	-0.0045	114.3879
-0.0031	69.8409	-10.1611	-0.0045	114.3894
-0.0031	69.8409	-10.1615	-0.0045	114.391
-0.0031	69.8409	-10.1618	-0.0045	114.3925
-0.0031	69.8409	-10.1621	-0.0045	114.3941
-0.0031	69.8409	-10.1625	-0.0045	114.3956
-0.0031	69.8409	-10.1628	-0.0045	114.3972
-0.0031	69.8409	-10.1632	-0.0045	114.3987
-0.0031	69.8409	-10.1635	-0.0045	114.4003
-0.0031	69.8409	-10.1638	-0.0045	114.4019
-0.0031	69.8409	-10.1642	-0.0045	114.4034
-0.0031	69.8409	-10.1645	-0.0045	114.405
-0.0031	69.8409	-10.1648	-0.0045	114.4066
-0.0031	69.8409	-10.1652	-0.0045	114.4081
-0.0031	69.8409	-10.1655	-0.0045	114.4097
-0.0031	69.8409	-10.1659	-0.0045	114.4113
-0.0031	69.8409	-10.1662	-0.0045	114.4129
-0.0031	69.8409	-10.1665	-0.0045	114.4145
-0.0031	69.8409	-10.1669	-0.0045	114.416
-0.0031	69.8409	-10.1672	-0.0045	114.4176
-0.0031	69.8409	-10.1676	-0.0045	114.4192
-0.0031	69.8409	-10.1679	-0.0045	114.4208
-0.0031	69.8409	-10.1683	-0.0045	114.4224
-0.0031	69.8409	-10.1686	-0.0045	114.424
-0.0031	69.8409	-10.169	-0.0045	114.4256
-0.0031	69.8409	-10.1693	-0.0045	114.4272
-0.0031	69.8409	-10.1696	-0.0045	114.4288
-0.0031	69.8409	-10.17	-0.0045	114.4304
-0.0031	69.8409	-10.1703	-0.0045	114.4321
-0.0031	69.8409	-10.1707	-0.0045	114.4337
-0.0031	69.8409	-10.171	-0.0045	114.4353
-0.0031	69.8409	-10.1714	-0.0045	114.4369
-0.0031	69.8409	-10.1717	-0.0045	114.4385
-0.0031	69.8409	-10.1721	-0.0045	114.4402
-0.0031	69.8409	-10.1724	-0.0045	114.4418
-0.0031	69.8409	-10.1728	-0.0045	114.4434
-0.0031	69.8409	-10.1731	-0.0045	114.445
-0.0031	69.8409	-10.1735	-0.0045	114.4467
-0.0031	69.8409	-10.1738	-0.0045	114.4483
-0.0031	69.8409	-10.1742	-0.0045	114.45
-0.0031	69.8409	-10.1746	-0.0045	114.4516
-0.0031	69.8409	-10.1749	-0.0045	114.4533
-0.0031	69.8409	-10.1753	-0.0045	114.4549
-0.0031	69.8409	-10.1756	-0.0045	114.4566
-0.0031	69.8409	-10.176	-0.0045	114.4582
-0.0031	69.8409	-10.1763	-0.0045	114.4599
-0.0031	69.8409	-10.1767	-0.0045	114.4615
-0.0031	69.8409	-10.1771	-0.0045	114.4632
-0.0031	69.8409	-10.1774	-0.0045	114.4648
-0.0031	69.8409	-10.1778	-0.0045	114.4665
-0.0031	69.8409	-10.1781	-0.0045	114.4682
-0.0031	69.8409	-10.1785	-0.0045	114.4699
-0.0031	69.8409	-10.1789	-0.0045	114.4715
-0.0031	69.8409	-10.1792	-0.0045	114.4732
-0.0031	69.8409	-10.1796	-0.0045	114.4749
-0.0031	69.8409	-10.1799	-0.0045	114.4766
-0.0031	69.8409	-10.1803	-0.0045	114.4783
-0.0031	69.8409	-10.1807	-0.0045	114.4799
-0.0031	69.8409	-10.181	-0.0045	114.4816
-0.0031	69.8409	-10.1814	-0.0045	114.4833
-0.0031	69.8409	-10.1818	-0.0045	114.485
-0.0031	69.8409	-10.1821	-0.0045	114.4867
-0.0031	69.8409	-10.1825	-0.0045	114.4884
-0.0031	69.8409	-10.1829	-0.0045	114.4901
-0.0031	69.8409	-10.1832	-0.0045	114.4918
-0.0031	69.8409	-10.1836	-0.0045	114.4935
-0.0031	69.8409	-10.184	-0.0045	114.4953
-0.0031	69.8409	-10.1843	-0.0045	114.497
-0.0031	69.8409	-10.1847	-0.0045	114.4987
-0.0031	69.8409	-10.1851	-0.0045	114.5004
-0.0031	69.8409	-10.1855	-0.0045	114.5021
-0.0031	69.8409	-10.1858	-0.0045	114.5038
-0.0031	69.8409	-10.1862	-0.0045	114.5056
-0.0031	69.8409	-10.1866	-0.0045	114.5073
-0.0031	69.8409	-10.1869	-0.0045	114.509
-0.0031	69.8409	-10.1873	-0.0045	114.5108
-0.0031	69.8409	-10.1877	-0.0045	114.5125
-0.0031	69.8409	-10.1881	-0.0045	114.5142
-0.0031	69.8409	-10.1884	-0.0045	114.516
-0.0031	69.8409	-10.1888	-0.0045	114.5177
-0.0031	69.8409	-10.1892	-0.0045	114.5195
-0.0031	69.8409	-10.1896	-0.0045	114.5212
-0.0031	69.8409	-10.19	-0.0045	114.523
-0.0031	69.8409	-10.1903	-0.0045	114.5247
-0.0031	69.8409	-10.1907	-0.0045	114.5265
-0.0031	69.8409	-10.1911	-0.0045	114.5283
-0.0031	69.8409	-10.1915	-0.0045	114.53
-0.0031	69.8409	-10.1919	-0.0045	114.5318
-0.0031	69.8409	-10.1922	-0.0045	114.5336
-0.0031	69.8409	-10.1926	-0.0045	114.5353
-0.0031	69.8409	-10.193	-0.0045	114.5371
-0.0031	69.8409	-10.1934	-0.0045	114.5389
-0.0031	69.8409	-10.1938	-0.0045	114.5407
-0.0031	69.8409	-10.1942	-0.0045	114.5425
-0.0031	69.8409	-10.1945	-0.0045	114.5442
-0.0031	69.8409	-10.1949	-0.0045	114.546
-0.0031	69.8409	-10.1953	-0.0045	114.5478
-0.0031	69.8409	-10.1957	-0.0045	114.5496
-0.0031	69.8409	-10.1961	-0.0045	114.5514
-0.0031	69.8409	-10.1965	-0.0045	114.5532
-0.0031	69.8409	-10.1969	-0.0045	114.555
-0.0031	69.8409	-10.1973	-0.0045	114.5568
-0.0031	69.8409	-10.1976	-0.0045	114.5586
-0.0031	69.8409	-10.198	-0.0045	114.5604
-0.0031	69.8409	-10.1984	-0.0045	114.5622
-0.0031	69.8409	-10.1988	-0.0045	114.5641
-0.0031	69.8409	-10.1992	-0.0045	114.5659
-0.0031	69.8409	-10.1996	-0.0045	114.5677
-0.0031	69.8409	-10.2	-0.0045	114.5695
-0.0031	69.8409	-10.2004	-0.0045	114.5713
-0.0031	69.8409	-10.2008	-0.0045	114.5732
-0.0031	69.8409	-10.2012	-0.0045	114.575
-0.0031	69.8409	-10.2016	-0.0045	114.5768
-0.0031	69.8409	-10.202	-0.0045	114.5787
-0.0031	69.8409	-10.2024	-0.0045	114.5805
-0.0031	69.8409	-10.2028	-0.0045	114.5823
-0.0031	69.8409	-10.2032	-0.0045	114.5842
-0.0031	69.8409	-10.2036	-0.0045	114.586
-0.0031	69.8409	-10.204	-0.0045	114.5879
-0.0031	69.8409	-10.2044	-0.0045	114.5897
-0.0031	69.8409	-10.2048	-0.0045	114.5916
-0.0031	69.8409	-10.2052	-0.0045	114.5935
-0.0031	69.8409	-10.2056	-0.0045	114.5953
-0.0031	69.8409	-10.206	-0.0045	114.5972
-0.0031	69.8409	-10.2064	-0.0045	114.599
-0.0031	69.8409	-10.2068	-0.0045	114.6009
-0.0031	69.8409	-10.2072	-0.0045	114.6028
-0.0031	69.8409	-10.2076	-0.0045	114.6047
-0.0031	69.8409	-10.208	-0.0045	114.6065
-0.0031	69.8409	-10.2084	-0.0045	114.6084
-0.0031	69.8409	-10.2088	-0.0045	114.6103
-0.0031	69.8409	-10.2092	-0.0045	114.6122
-0.0031	69.8409	-10.2096	-0.0045	114.6141
-0.0031	69.8409	-10.21	-0.0045	114.616
-0.0031	69.8409	-10.2104	-0.0045	114.6178
-0.0031	69.8409	-10.2108	-0.0045	114.6197
-0.0031	69.8409	-10.2112	-0.0045	114.6216
-0.0031	69.8409	-10.2116	-0.0045	114.6235
-0.0031	69.8409	-10.2121	-0.0045	114.6254
-0.0031	69.8409	-10.2125	-0.0045	114.6274
-0.0031	69.8409	-10.2129	-0.0045	114.6293
-0.0031	69.8409	-10.2133	-0.0045	114.6312
-0.0031	69.8409	-10.2137	-0.0045	114.6331
-0.0031	69.8409	-10.2141	-0.0045	114.635
-0.0031	69.8409	-10.2145	-0.0045	114.6369
-0.0031	69.8409	-10.2149	-0.0045	114.6388
-0.0031	69.8409	-10.2154	-0.0045	114.6408
-0.0031	69.8409	-10.2158	-0.0045	114.6427
-0.0031	69.8409	-10.2162	-0.0045	114.6446
-0.0031	69.8409	-10.2166	-0.0045	114.6466
-0.0031	69.8409	-10.217	-0.0045	114.6485
-0.0031	69.8409	-10.2174	-0.0045	114.6504
-0.0031	69.8409	-10.2179	-0.0045	114.6524
-0.0031	69.8409	-10.2183	-0.0045	114.6543
-0.0031	69.8409	-10.2187	-0.0045	114.6563
-0.0031	69.8409	-10.2191	-0.0045	114.6582
-0.0031	69.8409	-10.2195	-0.0045	114.6602
-0.0031	69.8409	-10.22	-0.0045	114.6621
-0.0031	69.8409	-10.2204	-0.0045	114.6641
-0.0031	69.8409	-10.2208	-0.0045	114.666
-0.0031	69.8409	-10.2212	-0.0045	114.668
-0.0031	69.8409	-10.2217	-0.0045	114.67
-0.0031	69.8409	-10.2221	-0.0045	114.6719
-0.0031	69.8409	-10.2225	-0.0045	114.6739
-0.0031	69.8409	-10.2229	-0.0045	114.6759
-0.0031	69.8409	-10.2234	-0.0045	114.6779
-0.0031	69.8409	-10.2238	-0.0045	114.6798
-0.0031	69.8409	-10.2242	-0.0045	114.6818
-0.0031	69.8409	-10.2246	-0.0045	114.6838
-0.0031	69.8409	-10.2251	-0.0045	114.6858
-0.0031	69.8409	-10.2255	-0.0045	114.6878
-0.0031	69.8409	-10.2259	-0.0045	114.6898
-0.0031	69.8409	-10.2264	-0.0045	114.6918
-0.0031	69.8409	-10.2268	-0.0045	114.6938
-0.0031	69.8409	-10.2272	-0.0045	114.6958
-0.0031	69.8409	-10.2277	-0.0045	114.6978
-0.0031	69.8409	-10.2281	-0.0045	114.6998
-0.0031	69.8409	-10.2285	-0.0045	114.7018
-0.0031	69.8409	-10.229	-0.0045	114.7038
-0.0031	69.8409	-10.2294	-0.0045	114.7058
-0.0031	69.8409	-10.2298	-0.0045	114.7079
-0.0031	69.8409	-10.2303	-0.0045	114.7099
-0.0031	69.8409	-10.2307	-0.0045	114.7119
-0.0031	69.8409	-10.2311	-0.0045	114.7139
-0.0031	69.8409	-10.2316	-0.0045	114.716
-0.0031	69.8409	-10.232	-0.0045	114.718
-0.0031	69.8409	-10.2325	-0.0045	114.72
-0.0031	69.8409	-10.2329	-0.0045	114.7221
-0.0031	69.8409	-10.2333	-0.0045	114.7241
-0.0031	69.8409	-10.2338	-0.0045	114.7261
-0.0031	69.8409	-10.2342	-0.0045	114.7282
-0.0031	69.8409	-10.2347	-0.0045	114.7302
-0.0031	69.8409	-10.2351	-0.0045	114.7323
-0.0031	69.8409	-10.2355	-0.0045	114.7343
-0.0031	69.8409	-10.236	-0.0045	114.7364
-0.0031	69.8409	-10.2364	-0.0045	114.7385
-0.0031	69.8409	-10.2369	-0.0045	114.7405
-0.0031	69.8409	-10.2373	-0.0045	114.7426
-0.0031	69.8409	-10.2378	-0.0045	114.7447
-0.0031	69.8409	-10.2382	-0.0045	114.7467
-0.0031	69.8409	-10.2387	-0.0045	114.7488
-0.0031	69.8409	-10.2391	-0.0045	114.7509
-0.0031	69.8409	-10.2396	-0.0045	114.753
-0.0031	69.8409	-10.24	-0.0045	114.755
-0.0031	69.8409	-10.2405	-0.0045	114.7571
-0.0031	69.8409	-10.2409	-0.0045	114.7592
-0.0031	69.8409	-10.2414	-0.0045	114.7613
-0.0031	69.8409	-10.2418	-0.0045	114.7634
-0.0031	69.8409	-10.2423	-0.0045	114.7655
-0.0031	69.8409	-10.2427	-0.0045	114.7676
-0.0031	69.8409	-10.2432	-0.0045	114.7697
-0.0031	69.8409	-10.2436	-0.0045	114.7718
-0.0031	69.8409	-10.2441	-0.0045	114.7739
-0.0031	69.8409	-10.2445	-0.0045	114.776
-0.0031	69.8409	-10.245	-0.0045	114.7781
-0.0031	69.8409	-10.2454	-0.0045	114.7802
-0.0031	69.8409	-10.2459	-0.0045	114.7824
-0.0031	69.8409	-10.2464	-0.0045	114.7845
-0.0031	69.8409	-10.2468	-0.0045	114.7866
-0.0031	69.8409	-10.2473	-0.0045	114.7887
-0.0031	69.8409	-10.2477	-0.0045	114.7909
-0.0031	69.8409	-10.2482	-0.0045	114.793
-0.0031	69.8409	-10.2487	-0.0045	114.7951
-0.0031	69.8409	-10.2491	-0.0045	114.7973
-0.0031	69.8409	-10.2496	-0.0045	114.7994
-0.0031	69.8409	-10.25	-0.0045	114.8016
-0.0031	69.8409	-10.2505	-0.0045	114.8037
-0.0031	69.8409	-10.251	-0.0045	114.8058
-0.0031	69.8409	-10.2514	-0.0045	114.808
-0.0031	69.8409	-10.2519	-0.0045	114.8102
-0.0031	69.8409	-10.2524	-0.0045	114.8123
-0.0031	69.8409	-10.2528	-0.0045	114.8145
-0.0031	69.8409	-10.2533	-0.0045	114.8166
-0.0031	69.8409	-10.2538	-0.0045	114.8188
-0.0031	69.8409	-10.2542	-0.0045	114.821
-0.0031	69.8409	-10.2547	-0.0045	114.8231
-0.0031	69.8409	-10.2552	-0.0045	114.8253
-0.0031	69.8409	-10.2556	-0.0045	114.8275
-0.0031	69.8409	-10.2561	-0.0045	114.8297
-0.0031	69.8409	-10.2566	-0.0045	114.8319
-0.0031	69.8409	-10.2571	-0.0045	114.834
-0.0031	69.8409	-10.2575	-0.0045	114.8362
-0.0031	69.8409	-10.258	-0.0045	114.8384
-0.0031	69.8409	-10.2585	-0.0045	114.8406
-0.0031	69.8409	-10.2589	-0.0045	114.8428
-0.0031	69.8409	-10.2594	-0.0045	114.845
-0.0031	69.8409	-10.2599	-0.0045	114.8472
-0.0031	69.8409	-10.2604	-0.0045	114.8494
-0.0031	69.8409	-10.2608	-0.0045	114.8516
-0.0031	69.8409	-10.2613	-0.0045	114.8538
-0.0031	69.8409	-10.2618	-0.0045	114.8561
-0.0031	69.8409	-10.2623	-0.0045	114.8583
-0.0031	69.8409	-10.2628	-0.0045	114.8605
-0.0031	69.8409	-10.2632	-0.0045	114.8627
-0.0031	69.8409	-10.2637	-0.0045	114.8649
-0.0031	69.8409	-10.2642	-0.0045	114.8672
-0.0031	69.8409	-10.2647	-0.0045	114.8694
-0.0031	69.8409	-10.2652	-0.0045	114.8716
-0.0031	69.8409	-10.2656	-0.0045	114.8739
-0.0031	69.8409	-10.2661	-0.0045	114.8761
-0.0031	69.8409	-10.2666	-0.0045	114.8783
-0.0031	69.8409	-10.2671	-0.0045	114.8806
-0.0031	69.8409	-10.2676	-0.0045	114.8828
-0.0031	69.8409	-10.2681	-0.0045	114.8851
-0.0031	69.8409	-10.2686	-0.0045	114.8873
-0.0031	69.8409	-10.269	-0.0045	114.8896
-0.0031	69.8409	-10.2695	-0.0045	114.8919
-0.0031	69.8409	-10.27	-0.0045	114.8941
-0.0031	69.8409	-10.2705	-0.0045	114.8964
-0.0031	69.8409	-10.271	-0.0045	114.8987
-0.0031	69.8409	-10.2715	-0.0045	114.9009
-0.0031	69.8409	-10.272	-0.0045	114.9032
-0.0031	69.8409	-10.2725	-0.0045	114.9055
-0.0031	69.8409	-10.273	-0.0045	114.9078
-0.0031	69.8409	-10.2734	-0.0045	114.91
-0.0031	69.8409	-10.2739	-0.0045	114.9123
-0.0031	69.8409	-10.2744	-0.0045	114.9146
-0.0031	69.8409	-10.2749	-0.0045	114.9169
-0.0031	69.8409	-10.2754	-0.0045	114.9192
-0.0031	69.8409	-10.2759	-0.0045	114.9215
-0.0031	69.8409	-10.2764	-0.0045	114.9238
-0.0031	69.8409	-10.2769	-0.0045	114.9261
-0.0031	69.8409	-10.2774	-0.0045	114.9284
-0.0031	69.8409	-10.2779	-0.0045	114.9307
-0.0031	69.8409	-10.2784	-0.0045	114.933
-0.0031	69.8409	-10.2789	-0.0045	114.9353
-0.0031	69.8409	-10.2794	-0.0045	114.9376
-0.0031	69.8409	-10.2799	-0.0045	114.94
-0.0031	69.8409	-10.2804	-0.0045	114.9423
-0.0031	69.8409	-10.2809	-0.0045	114.9446
-0.0031	69.8409	-10.2814	-0.0045	114.9469
-0.0031	69.8409	-10.2819	-0.0045	114.9493
-0.0031	69.8409	-10.2824	-0.0045	114.9516
-0.0031	69.8409	-10.2829	-0.0045	114.9539
-0.0031	69.8409	-10.2834	-0.0045	114.9563
-0.0031	69.8409	-10.2839	-0.0045	114.9586
-0.0031	69.8409	-10.2844	-0.0045	114.961
-0.0031	69.8409	-10.2849	-0.0045	114.9633
-0.0031	69.8409	-10.2854	-0.0045	114.9657
-0.0031	69.8409	-10.286	-0.0045	114.968
-0.0031	69.8409	-10.2865	-0.0045	114.9704
-0.0031	69.8409	-10.287	-0.0045	114.9727
-0.0031	69.8409	-10.2875	-0.0045	114.9751
-0.0031	69.8409	-10.288	-0.0045	114.9775
-0.0031	69.8409	-10.2885	-0.0045	114.9798
-0.0031	69.8409	-10.289	-0.0045	114.9822
-0.0031	69.8409	-10.2895	-0.0045	114.9846
-0.0031	69.8409	-10.29	-0.0045	114.9869
-0.0031	69.8409	-10.2906	-0.0045	114.9893
-0.0031	69.8409	-10.2911	-0.0045	114.9917
-0.0031	69.8409	-10.2916	-0.0045	114.9941
-0.0031	69.8409	-10.2921	-0.0045	114.9965
-0.0031	69.8409	-10.2926	-0.0045	114.9989
-0.0031	69.8409	-10.2931	-0.0045	115.0013
-0.0031	69.8409	-10.2936	-0.0045	115.0037
-0.0031	69.8409	-10.2942	-0.0045	115.0061
-0.0031	69.8409	-10.2947	-0.0045	115.0085
-0.0031	69.8409	-10.2952	-0.0045	115.0109
-0.0031	69.8409	-10.2957	-0.0045	115.0133
-0.0031	69.8409	-10.2962	-0.0045	115.0157
-0.0031	69.8409	-10.2968	-0.0045	115.0181
-0.0031	69.8409	-10.2973	-0.0045	115.0205
-0.0031	69.8409	-10.2978	-0.0045	115.0229
-0.0031	69.8409	-10.2983	-0.0045	115.0254
-0.0031	69.8409	-10.2988	-0.0045	115.0278
-0.0031	69.8409	-10.2994	-0.0045	115.0302
-0.0031	69.8409	-10.2999	-0.0045	115.0327
-0.0031	69.8409	-10.3004	-0.0045	115.0351
-0.0031	69.8409	-10.3009	-0.0045	115.0375
-0.0031	69.8409	-10.3015	-0.0045	115.04
-0.0031	69.8409	-10.302	-0.0045	115.0424
-0.0031	69.8409	-10.3025	-0.0045	115.0449
-0.0031	69.8409	-10.3031	-0.0045	115.0473
-0.0031	69.8409	-10.3036	-0.0045	115.0498
-0.0031	69.8409	-10.3041	-0.0045	115.0522
-0.0031	69.8409	-10.3046	-0.0045	115.0547
-0.0031	69.8409	-10.3052	-0.0045	115.0571
-0.0031	69.8409	-10.3057	-0.0045	115.0596
-0.0031	69.8409	-10.3062	-0.0045	115.0621
-0.0031	69.8409	-10.3068	-0.0045	115.0645
-0.0031	69.8409	-10.3073	-0.0045	115.067
-0.0031	69.8409	-10.3078	-0.0045	115.0695
-0.0031	69.8409	-10.3084	-0.0045	115.072
-0.0031	69.8409	-10.3089	-0.0045	115.0744
-0.0031	69.8409	-10.3094	-0.0045	115.0769
-0.0031	69.8409	-10.31	-0.0045	115.0794
-0.0031	69.8409	-10.3105	-0.0045	115.0819
-0.0031	69.8409	-10.3111	-0.0045	115.0844
-0.0031	69.8409	-10.3116	-0.0045	115.0869
-0.0031	69.8409	-10.3121	-0.0045	115.0894
-0.0031	69.8409	-10.3127	-0.0045	115.0919
-0.0031	69.8409	-10.3132	-0.0045	115.0944
-0.0031	69.8409	-10.3138	-0.0045	115.0969
-0.0031	69.8409	-10.3143	-0.0045	115.0994
-0.0031	69.8409	-10.3148	-0.0045	115.1019
-0.0031	69.8409	-10.3154	-0.0045	115.1044
-0.0031	69.8409	-10.3159	-0.0045	115.1069
-0.0031	69.8409	-10.3165	-0.0045	115.1095
-0.0031	69.8409	-10.317	-0.0045	115.112
-0.0031	69.8409	-10.3176	-0.0045	115.1145
-0.0031	69.8409	-10.3181	-0.0045	115.1171
-0.0031	69.8409	-10.3186	-0.0045	115.1196
-0.0031	69.8409	-10.3192	-0.0045	115.1221
-0.0031	69.8409	-10.3197	-0.0045	115.1247
-0.0031	69.8409	-10.3203	-0.0045	115.1272
-0.0031	69.8409	-10.3208	-0.0045	115.1297
-0.0031	69.8409	-10.3214	-0.0045	115.1323
-0.0031	69.8409	-10.3219	-0.0045	115.1348
-0.0031	69.8409	-10.3225	-0.0045	115.1374
-0.0031	69.8409	-10.323	-0.0045	115.14
-0.0031	69.8409	-10.3236	-0.0045	115.1425
-0.0031	69.8409	-10.3241	-0.0045	115.1451
-0.0031	69.8409	-10.3247	-0.0045	115.1476
-0.0031	69.8409	-10.3253	-0.0045	115.1502
-0.0031	69.8409	-10.3258	-0.0045	115.1528
-0.0031	69.8409	-10.3264	-0.0045	115.1554
-0.0031	69.8409	-10.3269	-0.0045	115.1579
-0.0031	69.8409	-10.3275	-0.0045	115.1605
-0.0031	69.8409	-10.328	-0.0045	115.1631
-0.0031	69.8409	-10.3286	-0.0045	115.1657
-0.0031	69.8409	-10.3292	-0.0045	115.1683
-0.0031	69.8409	-10.3297	-0.0045	115.1709
-0.0031	69.8409	-10.3303	-0.0045	115.1735
-0.0031	69.8409	-10.3308	-0.0045	115.1761
-0.0031	69.8409	-10.3314	-0.0045	115.1787
-0.0031	69.8409	-10.332	-0.0045	115.1813
-0.0031	69.8409	-10.3325	-0.0045	115.1839
-0.0031	69.8409	-10.3331	-0.0045	115.1865
-0.0031	69.8409	-10.3336	-0.0045	115.1891
-0.0031	69.8409	-10.3342	-0.0045	115.1917
-0.0031	69.8409	-10.3348	-0.0045	115.1943
-0.0031	69.8409	-10.3353	-0.0045	115.1969
-0.0031	69.8409	-10.3359	-0.0045	115.1996
-0.0031	69.8409	-10.3365	-0.0045	115.2022
-0.0031	69.8409	-10.337	-0.0045	115.2048
-0.0031	69.8409	-10.3376	-0.0045	115.2075
-0.0031	69.8409	-10.3382	-0.0045	115.2101
-0.0031	69.8409	-10.3387	-0.0045	115.2127
-0.0031	69.8409	-10.3393	-0.0045	115.2154
-0.0031	69.8409	-10.3399	-0.0045	115.218
-0.0031	69.8409	-10.3405	-0.0045	115.2207
-0.0031	69.8409	-10.341	-0.0045	115.2233
-0.0031	69.8409	-10.3416	-0.0045	115.226
-0.0031	69.8409	-10.3422	-0.0045	115.2286
-0.0031	69.8409	-10.3427	-0.0045	115.2313
-0.0031	69.8409	-10.3433	-0.0045	115.234
-0.0031	69.8409	-10.3439	-0.0045	115.2366
-0.0031	69.8409	-10.3445	-0.0045	115.2393
-0.0031	69.8409	-10.345	-0.0045	115.242
-0.0031	69.8409	-10.3456	-0.0045	115.2446
-0.0031	69.8409	-10.3462	-0.0045	115.2473
-0.0031	69.8409	-10.3468	-0.0045	115.25
-0.0031	69.8409	-10.3474	-0.0045	115.2527
-0.0031	69.8409	-10.3479	-0.0045	115.2554
-0.0031	69.8409	-10.3485	-0.0045	115.2581
-0.0031	69.8409	-10.3491	-0.0045	115.2607
-0.0031	69.8409	-10.3497	-0.0045	115.2634
-0.0031	69.8409	-10.3503	-0.0045	115.2661
-0.0031	69.8409	-10.3508	-0.0045	115.2688
-0.0031	69.8409	-10.3514	-0.0045	115.2715
-0.0031	69.8409	-10.352	-0.0045	115.2743
-0.0031	69.8409	-10.3526	-0.0045	115.277
-0.0031	69.8409	-10.3532	-0.0045	115.2797
-0.0031	69.8409	-10.3538	-0.0045	115.2824
-0.0031	69.8409	-10.3544	-0.0045	115.2851
-0.0031	69.8409	-10.3549	-0.0045	115.2878
-0.0031	69.8409	-10.3555	-0.0045	115.2906
-0.0031	69.8409	-10.3561	-0.0045	115.2933
-0.0031	69.8409	-10.3567	-0.0045	115.296
-0.0031	69.8409	-10.3573	-0.0045	115.2988
-0.0031	69.8409	-10.3579	-0.0045	115.3015
-0.0031	69.8409	-10.3585	-0.0045	115.3042
-0.0031	69.8409	-10.3591	-0.0045	115.307
-0.0031	69.8409	-10.3597	-0.0045	115.3097
-0.0031	69.8409	-10.3603	-0.0045	115.3125
-0.0031	69.8409	-10.3608	-0.0045	115.3152
-0.0031	69.8409	-10.3614	-0.0045	115.318
-0.0031	69.8409	-10.362	-0.0045	115.3207
-0.0031	69.8409	-10.3626	-0.0045	115.3235
-0.0031	69.8409	-10.3632	-0.0045	115.3263
-0.0031	69.8409	-10.3638	-0.0045	115.329
-0.0031	69.8409	-10.3644	-0.0045	115.3318
-0.0031	69.8409	-10.365	-0.0045	115.3346
-0.0031	69.8409	-10.3656	-0.0045	115.3373
-0.0031	69.8409	-10.3662	-0.0045	115.3401
-0.0031	69.8409	-10.3668	-0.0045	115.3429
-0.0031	69.8409	-10.3674	-0.0045	115.3457
-0.0031	69.8409	-10.368	-0.0045	115.3485
-0.0031	69.8409	-10.3686	-0.0045	115.3513
-0.0031	69.8409	-10.3692	-0.0045	115.3541
-0.0031	69.8409	-10.3698	-0.0045	115.3568
-0.0031	69.8409	-10.3704	-0.0045	115.3596
-0.0031	69.8409	-10.371	-0.0045	115.3625
-0.0031	69.8409	-10.3716	-0.0045	115.3653
-0.0031	69.8409	-10.3723	-0.0045	115.3681
-0.0031	69.8409	-10.3729	-0.0045	115.3709
-0.0031	69.8409	-10.3735	-0.0045	115.3737
-0.0031	69.8409	-10.3741	-0.0045	115.3765
-0.0031	69.8409	-10.3747	-0.0045	115.3793
-0.0031	69.8409	-10.3753	-0.0045	115.3822
-0.0031	69.8409	-10.3759	-0.0045	115.385
-0.0031	69.8409	-10.3765	-0.0045	115.3878
-0.0031	69.8409	-10.3771	-0.0045	115.3906
-0.0031	69.8409	-10.3777	-0.0045	115.3935
-0.0031	69.8409	-10.3783	-0.0045	115.3963
-0.0031	69.8409	-10.379	-0.0045	115.3992
-0.0031	69.8409	-10.3796	-0.0045	115.402
-0.0031	69.8409	-10.3802	-0.0045	115.4048
-0.0031	69.8409	-10.3808	-0.0045	115.4077
-0.0031	69.8409	-10.3814	-0.0045	115.4106
-0.0031	69.8409	-10.382	-0.0045	115.4134
-0.0031	69.8409	-10.3826	-0.0045	115.4163
-0.0031	69.8409	-10.3833	-0.0045	115.4191
-0.0031	69.8409	-10.3839	-0.0045	115.422
-0.0031	69.8409	-10.3845	-0.0045	115.4249
-0.0031	69.8409	-10.3851	-0.0045	115.4277
-0.0031	69.8409	-10.3857	-0.0045	115.4306
-0.0031	69.8409	-10.3864	-0.0045	115.4335
-0.0031	69.8409	-10.387	-0.0045	115.4364
-0.0031	69.8409	-10.3876	-0.0045	115.4392
-0.0031	69.8409	-10.3882	-0.0045	115.4421
-0.0031	69.8409	-10.3889	-0.0045	115.445
-0.0031	69.8409	-10.3895	-0.0045	115.4479
-0.0031	69.8409	-10.3901	-0.0045	115.4508
-0.0031	69.8409	-10.3907	-0.0045	115.4537
-0.0031	69.8409	-10.3914	-0.0045	115.4566
-0.0031	69.8409	-10.392	-0.0045	115.4595
-0.0031	69.8409	-10.3926	-0.0045	115.4624
-0.0031	69.8409	-10.3932	-0.0045	115.4653
-0.0031	69.8409	-10.3939	-0.0045	115.4682
-0.0031	69.8409	-10.3945	-0.0045	115.4712
-0.0031	69.8409	-10.3951	-0.0045	115.4741
-0.0031	69.8409	-10.3958	-0.0045	115.477
-0.0031	69.8409	-10.3964	-0.0045	115.4799
-0.0031	69.8409	-10.397	-0.0045	115.4829
-0.0031	69.8409	-10.3976	-0.0045	115.4858
-0.0031	69.8409	-10.3983	-0.0045	115.4887
-0.0031	69.8409	-10.3989	-0.0045	115.4917
-0.0031	69.8409	-10.3995	-0.0045	115.4946
-0.0031	69.8409	-10.4002	-0.0045	115.4975
-0.0031	69.8409	-10.4008	-0.0045	115.5005
-0.0031	69.8409	-10.4015	-0.0045	115.5034
-0.0031	69.8409	-10.4021	-0.0045	115.5064
-0.0031	69.8409	-10.4027	-0.0045	115.5094
-0.0031	69.8409	-10.4034	-0.0045	115.5123
-0.0031	69.8409	-10.404	-0.0045	115.5153
-0.0031	69.8409	-10.4046	-0.0045	115.5182
-0.0031	69.8409	-10.4053	-0.0045	115.5212
-0.0031	69.8409	-10.4059	-0.0045	115.5242
-0.0031	69.8409	-10.4066	-0.0045	115.5271
-0.0031	69.8409	-10.4072	-0.0045	115.5301
-0.0031	69.8409	-10.4079	-0.0045	115.5331
-0.0031	69.8409	-10.4085	-0.0045	115.5361
-0.0031	69.8409	-10.4091	-0.0045	115.5391
-0.0031	69.8409	-10.4098	-0.0045	115.5421
-0.0031	69.8409	-10.4104	-0.0045	115.5451
-0.0031	69.8409	-10.4111	-0.0045	115.548
-0.0031	69.8409	-10.4117	-0.0045	115.551
-0.0031	69.8409	-10.4124	-0.0045	115.554
-0.0031	69.8409	-10.413	-0.0045	115.5571
-0.0031	69.8409	-10.4137	-0.0045	115.5601
-0.0031	69.8409	-10.4143	-0.0045	115.5631
-0.0031	69.8409	-10.415	-0.0045	115.5661
-0.0031	69.8409	-10.4156	-0.0045	115.5691
-0.0031	69.8409	-10.4163	-0.0045	115.5721
-0.0031	69.8409	-10.4169	-0.0045	115.5751
-0.0031	69.8409	-10.4176	-0.0045	115.5782
-0.0031	69.8409	-10.4182	-0.0045	115.5812
-0.0031	69.8409	-10.4189	-0.0045	115.5842
-0.0031	69.8409	-10.4195	-0.0045	115.5873
-0.0031	69.8409	-10.4202	-0.0045	115.5903
-0.0031	69.8409	-10.4208	-0.0045	115.5933
-0.0031	69.8409	-10.4215	-0.0045	115.5964
-0.0031	69.8409	-10.4222	-0.0045	115.5994
-0.0031	69.8409	-10.4228	-0.0045	115.6025
-0.0031	69.8409	-10.4235	-0.0045	115.6055
-0.0031	69.8409	-10.4241	-0.0045	115.6086
-0.0031	69.8409	-10.4248	-0.0045	115.6116
-0.0031	69.8409	-10.4255	-0.0045	115.6147
-0.0031	69.8409	-10.4261	-0.0045	115.6178
-0.0031	69.8409	-10.4268	-0.0045	115.6208
-0.0031	69.8409	-10.4274	-0.0045	115.6239
-0.0031	69.8409	-10.4281	-0.0045	115.627
-0.0031	69.8409	-10.4288	-0.0045	115.6301
-0.0031	69.8409	-10.4294	-0.0045	115.6331
-0.0031	69.8409	-10.4301	-0.0045	115.6362
-0.0031	69.8409	-10.4308	-0.0045	115.6393
-0.0031	69.8409	-10.4314	-0.0045	115.6424
-0.0031	69.8409	-10.4321	-0.0045	115.6455
-0.0031	69.8409	-10.4328	-0.0045	115.6486
-0.0031	69.8409	-10.4334	-0.0045	115.6517
-0.0031	69.8409	-10.4341	-0.0045	115.6548
-0.0031	69.8409	-10.4348	-0.0045	115.6579
-0.0031	69.8409	-10.4354	-0.0045	115.661
-0.0031	69.8409	-10.4361	-0.0045	115.6641
-0.0031	69.8409	-10.4368	-0.0045	115.6672
-0.0031	69.8409	-10.4375	-0.0045	115.6703
-0.0031	69.8409	-10.4381	-0.0045	115.6734
-0.0031	69.8409	-10.4388	-0.0045	115.6766
-0.0031	69.8409	-10.4395	-0.0045	115.6797
-0.0031	69.8409	-10.4401	-0.0045	115.6828
-0.0031	69.8409	-10.4408	-0.0045	115.686
-0.0031	69.8409	-10.4415	-0.0045	115.6891
-0.0031	69.8409	-10.4422	-0.0045	115.6922
-0.0031	69.8409	-10.4429	-0.0045	115.6954
-0.0031	69.8409	-10.4435	-0.0045	115.6985
-0.0031	69.8409	-10.4442	-0.0045	115.7017
-0.0031	69.8409	-10.4449	-0.0045	115.7048
-0.0031	69.8409	-10.4456	-0.0045	115.708
-0.0031	69.8409	-10.4463	-0.0045	115.7111
-0.0031	69.8409	-10.4469	-0.0045	115.7143
-0.0031	69.8409	-10.4476	-0.0045	115.7174
-0.0031	69.8409	-10.4483	-0.0045	115.7206
-0.0031	69.8409	-10.449	-0.0045	115.7238
-0.0031	69.8409	-10.4497	-0.0045	115.7269
-0.0031	69.8409	-10.4504	-0.0045	115.7301
-0.0031	69.8409	-10.451	-0.0045	115.7333
-0.0031	69.8409	-10.4517	-0.0045	115.7365
-0.0031	69.8409	-10.4524	-0.0045	115.7397
-0.0031	69.8409	-10.4531	-0.0045	115.7428
-0.0031	69.8409	-10.4538	-0.0045	115.746
-0.0031	69.8409	-10.4545	-0.0045	115.7492
-0.0031	69.8409	-10.4552	-0.0045	115.7524
-0.0031	69.8409	-10.4559	-0.0045	115.7556
-0.0031	69.8409	-10.4565	-0.0045	115.7588
-0.0031	69.8409	-10.4572	-0.0045	115.762
-0.0031	69.8409	-10.4579	-0.0045	115.7652
-0.0031	69.8409	-10.4586	-0.0045	115.7684
-0.0031	69.8409	-10.4593	-0.0045	115.7717
-0.0031	69.8409	-10.46	-0.0045	115.7749
-0.0031	69.8409	-10.4607	-0.0045	115.7781
-0.0031	69.8409	-10.4614	-0.0045	115.7813
-0.0031	69.8409	-10.4621	-0.0045	115.7845
-0.0031	69.8409	-10.4628	-0.0045	115.7878
-0.0031	69.8409	-10.4635	-0.0045	115.791
-0.0031	69.8409	-10.4642	-0.0045	115.7942
-0.0031	69.8409	-10.4649	-0.0045	115.7975
-0.0031	69.8409	-10.4656	-0.0045	115.8007
-0.0031	69.8409	-10.4663	-0.0045	115.804
-0.0031	69.8409	-10.467	-0.0045	115.8072
-0.0031	69.8409	-10.4677	-0.0045	115.8105
-0.0031	69.8409	-10.4684	-0.0045	115.8137
-0.0031	69.8409	-10.4691	-0.0045	115.817
-0.0031	69.8409	-10.4698	-0.0045	115.8202
-0.0031	69.8409	-10.4705	-0.0045	115.8235
-0.0031	69.8409	-10.4712	-0.0045	115.8268
-0.0031	69.8409	-10.4719	-0.0045	115.83
-0.0031	69.8409	-10.4726	-0.0045	115.8333
-0.0031	69.8409	-10.4733	-0.0045	115.8366
-0.0031	69.8409	-10.474	-0.0045	115.8399
-0.0031	69.8409	-10.4747	-0.0045	115.8431
-0.0031	69.8409	-10.4754	-0.0045	115.8464
-0.0031	69.8409	-10.4761	-0.0045	115.8497
-0.0031	69.8409	-10.4769	-0.0045	115.853
-0.0031	69.8409	-10.4776	-0.0045	115.8563
-0.0031	69.8409	-10.4783	-0.0045	115.8596
-0.0031	69.8409	-10.479	-0.0045	115.8629
-0.0031	69.8409	-10.4797	-0.0045	115.8662
-0.0031	69.8409	-10.4804	-0.0045	115.8695
-0.0031	69.8409	-10.4811	-0.0045	115.8728
-0.0031	69.8409	-10.4818	-0.0045	115.8761
-0.0031	69.8409	-10.4826	-0.0045	115.8794
-0.0031	69.8409	-10.4833	-0.0045	115.8828
-0.0031	69.8409	-10.484	-0.0045	115.8861
-0.0031	69.8409	-10.4847	-0.0045	115.8894
-0.0031	69.8409	-10.4854	-0.0045	115.8927
-0.0031	69.8409	-10.4861	-0.0045	115.8961
-0.0031	69.8409	-10.4869	-0.0045	115.8994
-0.0031	69.8409	-10.4876	-0.0045	115.9027
-0.0031	69.8409	-10.4883	-0.0045	115.9061
-0.0031	69.8409	-10.489	-0.0045	115.9094
-0.0031	69.8409	-10.4897	-0.0045	115.9128
-0.0031	69.8409	-10.4905	-0.0045	115.9161
-0.0031	69.8409	-10.4912	-0.0045	115.9195
-0.0031	69.8409	-10.4919	-0.0045	115.9228
-0.0031	69.8409	-10.4926	-0.0045	115.9262
-0.0031	69.8409	-10.4934	-0.0045	115.9295
-0.0031	69.8409	-10.4941	-0.0045	115.9329
-0.0031	69.8409	-10.4948	-0.0045	115.9363
-0.0031	69.8409	-10.4955	-0.0045	115.9396
-0.0031	69.8409	-10.4963	-0.0045	115.943
-0.0031	69.8409	-10.497	-0.0045	115.9464
-0.0031	69.8409	-10.4977	-0.0045	115.9498
-0.0031	69.8409	-10.4985	-0.0045	115.9532
-0.0031	69.8409	-10.4992	-0.0045	115.9565
-0.0031	69.8409	-10.4999	-0.0045	115.9599
-0.0031	69.8409	-10.5007	-0.0045	115.9633
-0.0031	69.8409	-10.5014	-0.0045	115.9667
-0.0031	69.8409	-10.5021	-0.0045	115.9701
-0.0031	69.8409	-10.5029	-0.0045	115.9735
-0.0031	69.8409	-10.5036	-0.0045	115.9769
-0.0031	69.8409	-10.5043	-0.0045	115.9803
-0.0031	69.8409	-10.5051	-0.0045	115.9837
-0.0031	69.8409	-10.5058	-0.0045	115.9872
-0.0031	69.8409	-10.5065	-0.0045	115.9906
-0.0031	69.8409	-10.5073	-0.0045	115.994
-0.0031	69.8409	-10.508	-0.0045	115.9974
-0.0031	69.8409	-10.5087	-0.0045	116.0008
-0.0031	69.8409	-10.5095	-0.0045	116.0043
-0.0031	69.8409	-10.5102	-0.0045	116.0077
-0.0031	69.8409	-10.511	-0.0045	116.0111
-0.0031	69.8409	-10.5117	-0.0045	116.0146
-0.0031	69.8409	-10.5125	-0.0045	116.018
-0.0031	69.8409	-10.5132	-0.0045	116.0215
-0.0031	69.8409	-10.5139	-0.0045	116.0249
-0.0031	69.8409	-10.5147	-0.0045	116.0284
-0.0031	69.8409	-10.5154	-0.0045	116.0318
-0.0031	69.8409	-10.5162	-0.0045	116.0353
-0.0031	69.8409	-10.5169	-0.0045	116.0387
-0.0031	69.8409	-10.5177	-0.0045	116.0422
-0.0031	69.8409	-10.5184	-0.0045	116.0457
-0.0031	69.8409	-10.5192	-0.0045	116.0491
-0.0031	69.8409	-10.5199	-0.0045	116.0526
-0.0031	69.8409	-10.5207	-0.0045	116.0561
-0.0031	69.8409	-10.5214	-0.0045	116.0596
-0.0031	69.8409	-10.5222	-0.0045	116.063
-0.0031	69.8409	-10.5229	-0.0045	116.0665
-0.0031	69.8409	-10.5237	-0.0045	116.07
-0.0031	69.8409	-10.5244	-0.0045	116.0735
-0.0031	69.8409	-10.5252	-0.0045	116.077
-0.0031	69.8409	-10.5259	-0.0045	116.0805
-0.0031	69.8409	-10.5267	-0.0045	116.084
-0.0031	69.8409	-10.5274	-0.0045	116.0875
-0.0031	69.8409	-10.5282	-0.0045	116.091
-0.0031	69.8409	-10.529	-0.0045	116.0945
-0.0031	69.8409	-10.5297	-0.0045	116.098
-0.0031	69.8409	-10.5305	-0.0045	116.1015
-0.0031	69.8409	-10.5312	-0.0045	116.1051
-0.0031	69.8409	-10.532	-0.0045	116.1086
-0.0031	69.8409	-10.5327	-0.0045	116.1121
-0.0031	69.8409	-10.5335	-0.0045	116.1156
-0.0031	69.8409	-10.5343	-0.0045	116.1192
-0.0031	69.8409	-10.535	-0.0045	116.1227
-0.0031	69.8409	-10.5358	-0.0045	116.1262
-0.0031	69.8409	-10.5366	-0.0045	116.1298
-0.0031	69.8409	-10.5373	-0.0045	116.1333
-0.0031	69.8409	-10.5381	-0.0045	116.1369
-0.0031	69.8409	-10.5389	-0.0045	116.1404
-0.0031	69.8409	-10.5396	-0.0045	116.144
-0.0031	69.8409	-10.5404	-0.0045	116.1475
-0.0031	69.8409	-10.5412	-0.0045	116.1511
-0.0031	69.8409	-10.5419	-0.0045	116.1546
-0.0031	69.8409	-10.5427	-0.0045	116.1582
-0.0031	69.8409	-10.5435	-0.0045	116.1618
-0.0031	69.8409	-10.5442	-0.0045	116.1654
-0.0031	69.8409	-10.545	-0.0045	116.1689
-0.0031	69.8409	-10.5458	-0.0045	116.1725
-0.0031	69.8409	-10.5466	-0.0045	116.1761
-0.0031	69.8409	-10.5473	-0.0045	116.1797
-0.0031	69.8409	-10.5481	-0.0045	116.1833
-0.0031	69.8409	-10.5489	-0.0045	116.1868
-0.0031	69.8409	-10.5496	-0.0045	116.1904
-0.0031	69.8409	-10.5504	-0.0045	116.194
-0.0031	69.8409	-10.5512	-0.0045	116.1976
-0.0031	69.8409	-10.552	-0.0045	116.2012
-0.0031	69.8409	-10.5528	-0.0045	116.2048
-0.0031	69.8409	-10.5535	-0.0045	116.2084
-0.0031	69.8409	-10.5543	-0.0045	116.2121
-0.0031	69.8409	-10.5551	-0.0045	116.2157
-0.0031	69.8409	-10.5559	-0.0045	116.2193
-0.0031	69.8409	-10.5567	-0.0045	116.2229
-0.0031	69.8409	-10.5574	-0.0045	116.2265
-0.0031	69.8409	-10.5582	-0.0045	116.2302
-0.0031	69.8409	-10.559	-0.0045	116.2338
-0.0031	69.8409	-10.5598	-0.0045	116.2374
-0.0031	69.8409	-10.5606	-0.0045	116.2411
-0.0031	69.8409	-10.5614	-0.0045	116.2447
-0.0031	69.8409	-10.5621	-0.0045	116.2483
-0.0031	69.8409	-10.5629	-0.0045	116.252
-0.0031	69.8409	-10.5637	-0.0045	116.2556
-0.0031	69.8409	-10.5645	-0.0045	116.2593
-0.0031	69.8409	-10.5653	-0.0045	116.263
-0.0031	69.8409	-10.5661	-0.0045	116.2666
-0.0031	69.8409	-10.5669	-0.0045	116.2703
-0.0031	69.8409	-10.5677	-0.0045	116.2739
-0.0031	69.8409	-10.5685	-0.0045	116.2776
-0.0031	69.8409	-10.5692	-0.0045	116.2813
-0.0031	69.8409	-10.57	-0.0045	116.2849
-0.0031	69.8409	-10.5708	-0.0045	116.2886
-0.0031	69.8409	-10.5716	-0.0045	116.2923
-0.0031	69.8409	-10.5724	-0.0045	116.296
-0.0031	69.8409	-10.5732	-0.0045	116.2997
-0.0031	69.8409	-10.574	-0.0045	116.3034
-0.0031	69.8409	-10.5748	-0.0045	116.3071
-0.0031	69.8409	-10.5756	-0.0045	116.3108
-0.0031	69.8409	-10.5764	-0.0045	116.3145
-0.0031	69.8409	-10.5772	-0.0045	116.3182
-0.0031	69.8409	-10.578	-0.0045	116.3219
-0.0031	69.8409	-10.5788	-0.0045	116.3256
-0.0031	69.8409	-10.5796	-0.0045	116.3293
-0.0031	69.8409	-10.5804	-0.0045	116.333
-0.0031	69.8409	-10.5812	-0.0045	116.3367
-0.0031	69.8409	-10.582	-0.0045	116.3404
-0.0031	69.8409	-10.5828	-0.0045	116.3442
-0.0031	69.8409	-10.5836	-0.0045	116.3479
-0.0031	69.8409	-10.5844	-0.0045	116.3516
-0.0031	69.8409	-10.5852	-0.0045	116.3553
-0.0031	69.8409	-10.586	-0.0045	116.3591
-0.0031	69.8409	-10.5868	-0.0045	116.3628
-0.0031	69.8409	-10.5876	-0.0045	116.3666
-0.0031	69.8409	-10.5884	-0.0045	116.3703
-0.0031	69.8409	-10.5893	-0.0045	116.3741
-0.0031	69.8409	-10.5901	-0.0045	116.3778
-0.0031	69.8409	-10.5909	-0.0045	116.3816
-0.0031	69.8409	-10.5917	-0.0045	116.3853
-0.0031	69.8409	-10.5925	-0.0045	116.3891
-0.0031	69.8409	-10.5933	-0.0045	116.3928
-0.0031	69.8409	-10.5941	-0.0045	116.3966
-0.0031	69.8409	-10.5949	-0.0045	116.4004
-0.0031	69.8409	-10.5957	-0.0045	116.4042
-0.0031	69.8409	-10.5966	-0.0045	116.4079
-0.0031	69.8409	-10.5974	-0.0045	116.4117
-0.0031	69.8409	-10.5982	-0.0045	116.4155
-0.0031	69.8409	-10.599	-0.0045	116.4193
-0.0031	69.8409	-10.5998	-0.0045	116.4231
-0.0031	69.8409	-10.6006	-0.0045	116.4269
-0.0031	69.8409	-10.6015	-0.0045	116.4307
-0.0031	69.8409	-10.6023	-0.0045	116.4345
-0.0031	69.8409	-10.6031	-0.0045	116.4383
-0.0031	69.8409	-10.6039	-0.0045	116.4421
-0.0031	69.8409	-10.6047	-0.0045	116.4459
-0.0031	69.8409	-10.6056	-0.0045	116.4497
-0.0031	69.8409	-10.6064	-0.0045	116.4535
-0.0031	69.8409	-10.6072	-0.0045	116.4573
-0.0031	69.8409	-10.608	-0.0045	116.4611
-0.0031	69.8409	-10.6089	-0.0045	116.465
-0.0031	69.8409	-10.6097	-0.0045	116.4688
-0.0031	69.8409	-10.6105	-0.0045	116.4726
-0.0031	69.8409	-10.6113	-0.0045	116.4764
-0.0031	69.8409	-10.6122	-0.0045	116.4803
-0.0031	69.8409	-10.613	-0.0045	116.4841
-0.0031	69.8409	-10.6138	-0.0045	116.488
-0.0031	69.8409	-10.6147	-0.0045	116.4918
-0.0031	69.8409	-10.6155	-0.0045	116.4956
-0.0031	69.8409	-10.6163	-0.0045	116.4995
-0.0031	69.8409	-10.6171	-0.0045	116.5034
-0.0031	69.8409	-10.618	-0.0045	116.5072
-0.0031	69.8409	-10.6188	-0.0045	116.5111
-0.0031	69.8409	-10.6196	-0.0045	116.5149
-0.0031	69.8409	-10.6205	-0.0045	116.5188
-0.0031	69.8409	-10.6213	-0.0045	116.5227
-0.0031	69.8409	-10.6222	-0.0045	116.5265
-0.0031	69.8409	-10.623	-0.0045	116.5304
-0.0031	69.8409	-10.6238	-0.0045	116.5343
-0.0031	69.8409	-10.6247	-0.0045	116.5382
-0.0031	69.8409	-10.6255	-0.0045	116.5421
-0.0031	69.8409	-10.6263	-0.0045	116.546
-0.0031	69.8409	-10.6272	-0.0045	116.5499
-0.0031	69.8409	-10.628	-0.0045	116.5537
-0.0031	69.8409	-10.6289	-0.0045	116.5576
-0.0031	69.8409	-10.6297	-0.0045	116.5615
-0.0031	69.8409	-10.6305	-0.0045	116.5654
-0.0031	69.8409	-10.6314	-0.0045	116.5694
-0.0031	69.8409	-10.6322	-0.0045	116.5733
-0.0031	69.8409	-10.6331	-0.0045	116.5772
-0.0031	69.8409	-10.6339	-0.0045	116.5811
-0.0031	69.8409	-10.6348	-0.0045	116.585
-0.0031	69.8409	-10.6356	-0.0045	116.5889
-0.0031	69.8409	-10.6365	-0.0045	116.5929
-0.0031	69.8409	-10.6373	-0.0045	116.5968
-0.0031	69.8409	-10.6382	-0.0045	116.6007
-0.0031	69.8409	-10.639	-0.0045	116.6047
-0.0031	69.8409	-10.6399	-0.0045	116.6086
-0.0031	69.8409	-10.6407	-0.0045	116.6125
-0.0031	69.8409	-10.6416	-0.0045	116.6165
-0.0031	69.8409	-10.6424	-0.0045	116.6204
-0.0031	69.8409	-10.6433	-0.0045	116.6244
-0.0031	69.8409	-10.6441	-0.0045	116.6283
-0.0031	69.8409	-10.645	-0.0045	116.6323
-0.0031	69.8409	-10.6458	-0.0045	116.6363
-0.0031	69.8409	-10.6467	-0.0045	116.6402
-0.0031	69.8409	-10.6475	-0.0045	116.6442
-0.0031	69.8409	-10.6484	-0.0045	116.6482
-0.0031	69.8409	-10.6492	-0.0045	116.6521
-0.0031	69.8409	-10.6501	-0.0045	116.6561
-0.0031	69.8409	-10.651	-0.0045	116.6601
-0.0031	69.8409	-10.6518	-0.0045	116.6641
-0.0031	69.8409	-10.6527	-0.0045	116.6681
-0.0031	69.8409	-10.6535	-0.0045	116.672
-0.0031	69.8409	-10.6544	-0.0045	116.676
-0.0031	69.8409	-10.6553	-0.0045	116.68
-0.0031	69.8409	-10.6561	-0.0045	116.684
-0.0031	69.8409	-10.657	-0.0045	116.688
-0.0031	69.8409	-10.6578	-0.0045	116.692
-0.0031	69.8409	-10.6587	-0.0045	116.696
-0.0031	69.8409	-10.6596	-0.0045	116.7001
-0.0031	69.8409	-10.6604	-0.0045	116.7041
-0.0031	69.8409	-10.6613	-0.0045	116.7081
-0.0031	69.8409	-10.6622	-0.0045	116.7121
-0.0031	69.8409	-10.663	-0.0045	116.7161
-0.0031	69.8409	-10.6639	-0.0045	116.7202
-0.0031	69.8409	-10.6648	-0.0045	116.7242
-0.0031	69.8409	-10.6657	-0.0045	116.7282
-0.0031	69.8409	-10.6665	-0.0045	116.7322
-0.0031	69.8409	-10.6674	-0.0045	116.7363
-0.0031	69.8409	-10.6683	-0.0045	116.7403
-0.0031	69.8409	-10.6691	-0.0045	116.7444
-0.0031	69.8409	-10.67	-0.0045	116.7484
-0.0031	69.8409	-10.6709	-0.0045	116.7525
-0.0031	69.8409	-10.6718	-0.0045	116.7565
-0.0031	69.8409	-10.6726	-0.0045	116.7606
-0.0031	69.8409	-10.6735	-0.0045	116.7646
-0.0031	69.8409	-10.6744	-0.0045	116.7687
-0.0031	69.8409	-10.6753	-0.0045	116.7728
-0.0031	69.8409	-10.6761	-0.0045	116.7768
-0.0031	69.8409	-10.677	-0.0045	116.7809
-0.0031	69.8409	-10.6779	-0.0045	116.785
-0.0031	69.8409	-10.6788	-0.0045	116.7891
-0.0031	69.8409	-10.6797	-0.0045	116.7932
-0.0031	69.8409	-10.6805	-0.0045	116.7972
-0.0031	69.8409	-10.6814	-0.0045	116.8013
-0.0031	69.8409	-10.6823	-0.0045	116.8054
-0.0031	69.8409	-10.6832	-0.0045	116.8095
-0.0031	69.8409	-10.6841	-0.0045	116.8136
-0.0031	69.8409	-10.685	-0.0045	116.8177
-0.0031	69.8409	-10.6858	-0.0045	116.8218
-0.0031	69.8409	-10.6867	-0.0045	116.8259
-0.0031	69.8409	-10.6876	-0.0045	116.83
-0.0031	69.8409	-10.6885	-0.0045	116.8341
-0.0031	69.8409	-10.6894	-0.0045	116.8383
-0.0031	69.8409	-10.6903	-0.0045	116.8424
-0.0031	69.8409	-10.6912	-0.0045	116.8465
-0.0031	69.8409	-10.6921	-0.0045	116.8506
-0.0031	69.8409	-10.693	-0.0045	116.8548
-0.0031	69.8409	-10.6938	-0.0045	116.8589
-0.0031	69.8409	-10.6947	-0.0045	116.863
-0.0031	69.8409	-10.6956	-0.0045	116.8672
-0.0031	69.8409	-10.6965	-0.0045	116.8713
-0.0031	69.8409	-10.6974	-0.0045	116.8755
-0.0031	69.8409	-10.6983	-0.0045	116.8796
-0.0031	69.8409	-10.6992	-0.0045	116.8838
-0.0031	69.8409	-10.7001	-0.0045	116.8879
-0.0031	69.8409	-10.701	-0.0045	116.8921
-0.0031	69.8409	-10.7019	-0.0045	116.8962
-0.0031	69.8409	-10.7028	-0.0045	116.9004
-0.0031	69.8409	-10.7037	-0.0045	116.9046
-0.0031	69.8409	-10.7046	-0.0045	116.9087
-0.0031	69.8409	-10.7055	-0.0045	116.9129
-0.0031	69.8409	-10.7064	-0.0045	116.9171
-0.0031	69.8409	-10.7073	-0.0045	116.9213
-0.0031	69.8409	-10.7082	-0.0045	116.9254
-0.0031	69.8409	-10.7091	-0.0045	116.9296
-0.0031	69.8409	-10.71	-0.0045	116.9338
-0.0031	69.8409	-10.7109	-0.0045	116.938
-0.0031	69.8409	-10.7118	-0.0045	116.9422
-0.0031	69.8409	-10.7127	-0.0045	116.9464
-0.0031	69.8409	-10.7136	-0.0045	116.9506
-0.0031	69.8409	-10.7145	-0.0045	116.9548
-0.0031	69.8409	-10.7154	-0.0045	116.959
-0.0031	69.8409	-10.7163	-0.0045	116.9632
-0.0031	69.8409	-10.7173	-0.0045	116.9674
-0.0031	69.8409	-10.7182	-0.0045	116.9716
-0.0031	69.8409	-10.7191	-0.0045	116.9759
-0.0031	69.8409	-10.72	-0.0045	116.9801
-0.0031	69.8409	-10.7209	-0.0045	116.9843
-0.0031	69.8409	-10.7218	-0.0045	116.9885
-0.0031	69.8409	-10.7227	-0.0045	116.9928
-0.0031	69.8409	-10.7236	-0.0045	116.997
-0.0031	69.8409	-10.7246	-0.0045	117.0013
-0.0031	69.8409	-10.7255	-0.0045	117.0055
-0.0031	69.8409	-10.7264	-0.0045	117.0097
-0.0031	69.8409	-10.7273	-0.0045	117.014
-0.0031	69.8409	-10.7282	-0.0045	117.0182
-0.0031	69.8409	-10.7291	-0.0045	117.0225
-0.0031	69.8409	-10.7301	-0.0045	117.0267
-0.0031	69.8409	-10.731	-0.0045	117.031
-0.0031	69.8409	-10.7319	-0.0045	117.0353
-0.0031	69.8409	-10.7328	-0.0045	117.0395
-0.0031	69.8409	-10.7337	-0.0045	117.0438
-0.0031	69.8409	-10.7347	-0.0045	117.0481
-0.0031	69.8409	-10.7356	-0.0045	117.0524
-0.0031	69.8409	-10.7365	-0.0045	117.0566
-0.0031	69.8409	-10.7374	-0.0045	117.0609
-0.0031	69.8409	-10.7383	-0.0045	117.0652
-0.0031	69.8409	-10.7393	-0.0045	117.0695
-0.0031	69.8409	-10.7402	-0.0045	117.0738
-0.0031	69.8409	-10.7411	-0.0045	117.0781
-0.0031	69.8409	-10.7421	-0.0045	117.0824
-0.0031	69.8409	-10.743	-0.0045	117.0867
-0.0031	69.8409	-10.7439	-0.0045	117.091
-0.0031	69.8409	-10.7448	-0.0045	117.0953
-0.0031	69.8409	-10.7458	-0.0045	117.0996
-0.0031	69.8409	-10.7467	-0.0045	117.1039
-0.0031	69.8409	-10.7476	-0.0045	117.1082
-0.0031	69.8409	-10.7486	-0.0045	117.1125
-0.0031	69.8409	-10.7495	-0.0045	117.1169
-0.0031	69.8409	-10.7504	-0.0045	117.1212
-0.0031	69.8409	-10.7514	-0.0045	117.1255
-0.0031	69.8409	-10.7523	-0.0045	117.1299
-0.0031	69.8409	-10.7532	-0.0045	117.1342
-0.0031	69.8409	-10.7542	-0.0045	117.1385
-0.0031	69.8409	-10.7551	-0.0045	117.1429
-0.0031	69.8409	-10.756	-0.0045	117.1472
-0.0031	69.8409	-10.757	-0.0045	117.1516
-0.0031	69.8409	-10.7579	-0.0045	117.1559
-0.0031	69.8409	-10.7589	-0.0045	117.1603
-0.0031	69.8409	-10.7598	-0.0045	117.1646
-0.0031	69.8409	-10.7607	-0.0045	117.169
-0.0031	69.8409	-10.7617	-0.0045	117.1734
-0.0031	69.8409	-10.7626	-0.0045	117.1777
-0.0031	69.8409	-10.7636	-0.0045	117.1821
-0.0031	69.8409	-10.7645	-0.0045	117.1865
-0.0031	69.8409	-10.7654	-0.0045	117.1908
-0.0031	69.8409	-10.7664	-0.0045	117.1952
-0.0031	69.8409	-10.7673	-0.0045	117.1996
-0.0031	69.8409	-10.7683	-0.0045	117.204
-0.0031	69.8409	-10.7692	-0.0045	117.2084
-0.0031	69.8409	-10.7702	-0.0045	117.2128
-0.0031	69.8409	-10.7711	-0.0045	117.2172
-0.0031	69.8409	-10.7721	-0.0045	117.2216
-0.0031	69.8409	-10.773	-0.0045	117.226
-0.0031	69.8409	-10.774	-0.0045	117.2304
-0.0031	69.8409	-10.7749	-0.0045	117.2348
-0.0031	69.8409	-10.7759	-0.0045	117.2392
-0.0031	69.8409	-10.7768	-0.0045	117.2436
-0.0031	69.8409	-10.7778	-0.0045	117.248
-0.0031	69.8409	-10.7787	-0.0045	117.2524
-0.0031	69.8409	-10.7797	-0.0045	117.2569
-0.0031	69.8409	-10.7806	-0.0045	117.2613
-0.0031	69.8409	-10.7816	-0.0045	117.2657
-0.0031	69.8409	-10.7826	-0.0045	117.2701
-0.0031	69.8409	-10.7835	-0.0045	117.2746
-0.0031	69.8409	-10.7845	-0.0045	117.279
-0.0031	69.8409	-10.7854	-0.0045	117.2835
-0.0031	69.8409	-10.7864	-0.0045	117.2879
-0.0031	69.8409	-10.7873	-0.0045	117.2923
-0.0031	69.8409	-10.7883	-0.0045	117.2968
-0.0031	69.8409	-10.7893	-0.0045	117.3012
-0.0031	69.8409	-10.7902	-0.0045	117.3057
-0.0031	69.8409	-10.7912	-0.0045	117.3102
-0.0031	69.8409	-10.7922	-0.0045	117.3146
-0.0031	69.8409	-10.7931	-0.0045	117.3191
-0.0031	69.8409	-10.7941	-0.0045	117.3236
-0.0031	69.8409	-10.795	-0.0045	117.328
-0.0031	69.8409	-10.796	-0.0045	117.3325
-0.0031	69.8409	-10.797	-0.0045	117.337
-0.0031	69.8409	-10.7979	-0.0045	117.3415
-0.0031	69.8409	-10.7989	-0.0045	117.346
-0.0031	69.8409	-10.7999	-0.0045	117.3504
-0.0031	69.8409	-10.8008	-0.0045	117.3549
-0.0031	69.8409	-10.8018	-0.0045	117.3594
-0.0031	69.8409	-10.8028	-0.0045	117.3639
-0.0031	69.8409	-10.8038	-0.0045	117.3684
-0.0031	69.8409	-10.8047	-0.0045	117.3729
-0.0031	69.8409	-10.8057	-0.0045	117.3774
-0.0031	69.8409	-10.8067	-0.0045	117.382
-0.0031	69.8409	-10.8076	-0.0045	117.3865
-0.0031	69.8409	-10.8086	-0.0045	117.391
-0.0031	69.8409	-10.8096	-0.0045	117.3955
-0.0031	69.8409	-10.8106	-0.0045	117.4
-0.0031	69.8409	-10.8115	-0.0045	117.4045
-0.0031	69.8409	-10.8125	-0.0045	117.4091
-0.0031	69.8409	-10.8135	-0.0045	117.4136
-0.0031	69.8409	-10.8145	-0.0045	117.4181
-0.0031	69.8409	-10.8155	-0.0045	117.4227
-0.0031	69.8409	-10.8164	-0.0045	117.4272
-0.0031	69.8409	-10.8174	-0.0045	117.4318
-0.0031	69.8409	-10.8184	-0.0045	117.4363
-0.0031	69.8409	-10.8194	-0.0045	117.4409
-0.0031	69.8409	-10.8204	-0.0045	117.4454
-0.0031	69.8409	-10.8213	-0.0045	117.45
-0.0031	69.8409	-10.8223	-0.0045	117.4545
-0.0031	69.8409	-10.8233	-0.0045	117.4591
-0.0031	69.8409	-10.8243	-0.0045	117.4637
-0.0031	69.8409	-10.8253	-0.0045	117.4682
-0.0031	69.8409	-10.8263	-0.0045	117.4728
-0.0031	69.8409	-10.8273	-0.0045	117.4774
-0.0031	69.8409	-10.8282	-0.0045	117.482
-0.0031	69.8409	-10.8292	-0.0045	117.4865
-0.0031	69.8409	-10.8302	-0.0045	117.4911
-0.0031	69.8409	-10.8312	-0.0045	117.4957
-0.0031	69.8409	-10.8322	-0.0045	117.5003
-0.0031	69.8409	-10.8332	-0.0045	117.5049
-0.0031	69.8409	-10.8342	-0.0045	117.5095
-0.0031	69.8409	-10.8352	-0.0045	117.5141
-0.0031	69.8409	-10.8362	-0.0045	117.5187
-0.0031	69.8409	-10.8372	-0.0045	117.5233
-0.0031	69.8409	-10.8382	-0.0045	117.5279
-0.0031	69.8409	-10.8392	-0.0045	117.5325
-0.0031	69.8409	-10.8402	-0.0045	117.5371
-0.0031	69.8409	-10.8411	-0.0045	117.5418
-0.0031	69.8409	-10.8421	-0.0045	117.5464
-0.0031	69.8409	-10.8431	-0.0045	117.551
-0.0031	69.8409	-10.8441	-0.0045	117.5556
-0.0031	69.8409	-10.8451	-0.0045	117.5603
-0.0031	69.8409	-10.8461	-0.0045	117.5649
-0.0031	69.8409	-10.8471	-0.0045	117.5695
-0.0031	69.8409	-10.8481	-0.0045	117.5742
-0.0031	69.8409	-10.8491	-0.0045	117.5788
-0.0031	69.8409	-10.8501	-0.0045	117.5835
-0.0031	69.8409	-10.8511	-0.0045	117.5881
-0.0031	69.8409	-10.8522	-0.0045	117.5928
-0.0031	69.8409	-10.8532	-0.0045	117.5974
-0.0031	69.8409	-10.8542	-0.0045	117.6021
-0.0031	69.8409	-10.8552	-0.0045	117.6068
-0.0031	69.8409	-10.8562	-0.0045	117.6114
-0.0031	69.8409	-10.8572	-0.0045	117.6161
-0.0031	69.8409	-10.8582	-0.0045	117.6208
-0.0031	69.8409	-10.8592	-0.0045	117.6254
-0.0031	69.8409	-10.8602	-0.0045	117.6301
-0.0031	69.8409	-10.8612	-0.0045	117.6348
-0.0031	69.8409	-10.8622	-0.0045	117.6395
-0.0031	69.8409	-10.8632	-0.0045	117.6442
-0.0031	69.8409	-10.8643	-0.0045	117.6489
-0.0031	69.8409	-10.8653	-0.0045	117.6536
-0.0031	69.8409	-10.8663	-0.0045	117.6582
-0.0031	69.8409	-10.8673	-0.0045	117.6629
-0.0031	69.8409	-10.8683	-0.0045	117.6677
-0.0031	69.8409	-10.8693	-0.0045	117.6724
-0.0031	69.8409	-10.8703	-0.0045	117.6771
-0.0031	69.8409	-10.8714	-0.0045	117.6818
-0.0031	69.8409	-10.8724	-0.0045	117.6865
-0.0031	69.8409	-10.8734	-0.0045	117.6912
-0.0031	69.8409	-10.8744	-0.0045	117.6959
-0.0031	69.8409	-10.8754	-0.0045	117.7007
-0.0031	69.8409	-10.8764	-0.0045	117.7054
-0.0031	69.8409	-10.8775	-0.0045	117.7101
-0.0031	69.8409	-10.8785	-0.0045	117.7149
-0.0031	69.8409	-10.8795	-0.0045	117.7196
-0.0031	69.8409	-10.8805	-0.0045	117.7243
-0.0031	69.8409	-10.8816	-0.0045	117.7291
-0.0031	69.8409	-10.8826	-0.0045	117.7338
-0.0031	69.8409	-10.8836	-0.0045	117.7386
-0.0031	69.8409	-10.8846	-0.0045	117.7433
-0.0031	69.8409	-10.8857	-0.0045	117.7481
-0.0031	69.8409	-10.8867	-0.0045	117.7528
-0.0031	69.8409	-10.8877	-0.0045	117.7576
-0.0031	69.8409	-10.8887	-0.0045	117.7624
-0.0031	69.8409	-10.8898	-0.0045	117.7671
-0.0031	69.8409	-10.8908	-0.0045	117.7719
-0.0031	69.8409	-10.8918	-0.0045	117.7767
-0.0031	69.8409	-10.8929	-0.0045	117.7815
-0.0031	69.8409	-10.8939	-0.0045	117.7862
-0.0031	69.8409	-10.8949	-0.0045	117.791
-0.0031	69.8409	-10.8959	-0.0045	117.7958
-0.0031	69.8409	-10.897	-0.0045	117.8006
-0.0031	69.8409	-10.898	-0.0045	117.8054
-0.0031	69.8409	-10.899	-0.0045	117.8102
-0.0031	69.8409	-10.9001	-0.0045	117.815
-0.0031	69.8409	-10.9011	-0.0045	117.8198
-0.0031	69.8409	-10.9022	-0.0045	117.8246
-0.0031	69.8409	-10.9032	-0.0045	117.8294
-0.0031	69.8409	-10.9042	-0.0045	117.8342
-0.0031	69.8409	-10.9053	-0.0045	117.839
-0.0031	69.8409	-10.9063	-0.0045	117.8438
-0.0031	69.8409	-10.9074	-0.0045	117.8487
-0.0031	69.8409	-10.9084	-0.0045	117.8535
-0.0031	69.8409	-10.9094	-0.0045	117.8583
-0.0031	69.8409	-10.9105	-0.0045	117.8631
-0.0031	69.8409	-10.9115	-0.0045	117.868
-0.0031	69.8409	-10.9126	-0.0045	117.8728
-0.0031	69.8409	-10.9136	-0.0045	117.8777
-0.0031	69.8409	-10.9146	-0.0045	117.8825
-0.0031	69.8409	-10.9157	-0.0045	117.8873
-0.0031	69.8409	-10.9167	-0.0045	117.8922
-0.0031	69.8409	-10.9178	-0.0045	117.897
-0.0031	69.8409	-10.9188	-0.0045	117.9019
-0.0031	69.8409	-10.9199	-0.0045	117.9068
-0.0031	69.8409	-10.9209	-0.0045	117.9116
-0.0031	69.8409	-10.922	-0.0045	117.9165
-0.0031	69.8409	-10.923	-0.0045	117.9213
-0.0031	69.8409	-10.9241	-0.0045	117.9262
-0.0031	69.8409	-10.9251	-0.0045	117.9311
-0.0031	69.8409	-10.9262	-0.0045	117.936
-0.0031	69.8409	-10.9272	-0.0045	117.9408
-0.0031	69.8409	-10.9283	-0.0045	117.9457
-0.0031	69.8409	-10.9293	-0.0045	117.9506
-0.0031	69.8409	-10.9304	-0.0045	117.9555
-0.0031	69.8409	-10.9315	-0.0045	117.9604
-0.0031	69.8409	-10.9325	-0.0045	117.9653
-0.0031	69.8409	-10.9336	-0.0045	117.9702
-0.0031	69.8409	-10.9346	-0.0045	117.9751
-0.0031	69.8409	-10.9357	-0.0045	117.98
-0.0031	69.8409	-10.9367	-0.0045	117.9849
-0.0031	69.8409	-10.9378	-0.0045	117.9898
-0.0031	69.8409	-10.9389	-0.0045	117.9947
-0.0031	69.8409	-10.9399	-0.0045	117.9996
-0.0031	69.8409	-10.941	-0.0045	118.0046
-0.0031	69.8409	-10.942	-0.0045	118.0095
-0.0031	69.8409	-10.9431	-0.0045	118.0144
-0.0031	69.8409	-10.9442	-0.0045	118.0193
-0.0031	69.8409	-10.9452	-0.0045	118.0243
-0.0031	69.8409	-10.9463	-0.0045	118.0292
-0.0031	69.8409	-10.9474	-0.0045	118.0341
-0.0031	69.8409	-10.9484	-0.0045	118.0391
-0.0031	69.8409	-10.9495	-0.0045	118.044
-0.0031	69.8409	-10.9506	-0.0045	118.049
-0.0031	69.8409	-10.9516	-0.0045	118.0539
-0.0031	69.8409	-10.9527	-0.0045	118.0589
-0.0031	69.8409	-10.9538	-0.0045	118.0638
-0.0031	69.8409	-10.9548	-0.0045	118.0688
-0.0031	69.8409	-10.9559	-0.0045	118.0738
-0.0031	69.8409	-10.957	-0.0045	118.0787
-0.0031	69.8409	-10.958	-0.0045	118.0837
-0.0031	69.8409	-10.9591	-0.0045	118.0887
-0.0031	69.8409	-10.9602	-0.0045	118.0936
-0.0031	69.8409	-10.9613	-0.0045	118.0986
-0.0031	69.8409	-10.9623	-0.0045	118.1036
-0.0031	69.8409	-10.9634	-0.0045	118.1086
-0.0031	69.8409	-10.9645	-0.0045	118.1136
-0.0031	69.8409	-10.9656	-0.0045	118.1186
-0.0031	69.8409	-10.9666	-0.0045	118.1236
-0.0031	69.8409	-10.9677	-0.0045	118.1286
-0.0031	69.8409	-10.9688	-0.0045	118.1336
-0.0031	69.8409	-10.9699	-0.0045	118.1386
-0.0031	69.8409	-10.971	-0.0045	118.1436
-0.0031	69.8409	-10.972	-0.0045	118.1486
-0.0031	69.8409	-10.9731	-0.0045	118.1536
-0.0031	69.8409	-10.9742	-0.0045	118.1586
-0.0031	69.8409	-10.9753	-0.0045	118.1636
-0.0031	69.8409	-10.9764	-0.0045	118.1686
-0.0031	69.8409	-10.9775	-0.0045	118.1737
-0.0031	69.8409	-10.9785	-0.0045	118.1787
-0.0031	69.8409	-10.9796	-0.0045	118.1837
-0.0031	69.8409	-10.9807	-0.0045	118.1888
-0.0031	69.8409	-10.9818	-0.0045	118.1938
-0.0031	69.8409	-10.9829	-0.0045	118.1988
-0.0031	69.8409	-10.984	-0.0045	118.2039
-0.0031	69.8409	-10.9851	-0.0045	118.2089
-0.0031	69.8409	-10.9862	-0.0045	118.214
-0.0031	69.8409	-10.9872	-0.0045	118.219
-0.0031	69.8409	-10.9883	-0.0045	118.2241
-0.0031	69.8409	-10.9894	-0.0045	118.2291
-0.0031	69.8409	-10.9905	-0.0045	118.2342
-0.0031	69.8409	-10.9916	-0.0045	118.2393
-0.0031	69.8409	-10.9927	-0.0045	118.2443
-0.0031	69.8409	-10.9938	-0.0045	118.2494
-0.0031	69.8409	-10.9949	-0.0045	118.2545
-0.0031	69.8409	-10.996	-0.0045	118.2595
-0.0031	69.8409	-10.9971	-0.0045	118.2646
-0.0031	69.8409	-10.9982	-0.0045	118.2697
-0.0031	69.8409	-10.9993	-0.0045	118.2748
-0.0031	69.8409	-11.0004	-0.0045	118.2799
-0.0031	69.8409	-11.0015	-0.0045	118.285
-0.0031	69.8409	-11.0026	-0.0045	118.2901
-0.0031	69.8409	-11.0037	-0.0045	118.2952
-0.0031	69.8409	-11.0048	-0.0045	118.3003
-0.0031	69.8409	-11.0059	-0.0045	118.3054
-0.0031	69.8409	-11.007	-0.0045	118.3105
-0.0031	69.8409	-11.0081	-0.0045	118.3156
-0.0031	69.8409	-11.0092	-0.0045	118.3207
-0.0031	69.8409	-11.0103	-0.0045	118.3258
-0.0031	69.8409	-11.0114	-0.0045	118.3309
-0.0031	69.8409	-11.0125	-0.0045	118.3361
-0.0031	69.8409	-11.0136	-0.0045	118.3412
-0.0031	69.8409	-11.0147	-0.0045	118.3463
-0.0031	69.8409	-11.0158	-0.0045	118.3515
-0.0031	69.8409	-11.0169	-0.0045	118.3566
-0.0031	69.8409	-11.018	-0.0045	118.3617
-0.0031	69.8409	-11.0191	-0.0045	118.3669
-0.0031	69.8409	-11.0202	-0.0045	118.372
-0.0031	69.8409	-11.0214	-0.0045	118.3772
-0.0031	69.8409	-11.0225	-0.0045	118.3823
-0.0031	69.8409	-11.0236	-0.0045	118.3875
-0.0031	69.8409	-11.0247	-0.0045	118.3926
-0.0031	69.8409	-11.0258	-0.0045	118.3978
-0.0031	69.8409	-11.0269	-0.0045	118.4029
-0.0031	69.8409	-11.028	-0.0045	118.4081
-0.0031	69.8409	-11.0291	-0.0045	118.4133
-0.0031	69.8409	-11.0303	-0.0045	118.4184
-0.0031	69.8409	-11.0314	-0.0045	118.4236
-0.0031	69.8409	-11.0325	-0.0045	118.4288
-0.0031	69.8409	-11.0336	-0.0045	118.434
-0.0031	69.8409	-11.0347	-0.0045	118.4392
-0.0031	69.8409	-11.0358	-0.0045	118.4443
-0.0031	69.8409	-11.037	-0.0045	118.4495
-0.0031	69.8409	-11.0381	-0.0045	118.4547
-0.0031	69.8409	-11.0392	-0.0045	118.4599
-0.0031	69.8409	-11.0403	-0.0045	118.4651
-0.0031	69.8409	-11.0415	-0.0045	118.4703
-0.0031	69.8409	-11.0426	-0.0045	118.4755
-0.0031	69.8409	-11.0437	-0.0045	118.4807
-0.0031	69.8409	-11.0448	-0.0045	118.486
-0.0031	69.8409	-11.0459	-0.0045	118.4912
-0.0031	69.8409	-11.0471	-0.0045	118.4964
-0.0031	69.8409	-11.0482	-0.0045	118.5016
-0.0031	69.8409	-11.0493	-0.0045	118.5068
-0.0031	69.8409	-11.0505	-0.0045	118.5121
-0.0031	69.8409	-11.0516	-0.0045	118.5173
-0.0031	69.8409	-11.0527	-0.0045	118.5225
-0.0031	69.8409	-11.0538	-0.0045	118.5278
-0.0031	69.8409	-11.055	-0.0045	118.533
-0.0031	69.8409	-11.0561	-0.0045	118.5382
-0.0031	69.8409	-11.0572	-0.0045	118.5435
-0.0031	69.8409	-11.0584	-0.0045	118.5487
-0.0031	69.8409	-11.0595	-0.0045	118.554
-0.0031	69.8409	-11.0606	-0.0045	118.5592
-0.0031	69.8409	-11.0618	-0.0045	118.5645
-0.0031	69.8409	-11.0629	-0.0045	118.5698
-0.0031	69.8409	-11.064	-0.0045	118.575
-0.0031	69.8409	-11.0652	-0.0045	118.5803
-0.0031	69.8409	-11.0663	-0.0045	118.5856
-0.0031	69.8409	-11.0674	-0.0045	118.5908
-0.0031	69.8409	-11.0686	-0.0045	118.5961
-0.0031	69.8409	-11.0697	-0.0045	118.6014
-0.0031	69.8409	-11.0709	-0.0045	118.6067
-0.0031	69.8409	-11.072	-0.0045	118.6119
-0.0031	69.8409	-11.0731	-0.0045	118.6172
-0.0031	69.8409	-11.0743	-0.0045	118.6225
-0.0031	69.8409	-11.0754	-0.0045	118.6278
-0.0031	69.8409	-11.0766	-0.0045	118.6331
-0.0031	69.8409	-11.0777	-0.0045	118.6384
-0.0031	69.8409	-11.0789	-0.0045	118.6437
-0.0031	69.8409	-11.08	-0.0045	118.649
-0.0031	69.8409	-11.0811	-0.0045	118.6543
-0.0031	69.8409	-11.0823	-0.0045	118.6596
-0.0031	69.8409	-11.0834	-0.0045	118.665
-0.0031	69.8409	-11.0846	-0.0045	118.6703
-0.0031	69.8409	-11.0857	-0.0045	118.6756
-0.0031	69.8409	-11.0869	-0.0045	118.6809
-0.0031	69.8409	-11.088	-0.0045	118.6862
-0.0031	69.8409	-11.0892	-0.0045	118.6916
-0.0031	69.8409	-11.0903	-0.0045	118.6969
-0.0031	69.8409	-11.0915	-0.0045	118.7022
-0.0031	69.8409	-11.0926	-0.0045	118.7076
-0.0031	69.8409	-11.0938	-0.0045	118.7129
-0.0031	69.8409	-11.0949	-0.0045	118.7183
-0.0031	69.8409	-11.0961	-0.0045	118.7236
-0.0031	69.8409	-11.0972	-0.0045	118.729
-0.0031	69.8409	-11.0984	-0.0045	118.7343
-0.0031	69.8409	-11.0996	-0.0045	118.7397
-0.0031	69.8409	-11.1007	-0.0045	118.745
-0.0031	69.8409	-11.1019	-0.0045	118.7504
-0.0031	69.8409	-11.103	-0.0045	118.7558
-0.0031	69.8409	-11.1042	-0.0045	118.7611
-0.0031	69.8409	-11.1053	-0.0045	118.7665
-0.0031	69.8409	-11.1065	-0.0045	118.7719
-0.0031	69.8409	-11.1077	-0.0045	118.7773
-0.0031	69.8409	-11.1088	-0.0045	118.7827
-0.0031	69.8409	-11.11	-0.0045	118.788
-0.0031	69.8409	-11.1111	-0.0045	118.7934
-0.0031	69.8409	-11.1123	-0.0045	118.7988
-0.0031	69.8409	-11.1135	-0.0045	118.8042
-0.0031	69.8409	-11.1146	-0.0045	118.8096
-0.0031	69.8409	-11.1158	-0.0045	118.815
-0.0031	69.8409	-11.117	-0.0045	118.8204
-0.0031	69.8409	-11.1181	-0.0045	118.8258
-0.0031	69.8409	-11.1193	-0.0045	118.8312
-0.0031	69.8409	-11.1205	-0.0045	118.8366
-0.0031	69.8409	-11.1216	-0.0045	118.842
-0.0031	69.8409	-11.1228	-0.0045	118.8475
-0.0031	69.8409	-11.124	-0.0045	118.8529
-0.0031	69.8409	-11.1251	-0.0045	118.8583
-0.0031	69.8409	-11.1263	-0.0045	118.8637
-0.0031	69.8409	-11.1275	-0.0045	118.8692
-0.0031	69.8409	-11.1287	-0.0045	118.8746
-0.0031	69.8409	-11.1298	-0.0045	118.88
-0.0031	69.8409	-11.131	-0.0045	118.8855
-0.0031	69.8409	-11.1322	-0.0045	118.8909
-0.0031	69.8409	-11.1334	-0.0045	118.8964
-0.0031	69.8409	-11.1345	-0.0045	118.9018
-0.0031	69.8409	-11.1357	-0.0045	118.9073
-0.0031	69.8409	-11.1369	-0.0045	118.9127
-0.0031	69.8409	-11.1381	-0.0045	118.9182
-0.0031	69.8409	-11.1392	-0.0045	118.9236
-0.0031	69.8409	-11.1404	-0.0045	118.9291
-0.0031	69.8409	-11.1416	-0.0045	118.9346
-0.0031	69.8409	-11.1428	-0.0045	118.94
-0.0031	69.8409	-11.144	-0.0045	118.9455
-0.0031	69.8409	-11.1451	-0.0045	118.951
-0.0031	69.8409	-11.1463	-0.0045	118.9565
-0.0031	69.8409	-11.1475	-0.0045	118.9619
-0.0031	69.8409	-11.1487	-0.0045	118.9674
-0.0031	69.8409	-11.1499	-0.0045	118.9729
-0.0031	69.8409	-11.1511	-0.0045	118.9784
-0.0031	69.8409	-11.1522	-0.0045	118.9839
-0.0031	69.8409	-11.1534	-0.0045	118.9894
-0.0031	69.8409	-11.1546	-0.0045	118.9949
-0.0031	69.8409	-11.1558	-0.0045	119.0004
-0.0031	69.8409	-11.157	-0.0045	119.0059
-0.0031	69.8409	-11.1582	-0.0045	119.0114
-0.0031	69.8409	-11.1594	-0.0045	119.0169
-0.0031	69.8409	-11.1605	-0.0045	119.0224
-0.0031	69.8409	-11.1617	-0.0045	119.028
-0.0031	69.8409	-11.1629	-0.0045	119.0335
-0.0031	69.8409	-11.1641	-0.0045	119.039
-0.0031	69.8409	-11.1653	-0.0045	119.0445
-0.0031	69.8409	-11.1665	-0.0045	119.05
-0.0031	69.8409	-11.1677	-0.0045	119.0556
-0.0031	69.8409	-11.1689	-0.0045	119.0611
-0.0031	69.8409	-11.1701	-0.0045	119.0667
-0.0031	69.8409	-11.1713	-0.0045	119.0722
-0.0031	69.8409	-11.1725	-0.0045	119.0777
-0.0031	69.8409	-11.1737	-0.0045	119.0833
-0.0031	69.8409	-11.1749	-0.0045	119.0888
-0.0031	69.8409	-11.1761	-0.0045	119.0944
-0.0031	69.8409	-11.1773	-0.0045	119.0999
-0.0031	69.8409	-11.1785	-0.0045	119.1055
-0.0031	69.8409	-11.1797	-0.0045	119.1111
-0.0031	69.8409	-11.1809	-0.0045	119.1166
-0.0031	69.8409	-11.1821	-0.0045	119.1222
-0.0031	69.8409	-11.1833	-0.0045	119.1278
-0.0031	69.8409	-11.1845	-0.0045	119.1334
-0.0031	69.8409	-11.1857	-0.0045	119.1389
-0.0031	69.8409	-11.1869	-0.0045	119.1445
-0.0031	69.8409	-11.1881	-0.0045	119.1501
-0.0031	69.8409	-11.1893	-0.0045	119.1557
-0.0031	69.8409	-11.1905	-0.0045	119.1613
-0.0031	69.8409	-11.1917	-0.0045	119.1669
-0.0031	69.8409	-11.1929	-0.0045	119.1725
-0.0031	69.8409	-11.1941	-0.0045	119.1781
-0.0031	69.8409	-11.1953	-0.0045	119.1837
-0.0031	69.8409	-11.1965	-0.0045	119.1893
-0.0031	69.8409	-11.1977	-0.0045	119.1949
-0.0031	69.8409	-11.199	-0.0045	119.2005
-0.0031	69.8409	-11.2002	-0.0045	119.2061
-0.0031	69.8409	-11.2014	-0.0045	119.2117
-0.0031	69.8409	-11.2026	-0.0045	119.2173
-0.0031	69.8409	-11.2038	-0.0045	119.2229
-0.0031	69.8409	-11.205	-0.0045	119.2286
-0.0031	69.8409	-11.2062	-0.0045	119.2342
-0.0031	69.8409	-11.2074	-0.0045	119.2398
-0.0031	69.8409	-11.2087	-0.0045	119.2455
-0.0031	69.8409	-11.2099	-0.0045	119.2511
-0.0031	69.8409	-11.2111	-0.0045	119.2567
-0.0031	69.8409	-11.2123	-0.0045	119.2624
-0.0031	69.8409	-11.2135	-0.0045	119.268
-0.0031	69.8409	-11.2147	-0.0045	119.2737
-0.0031	69.8409	-11.216	-0.0045	119.2793
-0.0031	69.8409	-11.2172	-0.0045	119.285
-0.0031	69.8409	-11.2184	-0.0045	119.2906
-0.0031	69.8409	-11.2196	-0.0045	119.2963
-0.0031	69.8409	-11.2209	-0.0045	119.302
-0.0031	69.8409	-11.2221	-0.0045	119.3076
-0.0031	69.8409	-11.2233	-0.0045	119.3133
-0.0031	69.8409	-11.2245	-0.0045	119.319
-0.0031	69.8409	-11.2257	-0.0045	119.3247
-0.0031	69.8409	-11.227	-0.0045	119.3303
-0.0031	69.8409	-11.2282	-0.0045	119.336
-0.0031	69.8409	-11.2294	-0.0045	119.3417
-0.0031	69.8409	-11.2306	-0.0045	119.3474
-0.0031	69.8409	-11.2319	-0.0045	119.3531
-0.0031	69.8409	-11.2331	-0.0045	119.3588
-0.0031	69.8409	-11.2343	-0.0045	119.3645
-0.0031	69.8409	-11.2356	-0.0045	119.3702
-0.0031	69.8409	-11.2368	-0.0045	119.3759
-0.0031	69.8409	-11.238	-0.0045	119.3816
-0.0031	69.8409	-11.2393	-0.0045	119.3873
-0.0031	69.8409	-11.2405	-0.0045	119.393
-0.0031	69.8409	-11.2417	-0.0045	119.3987
-0.0031	69.8409	-11.243	-0.0045	119.4044
-0.0031	69.8409	-11.2442	-0.0045	119.4102
-0.0031	69.8409	-11.2454	-0.0045	119.4159
-0.0031	69.8409	-11.2467	-0.0045	119.4216
-0.0031	69.8409	-11.2479	-0.0045	119.4273
-0.0031	69.8409	-11.2491	-0.0045	119.4331
-0.0031	69.8409	-11.2504	-0.0045	119.4388
-0.0031	69.8409	-11.2516	-0.0045	119.4445
-0.0031	69.8409	-11.2528	-0.0045	119.4503
-0.0031	69.8409	-11.2541	-0.0045	119.456
-0.0031	69.8409	-11.2553	-0.0045	119.4618
-0.0031	69.8409	-11.2566	-0.0045	119.4675
-0.0031	69.8409	-11.2578	-0.0045	119.4733
-0.0031	69.8409	-11.259	-0.0045	119.479
-0.0031	69.8409	-11.2603	-0.0045	119.4848
-0.0031	69.8409	-11.2615	-0.0045	119.4905
-0.0031	69.8409	-11.2628	-0.0045	119.4963
-0.0031	69.8409	-11.264	-0.0045	119.5021
-0.0031	69.8409	-11.2653	-0.0045	119.5079
-0.0031	69.8409	-11.2665	-0.0045	119.5136
-0.0031	69.8409	-11.2678	-0.0045	119.5194
-0.0031	69.8409	-11.269	-0.0045	119.5252
-0.0031	69.8409	-11.2702	-0.0045	119.531
-0.0031	69.8409	-11.2715	-0.0045	119.5368
-0.0031	69.8409	-11.2727	-0.0045	119.5425
-0.0031	69.8409	-11.274	-0.0045	119.5483
-0.0031	69.8409	-11.2752	-0.0045	119.5541
-0.0031	69.8409	-11.2765	-0.0045	119.5599
-0.0031	69.8409	-11.2777	-0.0045	119.5657
-0.0031	69.8409	-11.279	-0.0045	119.5715
-0.0031	69.8409	-11.2802	-0.0045	119.5773
-0.0031	69.8409	-11.2815	-0.0045	119.5831
-0.0031	69.8409	-11.2828	-0.0045	119.589
-0.0031	69.8409	-11.284	-0.0045	119.5948
-0.0031	69.8409	-11.2853	-0.0045	119.6006
-0.0031	69.8409	-11.2865	-0.0045	119.6064
-0.0031	69.8409	-11.2878	-0.0045	119.6122
-0.0031	69.8409	-11.289	-0.0045	119.6181
-0.0031	69.8409	-11.2903	-0.0045	119.6239
-0.0031	69.8409	-11.2916	-0.0045	119.6297
-0.0031	69.8409	-11.2928	-0.0045	119.6356
-0.0031	69.8409	-11.2941	-0.0045	119.6414
-0.0031	69.8409	-11.2953	-0.0045	119.6472
-0.0031	69.8409	-11.2966	-0.0045	119.6531
-0.0031	69.8409	-11.2979	-0.0045	119.6589
-0.0031	69.8409	-11.2991	-0.0045	119.6648
-0.0031	69.8409	-11.3004	-0.0045	119.6706
-0.0031	69.8409	-11.3016	-0.0045	119.6765
-0.0031	69.8409	-11.3029	-0.0045	119.6823
-0.0031	69.8409	-11.3042	-0.0045	119.6882
-0.0031	69.8409	-11.3054	-0.0045	119.6941
-0.0031	69.8409	-11.3067	-0.0045	119.6999
-0.0031	69.8409	-11.308	-0.0045	119.7058
-0.0031	69.8409	-11.3092	-0.0045	119.7117
-0.0031	69.8409	-11.3105	-0.0045	119.7176
-0.0031	69.8409	-11.3118	-0.0045	119.7234
-0.0031	69.8409	-11.313	-0.0045	119.7293
-0.0031	69.8409	-11.3143	-0.0045	119.7352
-0.0031	69.8409	-11.3156	-0.0045	119.7411
-0.0031	69.8409	-11.3168	-0.0045	119.747
-0.0031	69.8409	-11.3181	-0.0045	119.7529
-0.0031	69.8409	-11.3194	-0.0045	119.7588
-0.0031	69.8409	-11.3207	-0.0045	119.7647
-0.0031	69.8409	-11.3219	-0.0045	119.7706
-0.0031	69.8409	-11.3232	-0.0045	119.7765
-0.0031	69.8409	-11.3245	-0.0045	119.7824
-0.0031	69.8409	-11.3258	-0.0045	119.7883
-0.0031	69.8409	-11.327	-0.0045	119.7942
-0.0031	69.8409	-11.3283	-0.0045	119.8001
-0.0031	69.8409	-11.3296	-0.0045	119.8061
-0.0031	69.8409	-11.3309	-0.0045	119.812
-0.0031	69.8409	-11.3321	-0.0045	119.8179
-0.0031	69.8409	-11.3334	-0.0045	119.8238
-0.0031	69.8409	-11.3347	-0.0045	119.8298
-0.0031	69.8409	-11.336	-0.0045	119.8357
-0.0031	69.8409	-11.3373	-0.0045	119.8417
-0.0031	69.8409	-11.3385	-0.0045	119.8476
-0.0031	69.8409	-11.3398	-0.0045	119.8535
-0.0031	69.8409	-11.3411	-0.0045	119.8595
-0.0031	69.8409	-11.3424	-0.0045	119.8654
-0.0031	69.8409	-11.3437	-0.0045	119.8714
-0.0031	69.8409	-11.345	-0.0045	119.8773
-0.0031	69.8409	-11.3463	-0.0045	119.8833
-0.0031	69.8409	-11.3475	-0.0045	119.8893
-0.0031	69.8409	-11.3488	-0.0045	119.8952
-0.0031	69.8409	-11.3501	-0.0045	119.9012
-0.0031	69.8409	-11.3514	-0.0045	119.9072
-0.0031	69.8409	-11.3527	-0.0045	119.9131
-0.0031	69.8409	-11.354	-0.0045	119.9191
-0.0031	69.8409	-11.3553	-0.0045	119.9251
-0.0031	69.8409	-11.3566	-0.0045	119.9311
-0.0031	69.8409	-11.3578	-0.0045	119.9371
-0.0031	69.8409	-11.3591	-0.0045	119.943
-0.0031	69.8409	-11.3604	-0.0045	119.949
-0.0031	69.8409	-11.3617	-0.0045	119.955
-0.0031	69.8409	-11.363	-0.0045	119.961
-0.0031	69.8409	-11.3643	-0.0045	119.967
-0.0031	69.8409	-11.3656	-0.0045	119.973
-0.0031	69.8409	-11.3669	-0.0045	119.979
-0.0031	69.8409	-11.3682	-0.0045	119.985
-0.0031	69.8409	-11.3695	-0.0045	119.9911
-0.0031	69.8409	-11.3708	-0.0045	119.9971
-0.0031	69.8409	-11.3721	-0.0045	120.0031
-0.0031	69.8409	-11.3734	-0.0045	120.0091
-0.0031	69.8409	-11.3747	-0.0045	120.0151
-0.0031	69.8409	-11.376	-0.0045	120.0212
-0.0031	69.8409	-11.3773	-0.0045	120.0272
-0.0031	69.8409	-11.3786	-0.0045	120.0332
-0.0031	69.8409	-11.3799	-0.0045	120.0392
-0.0031	69.8409	-11.3812	-0.0045	120.0453
-0.0031	69.8409	-11.3825	-0.0045	120.0513
-0.0031	69.8409	-11.3838	-0.0045	120.0574
-0.0031	69.8409	-11.3851	-0.0045	120.0634
-0.0031	69.8409	-11.3864	-0.0045	120.0695
-0.0031	69.8409	-11.3877	-0.0045	120.0755
-0.0031	69.8409	-11.389	-0.0045	120.0816
-0.0031	69.8409	-11.3903	-0.0045	120.0876
-0.0031	69.8409	-11.3916	-0.0045	120.0937
-0.0031	69.8409	-11.3929	-0.0045	120.0997
-0.0031	69.8409	-11.3943	-0.0045	120.1058
-0.0031	69.8409	-11.3956	-0.0045	120.1119
-0.0031	69.8409	-11.3969	-0.0045	120.118
-0.0031	69.8409	-11.3982	-0.0045	120.124
-0.0031	69.8409	-11.3995	-0.0045	120.1301
-0.0031	69.8409	-11.4008	-0.0045	120.1362
-0.0031	69.8409	-11.4021	-0.0045	120.1423
-0.0031	69.8409	-11.4034	-0.0045	120.1484
-0.0031	69.8409	-11.4047	-0.0045	120.1544
-0.0031	69.8409	-11.4061	-0.0045	120.1605
-0.0031	69.8409	-11.4074	-0.0045	120.1666
-0.0031	69.8409	-11.4087	-0.0045	120.1727
-0.0031	69.8409	-11.41	-0.0045	120.1788
-0.0031	69.8409	-11.4113	-0.0045	120.1849
-0.0031	69.8409	-11.4126	-0.0045	120.191
-0.0031	69.8409	-11.414	-0.0045	120.1971
-0.0031	69.8409	-11.4153	-0.0045	120.2033
-0.0031	69.8409	-11.4166	-0.0045	120.2094
-0.0031	69.8409	-11.4179	-0.0045	120.2155
-0.0031	69.8409	-11.4192	-0.0045	120.2216
-0.0031	69.8409	-11.4206	-0.0045	120.2277
-0.0031	69.8409	-11.4219	-0.0045	120.2339
-0.0031	69.8409	-11.4232	-0.0045	120.24
-0.0031	69.8409	-11.4245	-0.0045	120.2461
-0.0031	69.8409	-11.4258	-0.0045	120.2523
-0.0031	69.8409	-11.4272	-0.0045	120.2584
-0.0031	69.8409	-11.4285	-0.0045	120.2645
-0.0031	69.8409	-11.4298	-0.0045	120.2707
-0.0031	69.8409	-11.4311	-0.0045	120.2768
-0.0031	69.8409	-11.4325	-0.0045	120.283
-0.0031	69.8409	-11.4338	-0.0045	120.2891
-0.0031	69.8409	-11.4351	-0.0045	120.2953
-0.0031	69.8409	-11.4365	-0.0045	120.3014
-0.0031	69.8409	-11.4378	-0.0045	120.3076
-0.0031	69.8409	-11.4391	-0.0045	120.3138
-0.0031	69.8409	-11.4404	-0.0045	120.3199
-0.0031	69.8409	-11.4418	-0.0045	120.3261
-0.0031	69.8409	-11.4431	-0.0045	120.3323
-0.0031	69.8409	-11.4444	-0.0045	120.3385
-0.0031	69.8409	-11.4458	-0.0045	120.3446
-0.0031	69.8409	-11.4471	-0.0045	120.3508
-0.0031	69.8409	-11.4484	-0.0045	120.357
-0.0031	69.8409	-11.4498	-0.0045	120.3632
-0.0031	69.8409	-11.4511	-0.0045	120.3694
-0.0031	69.8409	-11.4524	-0.0045	120.3756
-0.0031	69.8409	-11.4538	-0.0045	120.3818
-0.0031	69.8409	-11.4551	-0.0045	120.388
-0.0031	69.8409	-11.4564	-0.0045	120.3942
-0.0031	69.8409	-11.4578	-0.0045	120.4004
-0.0031	69.8409	-11.4591	-0.0045	120.4066
-0.0031	69.8409	-11.4605	-0.0045	120.4128
-0.0031	69.8409	-11.4618	-0.0045	120.419
-0.0031	69.8409	-11.4631	-0.0045	120.4252
-0.0031	69.8409	-11.4645	-0.0045	120.4314
-0.0031	69.8409	-11.4658	-0.0045	120.4376
-0.0031	69.8409	-11.4672	-0.0045	120.4439
-0.0031	69.8409	-11.4685	-0.0045	120.4501
-0.0031	69.8409	-11.4699	-0.0045	120.4563
-0.0031	69.8409	-11.4712	-0.0045	120.4626
-0.0031	69.8409	-11.4725	-0.0045	120.4688
-0.0031	69.8409	-11.4739	-0.0045	120.475
-0.0031	69.8409	-11.4752	-0.0045	120.4813
-0.0031	69.8409	-11.4766	-0.0045	120.4875
-0.0031	69.8409	-11.4779	-0.0045	120.4938
-0.0031	69.8409	-11.4793	-0.0045	120.5
-0.0031	69.8409	-11.4806	-0.0045	120.5063
-0.0031	69.8409	-11.482	-0.0045	120.5125
-0.0031	69.8409	-11.4833	-0.0045	120.5188
-0.0031	69.8409	-11.4847	-0.0045	120.525
-0.0031	69.8409	-11.486	-0.0045	120.5313
-0.0031	69.8409	-11.4874	-0.0045	120.5376
-0.0031	69.8409	-11.4887	-0.0045	120.5438
-0.0031	69.8409	-11.4901	-0.0045	120.5501
-0.0031	69.8409	-11.4914	-0.0045	120.5564
-0.0031	69.8409	-11.4928	-0.0045	120.5627
-0.0031	69.8409	-11.4942	-0.0045	120.5689
-0.0031	69.8409	-11.4955	-0.0045	120.5752
-0.0031	69.8409	-11.4969	-0.0045	120.5815
-0.0031	69.8409	-11.4982	-0.0045	120.5878
-0.0031	69.8409	-11.4996	-0.0045	120.5941
-0.0031	69.8409	-11.5009	-0.0045	120.6004
-0.0031	69.8409	-11.5023	-0.0045	120.6067
-0.0031	69.8409	-11.5037	-0.0045	120.613
-0.0031	69.8409	-11.505	-0.0045	120.6193
-0.0031	69.8409	-11.5064	-0.0045	120.6256
-0.0031	69.8409	-11.5077	-0.0045	120.6319
-0.0031	69.8409	-11.5091	-0.0045	120.6382
-0.0031	69.8409	-11.5105	-0.0045	120.6445
-0.0031	69.8409	-11.5118	-0.0045	120.6508
-0.0031	69.8409	-11.5132	-0.0045	120.6572
-0.0031	69.8409	-11.5145	-0.0045	120.6635
-0.0031	69.8409	-11.5159	-0.0045	120.6698
-0.0031	69.8409	-11.5173	-0.0045	120.6761
-0.0031	69.8409	-11.5186	-0.0045	120.6825
-0.0031	69.8409	-11.52	-0.0045	120.6888
-0.0031	69.8409	-11.5214	-0.0045	120.6951
-0.0031	69.8409	-11.5227	-0.0045	120.7015
-0.0031	69.8409	-11.5241	-0.0045	120.7078
-0.0031	69.8409	-11.5255	-0.0045	120.7142
-0.0031	69.8409	-11.5268	-0.0045	120.7205
-0.0031	69.8409	-11.5282	-0.0045	120.7269
-0.0031	69.8409	-11.5296	-0.0045	120.7332
-0.0031	69.8409	-11.531	-0.0045	120.7396
-0.0031	69.8409	-11.5323	-0.0045	120.7459
-0.0031	69.8409	-11.5337	-0.0045	120.7523
-0.0031	69.8409	-11.5351	-0.0045	120.7587
-0.0031	69.8409	-11.5365	-0.0045	120.765
-0.0031	69.8409	-11.5378	-0.0045	120.7714
-0.0031	69.8409	-11.5392	-0.0045	120.7778
-0.0031	69.8409	-11.5406	-0.0045	120.7841
-0.0031	69.8409	-11.542	-0.0045	120.7905
-0.0031	69.8409	-11.5433	-0.0045	120.7969
-0.0031	69.8409	-11.5447	-0.0045	120.8033
-0.0031	69.8409	-11.5461	-0.0045	120.8097
-0.0031	69.8409	-11.5475	-0.0045	120.8161
-0.0031	69.8409	-11.5488	-0.0045	120.8225
-0.0031	69.8409	-11.5502	-0.0045	120.8289
-0.0031	69.8409	-11.5516	-0.0045	120.8353
-0.0031	69.8409	-11.553	-0.0045	120.8417
-0.0031	69.8409	-11.5544	-0.0045	120.8481
-0.0031	69.8409	-11.5557	-0.0045	120.8545
-0.0031	69.8409	-11.5571	-0.0045	120.8609
-0.0031	69.8409	-11.5585	-0.0045	120.8673
-0.0031	69.8409	-11.5599	-0.0045	120.8737
-0.0031	69.8409	-11.5613	-0.0045	120.8801
-0.0031	69.8409	-11.5627	-0.0045	120.8865
-0.0031	69.8409	-11.5641	-0.0045	120.893
-0.0031	69.8409	-11.5654	-0.0045	120.8994
-0.0031	69.8409	-11.5668	-0.0045	120.9058
-0.0031	69.8409	-11.5682	-0.0045	120.9123
-0.0031	69.8409	-11.5696	-0.0045	120.9187
-0.0031	69.8409	-11.571	-0.0045	120.9251
-0.0031	69.8409	-11.5724	-0.0045	120.9316
-0.0031	69.8409	-11.5738	-0.0045	120.938
-0.0031	69.8409	-11.5752	-0.0045	120.9445
-0.0031	69.8409	-11.5765	-0.0045	120.9509
-0.0031	69.8409	-11.5779	-0.0045	120.9574
-0.0031	69.8409	-11.5793	-0.0045	120.9638
-0.0031	69.8409	-11.5807	-0.0045	120.9703
-0.0031	69.8409	-11.5821	-0.0045	120.9767
-0.0031	69.8409	-11.5835	-0.0045	120.9832
-0.0031	69.8409	-11.5849	-0.0045	120.9897
-0.0031	69.8409	-11.5863	-0.0045	120.9961
-0.0031	69.8409	-11.5877	-0.0045	121.0026
-0.0031	69.8409	-11.5891	-0.0045	121.0091
-0.0031	69.8409	-11.5905	-0.0045	121.0155
-0.0031	69.8409	-11.5919	-0.0045	121.022
-0.0031	69.8409	-11.5933	-0.0045	121.0285
-0.0031	69.8409	-11.5947	-0.0045	121.035
-0.0031	69.8409	-11.5961	-0.0045	121.0415
-0.0031	69.8409	-11.5975	-0.0045	121.048
-0.0031	69.8409	-11.5989	-0.0045	121.0545
-0.0031	69.8409	-11.6003	-0.0045	121.061
-0.0031	69.8409	-11.6017	-0.0045	121.0675
-0.0031	69.8409	-11.6031	-0.0045	121.074
-0.0031	69.8409	-11.6045	-0.0045	121.0805
-0.0031	69.8409	-11.6059	-0.0045	121.087
-0.0031	69.8409	-11.6073	-0.0045	121.0935
-0.0031	69.8409	-11.6087	-0.0045	121.1
-0.0031	69.8409	-11.6101	-0.0045	121.1065
-0.0031	69.8409	-11.6115	-0.0045	121.113
-0.0031	69.8409	-11.6129	-0.0045	121.1196
-0.0031	69.8409	-11.6143	-0.0045	121.1261
-0.0031	69.8409	-11.6157	-0.0045	121.1326
-0.0031	69.8409	-11.6172	-0.0045	121.1391
-0.0031	69.8409	-11.6186	-0.0045	121.1457
-0.0031	69.8409	-11.62	-0.0045	121.1522
-0.0031	69.8409	-11.6214	-0.0045	121.1587
-0.0031	69.8409	-11.6228	-0.0045	121.1653
-0.0031	69.8409	-11.6242	-0.0045	121.1718
-0.0031	69.8409	-11.6256	-0.0045	121.1784
-0.0031	69.8409	-11.627	-0.0045	121.1849
-0.0031	69.8409	-11.6284	-0.0045	121.1915
-0.0031	69.8409	-11.6299	-0.0045	121.198
-0.0031	69.8409	-11.6313	-0.0045	121.2046
-0.0031	69.8409	-11.6327	-0.0045	121.2111
-0.0031	69.8409	-11.6341	-0.0045	121.2177
-0.0031	69.8409	-11.6355	-0.0045	121.2243
-0.0031	69.8409	-11.6369	-0.0045	121.2308
-0.0031	69.8409	-11.6383	-0.0045	121.2374
-0.0031	69.8409	-11.6398	-0.0045	121.244
-0.0031	69.8409	-11.6412	-0.0045	121.2505
-0.0031	69.8409	-11.6426	-0.0045	121.2571
-0.0031	69.8409	-11.644	-0.0045	121.2637
-0.0031	69.8409	-11.6454	-0.0045	121.2703
-0.0031	69.8409	-11.6469	-0.0045	121.2769
-0.0031	69.8409	-11.6483	-0.0045	121.2835
-0.0031	69.8409	-11.6497	-0.0045	121.2901
-0.0031	69.8409	-11.6511	-0.0045	121.2967
-0.0031	69.8409	-11.6526	-0.0045	121.3032
-0.0031	69.8409	-11.654	-0.0045	121.3098
-0.0031	69.8409	-11.6554	-0.0045	121.3165
-0.0031	69.8409	-11.6568	-0.0045	121.3231
-0.0031	69.8409	-11.6583	-0.0045	121.3297
-0.0031	69.8409	-11.6597	-0.0045	121.3363
-0.0031	69.8409	-11.6611	-0.0045	121.3429
-0.0031	69.8409	-11.6625	-0.0045	121.3495
-0.0031	69.8409	-11.664	-0.0045	121.3561
-0.0031	69.8409	-11.6654	-0.0045	121.3628
-0.0031	69.8409	-11.6668	-0.0045	121.3694
-0.0031	69.8409	-11.6682	-0.0045	121.376
-0.0031	69.8409	-11.6697	-0.0045	121.3826
-0.0031	69.8409	-11.6711	-0.0045	121.3893
-0.0031	69.8409	-11.6725	-0.0045	121.3959
-0.0031	69.8409	-11.674	-0.0045	121.4025
-0.0031	69.8409	-11.6754	-0.0045	121.4092
-0.0031	69.8409	-11.6768	-0.0045	121.4158
-0.0031	69.8409	-11.6783	-0.0045	121.4225
-0.0031	69.8409	-11.6797	-0.0045	121.4291
-0.0031	69.8409	-11.6811	-0.0045	121.4358
-0.0031	69.8409	-11.6826	-0.0045	121.4424
-0.0031	69.8409	-11.684	-0.0045	121.4491
-0.0031	69.8409	-11.6855	-0.0045	121.4557
-0.0031	69.8409	-11.6869	-0.0045	121.4624
-0.0031	69.8409	-11.6883	-0.0045	121.4691
-0.0031	69.8409	-11.6898	-0.0045	121.4757
-0.0031	69.8409	-11.6912	-0.0045	121.4824
-0.0031	69.8409	-11.6926	-0.0045	121.4891
-0.0031	69.8409	-11.6941	-0.0045	121.4958
-0.0031	69.8409	-11.6955	-0.0045	121.5024
-0.0031	69.8409	-11.697	-0.0045	121.5091
-0.0031	69.8409	-11.6984	-0.0045	121.5158
-0.0031	69.8409	-11.6998	-0.0045	121.5225
-0.0031	69.8409	-11.7013	-0.0045	121.5292
-0.0031	69.8409	-11.7027	-0.0045	121.5359
-0.0031	69.8409	-11.7042	-0.0045	121.5426
-0.0031	69.8409	-11.7056	-0.0045	121.5493
-0.0031	69.8409	-11.7071	-0.0045	121.556
-0.0031	69.8409	-11.7085	-0.0045	121.5627
-0.0031	69.8409	-11.71	-0.0045	121.5694
-0.0031	69.8409	-11.7114	-0.0045	121.5761
-0.0031	69.8409	-11.7129	-0.0045	121.5828
-0.0031	69.8409	-11.7143	-0.0045	121.5895
-0.0031	69.8409	-11.7158	-0.0045	121.5962
-0.0031	69.8409	-11.7172	-0.0045	121.603
-0.0031	69.8409	-11.7187	-0.0045	121.6097
-0.0031	69.8409	-11.7201	-0.0045	121.6164
-0.0031	69.8409	-11.7216	-0.0045	121.6231
-0.0031	69.8409	-11.723	-0.0045	121.6299
-0.0031	69.8409	-11.7245	-0.0045	121.6366
-0.0031	69.8409	-11.7259	-0.0045	121.6433
-0.0031	69.8409	-11.7274	-0.0045	121.6501
-0.0031	69.8409	-11.7288	-0.0045	121.6568
-0.0031	69.8409	-11.7303	-0.0045	121.6636
-0.0031	69.8409	-11.7317	-0.0045	121.6703
-0.0031	69.8409	-11.7332	-0.0045	121.6771
-0.0031	69.8409	-11.7346	-0.0045	121.6838
-0.0031	69.8409	-11.7361	-0.0045	121.6906
-0.0031	69.8409	-11.7376	-0.0045	121.6973
-0.0031	69.8409	-11.739	-0.0045	121.7041
-0.0031	69.8409	-11.7405	-0.0045	121.7108
-0.0031	69.8409	-11.7419	-0.0045	121.7176
-0.0031	69.8409	-11.7434	-0.0045	121.7244
-0.0031	69.8409	-11.7449	-0.0045	121.7311
-0.0031	69.8409	-11.7463	-0.0045	121.7379
-0.0031	69.8409	-11.7478	-0.0045	121.7447
-0.0031	69.8409	-11.7492	-0.0045	121.7515
-0.0031	69.8409	-11.7507	-0.0045	121.7583
-0.0031	69.8409	-11.7522	-0.0045	121.765
-0.0031	69.8409	-11.7536	-0.0045	121.7718
-0.0031	69.8409	-11.7551	-0.0045	121.7786
-0.0031	69.8409	-11.7566	-0.0045	121.7854
-0.0031	69.8409	-11.758	-0.0045	121.7922
-0.0031	69.8409	-11.7595	-0.0045	121.799
-0.0031	69.8409	-11.761	-0.0045	121.8058
-0.0031	69.8409	-11.7624	-0.0045	121.8126
-0.0031	69.8409	-11.7639	-0.0045	121.8194
-0.0031	69.8409	-11.7654	-0.0045	121.8262
-0.0031	69.8409	-11.7668	-0.0045	121.833
-0.0031	69.8409	-11.7683	-0.0045	121.8398
-0.0031	69.8409	-11.7698	-0.0045	121.8467
-0.0031	69.8409	-11.7712	-0.0045	121.8535
-0.0031	69.8409	-11.7727	-0.0045	121.8603
-0.0031	69.8409	-11.7742	-0.0045	121.8671
-0.0031	69.8409	-11.7757	-0.0045	121.8739
-0.0031	69.8409	-11.7771	-0.0045	121.8808
-0.0031	69.8409	-11.7786	-0.0045	121.8876
-0.0031	69.8409	-11.7801	-0.0045	121.8944
-0.0031	69.8409	-11.7816	-0.0045	121.9013
-0.0031	69.8409	-11.783	-0.0045	121.9081
-0.0031	69.8409	-11.7845	-0.0045	121.915
-0.0031	69.8409	-11.786	-0.0045	121.9218
-0.0031	69.8409	-11.7875	-0.0045	121.9287
-0.0031	69.8409	-11.7889	-0.0045	121.9355
-0.0031	69.8409	-11.7904	-0.0045	121.9424
-0.0031	69.8409	-11.7919	-0.0045	121.9492
-0.0031	69.8409	-11.7934	-0.0045	121.9561
-0.0031	69.8409	-11.7949	-0.0045	121.9629
-0.0031	69.8409	-11.7963	-0.0045	121.9698
-0.0031	69.8409	-11.7978	-0.0045	121.9767
-0.0031	69.8409	-11.7993	-0.0045	121.9835
-0.0031	69.8409	-11.8008	-0.0045	121.9904
-0.0031	69.8409	-11.8023	-0.0045	121.9973
-0.0031	69.8409	-11.8037	-0.0045	122.0042
-0.0031	69.8409	-11.8052	-0.0045	122.011
-0.0031	69.8409	-11.8067	-0.0045	122.0179
-0.0031	69.8409	-11.8082	-0.0045	122.0248
-0.0031	69.8409	-11.8097	-0.0045	122.0317
-0.0031	69.8409	-11.8112	-0.0045	122.0386
-0.0031	69.8409	-11.8127	-0.0045	122.0455
-0.0031	69.8409	-11.8141	-0.0045	122.0524
-0.0031	69.8409	-11.8156	-0.0045	122.0593
-0.0031	69.8409	-11.8171	-0.0045	122.0662
-0.0031	69.8409	-11.8186	-0.0045	122.0731
-0.0031	69.8409	-11.8201	-0.0045	122.08
-0.0031	69.8409	-11.8216	-0.0045	122.0869
-0.0031	69.8409	-11.8231	-0.0045	122.0938
-0.0031	69.8409	-11.8246	-0.0045	122.1007
-0.0031	69.8409	-11.8261	-0.0045	122.1076
-0.0031	69.8409	-11.8276	-0.0045	122.1145
-0.0031	69.8409	-11.8291	-0.0045	122.1215
-0.0031	69.8409	-11.8305	-0.0045	122.1284
-0.0031	69.8409	-11.832	-0.0045	122.1353
-0.0031	69.8409	-11.8335	-0.0045	122.1422
-0.0031	69.8409	-11.835	-0.0045	122.1492
-0.0031	69.8409	-11.8365	-0.0045	122.1561
-0.0031	69.8409	-11.838	-0.0045	122.163
-0.0031	69.8409	-11.8395	-0.0045	122.17
-0.0031	69.8409	-11.841	-0.0045	122.1769
-0.0031	69.8409	-11.8425	-0.0045	122.1839
-0.0031	69.8409	-11.844	-0.0045	122.1908
-0.0031	69.8409	-11.8455	-0.0045	122.1978
-0.0031	69.8409	-11.847	-0.0045	122.2047
-0.0031	69.8409	-11.8485	-0.0045	122.2117
-0.0031	69.8409	-11.85	-0.0045	122.2186
-0.0031	69.8409	-11.8515	-0.0045	122.2256
-0.0031	69.8409	-11.853	-0.0045	122.2326
-0.0031	69.8409	-11.8545	-0.0045	122.2395
-0.0031	69.8409	-11.856	-0.0045	122.2465
-0.0031	69.8409	-11.8575	-0.0045	122.2535
-0.0031	69.8409	-11.859	-0.0045	122.2604
-0.0031	69.8409	-11.8605	-0.0045	122.2674
-0.0031	69.8409	-11.862	-0.0045	122.2744
-0.0031	69.8409	-11.8635	-0.0045	122.2814
-0.0031	69.8409	-11.8651	-0.0045	122.2884
-0.0031	69.8409	-11.8666	-0.0045	122.2953
-0.0031	69.8409	-11.8681	-0.0045	122.3023
-0.0031	69.8409	-11.8696	-0.0045	122.3093
-0.0031	69.8409	-11.8711	-0.0045	122.3163
-0.0031	69.8409	-11.8726	-0.0045	122.3233
-0.0031	69.8409	-11.8741	-0.0045	122.3303
-0.0031	69.8409	-11.8756	-0.0045	122.3373
-0.0031	69.8409	-11.8771	-0.0045	122.3443
-0.0031	69.8409	-11.8786	-0.0045	122.3513
-0.0031	69.8409	-11.8802	-0.0045	122.3583
-0.0031	69.8409	-11.8817	-0.0045	122.3653
-0.0031	69.8409	-11.8832	-0.0045	122.3724
-0.0031	69.8409	-11.8847	-0.0045	122.3794
-0.0031	69.8409	-11.8862	-0.0045	122.3864
-0.0031	69.8409	-11.8877	-0.0045	122.3934
-0.0031	69.8409	-11.8892	-0.0045	122.4005
-0.0031	69.8409	-11.8908	-0.0045	122.4075
-0.0031	69.8409	-11.8923	-0.0045	122.4145
-0.0031	69.8409	-11.8938	-0.0045	122.4215
-0.0031	69.8409	-11.8953	-0.0045	122.4286
-0.0031	69.8409	-11.8968	-0.0045	122.4356
-0.0031	69.8409	-11.8983	-0.0045	122.4427
-0.0031	69.8409	-11.8999	-0.0045	122.4497
-0.0031	69.8409	-11.9014	-0.0045	122.4567
-0.0031	69.8409	-11.9029	-0.0045	122.4638
-0.0031	69.8409	-11.9044	-0.0045	122.4708
-0.0031	69.8409	-11.9059	-0.0045	122.4779
-0.0031	69.8409	-11.9075	-0.0045	122.485
-0.0031	69.8409	-11.909	-0.0045	122.492
-0.0031	69.8409	-11.9105	-0.0045	122.4991
-0.0031	69.8409	-11.912	-0.0045	122.5061
-0.0031	69.8409	-11.9136	-0.0045	122.5132
-0.0031	69.8409	-11.9151	-0.0045	122.5203
-0.0031	69.8409	-11.9166	-0.0045	122.5273
-0.0031	69.8409	-11.9181	-0.0045	122.5344
-0.0031	69.8409	-11.9197	-0.0045	122.5415
-0.0031	69.8409	-11.9212	-0.0045	122.5486
-0.0031	69.8409	-11.9227	-0.0045	122.5557
-0.0031	69.8409	-11.9242	-0.0045	122.5627
-0.0031	69.8409	-11.9258	-0.0045	122.5698
-0.0031	69.8409	-11.9273	-0.0045	122.5769
-0.0031	69.8409	-11.9288	-0.0045	122.584
-0.0031	69.8409	-11.9304	-0.0045	122.5911
-0.0031	69.8409	-11.9319	-0.0045	122.5982
-0.0031	69.8409	-11.9334	-0.0045	122.6053
-0.0031	69.8409	-11.935	-0.0045	122.6124
-0.0031	69.8409	-11.9365	-0.0045	122.6195
-0.0031	69.8409	-11.938	-0.0045	122.6266
-0.0031	69.8409	-11.9396	-0.0045	122.6337
-0.0031	69.8409	-11.9411	-0.0045	122.6408
-0.0031	69.8409	-11.9426	-0.0045	122.6479
-0.0031	69.8409	-11.9442	-0.0045	122.6551
-0.0031	69.8409	-11.9457	-0.0045	122.6622
-0.0031	69.8409	-11.9472	-0.0045	122.6693
-0.0031	69.8409	-11.9488	-0.0045	122.6764
-0.0031	69.8409	-11.9503	-0.0045	122.6836
-0.0031	69.8409	-11.9518	-0.0045	122.6907
-0.0031	69.8409	-11.9534	-0.0045	122.6978
-0.0031	69.8409	-11.9549	-0.0045	122.705
-0.0031	69.8409	-11.9565	-0.0045	122.7121
-0.0031	69.8409	-11.958	-0.0045	122.7192
-0.0031	69.8409	-11.9595	-0.0045	122.7264
-0.0031	69.8409	-11.9611	-0.0045	122.7335
-0.0031	69.8409	-11.9626	-0.0045	122.7407
-0.0031	69.8409	-11.9642	-0.0045	122.7478
-0.0031	69.8409	-11.9657	-0.0045	122.755
-0.0031	69.8409	-11.9673	-0.0045	122.7621
-0.0031	69.8409	-11.9688	-0.0045	122.7693
-0.0031	69.8409	-11.9703	-0.0045	122.7764
-0.0031	69.8409	-11.9719	-0.0045	122.7836
-0.0031	69.8409	-11.9734	-0.0045	122.7908
-0.0031	69.8409	-11.975	-0.0045	122.7979
-0.0031	69.8409	-11.9765	-0.0045	122.8051
-0.0031	69.8409	-11.9781	-0.0045	122.8123
-0.0031	69.8409	-11.9796	-0.0045	122.8195
-0.0031	69.8409	-11.9812	-0.0045	122.8266
-0.0031	69.8409	-11.9827	-0.0045	122.8338
-0.0031	69.8409	-11.9843	-0.0045	122.841
-0.0031	69.8409	-11.9858	-0.0045	122.8482
-0.0031	69.8409	-11.9874	-0.0045	122.8554
-0.0031	69.8409	-11.9889	-0.0045	122.8626
-0.0031	69.8409	-11.9905	-0.0045	122.8698
-0.0031	69.8409	-11.992	-0.0045	122.877
-0.0031	69.8409	-11.9936	-0.0045	122.8842
-0.0031	69.8409	-11.9951	-0.0045	122.8914
-0.0031	69.8409	-11.9967	-0.0045	122.8986
-0.0031	69.8409	-11.9982	-0.0045	122.9058
-0.0031	69.8409	-11.9998	-0.0045	122.913
-0.0031	69.8409	-12.0014	-0.0045	122.9202
-0.0031	69.8409	-12.0029	-0.0045	122.9274
-0.0031	69.8409	-12.0045	-0.0045	122.9346
-0.0031	69.8409	-12.006	-0.0045	122.9418
-0.0031	69.8409	-12.0076	-0.0045	122.949
-0.0031	69.8409	-12.0091	-0.0045	122.9563
-0.0031	69.8409	-12.0107	-0.0045	122.9635
-0.0031	69.8409	-12.0123	-0.0045	122.9707
-0.0031	69.8409	-12.0138	-0.0045	122.978
-0.0031	69.8409	-12.0154	-0.0045	122.9852
-0.0031	69.8409	-12.0169	-0.0045	122.9924
-0.0031	69.8409	-12.0185	-0.0045	122.9997
-0.0031	69.8409	-12.0201	-0.0045	123.0069
-0.0031	69.8409	-12.0216	-0.0045	123.0141
-0.0031	69.8409	-12.0232	-0.0045	123.0214
-0.0031	69.8409	-12.0247	-0.0045	123.0286
-0.0031	69.8409	-12.0263	-0.0045	123.0359
-0.0031	69.8409	-12.0279	-0.0045	123.0431
-0.0031	69.8409	-12.0294	-0.0045	123.0504
-0.0031	69.8409	-12.031	-0.0045	123.0577
-0.0031	69.8409	-12.0326	-0.0045	123.0649
-0.0031	69.8409	-12.0341	-0.0045	123.0722
-0.0031	69.8409	-12.0357	-0.0045	123.0794
-0.0031	69.8409	-12.0373	-0.0045	123.0867
-0.0031	69.8409	-12.0388	-0.0045	123.094
-0.0031	69.8409	-12.0404	-0.0045	123.1013
-0.0031	69.8409	-12.042	-0.0045	123.1085
-0.0031	69.8409	-12.0435	-0.0045	123.1158
-0.0031	69.8409	-12.0451	-0.0045	123.1231
-0.0031	69.8409	-12.0467	-0.0045	123.1304
-0.0031	69.8409	-12.0483	-0.0045	123.1377
-0.0031	69.8409	-12.0498	-0.0045	123.1449
-0.0031	69.8409	-12.0514	-0.0045	123.1522
-0.0031	69.8409	-12.053	-0.0045	123.1595
-0.0031	69.8409	-12.0546	-0.0045	123.1668
-0.0031	69.8409	-12.0561	-0.0045	123.1741
-0.0031	69.8409	-12.0577	-0.0045	123.1814
-0.0031	69.8409	-12.0593	-0.0045	123.1887
-0.0031	69.8409	-12.0609	-0.0045	123.196
-0.0031	69.8409	-12.0624	-0.0045	123.2033
-0.0031	69.8409	-12.064	-0.0045	123.2106
-0.0031	69.8409	-12.0656	-0.0045	123.2179
-0.0031	69.8409	-12.0672	-0.0045	123.2253
-0.0031	69.8409	-12.0687	-0.0045	123.2326
-0.0031	69.8409	-12.0703	-0.0045	123.2399
-0.0031	69.8409	-12.0719	-0.0045	123.2472
-0.0031	69.8409	-12.0735	-0.0045	123.2545
-0.0031	69.8409	-12.0751	-0.0045	123.2619
-0.0031	69.8409	-12.0766	-0.0045	123.2692
-0.0031	69.8409	-12.0782	-0.0045	123.2765
-0.0031	69.8409	-12.0798	-0.0045	123.2839
-0.0031	69.8409	-12.0814	-0.0045	123.2912
-0.0031	69.8409	-12.083	-0.0045	123.2985
-0.0031	69.8409	-12.0846	-0.0045	123.3059
-0.0031	69.8409	-12.0861	-0.0045	123.3132
-0.0031	69.8409	-12.0877	-0.0045	123.3206
-0.0031	69.8409	-12.0893	-0.0045	123.3279
-0.0031	69.8409	-12.0909	-0.0045	123.3353
-0.0031	69.8409	-12.0925	-0.0045	123.3426
-0.0031	69.8409	-12.0941	-0.0045	123.35
-0.0031	69.8409	-12.0957	-0.0045	123.3573
-0.0031	69.8409	-12.0972	-0.0045	123.3647
-0.0031	69.8409	-12.0988	-0.0045	123.3721
-0.0031	69.8409	-12.1004	-0.0045	123.3794
-0.0031	69.8409	-12.102	-0.0045	123.3868
-0.0031	69.8409	-12.1036	-0.0045	123.3942
-0.0031	69.8409	-12.1052	-0.0045	123.4015
-0.0031	69.8409	-12.1068	-0.0045	123.4089
-0.0031	69.8409	-12.1084	-0.0045	123.4163
-0.0031	69.8409	-12.11	-0.0045	123.4237
-0.0031	69.8409	-12.1116	-0.0045	123.4311
-0.0031	69.8409	-12.1131	-0.0045	123.4384
-0.0031	69.8409	-12.1147	-0.0045	123.4458
-0.0031	69.8409	-12.1163	-0.0045	123.4532
-0.0031	69.8409	-12.1179	-0.0045	123.4606
-0.0031	69.8409	-12.1195	-0.0045	123.468
-0.0031	69.8409	-12.1211	-0.0045	123.4754
-0.0031	69.8409	-12.1227	-0.0045	123.4828
-0.0031	69.8409	-12.1243	-0.0045	123.4902
-0.0031	69.8409	-12.1259	-0.0045	123.4976
-0.0031	69.8409	-12.1275	-0.0045	123.505
-0.0031	69.8409	-12.1291	-0.0045	123.5124
-0.0031	69.8409	-12.1307	-0.0045	123.5198
-0.0031	69.8409	-12.1323	-0.0045	123.5272
-0.0031	69.8409	-12.1339	-0.0045	123.5347
-0.0031	69.8409	-12.1355	-0.0045	123.5421
-0.0031	69.8409	-12.1371	-0.0045	123.5495
-0.0031	69.8409	-12.1387	-0.0045	123.5569
-0.0031	69.8409	-12.1403	-0.0045	123.5643
-0.0031	69.8409	-12.1419	-0.0045	123.5718
-0.0031	69.8409	-12.1435	-0.0045	123.5792
-0.0031	69.8409	-12.1451	-0.0045	123.5866
-0.0031	69.8409	-12.1467	-0.0045	123.5941
-0.0031	69.8409	-12.1483	-0.0045	123.6015
-0.0031	69.8409	-12.1499	-0.0045	123.609
-0.0031	69.8409	-12.1515	-0.0045	123.6164
-0.0031	69.8409	-12.1531	-0.0045	123.6238
-0.0031	69.8409	-12.1547	-0.0045	123.6313
-0.0031	69.8409	-12.1564	-0.0045	123.6387
-0.0031	69.8409	-12.158	-0.0045	123.6462
-0.0031	69.8409	-12.1596	-0.0045	123.6536
-0.0031	69.8409	-12.1612	-0.0045	123.6611
-0.0031	69.8409	-12.1628	-0.0045	123.6686
-0.0031	69.8409	-12.1644	-0.0045	123.676
-0.0031	69.8409	-12.166	-0.0045	123.6835
-0.0031	69.8409	-12.1676	-0.0045	123.6909
-0.0031	69.8409	-12.1692	-0.0045	123.6984
-0.0031	69.8409	-12.1708	-0.0045	123.7059
-0.0031	69.8409	-12.1725	-0.0045	123.7134
-0.0031	69.8409	-12.1741	-0.0045	123.7208
-0.0031	69.8409	-12.1757	-0.0045	123.7283
-0.0031	69.8409	-12.1773	-0.0045	123.7358
-0.0031	69.8409	-12.1789	-0.0045	123.7433
-0.0031	69.8409	-12.1805	-0.0045	123.7508
-0.0031	69.8409	-12.1821	-0.0045	123.7583
-0.0031	69.8409	-12.1837	-0.0045	123.7657
-0.0031	69.8409	-12.1854	-0.0045	123.7732
-0.0031	69.8409	-12.187	-0.0045	123.7807
-0.0031	69.8409	-12.1886	-0.0045	123.7882
-0.0031	69.8409	-12.1902	-0.0045	123.7957
-0.0031	69.8409	-12.1918	-0.0045	123.8032
-0.0031	69.8409	-12.1935	-0.0045	123.8107
-0.0031	69.8409	-12.1951	-0.0045	123.8182
-0.0031	69.8409	-12.1967	-0.0045	123.8257
-0.0031	69.8409	-12.1983	-0.0045	123.8333
-0.0031	69.8409	-12.1999	-0.0045	123.8408
-0.0031	69.8409	-12.2016	-0.0045	123.8483
-0.0031	69.8409	-12.2032	-0.0045	123.8558
-0.0031	69.8409	-12.2048	-0.0045	123.8633
-0.0031	69.8409	-12.2064	-0.0045	123.8709
-0.0031	69.8409	-12.208	-0.0045	123.8784
-0.0031	69.8409	-12.2097	-0.0045	123.8859
-0.0031	69.8409	-12.2113	-0.0045	123.8934
-0.0031	69.8409	-12.2129	-0.0045	123.901
-0.0031	69.8409	-12.2145	-0.0045	123.9085
-0.0031	69.8409	-12.2162	-0.0045	123.916
-0.0031	69.8409	-12.2178	-0.0045	123.9236
-0.0031	69.8409	-12.2194	-0.0045	123.9311
-0.0031	69.8409	-12.2211	-0.0045	123.9387
-0.0031	69.8409	-12.2227	-0.0045	123.9462
-0.0031	69.8409	-12.2243	-0.0045	123.9538
-0.0031	69.8409	-12.2259	-0.0045	123.9613
-0.0031	69.8409	-12.2276	-0.0045	123.9689
-0.0031	69.8409	-12.2292	-0.0045	123.9764
-0.0031	69.8409	-12.2308	-0.0045	123.984
-0.0031	69.8409	-12.2325	-0.0045	123.9915
-0.0031	69.8409	-12.2341	-0.0045	123.9991
-0.0031	69.8409	-12.2357	-0.0045	124.0067
-0.0031	69.8409	-12.2374	-0.0045	124.0142
-0.0031	69.8409	-12.239	-0.0045	124.0218
-0.0031	69.8409	-12.2406	-0.0045	124.0294
-0.0031	69.8409	-12.2423	-0.0045	124.0369
-0.0031	69.8409	-12.2439	-0.0045	124.0445
-0.0031	69.8409	-12.2455	-0.0045	124.0521
-0.0031	69.8409	-12.2472	-0.0045	124.0597
-0.0031	69.8409	-12.2488	-0.0045	124.0673
-0.0031	69.8409	-12.2504	-0.0045	124.0749
-0.0031	69.8409	-12.2521	-0.0045	124.0824
-0.0031	69.8409	-12.2537	-0.0045	124.09
-0.0031	69.8409	-12.2553	-0.0045	124.0976
-0.0031	69.8409	-12.257	-0.0045	124.1052
-0.0031	69.8409	-12.2586	-0.0045	124.1128
-0.0031	69.8409	-12.2603	-0.0045	124.1204
-0.0031	69.8409	-12.2619	-0.0045	124.128
-0.0031	69.8409	-12.2635	-0.0045	124.1356
-0.0031	69.8409	-12.2652	-0.0045	124.1432
-0.0031	69.8409	-12.2668	-0.0045	124.1508
-0.0031	69.8409	-12.2685	-0.0045	124.1585
-0.0031	69.8409	-12.2701	-0.0045	124.1661
-0.0031	69.8409	-12.2717	-0.0045	124.1737
-0.0031	69.8409	-12.2734	-0.0045	124.1813
-0.0031	69.8409	-12.275	-0.0045	124.1889
-0.0031	69.8409	-12.2767	-0.0045	124.1965
-0.0031	69.8409	-12.2783	-0.0045	124.2042
-0.0031	69.8409	-12.28	-0.0045	124.2118
-0.0031	69.8409	-12.2816	-0.0045	124.2194
-0.0031	69.8409	-12.2833	-0.0045	124.2271
-0.0031	69.8409	-12.2849	-0.0045	124.2347
-0.0031	69.8409	-12.2866	-0.0045	124.2423
-0.0031	69.8409	-12.2882	-0.0045	124.25
-0.0031	69.8409	-12.2899	-0.0045	124.2576
-0.0031	69.8409	-12.2915	-0.0045	124.2653
-0.0031	69.8409	-12.2932	-0.0045	124.2729
-0.0031	69.8409	-12.2948	-0.0045	124.2805
-0.0031	69.8409	-12.2965	-0.0045	124.2882
-0.0031	69.8409	-12.2981	-0.0045	124.2958
-0.0031	69.8409	-12.2998	-0.0045	124.3035
-0.0031	69.8409	-12.3014	-0.0045	124.3112
-0.0031	69.8409	-12.3031	-0.0045	124.3188
-0.0031	69.8409	-12.3047	-0.0045	124.3265
-0.0031	69.8409	-12.3064	-0.0045	124.3341
-0.0031	69.8409	-12.308	-0.0045	124.3418
-0.0031	69.8409	-12.3097	-0.0045	124.3495
-0.0031	69.8409	-12.3113	-0.0045	124.3571
-0.0031	69.8409	-12.313	-0.0045	124.3648
-0.0031	69.8409	-12.3146	-0.0045	124.3725
-0.0031	69.8409	-12.3163	-0.0045	124.3802
-0.0031	69.8409	-12.3179	-0.0045	124.3879
-0.0031	69.8409	-12.3196	-0.0045	124.3955
-0.0031	69.8409	-12.3213	-0.0045	124.4032
-0.0031	69.8409	-12.3229	-0.0045	124.4109
-0.0031	69.8409	-12.3246	-0.0045	124.4186
-0.0031	69.8409	-12.3262	-0.0045	124.4263
-0.0031	69.8409	-12.3279	-0.0045	124.434
-0.0031	69.8409	-12.3296	-0.0045	124.4417
-0.0031	69.8409	-12.3312	-0.0045	124.4494
-0.0031	69.8409	-12.3329	-0.0045	124.4571
-0.0031	69.8409	-12.3345	-0.0045	124.4648
-0.0031	69.8409	-12.3362	-0.0045	124.4725
-0.0031	69.8409	-12.3379	-0.0045	124.4802
-0.0031	69.8409	-12.3395	-0.0045	124.4879
-0.0031	69.8409	-12.3412	-0.0045	124.4956
-0.0031	69.8409	-12.3429	-0.0045	124.5033
-0.0031	69.8409	-12.3445	-0.0045	124.511
-0.0031	69.8409	-12.3462	-0.0045	124.5188
-0.0031	69.8409	-12.3479	-0.0045	124.5265
-0.0031	69.8409	-12.3495	-0.0045	124.5342
-0.0031	69.8409	-12.3512	-0.0045	124.5419
-0.0031	69.8409	-12.3528	-0.0045	124.5496
-0.0031	69.8409	-12.3545	-0.0045	124.5574
-0.0031	69.8409	-12.3562	-0.0045	124.5651
-0.0031	69.8409	-12.3579	-0.0045	124.5728
-0.0031	69.8409	-12.3595	-0.0045	124.5806
-0.0031	69.8409	-12.3612	-0.0045	124.5883
-0.0031	69.8409	-12.3629	-0.0045	124.5961
-0.0031	69.8409	-12.3645	-0.0045	124.6038
-0.0031	69.8409	-12.3662	-0.0045	124.6115
-0.0031	69.8409	-12.3679	-0.0045	124.6193
-0.0031	69.8409	-12.3695	-0.0045	124.627
-0.0031	69.8409	-12.3712	-0.0045	124.6348
-0.0031	69.8409	-12.3729	-0.0045	124.6425
-0.0031	69.8409	-12.3746	-0.0045	124.6503
-0.0031	69.8409	-12.3762	-0.0045	124.6581
-0.0031	69.8409	-12.3779	-0.0045	124.6658
-0.0031	69.8409	-12.3796	-0.0045	124.6736
-0.0031	69.8409	-12.3813	-0.0045	124.6813
-0.0031	69.8409	-12.3829	-0.0045	124.6891
-0.0031	69.8409	-12.3846	-0.0045	124.6969
-0.0031	69.8409	-12.3863	-0.0045	124.7047
-0.0031	69.8409	-12.388	-0.0045	124.7124
-0.0031	69.8409	-12.3896	-0.0045	124.7202
-0.0031	69.8409	-12.3913	-0.0045	124.728
-0.0031	69.8409	-12.393	-0.0045	124.7358
-0.0031	69.8409	-12.3947	-0.0045	124.7435
-0.0031	69.8409	-12.3964	-0.0045	124.7513
-0.0031	69.8409	-12.398	-0.0045	124.7591
-0.0031	69.8409	-12.3997	-0.0045	124.7669
-0.0031	69.8409	-12.4014	-0.0045	124.7747
-0.0031	69.8409	-12.4031	-0.0045	124.7825
-0.0031	69.8409	-12.4048	-0.0045	124.7903
-0.0031	69.8409	-12.4064	-0.0045	124.7981
-0.0031	69.8409	-12.4081	-0.0045	124.8059
-0.0031	69.8409	-12.4098	-0.0045	124.8137
-0.0031	69.8409	-12.4115	-0.0045	124.8215
-0.0031	69.8409	-12.4132	-0.0045	124.8293
-0.0031	69.8409	-12.4149	-0.0045	124.8371
-0.0031	69.8409	-12.4165	-0.0045	124.8449
-0.0031	69.8409	-12.4182	-0.0045	124.8527
-0.0031	69.8409	-12.4199	-0.0045	124.8605
-0.0031	69.8409	-12.4216	-0.0045	124.8684
-0.0031	69.8409	-12.4233	-0.0045	124.8762
-0.0031	69.8409	-12.425	-0.0045	124.884
-0.0031	69.8409	-12.4267	-0.0045	124.8918
-0.0031	69.8409	-12.4284	-0.0045	124.8997
-0.0031	69.8409	-12.43	-0.0045	124.9075
-0.0031	69.8409	-12.4317	-0.0045	124.9153
-0.0031	69.8409	-12.4334	-0.0045	124.9232
-0.0031	69.8409	-12.4351	-0.0045	124.931
-0.0031	69.8409	-12.4368	-0.0045	124.9388
-0.0031	69.8409	-12.4385	-0.0045	124.9467
-0.0031	69.8409	-12.4402	-0.0045	124.9545
-0.0031	69.8409	-12.4419	-0.0045	124.9623
-0.0031	69.8409	-12.4436	-0.0045	124.9702
-0.0031	69.8409	-12.4453	-0.0045	124.978
-0.0031	69.8409	-12.447	-0.0045	124.9859
-0.0031	69.8409	-12.4486	-0.0045	124.9937
-0.0031	69.8409	-12.4503	-0.0045	125.0016
-0.0031	69.8409	-12.452	-0.0045	125.0095
-0.0031	69.8409	-12.4537	-0.0045	125.0173
-0.0031	69.8409	-12.4554	-0.0045	125.0252
-0.0031	69.8409	-12.4571	-0.0045	125.033
-0.0031	69.8409	-12.4588	-0.0045	125.0409
-0.0031	69.8409	-12.4605	-0.0045	125.0488
-0.0031	69.8409	-12.4622	-0.0045	125.0566
-0.0031	69.8409	-12.4639	-0.0045	125.0645
-0.0031	69.8409	-12.4656	-0.0045	125.0724
-0.0031	69.8409	-12.4673	-0.0045	125.0803
-0.0031	69.8409	-12.469	-0.0045	125.0881
-0.0031	69.8409	-12.4707	-0.0045	125.096
-0.0031	69.8409	-12.4724	-0.0045	125.1039
-0.0031	69.8409	-12.4741	-0.0045	125.1118
-0.0031	69.8409	-12.4758	-0.0045	125.1197
-0.0031	69.8409	-12.4775	-0.0045	125.1276
-0.0031	69.8409	-12.4792	-0.0045	125.1355
-0.0031	69.8409	-12.4809	-0.0045	125.1433
-0.0031	69.8409	-12.4826	-0.0045	125.1512
-0.0031	69.8409	-12.4843	-0.0045	125.1591
-0.0031	69.8409	-12.486	-0.0045	125.167
-0.0031	69.8409	-12.4877	-0.0045	125.1749
-0.0031	69.8409	-12.4894	-0.0045	125.1828
-0.0031	69.8409	-12.4911	-0.0045	125.1908
-0.0031	69.8409	-12.4929	-0.0045	125.1987
-0.0031	69.8409	-12.4946	-0.0045	125.2066
-0.0031	69.8409	-12.4963	-0.0045	125.2145
-0.0031	69.8409	-12.498	-0.0045	125.2224
-0.0031	69.8409	-12.4997	-0.0045	125.2303
-0.0031	69.8409	-12.5014	-0.0045	125.2382
-0.0031	69.8409	-12.5031	-0.0045	125.2462
-0.0031	69.8409	-12.5048	-0.0045	125.2541
-0.0031	69.8409	-12.5065	-0.0045	125.262
-0.0031	69.8409	-12.5082	-0.0045	125.2699
-0.0031	69.8409	-12.5099	-0.0045	125.2779
-0.0031	69.8409	-12.5116	-0.0045	125.2858
-0.0031	69.8409	-12.5134	-0.0045	125.2937
-0.0031	69.8409	-12.5151	-0.0045	125.3017
-0.0031	69.8409	-12.5168	-0.0045	125.3096
-0.0031	69.8409	-12.5185	-0.0045	125.3175
-0.0031	69.8409	-12.5202	-0.0045	125.3255
-0.0031	69.8409	-12.5219	-0.0045	125.3334
-0.0031	69.8409	-12.5236	-0.0045	125.3414
-0.0031	69.8409	-12.5254	-0.0045	125.3493
-0.0031	69.8409	-12.5271	-0.0045	125.3573
-0.0031	69.8409	-12.5288	-0.0045	125.3652
-0.0031	69.8409	-12.5305	-0.0045	125.3732
-0.0031	69.8409	-12.5322	-0.0045	125.3811
-0.0031	69.8409	-12.5339	-0.0045	125.3891
-0.0031	69.8409	-12.5356	-0.0045	125.3971
-0.0031	69.8409	-12.5374	-0.0045	125.405
-0.0031	69.8409	-12.5391	-0.0045	125.413
-0.0031	69.8409	-12.5408	-0.0045	125.421
-0.0031	69.8409	-12.5425	-0.0045	125.4289
-0.0031	69.8409	-12.5442	-0.0045	125.4369
-0.0031	69.8409	-12.546	-0.0045	125.4449
-0.0031	69.8409	-12.5477	-0.0045	125.4528
-0.0031	69.8409	-12.5494	-0.0045	125.4608
-0.0031	69.8409	-12.5511	-0.0045	125.4688
-0.0031	69.8409	-12.5528	-0.0045	125.4768
-0.0031	69.8409	-12.5546	-0.0045	125.4848
-0.0031	69.8409	-12.5563	-0.0045	125.4927
-0.0031	69.8409	-12.558	-0.0045	125.5007
-0.0031	69.8409	-12.5597	-0.0045	125.5087
-0.0031	69.8409	-12.5615	-0.0045	125.5167
-0.0031	69.8409	-12.5632	-0.0045	125.5247
-0.0031	69.8409	-12.5649	-0.0045	125.5327
-0.0031	69.8409	-12.5666	-0.0045	125.5407
-0.0031	69.8409	-12.5684	-0.0045	125.5487
-0.0031	69.8409	-12.5701	-0.0045	125.5567
-0.0031	69.8409	-12.5718	-0.0045	125.5647
-0.0031	69.8409	-12.5735	-0.0045	125.5727
-0.0031	69.8409	-12.5753	-0.0045	125.5807
-0.0031	69.8409	-12.577	-0.0045	125.5887
-0.0031	69.8409	-12.5787	-0.0045	125.5968
-0.0031	69.8409	-12.5805	-0.0045	125.6048
-0.0031	69.8409	-12.5822	-0.0045	125.6128
-0.0031	69.8409	-12.5839	-0.0045	125.6208
-0.0031	69.8409	-12.5856	-0.0045	125.6288
-0.0031	69.8409	-12.5874	-0.0045	125.6369
-0.0031	69.8409	-12.5891	-0.0045	125.6449
-0.0031	69.8409	-12.5908	-0.0045	125.6529
-0.0031	69.8409	-12.5926	-0.0045	125.6609
-0.0031	69.8409	-12.5943	-0.0045	125.669
-0.0031	69.8409	-12.596	-0.0045	125.677
-0.0031	69.8409	-12.5978	-0.0045	125.685
-0.0031	69.8409	-12.5995	-0.0045	125.6931
-0.0031	69.8409	-12.6012	-0.0045	125.7011
-0.0031	69.8409	-12.603	-0.0045	125.7092
-0.0031	69.8409	-12.6047	-0.0045	125.7172
-0.0031	69.8409	-12.6064	-0.0045	125.7252
-0.0031	69.8409	-12.6082	-0.0045	125.7333
-0.0031	69.8409	-12.6099	-0.0045	125.7413
-0.0031	69.8409	-12.6117	-0.0045	125.7494
-0.0031	69.8409	-12.6134	-0.0045	125.7574
-0.0031	69.8409	-12.6151	-0.0045	125.7655
-0.0031	69.8409	-12.6169	-0.0045	125.7736
-0.0031	69.8409	-12.6186	-0.0045	125.7816
-0.0031	69.8409	-12.6203	-0.0045	125.7897
-0.0031	69.8409	-12.6221	-0.0045	125.7977
-0.0031	69.8409	-12.6238	-0.0045	125.8058
-0.0031	69.8409	-12.6256	-0.0045	125.8139
-0.0031	69.8409	-12.6273	-0.0045	125.822
-0.0031	69.8409	-12.629	-0.0045	125.83
-0.0031	69.8409	-12.6308	-0.0045	125.8381
-0.0031	69.8409	-12.6325	-0.0045	125.8462
-0.0031	69.8409	-12.6343	-0.0045	125.8543
-0.0031	69.8409	-12.636	-0.0045	125.8623
-0.0031	69.8409	-12.6378	-0.0045	125.8704
-0.0031	69.8409	-12.6395	-0.0045	125.8785
-0.0031	69.8409	-12.6412	-0.0045	125.8866
-0.0031	69.8409	-12.643	-0.0045	125.8947
-0.0031	69.8409	-12.6447	-0.0045	125.9028
-0.0031	69.8409	-12.6465	-0.0045	125.9109
-0.0031	69.8409	-12.6482	-0.0045	125.919
-0.0031	69.8409	-12.65	-0.0045	125.927
-0.0031	69.8409	-12.6517	-0.0045	125.9351
-0.0031	69.8409	-12.6535	-0.0045	125.9432
-0.0031	69.8409	-12.6552	-0.0045	125.9513
-0.0031	69.8409	-12.657	-0.0045	125.9595
-0.0031	69.8409	-12.6587	-0.0045	125.9676
-0.0031	69.8409	-12.6605	-0.0045	125.9757
-0.0031	69.8409	-12.6622	-0.0045	125.9838
-0.0031	69.8409	-12.664	-0.0045	125.9919
-0.0031	69.8409	-12.6657	-0.0045	126
-0.0031	69.8409	-12.6675	-0.0045	126.0081
-0.0031	69.8409	-12.6692	-0.0045	126.0162
-0.0031	69.8409	-12.671	-0.0045	126.0244
-0.0031	69.8409	-12.6727	-0.0045	126.0325
-0.0031	69.8409	-12.6745	-0.0045	126.0406
-0.0031	69.8409	-12.6762	-0.0045	126.0487
-0.0031	69.8409	-12.678	-0.0045	126.0569
-0.0031	69.8409	-12.6797	-0.0045	126.065
-0.0031	69.8409	-12.6815	-0.0045	126.0731
-0.0031	69.8409	-12.6832	-0.0045	126.0813
-0.0031	69.8409	-12.685	-0.0045	126.0894
-0.0031	69.8409	-12.6868	-0.0045	126.0975
-0.0031	69.8409	-12.6885	-0.0045	126.1057
-0.0031	69.8409	-12.6903	-0.0045	126.1138
-0.0031	69.8409	-12.692	-0.0045	126.122
-0.0031	69.8409	-12.6938	-0.0045	126.1301
-0.0031	69.8409	-12.6955	-0.0045	126.1383
-0.0031	69.8409	-12.6973	-0.0045	126.1464
-0.0031	69.8409	-12.6991	-0.0045	126.1546
-0.0031	69.8409	-12.7008	-0.0045	126.1627
-0.0031	69.8409	-12.7026	-0.0045	126.1709
-0.0031	69.8409	-12.7043	-0.0045	126.179
-0.0031	69.8409	-12.7061	-0.0045	126.1872
-0.0031	69.8409	-12.7078	-0.0045	126.1953
-0.0031	69.8409	-12.7096	-0.0045	126.2035
-0.0031	69.8409	-12.7114	-0.0045	126.2117
-0.0031	69.8409	-12.7131	-0.0045	126.2198
-0.0031	69.8409	-12.7149	-0.0045	126.228
-0.0031	69.8409	-12.7167	-0.0045	126.2362
-0.0031	69.8409	-12.7184	-0.0045	126.2444
-0.0031	69.8409	-12.7202	-0.0045	126.2525
-0.0031	69.8409	-12.7219	-0.0045	126.2607
-0.0031	69.8409	-12.7237	-0.0045	126.2689
-0.0031	69.8409	-12.7255	-0.0045	126.2771
-0.0031	69.8409	-12.7272	-0.0045	126.2853
-0.0031	69.8409	-12.729	-0.0045	126.2934
-0.0031	69.8409	-12.7308	-0.0045	126.3016
-0.0031	69.8409	-12.7325	-0.0045	126.3098
-0.0031	69.8409	-12.7343	-0.0045	126.318
-0.0031	69.8409	-12.7361	-0.0045	126.3262
-0.0031	69.8409	-12.7378	-0.0045	126.3344
-0.0031	69.8409	-12.7396	-0.0045	126.3426
-0.0031	69.8409	-12.7414	-0.0045	126.3508
-0.0031	69.8409	-12.7431	-0.0045	126.359
-0.0031	69.8409	-12.7449	-0.0045	126.3672
-0.0031	69.8409	-12.7467	-0.0045	126.3754
-0.0031	69.8409	-12.7485	-0.0045	126.3836
-0.0031	69.8409	-12.7502	-0.0045	126.3918
-0.0031	69.8409	-12.752	-0.0045	126.4
-0.0031	69.8409	-12.7538	-0.0045	126.4082
-0.0031	69.8409	-12.7555	-0.0045	126.4164
-0.0031	69.8409	-12.7573	-0.0045	126.4247
-0.0031	69.8409	-12.7591	-0.0045	126.4329
-0.0031	69.8409	-12.7609	-0.0045	126.4411
-0.0031	69.8409	-12.7626	-0.0045	126.4493
-0.0031	69.8409	-12.7644	-0.0045	126.4575
-0.0031	69.8409	-12.7662	-0.0045	126.4658
-0.0031	69.8409	-12.768	-0.0045	126.474
-0.0031	69.8409	-12.7697	-0.0045	126.4822
-0.0031	69.8409	-12.7715	-0.0045	126.4905
-0.0031	69.8409	-12.7733	-0.0045	126.4987
-0.0031	69.8409	-12.7751	-0.0045	126.5069
-0.0031	69.8409	-12.7768	-0.0045	126.5152
-0.0031	69.8409	-12.7786	-0.0045	126.5234
-0.0031	69.8409	-12.7804	-0.0045	126.5316
-0.0031	69.8409	-12.7822	-0.0045	126.5399
-0.0031	69.8409	-12.784	-0.0045	126.5481
-0.0031	69.8409	-12.7857	-0.0045	126.5564
-0.0031	69.8409	-12.7875	-0.0045	126.5646
-0.0031	69.8409	-12.7893	-0.0045	126.5729
-0.0031	69.8409	-12.7911	-0.0045	126.5811
-0.0031	69.8409	-12.7928	-0.0045	126.5894
-0.0031	69.8409	-12.7946	-0.0045	126.5976
-0.0031	69.8409	-12.7964	-0.0045	126.6059
-0.0031	69.8409	-12.7982	-0.0045	126.6142
-0.0031	69.8409	-12.8	-0.0045	126.6224
-0.0031	69.8409	-12.8018	-0.0045	126.6307
-0.0031	69.8409	-12.8035	-0.0045	126.6389
-0.0031	69.8409	-12.8053	-0.0045	126.6472
-0.0031	69.8409	-12.8071	-0.0045	126.6555
-0.0031	69.8409	-12.8089	-0.0045	126.6638
-0.0031	69.8409	-12.8107	-0.0045	126.672
-0.0031	69.8409	-12.8125	-0.0045	126.6803
-0.0031	69.8409	-12.8142	-0.0045	126.6886
-0.0031	69.8409	-12.816	-0.0045	126.6969
-0.0031	69.8409	-12.8178	-0.0045	126.7051
-0.0031	69.8409	-12.8196	-0.0045	126.7134
-0.0031	69.8409	-12.8214	-0.0045	126.7217
-0.0031	69.8409	-12.8232	-0.0045	126.73
-0.0031	69.8409	-12.825	-0.0045	126.7383
-0.0031	69.8409	-12.8268	-0.0045	126.7466
-0.0031	69.8409	-12.8285	-0.0045	126.7549
-0.0031	69.8409	-12.8303	-0.0045	126.7632
-0.0031	69.8409	-12.8321	-0.0045	126.7715
-0.0031	69.8409	-12.8339	-0.0045	126.7797
-0.0031	69.8409	-12.8357	-0.0045	126.788
-0.0031	69.8409	-12.8375	-0.0045	126.7963
-0.0031	69.8409	-12.8393	-0.0045	126.8047
-0.0031	69.8409	-12.8411	-0.0045	126.813
-0.0031	69.8409	-12.8429	-0.0045	126.8213
-0.0031	69.8409	-12.8447	-0.0045	126.8296
-0.0031	69.8409	-12.8465	-0.0045	126.8379
-0.0031	69.8409	-12.8482	-0.0045	126.8462
-0.0031	69.8409	-12.85	-0.0045	126.8545
-0.0031	69.8409	-12.8518	-0.0045	126.8628
-0.0031	69.8409	-12.8536	-0.0045	126.8711
-0.0031	69.8409	-12.8554	-0.0045	126.8795
-0.0031	69.8409	-12.8572	-0.0045	126.8878
-0.0031	69.8409	-12.859	-0.0045	126.8961
-0.0031	69.8409	-12.8608	-0.0045	126.9044
-0.0031	69.8409	-12.8626	-0.0045	126.9128
-0.0031	69.8409	-12.8644	-0.0045	126.9211
-0.0031	69.8409	-12.8662	-0.0045	126.9294
-0.0031	69.8409	-12.868	-0.0045	126.9377
-0.0031	69.8409	-12.8698	-0.0045	126.9461
-0.0031	69.8409	-12.8716	-0.0045	126.9544
-0.0031	69.8409	-12.8734	-0.0045	126.9628
-0.0031	69.8409	-12.8752	-0.0045	126.9711
-0.0031	69.8409	-12.877	-0.0045	126.9794
-0.0031	69.8409	-12.8788	-0.0045	126.9878
-0.0031	69.8409	-12.8806	-0.0045	126.9961
-0.0031	69.8409	-12.8824	-0.0045	127.0045
-0.0031	69.8409	-12.8842	-0.0045	127.0128
-0.0031	69.8409	-12.886	-0.0045	127.0212
-0.0031	69.8409	-12.8878	-0.0045	127.0295
-0.0031	69.8409	-12.8896	-0.0045	127.0379
-0.0031	69.8409	-12.8914	-0.0045	127.0462
-0.0031	69.8409	-12.8932	-0.0045	127.0546
-0.0031	69.8409	-12.895	-0.0045	127.063
-0.0031	69.8409	-12.8968	-0.0045	127.0713
-0.0031	69.8409	-12.8986	-0.0045	127.0797
-0.0031	69.8409	-12.9004	-0.0045	127.088
-0.0031	69.8409	-12.9022	-0.0045	127.0964
-0.0031	69.8409	-12.904	-0.0045	127.1048
-0.0031	69.8409	-12.9058	-0.0045	127.1131
-0.0031	69.8409	-12.9076	-0.0045	127.1215
-0.0031	69.8409	-12.9094	-0.0045	127.1299
-0.0031	69.8409	-12.9113	-0.0045	127.1383
-0.0031	69.8409	-12.9131	-0.0045	127.1466
-0.0031	69.8409	-12.9149	-0.0045	127.155
-0.0031	69.8409	-12.9167	-0.0045	127.1634
-0.0031	69.8409	-12.9185	-0.0045	127.1718
-0.0031	69.8409	-12.9203	-0.0045	127.1802
-0.0031	69.8409	-12.9221	-0.0045	127.1886
-0.0031	69.8409	-12.9239	-0.0045	127.197
-0.0031	69.8409	-12.9257	-0.0045	127.2053
-0.0031	69.8409	-12.9275	-0.0045	127.2137
-0.0031	69.8409	-12.9293	-0.0045	127.2221
-0.0031	69.8409	-12.9312	-0.0045	127.2305
-0.0031	69.8409	-12.933	-0.0045	127.2389
-0.0031	69.8409	-12.9348	-0.0045	127.2473
-0.0031	69.8409	-12.9366	-0.0045	127.2557
-0.0031	69.8409	-12.9384	-0.0045	127.2641
-0.0031	69.8409	-12.9402	-0.0045	127.2725
-0.0031	69.8409	-12.942	-0.0045	127.2809
-0.0031	69.8409	-12.9438	-0.0045	127.2893
-0.0031	69.8409	-12.9457	-0.0045	127.2977
-0.0031	69.8409	-12.9475	-0.0045	127.3062
-0.0031	69.8409	-12.9493	-0.0045	127.3146
-0.0031	69.8409	-12.9511	-0.0045	127.323
-0.0031	69.8409	-12.9529	-0.0045	127.3314
-0.0031	69.8409	-12.9547	-0.0045	127.3398
-0.0031	69.8409	-12.9565	-0.0045	127.3482
-0.0031	69.8409	-12.9584	-0.0045	127.3567
-0.0031	69.8409	-12.9602	-0.0045	127.3651
-0.0031	69.8409	-12.962	-0.0045	127.3735
-0.0031	69.8409	-12.9638	-0.0045	127.3819
-0.0031	69.8409	-12.9656	-0.0045	127.3904
-0.0031	69.8409	-12.9675	-0.0045	127.3988
-0.0031	69.8409	-12.9693	-0.0045	127.4072
-0.0031	69.8409	-12.9711	-0.0045	127.4157
-0.0031	69.8409	-12.9729	-0.0045	127.4241
-0.0031	69.8409	-12.9747	-0.0045	127.4325
-0.0031	69.8409	-12.9766	-0.0045	127.441
-0.0031	69.8409	-12.9784	-0.0045	127.4494
-0.0031	69.8409	-12.9802	-0.0045	127.4579
-0.0031	69.8409	-12.982	-0.0045	127.4663
-0.0031	69.8409	-12.9838	-0.0045	127.4748
-0.0031	69.8409	-12.9857	-0.0045	127.4832
-0.0031	69.8409	-12.9875	-0.0045	127.4917
-0.0031	69.8409	-12.9893	-0.0045	127.5001
-0.0031	69.8409	-12.9911	-0.0045	127.5086
-0.0031	69.8409	-12.993	-0.0045	127.517
-0.0031	69.8409	-12.9948	-0.0045	127.5255
-0.0031	69.8409	-12.9966	-0.0045	127.5339
-0.0031	69.8409	-12.9984	-0.0045	127.5424
-0.0031	69.8409	-13.0003	-0.0045	127.5509
-0.0031	69.8409	-13.0021	-0.0045	127.5593
-0.0031	69.8409	-13.0039	-0.0045	127.5678
-0.0031	69.8409	-13.0057	-0.0045	127.5763
-0.0031	69.8409	-13.0076	-0.0045	127.5847
-0.0031	69.8409	-13.0094	-0.0045	127.5932
-0.0031	69.8409	-13.0112	-0.0045	127.6017
-0.0031	69.8409	-13.013	-0.0045	127.6101
-0.0031	69.8409	-13.0149	-0.0045	127.6186
-0.0031	69.8409	-13.0167	-0.0045	127.6271
-0.0031	69.8409	-13.0185	-0.0045	127.6356
-0.0031	69.8409	-13.0204	-0.0045	127.6441
-0.0031	69.8409	-13.0222	-0.0045	127.6525
-0.0031	69.8409	-13.024	-0.0045	127.661
-0.0031	69.8409	-13.0258	-0.0045	127.6695
-0.0031	69.8409	-13.0277	-0.0045	127.678
-0.0031	69.8409	-13.0295	-0.0045	127.6865
-0.0031	69.8409	-13.0313	-0.0045	127.695
-0.0031	69.8409	-13.0332	-0.0045	127.7035
-0.0031	69.8409	-13.035	-0.0045	127.712
-0.0031	69.8409	-13.0368	-0.0045	127.7205
-0.0031	69.8409	-13.0387	-0.0045	127.729
-0.0031	69.8409	-13.0405	-0.0045	127.7375
-0.0031	69.8409	-13.0423	-0.0045	127.746
-0.0031	69.8409	-13.0442	-0.0045	127.7545
-0.0031	69.8409	-13.046	-0.0045	127.763
-0.0031	69.8409	-13.0478	-0.0045	127.7715
-0.0031	69.8409	-13.0497	-0.0045	127.78
-0.0031	69.8409	-13.0515	-0.0045	127.7885
-0.0031	69.8409	-13.0533	-0.0045	127.797
-0.0031	69.8409	-13.0552	-0.0045	127.8055
-0.0031	69.8409	-13.057	-0.0045	127.814
-0.0031	69.8409	-13.0589	-0.0045	127.8225
-0.0031	69.8409	-13.0607	-0.0045	127.8311
-0.0031	69.8409	-13.0625	-0.0045	127.8396
-0.0031	69.8409	-13.0644	-0.0045	127.8481
-0.0031	69.8409	-13.0662	-0.0045	127.8566
-0.0031	69.8409	-13.0681	-0.0045	127.8651
-0.0031	69.8409	-13.0699	-0.0045	127.8737
-0.0031	69.8409	-13.0717	-0.0045	127.8822
-0.0031	69.8409	-13.0736	-0.0045	127.8907
-0.0031	69.8409	-13.0754	-0.0045	127.8993
-0.0031	69.8409	-13.0773	-0.0045	127.9078
-0.0031	69.8409	-13.0791	-0.0045	127.9163
-0.0031	69.8409	-13.0809	-0.0045	127.9249
-0.0031	69.8409	-13.0828	-0.0045	127.9334
-0.0031	69.8409	-13.0846	-0.0045	127.9419
-0.0031	69.8409	-13.0865	-0.0045	127.9505
-0.0031	69.8409	-13.0883	-0.0045	127.959
-0.0031	69.8409	-13.0901	-0.0045	127.9676
-0.0031	69.8409	-13.092	-0.0045	127.9761
-0.0031	69.8409	-13.0938	-0.0045	127.9847
-0.0031	69.8409	-13.0957	-0.0045	127.9932
-0.0031	69.8409	-13.0975	-0.0045	128.0018
-0.0031	69.8409	-13.0994	-0.0045	128.0103
-0.0031	69.8409	-13.1012	-0.0045	128.0189
-0.0031	69.8409	-13.1031	-0.0045	128.0274
-0.0031	69.8409	-13.1049	-0.0045	128.036
-0.0031	69.8409	-13.1068	-0.0045	128.0446
-0.0031	69.8409	-13.1086	-0.0045	128.0531
-0.0031	69.8409	-13.1104	-0.0045	128.0617
-0.0031	69.8409	-13.1123	-0.0045	128.0702
-0.0031	69.8409	-13.1141	-0.0045	128.0788
-0.0031	69.8409	-13.116	-0.0045	128.0874
-0.0031	69.8409	-13.1178	-0.0045	128.0959
-0.0031	69.8409	-13.1197	-0.0045	128.1045
-0.0031	69.8409	-13.1215	-0.0045	128.1131
-0.0031	69.8409	-13.1234	-0.0045	128.1217
-0.0031	69.8409	-13.1252	-0.0045	128.1302
-0.0031	69.8409	-13.1271	-0.0045	128.1388
-0.0031	69.8409	-13.1289	-0.0045	128.1474
-0.0031	69.8409	-13.1308	-0.0045	128.156
-0.0031	69.8409	-13.1326	-0.0045	128.1646
-0.0031	69.8409	-13.1345	-0.0045	128.1731
-0.0031	69.8409	-13.1363	-0.0045	128.1817
-0.0031	69.8409	-13.1382	-0.0045	128.1903
-0.0031	69.8409	-13.14	-0.0045	128.1989
-0.0031	69.8409	-13.1419	-0.0045	128.2075
-0.0031	69.8409	-13.1438	-0.0045	128.2161
-0.0031	69.8409	-13.1456	-0.0045	128.2247
-0.0031	69.8409	-13.1475	-0.0045	128.2333
-0.0031	69.8409	-13.1493	-0.0045	128.2419
-0.0031	69.8409	-13.1512	-0.0045	128.2505
-0.0031	69.8409	-13.153	-0.0045	128.2591
-0.0031	69.8409	-13.1549	-0.0045	128.2677
-0.0031	69.8409	-13.1567	-0.0045	128.2763
-0.0031	69.8409	-13.1586	-0.0045	128.2849
-0.0031	69.8409	-13.1604	-0.0045	128.2935
-0.0031	69.8409	-13.1623	-0.0045	128.3021
-0.0031	69.8409	-13.1642	-0.0045	128.3107
-0.0031	69.8409	-13.166	-0.0045	128.3193
-0.0031	69.8409	-13.1679	-0.0045	128.3279
-0.0031	69.8409	-13.1697	-0.0045	128.3365
-0.0031	69.8409	-13.1716	-0.0045	128.3452
-0.0031	69.8409	-13.1735	-0.0045	128.3538
-0.0031	69.8409	-13.1753	-0.0045	128.3624
-0.0031	69.8409	-13.1772	-0.0045	128.371
-0.0031	69.8409	-13.179	-0.0045	128.3796
-0.0031	69.8409	-13.1809	-0.0045	128.3883
-0.0031	69.8409	-13.1828	-0.0045	128.3969
-0.0031	69.8409	-13.1846	-0.0045	128.4055
-0.0031	69.8409	-13.1865	-0.0045	128.4141
-0.0031	69.8409	-13.1883	-0.0045	128.4228
-0.0031	69.8409	-13.1902	-0.0045	128.4314
-0.0031	69.8409	-13.1921	-0.0045	128.44
-0.0031	69.8409	-13.1939	-0.0045	128.4487
-0.0031	69.8409	-13.1958	-0.0045	128.4573
-0.0031	69.8409	-13.1976	-0.0045	128.4659
-0.0031	69.8409	-13.1995	-0.0045	128.4746
-0.0031	69.8409	-13.2014	-0.0045	128.4832
-0.0031	69.8409	-13.2032	-0.0045	128.4919
-0.0031	69.8409	-13.2051	-0.0045	128.5005
-0.0031	69.8409	-13.207	-0.0045	128.5091
-0.0031	69.8409	-13.2088	-0.0045	128.5178
-0.0031	69.8409	-13.2107	-0.0045	128.5264
-0.0031	69.8409	-13.2126	-0.0045	128.5351
-0.0031	69.8409	-13.2144	-0.0045	128.5437
-0.0031	69.8409	-13.2163	-0.0045	128.5524
-0.0031	69.8409	-13.2182	-0.0045	128.5611
-0.0031	69.8409	-13.22	-0.0045	128.5697
-0.0031	69.8409	-13.2219	-0.0045	128.5784
-0.0031	69.8409	-13.2238	-0.0045	128.587
-0.0031	69.8409	-13.2256	-0.0045	128.5957
-0.0031	69.8409	-13.2275	-0.0045	128.6044
-0.0031	69.8409	-13.2294	-0.0045	128.613
-0.0031	69.8409	-13.2312	-0.0045	128.6217
-0.0031	69.8409	-13.2331	-0.0045	128.6303
-0.0031	69.8409	-13.235	-0.0045	128.639
-0.0031	69.8409	-13.2369	-0.0045	128.6477
-0.0031	69.8409	-13.2387	-0.0045	128.6564
-0.0031	69.8409	-13.2406	-0.0045	128.665
-0.0031	69.8409	-13.2425	-0.0045	128.6737
-0.0031	69.8409	-13.2443	-0.0045	128.6824
-0.0031	69.8409	-13.2462	-0.0045	128.6911
-0.0031	69.8409	-13.2481	-0.0045	128.6997
-0.0031	69.8409	-13.25	-0.0045	128.7084
-0.0031	69.8409	-13.2518	-0.0045	128.7171
-0.0031	69.8409	-13.2537	-0.0045	128.7258
-0.0031	69.8409	-13.2556	-0.0045	128.7345
-0.0031	69.8409	-13.2575	-0.0045	128.7432
-0.0031	69.8409	-13.2593	-0.0045	128.7518
-0.0031	69.8409	-13.2612	-0.0045	128.7605
-0.0031	69.8409	-13.2631	-0.0045	128.7692
-0.0031	69.8409	-13.2649	-0.0045	128.7779
-0.0031	69.8409	-13.2668	-0.0045	128.7866
-0.0031	69.8409	-13.2687	-0.0045	128.7953
-0.0031	69.8409	-13.2706	-0.0045	128.804
-0.0031	69.8409	-13.2725	-0.0045	128.8127
-0.0031	69.8409	-13.2743	-0.0045	128.8214
-0.0031	69.8409	-13.2762	-0.0045	128.8301
-0.0031	69.8409	-13.2781	-0.0045	128.8388
-0.0031	69.8409	-13.28	-0.0045	128.8475
-0.0031	69.8409	-13.2818	-0.0045	128.8562
-0.0031	69.8409	-13.2837	-0.0045	128.8649
-0.0031	69.8409	-13.2856	-0.0045	128.8736
-0.0031	69.8409	-13.2875	-0.0045	128.8824
-0.0031	69.8409	-13.2894	-0.0045	128.8911
-0.0031	69.8409	-13.2912	-0.0045	128.8998
-0.0031	69.8409	-13.2931	-0.0045	128.9085
-0.0031	69.8409	-13.295	-0.0045	128.9172
-0.0031	69.8409	-13.2969	-0.0045	128.9259
-0.0031	69.8409	-13.2988	-0.0045	128.9346
-0.0031	69.8409	-13.3006	-0.0045	128.9434
-0.0031	69.8409	-13.3025	-0.0045	128.9521
-0.0031	69.8409	-13.3044	-0.0045	128.9608
-0.0031	69.8409	-13.3063	-0.0045	128.9695
-0.0031	69.8409	-13.3082	-0.0045	128.9783
-0.0031	69.8409	-13.31	-0.0045	128.987
-0.0031	69.8409	-13.3119	-0.0045	128.9957
-0.0031	69.8409	-13.3138	-0.0045	129.0045
-0.0031	69.8409	-13.3157	-0.0045	129.0132
-0.0031	69.8409	-13.3176	-0.0045	129.0219
-0.0031	69.8409	-13.3195	-0.0045	129.0307
-0.0031	69.8409	-13.3214	-0.0045	129.0394
-0.0031	69.8409	-13.3232	-0.0045	129.0481
-0.0031	69.8409	-13.3251	-0.0045	129.0569
-0.0031	69.8409	-13.327	-0.0045	129.0656
-0.0031	69.8409	-13.3289	-0.0045	129.0744
-0.0031	69.8409	-13.3308	-0.0045	129.0831
-0.0031	69.8409	-13.3327	-0.0045	129.0919
-0.0031	69.8409	-13.3346	-0.0045	129.1006
-0.0031	69.8409	-13.3364	-0.0045	129.1094
-0.0031	69.8409	-13.3383	-0.0045	129.1181
-0.0031	69.8409	-13.3402	-0.0045	129.1269
-0.0031	69.8409	-13.3421	-0.0045	129.1356
-0.0031	69.8409	-13.344	-0.0045	129.1444
-0.0031	69.8409	-13.3459	-0.0045	129.1531
-0.0031	69.8409	-13.3478	-0.0045	129.1619
-0.0031	69.8409	-13.3497	-0.0045	129.1706
-0.0031	69.8409	-13.3516	-0.0045	129.1794
-0.0031	69.8409	-13.3534	-0.0045	129.1882
-0.0031	69.8409	-13.3553	-0.0045	129.1969
-0.0031	69.8409	-13.3572	-0.0045	129.2057
-0.0031	69.8409	-13.3591	-0.0045	129.2145
-0.0031	69.8409	-13.361	-0.0045	129.2232
-0.0031	69.8409	-13.3629	-0.0045	129.232
-0.0031	69.8409	-13.3648	-0.0045	129.2408
-0.0031	69.8409	-13.3667	-0.0045	129.2495
-0.0031	69.8409	-13.3686	-0.0045	129.2583
-0.0031	69.8409	-13.3705	-0.0045	129.2671
-0.0031	69.8409	-13.3724	-0.0045	129.2759
-0.0031	69.8409	-13.3743	-0.0045	129.2846
-0.0031	69.8409	-13.3761	-0.0045	129.2934
-0.0031	69.8409	-13.378	-0.0045	129.3022
-0.0031	69.8409	-13.3799	-0.0045	129.311
-0.0031	69.8409	-13.3818	-0.0045	129.3198
-0.0031	69.8409	-13.3837	-0.0045	129.3285
-0.0031	69.8409	-13.3856	-0.0045	129.3373
-0.0031	69.8409	-13.3875	-0.0045	129.3461
-0.0031	69.8409	-13.3894	-0.0045	129.3549
-0.0031	69.8409	-13.3913	-0.0045	129.3637
-0.0031	69.8409	-13.3932	-0.0045	129.3725
-0.0031	69.8409	-13.3951	-0.0045	129.3813
-0.0031	69.8409	-13.397	-0.0045	129.3901
-0.0031	69.8409	-13.3989	-0.0045	129.3989
-0.0031	69.8409	-13.4008	-0.0045	129.4077
-0.0031	69.8409	-13.4027	-0.0045	129.4165
-0.0031	69.8409	-13.4046	-0.0045	129.4253
-0.0031	69.8409	-13.4065	-0.0045	129.4341
-0.0031	69.8409	-13.4084	-0.0045	129.4429
-0.0031	69.8409	-13.4103	-0.0045	129.4517
-0.0031	69.8409	-13.4122	-0.0045	129.4605
-0.0031	69.8409	-13.4141	-0.0045	129.4693
-0.0031	69.8409	-13.416	-0.0045	129.4781
-0.0031	69.8409	-13.4179	-0.0045	129.4869
-0.0031	69.8409	-13.4198	-0.0045	129.4957
-0.0031	69.8409	-13.4217	-0.0045	129.5045
-0.0031	69.8409	-13.4236	-0.0045	129.5133
-0.0031	69.8409	-13.4255	-0.0045	129.5222
-0.0031	69.8409	-13.4274	-0.0045	129.531
-0.0031	69.8409	-13.4293	-0.0045	129.5398
-0.0031	69.8409	-13.4312	-0.0045	129.5486
-0.0031	69.8409	-13.4331	-0.0045	129.5574
-0.0031	69.8409	-13.435	-0.0045	129.5662
-0.0031	69.8409	-13.4369	-0.0045	129.5751
-0.0031	69.8409	-13.4388	-0.0045	129.5839
-0.0031	69.8409	-13.4407	-0.0045	129.5927
-0.0031	69.8409	-13.4426	-0.0045	129.6016
-0.0031	69.8409	-13.4445	-0.0045	129.6104
-0.0031	69.8409	-13.4464	-0.0045	129.6192
-0.0031	69.8409	-13.4483	-0.0045	129.628
-0.0031	69.8409	-13.4502	-0.0045	129.6369
-0.0031	69.8409	-13.4521	-0.0045	129.6457
-0.0031	69.8409	-13.454	-0.0045	129.6545
-0.0031	69.8409	-13.456	-0.0045	129.6634
-0.0031	69.8409	-13.4579	-0.0045	129.6722
-0.0031	69.8409	-13.4598	-0.0045	129.6811
-0.0031	69.8409	-13.4617	-0.0045	129.6899
-0.0031	69.8409	-13.4636	-0.0045	129.6987
-0.0031	69.8409	-13.4655	-0.0045	129.7076
-0.0031	69.8409	-13.4674	-0.0045	129.7164
-0.0031	69.8409	-13.4693	-0.0045	129.7253
-0.0031	69.8409	-13.4712	-0.0045	129.7341
-0.0031	69.8409	-13.4731	-0.0045	129.743
-0.0031	69.8409	-13.475	-0.0045	129.7518
-0.0031	69.8409	-13.4769	-0.0045	129.7607
-0.0031	69.8409	-13.4789	-0.0045	129.7695
-0.0031	69.8409	-13.4808	-0.0045	129.7784
-0.0031	69.8409	-13.4827	-0.0045	129.7872
-0.0031	69.8409	-13.4846	-0.0045	129.7961
-0.0031	69.8409	-13.4865	-0.0045	129.805
-0.0031	69.8409	-13.4884	-0.0045	129.8138
-0.0031	69.8409	-13.4903	-0.0045	129.8227
-0.0031	69.8409	-13.4922	-0.0045	129.8315
-0.0031	69.8409	-13.4941	-0.0045	129.8404
-0.0031	69.8409	-13.4961	-0.0045	129.8493
-0.0031	69.8409	-13.498	-0.0045	129.8581
-0.0031	69.8409	-13.4999	-0.0045	129.867
-0.0031	69.8409	-13.5018	-0.0045	129.8759
-0.0031	69.8409	-13.5037	-0.0045	129.8847
-0.0031	69.8409	-13.5056	-0.0045	129.8936
-0.0031	69.8409	-13.5075	-0.0045	129.9025
-0.0031	69.8409	-13.5094	-0.0045	129.9113
-0.0031	69.8409	-13.5114	-0.0045	129.9202
-0.0031	69.8409	-13.5133	-0.0045	129.9291
-0.0031	69.8409	-13.5152	-0.0045	129.938
-0.0031	69.8409	-13.5171	-0.0045	129.9469
-0.0031	69.8409	-13.519	-0.0045	129.9557
-0.0031	69.8409	-13.5209	-0.0045	129.9646
-0.0031	69.8409	-13.5229	-0.0045	129.9735
-0.0031	69.8409	-13.5248	-0.0045	129.9824
-0.0031	69.8409	-13.5267	-0.0045	129.9913
-0.0031	69.8409	-13.5286	-0.0045	130.0002
-0.0031	69.8409	-13.5305	-0.0045	130.009
-0.0031	69.8409	-13.5324	-0.0045	130.0179
-0.0031	69.8409	-13.5344	-0.0045	130.0268
-0.0031	69.8409	-13.5363	-0.0045	130.0357
-0.0031	69.8409	-13.5382	-0.0045	130.0446
-0.0031	69.8409	-13.5401	-0.0045	130.0535
-0.0031	69.8409	-13.542	-0.0045	130.0624
-0.0031	69.8409	-13.5439	-0.0045	130.0713
-0.0031	69.8409	-13.5459	-0.0045	130.0802
-0.0031	69.8409	-13.5478	-0.0045	130.0891
-0.0031	69.8409	-13.5497	-0.0045	130.098
-0.0031	69.8409	-13.5516	-0.0045	130.1069
-0.0031	69.8409	-13.5535	-0.0045	130.1158
-0.0031	69.8409	-13.5555	-0.0045	130.1247
-0.0031	69.8409	-13.5574	-0.0045	130.1336
-0.0031	69.8409	-13.5593	-0.0045	130.1425
-0.0031	69.8409	-13.5612	-0.0045	130.1514
-0.0031	69.8409	-13.5632	-0.0045	130.1603
-0.0031	69.8409	-13.5651	-0.0045	130.1692
-0.0031	69.8409	-13.567	-0.0045	130.1782
-0.0031	69.8409	-13.5689	-0.0045	130.1871
-0.0031	69.8409	-13.5708	-0.0045	130.196
-0.0031	69.8409	-13.5728	-0.0045	130.2049
-0.0031	69.8409	-13.5747	-0.0045	130.2138
-0.0031	69.8409	-13.5766	-0.0045	130.2227
-0.0031	69.8409	-13.5785	-0.0045	130.2317
-0.0031	69.8409	-13.5805	-0.0045	130.2406
-0.0031	69.8409	-13.5824	-0.0045	130.2495
-0.0031	69.8409	-13.5843	-0.0045	130.2584
-0.0031	69.8409	-13.5862	-0.0045	130.2673
-0.0031	69.8409	-13.5882	-0.0045	130.2763
-0.0031	69.8409	-13.5901	-0.0045	130.2852
-0.0031	69.8409	-13.592	-0.0045	130.2941
-0.0031	69.8409	-13.5939	-0.0045	130.3031
-0.0031	69.8409	-13.5959	-0.0045	130.312
-0.0031	69.8409	-13.5978	-0.0045	130.3209
-0.0031	69.8409	-13.5997	-0.0045	130.3299
-0.0031	69.8409	-13.6017	-0.0045	130.3388
-0.0031	69.8409	-13.6036	-0.0045	130.3477
-0.0031	69.8409	-13.6055	-0.0045	130.3567
-0.0031	69.8409	-13.6074	-0.0045	130.3656
-0.0031	69.8409	-13.6094	-0.0045	130.3745
-0.0031	69.8409	-13.6113	-0.0045	130.3835
-0.0031	69.8409	-13.6132	-0.0045	130.3924
-0.0031	69.8409	-13.6151	-0.0045	130.4014
-0.0031	69.8409	-13.6171	-0.0045	130.4103
-0.0031	69.8409	-13.619	-0.0045	130.4193
-0.0031	69.8409	-13.6209	-0.0045	130.4282
-0.0031	69.8409	-13.6229	-0.0045	130.4371
-0.0031	69.8409	-13.6248	-0.0045	130.4461
-0.0031	69.8409	-13.6267	-0.0045	130.455
-0.0031	69.8409	-13.6287	-0.0045	130.464
-0.0031	69.8409	-13.6306	-0.0045	130.4729
-0.0031	69.8409	-13.6325	-0.0045	130.4819
-0.0031	69.8409	-13.6345	-0.0045	130.4909
-0.0031	69.8409	-13.6364	-0.0045	130.4998
-0.0031	69.8409	-13.6383	-0.0045	130.5088
-0.0031	69.8409	-13.6403	-0.0045	130.5177
-0.0031	69.8409	-13.6422	-0.0045	130.5267
-0.0031	69.8409	-13.6441	-0.0045	130.5357
-0.0031	69.8409	-13.646	-0.0045	130.5446
-0.0031	69.8409	-13.648	-0.0045	130.5536
-0.0031	69.8409	-13.6499	-0.0045	130.5625
-0.0031	69.8409	-13.6519	-0.0045	130.5715
-0.0031	69.8409	-13.6538	-0.0045	130.5805
-0.0031	69.8409	-13.6557	-0.0045	130.5894
-0.0031	69.8409	-13.6577	-0.0045	130.5984
-0.0031	69.8409	-13.6596	-0.0045	130.6074
-0.0031	69.8409	-13.6615	-0.0045	130.6164
-0.0031	69.8409	-13.6635	-0.0045	130.6253
-0.0031	69.8409	-13.6654	-0.0045	130.6343
-0.0031	69.8409	-13.6673	-0.0045	130.6433
-0.0031	69.8409	-13.6693	-0.0045	130.6522
-0.0031	69.8409	-13.6712	-0.0045	130.6612
-0.0031	69.8409	-13.6731	-0.0045	130.6702
-0.0031	69.8409	-13.6751	-0.0045	130.6792
-0.0031	69.8409	-13.677	-0.0045	130.6882
-0.0031	69.8409	-13.679	-0.0045	130.6971
-0.0031	69.8409	-13.6809	-0.0045	130.7061
-0.0031	69.8409	-13.6828	-0.0045	130.7151
-0.0031	69.8409	-13.6848	-0.0045	130.7241
-0.0031	69.8409	-13.6867	-0.0045	130.7331
-0.0031	69.8409	-13.6886	-0.0045	130.7421
-0.0031	69.8409	-13.6906	-0.0045	130.7511
-0.0031	69.8409	-13.6925	-0.0045	130.7601
-0.0031	69.8409	-13.6945	-0.0045	130.769
-0.0031	69.8409	-13.6964	-0.0045	130.778
-0.0031	69.8409	-13.6983	-0.0045	130.787
-0.0031	69.8409	-13.7003	-0.0045	130.796
-0.0031	69.8409	-13.7022	-0.0045	130.805
-0.0031	69.8409	-13.7042	-0.0045	130.814
-0.0031	69.8409	-13.7061	-0.0045	130.823
-0.0031	69.8409	-13.708	-0.0045	130.832
-0.0031	69.8409	-13.71	-0.0045	130.841
-0.0031	69.8409	-13.7119	-0.0045	130.85
-0.0031	69.8409	-13.7139	-0.0045	130.859
-0.0031	69.8409	-13.7158	-0.0045	130.868
-0.0031	69.8409	-13.7178	-0.0045	130.877
-0.0031	69.8409	-13.7197	-0.0045	130.886
-0.0031	69.8409	-13.7216	-0.0045	130.895
-0.0031	69.8409	-13.7236	-0.0045	130.904
-0.0031	69.8409	-13.7255	-0.0045	130.9131
-0.0031	69.8409	-13.7275	-0.0045	130.9221
-0.0031	69.8409	-13.7294	-0.0045	130.9311
-0.0031	69.8409	-13.7314	-0.0045	130.9401
-0.0031	69.8409	-13.7333	-0.0045	130.9491
-0.0031	69.8409	-13.7352	-0.0045	130.9581
-0.0031	69.8409	-13.7372	-0.0045	130.9671
-0.0031	69.8409	-13.7391	-0.0045	130.9761
-0.0031	69.8409	-13.7411	-0.0045	130.9852
-0.0031	69.8409	-13.743	-0.0045	130.9942
-0.0031	69.8409	-13.745	-0.0045	131.0032
-0.0031	69.8409	-13.7469	-0.0045	131.0122
-0.0031	69.8409	-13.7489	-0.0045	131.0212
-0.0031	69.8409	-13.7508	-0.0045	131.0303
-0.0031	69.8409	-13.7528	-0.0045	131.0393
-0.0031	69.8409	-13.7547	-0.0045	131.0483
-0.0031	69.8409	-13.7567	-0.0045	131.0573
-0.0031	69.8409	-13.7586	-0.0045	131.0664
-0.0031	69.8409	-13.7605	-0.0045	131.0754
-0.0031	69.8409	-13.7625	-0.0045	131.0844
-0.0031	69.8409	-13.7644	-0.0045	131.0935
-0.0031	69.8409	-13.7664	-0.0045	131.1025
-0.0031	69.8409	-13.7683	-0.0045	131.1115
-0.0031	69.8409	-13.7703	-0.0045	131.1206
-0.0031	69.8409	-13.7722	-0.0045	131.1296
-0.0031	69.8409	-13.7742	-0.0045	131.1386
-0.0031	69.8409	-13.7761	-0.0045	131.1477
-0.0031	69.8409	-13.7781	-0.0045	131.1567
-0.0031	69.8409	-13.78	-0.0045	131.1658
-0.0031	69.8409	-13.782	-0.0045	131.1748
-0.0031	69.8409	-13.7839	-0.0045	131.1838
-0.0031	69.8409	-13.7859	-0.0045	131.1929
-0.0031	69.8409	-13.7878	-0.0045	131.2019
-0.0031	69.8409	-13.7898	-0.0045	131.211
-0.0031	69.8409	-13.7917	-0.0045	131.22
-0.0031	69.8409	-13.7937	-0.0045	131.2291
-0.0031	69.8409	-13.7956	-0.0045	131.2381
-0.0031	69.8409	-13.7976	-0.0045	131.2472
-0.0031	69.8409	-13.7996	-0.0045	131.2562
-0.0031	69.8409	-13.8015	-0.0045	131.2653
-0.0031	69.8409	-13.8035	-0.0045	131.2743
-0.0031	69.8409	-13.8054	-0.0045	131.2834
-0.0031	69.8409	-13.8074	-0.0045	131.2924
-0.0031	69.8409	-13.8093	-0.0045	131.3015
-0.0031	69.8409	-13.8113	-0.0045	131.3105
-0.0031	69.8409	-13.8132	-0.0045	131.3196
-0.0031	69.8409	-13.8152	-0.0045	131.3287
-0.0031	69.8409	-13.8171	-0.0045	131.3377
-0.0031	69.8409	-13.8191	-0.0045	131.3468
-0.0031	69.8409	-13.821	-0.0045	131.3558
-0.0031	69.8409	-13.823	-0.0045	131.3649
-0.0031	69.8409	-13.825	-0.0045	131.374
-0.0031	69.8409	-13.8269	-0.0045	131.383
-0.0031	69.8409	-13.8289	-0.0045	131.3921
-0.0031	69.8409	-13.8308	-0.0045	131.4012
-0.0031	69.8409	-13.8328	-0.0045	131.4102
-0.0031	69.8409	-13.8347	-0.0045	131.4193
-0.0031	69.8409	-13.8367	-0.0045	131.4284
-0.0031	69.8409	-13.8386	-0.0045	131.4374
-0.0031	69.8409	-13.8406	-0.0045	131.4465
-0.0031	69.8409	-13.8426	-0.0045	131.4556
-0.0031	69.8409	-13.8445	-0.0045	131.4647
-0.0031	69.8409	-13.8465	-0.0045	131.4737
-0.0031	69.8409	-13.8484	-0.0045	131.4828
-0.0031	69.8409	-13.8504	-0.0045	131.4919
-0.0031	69.8409	-13.8523	-0.0045	131.501
-0.0031	69.8409	-13.8543	-0.0045	131.51
-0.0031	69.8409	-13.8563	-0.0045	131.5191
-0.0031	69.8409	-13.8582	-0.0045	131.5282
-0.0031	69.8409	-13.8602	-0.0045	131.5373
-0.0031	69.8409	-13.8621	-0.0045	131.5464
-0.0031	69.8409	-13.8641	-0.0045	131.5555
-0.0031	69.8409	-13.8661	-0.0045	131.5645
-0.0031	69.8409	-13.868	-0.0045	131.5736
-0.0031	69.8409	-13.87	-0.0045	131.5827
-0.0031	69.8409	-13.8719	-0.0045	131.5918
-0.0031	69.8409	-13.8739	-0.0045	131.6009
-0.0031	69.8409	-13.8759	-0.0045	131.61
-0.0031	69.8409	-13.8778	-0.0045	131.6191
-0.0031	69.8409	-13.8798	-0.0045	131.6282
-0.0031	69.8409	-13.8817	-0.0045	131.6373
-0.0031	69.8409	-13.8837	-0.0045	131.6463
-0.0031	69.8409	-13.8857	-0.0045	131.6554
-0.0031	69.8409	-13.8876	-0.0045	131.6645
-0.0031	69.8409	-13.8896	-0.0045	131.6736
-0.0031	69.8409	-13.8916	-0.0045	131.6827
-0.0031	69.8409	-13.8935	-0.0045	131.6918
-0.0031	69.8409	-13.8955	-0.0045	131.7009
-0.0031	69.8409	-13.8974	-0.0045	131.71
-0.0031	69.8409	-13.8994	-0.0045	131.7191
-0.0031	69.8409	-13.9014	-0.0045	131.7282
-0.0031	69.8409	-13.9033	-0.0045	131.7373
-0.0031	69.8409	-13.9053	-0.0045	131.7464
-0.0031	69.8409	-13.9073	-0.0045	131.7556
-0.0031	69.8409	-13.9092	-0.0045	131.7647
-0.0031	69.8409	-13.9112	-0.0045	131.7738
-0.0031	69.8409	-13.9132	-0.0045	131.7829
-0.0031	69.8409	-13.9151	-0.0045	131.792
-0.0031	69.8409	-13.9171	-0.0045	131.8011
-0.0031	69.8409	-13.9191	-0.0045	131.8102
-0.0031	69.8409	-13.921	-0.0045	131.8193
-0.0031	69.8409	-13.923	-0.0045	131.8284
-0.0031	69.8409	-13.925	-0.0045	131.8375
-0.0031	69.8409	-13.9269	-0.0045	131.8467
-0.0031	69.8409	-13.9289	-0.0045	131.8558
-0.0031	69.8409	-13.9309	-0.0045	131.8649
-0.0031	69.8409	-13.9328	-0.0045	131.874
-0.0031	69.8409	-13.9348	-0.0045	131.8831
-0.0031	69.8409	-13.9368	-0.0045	131.8923
-0.0031	69.8409	-13.9387	-0.0045	131.9014
-0.0031	69.8409	-13.9407	-0.0045	131.9105
-0.0031	69.8409	-13.9427	-0.0045	131.9196
-0.0031	69.8409	-13.9446	-0.0045	131.9287
-0.0031	69.8409	-13.9466	-0.0045	131.9379
-0.0031	69.8409	-13.9486	-0.0045	131.947
-0.0031	69.8409	-13.9505	-0.0045	131.9561
-0.0031	69.8409	-13.9525	-0.0045	131.9652
-0.0031	69.8409	-13.9545	-0.0045	131.9744
-0.0031	69.8409	-13.9564	-0.0045	131.9835
-0.0031	69.8409	-13.9584	-0.0045	131.9926
-0.0031	69.8409	-13.9604	-0.0045	132.0018
-0.0031	69.8409	-13.9623	-0.0045	132.0109
-0.0031	69.8409	-13.9643	-0.0045	132.02
-0.0031	69.8409	-13.9663	-0.0045	132.0292
-0.0031	69.8409	-13.9683	-0.0045	132.0383
-0.0031	69.8409	-13.9702	-0.0045	132.0474
-0.0031	69.8409	-13.9722	-0.0045	132.0566
-0.0031	69.8409	-13.9742	-0.0045	132.0657
-0.0031	69.8409	-13.9761	-0.0045	132.0748
-0.0031	69.8409	-13.9781	-0.0045	132.084
-0.0031	69.8409	-13.9801	-0.0045	132.0931
-0.0031	69.8409	-13.9821	-0.0045	132.1023
-0.0031	69.8409	-13.984	-0.0045	132.1114
-0.0031	69.8409	-13.986	-0.0045	132.1206
-0.0031	69.8409	-13.988	-0.0045	132.1297
-0.0031	69.8409	-13.9899	-0.0045	132.1388
-0.0031	69.8409	-13.9919	-0.0045	132.148
-0.0031	69.8409	-13.9939	-0.0045	132.1571
-0.0031	69.8409	-13.9959	-0.0045	132.1663
-0.0031	69.8409	-13.9978	-0.0045	132.1754
-0.0031	69.8409	-13.9998	-0.0045	132.1846
-0.0031	69.8409	-14.0018	-0.0045	132.1937
-0.0031	69.8409	-14.0038	-0.0045	132.2029
-0.0031	69.8409	-14.0057	-0.0045	132.212
-0.0031	69.8409	-14.0077	-0.0045	132.2212
-0.0031	69.8409	-14.0097	-0.0045	132.2303
-0.0031	69.8409	-14.0117	-0.0045	132.2395
-0.0031	69.8409	-14.0136	-0.0045	132.2486
-0.0031	69.8409	-14.0156	-0.0045	132.2578
-0.0031	69.8409	-14.0176	-0.0045	132.267
-0.0031	69.8409	-14.0196	-0.0045	132.2761
-0.0031	69.8409	-14.0215	-0.0045	132.2853
-0.0031	69.8409	-14.0235	-0.0045	132.2944
-0.0031	69.8409	-14.0255	-0.0045	132.3036
-0.0031	69.8409	-14.0275	-0.0045	132.3128
-0.0031	69.8409	-14.0294	-0.0045	132.3219
-0.0031	69.8409	-14.0314	-0.0045	132.3311
-0.0031	69.8409	-14.0334	-0.0045	132.3402
-0.0031	69.8409	-14.0354	-0.0045	132.3494
-0.0031	69.8409	-14.0373	-0.0045	132.3586
-0.0031	69.8409	-14.0393	-0.0045	132.3677
-0.0031	69.8409	-14.0413	-0.0045	132.3769
-0.0031	69.8409	-14.0433	-0.0045	132.3861
-0.0031	69.8409	-14.0453	-0.0045	132.3952
-0.0031	69.8409	-14.0472	-0.0045	132.4044
-0.0031	69.8409	-14.0492	-0.0045	132.4136
-0.0031	69.8409	-14.0512	-0.0045	132.4228
-0.0031	69.8409	-14.0532	-0.0045	132.4319
-0.0031	69.8409	-14.0551	-0.0045	132.4411
-0.0031	69.8409	-14.0571	-0.0045	132.4503
-0.0031	69.8409	-14.0591	-0.0045	132.4595
-0.0031	69.8409	-14.0611	-0.0045	132.4686
-0.0031	69.8409	-14.0631	-0.0045	132.4778
-0.0031	69.8409	-14.065	-0.0045	132.487
-0.0031	69.8409	-14.067	-0.0045	132.4962
-0.0031	69.8409	-14.069	-0.0045	132.5053
-0.0031	69.8409	-14.071	-0.0045	132.5145
-0.0031	69.8409	-14.073	-0.0045	132.5237
-0.0031	69.8409	-14.0749	-0.0045	132.5329
-0.0031	69.8409	-14.0769	-0.0045	132.5421
-0.0031	69.8409	-14.0789	-0.0045	132.5512
-0.0031	69.8409	-14.0809	-0.0045	132.5604
-0.0031	69.8409	-14.0829	-0.0045	132.5696
-0.0031	69.8409	-14.0849	-0.0045	132.5788
-0.0031	69.8409	-14.0868	-0.0045	132.588
-0.0031	69.8409	-14.0888	-0.0045	132.5972
-0.0031	69.8409	-14.0908	-0.0045	132.6064
-0.0031	69.8409	-14.0928	-0.0045	132.6155
-0.0031	69.8409	-14.0948	-0.0045	132.6247
-0.0031	69.8409	-14.0967	-0.0045	132.6339
-0.0031	69.8409	-14.0987	-0.0045	132.6431
-0.0031	69.8409	-14.1007	-0.0045	132.6523
-0.0031	69.8409	-14.1027	-0.0045	132.6615
-0.0031	69.8409	-14.1047	-0.0045	132.6707
-0.0031	69.8409	-14.1067	-0.0045	132.6799
-0.0031	69.8409	-14.1086	-0.0045	132.6891
-0.0031	69.8409	-14.1106	-0.0045	132.6983
-0.0031	69.8409	-14.1126	-0.0045	132.7075
-0.0031	69.8409	-14.1146	-0.0045	132.7167
-0.0031	69.8409	-14.1166	-0.0045	132.7259
-0.0031	69.8409	-14.1186	-0.0045	132.7351
-0.0031	69.8409	-14.1205	-0.0045	132.7443
-0.0031	69.8409	-14.1225	-0.0045	132.7535
-0.0031	69.8409	-14.1245	-0.0045	132.7627
-0.0031	69.8409	-14.1265	-0.0045	132.7719
-0.0031	69.8409	-14.1285	-0.0045	132.7811
-0.0031	69.8409	-14.1305	-0.0045	132.7903
-0.0031	69.8409	-14.1325	-0.0045	132.7995
-0.0031	69.8409	-14.1344	-0.0045	132.8087
-0.0031	69.8409	-14.1364	-0.0045	132.8179
-0.0031	69.8409	-14.1384	-0.0045	132.8271
-0.0031	69.8409	-14.1404	-0.0045	132.8363
-0.0031	69.8409	-14.1424	-0.0045	132.8455
-0.0031	69.8409	-14.1444	-0.0045	132.8547
-0.0031	69.8409	-14.1464	-0.0045	132.8639
-0.0031	69.8409	-14.1483	-0.0045	132.8731
-0.0031	69.8409	-14.1503	-0.0045	132.8824
-0.0031	69.8409	-14.1523	-0.0045	132.8916
-0.0031	69.8409	-14.1543	-0.0045	132.9008
-0.0031	69.8409	-14.1563	-0.0045	132.91
-0.0031	69.8409	-14.1583	-0.0045	132.9192
-0.0031	69.8409	-14.1603	-0.0045	132.9284
-0.0031	69.8409	-14.1623	-0.0045	132.9376
-0.0031	69.8409	-14.1642	-0.0045	132.9469
-0.0031	69.8409	-14.1662	-0.0045	132.9561
-0.0031	69.8409	-14.1682	-0.0045	132.9653
-0.0031	69.8409	-14.1702	-0.0045	132.9745
-0.0031	69.8409	-14.1722	-0.0045	132.9837
-0.0031	69.8409	-14.1742	-0.0045	132.993
-0.0031	69.8409	-14.1762	-0.0045	133.0022
-0.0031	69.8409	-14.1782	-0.0045	133.0114
-0.0031	69.8409	-14.1802	-0.0045	133.0206
-0.0031	69.8409	-14.1821	-0.0045	133.0298
-0.0031	69.8409	-14.1841	-0.0045	133.0391
-0.0031	69.8409	-14.1861	-0.0045	133.0483
-0.0031	69.8409	-14.1881	-0.0045	133.0575
-0.0031	69.8409	-14.1901	-0.0045	133.0667
-0.0031	69.8409	-14.1921	-0.0045	133.076
-0.0031	69.8409	-14.1941	-0.0045	133.0852
-0.0031	69.8409	-14.1961	-0.0045	133.0944
-0.0031	69.8409	-14.1981	-0.0045	133.1036
-0.0031	69.8409	-14.2001	-0.0045	133.1129
-0.0031	69.8409	-14.2021	-0.0045	133.1221
-0.0031	69.8409	-14.204	-0.0045	133.1313
-0.0031	69.8409	-14.206	-0.0045	133.1406
-0.0031	69.8409	-14.208	-0.0045	133.1498
-0.0031	69.8409	-14.21	-0.0045	133.159
-0.0031	69.8409	-14.212	-0.0045	133.1683
-0.0031	69.8409	-14.214	-0.0045	133.1775
-0.0031	69.8409	-14.216	-0.0045	133.1867
-0.0031	69.8409	-14.218	-0.0045	133.196
-0.0031	69.8409	-14.22	-0.0045	133.2052
-0.0031	69.8409	-14.222	-0.0045	133.2144
-0.0031	69.8409	-14.224	-0.0045	133.2237
-0.0031	69.8409	-14.226	-0.0045	133.2329
-0.0031	69.8409	-14.228	-0.0045	133.2422
-0.0031	69.8409	-14.2299	-0.0045	133.2514
-0.0031	69.8409	-14.2319	-0.0045	133.2606
-0.0031	69.8409	-14.2339	-0.0045	133.2699
-0.0031	69.8409	-14.2359	-0.0045	133.2791
-0.0031	69.8409	-14.2379	-0.0045	133.2884
-0.0031	69.8409	-14.2399	-0.0045	133.2976
-0.0031	69.8409	-14.2419	-0.0045	133.3069
-0.0031	69.8409	-14.2439	-0.0045	133.3161
-0.0031	69.8409	-14.2459	-0.0045	133.3253
-0.0031	69.8409	-14.2479	-0.0045	133.3346
-0.0031	69.8409	-14.2499	-0.0045	133.3438
-0.0031	69.8409	-14.2519	-0.0045	133.3531
-0.0031	69.8409	-14.2539	-0.0045	133.3623
-0.0031	69.8409	-14.2559	-0.0045	133.3716
-0.0031	69.8409	-14.2579	-0.0045	133.3808
-0.0031	69.8409	-14.2599	-0.0045	133.3901
-0.0031	69.8409	-14.2619	-0.0045	133.3993
-0.0031	69.8409	-14.2638	-0.0045	133.4086
-0.0031	69.8409	-14.2658	-0.0045	133.4178
-0.0031	69.8409	-14.2678	-0.0045	133.4271
-0.0031	69.8409	-14.2698	-0.0045	133.4363
-0.0031	69.8409	-14.2718	-0.0045	133.4456
-0.0031	69.8409	-14.2738	-0.0045	133.4549
-0.0031	69.8409	-14.2758	-0.0045	133.4641
-0.0031	69.8409	-14.2778	-0.0045	133.4734
-0.0031	69.8409	-14.2798	-0.0045	133.4826
-0.0031	69.8409	-14.2818	-0.0045	133.4919
-0.0031	69.8409	-14.2838	-0.0045	133.5011
-0.0031	69.8409	-14.2858	-0.0045	133.5104
-0.0031	69.8409	-14.2878	-0.0045	133.5197
-0.0031	69.8409	-14.2898	-0.0045	133.5289
-0.0031	69.8409	-14.2918	-0.0045	133.5382
-0.0031	69.8409	-14.2938	-0.0045	133.5474
-0.0031	69.8409	-14.2958	-0.0045	133.5567
-0.0031	69.8409	-14.2978	-0.0045	133.566
-0.0031	69.8409	-14.2998	-0.0045	133.5752
-0.0031	69.8409	-14.3018	-0.0045	133.5845
-0.0031	69.8409	-14.3038	-0.0045	133.5937
-0.0031	69.8409	-14.3058	-0.0045	133.603
-0.0031	69.8409	-14.3078	-0.0045	133.6123
-0.0031	69.8409	-14.3098	-0.0045	133.6215
-0.0031	69.8409	-14.3118	-0.0045	133.6308
-0.0031	69.8409	-14.3138	-0.0045	133.6401
-0.0031	69.8409	-14.3158	-0.0045	133.6493
-0.0031	69.8409	-14.3178	-0.0045	133.6586
-0.0031	69.8409	-14.3198	-0.0045	133.6679
-0.0031	69.8409	-14.3218	-0.0045	133.6771
-0.0031	69.8409	-14.3238	-0.0045	133.6864
-0.0031	69.8409	-14.3258	-0.0045	133.6957
-0.0031	69.8409	-14.3278	-0.0045	133.705
-0.0031	69.8409	-14.3298	-0.0045	133.7142
-0.0031	69.8409	-14.3318	-0.0045	133.7235
-0.0031	69.8409	-14.3338	-0.0045	133.7328
-0.0031	69.8409	-14.3358	-0.0045	133.7421
-0.0031	69.8409	-14.3378	-0.0045	133.7513
-0.0031	69.8409	-14.3398	-0.0045	133.7606
-0.0031	69.8409	-14.3418	-0.0045	133.7699
-0.0031	69.8409	-14.3438	-0.0045	133.7792
-0.0031	69.8409	-14.3458	-0.0045	133.7884
-0.0031	69.8409	-14.3478	-0.0045	133.7977
-0.0031	69.8409	-14.3498	-0.0045	133.807
-0.0031	69.8409	-14.3518	-0.0045	133.8163
-0.0031	69.8409	-14.3538	-0.0045	133.8255
-0.0031	69.8409	-14.3558	-0.0045	133.8348
-0.0031	69.8409	-14.3578	-0.0045	133.8441
-0.0031	69.8409	-14.3598	-0.0045	133.8534
-0.0031	69.8409	-14.3618	-0.0045	133.8627
-0.0031	69.8409	-14.3638	-0.0045	133.8719
-0.0031	69.8409	-14.3658	-0.0045	133.8812
-0.0031	69.8409	-14.3678	-0.0045	133.8905
-0.0031	69.8409	-14.3698	-0.0045	133.8998
-0.0031	69.8409	-14.3718	-0.0045	133.9091
-0.0031	69.8409	-14.3738	-0.0045	133.9184
-0.0031	69.8409	-14.3758	-0.0045	133.9276
-0.0031	69.8409	-14.3778	-0.0045	133.9369
-0.0031	69.8409	-14.3798	-0.0045	133.9462
-0.0031	69.8409	-14.3818	-0.0045	133.9555
-0.0031	69.8409	-14.3838	-0.0045	133.9648
-0.0031	69.8409	-14.3858	-0.0045	133.9741
-0.0031	69.8409	-14.3878	-0.0045	133.9834
-0.0031	69.8409	-14.3898	-0.0045	133.9927
-0.0031	69.8409	-14.3918	-0.0045	134.002
-0.0031	69.8409	-14.3939	-0.0045	134.0112
-0.0031	69.8409	-14.3959	-0.0045	134.0205
-0.0031	69.8409	-14.3979	-0.0045	134.0298
-0.0031	69.8409	-14.3999	-0.0045	134.0391
-0.0031	69.8409	-14.4019	-0.0045	134.0484
-0.0031	69.8409	-14.4039	-0.0045	134.0577
-0.0031	69.8409	-14.4059	-0.0045	134.067
-0.0031	69.8409	-14.4079	-0.0045	134.0763
-0.0031	69.8409	-14.4099	-0.0045	134.0856
-0.0031	69.8409	-14.4119	-0.0045	134.0949
-0.0031	69.8409	-14.4139	-0.0045	134.1042
-0.0031	69.8409	-14.4159	-0.0045	134.1135
-0.0031	69.8409	-14.4179	-0.0045	134.1228
-0.0031	69.8409	-14.4199	-0.0045	134.1321
-0.0031	69.8409	-14.4219	-0.0045	134.1414
-0.0031	69.8409	-14.4239	-0.0045	134.1507
-0.0031	69.8409	-14.4259	-0.0045	134.16
-0.0031	69.8409	-14.4279	-0.0045	134.1693
-0.0031	69.8409	-14.4299	-0.0045	134.1786
-0.0031	69.8409	-14.4319	-0.0045	134.1879
-0.0031	69.8409	-14.434	-0.0045	134.1972
-0.0031	69.8409	-14.436	-0.0045	134.2065
-0.0031	69.8409	-14.438	-0.0045	134.2158
-0.0031	69.8409	-14.44	-0.0045	134.2251
-0.0031	69.8409	-14.442	-0.0045	134.2344
-0.0031	69.8409	-14.444	-0.0045	134.2437
-0.0031	69.8409	-14.446	-0.0045	134.253
-0.0031	69.8409	-14.448	-0.0045	134.2623
-0.0031	69.8409	-14.45	-0.0045	134.2716
-0.0031	69.8409	-14.452	-0.0045	134.2809
-0.0031	69.8409	-14.454	-0.0045	134.2902
-0.0031	69.8409	-14.456	-0.0045	134.2995
-0.0031	69.8409	-14.458	-0.0045	134.3088
-0.0031	69.8409	-14.46	-0.0045	134.3181
-0.0031	69.8409	-14.4621	-0.0045	134.3274
-0.0031	69.8409	-14.4641	-0.0045	134.3367
-0.0031	69.8409	-14.4661	-0.0045	134.346
-0.0031	69.8409	-14.4681	-0.0045	134.3553
-0.0031	69.8409	-14.4701	-0.0045	134.3647
-0.0031	69.8409	-14.4721	-0.0045	134.374
-0.0031	69.8409	-14.4741	-0.0045	134.3833
-0.0031	69.8409	-14.4761	-0.0045	134.3926
-0.0031	69.8409	-14.4781	-0.0045	134.4019
-0.0031	69.8409	-14.4801	-0.0045	134.4112
-0.0031	69.8409	-14.4821	-0.0045	134.4205
-0.0031	69.8409	-14.4841	-0.0045	134.4298
-0.0031	69.8409	-14.4862	-0.0045	134.4391
-0.0031	69.8409	-14.4882	-0.0045	134.4485
-0.0031	69.8409	-14.4902	-0.0045	134.4578
-0.0031	69.8409	-14.4922	-0.0045	134.4671
-0.0031	69.8409	-14.4942	-0.0045	134.4764
-0.0031	69.8409	-14.4962	-0.0045	134.4857
-0.0031	69.8409	-14.4982	-0.0045	134.495
-0.0031	69.8409	-14.5002	-0.0045	134.5044
-0.0031	69.8409	-14.5022	-0.0045	134.5137
-0.0031	69.8409	-14.5042	-0.0045	134.523
-0.0031	69.8409	-14.5063	-0.0045	134.5323
-0.0031	69.8409	-14.5083	-0.0045	134.5416
-0.0031	69.8409	-14.5103	-0.0045	134.5509
-0.0031	69.8409	-14.5123	-0.0045	134.5603
-0.0031	69.8409	-14.5143	-0.0045	134.5696
-0.0031	69.8409	-14.5163	-0.0045	134.5789
-0.0031	69.8409	-14.5183	-0.0045	134.5882
-0.0031	69.8409	-14.5203	-0.0045	134.5975
-0.0031	69.8409	-14.5223	-0.0045	134.6069
-0.0031	69.8409	-14.5243	-0.0045	134.6162
-0.0031	69.8409	-14.5264	-0.0045	134.6255
-0.0031	69.8409	-14.5284	-0.0045	134.6348
-0.0031	69.8409	-14.5304	-0.0045	134.6442
-0.0031	69.8409	-14.5324	-0.0045	134.6535
-0.0031	69.8409	-14.5344	-0.0045	134.6628
-0.0031	69.8409	-14.5364	-0.0045	134.6721
-0.0031	69.8409	-14.5384	-0.0045	134.6814
-0.0031	69.8409	-14.5404	-0.0045	134.6908
-0.0031	69.8409	-14.5424	-0.0045	134.7001
-0.0031	69.8409	-14.5445	-0.0045	134.7094
-0.0031	69.8409	-14.5465	-0.0045	134.7188
-0.0031	69.8409	-14.5485	-0.0045	134.7281
-0.0031	69.8409	-14.5505	-0.0045	134.7374
-0.0031	69.8409	-14.5525	-0.0045	134.7467
-0.0031	69.8409	-14.5545	-0.0045	134.7561
-0.0031	69.8409	-14.5565	-0.0045	134.7654
-0.0031	69.8409	-14.5585	-0.0045	134.7747
-0.0031	69.8409	-14.5606	-0.0045	134.784
-0.0031	69.8409	-14.5626	-0.0045	134.7934
-0.0031	69.8409	-14.5646	-0.0045	134.8027
-0.0031	69.8409	-14.5666	-0.0045	134.812
-0.0031	69.8409	-14.5686	-0.0045	134.8214
-0.0031	69.8409	-14.5706	-0.0045	134.8307
-0.0031	69.8409	-14.5726	-0.0045	134.84
-0.0031	69.8409	-14.5746	-0.0045	134.8494
-0.0031	69.8409	-14.5767	-0.0045	134.8587
-0.0031	69.8409	-14.5787	-0.0045	134.868
-0.0031	69.8409	-14.5807	-0.0045	134.8774
-0.0031	69.8409	-14.5827	-0.0045	134.8867
-0.0031	69.8409	-14.5847	-0.0045	134.896
-0.0031	69.8409	-14.5867	-0.0045	134.9054
-0.0031	69.8409	-14.5887	-0.0045	134.9147
-0.0031	69.8409	-14.5908	-0.0045	134.924
-0.0031	69.8409	-14.5928	-0.0045	134.9334
-0.0031	69.8409	-14.5948	-0.0045	134.9427
-0.0031	69.8409	-14.5968	-0.0045	134.952
-0.0031	69.8409	-14.5988	-0.0045	134.9614
-0.0031	69.8409	-14.6008	-0.0045	134.9707
-0.0031	69.8409	-14.6028	-0.0045	134.98
-0.0031	69.8409	-14.6049	-0.0045	134.9894
-0.0031	69.8409	-14.6069	-0.0045	134.9987
-0.0031	69.8409	-14.6089	-0.0045	135.0081
-0.0031	69.8409	-14.6109	-0.0045	135.0174
-0.0031	69.8409	-14.6129	-0.0045	135.0267
-0.0031	69.8409	-14.6149	-0.0045	135.0361
-0.0031	69.8409	-14.6169	-0.0045	135.0454
-0.0031	69.8409	-14.619	-0.0045	135.0548
-0.0031	69.8409	-14.621	-0.0045	135.0641
-0.0031	69.8409	-14.623	-0.0045	135.0734
-0.0031	69.8409	-14.625	-0.0045	135.0828
-0.0031	69.8409	-14.627	-0.0045	135.0921
-0.0031	69.8409	-14.629	-0.0045	135.1015
-0.0031	69.8409	-14.631	-0.0045	135.1108
-0.0031	69.8409	-14.6331	-0.0045	135.1201
-0.0031	69.8409	-14.6351	-0.0045	135.1295
-0.0031	69.8409	-14.6371	-0.0045	135.1388
-0.0031	69.8409	-14.6391	-0.0045	135.1482
-0.0031	69.8409	-14.6411	-0.0045	135.1575
-0.0031	69.8409	-14.6431	-0.0045	135.1669
-0.0031	69.8409	-14.6452	-0.0045	135.1762
-0.0031	69.8409	-14.6472	-0.0045	135.1856
-0.0031	69.8409	-14.6492	-0.0045	135.1949
-0.0031	69.8409	-14.6512	-0.0045	135.2042
-0.0031	69.8409	-14.6532	-0.0045	135.2136
-0.0031	69.8409	-14.6552	-0.0045	135.2229
-0.0031	69.8409	-14.6572	-0.0045	135.2323
-0.0031	69.8409	-14.6593	-0.0045	135.2416
-0.0031	69.8409	-14.6613	-0.0045	135.251
-0.0031	69.8409	-14.6633	-0.0045	135.2603
-0.0031	69.8409	-14.6653	-0.0045	135.2697
-0.0031	69.8409	-14.6673	-0.0045	135.279
-0.0031	69.8409	-14.6693	-0.0045	135.2884
-0.0031	69.8409	-14.6714	-0.0045	135.2977
-0.0031	69.8409	-14.6734	-0.0045	135.3071
-0.0031	69.8409	-14.6754	-0.0045	135.3164
-0.0031	69.8409	-14.6774	-0.0045	135.3258
-0.0031	69.8409	-14.6794	-0.0045	135.3351
-0.0031	69.8409	-14.6814	-0.0045	135.3445
-0.0031	69.8409	-14.6835	-0.0045	135.3538
-0.0031	69.8409	-14.6855	-0.0045	135.3632
-0.0031	69.8409	-14.6875	-0.0045	135.3725
-0.0031	69.8409	-14.6895	-0.0045	135.3819
-0.0031	69.8409	-14.6915	-0.0045	135.3912
-0.0031	69.8409	-14.6935	-0.0045	135.4006
-0.0031	69.8409	-14.6956	-0.0045	135.4099
-0.0031	69.8409	-14.6976	-0.0045	135.4193
-0.0031	69.8409	-14.6996	-0.0045	135.4286
-0.0031	69.8409	-14.7016	-0.0045	135.438
-0.0031	69.8409	-14.7036	-0.0045	135.4473
-0.0031	69.8409	-14.7057	-0.0045	135.4567
-0.0031	69.8409	-14.7077	-0.0045	135.466
-0.0031	69.8409	-14.7097	-0.0045	135.4754
-0.0031	69.8409	-14.7117	-0.0045	135.4847
-0.0031	69.8409	-14.7137	-0.0045	135.4941
-0.0031	69.8409	-14.7157	-0.0045	135.5035
-0.0031	69.8409	-14.7178	-0.0045	135.5128
-0.0031	69.8409	-14.7198	-0.0045	135.5222
-0.0031	69.8409	-14.7218	-0.0045	135.5315
-0.0031	69.8409	-14.7238	-0.0045	135.5409
-0.0031	69.8409	-14.7258	-0.0045	135.5502
-0.0031	69.8409	-14.7279	-0.0045	135.5596
-0.0031	69.8409	-14.7299	-0.0045	135.5689
-0.0031	69.8409	-14.7319	-0.0045	135.5783
-0.0031	69.8409	-14.7339	-0.0045	135.5877
-0.0031	69.8409	-14.7359	-0.0045	135.597
-0.0031	69.8409	-14.7379	-0.0045	135.6064
-0.0031	69.8409	-14.74	-0.0045	135.6157
-0.0031	69.8409	-14.742	-0.0045	135.6251
-0.0031	69.8409	-14.744	-0.0045	135.6344
-0.0031	69.8409	-14.746	-0.0045	135.6438
-0.0031	69.8409	-14.748	-0.0045	135.6532
-0.0031	69.8409	-14.7501	-0.0045	135.6625
-0.0031	69.8409	-14.7521	-0.0045	135.6719
-0.0031	69.8409	-14.7541	-0.0045	135.6812
-0.0031	69.8409	-14.7561	-0.0045	135.6906
-0.0031	69.8409	-14.7581	-0.0045	135.7
-0.0031	69.8409	-14.7602	-0.0045	135.7093
-0.0031	69.8409	-14.7622	-0.0045	135.7187
-0.0031	69.8409	-14.7642	-0.0045	135.728
-0.0031	69.8409	-14.7662	-0.0045	135.7374
-0.0031	69.8409	-14.7682	-0.0045	135.7468
-0.0031	69.8409	-14.7702	-0.0045	135.7561
-0.0031	69.8409	-14.7723	-0.0045	135.7655
-0.0031	69.8409	-14.7743	-0.0045	135.7748
-0.0031	69.8409	-14.7763	-0.0045	135.7842
-0.0031	69.8409	-14.7783	-0.0045	135.7936
-0.0031	69.8409	-14.7803	-0.0045	135.8029
-0.0031	69.8409	-14.7824	-0.0045	135.8123
-0.0031	69.8409	-14.7844	-0.0045	135.8217
-0.0031	69.8409	-14.7864	-0.0045	135.831
-0.0031	69.8409	-14.7884	-0.0045	135.8404
-0.0031	69.8409	-14.7904	-0.0045	135.8497
-0.0031	69.8409	-14.7925	-0.0045	135.8591
-0.0031	69.8409	-14.7945	-0.0045	135.8685
-0.0031	69.8409	-14.7965	-0.0045	135.8778
-0.0031	69.8409	-14.7985	-0.0045	135.8872
-0.0031	69.8409	-14.8005	-0.0045	135.8966
-0.0031	69.8409	-14.8026	-0.0045	135.9059
-0.0031	69.8409	-14.8046	-0.0045	135.9153
-0.0031	69.8409	-14.8066	-0.0045	135.9247
-0.0031	69.8409	-14.8086	-0.0045	135.934
-0.0031	69.8409	-14.8106	-0.0045	135.9434
-0.0031	69.8409	-14.8127	-0.0045	135.9528
-0.0031	69.8409	-14.8147	-0.0045	135.9621
-0.0031	69.8409	-14.8167	-0.0045	135.9715
-0.0031	69.8409	-14.8187	-0.0045	135.9809
-0.0031	69.8409	-14.8207	-0.0045	135.9902
-0.0031	69.8409	-14.8228	-0.0045	135.9996
-0.0031	69.8409	-14.8248	-0.0045	136.0089
-0.0031	69.8409	-14.8268	-0.0045	136.0183
-0.0031	69.8409	-14.8288	-0.0045	136.0277
-0.0031	69.8409	-14.8308	-0.0045	136.037
-0.0031	69.8409	-14.8329	-0.0045	136.0464
-0.0031	69.8409	-14.8349	-0.0045	136.0558
-0.0031	69.8409	-14.8369	-0.0045	136.0652
-0.0031	69.8409	-14.8389	-0.0045	136.0745
-0.0031	69.8409	-14.841	-0.0045	136.0839
-0.0031	69.8409	-14.843	-0.0045	136.0933
-0.0031	69.8409	-14.845	-0.0045	136.1026
-0.0031	69.8409	-14.847	-0.0045	136.112
-0.0031	69.8409	-14.849	-0.0045	136.1214
-0.0031	69.8409	-14.8511	-0.0045	136.1307
-0.0031	69.8409	-14.8531	-0.0045	136.1401
-0.0031	69.8409	-14.8551	-0.0045	136.1495
-0.0031	69.8409	-14.8571	-0.0045	136.1588
-0.0031	69.8409	-14.8591	-0.0045	136.1682
-0.0031	69.8409	-14.8612	-0.0045	136.1776
-0.0031	69.8409	-14.8632	-0.0045	136.1869
-0.0031	69.8409	-14.8652	-0.0045	136.1963
-0.0031	69.8409	-14.8672	-0.0045	136.2057
-0.0031	69.8409	-14.8692	-0.0045	136.215
-0.0031	69.8409	-14.8713	-0.0045	136.2244
-0.0031	69.8409	-14.8733	-0.0045	136.2338
-0.0031	69.8409	-14.8753	-0.0045	136.2432
-0.0031	69.8409	-14.8773	-0.0045	136.2525
-0.0031	69.8409	-14.8793	-0.0045	136.2619
-0.0031	69.8409	-14.8814	-0.0045	136.2713
-0.0031	69.8409	-14.8834	-0.0045	136.2806
-0.0031	69.8409	-14.8854	-0.0045	136.29
-0.0031	69.8409	-14.8874	-0.0045	136.2994
-0.0031	69.8409	-14.8895	-0.0045	136.3087
-0.0031	69.8409	-14.8915	-0.0045	136.3181
-0.0031	69.8409	-14.8935	-0.0045	136.3275
-0.0031	69.8409	-14.8955	-0.0045	136.3369
-0.0031	69.8409	-14.8975	-0.0045	136.3462
-0.0031	69.8409	-14.8996	-0.0045	136.3556
-0.0031	69.8409	-14.9016	-0.0045	136.365
-0.0031	69.8409	-14.9036	-0.0045	136.3743
-0.0031	69.8409	-14.9056	-0.0045	136.3837
-0.0031	69.8409	-14.9077	-0.0045	136.3931
-0.0031	69.8409	-14.9097	-0.0045	136.4025
-0.0031	69.8409	-14.9117	-0.0045	136.4118
-0.0031	69.8409	-14.9137	-0.0045	136.4212
-0.0031	69.8409	-14.9157	-0.0045	136.4306
-0.0031	69.8409	-14.9178	-0.0045	136.44
-0.0031	69.8409	-14.9198	-0.0045	136.4493
-0.0031	69.8409	-14.9218	-0.0045	136.4587
-0.0031	69.8409	-14.9238	-0.0045	136.4681
-0.0031	69.8409	-14.9258	-0.0045	136.4774
-0.0031	69.8409	-14.9279	-0.0045	136.4868
-0.0031	69.8409	-14.9299	-0.0045	136.4962
-0.0031	69.8409	-14.9319	-0.0045	136.5056
-0.0031	69.8409	-14.9339	-0.0045	136.5149
-0.0031	69.8409	-14.936	-0.0045	136.5243
-0.0031	69.8409	-14.938	-0.0045	136.5337
-0.0031	69.8409	-14.94	-0.0045	136.5431
-0.0031	69.8409	-14.942	-0.0045	136.5524
-0.0031	69.8409	-14.944	-0.0045	136.5618
-0.0031	69.8409	-14.9461	-0.0045	136.5712
-0.0031	69.8409	-14.9481	-0.0045	136.5805
-0.0031	69.8409	-14.9501	-0.0045	136.5899
-0.0031	69.8409	-14.9521	-0.0045	136.5993
-0.0031	69.8409	-14.9542	-0.0045	136.6087
-0.0031	69.8409	-14.9562	-0.0045	136.618
-0.0031	69.8409	-14.9582	-0.0045	136.6274
-0.0031	69.8409	-14.9602	-0.0045	136.6368
-0.0031	69.8409	-14.9622	-0.0045	136.6462
-0.0031	69.8409	-14.9643	-0.0045	136.6555
-0.0031	69.8409	-14.9663	-0.0045	136.6649
-0.0031	69.8409	-14.9683	-0.0045	136.6743
-0.0031	69.8409	-14.9703	-0.0045	136.6837
-0.0031	69.8409	-14.9724	-0.0045	136.693
-0.0031	69.8409	-14.9744	-0.0045	136.7024
-0.0031	69.8409	-14.9764	-0.0045	136.7118
-0.0031	69.8409	-14.9784	-0.0045	136.7212
-0.0031	69.8409	-14.9804	-0.0045	136.7305
-0.0031	69.8409	-14.9825	-0.0045	136.7399
-0.0031	69.8409	-14.9845	-0.0045	136.7493
-0.0031	69.8409	-14.9865	-0.0045	136.7586
-0.0031	69.8409	-14.9885	-0.0045	136.768
-0.0031	69.8409	-14.9906	-0.0045	136.7774
-0.0031	69.8409	-14.9926	-0.0045	136.7868
-0.0031	69.8409	-14.9946	-0.0045	136.7961
-0.0031	69.8409	-14.9966	-0.0045	136.8055
-0.0031	69.8409	-14.9986	-0.0045	136.8149
-0.0031	69.8409	-15.0007	-0.0045	136.8243
-0.0031	69.8409	-15.0027	-0.0045	136.8336
-0.0031	69.8409	-15.0047	-0.0045	136.843
-0.0031	69.8409	-15.0067	-0.0045	136.8524
-0.0031	69.8409	-15.0088	-0.0045	136.8618
-0.0031	69.8409	-15.0108	-0.0045	136.8711
-0.0031	69.8409	-15.0128	-0.0045	136.8805
-0.0031	69.8409	-15.0148	-0.0045	136.8899
-0.0031	69.8409	-15.0168	-0.0045	136.8993
-0.0031	69.8409	-15.0189	-0.0045	136.9086
-0.0031	69.8409	-15.0209	-0.0045	136.918
-0.0031	69.8409	-15.0229	-0.0045	136.9274
-0.0031	69.8409	-15.0249	-0.0045	136.9368
-0.0031	69.8409	-15.0269	-0.0045	136.9461
-0.0031	69.8409	-15.029	-0.0045	136.9555
-0.0031	69.8409	-15.031	-0.0045	136.9649
-0.0031	69.8409	-15.033	-0.0045	136.9743
-0.0031	69.8409	-15.035	-0.0045	136.9836
-0.0031	69.8409	-15.0371	-0.0045	136.993
-0.0031	69.8409	-15.0391	-0.0045	137.0024
-0.0031	69.8409	-15.0411	-0.0045	137.0118
-0.0031	69.8409	-15.0431	-0.0045	137.0211
-0.0031	69.8409	-15.0451	-0.0045	137.0305
-0.0031	69.8409	-15.0472	-0.0045	137.0399
-0.0031	69.8409	-15.0492	-0.0045	137.0493
-0.0031	69.8409	-15.0512	-0.0045	137.0586
-0.0031	69.8409	-15.0532	-0.0045	137.068
-0.0031	69.8409	-15.0553	-0.0045	137.0774
-0.0031	69.8409	-15.0573	-0.0045	137.0867
-0.0031	69.8409	-15.0593	-0.0045	137.0961
-0.0031	69.8409	-15.0613	-0.0045	137.1055
-0.0031	69.8409	-15.0633	-0.0045	137.1149
-0.0031	69.8409	-15.0654	-0.0045	137.1242
-0.0031	69.8409	-15.0674	-0.0045	137.1336
-0.0031	69.8409	-15.0694	-0.0045	137.143
-0.0031	69.8409	-15.0714	-0.0045	137.1524
-0.0031	69.8409	-15.0735	-0.0045	137.1617
-0.0031	69.8409	-15.0755	-0.0045	137.1711
-0.0031	69.8409	-15.0775	-0.0045	137.1805
-0.0031	69.8409	-15.0795	-0.0045	137.1899
-0.0031	69.8409	-15.0815	-0.0045	137.1992
-0.0031	69.8409	-15.0836	-0.0045	137.2086
-0.0031	69.8409	-15.0856	-0.0045	137.218
-0.0031	69.8409	-15.0876	-0.0045	137.2274
-0.0031	69.8409	-15.0896	-0.0045	137.2367
-0.0031	69.8409	-15.0917	-0.0045	137.2461
-0.0031	69.8409	-15.0937	-0.0045	137.2555
-0.0031	69.8409	-15.0957	-0.0045	137.2648
-0.0031	69.8409	-15.0977	-0.0045	137.2742
-0.0031	69.8409	-15.0997	-0.0045	137.2836
-0.0031	69.8409	-15.1018	-0.0045	137.293
-0.0031	69.8409	-15.1038	-0.0045	137.3023
-0.0031	69.8409	-15.1058	-0.0045	137.3117
-0.0031	69.8409	-15.1078	-0.0045	137.3211
-0.0031	69.8409	-15.1099	-0.0045	137.3305
-0.0031	69.8409	-15.1119	-0.0045	137.3398
-0.0031	69.8409	-15.1139	-0.0045	137.3492
-0.0031	69.8409	-15.1159	-0.0045	137.3586
-0.0031	69.8409	-15.1179	-0.0045	137.3679
-0.0031	69.8409	-15.12	-0.0045	137.3773
-0.0031	69.8409	-15.122	-0.0045	137.3867
-0.0031	69.8409	-15.124	-0.0045	137.3961
-0.0031	69.8409	-15.126	-0.0045	137.4054
-0.0031	69.8409	-15.128	-0.0045	137.4148
-0.0031	69.8409	-15.1301	-0.0045	137.4242
-0.0031	69.8409	-15.1321	-0.0045	137.4336
-0.0031	69.8409	-15.1341	-0.0045	137.4429
-0.0031	69.8409	-15.1361	-0.0045	137.4523
-0.0031	69.8409	-15.1382	-0.0045	137.4617
-0.0031	69.8409	-15.1402	-0.0045	137.471
-0.0031	69.8409	-15.1422	-0.0045	137.4804
-0.0031	69.8409	-15.1442	-0.0045	137.4898
-0.0031	69.8409	-15.1462	-0.0045	137.4992
-0.0031	69.8409	-15.1483	-0.0045	137.5085
-0.0031	69.8409	-15.1503	-0.0045	137.5179
-0.0031	69.8409	-15.1523	-0.0045	137.5273
-0.0031	69.8409	-15.1543	-0.0045	137.5366
-0.0031	69.8409	-15.1564	-0.0045	137.546
-0.0031	69.8409	-15.1584	-0.0045	137.5554
-0.0031	69.8409	-15.1604	-0.0045	137.5647
-0.0031	69.8409	-15.1624	-0.0045	137.5741
-0.0031	69.8409	-15.1644	-0.0045	137.5835
-0.0031	69.8409	-15.1665	-0.0045	137.5929
-0.0031	69.8409	-15.1685	-0.0045	137.6022
-0.0031	69.8409	-15.1705	-0.0045	137.6116
-0.0031	69.8409	-15.1725	-0.0045	137.621
-0.0031	69.8409	-15.1745	-0.0045	137.6303
-0.0031	69.8409	-15.1766	-0.0045	137.6397
-0.0031	69.8409	-15.1786	-0.0045	137.6491
-0.0031	69.8409	-15.1806	-0.0045	137.6584
-0.0031	69.8409	-15.1826	-0.0045	137.6678
-0.0031	69.8409	-15.1846	-0.0045	137.6772
-0.0031	69.8409	-15.1867	-0.0045	137.6865
-0.0031	69.8409	-15.1887	-0.0045	137.6959
-0.0031	69.8409	-15.1907	-0.0045	137.7053
-0.0031	69.8409	-15.1927	-0.0045	137.7146
-0.0031	69.8409	-15.1947	-0.0045	137.724
-0.0031	69.8409	-15.1968	-0.0045	137.7334
-0.0031	69.8409	-15.1988	-0.0045	137.7427
-0.0031	69.8409	-15.2008	-0.0045	137.7521
-0.0031	69.8409	-15.2028	-0.0045	137.7615
-0.0031	69.8409	-15.2049	-0.0045	137.7709
-0.0031	69.8409	-15.2069	-0.0045	137.7802
-0.0031	69.8409	-15.2089	-0.0045	137.7896
-0.0031	69.8409	-15.2109	-0.0045	137.799
-0.0031	69.8409	-15.2129	-0.0045	137.8083
-0.0031	69.8409	-15.215	-0.0045	137.8177
-0.0031	69.8409	-15.217	-0.0045	137.827
-0.0031	69.8409	-15.219	-0.0045	137.8364
-0.0031	69.8409	-15.221	-0.0045	137.8458
-0.0031	69.8409	-15.223	-0.0045	137.8551
-0.0031	69.8409	-15.2251	-0.0045	137.8645
-0.0031	69.8409	-15.2271	-0.0045	137.8739
-0.0031	69.8409	-15.2291	-0.0045	137.8832
-0.0031	69.8409	-15.2311	-0.0045	137.8926
-0.0031	69.8409	-15.2331	-0.0045	137.902
-0.0031	69.8409	-15.2352	-0.0045	137.9113
-0.0031	69.8409	-15.2372	-0.0045	137.9207
-0.0031	69.8409	-15.2392	-0.0045	137.9301
-0.0031	69.8409	-15.2412	-0.0045	137.9394
-0.0031	69.8409	-15.2432	-0.0045	137.9488
-0.0031	69.8409	-15.2453	-0.0045	137.9582
-0.0031	69.8409	-15.2473	-0.0045	137.9675
-0.0031	69.8409	-15.2493	-0.0045	137.9769
-0.0031	69.8409	-15.2513	-0.0045	137.9862
-0.0031	69.8409	-15.2533	-0.0045	137.9956
-0.0031	69.8409	-15.2554	-0.0045	138.005
-0.0031	69.8409	-15.2574	-0.0045	138.0143
-0.0031	69.8409	-15.2594	-0.0045	138.0237
-0.0031	69.8409	-15.2614	-0.0045	138.0331
-0.0031	69.8409	-15.2634	-0.0045	138.0424
-0.0031	69.8409	-15.2655	-0.0045	138.0518
-0.0031	69.8409	-15.2675	-0.0045	138.0611
-0.0031	69.8409	-15.2695	-0.0045	138.0705
-0.0031	69.8409	-15.2715	-0.0045	138.0799
-0.0031	69.8409	-15.2735	-0.0045	138.0892
-0.0031	69.8409	-15.2755	-0.0045	138.0986
-0.0031	69.8409	-15.2776	-0.0045	138.1079
-0.0031	69.8409	-15.2796	-0.0045	138.1173
-0.0031	69.8409	-15.2816	-0.0045	138.1267
-0.0031	69.8409	-15.2836	-0.0045	138.136
-0.0031	69.8409	-15.2856	-0.0045	138.1454
-0.0031	69.8409	-15.2877	-0.0045	138.1547
-0.0031	69.8409	-15.2897	-0.0045	138.1641
-0.0031	69.8409	-15.2917	-0.0045	138.1735
-0.0031	69.8409	-15.2937	-0.0045	138.1828
-0.0031	69.8409	-15.2957	-0.0045	138.1922
-0.0031	69.8409	-15.2978	-0.0045	138.2015
-0.0031	69.8409	-15.2998	-0.0045	138.2109
-0.0031	69.8409	-15.3018	-0.0045	138.2202
-0.0031	69.8409	-15.3038	-0.0045	138.2296
-0.0031	69.8409	-15.3058	-0.0045	138.239
-0.0031	69.8409	-15.3078	-0.0045	138.2483
-0.0031	69.8409	-15.3099	-0.0045	138.2577
-0.0031	69.8409	-15.3119	-0.0045	138.267
-0.0031	69.8409	-15.3139	-0.0045	138.2764
-0.0031	69.8409	-15.3159	-0.0045	138.2857
-0.0031	69.8409	-15.3179	-0.0045	138.2951
-0.0031	69.8409	-15.32	-0.0045	138.3044
-0.0031	69.8409	-15.322	-0.0045	138.3138
-0.0031	69.8409	-15.324	-0.0045	138.3232
-0.0031	69.8409	-15.326	-0.0045	138.3325
-0.0031	69.8409	-15.328	-0.0045	138.3419
-0.0031	69.8409	-15.33	-0.0045	138.3512
-0.0031	69.8409	-15.3321	-0.0045	138.3606
-0.0031	69.8409	-15.3341	-0.0045	138.3699
-0.0031	69.8409	-15.3361	-0.0045	138.3793
-0.0031	69.8409	-15.3381	-0.0045	138.3886
-0.0031	69.8409	-15.3401	-0.0045	138.398
-0.0031	69.8409	-15.3422	-0.0045	138.4073
-0.0031	69.8409	-15.3442	-0.0045	138.4167
-0.0031	69.8409	-15.3462	-0.0045	138.426
-0.0031	69.8409	-15.3482	-0.0045	138.4354
-0.0031	69.8409	-15.3502	-0.0045	138.4447
-0.0031	69.8409	-15.3522	-0.0045	138.4541
-0.0031	69.8409	-15.3543	-0.0045	138.4634
-0.0031	69.8409	-15.3563	-0.0045	138.4728
-0.0031	69.8409	-15.3583	-0.0045	138.4821
-0.0031	69.8409	-15.3603	-0.0045	138.4915
-0.0031	69.8409	-15.3623	-0.0045	138.5008
-0.0031	69.8409	-15.3643	-0.0045	138.5102
-0.0031	69.8409	-15.3664	-0.0045	138.5195
-0.0031	69.8409	-15.3684	-0.0045	138.5289
-0.0031	69.8409	-15.3704	-0.0045	138.5382
-0.0031	69.8409	-15.3724	-0.0045	138.5476
-0.0031	69.8409	-15.3744	-0.0045	138.5569
-0.0031	69.8409	-15.3764	-0.0045	138.5663
-0.0031	69.8409	-15.3785	-0.0045	138.5756
-0.0031	69.8409	-15.3805	-0.0045	138.585
-0.0031	69.8409	-15.3825	-0.0045	138.5943
-0.0031	69.8409	-15.3845	-0.0045	138.6037
-0.0031	69.8409	-15.3865	-0.0045	138.613
-0.0031	69.8409	-15.3885	-0.0045	138.6223
-0.0031	69.8409	-15.3905	-0.0045	138.6317
-0.0031	69.8409	-15.3926	-0.0045	138.641
-0.0031	69.8409	-15.3946	-0.0045	138.6504
-0.0031	69.8409	-15.3966	-0.0045	138.6597
-0.0031	69.8409	-15.3986	-0.0045	138.6691
-0.0031	69.8409	-15.4006	-0.0045	138.6784
-0.0031	69.8409	-15.4026	-0.0045	138.6878
-0.0031	69.8409	-15.4047	-0.0045	138.6971
-0.0031	69.8409	-15.4067	-0.0045	138.7064
-0.0031	69.8409	-15.4087	-0.0045	138.7158
-0.0031	69.8409	-15.4107	-0.0045	138.7251
-0.0031	69.8409	-15.4127	-0.0045	138.7345
-0.0031	69.8409	-15.4147	-0.0045	138.7438
-0.0031	69.8409	-15.4167	-0.0045	138.7531
-0.0031	69.8409	-15.4188	-0.0045	138.7625
-0.0031	69.8409	-15.4208	-0.0045	138.7718
-0.0031	69.8409	-15.4228	-0.0045	138.7812
-0.0031	69.8409	-15.4248	-0.0045	138.7905
-0.0031	69.8409	-15.4268	-0.0045	138.7998
-0.0031	69.8409	-15.4288	-0.0045	138.8092
-0.0031	69.8409	-15.4308	-0.0045	138.8185
-0.0031	69.8409	-15.4329	-0.0045	138.8279
-0.0031	69.8409	-15.4349	-0.0045	138.8372
-0.0031	69.8409	-15.4369	-0.0045	138.8465
-0.0031	69.8409	-15.4389	-0.0045	138.8559
-0.0031	69.8409	-15.4409	-0.0045	138.8652
-0.0031	69.8409	-15.4429	-0.0045	138.8745
-0.0031	69.8409	-15.4449	-0.0045	138.8839
-0.0031	69.8409	-15.447	-0.0045	138.8932
-0.0031	69.8409	-15.449	-0.0045	138.9025
-0.0031	69.8409	-15.451	-0.0045	138.9119
-0.0031	69.8409	-15.453	-0.0045	138.9212
-0.0031	69.8409	-15.455	-0.0045	138.9305
-0.0031	69.8409	-15.457	-0.0045	138.9399
-0.0031	69.8409	-15.459	-0.0045	138.9492
-0.0031	69.8409	-15.4611	-0.0045	138.9585
-0.0031	69.8409	-15.4631	-0.0045	138.9679
-0.0031	69.8409	-15.4651	-0.0045	138.9772
-0.0031	69.8409	-15.4671	-0.0045	138.9865
-0.0031	69.8409	-15.4691	-0.0045	138.9959
-0.0031	69.8409	-15.4711	-0.0045	139.0052
-0.0031	69.8409	-15.4731	-0.0045	139.0145
-0.0031	69.8409	-15.4751	-0.0045	139.0239
-0.0031	69.8409	-15.4772	-0.0045	139.0332
-0.0031	69.8409	-15.4792	-0.0045	139.0425
-0.0031	69.8409	-15.4812	-0.0045	139.0518
-0.0031	69.8409	-15.4832	-0.0045	139.0612
-0.0031	69.8409	-15.4852	-0.0045	139.0705
-0.0031	69.8409	-15.4872	-0.0045	139.0798
-0.0031	69.8409	-15.4892	-0.0045	139.0891
-0.0031	69.8409	-15.4912	-0.0045	139.0985
-0.0031	69.8409	-15.4933	-0.0045	139.1078
-0.0031	69.8409	-15.4953	-0.0045	139.1171
-0.0031	69.8409	-15.4973	-0.0045	139.1265
-0.0031	69.8409	-15.4993	-0.0045	139.1358
-0.0031	69.8409	-15.5013	-0.0045	139.1451
-0.0031	69.8409	-15.5033	-0.0045	139.1544
-0.0031	69.8409	-15.5053	-0.0045	139.1637
-0.0031	69.8409	-15.5073	-0.0045	139.1731
-0.0031	69.8409	-15.5093	-0.0045	139.1824
-0.0031	69.8409	-15.5114	-0.0045	139.1917
-0.0031	69.8409	-15.5134	-0.0045	139.201
-0.0031	69.8409	-15.5154	-0.0045	139.2104
-0.0031	69.8409	-15.5174	-0.0045	139.2197
-0.0031	69.8409	-15.5194	-0.0045	139.229
-0.0031	69.8409	-15.5214	-0.0045	139.2383
-0.0031	69.8409	-15.5234	-0.0045	139.2476
-0.0031	69.8409	-15.5254	-0.0045	139.257
-0.0031	69.8409	-15.5274	-0.0045	139.2663
-0.0031	69.8409	-15.5294	-0.0045	139.2756
-0.0031	69.8409	-15.5315	-0.0045	139.2849
-0.0031	69.8409	-15.5335	-0.0045	139.2942
-0.0031	69.8409	-15.5355	-0.0045	139.3035
-0.0031	69.8409	-15.5375	-0.0045	139.3129
-0.0031	69.8409	-15.5395	-0.0045	139.3222
-0.0031	69.8409	-15.5415	-0.0045	139.3315
-0.0031	69.8409	-15.5435	-0.0045	139.3408
-0.0031	69.8409	-15.5455	-0.0045	139.3501
-0.0031	69.8409	-15.5475	-0.0045	139.3594
-0.0031	69.8409	-15.5495	-0.0045	139.3688
-0.0031	69.8409	-15.5516	-0.0045	139.3781
-0.0031	69.8409	-15.5536	-0.0045	139.3874
-0.0031	69.8409	-15.5556	-0.0045	139.3967
-0.0031	69.8409	-15.5576	-0.0045	139.406
-0.0031	69.8409	-15.5596	-0.0045	139.4153
-0.0031	69.8409	-15.5616	-0.0045	139.4246
-0.0031	69.8409	-15.5636	-0.0045	139.4339
-0.0031	69.8409	-15.5656	-0.0045	139.4432
-0.0031	69.8409	-15.5676	-0.0045	139.4526
-0.0031	69.8409	-15.5696	-0.0045	139.4619
-0.0031	69.8409	-15.5716	-0.0045	139.4712
-0.0031	69.8409	-15.5736	-0.0045	139.4805
-0.0031	69.8409	-15.5757	-0.0045	139.4898
-0.0031	69.8409	-15.5777	-0.0045	139.4991
-0.0031	69.8409	-15.5797	-0.0045	139.5084
-0.0031	69.8409	-15.5817	-0.0045	139.5177
-0.0031	69.8409	-15.5837	-0.0045	139.527
-0.0031	69.8409	-15.5857	-0.0045	139.5363
-0.0031	69.8409	-15.5877	-0.0045	139.5456
-0.0031	69.8409	-15.5897	-0.0045	139.5549
-0.0031	69.8409	-15.5917	-0.0045	139.5642
-0.0031	69.8409	-15.5937	-0.0045	139.5735
-0.0031	69.8409	-15.5957	-0.0045	139.5828
-0.0031	69.8409	-15.5977	-0.0045	139.5921
-0.0031	69.8409	-15.5997	-0.0045	139.6014
-0.0031	69.8409	-15.6017	-0.0045	139.6107
-0.0031	69.8409	-15.6038	-0.0045	139.62
-0.0031	69.8409	-15.6058	-0.0045	139.6293
-0.0031	69.8409	-15.6078	-0.0045	139.6386
-0.0031	69.8409	-15.6098	-0.0045	139.6479
-0.0031	69.8409	-15.6118	-0.0045	139.6572
-0.0031	69.8409	-15.6138	-0.0045	139.6665
-0.0031	69.8409	-15.6158	-0.0045	139.6758
-0.0031	69.8409	-15.6178	-0.0045	139.6851
-0.0031	69.8409	-15.6198	-0.0045	139.6944
-0.0031	69.8409	-15.6218	-0.0045	139.7037
-0.0031	69.8409	-15.6238	-0.0045	139.713
-0.0031	69.8409	-15.6258	-0.0045	139.7223
-0.0031	69.8409	-15.6278	-0.0045	139.7316
-0.0031	69.8409	-15.6298	-0.0045	139.7409
-0.0031	69.8409	-15.6318	-0.0045	139.7502
-0.0031	69.8409	-15.6338	-0.0045	139.7595
-0.0031	69.8409	-15.6358	-0.0045	139.7688
-0.0031	69.8409	-15.6378	-0.0045	139.7781
-0.0031	69.8409	-15.6398	-0.0045	139.7874
-0.0031	69.8409	-15.6418	-0.0045	139.7967
-0.0031	69.8409	-15.6439	-0.0045	139.8059
-0.0031	69.8409	-15.6459	-0.0045	139.8152
-0.0031	69.8409	-15.6479	-0.0045	139.8245
-0.0031	69.8409	-15.6499	-0.0045	139.8338
-0.0031	69.8409	-15.6519	-0.0045	139.8431
-0.0031	69.8409	-15.6539	-0.0045	139.8524
-0.0031	69.8409	-15.6559	-0.0045	139.8617
-0.0031	69.8409	-15.6579	-0.0045	139.871
-0.0031	69.8409	-15.6599	-0.0045	139.8803
-0.0031	69.8409	-15.6619	-0.0045	139.8895
-0.0031	69.8409	-15.6639	-0.0045	139.8988
-0.0031	69.8409	-15.6659	-0.0045	139.9081
-0.0031	69.8409	-15.6679	-0.0045	139.9174
-0.0031	69.8409	-15.6699	-0.0045	139.9267
-0.0031	69.8409	-15.6719	-0.0045	139.936
-0.0031	69.8409	-15.6739	-0.0045	139.9452
-0.0031	69.8409	-15.6759	-0.0045	139.9545
-0.0031	69.8409	-15.6779	-0.0045	139.9638
-0.0031	69.8409	-15.6799	-0.0045	139.9731
-0.0031	69.8409	-15.6819	-0.0045	139.9824
-0.0031	69.8409	-15.6839	-0.0045	139.9916
-0.0031	69.8409	-15.6859	-0.0045	140.0009
-0.0031	69.8409	-15.6879	-0.0045	140.0102
-0.0031	69.8409	-15.6899	-0.0045	140.0195
-0.0031	69.8409	-15.6919	-0.0045	140.0287
-0.0031	69.8409	-15.6939	-0.0045	140.038
-0.0031	69.8409	-15.6959	-0.0045	140.0473
-0.0031	69.8409	-15.6979	-0.0045	140.0566
-0.0031	69.8409	-15.6999	-0.0045	140.0658
-0.0031	69.8409	-15.7019	-0.0045	140.0751
-0.0031	69.8409	-15.7039	-0.0045	140.0844
-0.0031	69.8409	-15.7059	-0.0045	140.0937
-0.0031	69.8409	-15.7079	-0.0045	140.1029
-0.0031	69.8409	-15.7099	-0.0045	140.1122
-0.0031	69.8409	-15.7119	-0.0045	140.1215
-0.0031	69.8409	-15.7139	-0.0045	140.1308
-0.0031	69.8409	-15.7159	-0.0045	140.14
-0.0031	69.8409	-15.7179	-0.0045	140.1493
-0.0031	69.8409	-15.7199	-0.0045	140.1586
-0.0031	69.8409	-15.7219	-0.0045	140.1678
-0.0031	69.8409	-15.7239	-0.0045	140.1771
-0.0031	69.8409	-15.7259	-0.0045	140.1864
-0.0031	69.8409	-15.7279	-0.0045	140.1956
-0.0031	69.8409	-15.7299	-0.0045	140.2049
-0.0031	69.8409	-15.7319	-0.0045	140.2142
-0.0031	69.8409	-15.7339	-0.0045	140.2234
-0.0031	69.8409	-15.7359	-0.0045	140.2327
-0.0031	69.8409	-15.7379	-0.0045	140.2419
-0.0031	69.8409	-15.7399	-0.0045	140.2512
-0.0031	69.8409	-15.7419	-0.0045	140.2605
-0.0031	69.8409	-15.7439	-0.0045	140.2697
-0.0031	69.8409	-15.7459	-0.0045	140.279
-0.0031	69.8409	-15.7479	-0.0045	140.2882
-0.0031	69.8409	-15.7499	-0.0045	140.2975
-0.0031	69.8409	-15.7519	-0.0045	140.3068
-0.0031	69.8409	-15.7539	-0.0045	140.316
-0.0031	69.8409	-15.7559	-0.0045	140.3253
-0.0031	69.8409	-15.7579	-0.0045	140.3345
-0.0031	69.8409	-15.7599	-0.0045	140.3438
-0.0031	69.8409	-15.7619	-0.0045	140.353
-0.0031	69.8409	-15.7639	-0.0045	140.3623
-0.0031	69.8409	-15.7659	-0.0045	140.3716
-0.0031	69.8409	-15.7679	-0.0045	140.3808
-0.0031	69.8409	-15.7699	-0.0045	140.3901
-0.0031	69.8409	-15.7719	-0.0045	140.3993
-0.0031	69.8409	-15.7738	-0.0045	140.4086
-0.0031	69.8409	-15.7758	-0.0045	140.4178
-0.0031	69.8409	-15.7778	-0.0045	140.4271
-0.0031	69.8409	-15.7798	-0.0045	140.4363
-0.0031	69.8409	-15.7818	-0.0045	140.4456
-0.0031	69.8409	-15.7838	-0.0045	140.4548
-0.0031	69.8409	-15.7858	-0.0045	140.4641
-0.0031	69.8409	-15.7878	-0.0045	140.4733
-0.0031	69.8409	-15.7898	-0.0045	140.4826
-0.0031	69.8409	-15.7918	-0.0045	140.4918
-0.0031	69.8409	-15.7938	-0.0045	140.501
-0.0031	69.8409	-15.7958	-0.0045	140.5103
-0.0031	69.8409	-15.7978	-0.0045	140.5195
-0.0031	69.8409	-15.7998	-0.0045	140.5288
-0.0031	69.8409	-15.8018	-0.0045	140.538
-0.0031	69.8409	-15.8038	-0.0045	140.5473
-0.0031	69.8409	-15.8058	-0.0045	140.5565
-0.0031	69.8409	-15.8077	-0.0045	140.5657
-0.0031	69.8409	-15.8097	-0.0045	140.575
-0.0031	69.8409	-15.8117	-0.0045	140.5842
-0.0031	69.8409	-15.8137	-0.0045	140.5935
-0.0031	69.8409	-15.8157	-0.0045	140.6027
-0.0031	69.8409	-15.8177	-0.0045	140.6119
-0.0031	69.8409	-15.8197	-0.0045	140.6212
-0.0031	69.8409	-15.8217	-0.0045	140.6304
-0.0031	69.8409	-15.8237	-0.0045	140.6396
-0.0031	69.8409	-15.8257	-0.0045	140.6489
-0.0031	69.8409	-15.8277	-0.0045	140.6581
-0.0031	69.8409	-15.8297	-0.0045	140.6673
-0.0031	69.8409	-15.8317	-0.0045	140.6766
-0.0031	69.8409	-15.8336	-0.0045	140.6858
-0.0031	69.8409	-15.8356	-0.0045	140.695
-0.0031	69.8409	-15.8376	-0.0045	140.7043
-0.0031	69.8409	-15.8396	-0.0045	140.7135
-0.0031	69.8409	-15.8416	-0.0045	140.7227
-0.0031	69.8409	-15.8436	-0.0045	140.7319
-0.0031	69.8409	-15.8456	-0.0045	140.7412
-0.0031	69.8409	-15.8476	-0.0045	140.7504
-0.0031	69.8409	-15.8496	-0.0045	140.7596
-0.0031	69.8409	-15.8516	-0.0045	140.7688
-0.0031	69.8409	-15.8536	-0.0045	140.7781
-0.0031	69.8409	-15.8555	-0.0045	140.7873
-0.0031	69.8409	-15.8575	-0.0045	140.7965
-0.0031	69.8409	-15.8595	-0.0045	140.8057
-0.0031	69.8409	-15.8615	-0.0045	140.8149
-0.0031	69.8409	-15.8635	-0.0045	140.8242
-0.0031	69.8409	-15.8655	-0.0045	140.8334
-0.0031	69.8409	-15.8675	-0.0045	140.8426
-0.0031	69.8409	-15.8695	-0.0045	140.8518
-0.0031	69.8409	-15.8715	-0.0045	140.861
-0.0031	69.8409	-15.8734	-0.0045	140.8703
-0.0031	69.8409	-15.8754	-0.0045	140.8795
-0.0031	69.8409	-15.8774	-0.0045	140.8887
-0.0031	69.8409	-15.8794	-0.0045	140.8979
-0.0031	69.8409	-15.8814	-0.0045	140.9071
-0.0031	69.8409	-15.8834	-0.0045	140.9163
-0.0031	69.8409	-15.8854	-0.0045	140.9255
-0.0031	69.8409	-15.8874	-0.0045	140.9348
-0.0031	69.8409	-15.8893	-0.0045	140.944
-0.0031	69.8409	-15.8913	-0.0045	140.9532
-0.0031	69.8409	-15.8933	-0.0045	140.9624
-0.0031	69.8409	-15.8953	-0.0045	140.9716
-0.0031	69.8409	-15.8973	-0.0045	140.9808
-0.0031	69.8409	-15.8993	-0.0045	140.99
-0.0031	69.8409	-15.9013	-0.0045	140.9992
-0.0031	69.8409	-15.9032	-0.0045	141.0084
-0.0031	69.8409	-15.9052	-0.0045	141.0176
-0.0031	69.8409	-15.9072	-0.0045	141.0268
-0.0031	69.8409	-15.9092	-0.0045	141.036
-0.0031	69.8409	-15.9112	-0.0045	141.0452
-0.0031	69.8409	-15.9132	-0.0045	141.0544
-0.0031	69.8409	-15.9152	-0.0045	141.0636
-0.0031	69.8409	-15.9171	-0.0045	141.0728
-0.0031	69.8409	-15.9191	-0.0045	141.082
-0.0031	69.8409	-15.9211	-0.0045	141.0912
-0.0031	69.8409	-15.9231	-0.0045	141.1004
-0.0031	69.8409	-15.9251	-0.0045	141.1096
-0.0031	69.8409	-15.9271	-0.0045	141.1188
-0.0031	69.8409	-15.929	-0.0045	141.128
-0.0031	69.8409	-15.931	-0.0045	141.1372
-0.0031	69.8409	-15.933	-0.0045	141.1464
-0.0031	69.8409	-15.935	-0.0045	141.1556
-0.0031	69.8409	-15.937	-0.0045	141.1648
-0.0031	69.8409	-15.939	-0.0045	141.174
-0.0031	69.8409	-15.9409	-0.0045	141.1832
-0.0031	69.8409	-15.9429	-0.0045	141.1924
-0.0031	69.8409	-15.9449	-0.0045	141.2015
-0.0031	69.8409	-15.9469	-0.0045	141.2107
-0.0031	69.8409	-15.9489	-0.0045	141.2199
-0.0031	69.8409	-15.9508	-0.0045	141.2291
-0.0031	69.8409	-15.9528	-0.0045	141.2383
-0.0031	69.8409	-15.9548	-0.0045	141.2475
-0.0031	69.8409	-15.9568	-0.0045	141.2567
-0.0031	69.8409	-15.9588	-0.0045	141.2658
-0.0031	69.8409	-15.9608	-0.0045	141.275
-0.0031	69.8409	-15.9627	-0.0045	141.2842
-0.0031	69.8409	-15.9647	-0.0045	141.2934
-0.0031	69.8409	-15.9667	-0.0045	141.3026
-0.0031	69.8409	-15.9687	-0.0045	141.3117
-0.0031	69.8409	-15.9707	-0.0045	141.3209
-0.0031	69.8409	-15.9726	-0.0045	141.3301
-0.0031	69.8409	-15.9746	-0.0045	141.3393
-0.0031	69.8409	-15.9766	-0.0045	141.3484
-0.0031	69.8409	-15.9786	-0.0045	141.3576
-0.0031	69.8409	-15.9806	-0.0045	141.3668
-0.0031	69.8409	-15.9825	-0.0045	141.376
-0.0031	69.8409	-15.9845	-0.0045	141.3851
-0.0031	69.8409	-15.9865	-0.0045	141.3943
-0.0031	69.8409	-15.9885	-0.0045	141.4035
-0.0031	69.8409	-15.9904	-0.0045	141.4127
-0.0031	69.8409	-15.9924	-0.0045	141.4218
-0.0031	69.8409	-15.9944	-0.0045	141.431
-0.0031	69.8409	-15.9964	-0.0045	141.4402
-0.0031	69.8409	-15.9984	-0.0045	141.4493
-0.0031	69.8409	-16.0003	-0.0045	141.4585
-0.0031	69.8409	-16.0023	-0.0045	141.4677
-0.0031	69.8409	-16.0043	-0.0045	141.4768
-0.0031	69.8409	-16.0063	-0.0045	141.486
-0.0031	69.8409	-16.0082	-0.0045	141.4951
-0.0031	69.8409	-16.0102	-0.0045	141.5043
-0.0031	69.8409	-16.0122	-0.0045	141.5135
-0.0031	69.8409	-16.0142	-0.0045	141.5226
-0.0031	69.8409	-16.0161	-0.0045	141.5318
-0.0031	69.8409	-16.0181	-0.0045	141.5409
-0.0031	69.8409	-16.0201	-0.0045	141.5501
-0.0031	69.8409	-16.0221	-0.0045	141.5593
-0.0031	69.8409	-16.024	-0.0045	141.5684
-0.0031	69.8409	-16.026	-0.0045	141.5776
-0.0031	69.8409	-16.028	-0.0045	141.5867
-0.0031	69.8409	-16.03	-0.0045	141.5959
-0.0031	69.8409	-16.0319	-0.0045	141.605
-0.0031	69.8409	-16.0339	-0.0045	141.6142
-0.0031	69.8409	-16.0359	-0.0045	141.6233
-0.0031	69.8409	-16.0379	-0.0045	141.6325
-0.0031	69.8409	-16.0398	-0.0045	141.6416
-0.0031	69.8409	-16.0418	-0.0045	141.6508
-0.0031	69.8409	-16.0438	-0.0045	141.6599
-0.0031	69.8409	-16.0458	-0.0045	141.6691
-0.0031	69.8409	-16.0477	-0.0045	141.6782
-0.0031	69.8409	-16.0497	-0.0045	141.6873
-0.0031	69.8409	-16.0517	-0.0045	141.6965
-0.0031	69.8409	-16.0536	-0.0045	141.7056
-0.0031	69.8409	-16.0556	-0.0045	141.7148
-0.0031	69.8409	-16.0576	-0.0045	141.7239
-0.0031	69.8409	-16.0596	-0.0045	141.7331
-0.0031	69.8409	-16.0615	-0.0045	141.7422
-0.0031	69.8409	-16.0635	-0.0045	141.7513
-0.0031	69.8409	-16.0655	-0.0045	141.7605
-0.0031	69.8409	-16.0674	-0.0045	141.7696
-0.0031	69.8409	-16.0694	-0.0045	141.7787
-0.0031	69.8409	-16.0714	-0.0045	141.7879
-0.0031	69.8409	-16.0734	-0.0045	141.797
-0.0031	69.8409	-16.0753	-0.0045	141.8061
-0.0031	69.8409	-16.0773	-0.0045	141.8153
-0.0031	69.8409	-16.0793	-0.0045	141.8244
-0.0031	69.8409	-16.0812	-0.0045	141.8335
-0.0031	69.8409	-16.0832	-0.0045	141.8427
-0.0031	69.8409	-16.0852	-0.0045	141.8518
-0.0031	69.8409	-16.0871	-0.0045	141.8609
-0.0031	69.8409	-16.0891	-0.0045	141.87
-0.0031	69.8409	-16.0911	-0.0045	141.8792
-0.0031	69.8409	-16.093	-0.0045	141.8883
-0.0031	69.8409	-16.095	-0.0045	141.8974
-0.0031	69.8409	-16.097	-0.0045	141.9065
-0.0031	69.8409	-16.0989	-0.0045	141.9156
-0.0031	69.8409	-16.1009	-0.0045	141.9248
-0.0031	69.8409	-16.1029	-0.0045	141.9339
-0.0031	69.8409	-16.1048	-0.0045	141.943
-0.0031	69.8409	-16.1068	-0.0045	141.9521
-0.0031	69.8409	-16.1088	-0.0045	141.9612
-0.0031	69.8409	-16.1107	-0.0045	141.9704
-0.0031	69.8409	-16.1127	-0.0045	141.9795
-0.0031	69.8409	-16.1147	-0.0045	141.9886
-0.0031	69.8409	-16.1166	-0.0045	141.9977
-0.0031	69.8409	-16.1186	-0.0045	142.0068
-0.0031	69.8409	-16.1206	-0.0045	142.0159
-0.0031	69.8409	-16.1225	-0.0045	142.025
-0.0031	69.8409	-16.1245	-0.0045	142.0341
-0.0031	69.8409	-16.1265	-0.0045	142.0432
-0.0031	69.8409	-16.1284	-0.0045	142.0523
-0.0031	69.8409	-16.1304	-0.0045	142.0615
-0.0031	69.8409	-16.1324	-0.0045	142.0706
-0.0031	69.8409	-16.1343	-0.0045	142.0797
-0.0031	69.8409	-16.1363	-0.0045	142.0888
-0.0031	69.8409	-16.1383	-0.0045	142.0979
-0.0031	69.8409	-16.1402	-0.0045	142.107
-0.0031	69.8409	-16.1422	-0.0045	142.1161
-0.0031	69.8409	-16.1441	-0.0045	142.1252
-0.0031	69.8409	-16.1461	-0.0045	142.1343
-0.0031	69.8409	-16.1481	-0.0045	142.1434
-0.0031	69.8409	-16.15	-0.0045	142.1525
-0.0031	69.8409	-16.152	-0.0045	142.1616
-0.0031	69.8409	-16.154	-0.0045	142.1706
-0.0031	69.8409	-16.1559	-0.0045	142.1797
-0.0031	69.8409	-16.1579	-0.0045	142.1888
-0.0031	69.8409	-16.1598	-0.0045	142.1979
-0.0031	69.8409	-16.1618	-0.0045	142.207
-0.0031	69.8409	-16.1638	-0.0045	142.2161
-0.0031	69.8409	-16.1657	-0.0045	142.2252
-0.0031	69.8409	-16.1677	-0.0045	142.2343
-0.0031	69.8409	-16.1696	-0.0045	142.2434
-0.0031	69.8409	-16.1716	-0.0045	142.2524
-0.0031	69.8409	-16.1736	-0.0045	142.2615
-0.0031	69.8409	-16.1755	-0.0045	142.2706
-0.0031	69.8409	-16.1775	-0.0045	142.2797
-0.0031	69.8409	-16.1794	-0.0045	142.2888
-0.0031	69.8409	-16.1814	-0.0045	142.2979
-0.0031	69.8409	-16.1834	-0.0045	142.3069
-0.0031	69.8409	-16.1853	-0.0045	142.316
-0.0031	69.8409	-16.1873	-0.0045	142.3251
-0.0031	69.8409	-16.1892	-0.0045	142.3342
-0.0031	69.8409	-16.1912	-0.0045	142.3432
-0.0031	69.8409	-16.1931	-0.0045	142.3523
-0.0031	69.8409	-16.1951	-0.0045	142.3614
-0.0031	69.8409	-16.1971	-0.0045	142.3705
-0.0031	69.8409	-16.199	-0.0045	142.3795
-0.0031	69.8409	-16.201	-0.0045	142.3886
-0.0031	69.8409	-16.2029	-0.0045	142.3977
-0.0031	69.8409	-16.2049	-0.0045	142.4067
-0.0031	69.8409	-16.2068	-0.0045	142.4158
-0.0031	69.8409	-16.2088	-0.0045	142.4249
-0.0031	69.8409	-16.2107	-0.0045	142.4339
-0.0031	69.8409	-16.2127	-0.0045	142.443
-0.0031	69.8409	-16.2147	-0.0045	142.4521
-0.0031	69.8409	-16.2166	-0.0045	142.4611
-0.0031	69.8409	-16.2186	-0.0045	142.4702
-0.0031	69.8409	-16.2205	-0.0045	142.4792
-0.0031	69.8409	-16.2225	-0.0045	142.4883
-0.0031	69.8409	-16.2244	-0.0045	142.4974
-0.0031	69.8409	-16.2264	-0.0045	142.5064
-0.0031	69.8409	-16.2283	-0.0045	142.5155
-0.0031	69.8409	-16.2303	-0.0045	142.5245
-0.0031	69.8409	-16.2322	-0.0045	142.5336
-0.0031	69.8409	-16.2342	-0.0045	142.5426
-0.0031	69.8409	-16.2361	-0.0045	142.5517
-0.0031	69.8409	-16.2381	-0.0045	142.5607
-0.0031	69.8409	-16.2401	-0.0045	142.5698
-0.0031	69.8409	-16.242	-0.0045	142.5788
-0.0031	69.8409	-16.244	-0.0045	142.5879
-0.0031	69.8409	-16.2459	-0.0045	142.5969
-0.0031	69.8409	-16.2479	-0.0045	142.606
-0.0031	69.8409	-16.2498	-0.0045	142.615
-0.0031	69.8409	-16.2518	-0.0045	142.6241
-0.0031	69.8409	-16.2537	-0.0045	142.6331
-0.0031	69.8409	-16.2557	-0.0045	142.6421
-0.0031	69.8409	-16.2576	-0.0045	142.6512
-0.0031	69.8409	-16.2596	-0.0045	142.6602
-0.0031	69.8409	-16.2615	-0.0045	142.6693
-0.0031	69.8409	-16.2635	-0.0045	142.6783
-0.0031	69.8409	-16.2654	-0.0045	142.6873
-0.0031	69.8409	-16.2674	-0.0045	142.6964
-0.0031	69.8409	-16.2693	-0.0045	142.7054
-0.0031	69.8409	-16.2713	-0.0045	142.7144
-0.0031	69.8409	-16.2732	-0.0045	142.7235
-0.0031	69.8409	-16.2752	-0.0045	142.7325
-0.0031	69.8409	-16.2771	-0.0045	142.7415
-0.0031	69.8409	-16.279	-0.0045	142.7506
-0.0031	69.8409	-16.281	-0.0045	142.7596
-0.0031	69.8409	-16.2829	-0.0045	142.7686
-0.0031	69.8409	-16.2849	-0.0045	142.7776
-0.0031	69.8409	-16.2868	-0.0045	142.7867
-0.0031	69.8409	-16.2888	-0.0045	142.7957
-0.0031	69.8409	-16.2907	-0.0045	142.8047
-0.0031	69.8409	-16.2927	-0.0045	142.8137
-0.0031	69.8409	-16.2946	-0.0045	142.8227
-0.0031	69.8409	-16.2966	-0.0045	142.8318
-0.0031	69.8409	-16.2985	-0.0045	142.8408
-0.0031	69.8409	-16.3005	-0.0045	142.8498
-0.0031	69.8409	-16.3024	-0.0045	142.8588
-0.0031	69.8409	-16.3043	-0.0045	142.8678
-0.0031	69.8409	-16.3063	-0.0045	142.8768
-0.0031	69.8409	-16.3082	-0.0045	142.8858
-0.0031	69.8409	-16.3102	-0.0045	142.8948
-0.0031	69.8409	-16.3121	-0.0045	142.9039
-0.0031	69.8409	-16.3141	-0.0045	142.9129
-0.0031	69.8409	-16.316	-0.0045	142.9219
-0.0031	69.8409	-16.3179	-0.0045	142.9309
-0.0031	69.8409	-16.3199	-0.0045	142.9399
-0.0031	69.8409	-16.3218	-0.0045	142.9489
-0.0031	69.8409	-16.3238	-0.0045	142.9579
-0.0031	69.8409	-16.3257	-0.0045	142.9669
-0.0031	69.8409	-16.3277	-0.0045	142.9759
-0.0031	69.8409	-16.3296	-0.0045	142.9849
-0.0031	69.8409	-16.3315	-0.0045	142.9939
-0.0031	69.8409	-16.3335	-0.0045	143.0029
-0.0031	69.8409	-16.3354	-0.0045	143.0119
-0.0031	69.8409	-16.3374	-0.0045	143.0209
-0.0031	69.8409	-16.3393	-0.0045	143.0299
-0.0031	69.8409	-16.3412	-0.0045	143.0389
-0.0031	69.8409	-16.3432	-0.0045	143.0478
-0.0031	69.8409	-16.3451	-0.0045	143.0568
-0.0031	69.8409	-16.3471	-0.0045	143.0658
-0.0031	69.8409	-16.349	-0.0045	143.0748
-0.0031	69.8409	-16.3509	-0.0045	143.0838
-0.0031	69.8409	-16.3529	-0.0045	143.0928
-0.0031	69.8409	-16.3548	-0.0045	143.1018
-0.0031	69.8409	-16.3567	-0.0045	143.1108
-0.0031	69.8409	-16.3587	-0.0045	143.1197
-0.0031	69.8409	-16.3606	-0.0045	143.1287
-0.0031	69.8409	-16.3626	-0.0045	143.1377
-0.0031	69.8409	-16.3645	-0.0045	143.1467
-0.0031	69.8409	-16.3664	-0.0045	143.1557
-0.0031	69.8409	-16.3684	-0.0045	143.1646
-0.0031	69.8409	-16.3703	-0.0045	143.1736
-0.0031	69.8409	-16.3722	-0.0045	143.1826
-0.0031	69.8409	-16.3742	-0.0045	143.1915
-0.0031	69.8409	-16.3761	-0.0045	143.2005
-0.0031	69.8409	-16.378	-0.0045	143.2095
-0.0031	69.8409	-16.38	-0.0045	143.2185
-0.0031	69.8409	-16.3819	-0.0045	143.2274
-0.0031	69.8409	-16.3838	-0.0045	143.2364
-0.0031	69.8409	-16.3858	-0.0045	143.2454
-0.0031	69.8409	-16.3877	-0.0045	143.2543
-0.0031	69.8409	-16.3897	-0.0045	143.2633
-0.0031	69.8409	-16.3916	-0.0045	143.2722
-0.0031	69.8409	-16.3935	-0.0045	143.2812
-0.0031	69.8409	-16.3954	-0.0045	143.2902
-0.0031	69.8409	-16.3974	-0.0045	143.2991
-0.0031	69.8409	-16.3993	-0.0045	143.3081
-0.0031	69.8409	-16.4012	-0.0045	143.317
-0.0031	69.8409	-16.4032	-0.0045	143.326
-0.0031	69.8409	-16.4051	-0.0045	143.335
-0.0031	69.8409	-16.407	-0.0045	143.3439
-0.0031	69.8409	-16.409	-0.0045	143.3529
-0.0031	69.8409	-16.4109	-0.0045	143.3618
-0.0031	69.8409	-16.4128	-0.0045	143.3708
-0.0031	69.8409	-16.4148	-0.0045	143.3797
-0.0031	69.8409	-16.4167	-0.0045	143.3886
-0.0031	69.8409	-16.4186	-0.0045	143.3976
-0.0031	69.8409	-16.4206	-0.0045	143.4065
-0.0031	69.8409	-16.4225	-0.0045	143.4155
-0.0031	69.8409	-16.4244	-0.0045	143.4244
-0.0031	69.8409	-16.4263	-0.0045	143.4334
-0.0031	69.8409	-16.4283	-0.0045	143.4423
-0.0031	69.8409	-16.4302	-0.0045	143.4512
-0.0031	69.8409	-16.4321	-0.0045	143.4602
-0.0031	69.8409	-16.434	-0.0045	143.4691
-0.0031	69.8409	-16.436	-0.0045	143.478
-0.0031	69.8409	-16.4379	-0.0045	143.487
-0.0031	69.8409	-16.4398	-0.0045	143.4959
-0.0031	69.8409	-16.4418	-0.0045	143.5048
-0.0031	69.8409	-16.4437	-0.0045	143.5138
-0.0031	69.8409	-16.4456	-0.0045	143.5227
-0.0031	69.8409	-16.4475	-0.0045	143.5316
-0.0031	69.8409	-16.4495	-0.0045	143.5406
-0.0031	69.8409	-16.4514	-0.0045	143.5495
-0.0031	69.8409	-16.4533	-0.0045	143.5584
-0.0031	69.8409	-16.4552	-0.0045	143.5673
-0.0031	69.8409	-16.4572	-0.0045	143.5762
-0.0031	69.8409	-16.4591	-0.0045	143.5852
-0.0031	69.8409	-16.461	-0.0045	143.5941
-0.0031	69.8409	-16.4629	-0.0045	143.603
-0.0031	69.8409	-16.4649	-0.0045	143.6119
-0.0031	69.8409	-16.4668	-0.0045	143.6208
-0.0031	69.8409	-16.4687	-0.0045	143.6297
-0.0031	69.8409	-16.4706	-0.0045	143.6387
-0.0031	69.8409	-16.4725	-0.0045	143.6476
-0.0031	69.8409	-16.4745	-0.0045	143.6565
-0.0031	69.8409	-16.4764	-0.0045	143.6654
-0.0031	69.8409	-16.4783	-0.0045	143.6743
-0.0031	69.8409	-16.4802	-0.0045	143.6832
-0.0031	69.8409	-16.4822	-0.0045	143.6921
-0.0031	69.8409	-16.4841	-0.0045	143.701
-0.0031	69.8409	-16.486	-0.0045	143.7099
-0.0031	69.8409	-16.4879	-0.0045	143.7188
-0.0031	69.8409	-16.4898	-0.0045	143.7277
-0.0031	69.8409	-16.4918	-0.0045	143.7366
-0.0031	69.8409	-16.4937	-0.0045	143.7455
-0.0031	69.8409	-16.4956	-0.0045	143.7544
-0.0031	69.8409	-16.4975	-0.0045	143.7633
-0.0031	69.8409	-16.4994	-0.0045	143.7722
-0.0031	69.8409	-16.5013	-0.0045	143.7811
-0.0031	69.8409	-16.5033	-0.0045	143.79
-0.0031	69.8409	-16.5052	-0.0045	143.7989
-0.0031	69.8409	-16.5071	-0.0045	143.8077
-0.0031	69.8409	-16.509	-0.0045	143.8166
-0.0031	69.8409	-16.5109	-0.0045	143.8255
-0.0031	69.8409	-16.5128	-0.0045	143.8344
-0.0031	69.8409	-16.5148	-0.0045	143.8433
-0.0031	69.8409	-16.5167	-0.0045	143.8522
-0.0031	69.8409	-16.5186	-0.0045	143.861
-0.0031	69.8409	-16.5205	-0.0045	143.8699
-0.0031	69.8409	-16.5224	-0.0045	143.8788
-0.0031	69.8409	-16.5243	-0.0045	143.8877
-0.0031	69.8409	-16.5263	-0.0045	143.8966
-0.0031	69.8409	-16.5282	-0.0045	143.9054
-0.0031	69.8409	-16.5301	-0.0045	143.9143
-0.0031	69.8409	-16.532	-0.0045	143.9232
-0.0031	69.8409	-16.5339	-0.0045	143.932
-0.0031	69.8409	-16.5358	-0.0045	143.9409
-0.0031	69.8409	-16.5377	-0.0045	143.9498
-0.0031	69.8409	-16.5396	-0.0045	143.9586
-0.0031	69.8409	-16.5416	-0.0045	143.9675
-0.0031	69.8409	-16.5435	-0.0045	143.9764
-0.0031	69.8409	-16.5454	-0.0045	143.9852
-0.0031	69.8409	-16.5473	-0.0045	143.9941
-0.0031	69.8409	-16.5492	-0.0045	144.0029
-0.0031	69.8409	-16.5511	-0.0045	144.0118
-0.0031	69.8409	-16.553	-0.0045	144.0207
-0.0031	69.8409	-16.5549	-0.0045	144.0295
-0.0031	69.8409	-16.5568	-0.0045	144.0384
-0.0031	69.8409	-16.5588	-0.0045	144.0472
-0.0031	69.8409	-16.5607	-0.0045	144.0561
-0.0031	69.8409	-16.5626	-0.0045	144.0649
-0.0031	69.8409	-16.5645	-0.0045	144.0738
-0.0031	69.8409	-16.5664	-0.0045	144.0826
-0.0031	69.8409	-16.5683	-0.0045	144.0915
-0.0031	69.8409	-16.5702	-0.0045	144.1003
-0.0031	69.8409	-16.5721	-0.0045	144.1092
-0.0031	69.8409	-16.574	-0.0045	144.118
-0.0031	69.8409	-16.5759	-0.0045	144.1268
-0.0031	69.8409	-16.5778	-0.0045	144.1357
-0.0031	69.8409	-16.5797	-0.0045	144.1445
-0.0031	69.8409	-16.5817	-0.0045	144.1534
-0.0031	69.8409	-16.5836	-0.0045	144.1622
-0.0031	69.8409	-16.5855	-0.0045	144.171
-0.0031	69.8409	-16.5874	-0.0045	144.1799
-0.0031	69.8409	-16.5893	-0.0045	144.1887
-0.0031	69.8409	-16.5912	-0.0045	144.1975
-0.0031	69.8409	-16.5931	-0.0045	144.2063
-0.0031	69.8409	-16.595	-0.0045	144.2152
-0.0031	69.8409	-16.5969	-0.0045	144.224
-0.0031	69.8409	-16.5988	-0.0045	144.2328
-0.0031	69.8409	-16.6007	-0.0045	144.2417
-0.0031	69.8409	-16.6026	-0.0045	144.2505
-0.0031	69.8409	-16.6045	-0.0045	144.2593
-0.0031	69.8409	-16.6064	-0.0045	144.2681
-0.0031	69.8409	-16.6083	-0.0045	144.2769
-0.0031	69.8409	-16.6102	-0.0045	144.2857
-0.0031	69.8409	-16.6121	-0.0045	144.2946
-0.0031	69.8409	-16.614	-0.0045	144.3034
-0.0031	69.8409	-16.6159	-0.0045	144.3122
-0.0031	69.8409	-16.6178	-0.0045	144.321
-0.0031	69.8409	-16.6197	-0.0045	144.3298
-0.0031	69.8409	-16.6216	-0.0045	144.3386
-0.0031	69.8409	-16.6235	-0.0045	144.3474
-0.0031	69.8409	-16.6254	-0.0045	144.3562
-0.0031	69.8409	-16.6273	-0.0045	144.365
-0.0031	69.8409	-16.6292	-0.0045	144.3738
-0.0031	69.8409	-16.6311	-0.0045	144.3826
-0.0031	69.8409	-16.633	-0.0045	144.3914
-0.0031	69.8409	-16.6349	-0.0045	144.4002
-0.0031	69.8409	-16.6368	-0.0045	144.409
-0.0031	69.8409	-16.6387	-0.0045	144.4178
-0.0031	69.8409	-16.6406	-0.0045	144.4266
-0.0031	69.8409	-16.6425	-0.0045	144.4354
-0.0031	69.8409	-16.6444	-0.0045	144.4442
-0.0031	69.8409	-16.6463	-0.0045	144.453
-0.0031	69.8409	-16.6482	-0.0045	144.4618
-0.0031	69.8409	-16.6501	-0.0045	144.4706
-0.0031	69.8409	-16.652	-0.0045	144.4794
-0.0031	69.8409	-16.6539	-0.0045	144.4881
-0.0031	69.8409	-16.6558	-0.0045	144.4969
-0.0031	69.8409	-16.6577	-0.0045	144.5057
-0.0031	69.8409	-16.6596	-0.0045	144.5145
-0.0031	69.8409	-16.6614	-0.0045	144.5233
-0.0031	69.8409	-16.6633	-0.0045	144.532
-0.0031	69.8409	-16.6652	-0.0045	144.5408
-0.0031	69.8409	-16.6671	-0.0045	144.5496
-0.0031	69.8409	-16.669	-0.0045	144.5584
-0.0031	69.8409	-16.6709	-0.0045	144.5671
-0.0031	69.8409	-16.6728	-0.0045	144.5759
-0.0031	69.8409	-16.6747	-0.0045	144.5847
-0.0031	69.8409	-16.6766	-0.0045	144.5934
-0.0031	69.8409	-16.6785	-0.0045	144.6022
-0.0031	69.8409	-16.6804	-0.0045	144.611
-0.0031	69.8409	-16.6823	-0.0045	144.6197
-0.0031	69.8409	-16.6841	-0.0045	144.6285
-0.0031	69.8409	-16.686	-0.0045	144.6373
-0.0031	69.8409	-16.6879	-0.0045	144.646
-0.0031	69.8409	-16.6898	-0.0045	144.6548
-0.0031	69.8409	-16.6917	-0.0045	144.6635
-0.0031	69.8409	-16.6936	-0.0045	144.6723
-0.0031	69.8409	-16.6955	-0.0045	144.681
-0.0031	69.8409	-16.6974	-0.0045	144.6898
-0.0031	69.8409	-16.6993	-0.0045	144.6985
-0.0031	69.8409	-16.7011	-0.0045	144.7073
-0.0031	69.8409	-16.703	-0.0045	144.716
-0.0031	69.8409	-16.7049	-0.0045	144.7248
-0.0031	69.8409	-16.7068	-0.0045	144.7335
-0.0031	69.8409	-16.7087	-0.0045	144.7423
-0.0031	69.8409	-16.7106	-0.0045	144.751
-0.0031	69.8409	-16.7125	-0.0045	144.7598
-0.0031	69.8409	-16.7143	-0.0045	144.7685
-0.0031	69.8409	-16.7162	-0.0045	144.7772
-0.0031	69.8409	-16.7181	-0.0045	144.786
-0.0031	69.8409	-16.72	-0.0045	144.7947
-0.0031	69.8409	-16.7219	-0.0045	144.8034
-0.0031	69.8409	-16.7238	-0.0045	144.8122
-0.0031	69.8409	-16.7257	-0.0045	144.8209
-0.0031	69.8409	-16.7275	-0.0045	144.8296
-0.0031	69.8409	-16.7294	-0.0045	144.8384
-0.0031	69.8409	-16.7313	-0.0045	144.8471
-0.0031	69.8409	-16.7332	-0.0045	144.8558
-0.0031	69.8409	-16.7351	-0.0045	144.8645
-0.0031	69.8409	-16.7369	-0.0045	144.8733
-0.0031	69.8409	-16.7388	-0.0045	144.882
-0.0031	69.8409	-16.7407	-0.0045	144.8907
-0.0031	69.8409	-16.7426	-0.0045	144.8994
-0.0031	69.8409	-16.7445	-0.0045	144.9081
-0.0031	69.8409	-16.7463	-0.0045	144.9168
-0.0031	69.8409	-16.7482	-0.0045	144.9255
-0.0031	69.8409	-16.7501	-0.0045	144.9343
-0.0031	69.8409	-16.752	-0.0045	144.943
-0.0031	69.8409	-16.7539	-0.0045	144.9517
-0.0031	69.8409	-16.7557	-0.0045	144.9604
-0.0031	69.8409	-16.7576	-0.0045	144.9691
-0.0031	69.8409	-16.7595	-0.0045	144.9778
-0.0031	69.8409	-16.7614	-0.0045	144.9865
-0.0031	69.8409	-16.7632	-0.0045	144.9952
-0.0031	69.8409	-16.7651	-0.0045	145.0039
-0.0031	69.8409	-16.767	-0.0045	145.0126
-0.0031	69.8409	-16.7689	-0.0045	145.0213
-0.0031	69.8409	-16.7708	-0.0045	145.03
-0.0031	69.8409	-16.7726	-0.0045	145.0387
-0.0031	69.8409	-16.7745	-0.0045	145.0474
-0.0031	69.8409	-16.7764	-0.0045	145.0561
-0.0031	69.8409	-16.7782	-0.0045	145.0647
-0.0031	69.8409	-16.7801	-0.0045	145.0734
-0.0031	69.8409	-16.782	-0.0045	145.0821
-0.0031	69.8409	-16.7839	-0.0045	145.0908
-0.0031	69.8409	-16.7857	-0.0045	145.0995
-0.0031	69.8409	-16.7876	-0.0045	145.1082
-0.0031	69.8409	-16.7895	-0.0045	145.1168
-0.0031	69.8409	-16.7914	-0.0045	145.1255
-0.0031	69.8409	-16.7932	-0.0045	145.1342
-0.0031	69.8409	-16.7951	-0.0045	145.1429
-0.0031	69.8409	-16.797	-0.0045	145.1515
-0.0031	69.8409	-16.7988	-0.0045	145.1602
-0.0031	69.8409	-16.8007	-0.0045	145.1689
-0.0031	69.8409	-16.8026	-0.0045	145.1776
-0.0031	69.8409	-16.8045	-0.0045	145.1862
-0.0031	69.8409	-16.8063	-0.0045	145.1949
-0.0031	69.8409	-16.8082	-0.0045	145.2035
-0.0031	69.8409	-16.8101	-0.0045	145.2122
-0.0031	69.8409	-16.8119	-0.0045	145.2209
-0.0031	69.8409	-16.8138	-0.0045	145.2295
-0.0031	69.8409	-16.8157	-0.0045	145.2382
-0.0031	69.8409	-16.8175	-0.0045	145.2468
-0.0031	69.8409	-16.8194	-0.0045	145.2555
-0.0031	69.8409	-16.8213	-0.0045	145.2642
-0.0031	69.8409	-16.8231	-0.0045	145.2728
-0.0031	69.8409	-16.825	-0.0045	145.2815
-0.0031	69.8409	-16.8269	-0.0045	145.2901
-0.0031	69.8409	-16.8287	-0.0045	145.2988
-0.0031	69.8409	-16.8306	-0.0045	145.3074
-0.0031	69.8409	-16.8325	-0.0045	145.316
-0.0031	69.8409	-16.8343	-0.0045	145.3247
-0.0031	69.8409	-16.8362	-0.0045	145.3333
-0.0031	69.8409	-16.8381	-0.0045	145.342
-0.0031	69.8409	-16.8399	-0.0045	145.3506
-0.0031	69.8409	-16.8418	-0.0045	145.3592
-0.0031	69.8409	-16.8436	-0.0045	145.3679
-0.0031	69.8409	-16.8455	-0.0045	145.3765
-0.0031	69.8409	-16.8474	-0.0045	145.3851
-0.0031	69.8409	-16.8492	-0.0045	145.3938
-0.0031	69.8409	-16.8511	-0.0045	145.4024
-0.0031	69.8409	-16.8529	-0.0045	145.411
-0.0031	69.8409	-16.8548	-0.0045	145.4196
-0.0031	69.8409	-16.8567	-0.0045	145.4283
-0.0031	69.8409	-16.8585	-0.0045	145.4369
-0.0031	69.8409	-16.8604	-0.0045	145.4455
-0.0031	69.8409	-16.8622	-0.0045	145.4541
-0.0031	69.8409	-16.8641	-0.0045	145.4627
-0.0031	69.8409	-16.866	-0.0045	145.4714
-0.0031	69.8409	-16.8678	-0.0045	145.48
-0.0031	69.8409	-16.8697	-0.0045	145.4886
-0.0031	69.8409	-16.8715	-0.0045	145.4972
-0.0031	69.8409	-16.8734	-0.0045	145.5058
-0.0031	69.8409	-16.8753	-0.0045	145.5144
-0.0031	69.8409	-16.8771	-0.0045	145.523
-0.0031	69.8409	-16.879	-0.0045	145.5316
-0.0031	69.8409	-16.8808	-0.0045	145.5402
-0.0031	69.8409	-16.8827	-0.0045	145.5488
-0.0031	69.8409	-16.8845	-0.0045	145.5574
-0.0031	69.8409	-16.8864	-0.0045	145.566
-0.0031	69.8409	-16.8882	-0.0045	145.5746
-0.0031	69.8409	-16.8901	-0.0045	145.5832
-0.0031	69.8409	-16.8919	-0.0045	145.5918
-0.0031	69.8409	-16.8938	-0.0045	145.6004
-0.0031	69.8409	-16.8957	-0.0045	145.609
-0.0031	69.8409	-16.8975	-0.0045	145.6176
-0.0031	69.8409	-16.8994	-0.0045	145.6262
-0.0031	69.8409	-16.9012	-0.0045	145.6348
-0.0031	69.8409	-16.9031	-0.0045	145.6433
-0.0031	69.8409	-16.9049	-0.0045	145.6519
-0.0031	69.8409	-16.9068	-0.0045	145.6605
-0.0031	69.8409	-16.9086	-0.0045	145.6691
-0.0031	69.8409	-16.9105	-0.0045	145.6777
-0.0031	69.8409	-16.9123	-0.0045	145.6862
-0.0031	69.8409	-16.9142	-0.0045	145.6948
-0.0031	69.8409	-16.916	-0.0045	145.7034
-0.0031	69.8409	-16.9179	-0.0045	145.712
-0.0031	69.8409	-16.9197	-0.0045	145.7205
-0.0031	69.8409	-16.9216	-0.0045	145.7291
-0.0031	69.8409	-16.9234	-0.0045	145.7377
-0.0031	69.8409	-16.9253	-0.0045	145.7462
-0.0031	69.8409	-16.9271	-0.0045	145.7548
-0.0031	69.8409	-16.9289	-0.0045	145.7633
-0.0031	69.8409	-16.9308	-0.0045	145.7719
-0.0031	69.8409	-16.9326	-0.0045	145.7805
-0.0031	69.8409	-16.9345	-0.0045	145.789
-0.0031	69.8409	-16.9363	-0.0045	145.7976
-0.0031	69.8409	-16.9382	-0.0045	145.8061
-0.0031	69.8409	-16.94	-0.0045	145.8147
-0.0031	69.8409	-16.9419	-0.0045	145.8232
-0.0031	69.8409	-16.9437	-0.0045	145.8318
-0.0031	69.8409	-16.9456	-0.0045	145.8403
-0.0031	69.8409	-16.9474	-0.0045	145.8489
-0.0031	69.8409	-16.9492	-0.0045	145.8574
-0.0031	69.8409	-16.9511	-0.0045	145.866
-0.0031	69.8409	-16.9529	-0.0045	145.8745
-0.0031	69.8409	-16.9548	-0.0045	145.883
-0.0031	69.8409	-16.9566	-0.0045	145.8916
-0.0031	69.8409	-16.9584	-0.0045	145.9001
-0.0031	69.8409	-16.9603	-0.0045	145.9086
-0.0031	69.8409	-16.9621	-0.0045	145.9172
-0.0031	69.8409	-16.964	-0.0045	145.9257
-0.0031	69.8409	-16.9658	-0.0045	145.9342
-0.0031	69.8409	-16.9676	-0.0045	145.9428
-0.0031	69.8409	-16.9695	-0.0045	145.9513
-0.0031	69.8409	-16.9713	-0.0045	145.9598
-0.0031	69.8409	-16.9732	-0.0045	145.9683
-0.0031	69.8409	-16.975	-0.0045	145.9768
-0.0031	69.8409	-16.9768	-0.0045	145.9854
-0.0031	69.8409	-16.9787	-0.0045	145.9939
-0.0031	69.8409	-16.9805	-0.0045	146.0024
-0.0031	69.8409	-16.9824	-0.0045	146.0109
-0.0031	69.8409	-16.9842	-0.0045	146.0194
-0.0031	69.8409	-16.986	-0.0045	146.0279
-0.0031	69.8409	-16.9879	-0.0045	146.0364
-0.0031	69.8409	-16.9897	-0.0045	146.0449
-0.0031	69.8409	-16.9915	-0.0045	146.0534
-0.0031	69.8409	-16.9934	-0.0045	146.0619
-0.0031	69.8409	-16.9952	-0.0045	146.0704
-0.0031	69.8409	-16.997	-0.0045	146.0789
-0.0031	69.8409	-16.9989	-0.0045	146.0874
-0.0031	69.8409	-17.0007	-0.0045	146.0959
-0.0031	69.8409	-17.0025	-0.0045	146.1044
-0.0031	69.8409	-17.0044	-0.0045	146.1129
-0.0031	69.8409	-17.0062	-0.0045	146.1214
-0.0031	69.8409	-17.008	-0.0045	146.1299
-0.0031	69.8409	-17.0099	-0.0045	146.1384
-0.0031	69.8409	-17.0117	-0.0045	146.1469
-0.0031	69.8409	-17.0135	-0.0045	146.1554
-0.0031	69.8409	-17.0153	-0.0045	146.1638
-0.0031	69.8409	-17.0172	-0.0045	146.1723
-0.0031	69.8409	-17.019	-0.0045	146.1808
-0.0031	69.8409	-17.0208	-0.0045	146.1893
-0.0031	69.8409	-17.0227	-0.0045	146.1978
-0.0031	69.8409	-17.0245	-0.0045	146.2062
-0.0031	69.8409	-17.0263	-0.0045	146.2147
-0.0031	69.8409	-17.0281	-0.0045	146.2232
-0.0031	69.8409	-17.03	-0.0045	146.2316
-0.0031	69.8409	-17.0318	-0.0045	146.2401
-0.0031	69.8409	-17.0336	-0.0045	146.2486
-0.0031	69.8409	-17.0354	-0.0045	146.257
-0.0031	69.8409	-17.0373	-0.0045	146.2655
-0.0031	69.8409	-17.0391	-0.0045	146.274
-0.0031	69.8409	-17.0409	-0.0045	146.2824
-0.0031	69.8409	-17.0427	-0.0045	146.2909
-0.0031	69.8409	-17.0446	-0.0045	146.2993
-0.0031	69.8409	-17.0464	-0.0045	146.3078
-0.0031	69.8409	-17.0482	-0.0045	146.3162
-0.0031	69.8409	-17.05	-0.0045	146.3247
-0.0031	69.8409	-17.0519	-0.0045	146.3331
-0.0031	69.8409	-17.0537	-0.0045	146.3416
-0.0031	69.8409	-17.0555	-0.0045	146.35
-0.0031	69.8409	-17.0573	-0.0045	146.3585
-0.0031	69.8409	-17.0591	-0.0045	146.3669
-0.0031	69.8409	-17.061	-0.0045	146.3754
-0.0031	69.8409	-17.0628	-0.0045	146.3838
-0.0031	69.8409	-17.0646	-0.0045	146.3922
-0.0031	69.8409	-17.0664	-0.0045	146.4007
-0.0031	69.8409	-17.0682	-0.0045	146.4091
-0.0031	69.8409	-17.0701	-0.0045	146.4175
-0.0031	69.8409	-17.0719	-0.0045	146.426
-0.0031	69.8409	-17.0737	-0.0045	146.4344
-0.0031	69.8409	-17.0755	-0.0045	146.4428
-0.0031	69.8409	-17.0773	-0.0045	146.4512
-0.0031	69.8409	-17.0792	-0.0045	146.4597
-0.0031	69.8409	-17.081	-0.0045	146.4681
-0.0031	69.8409	-17.0828	-0.0045	146.4765
-0.0031	69.8409	-17.0846	-0.0045	146.4849
-0.0031	69.8409	-17.0864	-0.0045	146.4933
-0.0031	69.8409	-17.0882	-0.0045	146.5017
-0.0031	69.8409	-17.09	-0.0045	146.5102
-0.0031	69.8409	-17.0919	-0.0045	146.5186
-0.0031	69.8409	-17.0937	-0.0045	146.527
-0.0031	69.8409	-17.0955	-0.0045	146.5354
-0.0031	69.8409	-17.0973	-0.0045	146.5438
-0.0031	69.8409	-17.0991	-0.0045	146.5522
-0.0031	69.8409	-17.1009	-0.0045	146.5606
-0.0031	69.8409	-17.1027	-0.0045	146.569
-0.0031	69.8409	-17.1045	-0.0045	146.5774
-0.0031	69.8409	-17.1064	-0.0045	146.5858
-0.0031	69.8409	-17.1082	-0.0045	146.5942
-0.0031	69.8409	-17.11	-0.0045	146.6026
-0.0031	69.8409	-17.1118	-0.0045	146.6109
-0.0031	69.8409	-17.1136	-0.0045	146.6193
-0.0031	69.8409	-17.1154	-0.0045	146.6277
-0.0031	69.8409	-17.1172	-0.0045	146.6361
-0.0031	69.8409	-17.119	-0.0045	146.6445
-0.0031	69.8409	-17.1208	-0.0045	146.6529
-0.0031	69.8409	-17.1226	-0.0045	146.6613
-0.0031	69.8409	-17.1244	-0.0045	146.6696
-0.0031	69.8409	-17.1263	-0.0045	146.678
-0.0031	69.8409	-17.1281	-0.0045	146.6864
-0.0031	69.8409	-17.1299	-0.0045	146.6948
-0.0031	69.8409	-17.1317	-0.0045	146.7031
-0.0031	69.8409	-17.1335	-0.0045	146.7115
-0.0031	69.8409	-17.1353	-0.0045	146.7199
-0.0031	69.8409	-17.1371	-0.0045	146.7282
-0.0031	69.8409	-17.1389	-0.0045	146.7366
-0.0031	69.8409	-17.1407	-0.0045	146.7449
-0.0031	69.8409	-17.1425	-0.0045	146.7533
-0.0031	69.8409	-17.1443	-0.0045	146.7617
-0.0031	69.8409	-17.1461	-0.0045	146.77
-0.0031	69.8409	-17.1479	-0.0045	146.7784
-0.0031	69.8409	-17.1497	-0.0045	146.7867
-0.0031	69.8409	-17.1515	-0.0045	146.7951
-0.0031	69.8409	-17.1533	-0.0045	146.8034
-0.0031	69.8409	-17.1551	-0.0045	146.8118
-0.0031	69.8409	-17.1569	-0.0045	146.8201
-0.0031	69.8409	-17.1587	-0.0045	146.8285
-0.0031	69.8409	-17.1605	-0.0045	146.8368
-0.0031	69.8409	-17.1623	-0.0045	146.8451
-0.0031	69.8409	-17.1641	-0.0045	146.8535
-0.0031	69.8409	-17.1659	-0.0045	146.8618
-0.0031	69.8409	-17.1677	-0.0045	146.8702
-0.0031	69.8409	-17.1695	-0.0045	146.8785
-0.0031	69.8409	-17.1713	-0.0045	146.8868
-0.0031	69.8409	-17.1731	-0.0045	146.8951
-0.0031	69.8409	-17.1749	-0.0045	146.9035
-0.0031	69.8409	-17.1767	-0.0045	146.9118
-0.0031	69.8409	-17.1785	-0.0045	146.9201
-0.0031	69.8409	-17.1803	-0.0045	146.9284
-0.0031	69.8409	-17.1821	-0.0045	146.9368
-0.0031	69.8409	-17.1839	-0.0045	146.9451
-0.0031	69.8409	-17.1857	-0.0045	146.9534
-0.0031	69.8409	-17.1875	-0.0045	146.9617
-0.0031	69.8409	-17.1892	-0.0045	146.97
-0.0031	69.8409	-17.191	-0.0045	146.9783
-0.0031	69.8409	-17.1928	-0.0045	146.9866
-0.0031	69.8409	-17.1946	-0.0045	146.9949
-0.0031	69.8409	-17.1964	-0.0045	147.0032
-0.0031	69.8409	-17.1982	-0.0045	147.0116
-0.0031	69.8409	-17.2	-0.0045	147.0199
-0.0031	69.8409	-17.2018	-0.0045	147.0282
-0.0031	69.8409	-17.2036	-0.0045	147.0364
-0.0031	69.8409	-17.2054	-0.0045	147.0447
-0.0031	69.8409	-17.2072	-0.0045	147.053
-0.0031	69.8409	-17.2089	-0.0045	147.0613
-0.0031	69.8409	-17.2107	-0.0045	147.0696
-0.0031	69.8409	-17.2125	-0.0045	147.0779
-0.0031	69.8409	-17.2143	-0.0045	147.0862
-0.0031	69.8409	-17.2161	-0.0045	147.0945
-0.0031	69.8409	-17.2179	-0.0045	147.1028
-0.0031	69.8409	-17.2197	-0.0045	147.111
-0.0031	69.8409	-17.2215	-0.0045	147.1193
-0.0031	69.8409	-17.2232	-0.0045	147.1276
-0.0031	69.8409	-17.225	-0.0045	147.1359
-0.0031	69.8409	-17.2268	-0.0045	147.1441
-0.0031	69.8409	-17.2286	-0.0045	147.1524
-0.0031	69.8409	-17.2304	-0.0045	147.1607
-0.0031	69.8409	-17.2322	-0.0045	147.169
-0.0031	69.8409	-17.2339	-0.0045	147.1772
-0.0031	69.8409	-17.2357	-0.0045	147.1855
-0.0031	69.8409	-17.2375	-0.0045	147.1937
-0.0031	69.8409	-17.2393	-0.0045	147.202
-0.0031	69.8409	-17.2411	-0.0045	147.2103
-0.0031	69.8409	-17.2429	-0.0045	147.2185
-0.0031	69.8409	-17.2446	-0.0045	147.2268
-0.0031	69.8409	-17.2464	-0.0045	147.235
-0.0031	69.8409	-17.2482	-0.0045	147.2433
-0.0031	69.8409	-17.25	-0.0045	147.2515
-0.0031	69.8409	-17.2517	-0.0045	147.2598
-0.0031	69.8409	-17.2535	-0.0045	147.268
-0.0031	69.8409	-17.2553	-0.0045	147.2763
-0.0031	69.8409	-17.2571	-0.0045	147.2845
-0.0031	69.8409	-17.2589	-0.0045	147.2927
-0.0031	69.8409	-17.2606	-0.0045	147.301
-0.0031	69.8409	-17.2624	-0.0045	147.3092
-0.0031	69.8409	-17.2642	-0.0045	147.3174
-0.0031	69.8409	-17.266	-0.0045	147.3257
-0.0031	69.8409	-17.2677	-0.0045	147.3339
-0.0031	69.8409	-17.2695	-0.0045	147.3421
-0.0031	69.8409	-17.2713	-0.0045	147.3504
-0.0031	69.8409	-17.2731	-0.0045	147.3586
-0.0031	69.8409	-17.2748	-0.0045	147.3668
-0.0031	69.8409	-17.2766	-0.0045	147.375
-0.0031	69.8409	-17.2784	-0.0045	147.3832
-0.0031	69.8409	-17.2802	-0.0045	147.3915
-0.0031	69.8409	-17.2819	-0.0045	147.3997
-0.0031	69.8409	-17.2837	-0.0045	147.4079
-0.0031	69.8409	-17.2855	-0.0045	147.4161
-0.0031	69.8409	-17.2872	-0.0045	147.4243
-0.0031	69.8409	-17.289	-0.0045	147.4325
-0.0031	69.8409	-17.2908	-0.0045	147.4407
-0.0031	69.8409	-17.2926	-0.0045	147.4489
-0.0031	69.8409	-17.2943	-0.0045	147.4571
-0.0031	69.8409	-17.2961	-0.0045	147.4653
-0.0031	69.8409	-17.2979	-0.0045	147.4735
-0.0031	69.8409	-17.2996	-0.0045	147.4817
-0.0031	69.8409	-17.3014	-0.0045	147.4899
-0.0031	69.8409	-17.3032	-0.0045	147.4981
-0.0031	69.8409	-17.3049	-0.0045	147.5063
-0.0031	69.8409	-17.3067	-0.0045	147.5145
-0.0031	69.8409	-17.3085	-0.0045	147.5226
-0.0031	69.8409	-17.3102	-0.0045	147.5308
-0.0031	69.8409	-17.312	-0.0045	147.539
-0.0031	69.8409	-17.3138	-0.0045	147.5472
-0.0031	69.8409	-17.3155	-0.0045	147.5554
-0.0031	69.8409	-17.3173	-0.0045	147.5635
-0.0031	69.8409	-17.319	-0.0045	147.5717
-0.0031	69.8409	-17.3208	-0.0045	147.5799
-0.0031	69.8409	-17.3226	-0.0045	147.5881
-0.0031	69.8409	-17.3243	-0.0045	147.5962
-0.0031	69.8409	-17.3261	-0.0045	147.6044
-0.0031	69.8409	-17.3279	-0.0045	147.6126
-0.0031	69.8409	-17.3296	-0.0045	147.6207
-0.0031	69.8409	-17.3314	-0.0045	147.6289
-0.0031	69.8409	-17.3331	-0.0045	147.637
-0.0031	69.8409	-17.3349	-0.0045	147.6452
-0.0031	69.8409	-17.3366	-0.0045	147.6533
-0.0031	69.8409	-17.3384	-0.0045	147.6615
-0.0031	69.8409	-17.3402	-0.0045	147.6696
-0.0031	69.8409	-17.3419	-0.0045	147.6778
-0.0031	69.8409	-17.3437	-0.0045	147.6859
-0.0031	69.8409	-17.3454	-0.0045	147.6941
-0.0031	69.8409	-17.3472	-0.0045	147.7022
-0.0031	69.8409	-17.3489	-0.0045	147.7104
-0.0031	69.8409	-17.3507	-0.0045	147.7185
-0.0031	69.8409	-17.3525	-0.0045	147.7266
-0.0031	69.8409	-17.3542	-0.0045	147.7348
-0.0031	69.8409	-17.356	-0.0045	147.7429
-0.0031	69.8409	-17.3577	-0.0045	147.751
-0.0031	69.8409	-17.3595	-0.0045	147.7592
-0.0031	69.8409	-17.3612	-0.0045	147.7673
-0.0031	69.8409	-17.363	-0.0045	147.7754
-0.0031	69.8409	-17.3647	-0.0045	147.7835
-0.0031	69.8409	-17.3665	-0.0045	147.7917
-0.0031	69.8409	-17.3682	-0.0045	147.7998
-0.0031	69.8409	-17.37	-0.0045	147.8079
-0.0031	69.8409	-17.3717	-0.0045	147.816
-0.0031	69.8409	-17.3735	-0.0045	147.8241
-0.0031	69.8409	-17.3752	-0.0045	147.8322
-0.0031	69.8409	-17.377	-0.0045	147.8403
-0.0031	69.8409	-17.3787	-0.0045	147.8484
-0.0031	69.8409	-17.3805	-0.0045	147.8566
-0.0031	69.8409	-17.3822	-0.0045	147.8647
-0.0031	69.8409	-17.384	-0.0045	147.8728
-0.0031	69.8409	-17.3857	-0.0045	147.8809
-0.0031	69.8409	-17.3875	-0.0045	147.8889
-0.0031	69.8409	-17.3892	-0.0045	147.897
-0.0031	69.8409	-17.391	-0.0045	147.9051
-0.0031	69.8409	-17.3927	-0.0045	147.9132
-0.0031	69.8409	-17.3945	-0.0045	147.9213
-0.0031	69.8409	-17.3962	-0.0045	147.9294
-0.0031	69.8409	-17.3979	-0.0045	147.9375
-0.0031	69.8409	-17.3997	-0.0045	147.9456
-0.0031	69.8409	-17.4014	-0.0045	147.9536
-0.0031	69.8409	-17.4032	-0.0045	147.9617
-0.0031	69.8409	-17.4049	-0.0045	147.9698
-0.0031	69.8409	-17.4067	-0.0045	147.9779
-0.0031	69.8409	-17.4084	-0.0045	147.9859
-0.0031	69.8409	-17.4101	-0.0045	147.994
-0.0031	69.8409	-17.4119	-0.0045	148.0021
-0.0031	69.8409	-17.4136	-0.0045	148.0102
-0.0031	69.8409	-17.4154	-0.0045	148.0182
-0.0031	69.8409	-17.4171	-0.0045	148.0263
-0.0031	69.8409	-17.4188	-0.0045	148.0343
-0.0031	69.8409	-17.4206	-0.0045	148.0424
-0.0031	69.8409	-17.4223	-0.0045	148.0505
-0.0031	69.8409	-17.424	-0.0045	148.0585
-0.0031	69.8409	-17.4258	-0.0045	148.0666
-0.0031	69.8409	-17.4275	-0.0045	148.0746
-0.0031	69.8409	-17.4293	-0.0045	148.0827
-0.0031	69.8409	-17.431	-0.0045	148.0907
-0.0031	69.8409	-17.4327	-0.0045	148.0987
-0.0031	69.8409	-17.4345	-0.0045	148.1068
-0.0031	69.8409	-17.4362	-0.0045	148.1148
-0.0031	69.8409	-17.4379	-0.0045	148.1229
-0.0031	69.8409	-17.4397	-0.0045	148.1309
-0.0031	69.8409	-17.4414	-0.0045	148.1389
-0.0031	69.8409	-17.4431	-0.0045	148.147
-0.0031	69.8409	-17.4449	-0.0045	148.155
-0.0031	69.8409	-17.4466	-0.0045	148.163
-0.0031	69.8409	-17.4483	-0.0045	148.171
-0.0031	69.8409	-17.4501	-0.0045	148.1791
-0.0031	69.8409	-17.4518	-0.0045	148.1871
-0.0031	69.8409	-17.4535	-0.0045	148.1951
-0.0031	69.8409	-17.4552	-0.0045	148.2031
-0.0031	69.8409	-17.457	-0.0045	148.2111
-0.0031	69.8409	-17.4587	-0.0045	148.2192
-0.0031	69.8409	-17.4604	-0.0045	148.2272
-0.0031	69.8409	-17.4622	-0.0045	148.2352
-0.0031	69.8409	-17.4639	-0.0045	148.2432
-0.0031	69.8409	-17.4656	-0.0045	148.2512
-0.0031	69.8409	-17.4673	-0.0045	148.2592
-0.0031	69.8409	-17.4691	-0.0045	148.2672
-0.0031	69.8409	-17.4708	-0.0045	148.2752
-0.0031	69.8409	-17.4725	-0.0045	148.2832
-0.0031	69.8409	-17.4742	-0.0045	148.2912
-0.0031	69.8409	-17.476	-0.0045	148.2992
-0.0031	69.8409	-17.4777	-0.0045	148.3072
-0.0031	69.8409	-17.4794	-0.0045	148.3152
-0.0031	69.8409	-17.4811	-0.0045	148.3231
-0.0031	69.8409	-17.4829	-0.0045	148.3311
-0.0031	69.8409	-17.4846	-0.0045	148.3391
-0.0031	69.8409	-17.4863	-0.0045	148.3471
-0.0031	69.8409	-17.488	-0.0045	148.3551
-0.0031	69.8409	-17.4897	-0.0045	148.363
-0.0031	69.8409	-17.4915	-0.0045	148.371
-0.0031	69.8409	-17.4932	-0.0045	148.379
-0.0031	69.8409	-17.4949	-0.0045	148.3869
-0.0031	69.8409	-17.4966	-0.0045	148.3949
-0.0031	69.8409	-17.4983	-0.0045	148.4029
-0.0031	69.8409	-17.5001	-0.0045	148.4108
-0.0031	69.8409	-17.5018	-0.0045	148.4188
-0.0031	69.8409	-17.5035	-0.0045	148.4268
-0.0031	69.8409	-17.5052	-0.0045	148.4347
-0.0031	69.8409	-17.5069	-0.0045	148.4427
-0.0031	69.8409	-17.5086	-0.0045	148.4506
-0.0031	69.8409	-17.5103	-0.0045	148.4586
-0.0031	69.8409	-17.5121	-0.0045	148.4665
-0.0031	69.8409	-17.5138	-0.0045	148.4745
-0.0031	69.8409	-17.5155	-0.0045	148.4824
-0.0031	69.8409	-17.5172	-0.0045	148.4904
-0.0031	69.8409	-17.5189	-0.0045	148.4983
-0.0031	69.8409	-17.5206	-0.0045	148.5062
-0.0031	69.8409	-17.5223	-0.0045	148.5142
-0.0031	69.8409	-17.5241	-0.0045	148.5221
-0.0031	69.8409	-17.5258	-0.0045	148.53
-0.0031	69.8409	-17.5275	-0.0045	148.538
-0.0031	69.8409	-17.5292	-0.0045	148.5459
-0.0031	69.8409	-17.5309	-0.0045	148.5538
-0.0031	69.8409	-17.5326	-0.0045	148.5617
-0.0031	69.8409	-17.5343	-0.0045	148.5697
-0.0031	69.8409	-17.536	-0.0045	148.5776
-0.0031	69.8409	-17.5377	-0.0045	148.5855
-0.0031	69.8409	-17.5394	-0.0045	148.5934
-0.0031	69.8409	-17.5411	-0.0045	148.6013
-0.0031	69.8409	-17.5428	-0.0045	148.6092
-0.0031	69.8409	-17.5446	-0.0045	148.6171
-0.0031	69.8409	-17.5463	-0.0045	148.6251
-0.0031	69.8409	-17.548	-0.0045	148.633
-0.0031	69.8409	-17.5497	-0.0045	148.6409
-0.0031	69.8409	-17.5514	-0.0045	148.6488
-0.0031	69.8409	-17.5531	-0.0045	148.6567
-0.0031	69.8409	-17.5548	-0.0045	148.6646
-0.0031	69.8409	-17.5565	-0.0045	148.6724
-0.0031	69.8409	-17.5582	-0.0045	148.6803
-0.0031	69.8409	-17.5599	-0.0045	148.6882
-0.0031	69.8409	-17.5616	-0.0045	148.6961
-0.0031	69.8409	-17.5633	-0.0045	148.704
-0.0031	69.8409	-17.565	-0.0045	148.7119
-0.0031	69.8409	-17.5667	-0.0045	148.7198
-0.0031	69.8409	-17.5684	-0.0045	148.7276
-0.0031	69.8409	-17.5701	-0.0045	148.7355
-0.0031	69.8409	-17.5718	-0.0045	148.7434
-0.0031	69.8409	-17.5735	-0.0045	148.7513
-0.0031	69.8409	-17.5752	-0.0045	148.7591
-0.0031	69.8409	-17.5769	-0.0045	148.767
-0.0031	69.8409	-17.5786	-0.0045	148.7749
-0.0031	69.8409	-17.5803	-0.0045	148.7827
-0.0031	69.8409	-17.582	-0.0045	148.7906
-0.0031	69.8409	-17.5837	-0.0045	148.7984
-0.0031	69.8409	-17.5854	-0.0045	148.8063
-0.0031	69.8409	-17.5871	-0.0045	148.8142
-0.0031	69.8409	-17.5887	-0.0045	148.822
-0.0031	69.8409	-17.5904	-0.0045	148.8299
-0.0031	69.8409	-17.5921	-0.0045	148.8377
-0.0031	69.8409	-17.5938	-0.0045	148.8456
-0.0031	69.8409	-17.5955	-0.0045	148.8534
-0.0031	69.8409	-17.5972	-0.0045	148.8612
-0.0031	69.8409	-17.5989	-0.0045	148.8691
-0.0031	69.8409	-17.6006	-0.0045	148.8769
-0.0031	69.8409	-17.6023	-0.0045	148.8847
-0.0031	69.8409	-17.604	-0.0045	148.8926
-0.0031	69.8409	-17.6057	-0.0045	148.9004
-0.0031	69.8409	-17.6073	-0.0045	148.9082
-0.0031	69.8409	-17.609	-0.0045	148.9161
-0.0031	69.8409	-17.6107	-0.0045	148.9239
-0.0031	69.8409	-17.6124	-0.0045	148.9317
-0.0031	69.8409	-17.6141	-0.0045	148.9395
-0.0031	69.8409	-17.6158	-0.0045	148.9474
-0.0031	69.8409	-17.6175	-0.0045	148.9552
-0.0031	69.8409	-17.6192	-0.0045	148.963
-0.0031	69.8409	-17.6208	-0.0045	148.9708
-0.0031	69.8409	-17.6225	-0.0045	148.9786
-0.0031	69.8409	-17.6242	-0.0045	148.9864
-0.0031	69.8409	-17.6259	-0.0045	148.9942
-0.0031	69.8409	-17.6276	-0.0045	149.002
-0.0031	69.8409	-17.6293	-0.0045	149.0098
-0.0031	69.8409	-17.6309	-0.0045	149.0176
-0.0031	69.8409	-17.6326	-0.0045	149.0254
-0.0031	69.8409	-17.6343	-0.0045	149.0332
-0.0031	69.8409	-17.636	-0.0045	149.041
-0.0031	69.8409	-17.6377	-0.0045	149.0488
-0.0031	69.8409	-17.6393	-0.0045	149.0566
-0.0031	69.8409	-17.641	-0.0045	149.0644
-0.0031	69.8409	-17.6427	-0.0045	149.0721
-0.0031	69.8409	-17.6444	-0.0045	149.0799
-0.0031	69.8409	-17.6461	-0.0045	149.0877
-0.0031	69.8409	-17.6477	-0.0045	149.0955
-0.0031	69.8409	-17.6494	-0.0045	149.1032
-0.0031	69.8409	-17.6511	-0.0045	149.111
-0.0031	69.8409	-17.6528	-0.0045	149.1188
-0.0031	69.8409	-17.6544	-0.0045	149.1266
-0.0031	69.8409	-17.6561	-0.0045	149.1343
-0.0031	69.8409	-17.6578	-0.0045	149.1421
-0.0031	69.8409	-17.6595	-0.0045	149.1498
-0.0031	69.8409	-17.6611	-0.0045	149.1576
-0.0031	69.8409	-17.6628	-0.0045	149.1654
-0.0031	69.8409	-17.6645	-0.0045	149.1731
-0.0031	69.8409	-17.6662	-0.0045	149.1809
-0.0031	69.8409	-17.6678	-0.0045	149.1886
-0.0031	69.8409	-17.6695	-0.0045	149.1964
-0.0031	69.8409	-17.6712	-0.0045	149.2041
-0.0031	69.8409	-17.6728	-0.0045	149.2118
-0.0031	69.8409	-17.6745	-0.0045	149.2196
-0.0031	69.8409	-17.6762	-0.0045	149.2273
-0.0031	69.8409	-17.6778	-0.0045	149.2351
-0.0031	69.8409	-17.6795	-0.0045	149.2428
-0.0031	69.8409	-17.6812	-0.0045	149.2505
-0.0031	69.8409	-17.6829	-0.0045	149.2583
-0.0031	69.8409	-17.6845	-0.0045	149.266
-0.0031	69.8409	-17.6862	-0.0045	149.2737
-0.0031	69.8409	-17.6878	-0.0045	149.2814
-0.0031	69.8409	-17.6895	-0.0045	149.2891
-0.0031	69.8409	-17.6912	-0.0045	149.2969
-0.0031	69.8409	-17.6928	-0.0045	149.3046
-0.0031	69.8409	-17.6945	-0.0045	149.3123
-0.0031	69.8409	-17.6962	-0.0045	149.32
-0.0031	69.8409	-17.6978	-0.0045	149.3277
-0.0031	69.8409	-17.6995	-0.0045	149.3354
-0.0031	69.8409	-17.7012	-0.0045	149.3431
-0.0031	69.8409	-17.7028	-0.0045	149.3508
-0.0031	69.8409	-17.7045	-0.0045	149.3585
-0.0031	69.8409	-17.7061	-0.0045	149.3662
-0.0031	69.8409	-17.7078	-0.0045	149.3739
-0.0031	69.8409	-17.7095	-0.0045	149.3816
-0.0031	69.8409	-17.7111	-0.0045	149.3893
-0.0031	69.8409	-17.7128	-0.0045	149.397
-0.0031	69.8409	-17.7144	-0.0045	149.4047
-0.0031	69.8409	-17.7161	-0.0045	149.4124
-0.0031	69.8409	-17.7178	-0.0045	149.42
-0.0031	69.8409	-17.7194	-0.0045	149.4277
-0.0031	69.8409	-17.7211	-0.0045	149.4354
-0.0031	69.8409	-17.7227	-0.0045	149.4431
-0.0031	69.8409	-17.7244	-0.0045	149.4508
-0.0031	69.8409	-17.726	-0.0045	149.4584
-0.0031	69.8409	-17.7277	-0.0045	149.4661
-0.0031	69.8409	-17.7293	-0.0045	149.4738
-0.0031	69.8409	-17.731	-0.0045	149.4814
-0.0031	69.8409	-17.7326	-0.0045	149.4891
-0.0031	69.8409	-17.7343	-0.0045	149.4967
-0.0031	69.8409	-17.7359	-0.0045	149.5044
-0.0031	69.8409	-17.7376	-0.0045	149.5121
-0.0031	69.8409	-17.7392	-0.0045	149.5197
-0.0031	69.8409	-17.7409	-0.0045	149.5274
-0.0031	69.8409	-17.7425	-0.0045	149.535
-0.0031	69.8409	-17.7442	-0.0045	149.5426
-0.0031	69.8409	-17.7458	-0.0045	149.5503
-0.0031	69.8409	-17.7475	-0.0045	149.5579
-0.0031	69.8409	-17.7491	-0.0045	149.5656
-0.0031	69.8409	-17.7508	-0.0045	149.5732
-0.0031	69.8409	-17.7524	-0.0045	149.5808
-0.0031	69.8409	-17.7541	-0.0045	149.5885
-0.0031	69.8409	-17.7557	-0.0045	149.5961
-0.0031	69.8409	-17.7574	-0.0045	149.6037
-0.0031	69.8409	-17.759	-0.0045	149.6114
-0.0031	69.8409	-17.7607	-0.0045	149.619
-0.0031	69.8409	-17.7623	-0.0045	149.6266
-0.0031	69.8409	-17.764	-0.0045	149.6342
-0.0031	69.8409	-17.7656	-0.0045	149.6418
-0.0031	69.8409	-17.7672	-0.0045	149.6494
-0.0031	69.8409	-17.7689	-0.0045	149.6571
-0.0031	69.8409	-17.7705	-0.0045	149.6647
-0.0031	69.8409	-17.7722	-0.0045	149.6723
-0.0031	69.8409	-17.7738	-0.0045	149.6799
-0.0031	69.8409	-17.7754	-0.0045	149.6875
-0.0031	69.8409	-17.7771	-0.0045	149.6951
-0.0031	69.8409	-17.7787	-0.0045	149.7027
-0.0031	69.8409	-17.7804	-0.0045	149.7103
-0.0031	69.8409	-17.782	-0.0045	149.7179
-0.0031	69.8409	-17.7836	-0.0045	149.7255
-0.0031	69.8409	-17.7853	-0.0045	149.733
-0.0031	69.8409	-17.7869	-0.0045	149.7406
-0.0031	69.8409	-17.7885	-0.0045	149.7482
-0.0031	69.8409	-17.7902	-0.0045	149.7558
-0.0031	69.8409	-17.7918	-0.0045	149.7634
-0.0031	69.8409	-17.7934	-0.0045	149.771
-0.0031	69.8409	-17.7951	-0.0045	149.7785
-0.0031	69.8409	-17.7967	-0.0045	149.7861
-0.0031	69.8409	-17.7983	-0.0045	149.7937
-0.0031	69.8409	-17.8	-0.0045	149.8012
-0.0031	69.8409	-17.8016	-0.0045	149.8088
-0.0031	69.8409	-17.8032	-0.0045	149.8164
-0.0031	69.8409	-17.8049	-0.0045	149.8239
-0.0031	69.8409	-17.8065	-0.0045	149.8315
-0.0031	69.8409	-17.8081	-0.0045	149.839
-0.0031	69.8409	-17.8098	-0.0045	149.8466
-0.0031	69.8409	-17.8114	-0.0045	149.8541
-0.0031	69.8409	-17.813	-0.0045	149.8617
-0.0031	69.8409	-17.8146	-0.0045	149.8692
-0.0031	69.8409	-17.8163	-0.0045	149.8768
-0.0031	69.8409	-17.8179	-0.0045	149.8843
-0.0031	69.8409	-17.8195	-0.0045	149.8919
-0.0031	69.8409	-17.8212	-0.0045	149.8994
-0.0031	69.8409	-17.8228	-0.0045	149.9069
-0.0031	69.8409	-17.8244	-0.0045	149.9145
-0.0031	69.8409	-17.826	-0.0045	149.922
-0.0031	69.8409	-17.8277	-0.0045	149.9295
-0.0031	69.8409	-17.8293	-0.0045	149.937
-0.0031	69.8409	-17.8309	-0.0045	149.9446
-0.0031	69.8409	-17.8325	-0.0045	149.9521
-0.0031	69.8409	-17.8341	-0.0045	149.9596
-0.0031	69.8409	-17.8358	-0.0045	149.9671
-0.0031	69.8409	-17.8374	-0.0045	149.9746
-0.0031	69.8409	-17.839	-0.0045	149.9822
-0.0031	69.8409	-17.8406	-0.0045	149.9897
-0.0031	69.8409	-17.8422	-0.0045	149.9972
-0.0031	69.8409	-17.8439	-0.0045	150.0047
-0.0031	69.8409	-17.8455	-0.0045	150.0122
-0.0031	69.8409	-17.8471	-0.0045	150.0197
-0.0031	69.8409	-17.8487	-0.0045	150.0272
-0.0031	69.8409	-17.8503	-0.0045	150.0347
-0.0031	69.8409	-17.852	-0.0045	150.0422
-0.0031	69.8409	-17.8536	-0.0045	150.0496
-0.0031	69.8409	-17.8552	-0.0045	150.0571
-0.0031	69.8409	-17.8568	-0.0045	150.0646
-0.0031	69.8409	-17.8584	-0.0045	150.0721
-0.0031	69.8409	-17.86	-0.0045	150.0796
-0.0031	69.8409	-17.8616	-0.0045	150.0871
-0.0031	69.8409	-17.8632	-0.0045	150.0945
-0.0031	69.8409	-17.8649	-0.0045	150.102
-0.0031	69.8409	-17.8665	-0.0045	150.1095
-0.0031	69.8409	-17.8681	-0.0045	150.117
-0.0031	69.8409	-17.8697	-0.0045	150.1244
-0.0031	69.8409	-17.8713	-0.0045	150.1319
-0.0031	69.8409	-17.8729	-0.0045	150.1393
-0.0031	69.8409	-17.8745	-0.0045	150.1468
-0.0031	69.8409	-17.8761	-0.0045	150.1543
-0.0031	69.8409	-17.8777	-0.0045	150.1617
-0.0031	69.8409	-17.8793	-0.0045	150.1692
-0.0031	69.8409	-17.881	-0.0045	150.1766
-0.0031	69.8409	-17.8826	-0.0045	150.1841
-0.0031	69.8409	-17.8842	-0.0045	150.1915
-0.0031	69.8409	-17.8858	-0.0045	150.1989
-0.0031	69.8409	-17.8874	-0.0045	150.2064
-0.0031	69.8409	-17.889	-0.0045	150.2138
-0.0031	69.8409	-17.8906	-0.0045	150.2213
-0.0031	69.8409	-17.8922	-0.0045	150.2287
-0.0031	69.8409	-17.8938	-0.0045	150.2361
-0.0031	69.8409	-17.8954	-0.0045	150.2436
-0.0031	69.8409	-17.897	-0.0045	150.251
-0.0031	69.8409	-17.8986	-0.0045	150.2584
-0.0031	69.8409	-17.9002	-0.0045	150.2658
-0.0031	69.8409	-17.9018	-0.0045	150.2732
-0.0031	69.8409	-17.9034	-0.0045	150.2807
-0.0031	69.8409	-17.905	-0.0045	150.2881
-0.0031	69.8409	-17.9066	-0.0045	150.2955
-0.0031	69.8409	-17.9082	-0.0045	150.3029
-0.0031	69.8409	-17.9098	-0.0045	150.3103
-0.0031	69.8409	-17.9114	-0.0045	150.3177
-0.0031	69.8409	-17.913	-0.0045	150.3251
-0.0031	69.8409	-17.9146	-0.0045	150.3325
-0.0031	69.8409	-17.9162	-0.0045	150.3399
-0.0031	69.8409	-17.9178	-0.0045	150.3473
-0.0031	69.8409	-17.9194	-0.0045	150.3547
-0.0031	69.8409	-17.921	-0.0045	150.3621
-0.0031	69.8409	-17.9226	-0.0045	150.3695
-0.0031	69.8409	-17.9241	-0.0045	150.3768
-0.0031	69.8409	-17.9257	-0.0045	150.3842
-0.0031	69.8409	-17.9273	-0.0045	150.3916
-0.0031	69.8409	-17.9289	-0.0045	150.399
-0.0031	69.8409	-17.9305	-0.0045	150.4064
-0.0031	69.8409	-17.9321	-0.0045	150.4137
-0.0031	69.8409	-17.9337	-0.0045	150.4211
-0.0031	69.8409	-17.9353	-0.0045	150.4285
-0.0031	69.8409	-17.9369	-0.0045	150.4358
-0.0031	69.8409	-17.9385	-0.0045	150.4432
-0.0031	69.8409	-17.94	-0.0045	150.4506
-0.0031	69.8409	-17.9416	-0.0045	150.4579
-0.0031	69.8409	-17.9432	-0.0045	150.4653
-0.0031	69.8409	-17.9448	-0.0045	150.4726
-0.0031	69.8409	-17.9464	-0.0045	150.48
-0.0031	69.8409	-17.948	-0.0045	150.4873
-0.0031	69.8409	-17.9496	-0.0045	150.4947
-0.0031	69.8409	-17.9511	-0.0045	150.502
-0.0031	69.8409	-17.9527	-0.0045	150.5094
-0.0031	69.8409	-17.9543	-0.0045	150.5167
-0.0031	69.8409	-17.9559	-0.0045	150.524
-0.0031	69.8409	-17.9575	-0.0045	150.5314
-0.0031	69.8409	-17.9591	-0.0045	150.5387
-0.0031	69.8409	-17.9606	-0.0045	150.546
-0.0031	69.8409	-17.9622	-0.0045	150.5534
-0.0031	69.8409	-17.9638	-0.0045	150.5607
-0.0031	69.8409	-17.9654	-0.0045	150.568
-0.0031	69.8409	-17.967	-0.0045	150.5753
-0.0031	69.8409	-17.9685	-0.0045	150.5826
-0.0031	69.8409	-17.9701	-0.0045	150.59
-0.0031	69.8409	-17.9717	-0.0045	150.5973
-0.0031	69.8409	-17.9733	-0.0045	150.6046
-0.0031	69.8409	-17.9748	-0.0045	150.6119
-0.0031	69.8409	-17.9764	-0.0045	150.6192
-0.0031	69.8409	-17.978	-0.0045	150.6265
-0.0031	69.8409	-17.9796	-0.0045	150.6338
-0.0031	69.8409	-17.9811	-0.0045	150.6411
-0.0031	69.8409	-17.9827	-0.0045	150.6484
-0.0031	69.8409	-17.9843	-0.0045	150.6557
-0.0031	69.8409	-17.9859	-0.0045	150.663
-0.0031	69.8409	-17.9874	-0.0045	150.6702
-0.0031	69.8409	-17.989	-0.0045	150.6775
-0.0031	69.8409	-17.9906	-0.0045	150.6848
-0.0031	69.8409	-17.9922	-0.0045	150.6921
-0.0031	69.8409	-17.9937	-0.0045	150.6994
-0.0031	69.8409	-17.9953	-0.0045	150.7066
-0.0031	69.8409	-17.9969	-0.0045	150.7139
-0.0031	69.8409	-17.9984	-0.0045	150.7212
-0.0031	69.8409	-18	-0.0045	150.7285
-0.0031	69.8409	-18.0016	-0.0045	150.7357
-0.0031	69.8409	-18.0031	-0.0045	150.743
-0.0031	69.8409	-18.0047	-0.0045	150.7502
-0.0031	69.8409	-18.0063	-0.0045	150.7575
-0.0031	69.8409	-18.0078	-0.0045	150.7648
-0.0031	69.8409	-18.0094	-0.0045	150.772
-0.0031	69.8409	-18.011	-0.0045	150.7793
-0.0031	69.8409	-18.0125	-0.0045	150.7865
-0.0031	69.8409	-18.0141	-0.0045	150.7938
-0.0031	69.8409	-18.0156	-0.0045	150.801
-0.0031	69.8409	-18.0172	-0.0045	150.8082
-0.0031	69.8409	-18.0188	-0.0045	150.8155
-0.0031	69.8409	-18.0203	-0.0045	150.8227
-0.0031	69.8409	-18.0219	-0.0045	150.8299
-0.0031	69.8409	-18.0234	-0.0045	150.8372
-0.0031	69.8409	-18.025	-0.0045	150.8444
-0.0031	69.8409	-18.0266	-0.0045	150.8516
-0.0031	69.8409	-18.0281	-0.0045	150.8589
-0.0031	69.8409	-18.0297	-0.0045	150.8661
-0.0031	69.8409	-18.0312	-0.0045	150.8733
-0.0031	69.8409	-18.0328	-0.0045	150.8805
-0.0031	69.8409	-18.0343	-0.0045	150.8877
-0.0031	69.8409	-18.0359	-0.0045	150.8949
-0.0031	69.8409	-18.0375	-0.0045	150.9021
-0.0031	69.8409	-18.039	-0.0045	150.9093
-0.0031	69.8409	-18.0406	-0.0045	150.9165
-0.0031	69.8409	-18.0421	-0.0045	150.9237
-0.0031	69.8409	-18.0437	-0.0045	150.9309
-0.0031	69.8409	-18.0452	-0.0045	150.9381
-0.0031	69.8409	-18.0468	-0.0045	150.9453
-0.0031	69.8409	-18.0483	-0.0045	150.9525
-0.0031	69.8409	-18.0499	-0.0045	150.9597
-0.0031	69.8409	-18.0514	-0.0045	150.9669
-0.0031	69.8409	-18.053	-0.0045	150.9741
-0.0031	69.8409	-18.0545	-0.0045	150.9813
-0.0031	69.8409	-18.0561	-0.0045	150.9884
-0.0031	69.8409	-18.0576	-0.0045	150.9956
-0.0031	69.8409	-18.0592	-0.0045	151.0028
-0.0031	69.8409	-18.0607	-0.0045	151.01
-0.0031	69.8409	-18.0623	-0.0045	151.0171
-0.0031	69.8409	-18.0638	-0.0045	151.0243
-0.0031	69.8409	-18.0654	-0.0045	151.0315
-0.0031	69.8409	-18.0669	-0.0045	151.0386
-0.0031	69.8409	-18.0684	-0.0045	151.0458
-0.0031	69.8409	-18.07	-0.0045	151.0529
-0.0031	69.8409	-18.0715	-0.0045	151.0601
-0.0031	69.8409	-18.0731	-0.0045	151.0672
-0.0031	69.8409	-18.0746	-0.0045	151.0744
-0.0031	69.8409	-18.0762	-0.0045	151.0815
-0.0031	69.8409	-18.0777	-0.0045	151.0887
-0.0031	69.8409	-18.0792	-0.0045	151.0958
-0.0031	69.8409	-18.0808	-0.0045	151.1029
-0.0031	69.8409	-18.0823	-0.0045	151.1101
-0.0031	69.8409	-18.0839	-0.0045	151.1172
-0.0031	69.8409	-18.0854	-0.0045	151.1243
-0.0031	69.8409	-18.0869	-0.0045	151.1315
-0.0031	69.8409	-18.0885	-0.0045	151.1386
-0.0031	69.8409	-18.09	-0.0045	151.1457
-0.0031	69.8409	-18.0915	-0.0045	151.1528
-0.0031	69.8409	-18.0931	-0.0045	151.16
-0.0031	69.8409	-18.0946	-0.0045	151.1671
-0.0031	69.8409	-18.0961	-0.0045	151.1742
-0.0031	69.8409	-18.0977	-0.0045	151.1813
-0.0031	69.8409	-18.0992	-0.0045	151.1884
-0.0031	69.8409	-18.1007	-0.0045	151.1955
-0.0031	69.8409	-18.1023	-0.0045	151.2026
-0.0031	69.8409	-18.1038	-0.0045	151.2097
-0.0031	69.8409	-18.1053	-0.0045	151.2168
-0.0031	69.8409	-18.1069	-0.0045	151.2239
-0.0031	69.8409	-18.1084	-0.0045	151.231
-0.0031	69.8409	-18.1099	-0.0045	151.2381
-0.0031	69.8409	-18.1115	-0.0045	151.2452
-0.0031	69.8409	-18.113	-0.0045	151.2522
-0.0031	69.8409	-18.1145	-0.0045	151.2593
-0.0031	69.8409	-18.116	-0.0045	151.2664
-0.0031	69.8409	-18.1176	-0.0045	151.2735
-0.0031	69.8409	-18.1191	-0.0045	151.2806
-0.0031	69.8409	-18.1206	-0.0045	151.2876
-0.0031	69.8409	-18.1221	-0.0045	151.2947
-0.0031	69.8409	-18.1237	-0.0045	151.3018
-0.0031	69.8409	-18.1252	-0.0045	151.3088
-0.0031	69.8409	-18.1267	-0.0045	151.3159
-0.0031	69.8409	-18.1282	-0.0045	151.3229
-0.0031	69.8409	-18.1298	-0.0045	151.33
-0.0031	69.8409	-18.1313	-0.0045	151.3371
-0.0031	69.8409	-18.1328	-0.0045	151.3441
-0.0031	69.8409	-18.1343	-0.0045	151.3512
-0.0031	69.8409	-18.1358	-0.0045	151.3582
-0.0031	69.8409	-18.1374	-0.0045	151.3652
-0.0031	69.8409	-18.1389	-0.0045	151.3723
-0.0031	69.8409	-18.1404	-0.0045	151.3793
-0.0031	69.8409	-18.1419	-0.0045	151.3864
-0.0031	69.8409	-18.1434	-0.0045	151.3934
-0.0031	69.8409	-18.1449	-0.0045	151.4004
-0.0031	69.8409	-18.1465	-0.0045	151.4074
-0.0031	69.8409	-18.148	-0.0045	151.4145
-0.0031	69.8409	-18.1495	-0.0045	151.4215
-0.0031	69.8409	-18.151	-0.0045	151.4285
-0.0031	69.8409	-18.1525	-0.0045	151.4355
-0.0031	69.8409	-18.154	-0.0045	151.4426
-0.0031	69.8409	-18.1555	-0.0045	151.4496
-0.0031	69.8409	-18.1571	-0.0045	151.4566
-0.0031	69.8409	-18.1586	-0.0045	151.4636
-0.0031	69.8409	-18.1601	-0.0045	151.4706
-0.0031	69.8409	-18.1616	-0.0045	151.4776
-0.0031	69.8409	-18.1631	-0.0045	151.4846
-0.0031	69.8409	-18.1646	-0.0045	151.4916
-0.0031	69.8409	-18.1661	-0.0045	151.4986
-0.0031	69.8409	-18.1676	-0.0045	151.5056
-0.0031	69.8409	-18.1691	-0.0045	151.5126
-0.0031	69.8409	-18.1706	-0.0045	151.5195
-0.0031	69.8409	-18.1722	-0.0045	151.5265
-0.0031	69.8409	-18.1737	-0.0045	151.5335
-0.0031	69.8409	-18.1752	-0.0045	151.5405
-0.0031	69.8409	-18.1767	-0.0045	151.5475
-0.0031	69.8409	-18.1782	-0.0045	151.5544
-0.0031	69.8409	-18.1797	-0.0045	151.5614
-0.0031	69.8409	-18.1812	-0.0045	151.5684
-0.0031	69.8409	-18.1827	-0.0045	151.5753
-0.0031	69.8409	-18.1842	-0.0045	151.5823
-0.0031	69.8409	-18.1857	-0.0045	151.5893
-0.0031	69.8409	-18.1872	-0.0045	151.5962
-0.0031	69.8409	-18.1887	-0.0045	151.6032
-0.0031	69.8409	-18.1902	-0.0045	151.6101
-0.0031	69.8409	-18.1917	-0.0045	151.6171
-0.0031	69.8409	-18.1932	-0.0045	151.624
-0.0031	69.8409	-18.1947	-0.0045	151.631
-0.0031	69.8409	-18.1962	-0.0045	151.6379
-0.0031	69.8409	-18.1977	-0.0045	151.6449
-0.0031	69.8409	-18.1992	-0.0045	151.6518
-0.0031	69.8409	-18.2007	-0.0045	151.6587
-0.0031	69.8409	-18.2022	-0.0045	151.6657
-0.0031	69.8409	-18.2037	-0.0045	151.6726
-0.0031	69.8409	-18.2052	-0.0045	151.6795
-0.0031	69.8409	-18.2066	-0.0045	151.6864
-0.0031	69.8409	-18.2081	-0.0045	151.6934
-0.0031	69.8409	-18.2096	-0.0045	151.7003
-0.0031	69.8409	-18.2111	-0.0045	151.7072
-0.0031	69.8409	-18.2126	-0.0045	151.7141
-0.0031	69.8409	-18.2141	-0.0045	151.721
-0.0031	69.8409	-18.2156	-0.0045	151.7279
-0.0031	69.8409	-18.2171	-0.0045	151.7348
-0.0031	69.8409	-18.2186	-0.0045	151.7417
-0.0031	69.8409	-18.2201	-0.0045	151.7486
-0.0031	69.8409	-18.2216	-0.0045	151.7555
-0.0031	69.8409	-18.223	-0.0045	151.7624
-0.0031	69.8409	-18.2245	-0.0045	151.7693
-0.0031	69.8409	-18.226	-0.0045	151.7762
-0.0031	69.8409	-18.2275	-0.0045	151.7831
-0.0031	69.8409	-18.229	-0.0045	151.79
-0.0031	69.8409	-18.2305	-0.0045	151.7969
-0.0031	69.8409	-18.232	-0.0045	151.8037
-0.0031	69.8409	-18.2334	-0.0045	151.8106
-0.0031	69.8409	-18.2349	-0.0045	151.8175
-0.0031	69.8409	-18.2364	-0.0045	151.8244
-0.0031	69.8409	-18.2379	-0.0045	151.8312
-0.0031	69.8409	-18.2394	-0.0045	151.8381
-0.0031	69.8409	-18.2408	-0.0045	151.845
-0.0031	69.8409	-18.2423	-0.0045	151.8518
-0.0031	69.8409	-18.2438	-0.0045	151.8587
-0.0031	69.8409	-18.2453	-0.0045	151.8655
-0.0031	69.8409	-18.2468	-0.0045	151.8724
-0.0031	69.8409	-18.2482	-0.0045	151.8792
-0.0031	69.8409	-18.2497	-0.0045	151.8861
-0.0031	69.8409	-18.2512	-0.0045	151.8929
-0.0031	69.8409	-18.2527	-0.0045	151.8998
-0.0031	69.8409	-18.2541	-0.0045	151.9066
-0.0031	69.8409	-18.2556	-0.0045	151.9135
-0.0031	69.8409	-18.2571	-0.0045	151.9203
-0.0031	69.8409	-18.2586	-0.0045	151.9271
-0.0031	69.8409	-18.26	-0.0045	151.934
-0.0031	69.8409	-18.2615	-0.0045	151.9408
-0.0031	69.8409	-18.263	-0.0045	151.9476
-0.0031	69.8409	-18.2645	-0.0045	151.9544
-0.0031	69.8409	-18.2659	-0.0045	151.9612
-0.0031	69.8409	-18.2674	-0.0045	151.9681
-0.0031	69.8409	-18.2689	-0.0045	151.9749
-0.0031	69.8409	-18.2703	-0.0045	151.9817
-0.0031	69.8409	-18.2718	-0.0045	151.9885
-0.0031	69.8409	-18.2733	-0.0045	151.9953
-0.0031	69.8409	-18.2747	-0.0045	152.0021
-0.0031	69.8409	-18.2762	-0.0045	152.0089
-0.0031	69.8409	-18.2777	-0.0045	152.0157
-0.0031	69.8409	-18.2791	-0.0045	152.0225
-0.0031	69.8409	-18.2806	-0.0045	152.0293
-0.0031	69.8409	-18.2821	-0.0045	152.0361
-0.0031	69.8409	-18.2835	-0.0045	152.0429
-0.0031	69.8409	-18.285	-0.0045	152.0496
-0.0031	69.8409	-18.2865	-0.0045	152.0564
-0.0031	69.8409	-18.2879	-0.0045	152.0632
-0.0031	69.8409	-18.2894	-0.0045	152.07
-0.0031	69.8409	-18.2908	-0.0045	152.0768
-0.0031	69.8409	-18.2923	-0.0045	152.0835
-0.0031	69.8409	-18.2938	-0.0045	152.0903
-0.0031	69.8409	-18.2952	-0.0045	152.0971
-0.0031	69.8409	-18.2967	-0.0045	152.1038
-0.0031	69.8409	-18.2981	-0.0045	152.1106
-0.0031	69.8409	-18.2996	-0.0045	152.1173
-0.0031	69.8409	-18.3011	-0.0045	152.1241
-0.0031	69.8409	-18.3025	-0.0045	152.1308
-0.0031	69.8409	-18.304	-0.0045	152.1376
-0.0031	69.8409	-18.3054	-0.0045	152.1443
-0.0031	69.8409	-18.3069	-0.0045	152.1511
-0.0031	69.8409	-18.3083	-0.0045	152.1578
-0.0031	69.8409	-18.3098	-0.0045	152.1646
-0.0031	69.8409	-18.3112	-0.0045	152.1713
-0.0031	69.8409	-18.3127	-0.0045	152.178
-0.0031	69.8409	-18.3141	-0.0045	152.1848
-0.0031	69.8409	-18.3156	-0.0045	152.1915
-0.0031	69.8409	-18.317	-0.0045	152.1982
-0.0031	69.8409	-18.3185	-0.0045	152.2049
-0.0031	69.8409	-18.3199	-0.0045	152.2117
-0.0031	69.8409	-18.3214	-0.0045	152.2184
-0.0031	69.8409	-18.3228	-0.0045	152.2251
-0.0031	69.8409	-18.3243	-0.0045	152.2318
-0.0031	69.8409	-18.3257	-0.0045	152.2385
-0.0031	69.8409	-18.3272	-0.0045	152.2452
-0.0031	69.8409	-18.3286	-0.0045	152.2519
-0.0031	69.8409	-18.3301	-0.0045	152.2586
-0.0031	69.8409	-18.3315	-0.0045	152.2653
-0.0031	69.8409	-18.333	-0.0045	152.272
-0.0031	69.8409	-18.3344	-0.0045	152.2787
-0.0031	69.8409	-18.3359	-0.0045	152.2854
-0.0031	69.8409	-18.3373	-0.0045	152.2921
-0.0031	69.8409	-18.3387	-0.0045	152.2988
-0.0031	69.8409	-18.3402	-0.0045	152.3055
-0.0031	69.8409	-18.3416	-0.0045	152.3121
-0.0031	69.8409	-18.3431	-0.0045	152.3188
-0.0031	69.8409	-18.3445	-0.0045	152.3255
-0.0031	69.8409	-18.3459	-0.0045	152.3322
-0.0031	69.8409	-18.3474	-0.0045	152.3388
-0.0031	69.8409	-18.3488	-0.0045	152.3455
-0.0031	69.8409	-18.3502	-0.0045	152.3522
-0.0031	69.8409	-18.3517	-0.0045	152.3588
-0.0031	69.8409	-18.3531	-0.0045	152.3655
-0.0031	69.8409	-18.3546	-0.0045	152.3721
-0.0031	69.8409	-18.356	-0.0045	152.3788
-0.0031	69.8409	-18.3574	-0.0045	152.3854
-0.0031	69.8409	-18.3589	-0.0045	152.3921
-0.0031	69.8409	-18.3603	-0.0045	152.3987
-0.0031	69.8409	-18.3617	-0.0045	152.4054
-0.0031	69.8409	-18.3632	-0.0045	152.412
-0.0031	69.8409	-18.3646	-0.0045	152.4186
-0.0031	69.8409	-18.366	-0.0045	152.4253
-0.0031	69.8409	-18.3675	-0.0045	152.4319
-0.0031	69.8409	-18.3689	-0.0045	152.4385
-0.0031	69.8409	-18.3703	-0.0045	152.4451
-0.0031	69.8409	-18.3717	-0.0045	152.4518
-0.0031	69.8409	-18.3732	-0.0045	152.4584
-0.0031	69.8409	-18.3746	-0.0045	152.465
-0.0031	69.8409	-18.376	-0.0045	152.4716
-0.0031	69.8409	-18.3774	-0.0045	152.4782
-0.0031	69.8409	-18.3789	-0.0045	152.4848
-0.0031	69.8409	-18.3803	-0.0045	152.4914
-0.0031	69.8409	-18.3817	-0.0045	152.4981
-0.0031	69.8409	-18.3831	-0.0045	152.5047
-0.0031	69.8409	-18.3846	-0.0045	152.5112
-0.0031	69.8409	-18.386	-0.0045	152.5178
-0.0031	69.8409	-18.3874	-0.0045	152.5244
-0.0031	69.8409	-18.3888	-0.0045	152.531
-0.0031	69.8409	-18.3903	-0.0045	152.5376
-0.0031	69.8409	-18.3917	-0.0045	152.5442
-0.0031	69.8409	-18.3931	-0.0045	152.5508
-0.0031	69.8409	-18.3945	-0.0045	152.5574
-0.0031	69.8409	-18.3959	-0.0045	152.5639
-0.0031	69.8409	-18.3974	-0.0045	152.5705
-0.0031	69.8409	-18.3988	-0.0045	152.5771
-0.0031	69.8409	-18.4002	-0.0045	152.5836
-0.0031	69.8409	-18.4016	-0.0045	152.5902
-0.0031	69.8409	-18.403	-0.0045	152.5968
-0.0031	69.8409	-18.4044	-0.0045	152.6033
-0.0031	69.8409	-18.4058	-0.0045	152.6099
-0.0031	69.8409	-18.4073	-0.0045	152.6164
-0.0031	69.8409	-18.4087	-0.0045	152.623
-0.0031	69.8409	-18.4101	-0.0045	152.6295
-0.0031	69.8409	-18.4115	-0.0045	152.6361
-0.0031	69.8409	-18.4129	-0.0045	152.6426
-0.0031	69.8409	-18.4143	-0.0045	152.6492
-0.0031	69.8409	-18.4157	-0.0045	152.6557
-0.0031	69.8409	-18.4171	-0.0045	152.6622
-0.0031	69.8409	-18.4185	-0.0045	152.6688
-0.0031	69.8409	-18.42	-0.0045	152.6753
-0.0031	69.8409	-18.4214	-0.0045	152.6818
-0.0031	69.8409	-18.4228	-0.0045	152.6883
-0.0031	69.8409	-18.4242	-0.0045	152.6949
-0.0031	69.8409	-18.4256	-0.0045	152.7014
-0.0031	69.8409	-18.427	-0.0045	152.7079
-0.0031	69.8409	-18.4284	-0.0045	152.7144
-0.0031	69.8409	-18.4298	-0.0045	152.7209
-0.0031	69.8409	-18.4312	-0.0045	152.7274
-0.0031	69.8409	-18.4326	-0.0045	152.7339
-0.0031	69.8409	-18.434	-0.0045	152.7404
-0.0031	69.8409	-18.4354	-0.0045	152.7469
-0.0031	69.8409	-18.4368	-0.0045	152.7534
-0.0031	69.8409	-18.4382	-0.0045	152.7599
-0.0031	69.8409	-18.4396	-0.0045	152.7664
-0.0031	69.8409	-18.441	-0.0045	152.7729
-0.0031	69.8409	-18.4424	-0.0045	152.7794
-0.0031	69.8409	-18.4438	-0.0045	152.7859
-0.0031	69.8409	-18.4452	-0.0045	152.7924
-0.0031	69.8409	-18.4466	-0.0045	152.7988
-0.0031	69.8409	-18.448	-0.0045	152.8053
-0.0031	69.8409	-18.4494	-0.0045	152.8118
-0.0031	69.8409	-18.4508	-0.0045	152.8182
-0.0031	69.8409	-18.4522	-0.0045	152.8247
-0.0031	69.8409	-18.4536	-0.0045	152.8312
-0.0031	69.8409	-18.455	-0.0045	152.8376
-0.0031	69.8409	-18.4564	-0.0045	152.8441
-0.0031	69.8409	-18.4578	-0.0045	152.8505
-0.0031	69.8409	-18.4592	-0.0045	152.857
-0.0031	69.8409	-18.4605	-0.0045	152.8634
-0.0031	69.8409	-18.4619	-0.0045	152.8699
-0.0031	69.8409	-18.4633	-0.0045	152.8763
-0.0031	69.8409	-18.4647	-0.0045	152.8828
-0.0031	69.8409	-18.4661	-0.0045	152.8892
-0.0031	69.8409	-18.4675	-0.0045	152.8956
-0.0031	69.8409	-18.4689	-0.0045	152.9021
-0.0031	69.8409	-18.4703	-0.0045	152.9085
-0.0031	69.8409	-18.4716	-0.0045	152.9149
-0.0031	69.8409	-18.473	-0.0045	152.9214
-0.0031	69.8409	-18.4744	-0.0045	152.9278
-0.0031	69.8409	-18.4758	-0.0045	152.9342
-0.0031	69.8409	-18.4772	-0.0045	152.9406
-0.0031	69.8409	-18.4786	-0.0045	152.947
-0.0031	69.8409	-18.48	-0.0045	152.9534
-0.0031	69.8409	-18.4813	-0.0045	152.9598
-0.0031	69.8409	-18.4827	-0.0045	152.9662
-0.0031	69.8409	-18.4841	-0.0045	152.9726
-0.0031	69.8409	-18.4855	-0.0045	152.979
-0.0031	69.8409	-18.4869	-0.0045	152.9854
-0.0031	69.8409	-18.4882	-0.0045	152.9918
-0.0031	69.8409	-18.4896	-0.0045	152.9982
-0.0031	69.8409	-18.491	-0.0045	153.0046
-0.0031	69.8409	-18.4924	-0.0045	153.011
-0.0031	69.8409	-18.4937	-0.0045	153.0174
-0.0031	69.8409	-18.4951	-0.0045	153.0238
-0.0031	69.8409	-18.4965	-0.0045	153.0301
-0.0031	69.8409	-18.4979	-0.0045	153.0365
-0.0031	69.8409	-18.4992	-0.0045	153.0429
-0.0031	69.8409	-18.5006	-0.0045	153.0492
-0.0031	69.8409	-18.502	-0.0045	153.0556
-0.0031	69.8409	-18.5034	-0.0045	153.062
-0.0031	69.8409	-18.5047	-0.0045	153.0683
-0.0031	69.8409	-18.5061	-0.0045	153.0747
-0.0031	69.8409	-18.5075	-0.0045	153.081
-0.0031	69.8409	-18.5089	-0.0045	153.0874
-0.0031	69.8409	-18.5102	-0.0045	153.0937
-0.0031	69.8409	-18.5116	-0.0045	153.1001
-0.0031	69.8409	-18.513	-0.0045	153.1064
-0.0031	69.8409	-18.5143	-0.0045	153.1128
-0.0031	69.8409	-18.5157	-0.0045	153.1191
-0.0031	69.8409	-18.5171	-0.0045	153.1254
-0.0031	69.8409	-18.5184	-0.0045	153.1318
-0.0031	69.8409	-18.5198	-0.0045	153.1381
-0.0031	69.8409	-18.5212	-0.0045	153.1444
-0.0031	69.8409	-18.5225	-0.0045	153.1507
-0.0031	69.8409	-18.5239	-0.0045	153.1571
-0.0031	69.8409	-18.5252	-0.0045	153.1634
-0.0031	69.8409	-18.5266	-0.0045	153.1697
-0.0031	69.8409	-18.528	-0.0045	153.176
-0.0031	69.8409	-18.5293	-0.0045	153.1823
-0.0031	69.8409	-18.5307	-0.0045	153.1886
-0.0031	69.8409	-18.532	-0.0045	153.1949
-0.0031	69.8409	-18.5334	-0.0045	153.2012
-0.0031	69.8409	-18.5348	-0.0045	153.2075
-0.0031	69.8409	-18.5361	-0.0045	153.2138
-0.0031	69.8409	-18.5375	-0.0045	153.2201
-0.0031	69.8409	-18.5388	-0.0045	153.2264
-0.0031	69.8409	-18.5402	-0.0045	153.2327
-0.0031	69.8409	-18.5415	-0.0045	153.239
-0.0031	69.8409	-18.5429	-0.0045	153.2452
-0.0031	69.8409	-18.5443	-0.0045	153.2515
-0.0031	69.8409	-18.5456	-0.0045	153.2578
-0.0031	69.8409	-18.547	-0.0045	153.2641
-0.0031	69.8409	-18.5483	-0.0045	153.2703
-0.0031	69.8409	-18.5497	-0.0045	153.2766
-0.0031	69.8409	-18.551	-0.0045	153.2829
-0.0031	69.8409	-18.5524	-0.0045	153.2891
-0.0031	69.8409	-18.5537	-0.0045	153.2954
-0.0031	69.8409	-18.5551	-0.0045	153.3016
-0.0031	69.8409	-18.5564	-0.0045	153.3079
-0.0031	69.8409	-18.5578	-0.0045	153.3141
-0.0031	69.8409	-18.5591	-0.0045	153.3204
-0.0031	69.8409	-18.5605	-0.0045	153.3266
-0.0031	69.8409	-18.5618	-0.0045	153.3329
-0.0031	69.8409	-18.5632	-0.0045	153.3391
-0.0031	69.8409	-18.5645	-0.0045	153.3453
-0.0031	69.8409	-18.5658	-0.0045	153.3516
-0.0031	69.8409	-18.5672	-0.0045	153.3578
-0.0031	69.8409	-18.5685	-0.0045	153.364
-0.0031	69.8409	-18.5699	-0.0045	153.3703
-0.0031	69.8409	-18.5712	-0.0045	153.3765
-0.0031	69.8409	-18.5726	-0.0045	153.3827
-0.0031	69.8409	-18.5739	-0.0045	153.3889
-0.0031	69.8409	-18.5752	-0.0045	153.3951
-0.0031	69.8409	-18.5766	-0.0045	153.4013
-0.0031	69.8409	-18.5779	-0.0045	153.4075
-0.0031	69.8409	-18.5793	-0.0045	153.4137
-0.0031	69.8409	-18.5806	-0.0045	153.4199
-0.0031	69.8409	-18.5819	-0.0045	153.4261
-0.0031	69.8409	-18.5833	-0.0045	153.4323
-0.0031	69.8409	-18.5846	-0.0045	153.4385
-0.0031	69.8409	-18.5859	-0.0045	153.4447
-0.0031	69.8409	-18.5873	-0.0045	153.4509
-0.0031	69.8409	-18.5886	-0.0045	153.4571
-0.0031	69.8409	-18.5899	-0.0045	153.4633
-0.0031	69.8409	-18.5913	-0.0045	153.4694
-0.0031	69.8409	-18.5926	-0.0045	153.4756
-0.0031	69.8409	-18.5939	-0.0045	153.4818
-0.0031	69.8409	-18.5953	-0.0045	153.488
-0.0031	69.8409	-18.5966	-0.0045	153.4941
-0.0031	69.8409	-18.5979	-0.0045	153.5003
-0.0031	69.8409	-18.5992	-0.0045	153.5065
-0.0031	69.8409	-18.6006	-0.0045	153.5126
-0.0031	69.8409	-18.6019	-0.0045	153.5188
-0.0031	69.8409	-18.6032	-0.0045	153.5249
-0.0031	69.8409	-18.6046	-0.0045	153.5311
-0.0031	69.8409	-18.6059	-0.0045	153.5372
-0.0031	69.8409	-18.6072	-0.0045	153.5434
-0.0031	69.8409	-18.6085	-0.0045	153.5495
-0.0031	69.8409	-18.6099	-0.0045	153.5556
-0.0031	69.8409	-18.6112	-0.0045	153.5618
-0.0031	69.8409	-18.6125	-0.0045	153.5679
-0.0031	69.8409	-18.6138	-0.0045	153.574
-0.0031	69.8409	-18.6151	-0.0045	153.5802
-0.0031	69.8409	-18.6165	-0.0045	153.5863
-0.0031	69.8409	-18.6178	-0.0045	153.5924
-0.0031	69.8409	-18.6191	-0.0045	153.5985
-0.0031	69.8409	-18.6204	-0.0045	153.6046
-0.0031	69.8409	-18.6217	-0.0045	153.6108
-0.0031	69.8409	-18.6231	-0.0045	153.6169
-0.0031	69.8409	-18.6244	-0.0045	153.623
-0.0031	69.8409	-18.6257	-0.0045	153.6291
-0.0031	69.8409	-18.627	-0.0045	153.6352
-0.0031	69.8409	-18.6283	-0.0045	153.6413
-0.0031	69.8409	-18.6296	-0.0045	153.6474
-0.0031	69.8409	-18.631	-0.0045	153.6535
-0.0031	69.8409	-18.6323	-0.0045	153.6595
-0.0031	69.8409	-18.6336	-0.0045	153.6656
-0.0031	69.8409	-18.6349	-0.0045	153.6717
-0.0031	69.8409	-18.6362	-0.0045	153.6778
-0.0031	69.8409	-18.6375	-0.0045	153.6839
-0.0031	69.8409	-18.6388	-0.0045	153.6899
-0.0031	69.8409	-18.6401	-0.0045	153.696
-0.0031	69.8409	-18.6414	-0.0045	153.7021
-0.0031	69.8409	-18.6428	-0.0045	153.7082
-0.0031	69.8409	-18.6441	-0.0045	153.7142
-0.0031	69.8409	-18.6454	-0.0045	153.7203
-0.0031	69.8409	-18.6467	-0.0045	153.7263
-0.0031	69.8409	-18.648	-0.0045	153.7324
-0.0031	69.8409	-18.6493	-0.0045	153.7384
-0.0031	69.8409	-18.6506	-0.0045	153.7445
-0.0031	69.8409	-18.6519	-0.0045	153.7505
-0.0031	69.8409	-18.6532	-0.0045	153.7566
-0.0031	69.8409	-18.6545	-0.0045	153.7626
-0.0031	69.8409	-18.6558	-0.0045	153.7687
-0.0031	69.8409	-18.6571	-0.0045	153.7747
-0.0031	69.8409	-18.6584	-0.0045	153.7807
-0.0031	69.8409	-18.6597	-0.0045	153.7867
-0.0031	69.8409	-18.661	-0.0045	153.7928
-0.0031	69.8409	-18.6623	-0.0045	153.7988
-0.0031	69.8409	-18.6636	-0.0045	153.8048
-0.0031	69.8409	-18.6649	-0.0045	153.8108
-0.0031	69.8409	-18.6662	-0.0045	153.8168
-0.0031	69.8409	-18.6675	-0.0045	153.8229
-0.0031	69.8409	-18.6688	-0.0045	153.8289
-0.0031	69.8409	-18.6701	-0.0045	153.8349
-0.0031	69.8409	-18.6714	-0.0045	153.8409
-0.0031	69.8409	-18.6727	-0.0045	153.8469
-0.0031	69.8409	-18.674	-0.0045	153.8529
-0.0031	69.8409	-18.6753	-0.0045	153.8589
-0.0031	69.8409	-18.6766	-0.0045	153.8649
-0.0031	69.8409	-18.6779	-0.0045	153.8708
-0.0031	69.8409	-18.6791	-0.0045	153.8768
-0.0031	69.8409	-18.6804	-0.0045	153.8828
-0.0031	69.8409	-18.6817	-0.0045	153.8888
-0.0031	69.8409	-18.683	-0.0045	153.8948
-0.0031	69.8409	-18.6843	-0.0045	153.9007
-0.0031	69.8409	-18.6856	-0.0045	153.9067
-0.0031	69.8409	-18.6869	-0.0045	153.9127
-0.0031	69.8409	-18.6882	-0.0045	153.9186
-0.0031	69.8409	-18.6894	-0.0045	153.9246
-0.0031	69.8409	-18.6907	-0.0045	153.9306
-0.0031	69.8409	-18.692	-0.0045	153.9365
-0.0031	69.8409	-18.6933	-0.0045	153.9425
-0.0031	69.8409	-18.6946	-0.0045	153.9484
-0.0031	69.8409	-18.6959	-0.0045	153.9544
-0.0031	69.8409	-18.6972	-0.0045	153.9603
-0.0031	69.8409	-18.6984	-0.0045	153.9662
-0.0031	69.8409	-18.6997	-0.0045	153.9722
-0.0031	69.8409	-18.701	-0.0045	153.9781
-0.0031	69.8409	-18.7023	-0.0045	153.9841
-0.0031	69.8409	-18.7036	-0.0045	153.99
-0.0031	69.8409	-18.7048	-0.0045	153.9959
-0.0031	69.8409	-18.7061	-0.0045	154.0018
-0.0031	69.8409	-18.7074	-0.0045	154.0078
-0.0031	69.8409	-18.7087	-0.0045	154.0137
-0.0031	69.8409	-18.7099	-0.0045	154.0196
-0.0031	69.8409	-18.7112	-0.0045	154.0255
-0.0031	69.8409	-18.7125	-0.0045	154.0314
-0.0031	69.8409	-18.7138	-0.0045	154.0373
-0.0031	69.8409	-18.715	-0.0045	154.0432
-0.0031	69.8409	-18.7163	-0.0045	154.0491
-0.0031	69.8409	-18.7176	-0.0045	154.055
-0.0031	69.8409	-18.7189	-0.0045	154.0609
-0.0031	69.8409	-18.7201	-0.0045	154.0668
-0.0031	69.8409	-18.7214	-0.0045	154.0727
-0.0031	69.8409	-18.7227	-0.0045	154.0786
-0.0031	69.8409	-18.7239	-0.0045	154.0845
-0.0031	69.8409	-18.7252	-0.0045	154.0903
-0.0031	69.8409	-18.7265	-0.0045	154.0962
-0.0031	69.8409	-18.7277	-0.0045	154.1021
-0.0031	69.8409	-18.729	-0.0045	154.108
-0.0031	69.8409	-18.7303	-0.0045	154.1138
-0.0031	69.8409	-18.7315	-0.0045	154.1197
-0.0031	69.8409	-18.7328	-0.0045	154.1256
-0.0031	69.8409	-18.7341	-0.0045	154.1314
-0.0031	69.8409	-18.7353	-0.0045	154.1373
-0.0031	69.8409	-18.7366	-0.0045	154.1431
-0.0031	69.8409	-18.7378	-0.0045	154.149
-0.0031	69.8409	-18.7391	-0.0045	154.1548
-0.0031	69.8409	-18.7404	-0.0045	154.1607
-0.0031	69.8409	-18.7416	-0.0045	154.1665
-0.0031	69.8409	-18.7429	-0.0045	154.1723
-0.0031	69.8409	-18.7441	-0.0045	154.1782
-0.0031	69.8409	-18.7454	-0.0045	154.184
-0.0031	69.8409	-18.7467	-0.0045	154.1898
-0.0031	69.8409	-18.7479	-0.0045	154.1957
-0.0031	69.8409	-18.7492	-0.0045	154.2015
-0.0031	69.8409	-18.7504	-0.0045	154.2073
-0.0031	69.8409	-18.7517	-0.0045	154.2131
-0.0031	69.8409	-18.7529	-0.0045	154.2189
-0.0031	69.8409	-18.7542	-0.0045	154.2248
-0.0031	69.8409	-18.7555	-0.0045	154.2306
-0.0031	69.8409	-18.7567	-0.0045	154.2364
-0.0031	69.8409	-18.758	-0.0045	154.2422
-0.0031	69.8409	-18.7592	-0.0045	154.248
-0.0031	69.8409	-18.7605	-0.0045	154.2538
-0.0031	69.8409	-18.7617	-0.0045	154.2596
-0.0031	69.8409	-18.763	-0.0045	154.2654
-0.0031	69.8409	-18.7642	-0.0045	154.2711
-0.0031	69.8409	-18.7655	-0.0045	154.2769
-0.0031	69.8409	-18.7667	-0.0045	154.2827
-0.0031	69.8409	-18.7679	-0.0045	154.2885
-0.0031	69.8409	-18.7692	-0.0045	154.2943
-0.0031	69.8409	-18.7704	-0.0045	154.3
-0.0031	69.8409	-18.7717	-0.0045	154.3058
-0.0031	69.8409	-18.7729	-0.0045	154.3116
-0.0031	69.8409	-18.7742	-0.0045	154.3174
-0.0031	69.8409	-18.7754	-0.0045	154.3231
-0.0031	69.8409	-18.7767	-0.0045	154.3289
-0.0031	69.8409	-18.7779	-0.0045	154.3346
-0.0031	69.8409	-18.7791	-0.0045	154.3404
-0.0031	69.8409	-18.7804	-0.0045	154.3461
-0.0031	69.8409	-18.7816	-0.0045	154.3519
-0.0031	69.8409	-18.7829	-0.0045	154.3576
-0.0031	69.8409	-18.7841	-0.0045	154.3634
-0.0031	69.8409	-18.7853	-0.0045	154.3691
-0.0031	69.8409	-18.7866	-0.0045	154.3748
-0.0031	69.8409	-18.7878	-0.0045	154.3806
-0.0031	69.8409	-18.789	-0.0045	154.3863
-0.0031	69.8409	-18.7903	-0.0045	154.392
-0.0031	69.8409	-18.7915	-0.0045	154.3977
-0.0031	69.8409	-18.7927	-0.0045	154.4035
-0.0031	69.8409	-18.794	-0.0045	154.4092
-0.0031	69.8409	-18.7952	-0.0045	154.4149
-0.0031	69.8409	-18.7964	-0.0045	154.4206
-0.0031	69.8409	-18.7977	-0.0045	154.4263
-0.0031	69.8409	-18.7989	-0.0045	154.432
-0.0031	69.8409	-18.8001	-0.0045	154.4377
-0.0031	69.8409	-18.8014	-0.0045	154.4434
-0.0031	69.8409	-18.8026	-0.0045	154.4491
-0.0031	69.8409	-18.8038	-0.0045	154.4548
-0.0031	69.8409	-18.8051	-0.0045	154.4605
-0.0031	69.8409	-18.8063	-0.0045	154.4662
-0.0031	69.8409	-18.8075	-0.0045	154.4719
-0.0031	69.8409	-18.8087	-0.0045	154.4776
-0.0031	69.8409	-18.81	-0.0045	154.4832
-0.0031	69.8409	-18.8112	-0.0045	154.4889
-0.0031	69.8409	-18.8124	-0.0045	154.4946
-0.0031	69.8409	-18.8136	-0.0045	154.5003
-0.0031	69.8409	-18.8148	-0.0045	154.5059
-0.0031	69.8409	-18.8161	-0.0045	154.5116
-0.0031	69.8409	-18.8173	-0.0045	154.5173
-0.0031	69.8409	-18.8185	-0.0045	154.5229
-0.0031	69.8409	-18.8197	-0.0045	154.5286
-0.0031	69.8409	-18.821	-0.0045	154.5342
-0.0031	69.8409	-18.8222	-0.0045	154.5399
-0.0031	69.8409	-18.8234	-0.0045	154.5455
-0.0031	69.8409	-18.8246	-0.0045	154.5512
-0.0031	69.8409	-18.8258	-0.0045	154.5568
-0.0031	69.8409	-18.827	-0.0045	154.5624
-0.0031	69.8409	-18.8283	-0.0045	154.5681
-0.0031	69.8409	-18.8295	-0.0045	154.5737
-0.0031	69.8409	-18.8307	-0.0045	154.5793
-0.0031	69.8409	-18.8319	-0.0045	154.585
-0.0031	69.8409	-18.8331	-0.0045	154.5906
-0.0031	69.8409	-18.8343	-0.0045	154.5962
-0.0031	69.8409	-18.8355	-0.0045	154.6018
-0.0031	69.8409	-18.8367	-0.0045	154.6074
-0.0031	69.8409	-18.838	-0.0045	154.613
-0.0031	69.8409	-18.8392	-0.0045	154.6186
-0.0031	69.8409	-18.8404	-0.0045	154.6242
-0.0031	69.8409	-18.8416	-0.0045	154.6298
-0.0031	69.8409	-18.8428	-0.0045	154.6354
-0.0031	69.8409	-18.844	-0.0045	154.641
-0.0031	69.8409	-18.8452	-0.0045	154.6466
-0.0031	69.8409	-18.8464	-0.0045	154.6522
-0.0031	69.8409	-18.8476	-0.0045	154.6578
-0.0031	69.8409	-18.8488	-0.0045	154.6634
-0.0031	69.8409	-18.85	-0.0045	154.669
-0.0031	69.8409	-18.8512	-0.0045	154.6745
-0.0031	69.8409	-18.8524	-0.0045	154.6801
-0.0031	69.8409	-18.8536	-0.0045	154.6857
-0.0031	69.8409	-18.8548	-0.0045	154.6913
-0.0031	69.8409	-18.856	-0.0045	154.6968
-0.0031	69.8409	-18.8572	-0.0045	154.7024
-0.0031	69.8409	-18.8584	-0.0045	154.708
-0.0031	69.8409	-18.8596	-0.0045	154.7135
-0.0031	69.8409	-18.8608	-0.0045	154.7191
-0.0031	69.8409	-18.862	-0.0045	154.7246
-0.0031	69.8409	-18.8632	-0.0045	154.7302
-0.0031	69.8409	-18.8644	-0.0045	154.7357
-0.0031	69.8409	-18.8656	-0.0045	154.7412
-0.0031	69.8409	-18.8668	-0.0045	154.7468
-0.0031	69.8409	-18.868	-0.0045	154.7523
-0.0031	69.8409	-18.8692	-0.0045	154.7579
-0.0031	69.8409	-18.8704	-0.0045	154.7634
-0.0031	69.8409	-18.8716	-0.0045	154.7689
-0.0031	69.8409	-18.8728	-0.0045	154.7744
-0.0031	69.8409	-18.874	-0.0045	154.7799
-0.0031	69.8409	-18.8752	-0.0045	154.7855
-0.0031	69.8409	-18.8763	-0.0045	154.791
-0.0031	69.8409	-18.8775	-0.0045	154.7965
-0.0031	69.8409	-18.8787	-0.0045	154.802
-0.0031	69.8409	-18.8799	-0.0045	154.8075
-0.0031	69.8409	-18.8811	-0.0045	154.813
-0.0031	69.8409	-18.8823	-0.0045	154.8185
-0.0031	69.8409	-18.8835	-0.0045	154.824
-0.0031	69.8409	-18.8846	-0.0045	154.8295
-0.0031	69.8409	-18.8858	-0.0045	154.835
-0.0031	69.8409	-18.887	-0.0045	154.8405
-0.0031	69.8409	-18.8882	-0.0045	154.846
-0.0031	69.8409	-18.8894	-0.0045	154.8514
-0.0031	69.8409	-18.8906	-0.0045	154.8569
-0.0031	69.8409	-18.8917	-0.0045	154.8624
-0.0031	69.8409	-18.8929	-0.0045	154.8679
-0.0031	69.8409	-18.8941	-0.0045	154.8733
-0.0031	69.8409	-18.8953	-0.0045	154.8788
-0.0031	69.8409	-18.8965	-0.0045	154.8843
-0.0031	69.8409	-18.8976	-0.0045	154.8897
-0.0031	69.8409	-18.8988	-0.0045	154.8952
-0.0031	69.8409	-18.9	-0.0045	154.9006
-0.0031	69.8409	-18.9012	-0.0045	154.9061
-0.0031	69.8409	-18.9023	-0.0045	154.9115
-0.0031	69.8409	-18.9035	-0.0045	154.917
-0.0031	69.8409	-18.9047	-0.0045	154.9224
-0.0031	69.8409	-18.9059	-0.0045	154.9279
-0.0031	69.8409	-18.907	-0.0045	154.9333
-0.0031	69.8409	-18.9082	-0.0045	154.9387
-0.0031	69.8409	-18.9094	-0.0045	154.9442
-0.0031	69.8409	-18.9106	-0.0045	154.9496
-0.0031	69.8409	-18.9117	-0.0045	154.955
-0.0031	69.8409	-18.9129	-0.0045	154.9604
-0.0031	69.8409	-18.9141	-0.0045	154.9659
-0.0031	69.8409	-18.9152	-0.0045	154.9713
-0.0031	69.8409	-18.9164	-0.0045	154.9767
-0.0031	69.8409	-18.9176	-0.0045	154.9821
-0.0031	69.8409	-18.9187	-0.0045	154.9875
-0.0031	69.8409	-18.9199	-0.0045	154.9929
-0.0031	69.8409	-18.9211	-0.0045	154.9983
-0.0031	69.8409	-18.9222	-0.0045	155.0037
-0.0031	69.8409	-18.9234	-0.0045	155.0091
-0.0031	69.8409	-18.9246	-0.0045	155.0145
-0.0031	69.8409	-18.9257	-0.0045	155.0199
-0.0031	69.8409	-18.9269	-0.0045	155.0252
-0.0031	69.8409	-18.928	-0.0045	155.0306
-0.0031	69.8409	-18.9292	-0.0045	155.036
-0.0031	69.8409	-18.9304	-0.0045	155.0414
-0.0031	69.8409	-18.9315	-0.0045	155.0468
-0.0031	69.8409	-18.9327	-0.0045	155.0521
-0.0031	69.8409	-18.9338	-0.0045	155.0575
-0.0031	69.8409	-18.935	-0.0045	155.0629
-0.0031	69.8409	-18.9361	-0.0045	155.0682
-0.0031	69.8409	-18.9373	-0.0045	155.0736
-0.0031	69.8409	-18.9385	-0.0045	155.0789
-0.0031	69.8409	-18.9396	-0.0045	155.0843
-0.0031	69.8409	-18.9408	-0.0045	155.0896
-0.0031	69.8409	-18.9419	-0.0045	155.095
-0.0031	69.8409	-18.9431	-0.0045	155.1003
-0.0031	69.8409	-18.9442	-0.0045	155.1057
-0.0031	69.8409	-18.9454	-0.0045	155.111
-0.0031	69.8409	-18.9465	-0.0045	155.1163
-0.0031	69.8409	-18.9477	-0.0045	155.1217
-0.0031	69.8409	-18.9488	-0.0045	155.127
-0.0031	69.8409	-18.95	-0.0045	155.1323
-0.0031	69.8409	-18.9511	-0.0045	155.1376
-0.0031	69.8409	-18.9523	-0.0045	155.1429
-0.0031	69.8409	-18.9534	-0.0045	155.1483
-0.0031	69.8409	-18.9546	-0.0045	155.1536
-0.0031	69.8409	-18.9557	-0.0045	155.1589
-0.0031	69.8409	-18.9568	-0.0045	155.1642
-0.0031	69.8409	-18.958	-0.0045	155.1695
-0.0031	69.8409	-18.9591	-0.0045	155.1748
-0.0031	69.8409	-18.9603	-0.0045	155.1801
-0.0031	69.8409	-18.9614	-0.0045	155.1854
-0.0031	69.8409	-18.9626	-0.0045	155.1907
-0.0031	69.8409	-18.9637	-0.0045	155.196
-0.0031	69.8409	-18.9648	-0.0045	155.2012
-0.0031	69.8409	-18.966	-0.0045	155.2065
-0.0031	69.8409	-18.9671	-0.0045	155.2118
-0.0031	69.8409	-18.9683	-0.0045	155.2171
-0.0031	69.8409	-18.9694	-0.0045	155.2223
-0.0031	69.8409	-18.9705	-0.0045	155.2276
-0.0031	69.8409	-18.9717	-0.0045	155.2329
-0.0031	69.8409	-18.9728	-0.0045	155.2381
-0.0031	69.8409	-18.9739	-0.0045	155.2434
-0.0031	69.8409	-18.9751	-0.0045	155.2487
-0.0031	69.8409	-18.9762	-0.0045	155.2539
-0.0031	69.8409	-18.9773	-0.0045	155.2592
-0.0031	69.8409	-18.9785	-0.0045	155.2644
-0.0031	69.8409	-18.9796	-0.0045	155.2697
-0.0031	69.8409	-18.9807	-0.0045	155.2749
-0.0031	69.8409	-18.9819	-0.0045	155.2801
-0.0031	69.8409	-18.983	-0.0045	155.2854
-0.0031	69.8409	-18.9841	-0.0045	155.2906
-0.0031	69.8409	-18.9852	-0.0045	155.2958
-0.0031	69.8409	-18.9864	-0.0045	155.3011
-0.0031	69.8409	-18.9875	-0.0045	155.3063
-0.0031	69.8409	-18.9886	-0.0045	155.3115
-0.0031	69.8409	-18.9898	-0.0045	155.3167
-0.0031	69.8409	-18.9909	-0.0045	155.3219
-0.0031	69.8409	-18.992	-0.0045	155.3272
-0.0031	69.8409	-18.9931	-0.0045	155.3324
-0.0031	69.8409	-18.9942	-0.0045	155.3376
-0.0031	69.8409	-18.9954	-0.0045	155.3428
-0.0031	69.8409	-18.9965	-0.0045	155.348
-0.0031	69.8409	-18.9976	-0.0045	155.3532
-0.0031	69.8409	-18.9987	-0.0045	155.3584
-0.0031	69.8409	-18.9999	-0.0045	155.3636
-0.0031	69.8409	-19.001	-0.0045	155.3687
-0.0031	69.8409	-19.0021	-0.0045	155.3739
-0.0031	69.8409	-19.0032	-0.0045	155.3791
-0.0031	69.8409	-19.0043	-0.0045	155.3843
-0.0031	69.8409	-19.0054	-0.0045	155.3895
-0.0031	69.8409	-19.0066	-0.0045	155.3946
-0.0031	69.8409	-19.0077	-0.0045	155.3998
-0.0031	69.8409	-19.0088	-0.0045	155.405
-0.0031	69.8409	-19.0099	-0.0045	155.4101
-0.0031	69.8409	-19.011	-0.0045	155.4153
-0.0031	69.8409	-19.0121	-0.0045	155.4204
-0.0031	69.8409	-19.0132	-0.0045	155.4256
-0.0031	69.8409	-19.0143	-0.0045	155.4307
-0.0031	69.8409	-19.0155	-0.0045	155.4359
-0.0031	69.8409	-19.0166	-0.0045	155.441
-0.0031	69.8409	-19.0177	-0.0045	155.4462
-0.0031	69.8409	-19.0188	-0.0045	155.4513
-0.0031	69.8409	-19.0199	-0.0045	155.4564
-0.0031	69.8409	-19.021	-0.0045	155.4616
-0.0031	69.8409	-19.0221	-0.0045	155.4667
-0.0031	69.8409	-19.0232	-0.0045	155.4718
-0.0031	69.8409	-19.0243	-0.0045	155.477
-0.0031	69.8409	-19.0254	-0.0045	155.4821
-0.0031	69.8409	-19.0265	-0.0045	155.4872
-0.0031	69.8409	-19.0276	-0.0045	155.4923
-0.0031	69.8409	-19.0287	-0.0045	155.4974
-0.0031	69.8409	-19.0298	-0.0045	155.5025
-0.0031	69.8409	-19.0309	-0.0045	155.5076
-0.0031	69.8409	-19.032	-0.0045	155.5127
-0.0031	69.8409	-19.0331	-0.0045	155.5178
-0.0031	69.8409	-19.0342	-0.0045	155.5229
-0.0031	69.8409	-19.0353	-0.0045	155.528
-0.0031	69.8409	-19.0364	-0.0045	155.5331
-0.0031	69.8409	-19.0375	-0.0045	155.5382
-0.0031	69.8409	-19.0386	-0.0045	155.5433
-0.0031	69.8409	-19.0397	-0.0045	155.5484
-0.0031	69.8409	-19.0408	-0.0045	155.5534
-0.0031	69.8409	-19.0419	-0.0045	155.5585
-0.0031	69.8409	-19.043	-0.0045	155.5636
-0.0031	69.8409	-19.0441	-0.0045	155.5686
-0.0031	69.8409	-19.0452	-0.0045	155.5737
-0.0031	69.8409	-19.0463	-0.0045	155.5788
-0.0031	69.8409	-19.0474	-0.0045	155.5838
-0.0031	69.8409	-19.0485	-0.0045	155.5889
-0.0031	69.8409	-19.0495	-0.0045	155.5939
-0.0031	69.8409	-19.0506	-0.0045	155.599
-0.0031	69.8409	-19.0517	-0.0045	155.604
-0.0031	69.8409	-19.0528	-0.0045	155.6091
-0.0031	69.8409	-19.0539	-0.0045	155.6141
-0.0031	69.8409	-19.055	-0.0045	155.6191
-0.0031	69.8409	-19.0561	-0.0045	155.6242
-0.0031	69.8409	-19.0572	-0.0045	155.6292
-0.0031	69.8409	-19.0582	-0.0045	155.6342
-0.0031	69.8409	-19.0593	-0.0045	155.6393
-0.0031	69.8409	-19.0604	-0.0045	155.6443
-0.0031	69.8409	-19.0615	-0.0045	155.6493
-0.0031	69.8409	-19.0626	-0.0045	155.6543
-0.0031	69.8409	-19.0637	-0.0045	155.6593
-0.0031	69.8409	-19.0647	-0.0045	155.6643
-0.0031	69.8409	-19.0658	-0.0045	155.6693
-0.0031	69.8409	-19.0669	-0.0045	155.6743
-0.0031	69.8409	-19.068	-0.0045	155.6793
-0.0031	69.8409	-19.0691	-0.0045	155.6843
-0.0031	69.8409	-19.0701	-0.0045	155.6893
-0.0031	69.8409	-19.0712	-0.0045	155.6943
-0.0031	69.8409	-19.0723	-0.0045	155.6993
-0.0031	69.8409	-19.0734	-0.0045	155.7043
-0.0031	69.8409	-19.0744	-0.0045	155.7093
-0.0031	69.8409	-19.0755	-0.0045	155.7143
-0.0031	69.8409	-19.0766	-0.0045	155.7192
-0.0031	69.8409	-19.0777	-0.0045	155.7242
-0.0031	69.8409	-19.0787	-0.0045	155.7292
-0.0031	69.8409	-19.0798	-0.0045	155.7341
-0.0031	69.8409	-19.0809	-0.0045	155.7391
-0.0031	69.8409	-19.0819	-0.0045	155.7441
-0.0031	69.8409	-19.083	-0.0045	155.749
-0.0031	69.8409	-19.0841	-0.0045	155.754
-0.0031	69.8409	-19.0851	-0.0045	155.7589
-0.0031	69.8409	-19.0862	-0.0045	155.7639
-0.0031	69.8409	-19.0873	-0.0045	155.7688
-0.0031	69.8409	-19.0883	-0.0045	155.7738
-0.0031	69.8409	-19.0894	-0.0045	155.7787
-0.0031	69.8409	-19.0905	-0.0045	155.7836
-0.0031	69.8409	-19.0915	-0.0045	155.7886
-0.0031	69.8409	-19.0926	-0.0045	155.7935
-0.0031	69.8409	-19.0937	-0.0045	155.7984
-0.0031	69.8409	-19.0947	-0.0045	155.8033
-0.0031	69.8409	-19.0958	-0.0045	155.8083
-0.0031	69.8409	-19.0968	-0.0045	155.8132
-0.0031	69.8409	-19.0979	-0.0045	155.8181
-0.0031	69.8409	-19.099	-0.0045	155.823
-0.0031	69.8409	-19.1	-0.0045	155.8279
-0.0031	69.8409	-19.1011	-0.0045	155.8328
-0.0031	69.8409	-19.1021	-0.0045	155.8377
-0.0031	69.8409	-19.1032	-0.0045	155.8426
-0.0031	69.8409	-19.1042	-0.0045	155.8475
-0.0031	69.8409	-19.1053	-0.0045	155.8524
-0.0031	69.8409	-19.1064	-0.0045	155.8573
-0.0031	69.8409	-19.1074	-0.0045	155.8622
-0.0031	69.8409	-19.1085	-0.0045	155.8671
-0.0031	69.8409	-19.1095	-0.0045	155.8719
-0.0031	69.8409	-19.1106	-0.0045	155.8768
-0.0031	69.8409	-19.1116	-0.0045	155.8817
-0.0031	69.8409	-19.1127	-0.0045	155.8866
-0.0031	69.8409	-19.1137	-0.0045	155.8914
-0.0031	69.8409	-19.1148	-0.0045	155.8963
-0.0031	69.8409	-19.1158	-0.0045	155.9011
-0.0031	69.8409	-19.1169	-0.0045	155.906
-0.0031	69.8409	-19.1179	-0.0045	155.9109
-0.0031	69.8409	-19.119	-0.0045	155.9157
-0.0031	69.8409	-19.12	-0.0045	155.9206
-0.0031	69.8409	-19.1211	-0.0045	155.9254
-0.0031	69.8409	-19.1221	-0.0045	155.9302
-0.0031	69.8409	-19.1231	-0.0045	155.9351
-0.0031	69.8409	-19.1242	-0.0045	155.9399
-0.0031	69.8409	-19.1252	-0.0045	155.9448
-0.0031	69.8409	-19.1263	-0.0045	155.9496
-0.0031	69.8409	-19.1273	-0.0045	155.9544
-0.0031	69.8409	-19.1283	-0.0045	155.9592
-0.0031	69.8409	-19.1294	-0.0045	155.9641
-0.0031	69.8409	-19.1304	-0.0045	155.9689
-0.0031	69.8409	-19.1315	-0.0045	155.9737
-0.0031	69.8409	-19.1325	-0.0045	155.9785
-0.0031	69.8409	-19.1335	-0.0045	155.9833
-0.0031	69.8409	-19.1346	-0.0045	155.9881
-0.0031	69.8409	-19.1356	-0.0045	155.9929
-0.0031	69.8409	-19.1367	-0.0045	155.9977
-0.0031	69.8409	-19.1377	-0.0045	156.0025
-0.0031	69.8409	-19.1387	-0.0045	156.0073
-0.0031	69.8409	-19.1398	-0.0045	156.0121
-0.0031	69.8409	-19.1408	-0.0045	156.0169
-0.0031	69.8409	-19.1418	-0.0045	156.0217
-0.0031	69.8409	-19.1428	-0.0045	156.0264
-0.0031	69.8409	-19.1439	-0.0045	156.0312
-0.0031	69.8409	-19.1449	-0.0045	156.036
-0.0031	69.8409	-19.1459	-0.0045	156.0408
-0.0031	69.8409	-19.147	-0.0045	156.0455
-0.0031	69.8409	-19.148	-0.0045	156.0503
-0.0031	69.8409	-19.149	-0.0045	156.0551
-0.0031	69.8409	-19.15	-0.0045	156.0598
-0.0031	69.8409	-19.1511	-0.0045	156.0646
-0.0031	69.8409	-19.1521	-0.0045	156.0693
-0.0031	69.8409	-19.1531	-0.0045	156.0741
-0.0031	69.8409	-19.1541	-0.0045	156.0788
-0.0031	69.8409	-19.1552	-0.0045	156.0836
-0.0031	69.8409	-19.1562	-0.0045	156.0883
-0.0031	69.8409	-19.1572	-0.0045	156.093
-0.0031	69.8409	-19.1582	-0.0045	156.0978
-0.0031	69.8409	-19.1593	-0.0045	156.1025
-0.0031	69.8409	-19.1603	-0.0045	156.1072
-0.0031	69.8409	-19.1613	-0.0045	156.112
-0.0031	69.8409	-19.1623	-0.0045	156.1167
-0.0031	69.8409	-19.1633	-0.0045	156.1214
-0.0031	69.8409	-19.1643	-0.0045	156.1261
-0.0031	69.8409	-19.1654	-0.0045	156.1308
-0.0031	69.8409	-19.1664	-0.0045	156.1355
-0.0031	69.8409	-19.1674	-0.0045	156.1402
-0.0031	69.8409	-19.1684	-0.0045	156.145
-0.0031	69.8409	-19.1694	-0.0045	156.1497
-0.0031	69.8409	-19.1704	-0.0045	156.1543
-0.0031	69.8409	-19.1714	-0.0045	156.159
-0.0031	69.8409	-19.1725	-0.0045	156.1637
-0.0031	69.8409	-19.1735	-0.0045	156.1684
-0.0031	69.8409	-19.1745	-0.0045	156.1731
-0.0031	69.8409	-19.1755	-0.0045	156.1778
-0.0031	69.8409	-19.1765	-0.0045	156.1825
-0.0031	69.8409	-19.1775	-0.0045	156.1871
-0.0031	69.8409	-19.1785	-0.0045	156.1918
-0.0031	69.8409	-19.1795	-0.0045	156.1965
-0.0031	69.8409	-19.1805	-0.0045	156.2011
-0.0031	69.8409	-19.1815	-0.0045	156.2058
-0.0031	69.8409	-19.1825	-0.0045	156.2105
-0.0031	69.8409	-19.1835	-0.0045	156.2151
-0.0031	69.8409	-19.1846	-0.0045	156.2198
-0.0031	69.8409	-19.1856	-0.0045	156.2244
-0.0031	69.8409	-19.1866	-0.0045	156.2291
-0.0031	69.8409	-19.1876	-0.0045	156.2337
-0.0031	69.8409	-19.1886	-0.0045	156.2384
-0.0031	69.8409	-19.1896	-0.0045	156.243
-0.0031	69.8409	-19.1906	-0.0045	156.2476
-0.0031	69.8409	-19.1916	-0.0045	156.2523
-0.0031	69.8409	-19.1926	-0.0045	156.2569
-0.0031	69.8409	-19.1936	-0.0045	156.2615
-0.0031	69.8409	-19.1946	-0.0045	156.2661
-0.0031	69.8409	-19.1955	-0.0045	156.2708
-0.0031	69.8409	-19.1965	-0.0045	156.2754
-0.0031	69.8409	-19.1975	-0.0045	156.28
-0.0031	69.8409	-19.1985	-0.0045	156.2846
-0.0031	69.8409	-19.1995	-0.0045	156.2892
-0.0031	69.8409	-19.2005	-0.0045	156.2938
-0.0031	69.8409	-19.2015	-0.0045	156.2984
-0.0031	69.8409	-19.2025	-0.0045	156.303
-0.0031	69.8409	-19.2035	-0.0045	156.3076
-0.0031	69.8409	-19.2045	-0.0045	156.3122
-0.0031	69.8409	-19.2055	-0.0045	156.3168
-0.0031	69.8409	-19.2065	-0.0045	156.3214
-0.0031	69.8409	-19.2075	-0.0045	156.3259
-0.0031	69.8409	-19.2084	-0.0045	156.3305
-0.0031	69.8409	-19.2094	-0.0045	156.3351
-0.0031	69.8409	-19.2104	-0.0045	156.3397
-0.0031	69.8409	-19.2114	-0.0045	156.3442
-0.0031	69.8409	-19.2124	-0.0045	156.3488
-0.0031	69.8409	-19.2134	-0.0045	156.3534
-0.0031	69.8409	-19.2144	-0.0045	156.3579
-0.0031	69.8409	-19.2153	-0.0045	156.3625
-0.0031	69.8409	-19.2163	-0.0045	156.367
-0.0031	69.8409	-19.2173	-0.0045	156.3716
-0.0031	69.8409	-19.2183	-0.0045	156.3761
-0.0031	69.8409	-19.2193	-0.0045	156.3807
-0.0031	69.8409	-19.2202	-0.0045	156.3852
-0.0031	69.8409	-19.2212	-0.0045	156.3898
-0.0031	69.8409	-19.2222	-0.0045	156.3943
-0.0031	69.8409	-19.2232	-0.0045	156.3988
-0.0031	69.8409	-19.2242	-0.0045	156.4034
-0.0031	69.8409	-19.2251	-0.0045	156.4079
-0.0031	69.8409	-19.2261	-0.0045	156.4124
-0.0031	69.8409	-19.2271	-0.0045	156.4169
-0.0031	69.8409	-19.2281	-0.0045	156.4214
-0.0031	69.8409	-19.229	-0.0045	156.4259
-0.0031	69.8409	-19.23	-0.0045	156.4305
-0.0031	69.8409	-19.231	-0.0045	156.435
-0.0031	69.8409	-19.2319	-0.0045	156.4395
-0.0031	69.8409	-19.2329	-0.0045	156.444
-0.0031	69.8409	-19.2339	-0.0045	156.4485
-0.0031	69.8409	-19.2349	-0.0045	156.453
-0.0031	69.8409	-19.2358	-0.0045	156.4575
-0.0031	69.8409	-19.2368	-0.0045	156.4619
-0.0031	69.8409	-19.2378	-0.0045	156.4664
-0.0031	69.8409	-19.2387	-0.0045	156.4709
-0.0031	69.8409	-19.2397	-0.0045	156.4754
-0.0031	69.8409	-19.2407	-0.0045	156.4799
-0.0031	69.8409	-19.2416	-0.0045	156.4843
-0.0031	69.8409	-19.2426	-0.0045	156.4888
-0.0031	69.8409	-19.2435	-0.0045	156.4933
-0.0031	69.8409	-19.2445	-0.0045	156.4977
-0.0031	69.8409	-19.2455	-0.0045	156.5022
-0.0031	69.8409	-19.2464	-0.0045	156.5067
-0.0031	69.8409	-19.2474	-0.0045	156.5111
-0.0031	69.8409	-19.2484	-0.0045	156.5156
-0.0031	69.8409	-19.2493	-0.0045	156.52
-0.0031	69.8409	-19.2503	-0.0045	156.5244
-0.0031	69.8409	-19.2512	-0.0045	156.5289
-0.0031	69.8409	-19.2522	-0.0045	156.5333
-0.0031	69.8409	-19.2531	-0.0045	156.5378
-0.0031	69.8409	-19.2541	-0.0045	156.5422
-0.0031	69.8409	-19.2551	-0.0045	156.5466
-0.0031	69.8409	-19.256	-0.0045	156.551
-0.0031	69.8409	-19.257	-0.0045	156.5555
-0.0031	69.8409	-19.2579	-0.0045	156.5599
-0.0031	69.8409	-19.2589	-0.0045	156.5643
-0.0031	69.8409	-19.2598	-0.0045	156.5687
-0.0031	69.8409	-19.2608	-0.0045	156.5731
-0.0031	69.8409	-19.2617	-0.0045	156.5775
-0.0031	69.8409	-19.2627	-0.0045	156.5819
-0.0031	69.8409	-19.2636	-0.0045	156.5863
-0.0031	69.8409	-19.2646	-0.0045	156.5907
-0.0031	69.8409	-19.2655	-0.0045	156.5951
-0.0031	69.8409	-19.2665	-0.0045	156.5995
-0.0031	69.8409	-19.2674	-0.0045	156.6039
-0.0031	69.8409	-19.2684	-0.0045	156.6083
-0.0031	69.8409	-19.2693	-0.0045	156.6127
-0.0031	69.8409	-19.2703	-0.0045	156.6171
-0.0031	69.8409	-19.2712	-0.0045	156.6214
-0.0031	69.8409	-19.2721	-0.0045	156.6258
-0.0031	69.8409	-19.2731	-0.0045	156.6302
-0.0031	69.8409	-19.274	-0.0045	156.6345
-0.0031	69.8409	-19.275	-0.0045	156.6389
-0.0031	69.8409	-19.2759	-0.0045	156.6433
-0.0031	69.8409	-19.2768	-0.0045	156.6476
-0.0031	69.8409	-19.2778	-0.0045	156.652
-0.0031	69.8409	-19.2787	-0.0045	156.6563
-0.0031	69.8409	-19.2797	-0.0045	156.6607
-0.0031	69.8409	-19.2806	-0.0045	156.665
-0.0031	69.8409	-19.2815	-0.0045	156.6694
-0.0031	69.8409	-19.2825	-0.0045	156.6737
-0.0031	69.8409	-19.2834	-0.0045	156.678
-0.0031	69.8409	-19.2843	-0.0045	156.6824
-0.0031	69.8409	-19.2853	-0.0045	156.6867
-0.0031	69.8409	-19.2862	-0.0045	156.691
-0.0031	69.8409	-19.2871	-0.0045	156.6954
-0.0031	69.8409	-19.2881	-0.0045	156.6997
-0.0031	69.8409	-19.289	-0.0045	156.704
-0.0031	69.8409	-19.2899	-0.0045	156.7083
-0.0031	69.8409	-19.2909	-0.0045	156.7126
-0.0031	69.8409	-19.2918	-0.0045	156.7169
-0.0031	69.8409	-19.2927	-0.0045	156.7212
-0.0031	69.8409	-19.2936	-0.0045	156.7255
-0.0031	69.8409	-19.2946	-0.0045	156.7298
-0.0031	69.8409	-19.2955	-0.0045	156.7341
-0.0031	69.8409	-19.2964	-0.0045	156.7384
-0.0031	69.8409	-19.2974	-0.0045	156.7427
-0.0031	69.8409	-19.2983	-0.0045	156.747
-0.0031	69.8409	-19.2992	-0.0045	156.7513
-0.0031	69.8409	-19.3001	-0.0045	156.7555
-0.0031	69.8409	-19.301	-0.0045	156.7598
-0.0031	69.8409	-19.302	-0.0045	156.7641
-0.0031	69.8409	-19.3029	-0.0045	156.7684
-0.0031	69.8409	-19.3038	-0.0045	156.7726
-0.0031	69.8409	-19.3047	-0.0045	156.7769
-0.0031	69.8409	-19.3056	-0.0045	156.7812
-0.0031	69.8409	-19.3066	-0.0045	156.7854
-0.0031	69.8409	-19.3075	-0.0045	156.7897
-0.0031	69.8409	-19.3084	-0.0045	156.7939
-0.0031	69.8409	-19.3093	-0.0045	156.7982
-0.0031	69.8409	-19.3102	-0.0045	156.8024
-0.0031	69.8409	-19.3111	-0.0045	156.8066
-0.0031	69.8409	-19.3121	-0.0045	156.8109
-0.0031	69.8409	-19.313	-0.0045	156.8151
-0.0031	69.8409	-19.3139	-0.0045	156.8194
-0.0031	69.8409	-19.3148	-0.0045	156.8236
-0.0031	69.8409	-19.3157	-0.0045	156.8278
-0.0031	69.8409	-19.3166	-0.0045	156.832
-0.0031	69.8409	-19.3175	-0.0045	156.8363
-0.0031	69.8409	-19.3184	-0.0045	156.8405
-0.0031	69.8409	-19.3194	-0.0045	156.8447
-0.0031	69.8409	-19.3203	-0.0045	156.8489
-0.0031	69.8409	-19.3212	-0.0045	156.8531
-0.0031	69.8409	-19.3221	-0.0045	156.8573
-0.0031	69.8409	-19.323	-0.0045	156.8615
-0.0031	69.8409	-19.3239	-0.0045	156.8657
-0.0031	69.8409	-19.3248	-0.0045	156.8699
-0.0031	69.8409	-19.3257	-0.0045	156.8741
-0.0031	69.8409	-19.3266	-0.0045	156.8783
-0.0031	69.8409	-19.3275	-0.0045	156.8825
-0.0031	69.8409	-19.3284	-0.0045	156.8866
-0.0031	69.8409	-19.3293	-0.0045	156.8908
-0.0031	69.8409	-19.3302	-0.0045	156.895
-0.0031	69.8409	-19.3311	-0.0045	156.8992
-0.0031	69.8409	-19.332	-0.0045	156.9033
-0.0031	69.8409	-19.3329	-0.0045	156.9075
-0.0031	69.8409	-19.3338	-0.0045	156.9117
-0.0031	69.8409	-19.3347	-0.0045	156.9158
-0.0031	69.8409	-19.3356	-0.0045	156.92
-0.0031	69.8409	-19.3365	-0.0045	156.9241
-0.0031	69.8409	-19.3374	-0.0045	156.9283
-0.0031	69.8409	-19.3383	-0.0045	156.9324
-0.0031	69.8409	-19.3392	-0.0045	156.9366
-0.0031	69.8409	-19.3401	-0.0045	156.9407
-0.0031	69.8409	-19.341	-0.0045	156.9449
-0.0031	69.8409	-19.3419	-0.0045	156.949
-0.0031	69.8409	-19.3427	-0.0045	156.9531
-0.0031	69.8409	-19.3436	-0.0045	156.9573
-0.0031	69.8409	-19.3445	-0.0045	156.9614
-0.0031	69.8409	-19.3454	-0.0045	156.9655
-0.0031	69.8409	-19.3463	-0.0045	156.9696
-0.0031	69.8409	-19.3472	-0.0045	156.9738
-0.0031	69.8409	-19.3481	-0.0045	156.9779
-0.0031	69.8409	-19.349	-0.0045	156.982
-0.0031	69.8409	-19.3499	-0.0045	156.9861
-0.0031	69.8409	-19.3507	-0.0045	156.9902
-0.0031	69.8409	-19.3516	-0.0045	156.9943
-0.0031	69.8409	-19.3525	-0.0045	156.9984
-0.0031	69.8409	-19.3534	-0.0045	157.0025
-0.0031	69.8409	-19.3543	-0.0045	157.0066
-0.0031	69.8409	-19.3552	-0.0045	157.0107
-0.0031	69.8409	-19.356	-0.0045	157.0147
-0.0031	69.8409	-19.3569	-0.0045	157.0188
-0.0031	69.8409	-19.3578	-0.0045	157.0229
-0.0031	69.8409	-19.3587	-0.0045	157.027
-0.0031	69.8409	-19.3596	-0.0045	157.0311
-0.0031	69.8409	-19.3604	-0.0045	157.0351
-0.0031	69.8409	-19.3613	-0.0045	157.0392
-0.0031	69.8409	-19.3622	-0.0045	157.0433
-0.0031	69.8409	-19.3631	-0.0045	157.0473
-0.0031	69.8409	-19.3639	-0.0045	157.0514
-0.0031	69.8409	-19.3648	-0.0045	157.0554
-0.0031	69.8409	-19.3657	-0.0045	157.0595
-0.0031	69.8409	-19.3666	-0.0045	157.0635
-0.0031	69.8409	-19.3674	-0.0045	157.0676
-0.0031	69.8409	-19.3683	-0.0045	157.0716
-0.0031	69.8409	-19.3692	-0.0045	157.0757
-0.0031	69.8409	-19.37	-0.0045	157.0797
-0.0031	69.8409	-19.3709	-0.0045	157.0837
-0.0031	69.8409	-19.3718	-0.0045	157.0877
-0.0031	69.8409	-19.3727	-0.0045	157.0918
-0.0031	69.8409	-19.3735	-0.0045	157.0958
-0.0031	69.8409	-19.3744	-0.0045	157.0998
-0.0031	69.8409	-19.3753	-0.0045	157.1038
-0.0031	69.8409	-19.3761	-0.0045	157.1078
-0.0031	69.8409	-19.377	-0.0045	157.1119
-0.0031	69.8409	-19.3779	-0.0045	157.1159
-0.0031	69.8409	-19.3787	-0.0045	157.1199
-0.0031	69.8409	-19.3796	-0.0045	157.1239
-0.0031	69.8409	-19.3804	-0.0045	157.1279
-0.0031	69.8409	-19.3813	-0.0045	157.1319
-0.0031	69.8409	-19.3822	-0.0045	157.1359
-0.0031	69.8409	-19.383	-0.0045	157.1398
-0.0031	69.8409	-19.3839	-0.0045	157.1438
-0.0031	69.8409	-19.3847	-0.0045	157.1478
-0.0031	69.8409	-19.3856	-0.0045	157.1518
-0.0031	69.8409	-19.3865	-0.0045	157.1558
-0.0031	69.8409	-19.3873	-0.0045	157.1597
-0.0031	69.8409	-19.3882	-0.0045	157.1637
-0.0031	69.8409	-19.389	-0.0045	157.1677
-0.0031	69.8409	-19.3899	-0.0045	157.1716
-0.0031	69.8409	-19.3907	-0.0045	157.1756
-0.0031	69.8409	-19.3916	-0.0045	157.1796
-0.0031	69.8409	-19.3924	-0.0045	157.1835
-0.0031	69.8409	-19.3933	-0.0045	157.1875
-0.0031	69.8409	-19.3941	-0.0045	157.1914
-0.0031	69.8409	-19.395	-0.0045	157.1954
-0.0031	69.8409	-19.3958	-0.0045	157.1993
-0.0031	69.8409	-19.3967	-0.0045	157.2032
-0.0031	69.8409	-19.3975	-0.0045	157.2072
-0.0031	69.8409	-19.3984	-0.0045	157.2111
-0.0031	69.8409	-19.3992	-0.0045	157.215
-0.0031	69.8409	-19.4001	-0.0045	157.219
-0.0031	69.8409	-19.4009	-0.0045	157.2229
-0.0031	69.8409	-19.4018	-0.0045	157.2268
-0.0031	69.8409	-19.4026	-0.0045	157.2307
-0.0031	69.8409	-19.4035	-0.0045	157.2346
-0.0031	69.8409	-19.4043	-0.0045	157.2385
-0.0031	69.8409	-19.4052	-0.0045	157.2425
-0.0031	69.8409	-19.406	-0.0045	157.2464
-0.0031	69.8409	-19.4068	-0.0045	157.2503
-0.0031	69.8409	-19.4077	-0.0045	157.2542
-0.0031	69.8409	-19.4085	-0.0045	157.258
-0.0031	69.8409	-19.4094	-0.0045	157.2619
-0.0031	69.8409	-19.4102	-0.0045	157.2658
-0.0031	69.8409	-19.411	-0.0045	157.2697
-0.0031	69.8409	-19.4119	-0.0045	157.2736
-0.0031	69.8409	-19.4127	-0.0045	157.2775
-0.0031	69.8409	-19.4135	-0.0045	157.2814
-0.0031	69.8409	-19.4144	-0.0045	157.2852
-0.0031	69.8409	-19.4152	-0.0045	157.2891
-0.0031	69.8409	-19.4161	-0.0045	157.293
-0.0031	69.8409	-19.4169	-0.0045	157.2968
-0.0031	69.8409	-19.4177	-0.0045	157.3007
-0.0031	69.8409	-19.4186	-0.0045	157.3045
-0.0031	69.8409	-19.4194	-0.0045	157.3084
-0.0031	69.8409	-19.4202	-0.0045	157.3123
-0.0031	69.8409	-19.421	-0.0045	157.3161
-0.0031	69.8409	-19.4219	-0.0045	157.3199
-0.0031	69.8409	-19.4227	-0.0045	157.3238
-0.0031	69.8409	-19.4235	-0.0045	157.3276
-0.0031	69.8409	-19.4244	-0.0045	157.3315
-0.0031	69.8409	-19.4252	-0.0045	157.3353
-0.0031	69.8409	-19.426	-0.0045	157.3391
-0.0031	69.8409	-19.4268	-0.0045	157.3429
-0.0031	69.8409	-19.4277	-0.0045	157.3468
-0.0031	69.8409	-19.4285	-0.0045	157.3506
-0.0031	69.8409	-19.4293	-0.0045	157.3544
-0.0031	69.8409	-19.4301	-0.0045	157.3582
-0.0031	69.8409	-19.431	-0.0045	157.362
-0.0031	69.8409	-19.4318	-0.0045	157.3658
-0.0031	69.8409	-19.4326	-0.0045	157.3696
-0.0031	69.8409	-19.4334	-0.0045	157.3734
-0.0031	69.8409	-19.4342	-0.0045	157.3772
-0.0031	69.8409	-19.4351	-0.0045	157.381
-0.0031	69.8409	-19.4359	-0.0045	157.3848
-0.0031	69.8409	-19.4367	-0.0045	157.3886
-0.0031	69.8409	-19.4375	-0.0045	157.3924
-0.0031	69.8409	-19.4383	-0.0045	157.3962
-0.0031	69.8409	-19.4391	-0.0045	157.4
-0.0031	69.8409	-19.44	-0.0045	157.4037
-0.0031	69.8409	-19.4408	-0.0045	157.4075
-0.0031	69.8409	-19.4416	-0.0045	157.4113
-0.0031	69.8409	-19.4424	-0.0045	157.4151
-0.0031	69.8409	-19.4432	-0.0045	157.4188
-0.0031	69.8409	-19.444	-0.0045	157.4226
-0.0031	69.8409	-19.4448	-0.0045	157.4263
-0.0031	69.8409	-19.4456	-0.0045	157.4301
-0.0031	69.8409	-19.4464	-0.0045	157.4338
-0.0031	69.8409	-19.4473	-0.0045	157.4376
-0.0031	69.8409	-19.4481	-0.0045	157.4413
-0.0031	69.8409	-19.4489	-0.0045	157.4451
-0.0031	69.8409	-19.4497	-0.0045	157.4488
-0.0031	69.8409	-19.4505	-0.0045	157.4526
-0.0031	69.8409	-19.4513	-0.0045	157.4563
-0.0031	69.8409	-19.4521	-0.0045	157.46
-0.0031	69.8409	-19.4529	-0.0045	157.4637
-0.0031	69.8409	-19.4537	-0.0045	157.4675
-0.0031	69.8409	-19.4545	-0.0045	157.4712
-0.0031	69.8409	-19.4553	-0.0045	157.4749
-0.0031	69.8409	-19.4561	-0.0045	157.4786
-0.0031	69.8409	-19.4569	-0.0045	157.4823
-0.0031	69.8409	-19.4577	-0.0045	157.486
-0.0031	69.8409	-19.4585	-0.0045	157.4897
-0.0031	69.8409	-19.4593	-0.0045	157.4934
-0.0031	69.8409	-19.4601	-0.0045	157.4971
-0.0031	69.8409	-19.4609	-0.0045	157.5008
-0.0031	69.8409	-19.4617	-0.0045	157.5045
-0.0031	69.8409	-19.4625	-0.0045	157.5082
-0.0031	69.8409	-19.4633	-0.0045	157.5119
-0.0031	69.8409	-19.4641	-0.0045	157.5156
-0.0031	69.8409	-19.4649	-0.0045	157.5193
-0.0031	69.8409	-19.4657	-0.0045	157.523
-0.0031	69.8409	-19.4665	-0.0045	157.5266
-0.0031	69.8409	-19.4672	-0.0045	157.5303
-0.0031	69.8409	-19.468	-0.0045	157.534
-0.0031	69.8409	-19.4688	-0.0045	157.5376
-0.0031	69.8409	-19.4696	-0.0045	157.5413
-0.0031	69.8409	-19.4704	-0.0045	157.5449
-0.0031	69.8409	-19.4712	-0.0045	157.5486
-0.0031	69.8409	-19.472	-0.0045	157.5523
-0.0031	69.8409	-19.4728	-0.0045	157.5559
-0.0031	69.8409	-19.4736	-0.0045	157.5596
-0.0031	69.8409	-19.4743	-0.0045	157.5632
-0.0031	69.8409	-19.4751	-0.0045	157.5668
-0.0031	69.8409	-19.4759	-0.0045	157.5705
-0.0031	69.8409	-19.4767	-0.0045	157.5741
-0.0031	69.8409	-19.4775	-0.0045	157.5777
-0.0031	69.8409	-19.4783	-0.0045	157.5814
-0.0031	69.8409	-19.479	-0.0045	157.585
-0.0031	69.8409	-19.4798	-0.0045	157.5886
-0.0031	69.8409	-19.4806	-0.0045	157.5922
-0.0031	69.8409	-19.4814	-0.0045	157.5958
-0.0031	69.8409	-19.4822	-0.0045	157.5995
-0.0031	69.8409	-19.4829	-0.0045	157.6031
-0.0031	69.8409	-19.4837	-0.0045	157.6067
-0.0031	69.8409	-19.4845	-0.0045	157.6103
-0.0031	69.8409	-19.4853	-0.0045	157.6139
-0.0031	69.8409	-19.4861	-0.0045	157.6175
-0.0031	69.8409	-19.4868	-0.0045	157.6211
-0.0031	69.8409	-19.4876	-0.0045	157.6246
-0.0031	69.8409	-19.4884	-0.0045	157.6282
-0.0031	69.8409	-19.4891	-0.0045	157.6318
-0.0031	69.8409	-19.4899	-0.0045	157.6354
-0.0031	69.8409	-19.4907	-0.0045	157.639
-0.0031	69.8409	-19.4915	-0.0045	157.6425
-0.0031	69.8409	-19.4922	-0.0045	157.6461
-0.0031	69.8409	-19.493	-0.0045	157.6497
-0.0031	69.8409	-19.4938	-0.0045	157.6533
-0.0031	69.8409	-19.4945	-0.0045	157.6568
-0.0031	69.8409	-19.4953	-0.0045	157.6604
-0.0031	69.8409	-19.4961	-0.0045	157.6639
-0.0031	69.8409	-19.4968	-0.0045	157.6675
-0.0031	69.8409	-19.4976	-0.0045	157.671
-0.0031	69.8409	-19.4984	-0.0045	157.6746
-0.0031	69.8409	-19.4991	-0.0045	157.6781
-0.0031	69.8409	-19.4999	-0.0045	157.6817
-0.0031	69.8409	-19.5007	-0.0045	157.6852
-0.0031	69.8409	-19.5014	-0.0045	157.6887
-0.0031	69.8409	-19.5022	-0.0045	157.6923
-0.0031	69.8409	-19.503	-0.0045	157.6958
-0.0031	69.8409	-19.5037	-0.0045	157.6993
-0.0031	69.8409	-19.5045	-0.0045	157.7028
-0.0031	69.8409	-19.5052	-0.0045	157.7064
-0.0031	69.8409	-19.506	-0.0045	157.7099
-0.0031	69.8409	-19.5067	-0.0045	157.7134
-0.0031	69.8409	-19.5075	-0.0045	157.7169
-0.0031	69.8409	-19.5083	-0.0045	157.7204
-0.0031	69.8409	-19.509	-0.0045	157.7239
-0.0031	69.8409	-19.5098	-0.0045	157.7274
-0.0031	69.8409	-19.5105	-0.0045	157.7309
-0.0031	69.8409	-19.5113	-0.0045	157.7344
-0.0031	69.8409	-19.512	-0.0045	157.7379
-0.0031	69.8409	-19.5128	-0.0045	157.7414
-0.0031	69.8409	-19.5135	-0.0045	157.7449
-0.0031	69.8409	-19.5143	-0.0045	157.7483
-0.0031	69.8409	-19.515	-0.0045	157.7518
-0.0031	69.8409	-19.5158	-0.0045	157.7553
-0.0031	69.8409	-19.5165	-0.0045	157.7588
-0.0031	69.8409	-19.5173	-0.0045	157.7622
-0.0031	69.8409	-19.518	-0.0045	157.7657
-0.0031	69.8409	-19.5188	-0.0045	157.7692
-0.0031	69.8409	-19.5195	-0.0045	157.7726
-0.0031	69.8409	-19.5203	-0.0045	157.7761
-0.0031	69.8409	-19.521	-0.0045	157.7795
-0.0031	69.8409	-19.5218	-0.0045	157.783
-0.0031	69.8409	-19.5225	-0.0045	157.7864
-0.0031	69.8409	-19.5232	-0.0045	157.7899
-0.0031	69.8409	-19.524	-0.0045	157.7933
-0.0031	69.8409	-19.5247	-0.0045	157.7968
-0.0031	69.8409	-19.5255	-0.0045	157.8002
-0.0031	69.8409	-19.5262	-0.0045	157.8036
-0.0031	69.8409	-19.527	-0.0045	157.8071
-0.0031	69.8409	-19.5277	-0.0045	157.8105
-0.0031	69.8409	-19.5284	-0.0045	157.8139
-0.0031	69.8409	-19.5292	-0.0045	157.8173
-0.0031	69.8409	-19.5299	-0.0045	157.8207
-0.0031	69.8409	-19.5306	-0.0045	157.8242
-0.0031	69.8409	-19.5314	-0.0045	157.8276
-0.0031	69.8409	-19.5321	-0.0045	157.831
-0.0031	69.8409	-19.5328	-0.0045	157.8344
-0.0031	69.8409	-19.5336	-0.0045	157.8378
-0.0031	69.8409	-19.5343	-0.0045	157.8412
-0.0031	69.8409	-19.535	-0.0045	157.8446
-0.0031	69.8409	-19.5358	-0.0045	157.848
-0.0031	69.8409	-19.5365	-0.0045	157.8514
-0.0031	69.8409	-19.5372	-0.0045	157.8547
-0.0031	69.8409	-19.538	-0.0045	157.8581
-0.0031	69.8409	-19.5387	-0.0045	157.8615
-0.0031	69.8409	-19.5394	-0.0045	157.8649
-0.0031	69.8409	-19.5402	-0.0045	157.8683
-0.0031	69.8409	-19.5409	-0.0045	157.8716
-0.0031	69.8409	-19.5416	-0.0045	157.875
-0.0031	69.8409	-19.5423	-0.0045	157.8784
-0.0031	69.8409	-19.5431	-0.0045	157.8817
-0.0031	69.8409	-19.5438	-0.0045	157.8851
-0.0031	69.8409	-19.5445	-0.0045	157.8884
-0.0031	69.8409	-19.5452	-0.0045	157.8918
-0.0031	69.8409	-19.546	-0.0045	157.8951
-0.0031	69.8409	-19.5467	-0.0045	157.8985
-0.0031	69.8409	-19.5474	-0.0045	157.9018
-0.0031	69.8409	-19.5481	-0.0045	157.9052
-0.0031	69.8409	-19.5488	-0.0045	157.9085
-0.0031	69.8409	-19.5496	-0.0045	157.9118
-0.0031	69.8409	-19.5503	-0.0045	157.9152
-0.0031	69.8409	-19.551	-0.0045	157.9185
-0.0031	69.8409	-19.5517	-0.0045	157.9218
-0.0031	69.8409	-19.5524	-0.0045	157.9251
-0.0031	69.8409	-19.5531	-0.0045	157.9285
-0.0031	69.8409	-19.5539	-0.0045	157.9318
-0.0031	69.8409	-19.5546	-0.0045	157.9351
-0.0031	69.8409	-19.5553	-0.0045	157.9384
-0.0031	69.8409	-19.556	-0.0045	157.9417
-0.0031	69.8409	-19.5567	-0.0045	157.945
-0.0031	69.8409	-19.5574	-0.0045	157.9483
-0.0031	69.8409	-19.5581	-0.0045	157.9516
-0.0031	69.8409	-19.5588	-0.0045	157.9549
-0.0031	69.8409	-19.5596	-0.0045	157.9582
-0.0031	69.8409	-19.5603	-0.0045	157.9615
-0.0031	69.8409	-19.561	-0.0045	157.9648
-0.0031	69.8409	-19.5617	-0.0045	157.968
-0.0031	69.8409	-19.5624	-0.0045	157.9713
-0.0031	69.8409	-19.5631	-0.0045	157.9746
-0.0031	69.8409	-19.5638	-0.0045	157.9779
-0.0031	69.8409	-19.5645	-0.0045	157.9811
-0.0031	69.8409	-19.5652	-0.0045	157.9844
-0.0031	69.8409	-19.5659	-0.0045	157.9877
-0.0031	69.8409	-19.5666	-0.0045	157.9909
-0.0031	69.8409	-19.5673	-0.0045	157.9942
-0.0031	69.8409	-19.568	-0.0045	157.9974
-0.0031	69.8409	-19.5687	-0.0045	158.0007
-0.0031	69.8409	-19.5694	-0.0045	158.0039
-0.0031	69.8409	-19.5701	-0.0045	158.0072
-0.0031	69.8409	-19.5708	-0.0045	158.0104
-0.0031	69.8409	-19.5715	-0.0045	158.0137
-0.0031	69.8409	-19.5722	-0.0045	158.0169
-0.0031	69.8409	-19.5729	-0.0045	158.0201
-0.0031	69.8409	-19.5736	-0.0045	158.0234
-0.0031	69.8409	-19.5743	-0.0045	158.0266
-0.0031	69.8409	-19.575	-0.0045	158.0298
-0.0031	69.8409	-19.5757	-0.0045	158.033
-0.0031	69.8409	-19.5764	-0.0045	158.0362
-0.0031	69.8409	-19.5771	-0.0045	158.0395
-0.0031	69.8409	-19.5778	-0.0045	158.0427
-0.0031	69.8409	-19.5785	-0.0045	158.0459
-0.0031	69.8409	-19.5792	-0.0045	158.0491
-0.0031	69.8409	-19.5798	-0.0045	158.0523
-0.0031	69.8409	-19.5805	-0.0045	158.0555
-0.0031	69.8409	-19.5812	-0.0045	158.0587
-0.0031	69.8409	-19.5819	-0.0045	158.0619
-0.0031	69.8409	-19.5826	-0.0045	158.0651
-0.0031	69.8409	-19.5833	-0.0045	158.0682
-0.0031	69.8409	-19.584	-0.0045	158.0714
-0.0031	69.8409	-19.5847	-0.0045	158.0746
-0.0031	69.8409	-19.5853	-0.0045	158.0778
-0.0031	69.8409	-19.586	-0.0045	158.081
-0.0031	69.8409	-19.5867	-0.0045	158.0841
-0.0031	69.8409	-19.5874	-0.0045	158.0873
-0.0031	69.8409	-19.5881	-0.0045	158.0905
-0.0031	69.8409	-19.5888	-0.0045	158.0936
-0.0031	69.8409	-19.5894	-0.0045	158.0968
-0.0031	69.8409	-19.5901	-0.0045	158.0999
-0.0031	69.8409	-19.5908	-0.0045	158.1031
-0.0031	69.8409	-19.5915	-0.0045	158.1062
-0.0031	69.8409	-19.5922	-0.0045	158.1094
-0.0031	69.8409	-19.5928	-0.0045	158.1125
-0.0031	69.8409	-19.5935	-0.0045	158.1157
-0.0031	69.8409	-19.5942	-0.0045	158.1188
-0.0031	69.8409	-19.5949	-0.0045	158.1219
-0.0031	69.8409	-19.5956	-0.0045	158.1251
-0.0031	69.8409	-19.5962	-0.0045	158.1282
-0.0031	69.8409	-19.5969	-0.0045	158.1313
-0.0031	69.8409	-19.5976	-0.0045	158.1345
-0.0031	69.8409	-19.5982	-0.0045	158.1376
-0.0031	69.8409	-19.5989	-0.0045	158.1407
-0.0031	69.8409	-19.5996	-0.0045	158.1438
-0.0031	69.8409	-19.6003	-0.0045	158.1469
-0.0031	69.8409	-19.6009	-0.0045	158.15
-0.0031	69.8409	-19.6016	-0.0045	158.1531
-0.0031	69.8409	-19.6023	-0.0045	158.1562
-0.0031	69.8409	-19.6029	-0.0045	158.1593
-0.0031	69.8409	-19.6036	-0.0045	158.1624
-0.0031	69.8409	-19.6043	-0.0045	158.1655
-0.0031	69.8409	-19.6049	-0.0045	158.1686
-0.0031	69.8409	-19.6056	-0.0045	158.1717
-0.0031	69.8409	-19.6063	-0.0045	158.1748
-0.0031	69.8409	-19.6069	-0.0045	158.1778
-0.0031	69.8409	-19.6076	-0.0045	158.1809
-0.0031	69.8409	-19.6083	-0.0045	158.184
-0.0031	69.8409	-19.6089	-0.0045	158.1871
-0.0031	69.8409	-19.6096	-0.0045	158.1901
-0.0031	69.8409	-19.6102	-0.0045	158.1932
-0.0031	69.8409	-19.6109	-0.0045	158.1963
-0.0031	69.8409	-19.6116	-0.0045	158.1993
-0.0031	69.8409	-19.6122	-0.0045	158.2024
-0.0031	69.8409	-19.6129	-0.0045	158.2054
-0.0031	69.8409	-19.6135	-0.0045	158.2085
-0.0031	69.8409	-19.6142	-0.0045	158.2115
-0.0031	69.8409	-19.6149	-0.0045	158.2146
-0.0031	69.8409	-19.6155	-0.0045	158.2176
-0.0031	69.8409	-19.6162	-0.0045	158.2206
-0.0031	69.8409	-19.6168	-0.0045	158.2237
-0.0031	69.8409	-19.6175	-0.0045	158.2267
-0.0031	69.8409	-19.6181	-0.0045	158.2297
-0.0031	69.8409	-19.6188	-0.0045	158.2328
-0.0031	69.8409	-19.6194	-0.0045	158.2358
-0.0031	69.8409	-19.6201	-0.0045	158.2388
-0.0031	69.8409	-19.6207	-0.0045	158.2418
-0.0031	69.8409	-19.6214	-0.0045	158.2448
-0.0031	69.8409	-19.622	-0.0045	158.2478
-0.0031	69.8409	-19.6227	-0.0045	158.2508
-0.0031	69.8409	-19.6233	-0.0045	158.2539
-0.0031	69.8409	-19.624	-0.0045	158.2569
-0.0031	69.8409	-19.6246	-0.0045	158.2599
-0.0031	69.8409	-19.6253	-0.0045	158.2628
-0.0031	69.8409	-19.6259	-0.0045	158.2658
-0.0031	69.8409	-19.6266	-0.0045	158.2688
-0.0031	69.8409	-19.6272	-0.0045	158.2718
-0.0031	69.8409	-19.6278	-0.0045	158.2748
-0.0031	69.8409	-19.6285	-0.0045	158.2778
-0.0031	69.8409	-19.6291	-0.0045	158.2808
-0.0031	69.8409	-19.6298	-0.0045	158.2837
-0.0031	69.8409	-19.6304	-0.0045	158.2867
-0.0031	69.8409	-19.6311	-0.0045	158.2897
-0.0031	69.8409	-19.6317	-0.0045	158.2926
-0.0031	69.8409	-19.6323	-0.0045	158.2956
-0.0031	69.8409	-19.633	-0.0045	158.2985
-0.0031	69.8409	-19.6336	-0.0045	158.3015
-0.0031	69.8409	-19.6342	-0.0045	158.3045
-0.0031	69.8409	-19.6349	-0.0045	158.3074
-0.0031	69.8409	-19.6355	-0.0045	158.3104
-0.0031	69.8409	-19.6362	-0.0045	158.3133
-0.0031	69.8409	-19.6368	-0.0045	158.3162
-0.0031	69.8409	-19.6374	-0.0045	158.3192
-0.0031	69.8409	-19.6381	-0.0045	158.3221
-0.0031	69.8409	-19.6387	-0.0045	158.325
-0.0031	69.8409	-19.6393	-0.0045	158.328
-0.0031	69.8409	-19.6399	-0.0045	158.3309
-0.0031	69.8409	-19.6406	-0.0045	158.3338
-0.0031	69.8409	-19.6412	-0.0045	158.3367
-0.0031	69.8409	-19.6418	-0.0045	158.3397
-0.0031	69.8409	-19.6425	-0.0045	158.3426
-0.0031	69.8409	-19.6431	-0.0045	158.3455
-0.0031	69.8409	-19.6437	-0.0045	158.3484
-0.0031	69.8409	-19.6443	-0.0045	158.3513
-0.0031	69.8409	-19.645	-0.0045	158.3542
-0.0031	69.8409	-19.6456	-0.0045	158.3571
-0.0031	69.8409	-19.6462	-0.0045	158.36
-0.0031	69.8409	-19.6468	-0.0045	158.3629
-0.0031	69.8409	-19.6475	-0.0045	158.3658
-0.0031	69.8409	-19.6481	-0.0045	158.3687
-0.0031	69.8409	-19.6487	-0.0045	158.3715
-0.0031	69.8409	-19.6493	-0.0045	158.3744
-0.0031	69.8409	-19.65	-0.0045	158.3773
-0.0031	69.8409	-19.6506	-0.0045	158.3802
-0.0031	69.8409	-19.6512	-0.0045	158.383
-0.0031	69.8409	-19.6518	-0.0045	158.3859
-0.0031	69.8409	-19.6524	-0.0045	158.3888
-0.0031	69.8409	-19.6531	-0.0045	158.3916
-0.0031	69.8409	-19.6537	-0.0045	158.3945
-0.0031	69.8409	-19.6543	-0.0045	158.3973
-0.0031	69.8409	-19.6549	-0.0045	158.4002
-0.0031	69.8409	-19.6555	-0.0045	158.4031
-0.0031	69.8409	-19.6561	-0.0045	158.4059
-0.0031	69.8409	-19.6567	-0.0045	158.4087
-0.0031	69.8409	-19.6574	-0.0045	158.4116
-0.0031	69.8409	-19.658	-0.0045	158.4144
-0.0031	69.8409	-19.6586	-0.0045	158.4173
-0.0031	69.8409	-19.6592	-0.0045	158.4201
-0.0031	69.8409	-19.6598	-0.0045	158.4229
-0.0031	69.8409	-19.6604	-0.0045	158.4257
-0.0031	69.8409	-19.661	-0.0045	158.4286
-0.0031	69.8409	-19.6616	-0.0045	158.4314
-0.0031	69.8409	-19.6622	-0.0045	158.4342
-0.0031	69.8409	-19.6628	-0.0045	158.437
-0.0031	69.8409	-19.6634	-0.0045	158.4398
-0.0031	69.8409	-19.6641	-0.0045	158.4426
-0.0031	69.8409	-19.6647	-0.0045	158.4454
-0.0031	69.8409	-19.6653	-0.0045	158.4483
-0.0031	69.8409	-19.6659	-0.0045	158.4511
-0.0031	69.8409	-19.6665	-0.0045	158.4538
-0.0031	69.8409	-19.6671	-0.0045	158.4566
-0.0031	69.8409	-19.6677	-0.0045	158.4594
-0.0031	69.8409	-19.6683	-0.0045	158.4622
-0.0031	69.8409	-19.6689	-0.0045	158.465
-0.0031	69.8409	-19.6695	-0.0045	158.4678
-0.0031	69.8409	-19.6701	-0.0045	158.4706
-0.0031	69.8409	-19.6707	-0.0045	158.4733
-0.0031	69.8409	-19.6713	-0.0045	158.4761
-0.0031	69.8409	-19.6719	-0.0045	158.4789
-0.0031	69.8409	-19.6725	-0.0045	158.4816
-0.0031	69.8409	-19.6731	-0.0045	158.4844
-0.0031	69.8409	-19.6737	-0.0045	158.4872
-0.0031	69.8409	-19.6743	-0.0045	158.4899
-0.0031	69.8409	-19.6749	-0.0045	158.4927
-0.0031	69.8409	-19.6754	-0.0045	158.4954
-0.0031	69.8409	-19.676	-0.0045	158.4982
-0.0031	69.8409	-19.6766	-0.0045	158.5009
-0.0031	69.8409	-19.6772	-0.0045	158.5037
-0.0031	69.8409	-19.6778	-0.0045	158.5064
-0.0031	69.8409	-19.6784	-0.0045	158.5091
-0.0031	69.8409	-19.679	-0.0045	158.5119
-0.0031	69.8409	-19.6796	-0.0045	158.5146
-0.0031	69.8409	-19.6802	-0.0045	158.5173
-0.0031	69.8409	-19.6808	-0.0045	158.5201
-0.0031	69.8409	-19.6813	-0.0045	158.5228
-0.0031	69.8409	-19.6819	-0.0045	158.5255
-0.0031	69.8409	-19.6825	-0.0045	158.5282
-0.0031	69.8409	-19.6831	-0.0045	158.5309
-0.0031	69.8409	-19.6837	-0.0045	158.5336
-0.0031	69.8409	-19.6843	-0.0045	158.5364
-0.0031	69.8409	-19.6849	-0.0045	158.5391
-0.0031	69.8409	-19.6854	-0.0045	158.5418
-0.0031	69.8409	-19.686	-0.0045	158.5445
-0.0031	69.8409	-19.6866	-0.0045	158.5472
-0.0031	69.8409	-19.6872	-0.0045	158.5498
-0.0031	69.8409	-19.6878	-0.0045	158.5525
-0.0031	69.8409	-19.6883	-0.0045	158.5552
-0.0031	69.8409	-19.6889	-0.0045	158.5579
-0.0031	69.8409	-19.6895	-0.0045	158.5606
-0.0031	69.8409	-19.6901	-0.0045	158.5633
-0.0031	69.8409	-19.6907	-0.0045	158.5659
-0.0031	69.8409	-19.6912	-0.0045	158.5686
-0.0031	69.8409	-19.6918	-0.0045	158.5713
-0.0031	69.8409	-19.6924	-0.0045	158.5739
-0.0031	69.8409	-19.693	-0.0045	158.5766
-0.0031	69.8409	-19.6935	-0.0045	158.5793
-0.0031	69.8409	-19.6941	-0.0045	158.5819
-0.0031	69.8409	-19.6947	-0.0045	158.5846
-0.0031	69.8409	-19.6952	-0.0045	158.5872
-0.0031	69.8409	-19.6958	-0.0045	158.5899
-0.0031	69.8409	-19.6964	-0.0045	158.5925
-0.0031	69.8409	-19.697	-0.0045	158.5952
-0.0031	69.8409	-19.6975	-0.0045	158.5978
-0.0031	69.8409	-19.6981	-0.0045	158.6004
-0.0031	69.8409	-19.6987	-0.0045	158.6031
-0.0031	69.8409	-19.6992	-0.0045	158.6057
-0.0031	69.8409	-19.6998	-0.0045	158.6083
-0.0031	69.8409	-19.7004	-0.0045	158.611
-0.0031	69.8409	-19.7009	-0.0045	158.6136
-0.0031	69.8409	-19.7015	-0.0045	158.6162
-0.0031	69.8409	-19.7021	-0.0045	158.6188
-0.0031	69.8409	-19.7026	-0.0045	158.6214
-0.0031	69.8409	-19.7032	-0.0045	158.624
-0.0031	69.8409	-19.7037	-0.0045	158.6266
-0.0031	69.8409	-19.7043	-0.0045	158.6292
-0.0031	69.8409	-19.7049	-0.0045	158.6318
-0.0031	69.8409	-19.7054	-0.0045	158.6344
-0.0031	69.8409	-19.706	-0.0045	158.637
-0.0031	69.8409	-19.7065	-0.0045	158.6396
-0.0031	69.8409	-19.7071	-0.0045	158.6422
-0.0031	69.8409	-19.7077	-0.0045	158.6448
-0.0031	69.8409	-19.7082	-0.0045	158.6474
-0.0031	69.8409	-19.7088	-0.0045	158.65
-0.0031	69.8409	-19.7093	-0.0045	158.6525
-0.0031	69.8409	-19.7099	-0.0045	158.6551
-0.0031	69.8409	-19.7104	-0.0045	158.6577
-0.0031	69.8409	-19.711	-0.0045	158.6603
-0.0031	69.8409	-19.7116	-0.0045	158.6628
-0.0031	69.8409	-19.7121	-0.0045	158.6654
-0.0031	69.8409	-19.7127	-0.0045	158.6679
-0.0031	69.8409	-19.7132	-0.0045	158.6705
-0.0031	69.8409	-19.7138	-0.0045	158.6731
-0.0031	69.8409	-19.7143	-0.0045	158.6756
-0.0031	69.8409	-19.7149	-0.0045	158.6782
-0.0031	69.8409	-19.7154	-0.0045	158.6807
-0.0031	69.8409	-19.716	-0.0045	158.6832
-0.0031	69.8409	-19.7165	-0.0045	158.6858
-0.0031	69.8409	-19.7171	-0.0045	158.6883
-0.0031	69.8409	-19.7176	-0.0045	158.6908
-0.0031	69.8409	-19.7181	-0.0045	158.6934
-0.0031	69.8409	-19.7187	-0.0045	158.6959
-0.0031	69.8409	-19.7192	-0.0045	158.6984
-0.0031	69.8409	-19.7198	-0.0045	158.701
-0.0031	69.8409	-19.7203	-0.0045	158.7035
-0.0031	69.8409	-19.7209	-0.0045	158.706
-0.0031	69.8409	-19.7214	-0.0045	158.7085
-0.0031	69.8409	-19.7219	-0.0045	158.711
-0.0031	69.8409	-19.7225	-0.0045	158.7135
-0.0031	69.8409	-19.723	-0.0045	158.716
-0.0031	69.8409	-19.7236	-0.0045	158.7185
-0.0031	69.8409	-19.7241	-0.0045	158.721
-0.0031	69.8409	-19.7246	-0.0045	158.7235
-0.0031	69.8409	-19.7252	-0.0045	158.726
-0.0031	69.8409	-19.7257	-0.0045	158.7285
-0.0031	69.8409	-19.7263	-0.0045	158.731
-0.0031	69.8409	-19.7268	-0.0045	158.7335
-0.0031	69.8409	-19.7273	-0.0045	158.7359
-0.0031	69.8409	-19.7279	-0.0045	158.7384
-0.0031	69.8409	-19.7284	-0.0045	158.7409
-0.0031	69.8409	-19.7289	-0.0045	158.7434
-0.0031	69.8409	-19.7295	-0.0045	158.7458
-0.0031	69.8409	-19.73	-0.0045	158.7483
-0.0031	69.8409	-19.7305	-0.0045	158.7508
-0.0031	69.8409	-19.7311	-0.0045	158.7532
-0.0031	69.8409	-19.7316	-0.0045	158.7557
-0.0031	69.8409	-19.7321	-0.0045	158.7581
-0.0031	69.8409	-19.7326	-0.0045	158.7606
-0.0031	69.8409	-19.7332	-0.0045	158.763
-0.0031	69.8409	-19.7337	-0.0045	158.7655
-0.0031	69.8409	-19.7342	-0.0045	158.7679
-0.0031	69.8409	-19.7348	-0.0045	158.7704
-0.0031	69.8409	-19.7353	-0.0045	158.7728
-0.0031	69.8409	-19.7358	-0.0045	158.7752
-0.0031	69.8409	-19.7363	-0.0045	158.7777
-0.0031	69.8409	-19.7369	-0.0045	158.7801
-0.0031	69.8409	-19.7374	-0.0045	158.7825
-0.0031	69.8409	-19.7379	-0.0045	158.785
-0.0031	69.8409	-19.7384	-0.0045	158.7874
-0.0031	69.8409	-19.7389	-0.0045	158.7898
-0.0031	69.8409	-19.7395	-0.0045	158.7922
-0.0031	69.8409	-19.74	-0.0045	158.7946
-0.0031	69.8409	-19.7405	-0.0045	158.797
-0.0031	69.8409	-19.741	-0.0045	158.7994
-0.0031	69.8409	-19.7415	-0.0045	158.8018
-0.0031	69.8409	-19.7421	-0.0045	158.8042
-0.0031	69.8409	-19.7426	-0.0045	158.8066
-0.0031	69.8409	-19.7431	-0.0045	158.809
-0.0031	69.8409	-19.7436	-0.0045	158.8114
-0.0031	69.8409	-19.7441	-0.0045	158.8138
-0.0031	69.8409	-19.7446	-0.0045	158.8162
-0.0031	69.8409	-19.7451	-0.0045	158.8186
-0.0031	69.8409	-19.7457	-0.0045	158.821
-0.0031	69.8409	-19.7462	-0.0045	158.8233
-0.0031	69.8409	-19.7467	-0.0045	158.8257
-0.0031	69.8409	-19.7472	-0.0045	158.8281
-0.0031	69.8409	-19.7477	-0.0045	158.8304
-0.0031	69.8409	-19.7482	-0.0045	158.8328
-0.0031	69.8409	-19.7487	-0.0045	158.8352
-0.0031	69.8409	-19.7492	-0.0045	158.8375
-0.0031	69.8409	-19.7497	-0.0045	158.8399
-0.0031	69.8409	-19.7503	-0.0045	158.8422
-0.0031	69.8409	-19.7508	-0.0045	158.8446
-0.0031	69.8409	-19.7513	-0.0045	158.8469
-0.0031	69.8409	-19.7518	-0.0045	158.8493
-0.0031	69.8409	-19.7523	-0.0045	158.8516
-0.0031	69.8409	-19.7528	-0.0045	158.854
-0.0031	69.8409	-19.7533	-0.0045	158.8563
-0.0031	69.8409	-19.7538	-0.0045	158.8586
-0.0031	69.8409	-19.7543	-0.0045	158.861
-0.0031	69.8409	-19.7548	-0.0045	158.8633
-0.0031	69.8409	-19.7553	-0.0045	158.8656
-0.0031	69.8409	-19.7558	-0.0045	158.8679
-0.0031	69.8409	-19.7563	-0.0045	158.8703
-0.0031	69.8409	-19.7568	-0.0045	158.8726
-0.0031	69.8409	-19.7573	-0.0045	158.8749
-0.0031	69.8409	-19.7578	-0.0045	158.8772
-0.0031	69.8409	-19.7583	-0.0045	158.8795
-0.0031	69.8409	-19.7588	-0.0045	158.8818
-0.0031	69.8409	-19.7593	-0.0045	158.8841
-0.0031	69.8409	-19.7598	-0.0045	158.8864
-0.0031	69.8409	-19.7603	-0.0045	158.8887
-0.0031	69.8409	-19.7608	-0.0045	158.891
-0.0031	69.8409	-19.7613	-0.0045	158.8933
-0.0031	69.8409	-19.7618	-0.0045	158.8956
-0.0031	69.8409	-19.7623	-0.0045	158.8979
-0.0031	69.8409	-19.7627	-0.0045	158.9001
-0.0031	69.8409	-19.7632	-0.0045	158.9024
-0.0031	69.8409	-19.7637	-0.0045	158.9047
-0.0031	69.8409	-19.7642	-0.0045	158.907
-0.0031	69.8409	-19.7647	-0.0045	158.9092
-0.0031	69.8409	-19.7652	-0.0045	158.9115
-0.0031	69.8409	-19.7657	-0.0045	158.9138
-0.0031	69.8409	-19.7662	-0.0045	158.916
-0.0031	69.8409	-19.7667	-0.0045	158.9183
-0.0031	69.8409	-19.7671	-0.0045	158.9206
-0.0031	69.8409	-19.7676	-0.0045	158.9228
-0.0031	69.8409	-19.7681	-0.0045	158.9251
-0.0031	69.8409	-19.7686	-0.0045	158.9273
-0.0031	69.8409	-19.7691	-0.0045	158.9296
-0.0031	69.8409	-19.7696	-0.0045	158.9318
-0.0031	69.8409	-19.7701	-0.0045	158.934
-0.0031	69.8409	-19.7705	-0.0045	158.9363
-0.0031	69.8409	-19.771	-0.0045	158.9385
-0.0031	69.8409	-19.7715	-0.0045	158.9407
-0.0031	69.8409	-19.772	-0.0045	158.943
-0.0031	69.8409	-19.7725	-0.0045	158.9452
-0.0031	69.8409	-19.7729	-0.0045	158.9474
-0.0031	69.8409	-19.7734	-0.0045	158.9496
-0.0031	69.8409	-19.7739	-0.0045	158.9518
-0.0031	69.8409	-19.7744	-0.0045	158.9541
-0.0031	69.8409	-19.7749	-0.0045	158.9563
-0.0031	69.8409	-19.7753	-0.0045	158.9585
-0.0031	69.8409	-19.7758	-0.0045	158.9607
-0.0031	69.8409	-19.7763	-0.0045	158.9629
-0.0031	69.8409	-19.7768	-0.0045	158.9651
-0.0031	69.8409	-19.7772	-0.0045	158.9673
-0.0031	69.8409	-19.7777	-0.0045	158.9695
-0.0031	69.8409	-19.7782	-0.0045	158.9717
-0.0031	69.8409	-19.7786	-0.0045	158.9739
-0.0031	69.8409	-19.7791	-0.0045	158.976
-0.0031	69.8409	-19.7796	-0.0045	158.9782
-0.0031	69.8409	-19.7801	-0.0045	158.9804
-0.0031	69.8409	-19.7805	-0.0045	158.9826
-0.0031	69.8409	-19.781	-0.0045	158.9848
-0.0031	69.8409	-19.7815	-0.0045	158.9869
-0.0031	69.8409	-19.7819	-0.0045	158.9891
-0.0031	69.8409	-19.7824	-0.0045	158.9913
-0.0031	69.8409	-19.7829	-0.0045	158.9934
-0.0031	69.8409	-19.7833	-0.0045	158.9956
-0.0031	69.8409	-19.7838	-0.0045	158.9977
-0.0031	69.8409	-19.7843	-0.0045	158.9999
-0.0031	69.8409	-19.7847	-0.0045	159.0021
-0.0031	69.8409	-19.7852	-0.0045	159.0042
-0.0031	69.8409	-19.7857	-0.0045	159.0063
-0.0031	69.8409	-19.7861	-0.0045	159.0085
-0.0031	69.8409	-19.7866	-0.0045	159.0106
-0.0031	69.8409	-19.787	-0.0045	159.0128
-0.0031	69.8409	-19.7875	-0.0045	159.0149
-0.0031	69.8409	-19.788	-0.0045	159.017
-0.0031	69.8409	-19.7884	-0.0045	159.0192
-0.0031	69.8409	-19.7889	-0.0045	159.0213
-0.0031	69.8409	-19.7893	-0.0045	159.0234
-0.0031	69.8409	-19.7898	-0.0045	159.0255
-0.0031	69.8409	-19.7903	-0.0045	159.0277
-0.0031	69.8409	-19.7907	-0.0045	159.0298
-0.0031	69.8409	-19.7912	-0.0045	159.0319
-0.0031	69.8409	-19.7916	-0.0045	159.034
-0.0031	69.8409	-19.7921	-0.0045	159.0361
-0.0031	69.8409	-19.7925	-0.0045	159.0382
-0.0031	69.8409	-19.793	-0.0045	159.0403
-0.0031	69.8409	-19.7934	-0.0045	159.0424
-0.0031	69.8409	-19.7939	-0.0045	159.0445
-0.0031	69.8409	-19.7943	-0.0045	159.0466
-0.0031	69.8409	-19.7948	-0.0045	159.0487
-0.0031	69.8409	-19.7952	-0.0045	159.0508
-0.0031	69.8409	-19.7957	-0.0045	159.0529
-0.0031	69.8409	-19.7961	-0.0045	159.0549
-0.0031	69.8409	-19.7966	-0.0045	159.057
-0.0031	69.8409	-19.797	-0.0045	159.0591
-0.0031	69.8409	-19.7975	-0.0045	159.0612
-0.0031	69.8409	-19.7979	-0.0045	159.0632
-0.0031	69.8409	-19.7984	-0.0045	159.0653
-0.0031	69.8409	-19.7988	-0.0045	159.0674
-0.0031	69.8409	-19.7993	-0.0045	159.0694
-0.0031	69.8409	-19.7997	-0.0045	159.0715
-0.0031	69.8409	-19.8002	-0.0045	159.0736
-0.0031	69.8409	-19.8006	-0.0045	159.0756
-0.0031	69.8409	-19.801	-0.0045	159.0777
-0.0031	69.8409	-19.8015	-0.0045	159.0797
-0.0031	69.8409	-19.8019	-0.0045	159.0818
-0.0031	69.8409	-19.8024	-0.0045	159.0838
-0.0031	69.8409	-19.8028	-0.0045	159.0858
-0.0031	69.8409	-19.8032	-0.0045	159.0879
-0.0031	69.8409	-19.8037	-0.0045	159.0899
-0.0031	69.8409	-19.8041	-0.0045	159.0919
-0.0031	69.8409	-19.8046	-0.0045	159.094
-0.0031	69.8409	-19.805	-0.0045	159.096
-0.0031	69.8409	-19.8054	-0.0045	159.098
-0.0031	69.8409	-19.8059	-0.0045	159.1
-0.0031	69.8409	-19.8063	-0.0045	159.1021
-0.0031	69.8409	-19.8067	-0.0045	159.1041
-0.0031	69.8409	-19.8072	-0.0045	159.1061
-0.0031	69.8409	-19.8076	-0.0045	159.1081
-0.0031	69.8409	-19.808	-0.0045	159.1101
-0.0031	69.8409	-19.8085	-0.0045	159.1121
-0.0031	69.8409	-19.8089	-0.0045	159.1141
-0.0031	69.8409	-19.8093	-0.0045	159.1161
-0.0031	69.8409	-19.8098	-0.0045	159.1181
-0.0031	69.8409	-19.8102	-0.0045	159.1201
-0.0031	69.8409	-19.8106	-0.0045	159.1221
-0.0031	69.8409	-19.8111	-0.0045	159.1241
-0.0031	69.8409	-19.8115	-0.0045	159.1261
-0.0031	69.8409	-19.8119	-0.0045	159.1281
-0.0031	69.8409	-19.8123	-0.0045	159.13
-0.0031	69.8409	-19.8128	-0.0045	159.132
-0.0031	69.8409	-19.8132	-0.0045	159.134
-0.0031	69.8409	-19.8136	-0.0045	159.136
-0.0031	69.8409	-19.814	-0.0045	159.1379
-0.0031	69.8409	-19.8145	-0.0045	159.1399
-0.0031	69.8409	-19.8149	-0.0045	159.1419
-0.0031	69.8409	-19.8153	-0.0045	159.1438
-0.0031	69.8409	-19.8157	-0.0045	159.1458
-0.0031	69.8409	-19.8162	-0.0045	159.1477
-0.0031	69.8409	-19.8166	-0.0045	159.1497
-0.0031	69.8409	-19.817	-0.0045	159.1516
-0.0031	69.8409	-19.8174	-0.0045	159.1536
-0.0031	69.8409	-19.8178	-0.0045	159.1555
-0.0031	69.8409	-19.8183	-0.0045	159.1575
-0.0031	69.8409	-19.8187	-0.0045	159.1594
-0.0031	69.8409	-19.8191	-0.0045	159.1613
-0.0031	69.8409	-19.8195	-0.0045	159.1633
-0.0031	69.8409	-19.8199	-0.0045	159.1652
-0.0031	69.8409	-19.8203	-0.0045	159.1671
-0.0031	69.8409	-19.8208	-0.0045	159.1691
-0.0031	69.8409	-19.8212	-0.0045	159.171
-0.0031	69.8409	-19.8216	-0.0045	159.1729
-0.0031	69.8409	-19.822	-0.0045	159.1748
-0.0031	69.8409	-19.8224	-0.0045	159.1767
-0.0031	69.8409	-19.8228	-0.0045	159.1786
-0.0031	69.8409	-19.8232	-0.0045	159.1805
-0.0031	69.8409	-19.8236	-0.0045	159.1825
-0.0031	69.8409	-19.8241	-0.0045	159.1844
-0.0031	69.8409	-19.8245	-0.0045	159.1863
-0.0031	69.8409	-19.8249	-0.0045	159.1882
-0.0031	69.8409	-19.8253	-0.0045	159.1901
-0.0031	69.8409	-19.8257	-0.0045	159.1919
-0.0031	69.8409	-19.8261	-0.0045	159.1938
-0.0031	69.8409	-19.8265	-0.0045	159.1957
-0.0031	69.8409	-19.8269	-0.0045	159.1976
-0.0031	69.8409	-19.8273	-0.0045	159.1995
-0.0031	69.8409	-19.8277	-0.0045	159.2014
-0.0031	69.8409	-19.8281	-0.0045	159.2032
-0.0031	69.8409	-19.8285	-0.0045	159.2051
-0.0031	69.8409	-19.8289	-0.0045	159.207
-0.0031	69.8409	-19.8293	-0.0045	159.2089
-0.0031	69.8409	-19.8297	-0.0045	159.2107
-0.0031	69.8409	-19.8301	-0.0045	159.2126
-0.0031	69.8409	-19.8305	-0.0045	159.2144
-0.0031	69.8409	-19.8309	-0.0045	159.2163
-0.0031	69.8409	-19.8313	-0.0045	159.2182
-0.0031	69.8409	-19.8317	-0.0045	159.22
-0.0031	69.8409	-19.8321	-0.0045	159.2219
-0.0031	69.8409	-19.8325	-0.0045	159.2237
-0.0031	69.8409	-19.8329	-0.0045	159.2256
-0.0031	69.8409	-19.8333	-0.0045	159.2274
-0.0031	69.8409	-19.8337	-0.0045	159.2292
-0.0031	69.8409	-19.8341	-0.0045	159.2311
-0.0031	69.8409	-19.8345	-0.0045	159.2329
-0.0031	69.8409	-19.8349	-0.0045	159.2347
-0.0031	69.8409	-19.8353	-0.0045	159.2366
-0.0031	69.8409	-19.8357	-0.0045	159.2384
-0.0031	69.8409	-19.8361	-0.0045	159.2402
-0.0031	69.8409	-19.8365	-0.0045	159.242
-0.0031	69.8409	-19.8369	-0.0045	159.2438
-0.0031	69.8409	-19.8373	-0.0045	159.2457
-0.0031	69.8409	-19.8377	-0.0045	159.2475
-0.0031	69.8409	-19.8381	-0.0045	159.2493
-0.0031	69.8409	-19.8384	-0.0045	159.2511
-0.0031	69.8409	-19.8388	-0.0045	159.2529
-0.0031	69.8409	-19.8392	-0.0045	159.2547
-0.0031	69.8409	-19.8396	-0.0045	159.2565
-0.0031	69.8409	-19.84	-0.0045	159.2583
-0.0031	69.8409	-19.8404	-0.0045	159.2601
-0.0031	69.8409	-19.8408	-0.0045	159.2619
-0.0031	69.8409	-19.8412	-0.0045	159.2637
-0.0031	69.8409	-19.8415	-0.0045	159.2654
-0.0031	69.8409	-19.8419	-0.0045	159.2672
-0.0031	69.8409	-19.8423	-0.0045	159.269
-0.0031	69.8409	-19.8427	-0.0045	159.2708
-0.0031	69.8409	-19.8431	-0.0045	159.2726
-0.0031	69.8409	-19.8435	-0.0045	159.2743
-0.0031	69.8409	-19.8438	-0.0045	159.2761
-0.0031	69.8409	-19.8442	-0.0045	159.2779
-0.0031	69.8409	-19.8446	-0.0045	159.2796
-0.0031	69.8409	-19.845	-0.0045	159.2814
-0.0031	69.8409	-19.8454	-0.0045	159.2832
-0.0031	69.8409	-19.8457	-0.0045	159.2849
-0.0031	69.8409	-19.8461	-0.0045	159.2867
-0.0031	69.8409	-19.8465	-0.0045	159.2884
-0.0031	69.8409	-19.8469	-0.0045	159.2902
-0.0031	69.8409	-19.8473	-0.0045	159.2919
-0.0031	69.8409	-19.8476	-0.0045	159.2937
-0.0031	69.8409	-19.848	-0.0045	159.2954
-0.0031	69.8409	-19.8484	-0.0045	159.2971
-0.0031	69.8409	-19.8488	-0.0045	159.2989
-0.0031	69.8409	-19.8491	-0.0045	159.3006
-0.0031	69.8409	-19.8495	-0.0045	159.3023
-0.0031	69.8409	-19.8499	-0.0045	159.3041
-0.0031	69.8409	-19.8502	-0.0045	159.3058
-0.0031	69.8409	-19.8506	-0.0045	159.3075
-0.0031	69.8409	-19.851	-0.0045	159.3092
-0.0031	69.8409	-19.8514	-0.0045	159.3109
-0.0031	69.8409	-19.8517	-0.0045	159.3126
-0.0031	69.8409	-19.8521	-0.0045	159.3144
-0.0031	69.8409	-19.8525	-0.0045	159.3161
-0.0031	69.8409	-19.8528	-0.0045	159.3178
-0.0031	69.8409	-19.8532	-0.0045	159.3195
-0.0031	69.8409	-19.8536	-0.0045	159.3212
-0.0031	69.8409	-19.8539	-0.0045	159.3229
-0.0031	69.8409	-19.8543	-0.0045	159.3246
-0.0031	69.8409	-19.8547	-0.0045	159.3263
-0.0031	69.8409	-19.855	-0.0045	159.328
-0.0031	69.8409	-19.8554	-0.0045	159.3296
-0.0031	69.8409	-19.8558	-0.0045	159.3313
-0.0031	69.8409	-19.8561	-0.0045	159.333
-0.0031	69.8409	-19.8565	-0.0045	159.3347
-0.0031	69.8409	-19.8568	-0.0045	159.3364
-0.0031	69.8409	-19.8572	-0.0045	159.338
-0.0031	69.8409	-19.8576	-0.0045	159.3397
-0.0031	69.8409	-19.8579	-0.0045	159.3414
-0.0031	69.8409	-19.8583	-0.0045	159.3431
-0.0031	69.8409	-19.8586	-0.0045	159.3447
-0.0031	69.8409	-19.859	-0.0045	159.3464
-0.0031	69.8409	-19.8594	-0.0045	159.348
-0.0031	69.8409	-19.8597	-0.0045	159.3497
-0.0031	69.8409	-19.8601	-0.0045	159.3513
-0.0031	69.8409	-19.8604	-0.0045	159.353
-0.0031	69.8409	-19.8608	-0.0045	159.3546
-0.0031	69.8409	-19.8611	-0.0045	159.3563
-0.0031	69.8409	-19.8615	-0.0045	159.3579
-0.0031	69.8409	-19.8619	-0.0045	159.3596
-0.0031	69.8409	-19.8622	-0.0045	159.3612
-0.0031	69.8409	-19.8626	-0.0045	159.3629
-0.0031	69.8409	-19.8629	-0.0045	159.3645
-0.0031	69.8409	-19.8633	-0.0045	159.3661
-0.0031	69.8409	-19.8636	-0.0045	159.3677
-0.0031	69.8409	-19.864	-0.0045	159.3694
-0.0031	69.8409	-19.8643	-0.0045	159.371
-0.0031	69.8409	-19.8647	-0.0045	159.3726
-0.0031	69.8409	-19.865	-0.0045	159.3742
-0.0031	69.8409	-19.8654	-0.0045	159.3758
-0.0031	69.8409	-19.8657	-0.0045	159.3775
-0.0031	69.8409	-19.8661	-0.0045	159.3791
-0.0031	69.8409	-19.8664	-0.0045	159.3807
-0.0031	69.8409	-19.8667	-0.0045	159.3823
-0.0031	69.8409	-19.8671	-0.0045	159.3839
-0.0031	69.8409	-19.8674	-0.0045	159.3855
-0.0031	69.8409	-19.8678	-0.0045	159.3871
-0.0031	69.8409	-19.8681	-0.0045	159.3887
-0.0031	69.8409	-19.8685	-0.0045	159.3903
-0.0031	69.8409	-19.8688	-0.0045	159.3919
-0.0031	69.8409	-19.8692	-0.0045	159.3934
-0.0031	69.8409	-19.8695	-0.0045	159.395
-0.0031	69.8409	-19.8698	-0.0045	159.3966
-0.0031	69.8409	-19.8702	-0.0045	159.3982
-0.0031	69.8409	-19.8705	-0.0045	159.3998
-0.0031	69.8409	-19.8709	-0.0045	159.4013
-0.0031	69.8409	-19.8712	-0.0045	159.4029
-0.0031	69.8409	-19.8715	-0.0045	159.4045
-0.0031	69.8409	-19.8719	-0.0045	159.406
-0.0031	69.8409	-19.8722	-0.0045	159.4076
-0.0031	69.8409	-19.8725	-0.0045	159.4092
-0.0031	69.8409	-19.8729	-0.0045	159.4107
-0.0031	69.8409	-19.8732	-0.0045	159.4123
-0.0031	69.8409	-19.8736	-0.0045	159.4138
-0.0031	69.8409	-19.8739	-0.0045	159.4154
-0.0031	69.8409	-19.8742	-0.0045	159.4169
-0.0031	69.8409	-19.8746	-0.0045	159.4185
-0.0031	69.8409	-19.8749	-0.0045	159.42
-0.0031	69.8409	-19.8752	-0.0045	159.4216
-0.0031	69.8409	-19.8756	-0.0045	159.4231
-0.0031	69.8409	-19.8759	-0.0045	159.4246
-0.0031	69.8409	-19.8762	-0.0045	159.4262
-0.0031	69.8409	-19.8765	-0.0045	159.4277
-0.0031	69.8409	-19.8769	-0.0045	159.4292
-0.0031	69.8409	-19.8772	-0.0045	159.4308
-0.0031	69.8409	-19.8775	-0.0045	159.4323
-0.0031	69.8409	-19.8779	-0.0045	159.4338
-0.0031	69.8409	-19.8782	-0.0045	159.4353
-0.0031	69.8409	-19.8785	-0.0045	159.4368
-0.0031	69.8409	-19.8788	-0.0045	159.4384
-0.0031	69.8409	-19.8792	-0.0045	159.4399
-0.0031	69.8409	-19.8795	-0.0045	159.4414
-0.0031	69.8409	-19.8798	-0.0045	159.4429
-0.0031	69.8409	-19.8801	-0.0045	159.4444
-0.0031	69.8409	-19.8805	-0.0045	159.4459
-0.0031	69.8409	-19.8808	-0.0045	159.4474
-0.0031	69.8409	-19.8811	-0.0045	159.4489
-0.0031	69.8409	-19.8814	-0.0045	159.4504
-0.0031	69.8409	-19.8818	-0.0045	159.4519
-0.0031	69.8409	-19.8821	-0.0045	159.4533
-0.0031	69.8409	-19.8824	-0.0045	159.4548
-0.0031	69.8409	-19.8827	-0.0045	159.4563
-0.0031	69.8409	-19.883	-0.0045	159.4578
-0.0031	69.8409	-19.8834	-0.0045	159.4593
-0.0031	69.8409	-19.8837	-0.0045	159.4607
-0.0031	69.8409	-19.884	-0.0045	159.4622
-0.0031	69.8409	-19.8843	-0.0045	159.4637
-0.0031	69.8409	-19.8846	-0.0045	159.4652
-0.0031	69.8409	-19.8849	-0.0045	159.4666
-0.0031	69.8409	-19.8853	-0.0045	159.4681
-0.0031	69.8409	-19.8856	-0.0045	159.4695
-0.0031	69.8409	-19.8859	-0.0045	159.471
-0.0031	69.8409	-19.8862	-0.0045	159.4725
-0.0031	69.8409	-19.8865	-0.0045	159.4739
-0.0031	69.8409	-19.8868	-0.0045	159.4754
-0.0031	69.8409	-19.8871	-0.0045	159.4768
-0.0031	69.8409	-19.8875	-0.0045	159.4783
-0.0031	69.8409	-19.8878	-0.0045	159.4797
-0.0031	69.8409	-19.8881	-0.0045	159.4811
-0.0031	69.8409	-19.8884	-0.0045	159.4826
-0.0031	69.8409	-19.8887	-0.0045	159.484
-0.0031	69.8409	-19.889	-0.0045	159.4854
-0.0031	69.8409	-19.8893	-0.0045	159.4869
-0.0031	69.8409	-19.8896	-0.0045	159.4883
-0.0031	69.8409	-19.8899	-0.0045	159.4897
-0.0031	69.8409	-19.8902	-0.0045	159.4912
-0.0031	69.8409	-19.8905	-0.0045	159.4926
-0.0031	69.8409	-19.8908	-0.0045	159.494
-0.0031	69.8409	-19.8912	-0.0045	159.4954
-0.0031	69.8409	-19.8915	-0.0045	159.4968
-0.0031	69.8409	-19.8918	-0.0045	159.4982
-0.0031	69.8409	-19.8921	-0.0045	159.4996
-0.0031	69.8409	-19.8924	-0.0045	159.5011
-0.0031	69.8409	-19.8927	-0.0045	159.5025
-0.0031	69.8409	-19.893	-0.0045	159.5039
-0.0031	69.8409	-19.8933	-0.0045	159.5053
-0.0031	69.8409	-19.8936	-0.0045	159.5067
-0.0031	69.8409	-19.8939	-0.0045	159.508
-0.0031	69.8409	-19.8942	-0.0045	159.5094
-0.0031	69.8409	-19.8945	-0.0045	159.5108
-0.0031	69.8409	-19.8948	-0.0045	159.5122
-0.0031	69.8409	-19.8951	-0.0045	159.5136
-0.0031	69.8409	-19.8954	-0.0045	159.515
-0.0031	69.8409	-19.8957	-0.0045	159.5164
-0.0031	69.8409	-19.896	-0.0045	159.5177
-0.0031	69.8409	-19.8963	-0.0045	159.5191
-0.0031	69.8409	-19.8966	-0.0045	159.5205
-0.0031	69.8409	-19.8969	-0.0045	159.5218
-0.0031	69.8409	-19.8972	-0.0045	159.5232
-0.0031	69.8409	-19.8974	-0.0045	159.5246
-0.0031	69.8409	-19.8977	-0.0045	159.5259
-0.0031	69.8409	-19.898	-0.0045	159.5273
-0.0031	69.8409	-19.8983	-0.0045	159.5287
-0.0031	69.8409	-19.8986	-0.0045	159.53
-0.0031	69.8409	-19.8989	-0.0045	159.5314
-0.0031	69.8409	-19.8992	-0.0045	159.5327
-0.0031	69.8409	-19.8995	-0.0045	159.5341
-0.0031	69.8409	-19.8998	-0.0045	159.5354
-0.0031	69.8409	-19.9001	-0.0045	159.5367
-0.0031	69.8409	-19.9004	-0.0045	159.5381
-0.0031	69.8409	-19.9006	-0.0045	159.5394
-0.0031	69.8409	-19.9009	-0.0045	159.5408
-0.0031	69.8409	-19.9012	-0.0045	159.5421
-0.0031	69.8409	-19.9015	-0.0045	159.5434
-0.0031	69.8409	-19.9018	-0.0045	159.5448
-0.0031	69.8409	-19.9021	-0.0045	159.5461
-0.0031	69.8409	-19.9024	-0.0045	159.5474
-0.0031	69.8409	-19.9027	-0.0045	159.5487
-0.0031	69.8409	-19.9029	-0.0045	159.55
-0.0031	69.8409	-19.9032	-0.0045	159.5514
-0.0031	69.8409	-19.9035	-0.0045	159.5527
-0.0031	69.8409	-19.9038	-0.0045	159.554
-0.0031	69.8409	-19.9041	-0.0045	159.5553
-0.0031	69.8409	-19.9044	-0.0045	159.5566
-0.0031	69.8409	-19.9046	-0.0045	159.5579
-0.0031	69.8409	-19.9049	-0.0045	159.5592
-0.0031	69.8409	-19.9052	-0.0045	159.5605
-0.0031	69.8409	-19.9055	-0.0045	159.5618
-0.0031	69.8409	-19.9058	-0.0045	159.5631
-0.0031	69.8409	-19.906	-0.0045	159.5644
-0.0031	69.8409	-19.9063	-0.0045	159.5657
-0.0031	69.8409	-19.9066	-0.0045	159.567
-0.0031	69.8409	-19.9069	-0.0045	159.5682
-0.0031	69.8409	-19.9071	-0.0045	159.5695
-0.0031	69.8409	-19.9074	-0.0045	159.5708
-0.0031	69.8409	-19.9077	-0.0045	159.5721
-0.0031	69.8409	-19.908	-0.0045	159.5734
-0.0031	69.8409	-19.9082	-0.0045	159.5746
-0.0031	69.8409	-19.9085	-0.0045	159.5759
-0.0031	69.8409	-19.9088	-0.0045	159.5772
-0.0031	69.8409	-19.9091	-0.0045	159.5784
-0.0031	69.8409	-19.9093	-0.0045	159.5797
-0.0031	69.8409	-19.9096	-0.0045	159.581
-0.0031	69.8409	-19.9099	-0.0045	159.5822
-0.0031	69.8409	-19.9102	-0.0045	159.5835
-0.0031	69.8409	-19.9104	-0.0045	159.5847
-0.0031	69.8409	-19.9107	-0.0045	159.586
-0.0031	69.8409	-19.911	-0.0045	159.5872
-0.0031	69.8409	-19.9112	-0.0045	159.5885
-0.0031	69.8409	-19.9115	-0.0045	159.5897
-0.0031	69.8409	-19.9118	-0.0045	159.591
-0.0031	69.8409	-19.912	-0.0045	159.5922
-0.0031	69.8409	-19.9123	-0.0045	159.5934
-0.0031	69.8409	-19.9126	-0.0045	159.5947
-0.0031	69.8409	-19.9128	-0.0045	159.5959
-0.0031	69.8409	-19.9131	-0.0045	159.5971
-0.0031	69.8409	-19.9134	-0.0045	159.5984
-0.0031	69.8409	-19.9136	-0.0045	159.5996
-0.0031	69.8409	-19.9139	-0.0045	159.6008
-0.0031	69.8409	-19.9142	-0.0045	159.602
-0.0031	69.8409	-19.9144	-0.0045	159.6033
-0.0031	69.8409	-19.9147	-0.0045	159.6045
-0.0031	69.8409	-19.9149	-0.0045	159.6057
-0.0031	69.8409	-19.9152	-0.0045	159.6069
-0.0031	69.8409	-19.9155	-0.0045	159.6081
-0.0031	69.8409	-19.9157	-0.0045	159.6093
-0.0031	69.8409	-19.916	-0.0045	159.6105
-0.0031	69.8409	-19.9162	-0.0045	159.6117
-0.0031	69.8409	-19.9165	-0.0045	159.6129
-0.0031	69.8409	-19.9168	-0.0045	159.6141
-0.0031	69.8409	-19.917	-0.0045	159.6153
-0.0031	69.8409	-19.9173	-0.0045	159.6165
-0.0031	69.8409	-19.9175	-0.0045	159.6177
-0.0031	69.8409	-19.9178	-0.0045	159.6189
-0.0031	69.8409	-19.918	-0.0045	159.6201
-0.0031	69.8409	-19.9183	-0.0045	159.6213
-0.0031	69.8409	-19.9186	-0.0045	159.6224
-0.0031	69.8409	-19.9188	-0.0045	159.6236
-0.0031	69.8409	-19.9191	-0.0045	159.6248
-0.0031	69.8409	-19.9193	-0.0045	159.626
-0.0031	69.8409	-19.9196	-0.0045	159.6271
-0.0031	69.8409	-19.9198	-0.0045	159.6283
-0.0031	69.8409	-19.9201	-0.0045	159.6295
-0.0031	69.8409	-19.9203	-0.0045	159.6306
-0.0031	69.8409	-19.9206	-0.0045	159.6318
-0.0031	69.8409	-19.9208	-0.0045	159.633
-0.0031	69.8409	-19.9211	-0.0045	159.6341
-0.0031	69.8409	-19.9213	-0.0045	159.6353
-0.0031	69.8409	-19.9216	-0.0045	159.6364
-0.0031	69.8409	-19.9218	-0.0045	159.6376
-0.0031	69.8409	-19.9221	-0.0045	159.6387
-0.0031	69.8409	-19.9223	-0.0045	159.6399
-0.0031	69.8409	-19.9226	-0.0045	159.641
-0.0031	69.8409	-19.9228	-0.0045	159.6422
-0.0031	69.8409	-19.9231	-0.0045	159.6433
-0.0031	69.8409	-19.9233	-0.0045	159.6444
-0.0031	69.8409	-19.9235	-0.0045	159.6456
-0.0031	69.8409	-19.9238	-0.0045	159.6467
-0.0031	69.8409	-19.924	-0.0045	159.6478
-0.0031	69.8409	-19.9243	-0.0045	159.649
-0.0031	69.8409	-19.9245	-0.0045	159.6501
-0.0031	69.8409	-19.9248	-0.0045	159.6512
-0.0031	69.8409	-19.925	-0.0045	159.6523
-0.0031	69.8409	-19.9252	-0.0045	159.6535
-0.0031	69.8409	-19.9255	-0.0045	159.6546
-0.0031	69.8409	-19.9257	-0.0045	159.6557
-0.0031	69.8409	-19.926	-0.0045	159.6568
-0.0031	69.8409	-19.9262	-0.0045	159.6579
-0.0031	69.8409	-19.9264	-0.0045	159.659
-0.0031	69.8409	-19.9267	-0.0045	159.6601
-0.0031	69.8409	-19.9269	-0.0045	159.6612
-0.0031	69.8409	-19.9272	-0.0045	159.6623
-0.0031	69.8409	-19.9274	-0.0045	159.6634
-0.0031	69.8409	-19.9276	-0.0045	159.6645
-0.0031	69.8409	-19.9279	-0.0045	159.6656
-0.0031	69.8409	-19.9281	-0.0045	159.6667
-0.0031	69.8409	-19.9283	-0.0045	159.6678
-0.0031	69.8409	-19.9286	-0.0045	159.6689
-0.0031	69.8409	-19.9288	-0.0045	159.67
-0.0031	69.8409	-19.929	-0.0045	159.6711
-0.0031	69.8409	-19.9293	-0.0045	159.6722
-0.0031	69.8409	-19.9295	-0.0045	159.6732
-0.0031	69.8409	-19.9297	-0.0045	159.6743
-0.0031	69.8409	-19.93	-0.0045	159.6754
-0.0031	69.8409	-19.9302	-0.0045	159.6765
-0.0031	69.8409	-19.9304	-0.0045	159.6775
-0.0031	69.8409	-19.9307	-0.0045	159.6786
-0.0031	69.8409	-19.9309	-0.0045	159.6797
-0.0031	69.8409	-19.9311	-0.0045	159.6807
-0.0031	69.8409	-19.9314	-0.0045	159.6818
-0.0031	69.8409	-19.9316	-0.0045	159.6828
-0.0031	69.8409	-19.9318	-0.0045	159.6839
-0.0031	69.8409	-19.932	-0.0045	159.685
-0.0031	69.8409	-19.9323	-0.0045	159.686
-0.0031	69.8409	-19.9325	-0.0045	159.6871
-0.0031	69.8409	-19.9327	-0.0045	159.6881
-0.0031	69.8409	-19.9329	-0.0045	159.6892
-0.0031	69.8409	-19.9332	-0.0045	159.6902
-0.0031	69.8409	-19.9334	-0.0045	159.6912
-0.0031	69.8409	-19.9336	-0.0045	159.6923
-0.0031	69.8409	-19.9338	-0.0045	159.6933
-0.0031	69.8409	-19.9341	-0.0045	159.6943
-0.0031	69.8409	-19.9343	-0.0045	159.6954
-0.0031	69.8409	-19.9345	-0.0045	159.6964
-0.0031	69.8409	-19.9347	-0.0045	159.6974
-0.0031	69.8409	-19.935	-0.0045	159.6985
-0.0031	69.8409	-19.9352	-0.0045	159.6995
-0.0031	69.8409	-19.9354	-0.0045	159.7005
-0.0031	69.8409	-19.9356	-0.0045	159.7015
-0.0031	69.8409	-19.9358	-0.0045	159.7025
-0.0031	69.8409	-19.9361	-0.0045	159.7036
-0.0031	69.8409	-19.9363	-0.0045	159.7046
-0.0031	69.8409	-19.9365	-0.0045	159.7056
-0.0031	69.8409	-19.9367	-0.0045	159.7066
-0.0031	69.8409	-19.9369	-0.0045	159.7076
-0.0031	69.8409	-19.9371	-0.0045	159.7086
-0.0031	69.8409	-19.9374	-0.0045	159.7096
-0.0031	69.8409	-19.9376	-0.0045	159.7106
-0.0031	69.8409	-19.9378	-0.0045	159.7116
-0.0031	69.8409	-19.938	-0.0045	159.7126
-0.0031	69.8409	-19.9382	-0.0045	159.7136
-0.0031	69.8409	-19.9384	-0.0045	159.7146
-0.0031	69.8409	-19.9386	-0.0045	159.7156
-0.0031	69.8409	-19.9389	-0.0045	159.7166
-0.0031	69.8409	-19.9391	-0.0045	159.7175
-0.0031	69.8409	-19.9393	-0.0045	159.7185
-0.0031	69.8409	-19.9395	-0.0045	159.7195
-0.0031	69.8409	-19.9397	-0.0045	159.7205
-0.0031	69.8409	-19.9399	-0.0045	159.7215
-0.0031	69.8409	-19.9401	-0.0045	159.7224
-0.0031	69.8409	-19.9403	-0.0045	159.7234
-0.0031	69.8409	-19.9405	-0.0045	159.7244
-0.0031	69.8409	-19.9408	-0.0045	159.7253
-0.0031	69.8409	-19.941	-0.0045	159.7263
-0.0031	69.8409	-19.9412	-0.0045	159.7273
-0.0031	69.8409	-19.9414	-0.0045	159.7282
-0.0031	69.8409	-19.9416	-0.0045	159.7292
-0.0031	69.8409	-19.9418	-0.0045	159.7301
-0.0031	69.8409	-19.942	-0.0045	159.7311
-0.0031	69.8409	-19.9422	-0.0045	159.732
-0.0031	69.8409	-19.9424	-0.0045	159.733
-0.0031	69.8409	-19.9426	-0.0045	159.7339
-0.0031	69.8409	-19.9428	-0.0045	159.7349
-0.0031	69.8409	-19.943	-0.0045	159.7358
-0.0031	69.8409	-19.9432	-0.0045	159.7368
-0.0031	69.8409	-19.9434	-0.0045	159.7377
-0.0031	69.8409	-19.9436	-0.0045	159.7386
-0.0031	69.8409	-19.9438	-0.0045	159.7396
-0.0031	69.8409	-19.944	-0.0045	159.7405
-0.0031	69.8409	-19.9442	-0.0045	159.7414
-0.0031	69.8409	-19.9444	-0.0045	159.7424
-0.0031	69.8409	-19.9446	-0.0045	159.7433
-0.0031	69.8409	-19.9448	-0.0045	159.7442
-0.0031	69.8409	-19.945	-0.0045	159.7451
-0.0031	69.8409	-19.9452	-0.0045	159.7461
-0.0031	69.8409	-19.9454	-0.0045	159.747
-0.0031	69.8409	-19.9456	-0.0045	159.7479
-0.0031	69.8409	-19.9458	-0.0045	159.7488
-0.0031	69.8409	-19.946	-0.0045	159.7497
-0.0031	69.8409	-19.9462	-0.0045	159.7506
-0.0031	69.8409	-19.9464	-0.0045	159.7515
-0.0031	69.8409	-19.9466	-0.0045	159.7525
-0.0031	69.8409	-19.9468	-0.0045	159.7534
-0.0031	69.8409	-19.947	-0.0045	159.7543
-0.0031	69.8409	-19.9472	-0.0045	159.7552
-0.0031	69.8409	-19.9474	-0.0045	159.7561
-0.0031	69.8409	-19.9476	-0.0045	159.7569
-0.0031	69.8409	-19.9478	-0.0045	159.7578
-0.0031	69.8409	-19.948	-0.0045	159.7587
-0.0031	69.8409	-19.9481	-0.0045	159.7596
-0.0031	69.8409	-19.9483	-0.0045	159.7605
-0.0031	69.8409	-19.9485	-0.0045	159.7614
-0.0031	69.8409	-19.9487	-0.0045	159.7623
-0.0031	69.8409	-19.9489	-0.0045	159.7632
-0.0031	69.8409	-19.9491	-0.0045	159.764
-0.0031	69.8409	-19.9493	-0.0045	159.7649
-0.0031	69.8409	-19.9495	-0.0045	159.7658
-0.0031	69.8409	-19.9497	-0.0045	159.7667
-0.0031	69.8409	-19.9499	-0.0045	159.7675
-0.0031	69.8409	-19.95	-0.0045	159.7684
-0.0031	69.8409	-19.9502	-0.0045	159.7693
-0.0031	69.8409	-19.9504	-0.0045	159.7701
-0.0031	69.8409	-19.9506	-0.0045	159.771
-0.0031	69.8409	-19.9508	-0.0045	159.7718
-0.0031	69.8409	-19.951	-0.0045	159.7727
-0.0031	69.8409	-19.9512	-0.0045	159.7736
-0.0031	69.8409	-19.9513	-0.0045	159.7744
-0.0031	69.8409	-19.9515	-0.0045	159.7753
-0.0031	69.8409	-19.9517	-0.0045	159.7761
-0.0031	69.8409	-19.9519	-0.0045	159.777
-0.0031	69.8409	-19.9521	-0.0045	159.7778
-0.0031	69.8409	-19.9523	-0.0045	159.7787
-0.0031	69.8409	-19.9524	-0.0045	159.7795
-0.0031	69.8409	-19.9526	-0.0045	159.7803
-0.0031	69.8409	-19.9528	-0.0045	159.7812
-0.0031	69.8409	-19.953	-0.0045	159.782
-0.0031	69.8409	-19.9532	-0.0045	159.7828
-0.0031	69.8409	-19.9533	-0.0045	159.7837
-0.0031	69.8409	-19.9535	-0.0045	159.7845
-0.0031	69.8409	-19.9537	-0.0045	159.7853
-0.0031	69.8409	-19.9539	-0.0045	159.7862
-0.0031	69.8409	-19.954	-0.0045	159.787
-0.0031	69.8409	-19.9542	-0.0045	159.7878
-0.0031	69.8409	-19.9544	-0.0045	159.7886
-0.0031	69.8409	-19.9546	-0.0045	159.7894
-0.0031	69.8409	-19.9548	-0.0045	159.7903
-0.0031	69.8409	-19.9549	-0.0045	159.7911
-0.0031	69.8409	-19.9551	-0.0045	159.7919
-0.0031	69.8409	-19.9553	-0.0045	159.7927
-0.0031	69.8409	-19.9555	-0.0045	159.7935
-0.0031	69.8409	-19.9556	-0.0045	159.7943
-0.0031	69.8409	-19.9558	-0.0045	159.7951
-0.0031	69.8409	-19.956	-0.0045	159.7959
-0.0031	69.8409	-19.9561	-0.0045	159.7967
-0.0031	69.8409	-19.9563	-0.0045	159.7975
-0.0031	69.8409	-19.9565	-0.0045	159.7983
-0.0031	69.8409	-19.9567	-0.0045	159.7991
-0.0031	69.8409	-19.9568	-0.0045	159.7999
-0.0031	69.8409	-19.957	-0.0045	159.8007
-0.0031	69.8409	-19.9572	-0.0045	159.8015
-0.0031	69.8409	-19.9573	-0.0045	159.8022
-0.0031	69.8409	-19.9575	-0.0045	159.803
-0.0031	69.8409	-19.9577	-0.0045	159.8038
-0.0031	69.8409	-19.9578	-0.0045	159.8046
-0.0031	69.8409	-19.958	-0.0045	159.8054
-0.0031	69.8409	-19.9582	-0.0045	159.8061
-0.0031	69.8409	-19.9583	-0.0045	159.8069
-0.0031	69.8409	-19.9585	-0.0045	159.8077
-0.0031	69.8409	-19.9587	-0.0045	159.8085
-0.0031	69.8409	-19.9588	-0.0045	159.8092
-0.0031	69.8409	-19.959	-0.0045	159.81
-0.0031	69.8409	-19.9592	-0.0045	159.8108
-0.0031	69.8409	-19.9593	-0.0045	159.8115
-0.0031	69.8409	-19.9595	-0.0045	159.8123
-0.0031	69.8409	-19.9597	-0.0045	159.813
-0.0031	69.8409	-19.9598	-0.0045	159.8138
-0.0031	69.8409	-19.96	-0.0045	159.8145
-0.0031	69.8409	-19.9602	-0.0045	159.8153
-0.0031	69.8409	-19.9603	-0.0045	159.816
-0.0031	69.8409	-19.9605	-0.0045	159.8168
-0.0031	69.8409	-19.9606	-0.0045	159.8175
-0.0031	69.8409	-19.9608	-0.0045	159.8183
-0.0031	69.8409	-19.961	-0.0045	159.819
-0.0031	69.8409	-19.9611	-0.0045	159.8198
-0.0031	69.8409	-19.9613	-0.0045	159.8205
-0.0031	69.8409	-19.9614	-0.0045	159.8212
-0.0031	69.8409	-19.9616	-0.0045	159.822
-0.0031	69.8409	-19.9618	-0.0045	159.8227
-0.0031	69.8409	-19.9619	-0.0045	159.8234
-0.0031	69.8409	-19.9621	-0.0045	159.8242
-0.0031	69.8409	-19.9622	-0.0045	159.8249
-0.0031	69.8409	-19.9624	-0.0045	159.8256
-0.0031	69.8409	-19.9625	-0.0045	159.8263
-0.0031	69.8409	-19.9627	-0.0045	159.8271
-0.0031	69.8409	-19.9628	-0.0045	159.8278
-0.0031	69.8409	-19.963	-0.0045	159.8285
-0.0031	69.8409	-19.9632	-0.0045	159.8292
-0.0031	69.8409	-19.9633	-0.0045	159.8299
-0.0031	69.8409	-19.9635	-0.0045	159.8306
-0.0031	69.8409	-19.9636	-0.0045	159.8313
-0.0031	69.8409	-19.9638	-0.0045	159.8321
-0.0031	69.8409	-19.9639	-0.0045	159.8328
-0.0031	69.8409	-19.9641	-0.0045	159.8335
-0.0031	69.8409	-19.9642	-0.0045	159.8342
-0.0031	69.8409	-19.9644	-0.0045	159.8349
-0.0031	69.8409	-19.9645	-0.0045	159.8356
-0.0031	69.8409	-19.9647	-0.0045	159.8363
-0.0031	69.8409	-19.9648	-0.0045	159.837
-0.0031	69.8409	-19.965	-0.0045	159.8376
-0.0031	69.8409	-19.9651	-0.0045	159.8383
-0.0031	69.8409	-19.9653	-0.0045	159.839
-0.0031	69.8409	-19.9654	-0.0045	159.8397
-0.0031	69.8409	-19.9656	-0.0045	159.8404
-0.0031	69.8409	-19.9657	-0.0045	159.8411
-0.0031	69.8409	-19.9659	-0.0045	159.8418
-0.0031	69.8409	-19.966	-0.0045	159.8424
-0.0031	69.8409	-19.9662	-0.0045	159.8431
-0.0031	69.8409	-19.9663	-0.0045	159.8438
-0.0031	69.8409	-19.9664	-0.0045	159.8445
-0.0031	69.8409	-19.9666	-0.0045	159.8451
-0.0031	69.8409	-19.9667	-0.0045	159.8458
-0.0031	69.8409	-19.9669	-0.0045	159.8465
-0.0031	69.8409	-19.967	-0.0045	159.8471
-0.0031	69.8409	-19.9672	-0.0045	159.8478
-0.0031	69.8409	-19.9673	-0.0045	159.8485
-0.0031	69.8409	-19.9675	-0.0045	159.8491
-0.0031	69.8409	-19.9676	-0.0045	159.8498
-0.0031	69.8409	-19.9677	-0.0045	159.8505
-0.0031	69.8409	-19.9679	-0.0045	159.8511
-0.0031	69.8409	-19.968	-0.0045	159.8518
-0.0031	69.8409	-19.9682	-0.0045	159.8524
-0.0031	69.8409	-19.9683	-0.0045	159.8531
-0.0031	69.8409	-19.9684	-0.0045	159.8537
-0.0031	69.8409	-19.9686	-0.0045	159.8544
-0.0031	69.8409	-19.9687	-0.0045	159.855
-0.0031	69.8409	-19.9689	-0.0045	159.8556
-0.0031	69.8409	-19.969	-0.0045	159.8563
-0.0031	69.8409	-19.9691	-0.0045	159.8569
-0.0031	69.8409	-19.9693	-0.0045	159.8576
-0.0031	69.8409	-19.9694	-0.0045	159.8582
-0.0031	69.8409	-19.9695	-0.0045	159.8588
-0.0031	69.8409	-19.9697	-0.0045	159.8595
-0.0031	69.8409	-19.9698	-0.0045	159.8601
-0.0031	69.8409	-19.97	-0.0045	159.8607
-0.0031	69.8409	-19.9701	-0.0045	159.8613
-0.0031	69.8409	-19.9702	-0.0045	159.862
-0.0031	69.8409	-19.9704	-0.0045	159.8626
-0.0031	69.8409	-19.9705	-0.0045	159.8632
-0.0031	69.8409	-19.9706	-0.0045	159.8638
-0.0031	69.8409	-19.9708	-0.0045	159.8644
-0.0031	69.8409	-19.9709	-0.0045	159.8651
-0.0031	69.8409	-19.971	-0.0045	159.8657
-0.0031	69.8409	-19.9712	-0.0045	159.8663
-0.0031	69.8409	-19.9713	-0.0045	159.8669
-0.0031	69.8409	-19.9714	-0.0045	159.8675
-0.0031	69.8409	-19.9716	-0.0045	159.8681
-0.0031	69.8409	-19.9717	-0.0045	159.8687
-0.0031	69.8409	-19.9718	-0.0045	159.8693
-0.0031	69.8409	-19.9719	-0.0045	159.8699
-0.0031	69.8409	-19.9721	-0.0045	159.8705
-0.0031	69.8409	-19.9722	-0.0045	159.8711
-0.0031	69.8409	-19.9723	-0.0045	159.8717
-0.0031	69.8409	-19.9725	-0.0045	159.8723
-0.0031	69.8409	-19.9726	-0.0045	159.8729
-0.0031	69.8409	-19.9727	-0.0045	159.8735
-0.0031	69.8409	-19.9728	-0.0045	159.8741
-0.0031	69.8409	-19.973	-0.0045	159.8747
-0.0031	69.8409	-19.9731	-0.0045	159.8753
-0.0031	69.8409	-19.9732	-0.0045	159.8758
-0.0031	69.8409	-19.9733	-0.0045	159.8764
-0.0031	69.8409	-19.9735	-0.0045	159.877
-0.0031	69.8409	-19.9736	-0.0045	159.8776
-0.0031	69.8409	-19.9737	-0.0045	159.8782
-0.0031	69.8409	-19.9738	-0.0045	159.8787
-0.0031	69.8409	-19.974	-0.0045	159.8793
-0.0031	69.8409	-19.9741	-0.0045	159.8799
-0.0031	69.8409	-19.9742	-0.0045	159.8804
-0.0031	69.8409	-19.9743	-0.0045	159.881
-0.0031	69.8409	-19.9745	-0.0045	159.8816
-0.0031	69.8409	-19.9746	-0.0045	159.8821
-0.0031	69.8409	-19.9747	-0.0045	159.8827
-0.0031	69.8409	-19.9748	-0.0045	159.8833
-0.0031	69.8409	-19.9749	-0.0045	159.8838
-0.0031	69.8409	-19.9751	-0.0045	159.8844
-0.0031	69.8409	-19.9752	-0.0045	159.8849
-0.0031	69.8409	-19.9753	-0.0045	159.8855
-0.0031	69.8409	-19.9754	-0.0045	159.886
-0.0031	69.8409	-19.9755	-0.0045	159.8866
-0.0031	69.8409	-19.9757	-0.0045	159.8871
-0.0031	69.8409	-19.9758	-0.0045	159.8877
-0.0031	69.8409	-19.9759	-0.0045	159.8882
-0.0031	69.8409	-19.976	-0.0045	159.8888
-0.0031	69.8409	-19.9761	-0.0045	159.8893
-0.0031	69.8409	-19.9762	-0.0045	159.8899
-0.0031	69.8409	-19.9764	-0.0045	159.8904
-0.0031	69.8409	-19.9765	-0.0045	159.8909
-0.0031	69.8409	-19.9766	-0.0045	159.8915
-0.0031	69.8409	-19.9767	-0.0045	159.892
-0.0031	69.8409	-19.9768	-0.0045	159.8925
-0.0031	69.8409	-19.9769	-0.0045	159.8931
-0.0031	69.8409	-19.977	-0.0045	159.8936
-0.0031	69.8409	-19.9772	-0.0045	159.8941
-0.0031	69.8409	-19.9773	-0.0045	159.8946
-0.0031	69.8409	-19.9774	-0.0045	159.8952
-0.0031	69.8409	-19.9775	-0.0045	159.8957
-0.0031	69.8409	-19.9776	-0.0045	159.8962
-0.0031	69.8409	-19.9777	-0.0045	159.8967
-0.0031	69.8409	-19.9778	-0.0045	159.8972
-0.0031	69.8409	-19.9779	-0.0045	159.8978
-0.0031	69.8409	-19.9781	-0.0045	159.8983
-0.0031	69.8409	-19.9782	-0.0045	159.8988
-0.0031	69.8409	-19.9783	-0.0045	159.8993
-0.0031	69.8409	-19.9784	-0.0045	159.8998
-0.0031	69.8409	-19.9785	-0.0045	159.9003
-0.0031	69.8409	-19.9786	-0.0045	159.9008
-0.0031	69.8409	-19.9787	-0.0045	159.9013
-0.0031	69.8409	-19.9788	-0.0045	159.9018
-0.0031	69.8409	-19.9789	-0.0045	159.9023
-0.0031	69.8409	-19.979	-0.0045	159.9028
-0.0031	69.8409	-19.9791	-0.0045	159.9033
-0.0031	69.8409	-19.9793	-0.0045	159.9038
-0.0031	69.8409	-19.9794	-0.0045	159.9043
-0.0031	69.8409	-19.9795	-0.0045	159.9048
-0.0031	69.8409	-19.9796	-0.0045	159.9053
-0.0031	69.8409	-19.9797	-0.0045	159.9058
-0.0031	69.8409	-19.9798	-0.0045	159.9063
-0.0031	69.8409	-19.9799	-0.0045	159.9067
-0.0031	69.8409	-19.98	-0.0045	159.9072
-0.0031	69.8409	-19.9801	-0.0045	159.9077
-0.0031	69.8409	-19.9802	-0.0045	159.9082
-0.0031	69.8409	-19.9803	-0.0045	159.9087
-0.0031	69.8409	-19.9804	-0.0045	159.9092
-0.0031	69.8409	-19.9805	-0.0045	159.9096
-0.0031	69.8409	-19.9806	-0.0045	159.9101
-0.0031	69.8409	-19.9807	-0.0045	159.9106
-0.0031	69.8409	-19.9808	-0.0045	159.911
-0.0031	69.8409	-19.9809	-0.0045	159.9115
-0.0031	69.8409	-19.981	-0.0045	159.912
-0.0031	69.8409	-19.9811	-0.0045	159.9124
-0.0031	69.8409	-19.9812	-0.0045	159.9129
-0.0031	69.8409	-19.9813	-0.0045	159.9134
-0.0031	69.8409	-19.9814	-0.0045	159.9138
-0.0031	69.8409	-19.9815	-0.0045	159.9143
-0.0031	69.8409	-19.9816	-0.0045	159.9148
-0.0031	69.8409	-19.9817	-0.0045	159.9152
-0.0031	69.8409	-19.9818	-0.0045	159.9157
-0.0031	69.8409	-19.9819	-0.0045	159.9161
-0.0031	69.8409	-19.982	-0.0045	159.9166
-0.0031	69.8409	-19.9821	-0.0045	159.917
-0.0031	69.8409	-19.9822	-0.0045	159.9175
-0.0031	69.8409	-19.9823	-0.0045	159.9179
-0.0031	69.8409	-19.9824	-0.0045	159.9184
-0.0031	69.8409	-19.9825	-0.0045	159.9188
-0.0031	69.8409	-19.9826	-0.0045	159.9193
-0.0031	69.8409	-19.9827	-0.0045	159.9197
-0.0031	69.8409	-19.9828	-0.0045	159.9201
-0.0031	69.8409	-19.9829	-0.0045	159.9206
-0.0031	69.8409	-19.983	-0.0045	159.921
-0.0031	69.8409	-19.9831	-0.0045	159.9214
-0.0031	69.8409	-19.9831	-0.0045	159.9219
-0.0031	69.8409	-19.9832	-0.0045	159.9223
-0.0031	69.8409	-19.9833	-0.0045	159.9227
-0.0031	69.8409	-19.9834	-0.0045	159.9232
-0.0031	69.8409	-19.9835	-0.0045	159.9236
-0.0031	69.8409	-19.9836	-0.0045	159.924
-0.0031	69.8409	-19.9837	-0.0045	159.9244
-0.0031	69.8409	-19.9838	-0.0045	159.9249
-0.0031	69.8409	-19.9839	-0.0045	159.9253
-0.0031	69.8409	-19.984	-0.0045	159.9257
-0.0031	69.8409	-19.9841	-0.0045	159.9261
-0.0031	69.8409	-19.9842	-0.0045	159.9265
-0.0031	69.8409	-19.9842	-0.0045	159.927
-0.0031	69.8409	-19.9843	-0.0045	159.9274
-0.0031	69.8409	-19.9844	-0.0045	159.9278
-0.0031	69.8409	-19.9845	-0.0045	159.9282
-0.0031	69.8409	-19.9846	-0.0045	159.9286
-0.0031	69.8409	-19.9847	-0.0045	159.929
-0.0031	69.8409	-19.9848	-0.0045	159.9294
-0.0031	69.8409	-19.9849	-0.0045	159.9298
-0.0031	69.8409	-19.9849	-0.0045	159.9302
-0.0031	69.8409	-19.985	-0.0045	159.9306
-0.0031	69.8409	-19.9851	-0.0045	159.931
-0.0031	69.8409	-19.9852	-0.0045	159.9314
-0.0031	69.8409	-19.9853	-0.0045	159.9318
-0.0031	69.8409	-19.9854	-0.0045	159.9322
-0.0031	69.8409	-19.9855	-0.0045	159.9326
-0.0031	69.8409	-19.9855	-0.0045	159.933
-0.0031	69.8409	-19.9856	-0.0045	159.9334
-0.0031	69.8409	-19.9857	-0.0045	159.9338
-0.0031	69.8409	-19.9858	-0.0045	159.9342
-0.0031	69.8409	-19.9859	-0.0045	159.9345
-0.0031	69.8409	-19.986	-0.0045	159.9349
-0.0031	69.8409	-19.986	-0.0045	159.9353
-0.0031	69.8409	-19.9861	-0.0045	159.9357
-0.0031	69.8409	-19.9862	-0.0045	159.9361
-0.0031	69.8409	-19.9863	-0.0045	159.9365
-0.0031	69.8409	-19.9864	-0.0045	159.9368
-0.0031	69.8409	-19.9865	-0.0045	159.9372
-0.0031	69.8409	-19.9865	-0.0045	159.9376
-0.0031	69.8409	-19.9866	-0.0045	159.938
-0.0031	69.8409	-19.9867	-0.0045	159.9383
-0.0031	69.8409	-19.9868	-0.0045	159.9387
-0.0031	69.8409	-19.9869	-0.0045	159.9391
-0.0031	69.8409	-19.9869	-0.0045	159.9394
-0.0031	69.8409	-19.987	-0.0045	159.9398
-0.0031	69.8409	-19.9871	-0.0045	159.9402
-0.0031	69.8409	-19.9872	-0.0045	159.9405
-0.0031	69.8409	-19.9872	-0.0045	159.9409
-0.0031	69.8409	-19.9873	-0.0045	159.9413
-0.0031	69.8409	-19.9874	-0.0045	159.9416
-0.0031	69.8409	-19.9875	-0.0045	159.942
-0.0031	69.8409	-19.9876	-0.0045	159.9423
-0.0031	69.8409	-19.9876	-0.0045	159.9427
-0.0031	69.8409	-19.9877	-0.0045	159.943
-0.0031	69.8409	-19.9878	-0.0045	159.9434
-0.0031	69.8409	-19.9879	-0.0045	159.9437
-0.0031	69.8409	-19.9879	-0.0045	159.9441
-0.0031	69.8409	-19.988	-0.0045	159.9444
-0.0031	69.8409	-19.9881	-0.0045	159.9448
-0.0031	69.8409	-19.9882	-0.0045	159.9451
-0.0031	69.8409	-19.9882	-0.0045	159.9455
-0.0031	69.8409	-19.9883	-0.0045	159.9458
-0.0031	69.8409	-19.9884	-0.0045	159.9461
-0.0031	69.8409	-19.9885	-0.0045	159.9465
-0.0031	69.8409	-19.9885	-0.0045	159.9468
-0.0031	69.8409	-19.9886	-0.0045	159.9472
-0.0031	69.8409	-19.9887	-0.0045	159.9475
-0.0031	69.8409	-19.9887	-0.0045	159.9478
-0.0031	69.8409	-19.9888	-0.0045	159.9482
-0.0031	69.8409	-19.9889	-0.0045	159.9485
-0.0031	69.8409	-19.989	-0.0045	159.9488
-0.0031	69.8409	-19.989	-0.0045	159.9492
-0.0031	69.8409	-19.9891	-0.0045	159.9495
-0.0031	69.8409	-19.9892	-0.0045	159.9498
-0.0031	69.8409	-19.9892	-0.0045	159.9501
-0.0031	69.8409	-19.9893	-0.0045	159.9504
-0.0031	69.8409	-19.9894	-0.0045	159.9508
-0.0031	69.8409	-19.9894	-0.0045	159.9511
-0.0031	69.8409	-19.9895	-0.0045	159.9514
-0.0031	69.8409	-19.9896	-0.0045	159.9517
-0.0031	69.8409	-19.9897	-0.0045	159.952
-0.0031	69.8409	-19.9897	-0.0045	159.9524
-0.0031	69.8409	-19.9898	-0.0045	159.9527
-0.0031	69.8409	-19.9899	-0.0045	159.953
-0.0031	69.8409	-19.9899	-0.0045	159.9533
-0.0031	69.8409	-19.99	-0.0045	159.9536
-0.0031	69.8409	-19.9901	-0.0045	159.9539
-0.0031	69.8409	-19.9901	-0.0045	159.9542
-0.0031	69.8409	-19.9902	-0.0045	159.9545
-0.0031	69.8409	-19.9903	-0.0045	159.9548
-0.0031	69.8409	-19.9903	-0.0045	159.9551
-0.0031	69.8409	-19.9904	-0.0045	159.9554
-0.0031	69.8409	-19.9905	-0.0045	159.9557
-0.0031	69.8409	-19.9905	-0.0045	159.956
-0.0031	69.8409	-19.9906	-0.0045	159.9563
-0.0031	69.8409	-19.9906	-0.0045	159.9566
-0.0031	69.8409	-19.9907	-0.0045	159.9569
-0.0031	69.8409	-19.9908	-0.0045	159.9572
-0.0031	69.8409	-19.9908	-0.0045	159.9575
-0.0031	69.8409	-19.9909	-0.0045	159.9578
-0.0031	69.8409	-19.991	-0.0045	159.9581
-0.0031	69.8409	-19.991	-0.0045	159.9584
-0.0031	69.8409	-19.9911	-0.0045	159.9587
-0.0031	69.8409	-19.9911	-0.0045	159.9589
-0.0031	69.8409	-19.9912	-0.0045	159.9592
-0.0031	69.8409	-19.9913	-0.0045	159.9595
-0.0031	69.8409	-19.9913	-0.0045	159.9598
-0.0031	69.8409	-19.9914	-0.0045	159.9601
-0.0031	69.8409	-19.9914	-0.0045	159.9604
-0.0031	69.8409	-19.9915	-0.0045	159.9606
-0.0031	69.8409	-19.9916	-0.0045	159.9609
-0.0031	69.8409	-19.9916	-0.0045	159.9612
-0.0031	69.8409	-19.9917	-0.0045	159.9615
-0.0031	69.8409	-19.9917	-0.0045	159.9617
-0.0031	69.8409	-19.9918	-0.0045	159.962
-0.0031	69.8409	-19.9919	-0.0045	159.9623
-0.0031	69.8409	-19.9919	-0.0045	159.9625
-0.0031	69.8409	-19.992	-0.0045	159.9628
-0.0031	69.8409	-19.992	-0.0045	159.9631
-0.0031	69.8409	-19.9921	-0.0045	159.9633
-0.0031	69.8409	-19.9921	-0.0045	159.9636
-0.0031	69.8409	-19.9922	-0.0045	159.9639
-0.0031	69.8409	-19.9923	-0.0045	159.9641
-0.0031	69.8409	-19.9923	-0.0045	159.9644
-0.0031	69.8409	-19.9924	-0.0045	159.9646
-0.0031	69.8409	-19.9924	-0.0045	159.9649
-0.0031	69.8409	-19.9925	-0.0045	159.9652
-0.0031	69.8409	-19.9925	-0.0045	159.9654
-0.0031	69.8409	-19.9926	-0.0045	159.9657
-0.0031	69.8409	-19.9926	-0.0045	159.9659
-0.0031	69.8409	-19.9927	-0.0045	159.9662
-0.0031	69.8409	-19.9928	-0.0045	159.9664
-0.0031	69.8409	-19.9928	-0.0045	159.9667
-0.0031	69.8409	-19.9929	-0.0045	159.9669
-0.0031	69.8409	-19.9929	-0.0045	159.9672
-0.0031	69.8409	-19.993	-0.0045	159.9674
-0.0031	69.8409	-19.993	-0.0045	159.9677
-0.0031	69.8409	-19.9931	-0.0045	159.9679
-0.0031	69.8409	-19.9931	-0.0045	159.9681
-0.0031	69.8409	-19.9932	-0.0045	159.9684
-0.0031	69.8409	-19.9932	-0.0045	159.9686
-0.0031	69.8409	-19.9933	-0.0045	159.9689
-0.0031	69.8409	-19.9933	-0.0045	159.9691
-0.0031	69.8409	-19.9934	-0.0045	159.9693
-0.0031	69.8409	-19.9934	-0.0045	159.9696
-0.0031	69.8409	-19.9935	-0.0045	159.9698
-0.0031	69.8409	-19.9935	-0.0045	159.97
-0.0031	69.8409	-19.9936	-0.0045	159.9703
-0.0031	69.8409	-19.9936	-0.0045	159.9705
-0.0031	69.8409	-19.9937	-0.0045	159.9707
-0.0031	69.8409	-19.9937	-0.0045	159.971
-0.0031	69.8409	-19.9938	-0.0045	159.9712
-0.0031	69.8409	-19.9938	-0.0045	159.9714
-0.0031	69.8409	-19.9939	-0.0045	159.9716
-0.0031	69.8409	-19.9939	-0.0045	159.9719
-0.0031	69.8409	-19.994	-0.0045	159.9721
-0.0031	69.8409	-19.994	-0.0045	159.9723
-0.0031	69.8409	-19.9941	-0.0045	159.9725
-0.0031	69.8409	-19.9941	-0.0045	159.9727
-0.0031	69.8409	-19.9942	-0.0045	159.973
-0.0031	69.8409	-19.9942	-0.0045	159.9732
-0.0031	69.8409	-19.9943	-0.0045	159.9734
-0.0031	69.8409	-19.9943	-0.0045	159.9736
-0.0031	69.8409	-19.9944	-0.0045	159.9738
-0.0031	69.8409	-19.9944	-0.0045	159.974
-0.0031	69.8409	-19.9944	-0.0045	159.9742
-0.0031	69.8409	-19.9945	-0.0045	159.9745
-0.0031	69.8409	-19.9945	-0.0045	159.9747
-0.0031	69.8409	-19.9946	-0.0045	159.9749
-0.0031	69.8409	-19.9946	-0.0045	159.9751
-0.0031	69.8409	-19.9947	-0.0045	159.9753
-0.0031	69.8409	-19.9947	-0.0045	159.9755
-0.0031	69.8409	-19.9948	-0.0045	159.9757
-0.0031	69.8409	-19.9948	-0.0045	159.9759
-0.0031	69.8409	-19.9948	-0.0045	159.9761
-0.0031	69.8409	-19.9949	-0.0045	159.9763
-0.0031	69.8409	-19.9949	-0.0045	159.9765
-0.0031	69.8409	-19.995	-0.0045	159.9767
-0.0031	69.8409	-19.995	-0.0045	159.9769
-0.0031	69.8409	-19.9951	-0.0045	159.9771
-0.0031	69.8409	-19.9951	-0.0045	159.9773
-0.0031	69.8409	-19.9951	-0.0045	159.9775
-0.0031	69.8409	-19.9952	-0.0045	159.9777
-0.0031	69.8409	-19.9952	-0.0045	159.9779
-0.0031	69.8409	-19.9953	-0.0045	159.978
-0.0031	69.8409	-19.9953	-0.0045	159.9782
-0.0031	69.8409	-19.9953	-0.0045	159.9784
-0.0031	69.8409	-19.9954	-0.0045	159.9786
-0.0031	69.8409	-19.9954	-0.0045	159.9788
-0.0031	69.8409	-19.9955	-0.0045	159.979
-0.0031	69.8409	-19.9955	-0.0045	159.9792
-0.0031	69.8409	-19.9955	-0.0045	159.9793
-0.0031	69.8409	-19.9956	-0.0045	159.9795
-0.0031	69.8409	-19.9956	-0.0045	159.9797
-0.0031	69.8409	-19.9957	-0.0045	159.9799
-0.0031	69.8409	-19.9957	-0.0045	159.9801
-0.0031	69.8409	-19.9957	-0.0045	159.9802
-0.0031	69.8409	-19.9958	-0.0045	159.9804
-0.0031	69.8409	-19.9958	-0.0045	159.9806
-0.0031	69.8409	-19.9959	-0.0045	159.9808
-0.0031	69.8409	-19.9959	-0.0045	159.9809
-0.0031	69.8409	-19.9959	-0.0045	159.9811
-0.0031	69.8409	-19.996	-0.0045	159.9813
-0.0031	69.8409	-19.996	-0.0045	159.9815
-0.0031	69.8409	-19.996	-0.0045	159.9816
-0.0031	69.8409	-19.9961	-0.0045	159.9818
-0.0031	69.8409	-19.9961	-0.0045	159.982
-0.0031	69.8409	-19.9961	-0.0045	159.9821
-0.0031	69.8409	-19.9962	-0.0045	159.9823
-0.0031	69.8409	-19.9962	-0.0045	159.9825
-0.0031	69.8409	-19.9963	-0.0045	159.9826
-0.0031	69.8409	-19.9963	-0.0045	159.9828
-0.0031	69.8409	-19.9963	-0.0045	159.9829
-0.0031	69.8409	-19.9964	-0.0045	159.9831
-0.0031	69.8409	-19.9964	-0.0045	159.9833
-0.0031	69.8409	-19.9964	-0.0045	159.9834
-0.0031	69.8409	-19.9965	-0.0045	159.9836
-0.0031	69.8409	-19.9965	-0.0045	159.9837
-0.0031	69.8409	-19.9965	-0.0045	159.9839
-0.0031	69.8409	-19.9966	-0.0045	159.984
-0.0031	69.8409	-19.9966	-0.0045	159.9842
-0.0031	69.8409	-19.9966	-0.0045	159.9843
-0.0031	69.8409	-19.9967	-0.0045	159.9845
-0.0031	69.8409	-19.9967	-0.0045	159.9846
-0.0031	69.8409	-19.9967	-0.0045	159.9848
-0.0031	69.8409	-19.9968	-0.0045	159.9849
-0.0031	69.8409	-19.9968	-0.0045	159.9851
-0.0031	69.8409	-19.9968	-0.0045	159.9852
-0.0031	69.8409	-19.9968	-0.0045	159.9854
-0.0031	69.8409	-19.9969	-0.0045	159.9855
-0.0031	69.8409	-19.9969	-0.0045	159.9857
-0.0031	69.8409	-19.9969	-0.0045	159.9858
-0.0031	69.8409	-19.997	-0.0045	159.986
-0.0031	69.8409	-19.997	-0.0045	159.9861
-0.0031	69.8409	-19.997	-0.0045	159.9862
-0.0031	69.8409	-19.9971	-0.0045	159.9864
-0.0031	69.8409	-19.9971	-0.0045	159.9865
-0.0031	69.8409	-19.9971	-0.0045	159.9867
-0.0031	69.8409	-19.9972	-0.0045	159.9868
-0.0031	69.8409	-19.9972	-0.0045	159.9869
-0.0031	69.8409	-19.9972	-0.0045	159.9871
-0.0031	69.8409	-19.9972	-0.0045	159.9872
-0.0031	69.8409	-19.9973	-0.0045	159.9873
-0.0031	69.8409	-19.9973	-0.0045	159.9875
-0.0031	69.8409	-19.9973	-0.0045	159.9876
-0.0031	69.8409	-19.9974	-0.0045	159.9877
-0.0031	69.8409	-19.9974	-0.0045	159.9878
-0.0031	69.8409	-19.9974	-0.0045	159.988
-0.0031	69.8409	-19.9974	-0.0045	159.9881
-0.0031	69.8409	-19.9975	-0.0045	159.9882
-0.0031	69.8409	-19.9975	-0.0045	159.9884
-0.0031	69.8409	-19.9975	-0.0045	159.9885
-0.0031	69.8409	-19.9975	-0.0045	159.9886
-0.0031	69.8409	-19.9976	-0.0045	159.9887
-0.0031	69.8409	-19.9976	-0.0045	159.9888
-0.0031	69.8409	-19.9976	-0.0045	159.989
-0.0031	69.8409	-19.9976	-0.0045	159.9891
-0.0031	69.8409	-19.9977	-0.0045	159.9892
-0.0031	69.8409	-19.9977	-0.0045	159.9893
-0.0031	69.8409	-19.9977	-0.0045	159.9894
-0.0031	69.8409	-19.9977	-0.0045	159.9896
-0.0031	69.8409	-19.9978	-0.0045	159.9897
-0.0031	69.8409	-19.9978	-0.0045	159.9898
-0.0031	69.8409	-19.9978	-0.0045	159.9899
-0.0031	69.8409	-19.9978	-0.0045	159.99
-0.0031	69.8409	-19.9979	-0.0045	159.9901
-0.0031	69.8409	-19.9979	-0.0045	159.9902
-0.0031	69.8409	-19.9979	-0.0045	159.9904
-0.0031	69.8409	-19.9979	-0.0045	159.9905
-0.0031	69.8409	-19.998	-0.0045	159.9906
-0.0031	69.8409	-19.998	-0.0045	159.9907
-0.0031	69.8409	-19.998	-0.0045	159.9908
-0.0031	69.8409	-19.998	-0.0045	159.9909
-0.0031	69.8409	-19.9981	-0.0045	159.991
-0.0031	69.8409	-19.9981	-0.0045	159.9911
-0.0031	69.8409	-19.9981	-0.0045	159.9912
-0.0031	69.8409	-19.9981	-0.0045	159.9913
-0.0031	69.8409	-19.9981	-0.0045	159.9914
-0.0031	69.8409	-19.9982	-0.0045	159.9915
-0.0031	69.8409	-19.9982	-0.0045	159.9916
-0.0031	69.8409	-19.9982	-0.0045	159.9917
-0.0031	69.8409	-19.9982	-0.0045	159.9918
-0.0031	69.8409	-19.9983	-0.0045	159.9919
-0.0031	69.8409	-19.9983	-0.0045	159.992
-0.0031	69.8409	-19.9983	-0.0045	159.9921
-0.0031	69.8409	-19.9983	-0.0045	159.9922
-0.0031	69.8409	-19.9983	-0.0045	159.9923
-0.0031	69.8409	-19.9984	-0.0045	159.9924
-0.0031	69.8409	-19.9984	-0.0045	159.9925
-0.0031	69.8409	-19.9984	-0.0045	159.9926
-0.0031	69.8409	-19.9984	-0.0045	159.9927
-0.0031	69.8409	-19.9984	-0.0045	159.9928
-0.0031	69.8409	-19.9985	-0.0045	159.9929
-0.0031	69.8409	-19.9985	-0.0045	159.993
-0.0031	69.8409	-19.9985	-0.0045	159.993
-0.0031	69.8409	-19.9985	-0.0045	159.9931
-0.0031	69.8409	-19.9985	-0.0045	159.9932
-0.0031	69.8409	-19.9986	-0.0045	159.9933
-0.0031	69.8409	-19.9986	-0.0045	159.9934
-0.0031	69.8409	-19.9986	-0.0045	159.9935
-0.0031	69.8409	-19.9986	-0.0045	159.9936
-0.0031	69.8409	-19.9986	-0.0045	159.9937
-0.0031	69.8409	-19.9986	-0.0045	159.9937
-0.0031	69.8409	-19.9987	-0.0045	159.9938
-0.0031	69.8409	-19.9987	-0.0045	159.9939
-0.0031	69.8409	-19.9987	-0.0045	159.994
-0.0031	69.8409	-19.9987	-0.0045	159.9941
-0.0031	69.8409	-19.9987	-0.0045	159.9941
-0.0031	69.8409	-19.9988	-0.0045	159.9942
-0.0031	69.8409	-19.9988	-0.0045	159.9943
-0.0031	69.8409	-19.9988	-0.0045	159.9944
-0.0031	69.8409	-19.9988	-0.0045	159.9945
-0.0031	69.8409	-19.9988	-0.0045	159.9945
-0.0031	69.8409	-19.9988	-0.0045	159.9946
-0.0031	69.8409	-19.9989	-0.0045	159.9947
-0.0031	69.8409	-19.9989	-0.0045	159.9948
-0.0031	69.8409	-19.9989	-0.0045	159.9948
-0.0031	69.8409	-19.9989	-0.0045	159.9949
-0.0031	69.8409	-19.9989	-0.0045	159.995
-0.0031	69.8409	-19.9989	-0.0045	159.995
-0.0031	69.8409	-19.9989	-0.0045	159.9951
-0.0031	69.8409	-19.999	-0.0045	159.9952
-0.0031	69.8409	-19.999	-0.0045	159.9953
-0.0031	69.8409	-19.999	-0.0045	159.9953
-0.0031	69.8409	-19.999	-0.0045	159.9954
-0.0031	69.8409	-19.999	-0.0045	159.9955
-0.0031	69.8409	-19.999	-0.0045	159.9955
-0.0031	69.8409	-19.9991	-0.0045	159.9956
-0.0031	69.8409	-19.9991	-0.0045	159.9957
-0.0031	69.8409	-19.9991	-0.0045	159.9957
-0.0031	69.8409	-19.9991	-0.0045	159.9958
-0.0031	69.8409	-19.9991	-0.0045	159.9959
-0.0031	69.8409	-19.9991	-0.0045	159.9959
-0.0031	69.8409	-19.9991	-0.0045	159.996
-0.0031	69.8409	-19.9991	-0.0045	159.996
-0.0031	69.8409	-19.9992	-0.0045	159.9961
-0.0031	69.8409	-19.9992	-0.0045	159.9962
-0.0031	69.8409	-19.9992	-0.0045	159.9962
-0.0031	69.8409	-19.9992	-0.0045	159.9963
-0.0031	69.8409	-19.9992	-0.0045	159.9963
-0.0031	69.8409	-19.9992	-0.0045	159.9964
-0.0031	69.8409	-19.9992	-0.0045	159.9965
-0.0031	69.8409	-19.9992	-0.0045	159.9965
-0.0031	69.8409	-19.9993	-0.0045	159.9966
-0.0031	69.8409	-19.9993	-0.0045	159.9966
-0.0031	69.8409	-19.9993	-0.0045	159.9967
-0.0031	69.8409	-19.9993	-0.0045	159.9967
-0.0031	69.8409	-19.9993	-0.0045	159.9968
-0.0031	69.8409	-19.9993	-0.0045	159.9968
-0.0031	69.8409	-19.9993	-0.0045	159.9969
-0.0031	69.8409	-19.9993	-0.0045	159.9969
-0.0031	69.8409	-19.9994	-0.0045	159.997
-0.0031	69.8409	-19.9994	-0.0045	159.9971
-0.0031	69.8409	-19.9994	-0.0045	159.9971
-0.0031	69.8409	-19.9994	-0.0045	159.9972
-0.0031	69.8409	-19.9994	-0.0045	159.9972
-0.0031	69.8409	-19.9994	-0.0045	159.9972
-0.0031	69.8409	-19.9994	-0.0045	159.9973
-0.0031	69.8409	-19.9994	-0.0045	159.9973
-0.0031	69.8409	-19.9994	-0.0045	159.9974
-0.0031	69.8409	-19.9994	-0.0045	159.9974
-0.0031	69.8409	-19.9995	-0.0045	159.9975
-0.0031	69.8409	-19.9995	-0.0045	159.9975
-0.0031	69.8409	-19.9995	-0.0045	159.9976
-0.0031	69.8409	-19.9995	-0.0045	159.9976
-0.0031	69.8409	-19.9995	-0.0045	159.9977
-0.0031	69.8409	-19.9995	-0.0045	159.9977
-0.0031	69.8409	-19.9995	-0.0045	159.9977
-0.0031	69.8409	-19.9995	-0.0045	159.9978
-0.0031	69.8409	-19.9995	-0.0045	159.9978
-0.0031	69.8409	-19.9995	-0.0045	159.9979
-0.0031	69.8409	-19.9996	-0.0045	159.9979
-0.0031	69.8409	-19.9996	-0.0045	159.998
-0.0031	69.8409	-19.9996	-0.0045	159.998
-0.0031	69.8409	-19.9996	-0.0045	159.998
-0.0031	69.8409	-19.9996	-0.0045	159.9981
-0.0031	69.8409	-19.9996	-0.0045	159.9981
-0.0031	69.8409	-19.9996	-0.0045	159.9981
-0.0031	69.8409	-19.9996	-0.0045	159.9982
-0.0031	69.8409	-19.9996	-0.0045	159.9982
-0.0031	69.8409	-19.9996	-0.0045	159.9983
-0.0031	69.8409	-19.9996	-0.0045	159.9983
-0.0031	69.8409	-19.9996	-0.0045	159.9983
-0.0031	69.8409	-19.9996	-0.0045	159.9984
-0.0031	69.8409	-19.9997	-0.0045	159.9984
-0.0031	69.8409	-19.9997	-0.0045	159.9984
-0.0031	69.8409	-19.9997	-0.0045	159.9985
-0.0031	69.8409	-19.9997	-0.0045	159.9985
-0.0031	69.8409	-19.9997	-0.0045	159.9985
-0.0031	69.8409	-19.9997	-0.0045	159.9986
-0.0031	69.8409	-19.9997	-0.0045	159.9986
-0.0031	69.8409	-19.9997	-0.0045	159.9986
-0.0031	69.8409	-19.9997	-0.0045	159.9987
-0.0031	69.8409	-19.9997	-0.0045	159.9987
-0.0031	69.8409	-19.9997	-0.0045	159.9987
-0.0031	69.8409	-19.9997	-0.0045	159.9987
-0.0031	69.8409	-19.9997	-0.0045	159.9988
-0.0031	69.8409	-19.9997	-0.0045	159.9988
-0.0031	69.8409	-19.9997	-0.0045	159.9988
-0.0031	69.8409	-19.9998	-0.0045	159.9989
-0.0031	69.8409	-19.9998	-0.0045	159.9989
-0.0031	69.8409	-19.9998	-0.0045	159.9989
-0.0031	69.8409	-19.9998	-0.0045	159.9989
-0.0031	69.8409	-19.9998	-0.0045	159.999
-0.0031	69.8409	-19.9998	-0.0045	159.999
-0.0031	69.8409	-19.9998	-0.0045	159.999
-0.0031	69.8409	-19.9998	-0.0045	159.999
-0.0031	69.8409	-19.9998	-0.0045	159.9991
-0.0031	69.8409	-19.9998	-0.0045	159.9991
-0.0031	69.8409	-19.9998	-0.0045	159.9991
-0.0031	69.8409	-19.9998	-0.0045	159.9991
-0.0031	69.8409	-19.9998	-0.0045	159.9991
-0.0031	69.8409	-19.9998	-0.0045	159.9992
-0.0031	69.8409	-19.9998	-0.0045	159.9992
-0.0031	69.8409	-19.9998	-0.0045	159.9992
-0.0031	69.8409	-19.9998	-0.0045	159.9992
-0.0031	69.8409	-19.9998	-0.0045	159.9993
-0.0031	69.8409	-19.9998	-0.0045	159.9993
-0.0031	69.8409	-19.9998	-0.0045	159.9993
-0.0031	69.8409	-19.9999	-0.0045	159.9993
-0.0031	69.8409	-19.9999	-0.0045	159.9993
-0.0031	69.8409	-19.9999	-0.0045	159.9994
-0.0031	69.8409	-19.9999	-0.0045	159.9994
-0.0031	69.8409	-19.9999	-0.0045	159.9994
-0.0031	69.8409	-19.9999	-0.0045	159.9994
-0.0031	69.8409	-19.9999	-0.0045	159.9994
-0.0031	69.8409	-19.9999	-0.0045	159.9994
-0.0031	69.8409	-19.9999	-0.0045	159.9995
-0.0031	69.8409	-19.9999	-0.0045	159.9995
-0.0031	69.8409	-19.9999	-0.0045	159.9995
-0.0031	69.8409	-19.9999	-0.0045	159.9995
-0.0031	69.8409	-19.9999	-0.0045	159.9995
-0.0031	69.8409	-19.9999	-0.0045	159.9995
-0.0031	69.8409	-19.9999	-0.0045	159.9996
-0.0031	69.8409	-19.9999	-0.0045	159.9996
-0.0031	69.8409	-19.9999	-0.0045	159.9996
-0.0031	69.8409	-19.9999	-0.0045	159.9996
-0.0031	69.8409	-19.9999	-0.0045	159.9996
-0.0031	69.8409	-19.9999	-0.0045	159.9996
-0.0031	69.8409	-19.9999	-0.0045	159.9996
-0.0031	69.8409	-19.9999	-0.0045	159.9996
-0.0031	69.8409	-19.9999	-0.0045	159.9997
-0.0031	69.8409	-19.9999	-0.0045	159.9997
-0.0031	69.8409	-19.9999	-0.0045	159.9997
-0.0031	69.8409	-19.9999	-0.0045	159.9997
-0.0031	69.8409	-19.9999	-0.0045	159.9997
-0.0031	69.8409	-19.9999	-0.0045	159.9997
-0.0031	69.8409	-19.9999	-0.0045	159.9997
-0.0031	69.8409	-19.9999	-0.0045	159.9997
-0.0031	69.8409	-19.9999	-0.0045	159.9997
-0.0031	69.8409	-19.9999	-0.0045	159.9998
-0.0031	69.8409	-19.9999	-0.0045	159.9998
-0.0031	69.8409	-20	-0.0045	159.9998
-0.0031	69.8409	-20	-0.0045	159.9998
-0.0031	69.8409	-20	-0.0045	159.9998
-0.0031	69.8409	-20	-0.0045	159.9998
-0.0031	69.8409	-20	-0.0045	159.9998
-0.0031	69.8409	-20	-0.0045	159.9998
-0.0031	69.8409	-20	-0.0045	159.9998
-0.0031	69.8409	-20	-0.0045	159.9998
-0.0031	69.8409	-20	-0.0045	159.9998
-0.0031	69.8409	-20	-0.0045	159.9998
-0.0031	69.8409	-20	-0.0045	159.9999
-0.0031	69.8409	-20	-0.0045	159.9999
-0.0031	69.8409	-20	-0.0045	159.9999
-0.0031	69.8409	-20	-0.0045	159.9999
-0.0031	69.8409	-20	-0.0045	159.9999
-0.0031	69.8409	-20	-0.0045	159.9999
-0.0031	69.8409	-20	-0.0045	159.9999
-0.0031	69.8409	-20	-0.0045	159.9999
-0.0031	69.8409	-20	-0.0045	159.9999
-0.0031	69.8409	-20	-0.0045	159.9999
-0.0031	69.8409	-20	-0.0045	159.9999
-0.0031	69.8409	-20	-0.0045	159.9999
-0.0031	69.8409	-20	-0.0045	159.9999
-0.0031	69.8409	-20	-0.0045	159.9999
-0.0031	69.8409	-20	-0.0045	159.9999
-0.0031	69.8409	-20	-0.0045	159.9999
-0.0031	69.8409	-20	-0.0045	159.9999
-0.0031	69.8409	-20	-0.0045	159.9999
-0.0031	69.8409	-20	-0.0045	159.9999
-0.0031	69.8409	-20	-0.0045	160
-0.0031	69.8409	-20	-0.0045	160
-0.0031	69.8409	-20	-0.0045	160
-0.0031	69.8409	-20	-0.0045	160
-0.0031	69.8409	-20	-0.0045	160
-0.0031	69.8409	-20	-0.0045	160
-0.0031	69.8409	-20	-0.0045	160
-0.0031	69.8409	-20	-0.0045	160
-0.0031	69.8409	-20	-0.0045	160
-0.0031	69.8409	-20	-0.0045	160
-0.0031	69.8409	-20	-0.0045	160
-0.0031	69.8409	-20	-0.0045	160
-0.0031	69.8409	-20	-0.0045	160
-0.0031	69.8409	-20	-0.0045	160
-0.0031	69.8409	-20	-0.0045	160
-0.0031	69.8409	-20	-0.0045	160
-0.0031	69.8409	-20	-0.0045	160
-0.0031	69.8409	-20	-0.0045	160
-0.0031	69.8409	-20	-0.0045	160
-0.0031	69.8409	-20	-0.0045	160
-0.0031	69.8409	-20	-0.0045	160
-0.0031	69.8409	-20	-0.0045	160
-0.0031	69.8409	-20	-0.0045	160
-0.0031	69.8409	-20	-0.0045	160
-0.0031	69.8409	-20	-0.0045	160
-0.0031	69.8409	-20	-0.0045	160
-0.0031	69.8409	-20	-0.0045	160
-0.0031	69.8409	-20	-0.0045	160
-0.0031	69.8409	-20	-0.0045	160
-0.0031	69.8409	-20	-0.0045	160
-0.0031	69.8409	-20	-0.0045	160
-0.0031	69.8409	-20	-0.0045	160
-0.0031	69.8409	-20	-0.0045	160
-0.0031	69.8409	-20	-0.0045	160
-0.0031	69.8409	-20	-0.0045	160
-0.0031	69.8409	-20	-0.0045	160
-0.0031	69.8409	-20	-0.0045	160
-0.0031	69.8409	-20	-0.0045	160
-0.0031	69.8409	-20	-0.0045	160
-0.0031	69.8409	-20	-0.0045	160
-0.0031	69.8409	-20	-0.0045	160
-0.0031	69.8409	-20	-0.0045	160
-0.0031	69.8409	-20	-0.0045	160
-0.0031	69.8409	-20	-0.0045	160
-0.0031	69.8409	-20	-0.0045	160